Session Time,GPS Fix Quality,Number of Satellites,GPS Date & Time,Latitude (deg),Longitude (deg),GPS Altitude (feet),Ground Speed (knots),Ground Track (deg),Mag Var (deg),Cross Track Error (NM),Destination Waypoint ID,Range to Destination (NM),Bearing to Destination (deg),System Time,Pitch (deg),Roll (deg),Magnetic Heading (deg),Indicated Airspeed (knots),Pressure Altitude (ft),Turn Rate (deg/s),Lateral Accel (g),Vertical Accel(g),Angle of Attack (%),Vertical Speed (ft/min),OAT (deg C),True Airspeed (knots),Barometer Setting (inHg),Density Altitude (ft),Wind Direction (deg),Wind Speed (knots),Heading Bug (deg),Altitude Bug (ft),Airspeed Bug (knots),Vertical Speed Bug (ft/min),Course (deg),CDI Source Type,CDI Source Port,CDI Scale (NM),CDI Deflection (%),Glideslope (%),AP Engaged,AP Roll Mode,AP Roll Force,AP Roll Position (steps),AP Roll Slip (bool),AP Pitch Force,AP Pitch Position (steps),AP Pitch Slip (bool),AP Yaw Force,AP Yaw Position,AP Yaw Slip (bool),Transponder Status,Transponder Reply (bool),Transponder Identing (bool),Transponder Code (octal),Oil Pressure (PSI),Oil Temp (deg C),RPM L,RPM R,Manifold Pressure (inHg),Fuel Flow 1 (gal/hr),Fuel Flow 2 (gal/hr),Total Fuel Flow (gal/hr),Fuel Pressure (PSI),Fuel Level L (gal),Fuel Level R (gal),Fuel Remaining (gal),Volts 1,Volts 2,Amps,Hobbs Time,Tach Time,Thermocouple 1 (deg C),Thermocouple 2 (deg C),Thermocouple 3 (deg C),Thermocouple 4 (deg C),CHT 4 (deg C),EGT 4 (deg C),CHT 3 (deg C),EGT 3 (deg C),CHT 2 (deg C),EGT 2 (deg C),CHT 1 (deg C),EGT 1 (deg C),Thermocouple 13 (deg C),Thermocouple 14 (deg C),ELEV POSITION (%),CO PPM PRESSURE (PSI),GP Input 3,FUEL PRESSURE (PSI),AILERN POSITION (%),CANOPY CONTACT (V),GP Input 7,GP Input 8,LEFT LEVEL (Sensor V),RIGHT LEVEL (Sensor V),OIL PRESSURE (PSI),OIL TEMPERATURE (deg C),GP Input 13,Contacts,Percent Power,EGT Leaning State,Unnamed: 103,OAT (deg F),Oil Temp (deg F),Thermocouple 1 (deg F),Thermocouple 2 (deg F),Thermocouple 3 (deg F),Thermocouple 4 (deg F),CHT 4 (deg F),EGT 4 (deg F),CHT 3 (deg F),EGT 3 (deg F),CHT 2 (deg F),EGT 2 (deg F),CHT 1 (deg F),EGT 1 (deg F),Thermocouple 13 (deg F),Thermocouple 14 (deg F),OIL TEMPERATURE (deg F),RPM,AVG_CHT,CHT_Delta_T,OIL_Delta_T,Fuel Flow Integral,Distance Traveled,MPG,CAS (knots),Corrected TAS (knots),Max CHT,Engine Run,Flight ID
1.06,1,8,2026-09-05 19:08:19,37.08183,-121.59982,471.0,0.1,114.0,-12.6,0.0,,0.0,0.0,0.0,10.7,-1.1,40.4,0.0,271.0,0.1,-0.02,1.0,0.0,-85.0,26,0.0,29.88,1663.0,0.0,0.0,106,0.0,128.0,600.0,0.0,0.0,0.0,0.0,0.0,0.0,0.0,0.0,0.0,0.0,0.0,0.0,0.0,0.0,0.0,0.0,0.0,0.0,0.0,0.0,0.0,0.0,0.0,0.0,0.0,0.0,0.0,0.0,0.0,0.0,0.0,0.0,15.8,0.0,0.0,-0.7,40.2,35.1,0.0,0.0,0.0,0.0,21.0,22.0,21.0,23.0,21.0,22.0,22.0,23.0,0.0,0.0,-33.0,254.5,0.0,0.0,2.0,4.998,0.0,0.0,1.36,1.553,0.0,0.0,0.0,0.0,0.0,,0.0,78.8,0.0,0.0,0.0,0.0,0.0,69.8,71.6,69.8,73.4,69.8,71.6,71.6,73.4,0.0,0.0,0.0,0.0,70.25,-8.549999999999997,-78.8,0.0,0.0,0.0,0.48,0.49,392.0,True,2026-09-05 12:08:19-07:00
2.06,1,8,2026-09-05 19:08:20,37.08183,-121.59982,442.0,0.0,114.0,-12.6,0.0,,0.0,0.0,0.0,10.7,-1.2,40.4,0.0,269.0,0.1,-0.02,1.0,0.0,-99.0,26,0.0,29.88,1663.0,0.0,0.0,106,0.0,128.0,600.0,0.0,0.0,0.0,0.0,0.0,0.0,0.0,0.0,0.0,0.0,0.0,0.0,0.0,0.0,0.0,0.0,0.0,0.0,0.0,0.0,0.0,0.0,0.0,0.0,0.0,0.0,0.0,0.0,0.0,0.0,0.0,0.0,15.8,0.0,0.0,-0.7,40.2,35.1,0.0,0.0,0.0,0.0,21.0,22.0,21.0,23.0,21.0,22.0,22.0,23.0,0.0,0.0,-33.0,254.5,0.0,0.0,2.0,4.998,0.0,0.0,1.36,1.553,0.0,0.0,0.0,0.0,0.0,,0.0,78.8,0.0,0.0,0.0,0.0,0.0,69.8,71.6,69.8,73.4,69.8,71.6,71.6,73.4,0.0,0.0,0.0,0.0,70.25,-8.549999999999997,-78.8,0.0,0.08433333333333333,0.0,0.48,0.49,392.0,True,2026-09-05 12:08:19-07:00
3.06,1,8,2026-09-05 19:08:21,37.08184,-121.59983,449.0,0.0,114.0,-12.6,0.0,,0.0,0.0,0.0,10.8,-1.2,40.3,0.0,267.0,0.1,-0.02,1.0,0.0,-107.0,26,0.0,29.88,1663.0,0.0,0.0,106,0.0,128.0,600.0,0.0,0.0,0.0,0.0,0.0,0.0,0.0,0.0,0.0,0.0,0.0,0.0,0.0,0.0,0.0,0.0,0.0,0.0,0.0,0.0,0.0,0.0,0.0,0.0,0.0,0.0,0.0,0.0,0.0,0.0,0.0,0.0,15.8,0.0,0.0,-0.7,40.2,35.1,0.0,0.0,0.0,0.0,21.0,22.0,21.0,23.0,21.0,22.0,22.0,23.0,0.0,0.0,-33.0,254.5,0.0,0.0,2.0,4.998,0.0,0.0,1.36,1.555,0.0,20.1,0.0,0.0,0.0,,0.0,78.8,0.0,0.0,0.0,0.0,0.0,69.8,71.6,69.8,73.4,69.8,71.6,71.6,73.4,0.0,0.0,68.18,0.0,70.25,-8.549999999999997,-10.61999999999999,0.0,0.08433333333333333,0.0,0.48,0.49,392.0,True,2026-09-05 12:08:19-07:00
4.06,1,8,2026-09-05 19:08:22,37.08165,-121.59965,456.0,0.0,114.0,-12.6,0.0,,0.0,0.0,0.0,10.7,-1.2,40.3,0.0,265.0,0.1,-0.02,1.0,0.0,-115.0,26,0.0,29.88,1656.0,0.0,0.0,106,0.0,128.0,600.0,0.0,0.0,0.0,0.0,0.0,0.0,0.0,0.0,0.0,0.0,0.0,0.0,0.0,0.0,0.0,0.0,0.0,0.0,0.0,0.0,0.0,0.0,0.0,0.0,0.0,0.0,0.0,0.0,0.0,0.0,0.0,0.0,15.8,0.0,0.0,-0.7,40.2,35.1,0.0,0.0,0.0,0.0,21.0,22.0,21.0,23.0,21.0,22.0,22.0,23.0,0.0,0.0,-33.0,254.5,0.0,0.0,2.0,4.998,0.0,0.0,1.36,1.554,0.0,20.0,0.0,0.0,0.0,,0.0,78.8,0.0,0.0,0.0,0.0,0.0,69.8,71.6,69.8,73.4,69.8,71.6,71.6,73.4,0.0,0.0,68.0,0.0,70.25,-8.549999999999997,-10.799999999999997,0.0,0.08433333333333333,0.0,0.48,0.49,392.0,True,2026-09-05 12:08:19-07:00
5.06,1,7,2026-09-05 19:08:23,37.08165,-121.59965,298.0,0.0,114.0,-12.6,0.0,,0.0,0.0,0.0,10.7,-1.2,40.3,0.0,263.0,0.1,-0.02,1.0,99.0,-122.0,26,0.0,29.88,1656.0,0.0,0.0,106,0.0,0.0,0.0,0.0,0.0,0.0,0.0,0.0,0.0,0.0,0.0,0.0,0.0,0.0,0.0,0.0,0.0,0.0,0.0,0.0,0.0,0.0,0.0,0.0,0.0,20.0,0.0,0.0,30.0,0.0,0.0,0.0,0.0,0.0,0.0,15.8,0.0,0.0,-0.7,40.2,35.1,0.0,0.0,0.0,0.0,21.0,22.0,21.0,23.0,21.0,22.0,22.0,23.0,0.0,0.0,-33.0,254.5,0.0,0.0,2.0,4.998,0.0,0.0,1.36,1.554,0.0,20.0,0.0,0.0,0.0,,0.0,78.8,68.0,0.0,0.0,0.0,0.0,69.8,71.6,69.8,73.4,69.8,71.6,71.6,73.4,0.0,0.0,68.0,0.0,70.25,-8.549999999999997,-10.799999999999997,0.0,0.08433333333333333,0.0,0.48,0.49,392.0,True,2026-09-05 12:08:19-07:00
6.06,1,7,2026-09-05 19:08:24,37.08165,-121.59965,299.0,0.0,114.0,-12.6,0.0,,0.0,0.0,0.0,10.7,-1.2,40.3,0.0,261.0,0.1,-0.02,1.0,99.0,-109.0,26,0.0,29.88,1656.0,0.0,0.0,106,0.0,0.0,0.0,0.0,0.0,0.0,0.0,0.0,0.0,0.0,0.0,0.0,0.0,0.0,0.0,0.0,0.0,0.0,0.0,0.0,0.0,0.0,0.0,0.0,0.0,20.0,0.0,0.0,30.0,0.0,0.0,0.0,0.0,0.0,0.0,15.8,0.0,0.0,-0.7,40.2,35.1,0.0,0.0,0.0,0.0,21.0,22.0,21.0,23.0,21.0,22.0,21.0,23.0,0.0,0.0,-33.0,254.5,0.0,0.0,2.0,4.998,0.0,0.0,1.36,1.554,0.0,20.0,0.0,0.0,0.0,,0.0,78.8,68.0,0.0,0.0,0.0,0.0,69.8,71.6,69.8,73.4,69.8,71.6,69.8,73.4,0.0,0.0,68.0,0.0,69.8,-9.0,-10.799999999999997,0.0,0.08433333333333333,0.0,0.48,0.49,392.0,True,2026-09-05 12:08:19-07:00
7.06,1,7,2026-09-05 19:08:25,37.08165,-121.59965,300.0,0.0,114.0,-12.6,0.0,,0.0,0.0,0.0,10.7,-1.2,40.3,0.0,258.0,0.1,-0.02,1.0,99.0,-139.0,26,0.0,29.88,1649.0,0.0,0.0,106,0.0,0.0,0.0,0.0,0.0,0.0,0.0,0.0,0.0,0.0,0.0,0.0,0.0,0.0,0.0,0.0,0.0,0.0,0.0,0.0,0.0,0.0,0.0,0.0,0.0,20.0,0.0,0.0,30.0,0.0,0.0,0.0,0.0,0.0,0.0,15.8,0.0,0.0,-0.7,40.2,35.1,0.0,0.0,0.0,0.0,21.0,22.0,21.0,23.0,21.0,22.0,22.0,23.0,0.0,0.0,-33.0,254.5,0.0,0.0,2.0,4.998,0.0,0.0,1.36,1.554,0.0,19.9,0.0,0.0,0.0,,0.0,78.8,68.0,0.0,0.0,0.0,0.0,69.8,71.6,69.8,73.4,69.8,71.6,71.6,73.4,0.0,0.0,67.82,0.0,70.25,-8.549999999999997,-10.980000000000004,0.0,0.08433333333333333,0.0,0.48,0.49,392.0,True,2026-09-05 12:08:19-07:00
8.06,1,7,2026-09-05 19:08:26,37.08166,-121.59965,301.0,0.0,114.0,-12.6,0.0,,0.0,0.0,0.0,10.7,-1.2,40.3,0.0,257.0,0.1,-0.02,1.0,99.0,-121.0,26,0.0,29.88,1649.0,0.0,0.0,106,0.0,0.0,0.0,0.0,0.0,0.0,0.0,0.0,0.0,0.0,0.0,0.0,0.0,0.0,0.0,0.0,0.0,0.0,0.0,0.0,0.0,0.0,0.0,0.0,0.0,20.0,0.0,0.0,30.0,0.0,0.0,0.0,0.0,0.0,0.0,15.8,0.0,0.0,-0.7,40.2,35.1,0.0,0.0,0.0,0.0,21.0,22.0,21.0,23.0,21.0,22.0,21.0,23.0,0.0,0.0,-33.0,254.5,0.0,0.0,2.0,4.998,0.0,0.0,1.36,1.554,0.0,19.9,0.0,0.0,0.0,,0.0,78.8,68.0,0.0,0.0,0.0,0.0,69.8,71.6,69.8,73.4,69.8,71.6,69.8,73.4,0.0,0.0,67.82,0.0,69.8,-9.0,-10.980000000000004,0.0,0.08433333333333333,0.0,0.48,0.49,392.0,True,2026-09-05 12:08:19-07:00
9.06,1,7,2026-09-05 19:08:27,37.08166,-121.59966,301.0,0.0,114.0,-12.6,0.0,,0.0,0.0,0.0,10.7,-1.2,40.3,0.0,256.0,0.1,-0.02,1.0,99.0,-92.0,26,0.0,29.88,1649.0,0.0,0.0,106,0.0,0.0,0.0,0.0,0.0,0.0,0.0,0.0,0.0,0.0,0.0,0.0,0.0,0.0,0.0,0.0,0.0,0.0,0.0,0.0,0.0,0.0,0.0,0.0,0.0,20.0,0.0,0.0,30.0,0.0,0.0,0.0,0.0,0.0,0.0,15.8,0.0,0.0,-0.7,40.2,35.1,0.0,0.0,0.0,0.0,21.0,22.0,21.0,23.0,21.0,22.0,21.0,23.0,0.0,0.0,-33.0,254.5,0.0,0.0,2.0,4.998,0.0,0.0,1.36,1.554,0.0,19.9,0.0,0.0,0.0,,0.0,78.8,68.0,0.0,0.0,0.0,0.0,69.8,71.6,69.8,73.4,69.8,71.6,69.8,73.4,0.0,0.0,67.82,0.0,69.8,-9.0,-10.980000000000004,0.0,0.08433333333333333,0.0,0.48,0.49,392.0,True,2026-09-05 12:08:19-07:00
10.06,1,7,2026-09-05 19:08:28,37.08166,-121.59966,302.0,0.0,114.0,-12.6,0.0,,0.0,0.0,0.0,10.7,-1.2,40.3,0.0,254.0,0.1,-0.02,1.0,99.0,-73.0,26,0.0,29.88,1651.0,0.0,0.0,106,0.0,0.0,0.0,0.0,0.0,0.0,0.0,0.0,0.0,0.0,0.0,0.0,0.0,0.0,0.0,0.0,0.0,0.0,0.0,0.0,0.0,0.0,0.0,0.0,0.0,20.0,0.0,0.0,30.0,0.0,0.0,0.0,0.0,0.0,0.0,15.8,0.0,0.0,-0.7,40.2,35.1,0.0,0.0,0.0,0.0,21.0,22.0,21.0,23.0,21.0,22.0,21.0,23.0,0.0,0.0,-33.0,254.5,0.0,0.0,2.0,4.998,0.0,0.0,1.36,1.554,0.0,19.9,0.0,0.0,0.0,,0.0,78.8,68.0,0.0,0.0,0.0,0.0,69.8,71.6,69.8,73.4,69.8,71.6,69.8,73.4,0.0,0.0,67.82,0.0,69.8,-9.0,-10.980000000000004,0.0,0.08433333333333333,0.0,0.48,0.49,392.0,True,2026-09-05 12:08:19-07:00
11.06,1,7,2026-09-05 19:08:29,37.08166,-121.59966,302.0,0.0,114.0,-12.6,0.0,,0.0,0.0,0.0,10.7,-1.2,40.3,0.0,254.0,0.1,-0.02,1.0,99.0,-42.0,26,0.0,29.88,1651.0,0.0,0.0,106,0.0,0.0,0.0,0.0,0.0,0.0,0.0,0.0,0.0,0.0,0.0,0.0,0.0,0.0,0.0,0.0,0.0,0.0,0.0,0.0,0.0,0.0,0.0,0.0,0.0,20.0,0.0,0.0,30.0,0.0,0.0,0.0,0.0,0.0,0.0,15.8,0.0,0.0,-0.7,40.2,35.1,0.0,0.0,0.0,0.0,21.0,22.0,21.0,23.0,21.0,22.0,21.0,23.0,0.0,0.0,-33.0,254.4,0.0,0.0,2.0,4.998,0.0,0.0,1.36,1.554,0.0,19.9,0.0,0.0,0.0,,0.0,78.8,68.0,0.0,0.0,0.0,0.0,69.8,71.6,69.8,73.4,69.8,71.6,69.8,73.4,0.0,0.0,67.82,0.0,69.8,-9.0,-10.980000000000004,0.0,0.08433333333333333,0.0,0.48,0.49,392.0,True,2026-09-05 12:08:19-07:00
12.06,1,8,2026-09-05 19:08:30,37.08181,-121.59982,431.0,0.0,114.0,-12.6,0.0,,0.0,0.0,0.0,10.7,-1.2,40.3,0.0,253.0,0.1,-0.02,1.0,99.0,-44.0,26,0.0,29.88,1651.0,0.0,0.0,106,0.0,0.0,0.0,0.0,0.0,0.0,0.0,0.0,0.0,0.0,0.0,0.0,0.0,0.0,0.0,0.0,0.0,0.0,0.0,0.0,0.0,0.0,0.0,0.0,0.0,20.0,0.0,0.0,30.0,0.0,0.0,0.0,0.0,0.0,0.0,15.8,0.0,0.0,-0.7,40.2,35.1,0.0,0.0,0.0,0.0,21.0,22.0,21.0,23.0,21.0,22.0,22.0,23.0,0.0,0.0,-33.0,254.4,0.0,0.0,2.0,4.998,0.0,0.0,1.36,1.554,0.0,19.9,0.0,0.0,0.0,,0.0,78.8,68.0,0.0,0.0,0.0,0.0,69.8,71.6,69.8,73.4,69.8,71.6,71.6,73.4,0.0,0.0,67.82,0.0,70.25,-8.549999999999997,-10.980000000000004,0.0,0.08433333333333333,0.0,0.48,0.49,392.0,True,2026-09-05 12:08:19-07:00
13.06,1,8,2026-09-05 19:08:31,37.08181,-121.59981,426.0,0.0,114.0,-12.6,0.0,,0.0,0.0,0.0,10.8,-1.2,40.3,0.0,252.0,0.1,-0.02,1.0,99.0,-57.0,26,0.0,29.88,1651.0,0.0,0.0,106,0.0,0.0,0.0,0.0,0.0,0.0,0.0,0.0,0.0,0.0,0.0,0.0,0.0,0.0,0.0,0.0,0.0,0.0,0.0,0.0,0.0,0.0,0.0,0.0,0.0,20.0,0.0,0.0,30.0,0.0,0.0,0.0,0.0,0.0,0.0,15.8,0.0,0.0,-0.7,40.2,35.1,0.0,0.0,0.0,0.0,21.0,23.0,21.0,23.0,21.0,23.0,22.0,23.0,0.0,0.0,-33.0,254.4,0.0,0.0,2.0,4.998,0.0,0.0,1.36,1.554,0.0,19.9,0.0,0.0,0.0,,0.0,78.8,68.0,0.0,0.0,0.0,0.0,69.8,73.4,69.8,73.4,69.8,73.4,71.6,73.4,0.0,0.0,67.82,0.0,70.25,-8.549999999999997,-10.980000000000004,0.0,0.08433333333333333,0.0,0.48,0.49,392.0,True,2026-09-05 12:08:19-07:00
14.06,1,8,2026-09-05 19:08:32,37.08181,-121.5998,422.0,0.0,114.0,-12.6,0.0,,0.0,0.0,0.0,10.8,-1.2,40.3,0.0,251.0,0.1,-0.02,1.0,99.0,-55.0,26,0.0,29.88,1651.0,0.0,0.0,106,0.0,0.0,0.0,0.0,0.0,0.0,0.0,0.0,0.0,0.0,0.0,0.0,0.0,0.0,0.0,0.0,0.0,0.0,0.0,0.0,0.0,0.0,0.0,0.0,0.0,20.0,0.0,0.0,30.0,0.0,0.0,0.0,0.0,0.0,0.0,15.8,0.0,0.0,-0.7,40.2,35.1,0.0,0.0,0.0,0.0,21.0,22.0,21.0,23.0,21.0,22.0,22.0,23.0,0.0,0.0,-33.0,254.4,0.0,0.0,2.0,4.998,0.0,0.0,1.36,1.554,0.0,19.8,0.0,0.0,0.0,,0.0,78.8,68.0,0.0,0.0,0.0,0.0,69.8,71.6,69.8,73.4,69.8,71.6,71.6,73.4,0.0,0.0,67.64,0.0,70.25,-8.549999999999997,-11.159999999999997,0.0,0.08433333333333333,0.0,0.48,0.49,392.0,True,2026-09-05 12:08:19-07:00
15.06,1,8,2026-09-05 19:08:33,37.0818,-121.5998,419.0,0.0,114.0,-12.6,0.0,,0.0,0.0,0.0,10.8,-1.2,40.3,0.0,249.0,0.1,-0.02,1.0,99.0,-92.0,26,0.0,29.88,1651.0,0.0,0.0,106,0.0,0.0,0.0,0.0,0.0,0.0,0.0,0.0,0.0,0.0,0.0,0.0,0.0,0.0,0.0,0.0,0.0,0.0,0.0,0.0,0.0,0.0,0.0,0.0,0.0,20.0,0.0,0.0,30.0,0.0,0.0,0.0,0.0,0.0,0.0,15.8,0.0,0.0,-0.7,40.2,35.1,0.0,0.0,0.0,0.0,21.0,22.0,21.0,23.0,21.0,22.0,22.0,23.0,0.0,0.0,-33.0,254.4,0.0,0.0,2.0,4.998,0.0,0.0,1.36,1.554,0.0,19.8,0.0,0.0,0.0,,0.0,78.8,68.0,0.0,0.0,0.0,0.0,69.8,71.6,69.8,73.4,69.8,71.6,71.6,73.4,0.0,0.0,67.64,0.0,70.25,-8.549999999999997,-11.159999999999997,0.0,0.08433333333333333,0.0,0.48,0.49,392.0,True,2026-09-05 12:08:19-07:00
16.06,1,8,2026-09-05 19:08:34,37.08179,-121.59979,413.0,0.0,114.0,-12.6,0.0,,0.0,0.0,0.0,10.8,-1.2,40.2,0.0,247.0,0.1,-0.02,1.0,99.0,-95.0,26,0.0,29.88,1644.0,0.0,0.0,106,0.0,0.0,0.0,0.0,0.0,0.0,0.0,0.0,0.0,0.0,0.0,0.0,0.0,0.0,0.0,0.0,0.0,0.0,0.0,0.0,0.0,0.0,0.0,0.0,0.0,20.0,0.0,0.0,30.0,0.0,0.0,0.0,0.0,0.0,0.0,15.8,0.0,0.0,-0.7,40.2,35.1,0.0,0.0,0.0,0.0,21.0,22.0,21.0,23.0,21.0,22.0,22.0,23.0,0.0,0.0,-33.0,254.4,0.0,0.0,2.0,4.998,0.0,0.0,1.36,1.554,0.0,19.8,0.0,0.0,0.0,,0.0,78.8,68.0,0.0,0.0,0.0,0.0,69.8,71.6,69.8,73.4,69.8,71.6,71.6,73.4,0.0,0.0,67.64,0.0,70.25,-8.549999999999997,-11.159999999999997,0.0,0.08433333333333333,0.0,0.48,0.49,392.0,True,2026-09-05 12:08:19-07:00
17.06,1,8,2026-09-05 19:08:35,37.08179,-121.59978,408.0,0.0,114.0,-12.6,0.0,,0.0,0.0,0.0,10.8,-1.2,40.3,0.0,247.0,0.1,-0.02,1.0,99.0,-49.0,26,0.0,29.88,1644.0,0.0,0.0,106,0.0,0.0,0.0,0.0,0.0,0.0,0.0,0.0,0.0,0.0,0.0,0.0,0.0,0.0,0.0,0.0,0.0,0.0,0.0,0.0,0.0,0.0,0.0,0.0,0.0,20.0,0.0,0.0,30.0,0.0,0.0,0.0,0.0,0.0,0.0,15.8,0.0,0.0,-0.7,40.2,35.1,0.0,0.0,0.0,0.0,21.0,22.0,21.0,23.0,21.0,22.0,22.0,23.0,0.0,0.0,-33.0,254.4,0.0,0.0,2.0,4.998,0.0,0.0,1.36,1.554,0.0,19.8,0.0,0.0,0.0,,0.0,78.8,68.0,0.0,0.0,0.0,0.0,69.8,71.6,69.8,73.4,69.8,71.6,71.6,73.4,0.0,0.0,67.64,0.0,70.25,-8.549999999999997,-11.159999999999997,0.0,0.08433333333333333,0.0,0.48,0.49,392.0,True,2026-09-05 12:08:19-07:00
18.06,1,8,2026-09-05 19:08:36,37.08178,-121.59978,403.0,0.0,114.0,-12.6,0.0,,0.0,0.0,0.0,10.8,-1.1,40.2,0.0,246.0,0.1,-0.02,1.0,99.0,-55.0,26,0.0,29.88,1644.0,0.0,0.0,106,0.0,0.0,0.0,0.0,0.0,0.0,0.0,0.0,0.0,0.0,0.0,0.0,0.0,0.0,0.0,0.0,0.0,0.0,0.0,0.0,0.0,0.0,0.0,0.0,0.0,20.0,0.0,0.0,30.0,0.0,0.0,0.0,0.0,0.0,0.0,15.8,0.0,0.0,-0.7,40.2,35.1,0.0,0.0,0.0,0.0,21.0,22.0,21.0,23.0,21.0,22.0,22.0,23.0,0.0,0.0,-33.0,254.4,0.0,0.0,2.0,4.998,0.0,0.0,1.36,1.554,0.0,19.8,0.0,0.0,0.0,,0.0,78.8,68.0,0.0,0.0,0.0,0.0,69.8,71.6,69.8,73.4,69.8,71.6,71.6,73.4,0.0,0.0,67.64,0.0,70.25,-8.549999999999997,-11.159999999999997,0.0,0.08433333333333333,0.0,0.48,0.49,392.0,True,2026-09-05 12:08:19-07:00
19.06,1,8,2026-09-05 19:08:37,37.08178,-121.59977,397.0,0.0,114.0,-12.6,0.0,,0.0,0.0,0.0,10.7,-1.1,40.2,0.0,246.0,0.1,-0.02,1.0,99.0,-36.0,26,0.0,29.88,1642.0,0.0,0.0,106,0.0,0.0,0.0,0.0,0.0,0.0,0.0,0.0,0.0,0.0,0.0,0.0,0.0,0.0,0.0,0.0,0.0,0.0,0.0,0.0,0.0,0.0,0.0,0.0,0.0,20.0,0.0,0.0,30.0,0.0,0.0,0.0,0.0,0.0,0.0,15.8,0.0,0.0,-0.7,40.2,35.1,0.0,0.0,0.0,0.0,21.0,22.0,21.0,23.0,21.0,22.0,22.0,23.0,0.0,0.0,-33.0,254.4,0.0,0.0,2.0,4.998,0.0,0.0,1.36,1.554,0.0,19.8,0.0,0.0,0.0,,0.0,78.8,68.0,0.0,0.0,0.0,0.0,69.8,71.6,69.8,73.4,69.8,71.6,71.6,73.4,0.0,0.0,67.64,0.0,70.25,-8.549999999999997,-11.159999999999997,0.0,0.08433333333333333,0.0,0.48,0.49,392.0,True,2026-09-05 12:08:19-07:00
20.06,1,8,2026-09-05 19:08:38,37.08177,-121.59976,391.0,0.0,114.0,-12.6,0.0,,0.0,0.0,0.0,10.8,-1.2,40.2,0.0,246.0,0.1,-0.02,1.0,99.0,-15.0,26,0.0,29.88,1642.0,0.0,0.0,106,0.0,0.0,0.0,0.0,0.0,0.0,0.0,0.0,0.0,0.0,0.0,0.0,0.0,0.0,0.0,0.0,0.0,0.0,0.0,0.0,0.0,0.0,0.0,0.0,0.0,20.0,0.0,0.0,30.0,0.0,0.0,0.0,0.0,0.0,0.0,15.8,0.0,0.0,-0.7,40.2,35.1,0.0,0.0,0.0,0.0,21.0,22.0,21.0,23.0,21.0,22.0,22.0,23.0,0.0,0.0,-33.0,254.4,0.0,0.0,2.0,4.998,0.0,0.0,1.36,1.554,0.0,19.8,0.0,0.0,0.0,,0.0,78.8,68.0,0.0,0.0,0.0,0.0,69.8,71.6,69.8,73.4,69.8,71.6,71.6,73.4,0.0,0.0,67.64,0.0,70.25,-8.549999999999997,-11.159999999999997,0.0,0.08433333333333333,0.0,0.48,0.49,392.0,True,2026-09-05 12:08:19-07:00
21.06,1,8,2026-09-05 19:08:39,37.08176,-121.59975,386.0,0.0,114.0,-12.6,0.0,,0.0,0.0,0.0,10.8,-1.2,40.2,0.0,246.0,0.1,-0.02,1.0,99.0,-13.0,26,0.0,29.88,1642.0,0.0,0.0,106,0.0,0.0,0.0,0.0,0.0,0.0,0.0,0.0,0.0,0.0,0.0,0.0,0.0,0.0,0.0,0.0,0.0,0.0,0.0,0.0,0.0,0.0,0.0,0.0,0.0,20.0,0.0,0.0,30.0,0.0,0.0,0.0,0.0,0.0,0.0,15.8,0.0,0.0,-0.7,40.2,35.1,0.0,0.0,0.0,0.0,21.0,22.0,21.0,23.0,21.0,22.0,22.0,23.0,0.0,0.0,-33.0,254.3,0.0,0.0,3.0,4.998,0.0,0.0,1.36,1.554,0.0,19.8,0.0,0.0,0.0,,0.0,78.8,68.0,0.0,0.0,0.0,0.0,69.8,71.6,69.8,73.4,69.8,71.6,71.6,73.4,0.0,0.0,67.64,0.0,70.25,-8.549999999999997,-11.159999999999997,0.0,0.08433333333333333,0.0,0.48,0.49,392.0,True,2026-09-05 12:08:19-07:00
22.06,1,8,2026-09-05 19:08:40,37.08176,-121.59975,381.0,0.0,114.0,-12.6,0.0,,0.0,0.0,0.0,10.8,-1.3,40.2,0.0,245.0,0.1,-0.02,1.0,99.0,-28.0,26,0.0,29.88,1641.0,0.0,0.0,106,0.0,0.0,0.0,0.0,0.0,0.0,0.0,0.0,0.0,0.0,0.0,0.0,0.0,0.0,0.0,0.0,0.0,0.0,0.0,0.0,0.0,0.0,0.0,0.0,0.0,20.0,0.0,0.0,30.0,0.0,0.0,0.0,0.0,0.0,0.0,15.8,0.0,0.0,-0.7,40.2,35.1,0.0,0.0,0.0,0.0,21.0,22.0,21.0,23.0,21.0,22.0,22.0,23.0,0.0,0.0,-33.0,254.3,0.0,0.0,2.0,4.998,0.0,0.0,1.36,1.554,0.0,19.8,0.0,0.0,0.0,,0.0,78.8,68.0,0.0,0.0,0.0,0.0,69.8,71.6,69.8,73.4,69.8,71.6,71.6,73.4,0.0,0.0,67.64,0.0,70.25,-8.549999999999997,-11.159999999999997,0.0,0.08433333333333333,0.0,0.48,0.49,392.0,True,2026-09-05 12:08:19-07:00
23.06,1,8,2026-09-05 19:08:41,37.08175,-121.59975,377.0,0.0,114.0,-12.6,0.0,,0.0,0.0,0.0,10.7,-1.3,40.1,0.0,244.0,0.1,-0.02,1.0,99.0,-25.0,26,0.0,29.88,1641.0,0.0,0.0,106,0.0,0.0,0.0,0.0,0.0,0.0,0.0,0.0,0.0,0.0,0.0,0.0,0.0,0.0,0.0,0.0,0.0,0.0,0.0,0.0,0.0,0.0,0.0,0.0,0.0,20.0,0.0,0.0,30.0,0.0,0.0,0.0,0.0,0.0,0.0,15.8,0.0,0.0,-0.7,40.2,35.1,0.0,0.0,0.0,0.0,21.0,22.0,21.0,23.0,21.0,23.0,22.0,23.0,0.0,0.0,-33.0,254.3,0.0,0.0,2.0,4.998,0.0,0.0,1.36,1.554,0.0,19.8,0.0,0.0,0.0,,0.0,78.8,68.0,0.0,0.0,0.0,0.0,69.8,71.6,69.8,73.4,69.8,73.4,71.6,73.4,0.0,0.0,67.64,0.0,70.25,-8.549999999999997,-11.159999999999997,0.0,0.08433333333333333,0.0,0.48,0.49,392.0,True,2026-09-05 12:08:19-07:00
24.06,1,8,2026-09-05 19:08:42,37.08175,-121.59974,373.0,0.0,114.0,-12.6,0.0,,0.0,0.0,0.0,10.8,-1.3,40.2,0.0,244.0,0.1,-0.02,1.0,99.0,-11.0,26,0.0,29.88,1641.0,0.0,0.0,106,0.0,0.0,0.0,0.0,0.0,0.0,0.0,0.0,0.0,0.0,0.0,0.0,0.0,0.0,0.0,0.0,0.0,0.0,0.0,0.0,0.0,0.0,0.0,0.0,0.0,20.0,0.0,0.0,30.0,0.0,0.0,0.0,0.0,0.0,0.0,15.8,0.0,0.0,-0.7,40.2,35.1,0.0,0.0,0.0,0.0,21.0,22.0,21.0,23.0,21.0,23.0,22.0,23.0,0.0,0.0,-32.0,254.3,0.0,0.0,3.0,4.998,0.0,0.0,1.36,1.554,0.0,19.8,0.0,0.0,0.0,,0.0,78.8,68.0,0.0,0.0,0.0,0.0,69.8,71.6,69.8,73.4,69.8,73.4,71.6,73.4,0.0,0.0,67.64,0.0,70.25,-8.549999999999997,-11.159999999999997,0.0,0.08433333333333333,0.0,0.48,0.49,392.0,True,2026-09-05 12:08:19-07:00
25.06,1,8,2026-09-05 19:08:43,37.08174,-121.59973,369.0,0.0,114.0,-12.6,0.0,,0.0,0.0,0.0,10.8,-1.3,40.2,0.0,244.0,0.1,-0.02,1.0,99.0,7.0,26,0.0,29.88,1640.0,0.0,0.0,106,0.0,0.0,0.0,0.0,0.0,0.0,0.0,0.0,0.0,0.0,0.0,0.0,0.0,0.0,0.0,0.0,0.0,0.0,0.0,0.0,0.0,0.0,0.0,0.0,0.0,20.0,0.0,0.0,30.0,0.0,0.0,0.0,0.0,0.0,0.0,15.8,0.0,0.0,-0.7,40.2,35.1,0.0,0.0,0.0,0.0,21.0,22.0,21.0,23.0,21.0,23.0,22.0,23.0,0.0,0.0,-32.0,254.3,0.0,0.0,3.0,4.998,0.0,0.0,1.36,1.554,0.0,19.8,0.0,0.0,0.0,,0.0,78.8,68.0,0.0,0.0,0.0,0.0,69.8,71.6,69.8,73.4,69.8,73.4,71.6,73.4,0.0,0.0,67.64,0.0,70.25,-8.549999999999997,-11.159999999999997,0.0,0.08433333333333333,0.0,0.48,0.49,392.0,True,2026-09-05 12:08:19-07:00
26.06,1,8,2026-09-05 19:08:44,37.08174,-121.59973,366.0,0.0,114.0,-12.6,0.0,,0.0,0.0,0.0,10.7,-1.3,40.1,0.0,242.0,0.1,-0.02,1.0,99.0,-55.0,26,0.0,29.88,1640.0,0.0,0.0,106,0.0,0.0,0.0,0.0,0.0,0.0,0.0,0.0,0.0,0.0,0.0,0.0,0.0,0.0,0.0,0.0,0.0,0.0,0.0,0.0,0.0,0.0,0.0,0.0,0.0,20.0,0.0,0.0,30.0,0.0,0.0,0.0,0.0,0.0,0.0,15.8,0.0,0.0,-0.6,40.2,35.1,0.0,0.0,0.0,0.0,21.0,22.0,21.0,23.0,21.0,23.0,22.0,23.0,0.0,0.0,-32.0,254.3,0.0,0.0,2.0,4.998,0.0,0.0,1.36,1.554,0.0,19.8,0.0,0.0,0.0,,0.0,78.8,68.0,0.0,0.0,0.0,0.0,69.8,71.6,69.8,73.4,69.8,73.4,71.6,73.4,0.0,0.0,67.64,0.0,70.25,-8.549999999999997,-11.159999999999997,0.0,0.08433333333333333,0.0,0.48,0.49,392.0,True,2026-09-05 12:08:19-07:00
27.06,1,8,2026-09-05 19:08:45,37.08173,-121.59972,363.0,0.0,114.0,-12.6,0.0,,0.0,0.0,0.0,10.8,-1.3,40.2,0.0,242.0,0.1,-0.02,1.0,99.0,-48.0,26,0.0,29.88,1640.0,0.0,0.0,106,0.0,0.0,0.0,0.0,0.0,0.0,0.0,0.0,0.0,0.0,0.0,0.0,0.0,0.0,0.0,0.0,0.0,0.0,0.0,0.0,0.0,0.0,0.0,0.0,0.0,20.0,0.0,0.0,30.0,0.0,0.0,0.0,0.0,0.0,0.0,15.8,0.0,0.0,-0.6,40.2,35.1,0.0,0.0,0.0,0.0,21.0,22.0,21.0,23.0,21.0,23.0,22.0,23.0,0.0,0.0,-33.0,254.3,0.0,0.0,2.0,4.998,0.0,0.0,1.36,1.554,0.0,19.8,0.0,0.0,0.0,,0.0,78.8,68.0,0.0,0.0,0.0,0.0,69.8,71.6,69.8,73.4,69.8,73.4,71.6,73.4,0.0,0.0,67.64,0.0,70.25,-8.549999999999997,-11.159999999999997,0.0,0.08433333333333333,0.0,0.48,0.49,392.0,True,2026-09-05 12:08:19-07:00
28.06,1,8,2026-09-05 19:08:46,37.08173,-121.59972,361.0,0.0,114.0,-12.6,0.0,,0.0,0.0,0.0,10.8,-1.3,40.1,0.0,240.0,0.1,-0.02,1.0,99.0,-73.0,26,0.0,29.88,1635.0,0.0,0.0,106,0.0,0.0,0.0,0.0,0.0,0.0,0.0,0.0,0.0,0.0,0.0,0.0,0.0,0.0,0.0,0.0,0.0,0.0,0.0,0.0,0.0,0.0,0.0,0.0,0.0,20.0,0.0,0.0,30.0,0.0,0.0,0.0,2.9,0.0,0.0,15.8,0.0,0.0,-0.6,40.2,35.1,0.0,0.0,0.0,0.0,21.0,22.0,21.0,23.0,21.0,23.0,22.0,23.0,0.0,0.0,-32.0,254.3,0.0,2.9,2.0,4.998,0.0,0.0,1.36,1.554,0.0,19.8,0.0,0.0,0.0,,0.0,78.8,68.0,0.0,0.0,0.0,0.0,69.8,71.6,69.8,73.4,69.8,73.4,71.6,73.4,0.0,0.0,67.64,0.0,70.25,-8.549999999999997,-11.159999999999997,0.0,0.08433333333333333,0.0,0.48,0.49,392.0,True,2026-09-05 12:08:19-07:00
29.06,1,8,2026-09-05 19:08:47,37.08173,-121.59972,359.0,0.0,114.0,-12.6,0.0,,0.0,0.0,0.0,10.8,-1.3,40.1,0.0,239.0,0.1,-0.02,1.0,99.0,-71.0,26,0.0,29.88,1635.0,0.0,0.0,106,0.0,0.0,0.0,0.0,0.0,0.0,0.0,0.0,0.0,0.0,0.0,0.0,0.0,0.0,0.0,0.0,0.0,0.0,0.0,0.0,0.0,0.0,0.0,0.0,0.0,20.0,0.0,0.0,30.0,0.0,0.0,0.0,32.7,0.0,0.0,15.8,0.0,0.0,-0.5,40.2,35.1,0.0,0.0,0.0,0.0,21.0,22.0,21.0,23.0,21.0,22.0,22.0,23.0,0.0,0.0,-32.0,254.3,0.0,32.7,2.0,4.998,0.0,0.0,1.36,1.554,0.0,19.8,0.0,0.0,0.0,,0.0,78.8,68.0,0.0,0.0,0.0,0.0,69.8,71.6,69.8,73.4,69.8,71.6,71.6,73.4,0.0,0.0,67.64,0.0,70.25,-8.549999999999997,-11.159999999999997,0.0,0.08433333333333333,0.0,0.48,0.49,392.0,True,2026-09-05 12:08:19-07:00
30.06,1,8,2026-09-05 19:08:48,37.08181,-121.5997,315.0,0.0,114.0,-12.6,0.0,,0.0,0.0,0.0,10.8,-1.3,40.2,0.0,236.0,0.1,-0.02,1.0,99.0,-72.0,26,0.0,29.88,1635.0,0.0,0.0,106,0.0,0.0,0.0,0.0,0.0,0.0,0.0,0.0,0.0,0.0,0.0,0.0,0.0,0.0,0.0,0.0,0.0,0.0,0.0,0.0,0.0,0.0,0.0,0.0,0.0,20.0,0.0,0.0,30.0,0.0,0.0,0.0,33.2,0.0,0.0,15.8,0.0,0.0,-0.5,40.2,35.1,0.0,0.0,0.0,0.0,21.0,22.0,21.0,23.0,21.0,23.0,22.0,23.0,0.0,0.0,-32.0,254.3,0.0,33.2,2.0,4.998,0.0,0.0,1.36,1.554,0.0,19.8,0.0,0.0,0.0,,0.0,78.8,68.0,0.0,0.0,0.0,0.0,69.8,71.6,69.8,73.4,69.8,73.4,71.6,73.4,0.0,0.0,67.64,0.0,70.25,-8.549999999999997,-11.159999999999997,0.0,0.08433333333333333,0.0,0.48,0.49,392.0,True,2026-09-05 12:08:19-07:00
31.06,1,9,2026-09-05 19:08:49,37.08176,-121.59969,364.0,0.0,114.0,-12.6,0.0,,0.0,0.0,0.0,10.8,-1.3,40.1,0.0,235.0,0.1,-0.02,1.0,99.0,-89.0,26,0.0,29.88,1640.0,0.0,0.0,106,0.0,0.0,0.0,0.0,0.0,0.0,0.0,0.0,0.0,0.0,0.0,0.0,0.0,0.0,0.0,0.0,0.0,0.0,0.0,0.0,0.0,0.0,0.0,0.0,0.0,20.0,0.0,0.0,30.0,0.0,0.0,0.0,31.9,0.0,0.0,15.8,0.0,0.0,-0.5,40.2,35.1,0.0,0.0,0.0,0.0,21.0,22.0,21.0,23.0,21.0,23.0,22.0,23.0,0.0,0.0,-32.0,254.3,0.0,31.9,2.0,4.998,0.0,0.0,1.36,1.554,0.0,19.8,0.0,0.0,0.0,,0.0,78.8,68.0,0.0,0.0,0.0,0.0,69.8,71.6,69.8,73.4,69.8,73.4,71.6,73.4,0.0,0.0,67.64,0.0,70.25,-8.549999999999997,-11.159999999999997,0.0,0.08433333333333333,0.0,0.48,0.49,392.0,True,2026-09-05 12:08:19-07:00
32.06,1,9,2026-09-05 19:08:50,37.08175,-121.59969,347.0,0.0,114.0,-12.6,0.0,,0.0,0.0,0.0,10.8,-1.3,40.1,0.0,231.0,0.1,-0.02,1.0,99.0,-140.0,26,0.0,29.88,1635.0,0.0,0.0,106,0.0,0.0,0.0,0.0,0.0,0.0,0.0,0.0,0.0,0.0,0.0,0.0,0.0,0.0,0.0,0.0,0.0,0.0,0.0,0.0,0.0,0.0,0.0,0.0,0.0,20.0,0.0,0.0,30.0,0.5,0.0,0.5,31.9,0.0,0.0,15.8,0.0,0.0,-0.4,40.2,35.1,0.0,0.0,0.0,0.0,21.0,22.0,21.0,23.0,21.0,22.0,22.0,23.0,0.0,0.0,-32.0,254.3,0.0,31.9,2.0,4.998,0.0,0.0,1.36,1.554,0.0,19.8,0.0,0.0,0.0,,0.0,78.8,68.0,0.0,0.0,0.0,0.0,69.8,71.6,69.8,73.4,69.8,71.6,71.6,73.4,0.0,0.0,67.64,0.0,70.25,-8.549999999999997,-11.159999999999997,6.944444444444469e-05,0.08433333333333333,0.0,0.48,0.49,392.0,True,2026-09-05 12:08:19-07:00
33.06,1,9,2026-09-05 19:08:51,37.08175,-121.59969,346.0,0.0,114.0,-12.6,0.0,,0.0,0.0,0.0,10.8,-1.3,40.1,0.0,230.0,0.1,-0.02,1.0,99.0,-95.0,26,0.0,29.88,1635.0,0.0,0.0,106,0.0,0.0,0.0,0.0,0.0,0.0,0.0,0.0,0.0,0.0,0.0,0.0,0.0,0.0,0.0,0.0,0.0,0.0,0.0,0.0,0.0,0.0,0.0,0.0,0.0,20.0,0.0,0.0,30.0,1.3,0.0,1.3,31.9,0.0,0.0,15.8,0.0,0.0,-0.4,40.2,35.1,0.0,0.0,0.0,0.0,21.0,22.0,21.0,23.0,21.0,23.0,22.0,23.0,0.0,0.0,-33.0,254.3,0.0,31.9,2.0,4.998,0.0,0.0,1.36,1.554,0.0,19.8,0.0,0.0,0.0,,0.0,78.8,68.0,0.0,0.0,0.0,0.0,69.8,71.6,69.8,73.4,69.8,73.4,71.6,73.4,0.0,0.0,67.64,0.0,70.25,-8.549999999999997,-11.159999999999997,0.0003194444444444447,0.08433333333333333,0.0,0.48,0.49,392.0,True,2026-09-05 12:08:19-07:00
34.06,1,9,2026-09-05 19:08:52,37.08175,-121.59969,346.0,0.0,114.0,-12.6,0.0,,0.0,0.0,0.0,10.8,-1.2,40.1,0.0,229.0,0.1,-0.02,1.0,99.0,-121.0,26,0.0,29.88,1635.0,0.0,0.0,106,0.0,0.0,0.0,0.0,0.0,0.0,0.0,0.0,0.0,0.0,0.0,0.0,0.0,0.0,0.0,0.0,0.0,0.0,0.0,0.0,0.0,0.0,0.0,0.0,0.0,20.0,0.0,0.0,30.0,2.0,0.0,2.0,31.8,0.0,0.0,15.8,0.0,0.0,-0.4,40.2,35.1,0.0,0.0,0.0,0.0,21.0,22.0,21.0,23.0,21.0,22.0,22.0,23.0,0.0,0.0,-33.0,254.3,0.0,31.8,2.0,4.998,0.0,0.0,1.36,1.554,0.0,19.8,0.0,0.0,0.0,,0.0,78.8,68.0,0.0,0.0,0.0,0.0,69.8,71.6,69.8,73.4,69.8,71.6,71.6,73.4,0.0,0.0,67.64,0.0,70.25,-8.549999999999997,-11.159999999999997,0.0007777777777777781,0.08433333333333333,0.0,0.48,0.49,392.0,True,2026-09-05 12:08:19-07:00
35.06,1,9,2026-09-05 19:08:53,37.08175,-121.59969,345.0,0.0,114.0,-12.6,0.0,,0.0,0.0,0.0,10.8,-1.3,40.1,0.0,226.0,0.1,-0.02,1.0,99.0,-112.0,26,0.0,29.88,1629.0,0.0,0.0,106,0.0,0.0,0.0,0.0,0.0,0.0,0.0,0.0,0.0,0.0,0.0,0.0,0.0,0.0,0.0,0.0,0.0,0.0,0.0,0.0,0.0,0.0,0.0,0.0,0.0,20.0,0.0,0.0,30.0,2.5,0.0,2.5,31.7,0.0,0.0,15.8,0.0,0.0,-0.4,40.2,35.1,0.0,0.0,0.0,0.0,21.0,22.0,21.0,23.0,21.0,22.0,22.0,23.0,0.0,0.0,-32.0,254.3,0.0,31.7,2.0,4.998,0.0,0.0,1.36,1.554,0.0,19.8,0.0,0.0,0.0,,0.0,78.8,68.0,0.0,0.0,0.0,0.0,69.8,71.6,69.8,73.4,69.8,71.6,71.6,73.4,0.0,0.0,67.64,0.0,70.25,-8.549999999999997,-11.159999999999997,0.001402777777777778,0.08433333333333333,0.0,0.48,0.49,392.0,True,2026-09-05 12:08:19-07:00
36.06,1,9,2026-09-05 19:08:54,37.08174,-121.59968,343.0,0.1,114.0,-12.6,0.0,,0.0,0.0,0.0,10.9,-1.3,40.1,0.0,224.0,0.1,-0.02,1.0,99.0,-118.0,26,0.0,29.88,1629.0,0.0,0.0,106,0.0,0.0,0.0,0.0,0.0,0.0,0.0,0.0,0.0,0.0,0.0,0.0,0.0,0.0,0.0,0.0,0.0,0.0,0.0,0.0,0.0,0.0,0.0,0.0,0.0,20.0,0.0,0.0,30.0,2.6,0.0,2.6,33.1,0.0,0.0,15.8,0.0,0.0,-0.4,40.2,35.1,0.0,0.0,0.0,0.0,21.0,22.0,21.0,23.0,21.0,22.0,22.0,23.0,0.0,0.0,-32.0,254.3,0.0,33.1,2.0,4.998,0.0,0.0,1.36,1.554,0.0,19.8,0.0,0.0,0.0,,0.0,78.8,68.0,0.0,0.0,0.0,0.0,69.8,71.6,69.8,73.4,69.8,71.6,71.6,73.4,0.0,0.0,67.64,0.0,70.25,-8.549999999999997,-11.159999999999997,0.0021111111111111113,0.16866666666666666,0.038461538461538464,0.48,0.49,392.0,True,2026-09-05 12:08:19-07:00
37.06,1,9,2026-09-05 19:08:55,37.08174,-121.59968,343.0,0.0,114.0,-12.6,0.0,,0.0,0.0,0.0,10.8,-1.3,40.0,0.0,221.0,0.1,-0.02,1.0,99.0,-131.0,26,0.0,29.88,1629.0,0.0,0.0,106,0.0,0.0,0.0,0.0,0.0,0.0,0.0,0.0,0.0,0.0,0.0,0.0,0.0,0.0,0.0,0.0,0.0,0.0,0.0,0.0,0.0,0.0,0.0,0.0,0.0,20.0,0.0,0.0,30.0,2.3,0.0,2.3,33.6,0.0,0.0,15.8,0.0,0.0,-0.4,40.2,35.1,0.0,0.0,0.0,0.0,21.0,22.0,21.0,23.0,21.0,22.0,22.0,23.0,0.0,0.0,-32.0,254.3,0.0,33.6,2.0,4.998,0.0,0.0,1.36,1.554,0.0,19.8,0.0,0.0,0.0,,0.0,78.8,68.0,0.0,0.0,0.0,0.0,69.8,71.6,69.8,73.4,69.8,71.6,71.6,73.4,0.0,0.0,67.64,0.0,70.25,-8.549999999999997,-11.159999999999997,0.002791666666666667,0.253,0.0,0.48,0.49,392.0,True,2026-09-05 12:08:19-07:00
38.06,1,9,2026-09-05 19:08:56,37.08174,-121.59968,343.0,0.0,114.0,-12.6,0.0,,0.0,0.0,0.0,10.8,-1.3,40.0,0.0,221.0,0.1,-0.02,1.0,99.0,-89.0,26,0.0,29.88,1621.0,0.0,0.0,106,0.0,0.0,0.0,0.0,0.0,0.0,0.0,0.0,0.0,0.0,0.0,0.0,0.0,0.0,0.0,0.0,0.0,0.0,0.0,0.0,0.0,0.0,0.0,0.0,0.0,20.0,0.0,0.0,30.0,2.4,0.0,2.4,32.9,0.0,0.0,15.8,0.0,0.0,-0.5,40.2,35.1,0.0,0.0,0.0,0.0,21.0,22.0,21.0,23.0,21.0,22.0,22.0,23.0,0.0,0.0,-32.0,254.3,0.0,32.9,2.0,4.998,0.0,0.0,1.36,1.554,0.0,19.8,0.0,0.0,0.0,,0.0,78.8,68.0,0.0,0.0,0.0,0.0,69.8,71.6,69.8,73.4,69.8,71.6,71.6,73.4,0.0,0.0,67.64,0.0,70.25,-8.549999999999997,-11.159999999999997,0.003444444444444445,0.253,0.0,0.48,0.49,392.0,True,2026-09-05 12:08:19-07:00
39.06,1,9,2026-09-05 19:08:57,37.08174,-121.59968,343.0,0.0,114.0,-12.6,0.0,,0.0,0.0,0.0,10.9,-1.3,40.0,0.0,221.0,0.1,-0.02,1.0,99.0,-70.0,26,0.0,29.88,1621.0,0.0,0.0,106,0.0,0.0,0.0,0.0,0.0,0.0,0.0,0.0,0.0,0.0,0.0,0.0,0.0,0.0,0.0,0.0,0.0,0.0,0.0,0.0,0.0,0.0,0.0,0.0,0.0,20.0,0.0,0.0,30.0,1.9,0.0,1.9,32.5,0.0,0.0,15.8,0.0,0.0,-0.5,40.2,35.1,0.0,0.0,0.0,0.0,21.0,22.0,21.0,23.0,21.0,22.0,22.0,23.0,0.0,0.0,-32.0,254.3,0.0,32.5,2.0,4.998,0.0,0.0,1.36,1.554,0.0,19.8,0.0,0.0,0.0,,0.0,78.8,68.0,0.0,0.0,0.0,0.0,69.8,71.6,69.8,73.4,69.8,71.6,71.6,73.4,0.0,0.0,67.64,0.0,70.25,-8.549999999999997,-11.159999999999997,0.004041666666666667,0.253,0.0,0.48,0.49,392.0,True,2026-09-05 12:08:19-07:00
40.06,1,9,2026-09-05 19:08:58,37.08174,-121.59968,342.0,0.0,114.0,-12.6,0.0,,0.0,0.0,0.0,10.8,-1.4,40.0,0.0,221.0,0.1,-0.02,1.0,99.0,-37.0,26,0.0,29.88,1621.0,0.0,0.0,106,0.0,0.0,0.0,0.0,0.0,0.0,0.0,0.0,0.0,0.0,0.0,0.0,0.0,0.0,0.0,0.0,0.0,0.0,0.0,0.0,0.0,0.0,0.0,0.0,0.0,20.0,0.0,0.0,30.0,1.9,0.0,1.9,32.2,0.0,0.0,15.8,0.0,0.0,-0.6,40.2,35.1,0.0,0.0,0.0,0.0,21.0,22.0,21.0,23.0,21.0,23.0,22.0,23.0,0.0,0.0,-32.0,254.3,0.0,32.2,2.0,4.998,0.0,0.0,1.36,1.554,0.0,19.8,0.0,0.0,0.0,,0.0,78.8,68.0,0.0,0.0,0.0,0.0,69.8,71.6,69.8,73.4,69.8,73.4,71.6,73.4,0.0,0.0,67.64,0.0,70.25,-8.549999999999997,-11.159999999999997,0.0045694444444444446,0.253,0.0,0.48,0.49,392.0,True,2026-09-05 12:08:19-07:00
41.06,1,9,2026-09-05 19:08:59,37.08174,-121.59968,342.0,0.0,114.0,-12.6,0.0,,0.0,0.0,0.0,10.8,-1.3,40.0,0.0,220.0,0.1,-0.02,1.0,99.0,-34.0,26,0.0,29.88,1621.0,0.0,0.0,106,0.0,0.0,0.0,0.0,0.0,0.0,0.0,0.0,0.0,0.0,0.0,0.0,0.0,0.0,0.0,0.0,0.0,0.0,0.0,0.0,0.0,0.0,0.0,0.0,0.0,20.0,0.0,0.0,30.0,1.9,0.0,1.9,31.9,0.0,0.0,15.8,0.0,0.0,-0.6,40.2,35.1,0.0,0.0,0.0,0.0,21.0,22.0,21.0,23.0,21.0,22.0,22.0,23.0,0.0,0.0,-32.0,254.3,0.0,31.9,2.0,4.998,0.0,0.0,1.36,1.554,0.0,19.8,0.0,0.0,0.0,,0.0,78.8,68.0,0.0,0.0,0.0,0.0,69.8,71.6,69.8,73.4,69.8,71.6,71.6,73.4,0.0,0.0,67.64,0.0,70.25,-8.549999999999997,-11.159999999999997,0.005097222222222223,0.253,0.0,0.48,0.49,392.0,True,2026-09-05 12:08:19-07:00
42.06,1,9,2026-09-05 19:09:00,37.08174,-121.59968,342.0,0.0,114.0,-12.6,0.0,,0.0,0.0,0.0,10.8,-1.3,40.0,0.0,220.0,0.1,-0.02,1.0,99.0,0.0,26,0.0,29.88,1621.0,0.0,0.0,106,0.0,0.0,0.0,0.0,0.0,0.0,0.0,0.0,0.0,0.0,0.0,0.0,0.0,0.0,0.0,0.0,0.0,0.0,0.0,0.0,0.0,0.0,0.0,0.0,0.0,20.0,0.0,0.0,30.0,0.0,0.0,0.0,31.7,0.0,0.0,15.8,0.0,0.0,-0.6,40.2,35.1,0.0,0.0,0.0,0.0,21.0,22.0,21.0,23.0,21.0,22.0,22.0,23.0,0.0,0.0,-32.0,220.5,0.0,31.7,2.0,4.998,0.0,0.0,1.36,1.555,0.0,19.8,0.0,0.0,0.0,,0.0,78.8,68.0,0.0,0.0,0.0,0.0,69.8,71.6,69.8,73.4,69.8,71.6,71.6,73.4,0.0,0.0,67.64,0.0,70.25,-8.549999999999997,-11.159999999999997,0.005361111111111112,0.253,0.0,0.48,0.49,392.0,True,2026-09-05 12:08:19-07:00
43.06,1,9,2026-09-05 19:09:01,37.08173,-121.59968,342.0,0.0,114.0,-12.6,0.0,,0.0,0.0,0.0,10.8,-1.3,40.0,0.0,220.0,0.1,-0.02,1.0,99.0,0.0,26,0.0,29.88,1621.0,0.0,0.0,106,0.0,0.0,0.0,0.0,0.0,0.0,0.0,0.0,0.0,0.0,0.0,0.0,0.0,0.0,0.0,0.0,0.0,0.0,0.0,0.0,0.0,0.0,0.0,0.0,0.0,20.0,0.0,0.0,30.0,0.0,0.0,0.0,31.4,0.0,0.0,15.8,0.0,0.0,-0.7,40.2,35.1,0.0,0.0,0.0,0.0,21.0,22.0,21.0,23.0,21.0,22.0,22.0,23.0,0.0,0.0,-32.0,171.6,0.0,31.4,2.0,4.998,0.0,0.0,1.36,1.554,0.0,19.8,0.0,0.0,0.0,,0.0,78.8,68.0,0.0,0.0,0.0,0.0,69.8,71.6,69.8,73.4,69.8,71.6,71.6,73.4,0.0,0.0,67.64,0.0,70.25,-8.549999999999997,-11.159999999999997,0.005361111111111112,0.253,0.0,0.48,0.49,392.0,True,2026-09-05 12:08:19-07:00
44.06,1,9,2026-09-05 19:09:02,37.08173,-121.59968,342.0,0.0,114.0,-12.6,0.0,,0.0,0.0,0.0,10.9,-1.2,40.0,0.0,220.0,0.1,-0.02,1.0,99.0,-22.0,26,0.0,29.88,1620.0,0.0,0.0,106,0.0,0.0,0.0,0.0,0.0,0.0,0.0,0.0,0.0,0.0,0.0,0.0,0.0,0.0,0.0,0.0,0.0,0.0,0.0,0.0,0.0,0.0,0.0,0.0,0.0,20.0,0.0,0.0,30.0,0.0,0.0,0.0,31.2,0.0,0.0,15.8,0.0,0.0,-0.7,40.2,35.1,0.0,0.0,0.0,0.0,21.0,22.0,21.0,23.0,21.0,22.0,22.0,23.0,0.0,0.0,-32.0,133.6,0.0,31.2,2.0,4.998,0.0,0.0,1.36,1.554,0.0,19.8,0.0,0.0,0.0,,0.0,78.8,68.0,0.0,0.0,0.0,0.0,69.8,71.6,69.8,73.4,69.8,71.6,71.6,73.4,0.0,0.0,67.64,0.0,70.25,-8.549999999999997,-11.159999999999997,0.005361111111111112,0.253,0.0,0.48,0.49,392.0,True,2026-09-05 12:08:19-07:00
45.06,1,9,2026-09-05 19:09:03,37.08173,-121.59968,342.0,0.0,114.0,-12.6,0.0,,0.0,0.0,0.0,10.8,-1.2,40.0,0.0,218.0,0.1,-0.02,1.0,99.0,-18.0,26,0.0,29.88,1620.0,0.0,0.0,106,0.0,0.0,0.0,0.0,0.0,0.0,0.0,0.0,0.0,0.0,0.0,0.0,0.0,0.0,0.0,0.0,0.0,0.0,0.0,0.0,0.0,0.0,0.0,0.0,0.0,20.0,0.0,0.0,30.0,0.0,0.0,0.0,31.0,0.0,0.0,15.8,0.0,0.0,-0.7,40.2,35.1,0.0,0.0,0.0,0.0,21.0,22.0,21.0,23.0,21.0,22.0,22.0,23.0,0.0,0.0,-32.0,104.1,0.0,31.0,2.0,4.998,0.0,0.0,1.36,1.555,0.0,19.8,0.0,0.0,0.0,,0.0,78.8,68.0,0.0,0.0,0.0,0.0,69.8,71.6,69.8,73.4,69.8,71.6,71.6,73.4,0.0,0.0,67.64,0.0,70.25,-8.549999999999997,-11.159999999999997,0.005361111111111112,0.253,0.0,0.48,0.49,392.0,True,2026-09-05 12:08:19-07:00
46.06,1,9,2026-09-05 19:09:04,37.08173,-121.59968,341.0,0.0,114.0,-12.6,0.0,,0.0,0.0,0.0,10.8,-1.2,40.0,0.0,217.0,0.1,-0.02,1.0,99.0,-49.0,26,0.0,29.88,1620.0,0.0,0.0,106,0.0,0.0,0.0,0.0,0.0,0.0,0.0,0.0,0.0,0.0,0.0,0.0,0.0,0.0,0.0,0.0,0.0,0.0,0.0,0.0,0.0,0.0,0.0,0.0,0.0,20.0,0.0,0.0,30.0,0.0,0.0,0.0,30.8,0.0,0.0,15.8,0.0,0.0,-0.7,40.2,35.1,0.0,0.0,0.0,0.0,21.0,22.0,21.0,23.0,21.0,22.0,22.0,23.0,0.0,0.0,-32.0,81.1,0.0,30.8,2.0,4.998,0.0,0.0,1.36,1.555,0.0,19.8,0.0,0.0,0.0,,0.0,78.8,68.0,0.0,0.0,0.0,0.0,69.8,71.6,69.8,73.4,69.8,71.6,71.6,73.4,0.0,0.0,67.64,0.0,70.25,-8.549999999999997,-11.159999999999997,0.005361111111111112,0.253,0.0,0.48,0.49,392.0,True,2026-09-05 12:08:19-07:00
47.06,1,9,2026-09-05 19:09:05,37.08173,-121.59968,341.0,0.0,114.0,-12.6,0.0,,0.0,0.0,0.0,10.8,-1.2,40.0,0.0,217.0,0.1,-0.02,1.0,99.0,-26.0,26,0.0,29.88,1627.0,0.0,0.0,106,0.0,0.0,0.0,0.0,0.0,0.0,0.0,0.0,0.0,0.0,0.0,0.0,0.0,0.0,0.0,0.0,0.0,0.0,0.0,0.0,0.0,0.0,0.0,0.0,0.0,20.0,0.0,0.0,30.0,0.0,0.0,0.0,30.6,0.0,0.0,15.8,0.0,0.0,-0.7,40.2,35.1,0.0,0.0,0.0,0.0,21.0,22.0,21.0,23.0,21.0,22.0,22.0,23.0,0.0,0.0,-32.0,63.2,0.0,30.6,2.0,4.998,0.0,0.0,1.36,1.556,0.0,19.8,0.0,0.0,0.0,,0.0,78.8,68.0,0.0,0.0,0.0,0.0,69.8,71.6,69.8,73.4,69.8,71.6,71.6,73.4,0.0,0.0,67.64,0.0,70.25,-8.549999999999997,-11.159999999999997,0.005361111111111112,0.253,0.0,0.48,0.49,392.0,True,2026-09-05 12:08:19-07:00
48.06,1,9,2026-09-05 19:09:06,37.08173,-121.59968,341.0,0.0,114.0,-12.6,0.0,,0.0,0.0,0.0,10.8,-1.3,40.0,0.0,217.0,0.1,-0.02,1.0,99.0,2.0,26,0.0,29.88,1627.0,0.0,0.0,106,0.0,0.0,0.0,0.0,0.0,0.0,0.0,0.0,0.0,0.0,0.0,0.0,0.0,0.0,0.0,0.0,0.0,0.0,0.0,0.0,0.0,0.0,0.0,0.0,0.0,20.0,0.0,0.0,30.0,0.0,0.0,0.0,30.4,0.0,0.0,15.8,0.0,0.0,-0.7,40.2,35.1,0.0,0.0,0.0,0.0,21.0,22.0,21.0,23.0,21.0,22.0,22.0,23.0,0.0,0.0,-32.0,49.4,0.0,30.4,2.0,4.998,0.0,0.0,1.36,1.555,0.0,19.8,0.0,0.0,0.0,,0.0,78.8,68.0,0.0,0.0,0.0,0.0,69.8,71.6,69.8,73.4,69.8,71.6,71.6,73.4,0.0,0.0,67.64,0.0,70.25,-8.549999999999997,-11.159999999999997,0.005361111111111112,0.253,0.0,0.48,0.49,392.0,True,2026-09-05 12:08:19-07:00
49.06,1,9,2026-09-05 19:09:07,37.08173,-121.59968,340.0,0.0,114.0,-12.6,0.0,,0.0,0.0,0.0,10.8,-1.3,40.0,0.0,217.0,0.1,-0.02,1.0,99.0,24.0,26,0.0,29.88,1627.0,0.0,0.0,106,0.0,0.0,0.0,0.0,0.0,0.0,0.0,0.0,0.0,0.0,0.0,0.0,0.0,0.0,0.0,0.0,0.0,0.0,0.0,0.0,0.0,0.0,0.0,0.0,0.0,20.0,0.0,0.0,30.0,0.0,0.0,0.0,30.2,0.0,0.0,15.8,0.0,0.0,-0.7,40.2,35.1,0.0,0.0,0.0,0.0,21.0,22.0,21.0,23.0,21.0,22.0,22.0,23.0,0.0,0.0,-32.0,38.6,0.0,30.2,2.0,4.998,0.0,0.0,1.36,1.554,0.0,19.8,0.0,0.0,0.0,,0.0,78.8,68.0,0.0,0.0,0.0,0.0,69.8,71.6,69.8,73.4,69.8,71.6,71.6,73.4,0.0,0.0,67.64,0.0,70.25,-8.549999999999997,-11.159999999999997,0.005361111111111112,0.253,0.0,0.48,0.49,392.0,True,2026-09-05 12:08:19-07:00
50.06,1,9,2026-09-05 19:09:08,37.08173,-121.59968,340.0,0.0,114.0,-12.6,0.0,,0.0,0.0,0.0,10.8,-1.3,40.0,0.0,217.0,0.1,-0.02,1.0,99.0,22.0,26,0.0,29.88,1627.0,0.0,0.0,106,0.0,0.0,0.0,0.0,0.0,0.0,0.0,0.0,0.0,0.0,0.0,0.0,0.0,0.0,0.0,0.0,0.0,0.0,0.0,0.0,0.0,0.0,0.0,0.0,0.0,20.0,0.0,0.0,30.0,0.0,0.0,0.0,30.0,0.0,0.0,15.8,0.0,0.0,-0.7,40.2,35.1,0.0,0.0,0.0,0.0,21.0,22.0,21.0,23.0,21.0,22.0,22.0,23.0,0.0,0.0,-32.0,30.2,0.0,30.0,2.0,4.998,0.0,0.0,1.36,1.554,0.0,19.8,0.0,0.0,0.0,,0.0,78.8,68.0,0.0,0.0,0.0,0.0,69.8,71.6,69.8,73.4,69.8,71.6,71.6,73.4,0.0,0.0,67.64,0.0,70.25,-8.549999999999997,-11.159999999999997,0.005361111111111112,0.253,0.0,0.48,0.49,392.0,True,2026-09-05 12:08:19-07:00
51.06,1,9,2026-09-05 19:09:09,37.08173,-121.59968,340.0,0.0,114.0,-12.6,0.0,,0.0,0.0,0.0,10.8,-1.3,40.0,0.0,217.0,0.1,-0.02,1.0,99.0,45.0,26,0.0,29.88,1627.0,0.0,0.0,106,0.0,0.0,0.0,0.0,0.0,0.0,0.0,0.0,0.0,0.0,0.0,0.0,0.0,0.0,0.0,0.0,0.0,0.0,0.0,0.0,0.0,0.0,0.0,0.0,0.0,20.0,0.0,0.0,30.0,0.0,0.0,0.0,29.8,0.0,0.0,15.8,0.0,0.0,-0.7,40.2,35.1,0.0,0.0,0.0,0.0,21.0,22.0,21.0,23.0,21.0,22.0,22.0,23.0,0.0,0.0,-32.0,23.7,0.0,29.8,2.0,4.998,0.0,0.0,1.36,1.554,0.0,19.8,0.0,0.0,0.0,,0.0,78.8,68.0,0.0,0.0,0.0,0.0,69.8,71.6,69.8,73.4,69.8,71.6,71.6,73.4,0.0,0.0,67.64,0.0,70.25,-8.549999999999997,-11.159999999999997,0.005361111111111112,0.253,0.0,0.48,0.49,392.0,True,2026-09-05 12:08:19-07:00
52.06,1,9,2026-09-05 19:09:10,37.08173,-121.59968,339.0,0.0,114.0,-12.6,0.0,,0.0,0.0,0.0,10.8,-1.3,39.9,0.0,217.0,0.1,-0.02,1.0,99.0,48.0,26,0.0,29.88,1627.0,0.0,0.0,106,0.0,0.0,0.0,0.0,0.0,0.0,0.0,0.0,0.0,0.0,0.0,0.0,0.0,0.0,0.0,0.0,0.0,0.0,0.0,0.0,0.0,0.0,0.0,0.0,0.0,20.0,0.0,0.0,30.0,0.0,0.0,0.0,29.6,0.0,0.0,15.8,0.0,0.0,-0.7,40.2,35.1,0.0,0.0,0.0,0.0,21.0,23.0,21.0,23.0,21.0,23.0,22.0,23.0,0.0,0.0,-32.0,18.6,0.0,29.6,2.0,4.998,0.0,0.0,1.36,1.554,0.0,19.8,0.0,0.0,0.0,,0.0,78.8,68.0,0.0,0.0,0.0,0.0,69.8,73.4,69.8,73.4,69.8,73.4,71.6,73.4,0.0,0.0,67.64,0.0,70.25,-8.549999999999997,-11.159999999999997,0.005361111111111112,0.253,0.0,0.48,0.49,392.0,True,2026-09-05 12:08:19-07:00
53.06,1,9,2026-09-05 19:09:11,37.08173,-121.59968,339.0,0.0,114.0,-12.6,0.0,,0.0,0.0,0.0,10.8,-1.3,39.9,0.0,217.0,0.1,-0.02,1.0,99.0,29.0,26,0.0,29.88,1627.0,0.0,0.0,106,0.0,0.0,0.0,0.0,0.0,0.0,0.0,0.0,0.0,0.0,0.0,0.0,0.0,0.0,0.0,0.0,0.0,0.0,0.0,0.0,0.0,0.0,0.0,0.0,0.0,20.0,0.0,0.0,30.0,0.0,0.0,0.0,29.5,0.0,0.0,15.8,0.0,0.0,-0.7,40.2,35.1,0.0,0.0,0.0,0.0,21.0,22.0,21.0,23.0,21.0,22.0,22.0,23.0,0.0,0.0,-32.0,14.7,0.0,29.5,2.0,4.998,0.0,0.0,1.36,1.554,0.0,19.8,0.0,0.0,0.0,,0.0,78.8,68.0,0.0,0.0,0.0,0.0,69.8,71.6,69.8,73.4,69.8,71.6,71.6,73.4,0.0,0.0,67.64,0.0,70.25,-8.549999999999997,-11.159999999999997,0.005361111111111112,0.253,0.0,0.48,0.49,392.0,True,2026-09-05 12:08:19-07:00
54.06,1,9,2026-09-05 19:09:12,37.08173,-121.59968,339.0,0.0,114.0,-12.6,0.0,,0.0,0.0,0.0,10.8,-1.3,39.9,0.0,217.0,0.1,-0.02,1.0,99.0,22.0,26,0.0,29.88,1627.0,0.0,0.0,106,0.0,0.0,0.0,0.0,0.0,0.0,0.0,0.0,0.0,0.0,0.0,0.0,0.0,0.0,0.0,0.0,0.0,0.0,0.0,0.0,0.0,0.0,0.0,0.0,0.0,20.0,0.0,0.0,30.0,0.0,0.0,0.0,29.3,0.0,0.0,15.8,0.0,0.0,-0.7,40.2,35.1,0.0,0.0,0.0,0.0,21.0,22.0,21.0,23.0,21.0,22.0,22.0,23.0,0.0,0.0,-32.0,11.6,0.0,29.3,2.0,4.998,0.0,0.0,1.36,1.554,0.0,19.8,0.0,0.0,0.0,,0.0,78.8,68.0,0.0,0.0,0.0,0.0,69.8,71.6,69.8,73.4,69.8,71.6,71.6,73.4,0.0,0.0,67.64,0.0,70.25,-8.549999999999997,-11.159999999999997,0.005361111111111112,0.253,0.0,0.48,0.49,392.0,True,2026-09-05 12:08:19-07:00
55.06,1,9,2026-09-05 19:09:13,37.08172,-121.59967,338.0,0.0,114.0,-12.6,0.0,,0.0,0.0,0.0,10.9,-1.4,39.8,0.0,217.0,0.1,-0.02,0.9,99.0,20.0,26,0.0,29.88,1628.0,0.0,0.0,106,0.0,0.0,0.0,0.0,0.0,0.0,0.0,0.0,0.0,0.0,0.0,0.0,0.0,0.0,0.0,0.0,0.0,0.0,0.0,0.0,0.0,0.0,0.0,0.0,0.0,16.0,107.0,107.0,30.0,0.0,0.0,0.0,29.1,0.0,0.0,15.8,0.0,0.0,-0.6,40.2,35.1,0.0,0.0,0.0,0.0,20.0,22.0,20.0,22.0,21.0,22.0,21.0,22.0,0.0,0.0,-37.0,9.3,0.0,29.1,2.0,4.998,0.0,0.0,1.36,1.556,0.0,15.8,0.0,0.0,0.0,,0.0,78.8,60.8,0.0,0.0,0.0,0.0,68.0,71.6,68.0,71.6,69.8,71.6,69.8,71.6,0.0,0.0,60.440000000000005,107.0,68.9,-9.899999999999991,-18.359999999999992,0.005361111111111112,0.253,0.0,0.48,0.49,392.0,True,2026-09-05 12:08:19-07:00
56.06,1,9,2026-09-05 19:09:14,37.08172,-121.59967,338.0,0.0,114.0,-12.6,0.0,,0.0,0.0,0.0,10.8,-1.3,39.9,0.0,217.0,0.1,-0.02,1.0,99.0,-34.0,26,0.0,29.88,1628.0,0.0,0.0,106,0.0,0.0,0.0,0.0,0.0,0.0,0.0,0.0,0.0,0.0,0.0,0.0,0.0,0.0,0.0,0.0,0.0,0.0,0.0,0.0,0.0,0.0,0.0,0.0,2.0,20.0,766.0,766.0,23.7,0.9,0.0,0.9,20.7,0.0,0.0,15.8,0.0,0.0,-0.5,40.2,35.1,0.0,0.0,0.0,0.0,21.0,48.0,21.0,42.0,21.0,42.0,22.0,56.0,0.0,0.0,-37.0,7.4,0.0,20.7,2.0,4.998,0.0,0.0,1.36,1.515,2.1,19.8,0.0,0.0,0.0,,0.0,78.8,68.0,0.0,0.0,0.0,0.0,69.8,118.4,69.8,107.6,69.8,107.6,71.6,132.8,0.0,0.0,67.64,766.0,70.25,-8.549999999999997,-11.159999999999997,0.005486111111111111,0.253,0.0,0.48,0.49,392.0,True,2026-09-05 12:08:19-07:00
57.06,1,9,2026-09-05 19:09:15,37.08172,-121.59967,337.0,0.0,114.0,-12.6,0.0,,0.0,0.0,0.0,10.8,-1.3,39.9,0.0,217.0,0.1,-0.02,1.0,99.0,3.0,26,0.0,29.88,1628.0,0.0,0.0,106,0.0,0.0,0.0,0.0,0.0,0.0,0.0,0.0,0.0,0.0,0.0,0.0,0.0,0.0,0.0,0.0,0.0,0.0,0.0,0.0,0.0,0.0,0.0,0.0,6.0,20.0,777.0,777.0,19.1,1.8,0.0,1.8,21.1,0.0,0.0,15.8,0.0,0.0,-0.5,40.2,35.1,0.0,0.0,0.0,0.0,21.0,85.0,21.0,74.0,21.0,94.0,22.0,99.0,0.0,0.0,-37.0,6.0,0.0,21.1,2.0,4.998,0.0,0.0,1.357,1.476,5.8,19.8,0.0,0.0,0.0,,0.0,78.8,68.0,0.0,0.0,0.0,0.0,69.8,185.0,69.8,165.2,69.8,201.2,71.6,210.2,0.0,0.0,67.64,777.0,70.25,-8.549999999999997,-11.159999999999997,0.005861111111111111,0.253,0.0,0.48,0.49,392.0,True,2026-09-05 12:08:19-07:00
58.06,1,9,2026-09-05 19:09:16,37.08172,-121.59967,337.0,0.0,114.0,-12.6,0.0,,0.0,0.0,0.0,10.9,-1.2,39.9,0.0,217.0,0.1,-0.02,1.0,99.0,18.0,27,0.0,29.88,1628.0,0.0,0.0,106,0.0,0.0,0.0,0.0,0.0,0.0,0.0,0.0,0.0,0.0,0.0,0.0,0.0,0.0,0.0,0.0,0.0,0.0,0.0,0.0,0.0,0.0,0.0,0.0,6.0,20.0,802.0,802.0,18.0,2.7,0.0,2.7,21.4,0.0,0.0,15.8,0.0,0.0,-0.5,40.2,35.1,0.0,0.0,0.0,0.0,21.0,131.0,21.0,106.0,22.0,139.0,23.0,136.0,0.0,0.0,-38.0,4.9,0.0,21.4,2.0,4.998,0.0,0.0,1.359,1.506,6.2,19.8,0.0,0.0,0.0,,0.0,80.6,68.0,0.0,0.0,0.0,0.0,69.8,267.8,69.8,222.8,71.6,282.2,73.4,276.8,0.0,0.0,67.64,802.0,71.15,-9.449999999999989,-12.959999999999994,0.006486111111111111,0.253,0.0,0.48,0.49,392.0,True,2026-09-05 12:08:19-07:00
59.06,1,9,2026-09-05 19:09:17,37.08172,-121.59967,337.0,0.0,114.0,-12.6,0.0,,0.0,0.0,0.0,10.9,-1.3,39.9,0.0,217.0,0.1,-0.02,1.0,99.0,5.0,26,0.0,29.88,1628.0,0.0,0.0,106,0.0,0.0,0.0,0.0,0.0,0.0,0.0,0.0,0.0,0.0,0.0,0.0,0.0,0.0,0.0,0.0,0.0,0.0,0.0,0.0,0.0,0.0,0.0,0.0,9.0,20.0,877.0,877.0,17.4,3.2,0.0,3.2,21.8,0.0,0.0,15.8,0.0,0.0,-0.6,40.2,35.1,0.0,0.0,0.0,0.0,22.0,172.0,22.0,129.0,22.0,180.0,23.0,169.0,0.0,0.0,-38.0,4.0,0.0,21.8,2.0,4.998,0.0,0.0,1.36,1.504,8.7,19.8,0.0,0.0,0.0,,0.0,78.8,68.0,0.0,0.0,0.0,0.0,71.6,341.6,71.6,264.2,71.6,356.0,73.4,336.2,0.0,0.0,67.64,877.0,72.05,-6.75,-11.159999999999997,0.007305555555555556,0.253,0.0,0.48,0.49,392.0,True,2026-09-05 12:08:19-07:00
60.06,1,9,2026-09-05 19:09:18,37.08172,-121.59967,336.0,0.0,114.0,-12.6,0.0,,0.0,0.0,0.0,10.9,-1.2,39.9,0.0,217.0,0.1,-0.02,1.0,99.0,19.0,27,0.0,29.88,1628.0,0.0,0.0,106,0.0,0.0,0.0,0.0,0.0,0.0,0.0,0.0,0.0,0.0,0.0,0.0,0.0,0.0,0.0,0.0,0.0,0.0,0.0,0.0,0.0,0.0,0.0,0.0,12.0,20.0,903.0,903.0,16.3,3.4,0.0,3.4,22.1,0.0,0.0,15.8,0.0,0.0,-0.6,40.2,35.1,0.0,0.0,0.0,0.0,22.0,207.0,22.0,155.0,22.0,215.0,24.0,201.0,0.0,0.0,-38.0,3.4,0.0,22.1,2.0,4.998,0.0,0.0,1.36,1.504,11.9,19.8,0.0,0.0,0.0,,0.0,80.6,68.0,0.0,0.0,0.0,0.0,71.6,404.6,71.6,311.0,71.6,419.0,75.2,393.8,0.0,0.0,67.64,903.0,72.5,-8.099999999999994,-12.959999999999994,0.008222222222222223,0.253,0.0,0.48,0.49,392.0,True,2026-09-05 12:08:19-07:00
61.06,1,9,2026-09-05 19:09:19,37.08171,-121.59966,337.0,0.0,114.0,-12.6,0.0,,0.0,0.0,0.0,10.8,-1.3,40.0,0.0,217.0,0.1,-0.02,1.0,99.0,10.0,27,0.0,29.88,1637.0,0.0,0.0,106,0.0,0.0,0.0,0.0,0.0,0.0,0.0,0.0,0.0,0.0,0.0,0.0,0.0,0.0,0.0,0.0,0.0,0.0,0.0,0.0,0.0,0.0,0.0,0.0,16.0,20.0,917.0,917.0,16.2,3.7,0.0,3.7,22.5,0.0,0.0,15.8,0.0,0.0,-0.7,40.2,35.1,0.0,0.0,0.0,0.0,22.0,240.0,22.0,186.0,22.0,243.0,24.0,230.0,0.0,0.0,-38.0,2.8,0.0,22.5,2.0,4.998,0.0,0.0,1.36,1.521,15.8,19.8,0.0,0.0,0.0,,0.0,80.6,68.0,0.0,0.0,0.0,0.0,71.6,464.0,71.6,366.8,71.6,469.4,75.2,446.0,0.0,0.0,67.64,917.0,72.5,-8.099999999999994,-12.959999999999994,0.009208333333333334,0.253,0.0,0.48,0.49,392.0,True,2026-09-05 12:08:19-07:00
62.06,1,9,2026-09-05 19:09:20,37.08171,-121.59966,337.0,0.0,114.0,-12.6,0.0,,0.0,0.0,0.0,10.8,-1.3,39.9,0.0,217.0,0.1,-0.02,1.0,99.0,12.0,27,0.0,29.88,1637.0,0.0,0.0,106,0.0,0.0,0.0,0.0,0.0,0.0,0.0,0.0,0.0,0.0,0.0,0.0,0.0,0.0,0.0,0.0,0.0,0.0,0.0,0.0,0.0,0.0,0.0,0.0,21.0,20.0,936.0,936.0,15.8,3.8,0.0,3.8,22.7,0.0,0.0,15.8,0.0,0.0,-0.7,40.2,35.1,0.0,0.0,0.0,0.0,22.0,269.0,22.0,220.0,23.0,270.0,25.0,257.0,0.0,0.0,-38.0,2.4,0.0,22.7,2.0,4.998,0.0,0.0,1.36,1.527,20.5,19.8,0.0,0.0,0.0,,0.0,80.6,68.0,0.0,0.0,0.0,0.0,71.6,516.2,71.6,428.0,73.4,518.0,77.0,494.6,0.0,0.0,67.64,936.0,73.4,-7.199999999999989,-12.959999999999994,0.01025,0.253,0.0,0.48,0.49,392.0,True,2026-09-05 12:08:19-07:00
63.06,1,9,2026-09-05 19:09:21,37.08171,-121.59966,336.0,0.0,114.0,-12.6,0.0,,0.0,0.0,0.0,10.8,-1.3,39.9,0.0,217.0,0.1,-0.02,1.0,99.0,-8.0,27,0.0,29.88,1637.0,0.0,0.0,106,0.0,0.0,0.0,0.0,0.0,0.0,0.0,0.0,0.0,0.0,0.0,0.0,0.0,0.0,0.0,0.0,0.0,0.0,0.0,0.0,0.0,0.0,0.0,0.0,26.0,20.0,969.0,969.0,15.5,3.7,0.0,3.7,23.0,0.0,0.0,15.8,0.0,0.0,-0.7,40.2,35.1,0.0,0.0,0.0,0.0,23.0,294.0,23.0,253.0,23.0,295.0,25.0,281.0,0.0,0.0,-38.0,2.1,0.0,23.0,2.0,4.998,0.0,0.0,1.36,1.531,26.4,19.7,0.0,0.0,0.0,,0.0,80.6,68.0,0.0,0.0,0.0,0.0,73.4,561.2,73.4,487.4,73.4,563.0,77.0,537.8,0.0,0.0,67.46,969.0,74.30000000000001,-6.299999999999983,-13.14,0.011291666666666667,0.253,0.0,0.48,0.49,392.0,True,2026-09-05 12:08:19-07:00
64.06,1,9,2026-09-05 19:09:22,37.08171,-121.59966,336.0,0.0,114.0,-12.6,0.0,,0.0,0.0,0.0,10.8,-1.3,40.0,0.0,217.0,0.1,-0.02,1.0,99.0,-38.0,27,0.0,29.88,1637.0,0.0,0.0,106,0.0,0.0,0.0,0.0,0.0,0.0,0.0,0.0,0.0,0.0,0.0,0.0,0.0,0.0,0.0,0.0,0.0,0.0,0.0,0.0,0.0,0.0,0.0,0.0,33.0,20.0,974.0,974.0,15.3,3.5,0.0,3.5,23.3,0.0,0.0,15.8,0.0,0.0,-0.7,40.2,35.1,0.0,0.0,0.0,0.0,23.0,319.0,23.0,282.0,24.0,318.0,26.0,304.0,0.0,0.0,-38.0,1.8,0.0,23.3,2.0,4.998,0.0,0.0,1.36,1.528,33.3,19.7,0.0,0.0,0.0,,0.0,80.6,68.0,0.0,0.0,0.0,0.0,73.4,606.2,73.4,539.6,75.2,604.4,78.8,579.2,0.0,0.0,67.46,974.0,75.2,-5.3999999999999915,-13.14,0.012291666666666666,0.253,0.0,0.48,0.49,392.0,True,2026-09-05 12:08:19-07:00
65.06,1,9,2026-09-05 19:09:23,37.08171,-121.59966,336.0,0.0,114.0,-12.6,0.0,,0.0,0.0,0.0,10.9,-1.3,40.0,0.0,217.0,0.1,-0.02,1.0,99.0,-37.0,27,0.0,29.88,1637.0,0.0,0.0,106,0.0,0.0,0.0,0.0,0.0,0.0,0.0,0.0,0.0,0.0,0.0,0.0,0.0,0.0,0.0,0.0,0.0,0.0,0.0,0.0,0.0,0.0,0.0,0.0,41.0,20.0,995.0,995.0,14.9,3.2,0.0,3.2,23.5,0.0,0.0,15.8,0.0,0.0,-0.7,40.2,35.1,0.0,0.0,0.0,0.0,23.0,338.0,23.0,309.0,24.0,340.0,26.0,327.0,0.0,0.0,-38.0,1.6,0.0,23.5,2.0,4.998,0.0,0.0,1.36,1.552,41.2,19.7,0.0,0.0,0.0,,0.0,80.6,68.0,0.0,0.0,0.0,0.0,73.4,640.4,73.4,588.2,75.2,644.0,78.8,620.6,0.0,0.0,67.46,995.0,75.2,-5.3999999999999915,-13.14,0.013222222222222222,0.253,0.0,0.48,0.49,392.0,True,2026-09-05 12:08:19-07:00
66.06,1,9,2026-09-05 19:09:24,37.08171,-121.59966,338.0,0.0,114.0,-12.6,0.0,,0.0,0.0,0.0,10.8,-1.3,40.0,0.0,217.0,0.1,-0.02,0.9,99.0,-52.0,27,0.0,29.88,1637.0,0.0,0.0,106,0.0,0.0,0.0,0.0,0.0,0.0,0.0,0.0,0.0,0.0,0.0,0.0,0.0,0.0,0.0,0.0,0.0,0.0,0.0,0.0,0.0,0.0,0.0,0.0,50.0,20.0,1024.0,1024.0,14.6,3.0,0.0,3.0,23.7,0.0,0.0,15.8,0.0,0.0,-0.7,40.2,35.1,0.0,0.0,0.0,0.0,24.0,356.0,24.0,332.0,24.0,361.0,27.0,346.0,0.0,0.0,-38.0,1.5,0.0,23.7,2.0,4.998,0.0,0.0,1.36,1.565,49.6,19.7,0.0,0.0,0.0,,0.0,80.6,68.0,0.0,0.0,0.0,0.0,75.2,672.8,75.2,629.6,75.2,681.8,80.6,654.8,0.0,0.0,67.46,1024.0,76.55,-4.049999999999997,-13.14,0.014083333333333333,0.253,0.0,0.48,0.49,392.0,True,2026-09-05 12:08:19-07:00
67.06,1,9,2026-09-05 19:09:25,37.08171,-121.59966,338.0,0.0,114.0,-12.6,0.0,,0.0,0.0,0.0,10.8,-1.2,40.0,0.0,216.0,0.1,-0.02,1.0,99.0,-35.0,27,0.0,29.88,1635.0,0.0,0.0,106,0.0,0.0,0.0,0.0,0.0,0.0,0.0,0.0,0.0,0.0,0.0,0.0,0.0,0.0,0.0,0.0,0.0,0.0,0.0,0.0,0.0,0.0,0.0,0.0,58.0,20.0,1052.0,1052.0,14.2,2.8,0.0,2.8,23.9,0.0,0.0,15.8,0.0,0.0,-0.7,40.2,35.1,0.0,0.0,0.0,0.0,24.0,372.0,24.0,351.0,25.0,381.0,27.0,365.0,0.0,0.0,-38.0,1.4,0.0,23.9,2.0,4.998,0.0,0.0,1.36,1.57,57.6,19.7,0.0,0.0,0.0,,0.0,80.6,68.0,0.0,0.0,0.0,0.0,75.2,701.6,75.2,663.8,77.0,717.8,80.6,689.0,0.0,0.0,67.46,1052.0,77.0,-3.5999999999999943,-13.14,0.014888888888888889,0.253,0.0,0.48,0.49,392.0,True,2026-09-05 12:08:19-07:00
68.06,1,9,2026-09-05 19:09:26,37.08171,-121.59966,338.0,0.0,114.0,-12.6,0.0,,0.0,0.0,0.0,10.8,-1.2,39.9,0.0,214.0,0.1,-0.02,1.0,99.0,-61.0,27,0.0,29.88,1635.0,0.0,0.0,106,0.0,0.0,0.0,0.0,0.0,0.0,0.0,0.0,0.0,0.0,0.0,0.0,0.0,0.0,0.0,0.0,0.0,0.0,0.0,0.0,0.0,0.0,0.0,0.0,64.0,20.0,1050.0,1050.0,14.1,2.6,0.0,2.6,24.0,0.0,0.0,15.8,0.0,0.0,-0.7,40.2,35.1,0.0,0.0,0.0,0.0,25.0,386.0,24.0,367.0,25.0,401.0,28.0,382.0,0.0,0.0,-38.0,1.3,0.0,24.0,2.0,4.998,0.0,0.0,1.36,1.567,64.2,19.7,0.0,0.0,0.0,,0.0,80.6,68.0,0.0,0.0,0.0,0.0,77.0,726.8,75.2,692.6,77.0,753.8,82.4,719.6,0.0,0.0,67.46,1050.0,77.9,-2.6999999999999886,-13.14,0.01563888888888889,0.253,0.0,0.48,0.49,392.0,True,2026-09-05 12:08:19-07:00
69.06,1,9,2026-09-05 19:09:27,37.08171,-121.59966,338.0,0.0,114.0,-12.6,0.0,,0.0,0.0,0.0,10.8,-1.2,39.9,0.0,214.0,0.1,-0.02,0.9,99.0,-62.0,27,0.0,29.88,1635.0,0.0,0.0,106,0.0,0.0,0.0,0.0,0.0,0.0,0.0,0.0,0.0,0.0,0.0,0.0,0.0,0.0,0.0,0.0,0.0,0.0,0.0,0.0,0.0,0.0,0.0,0.0,69.0,20.0,1047.0,1047.0,14.0,2.5,0.0,2.5,24.1,0.0,0.0,15.8,0.0,0.0,-0.7,40.2,35.1,0.0,0.0,0.0,0.0,25.0,398.0,25.0,384.0,26.0,420.0,28.0,399.0,0.0,0.0,-38.0,1.2,0.0,24.1,2.0,4.998,0.0,0.0,1.36,1.589,69.1,19.7,0.0,0.0,0.0,,0.0,80.6,68.0,0.0,0.0,0.0,0.0,77.0,748.4,77.0,723.2,78.8,788.0,82.4,750.2,0.0,0.0,67.46,1047.0,78.8,-1.7999999999999972,-13.14,0.01634722222222222,0.253,0.0,0.48,0.49,392.0,True,2026-09-05 12:08:19-07:00
70.06,1,9,2026-09-05 19:09:28,37.08171,-121.59966,338.0,0.0,114.0,-12.6,0.0,,0.0,0.0,0.0,10.9,-1.2,39.9,0.0,213.0,0.0,-0.02,1.0,99.0,-49.0,27,0.0,29.88,1642.0,0.0,0.0,106,0.0,0.0,0.0,0.0,0.0,0.0,0.0,0.0,0.0,0.0,0.0,0.0,0.0,0.0,0.0,0.0,0.0,0.0,0.0,0.0,0.0,0.0,0.0,0.0,72.0,20.0,1042.0,1042.0,14.0,2.4,0.0,2.4,24.1,0.0,0.0,15.8,0.0,0.0,-0.7,40.2,35.1,0.0,0.0,0.0,0.0,26.0,409.0,25.0,398.0,26.0,437.0,29.0,415.0,0.0,0.0,-38.0,1.2,0.0,24.1,2.0,4.998,0.0,0.0,1.36,1.594,72.4,19.7,0.0,0.0,0.0,,0.0,80.6,68.0,0.0,0.0,0.0,0.0,78.8,768.2,77.0,748.4,78.8,818.6,84.2,779.0,0.0,0.0,67.46,1042.0,79.7,-0.8999999999999915,-13.14,0.017027777777777777,0.253,0.0,0.48,0.49,392.0,True,2026-09-05 12:08:19-07:00
71.06,1,9,2026-09-05 19:09:29,37.08171,-121.59966,338.0,0.0,114.0,-12.6,0.0,,0.0,0.0,0.0,10.9,-1.2,39.9,0.0,212.0,0.1,-0.02,1.0,99.0,-57.0,27,0.0,29.88,1642.0,0.0,0.0,106,0.0,0.0,0.0,0.0,0.0,0.0,0.0,0.0,0.0,0.0,0.0,0.0,0.0,0.0,0.0,0.0,0.0,0.0,0.0,0.0,0.0,0.0,0.0,0.0,74.0,20.0,1072.0,1072.0,13.8,2.3,0.0,2.3,24.2,0.0,0.0,15.8,0.0,0.0,-0.7,40.2,35.1,0.0,0.0,0.0,0.0,26.0,419.0,26.0,410.0,26.0,454.0,29.0,428.0,0.0,0.0,-38.0,1.1,0.0,24.2,2.0,4.998,0.0,0.0,1.36,1.572,74.5,19.7,0.0,0.0,0.0,,0.0,80.6,68.0,0.0,0.0,0.0,0.0,78.8,786.2,78.8,770.0,78.8,849.2,84.2,802.4,0.0,0.0,67.46,1072.0,80.15,-0.44999999999998863,-13.14,0.017680555555555557,0.253,0.0,0.48,0.49,392.0,True,2026-09-05 12:08:19-07:00
72.06,1,9,2026-09-05 19:09:30,37.08171,-121.59966,338.0,0.0,114.0,-12.6,0.0,,0.0,0.0,0.0,10.9,-1.2,40.0,0.0,212.0,0.1,-0.02,1.0,99.0,-19.0,27,0.0,29.88,1640.0,0.0,0.0,106,0.0,0.0,0.0,0.0,0.0,0.0,0.0,0.0,0.0,0.0,0.0,0.0,0.0,0.0,0.0,0.0,0.0,0.0,0.0,0.0,0.0,0.0,0.0,0.0,76.0,20.0,1068.0,1068.0,13.7,2.3,0.0,2.3,24.3,0.0,0.0,15.8,0.0,0.0,-0.7,40.2,35.1,0.0,0.0,0.0,0.0,26.0,430.0,26.0,422.0,27.0,468.0,30.0,440.0,0.0,0.0,-38.0,1.1,0.0,24.3,2.0,4.998,0.0,0.0,1.36,1.584,75.7,19.7,0.0,0.0,0.0,,0.0,80.6,68.0,0.0,0.0,0.0,0.0,78.8,806.0,78.8,791.6,80.6,874.4,86.0,824.0,0.0,0.0,67.46,1068.0,81.05,0.45000000000000284,-13.14,0.018319444444444444,0.253,0.0,0.48,0.49,392.0,True,2026-09-05 12:08:19-07:00
73.06,1,9,2026-09-05 19:09:31,37.08171,-121.59966,338.0,0.0,114.0,-12.6,0.0,,0.0,0.0,0.0,10.9,-1.3,39.9,0.0,212.0,0.1,-0.02,1.0,99.0,4.0,27,0.0,29.88,1640.0,0.0,0.0,106,0.0,0.0,0.0,0.0,0.0,0.0,0.0,0.0,0.0,0.0,0.0,0.0,0.0,0.0,0.0,0.0,0.0,0.0,0.0,0.0,0.0,0.0,0.0,0.0,76.0,20.0,1076.0,1076.0,13.7,2.3,0.0,2.3,24.3,0.0,0.0,15.8,0.0,0.0,-0.6,40.2,35.1,0.0,0.0,0.0,0.0,27.0,440.0,27.0,433.0,27.0,484.0,30.0,457.0,0.0,0.0,-11.0,1.1,0.0,24.3,2.0,4.998,0.0,0.0,1.36,1.586,76.4,19.7,0.0,0.0,0.0,,0.0,80.6,68.0,0.0,0.0,0.0,0.0,80.6,824.0,80.6,811.4,80.6,903.2,86.0,854.6,0.0,0.0,67.46,1076.0,81.94999999999999,1.3499999999999943,-13.14,0.018958333333333334,0.253,0.0,0.48,0.49,392.0,True,2026-09-05 12:08:19-07:00
74.06,1,9,2026-09-05 19:09:32,37.08171,-121.59966,338.0,0.0,114.0,-12.6,0.0,,0.0,0.0,0.0,10.9,-1.2,40.0,0.0,212.0,0.1,-0.02,1.0,99.0,23.0,27,0.0,29.88,1640.0,0.0,0.0,106,0.0,0.0,0.0,0.0,0.0,0.0,0.0,0.0,0.0,0.0,0.0,0.0,0.0,0.0,0.0,0.0,0.0,0.0,0.0,0.0,0.0,0.0,0.0,0.0,77.0,20.0,1071.0,1071.0,13.8,2.2,0.0,2.2,24.4,0.0,0.0,15.8,0.0,0.0,-0.6,40.2,35.1,0.0,0.0,0.0,0.0,27.0,450.0,27.0,444.0,28.0,492.0,31.0,468.0,0.0,0.0,-8.0,1.0,0.0,24.4,2.0,4.998,0.0,0.0,1.36,1.586,76.8,19.7,0.0,0.0,0.0,,0.0,80.6,68.0,0.0,0.0,0.0,0.0,80.6,842.0,80.6,831.2,82.4,917.6,87.8,874.4,0.0,0.0,67.46,1071.0,82.85,2.25,-13.14,0.019583333333333335,0.253,0.0,0.48,0.49,392.0,True,2026-09-05 12:08:19-07:00
75.06,1,9,2026-09-05 19:09:33,37.08171,-121.59966,338.0,0.0,114.0,-12.6,0.0,,0.0,0.0,0.0,10.9,-1.2,40.0,0.0,212.0,0.1,-0.02,1.0,99.0,-7.0,27,0.0,29.88,1641.0,0.0,0.0,106,0.0,0.0,0.0,0.0,0.0,0.0,0.0,0.0,0.0,0.0,0.0,0.0,0.0,0.0,0.0,-7.0,0.0,0.0,0.0,0.0,0.0,0.0,0.0,0.0,77.0,20.0,1046.0,1046.0,13.6,2.2,0.0,2.2,24.4,0.0,0.0,15.8,0.0,0.0,-0.5,40.2,35.1,0.0,0.0,0.0,0.0,28.0,459.0,28.0,453.0,28.0,506.0,31.0,480.0,0.0,0.0,-13.0,1.0,0.0,24.4,2.0,4.998,0.0,0.0,1.36,1.578,77.1,19.7,0.0,0.0,0.0,,0.0,80.6,68.0,0.0,0.0,0.0,0.0,82.4,858.2,82.4,847.4,82.4,942.8,87.8,896.0,0.0,0.0,67.46,1046.0,83.75,3.1500000000000057,-13.14,0.020194444444444445,0.253,0.0,0.48,0.49,392.0,True,2026-09-05 12:08:19-07:00
76.06,1,9,2026-09-05 19:09:34,37.08171,-121.59966,338.0,0.0,114.0,-12.6,0.0,,0.0,0.0,0.0,10.9,-1.3,39.9,0.0,212.0,0.1,-0.02,1.0,99.0,-18.0,27,0.0,29.88,1641.0,0.0,0.0,106,0.0,0.0,0.0,0.0,0.0,0.0,0.0,0.0,0.0,0.0,0.0,0.0,0.0,0.0,0.0,-7.0,0.0,0.0,0.0,0.0,0.0,0.0,0.0,0.0,77.0,21.0,1014.0,1014.0,13.9,2.1,0.0,2.1,24.5,0.0,0.0,15.8,0.0,0.0,20.1,40.2,35.1,0.0,0.0,0.0,0.0,29.0,467.0,28.0,461.0,29.0,522.0,32.0,494.0,0.0,0.0,-13.0,1.0,0.0,24.5,2.0,4.998,0.0,0.0,1.36,1.593,77.0,20.8,0.0,0.0,0.0,,0.0,80.6,69.8,0.0,0.0,0.0,0.0,84.2,872.6,82.4,861.8,84.2,971.6,89.6,921.2,0.0,0.0,69.44,1014.0,85.10000000000001,4.500000000000014,-11.159999999999997,0.020791666666666667,0.253,0.0,0.48,0.49,392.0,True,2026-09-05 12:08:19-07:00
77.06,1,9,2026-09-05 19:09:35,37.08171,-121.59966,339.0,0.0,114.0,-12.6,0.0,,0.0,0.0,0.0,10.9,-1.3,39.8,0.0,212.0,0.1,-0.02,1.0,99.0,-16.0,27,0.0,29.88,1641.0,0.0,0.0,106,0.0,0.0,0.0,0.0,0.0,0.0,0.0,0.0,0.0,0.0,0.0,0.0,0.0,0.0,0.0,-2.0,0.0,0.0,0.0,0.0,3.0,1.0,0.0,1200.0,77.0,21.0,1011.0,1011.0,14.3,2.1,0.0,2.1,24.5,0.0,0.0,15.8,0.0,0.0,36.8,40.2,35.1,0.0,0.0,0.0,0.0,29.0,474.0,29.0,467.0,29.0,533.0,33.0,510.0,0.0,0.0,-13.0,1.0,0.0,24.5,2.0,4.998,0.0,0.0,1.36,1.565,76.8,20.8,0.0,0.0,0.0,,0.0,80.6,69.8,0.0,0.0,0.0,0.0,84.2,885.2,84.2,872.6,84.2,991.4,91.4,950.0,0.0,0.0,69.44,1011.0,86.0,5.400000000000006,-11.159999999999997,0.021375,0.253,0.0,0.48,0.49,392.0,True,2026-09-05 12:08:19-07:00
78.06,1,9,2026-09-05 19:09:36,37.08171,-121.59966,339.0,0.0,114.0,-12.6,0.0,,0.0,0.0,0.0,10.9,-1.3,39.8,0.0,211.0,0.1,-0.02,1.0,99.0,-28.0,27,0.0,29.88,1641.0,0.0,0.0,106,0.0,0.0,0.0,0.0,0.0,0.0,0.0,0.0,0.0,0.0,0.0,0.0,0.0,0.0,0.0,-2.0,0.0,0.0,0.0,0.0,1.0,1.0,0.0,1200.0,76.0,21.0,989.0,989.0,14.9,2.0,0.0,2.0,24.5,0.0,0.0,15.8,0.0,0.0,46.3,40.2,35.1,0.0,0.0,0.0,0.0,29.0,481.0,29.0,474.0,30.0,542.0,33.0,521.0,0.0,0.0,-13.0,1.0,0.0,24.5,2.0,4.998,0.0,0.0,1.36,1.559,76.4,20.8,0.0,0.0,0.0,,0.0,80.6,69.8,0.0,0.0,0.0,0.0,84.2,897.8,84.2,885.2,86.0,1007.6,91.4,969.8,0.0,0.0,69.44,989.0,86.45,5.8500000000000085,-11.159999999999997,0.021944444444444444,0.253,0.0,0.48,0.49,392.0,True,2026-09-05 12:08:19-07:00
79.06,1,9,2026-09-05 19:09:37,37.08171,-121.59966,339.0,0.0,114.0,-12.6,0.0,,0.0,0.0,0.0,10.9,-1.3,39.7,0.0,211.0,0.1,-0.02,0.9,99.0,-18.0,27,0.0,29.88,1641.0,0.0,0.0,106,0.0,0.0,0.0,0.0,0.0,0.0,0.0,0.0,0.0,0.0,0.0,0.0,0.0,0.0,0.0,-1.0,0.0,0.0,0.0,0.0,1.0,0.0,0.0,1200.0,76.0,21.0,986.0,986.0,14.9,2.0,0.0,2.0,24.5,0.0,0.0,15.8,0.0,0.0,52.2,40.2,35.1,0.0,0.0,0.0,0.0,30.0,487.0,30.0,479.0,30.0,552.0,34.0,536.0,0.0,0.0,-13.0,1.0,0.0,24.5,2.0,4.998,0.0,0.0,1.36,1.527,76.3,20.8,0.0,0.0,0.0,,0.0,80.6,69.8,0.0,0.0,0.0,0.0,86.0,908.6,86.0,894.2,86.0,1025.6,93.2,996.8,0.0,0.0,69.44,986.0,87.8,7.200000000000003,-11.159999999999997,0.0225,0.253,0.0,0.48,0.49,392.0,True,2026-09-05 12:08:19-07:00
80.06,1,9,2026-09-05 19:09:38,37.08171,-121.59966,339.0,0.0,114.0,-12.6,0.0,,0.0,0.0,0.0,10.9,-1.2,39.7,0.0,211.0,0.1,-0.02,1.0,99.0,8.0,27,0.0,29.88,1650.0,0.0,0.0,106,0.0,0.0,0.0,0.0,0.0,0.0,0.0,0.0,0.0,0.0,0.0,0.0,0.0,0.0,0.0,-1.0,0.0,0.0,0.0,0.0,1.0,0.0,0.0,1200.0,76.0,21.0,1018.0,1018.0,15.0,2.0,0.0,2.0,24.6,0.0,0.0,15.8,0.0,0.0,55.6,40.2,35.1,0.0,0.0,0.0,0.0,30.0,493.0,30.0,483.0,30.0,555.0,34.0,542.0,0.0,0.0,-13.0,1.0,0.0,24.6,2.0,4.998,0.0,0.0,1.36,1.57,76.2,20.9,0.0,0.0,0.0,,0.0,80.6,69.8,0.0,0.0,0.0,0.0,86.0,919.4,86.0,901.4,86.0,1031.0,93.2,1007.6,0.0,0.0,69.62,1018.0,87.8,7.200000000000003,-10.97999999999999,0.023055555555555555,0.253,0.0,0.48,0.49,392.0,True,2026-09-05 12:08:19-07:00
81.06,1,9,2026-09-05 19:09:39,37.08171,-121.59966,340.0,0.0,114.0,-12.6,0.0,,0.0,0.0,0.0,10.9,-1.2,39.7,0.0,211.0,0.1,-0.02,0.9,99.0,40.0,27,0.0,29.88,1649.0,0.0,0.0,106,0.0,0.0,0.0,0.0,0.0,0.0,0.0,0.0,0.0,0.0,0.0,0.0,0.0,0.0,0.0,-1.0,0.0,0.0,0.0,0.0,0.0,0.0,0.0,0.0,76.0,21.0,1014.0,1014.0,14.9,2.0,0.0,2.0,24.5,0.0,0.0,15.8,0.0,0.0,55.5,40.2,35.1,0.0,0.0,0.0,0.0,31.0,500.0,31.0,488.0,31.0,564.0,35.0,546.0,0.0,0.0,-13.0,1.0,0.0,24.5,2.0,4.998,0.0,0.0,1.36,1.567,76.3,20.7,0.0,0.0,0.0,,0.0,80.6,69.8,0.0,0.0,0.0,0.0,87.8,932.0,87.8,910.4,87.8,1047.2,95.0,1014.8,0.0,0.0,69.25999999999999,1014.0,89.60000000000001,9.000000000000014,-11.340000000000003,0.02361111111111111,0.253,0.0,0.48,0.49,392.0,True,2026-09-05 12:08:19-07:00
82.06,1,9,2026-09-05 19:09:40,37.08171,-121.59966,340.0,0.0,114.0,-12.6,0.0,,0.0,0.0,0.0,10.9,-1.2,39.7,0.0,211.0,0.1,-0.02,1.0,99.0,88.0,27,0.0,29.88,1649.0,0.0,0.0,106,0.0,0.0,0.0,0.0,0.0,0.0,0.0,0.0,0.0,0.0,0.0,0.0,0.0,0.0,0.0,-1.0,0.0,0.0,0.0,0.0,0.0,0.0,0.0,0.0,77.0,21.0,1018.0,1018.0,14.6,1.9,0.0,1.9,24.5,0.0,0.0,15.8,0.0,0.0,51.5,40.2,35.1,0.0,0.0,0.0,0.0,32.0,505.0,31.0,493.0,31.0,570.0,35.0,558.0,0.0,0.0,-13.0,1.0,0.0,24.5,2.0,4.998,0.0,0.0,1.36,1.556,76.5,20.6,0.0,0.0,0.0,,0.0,80.6,69.8,0.0,0.0,0.0,0.0,89.6,941.0,87.8,919.4,87.8,1058.0,95.0,1036.4,0.0,0.0,69.08,1018.0,90.05000000000001,9.450000000000017,-11.519999999999996,0.024152777777777776,0.253,0.0,0.48,0.49,392.0,True,2026-09-05 12:08:19-07:00
83.06,1,9,2026-09-05 19:09:41,37.08171,-121.59966,340.0,0.0,114.0,-12.6,0.0,,0.0,0.0,0.0,10.9,-1.2,39.7,0.0,211.0,0.1,-0.02,1.0,99.0,77.0,27,0.0,29.88,1649.0,0.0,0.0,106,0.0,0.0,0.0,0.0,0.0,0.0,0.0,0.0,0.0,0.0,0.0,0.0,0.0,0.0,0.0,-1.0,0.0,0.0,0.0,0.0,0.0,0.0,0.0,0.0,77.0,21.0,1006.0,1006.0,14.5,1.9,0.0,1.9,24.5,0.0,0.0,15.8,0.0,0.0,46.8,40.2,35.1,0.0,0.0,0.0,0.0,32.0,509.0,32.0,498.0,32.0,577.0,36.0,567.0,0.0,0.0,-13.0,1.0,0.0,24.5,2.0,4.998,0.0,0.0,1.36,1.577,76.7,20.6,0.0,0.0,0.0,,0.0,80.6,69.8,0.0,0.0,0.0,0.0,89.6,948.2,89.6,928.4,89.6,1070.6,96.8,1052.6,0.0,0.0,69.08,1006.0,91.4,10.800000000000011,-11.519999999999996,0.024680555555555556,0.253,0.0,0.48,0.49,392.0,True,2026-09-05 12:08:19-07:00
84.06,1,9,2026-09-05 19:09:42,37.08171,-121.59966,340.0,0.0,114.0,-12.6,0.0,,0.0,0.0,0.0,10.9,-1.3,39.7,0.0,211.0,0.1,-0.02,1.0,99.0,63.0,27,0.0,29.88,1650.0,0.0,0.0,106,0.0,0.0,0.0,0.0,0.0,0.0,0.0,0.0,0.0,0.0,0.0,0.0,0.0,0.0,0.0,-1.0,0.0,0.0,0.0,0.0,0.0,0.0,0.0,0.0,77.0,21.0,1030.0,1030.0,14.7,2.0,0.0,2.0,24.5,0.0,0.0,15.8,0.0,0.0,42.1,40.2,35.1,0.0,0.0,0.0,0.0,32.0,514.0,32.0,502.0,32.0,578.0,36.0,562.0,0.0,0.0,-13.0,1.0,0.0,24.5,2.0,4.998,0.0,0.0,1.36,1.582,76.6,20.5,0.0,0.0,0.0,,0.0,80.6,69.8,0.0,0.0,0.0,0.0,89.6,957.2,89.6,935.6,89.6,1072.4,96.8,1043.6,0.0,0.0,68.9,1030.0,91.4,10.800000000000011,-11.699999999999989,0.025222222222222222,0.253,0.0,0.48,0.49,392.0,True,2026-09-05 12:08:19-07:00
85.06,1,9,2026-09-05 19:09:43,37.08171,-121.59966,340.0,0.0,114.0,-12.6,0.0,,0.0,0.0,0.0,10.9,-1.3,39.7,0.0,211.0,0.1,-0.02,1.0,99.0,75.0,27,0.0,29.88,1650.0,0.0,0.0,106,0.0,0.0,0.0,0.0,0.0,0.0,0.0,0.0,0.0,0.0,0.0,0.0,0.0,0.0,0.0,-1.0,0.0,0.0,0.0,0.0,0.0,0.0,0.0,0.0,77.0,20.0,984.0,984.0,14.6,2.0,0.0,2.0,24.5,0.0,0.0,15.8,0.0,0.0,37.6,40.2,35.1,0.0,0.0,0.0,0.0,33.0,518.0,33.0,506.0,33.0,576.0,37.0,573.0,0.0,0.0,-13.0,1.0,0.0,24.5,2.0,4.998,0.0,0.0,1.36,1.572,76.7,20.5,0.0,0.0,0.0,,0.0,80.6,68.0,0.0,0.0,0.0,0.0,91.4,964.4,91.4,942.8,91.4,1068.8,98.6,1063.4,0.0,0.0,68.9,984.0,93.19999999999999,12.599999999999994,-11.699999999999989,0.025777777777777778,0.253,0.0,0.48,0.49,392.0,True,2026-09-05 12:08:19-07:00
86.06,1,9,2026-09-05 19:09:44,37.08171,-121.59966,341.0,0.0,114.0,-12.6,0.0,,0.0,0.0,0.0,10.9,-1.2,39.8,0.0,212.0,0.1,-0.02,1.0,99.0,87.0,27,0.0,29.88,1650.0,0.0,0.0,106,0.0,0.0,0.0,0.0,0.0,0.0,0.0,0.0,0.0,0.0,0.0,0.0,0.0,0.0,0.0,-1.0,0.0,0.0,0.0,0.0,0.0,0.0,0.0,0.0,77.0,20.0,1057.0,1057.0,14.8,2.0,0.0,2.0,24.5,0.0,0.0,15.8,0.0,0.0,33.6,40.2,35.1,0.0,0.0,0.0,0.0,34.0,521.0,33.0,510.0,33.0,558.0,37.0,581.0,0.0,0.0,-13.0,0.0,0.0,24.5,2.0,4.998,0.0,0.0,1.36,1.517,76.6,20.4,0.0,0.0,0.0,,0.0,80.6,68.0,0.0,0.0,0.0,0.0,93.2,969.8,91.4,950.0,91.4,1036.4,98.6,1077.8,0.0,0.0,68.72,1057.0,93.64999999999999,13.049999999999997,-11.879999999999995,0.026333333333333334,0.253,0.0,0.48,0.49,392.0,True,2026-09-05 12:08:19-07:00
87.06,1,9,2026-09-05 19:09:45,37.08171,-121.59966,341.0,0.0,114.0,-12.6,0.0,,0.0,0.0,0.0,10.9,-1.2,39.7,0.0,212.0,0.1,-0.02,1.0,99.0,62.0,27,0.0,29.88,1651.0,0.0,0.0,106,0.0,0.0,0.0,0.0,0.0,0.0,0.0,0.0,0.0,0.0,0.0,0.0,0.0,0.0,0.0,-1.0,0.0,0.0,0.0,0.0,0.0,0.0,0.0,0.0,77.0,20.0,1049.0,1049.0,14.1,2.0,0.0,2.0,24.5,0.0,0.0,15.8,0.0,0.0,30.0,40.2,35.1,0.0,0.0,0.0,0.0,34.0,525.0,34.0,514.0,34.0,568.0,38.0,584.0,0.0,0.0,-13.0,0.0,0.0,24.5,2.0,4.998,0.0,0.0,1.36,1.567,76.9,20.4,0.0,0.0,0.0,,0.0,80.6,68.0,0.0,0.0,0.0,0.0,93.2,977.0,93.2,957.2,93.2,1054.4,100.4,1083.2,0.0,0.0,68.72,1049.0,95.0,14.400000000000006,-11.879999999999995,0.02688888888888889,0.253,0.0,0.48,0.49,392.0,True,2026-09-05 12:08:19-07:00
88.06,1,9,2026-09-05 19:09:46,37.08171,-121.59966,341.0,0.0,114.0,-12.6,0.0,,0.0,0.0,0.0,10.9,-1.3,39.8,0.0,212.0,0.1,-0.03,1.0,99.0,46.0,27,0.0,29.88,1651.0,0.0,0.0,106,0.0,0.0,0.0,0.0,0.0,0.0,0.0,0.0,0.0,0.0,0.0,0.0,0.0,0.0,0.0,-1.0,0.0,0.0,0.0,0.0,0.0,0.0,0.0,0.0,77.0,20.0,1079.0,1079.0,13.9,2.1,0.0,2.1,24.4,0.0,0.0,15.8,0.0,0.0,26.8,40.2,35.1,0.0,0.0,0.0,0.0,35.0,529.0,35.0,518.0,34.0,577.0,38.0,590.0,0.0,0.0,-13.0,0.0,0.0,24.4,2.0,4.998,0.0,0.0,1.36,1.55,77.1,20.4,0.0,0.0,0.0,,0.0,80.6,68.0,0.0,0.0,0.0,0.0,95.0,984.2,95.0,964.4,93.2,1070.6,100.4,1094.0,0.0,0.0,68.72,1079.0,95.9,15.300000000000011,-11.879999999999995,0.027458333333333335,0.253,0.0,0.48,0.49,392.0,True,2026-09-05 12:08:19-07:00
89.06,1,9,2026-09-05 19:09:47,37.08171,-121.59966,341.0,0.0,114.0,-12.6,0.0,,0.0,0.0,0.0,10.9,-1.2,39.8,0.0,213.0,0.1,-0.02,1.0,99.0,59.0,27,0.0,29.88,1651.0,0.0,0.0,106,0.0,0.0,0.0,0.0,0.0,0.0,0.0,0.0,0.0,0.0,0.0,0.0,0.0,0.0,0.0,-1.0,0.0,0.0,0.0,0.0,0.0,0.0,0.0,0.0,77.0,20.0,1094.0,1094.0,13.7,2.1,0.0,2.1,24.4,0.0,0.0,15.8,0.0,0.0,23.9,40.2,35.1,0.0,0.0,0.0,0.0,35.0,531.0,35.0,522.0,35.0,584.0,39.0,590.0,0.0,0.0,-13.0,0.0,0.0,24.4,2.0,4.998,0.0,0.0,1.36,1.541,77.3,20.3,0.0,0.0,0.0,,0.0,80.6,68.0,0.0,0.0,0.0,0.0,95.0,987.8,95.0,971.6,95.0,1083.2,102.2,1094.0,0.0,0.0,68.54,1094.0,96.8,16.200000000000003,-12.059999999999988,0.028041666666666666,0.253,0.0,0.48,0.49,392.0,True,2026-09-05 12:08:19-07:00
90.06,1,9,2026-09-05 19:09:48,37.08171,-121.59966,342.0,0.0,114.0,-12.6,0.0,,0.0,0.0,0.0,10.9,-1.3,39.8,0.0,214.0,0.1,-0.02,1.0,99.0,46.0,27,0.0,29.88,1655.0,0.0,0.0,106,0.0,0.0,0.0,0.0,0.0,0.0,0.0,0.0,0.0,0.0,0.0,0.0,0.0,0.0,0.0,-1.0,0.0,0.0,0.0,0.0,0.0,0.0,0.0,0.0,77.0,20.0,1090.0,1090.0,13.6,2.2,0.0,2.2,24.4,0.0,0.0,15.8,0.0,0.0,21.3,40.2,35.1,0.0,0.0,0.0,0.0,36.0,532.0,36.0,524.0,35.0,584.0,40.0,589.0,0.0,0.0,-13.0,0.0,0.0,24.4,2.0,4.998,0.0,0.0,1.36,1.582,77.3,20.3,0.0,0.0,0.0,,0.0,80.6,68.0,0.0,0.0,0.0,0.0,96.8,989.6,96.8,975.2,95.0,1083.2,104.0,1092.2,0.0,0.0,68.54,1090.0,98.15,17.55000000000001,-12.059999999999988,0.02863888888888889,0.253,0.0,0.48,0.49,392.0,True,2026-09-05 12:08:19-07:00
91.06,1,9,2026-09-05 19:09:49,37.08171,-121.59966,344.0,0.0,114.0,-12.6,0.0,,0.0,0.0,0.0,10.9,-1.3,39.7,0.0,214.0,0.1,-0.02,1.0,99.0,34.0,27,0.0,29.88,1655.0,0.0,0.0,106,0.0,0.0,0.0,0.0,0.0,0.0,0.0,0.0,0.0,0.0,0.0,0.0,0.0,0.0,0.0,-1.0,0.0,0.0,0.0,0.0,0.0,0.0,0.0,0.0,77.0,20.0,1094.0,1094.0,13.5,2.3,0.0,2.3,24.4,0.0,0.0,15.8,0.0,0.0,19.2,40.2,35.1,0.0,0.0,0.0,0.0,36.0,533.0,36.0,526.0,36.0,583.0,40.0,587.0,0.0,0.0,-13.0,0.0,0.0,24.4,2.0,4.998,0.0,0.0,1.36,1.565,77.4,20.3,0.0,0.0,0.0,,0.0,80.6,68.0,0.0,0.0,0.0,0.0,96.8,991.4,96.8,978.8,96.8,1081.4,104.0,1088.6,0.0,0.0,68.54,1094.0,98.60000000000001,18.000000000000014,-12.059999999999988,0.029263888888888888,0.253,0.0,0.48,0.49,392.0,True,2026-09-05 12:08:19-07:00
92.06,1,9,2026-09-05 19:09:50,37.08171,-121.59966,344.0,0.0,114.0,-12.6,0.0,,0.0,0.0,0.0,10.8,-1.3,39.7,0.0,215.0,0.0,-0.02,1.0,99.0,35.0,27,0.0,29.88,1655.0,0.0,0.0,106,0.0,0.0,0.0,0.0,0.0,0.0,0.0,0.0,0.0,0.0,0.0,0.0,0.0,0.0,0.0,-1.0,0.0,0.0,0.0,0.0,0.0,0.0,0.0,0.0,78.0,20.0,1111.0,1111.0,13.5,2.4,0.0,2.4,24.4,0.0,0.0,15.8,0.0,0.0,17.4,40.2,35.1,0.0,0.0,0.0,0.0,37.0,534.0,37.0,530.0,36.0,581.0,41.0,587.0,0.0,0.0,-13.0,0.0,0.0,24.4,2.0,4.998,0.0,0.0,1.36,1.578,77.5,20.3,0.0,0.0,0.0,,0.0,80.6,68.0,0.0,0.0,0.0,0.0,98.6,993.2,98.6,986.0,96.8,1077.8,105.8,1088.6,0.0,0.0,68.54,1111.0,99.94999999999999,19.349999999999994,-12.059999999999988,0.029916666666666668,0.253,0.0,0.48,0.49,392.0,True,2026-09-05 12:08:19-07:00
93.06,1,9,2026-09-05 19:09:51,37.08171,-121.59966,344.0,0.0,114.0,-12.6,0.0,,0.0,0.0,0.0,10.8,-1.4,39.7,0.0,215.0,0.1,-0.02,1.0,99.0,-3.0,27,0.0,29.88,1656.0,0.0,0.0,106,0.0,0.0,0.0,0.0,0.0,0.0,0.0,0.0,0.0,0.0,0.0,0.0,0.0,0.0,0.0,-1.0,0.0,0.0,0.0,0.0,0.0,0.0,0.0,0.0,78.0,20.0,1103.0,1103.0,13.4,2.4,0.0,2.4,24.4,0.0,0.0,15.8,0.0,0.0,16.0,40.2,35.1,0.0,0.0,0.0,0.0,37.0,536.0,37.0,533.0,37.0,581.0,42.0,587.0,0.0,0.0,-13.0,0.0,0.0,24.4,2.0,4.998,0.0,0.0,1.36,1.581,77.5,20.3,0.0,0.0,0.0,,0.0,80.6,68.0,0.0,0.0,0.0,0.0,98.6,996.8,98.6,991.4,98.6,1077.8,107.6,1088.6,0.0,0.0,68.54,1103.0,100.85,20.25,-12.059999999999988,0.030583333333333334,0.253,0.0,0.48,0.49,392.0,True,2026-09-05 12:08:19-07:00
94.06,1,9,2026-09-05 19:09:52,37.08171,-121.59966,344.0,0.0,114.0,-12.6,0.0,,0.0,0.0,0.0,10.8,-1.3,39.8,0.0,215.0,0.1,-0.02,0.9,99.0,-3.0,27,0.0,29.88,1656.0,0.0,0.0,106,0.0,0.0,0.0,0.0,0.0,0.0,0.0,0.0,0.0,0.0,0.0,0.0,0.0,0.0,0.0,-1.0,0.0,0.0,0.0,0.0,0.0,0.0,0.0,0.0,78.0,20.0,1124.0,1124.0,13.4,2.3,0.0,2.3,24.6,0.0,0.0,15.8,0.0,0.0,14.8,40.2,35.1,0.0,0.0,0.0,0.0,38.0,536.0,38.0,536.0,37.0,582.0,42.0,584.0,0.0,0.0,-13.0,0.0,0.0,24.6,2.0,4.998,0.0,0.0,1.36,1.582,77.6,20.3,0.0,0.0,0.0,,0.0,80.6,68.0,0.0,0.0,0.0,0.0,100.4,996.8,100.4,996.8,98.6,1079.6,107.6,1083.2,0.0,0.0,68.54,1124.0,101.75,21.150000000000006,-12.059999999999988,0.03123611111111111,0.253,0.0,0.48,0.49,392.0,True,2026-09-05 12:08:19-07:00
95.06,1,9,2026-09-05 19:09:53,37.08171,-121.59966,345.0,0.0,114.0,-12.6,0.0,,0.0,0.0,0.0,10.8,-1.4,39.8,0.0,215.0,0.1,-0.02,1.0,99.0,5.0,27,0.0,29.88,1656.0,0.0,0.0,106,0.0,0.0,0.0,0.0,0.0,0.0,0.0,0.0,0.0,0.0,0.0,0.0,0.0,0.0,0.0,-1.0,0.0,0.0,0.0,0.0,0.0,0.0,0.0,0.0,78.0,20.0,1123.0,1123.0,13.3,2.2,0.0,2.2,24.6,0.0,0.0,15.8,0.0,0.0,13.8,40.2,35.1,0.0,0.0,0.0,0.0,38.0,539.0,38.0,539.0,38.0,585.0,43.0,586.0,0.0,0.0,-13.0,0.0,0.0,24.6,2.0,4.998,0.0,0.0,1.36,1.602,77.7,20.3,0.0,0.0,0.0,,0.0,80.6,68.0,0.0,0.0,0.0,0.0,100.4,1002.2,100.4,1002.2,100.4,1085.0,109.4,1086.8,0.0,0.0,68.54,1123.0,102.65,22.05000000000001,-12.059999999999988,0.03186111111111111,0.253,0.0,0.48,0.49,392.0,True,2026-09-05 12:08:19-07:00
96.06,1,9,2026-09-05 19:09:54,37.08171,-121.59966,345.0,0.0,114.0,-12.6,0.0,,0.0,0.0,0.0,10.9,-1.3,39.8,0.0,215.0,0.1,-0.02,1.0,99.0,-2.0,27,0.0,29.88,1656.0,0.0,0.0,106,0.0,0.0,0.0,0.0,0.0,0.0,0.0,0.0,0.0,0.0,0.0,0.0,0.0,0.0,0.0,-1.0,0.0,0.0,0.0,0.0,0.0,0.0,0.0,0.0,78.0,20.0,1127.0,1127.0,13.2,2.2,0.0,2.2,24.6,0.0,0.0,15.8,0.0,0.0,13.0,40.2,35.1,0.0,0.0,0.0,0.0,39.0,543.0,39.0,542.0,39.0,589.0,44.0,590.0,0.0,0.0,-13.0,0.0,0.0,24.6,2.0,4.998,0.0,0.0,1.36,1.592,77.7,20.3,0.0,0.0,0.0,,0.0,80.6,68.0,0.0,0.0,0.0,0.0,102.2,1009.4,102.2,1007.6,102.2,1092.2,111.2,1094.0,0.0,0.0,68.54,1127.0,104.45,23.85000000000001,-12.059999999999988,0.03247222222222222,0.253,0.0,0.48,0.49,392.0,True,2026-09-05 12:08:19-07:00
97.06,1,9,2026-09-05 19:09:55,37.08171,-121.59966,345.0,0.0,114.0,-12.6,0.0,,0.0,0.0,0.0,10.8,-1.4,39.8,0.0,215.0,0.1,-0.02,1.0,99.0,5.0,27,0.0,29.88,1656.0,0.0,0.0,106,0.0,0.0,0.0,0.0,0.0,0.0,0.0,0.0,0.0,0.0,0.0,0.0,0.0,0.0,0.0,-1.0,0.0,0.0,0.0,0.0,0.0,0.0,0.0,0.0,78.0,20.0,1131.0,1131.0,13.2,2.2,0.0,2.2,24.6,0.0,0.0,15.8,0.0,0.0,12.4,40.2,35.1,0.0,0.0,0.0,0.0,40.0,546.0,40.0,544.0,39.0,592.0,44.0,593.0,0.0,0.0,-13.0,0.0,0.0,24.6,2.0,4.998,0.0,0.0,1.36,1.589,77.8,20.3,0.0,0.0,0.0,,0.0,80.6,68.0,0.0,0.0,0.0,0.0,104.0,1014.8,104.0,1011.2,102.2,1097.6,111.2,1099.4,0.0,0.0,68.54,1131.0,105.35,24.75,-12.059999999999988,0.03308333333333333,0.253,0.0,0.48,0.49,392.0,True,2026-09-05 12:08:19-07:00
98.06,1,9,2026-09-05 19:09:56,37.0817,-121.59966,346.0,0.0,114.0,-12.6,0.0,,0.0,0.0,0.0,10.8,-1.3,39.8,0.0,215.0,0.1,-0.02,1.0,99.0,-5.0,27,0.0,29.88,1656.0,0.0,0.0,106,0.0,0.0,0.0,0.0,0.0,0.0,0.0,0.0,0.0,0.0,0.0,0.0,0.0,0.0,0.0,-1.0,0.0,0.0,0.0,0.0,0.0,0.0,0.0,0.0,78.0,20.0,1118.0,1118.0,13.2,2.1,0.0,2.1,24.5,0.0,0.0,15.8,0.0,0.0,12.1,40.2,35.1,0.0,0.0,0.0,0.0,40.0,547.0,40.0,546.0,40.0,595.0,45.0,593.0,0.0,0.0,-18.0,0.0,0.0,24.5,2.0,4.998,0.0,0.0,1.36,1.595,77.7,20.4,0.0,0.0,0.0,,0.0,80.6,68.0,0.0,0.0,0.0,0.0,104.0,1016.6,104.0,1014.8,104.0,1103.0,113.0,1099.4,0.0,0.0,68.72,1118.0,106.25,25.650000000000006,-11.879999999999995,0.033680555555555554,0.253,0.0,0.48,0.49,392.0,True,2026-09-05 12:08:19-07:00
99.06,1,9,2026-09-05 19:09:57,37.0817,-121.59966,346.0,0.0,114.0,-12.6,0.0,,0.0,0.0,0.0,10.8,-1.3,39.8,0.0,215.0,0.1,-0.02,1.0,99.0,-29.0,27,0.0,29.88,1665.0,0.0,0.0,106,0.0,0.0,0.0,0.0,0.0,0.0,0.0,0.0,0.0,0.0,0.0,0.0,0.0,0.0,0.0,-1.0,0.0,0.0,0.0,0.0,0.0,0.0,0.0,0.0,78.0,20.0,1119.0,1119.0,13.3,2.1,0.0,2.1,24.5,0.0,0.0,15.8,0.0,0.0,11.8,40.2,35.1,0.0,0.0,0.0,0.0,41.0,549.0,41.0,548.0,40.0,599.0,46.0,595.0,0.0,0.0,-22.0,0.0,0.0,24.5,2.0,4.998,0.0,0.0,1.36,1.594,77.7,20.4,0.0,0.0,0.0,,0.0,80.6,68.0,0.0,0.0,0.0,0.0,105.8,1020.2,105.8,1018.4,104.0,1110.2,114.8,1103.0,0.0,0.0,68.72,1119.0,107.60000000000001,27.000000000000014,-11.879999999999995,0.03426388888888889,0.253,0.0,0.48,0.49,392.0,True,2026-09-05 12:08:19-07:00
100.06,1,9,2026-09-05 19:09:58,37.0817,-121.59966,346.0,0.0,114.0,-12.6,0.0,,0.0,0.0,0.0,10.8,-1.3,39.9,0.0,215.0,0.1,-0.02,1.0,99.0,-55.0,27,0.0,29.88,1665.0,0.0,0.0,106,0.0,0.0,0.0,0.0,0.0,0.0,0.0,0.0,0.0,0.0,0.0,0.0,0.0,0.0,0.0,-70.0,0.0,0.0,0.0,0.0,0.0,0.0,0.0,0.0,78.0,20.0,1143.0,1143.0,13.1,2.1,0.0,2.1,24.6,0.0,0.0,15.8,0.0,0.0,11.3,40.2,35.1,0.0,0.0,0.0,0.0,42.0,551.0,41.0,551.0,41.0,601.0,46.0,597.0,0.0,0.0,-22.0,0.0,0.0,24.6,2.0,4.998,0.0,0.0,1.36,1.589,77.8,20.4,0.0,0.0,0.0,,0.0,80.6,68.0,0.0,0.0,0.0,0.0,107.6,1023.8,105.8,1023.8,105.8,1113.8,114.8,1106.6,0.0,0.0,68.72,1143.0,108.5,27.900000000000006,-11.879999999999995,0.034847222222222224,0.253,0.0,0.48,0.49,392.0,True,2026-09-05 12:08:19-07:00
101.06,1,9,2026-09-05 19:09:59,37.0817,-121.59966,346.0,0.0,114.0,-12.6,0.0,,0.0,0.0,0.0,10.9,-1.2,39.9,0.0,215.0,0.1,-0.02,1.0,99.0,-58.0,27,0.0,29.88,1665.0,0.0,0.0,106,0.0,0.0,0.0,0.0,0.0,0.0,0.0,0.0,0.0,0.0,0.0,0.0,1.0,0.0,0.0,-70.0,0.0,0.0,0.0,0.0,3.0,0.0,0.0,1200.0,78.0,20.0,1139.0,1139.0,13.0,2.1,0.0,2.1,24.6,0.0,0.0,15.8,0.0,0.0,10.9,40.2,35.1,0.0,0.0,0.0,0.0,42.0,555.0,42.0,553.0,42.0,603.0,47.0,599.0,0.0,0.0,-22.0,0.0,0.0,24.6,2.0,4.998,0.0,0.0,1.36,1.583,77.9,20.4,0.0,0.0,0.0,,0.0,80.6,68.0,0.0,0.0,0.0,0.0,107.6,1031.0,107.6,1027.4,107.6,1117.4,116.6,1110.2,0.0,0.0,68.72,1139.0,109.85,29.25,-11.879999999999995,0.035430555555555555,0.253,0.0,0.48,0.49,392.0,True,2026-09-05 12:08:19-07:00
102.06,1,9,2026-09-05 19:10:00,37.0817,-121.59966,346.0,0.0,114.0,-12.6,0.0,,0.0,0.0,0.0,10.8,-1.2,39.9,0.0,215.0,0.1,-0.02,1.0,99.0,-12.0,27,0.0,29.88,1665.0,0.0,0.0,106,0.0,0.0,0.0,0.0,0.0,0.0,0.0,0.0,0.0,0.0,0.0,0.0,1.0,0.0,0.0,-70.0,0.0,0.0,0.0,0.0,1.0,0.0,0.0,1200.0,78.0,20.0,1129.0,1129.0,13.2,2.1,0.0,2.1,24.5,0.0,0.0,15.8,0.0,0.0,10.6,40.2,35.1,0.0,0.0,0.0,0.0,43.0,558.0,43.0,555.0,42.0,603.0,47.0,601.0,0.0,0.0,-22.0,0.0,0.0,24.5,2.0,4.998,0.0,0.0,1.36,1.589,77.9,20.4,0.0,0.0,0.0,,0.0,80.6,68.0,0.0,0.0,0.0,0.0,109.4,1036.4,109.4,1031.0,107.6,1117.4,116.6,1113.8,0.0,0.0,68.72,1129.0,110.75,30.150000000000006,-11.879999999999995,0.03601388888888889,0.253,0.0,0.48,0.49,392.0,True,2026-09-05 12:08:19-07:00
103.06,1,9,2026-09-05 19:10:01,37.0817,-121.59966,347.0,0.0,114.0,-12.6,0.0,,0.0,0.0,0.0,10.8,-1.2,40.0,0.0,215.0,0.1,-0.02,1.0,99.0,-11.0,27,0.0,29.88,1665.0,0.0,0.0,106,0.0,0.0,0.0,0.0,0.0,0.0,0.0,0.0,0.0,0.0,0.0,0.0,2.0,0.0,0.0,-70.0,0.0,0.0,0.0,0.0,1.0,0.0,0.0,1200.0,78.0,20.0,1141.0,1141.0,13.1,2.1,0.0,2.1,24.6,0.0,0.0,15.8,0.0,0.0,10.3,40.2,35.1,0.0,0.0,0.0,0.0,43.0,560.0,43.0,555.0,43.0,605.0,48.0,603.0,0.0,0.0,-22.0,0.0,0.0,24.6,2.0,4.998,0.0,0.0,1.36,1.578,77.9,20.4,0.0,0.0,0.0,,0.0,80.6,68.0,0.0,0.0,0.0,0.0,109.4,1040.0,109.4,1031.0,109.4,1121.0,118.4,1117.4,0.0,0.0,68.72,1141.0,111.65,31.05000000000001,-11.879999999999995,0.036597222222222225,0.253,0.0,0.48,0.49,392.0,True,2026-09-05 12:08:19-07:00
104.06,1,9,2026-09-05 19:10:02,37.0817,-121.59966,347.0,0.0,114.0,-12.6,0.0,,0.0,0.0,0.0,10.8,-1.3,39.9,0.0,215.0,0.1,-0.02,1.0,99.0,-17.0,27,0.0,29.88,1665.0,0.0,0.0,106,0.0,0.0,0.0,0.0,0.0,0.0,0.0,0.0,0.0,0.0,0.0,0.0,2.0,0.0,0.0,-70.0,0.0,0.0,0.0,0.0,1.0,0.0,0.0,1200.0,78.0,20.0,1140.0,1140.0,13.0,2.1,0.0,2.1,24.6,0.0,0.0,15.8,0.0,0.0,10.1,40.2,35.1,0.0,0.0,0.0,0.0,44.0,562.0,44.0,558.0,43.0,606.0,49.0,605.0,0.0,0.0,-22.0,0.0,0.0,24.6,2.0,4.998,0.0,0.0,1.36,1.578,77.9,20.5,0.0,0.0,0.0,,0.0,80.6,68.0,0.0,0.0,0.0,0.0,111.2,1043.6,111.2,1036.4,109.4,1122.8,120.2,1121.0,0.0,0.0,68.9,1140.0,113.0,32.400000000000006,-11.699999999999989,0.03718055555555556,0.253,0.0,0.48,0.49,392.0,True,2026-09-05 12:08:19-07:00
105.06,1,9,2026-09-05 19:10:03,37.0817,-121.59966,347.0,0.0,114.0,-12.6,0.0,,0.0,0.0,0.0,10.8,-1.1,40.0,0.0,215.0,0.1,-0.02,1.0,99.0,-21.0,27,0.0,29.88,1665.0,0.0,0.0,106,0.0,0.0,0.0,0.0,0.0,0.0,0.0,0.0,0.0,0.0,0.0,0.0,2.0,0.0,0.0,-70.0,0.0,0.0,0.0,0.0,1.0,0.0,0.0,1200.0,78.0,20.0,1130.0,1130.0,13.0,2.1,0.0,2.1,24.5,0.0,0.0,15.8,0.0,0.0,9.9,40.2,35.1,0.0,0.0,0.0,0.0,44.0,562.0,44.0,560.0,44.0,607.0,49.0,605.0,0.0,0.0,-22.0,0.0,0.0,24.5,2.0,4.998,0.0,0.0,1.36,1.577,77.8,20.5,0.0,0.0,0.0,,0.0,80.6,68.0,0.0,0.0,0.0,0.0,111.2,1043.6,111.2,1040.0,111.2,1124.6,120.2,1121.0,0.0,0.0,68.9,1130.0,113.45,32.85000000000001,-11.699999999999989,0.03776388888888889,0.253,0.0,0.48,0.49,392.0,True,2026-09-05 12:08:19-07:00
106.06,1,9,2026-09-05 19:10:04,37.0817,-121.59966,347.0,0.0,114.0,-12.6,0.0,,0.0,0.0,0.0,10.8,-1.2,40.0,0.0,215.0,0.1,-0.02,1.0,99.0,-43.0,27,0.0,29.88,1665.0,0.0,0.0,106,0.0,0.0,0.0,0.0,0.0,0.0,0.0,0.0,0.0,0.0,0.0,0.0,2.0,0.0,0.0,-70.0,0.0,0.0,0.0,0.0,1.0,0.0,0.0,1200.0,78.0,21.0,1115.0,1115.0,13.1,2.1,0.0,2.1,24.5,0.0,0.0,15.8,0.0,0.0,9.6,40.2,35.1,0.0,0.0,0.0,0.0,45.0,564.0,45.0,561.0,45.0,609.0,50.0,610.0,0.0,0.0,-22.0,0.0,0.0,24.5,2.0,4.998,0.0,0.0,1.36,1.566,77.7,20.5,0.0,0.0,0.0,,0.0,80.6,69.8,0.0,0.0,0.0,0.0,113.0,1047.2,113.0,1041.8,113.0,1128.2,122.0,1130.0,0.0,0.0,68.9,1115.0,115.25,34.650000000000006,-11.699999999999989,0.03834722222222222,0.253,0.0,0.48,0.49,392.0,True,2026-09-05 12:08:19-07:00
107.06,1,9,2026-09-05 19:10:05,37.0817,-121.59966,348.0,0.0,114.0,-12.6,0.0,,0.0,0.0,0.0,10.8,-1.1,40.0,0.0,215.0,0.1,-0.02,1.0,99.0,-36.0,27,0.0,29.88,1665.0,0.0,0.0,106,0.0,0.0,0.0,0.0,0.0,0.0,0.0,0.0,0.0,0.0,0.0,0.0,3.0,0.0,0.0,-70.0,0.0,0.0,0.0,0.0,1.0,0.0,0.0,1200.0,78.0,21.0,1102.0,1102.0,13.1,2.1,0.0,2.1,24.5,0.0,0.0,15.8,0.0,0.0,9.4,40.2,35.1,0.0,0.0,0.0,0.0,46.0,564.0,46.0,562.0,45.0,612.0,51.0,609.0,0.0,0.0,-22.0,0.0,0.0,24.5,2.0,4.998,0.0,0.0,1.36,1.588,77.7,20.5,0.0,0.0,0.0,,0.0,80.6,69.8,0.0,0.0,0.0,0.0,114.8,1047.2,114.8,1043.6,113.0,1133.6,123.8,1128.2,0.0,0.0,68.9,1102.0,116.60000000000001,36.000000000000014,-11.699999999999989,0.03893055555555556,0.253,0.0,0.48,0.49,392.0,True,2026-09-05 12:08:19-07:00
108.06,1,9,2026-09-05 19:10:06,37.0817,-121.59966,348.0,0.0,114.0,-12.6,0.0,,0.0,0.0,0.0,10.8,-1.2,40.1,0.0,215.0,0.1,-0.02,0.9,99.0,13.0,27,0.0,29.88,1665.0,0.0,0.0,106,0.0,0.0,0.0,0.0,0.0,0.0,0.0,0.0,0.0,0.0,0.0,0.0,3.0,0.0,0.0,-70.0,0.0,0.0,0.0,0.0,1.0,0.0,0.0,1200.0,78.0,21.0,1119.0,1119.0,13.1,2.1,0.0,2.1,24.5,0.0,0.0,15.8,0.0,0.0,9.2,40.2,35.1,0.0,0.0,0.0,0.0,46.0,566.0,46.0,562.0,46.0,612.0,51.0,610.0,0.0,0.0,-22.0,0.0,0.0,24.5,2.0,4.998,0.0,0.0,1.36,1.562,77.7,20.5,0.0,0.0,0.0,,0.0,80.6,69.8,0.0,0.0,0.0,0.0,114.8,1050.8,114.8,1043.6,114.8,1133.6,123.8,1130.0,0.0,0.0,68.9,1119.0,117.05,36.45,-11.699999999999989,0.03951388888888889,0.253,0.0,0.48,0.49,392.0,True,2026-09-05 12:08:19-07:00
109.06,1,9,2026-09-05 19:10:07,37.0817,-121.59966,348.0,0.0,114.0,-12.6,0.0,,0.0,0.0,0.0,10.8,-1.2,40.0,0.0,215.0,0.1,-0.02,0.9,99.0,-15.0,27,0.0,29.88,1665.0,0.0,0.0,106,0.0,0.0,0.0,0.0,0.0,0.0,0.0,0.0,0.0,0.0,0.0,0.0,4.0,0.0,0.0,-71.0,0.0,0.0,0.0,0.0,1.0,0.0,0.0,1200.0,78.0,21.0,1121.0,1121.0,13.0,2.1,0.0,2.1,24.5,0.0,0.0,15.8,0.0,0.0,9.0,40.2,35.1,0.0,0.0,0.0,0.0,47.0,566.0,47.0,563.0,46.0,612.0,52.0,611.0,0.0,0.0,-22.0,0.0,0.0,24.5,2.0,4.998,0.0,0.0,1.36,1.583,77.8,20.6,0.0,0.0,0.0,,0.0,80.6,69.8,0.0,0.0,0.0,0.0,116.6,1050.8,116.6,1045.4,114.8,1133.6,125.6,1131.8,0.0,0.0,69.08,1121.0,118.4,37.80000000000001,-11.519999999999996,0.04009722222222222,0.253,0.0,0.48,0.49,392.0,True,2026-09-05 12:08:19-07:00
110.06,1,9,2026-09-05 19:10:08,37.0817,-121.59966,348.0,0.0,114.0,-12.6,0.0,,0.0,0.0,0.0,10.9,-1.2,40.0,0.0,215.0,0.1,-0.02,1.0,99.0,-2.0,27,0.0,29.88,1665.0,0.0,0.0,106,0.0,0.0,0.0,0.0,0.0,0.0,0.0,0.0,0.0,0.0,0.0,0.0,4.0,0.0,0.0,-71.0,0.0,0.0,0.0,0.0,1.0,0.0,0.0,1200.0,78.0,21.0,1120.0,1120.0,13.0,2.1,0.0,2.1,24.5,0.0,0.0,15.8,0.0,0.0,8.8,40.2,35.1,0.0,0.0,0.0,0.0,47.0,566.0,47.0,563.0,47.0,612.0,53.0,611.0,0.0,0.0,-22.0,0.0,0.0,24.5,2.0,4.998,0.0,0.0,1.36,1.576,77.8,20.6,0.0,0.0,0.0,,0.0,80.6,69.8,0.0,0.0,0.0,0.0,116.6,1050.8,116.6,1045.4,116.6,1133.6,127.4,1131.8,0.0,0.0,69.08,1120.0,119.30000000000001,38.70000000000002,-11.519999999999996,0.04068055555555556,0.253,0.0,0.48,0.49,392.0,True,2026-09-05 12:08:19-07:00
111.06,1,9,2026-09-05 19:10:09,37.0817,-121.59966,348.0,0.0,114.0,-12.6,0.0,,0.0,0.0,0.0,10.9,-1.2,40.0,0.0,215.0,0.1,-0.02,1.0,99.0,-5.0,27,0.0,29.88,1665.0,0.0,0.0,106,0.0,0.0,0.0,0.0,0.0,0.0,0.0,0.0,0.0,0.0,0.0,0.0,4.0,0.0,0.0,-71.0,0.0,0.0,0.0,0.0,1.0,0.0,0.0,1200.0,78.0,21.0,1114.0,1114.0,13.0,2.1,0.0,2.1,24.5,0.0,0.0,15.8,0.0,0.0,8.6,40.2,35.1,0.0,0.0,0.0,0.0,48.0,566.0,48.0,564.0,48.0,612.0,53.0,611.0,0.0,0.0,-22.0,0.0,0.0,24.5,2.0,4.998,0.0,0.0,1.36,1.569,77.8,20.6,0.0,0.0,0.0,,0.0,80.6,69.8,0.0,0.0,0.0,0.0,118.4,1050.8,118.4,1047.2,118.4,1133.6,127.4,1131.8,0.0,0.0,69.08,1114.0,120.65,40.05000000000001,-11.519999999999996,0.04126388888888889,0.253,0.0,0.48,0.49,392.0,True,2026-09-05 12:08:19-07:00
112.06,1,9,2026-09-05 19:10:10,37.0817,-121.59966,348.0,0.0,114.0,-12.6,0.0,,0.0,0.0,0.0,10.8,-1.2,40.0,0.0,215.0,0.1,-0.02,0.9,99.0,6.0,27,0.0,29.88,1665.0,0.0,0.0,106,0.0,0.0,0.0,0.0,0.0,0.0,0.0,0.0,0.0,0.0,0.0,0.0,-2.0,0.0,0.0,-2.0,0.0,0.0,0.0,0.0,1.0,0.0,0.0,1200.0,78.0,21.0,1098.0,1098.0,13.1,2.1,0.0,2.1,24.5,0.0,0.0,15.8,0.0,0.0,8.4,40.2,35.1,0.0,0.0,0.0,0.0,49.0,566.0,48.0,565.0,48.0,609.0,54.0,611.0,0.0,0.0,-22.0,0.0,0.0,24.5,2.0,4.998,0.0,0.0,1.36,1.57,77.7,20.7,0.0,0.0,0.0,,0.0,80.6,69.8,0.0,0.0,0.0,0.0,120.2,1050.8,118.4,1049.0,118.4,1128.2,129.2,1131.8,0.0,0.0,69.25999999999999,1098.0,121.55,40.95,-11.340000000000003,0.04184722222222222,0.253,0.0,0.48,0.49,392.0,True,2026-09-05 12:08:19-07:00
113.06,1,9,2026-09-05 19:10:11,37.0817,-121.59966,348.0,0.0,114.0,-12.6,0.0,,0.0,0.0,0.0,10.8,-1.2,40.0,0.0,215.0,0.1,-0.02,1.0,99.0,18.0,27,0.0,29.88,1665.0,0.0,0.0,106,0.0,0.0,0.0,0.0,0.0,0.0,0.0,0.0,0.0,0.0,0.0,0.0,-2.0,0.0,0.0,-5.0,0.0,0.0,0.0,0.0,1.0,0.0,0.0,1200.0,78.0,21.0,1076.0,1076.0,12.9,2.1,0.0,2.1,24.6,0.0,0.0,15.8,0.0,0.0,8.2,40.2,35.1,0.0,0.0,0.0,0.0,49.0,565.0,49.0,566.0,49.0,607.0,55.0,610.0,0.0,0.0,-22.0,0.0,0.0,24.6,2.0,4.998,0.0,0.0,1.36,1.564,77.5,20.7,0.0,0.0,0.0,,0.0,80.6,69.8,0.0,0.0,0.0,0.0,120.2,1049.0,120.2,1050.8,120.2,1124.6,131.0,1130.0,0.0,0.0,69.25999999999999,1076.0,122.89999999999999,42.3,-11.340000000000003,0.042430555555555555,0.253,0.0,0.48,0.49,392.0,True,2026-09-05 12:08:19-07:00
114.06,1,9,2026-09-05 19:10:12,37.0817,-121.59966,348.0,0.0,114.0,-12.6,0.0,,0.0,0.0,0.0,10.8,-1.2,40.0,0.0,215.0,0.1,-0.02,1.0,99.0,10.0,27,0.0,29.88,1665.0,0.0,0.0,106,0.0,0.0,0.0,0.0,0.0,0.0,0.0,0.0,0.0,0.0,0.0,0.0,-2.0,0.0,0.0,-13.0,0.0,0.0,0.0,0.0,1.0,0.0,0.0,1200.0,76.0,21.0,957.0,957.0,12.8,2.0,0.0,2.0,24.5,0.0,0.0,15.8,0.0,0.0,8.1,40.2,35.1,0.0,0.0,0.0,0.0,50.0,564.0,50.0,566.0,49.0,602.0,55.0,606.0,0.0,0.0,-22.0,0.0,0.0,24.5,2.0,4.998,0.0,0.0,1.36,1.559,76.1,20.7,0.0,0.0,0.0,,0.0,80.6,69.8,0.0,0.0,0.0,0.0,122.0,1047.2,122.0,1050.8,120.2,1115.6,131.0,1122.8,0.0,0.0,69.25999999999999,957.0,123.8,43.2,-11.340000000000003,0.043000000000000003,0.253,0.0,0.48,0.49,392.0,True,2026-09-05 12:08:19-07:00
115.06,1,9,2026-09-05 19:10:13,37.0817,-121.59966,348.0,0.0,114.0,-12.6,0.0,,0.0,0.0,0.0,10.8,-1.2,40.0,0.0,215.0,0.1,-0.02,1.0,99.0,23.0,27,0.0,29.88,1665.0,0.0,0.0,106,0.0,0.0,0.0,0.0,0.0,0.0,0.0,0.0,0.0,0.0,0.0,0.0,-1.0,0.0,0.0,-14.0,0.0,0.0,0.0,0.0,1.0,0.0,0.0,1200.0,75.0,21.0,943.0,943.0,12.9,2.0,0.0,2.0,24.5,0.0,0.0,15.8,0.0,0.0,8.0,40.2,35.1,0.0,0.0,0.0,0.0,50.0,561.0,50.0,565.0,50.0,596.0,56.0,601.0,0.0,0.0,-22.0,0.0,0.0,24.5,2.0,4.998,0.0,0.0,1.36,1.562,74.8,20.7,0.0,0.0,0.0,,0.0,80.6,69.8,0.0,0.0,0.0,0.0,122.0,1041.8,122.0,1049.0,122.0,1104.8,132.8,1113.8,0.0,0.0,69.25999999999999,943.0,124.7,44.10000000000001,-11.340000000000003,0.043555555555555556,0.253,0.0,0.48,0.49,392.0,True,2026-09-05 12:08:19-07:00
116.06,1,9,2026-09-05 19:10:14,37.0817,-121.59966,348.0,0.0,114.0,-12.6,0.0,,0.0,0.0,0.0,10.8,-1.2,40.0,0.0,215.0,0.1,-0.02,1.0,99.0,-30.0,27,0.0,29.88,1665.0,0.0,0.0,106,0.0,0.0,0.0,0.0,0.0,0.0,0.0,0.0,0.0,0.0,0.0,0.0,-1.0,0.0,0.0,-14.0,0.0,0.0,0.0,0.0,1.0,0.0,0.0,1200.0,74.0,21.0,936.0,936.0,13.0,1.9,0.0,1.9,24.6,0.0,0.0,15.8,0.0,0.0,7.9,40.2,35.1,0.0,0.0,0.0,0.0,51.0,559.0,51.0,563.0,51.0,592.0,57.0,597.0,0.0,0.0,-22.0,0.0,0.0,24.6,2.0,4.998,0.0,0.0,1.36,1.55,74.0,20.7,0.0,0.0,0.0,,0.0,80.6,69.8,0.0,0.0,0.0,0.0,123.8,1038.2,123.8,1045.4,123.8,1097.6,134.6,1106.6,0.0,0.0,69.25999999999999,936.0,126.5,45.900000000000006,-11.340000000000003,0.044097222222222225,0.253,0.0,0.48,0.49,392.0,True,2026-09-05 12:08:19-07:00
117.06,1,8,2026-09-05 19:10:15,37.0817,-121.59968,355.0,0.0,114.0,-12.6,0.0,,0.0,0.0,0.0,10.8,-1.3,40.0,0.0,215.0,0.1,-0.02,1.0,99.0,-2.0,27,0.0,29.88,1666.0,0.0,0.0,106,0.0,0.0,0.0,0.0,0.0,0.0,0.0,0.0,0.0,0.0,0.0,0.0,-1.0,0.0,0.0,-13.0,0.0,0.0,0.0,0.0,1.0,0.0,0.0,1200.0,74.0,21.0,943.0,943.0,13.0,1.9,0.0,1.9,24.5,0.0,0.0,15.8,0.0,0.0,7.7,40.2,35.1,0.0,0.0,0.0,0.0,52.0,557.0,51.0,561.0,51.0,587.0,57.0,591.0,0.0,0.0,-22.0,0.0,0.0,24.5,2.0,4.998,0.0,0.0,1.36,1.553,73.7,20.8,0.0,0.0,0.0,,0.0,80.6,69.8,0.0,0.0,0.0,0.0,125.6,1034.6,123.8,1041.8,123.8,1088.6,134.6,1095.8,0.0,0.0,69.44,943.0,126.94999999999999,46.349999999999994,-11.159999999999997,0.044625,0.253,0.0,0.48,0.49,392.0,True,2026-09-05 12:08:19-07:00
118.06,1,8,2026-09-05 19:10:16,37.0817,-121.59968,355.0,0.0,114.0,-12.6,0.0,,0.0,0.0,0.0,10.8,-1.2,40.0,0.0,215.0,0.1,-0.02,1.0,99.0,-22.0,27,0.0,29.88,1666.0,0.0,0.0,106,0.0,0.0,0.0,0.0,0.0,0.0,0.0,0.0,0.0,0.0,0.0,0.0,-1.0,0.0,0.0,-12.0,0.0,0.0,0.0,0.0,1.0,0.0,0.0,1200.0,73.0,21.0,928.0,928.0,13.1,1.8,0.0,1.8,24.5,0.0,0.0,15.8,0.0,0.0,7.6,40.2,35.1,0.0,0.0,0.0,0.0,52.0,555.0,52.0,560.0,52.0,587.0,58.0,588.0,0.0,0.0,-22.0,0.0,0.0,24.5,2.0,4.998,0.0,0.0,1.36,1.541,73.3,20.8,0.0,0.0,0.0,,0.0,80.6,69.8,0.0,0.0,0.0,0.0,125.6,1031.0,125.6,1040.0,125.6,1088.6,136.4,1090.4,0.0,0.0,69.44,928.0,128.3,47.70000000000002,-11.159999999999997,0.04513888888888889,0.253,0.0,0.48,0.49,392.0,True,2026-09-05 12:08:19-07:00
119.06,1,8,2026-09-05 19:10:17,37.0817,-121.59968,355.0,0.0,114.0,-12.6,0.0,,0.0,0.0,0.0,10.8,-1.2,40.0,0.0,215.0,0.1,-0.02,1.0,99.0,-5.0,27,0.0,29.88,1666.0,0.0,0.0,106,0.0,0.0,0.0,0.0,0.0,0.0,0.0,0.0,0.0,0.0,0.0,0.0,-1.0,0.0,0.0,-12.0,0.0,0.0,0.0,0.0,1.0,0.0,0.0,1200.0,73.0,21.0,935.0,935.0,13.2,1.8,0.0,1.8,24.5,0.0,0.0,15.8,0.0,0.0,7.5,40.2,35.1,0.0,0.0,0.0,0.0,52.0,552.0,52.0,558.0,52.0,586.0,58.0,585.0,0.0,0.0,-22.0,0.0,0.0,24.5,2.0,4.998,0.0,0.0,1.36,1.533,73.1,20.8,0.0,0.0,0.0,,0.0,80.6,69.8,0.0,0.0,0.0,0.0,125.6,1025.6,125.6,1036.4,125.6,1086.8,136.4,1085.0,0.0,0.0,69.44,935.0,128.3,47.70000000000002,-11.159999999999997,0.04563888888888889,0.253,0.0,0.48,0.49,392.0,True,2026-09-05 12:08:19-07:00
120.06,1,9,2026-09-05 19:10:18,37.08169,-121.59966,341.0,0.0,114.0,-12.6,0.0,,0.0,0.0,0.0,10.8,-1.3,40.0,0.0,215.0,0.1,-0.02,1.0,99.0,21.0,27,0.0,29.88,1665.0,0.0,0.0,106,0.0,0.0,0.0,0.0,0.0,0.0,0.0,0.0,0.0,0.0,0.0,0.0,-1.0,0.0,0.0,-12.0,0.0,0.0,0.0,0.0,1.0,0.0,0.0,1200.0,73.0,21.0,922.0,922.0,13.2,1.8,0.0,1.8,24.5,0.0,0.0,15.8,0.0,0.0,7.4,40.2,35.1,0.0,0.0,0.0,0.0,53.0,551.0,53.0,557.0,53.0,582.0,59.0,582.0,0.0,0.0,-22.0,0.0,0.0,24.5,2.0,4.998,0.0,0.0,1.36,1.545,72.8,20.8,0.0,0.0,0.0,,0.0,80.6,69.8,0.0,0.0,0.0,0.0,127.4,1023.8,127.4,1034.6,127.4,1079.6,138.2,1079.6,0.0,0.0,69.44,922.0,130.1,49.5,-11.159999999999997,0.04613888888888889,0.253,0.0,0.48,0.49,392.0,True,2026-09-05 12:08:19-07:00
121.06,1,9,2026-09-05 19:10:19,37.08168,-121.59965,344.0,0.0,114.0,-12.6,0.0,,0.0,0.0,0.0,10.8,-1.2,40.0,0.0,215.0,0.1,-0.02,1.0,99.0,34.0,27,0.0,29.88,1665.0,0.0,0.0,106,0.0,0.0,0.0,0.0,0.0,0.0,0.0,0.0,0.0,0.0,0.0,0.0,-1.0,0.0,0.0,-12.0,0.0,0.0,0.0,0.0,1.0,0.0,0.0,1200.0,73.0,21.0,943.0,943.0,13.4,1.8,0.0,1.8,24.5,0.0,0.0,15.8,0.0,0.0,7.3,40.2,35.1,0.0,0.0,0.0,0.0,54.0,550.0,53.0,556.0,53.0,579.0,59.0,579.0,0.0,0.0,-22.0,0.0,0.0,24.5,2.0,4.998,0.0,0.0,1.36,1.543,72.8,20.9,0.0,0.0,0.0,,0.0,80.6,69.8,0.0,0.0,0.0,0.0,129.2,1022.0,127.4,1032.8,127.4,1074.2,138.2,1074.2,0.0,0.0,69.62,943.0,130.55,49.95000000000002,-10.97999999999999,0.04663888888888889,0.253,0.0,0.48,0.49,392.0,True,2026-09-05 12:08:19-07:00
122.06,1,9,2026-09-05 19:10:20,37.08168,-121.59965,343.0,0.0,114.0,-12.6,0.0,,0.0,0.0,0.0,10.9,-1.3,39.9,0.0,215.0,0.1,-0.02,1.0,99.0,47.0,27,0.0,29.88,1665.0,0.0,0.0,106,0.0,0.0,0.0,0.0,0.0,0.0,0.0,0.0,0.0,0.0,0.0,0.0,-1.0,0.0,0.0,-11.0,0.0,0.0,0.0,0.0,1.0,0.0,0.0,1200.0,73.0,21.0,926.0,926.0,13.4,1.8,0.0,1.8,24.5,0.0,0.0,15.8,0.0,0.0,7.2,40.2,35.1,0.0,0.0,0.0,0.0,54.0,548.0,54.0,554.0,54.0,577.0,60.0,577.0,0.0,0.0,-22.0,0.0,0.0,24.5,2.0,4.998,0.0,0.0,1.36,1.547,72.8,20.9,0.0,0.0,0.0,,0.0,80.6,69.8,0.0,0.0,0.0,0.0,129.2,1018.4,129.2,1029.2,129.2,1070.6,140.0,1070.6,0.0,0.0,69.62,926.0,131.89999999999998,51.29999999999998,-10.97999999999999,0.04713888888888889,0.253,0.0,0.48,0.49,392.0,True,2026-09-05 12:08:19-07:00
123.06,1,9,2026-09-05 19:10:21,37.08168,-121.59965,341.0,0.1,114.0,-12.6,0.0,,0.0,0.0,0.0,10.9,-1.2,40.2,0.0,215.0,0.2,-0.02,1.0,99.0,57.0,27,0.0,29.88,1665.0,0.0,0.0,106,0.0,0.0,0.0,0.0,0.0,0.0,0.0,0.0,0.0,0.0,0.0,0.0,-2.0,0.0,0.0,0.0,0.0,0.0,0.0,0.0,1.0,0.0,0.0,1200.0,73.0,21.0,931.0,931.0,13.3,1.8,0.0,1.8,24.5,0.0,0.0,15.8,0.0,0.0,7.1,40.2,35.1,0.0,0.0,0.0,0.0,55.0,548.0,54.0,554.0,55.0,576.0,61.0,575.0,0.0,0.0,-22.0,0.0,0.0,24.5,2.0,4.998,0.0,0.0,1.36,1.549,72.6,20.9,0.0,0.0,0.0,,0.0,80.6,69.8,0.0,0.0,0.0,0.0,131.0,1018.4,129.2,1029.2,131.0,1068.8,141.8,1067.0,0.0,0.0,69.62,931.0,133.25,52.650000000000006,-10.97999999999999,0.04763888888888889,0.3373333333333333,0.05555555555555556,0.48,0.49,392.0,True,2026-09-05 12:08:19-07:00
124.06,1,9,2026-09-05 19:10:22,37.08168,-121.59965,339.0,0.1,114.0,-12.6,0.0,,0.0,0.0,0.0,11.0,-1.2,40.8,0.0,215.0,0.5,-0.02,1.0,99.0,72.0,27,0.0,29.88,1665.0,0.0,0.0,106,0.0,0.0,0.0,0.0,0.0,0.0,0.0,0.0,0.0,0.0,0.0,0.0,-2.0,0.0,0.0,-2.0,0.0,0.0,0.0,0.0,1.0,0.0,0.0,1200.0,73.0,21.0,995.0,995.0,13.4,1.8,0.0,1.8,24.5,0.0,0.0,15.8,0.0,0.0,7.0,40.2,35.1,0.0,0.0,0.0,0.0,55.0,546.0,55.0,554.0,55.0,574.0,61.0,574.0,0.0,0.0,-22.0,0.0,0.0,24.5,2.0,4.998,0.0,0.0,1.36,1.517,72.9,20.9,0.0,0.0,0.0,,0.0,80.6,69.8,0.0,0.0,0.0,0.0,131.0,1014.8,131.0,1029.2,131.0,1065.2,141.8,1065.2,0.0,0.0,69.62,995.0,133.7,53.099999999999994,-10.97999999999999,0.04813888888888889,0.506,0.05555555555555556,0.48,0.49,392.0,True,2026-09-05 12:08:19-07:00
125.06,1,9,2026-09-05 19:10:23,37.08168,-121.59964,338.0,0.7,114.0,-12.6,0.0,,0.0,0.0,0.0,11.2,-1.1,42.6,0.0,215.0,1.3,-0.02,1.0,99.0,60.0,27,0.0,29.88,1665.0,0.0,0.0,106,0.0,0.0,0.0,0.0,0.0,0.0,0.0,0.0,0.0,0.0,0.0,0.0,-2.0,0.0,0.0,-3.0,0.0,0.0,0.0,0.0,1.0,0.0,0.0,1200.0,75.0,21.0,1153.0,1153.0,13.7,1.9,0.0,1.9,24.5,0.0,0.0,15.8,0.0,0.0,6.9,40.2,35.1,0.0,0.0,0.0,0.0,56.0,550.0,55.0,556.0,56.0,580.0,62.0,581.0,0.0,0.0,-22.0,0.0,0.0,24.5,2.0,4.998,0.0,0.0,1.302,1.444,75.3,21.0,0.0,0.0,0.0,,0.0,80.6,69.8,0.0,0.0,0.0,0.0,132.8,1022.0,131.0,1032.8,132.8,1076.0,143.6,1077.8,0.0,0.0,69.8,1153.0,135.05,54.45000000000002,-10.799999999999997,0.04865277777777778,1.1806666666666668,0.3684210526315789,0.48,0.49,392.0,True,2026-09-05 12:08:19-07:00
126.06,1,9,2026-09-05 19:10:24,37.08169,-121.59963,337.0,1.0,98.7,-12.6,0.0,,0.0,0.0,0.0,11.5,-1.1,41.8,0.0,215.0,0.5,-0.02,0.9,99.0,42.0,27,0.0,29.88,1665.0,0.0,0.0,106,0.0,0.0,0.0,0.0,0.0,0.0,0.0,0.0,0.0,0.0,0.0,0.0,-2.0,0.0,0.0,-4.0,0.0,0.0,0.0,0.0,1.0,0.0,0.0,1200.0,77.0,21.0,1151.0,1151.0,13.4,2.0,0.0,2.0,24.5,0.0,0.0,15.8,0.0,0.0,6.8,40.2,35.1,0.0,0.0,0.0,0.0,56.0,555.0,56.0,560.0,56.0,587.0,62.0,587.0,0.0,0.0,-22.0,0.0,0.0,24.5,2.0,4.998,0.0,0.0,1.45,1.562,76.8,21.0,0.0,0.0,0.0,,0.0,80.6,69.8,0.0,0.0,0.0,0.0,132.8,1031.0,132.8,1040.0,132.8,1088.6,143.6,1088.6,0.0,0.0,69.8,1151.0,135.5,54.900000000000006,-10.799999999999997,0.04919444444444444,2.614333333333333,0.5,0.48,0.49,392.0,True,2026-09-05 12:08:19-07:00
127.06,1,9,2026-09-05 19:10:25,37.08169,-121.59962,336.0,2.0,67.5,-12.6,0.0,,0.0,0.0,0.0,11.8,-0.6,42.0,0.0,215.0,0.2,0.0,1.0,99.0,42.0,27,0.0,29.88,1665.0,0.0,0.0,106,0.0,0.0,0.0,0.0,0.0,0.0,0.0,0.0,0.0,0.0,0.0,0.0,-3.0,0.0,0.0,-5.0,0.0,0.0,0.0,0.0,1.0,0.0,0.0,1200.0,78.0,21.0,1147.0,1147.0,13.3,2.0,0.0,2.0,24.5,0.0,0.0,15.8,0.0,0.0,6.7,40.2,35.1,0.0,0.0,0.0,0.0,57.0,559.0,57.0,563.0,57.0,593.0,63.0,591.0,0.0,0.0,-22.0,0.0,0.0,24.5,2.0,4.998,0.0,0.0,1.357,1.632,77.5,21.0,0.0,0.0,0.0,,0.0,80.6,69.8,0.0,0.0,0.0,0.0,134.6,1038.2,134.6,1045.4,134.6,1099.4,145.4,1095.8,0.0,0.0,69.8,1147.0,137.3,56.70000000000002,-10.799999999999997,0.04975,5.144333333333332,1.0,0.48,0.49,392.0,True,2026-09-05 12:08:19-07:00
128.06,1,9,2026-09-05 19:10:26,37.0817,-121.59962,335.0,2.0,58.6,-12.6,0.0,,0.0,0.0,0.0,11.5,-0.2,46.6,0.0,215.0,2.7,-0.02,1.0,99.0,55.0,27,0.0,29.88,1665.0,0.0,0.0,106,0.0,0.0,0.0,0.0,0.0,0.0,0.0,0.0,0.0,0.0,0.0,0.0,-3.0,0.0,0.0,-7.0,0.0,0.0,0.0,0.0,1.0,0.0,0.0,1200.0,78.0,21.0,1132.0,1132.0,13.3,2.1,0.0,2.1,24.5,0.0,0.0,15.8,0.0,0.0,6.7,40.2,35.1,0.0,0.0,0.0,0.0,58.0,562.0,57.0,565.0,58.0,597.0,64.0,595.0,0.0,0.0,-22.0,0.0,0.0,24.5,2.0,4.998,0.0,0.0,1.082,1.561,77.9,21.1,0.0,0.0,0.0,,0.0,80.6,69.8,0.0,0.0,0.0,0.0,136.4,1043.6,134.6,1049.0,136.4,1106.6,147.2,1103.0,0.0,0.0,69.98,1132.0,138.65,58.05000000000001,-10.61999999999999,0.050319444444444444,8.517666666666665,0.9523809523809523,0.48,0.49,392.0,True,2026-09-05 12:08:19-07:00
129.06,1,9,2026-09-05 19:10:27,37.0817,-121.5996,335.0,3.0,62.3,-12.6,0.0,,0.0,0.0,0.0,11.7,0.0,48.9,0.0,216.0,2.6,-0.01,1.0,99.0,60.0,27,0.0,29.88,1665.0,0.0,0.0,106,0.0,0.0,0.0,0.0,0.0,0.0,0.0,0.0,0.0,0.0,0.0,0.0,-3.0,0.0,0.0,1.0,0.0,0.0,0.0,0.0,1.0,0.0,0.0,1200.0,77.0,21.0,1079.0,1079.0,13.1,2.1,0.0,2.1,24.5,0.0,0.0,15.8,0.0,0.0,6.7,40.2,35.1,0.0,0.0,0.0,0.0,58.0,564.0,58.0,567.0,58.0,598.0,64.0,594.0,0.0,0.0,-22.0,0.0,0.0,24.5,2.0,4.998,0.0,0.0,1.144,1.543,77.5,21.1,0.0,0.0,0.0,,0.0,80.6,69.8,0.0,0.0,0.0,0.0,136.4,1047.2,136.4,1052.6,136.4,1108.4,147.2,1101.2,0.0,0.0,69.98,1079.0,139.1,58.5,-10.61999999999999,0.050902777777777776,12.734333333333332,1.4285714285714286,0.48,0.49,392.0,True,2026-09-05 12:08:19-07:00
130.06,1,9,2026-09-05 19:10:28,37.08171,-121.59959,334.0,3.6,65.5,-12.6,0.0,,0.0,0.0,0.0,11.7,0.1,50.3,0.0,217.0,1.9,-0.01,0.8,99.0,77.0,27,0.0,29.88,1665.0,0.0,0.0,106,0.0,0.0,0.0,0.0,0.0,0.0,0.0,0.0,0.0,0.0,0.0,0.0,-2.0,0.0,0.0,-2.0,0.0,0.0,0.0,0.0,1.0,0.0,0.0,1200.0,77.0,21.0,1028.0,1028.0,12.9,2.1,0.0,2.1,24.6,0.0,0.0,15.8,0.0,0.0,6.6,40.2,35.1,0.0,0.0,0.0,0.0,59.0,565.0,58.0,568.0,59.0,596.0,65.0,595.0,0.0,0.0,-22.0,0.0,0.0,24.6,2.0,4.998,0.0,0.0,1.329,1.567,76.8,21.1,0.0,0.0,0.0,,0.0,80.6,69.8,0.0,0.0,0.0,0.0,138.2,1049.0,136.4,1054.4,138.2,1104.8,149.0,1103.0,0.0,0.0,69.98,1028.0,140.45,59.849999999999994,-10.61999999999999,0.051486111111111114,18.30033333333333,1.7142857142857142,0.48,0.49,392.0,True,2026-09-05 12:08:19-07:00
131.06,1,9,2026-09-05 19:10:29,37.08172,-121.59956,334.0,4.0,65.8,-12.6,0.0,,0.0,0.0,0.0,11.6,0.0,51.2,0.0,218.0,1.3,-0.01,0.9,99.0,72.0,27,0.0,29.88,1668.0,0.0,0.0,106,0.0,0.0,0.0,0.0,0.0,0.0,0.0,0.0,0.0,0.0,0.0,0.0,-2.0,0.0,0.0,-2.0,0.0,0.0,0.0,0.0,1.0,0.0,0.0,1200.0,75.0,21.0,973.0,973.0,12.9,2.1,0.0,2.1,24.5,0.0,0.0,15.8,0.0,0.0,6.5,40.2,35.1,0.0,0.0,0.0,0.0,59.0,565.0,59.0,567.0,59.0,593.0,66.0,593.0,0.0,0.0,-22.0,0.0,0.0,24.5,2.0,4.998,0.0,0.0,1.252,1.575,75.3,21.1,0.0,0.0,0.0,,0.0,80.6,69.8,0.0,0.0,0.0,0.0,138.2,1049.0,138.2,1052.6,138.2,1099.4,150.8,1099.4,0.0,0.0,69.98,973.0,141.35,60.75,-10.61999999999999,0.052069444444444446,24.709666666666664,1.9047619047619047,0.48,0.49,392.0,True,2026-09-05 12:08:19-07:00
132.06,1,9,2026-09-05 19:10:30,37.08173,-121.59954,334.0,4.3,65.5,-12.6,0.0,,0.0,0.0,0.0,11.6,0.1,51.7,0.0,218.0,0.8,0.0,1.0,99.0,39.0,27,0.0,29.88,1668.0,0.0,0.0,106,0.0,0.0,0.0,0.0,0.0,0.0,0.0,0.0,0.0,0.0,0.0,0.0,-2.0,0.0,0.0,-2.0,0.0,0.0,0.0,0.0,1.0,0.0,0.0,1200.0,74.0,21.0,973.0,973.0,13.1,2.0,0.0,2.0,24.5,0.0,0.0,15.8,0.0,0.0,6.5,40.2,35.1,0.0,0.0,0.0,0.0,60.0,564.0,59.0,566.0,60.0,593.0,66.0,591.0,0.0,0.0,-22.0,0.0,0.0,24.5,2.0,4.998,0.0,0.0,1.134,1.592,74.3,21.2,0.0,0.0,0.0,,0.0,80.6,69.8,0.0,0.0,0.0,0.0,140.0,1047.2,138.2,1050.8,140.0,1099.4,150.8,1095.8,0.0,0.0,70.16,973.0,142.25,61.650000000000006,-10.439999999999998,0.05263888888888889,31.70933333333333,2.15,0.48,0.49,392.0,True,2026-09-05 12:08:19-07:00
133.06,1,9,2026-09-05 19:10:31,37.08174,-121.59952,334.0,4.5,65.9,-12.6,0.0,,0.0,0.0,0.0,11.5,0.2,51.9,0.0,219.0,0.5,-0.0,1.1,99.0,28.0,27,0.0,29.94,1668.0,0.0,0.0,106,0.0,0.0,0.0,0.0,0.0,0.0,0.0,0.0,0.0,0.0,0.0,0.0,-2.0,0.0,0.0,-2.0,0.0,0.0,0.0,0.0,1.0,0.0,0.0,1200.0,74.0,21.0,955.0,955.0,13.2,2.0,0.0,2.0,24.5,0.0,0.0,15.8,0.0,0.0,6.4,40.2,35.1,0.0,0.0,0.0,0.0,61.0,562.0,60.0,566.0,61.0,592.0,67.0,590.0,0.0,0.0,-22.0,0.0,0.0,24.5,2.0,4.998,0.0,0.0,1.212,1.602,73.6,21.2,0.0,0.0,0.0,,0.0,80.6,69.8,0.0,0.0,0.0,0.0,141.8,1043.6,140.0,1050.8,141.8,1097.6,152.6,1094.0,0.0,0.0,70.16,955.0,144.05,63.45000000000002,-10.439999999999998,0.05319444444444445,39.13066666666666,2.25,0.48,0.49,392.0,True,2026-09-05 12:08:19-07:00
134.06,1,9,2026-09-05 19:10:32,37.08175,-121.59949,334.0,4.9,65.2,-12.6,0.0,,0.0,0.0,0.0,11.3,0.1,50.9,0.0,219.0,-0.3,0.01,0.9,99.0,20.0,27,0.0,29.98,1670.0,0.0,0.0,106,0.0,0.0,0.0,0.0,0.0,0.0,0.0,0.0,0.0,0.0,0.0,0.0,-2.0,0.0,0.0,-2.0,0.0,0.0,0.0,0.0,1.0,0.0,0.0,1200.0,73.0,21.0,951.0,951.0,13.3,1.9,0.0,1.9,24.5,0.0,0.0,15.8,0.0,0.0,6.3,40.2,35.1,0.0,0.0,0.0,0.0,61.0,561.0,60.0,565.0,61.0,589.0,67.0,588.0,0.0,0.0,-22.0,0.0,0.0,24.5,2.0,4.998,0.0,0.0,1.171,1.614,73.2,21.2,0.0,0.0,0.0,,0.0,80.6,69.8,0.0,0.0,0.0,0.0,141.8,1041.8,140.0,1049.0,141.8,1092.2,152.6,1090.4,0.0,0.0,70.16,951.0,144.05,63.45000000000002,-10.439999999999998,0.05373611111111111,47.05799999999999,2.578947368421053,0.48,0.49,392.0,True,2026-09-05 12:08:19-07:00
135.06,1,9,2026-09-05 19:10:33,37.08176,-121.59947,336.0,4.3,65.1,-12.6,0.0,,0.0,0.0,0.0,11.4,-0.0,51.1,0.0,219.0,-0.0,-0.0,1.0,99.0,-5.0,27,0.0,29.98,1670.0,0.0,0.0,106,0.0,0.0,0.0,0.0,0.0,0.0,0.0,0.0,0.0,0.0,0.0,0.0,-2.0,0.0,0.0,-2.0,0.0,0.0,0.0,0.0,1.0,0.0,0.0,1200.0,73.0,21.0,962.0,962.0,13.3,1.9,0.0,1.9,24.5,0.0,0.0,15.8,0.0,0.0,6.3,40.2,35.1,0.0,0.0,0.0,0.0,62.0,560.0,61.0,564.0,62.0,587.0,68.0,586.0,0.0,0.0,-22.0,0.0,0.0,24.5,2.0,4.998,0.0,0.0,1.161,1.643,72.9,21.2,0.0,0.0,0.0,,0.0,80.6,69.8,0.0,0.0,0.0,0.0,143.6,1040.0,141.8,1047.2,143.6,1088.6,154.4,1086.8,0.0,0.0,70.16,962.0,145.85,65.25,-10.439999999999998,0.05426388888888889,54.81666666666666,2.263157894736842,0.48,0.49,392.0,True,2026-09-05 12:08:19-07:00
136.06,1,9,2026-09-05 19:10:34,37.08176,-121.59945,336.0,4.4,64.6,-12.6,0.0,,0.0,0.0,0.0,11.3,-0.1,51.5,0.0,219.0,0.2,-0.01,1.0,99.0,-15.0,27,0.0,29.98,1670.0,0.0,0.0,106,0.0,0.0,0.0,0.0,0.0,0.0,0.0,0.0,0.0,0.0,0.0,0.0,-2.0,0.0,0.0,-2.0,0.0,0.0,0.0,0.0,1.0,0.0,0.0,1200.0,73.0,21.0,968.0,968.0,13.3,1.9,0.0,1.9,24.5,0.0,0.0,15.8,0.0,0.0,6.2,40.2,35.1,0.0,0.0,0.0,0.0,62.0,560.0,61.0,563.0,62.0,584.0,69.0,585.0,0.0,0.0,-22.0,0.0,0.0,24.5,2.0,4.998,0.0,0.0,1.193,1.655,73.1,21.3,0.0,0.0,0.0,,0.0,80.6,69.8,0.0,0.0,0.0,0.0,143.6,1040.0,141.8,1045.4,143.6,1083.2,156.2,1085.0,0.0,0.0,70.34,968.0,146.29999999999998,65.69999999999999,-10.259999999999991,0.05479166666666667,62.15366666666666,2.3157894736842106,0.48,0.49,392.0,True,2026-09-05 12:08:19-07:00
137.06,1,9,2026-09-05 19:10:35,37.08177,-121.59943,336.0,4.3,64.6,-12.6,0.0,,0.0,0.0,0.0,11.3,-0.2,51.7,0.0,219.0,0.3,-0.0,1.0,99.0,2.0,27,0.0,29.98,1670.0,0.0,0.0,106,0.0,0.0,0.0,0.0,0.0,0.0,0.0,0.0,0.0,0.0,0.0,0.0,-2.0,0.0,0.0,-2.0,0.0,0.0,0.0,0.0,1.0,0.0,0.0,1200.0,73.0,21.0,966.0,966.0,13.2,1.9,0.0,1.9,24.5,0.0,0.0,15.8,0.0,0.0,6.2,40.2,35.1,0.0,0.0,0.0,0.0,63.0,559.0,62.0,563.0,63.0,581.0,69.0,583.0,0.0,0.0,-22.0,0.0,0.0,24.5,2.0,4.998,0.0,0.0,1.243,1.66,73.1,21.3,0.0,0.0,0.0,,0.0,80.6,69.8,0.0,0.0,0.0,0.0,145.4,1038.2,143.6,1045.4,145.4,1077.8,156.2,1081.4,0.0,0.0,70.34,966.0,147.65,67.05000000000001,-10.259999999999991,0.05531944444444445,69.49066666666666,2.263157894736842,0.48,0.49,392.0,True,2026-09-05 12:08:19-07:00
138.06,1,9,2026-09-05 19:10:36,37.08178,-121.5994,336.0,4.3,67.6,-12.6,0.0,,0.0,0.0,0.0,11.4,-0.3,51.9,0.0,219.0,0.2,-0.0,1.0,99.0,1.0,27,0.0,29.98,1670.0,0.0,0.0,106,0.0,0.0,0.0,0.0,0.0,0.0,0.0,0.0,0.0,0.0,0.0,0.0,-2.0,0.0,0.0,-2.0,0.0,0.0,0.0,0.0,1.0,0.0,0.0,1200.0,73.0,21.0,962.0,962.0,13.1,1.9,0.0,1.9,24.5,0.0,0.0,15.8,0.0,0.0,6.1,40.2,35.1,0.0,0.0,0.0,0.0,63.0,559.0,63.0,564.0,63.0,579.0,70.0,583.0,0.0,0.0,-22.0,0.0,0.0,24.5,2.0,4.998,0.0,0.0,1.167,1.606,73.0,21.3,0.0,0.0,0.0,,0.0,80.6,69.8,0.0,0.0,0.0,0.0,145.4,1038.2,145.4,1047.2,145.4,1074.2,158.0,1081.4,0.0,0.0,70.34,962.0,148.54999999999998,67.94999999999999,-10.259999999999991,0.05584722222222222,76.74333333333333,2.263157894736842,0.48,0.49,392.0,True,2026-09-05 12:08:19-07:00
139.06,1,9,2026-09-05 19:10:37,37.08179,-121.59938,336.0,4.3,66.5,-12.6,0.0,,0.0,0.0,0.0,11.4,-0.2,52.0,0.0,219.0,0.1,-0.0,1.0,99.0,-2.0,27,0.0,29.98,1670.0,0.0,0.0,106,0.0,0.0,0.0,0.0,0.0,0.0,0.0,0.0,0.0,0.0,0.0,0.0,-3.0,0.0,0.0,-2.0,0.0,0.0,0.0,0.0,1.0,0.0,0.0,1200.0,73.0,21.0,949.0,949.0,13.1,1.9,0.0,1.9,24.5,0.0,0.0,15.8,0.0,0.0,6.1,40.2,35.1,0.0,0.0,0.0,0.0,64.0,559.0,63.0,563.0,64.0,579.0,70.0,582.0,0.0,0.0,-22.0,0.0,0.0,24.5,2.0,4.998,0.0,0.0,1.243,1.608,73.0,21.4,0.0,0.0,0.0,,0.0,80.6,69.8,0.0,0.0,0.0,0.0,147.2,1038.2,145.4,1045.4,147.2,1074.2,158.0,1079.6,0.0,0.0,70.52,949.0,149.45,68.85,-10.079999999999998,0.056375,83.996,2.263157894736842,0.48,0.49,392.0,True,2026-09-05 12:08:19-07:00
140.06,1,9,2026-09-05 19:10:38,37.0818,-121.59936,336.0,4.5,66.9,-12.6,0.0,,0.0,0.0,0.0,11.3,-0.2,52.9,0.0,219.0,0.6,-0.01,0.9,99.0,1.0,27,0.0,29.98,1670.0,0.0,0.0,106,0.0,0.0,0.0,0.0,0.0,0.0,0.0,0.0,0.0,0.0,0.0,0.0,-3.0,0.0,0.0,-3.0,0.0,0.0,0.0,0.0,1.0,0.0,0.0,1200.0,73.0,21.0,965.0,965.0,13.1,1.9,0.0,1.9,24.5,0.0,0.0,15.8,0.0,0.0,6.0,40.2,35.1,0.0,0.0,0.0,0.0,64.0,557.0,63.0,562.0,64.0,581.0,71.0,581.0,0.0,0.0,-22.0,0.0,0.0,24.5,2.0,4.998,0.0,0.0,1.162,1.608,72.8,21.4,0.0,0.0,0.0,,0.0,80.6,69.8,0.0,0.0,0.0,0.0,147.2,1034.6,145.4,1043.6,147.2,1077.8,159.8,1077.8,0.0,0.0,70.52,965.0,149.89999999999998,69.29999999999998,-10.079999999999998,0.05690277777777778,91.41733333333333,2.368421052631579,0.48,0.49,392.0,True,2026-09-05 12:08:19-07:00
141.06,1,9,2026-09-05 19:10:39,37.08181,-121.59933,336.0,4.6,66.7,-12.6,0.0,,0.0,0.0,0.0,11.3,-0.5,53.6,0.0,219.0,0.7,-0.01,1.0,99.0,32.0,27,0.0,29.98,1670.0,0.0,0.0,106,0.0,0.0,0.0,0.0,0.0,0.0,0.0,0.0,0.0,0.0,0.0,0.0,-3.0,0.0,0.0,-3.0,0.0,0.0,0.0,0.0,1.0,0.0,0.0,1200.0,73.0,21.0,921.0,921.0,13.1,1.9,0.0,1.9,24.6,0.0,0.0,15.8,0.0,0.0,6.0,40.2,35.1,0.0,0.0,0.0,0.0,65.0,557.0,64.0,562.0,65.0,578.0,71.0,580.0,0.0,0.0,-22.0,0.0,0.0,24.6,2.0,4.998,0.0,0.0,1.244,1.61,72.6,21.4,0.0,0.0,0.0,,0.0,80.6,69.8,0.0,0.0,0.0,0.0,149.0,1034.6,147.2,1043.6,149.0,1072.4,159.8,1076.0,0.0,0.0,70.52,921.0,151.25,70.65,-10.079999999999998,0.057430555555555554,99.09166666666665,2.4210526315789473,0.48,0.49,392.0,True,2026-09-05 12:08:19-07:00
142.06,1,9,2026-09-05 19:10:40,37.08182,-121.59931,337.0,4.8,65.1,-12.6,0.0,,0.0,0.0,0.0,11.4,-0.5,54.0,0.0,219.0,0.6,-0.01,1.0,99.0,13.0,27,0.0,29.98,1670.0,0.0,0.0,106,0.0,0.0,0.0,0.0,0.0,0.0,0.0,0.0,0.0,0.0,0.0,0.0,-3.0,0.0,0.0,-3.0,0.0,0.0,0.0,0.0,1.0,0.0,0.0,1200.0,72.0,21.0,913.0,913.0,13.2,1.8,0.0,1.8,24.6,0.0,0.0,15.8,0.0,0.0,5.9,40.2,35.1,0.0,0.0,0.0,0.0,65.0,556.0,65.0,562.0,66.0,576.0,72.0,579.0,0.0,0.0,-22.0,0.0,0.0,24.6,2.0,4.998,0.0,0.0,1.117,1.559,71.8,21.5,0.0,0.0,0.0,,0.0,80.6,69.8,0.0,0.0,0.0,0.0,149.0,1032.8,149.0,1043.6,150.8,1068.8,161.6,1074.2,0.0,0.0,70.7,913.0,152.6,72.0,-9.899999999999991,0.057944444444444444,107.01899999999999,2.6666666666666665,0.48,0.49,392.0,True,2026-09-05 12:08:19-07:00
143.06,1,9,2026-09-05 19:10:41,37.08183,-121.59928,337.0,5.2,66.8,-12.6,0.0,,0.0,0.0,0.0,11.4,-0.7,54.1,0.0,219.0,0.4,-0.01,1.0,99.0,-10.0,27,0.0,29.98,1670.0,0.0,0.0,106,0.0,0.0,0.0,0.0,0.0,0.0,0.0,0.0,0.0,0.0,0.0,0.0,-3.0,0.0,0.0,-3.0,0.0,0.0,0.0,0.0,1.0,0.0,0.0,1200.0,71.0,21.0,885.0,885.0,13.3,1.8,0.0,1.8,24.5,0.0,0.0,15.8,0.0,0.0,5.9,40.2,35.1,0.0,0.0,0.0,0.0,66.0,555.0,65.0,562.0,66.0,570.0,72.0,577.0,0.0,0.0,-22.0,0.0,0.0,24.5,2.0,4.998,0.0,0.0,1.097,1.622,71.1,21.5,0.0,0.0,0.0,,0.0,80.6,69.8,0.0,0.0,0.0,0.0,150.8,1031.0,149.0,1043.6,150.8,1058.0,161.6,1070.6,0.0,0.0,70.7,885.0,153.05,72.45000000000002,-9.899999999999991,0.058444444444444445,115.45233333333333,2.888888888888889,0.48,0.49,392.0,True,2026-09-05 12:08:19-07:00
144.06,1,9,2026-09-05 19:10:42,37.08184,-121.59925,338.0,5.5,66.0,-12.6,0.0,,0.0,0.0,0.0,11.4,-1.0,53.9,0.0,219.0,0.1,-0.02,1.0,99.0,22.0,27,0.0,29.98,1670.0,0.0,0.0,106,0.0,0.0,0.0,0.0,0.0,0.0,0.0,0.0,0.0,0.0,0.0,0.0,-3.0,0.0,0.0,-3.0,0.0,0.0,0.0,0.0,1.0,0.0,0.0,1200.0,71.0,22.0,887.0,887.0,13.4,1.8,0.0,1.8,24.5,0.0,0.0,15.8,0.0,0.0,5.9,40.2,35.1,0.0,0.0,0.0,0.0,66.0,554.0,66.0,561.0,66.0,571.0,73.0,578.0,0.0,0.0,-22.0,0.0,0.0,24.5,2.0,4.998,0.0,0.0,1.21,1.556,70.7,21.5,0.0,0.0,0.0,,0.0,80.6,71.6,0.0,0.0,0.0,0.0,150.8,1029.2,150.8,1041.8,150.8,1059.8,163.4,1072.4,0.0,0.0,70.7,887.0,153.95000000000002,73.35000000000002,-9.899999999999991,0.058944444444444445,124.476,3.0555555555555554,0.48,0.49,392.0,True,2026-09-05 12:08:19-07:00
145.06,1,9,2026-09-05 19:10:43,37.08185,-121.59922,338.0,5.7,66.7,-12.6,0.0,,0.0,0.0,0.0,11.4,-0.9,53.1,0.0,219.0,-0.4,-0.0,0.9,99.0,-1.0,27,0.0,29.98,1670.0,0.0,0.0,106,0.0,0.0,0.0,0.0,0.0,0.0,0.0,0.0,0.0,0.0,0.0,0.0,-3.0,0.0,0.0,-3.0,0.0,0.0,0.0,0.0,1.0,0.0,0.0,1200.0,70.0,22.0,884.0,884.0,13.5,1.8,0.0,1.8,24.6,0.0,0.0,15.8,0.0,0.0,5.8,40.2,35.1,0.0,0.0,0.0,0.0,67.0,553.0,66.0,561.0,67.0,570.0,74.0,577.0,0.0,0.0,-22.0,0.0,0.0,24.6,2.0,4.998,0.0,0.0,1.246,1.572,70.4,21.5,0.0,0.0,0.0,,0.0,80.6,71.6,0.0,0.0,0.0,0.0,152.6,1027.4,150.8,1041.8,152.6,1058.0,165.2,1070.6,0.0,0.0,70.7,884.0,155.29999999999998,74.69999999999999,-9.899999999999991,0.059444444444444446,133.92133333333334,3.1666666666666665,0.48,0.49,392.0,True,2026-09-05 12:08:19-07:00
146.06,1,9,2026-09-05 19:10:44,37.08186,-121.5992,340.0,5.7,65.5,-12.6,0.0,,0.0,0.0,0.0,11.3,-0.7,52.8,0.0,219.0,-0.4,0.0,1.0,99.0,-10.0,27,0.0,29.98,1670.0,0.0,0.0,106,0.0,0.0,0.0,0.0,0.0,0.0,0.0,0.0,0.0,0.0,0.0,0.0,-3.0,0.0,0.0,-3.0,0.0,0.0,0.0,0.0,1.0,0.0,0.0,1200.0,70.0,22.0,867.0,867.0,13.6,1.7,0.0,1.7,24.5,0.0,0.0,15.8,0.0,0.0,5.8,40.2,35.1,0.0,0.0,0.0,0.0,67.0,552.0,66.0,561.0,68.0,573.0,74.0,576.0,0.0,0.0,-22.0,0.0,0.0,24.5,2.0,4.998,0.0,0.0,1.244,1.586,70.0,21.6,0.0,0.0,0.0,,0.0,80.6,71.6,0.0,0.0,0.0,0.0,152.6,1025.6,150.8,1041.8,154.4,1063.4,165.2,1068.8,0.0,0.0,70.88,867.0,155.75,75.15,-9.719999999999999,0.059930555555555556,143.53533333333334,3.3529411764705883,0.48,0.49,392.0,True,2026-09-05 12:08:19-07:00
147.06,1,9,2026-09-05 19:10:45,37.08187,-121.59917,339.0,5.0,66.1,-12.6,0.0,,0.0,0.0,0.0,10.9,-1.0,54.0,0.0,219.0,0.5,-0.02,0.9,99.0,-2.0,27,0.0,29.98,1670.0,0.0,0.0,106,0.0,0.0,0.0,0.0,0.0,0.0,0.0,0.0,0.0,0.0,0.0,0.0,-3.0,0.0,0.0,-3.0,0.0,0.0,0.0,0.0,1.0,0.0,0.0,1200.0,70.0,22.0,879.0,879.0,13.6,1.7,0.0,1.7,24.5,0.0,0.0,15.8,0.0,0.0,5.8,40.2,35.1,0.0,0.0,0.0,0.0,68.0,552.0,67.0,560.0,68.0,572.0,75.0,575.0,0.0,0.0,-22.0,0.0,0.0,24.5,2.0,4.998,0.0,0.0,1.331,1.616,69.9,21.6,0.0,0.0,0.0,,0.0,80.6,71.6,0.0,0.0,0.0,0.0,154.4,1025.6,152.6,1040.0,154.4,1061.6,167.0,1067.0,0.0,0.0,70.88,879.0,157.1,76.5,-9.719999999999999,0.06040277777777778,152.559,2.9411764705882355,0.48,0.49,392.0,True,2026-09-05 12:08:19-07:00
148.06,1,9,2026-09-05 19:10:46,37.08188,-121.59914,339.0,4.1,67.2,-12.6,0.0,,0.0,0.0,0.0,11.1,-1.1,54.8,0.0,219.0,0.7,-0.03,1.1,99.0,-33.0,27,0.0,29.98,1670.0,0.0,0.0,106,0.0,0.0,0.0,0.0,0.0,0.0,0.0,0.0,0.0,0.0,0.0,0.0,-3.0,0.0,0.0,-3.0,0.0,0.0,0.0,0.0,1.0,0.0,0.0,1200.0,70.0,22.0,872.0,872.0,13.6,1.7,0.0,1.7,24.5,0.0,0.0,15.8,0.0,0.0,5.7,40.2,35.1,0.0,0.0,0.0,0.0,68.0,551.0,67.0,562.0,69.0,571.0,75.0,575.0,0.0,0.0,-22.0,0.0,0.0,24.5,2.0,4.998,0.0,0.0,1.382,1.633,69.8,21.6,0.0,0.0,0.0,,0.0,80.6,71.6,0.0,0.0,0.0,0.0,154.4,1023.8,152.6,1043.6,156.2,1059.8,167.0,1067.0,0.0,0.0,70.88,872.0,157.54999999999998,76.94999999999999,-9.719999999999999,0.060875,160.23333333333332,2.411764705882353,0.48,0.49,392.0,True,2026-09-05 12:08:19-07:00
149.06,1,9,2026-09-05 19:10:47,37.08189,-121.59912,340.0,3.2,70.4,-12.6,0.0,,0.0,0.0,0.0,11.5,-1.2,55.3,0.0,219.0,0.6,-0.02,1.0,99.0,-6.0,27,0.0,29.98,1670.0,0.0,0.0,106,0.0,0.0,0.0,0.0,0.0,0.0,0.0,0.0,0.0,0.0,0.0,0.0,-3.0,0.0,0.0,-3.0,0.0,0.0,0.0,0.0,1.0,0.0,0.0,1200.0,70.0,22.0,881.0,881.0,13.6,1.7,0.0,1.7,24.6,0.0,0.0,15.8,0.0,0.0,5.7,40.2,35.1,0.0,0.0,0.0,0.0,69.0,550.0,68.0,561.0,69.0,567.0,76.0,574.0,0.0,0.0,-22.0,0.0,0.0,24.6,2.0,4.998,0.0,0.0,1.382,1.598,69.7,21.6,0.0,0.0,0.0,,0.0,80.6,71.6,0.0,0.0,0.0,0.0,156.2,1022.0,154.4,1041.8,156.2,1052.6,168.8,1065.2,0.0,0.0,70.88,881.0,158.89999999999998,78.29999999999998,-9.719999999999999,0.06134722222222222,166.38966666666667,1.8823529411764708,0.48,0.49,392.0,True,2026-09-05 12:08:19-07:00
150.06,1,9,2026-09-05 19:10:48,37.0819,-121.5991,336.0,2.9,66.3,-12.6,0.0,,0.0,0.0,0.0,11.6,-1.4,55.4,0.0,219.0,0.4,-0.03,1.0,99.0,-8.0,27,0.0,29.98,1670.0,0.0,0.0,106,0.0,0.0,0.0,0.0,0.0,0.0,0.0,0.0,0.0,0.0,0.0,0.0,-3.0,0.0,0.0,-3.0,0.0,0.0,0.0,0.0,1.0,0.0,0.0,1200.0,70.0,22.0,886.0,886.0,13.5,1.7,0.0,1.7,24.5,0.0,0.0,15.8,0.0,0.0,5.6,40.2,35.1,0.0,0.0,0.0,0.0,69.0,550.0,68.0,561.0,70.0,570.0,76.0,574.0,0.0,0.0,-22.0,0.0,0.0,24.5,2.0,4.998,0.0,0.0,1.4,1.552,69.7,21.7,0.0,0.0,0.0,,0.0,80.6,71.6,0.0,0.0,0.0,0.0,156.2,1022.0,154.4,1041.8,158.0,1058.0,168.8,1065.2,0.0,0.0,71.06,886.0,159.35000000000002,78.75000000000003,-9.539999999999992,0.06181944444444445,171.534,1.7058823529411764,0.48,0.49,392.0,True,2026-09-05 12:08:19-07:00
151.06,1,9,2026-09-05 19:10:49,37.08191,-121.59908,334.0,2.4,66.3,-12.6,0.0,,0.0,0.0,0.0,11.6,-1.6,54.7,0.0,219.0,-0.0,-0.03,1.0,99.0,-17.0,27,0.0,29.98,1670.0,0.0,0.0,106,0.0,0.0,0.0,0.0,0.0,0.0,0.0,0.0,0.0,0.0,0.0,0.0,-3.0,0.0,0.0,-3.0,0.0,0.0,0.0,0.0,1.0,0.0,0.0,1200.0,70.0,22.0,871.0,871.0,13.4,1.7,0.0,1.7,24.5,0.0,0.0,15.7,0.0,0.0,5.6,40.2,35.1,0.0,0.0,0.0,0.0,70.0,549.0,69.0,562.0,70.0,569.0,77.0,573.0,0.0,0.0,-22.0,0.0,0.0,24.5,2.0,4.998,0.0,0.0,1.36,1.5,69.9,21.7,0.0,0.0,0.0,,0.0,80.6,71.6,0.0,0.0,0.0,0.0,158.0,1020.2,156.2,1043.6,158.0,1056.2,170.6,1063.4,0.0,0.0,71.06,871.0,160.7,80.1,-9.539999999999992,0.06229166666666667,176.00366666666667,1.411764705882353,0.48,0.49,392.0,True,2026-09-05 12:08:19-07:00
152.06,1,9,2026-09-05 19:10:50,37.08191,-121.59907,334.0,2.7,69.6,-12.6,0.0,,0.0,0.0,0.0,11.4,-2.0,53.4,0.0,219.0,-0.5,-0.03,1.0,99.0,-41.0,27,0.0,29.98,1670.0,0.0,0.0,106,0.0,0.0,0.0,0.0,0.0,0.0,0.0,0.0,0.0,0.0,0.0,0.0,-2.0,0.0,0.0,-3.0,0.0,0.0,0.0,0.0,1.0,0.0,0.0,1200.0,70.0,22.0,872.0,872.0,13.4,1.7,0.0,1.7,24.6,0.0,0.0,15.7,0.0,0.0,5.6,40.2,35.1,0.0,0.0,0.0,0.0,70.0,549.0,69.0,562.0,71.0,567.0,77.0,572.0,0.0,0.0,-22.0,0.0,0.0,24.6,2.0,4.998,0.0,0.0,1.285,1.504,69.9,21.7,0.0,0.0,0.0,,0.0,80.6,71.6,0.0,0.0,0.0,0.0,158.0,1020.2,156.2,1043.6,159.8,1052.6,170.6,1061.6,0.0,0.0,71.06,872.0,161.14999999999998,80.54999999999998,-9.539999999999992,0.06276388888888888,180.30466666666666,1.5882352941176472,0.48,0.49,392.0,True,2026-09-05 12:08:19-07:00
153.06,1,9,2026-09-05 19:10:51,37.08192,-121.59905,335.0,2.9,67.4,-12.6,0.0,,0.0,0.0,0.0,11.3,-2.1,50.1,0.0,219.0,-1.8,-0.04,1.0,99.0,-28.0,27,0.0,29.98,1670.0,0.0,0.0,106,0.0,0.0,0.0,0.0,0.0,0.0,0.0,0.0,0.0,0.0,0.0,0.0,0.0,0.0,0.0,-6.0,0.0,0.0,0.0,0.0,1.0,0.0,0.0,1200.0,70.0,22.0,893.0,893.0,13.4,1.7,0.0,1.7,24.5,0.0,0.0,15.7,0.0,0.0,5.6,40.2,35.1,0.0,0.0,0.0,0.0,71.0,549.0,70.0,562.0,71.0,564.0,78.0,572.0,0.0,0.0,-22.0,0.0,0.0,24.5,2.0,4.998,0.0,0.0,1.39,1.503,69.9,21.8,0.0,0.0,0.0,,0.0,80.6,71.6,0.0,0.0,0.0,0.0,159.8,1020.2,158.0,1043.6,159.8,1047.2,172.4,1061.6,0.0,0.0,71.24000000000001,893.0,162.5,81.9,-9.359999999999985,0.06323611111111112,185.02733333333333,1.7058823529411764,0.48,0.49,392.0,True,2026-09-05 12:08:19-07:00
154.06,1,9,2026-09-05 19:10:52,37.08192,-121.59904,335.0,3.0,70.0,-12.6,0.0,,0.0,0.0,0.0,10.9,-2.4,45.0,0.0,219.0,-3.8,-0.03,1.1,99.0,-18.0,27,0.0,29.98,1670.0,0.0,0.0,106,0.0,0.0,0.0,0.0,0.0,0.0,0.0,0.0,0.0,0.0,0.0,0.0,0.0,0.0,0.0,-6.0,0.0,0.0,0.0,0.0,1.0,0.0,0.0,1200.0,70.0,22.0,886.0,886.0,13.3,1.7,0.0,1.7,24.6,0.0,0.0,15.7,0.0,0.0,5.5,40.2,35.1,0.0,0.0,0.0,0.0,71.0,549.0,70.0,561.0,72.0,563.0,78.0,572.0,0.0,0.0,-22.0,0.0,0.0,24.6,2.0,4.998,0.0,0.0,1.36,1.508,69.9,21.8,0.0,0.0,0.0,,0.0,80.6,71.6,0.0,0.0,0.0,0.0,159.8,1020.2,158.0,1041.8,161.6,1045.4,172.4,1061.6,0.0,0.0,71.24000000000001,886.0,162.95,82.35,-9.359999999999985,0.06370833333333334,190.003,1.7647058823529411,0.48,0.49,392.0,True,2026-09-05 12:08:19-07:00
155.06,1,9,2026-09-05 19:10:53,37.08193,-121.59902,335.0,3.0,66.4,-12.6,0.0,,0.0,0.0,0.0,10.7,-2.0,39.5,0.0,219.0,-4.7,-0.02,0.9,99.0,1.0,27,0.0,29.98,1670.0,0.0,0.0,106,0.0,0.0,0.0,0.0,0.0,0.0,0.0,0.0,0.0,0.0,0.0,0.0,0.0,0.0,0.0,-6.0,0.0,0.0,0.0,0.0,1.0,0.0,0.0,1200.0,70.0,22.0,869.0,869.0,13.4,1.6,0.0,1.6,24.5,0.0,0.0,15.7,0.0,0.0,5.5,40.2,35.1,0.0,0.0,0.0,0.0,72.0,549.0,71.0,561.0,72.0,563.0,79.0,573.0,0.0,0.0,-22.0,0.0,0.0,24.5,2.0,4.998,0.0,0.0,1.494,1.51,69.9,21.8,0.0,0.0,0.0,,0.0,80.6,71.6,0.0,0.0,0.0,0.0,161.6,1020.2,159.8,1041.8,161.6,1045.4,174.2,1063.4,0.0,0.0,71.24000000000001,869.0,164.29999999999998,83.69999999999999,-9.359999999999985,0.06416666666666666,195.063,1.875,0.48,0.49,392.0,True,2026-09-05 12:08:19-07:00
156.06,1,9,2026-09-05 19:10:54,37.08193,-121.59901,334.0,2.7,66.8,-12.6,0.0,,0.0,0.0,0.0,10.8,-1.5,32.9,0.0,219.0,-5.9,-0.01,1.0,99.0,23.0,27,0.0,29.98,1670.0,0.0,0.0,106,0.0,0.0,0.0,0.0,0.0,0.0,0.0,0.0,0.0,0.0,0.0,0.0,1.0,0.0,0.0,-6.0,0.0,0.0,0.0,0.0,1.0,0.0,0.0,1200.0,71.0,22.0,1004.0,1004.0,13.7,1.7,0.0,1.7,24.5,0.0,0.0,15.7,0.0,0.0,5.5,40.2,35.1,0.0,0.0,0.0,0.0,72.0,551.0,71.0,562.0,73.0,567.0,79.0,573.0,0.0,0.0,-22.0,0.0,0.0,24.5,2.0,4.998,0.0,0.0,1.459,1.571,70.5,21.9,0.0,0.0,0.0,,0.0,80.6,71.6,0.0,0.0,0.0,0.0,161.6,1023.8,159.8,1043.6,163.4,1052.6,174.2,1063.4,0.0,0.0,71.42,1004.0,164.75,84.15,-9.179999999999993,0.064625,199.87,1.5882352941176472,0.48,0.49,392.0,True,2026-09-05 12:08:19-07:00
157.06,1,9,2026-09-05 19:10:55,37.08194,-121.59899,334.0,3.3,53.0,-12.6,0.0,,0.0,0.0,0.0,11.0,-0.9,26.0,0.0,219.0,-6.4,-0.0,0.9,99.0,26.0,27,0.0,29.98,1670.0,0.0,0.0,106,0.0,0.0,0.0,0.0,0.0,0.0,0.0,0.0,0.0,0.0,0.0,0.0,1.0,0.0,0.0,-6.0,0.0,0.0,0.0,0.0,1.0,0.0,0.0,1200.0,73.0,22.0,1097.0,1097.0,13.4,1.8,0.0,1.8,24.6,0.0,0.0,15.7,0.0,0.0,5.5,40.2,35.1,0.0,0.0,0.0,0.0,73.0,554.0,72.0,562.0,73.0,571.0,80.0,579.0,0.0,0.0,-22.0,0.0,0.0,24.6,2.0,4.998,0.0,0.0,1.473,1.52,73.3,21.9,0.0,0.0,0.0,,0.0,80.6,71.6,0.0,0.0,0.0,0.0,163.4,1029.2,161.6,1043.6,163.4,1059.8,176.0,1074.2,0.0,0.0,71.42,1097.0,166.1,85.5,-9.179999999999993,0.0651111111111111,204.93,1.8333333333333333,0.48,0.49,392.0,True,2026-09-05 12:08:19-07:00
158.06,1,9,2026-09-05 19:10:56,37.08195,-121.59898,334.0,3.8,48.4,-12.6,0.0,,0.0,0.0,0.0,11.3,-0.4,18.1,0.0,219.0,-7.3,0.02,1.0,99.0,24.0,27,0.0,29.98,1670.0,0.0,0.0,106,0.0,0.0,0.0,0.0,0.0,0.0,0.0,0.0,0.0,0.0,0.0,0.0,1.0,0.0,0.0,-6.0,0.0,0.0,0.0,0.0,1.0,0.0,0.0,1200.0,75.0,22.0,1087.0,1087.0,13.2,1.9,0.0,1.9,24.6,0.0,0.0,15.7,0.0,0.0,5.5,40.2,35.1,0.0,0.0,0.0,0.0,73.0,558.0,72.0,564.0,74.0,580.0,80.0,584.0,0.0,0.0,-22.0,0.0,0.0,24.6,2.0,4.998,0.0,0.0,1.318,1.591,74.7,21.9,0.0,0.0,0.0,,0.0,80.6,71.6,0.0,0.0,0.0,0.0,163.4,1036.4,161.6,1047.2,165.2,1076.0,176.0,1083.2,0.0,0.0,71.42,1087.0,166.54999999999998,85.94999999999999,-9.179999999999993,0.065625,210.91766666666666,2.0,0.48,0.49,392.0,True,2026-09-05 12:08:19-07:00
159.06,1,9,2026-09-05 19:10:57,37.08196,-121.59896,333.0,4.3,41.1,-12.6,0.0,,0.0,0.0,0.0,11.5,-0.7,9.1,0.0,219.0,-8.2,0.02,1.0,99.0,33.0,27,0.0,29.98,1661.0,0.0,0.0,106,0.0,0.0,0.0,0.0,0.0,0.0,0.0,0.0,0.0,0.0,0.0,0.0,1.0,0.0,0.0,-6.0,0.0,0.0,0.0,0.0,1.0,0.0,0.0,1200.0,75.0,22.0,1098.0,1098.0,13.2,1.9,0.0,1.9,24.6,0.0,0.0,15.7,0.0,0.0,5.5,40.2,35.1,0.0,0.0,0.0,0.0,74.0,561.0,73.0,566.0,74.0,586.0,81.0,588.0,0.0,0.0,-22.0,0.0,0.0,24.6,2.0,4.998,0.0,0.0,1.296,1.604,75.4,21.9,0.0,0.0,0.0,,0.0,80.6,71.6,0.0,0.0,0.0,0.0,165.2,1041.8,163.4,1050.8,165.2,1086.8,177.8,1090.4,0.0,0.0,71.42,1098.0,167.89999999999998,87.29999999999998,-9.179999999999993,0.06615277777777778,217.74866666666665,2.263157894736842,0.48,0.49,392.0,True,2026-09-05 12:08:19-07:00
160.06,1,9,2026-09-05 19:10:58,37.08198,-121.59895,333.0,5.0,28.3,-12.6,0.0,,0.0,0.0,0.0,11.4,-0.6,359.2,0.0,219.0,-9.3,0.04,1.0,99.0,10.0,27,0.0,29.98,1661.0,0.0,0.0,106,0.0,0.0,0.0,0.0,0.0,0.0,0.0,0.0,0.0,0.0,0.0,0.0,1.0,0.0,0.0,-7.0,0.0,0.0,0.0,0.0,1.0,0.0,0.0,1200.0,76.0,22.0,1096.0,1096.0,13.1,2.0,0.0,2.0,24.6,0.0,0.0,15.7,0.0,0.0,5.5,40.2,35.1,0.0,0.0,0.0,0.0,74.0,566.0,73.0,568.0,75.0,588.0,81.0,593.0,0.0,0.0,-22.0,0.0,0.0,24.6,2.0,4.998,0.0,0.0,1.25,1.647,76.0,22.0,0.0,0.0,0.0,,0.0,80.6,71.6,0.0,0.0,0.0,0.0,165.2,1050.8,163.4,1054.4,167.0,1090.4,177.8,1099.4,0.0,0.0,71.6,1096.0,168.35000000000002,87.75000000000003,-9.0,0.06669444444444445,225.59166666666667,2.5,0.48,0.49,392.0,True,2026-09-05 12:08:19-07:00
161.06,1,9,2026-09-05 19:10:59,37.082,-121.59893,332.0,5.5,17.2,-12.6,0.0,,0.0,0.0,0.0,11.0,-1.0,351.0,0.0,219.0,-8.7,0.03,1.0,99.0,38.0,27,0.0,29.98,1661.0,0.0,0.0,106,0.0,0.0,0.0,0.0,0.0,0.0,0.0,0.0,0.0,0.0,0.0,0.0,1.0,0.0,0.0,-9.0,0.0,0.0,0.0,0.0,1.0,0.0,0.0,1200.0,76.0,22.0,1087.0,1087.0,13.0,2.0,0.0,2.0,24.5,0.0,0.0,15.7,0.0,0.0,5.4,40.2,35.1,0.0,0.0,0.0,0.0,75.0,569.0,74.0,570.0,76.0,592.0,82.0,599.0,0.0,0.0,-22.0,0.0,0.0,24.5,2.0,4.998,0.0,0.0,0.931,1.639,75.9,22.0,0.0,0.0,0.0,,0.0,80.6,71.6,0.0,0.0,0.0,0.0,167.0,1056.2,165.2,1058.0,168.8,1097.6,179.6,1110.2,0.0,0.0,71.6,1087.0,170.14999999999998,89.54999999999998,-9.0,0.06725,234.44666666666666,2.75,0.48,0.49,392.0,True,2026-09-05 12:08:19-07:00
162.06,1,9,2026-09-05 19:11:00,37.08202,-121.59892,331.0,6.3,10.9,-12.6,0.0,,0.0,0.0,0.0,10.8,-1.4,342.3,0.0,219.0,-8.7,0.02,1.0,99.0,48.0,27,0.0,29.98,1660.0,0.0,0.0,106,0.0,0.0,0.0,0.0,0.0,0.0,0.0,0.0,0.0,0.0,0.0,0.0,2.0,0.0,0.0,-10.0,0.0,0.0,0.0,0.0,1.0,0.0,0.0,1200.0,76.0,22.0,1046.0,1046.0,13.0,2.0,0.0,2.0,24.6,0.0,0.0,15.7,0.0,0.0,5.4,40.2,35.1,0.0,0.0,0.0,0.0,75.0,571.0,74.0,572.0,76.0,590.0,83.0,599.0,0.0,0.0,-22.0,0.0,0.0,24.6,2.0,4.998,0.0,0.0,0.933,1.664,75.6,22.0,0.0,0.0,0.0,,0.0,80.6,71.6,0.0,0.0,0.0,0.0,167.0,1059.8,165.2,1061.6,168.8,1094.0,181.4,1110.2,0.0,0.0,71.6,1046.0,170.60000000000002,90.00000000000003,-9.0,0.06780555555555555,244.398,3.15,0.48,0.49,392.0,True,2026-09-05 12:08:19-07:00
163.06,2,9,2026-09-05 19:11:01,37.08204,-121.59892,330.0,6.7,0.3,-12.6,0.0,,0.0,0.0,0.0,11.0,-1.2,333.6,0.0,219.0,-8.8,0.03,1.0,99.0,33.0,27,0.0,29.98,1661.0,0.0,0.0,106,0.0,0.0,0.0,0.0,0.0,0.0,0.0,0.0,0.0,0.0,0.0,0.0,2.0,0.0,0.0,-11.0,0.0,0.0,0.0,0.0,1.0,0.0,0.0,1200.0,75.0,22.0,1042.0,1042.0,13.0,2.0,0.0,2.0,24.6,0.0,0.0,15.7,0.0,0.0,5.4,40.2,35.1,0.0,0.0,0.0,0.0,76.0,573.0,75.0,573.0,77.0,592.0,83.0,598.0,0.0,0.0,-22.0,0.0,0.0,24.6,2.0,4.998,0.0,0.0,0.906,1.667,75.0,22.1,0.0,0.0,0.0,,0.0,80.6,71.6,0.0,0.0,0.0,0.0,168.8,1063.4,167.0,1063.4,170.6,1097.6,181.4,1108.4,0.0,0.0,71.78,1042.0,171.95,91.35,-8.819999999999993,0.06836111111111111,255.36133333333333,3.35,0.48,0.49,392.0,True,2026-09-05 12:08:19-07:00
164.06,2,9,2026-09-05 19:11:02,37.08207,-121.59892,330.0,6.9,349.0,-12.6,0.0,,0.0,0.0,0.0,11.0,-0.7,325.9,0.0,219.0,-8.3,0.05,0.9,99.0,41.0,27,0.0,29.98,1661.0,0.0,0.0,106,0.0,0.0,0.0,0.0,0.0,0.0,0.0,0.0,0.0,0.0,0.0,0.0,2.0,0.0,0.0,-11.0,0.0,0.0,0.0,0.0,1.0,0.0,0.0,1200.0,75.0,22.0,1041.0,1041.0,12.9,2.0,0.0,2.0,24.6,0.0,0.0,15.7,0.0,0.0,5.4,40.2,35.1,0.0,0.0,0.0,0.0,76.0,575.0,75.0,574.0,77.0,594.0,84.0,598.0,0.0,0.0,-22.0,0.0,0.0,24.6,2.0,4.998,0.0,0.0,0.82,1.681,74.8,22.1,0.0,0.0,0.0,,0.0,80.6,71.6,0.0,0.0,0.0,0.0,168.8,1067.0,167.0,1065.2,170.6,1101.2,183.2,1108.4,0.0,0.0,71.78,1041.0,172.39999999999998,91.79999999999998,-8.819999999999993,0.06891666666666667,266.8306666666667,3.45,0.48,0.49,392.0,True,2026-09-05 12:08:19-07:00
165.06,2,9,2026-09-05 19:11:03,37.0821,-121.59893,329.0,7.3,340.3,-12.6,0.0,,0.0,0.0,0.0,11.2,-0.6,322.5,0.0,219.0,-5.9,0.04,1.1,99.0,37.0,27,0.0,29.98,1661.0,0.0,0.0,106,0.0,0.0,0.0,0.0,0.0,0.0,0.0,0.0,0.0,0.0,0.0,0.0,2.0,0.0,0.0,-11.0,0.0,0.0,0.0,0.0,1.0,0.0,0.0,1200.0,74.0,22.0,1033.0,1033.0,12.9,2.1,0.0,2.1,24.6,0.0,0.0,15.7,0.0,0.0,5.4,40.2,35.1,0.0,0.0,0.0,0.0,77.0,575.0,76.0,574.0,78.0,596.0,84.0,598.0,0.0,0.0,-22.0,0.0,0.0,24.6,2.0,4.998,0.0,0.0,0.739,1.73,74.5,22.2,0.0,0.0,0.0,,0.0,80.6,71.6,0.0,0.0,0.0,0.0,170.6,1067.0,168.8,1065.2,172.4,1104.8,183.2,1108.4,0.0,0.0,71.96,1033.0,173.75000000000003,93.15000000000003,-8.64,0.06948611111111111,278.806,3.476190476190476,0.48,0.49,392.0,True,2026-09-05 12:08:19-07:00
166.06,2,9,2026-09-05 19:11:04,37.08213,-121.59895,328.0,7.3,334.0,-12.6,0.0,,0.0,0.0,0.0,11.2,-0.5,328.2,0.0,219.0,0.4,-0.0,1.0,99.0,26.0,27,0.0,29.98,1660.0,0.0,0.0,106,0.0,0.0,0.0,0.0,0.0,0.0,0.0,0.0,0.0,0.0,0.0,0.0,2.0,0.0,0.0,-13.0,0.0,0.0,0.0,0.0,1.0,0.0,0.0,1200.0,74.0,22.0,1036.0,1036.0,13.0,2.1,0.0,2.1,24.6,0.0,0.0,15.7,0.0,0.0,5.4,40.2,35.1,0.0,0.0,0.0,0.0,77.0,574.0,76.0,574.0,78.0,595.0,85.0,598.0,0.0,0.0,-22.0,0.0,0.0,24.6,2.0,4.998,0.0,0.0,0.842,1.849,74.2,22.2,0.0,0.0,0.0,,0.0,80.6,71.6,0.0,0.0,0.0,0.0,170.6,1065.2,168.8,1065.2,172.4,1103.0,185.0,1108.4,0.0,0.0,71.96,1036.0,174.20000000000002,93.60000000000002,-8.64,0.07006944444444445,291.1186666666666,3.476190476190476,0.48,0.49,392.0,True,2026-09-05 12:08:19-07:00
167.06,2,9,2026-09-05 19:11:05,37.08216,-121.59897,328.0,6.9,339.1,-12.6,0.0,,0.0,0.0,0.0,11.3,-1.0,341.5,0.0,219.0,8.0,-0.07,0.9,99.0,-6.0,27,0.0,29.98,1660.0,0.0,0.0,106,0.0,0.0,0.0,0.0,0.0,0.0,0.0,0.0,0.0,0.0,0.0,0.0,0.0,0.0,0.0,-15.0,0.0,0.0,0.0,0.0,1.0,0.0,0.0,1200.0,74.0,22.0,1029.0,1029.0,13.0,2.1,0.0,2.1,24.5,0.0,0.0,15.7,0.0,0.0,5.4,40.2,35.1,0.0,0.0,0.0,0.0,78.0,574.0,77.0,575.0,79.0,596.0,86.0,597.0,0.0,0.0,-22.0,0.0,0.0,24.5,2.0,4.998,0.0,0.0,0.934,1.744,74.1,22.2,0.0,0.0,0.0,,0.0,80.6,71.6,0.0,0.0,0.0,0.0,172.4,1065.2,170.6,1067.0,174.2,1104.8,186.8,1106.6,0.0,0.0,71.96,1029.0,176.0,95.4,-8.64,0.07065277777777777,303.094,3.2857142857142856,0.48,0.49,392.0,True,2026-09-05 12:08:19-07:00
168.06,2,9,2026-09-05 19:11:06,37.08219,-121.59898,327.0,6.7,354.0,-12.6,0.0,,0.0,0.0,0.0,11.7,-0.8,355.7,0.0,219.0,11.9,-0.11,1.0,99.0,-9.0,27,0.0,29.98,1660.0,0.0,0.0,106,0.0,0.0,0.0,0.0,0.0,0.0,0.0,0.0,0.0,0.0,0.0,0.0,-2.0,0.0,0.0,-16.0,0.0,0.0,0.0,0.0,1.0,0.0,0.0,1200.0,74.0,22.0,1026.0,1026.0,13.0,2.1,0.0,2.1,24.6,0.0,0.0,15.7,0.0,0.0,5.3,40.2,35.1,0.0,0.0,0.0,0.0,78.0,573.0,77.0,576.0,79.0,596.0,86.0,596.0,0.0,0.0,-22.0,0.0,0.0,24.6,2.0,4.998,0.0,0.0,1.058,1.498,74.0,22.2,0.0,0.0,0.0,,0.0,80.6,71.6,0.0,0.0,0.0,0.0,172.4,1063.4,170.6,1068.8,174.2,1104.8,186.8,1104.8,0.0,0.0,71.96,1026.0,176.0,95.4,-8.64,0.07123611111111111,314.56333333333333,3.1904761904761902,0.48,0.49,392.0,True,2026-09-05 12:08:19-07:00
169.06,2,9,2026-09-05 19:11:07,37.08221,-121.59898,327.0,6.3,7.6,-12.6,0.0,,0.0,0.0,0.0,11.8,-1.0,10.9,0.0,219.0,13.9,-0.1,1.1,99.0,27.0,27,0.0,29.98,1660.0,0.0,0.0,106,0.0,0.0,0.0,0.0,0.0,0.0,0.0,0.0,0.0,0.0,0.0,0.0,-2.0,0.0,0.0,-17.0,0.0,0.0,0.0,0.0,1.0,0.0,0.0,1200.0,74.0,22.0,1038.0,1038.0,13.1,2.1,0.0,2.1,24.5,0.0,0.0,15.7,0.0,0.0,5.3,40.2,35.1,0.0,0.0,0.0,0.0,79.0,573.0,78.0,576.0,80.0,595.0,87.0,596.0,0.0,0.0,-22.0,0.0,0.0,24.5,2.0,4.998,0.0,0.0,1.27,1.486,73.9,22.3,0.0,0.0,0.0,,0.0,80.6,71.6,0.0,0.0,0.0,0.0,174.2,1063.4,172.4,1068.8,176.0,1103.0,188.6,1104.8,0.0,0.0,72.14,1038.0,177.8,97.20000000000002,-8.459999999999994,0.07181944444444445,325.52666666666664,3.0,0.48,0.49,392.0,True,2026-09-05 12:08:19-07:00
170.06,2,9,2026-09-05 19:11:08,37.08224,-121.59896,327.0,6.7,23.5,-12.6,0.0,,0.0,0.0,0.0,11.3,-1.1,25.4,0.0,219.0,14.4,-0.12,0.8,99.0,17.0,27,0.0,29.98,1660.0,0.0,0.0,106,0.0,0.0,0.0,0.0,0.0,0.0,0.0,0.0,0.0,0.0,0.0,0.0,-2.0,0.0,0.0,-18.0,0.0,0.0,0.0,0.0,1.0,0.0,0.0,1200.0,74.0,22.0,1059.0,1059.0,13.0,2.0,0.0,2.0,24.5,0.0,0.0,15.7,0.0,0.0,5.3,40.2,35.1,0.0,0.0,0.0,0.0,79.0,572.0,78.0,576.0,80.0,594.0,87.0,599.0,0.0,0.0,-22.0,0.0,0.0,24.5,2.0,4.998,0.0,0.0,1.304,1.371,74.1,22.3,0.0,0.0,0.0,,0.0,80.6,71.6,0.0,0.0,0.0,0.0,174.2,1061.6,172.4,1068.8,176.0,1101.2,188.6,1110.2,0.0,0.0,72.14,1059.0,177.8,97.20000000000002,-8.459999999999994,0.07238888888888889,336.48999999999995,3.35,0.48,0.49,392.0,True,2026-09-05 12:08:19-07:00
171.06,2,9,2026-09-05 19:11:09,37.08221,-121.59892,304.0,7.1,40.1,-12.6,0.0,,0.0,0.0,0.0,11.2,-1.1,35.8,0.0,219.0,12.3,-0.11,1.0,99.0,36.0,27,0.0,29.98,1660.0,0.0,0.0,106,0.0,0.0,0.0,0.0,0.0,0.0,0.0,0.0,0.0,0.0,0.0,0.0,-2.0,0.0,0.0,-19.0,0.0,0.0,0.0,0.0,1.0,0.0,0.0,1200.0,74.0,22.0,1019.0,1019.0,12.9,2.0,0.0,2.0,24.6,0.0,0.0,15.7,0.0,0.0,5.3,40.2,35.1,0.0,0.0,0.0,0.0,80.0,572.0,78.0,576.0,81.0,593.0,88.0,599.0,0.0,0.0,-22.0,0.0,0.0,24.6,2.0,4.998,0.0,0.0,1.416,1.364,74.3,22.3,0.0,0.0,0.0,,0.0,80.6,71.6,0.0,0.0,0.0,0.0,176.0,1061.6,172.4,1068.8,177.8,1099.4,190.4,1110.2,0.0,0.0,72.14,1019.0,179.15,98.55000000000001,-8.459999999999994,0.07294444444444445,348.128,3.55,0.48,0.49,392.0,True,2026-09-05 12:08:19-07:00
172.06,2,9,2026-09-05 19:11:10,37.08224,-121.59889,305.0,7.5,49.7,-12.6,0.0,,0.0,0.0,0.0,11.3,-1.3,43.1,0.0,219.0,9.4,-0.08,1.0,99.0,11.0,27,0.0,29.98,1660.0,0.0,0.0,106,0.0,0.0,0.0,0.0,0.0,0.0,0.0,0.0,0.0,0.0,0.0,0.0,-2.0,0.0,0.0,-19.0,0.0,0.0,0.0,0.0,1.0,0.0,0.0,1200.0,73.0,22.0,986.0,986.0,12.8,2.0,0.0,2.0,24.6,0.0,0.0,15.7,0.0,0.0,5.3,40.2,35.1,0.0,0.0,0.0,0.0,80.0,572.0,79.0,576.0,81.0,592.0,88.0,597.0,0.0,0.0,-22.0,0.0,0.0,24.6,2.0,4.998,0.0,0.0,1.472,1.125,73.3,22.4,0.0,0.0,0.0,,0.0,80.6,71.6,0.0,0.0,0.0,0.0,176.0,1061.6,174.2,1068.8,177.8,1097.6,190.4,1106.6,0.0,0.0,72.32,986.0,179.60000000000002,99.00000000000003,-8.280000000000001,0.0735,360.44066666666663,3.75,0.48,0.49,392.0,True,2026-09-05 12:08:19-07:00
173.06,2,9,2026-09-05 19:11:11,37.08226,-121.59886,305.0,7.8,60.4,-12.6,0.0,,0.0,0.0,0.0,11.3,-1.1,46.4,0.0,219.0,6.1,-0.07,0.9,99.0,2.0,27,0.0,29.98,1660.0,0.0,0.0,106,0.0,0.0,0.0,0.0,0.0,0.0,0.0,0.0,0.0,0.0,0.0,0.0,-1.0,0.0,0.0,-20.0,0.0,0.0,0.0,0.0,1.0,0.0,0.0,1200.0,73.0,22.0,976.0,976.0,13.0,2.0,0.0,2.0,24.6,0.0,0.0,15.7,0.0,0.0,5.3,40.2,35.1,0.0,0.0,0.0,0.0,81.0,570.0,79.0,575.0,82.0,590.0,89.0,595.0,0.0,0.0,-22.0,0.0,0.0,24.6,2.0,4.998,0.0,0.0,1.526,1.058,72.7,22.4,0.0,0.0,0.0,,0.0,80.6,71.6,0.0,0.0,0.0,0.0,177.8,1058.0,174.2,1067.0,179.6,1094.0,192.2,1103.0,0.0,0.0,72.32,976.0,180.95,100.35,-8.280000000000001,0.07405555555555556,373.34366666666665,3.9,0.48,0.49,392.0,True,2026-09-05 12:08:19-07:00
174.06,2,9,2026-09-05 19:11:12,37.08228,-121.59882,304.0,8.1,61.1,-12.6,0.0,,0.0,0.0,0.0,11.7,-0.9,47.3,0.0,219.0,3.0,-0.03,1.0,99.0,1.0,27,0.0,29.98,1660.0,0.0,0.0,106,0.0,0.0,0.0,0.0,0.0,0.0,0.0,0.0,0.0,0.0,0.0,0.0,-1.0,0.0,0.0,-20.0,0.0,0.0,0.0,0.0,1.0,0.0,0.0,1200.0,72.0,22.0,932.0,932.0,13.0,1.9,0.0,1.9,24.6,0.0,0.0,15.7,0.0,0.0,5.2,40.2,35.1,0.0,0.0,0.0,0.0,81.0,569.0,80.0,576.0,82.0,588.0,89.0,593.0,0.0,0.0,-22.0,0.0,0.0,24.6,2.0,4.998,0.0,0.0,1.523,1.207,71.8,22.4,0.0,0.0,0.0,,0.0,80.6,71.6,0.0,0.0,0.0,0.0,177.8,1056.2,176.0,1068.8,179.6,1090.4,192.2,1099.4,0.0,0.0,72.32,932.0,181.39999999999998,100.79999999999998,-8.280000000000001,0.07459722222222222,386.75266666666664,4.2631578947368425,0.48,0.49,392.0,True,2026-09-05 12:08:19-07:00
175.06,2,9,2026-09-05 19:11:13,37.08229,-121.59878,304.0,8.2,62.2,-12.6,0.0,,0.0,0.0,0.0,11.9,-0.7,48.2,0.0,219.0,1.7,-0.02,1.1,99.0,19.0,27,0.0,29.98,1660.0,0.0,0.0,106,0.0,0.0,0.0,0.0,0.0,0.0,0.0,0.0,0.0,0.0,0.0,0.0,1.0,0.0,0.0,0.0,0.0,0.0,0.0,0.0,1.0,0.0,0.0,1200.0,71.0,22.0,924.0,924.0,13.1,1.9,0.0,1.9,24.6,0.0,0.0,15.7,0.0,0.0,5.2,40.2,35.1,0.0,0.0,0.0,0.0,82.0,567.0,80.0,574.0,83.0,586.0,90.0,590.0,0.0,0.0,-22.0,0.0,0.0,24.6,2.0,4.998,0.0,0.0,1.525,1.334,71.0,22.5,0.0,0.0,0.0,,0.0,80.6,71.6,0.0,0.0,0.0,0.0,179.6,1052.6,176.0,1065.2,181.4,1086.8,194.0,1094.0,0.0,0.0,72.5,924.0,182.75,102.15,-8.099999999999994,0.075125,400.49899999999997,4.315789473684211,0.48,0.49,392.0,True,2026-09-05 12:08:19-07:00
176.06,2,9,2026-09-05 19:11:14,37.08231,-121.59873,304.0,8.3,63.4,-12.6,0.0,,0.0,0.0,0.0,11.8,-0.6,49.1,0.0,219.0,1.3,-0.02,0.9,99.0,25.0,27,0.0,29.98,1660.0,0.0,0.0,106,0.0,0.0,0.0,0.0,0.0,0.0,0.0,0.0,0.0,0.0,0.0,0.0,0.0,0.0,0.0,-9.0,0.0,0.0,0.0,0.0,1.0,0.0,0.0,1200.0,70.0,22.0,916.0,916.0,13.1,1.8,0.0,1.8,24.6,0.0,0.0,15.7,0.0,0.0,5.2,40.2,35.1,0.0,0.0,0.0,0.0,82.0,566.0,81.0,573.0,83.0,584.0,90.0,588.0,0.0,0.0,-22.0,0.0,0.0,24.6,2.0,4.998,0.0,0.0,1.486,1.401,70.5,22.5,0.0,0.0,0.0,,0.0,80.6,71.6,0.0,0.0,0.0,0.0,179.6,1050.8,177.8,1063.4,181.4,1083.2,194.0,1090.4,0.0,0.0,72.5,916.0,183.20000000000002,102.60000000000002,-8.099999999999994,0.0756388888888889,414.414,4.611111111111112,0.48,0.49,392.0,True,2026-09-05 12:08:19-07:00
177.06,2,9,2026-09-05 19:11:15,37.08233,-121.59869,304.0,8.4,64.3,-12.6,0.0,,0.0,0.0,0.0,11.7,-0.7,49.9,0.0,221.0,1.1,-0.02,1.0,99.0,42.0,27,0.0,29.98,1660.0,0.0,0.0,106,0.0,0.0,0.0,0.0,0.0,0.0,0.0,0.0,0.0,0.0,0.0,0.0,-2.0,0.0,0.0,-1.0,0.0,0.0,0.0,0.0,1.0,0.0,0.0,1200.0,70.0,23.0,913.0,913.0,13.2,1.8,0.0,1.8,24.6,0.0,0.0,15.7,0.0,0.0,5.2,40.2,35.1,0.0,0.0,0.0,0.0,83.0,565.0,81.0,573.0,84.0,582.0,90.0,586.0,0.0,0.0,-22.0,0.0,0.0,24.6,2.0,4.998,0.0,0.0,1.472,1.411,69.9,22.5,0.0,0.0,0.0,,0.0,80.6,73.4,0.0,0.0,0.0,0.0,181.4,1049.0,177.8,1063.4,183.2,1079.6,194.0,1086.8,0.0,0.0,72.5,913.0,184.1,103.5,-8.099999999999994,0.0761388888888889,428.49766666666665,4.666666666666667,0.48,0.49,392.0,True,2026-09-05 12:08:19-07:00
178.06,2,9,2026-09-05 19:11:16,37.08234,-121.59865,304.0,8.5,65.8,-12.6,0.0,,0.0,0.0,0.0,11.7,-0.5,50.5,0.0,221.0,1.0,-0.01,1.0,99.0,50.0,27,0.0,29.98,1663.0,0.0,0.0,106,0.0,0.0,0.0,0.0,0.0,0.0,0.0,0.0,0.0,0.0,0.0,0.0,-2.0,0.0,0.0,1.0,0.0,0.0,0.0,0.0,1.0,0.0,0.0,1200.0,70.0,23.0,915.0,915.0,13.3,1.8,0.0,1.8,24.6,0.0,0.0,15.7,0.0,0.0,5.1,40.2,35.1,0.0,0.0,0.0,0.0,83.0,563.0,82.0,572.0,84.0,580.0,91.0,585.0,0.0,0.0,-22.0,0.0,0.0,24.6,2.0,4.998,0.0,0.0,1.44,1.46,69.8,22.6,0.0,0.0,0.0,,0.0,80.6,73.4,0.0,0.0,0.0,0.0,181.4,1045.4,179.6,1061.6,183.2,1076.0,195.8,1085.0,0.0,0.0,72.68,915.0,185.0,104.4,-7.9199999999999875,0.0766388888888889,442.74999999999994,4.722222222222222,0.48,0.49,392.0,True,2026-09-05 12:08:19-07:00
179.06,2,9,2026-09-05 19:11:17,37.08236,-121.5986,304.0,8.6,66.3,-12.6,0.0,,0.0,0.0,0.0,11.4,-0.7,51.2,0.0,222.0,0.9,-0.02,1.0,99.0,51.0,27,0.0,29.98,1663.0,0.0,0.0,106,0.0,0.0,0.0,0.0,0.0,0.0,0.0,0.0,0.0,0.0,0.0,0.0,-2.0,0.0,0.0,1.0,0.0,0.0,0.0,0.0,1.0,0.0,0.0,1200.0,69.0,23.0,829.0,829.0,13.1,1.7,0.0,1.7,24.6,0.0,0.0,15.7,0.0,0.0,5.1,40.2,35.1,0.0,0.0,0.0,0.0,84.0,562.0,82.0,572.0,85.0,578.0,91.0,583.0,0.0,0.0,-22.0,0.0,0.0,24.6,2.0,4.998,0.0,0.0,1.416,1.464,68.6,22.6,0.0,0.0,0.0,,0.0,80.6,73.4,0.0,0.0,0.0,0.0,183.2,1043.6,179.6,1061.6,185.0,1072.4,195.8,1081.4,0.0,0.0,72.68,829.0,185.89999999999998,105.29999999999998,-7.9199999999999875,0.077125,457.171,5.0588235294117645,0.48,0.49,392.0,True,2026-09-05 12:08:19-07:00
180.06,2,9,2026-09-05 19:11:18,37.08237,-121.59856,306.0,8.6,67.2,-12.6,0.0,,0.0,0.0,0.0,11.4,-0.8,51.7,0.0,224.0,0.7,-0.02,1.0,99.0,64.0,27,0.0,29.98,1663.0,0.0,0.0,106,0.0,0.0,0.0,0.0,0.0,0.0,0.0,0.0,0.0,0.0,0.0,0.0,-2.0,0.0,0.0,1.0,0.0,0.0,0.0,0.0,1.0,0.0,0.0,1200.0,67.0,23.0,784.0,784.0,13.5,1.6,0.0,1.6,24.6,0.0,0.0,15.7,0.0,0.0,5.1,40.2,35.1,0.0,0.0,0.0,0.0,84.0,560.0,82.0,571.0,85.0,577.0,92.0,581.0,0.0,0.0,-22.0,0.0,0.0,24.6,2.0,4.998,0.0,0.0,1.416,1.515,67.1,22.6,0.0,0.0,0.0,,0.0,80.6,73.4,0.0,0.0,0.0,0.0,183.2,1040.0,179.6,1059.8,185.0,1070.6,197.6,1077.8,0.0,0.0,72.68,784.0,186.35000000000002,105.75000000000003,-7.9199999999999875,0.07758333333333334,471.6763333333333,5.374999999999999,0.48,0.49,392.0,True,2026-09-05 12:08:19-07:00
181.06,2,9,2026-09-05 19:11:19,37.08239,-121.59851,306.0,8.4,67.1,-12.6,0.0,,0.0,0.0,0.0,11.4,-0.7,54.7,0.0,225.0,1.8,-0.02,0.9,99.0,63.0,27,0.0,29.98,1666.0,0.0,0.0,106,0.0,0.0,0.0,0.0,0.0,0.0,0.0,0.0,0.0,0.0,0.0,0.0,-2.0,0.0,0.0,1.0,0.0,0.0,0.0,0.0,1.0,0.0,0.0,1200.0,66.0,23.0,786.0,786.0,13.9,1.6,0.0,1.6,24.6,0.0,0.0,15.7,0.0,0.0,5.1,40.2,35.1,0.0,0.0,0.0,0.0,84.0,559.0,83.0,572.0,86.0,575.0,92.0,578.0,0.0,0.0,-22.0,0.0,0.0,24.6,2.0,4.998,0.0,0.0,1.416,1.562,66.1,22.6,0.0,0.0,0.0,,0.0,80.6,73.4,0.0,0.0,0.0,0.0,183.2,1038.2,181.4,1061.6,186.8,1067.0,197.6,1072.4,0.0,0.0,72.68,786.0,187.25,106.65,-7.9199999999999875,0.07802777777777778,486.013,5.25,0.48,0.49,392.0,True,2026-09-05 12:08:19-07:00
182.06,2,9,2026-09-05 19:11:20,37.08241,-121.59846,305.0,8.2,67.8,-12.6,0.0,,0.0,0.0,0.0,11.2,-0.3,64.1,0.0,226.0,5.9,-0.04,1.1,99.0,51.0,27,0.0,29.98,1666.0,0.0,0.0,106,0.0,0.0,0.0,0.0,0.0,0.0,0.0,0.0,0.0,0.0,0.0,0.0,-2.0,0.0,0.0,0.0,0.0,0.0,0.0,0.0,1.0,0.0,0.0,1200.0,66.0,23.0,808.0,808.0,13.9,1.6,0.0,1.6,24.6,0.0,0.0,15.7,0.0,0.0,5.1,40.2,35.1,0.0,0.0,0.0,0.0,85.0,558.0,83.0,573.0,86.0,573.0,93.0,577.0,0.0,0.0,-22.0,0.0,0.0,24.6,2.0,4.998,0.0,0.0,1.417,1.606,65.8,22.7,0.0,0.0,0.0,,0.0,80.6,73.4,0.0,0.0,0.0,0.0,185.0,1036.4,181.4,1063.4,186.8,1063.4,199.4,1070.6,0.0,0.0,72.86,808.0,188.15,107.55000000000001,-7.739999999999995,0.07847222222222222,500.0123333333333,5.124999999999999,0.48,0.49,392.0,True,2026-09-05 12:08:19-07:00
183.06,2,9,2026-09-05 19:11:21,37.08241,-121.59843,305.0,7.7,78.4,-12.6,0.0,,0.0,0.0,0.0,11.4,-0.3,80.9,0.0,226.0,12.2,-0.09,0.8,99.0,45.0,27,0.0,29.98,1666.0,0.0,0.0,106,0.0,0.0,0.0,0.0,0.0,0.0,0.0,0.0,0.0,0.0,0.0,0.0,-3.0,0.0,0.0,1.0,0.0,0.0,0.0,0.0,1.0,0.0,0.0,1200.0,66.0,23.0,791.0,791.0,13.9,1.6,0.0,1.6,24.5,0.0,0.0,15.7,0.0,0.0,5.1,40.2,35.1,0.0,0.0,0.0,0.0,85.0,557.0,83.0,575.0,87.0,572.0,93.0,575.0,0.0,0.0,-22.0,0.0,0.0,24.5,2.0,4.998,0.0,0.0,1.471,1.567,65.6,22.7,0.0,0.0,0.0,,0.0,80.6,73.4,0.0,0.0,0.0,0.0,185.0,1034.6,181.4,1067.0,188.6,1061.6,199.4,1067.0,0.0,0.0,72.86,791.0,188.6,108.0,-7.739999999999995,0.07891666666666666,513.4213333333333,4.8125,0.48,0.49,392.0,True,2026-09-05 12:08:19-07:00
184.06,2,9,2026-09-05 19:11:22,37.08242,-121.59838,306.0,7.1,92.3,-12.6,0.0,,0.0,0.0,0.0,11.1,-0.0,100.8,0.0,227.0,16.8,-0.13,1.0,99.0,54.0,27,0.0,29.98,1669.0,0.0,0.0,106,0.0,0.0,0.0,0.0,0.0,0.0,0.0,0.0,0.0,0.0,0.0,0.0,-5.0,0.0,0.0,0.0,0.0,0.0,0.0,0.0,1.0,0.0,0.0,1200.0,66.0,23.0,798.0,798.0,14.0,1.6,0.0,1.6,24.6,0.0,0.0,15.7,0.0,0.0,5.0,40.2,35.1,0.0,0.0,0.0,0.0,86.0,556.0,84.0,575.0,87.0,570.0,94.0,573.0,0.0,0.0,-22.0,0.0,0.0,24.6,2.0,4.998,0.0,0.0,1.514,1.389,65.5,22.7,0.0,0.0,0.0,,0.0,80.6,73.4,0.0,0.0,0.0,0.0,186.8,1032.8,183.2,1067.0,188.6,1058.0,201.2,1063.4,0.0,0.0,72.86,798.0,189.95,109.35,-7.739999999999995,0.07936111111111112,525.9026666666666,4.437499999999999,0.48,0.49,392.0,True,2026-09-05 12:08:19-07:00
185.06,2,9,2026-09-05 19:11:23,37.08241,-121.59834,306.0,7.1,112.8,-12.6,0.0,,0.0,0.0,0.0,11.2,-0.4,119.7,0.0,228.0,18.3,-0.16,1.1,99.0,69.0,27,0.0,29.98,1669.0,0.0,0.0,106,0.0,0.0,0.0,0.0,0.0,0.0,0.0,0.0,0.0,0.0,0.0,0.0,-5.0,0.0,0.0,0.0,0.0,0.0,0.0,0.0,1.0,0.0,0.0,1200.0,66.0,23.0,808.0,808.0,13.9,1.5,0.0,1.5,24.6,0.0,0.0,15.7,0.0,0.0,5.0,40.2,35.1,0.0,0.0,0.0,0.0,86.0,555.0,84.0,575.0,88.0,568.0,94.0,571.0,0.0,0.0,-22.0,0.0,0.0,24.6,2.0,4.998,0.0,0.0,1.626,0.952,65.6,22.8,0.0,0.0,0.0,,0.0,80.6,73.4,0.0,0.0,0.0,0.0,186.8,1031.0,183.2,1067.0,190.4,1054.4,201.2,1059.8,0.0,0.0,73.04,808.0,190.39999999999998,109.79999999999998,-7.559999999999988,0.07979166666666666,537.8779999999999,4.733333333333333,0.48,0.49,392.0,True,2026-09-05 12:08:19-07:00
186.06,2,9,2026-09-05 19:11:24,37.08239,-121.59831,306.0,6.8,134.3,-12.6,0.0,,0.0,0.0,0.0,11.4,-1.1,131.6,0.0,229.0,15.1,-0.15,1.0,99.0,47.0,27,0.0,29.98,1669.0,0.0,0.0,106,0.0,0.0,0.0,0.0,0.0,0.0,0.0,0.0,0.0,0.0,0.0,0.0,-5.0,0.0,0.0,0.0,0.0,0.0,0.0,0.0,1.0,0.0,0.0,1200.0,65.0,23.0,777.0,777.0,13.8,1.5,0.0,1.5,24.5,0.0,0.0,15.7,0.0,0.0,5.0,40.2,35.1,0.0,0.0,0.0,0.0,86.0,555.0,85.0,575.0,88.0,567.0,95.0,570.0,0.0,0.0,-22.0,0.0,0.0,24.5,2.0,4.998,0.0,0.0,1.67,0.95,65.5,22.8,0.0,0.0,0.0,,0.0,80.6,73.4,0.0,0.0,0.0,0.0,186.8,1031.0,185.0,1067.0,190.4,1052.6,203.0,1058.0,0.0,0.0,73.04,777.0,191.3,110.70000000000002,-7.559999999999988,0.08020833333333334,549.6003333333333,4.533333333333333,0.48,0.49,392.0,True,2026-09-05 12:08:19-07:00
187.06,2,9,2026-09-05 19:11:25,37.08237,-121.59828,306.0,6.8,145.6,-12.6,0.0,,0.0,0.0,0.0,11.5,-1.4,136.1,0.0,229.0,8.8,-0.07,0.9,99.0,28.0,27,0.0,29.98,1672.0,0.0,0.0,106,0.0,0.0,0.0,0.0,0.0,0.0,0.0,0.0,0.0,0.0,0.0,0.0,-5.0,0.0,0.0,0.0,0.0,0.0,0.0,0.0,1.0,0.0,0.0,1200.0,65.0,23.0,814.0,814.0,14.0,1.5,0.0,1.5,24.6,0.0,0.0,15.7,0.0,0.0,5.0,40.2,35.1,0.0,0.0,0.0,0.0,87.0,555.0,85.0,577.0,89.0,566.0,95.0,568.0,0.0,0.0,-22.0,0.0,0.0,24.6,2.0,4.998,0.0,0.0,1.656,0.885,65.3,22.8,0.0,0.0,0.0,,0.0,80.6,73.4,0.0,0.0,0.0,0.0,188.6,1031.0,185.0,1070.6,192.2,1050.8,203.0,1054.4,0.0,0.0,73.04,814.0,192.20000000000002,111.60000000000002,-7.559999999999988,0.080625,561.0696666666666,4.533333333333333,0.48,0.49,392.0,True,2026-09-05 12:08:19-07:00
188.06,2,9,2026-09-05 19:11:26,37.08234,-121.59827,306.0,7.0,150.4,-12.6,0.0,,0.0,0.0,0.0,11.3,-1.4,140.3,0.0,229.0,5.8,-0.05,1.1,99.0,18.0,27,0.0,29.98,1671.0,0.0,0.0,106,0.0,0.0,0.0,0.0,0.0,0.0,0.0,0.0,0.0,0.0,0.0,0.0,-5.0,0.0,0.0,0.0,0.0,0.0,0.0,0.0,1.0,0.0,0.0,1200.0,68.0,23.0,1176.0,1176.0,15.8,1.7,0.0,1.7,24.3,0.0,0.0,15.7,0.0,0.0,4.9,40.2,35.1,0.0,0.0,0.0,0.0,87.0,557.0,85.0,577.0,89.0,568.0,95.0,571.0,0.0,0.0,-22.0,0.0,0.0,24.3,2.0,4.998,0.0,0.0,1.606,0.861,67.5,22.8,0.0,0.0,0.0,,0.0,80.6,73.4,0.0,0.0,0.0,0.0,188.6,1034.6,185.0,1070.6,192.2,1054.4,203.0,1059.8,0.0,0.0,73.04,1176.0,192.20000000000002,111.60000000000002,-7.559999999999988,0.08106944444444444,572.7076666666667,4.11764705882353,0.48,0.49,392.0,True,2026-09-05 12:08:19-07:00
189.06,2,9,2026-09-05 19:11:27,37.08231,-121.59824,306.0,7.9,156.9,-12.6,0.0,,0.0,0.0,0.0,11.5,-1.6,141.8,0.0,229.0,3.4,-0.06,1.0,99.0,1.0,27,0.0,29.98,1671.0,0.0,0.0,106,0.0,0.0,0.0,0.0,0.0,0.0,0.0,0.0,0.0,0.0,0.0,0.0,-5.0,0.0,0.0,-3.0,0.0,0.0,0.0,0.0,1.0,0.0,0.0,1200.0,74.0,23.0,1187.0,1187.0,13.7,1.8,0.0,1.8,24.6,0.0,0.0,15.7,0.0,0.0,4.8,40.2,35.1,0.0,0.0,0.0,0.0,88.0,562.0,86.0,580.0,89.0,577.0,96.0,578.0,0.0,0.0,-22.0,0.0,0.0,24.6,2.0,4.998,0.0,0.0,1.626,0.791,73.6,22.9,0.0,0.0,0.0,,0.0,80.6,73.4,0.0,0.0,0.0,0.0,190.4,1043.6,186.8,1076.0,192.2,1070.6,204.8,1072.4,0.0,0.0,73.22,1187.0,193.54999999999998,112.94999999999999,-7.3799999999999955,0.08155555555555556,585.2733333333333,4.388888888888889,0.48,0.49,392.0,True,2026-09-05 12:08:19-07:00
190.06,2,9,2026-09-05 19:11:28,37.08228,-121.59823,305.0,8.7,156.0,-12.6,0.0,,0.0,0.0,0.0,11.5,-1.6,141.3,0.0,229.0,0.9,-0.03,1.0,99.0,10.0,27,0.0,29.98,1671.0,0.0,0.0,106,0.0,0.0,0.0,0.0,0.0,0.0,0.0,0.0,0.0,0.0,0.0,0.0,-5.0,0.0,0.0,-4.0,0.0,0.0,0.0,0.0,1.0,0.0,0.0,1200.0,76.0,23.0,1144.0,1144.0,13.0,1.9,0.0,1.9,24.5,0.0,0.0,15.7,0.0,0.0,4.9,40.2,35.1,0.0,0.0,0.0,0.0,88.0,564.0,86.0,582.0,90.0,583.0,96.0,583.0,0.0,0.0,-22.0,0.0,0.0,24.5,2.0,4.998,0.0,0.0,1.576,0.951,75.7,22.9,0.0,0.0,0.0,,0.0,80.6,73.4,0.0,0.0,0.0,0.0,190.4,1047.2,186.8,1079.6,194.0,1081.4,204.8,1081.4,0.0,0.0,73.22,1144.0,194.0,113.4,-7.3799999999999955,0.08206944444444444,599.2726666666666,4.578947368421052,0.48,0.49,392.0,True,2026-09-05 12:08:19-07:00
191.06,2,9,2026-09-05 19:11:29,37.08224,-121.59821,305.0,9.4,155.9,-12.6,0.0,,0.0,0.0,0.0,11.5,-1.5,141.1,0.0,229.0,0.1,-0.02,1.0,99.0,8.0,27,0.0,29.98,1671.0,0.0,0.0,106,0.0,0.0,0.0,0.0,0.0,0.0,0.0,0.0,0.0,0.0,0.0,0.0,-5.0,0.0,0.0,-5.0,0.0,0.0,0.0,0.0,1.0,0.0,0.0,1200.0,76.0,23.0,1094.0,1094.0,12.8,2.0,0.0,2.0,24.6,0.0,0.0,15.7,0.0,0.0,5.0,40.2,35.1,0.0,0.0,0.0,0.0,88.0,567.0,87.0,580.0,90.0,588.0,97.0,587.0,0.0,0.0,-22.0,0.0,0.0,24.6,2.0,4.998,0.0,0.0,1.523,1.069,75.7,23.0,0.0,0.0,0.0,,0.0,80.6,73.4,0.0,0.0,0.0,0.0,190.4,1052.6,188.6,1076.0,194.0,1090.4,206.6,1088.6,0.0,0.0,73.4,1094.0,194.9,114.30000000000001,-7.199999999999989,0.08261111111111111,614.5369999999999,4.7,0.48,0.49,392.0,True,2026-09-05 12:08:19-07:00
192.06,2,9,2026-09-05 19:11:30,37.0822,-121.59818,305.0,10.0,155.6,-12.6,0.0,,0.0,0.0,0.0,11.5,-1.1,141.6,0.0,229.0,0.2,-0.02,1.0,99.0,15.0,27,0.0,29.98,1671.0,0.0,0.0,106,0.0,0.0,0.0,0.0,0.0,0.0,0.0,0.0,0.0,0.0,0.0,0.0,-5.0,0.0,0.0,-5.0,0.0,0.0,0.0,0.0,1.0,0.0,0.0,1200.0,75.0,23.0,1049.0,1049.0,12.8,2.0,0.0,2.0,24.6,0.0,0.0,15.7,0.0,0.0,5.0,40.2,35.1,0.0,0.0,0.0,0.0,89.0,570.0,87.0,585.0,91.0,589.0,97.0,588.0,0.0,0.0,-22.0,0.0,0.0,24.6,2.0,4.998,0.0,0.0,1.525,1.213,74.5,23.0,0.0,0.0,0.0,,0.0,80.6,73.4,0.0,0.0,0.0,0.0,192.2,1058.0,188.6,1085.0,195.8,1092.2,206.6,1090.4,0.0,0.0,73.4,1049.0,195.8,115.20000000000002,-7.199999999999989,0.08316666666666667,630.8976666666666,5.0,0.48,0.49,392.0,True,2026-09-05 12:08:19-07:00
193.06,2,9,2026-09-05 19:11:31,37.08215,-121.59816,305.0,10.5,156.1,-12.6,0.0,,0.0,0.0,0.0,11.1,-1.5,142.3,0.0,229.0,0.3,-0.02,0.9,99.0,2.0,27,0.0,29.98,1671.0,0.0,0.0,106,0.0,0.0,0.0,0.0,0.0,0.0,0.0,0.0,0.0,0.0,0.0,0.0,-5.0,0.0,0.0,-1.0,0.0,0.0,0.0,0.0,1.0,0.0,0.0,1200.0,74.0,23.0,1032.0,1032.0,12.9,2.0,0.0,2.0,24.5,0.0,0.0,15.7,0.0,0.0,5.0,40.2,35.1,0.0,0.0,0.0,0.0,90.0,572.0,88.0,585.0,92.0,589.0,98.0,589.0,0.0,0.0,-22.0,0.0,0.0,24.5,2.0,4.998,0.0,0.0,1.471,1.362,73.8,23.0,0.0,0.0,0.0,,0.0,80.6,73.4,0.0,0.0,0.0,0.0,194.0,1061.6,190.4,1085.0,197.6,1092.2,208.4,1092.2,0.0,0.0,73.4,1032.0,197.6,117.0,-7.199999999999989,0.08372222222222223,648.1859999999999,5.25,0.48,0.49,392.0,True,2026-09-05 12:08:19-07:00
194.06,2,9,2026-09-05 19:11:32,37.08211,-121.59813,305.0,10.8,156.6,-12.6,0.0,,0.0,0.0,0.0,11.1,-1.3,143.5,0.0,229.0,0.6,-0.03,0.9,99.0,-20.0,27,0.0,29.98,1671.0,0.0,0.0,106,0.0,0.0,0.0,0.0,0.0,0.0,0.0,0.0,0.0,0.0,0.0,0.0,-5.0,0.0,0.0,-1.0,0.0,0.0,0.0,0.0,1.0,0.0,0.0,1200.0,73.0,23.0,1030.0,1030.0,13.0,2.0,0.0,2.0,24.6,0.0,0.0,15.7,0.0,0.0,5.0,40.2,35.1,0.0,0.0,0.0,0.0,90.0,572.0,88.0,586.0,92.0,588.0,98.0,590.0,0.0,0.0,-22.0,0.0,0.0,24.6,2.0,4.998,0.0,0.0,1.472,1.432,73.0,23.1,0.0,0.0,0.0,,0.0,80.6,73.4,0.0,0.0,0.0,0.0,194.0,1061.6,190.4,1086.8,197.6,1090.4,208.4,1094.0,0.0,0.0,73.58,1030.0,197.6,117.0,-7.019999999999996,0.08427777777777778,666.149,5.4,0.48,0.49,392.0,True,2026-09-05 12:08:19-07:00
195.06,2,9,2026-09-05 19:11:33,37.08206,-121.59811,305.0,11.2,157.2,-12.6,0.0,,0.0,0.0,0.0,11.2,-1.0,144.4,0.0,229.0,0.7,-0.02,0.9,99.0,-10.0,27,0.0,29.98,1671.0,0.0,0.0,106,0.0,0.0,0.0,0.0,0.0,0.0,0.0,0.0,0.0,0.0,0.0,0.0,-5.0,0.0,0.0,-1.0,0.0,0.0,0.0,0.0,1.0,0.0,0.0,1200.0,73.0,23.0,1032.0,1032.0,13.1,2.1,0.0,2.1,24.5,0.0,0.0,15.7,0.0,0.0,5.0,40.2,35.1,0.0,0.0,0.0,0.0,91.0,574.0,89.0,585.0,92.0,587.0,99.0,590.0,0.0,0.0,-22.0,0.0,0.0,24.5,2.0,4.998,0.0,0.0,1.471,1.426,72.8,23.1,0.0,0.0,0.0,,0.0,80.6,73.4,0.0,0.0,0.0,0.0,195.8,1065.2,192.2,1085.0,197.6,1088.6,210.2,1094.0,0.0,0.0,73.58,1032.0,198.95,118.35,-7.019999999999996,0.08484722222222223,684.7023333333333,5.333333333333333,0.48,0.49,392.0,True,2026-09-05 12:08:19-07:00
196.06,2,9,2026-09-05 19:11:34,37.08202,-121.59808,306.0,11.5,157.6,-12.6,0.0,,0.0,0.0,0.0,11.1,-1.1,145.2,0.0,229.0,0.7,-0.03,1.0,99.0,-9.0,27,0.0,29.98,1671.0,0.0,0.0,106,0.0,0.0,0.0,0.0,0.0,0.0,0.0,0.0,0.0,0.0,0.0,0.0,-5.0,0.0,0.0,-3.0,0.0,0.0,0.0,0.0,1.0,0.0,0.0,1200.0,73.0,23.0,1017.0,1017.0,13.0,2.0,0.0,2.0,24.6,0.0,0.0,15.7,0.0,0.0,5.0,40.2,35.1,0.0,0.0,0.0,0.0,91.0,574.0,89.0,585.0,93.0,587.0,99.0,591.0,0.0,0.0,-22.0,0.0,0.0,24.6,2.0,4.998,0.0,0.0,1.417,1.412,72.7,23.1,0.0,0.0,0.0,,0.0,80.6,73.4,0.0,0.0,0.0,0.0,195.8,1065.2,192.2,1085.0,199.4,1088.6,210.2,1095.8,0.0,0.0,73.58,1017.0,199.39999999999998,118.79999999999998,-7.019999999999996,0.08541666666666667,703.846,5.75,0.48,0.49,392.0,True,2026-09-05 12:08:19-07:00
197.06,2,9,2026-09-05 19:11:35,37.08197,-121.59806,306.0,11.7,158.6,-12.6,0.0,,0.0,0.0,0.0,11.2,-1.2,144.5,0.0,229.0,-0.2,-0.01,1.1,99.0,-18.0,27,0.0,29.98,1672.0,0.0,0.0,106,0.0,0.0,0.0,0.0,0.0,0.0,0.0,0.0,0.0,0.0,0.0,0.0,-5.0,0.0,0.0,-3.0,0.0,0.0,0.0,0.0,1.0,0.0,0.0,1200.0,70.0,23.0,835.0,835.0,12.6,2.0,0.0,2.0,24.6,0.0,0.0,15.7,0.0,0.0,5.0,40.2,35.1,0.0,0.0,0.0,0.0,91.0,574.0,89.0,580.0,93.0,585.0,100.0,590.0,0.0,0.0,-22.0,0.0,0.0,24.6,2.0,4.998,0.0,0.0,1.416,1.483,70.4,23.2,0.0,0.0,0.0,,0.0,80.6,73.4,0.0,0.0,0.0,0.0,195.8,1065.2,192.2,1076.0,199.4,1085.0,212.0,1094.0,0.0,0.0,73.75999999999999,835.0,199.84999999999997,119.24999999999997,-6.840000000000003,0.08597222222222223,723.4113333333333,5.85,0.48,0.49,392.0,True,2026-09-05 12:08:19-07:00
198.06,2,9,2026-09-05 19:11:36,37.08192,-121.59803,306.0,11.7,157.3,-12.6,0.0,,0.0,0.0,0.0,11.1,-1.3,143.5,0.0,229.0,-0.7,-0.01,1.1,99.0,-16.0,27,0.0,29.98,1671.0,0.0,0.0,106,0.0,0.0,0.0,0.0,0.0,0.0,0.0,0.0,0.0,0.0,0.0,0.0,-5.0,0.0,0.0,-3.0,0.0,0.0,0.0,0.0,1.0,0.0,0.0,1200.0,68.0,23.0,825.0,825.0,13.3,1.8,0.0,1.8,24.6,0.0,0.0,15.7,0.0,0.0,5.0,40.2,35.1,0.0,0.0,0.0,0.0,92.0,571.0,90.0,580.0,94.0,584.0,100.0,587.0,0.0,0.0,-22.0,0.0,0.0,24.6,2.0,4.998,0.0,0.0,1.416,1.52,67.9,23.2,0.0,0.0,0.0,,0.0,80.6,73.4,0.0,0.0,0.0,0.0,197.6,1059.8,194.0,1076.0,201.2,1083.2,212.0,1088.6,0.0,0.0,73.75999999999999,825.0,201.20000000000002,120.60000000000002,-6.840000000000003,0.08650000000000001,743.1453333333333,6.499999999999999,0.48,0.49,392.0,True,2026-09-05 12:08:19-07:00
199.06,2,9,2026-09-05 19:11:37,37.08187,-121.59801,306.0,11.7,156.5,-12.6,0.0,,0.0,0.0,0.0,11.1,-1.4,142.4,0.0,229.0,-1.0,-0.01,1.0,99.0,13.0,27,0.0,29.98,1671.0,0.0,0.0,106,0.0,0.0,0.0,0.0,0.0,0.0,0.0,0.0,0.0,0.0,0.0,0.0,-5.0,0.0,0.0,-3.0,0.0,0.0,0.0,0.0,1.0,0.0,0.0,1200.0,67.0,23.0,867.0,867.0,13.4,1.8,0.0,1.8,24.6,0.0,0.0,15.7,0.0,0.0,4.9,40.2,35.1,0.0,0.0,0.0,0.0,92.0,568.0,90.0,579.0,94.0,583.0,101.0,585.0,0.0,0.0,-22.0,0.0,0.0,24.6,2.0,4.998,0.0,0.0,1.411,1.558,67.5,23.2,0.0,0.0,0.0,,0.0,80.6,73.4,0.0,0.0,0.0,0.0,197.6,1054.4,194.0,1074.2,201.2,1081.4,213.8,1085.0,0.0,0.0,73.75999999999999,867.0,201.65,121.05000000000001,-6.840000000000003,0.087,762.8793333333333,6.499999999999999,0.48,0.49,392.0,True,2026-09-05 12:08:19-07:00
200.06,2,9,2026-09-05 19:11:38,37.08182,-121.59798,306.0,11.7,155.3,-12.6,0.0,,0.0,0.0,0.0,11.1,-1.3,141.6,0.0,229.0,-0.9,-0.01,1.1,99.0,2.0,27,0.0,29.98,1671.0,0.0,0.0,106,0.0,0.0,0.0,0.0,0.0,0.0,0.0,0.0,0.0,0.0,0.0,0.0,-5.0,0.0,0.0,-7.0,0.0,0.0,0.0,0.0,1.0,0.0,0.0,1200.0,67.0,23.0,854.0,854.0,13.3,1.7,0.0,1.7,24.6,0.0,0.0,15.7,0.0,0.0,4.9,40.2,35.1,0.0,0.0,0.0,0.0,93.0,567.0,91.0,578.0,95.0,583.0,101.0,585.0,0.0,0.0,-22.0,0.0,0.0,24.6,2.0,4.998,0.0,0.0,1.36,1.594,67.2,23.3,0.0,0.0,0.0,,0.0,80.6,73.4,0.0,0.0,0.0,0.0,199.4,1052.6,195.8,1072.4,203.0,1081.4,213.8,1085.0,0.0,0.0,73.94,854.0,203.0,122.4,-6.659999999999997,0.08748611111111111,782.6133333333333,6.88235294117647,0.48,0.49,392.0,True,2026-09-05 12:08:19-07:00
201.06,2,9,2026-09-05 19:11:39,37.08177,-121.59795,306.0,11.9,154.3,-12.6,0.0,,0.0,0.0,0.0,11.0,-1.2,141.3,0.0,229.0,-0.5,-0.01,1.0,99.0,-1.0,27,0.0,29.98,1671.0,0.0,0.0,106,0.0,0.0,0.0,0.0,0.0,0.0,0.0,0.0,0.0,0.0,0.0,0.0,-5.0,0.0,0.0,-7.0,0.0,0.0,0.0,0.0,1.0,0.0,0.0,1200.0,67.0,23.0,859.0,859.0,13.4,1.6,0.0,1.6,24.6,0.0,0.0,15.7,0.0,0.0,4.8,40.2,35.1,0.0,0.0,0.0,0.0,93.0,565.0,91.0,578.0,95.0,582.0,101.0,583.0,0.0,0.0,-22.0,0.0,0.0,24.6,2.0,4.998,0.0,0.0,1.36,1.588,67.2,23.3,0.0,0.0,0.0,,0.0,80.6,73.4,0.0,0.0,0.0,0.0,199.4,1049.0,195.8,1072.4,203.0,1079.6,213.8,1081.4,0.0,0.0,73.94,859.0,203.0,122.4,-6.659999999999997,0.08794444444444445,802.516,7.4375,0.48,0.49,392.0,True,2026-09-05 12:08:19-07:00
202.06,2,9,2026-09-05 19:11:40,37.08172,-121.59792,306.0,11.9,154.2,-12.6,0.0,,0.0,0.0,0.0,11.1,-1.0,141.8,0.0,229.0,0.1,-0.02,1.0,99.0,14.0,27,0.0,29.98,1671.0,0.0,0.0,106,0.0,0.0,0.0,0.0,0.0,0.0,0.0,0.0,0.0,0.0,0.0,0.0,-5.0,0.0,0.0,-6.0,0.0,0.0,0.0,0.0,1.0,0.0,0.0,1200.0,67.0,23.0,864.0,864.0,13.4,1.6,0.0,1.6,24.6,0.0,0.0,15.7,0.0,0.0,4.8,40.2,35.1,0.0,0.0,0.0,0.0,94.0,564.0,92.0,578.0,96.0,582.0,102.0,584.0,0.0,0.0,-22.0,0.0,0.0,24.6,2.0,4.998,0.0,0.0,1.36,1.567,67.0,23.4,0.0,0.0,0.0,,0.0,80.6,73.4,0.0,0.0,0.0,0.0,201.2,1047.2,197.6,1072.4,204.8,1079.6,215.6,1083.2,0.0,0.0,74.12,864.0,204.8,124.20000000000002,-6.47999999999999,0.08838888888888889,822.5873333333333,7.4375,0.48,0.49,392.0,True,2026-09-05 12:08:19-07:00
203.06,2,9,2026-09-05 19:11:41,37.08167,-121.59789,306.0,12.1,154.6,-12.6,0.0,,0.0,0.0,0.0,11.1,-1.1,142.1,0.0,229.0,0.3,-0.02,1.0,99.0,4.0,27,0.0,29.98,1671.0,0.0,0.0,106,0.0,0.0,0.0,0.0,0.0,0.0,0.0,0.0,0.0,0.0,0.0,0.0,-5.0,0.0,0.0,-6.0,0.0,0.0,0.0,0.0,1.0,0.0,0.0,1200.0,67.0,23.0,856.0,856.0,13.4,1.6,0.0,1.6,24.6,0.0,0.0,15.7,0.0,0.0,4.8,40.2,35.1,0.0,0.0,0.0,0.0,94.0,562.0,92.0,578.0,96.0,582.0,102.0,583.0,0.0,0.0,-22.0,0.0,0.0,24.6,2.0,4.998,0.0,0.0,1.36,1.578,67.0,23.4,0.0,0.0,0.0,,0.0,80.6,73.4,0.0,0.0,0.0,0.0,201.2,1043.6,197.6,1072.4,204.8,1079.6,215.6,1081.4,0.0,0.0,74.12,856.0,204.8,124.20000000000002,-6.47999999999999,0.08883333333333333,842.8273333333333,7.562499999999999,0.48,0.49,392.0,True,2026-09-05 12:08:19-07:00
204.06,2,9,2026-09-05 19:11:42,37.08162,-121.59786,306.0,12.1,154.9,-12.6,0.0,,0.0,0.0,0.0,11.0,-1.1,142.3,0.0,229.0,0.3,-0.02,0.9,99.0,-7.0,27,0.0,29.98,1663.0,0.0,0.0,106,0.0,0.0,0.0,0.0,0.0,0.0,0.0,0.0,0.0,0.0,0.0,0.0,-5.0,0.0,0.0,-6.0,0.0,0.0,0.0,0.0,1.0,0.0,0.0,1200.0,67.0,23.0,835.0,835.0,13.5,1.6,0.0,1.6,24.6,0.0,0.0,15.7,0.0,0.0,4.9,40.2,35.1,0.0,0.0,0.0,0.0,94.0,562.0,92.0,579.0,96.0,581.0,103.0,582.0,0.0,0.0,-22.0,0.0,0.0,24.6,2.0,4.998,0.0,0.0,1.36,1.527,66.7,23.4,0.0,0.0,0.0,,0.0,80.6,73.4,0.0,0.0,0.0,0.0,201.2,1043.6,197.6,1074.2,204.8,1077.8,217.4,1079.6,0.0,0.0,74.12,835.0,205.25,124.65,-6.47999999999999,0.08927777777777778,863.236,7.562499999999999,0.48,0.49,392.0,True,2026-09-05 12:08:19-07:00
205.06,2,9,2026-09-05 19:11:43,37.08157,-121.59783,306.0,12.1,154.9,-12.6,0.0,,0.0,0.0,0.0,11.0,-1.2,142.6,0.0,229.0,0.3,-0.02,1.0,99.0,-28.0,27,0.0,29.98,1663.0,0.0,0.0,106,0.0,0.0,0.0,0.0,0.0,0.0,0.0,0.0,0.0,0.0,0.0,0.0,-5.0,0.0,0.0,-6.0,0.0,0.0,0.0,0.0,1.0,0.0,0.0,1200.0,67.0,23.0,872.0,872.0,13.6,1.6,0.0,1.6,24.6,0.0,0.0,15.7,0.0,0.0,4.8,40.2,35.1,0.0,0.0,0.0,0.0,95.0,562.0,93.0,579.0,97.0,580.0,103.0,581.0,0.0,0.0,-22.0,0.0,0.0,24.6,2.0,4.998,0.0,0.0,1.36,1.55,66.7,23.4,0.0,0.0,0.0,,0.0,80.6,73.4,0.0,0.0,0.0,0.0,203.0,1043.6,199.4,1074.2,206.6,1076.0,217.4,1077.8,0.0,0.0,74.12,872.0,206.6,126.0,-6.47999999999999,0.08972222222222222,883.6446666666666,7.562499999999999,0.48,0.49,392.0,True,2026-09-05 12:08:19-07:00
206.06,2,9,2026-09-05 19:11:44,37.08152,-121.5978,306.0,12.1,155.5,-12.6,0.0,,0.0,0.0,0.0,11.0,-1.5,143.2,0.0,229.0,0.5,-0.03,1.1,99.0,6.0,27,0.0,29.98,1663.0,0.0,0.0,106,0.0,0.0,0.0,0.0,0.0,0.0,0.0,0.0,0.0,0.0,0.0,0.0,-5.0,0.0,0.0,-8.0,0.0,0.0,0.0,0.0,1.0,0.0,0.0,1200.0,67.0,23.0,822.0,822.0,13.4,1.5,0.0,1.5,24.6,0.0,0.0,15.7,0.0,0.0,4.8,40.2,35.1,0.0,0.0,0.0,0.0,95.0,561.0,93.0,579.0,97.0,579.0,103.0,581.0,0.0,0.0,-22.0,0.0,0.0,24.6,2.0,4.998,0.0,0.0,1.36,1.544,66.6,23.5,0.0,0.0,0.0,,0.0,80.6,73.4,0.0,0.0,0.0,0.0,203.0,1041.8,199.4,1074.2,206.6,1074.2,217.4,1077.8,0.0,0.0,74.3,822.0,206.6,126.0,-6.299999999999997,0.09015277777777778,904.0533333333333,8.066666666666666,0.48,0.49,392.0,True,2026-09-05 12:08:19-07:00
207.06,2,9,2026-09-05 19:11:45,37.08146,-121.59777,306.0,12.0,156.0,-12.6,0.0,,0.0,0.0,0.0,11.1,-1.3,143.7,0.0,229.0,0.5,-0.03,0.9,99.0,-1.0,27,0.0,29.98,1663.0,0.0,0.0,106,0.0,0.0,0.0,0.0,0.0,0.0,0.0,0.0,0.0,0.0,0.0,0.0,-5.0,0.0,0.0,-9.0,0.0,0.0,0.0,0.0,1.0,0.0,0.0,1200.0,66.0,24.0,816.0,816.0,13.5,1.5,0.0,1.5,24.6,0.0,0.0,15.7,0.0,0.0,4.8,40.2,35.1,0.0,0.0,0.0,0.0,96.0,560.0,93.0,580.0,98.0,577.0,104.0,578.0,0.0,0.0,-22.0,0.0,0.0,24.6,2.0,4.998,0.0,0.0,1.36,1.583,66.0,23.5,0.0,0.0,0.0,,0.0,80.6,75.2,0.0,0.0,0.0,0.0,204.8,1040.0,199.4,1076.0,208.4,1070.6,219.2,1072.4,0.0,0.0,74.3,816.0,207.95,127.35,-6.299999999999997,0.09056944444444444,924.3776666666666,8.0,0.48,0.49,392.0,True,2026-09-05 12:08:19-07:00
208.06,2,9,2026-09-05 19:11:46,37.08141,-121.59775,306.0,12.0,156.8,-12.6,0.0,,0.0,0.0,0.0,11.0,-1.2,144.1,0.0,229.0,0.4,-0.02,0.9,99.0,-12.0,27,0.0,29.98,1663.0,0.0,0.0,106,0.0,0.0,0.0,0.0,0.0,0.0,0.0,0.0,0.0,0.0,0.0,0.0,-5.0,0.0,0.0,-9.0,0.0,0.0,0.0,0.0,1.0,0.0,0.0,1200.0,66.0,24.0,822.0,822.0,13.6,1.5,0.0,1.5,24.6,0.0,0.0,15.7,0.0,0.0,4.8,40.2,35.1,0.0,0.0,0.0,0.0,96.0,559.0,94.0,581.0,98.0,576.0,104.0,576.0,0.0,0.0,-22.0,0.0,0.0,24.6,2.0,4.998,0.0,0.0,1.36,1.566,65.6,23.5,0.0,0.0,0.0,,0.0,80.6,75.2,0.0,0.0,0.0,0.0,204.8,1038.2,201.2,1077.8,208.4,1068.8,219.2,1068.8,0.0,0.0,74.3,822.0,208.39999999999998,127.79999999999998,-6.299999999999997,0.09098611111111111,944.6176666666667,8.0,0.48,0.49,392.0,True,2026-09-05 12:08:19-07:00
209.06,2,9,2026-09-05 19:11:47,37.08136,-121.59772,306.0,11.9,157.0,-12.6,0.0,,0.0,0.0,0.0,10.9,-1.4,144.5,0.0,229.0,0.4,-0.02,1.0,99.0,-6.0,27,0.0,29.98,1663.0,0.0,0.0,106,0.0,0.0,0.0,0.0,0.0,0.0,0.0,0.0,0.0,0.0,0.0,0.0,-5.0,0.0,0.0,-8.0,0.0,0.0,0.0,0.0,1.0,0.0,0.0,1200.0,65.0,24.0,824.0,824.0,13.7,1.5,0.0,1.5,24.6,0.0,0.0,15.7,0.0,0.0,4.9,40.2,35.1,0.0,0.0,0.0,0.0,96.0,558.0,94.0,581.0,98.0,574.0,105.0,575.0,0.0,0.0,-24.0,0.0,0.0,24.6,2.0,4.998,0.0,0.0,1.36,1.556,65.5,23.6,0.0,0.0,0.0,,0.0,80.6,75.2,0.0,0.0,0.0,0.0,204.8,1036.4,201.2,1077.8,208.4,1065.2,221.0,1067.0,0.0,0.0,74.48,824.0,208.84999999999997,128.24999999999997,-6.11999999999999,0.09140277777777778,964.7733333333333,7.933333333333334,0.48,0.49,392.0,True,2026-09-05 12:08:19-07:00
210.06,2,9,2026-09-05 19:11:48,37.08131,-121.59769,306.0,11.9,157.8,-12.6,0.0,,0.0,0.0,0.0,11.0,-1.2,144.1,0.0,229.0,-0.0,-0.02,1.0,99.0,-32.0,27,0.0,29.98,1671.0,0.0,0.0,106,0.0,0.0,0.0,0.0,0.0,0.0,0.0,0.0,0.0,0.0,0.0,0.0,-5.0,0.0,0.0,-8.0,0.0,0.0,0.0,0.0,1.0,0.0,0.0,1200.0,66.0,24.0,828.0,828.0,13.6,1.5,0.0,1.5,24.6,0.0,0.0,15.7,0.0,0.0,4.9,40.2,35.1,0.0,0.0,0.0,0.0,97.0,558.0,94.0,581.0,99.0,573.0,105.0,574.0,0.0,0.0,-29.0,0.0,0.0,24.6,2.0,4.998,0.0,0.0,1.36,1.558,65.5,23.6,0.0,0.0,0.0,,0.0,80.6,75.2,0.0,0.0,0.0,0.0,206.6,1036.4,201.2,1077.8,210.2,1063.4,221.0,1065.2,0.0,0.0,74.48,828.0,209.75,129.15,-6.11999999999999,0.09181944444444444,984.8446666666666,7.933333333333334,0.48,0.49,392.0,True,2026-09-05 12:08:19-07:00
211.06,2,9,2026-09-05 19:11:49,37.08126,-121.59767,306.0,11.9,156.6,-12.6,0.0,,0.0,0.0,0.0,10.9,-1.3,143.3,0.0,229.0,-0.6,-0.01,0.9,99.0,-22.0,27,0.0,29.98,1671.0,0.0,0.0,106,0.0,0.0,0.0,0.0,0.0,0.0,0.0,0.0,0.0,0.0,0.0,0.0,-5.0,0.0,0.0,-8.0,0.0,0.0,0.0,0.0,1.0,0.0,0.0,1200.0,65.0,24.0,816.0,816.0,13.6,1.5,0.0,1.5,24.6,0.0,0.0,15.7,0.0,0.0,4.9,40.2,35.1,0.0,0.0,0.0,0.0,97.0,558.0,95.0,581.0,99.0,571.0,105.0,574.0,0.0,0.0,-27.0,0.0,0.0,24.6,2.0,4.998,0.0,0.0,1.36,1.556,65.4,23.6,0.0,0.0,0.0,,0.0,80.6,75.2,0.0,0.0,0.0,0.0,206.6,1036.4,203.0,1077.8,210.2,1059.8,221.0,1065.2,0.0,0.0,74.48,816.0,210.20000000000002,129.60000000000002,-6.11999999999999,0.09223611111111112,1004.9159999999999,7.933333333333334,0.48,0.49,392.0,True,2026-09-05 12:08:19-07:00
212.06,2,9,2026-09-05 19:11:50,37.08121,-121.59764,306.0,11.9,156.4,-12.6,0.0,,0.0,0.0,0.0,10.9,-1.3,142.8,0.0,229.0,-0.5,-0.01,0.9,99.0,-14.0,27,0.0,29.98,1671.0,0.0,0.0,106,0.0,0.0,0.0,0.0,0.0,0.0,0.0,0.0,0.0,0.0,0.0,0.0,-5.0,0.0,0.0,-8.0,0.0,0.0,0.0,0.0,1.0,0.0,0.0,1200.0,65.0,24.0,809.0,809.0,13.8,1.5,0.0,1.5,24.6,0.0,0.0,15.7,0.0,0.0,4.9,40.2,35.1,0.0,0.0,0.0,0.0,98.0,559.0,95.0,581.0,100.0,571.0,106.0,573.0,0.0,0.0,-27.0,0.0,0.0,24.6,2.0,4.998,0.0,0.0,1.36,1.548,65.0,23.7,0.0,0.0,0.0,,0.0,80.6,75.2,0.0,0.0,0.0,0.0,208.4,1038.2,203.0,1077.8,212.0,1059.8,222.8,1063.4,0.0,0.0,74.66,809.0,211.54999999999998,130.95,-5.939999999999998,0.09265277777777778,1024.9873333333333,7.933333333333334,0.48,0.49,392.0,True,2026-09-05 12:08:19-07:00
213.06,2,9,2026-09-05 19:11:51,37.08117,-121.59762,306.0,11.9,155.4,-12.6,0.0,,0.0,0.0,0.0,11.0,-1.3,142.1,0.0,229.0,-0.6,-0.01,1.0,99.0,-20.0,27,0.0,29.98,1662.0,0.0,0.0,106,0.0,0.0,0.0,0.0,0.0,0.0,0.0,0.0,0.0,0.0,0.0,0.0,-5.0,0.0,0.0,-8.0,0.0,0.0,0.0,0.0,1.0,0.0,0.0,1200.0,65.0,24.0,818.0,818.0,13.9,1.5,0.0,1.5,24.6,0.0,0.0,15.7,0.0,0.0,4.9,40.2,35.1,0.0,0.0,0.0,0.0,98.0,559.0,96.0,582.0,100.0,570.0,106.0,572.0,0.0,0.0,-27.0,0.0,0.0,24.6,2.0,4.998,0.0,0.0,1.36,1.58,64.9,23.7,0.0,0.0,0.0,,0.0,80.6,75.2,0.0,0.0,0.0,0.0,208.4,1038.2,204.8,1079.6,212.0,1058.0,222.8,1061.6,0.0,0.0,74.66,818.0,212.0,131.4,-5.939999999999998,0.09306944444444444,1045.0586666666666,7.933333333333334,0.48,0.49,392.0,True,2026-09-05 12:08:19-07:00
214.06,2,9,2026-09-05 19:11:52,37.08112,-121.59758,306.0,11.9,154.4,-12.6,0.0,,0.0,0.0,0.0,10.9,-1.2,142.6,0.0,229.0,0.0,-0.02,1.1,99.0,-30.0,27,0.0,29.98,1663.0,0.0,0.0,106,0.0,0.0,0.0,0.0,0.0,0.0,0.0,0.0,0.0,0.0,0.0,0.0,-5.0,0.0,0.0,-8.0,0.0,0.0,0.0,0.0,1.0,0.0,0.0,1200.0,65.0,24.0,819.0,819.0,13.8,1.5,0.0,1.5,24.6,0.0,0.0,15.7,0.0,0.0,4.8,40.2,35.1,0.0,0.0,0.0,0.0,98.0,559.0,96.0,582.0,101.0,569.0,107.0,571.0,0.0,0.0,-27.0,0.0,0.0,24.6,2.0,4.998,0.0,0.0,1.36,1.578,64.8,23.7,0.0,0.0,0.0,,0.0,80.6,75.2,0.0,0.0,0.0,0.0,208.4,1038.2,204.8,1079.6,213.8,1056.2,224.6,1059.8,0.0,0.0,74.66,819.0,212.9,132.3,-5.939999999999998,0.09348611111111112,1065.1299999999999,7.933333333333334,0.48,0.49,392.0,True,2026-09-05 12:08:19-07:00
215.06,2,9,2026-09-05 19:11:53,37.08106,-121.59756,306.0,11.9,156.0,-12.6,0.0,,0.0,0.0,0.0,10.9,-1.1,144.6,0.0,229.0,1.2,-0.04,1.0,99.0,-13.0,27,0.0,29.98,1663.0,0.0,0.0,106,0.0,0.0,0.0,0.0,0.0,0.0,0.0,0.0,0.0,0.0,0.0,0.0,-5.0,0.0,0.0,-8.0,0.0,0.0,0.0,0.0,1.0,0.0,0.0,1200.0,65.0,24.0,821.0,821.0,13.8,1.5,0.0,1.5,24.6,0.0,0.0,15.7,0.0,0.0,4.8,40.2,35.1,0.0,0.0,0.0,0.0,99.0,558.0,96.0,583.0,101.0,569.0,107.0,571.0,0.0,0.0,-27.0,0.0,0.0,24.6,2.0,4.998,0.0,0.0,1.36,1.584,64.9,23.8,0.0,0.0,0.0,,0.0,80.6,75.2,0.0,0.0,0.0,0.0,210.2,1036.4,204.8,1081.4,213.8,1056.2,224.6,1059.8,0.0,0.0,74.84,821.0,213.35000000000002,132.75000000000003,-5.759999999999991,0.09390277777777778,1085.2013333333332,7.933333333333334,0.48,0.49,392.0,True,2026-09-05 12:08:19-07:00
216.06,2,9,2026-09-05 19:11:54,37.08101,-121.59753,306.0,11.9,157.8,-12.6,0.0,,0.0,0.0,0.0,10.9,-1.3,145.3,0.0,229.0,1.1,-0.04,1.0,99.0,-6.0,27,0.0,29.98,1663.0,0.0,0.0,106,0.0,0.0,0.0,0.0,0.0,0.0,0.0,0.0,0.0,0.0,0.0,0.0,-5.0,0.0,0.0,-8.0,0.0,0.0,0.0,0.0,1.0,0.0,0.0,1200.0,65.0,24.0,831.0,831.0,13.7,1.5,0.0,1.5,24.6,0.0,0.0,15.7,0.0,0.0,4.8,40.2,35.1,0.0,0.0,0.0,0.0,99.0,558.0,96.0,583.0,101.0,568.0,107.0,570.0,0.0,0.0,-27.0,0.0,0.0,24.6,2.0,4.998,0.0,0.0,1.36,1.556,64.9,23.8,0.0,0.0,0.0,,0.0,80.6,75.2,0.0,0.0,0.0,0.0,210.2,1036.4,204.8,1081.4,213.8,1054.4,224.6,1058.0,0.0,0.0,74.84,831.0,213.35000000000002,132.75000000000003,-5.759999999999991,0.09431944444444444,1105.2726666666665,7.933333333333334,0.48,0.49,392.0,True,2026-09-05 12:08:19-07:00
217.06,2,9,2026-09-05 19:11:55,37.08096,-121.5975,306.0,11.9,158.0,-12.6,0.0,,0.0,0.0,0.0,10.8,-1.7,144.3,0.0,229.0,-0.2,-0.02,1.0,99.0,-32.0,27,0.0,29.98,1663.0,0.0,0.0,106,0.0,0.0,0.0,0.0,0.0,0.0,0.0,0.0,0.0,0.0,0.0,0.0,-5.0,0.0,0.0,-8.0,0.0,0.0,0.0,0.0,1.0,0.0,0.0,1200.0,65.0,24.0,816.0,816.0,13.6,1.5,0.0,1.5,24.6,0.0,0.0,15.7,0.0,0.0,4.8,40.2,35.1,0.0,0.0,0.0,0.0,99.0,558.0,97.0,584.0,102.0,568.0,108.0,570.0,0.0,0.0,-27.0,0.0,0.0,24.6,2.0,4.998,0.0,0.0,1.36,1.531,64.9,23.8,0.0,0.0,0.0,,0.0,80.6,75.2,0.0,0.0,0.0,0.0,210.2,1036.4,206.6,1083.2,215.6,1054.4,226.4,1058.0,0.0,0.0,74.84,816.0,214.7,134.1,-5.759999999999991,0.09473611111111112,1125.3439999999998,7.933333333333334,0.48,0.49,392.0,True,2026-09-05 12:08:19-07:00
218.06,2,9,2026-09-05 19:11:56,37.08091,-121.59747,306.0,11.9,157.3,-12.6,0.0,,0.0,0.0,0.0,10.9,-1.3,143.4,0.0,229.0,-0.7,-0.0,1.0,99.0,-5.0,27,0.0,29.98,1663.0,0.0,0.0,106,0.0,0.0,0.0,0.0,0.0,0.0,0.0,0.0,0.0,0.0,0.0,0.0,-5.0,0.0,0.0,-8.0,0.0,0.0,0.0,0.0,1.0,0.0,0.0,1200.0,65.0,24.0,827.0,827.0,13.7,1.5,0.0,1.5,24.6,0.0,0.0,15.7,0.0,0.0,4.8,40.2,35.1,0.0,0.0,0.0,0.0,100.0,557.0,97.0,586.0,102.0,567.0,108.0,569.0,0.0,0.0,-27.0,0.0,0.0,24.6,2.0,4.998,0.0,0.0,1.36,1.547,64.9,23.9,0.0,0.0,0.0,,0.0,80.6,75.2,0.0,0.0,0.0,0.0,212.0,1034.6,206.6,1086.8,215.6,1052.6,226.4,1056.2,0.0,0.0,75.02,827.0,215.15,134.55,-5.579999999999998,0.09515277777777778,1145.4153333333334,7.933333333333334,0.48,0.49,392.0,True,2026-09-05 12:08:19-07:00
219.06,2,9,2026-09-05 19:11:57,37.08086,-121.59745,305.0,11.9,155.7,-12.6,0.0,,0.0,0.0,0.0,10.8,-1.7,143.0,0.0,229.0,-0.6,-0.02,0.9,99.0,-33.0,27,0.0,29.98,1663.0,0.0,0.0,106,0.0,0.0,0.0,0.0,0.0,0.0,0.0,0.0,0.0,0.0,0.0,0.0,-5.0,0.0,0.0,-8.0,0.0,0.0,0.0,0.0,1.0,0.0,0.0,1200.0,65.0,24.0,820.0,820.0,13.7,1.5,0.0,1.5,24.6,0.0,0.0,15.7,0.0,0.0,4.8,40.2,35.1,0.0,0.0,0.0,0.0,100.0,557.0,98.0,585.0,103.0,567.0,108.0,569.0,0.0,0.0,-27.0,0.0,0.0,24.6,2.0,4.998,0.0,0.0,1.36,1.538,64.9,23.9,0.0,0.0,0.0,,0.0,80.6,75.2,0.0,0.0,0.0,0.0,212.0,1034.6,208.4,1085.0,217.4,1052.6,226.4,1056.2,0.0,0.0,75.02,820.0,216.05,135.45000000000002,-5.579999999999998,0.09556944444444444,1165.4866666666667,7.933333333333334,0.48,0.49,392.0,True,2026-09-05 12:08:19-07:00
220.06,2,9,2026-09-05 19:11:58,37.08081,-121.59742,306.0,11.8,156.0,-12.6,0.0,,0.0,0.0,0.0,11.1,-1.5,143.0,0.0,229.0,-0.2,-0.01,0.9,99.0,-45.0,27,0.0,29.98,1662.0,0.0,0.0,106,0.0,0.0,0.0,0.0,0.0,0.0,0.0,0.0,0.0,0.0,0.0,0.0,-5.0,0.0,0.0,-9.0,0.0,0.0,0.0,0.0,1.0,0.0,0.0,1200.0,65.0,24.0,817.0,817.0,13.7,1.5,0.0,1.5,24.6,0.0,0.0,15.7,0.0,0.0,4.8,40.2,35.1,0.0,0.0,0.0,0.0,101.0,556.0,98.0,586.0,103.0,567.0,109.0,569.0,0.0,0.0,-27.0,0.0,0.0,24.6,2.0,4.998,0.0,0.0,1.359,1.58,64.8,23.9,0.0,0.0,0.0,,0.0,80.6,75.2,0.0,0.0,0.0,0.0,213.8,1032.8,208.4,1086.8,217.4,1052.6,228.2,1056.2,0.0,0.0,75.02,817.0,216.95,136.35,-5.579999999999998,0.0959861111111111,1185.4736666666665,7.866666666666667,0.48,0.49,392.0,True,2026-09-05 12:08:19-07:00
221.06,2,9,2026-09-05 19:11:59,37.08076,-121.59739,306.0,11.8,155.7,-12.6,0.0,,0.0,0.0,0.0,10.9,-1.4,145.1,0.0,229.0,1.2,-0.05,1.0,99.0,-33.0,27,0.0,29.98,1663.0,0.0,0.0,106,0.0,0.0,0.0,0.0,0.0,0.0,0.0,0.0,0.0,0.0,0.0,0.0,-5.0,0.0,0.0,-9.0,0.0,0.0,0.0,0.0,1.0,0.0,0.0,1200.0,65.0,24.0,821.0,821.0,13.9,1.5,0.0,1.5,24.6,0.0,0.0,15.7,0.0,0.0,4.6,40.2,35.1,0.0,0.0,0.0,0.0,101.0,557.0,98.0,587.0,103.0,566.0,109.0,568.0,0.0,0.0,-27.0,0.0,0.0,24.6,2.0,4.998,0.0,0.0,1.36,1.595,64.7,24.0,0.0,0.0,0.0,,0.0,80.6,75.2,0.0,0.0,0.0,0.0,213.8,1034.6,208.4,1088.6,217.4,1050.8,228.2,1054.4,0.0,0.0,75.2,821.0,216.95,136.35,-5.3999999999999915,0.09640277777777778,1205.3763333333332,7.866666666666667,0.48,0.49,392.0,True,2026-09-05 12:08:19-07:00
222.06,2,9,2026-09-05 19:12:00,37.08071,-121.59737,306.0,11.8,158.6,-12.6,0.0,,0.0,0.0,0.0,11.0,-1.8,145.5,0.0,229.0,0.8,-0.04,1.0,99.0,-3.0,27,0.0,29.98,1663.0,0.0,0.0,106,0.0,0.0,0.0,0.0,0.0,0.0,0.0,0.0,0.0,0.0,0.0,0.0,-5.0,0.0,0.0,-9.0,0.0,0.0,0.0,0.0,1.0,0.0,0.0,1200.0,65.0,24.0,815.0,815.0,13.8,1.5,0.0,1.5,24.6,0.0,0.0,15.7,0.0,0.0,4.5,40.2,35.1,0.0,0.0,0.0,0.0,101.0,557.0,98.0,587.0,104.0,566.0,110.0,568.0,0.0,0.0,-27.0,0.0,0.0,24.6,2.0,4.998,0.0,0.0,1.368,1.554,64.7,24.0,0.0,0.0,0.0,,0.0,80.6,75.2,0.0,0.0,0.0,0.0,213.8,1034.6,208.4,1088.6,219.2,1050.8,230.0,1054.4,0.0,0.0,75.2,815.0,217.85000000000002,137.25000000000003,-5.3999999999999915,0.09681944444444444,1225.279,7.866666666666667,0.48,0.49,392.0,True,2026-09-05 12:08:19-07:00
223.06,2,9,2026-09-05 19:12:01,37.08066,-121.59734,305.0,11.8,158.4,-12.6,0.0,,0.0,0.0,0.0,11.0,-1.1,145.1,0.0,229.0,0.1,-0.02,0.9,99.0,-13.0,27,0.0,29.98,1663.0,0.0,0.0,106,0.0,0.0,0.0,0.0,0.0,0.0,0.0,0.0,0.0,0.0,0.0,0.0,-5.0,0.0,0.0,-10.0,0.0,0.0,0.0,0.0,1.0,0.0,0.0,1200.0,65.0,24.0,826.0,826.0,13.8,1.5,0.0,1.5,24.6,0.0,0.0,15.7,0.0,0.0,4.4,40.2,35.1,0.0,0.0,0.0,0.0,102.0,556.0,99.0,587.0,104.0,565.0,110.0,568.0,0.0,0.0,-27.0,0.0,0.0,24.6,2.0,4.998,0.0,0.0,1.387,1.477,64.7,24.0,0.0,0.0,0.0,,0.0,80.6,75.2,0.0,0.0,0.0,0.0,215.6,1032.8,210.2,1088.6,219.2,1049.0,230.0,1054.4,0.0,0.0,75.2,826.0,218.75,138.15,-5.3999999999999915,0.0972361111111111,1245.1816666666666,7.866666666666667,0.48,0.49,392.0,True,2026-09-05 12:08:19-07:00
224.06,2,9,2026-09-05 19:12:02,37.08061,-121.59731,305.0,11.7,158.0,-12.6,0.0,,0.0,0.0,0.0,11.1,-1.5,144.6,0.0,229.0,-0.2,-0.03,1.0,99.0,-8.0,27,0.0,29.98,1663.0,0.0,0.0,106,0.0,0.0,0.0,0.0,0.0,0.0,0.0,0.0,0.0,0.0,0.0,0.0,-5.0,0.0,0.0,-10.0,0.0,0.0,0.0,0.0,1.0,0.0,0.0,1200.0,65.0,24.0,813.0,813.0,13.8,1.5,0.0,1.5,24.6,0.0,0.0,15.7,0.0,0.0,4.4,40.2,35.1,0.0,0.0,0.0,0.0,102.0,556.0,99.0,587.0,104.0,566.0,110.0,568.0,0.0,0.0,-27.0,0.0,0.0,24.6,2.0,4.998,0.0,0.0,1.39,1.527,64.9,24.1,0.0,0.0,0.0,,0.0,80.6,75.2,0.0,0.0,0.0,0.0,215.6,1032.8,210.2,1088.6,219.2,1050.8,230.0,1054.4,0.0,0.0,75.38,813.0,218.75,138.15,-5.219999999999999,0.09765277777777778,1265.0,7.8,0.48,0.49,392.0,True,2026-09-05 12:08:19-07:00
225.06,2,9,2026-09-05 19:12:03,37.08056,-121.59729,305.0,11.7,157.7,-12.6,0.0,,0.0,0.0,0.0,11.2,-1.4,143.9,0.0,229.0,-0.5,-0.01,0.8,99.0,-1.0,27,0.0,29.98,1663.0,0.0,0.0,106,0.0,0.0,0.0,0.0,0.0,0.0,0.0,0.0,0.0,0.0,0.0,0.0,-5.0,0.0,0.0,-11.0,0.0,0.0,0.0,0.0,1.0,0.0,0.0,1200.0,65.0,24.0,818.0,818.0,13.7,1.5,0.0,1.5,24.6,0.0,0.0,15.7,0.0,0.0,4.4,40.2,35.1,0.0,0.0,0.0,0.0,103.0,556.0,100.0,587.0,105.0,565.0,111.0,568.0,0.0,0.0,-27.0,0.0,0.0,24.6,2.0,4.998,0.0,0.0,1.361,1.56,64.9,24.1,0.0,0.0,0.0,,0.0,80.6,75.2,0.0,0.0,0.0,0.0,217.4,1032.8,212.0,1088.6,221.0,1049.0,231.8,1054.4,0.0,0.0,75.38,818.0,220.54999999999998,139.95,-5.219999999999999,0.09806944444444445,1284.734,7.8,0.48,0.49,392.0,True,2026-09-05 12:08:19-07:00
226.06,2,9,2026-09-05 19:12:04,37.08051,-121.59727,304.0,11.7,157.0,-12.6,0.0,,0.0,0.0,0.0,11.2,-1.4,143.4,0.0,229.0,-0.5,-0.02,0.9,99.0,5.0,27,0.0,29.98,1663.0,0.0,0.0,106,0.0,0.0,0.0,0.0,0.0,0.0,0.0,0.0,0.0,0.0,0.0,0.0,-5.0,0.0,0.0,-11.0,0.0,0.0,0.0,0.0,1.0,0.0,0.0,1200.0,65.0,24.0,820.0,820.0,13.8,1.5,0.0,1.5,24.6,0.0,0.0,15.7,0.0,0.0,4.3,40.2,35.1,0.0,0.0,0.0,0.0,103.0,557.0,100.0,587.0,105.0,565.0,111.0,568.0,0.0,0.0,-27.0,0.0,0.0,24.6,2.0,4.998,0.0,0.0,1.36,1.55,64.7,24.1,0.0,0.0,0.0,,0.0,80.6,75.2,0.0,0.0,0.0,0.0,217.4,1034.6,212.0,1088.6,221.0,1049.0,231.8,1054.4,0.0,0.0,75.38,820.0,220.54999999999998,139.95,-5.219999999999999,0.09848611111111111,1304.4679999999998,7.8,0.48,0.49,392.0,True,2026-09-05 12:08:19-07:00
227.06,2,9,2026-09-05 19:12:05,37.08046,-121.59724,305.0,11.8,156.6,-12.6,0.0,,0.0,0.0,0.0,11.3,-0.9,142.5,0.0,229.0,-0.6,-0.01,0.9,99.0,12.0,27,0.0,29.98,1662.0,0.0,0.0,106,0.0,0.0,0.0,0.0,0.0,0.0,0.0,0.0,0.0,0.0,0.0,0.0,-5.0,0.0,0.0,-11.0,0.0,0.0,0.0,0.0,1.0,0.0,0.0,1200.0,65.0,24.0,819.0,819.0,13.7,1.5,0.0,1.5,24.6,0.0,0.0,15.7,0.0,0.0,4.3,40.2,35.1,0.0,0.0,0.0,0.0,103.0,557.0,100.0,587.0,106.0,565.0,111.0,568.0,0.0,0.0,-27.0,0.0,0.0,24.6,2.0,4.998,0.0,0.0,1.36,1.538,64.8,24.2,0.0,0.0,0.0,,0.0,80.6,75.2,0.0,0.0,0.0,0.0,217.4,1034.6,212.0,1088.6,222.8,1049.0,231.8,1054.4,0.0,0.0,75.56,819.0,221.0,140.4,-5.039999999999992,0.09890277777777778,1324.2863333333332,7.866666666666667,0.48,0.49,392.0,True,2026-09-05 12:08:19-07:00
228.06,2,9,2026-09-05 19:12:06,37.08041,-121.59721,305.0,11.8,155.4,-12.6,0.0,,0.0,0.0,0.0,11.1,-1.1,141.9,0.0,229.0,-0.6,-0.01,0.9,99.0,18.0,27,0.0,29.98,1663.0,0.0,0.0,106,0.0,0.0,0.0,0.0,0.0,0.0,0.0,0.0,0.0,0.0,0.0,0.0,-5.0,0.0,0.0,-10.0,0.0,0.0,0.0,0.0,1.0,0.0,0.0,1200.0,65.0,24.0,819.0,819.0,13.8,1.5,0.0,1.5,24.6,0.0,0.0,15.7,0.0,0.0,4.3,40.2,35.1,0.0,0.0,0.0,0.0,104.0,557.0,101.0,587.0,106.0,565.0,112.0,568.0,0.0,0.0,-27.0,0.0,0.0,24.6,2.0,4.998,0.0,0.0,1.36,1.586,64.7,24.2,0.0,0.0,0.0,,0.0,80.6,75.2,0.0,0.0,0.0,0.0,219.2,1034.6,213.8,1088.6,222.8,1049.0,233.6,1054.4,0.0,0.0,75.56,819.0,222.35000000000002,141.75000000000003,-5.039999999999992,0.09931944444444445,1344.1889999999999,7.866666666666667,0.48,0.49,392.0,True,2026-09-05 12:08:19-07:00
229.06,2,9,2026-09-05 19:12:07,37.08036,-121.59718,305.0,11.8,155.0,-12.6,0.0,,0.0,0.0,0.0,11.1,-1.2,141.7,0.0,229.0,-0.3,-0.01,1.0,99.0,40.0,27,0.0,29.98,1663.0,0.0,0.0,106,0.0,0.0,0.0,0.0,0.0,0.0,0.0,0.0,0.0,0.0,0.0,0.0,-5.0,0.0,0.0,1.0,0.0,0.0,0.0,0.0,1.0,0.0,0.0,1200.0,65.0,24.0,823.0,823.0,13.9,1.5,0.0,1.5,24.6,0.0,0.0,15.7,0.0,0.0,4.3,40.2,35.1,0.0,0.0,0.0,0.0,104.0,558.0,101.0,587.0,106.0,564.0,112.0,568.0,0.0,0.0,-27.0,0.0,0.0,24.6,2.0,4.998,0.0,0.0,1.36,1.584,64.6,24.2,0.0,0.0,0.0,,0.0,80.6,75.2,0.0,0.0,0.0,0.0,219.2,1036.4,213.8,1088.6,222.8,1047.2,233.6,1054.4,0.0,0.0,75.56,823.0,222.35000000000002,141.75000000000003,-5.039999999999992,0.09973611111111111,1364.0916666666667,7.866666666666667,0.48,0.49,392.0,True,2026-09-05 12:08:19-07:00
230.06,2,9,2026-09-05 19:12:08,37.08031,-121.59715,305.0,11.9,153.5,-12.6,0.0,,0.0,0.0,0.0,11.2,-0.9,143.8,0.0,229.0,1.0,-0.03,1.0,99.0,6.0,27,0.0,29.98,1663.0,0.0,0.0,106,0.0,0.0,0.0,0.0,0.0,0.0,0.0,0.0,0.0,0.0,0.0,0.0,-5.0,0.0,0.0,0.0,0.0,0.0,0.0,0.0,1.0,0.0,0.0,1200.0,65.0,24.0,822.0,822.0,13.7,1.5,0.0,1.5,24.6,0.0,0.0,15.7,0.0,0.0,4.3,40.2,35.1,0.0,0.0,0.0,0.0,104.0,559.0,101.0,587.0,107.0,564.0,113.0,567.0,0.0,0.0,-27.0,0.0,0.0,24.6,2.0,4.998,0.0,0.0,1.36,1.588,64.8,24.3,0.0,0.0,0.0,,0.0,80.6,75.2,0.0,0.0,0.0,0.0,219.2,1038.2,213.8,1088.6,224.6,1047.2,235.4,1052.6,0.0,0.0,75.74000000000001,822.0,223.25,142.65,-4.859999999999985,0.10015277777777779,1384.0786666666665,7.933333333333334,0.48,0.49,392.0,True,2026-09-05 12:08:19-07:00
231.06,2,9,2026-09-05 19:12:09,37.08026,-121.59712,305.0,11.9,157.6,-12.6,0.0,,0.0,0.0,0.0,11.1,-1.1,145.5,0.0,229.0,1.6,-0.05,1.0,99.0,19.0,27,0.0,29.98,1671.0,0.0,0.0,106,0.0,0.0,0.0,0.0,0.0,0.0,0.0,0.0,0.0,0.0,0.0,0.0,-5.0,0.0,0.0,0.0,0.0,0.0,0.0,0.0,1.0,0.0,0.0,1200.0,65.0,24.0,827.0,827.0,13.7,1.5,0.0,1.5,24.6,0.0,0.0,15.7,0.0,0.0,4.3,40.2,35.1,0.0,0.0,0.0,0.0,105.0,559.0,102.0,586.0,107.0,564.0,113.0,567.0,0.0,0.0,-27.0,0.0,0.0,24.6,2.0,4.998,0.0,0.0,1.388,1.547,64.8,24.3,0.0,0.0,0.0,,0.0,80.6,75.2,0.0,0.0,0.0,0.0,221.0,1038.2,215.6,1086.8,224.6,1047.2,235.4,1052.6,0.0,0.0,75.74000000000001,827.0,224.15,143.55,-4.859999999999985,0.10056944444444445,1404.1499999999999,7.933333333333334,0.48,0.49,392.0,True,2026-09-05 12:08:19-07:00
232.06,2,9,2026-09-05 19:12:10,37.08021,-121.5971,307.0,11.8,158.8,-12.6,0.0,,0.0,0.0,0.0,11.0,-0.9,145.2,0.0,229.0,0.5,-0.02,0.9,99.0,21.0,27,0.0,29.98,1671.0,0.0,0.0,106,0.0,0.0,0.0,0.0,0.0,0.0,0.0,0.0,0.0,0.0,0.0,0.0,-5.0,0.0,0.0,-1.0,0.0,0.0,0.0,0.0,1.0,0.0,0.0,1200.0,65.0,24.0,826.0,826.0,13.7,1.5,0.0,1.5,24.6,0.0,0.0,15.7,0.0,0.0,4.3,40.2,35.1,0.0,0.0,0.0,0.0,105.0,559.0,102.0,586.0,108.0,563.0,113.0,568.0,0.0,0.0,-27.0,0.0,0.0,24.6,2.0,4.998,0.0,0.0,1.422,1.514,64.7,24.3,0.0,0.0,0.0,,0.0,80.6,75.2,0.0,0.0,0.0,0.0,221.0,1038.2,215.6,1086.8,226.4,1045.4,235.4,1054.4,0.0,0.0,75.74000000000001,826.0,224.6,144.0,-4.859999999999985,0.10098611111111111,1424.137,7.866666666666667,0.48,0.49,392.0,True,2026-09-05 12:08:19-07:00
233.06,2,9,2026-09-05 19:12:11,37.08016,-121.59708,306.0,11.8,158.3,-12.6,0.0,,0.0,0.0,0.0,10.9,-0.7,145.2,0.0,229.0,0.1,-0.01,0.8,99.0,-12.0,27,0.0,29.98,1671.0,0.0,0.0,106,0.0,0.0,0.0,0.0,0.0,0.0,0.0,0.0,0.0,0.0,0.0,0.0,-5.0,0.0,0.0,-1.0,0.0,0.0,0.0,0.0,1.0,0.0,0.0,1200.0,65.0,24.0,828.0,828.0,13.6,1.5,0.0,1.5,24.6,0.0,0.0,15.7,0.0,0.0,4.3,40.2,35.1,0.0,0.0,0.0,0.0,105.0,559.0,102.0,587.0,108.0,563.0,114.0,568.0,0.0,0.0,-27.0,0.0,0.0,24.6,2.0,4.998,0.0,0.0,1.393,1.569,64.7,24.4,0.0,0.0,0.0,,0.0,80.6,75.2,0.0,0.0,0.0,0.0,221.0,1038.2,215.6,1088.6,226.4,1045.4,237.2,1054.4,0.0,0.0,75.92,828.0,225.05,144.45000000000002,-4.679999999999993,0.10140277777777779,1444.0396666666666,7.866666666666667,0.48,0.49,392.0,True,2026-09-05 12:08:19-07:00
234.06,2,9,2026-09-05 19:12:12,37.08011,-121.59705,306.0,11.8,158.5,-12.6,0.0,,0.0,0.0,0.0,11.0,-0.9,145.0,0.0,228.0,-0.1,-0.02,0.9,99.0,-47.0,27,0.0,29.98,1670.0,0.0,0.0,106,0.0,0.0,0.0,0.0,0.0,0.0,0.0,0.0,0.0,0.0,0.0,0.0,-5.0,0.0,0.0,-2.0,0.0,0.0,0.0,0.0,1.0,0.0,0.0,1200.0,65.0,24.0,817.0,817.0,13.7,1.5,0.0,1.5,24.6,0.0,0.0,15.7,0.0,0.0,4.3,40.2,35.1,0.0,0.0,0.0,0.0,106.0,559.0,103.0,586.0,108.0,564.0,114.0,568.0,0.0,0.0,-27.0,0.0,0.0,24.6,2.0,4.998,0.0,0.0,1.364,1.564,64.6,24.4,0.0,0.0,0.0,,0.0,80.6,75.2,0.0,0.0,0.0,0.0,222.8,1038.2,217.4,1086.8,226.4,1047.2,237.2,1054.4,0.0,0.0,75.92,817.0,225.95,145.35,-4.679999999999993,0.10181944444444445,1463.9423333333332,7.866666666666667,0.48,0.49,392.0,True,2026-09-05 12:08:19-07:00
235.06,2,9,2026-09-05 19:12:13,37.08006,-121.59702,305.0,11.7,158.9,-12.6,0.0,,0.0,0.0,0.0,11.2,-1.1,143.5,0.0,227.0,-0.9,-0.0,0.8,99.0,-39.0,27,0.0,29.98,1669.0,0.0,0.0,106,0.0,0.0,0.0,0.0,0.0,0.0,0.0,0.0,0.0,0.0,0.0,0.0,-5.0,0.0,0.0,-2.0,0.0,0.0,0.0,0.0,1.0,0.0,0.0,1200.0,64.0,24.0,819.0,819.0,13.8,1.5,0.0,1.5,24.6,0.0,0.0,15.7,0.0,0.0,4.3,40.2,35.1,0.0,0.0,0.0,0.0,106.0,560.0,103.0,587.0,109.0,564.0,114.0,567.0,0.0,0.0,-27.0,0.0,0.0,24.6,2.0,4.998,0.0,0.0,1.364,1.55,64.3,24.4,0.0,0.0,0.0,,0.0,80.6,75.2,0.0,0.0,0.0,0.0,222.8,1040.0,217.4,1088.6,228.2,1047.2,237.2,1052.6,0.0,0.0,75.92,819.0,226.39999999999998,145.79999999999998,-4.679999999999993,0.10223611111111111,1483.7606666666666,7.8,0.48,0.49,392.0,True,2026-09-05 12:08:19-07:00
236.06,2,9,2026-09-05 19:12:14,37.08001,-121.597,305.0,11.7,156.4,-12.6,0.0,,0.0,0.0,0.0,11.0,-1.7,141.6,0.0,227.0,-1.6,0.0,0.9,99.0,-1.0,27,0.0,29.98,1669.0,0.0,0.0,106,0.0,0.0,0.0,0.0,0.0,0.0,0.0,0.0,0.0,0.0,0.0,0.0,-5.0,0.0,0.0,-3.0,0.0,0.0,0.0,0.0,1.0,0.0,0.0,1200.0,64.0,24.0,820.0,820.0,13.8,1.5,0.0,1.5,24.6,0.0,0.0,15.7,0.0,0.0,4.3,40.2,35.1,0.0,0.0,0.0,0.0,107.0,560.0,103.0,587.0,109.0,564.0,115.0,566.0,0.0,0.0,-27.0,0.0,0.0,24.6,2.0,4.998,0.0,0.0,1.36,1.582,64.4,24.5,0.0,0.0,0.0,,0.0,80.6,75.2,0.0,0.0,0.0,0.0,224.6,1040.0,217.4,1088.6,228.2,1047.2,239.0,1050.8,0.0,0.0,76.1,820.0,227.3,146.70000000000002,-4.5,0.10265277777777777,1503.4946666666667,7.8,0.48,0.49,392.0,True,2026-09-05 12:08:19-07:00
237.06,2,9,2026-09-05 19:12:15,37.07996,-121.59697,306.0,11.6,154.3,-12.6,0.0,,0.0,0.0,0.0,10.9,-1.0,141.2,0.0,227.0,-1.0,-0.0,0.9,99.0,-5.0,27,0.0,29.98,1669.0,0.0,0.0,106,0.0,0.0,0.0,0.0,0.0,0.0,0.0,0.0,0.0,0.0,0.0,0.0,-5.0,0.0,0.0,-3.0,0.0,0.0,0.0,0.0,1.0,0.0,0.0,1200.0,65.0,25.0,828.0,828.0,13.7,1.5,0.0,1.5,24.6,0.0,0.0,15.7,0.0,0.0,4.3,40.2,35.1,0.0,0.0,0.0,0.0,107.0,560.0,103.0,587.0,109.0,564.0,115.0,566.0,0.0,0.0,-27.0,0.0,0.0,24.6,2.0,4.998,0.0,0.0,1.304,1.608,64.5,24.5,0.0,0.0,0.0,,0.0,80.6,77.0,0.0,0.0,0.0,0.0,224.6,1040.0,217.4,1088.6,228.2,1047.2,239.0,1050.8,0.0,0.0,76.1,828.0,227.3,146.70000000000002,-4.5,0.10306944444444445,1523.1443333333332,7.733333333333333,0.48,0.49,392.0,True,2026-09-05 12:08:19-07:00
238.06,2,9,2026-09-05 19:12:16,37.07991,-121.59694,304.0,11.7,154.2,-12.6,0.0,,0.0,0.0,0.0,11.1,-0.5,142.0,0.0,227.0,0.1,-0.02,0.9,99.0,-6.0,27,0.0,29.98,1660.0,0.0,0.0,106,0.0,0.0,0.0,0.0,0.0,0.0,0.0,0.0,0.0,0.0,0.0,0.0,-5.0,0.0,0.0,-3.0,0.0,0.0,0.0,0.0,1.0,0.0,0.0,1200.0,65.0,25.0,840.0,840.0,13.6,1.5,0.0,1.5,24.6,0.0,0.0,15.7,0.0,0.0,4.3,40.2,35.1,0.0,0.0,0.0,0.0,107.0,561.0,104.0,587.0,110.0,564.0,115.0,566.0,0.0,0.0,-27.0,0.0,0.0,24.6,2.0,4.998,0.0,0.0,1.304,1.586,64.7,24.6,0.0,0.0,0.0,,0.0,80.6,77.0,0.0,0.0,0.0,0.0,224.6,1041.8,219.2,1088.6,230.0,1047.2,239.0,1050.8,0.0,0.0,76.28,840.0,228.20000000000002,147.60000000000002,-4.319999999999993,0.10348611111111111,1542.7939999999999,7.8,0.48,0.49,392.0,True,2026-09-05 12:08:19-07:00
239.06,2,9,2026-09-05 19:12:17,37.07986,-121.59691,305.0,11.6,155.2,-12.6,0.0,,0.0,0.0,0.0,11.2,-0.8,141.8,0.0,226.0,0.1,-0.01,1.0,99.0,-49.0,27,0.0,29.98,1661.0,0.0,0.0,106,0.0,0.0,0.0,0.0,0.0,0.0,0.0,0.0,0.0,0.0,0.0,0.0,-5.0,0.0,0.0,-3.0,0.0,0.0,0.0,0.0,1.0,0.0,0.0,1200.0,65.0,25.0,822.0,822.0,13.6,1.5,0.0,1.5,24.6,0.0,0.0,15.7,0.0,0.0,4.3,40.2,35.1,0.0,0.0,0.0,0.0,108.0,561.0,104.0,587.0,110.0,564.0,116.0,566.0,0.0,0.0,-27.0,0.0,0.0,24.6,2.0,4.998,0.0,0.0,1.304,1.55,64.6,24.6,0.0,0.0,0.0,,0.0,80.6,77.0,0.0,0.0,0.0,0.0,226.4,1041.8,219.2,1088.6,230.0,1047.2,240.8,1050.8,0.0,0.0,76.28,822.0,229.1,148.5,-4.319999999999993,0.10390277777777777,1562.4436666666666,7.733333333333333,0.48,0.49,392.0,True,2026-09-05 12:08:19-07:00
240.06,2,9,2026-09-05 19:12:18,37.07981,-121.59689,305.0,11.5,154.4,-12.6,0.0,,0.0,0.0,0.0,10.9,-1.4,141.7,0.0,226.0,-0.2,-0.02,1.0,99.0,-8.0,27,0.0,29.98,1661.0,0.0,0.0,106,0.0,0.0,0.0,0.0,0.0,0.0,0.0,0.0,0.0,0.0,0.0,0.0,-5.0,0.0,0.0,-3.0,0.0,0.0,0.0,0.0,1.0,0.0,0.0,1200.0,65.0,25.0,835.0,835.0,13.7,1.5,0.0,1.5,24.6,0.0,0.0,15.7,0.0,0.0,4.3,40.2,35.1,0.0,0.0,0.0,0.0,108.0,560.0,104.0,588.0,111.0,564.0,116.0,566.0,0.0,0.0,-27.0,0.0,0.0,24.6,2.0,4.998,0.0,0.0,1.304,1.615,64.6,24.6,0.0,0.0,0.0,,0.0,80.6,77.0,0.0,0.0,0.0,0.0,226.4,1040.0,219.2,1090.4,231.8,1047.2,240.8,1050.8,0.0,0.0,76.28,835.0,229.54999999999998,148.95,-4.319999999999993,0.10431944444444445,1581.9246666666666,7.666666666666667,0.48,0.49,392.0,True,2026-09-05 12:08:19-07:00
241.06,2,9,2026-09-05 19:12:19,37.07976,-121.59686,306.0,11.4,154.5,-12.6,0.0,,0.0,0.0,0.0,10.8,-1.3,142.1,0.0,226.0,0.1,-0.02,1.0,99.0,-16.0,27,0.0,29.98,1661.0,0.0,0.0,106,0.0,0.0,0.0,0.0,0.0,0.0,0.0,0.0,0.0,0.0,0.0,0.0,-5.0,0.0,0.0,-3.0,0.0,0.0,0.0,0.0,1.0,0.0,0.0,1200.0,65.0,25.0,829.0,829.0,13.7,1.5,0.0,1.5,24.6,0.0,0.0,15.7,0.0,0.0,4.3,40.2,35.1,0.0,0.0,0.0,0.0,108.0,560.0,105.0,588.0,111.0,564.0,116.0,566.0,0.0,0.0,-27.0,0.0,0.0,24.6,2.0,4.998,0.0,0.0,1.304,1.621,64.5,24.6,0.0,0.0,0.0,,0.0,80.6,77.0,0.0,0.0,0.0,0.0,226.4,1040.0,221.0,1090.4,231.8,1047.2,240.8,1050.8,0.0,0.0,76.28,829.0,230.0,149.4,-4.319999999999993,0.10473611111111111,1601.2369999999999,7.6000000000000005,0.48,0.49,392.0,True,2026-09-05 12:08:19-07:00
242.06,2,9,2026-09-05 19:12:20,37.07972,-121.59682,306.0,11.4,154.9,-12.6,0.0,,0.0,0.0,0.0,10.8,-1.2,142.2,0.0,226.0,0.1,-0.01,1.0,99.0,-14.0,27,0.0,29.98,1668.0,0.0,0.0,106,0.0,0.0,0.0,0.0,0.0,0.0,0.0,0.0,0.0,0.0,0.0,0.0,-5.0,0.0,0.0,-4.0,0.0,0.0,0.0,0.0,1.0,0.0,0.0,1200.0,65.0,25.0,838.0,838.0,13.6,1.5,0.0,1.5,24.6,0.0,0.0,15.7,0.0,0.0,4.3,40.2,35.1,0.0,0.0,0.0,0.0,109.0,559.0,105.0,587.0,111.0,565.0,117.0,566.0,0.0,0.0,-27.0,0.0,0.0,24.6,2.0,4.998,0.0,0.0,1.304,1.597,64.7,24.7,0.0,0.0,0.0,,0.0,80.6,77.0,0.0,0.0,0.0,0.0,228.2,1038.2,221.0,1088.6,231.8,1049.0,242.6,1050.8,0.0,0.0,76.46,838.0,230.89999999999998,150.29999999999998,-4.140000000000001,0.10515277777777778,1620.465,7.6000000000000005,0.48,0.49,392.0,True,2026-09-05 12:08:19-07:00
243.06,2,9,2026-09-05 19:12:21,37.07967,-121.5968,306.0,11.4,155.2,-12.6,0.0,,0.0,0.0,0.0,10.8,-1.1,142.6,0.0,226.0,0.3,-0.02,0.9,99.0,2.0,27,0.0,29.98,1668.0,0.0,0.0,106,0.0,0.0,0.0,0.0,0.0,0.0,0.0,0.0,0.0,0.0,0.0,0.0,-5.0,0.0,0.0,-4.0,0.0,0.0,0.0,0.0,1.0,0.0,0.0,1200.0,64.0,25.0,812.0,812.0,13.7,1.5,0.0,1.5,24.6,0.0,0.0,15.7,0.0,0.0,4.3,40.2,35.1,0.0,0.0,0.0,0.0,109.0,560.0,105.0,588.0,112.0,564.0,117.0,566.0,0.0,0.0,-27.0,0.0,0.0,24.6,2.0,4.998,0.0,0.0,1.302,1.573,64.4,24.7,0.0,0.0,0.0,,0.0,80.6,77.0,0.0,0.0,0.0,0.0,228.2,1040.0,221.0,1090.4,233.6,1047.2,242.6,1050.8,0.0,0.0,76.46,812.0,231.35000000000002,150.75000000000003,-4.140000000000001,0.10556944444444445,1639.693,7.6000000000000005,0.48,0.49,392.0,True,2026-09-05 12:08:19-07:00
244.06,2,9,2026-09-05 19:12:22,37.07962,-121.59677,307.0,11.4,155.6,-12.6,0.0,,0.0,0.0,0.0,10.8,-1.1,142.9,0.0,226.0,0.4,-0.02,1.0,99.0,19.0,27,0.0,29.98,1668.0,0.0,0.0,106,0.0,0.0,0.0,0.0,0.0,0.0,0.0,0.0,0.0,0.0,0.0,0.0,-5.0,0.0,0.0,-4.0,0.0,0.0,0.0,0.0,1.0,0.0,0.0,1200.0,64.0,25.0,818.0,818.0,13.9,1.5,0.0,1.5,24.6,0.0,0.0,15.7,0.0,0.0,4.3,40.2,35.1,0.0,0.0,0.0,0.0,109.0,561.0,106.0,588.0,112.0,565.0,117.0,566.0,0.0,0.0,-27.0,0.0,0.0,24.6,2.0,4.998,0.0,0.0,1.312,1.57,64.1,24.8,0.0,0.0,0.0,,0.0,80.6,77.0,0.0,0.0,0.0,0.0,228.2,1041.8,222.8,1090.4,233.6,1049.0,242.6,1050.8,0.0,0.0,76.64,818.0,231.8,151.20000000000002,-3.9599999999999937,0.10598611111111111,1658.921,7.6000000000000005,0.48,0.49,392.0,True,2026-09-05 12:08:19-07:00
245.06,2,9,2026-09-05 19:12:23,37.07957,-121.59675,306.0,11.3,155.7,-12.6,0.0,,0.0,0.0,0.0,11.0,-0.8,143.2,0.0,226.0,0.5,-0.02,0.9,99.0,28.0,27,0.0,29.98,1659.0,0.0,0.0,106,0.0,0.0,0.0,0.0,0.0,0.0,0.0,0.0,0.0,0.0,0.0,0.0,-5.0,0.0,0.0,-4.0,0.0,0.0,0.0,0.0,1.0,0.0,0.0,1200.0,64.0,25.0,817.0,817.0,14.0,1.5,0.0,1.5,24.6,0.0,0.0,15.7,0.0,0.0,4.3,40.2,35.1,0.0,0.0,0.0,0.0,110.0,561.0,106.0,589.0,112.0,565.0,118.0,566.0,0.0,0.0,-27.0,0.0,0.0,24.6,2.0,4.998,0.0,0.0,1.345,1.589,63.9,24.8,0.0,0.0,0.0,,0.0,80.6,77.0,0.0,0.0,0.0,0.0,230.0,1041.8,222.8,1092.2,233.6,1049.0,244.4,1050.8,0.0,0.0,76.64,817.0,232.7,152.1,-3.9599999999999937,0.10640277777777778,1678.0646666666667,7.533333333333334,0.48,0.49,392.0,True,2026-09-05 12:08:19-07:00
246.06,2,9,2026-09-05 19:12:24,37.07952,-121.59672,306.0,11.3,155.7,-12.6,0.0,,0.0,0.0,0.0,11.1,-1.1,143.7,0.0,226.0,0.5,-0.02,1.0,99.0,22.0,27,0.0,29.98,1660.0,0.0,0.0,106,0.0,0.0,0.0,0.0,0.0,0.0,0.0,0.0,0.0,0.0,0.0,0.0,-5.0,0.0,0.0,-4.0,0.0,0.0,0.0,0.0,1.0,0.0,0.0,1200.0,64.0,25.0,808.0,808.0,13.9,1.5,0.0,1.5,24.6,0.0,0.0,15.7,0.0,0.0,4.3,40.2,35.1,0.0,0.0,0.0,0.0,110.0,561.0,106.0,590.0,113.0,565.0,118.0,566.0,0.0,0.0,-27.0,0.0,0.0,24.6,2.0,4.998,0.0,0.0,1.354,1.541,64.0,24.8,0.0,0.0,0.0,,0.0,80.6,77.0,0.0,0.0,0.0,0.0,230.0,1041.8,222.8,1094.0,235.4,1049.0,244.4,1050.8,0.0,0.0,76.64,808.0,233.15,152.55,-3.9599999999999937,0.10681944444444445,1697.124,7.533333333333334,0.48,0.49,392.0,True,2026-09-05 12:08:19-07:00
247.06,2,9,2026-09-05 19:12:25,37.07948,-121.59669,306.0,11.3,156.8,-12.6,0.0,,0.0,0.0,0.0,11.0,-1.4,144.0,0.0,226.0,0.5,-0.03,0.9,99.0,28.0,27,0.0,29.98,1660.0,0.0,0.0,106,0.0,0.0,0.0,0.0,0.0,0.0,0.0,0.0,0.0,0.0,0.0,0.0,-5.0,0.0,0.0,-4.0,0.0,0.0,0.0,0.0,1.0,0.0,0.0,1200.0,64.0,25.0,819.0,819.0,13.9,1.5,0.0,1.5,24.6,0.0,0.0,15.7,0.0,0.0,4.3,40.2,35.1,0.0,0.0,0.0,0.0,111.0,560.0,107.0,591.0,113.0,565.0,118.0,566.0,0.0,0.0,-27.0,0.0,0.0,24.6,2.0,4.998,0.0,0.0,1.361,1.553,63.9,24.9,0.0,0.0,0.0,,0.0,80.6,77.0,0.0,0.0,0.0,0.0,231.8,1040.0,224.6,1095.8,235.4,1049.0,244.4,1050.8,0.0,0.0,76.82,819.0,234.05,153.45000000000002,-3.780000000000001,0.10723611111111112,1716.1833333333332,7.533333333333334,0.48,0.49,392.0,True,2026-09-05 12:08:19-07:00
248.06,2,9,2026-09-05 19:12:26,37.07943,-121.59666,306.0,11.3,157.2,-12.6,0.0,,0.0,0.0,0.0,10.9,-1.4,144.0,0.0,226.0,0.2,-0.03,1.0,99.0,37.0,27,0.0,29.98,1660.0,0.0,0.0,106,0.0,0.0,0.0,0.0,0.0,0.0,0.0,0.0,0.0,0.0,0.0,0.0,-5.0,0.0,0.0,-4.0,0.0,0.0,0.0,0.0,1.0,0.0,0.0,1200.0,64.0,25.0,827.0,827.0,13.9,1.5,0.0,1.5,24.6,0.0,0.0,15.7,0.0,0.0,4.3,40.2,35.1,0.0,0.0,0.0,0.0,111.0,560.0,107.0,590.0,113.0,565.0,119.0,566.0,0.0,0.0,-27.0,0.0,0.0,24.6,2.0,4.998,0.0,0.0,1.36,1.548,64.1,24.9,0.0,0.0,0.0,,0.0,80.6,77.0,0.0,0.0,0.0,0.0,231.8,1040.0,224.6,1094.0,235.4,1049.0,246.2,1050.8,0.0,0.0,76.82,827.0,234.5,153.9,-3.780000000000001,0.10765277777777778,1735.2426666666665,7.533333333333334,0.48,0.49,392.0,True,2026-09-05 12:08:19-07:00
249.06,2,9,2026-09-05 19:12:27,37.07938,-121.59664,307.0,11.4,156.8,-12.6,0.0,,0.0,0.0,0.0,10.9,-1.4,143.8,0.0,226.0,-0.1,-0.02,1.0,99.0,36.0,27,0.0,29.98,1659.0,0.0,0.0,106,0.0,0.0,0.0,0.0,0.0,0.0,0.0,0.0,0.0,0.0,0.0,0.0,-5.0,0.0,0.0,-4.0,0.0,0.0,0.0,0.0,1.0,0.0,0.0,1200.0,64.0,25.0,822.0,822.0,14.0,1.5,0.0,1.5,24.6,0.0,0.0,15.7,0.0,0.0,4.3,40.2,35.1,0.0,0.0,0.0,0.0,111.0,561.0,107.0,591.0,114.0,564.0,119.0,566.0,0.0,0.0,-27.0,0.0,0.0,24.6,2.0,4.998,0.0,0.0,1.36,1.559,63.9,24.9,0.0,0.0,0.0,,0.0,80.6,77.0,0.0,0.0,0.0,0.0,231.8,1041.8,224.6,1095.8,237.2,1047.2,246.2,1050.8,0.0,0.0,76.82,822.0,234.95,154.35,-3.780000000000001,0.10806944444444444,1754.3863333333334,7.6000000000000005,0.48,0.49,392.0,True,2026-09-05 12:08:19-07:00
250.06,2,9,2026-09-05 19:12:28,37.07933,-121.59661,305.0,11.4,156.8,-12.6,0.0,,0.0,0.0,0.0,10.9,-1.9,143.3,0.0,226.0,-0.3,-0.02,0.9,99.0,36.0,27,0.0,29.98,1660.0,0.0,0.0,106,0.0,0.0,0.0,0.0,0.0,0.0,0.0,0.0,0.0,0.0,0.0,0.0,-5.0,0.0,0.0,-4.0,0.0,0.0,0.0,0.0,1.0,0.0,0.0,1200.0,64.0,25.0,821.0,821.0,13.9,1.5,0.0,1.5,24.6,0.0,0.0,15.7,0.0,0.0,4.3,40.2,35.1,0.0,0.0,0.0,0.0,111.0,560.0,107.0,591.0,114.0,564.0,119.0,566.0,0.0,0.0,-27.0,0.0,0.0,24.6,2.0,4.998,0.0,0.0,1.361,1.55,63.9,25.0,0.0,0.0,0.0,,0.0,80.6,77.0,0.0,0.0,0.0,0.0,231.8,1040.0,224.6,1095.8,237.2,1047.2,246.2,1050.8,0.0,0.0,77.0,821.0,234.95,154.35,-3.5999999999999943,0.10848611111111112,1773.6143333333332,7.6000000000000005,0.48,0.49,392.0,True,2026-09-05 12:08:19-07:00
251.06,2,9,2026-09-05 19:12:29,37.07928,-121.59659,306.0,11.4,156.1,-12.6,0.0,,0.0,0.0,0.0,10.9,-1.8,142.8,0.0,226.0,-0.4,-0.02,1.0,99.0,42.0,27,0.0,29.98,1660.0,0.0,0.0,106,0.0,0.0,0.0,0.0,0.0,0.0,0.0,0.0,0.0,0.0,0.0,0.0,-5.0,0.0,0.0,-4.0,0.0,0.0,0.0,0.0,1.0,0.0,0.0,1200.0,64.0,25.0,812.0,812.0,14.0,1.5,0.0,1.5,24.6,0.0,0.0,15.7,0.0,0.0,4.3,40.2,35.1,0.0,0.0,0.0,0.0,112.0,561.0,108.0,591.0,114.0,565.0,120.0,566.0,0.0,0.0,-27.0,0.0,0.0,24.6,2.0,4.998,0.0,0.0,1.362,1.552,63.8,25.0,0.0,0.0,0.0,,0.0,80.6,77.0,0.0,0.0,0.0,0.0,233.6,1041.8,226.4,1095.8,237.2,1049.0,248.0,1050.8,0.0,0.0,77.0,812.0,236.3,155.70000000000002,-3.5999999999999943,0.10890277777777778,1792.8423333333333,7.6000000000000005,0.48,0.49,392.0,True,2026-09-05 12:08:19-07:00
252.06,2,9,2026-09-05 19:12:30,37.07924,-121.59656,306.0,11.5,155.0,-12.6,0.0,,0.0,0.0,0.0,11.1,-1.4,143.8,0.0,226.0,0.3,-0.04,1.0,99.0,47.0,27,0.0,29.98,1660.0,0.0,0.0,106,0.0,0.0,0.0,0.0,0.0,0.0,0.0,0.0,0.0,0.0,0.0,0.0,-5.0,0.0,0.0,-4.0,0.0,0.0,0.0,0.0,1.0,0.0,0.0,1200.0,64.0,25.0,838.0,838.0,14.1,1.5,0.0,1.5,24.6,0.0,0.0,15.7,0.0,0.0,4.4,40.2,35.1,0.0,0.0,0.0,0.0,112.0,562.0,108.0,592.0,115.0,565.0,120.0,566.0,0.0,0.0,-27.0,0.0,0.0,24.6,2.0,4.998,0.0,0.0,1.36,1.573,63.8,25.0,0.0,0.0,0.0,,0.0,80.6,77.0,0.0,0.0,0.0,0.0,233.6,1043.6,226.4,1097.6,239.0,1049.0,248.0,1050.8,0.0,0.0,77.0,838.0,236.75,156.15,-3.5999999999999943,0.10931944444444444,1812.1546666666666,7.666666666666667,0.48,0.49,392.0,True,2026-09-05 12:08:19-07:00
253.06,2,9,2026-09-05 19:12:31,37.07919,-121.59653,306.0,11.5,158.4,-12.6,0.0,,0.0,0.0,0.0,11.0,-1.4,142.9,0.0,226.0,-0.1,-0.03,0.9,99.0,34.0,27,0.0,29.98,1668.0,0.0,0.0,106,0.0,0.0,0.0,0.0,0.0,0.0,0.0,0.0,0.0,0.0,0.0,0.0,-5.0,0.0,0.0,-4.0,0.0,0.0,0.0,0.0,1.0,0.0,0.0,1200.0,64.0,25.0,835.0,835.0,13.9,1.5,0.0,1.5,24.6,0.0,0.0,15.7,0.0,0.0,4.4,40.2,35.1,0.0,0.0,0.0,0.0,113.0,562.0,108.0,592.0,115.0,564.0,120.0,565.0,0.0,0.0,-27.0,0.0,0.0,24.6,2.0,4.998,0.0,0.0,1.396,1.515,64.1,25.1,0.0,0.0,0.0,,0.0,80.6,77.0,0.0,0.0,0.0,0.0,235.4,1043.6,226.4,1097.6,239.0,1047.2,248.0,1049.0,0.0,0.0,77.18,835.0,237.2,156.6,-3.4199999999999875,0.10973611111111112,1831.5513333333333,7.666666666666667,0.48,0.49,392.0,True,2026-09-05 12:08:19-07:00
254.06,2,9,2026-09-05 19:12:32,37.07914,-121.5965,305.0,11.5,155.5,-12.6,0.0,,0.0,0.0,0.0,10.8,-1.3,140.8,0.0,226.0,-1.6,0.02,0.9,99.0,32.0,27,0.0,29.98,1668.0,0.0,0.0,106,0.0,0.0,0.0,0.0,0.0,0.0,0.0,0.0,0.0,0.0,0.0,0.0,-5.0,0.0,0.0,-4.0,0.0,0.0,0.0,0.0,1.0,0.0,0.0,1200.0,64.0,25.0,813.0,813.0,13.9,1.5,0.0,1.5,24.6,0.0,0.0,15.7,0.0,0.0,4.4,40.2,35.1,0.0,0.0,0.0,0.0,113.0,562.0,109.0,592.0,115.0,564.0,121.0,566.0,0.0,0.0,-27.0,0.0,0.0,24.6,2.0,4.998,0.0,0.0,1.405,1.515,64.0,25.1,0.0,0.0,0.0,,0.0,80.6,77.0,0.0,0.0,0.0,0.0,235.4,1043.6,228.2,1097.6,239.0,1047.2,249.8,1050.8,0.0,0.0,77.18,813.0,238.1,157.5,-3.4199999999999875,0.11015277777777778,1850.9479999999999,7.666666666666667,0.48,0.49,392.0,True,2026-09-05 12:08:19-07:00
255.06,2,9,2026-09-05 19:12:33,37.07909,-121.59647,305.0,11.5,152.7,-12.6,0.0,,0.0,0.0,0.0,10.9,-1.2,144.2,0.0,226.0,1.2,-0.05,1.0,99.0,10.0,27,0.0,29.98,1668.0,0.0,0.0,106,0.0,0.0,0.0,0.0,0.0,0.0,0.0,0.0,0.0,0.0,0.0,0.0,-5.0,0.0,0.0,-4.0,0.0,0.0,0.0,0.0,1.0,0.0,0.0,1200.0,64.0,25.0,836.0,836.0,13.9,1.5,0.0,1.5,24.6,0.0,0.0,15.7,0.0,0.0,4.5,40.2,35.1,0.0,0.0,0.0,0.0,113.0,562.0,109.0,593.0,116.0,563.0,121.0,565.0,0.0,0.0,-27.0,0.0,0.0,24.6,2.0,4.998,0.0,0.0,1.36,1.603,63.8,25.2,0.0,0.0,0.0,,0.0,80.6,77.0,0.0,0.0,0.0,0.0,235.4,1043.6,228.2,1099.4,240.8,1045.4,249.8,1049.0,0.0,0.0,77.36,836.0,238.54999999999998,157.95,-3.239999999999995,0.11056944444444444,1870.3446666666666,7.666666666666667,0.48,0.49,392.0,True,2026-09-05 12:08:19-07:00
256.06,2,9,2026-09-05 19:12:34,37.07904,-121.59645,307.0,11.6,158.8,-12.6,0.0,,0.0,0.0,0.0,10.9,-1.1,146.3,0.0,226.0,2.2,-0.08,0.9,99.0,21.0,27,0.0,29.98,1660.0,0.0,0.0,106,0.0,0.0,0.0,0.0,0.0,0.0,0.0,0.0,0.0,0.0,0.0,0.0,-4.0,0.0,0.0,-5.0,0.0,0.0,0.0,0.0,1.0,0.0,0.0,1200.0,64.0,25.0,824.0,824.0,13.9,1.5,0.0,1.5,24.6,0.0,0.0,15.7,0.0,0.0,4.5,40.2,35.1,0.0,0.0,0.0,0.0,113.0,562.0,109.0,592.0,116.0,563.0,121.0,566.0,0.0,0.0,-27.0,0.0,0.0,24.6,2.0,4.998,0.0,0.0,1.418,1.522,64.0,25.2,0.0,0.0,0.0,,0.0,80.6,77.0,0.0,0.0,0.0,0.0,235.4,1043.6,228.2,1097.6,240.8,1045.4,249.8,1050.8,0.0,0.0,77.36,824.0,238.54999999999998,157.95,-3.239999999999995,0.11098611111111112,1889.8256666666666,7.733333333333333,0.48,0.49,392.0,True,2026-09-05 12:08:19-07:00
257.06,2,9,2026-09-05 19:12:35,37.07899,-121.59643,305.0,11.4,160.9,-12.6,0.0,,0.0,0.0,0.0,10.8,-1.0,141.1,0.0,226.0,-1.8,0.0,1.1,99.0,24.0,27,0.0,29.98,1660.0,0.0,0.0,106,0.0,0.0,0.0,0.0,0.0,0.0,0.0,0.0,0.0,0.0,0.0,0.0,-3.0,0.0,0.0,-4.0,0.0,0.0,0.0,0.0,1.0,0.0,0.0,1200.0,64.0,25.0,815.0,815.0,14.1,1.5,0.0,1.5,24.6,0.0,0.0,15.7,0.0,0.0,4.5,40.2,35.1,0.0,0.0,0.0,0.0,114.0,562.0,109.0,592.0,116.0,560.0,121.0,566.0,0.0,0.0,-27.0,0.0,0.0,24.6,2.0,4.998,0.0,0.0,1.475,1.458,63.5,25.2,0.0,0.0,0.0,,0.0,80.6,77.0,0.0,0.0,0.0,0.0,237.2,1043.6,228.2,1097.6,240.8,1040.0,249.8,1050.8,0.0,0.0,77.36,815.0,239.0,158.4,-3.239999999999995,0.11140277777777778,1909.2223333333334,7.6000000000000005,0.48,0.49,392.0,True,2026-09-05 12:08:19-07:00
258.06,2,9,2026-09-05 19:12:36,37.07894,-121.59641,305.0,11.5,152.1,-12.6,0.0,,0.0,0.0,0.0,10.9,-0.8,138.4,0.0,226.0,-2.9,0.04,0.9,99.0,31.0,27,0.0,29.98,1660.0,0.0,0.0,106,0.0,0.0,0.0,0.0,0.0,0.0,0.0,0.0,0.0,0.0,0.0,0.0,-4.0,0.0,0.0,-5.0,0.0,0.0,0.0,0.0,1.0,0.0,0.0,1200.0,64.0,25.0,792.0,792.0,14.0,1.5,0.0,1.5,24.6,0.0,0.0,15.7,0.0,0.0,4.5,40.2,35.1,0.0,0.0,0.0,0.0,114.0,562.0,110.0,592.0,117.0,561.0,122.0,565.0,0.0,0.0,-27.0,0.0,0.0,24.6,2.0,4.998,0.0,0.0,1.398,1.581,63.6,25.3,0.0,0.0,0.0,,0.0,80.6,77.0,0.0,0.0,0.0,0.0,237.2,1043.6,230.0,1097.6,242.6,1041.8,251.6,1049.0,0.0,0.0,77.54,792.0,240.35000000000002,159.75000000000003,-3.059999999999988,0.11181944444444444,1928.5346666666667,7.666666666666667,0.48,0.49,392.0,True,2026-09-05 12:08:19-07:00
259.06,2,9,2026-09-05 19:12:37,37.07889,-121.59637,305.0,11.4,152.3,-12.6,0.0,,0.0,0.0,0.0,11.0,-0.9,140.1,0.0,226.0,-0.1,-0.04,1.0,99.0,25.0,27,0.0,29.98,1659.0,0.0,0.0,106,0.0,0.0,0.0,0.0,0.0,0.0,0.0,0.0,0.0,0.0,0.0,0.0,-4.0,0.0,0.0,-5.0,0.0,0.0,0.0,0.0,1.0,0.0,0.0,1200.0,64.0,25.0,833.0,833.0,14.1,1.5,0.0,1.5,24.6,0.0,0.0,15.7,0.0,0.0,4.5,40.2,35.1,0.0,0.0,0.0,0.0,114.0,562.0,110.0,593.0,117.0,562.0,122.0,564.0,0.0,0.0,-27.0,0.0,0.0,24.6,2.0,4.998,0.0,0.0,1.36,1.595,63.6,25.3,0.0,0.0,0.0,,0.0,80.6,77.0,0.0,0.0,0.0,0.0,237.2,1043.6,230.0,1099.4,242.6,1043.6,251.6,1047.2,0.0,0.0,77.54,833.0,240.35000000000002,159.75000000000003,-3.059999999999988,0.11223611111111112,1947.847,7.6000000000000005,0.48,0.49,392.0,True,2026-09-05 12:08:19-07:00
260.06,2,9,2026-09-05 19:12:38,37.07884,-121.59634,305.0,11.4,153.7,-12.6,0.0,,0.0,0.0,0.0,11.0,-1.0,141.2,0.0,227.0,0.7,-0.04,1.0,99.0,52.0,27,0.0,29.98,1660.0,0.0,0.0,106,0.0,0.0,0.0,0.0,0.0,0.0,0.0,0.0,0.0,0.0,0.0,0.0,-4.0,0.0,0.0,-5.0,0.0,0.0,0.0,0.0,1.0,0.0,0.0,1200.0,64.0,25.0,837.0,837.0,14.0,1.5,0.0,1.5,24.6,0.0,0.0,15.7,0.0,0.0,4.5,40.2,35.1,0.0,0.0,0.0,0.0,115.0,561.0,110.0,593.0,117.0,562.0,122.0,564.0,0.0,0.0,-27.0,0.0,0.0,24.6,2.0,4.998,0.0,0.0,1.403,1.545,63.8,25.3,0.0,0.0,0.0,,0.0,80.6,77.0,0.0,0.0,0.0,0.0,239.0,1041.8,230.0,1099.4,242.6,1043.6,251.6,1047.2,0.0,0.0,77.54,837.0,240.8,160.20000000000002,-3.059999999999988,0.11265277777777778,1967.075,7.6000000000000005,0.48,0.49,392.0,True,2026-09-05 12:08:19-07:00
261.06,2,9,2026-09-05 19:12:39,37.0788,-121.59631,305.0,11.5,154.9,-12.6,0.0,,0.0,0.0,0.0,11.0,-1.2,142.0,0.0,227.0,0.8,-0.03,1.1,99.0,15.0,27,0.0,29.98,1661.0,0.0,0.0,106,0.0,0.0,0.0,0.0,0.0,0.0,0.0,0.0,0.0,0.0,0.0,0.0,-4.0,0.0,0.0,-5.0,0.0,0.0,0.0,0.0,1.0,0.0,0.0,1200.0,64.0,25.0,811.0,811.0,13.9,1.5,0.0,1.5,24.6,0.0,0.0,15.7,0.0,0.0,4.4,40.2,35.1,0.0,0.0,0.0,0.0,115.0,562.0,110.0,593.0,118.0,563.0,123.0,565.0,0.0,0.0,-27.0,0.0,0.0,24.6,2.0,4.998,0.0,0.0,1.418,1.522,63.9,25.4,0.0,0.0,0.0,,0.0,80.6,77.0,0.0,0.0,0.0,0.0,239.0,1043.6,230.0,1099.4,244.4,1045.4,253.4,1049.0,0.0,0.0,77.72,811.0,241.7,161.1,-2.8799999999999955,0.11306944444444444,1986.3873333333333,7.666666666666667,0.48,0.49,392.0,True,2026-09-05 12:08:19-07:00
262.06,2,9,2026-09-05 19:12:40,37.07875,-121.59628,303.0,11.4,155.4,-12.6,0.0,,0.0,0.0,0.0,11.0,-1.3,142.2,0.0,228.0,0.5,-0.03,0.9,99.0,49.0,27,0.0,29.98,1661.0,0.0,0.0,106,0.0,0.0,0.0,0.0,0.0,0.0,0.0,0.0,0.0,0.0,0.0,0.0,-4.0,0.0,0.0,-5.0,0.0,0.0,0.0,0.0,1.0,0.0,0.0,1200.0,64.0,25.0,835.0,835.0,14.0,1.5,0.0,1.5,24.6,0.0,0.0,15.7,0.0,0.0,4.3,40.2,35.1,0.0,0.0,0.0,0.0,115.0,562.0,111.0,593.0,118.0,562.0,123.0,565.0,0.0,0.0,-27.0,0.0,0.0,24.6,2.0,4.998,0.0,0.0,1.416,1.508,64.0,25.4,0.0,0.0,0.0,,0.0,80.6,77.0,0.0,0.0,0.0,0.0,239.0,1043.6,231.8,1099.4,244.4,1043.6,253.4,1049.0,0.0,0.0,77.72,835.0,242.15,161.55,-2.8799999999999955,0.11348611111111111,2005.6996666666666,7.6000000000000005,0.48,0.49,392.0,True,2026-09-05 12:08:19-07:00
263.06,2,9,2026-09-05 19:12:41,37.0787,-121.59625,304.0,11.5,155.0,-12.6,0.0,,0.0,0.0,0.0,10.9,-1.4,141.7,0.0,228.0,-0.1,-0.02,0.9,99.0,34.0,27,0.0,29.98,1662.0,0.0,0.0,106,0.0,0.0,0.0,0.0,0.0,0.0,0.0,0.0,0.0,0.0,0.0,0.0,-4.0,0.0,0.0,-4.0,0.0,0.0,0.0,0.0,1.0,0.0,0.0,1200.0,64.0,25.0,837.0,837.0,13.8,1.5,0.0,1.5,24.6,0.0,0.0,15.7,0.0,0.0,4.3,40.2,35.1,0.0,0.0,0.0,0.0,116.0,562.0,111.0,593.0,118.0,562.0,123.0,565.0,0.0,0.0,-27.0,0.0,0.0,24.6,2.0,4.998,0.0,0.0,1.416,1.522,64.0,25.4,0.0,0.0,0.0,,0.0,80.6,77.0,0.0,0.0,0.0,0.0,240.8,1043.6,231.8,1099.4,244.4,1043.6,253.4,1049.0,0.0,0.0,77.72,837.0,242.60000000000002,162.00000000000003,-2.8799999999999955,0.11390277777777778,2025.012,7.666666666666667,0.48,0.49,392.0,True,2026-09-05 12:08:19-07:00
264.06,2,9,2026-09-05 19:12:42,37.07865,-121.59623,304.0,11.6,155.1,-12.6,0.0,,0.0,0.0,0.0,11.0,-1.4,141.6,0.0,229.0,-0.0,-0.03,1.0,99.0,52.0,27,0.0,29.98,1663.0,0.0,0.0,106,0.0,0.0,0.0,0.0,0.0,0.0,0.0,0.0,0.0,0.0,0.0,0.0,-4.0,0.0,0.0,-4.0,0.0,0.0,0.0,0.0,1.0,0.0,0.0,1200.0,64.0,25.0,827.0,827.0,13.7,1.5,0.0,1.5,24.6,0.0,0.0,15.7,0.0,0.0,4.2,40.2,35.1,0.0,0.0,0.0,0.0,116.0,561.0,111.0,593.0,119.0,562.0,124.0,567.0,0.0,0.0,-27.0,0.0,0.0,24.6,2.0,4.998,0.0,0.0,1.473,1.514,64.1,25.5,0.0,0.0,0.0,,0.0,80.6,77.0,0.0,0.0,0.0,0.0,240.8,1041.8,231.8,1099.4,246.2,1043.6,255.2,1052.6,0.0,0.0,77.9,827.0,243.5,162.9,-2.6999999999999886,0.11431944444444445,2044.493,7.733333333333333,0.48,0.49,392.0,True,2026-09-05 12:08:19-07:00
265.06,2,9,2026-09-05 19:12:43,37.0786,-121.5962,304.0,11.5,155.1,-12.6,0.0,,0.0,0.0,0.0,11.0,-1.1,141.7,0.0,230.0,0.0,-0.02,1.0,99.0,22.0,27,0.0,29.98,1664.0,0.0,0.0,106,0.0,0.0,0.0,0.0,0.0,0.0,0.0,0.0,0.0,0.0,0.0,0.0,-4.0,0.0,0.0,-4.0,0.0,0.0,0.0,0.0,1.0,0.0,0.0,1200.0,64.0,26.0,821.0,821.0,13.8,1.5,0.0,1.5,24.6,0.0,0.0,15.7,0.0,0.0,4.2,40.2,35.1,0.0,0.0,0.0,0.0,116.0,561.0,112.0,593.0,119.0,566.0,124.0,566.0,0.0,0.0,-27.0,0.0,0.0,24.6,2.0,4.998,0.0,0.0,1.473,1.558,63.8,25.5,0.0,0.0,0.0,,0.0,80.6,78.8,0.0,0.0,0.0,0.0,240.8,1041.8,233.6,1099.4,246.2,1050.8,255.2,1050.8,0.0,0.0,77.9,821.0,243.95,163.35,-2.6999999999999886,0.11473611111111111,2063.974,7.666666666666667,0.48,0.49,392.0,True,2026-09-05 12:08:19-07:00
266.06,2,9,2026-09-05 19:12:44,37.07856,-121.59617,304.0,11.4,155.1,-12.6,0.0,,0.0,0.0,0.0,11.1,-0.9,142.1,0.0,230.0,0.3,-0.02,1.0,99.0,28.0,27,0.0,29.98,1664.0,0.0,0.0,106,0.0,0.0,0.0,0.0,0.0,0.0,0.0,0.0,0.0,0.0,0.0,0.0,-4.0,0.0,0.0,-4.0,0.0,0.0,0.0,0.0,1.0,0.0,0.0,1200.0,64.0,26.0,821.0,821.0,13.9,1.5,0.0,1.5,24.6,0.0,0.0,15.7,0.0,0.0,4.2,40.2,35.1,0.0,0.0,0.0,0.0,117.0,560.0,112.0,593.0,119.0,566.0,124.0,567.0,0.0,0.0,-27.0,0.0,0.0,24.6,2.0,4.998,0.0,0.0,1.442,1.548,63.8,25.5,0.0,0.0,0.0,,0.0,80.6,78.8,0.0,0.0,0.0,0.0,242.6,1040.0,233.6,1099.4,246.2,1050.8,255.2,1052.6,0.0,0.0,77.9,821.0,244.4,163.8,-2.6999999999999886,0.11515277777777778,2083.2863333333335,7.6000000000000005,0.48,0.49,392.0,True,2026-09-05 12:08:19-07:00
267.06,2,9,2026-09-05 19:12:45,37.07851,-121.59615,304.0,11.3,155.1,-12.6,0.0,,0.0,0.0,0.0,10.9,-1.1,142.7,0.0,230.0,0.4,-0.02,1.0,99.0,21.0,27,0.0,29.98,1665.0,0.0,0.0,106,0.0,0.0,0.0,0.0,0.0,0.0,0.0,0.0,0.0,0.0,0.0,0.0,-4.0,0.0,0.0,-4.0,0.0,0.0,0.0,0.0,1.0,0.0,0.0,1200.0,64.0,26.0,826.0,826.0,13.9,1.5,0.0,1.5,24.6,0.0,0.0,15.7,0.0,0.0,4.2,40.2,35.1,0.0,0.0,0.0,0.0,117.0,561.0,112.0,594.0,120.0,565.0,125.0,567.0,0.0,0.0,-27.0,0.0,0.0,24.6,2.0,4.998,0.0,0.0,1.416,1.573,63.7,25.6,0.0,0.0,0.0,,0.0,80.6,78.8,0.0,0.0,0.0,0.0,242.6,1041.8,233.6,1101.2,248.0,1049.0,257.0,1052.6,0.0,0.0,78.08,826.0,245.3,164.70000000000002,-2.519999999999996,0.11556944444444445,2102.43,7.533333333333334,0.48,0.49,392.0,True,2026-09-05 12:08:19-07:00
268.06,2,9,2026-09-05 19:12:46,37.07846,-121.59612,306.0,11.2,155.9,-12.6,0.0,,0.0,0.0,0.0,10.9,-1.5,143.8,0.0,230.0,0.9,-0.03,1.1,99.0,16.0,27,0.0,29.98,1665.0,0.0,0.0,106,0.0,0.0,0.0,0.0,0.0,0.0,0.0,0.0,0.0,0.0,0.0,0.0,-4.0,0.0,0.0,-4.0,0.0,0.0,0.0,0.0,1.0,0.0,0.0,1200.0,64.0,26.0,829.0,829.0,13.9,1.5,0.0,1.5,24.6,0.0,0.0,15.7,0.0,0.0,4.2,40.2,35.1,0.0,0.0,0.0,0.0,117.0,562.0,112.0,594.0,120.0,565.0,125.0,567.0,0.0,0.0,-27.0,0.0,0.0,24.6,2.0,4.998,0.0,0.0,1.416,1.569,63.8,25.6,0.0,0.0,0.0,,0.0,80.6,78.8,0.0,0.0,0.0,0.0,242.6,1043.6,233.6,1101.2,248.0,1049.0,257.0,1052.6,0.0,0.0,78.08,829.0,245.3,164.70000000000002,-2.519999999999996,0.11598611111111111,2121.4049999999997,7.466666666666666,0.48,0.49,392.0,True,2026-09-05 12:08:19-07:00
269.06,2,9,2026-09-05 19:12:47,37.07841,-121.59609,305.0,11.2,157.4,-12.6,0.0,,0.0,0.0,0.0,11.0,-1.2,144.7,0.0,231.0,0.9,-0.03,1.0,99.0,38.0,27,0.0,29.98,1666.0,0.0,0.0,106,0.0,0.0,0.0,0.0,0.0,0.0,0.0,0.0,0.0,0.0,0.0,0.0,-4.0,0.0,0.0,-4.0,0.0,0.0,0.0,0.0,1.0,0.0,0.0,1200.0,64.0,26.0,807.0,807.0,13.9,1.5,0.0,1.5,24.6,0.0,0.0,15.7,0.0,0.0,4.2,40.2,35.1,0.0,0.0,0.0,0.0,117.0,563.0,113.0,593.0,120.0,566.0,125.0,567.0,0.0,0.0,-27.0,0.0,0.0,24.6,2.0,4.998,0.0,0.0,1.479,1.512,63.6,25.6,0.0,0.0,0.0,,0.0,80.6,78.8,0.0,0.0,0.0,0.0,242.6,1045.4,235.4,1099.4,248.0,1050.8,257.0,1052.6,0.0,0.0,78.08,807.0,245.75,165.15,-2.519999999999996,0.11640277777777779,2140.2956666666664,7.466666666666666,0.48,0.49,392.0,True,2026-09-05 12:08:19-07:00
270.06,2,9,2026-09-05 19:12:48,37.07836,-121.59607,304.0,11.1,158.4,-12.6,0.0,,0.0,0.0,0.0,11.1,-1.2,144.9,0.0,232.0,0.5,-0.03,0.9,99.0,42.0,27,0.0,29.98,1666.0,0.0,0.0,106,0.0,0.0,0.0,0.0,0.0,0.0,0.0,0.0,0.0,0.0,0.0,0.0,-4.0,0.0,0.0,-4.0,0.0,0.0,0.0,0.0,1.0,0.0,0.0,1200.0,64.0,26.0,823.0,823.0,13.9,1.5,0.0,1.5,24.6,0.0,0.0,15.7,0.0,0.0,4.2,40.2,35.1,0.0,0.0,0.0,0.0,118.0,563.0,113.0,594.0,121.0,565.0,125.0,567.0,0.0,0.0,-27.0,0.0,0.0,24.6,2.0,4.998,0.0,0.0,1.493,1.511,63.6,25.7,0.0,0.0,0.0,,0.0,80.6,78.8,0.0,0.0,0.0,0.0,244.4,1045.4,235.4,1101.2,249.8,1049.0,257.0,1052.6,0.0,0.0,78.25999999999999,823.0,246.65,166.05,-2.3400000000000034,0.11681944444444445,2159.102,7.3999999999999995,0.48,0.49,392.0,True,2026-09-05 12:08:19-07:00
271.06,2,9,2026-09-05 19:12:49,37.07832,-121.59605,306.0,11.0,158.2,-12.6,0.0,,0.0,0.0,0.0,11.0,-1.1,144.0,0.0,232.0,-0.3,-0.02,1.0,99.0,45.0,27,0.0,29.98,1667.0,0.0,0.0,106,0.0,0.0,0.0,0.0,0.0,0.0,0.0,0.0,0.0,0.0,0.0,0.0,-4.0,0.0,0.0,-4.0,0.0,0.0,0.0,0.0,1.0,0.0,0.0,1200.0,64.0,26.0,827.0,827.0,14.0,1.5,0.0,1.5,24.6,0.0,0.0,15.7,0.0,0.0,4.2,40.2,35.1,0.0,0.0,0.0,0.0,118.0,564.0,113.0,594.0,121.0,565.0,125.0,567.0,0.0,0.0,-27.0,0.0,0.0,24.6,2.0,4.998,0.0,0.0,1.467,1.508,63.6,25.7,0.0,0.0,0.0,,0.0,80.6,78.8,0.0,0.0,0.0,0.0,244.4,1047.2,235.4,1101.2,249.8,1049.0,257.0,1052.6,0.0,0.0,78.25999999999999,827.0,246.65,166.05,-2.3400000000000034,0.11723611111111111,2177.739666666667,7.333333333333333,0.48,0.49,392.0,True,2026-09-05 12:08:19-07:00
272.06,2,9,2026-09-05 19:12:50,37.07827,-121.59602,306.0,11.1,157.7,-12.6,0.0,,0.0,0.0,0.0,11.0,-1.1,142.7,0.0,233.0,-1.0,-0.01,1.0,99.0,43.0,27,0.0,29.98,1668.0,0.0,0.0,106,0.0,0.0,0.0,0.0,0.0,0.0,0.0,0.0,0.0,0.0,0.0,0.0,-4.0,0.0,0.0,-3.0,0.0,0.0,0.0,0.0,1.0,0.0,0.0,1200.0,64.0,26.0,824.0,824.0,14.0,1.5,0.0,1.5,24.6,0.0,0.0,15.7,0.0,0.0,4.2,40.2,35.1,0.0,0.0,0.0,0.0,118.0,564.0,114.0,594.0,121.0,565.0,126.0,567.0,0.0,0.0,-27.0,0.0,0.0,24.6,2.0,4.998,0.0,0.0,1.416,1.541,63.5,25.7,0.0,0.0,0.0,,0.0,80.6,78.8,0.0,0.0,0.0,0.0,244.4,1047.2,237.2,1101.2,249.8,1049.0,258.8,1052.6,0.0,0.0,78.25999999999999,824.0,247.54999999999998,166.95,-2.3400000000000034,0.11765277777777779,2196.3773333333334,7.3999999999999995,0.48,0.49,392.0,True,2026-09-05 12:08:19-07:00
273.06,2,9,2026-09-05 19:12:51,37.07822,-121.59599,306.0,11.0,156.0,-12.6,0.0,,0.0,0.0,0.0,11.0,-1.0,141.5,0.0,233.0,-1.1,-0.01,0.9,99.0,8.0,27,0.0,29.98,1668.0,0.0,0.0,106,0.0,0.0,0.0,0.0,0.0,0.0,0.0,0.0,0.0,0.0,0.0,0.0,-4.0,0.0,0.0,-3.0,0.0,0.0,0.0,0.0,1.0,0.0,0.0,1200.0,64.0,26.0,836.0,836.0,13.9,1.5,0.0,1.5,24.6,0.0,0.0,15.7,0.0,0.0,4.2,40.2,35.1,0.0,0.0,0.0,0.0,118.0,563.0,114.0,594.0,122.0,565.0,126.0,567.0,0.0,0.0,-27.0,0.0,0.0,24.6,2.0,4.998,0.0,0.0,1.388,1.562,63.8,25.8,0.0,0.0,0.0,,0.0,80.6,78.8,0.0,0.0,0.0,0.0,244.4,1045.4,237.2,1101.2,251.6,1049.0,258.8,1052.6,0.0,0.0,78.44,836.0,247.99999999999997,167.39999999999998,-2.1599999999999966,0.11806944444444445,2215.015,7.333333333333333,0.48,0.49,392.0,True,2026-09-05 12:08:19-07:00
274.06,2,9,2026-09-05 19:12:52,37.07818,-121.59597,304.0,11.0,154.3,-12.6,0.0,,0.0,0.0,0.0,11.0,-1.2,140.1,0.0,233.0,-1.2,-0.0,0.9,99.0,15.0,27,0.0,29.98,1668.0,0.0,0.0,106,0.0,0.0,0.0,0.0,0.0,0.0,0.0,0.0,0.0,0.0,0.0,0.0,-4.0,0.0,0.0,-3.0,0.0,0.0,0.0,0.0,1.0,0.0,0.0,1200.0,64.0,26.0,813.0,813.0,13.9,1.5,0.0,1.5,24.6,0.0,0.0,15.7,0.0,0.0,4.2,40.2,35.1,0.0,0.0,0.0,0.0,119.0,562.0,114.0,595.0,122.0,565.0,126.0,568.0,0.0,0.0,-27.0,0.0,0.0,24.6,2.0,4.998,0.0,0.0,1.36,1.573,63.7,25.8,0.0,0.0,0.0,,0.0,80.6,78.8,0.0,0.0,0.0,0.0,246.2,1043.6,237.2,1103.0,251.6,1049.0,258.8,1054.4,0.0,0.0,78.44,813.0,248.45,167.85,-2.1599999999999966,0.11848611111111111,2233.568333333333,7.333333333333333,0.48,0.49,392.0,True,2026-09-05 12:08:19-07:00
275.06,2,9,2026-09-05 19:12:53,37.07813,-121.59594,305.0,11.0,152.4,-12.6,0.0,,0.0,0.0,0.0,10.9,-0.6,140.9,0.0,233.0,-0.1,-0.02,1.1,99.0,-7.0,27,0.0,29.98,1668.0,0.0,0.0,106,0.0,0.0,0.0,0.0,0.0,0.0,0.0,0.0,0.0,0.0,0.0,0.0,-4.0,0.0,0.0,-3.0,0.0,0.0,0.0,0.0,1.0,0.0,0.0,1200.0,63.0,26.0,823.0,823.0,14.1,1.5,0.0,1.5,24.6,0.0,0.0,15.7,0.0,0.0,4.2,40.2,35.1,0.0,0.0,0.0,0.0,119.0,563.0,114.0,596.0,122.0,564.0,127.0,568.0,0.0,0.0,-27.0,0.0,0.0,24.6,2.0,4.998,0.0,0.0,1.333,1.599,63.5,25.9,0.0,0.0,0.0,,0.0,80.6,78.8,0.0,0.0,0.0,0.0,246.2,1045.4,237.2,1104.8,251.6,1047.2,260.6,1054.4,0.0,0.0,78.62,823.0,248.90000000000003,168.30000000000004,-1.9799999999999898,0.11890277777777777,2252.1216666666664,7.333333333333333,0.48,0.49,392.0,True,2026-09-05 12:08:19-07:00
276.06,2,9,2026-09-05 19:12:54,37.07809,-121.59591,305.0,11.0,154.0,-12.6,0.0,,0.0,0.0,0.0,11.0,-1.1,144.2,0.0,233.0,2.0,-0.05,1.0,99.0,12.0,27,0.0,29.98,1668.0,0.0,0.0,106,0.0,0.0,0.0,0.0,0.0,0.0,0.0,0.0,0.0,0.0,0.0,0.0,-4.0,0.0,0.0,-3.0,0.0,0.0,0.0,0.0,1.0,0.0,0.0,1200.0,64.0,26.0,828.0,828.0,13.9,1.5,0.0,1.5,24.6,0.0,0.0,15.7,0.0,0.0,4.2,40.2,35.1,0.0,0.0,0.0,0.0,119.0,563.0,115.0,595.0,122.0,564.0,127.0,568.0,0.0,0.0,-27.0,0.0,0.0,24.6,2.0,4.998,0.0,0.0,1.354,1.587,63.7,25.9,0.0,0.0,0.0,,0.0,80.6,78.8,0.0,0.0,0.0,0.0,246.2,1045.4,239.0,1103.0,251.6,1047.2,260.6,1054.4,0.0,0.0,78.62,828.0,249.35000000000002,168.75000000000003,-1.9799999999999898,0.11931944444444445,2270.6749999999997,7.333333333333333,0.48,0.49,392.0,True,2026-09-05 12:08:19-07:00
277.06,2,9,2026-09-05 19:12:55,37.07804,-121.59589,305.0,11.0,158.1,-12.6,0.0,,0.0,0.0,0.0,10.9,-1.3,147.0,0.0,233.0,2.6,-0.06,1.0,99.0,-35.0,27,0.0,29.98,1668.0,0.0,0.0,106,0.0,0.0,0.0,0.0,0.0,0.0,0.0,0.0,0.0,0.0,0.0,0.0,-4.0,0.0,0.0,-3.0,0.0,0.0,0.0,0.0,1.0,0.0,0.0,1200.0,64.0,26.0,837.0,837.0,13.8,1.5,0.0,1.5,24.6,0.0,0.0,15.7,0.0,0.0,4.2,40.2,35.1,0.0,0.0,0.0,0.0,120.0,562.0,115.0,596.0,123.0,565.0,127.0,569.0,0.0,0.0,-27.0,0.0,0.0,24.6,2.0,4.998,0.0,0.0,1.36,1.542,63.8,25.9,0.0,0.0,0.0,,0.0,80.6,78.8,0.0,0.0,0.0,0.0,248.0,1043.6,239.0,1104.8,253.4,1049.0,260.6,1056.2,0.0,0.0,78.62,837.0,250.25,169.65,-1.9799999999999898,0.11973611111111111,2289.2283333333335,7.333333333333333,0.48,0.49,392.0,True,2026-09-05 12:08:19-07:00
278.06,2,9,2026-09-05 19:12:56,37.07799,-121.59586,305.0,10.9,161.0,-12.6,0.0,,0.0,0.0,0.0,11.0,-1.5,146.8,0.0,233.0,1.0,-0.03,1.1,99.0,8.0,27,0.0,29.98,1668.0,0.0,0.0,106,0.0,0.0,0.0,0.0,0.0,0.0,0.0,0.0,0.0,0.0,0.0,0.0,-4.0,0.0,0.0,-3.0,0.0,0.0,0.0,0.0,1.0,0.0,0.0,1200.0,64.0,26.0,822.0,822.0,13.9,1.5,0.0,1.5,24.6,0.0,0.0,15.7,0.0,0.0,4.2,40.2,35.1,0.0,0.0,0.0,0.0,120.0,563.0,115.0,596.0,123.0,565.0,128.0,569.0,0.0,0.0,-27.0,0.0,0.0,24.6,2.0,4.998,0.0,0.0,1.416,1.498,63.7,26.0,0.0,0.0,0.0,,0.0,80.6,78.8,0.0,0.0,0.0,0.0,248.0,1045.4,239.0,1104.8,253.4,1049.0,262.4,1056.2,0.0,0.0,78.8,822.0,250.7,170.1,-1.7999999999999972,0.12015277777777778,2307.697333333333,7.266666666666667,0.48,0.49,392.0,True,2026-09-05 12:08:19-07:00
279.06,2,9,2026-09-05 19:12:57,37.07794,-121.59584,304.0,11.0,159.7,-12.6,0.0,,0.0,0.0,0.0,11.0,-1.5,146.3,0.0,233.0,-0.0,-0.02,0.9,99.0,15.0,27,0.0,29.98,1668.0,0.0,0.0,106,0.0,0.0,0.0,0.0,0.0,0.0,0.0,0.0,0.0,0.0,0.0,0.0,-4.0,0.0,0.0,-3.0,0.0,0.0,0.0,0.0,1.0,0.0,0.0,1200.0,64.0,26.0,825.0,825.0,13.9,1.5,0.0,1.5,24.6,0.0,0.0,15.7,0.0,0.0,4.2,40.2,35.1,0.0,0.0,0.0,0.0,120.0,563.0,115.0,596.0,123.0,564.0,128.0,569.0,0.0,0.0,-27.0,0.0,0.0,24.6,2.0,4.998,0.0,0.0,1.416,1.531,63.6,26.0,0.0,0.0,0.0,,0.0,80.6,78.8,0.0,0.0,0.0,0.0,248.0,1045.4,239.0,1104.8,253.4,1047.2,262.4,1056.2,0.0,0.0,78.8,825.0,250.7,170.1,-1.7999999999999972,0.12056944444444445,2326.166333333333,7.333333333333333,0.48,0.49,392.0,True,2026-09-05 12:08:19-07:00
280.06,2,9,2026-09-05 19:12:58,37.0779,-121.59582,305.0,10.8,159.1,-12.6,0.0,,0.0,0.0,0.0,10.9,-1.4,145.8,0.0,233.0,-0.4,-0.02,0.9,99.0,-2.0,27,0.0,29.98,1668.0,0.0,0.0,106,0.0,0.0,0.0,0.0,0.0,0.0,0.0,0.0,0.0,0.0,0.0,0.0,-4.0,0.0,0.0,-3.0,0.0,0.0,0.0,0.0,1.0,0.0,0.0,1200.0,63.0,26.0,822.0,822.0,14.0,1.5,0.0,1.5,24.6,0.0,0.0,15.7,0.0,0.0,4.2,40.2,35.1,0.0,0.0,0.0,0.0,120.0,563.0,116.0,596.0,124.0,564.0,128.0,569.0,0.0,0.0,-27.0,0.0,0.0,24.6,2.0,4.998,0.0,0.0,1.416,1.505,63.5,26.0,0.0,0.0,0.0,,0.0,80.6,78.8,0.0,0.0,0.0,0.0,248.0,1045.4,240.8,1104.8,255.2,1047.2,262.4,1056.2,0.0,0.0,78.8,822.0,251.59999999999997,170.99999999999997,-1.7999999999999972,0.12098611111111111,2344.551,7.2,0.48,0.49,392.0,True,2026-09-05 12:08:19-07:00
281.06,2,9,2026-09-05 19:12:59,37.07785,-121.59579,304.0,10.8,158.9,-12.6,0.0,,0.0,0.0,0.0,10.9,-1.5,145.2,0.0,233.0,-0.5,-0.02,0.9,99.0,-14.0,27,0.0,29.98,1677.0,0.0,0.0,106,0.0,0.0,0.0,0.0,0.0,0.0,0.0,0.0,0.0,0.0,0.0,0.0,-4.0,0.0,0.0,-3.0,0.0,0.0,0.0,0.0,1.0,0.0,0.0,1200.0,63.0,26.0,825.0,825.0,14.0,1.5,0.0,1.5,24.6,0.0,0.0,15.7,0.0,0.0,4.2,40.2,35.1,0.0,0.0,0.0,0.0,121.0,563.0,116.0,596.0,124.0,565.0,128.0,569.0,0.0,0.0,-27.0,0.0,0.0,24.6,2.0,4.998,0.0,0.0,1.416,1.537,63.4,26.1,0.0,0.0,0.0,,0.0,80.6,78.8,0.0,0.0,0.0,0.0,249.8,1045.4,240.8,1104.8,255.2,1049.0,262.4,1056.2,0.0,0.0,78.98,825.0,252.04999999999995,171.44999999999996,-1.6199999999999903,0.12140277777777778,2362.767,7.2,0.48,0.49,392.0,True,2026-09-05 12:08:19-07:00
282.06,2,9,2026-09-05 19:13:00,37.0778,-121.59577,304.0,10.7,158.9,-12.6,0.0,,0.0,0.0,0.0,10.9,-1.5,143.9,0.0,233.0,-0.9,-0.01,0.9,99.0,-3.0,27,0.0,29.98,1677.0,0.0,0.0,106,0.0,0.0,0.0,0.0,0.0,0.0,0.0,0.0,0.0,0.0,0.0,0.0,-4.0,0.0,0.0,-3.0,0.0,0.0,0.0,0.0,1.0,0.0,0.0,1200.0,63.0,26.0,807.0,807.0,14.0,1.5,0.0,1.5,24.6,0.0,0.0,15.7,0.0,0.0,4.2,40.2,35.1,0.0,0.0,0.0,0.0,121.0,563.0,116.0,596.0,124.0,563.0,129.0,568.0,0.0,0.0,-27.0,0.0,0.0,24.6,2.0,4.998,0.0,0.0,1.416,1.555,63.4,26.1,0.0,0.0,0.0,,0.0,80.6,78.8,0.0,0.0,0.0,0.0,249.8,1045.4,240.8,1104.8,255.2,1045.4,264.2,1054.4,0.0,0.0,78.98,807.0,252.5,171.9,-1.6199999999999903,0.12181944444444445,2380.8986666666665,7.133333333333333,0.48,0.49,392.0,True,2026-09-05 12:08:19-07:00
283.06,2,9,2026-09-05 19:13:01,37.07775,-121.59575,304.0,10.6,157.0,-12.6,0.0,,0.0,0.0,0.0,11.0,-1.3,143.0,0.0,233.0,-1.0,-0.0,1.0,99.0,-3.0,27,0.0,29.98,1677.0,0.0,0.0,106,0.0,0.0,0.0,0.0,0.0,0.0,0.0,0.0,0.0,0.0,0.0,0.0,-4.0,0.0,0.0,-4.0,0.0,0.0,0.0,0.0,1.0,0.0,0.0,1200.0,63.0,26.0,797.0,797.0,14.1,1.5,0.0,1.5,24.6,0.0,0.0,15.7,0.0,0.0,4.3,40.2,35.1,0.0,0.0,0.0,0.0,121.0,563.0,116.0,596.0,124.0,562.0,129.0,568.0,0.0,0.0,-27.0,0.0,0.0,24.6,2.0,4.998,0.0,0.0,1.416,1.577,63.1,26.2,0.0,0.0,0.0,,0.0,80.6,78.8,0.0,0.0,0.0,0.0,249.8,1045.4,240.8,1104.8,255.2,1043.6,264.2,1054.4,0.0,0.0,79.16,797.0,252.5,171.9,-1.4399999999999977,0.12223611111111111,2398.8616666666667,7.066666666666666,0.48,0.49,392.0,True,2026-09-05 12:08:19-07:00
284.06,2,9,2026-09-05 19:13:02,37.07771,-121.59573,304.0,9.9,156.7,-12.6,0.0,,0.0,0.0,0.0,10.9,-1.3,143.6,0.0,233.0,0.0,-0.02,0.9,99.0,10.0,27,0.0,29.98,1667.0,0.0,0.0,106,0.0,0.0,0.0,0.0,0.0,0.0,0.0,0.0,0.0,0.0,0.0,0.0,-4.0,0.0,0.0,-4.0,0.0,0.0,0.0,0.0,1.0,0.0,0.0,1200.0,63.0,26.0,820.0,820.0,14.0,1.5,0.0,1.5,24.6,0.0,0.0,15.7,0.0,0.0,4.3,40.2,35.1,0.0,0.0,0.0,0.0,122.0,564.0,117.0,596.0,125.0,562.0,129.0,566.0,0.0,0.0,-27.0,0.0,0.0,24.6,2.0,4.998,0.0,0.0,1.373,1.411,63.0,26.2,0.0,0.0,0.0,,0.0,80.6,78.8,0.0,0.0,0.0,0.0,251.6,1047.2,242.6,1104.8,257.0,1043.6,264.2,1050.8,0.0,0.0,79.16,820.0,253.85000000000002,173.25000000000003,-1.4399999999999977,0.12265277777777778,2416.15,6.6000000000000005,0.48,0.49,392.0,True,2026-09-05 12:08:19-07:00
285.06,2,9,2026-09-05 19:13:03,37.07767,-121.5957,304.0,10.0,156.4,-12.6,0.0,,0.0,0.0,0.0,11.0,-1.4,144.1,0.0,233.0,0.4,-0.03,1.1,99.0,-11.0,27,0.0,29.98,1668.0,0.0,0.0,106,0.0,0.0,0.0,0.0,0.0,0.0,0.0,0.0,0.0,0.0,0.0,0.0,-4.0,0.0,0.0,-4.0,0.0,0.0,0.0,0.0,1.0,0.0,0.0,1200.0,63.0,26.0,808.0,808.0,14.0,1.5,0.0,1.5,24.6,0.0,0.0,15.7,0.0,0.0,4.3,40.2,35.1,0.0,0.0,0.0,0.0,122.0,563.0,117.0,596.0,125.0,561.0,129.0,565.0,0.0,0.0,-27.0,0.0,0.0,24.6,2.0,4.998,0.0,0.0,1.357,1.45,63.0,26.2,0.0,0.0,0.0,,0.0,80.6,78.8,0.0,0.0,0.0,0.0,251.6,1045.4,242.6,1104.8,257.0,1041.8,264.2,1049.0,0.0,0.0,79.16,808.0,253.85000000000002,173.25000000000003,-1.4399999999999977,0.12306944444444445,2432.932333333333,6.666666666666667,0.48,0.49,392.0,True,2026-09-05 12:08:19-07:00
286.06,2,9,2026-09-05 19:13:04,37.07763,-121.59568,303.0,9.2,156.6,-12.6,0.0,,0.0,0.0,0.0,10.9,-0.8,149.4,0.0,233.0,3.0,-0.03,0.9,99.0,-6.0,27,0.0,29.98,1668.0,0.0,0.0,106,0.0,0.0,0.0,0.0,0.0,0.0,0.0,0.0,0.0,0.0,0.0,0.0,-7.0,0.0,0.0,-4.0,0.0,0.0,0.0,0.0,1.0,0.0,0.0,1200.0,63.0,26.0,808.0,808.0,14.2,1.5,0.0,1.5,24.6,0.0,0.0,15.7,0.0,0.0,4.3,40.2,35.1,0.0,0.0,0.0,0.0,122.0,564.0,117.0,597.0,125.0,561.0,130.0,564.0,0.0,0.0,-27.0,0.0,0.0,24.6,2.0,4.998,0.0,0.0,1.472,1.571,62.9,26.3,0.0,0.0,0.0,,0.0,80.6,78.8,0.0,0.0,0.0,0.0,251.6,1047.2,242.6,1106.6,257.0,1041.8,266.0,1047.2,0.0,0.0,79.34,808.0,254.3,173.70000000000002,-1.259999999999991,0.12348611111111112,2449.124333333333,6.133333333333333,0.48,0.49,392.0,True,2026-09-05 12:08:19-07:00
287.06,2,9,2026-09-05 19:13:05,37.07759,-121.59566,303.0,8.2,160.8,-12.6,0.0,,0.0,0.0,0.0,11.2,-0.8,161.1,0.0,233.0,8.1,-0.1,0.9,99.0,0.0,27,0.0,29.98,1668.0,0.0,0.0,106,0.0,0.0,0.0,0.0,0.0,0.0,0.0,0.0,0.0,0.0,0.0,0.0,-7.0,0.0,0.0,-4.0,0.0,0.0,0.0,0.0,1.0,0.0,0.0,1200.0,63.0,26.0,809.0,809.0,14.2,1.5,0.0,1.5,24.6,0.0,0.0,15.7,0.0,0.0,4.3,40.2,35.1,0.0,0.0,0.0,0.0,122.0,564.0,117.0,597.0,126.0,561.0,130.0,563.0,0.0,0.0,-27.0,0.0,0.0,24.6,2.0,4.998,0.0,0.0,1.472,1.484,62.8,26.3,0.0,0.0,0.0,,0.0,80.6,78.8,0.0,0.0,0.0,0.0,251.6,1047.2,242.6,1106.6,258.8,1041.8,266.0,1045.4,0.0,0.0,79.34,809.0,254.75,174.15,-1.259999999999991,0.12390277777777778,2463.798333333333,5.466666666666666,0.48,0.49,392.0,True,2026-09-05 12:08:19-07:00
288.06,2,9,2026-09-05 19:13:06,37.07756,-121.59565,303.0,6.9,179.6,-12.6,0.0,,0.0,0.0,0.0,11.3,-0.9,164.9,0.0,233.0,6.6,-0.12,1.3,99.0,48.0,27,0.0,29.98,1677.0,0.0,0.0,106,0.0,0.0,0.0,0.0,0.0,0.0,0.0,0.0,0.0,0.0,0.0,0.0,-6.0,0.0,0.0,-4.0,0.0,0.0,0.0,0.0,1.0,0.0,0.0,1200.0,63.0,26.0,799.0,799.0,14.4,1.5,0.0,1.5,24.6,0.0,0.0,15.7,0.0,0.0,4.3,40.2,35.1,0.0,0.0,0.0,0.0,123.0,564.0,118.0,597.0,126.0,561.0,130.0,560.0,0.0,0.0,-27.0,0.0,0.0,24.6,2.0,4.998,0.0,0.0,1.698,1.362,62.6,26.3,0.0,0.0,0.0,,0.0,80.6,78.8,0.0,0.0,0.0,0.0,253.4,1047.2,244.4,1106.6,258.8,1041.8,266.0,1040.0,0.0,0.0,79.34,799.0,255.64999999999998,175.04999999999998,-1.259999999999991,0.12431944444444444,2476.5326666666665,4.6000000000000005,0.48,0.49,392.0,True,2026-09-05 12:08:19-07:00
289.06,2,9,2026-09-05 19:13:07,37.07753,-121.59566,303.0,6.5,183.3,-12.6,0.0,,0.0,0.0,0.0,11.3,-0.7,153.4,0.0,233.0,-3.7,-0.0,0.9,99.0,27.0,27,0.0,29.98,1677.0,0.0,0.0,106,0.0,0.0,0.0,0.0,0.0,0.0,0.0,0.0,0.0,0.0,0.0,0.0,-3.0,0.0,0.0,-4.0,0.0,0.0,0.0,0.0,1.0,0.0,0.0,1200.0,62.0,26.0,816.0,816.0,14.3,1.5,0.0,1.5,24.6,0.0,0.0,15.7,0.0,0.0,4.2,40.2,35.1,0.0,0.0,0.0,0.0,123.0,564.0,118.0,597.0,126.0,561.0,131.0,561.0,0.0,0.0,-27.0,0.0,0.0,24.6,2.0,4.998,0.0,0.0,1.667,1.355,62.5,26.4,0.0,0.0,0.0,,0.0,80.6,78.8,0.0,0.0,0.0,0.0,253.4,1047.2,244.4,1106.6,258.8,1041.8,267.8,1041.8,0.0,0.0,79.52,816.0,256.1,175.50000000000003,-1.0799999999999983,0.12473611111111112,2487.8333333333335,4.333333333333333,0.48,0.49,392.0,True,2026-09-05 12:08:19-07:00
290.06,2,9,2026-09-05 19:13:08,37.0775,-121.59566,303.0,5.8,174.1,-12.6,0.0,,0.0,0.0,0.0,11.1,-0.5,133.6,0.0,234.0,-13.3,0.07,1.1,99.0,54.0,27,0.0,29.98,1677.0,0.0,0.0,106,0.0,0.0,0.0,0.0,0.0,0.0,0.0,0.0,0.0,0.0,0.0,0.0,-2.0,0.0,0.0,-4.0,0.0,0.0,0.0,0.0,1.0,0.0,0.0,1200.0,62.0,26.0,804.0,804.0,14.2,1.5,0.0,1.5,24.6,0.0,0.0,15.7,0.0,0.0,4.2,40.2,35.1,0.0,0.0,0.0,0.0,123.0,563.0,118.0,597.0,126.0,561.0,131.0,561.0,0.0,0.0,-27.0,0.0,0.0,24.6,2.0,4.998,0.0,0.0,1.631,1.467,62.4,26.4,0.0,0.0,0.0,,0.0,80.6,78.8,0.0,0.0,0.0,0.0,253.4,1045.4,244.4,1106.6,258.8,1041.8,267.8,1041.8,0.0,0.0,79.52,804.0,256.1,175.50000000000003,-1.0799999999999983,0.12515277777777778,2498.206333333333,3.8666666666666667,0.48,0.49,392.0,True,2026-09-05 12:08:19-07:00
291.06,2,9,2026-09-05 19:13:09,37.07747,-121.59565,303.0,5.0,165.3,-12.6,0.0,,0.0,0.0,0.0,11.1,-0.8,106.7,0.0,234.0,-21.3,0.07,1.1,99.0,22.0,27,0.0,29.98,1669.0,0.0,0.0,106,0.0,0.0,0.0,0.0,0.0,0.0,0.0,0.0,0.0,0.0,0.0,0.0,-2.0,0.0,0.0,-4.0,0.0,0.0,0.0,0.0,1.0,0.0,0.0,1200.0,62.0,26.0,802.0,802.0,14.3,1.5,0.0,1.5,24.6,0.0,0.0,15.7,0.0,0.0,4.3,40.2,35.1,0.0,0.0,0.0,0.0,123.0,564.0,118.0,596.0,127.0,558.0,131.0,561.0,0.0,0.0,-27.0,0.0,0.0,24.6,2.0,4.998,0.0,0.0,1.575,1.614,62.0,26.5,0.0,0.0,0.0,,0.0,80.6,78.8,0.0,0.0,0.0,0.0,253.4,1047.2,244.4,1104.8,260.6,1036.4,267.8,1041.8,0.0,0.0,79.7,802.0,256.55,175.95000000000002,-0.8999999999999915,0.12556944444444446,2507.3143333333333,3.3333333333333335,0.48,0.49,392.0,True,2026-09-05 12:08:19-07:00
292.06,2,9,2026-09-05 19:13:10,37.07745,-121.59563,305.0,4.2,146.6,-12.6,0.0,,0.0,0.0,0.0,10.9,-0.7,74.3,0.0,234.0,-27.8,0.06,0.9,99.0,-5.0,27,0.0,29.98,1669.0,0.0,0.0,106,0.0,0.0,0.0,0.0,0.0,0.0,0.0,0.0,0.0,0.0,0.0,0.0,-2.0,0.0,0.0,-4.0,0.0,0.0,0.0,0.0,1.0,0.0,0.0,1200.0,62.0,26.0,817.0,817.0,14.2,1.5,0.0,1.5,24.6,0.0,0.0,15.7,0.0,0.0,4.3,40.2,35.1,0.0,0.0,0.0,0.0,124.0,564.0,119.0,596.0,127.0,558.0,131.0,561.0,0.0,0.0,-27.0,0.0,0.0,24.6,2.0,4.998,0.0,0.0,1.573,1.814,62.2,26.5,0.0,0.0,0.0,,0.0,80.6,78.8,0.0,0.0,0.0,0.0,255.2,1047.2,246.2,1104.8,260.6,1036.4,267.8,1041.8,0.0,0.0,79.7,817.0,257.45000000000005,176.85000000000005,-0.8999999999999915,0.1259861111111111,2515.073,2.8000000000000003,0.48,0.49,392.0,True,2026-09-05 12:08:19-07:00
293.06,2,9,2026-09-05 19:13:11,37.07744,-121.59562,304.0,3.1,120.7,-12.6,0.0,,0.0,0.0,0.0,10.6,-0.4,44.7,0.0,234.0,-29.5,0.08,0.9,99.0,21.0,27,0.0,29.98,1669.0,0.0,0.0,106,0.0,0.0,0.0,0.0,0.0,0.0,0.0,0.0,0.0,0.0,0.0,0.0,-2.0,0.0,0.0,-6.0,0.0,0.0,0.0,0.0,1.0,0.0,0.0,1200.0,62.0,27.0,808.0,808.0,14.2,1.5,0.0,1.5,24.6,0.0,0.0,15.7,0.0,0.0,4.3,40.2,35.1,0.0,0.0,0.0,0.0,124.0,564.0,119.0,596.0,127.0,558.0,132.0,562.0,0.0,0.0,-27.0,0.0,0.0,24.6,2.0,4.998,0.0,0.0,1.572,1.931,62.4,26.5,0.0,0.0,0.0,,0.0,80.6,80.6,0.0,0.0,0.0,0.0,255.2,1047.2,246.2,1104.8,260.6,1036.4,269.6,1043.6,0.0,0.0,79.7,808.0,257.90000000000003,177.30000000000004,-0.8999999999999915,0.12640277777777778,2521.229333333333,2.066666666666667,0.48,0.49,392.0,True,2026-09-05 12:08:19-07:00
294.06,2,9,2026-09-05 19:13:12,37.07743,-121.59561,304.0,1.5,108.3,-12.6,0.0,,0.0,0.0,0.0,10.6,-0.1,27.2,0.0,234.0,-23.1,0.07,1.0,99.0,-4.0,27,0.0,29.98,1669.0,0.0,0.0,106,0.0,0.0,0.0,0.0,0.0,0.0,0.0,0.0,0.0,0.0,0.0,0.0,-1.0,0.0,0.0,-17.0,0.0,0.0,0.0,0.0,1.0,0.0,0.0,1200.0,62.0,27.0,815.0,815.0,14.1,1.5,0.0,1.5,24.6,0.0,0.0,15.7,0.0,0.0,4.4,40.2,35.1,0.0,0.0,0.0,0.0,124.0,564.0,119.0,596.0,127.0,558.0,132.0,562.0,0.0,0.0,-27.0,0.0,0.0,24.6,1.0,4.998,0.0,0.0,1.304,1.858,62.3,26.6,0.0,0.0,0.0,,0.0,80.6,80.6,0.0,0.0,0.0,0.0,255.2,1047.2,246.2,1104.8,260.6,1036.4,269.6,1043.6,0.0,0.0,79.88,815.0,257.90000000000003,177.30000000000004,-0.7199999999999989,0.12681944444444446,2525.1086666666665,1.0,0.48,0.49,392.0,True,2026-09-05 12:08:19-07:00
295.06,2,9,2026-09-05 19:13:13,37.07743,-121.5956,304.0,0.3,107.5,-12.6,0.0,,0.0,0.0,0.0,10.8,0.1,25.2,0.0,235.0,-11.0,0.02,1.0,99.0,45.0,27,0.0,29.98,1670.0,0.0,0.0,106,0.0,0.0,0.0,0.0,0.0,0.0,0.0,0.0,0.0,0.0,0.0,0.0,0.0,0.0,0.0,-21.0,0.0,0.0,0.0,0.0,1.0,1.0,0.0,1200.0,63.0,27.0,813.0,813.0,14.1,1.5,0.0,1.5,24.6,0.0,0.0,15.7,0.0,0.0,4.4,40.2,35.1,0.0,0.0,0.0,0.0,124.0,560.0,119.0,596.0,128.0,559.0,132.0,562.0,0.0,0.0,-27.0,0.0,0.0,24.6,2.0,4.998,0.0,0.0,1.271,1.741,62.6,26.6,0.0,0.0,0.0,,0.0,80.6,80.6,0.0,0.0,0.0,0.0,255.2,1040.0,246.2,1104.8,262.4,1038.2,269.6,1043.6,0.0,0.0,79.88,813.0,258.35,177.75000000000003,-0.7199999999999989,0.1272361111111111,2526.6266666666666,0.19999999999999998,0.48,0.49,392.0,True,2026-09-05 12:08:19-07:00
296.06,2,9,2026-09-05 19:13:14,37.07743,-121.5956,304.0,0.2,107.5,-12.6,0.0,,0.0,0.0,0.0,10.8,0.0,25.0,0.0,235.0,-4.1,-0.0,1.0,99.0,20.0,27,0.0,29.98,1670.0,0.0,0.0,106,0.0,0.0,0.0,0.0,0.0,0.0,0.0,0.0,0.0,0.0,0.0,0.0,-2.0,0.0,0.0,-21.0,0.0,0.0,0.0,0.0,1.0,0.0,0.0,1200.0,62.0,27.0,821.0,821.0,14.3,1.6,0.0,1.6,24.6,0.0,0.0,15.7,0.0,0.0,4.5,40.2,35.1,0.0,0.0,0.0,0.0,124.0,546.0,119.0,596.0,128.0,559.0,132.0,562.0,0.0,0.0,-27.0,0.0,0.0,24.6,2.0,4.998,0.0,0.0,1.128,1.736,62.3,26.6,0.0,0.0,0.0,,0.0,80.6,80.6,0.0,0.0,0.0,0.0,255.2,1014.8,246.2,1104.8,262.4,1038.2,269.6,1043.6,0.0,0.0,79.88,821.0,258.35,177.75000000000003,-0.7199999999999989,0.12766666666666668,2527.048333333333,0.125,0.48,0.49,392.0,True,2026-09-05 12:08:19-07:00
297.06,2,9,2026-09-05 19:13:15,37.07743,-121.5956,304.0,0.1,107.5,-12.6,0.0,,0.0,0.0,0.0,10.8,0.0,25.1,0.0,235.0,-1.5,-0.01,1.0,99.0,8.0,27,0.0,29.98,1670.0,0.0,0.0,106,0.0,0.0,0.0,0.0,0.0,0.0,0.0,0.0,0.0,0.0,0.0,0.0,-2.0,0.0,0.0,-21.0,0.0,0.0,0.0,0.0,1.0,0.0,0.0,1200.0,62.0,27.0,759.0,759.0,14.3,1.6,0.0,1.6,24.6,0.0,0.0,15.7,0.0,0.0,4.5,40.2,35.1,0.0,0.0,0.0,0.0,125.0,544.0,120.0,596.0,128.0,559.0,132.0,562.0,0.0,0.0,-27.0,0.0,0.0,24.6,2.0,4.998,0.0,0.0,1.125,1.732,62.1,26.7,0.0,0.0,0.0,,0.0,80.6,80.6,0.0,0.0,0.0,0.0,257.0,1011.2,248.0,1104.8,262.4,1038.2,269.6,1043.6,0.0,0.0,80.06,759.0,259.25,178.65,-0.539999999999992,0.12811111111111112,2527.3013333333333,0.0625,0.48,0.49,392.0,True,2026-09-05 12:08:19-07:00
298.06,2,9,2026-09-05 19:13:16,37.07743,-121.59561,302.0,0.0,107.5,-12.6,0.0,,0.0,0.0,0.0,10.7,0.0,25.1,0.0,235.0,-0.5,-0.02,1.0,99.0,-2.0,27,0.0,29.98,1679.0,0.0,0.0,106,0.0,0.0,0.0,0.0,0.0,0.0,0.0,0.0,0.0,0.0,0.0,0.0,0.0,0.0,0.0,0.0,0.0,0.0,0.0,0.0,1.0,0.0,0.0,1200.0,63.0,27.0,927.0,927.0,15.1,1.7,0.0,1.7,24.4,0.0,0.0,15.7,0.0,0.0,4.5,40.2,35.1,0.0,0.0,0.0,0.0,125.0,533.0,120.0,596.0,128.0,559.0,133.0,563.0,0.0,0.0,-27.0,0.0,0.0,24.4,1.0,4.998,0.0,0.0,1.244,1.687,62.5,26.7,0.0,0.0,0.0,,0.0,80.6,80.6,0.0,0.0,0.0,0.0,257.0,991.4,248.0,1104.8,262.4,1038.2,271.4,1045.4,0.0,0.0,80.06,927.0,259.7,179.1,-0.539999999999992,0.12856944444444446,2527.3856666666666,0.0,0.48,0.49,392.0,True,2026-09-05 12:08:19-07:00
299.06,2,9,2026-09-05 19:13:17,37.07743,-121.5956,303.0,0.1,107.5,-12.6,0.0,,0.0,0.0,0.0,10.7,0.0,25.0,0.0,235.0,-0.1,-0.02,1.0,99.0,22.0,27,0.0,29.98,1679.0,0.0,0.0,106,0.0,0.0,0.0,0.0,0.0,0.0,0.0,0.0,0.0,0.0,0.0,0.0,0.0,0.0,0.0,1.0,0.0,0.0,0.0,0.0,1.0,0.0,0.0,1200.0,68.0,27.0,1229.0,1229.0,15.6,2.0,0.0,2.0,24.1,0.0,0.0,15.7,0.0,0.0,4.4,40.2,35.1,0.0,0.0,0.0,0.0,125.0,541.0,120.0,597.0,129.0,564.0,133.0,568.0,0.0,0.0,-27.0,0.0,0.0,24.1,1.0,4.998,0.0,0.0,1.244,1.691,68.4,26.8,0.0,0.0,0.0,,0.0,80.6,80.6,0.0,0.0,0.0,0.0,257.0,1005.8,248.0,1106.6,264.2,1047.2,271.4,1054.4,0.0,0.0,80.24000000000001,1229.0,260.15,179.54999999999998,-0.3599999999999852,0.12908333333333333,2527.47,0.05,0.48,0.49,392.0,True,2026-09-05 12:08:19-07:00
300.06,2,9,2026-09-05 19:13:18,37.07743,-121.5956,303.0,0.1,107.5,-12.6,0.0,,0.0,0.0,0.0,10.6,-0.1,24.8,0.0,235.0,-0.0,-0.02,1.0,99.0,18.0,27,0.0,29.98,1679.0,0.0,0.0,106,0.0,0.0,0.0,0.0,0.0,0.0,0.0,0.0,0.0,0.0,0.0,0.0,0.0,0.0,0.0,1.0,0.0,0.0,0.0,0.0,1.0,1.0,0.0,1200.0,77.0,27.0,1516.0,1516.0,16.6,2.5,0.0,2.5,24.0,0.0,0.0,15.7,0.0,0.0,4.3,40.2,35.1,0.0,0.0,0.0,0.0,125.0,552.0,121.0,601.0,129.0,574.0,133.0,577.0,0.0,0.0,-27.0,0.0,0.0,24.0,1.0,4.998,0.0,0.0,1.254,1.617,77.4,26.8,0.0,0.0,0.0,,0.0,80.6,80.6,0.0,0.0,0.0,0.0,257.0,1025.6,249.8,1113.8,264.2,1065.2,271.4,1070.6,0.0,0.0,80.24000000000001,1516.0,260.59999999999997,179.99999999999997,-0.3599999999999852,0.12970833333333334,2527.6386666666667,0.04,0.48,0.49,392.0,True,2026-09-05 12:08:19-07:00
301.06,2,9,2026-09-05 19:13:19,37.07743,-121.5956,303.0,0.1,107.5,-12.6,0.0,,0.0,0.0,0.0,10.6,-0.3,24.7,0.0,235.0,0.0,-0.01,1.0,99.0,0.0,27,0.0,29.98,1680.0,0.0,0.0,106,0.0,0.0,0.0,0.0,0.0,0.0,0.0,0.0,0.0,0.0,0.0,0.0,0.0,0.0,0.0,1.0,0.0,0.0,0.0,0.0,1.0,0.0,0.0,1200.0,84.0,27.0,1681.0,1681.0,16.9,3.2,0.0,3.2,23.9,0.0,0.0,15.7,0.0,0.0,4.1,40.2,35.1,0.0,0.0,0.0,0.0,126.0,566.0,121.0,610.0,130.0,584.0,134.0,589.0,0.0,0.0,-27.0,0.0,0.0,23.9,1.0,4.998,0.0,0.0,1.304,1.606,84.4,26.9,0.0,0.0,4.0,R,0.0,80.6,80.6,0.0,0.0,0.0,0.0,258.8,1050.8,249.8,1130.0,266.0,1083.2,273.2,1092.2,0.0,0.0,80.42,1681.0,261.95,181.35,-0.1799999999999926,0.1305,2527.807333333333,0.03125,0.48,0.49,392.0,True,2026-09-05 12:08:19-07:00
302.06,2,9,2026-09-05 19:13:20,37.07743,-121.5956,303.0,0.1,107.5,-12.6,0.0,,0.0,0.0,0.0,10.6,-0.4,24.5,0.0,235.0,0.1,-0.02,1.1,99.0,4.0,27,0.0,29.98,1680.0,0.0,0.0,106,0.0,0.0,0.0,0.0,0.0,0.0,0.0,0.0,0.0,0.0,0.0,0.0,0.0,0.0,0.0,0.0,0.0,0.0,0.0,0.0,1.0,0.0,0.0,1200.0,87.0,27.0,1787.0,1787.0,17.2,3.9,0.0,3.9,23.9,0.0,0.0,15.7,0.0,0.0,4.0,40.2,35.1,0.0,0.0,0.0,0.0,126.0,579.0,121.0,615.0,130.0,599.0,134.0,600.0,0.0,0.0,-27.0,0.0,0.0,23.9,1.0,4.998,0.0,0.0,1.304,1.643,87.0,26.9,0.0,0.0,11.0,R,0.0,80.6,80.6,0.0,0.0,0.0,0.0,258.8,1074.2,249.8,1139.0,266.0,1110.2,273.2,1112.0,0.0,0.0,80.42,1787.0,261.95,181.35,-0.1799999999999926,0.1314861111111111,2527.976,0.025641025641025644,0.48,0.49,392.0,True,2026-09-05 12:08:19-07:00
303.06,2,9,2026-09-05 19:13:21,37.07743,-121.5956,303.0,0.0,107.5,-12.6,0.0,,0.0,0.0,0.0,10.6,-0.5,24.2,0.0,235.0,0.0,-0.01,1.0,99.0,-5.0,27,0.0,29.98,1680.0,0.0,0.0,106,0.0,0.0,0.0,0.0,0.0,0.0,0.0,0.0,0.0,0.0,0.0,0.0,0.0,0.0,0.0,-2.0,0.0,0.0,0.0,0.0,1.0,0.0,0.0,1200.0,88.0,27.0,1853.0,1853.0,17.7,4.5,0.0,4.5,23.9,0.0,0.0,15.7,0.0,0.0,4.0,40.2,35.1,0.0,0.0,0.0,0.0,127.0,590.0,122.0,621.0,130.0,611.0,135.0,612.0,0.0,0.0,-27.0,0.0,0.0,23.9,1.0,4.998,0.0,0.0,1.304,1.619,88.1,27.0,0.0,0.0,16.0,R,0.0,80.6,80.6,0.0,0.0,0.0,0.0,260.6,1094.0,251.6,1149.8,266.0,1131.8,275.0,1133.6,0.0,0.0,80.6,1853.0,263.3,182.70000000000002,0.0,0.13265277777777779,2528.0603333333333,0.0,0.48,0.49,392.0,True,2026-09-05 12:08:19-07:00
304.06,2,9,2026-09-05 19:13:22,37.07743,-121.5956,303.0,0.1,107.5,-12.6,0.0,,0.0,0.0,0.0,10.6,-0.7,24.0,0.0,235.0,0.0,-0.02,1.0,99.0,45.0,27,0.0,29.98,1680.0,0.0,0.0,106,0.0,0.0,0.0,0.0,0.0,0.0,0.0,0.0,0.0,0.0,0.0,0.0,0.0,0.0,0.0,-3.0,0.0,0.0,0.0,0.0,1.0,1.0,0.0,1200.0,89.0,27.0,1946.0,1946.0,18.2,5.0,0.0,5.0,23.9,0.0,0.0,15.7,0.0,0.0,3.9,40.2,35.1,0.0,0.0,0.0,0.0,127.0,600.0,122.0,626.0,131.0,621.0,136.0,622.0,0.0,0.0,-27.0,0.0,0.0,23.9,1.0,4.998,0.0,0.0,1.304,1.609,88.8,27.0,0.0,0.0,21.0,R,0.0,80.6,80.6,0.0,0.0,0.0,0.0,260.6,1112.0,251.6,1158.8,267.8,1149.8,276.8,1151.6,0.0,0.0,80.6,1946.0,264.20000000000005,183.60000000000005,0.0,0.13397222222222221,2528.1446666666666,0.02,0.48,0.49,392.0,True,2026-09-05 12:08:19-07:00
305.06,2,9,2026-09-05 19:13:23,37.07743,-121.5956,302.0,0.0,107.5,-12.6,0.0,,0.0,0.0,0.0,10.5,-0.8,23.9,0.0,236.0,0.1,-0.02,1.0,99.0,11.0,27,0.0,29.98,1680.0,0.0,0.0,106,0.0,0.0,0.0,0.0,0.0,0.0,0.0,0.0,0.0,0.0,0.0,0.0,0.0,0.0,0.0,-2.0,0.0,0.0,0.0,0.0,1.0,0.0,0.0,1200.0,89.0,27.0,1976.0,1976.0,18.3,5.5,0.0,5.5,23.9,0.0,0.0,15.7,0.0,0.0,3.8,40.2,35.1,0.0,0.0,0.0,0.0,128.0,609.0,123.0,631.0,131.0,629.0,136.0,630.0,0.0,0.0,-27.0,0.0,0.0,23.9,1.0,4.998,0.0,0.0,1.304,1.613,89.1,27.1,0.0,0.0,24.0,R,0.0,80.6,80.6,0.0,0.0,0.0,0.0,262.4,1128.2,253.4,1167.8,267.8,1164.2,276.8,1166.0,0.0,0.0,80.78,1976.0,265.1,184.50000000000003,0.18000000000000682,0.13543055555555555,2528.229,0.0,0.48,0.49,392.0,True,2026-09-05 12:08:19-07:00
306.06,2,9,2026-09-05 19:13:24,37.07743,-121.5956,302.0,0.0,107.5,-12.6,0.0,,0.0,0.0,0.0,10.5,-0.8,23.8,0.0,236.0,0.1,-0.02,1.1,99.0,-30.0,27,0.0,29.98,1680.0,0.0,0.0,106,0.0,0.0,0.0,0.0,0.0,0.0,0.0,0.0,0.0,0.0,0.0,0.0,0.0,0.0,0.0,0.0,0.0,0.0,0.0,0.0,1.0,0.0,0.0,1200.0,89.0,27.0,1994.0,1994.0,18.4,5.9,0.0,5.9,23.9,0.0,0.0,15.7,0.0,0.0,3.8,40.2,35.1,0.0,0.0,0.0,0.0,128.0,617.0,123.0,636.0,132.0,635.0,137.0,638.0,0.0,0.0,-27.0,0.0,0.0,23.9,1.0,4.998,0.0,0.0,1.304,1.614,89.1,27.2,0.0,0.0,26.0,R,0.0,80.6,80.6,0.0,0.0,0.0,0.0,262.4,1142.6,253.4,1176.8,269.6,1175.0,278.6,1180.4,0.0,0.0,80.96,1994.0,266.0,185.4,0.35999999999999943,0.13701388888888888,2528.229,0.0,0.48,0.49,392.0,True,2026-09-05 12:08:19-07:00
307.06,2,9,2026-09-05 19:13:25,37.07743,-121.5956,302.0,0.1,107.5,-12.6,0.0,,0.0,0.0,0.0,10.6,-0.7,23.7,0.0,236.0,0.1,-0.01,1.0,99.0,-3.0,27,0.0,29.98,1681.0,0.0,0.0,106,0.0,0.0,0.0,0.0,0.0,0.0,0.0,0.0,0.0,0.0,0.0,0.0,0.0,0.0,0.0,0.0,0.0,0.0,0.0,0.0,1.0,0.0,0.0,1200.0,89.0,27.0,2003.0,2003.0,18.5,6.2,0.0,6.2,23.9,0.0,0.0,15.7,0.0,0.0,3.7,40.2,35.1,0.0,0.0,0.0,0.0,129.0,623.0,124.0,640.0,132.0,641.0,137.0,643.0,0.0,0.0,-27.0,0.0,0.0,23.9,1.0,4.998,0.0,0.0,1.304,1.589,89.1,27.2,0.0,0.0,28.0,R,0.0,80.6,80.6,0.0,0.0,0.0,0.0,264.2,1153.4,255.2,1184.0,269.6,1185.8,278.6,1189.4,0.0,0.0,80.96,2003.0,266.90000000000003,186.30000000000004,0.35999999999999943,0.13869444444444445,2528.3133333333335,0.016129032258064516,0.48,0.49,392.0,True,2026-09-05 12:08:19-07:00
308.06,2,9,2026-09-05 19:13:26,37.07743,-121.5956,302.0,0.0,107.5,-12.6,0.0,,0.0,0.0,0.0,10.6,-0.7,23.6,0.0,236.0,0.1,-0.01,0.9,99.0,-31.0,27,0.0,29.98,1681.0,0.0,0.0,106,0.0,0.0,0.0,0.0,0.0,0.0,0.0,0.0,0.0,0.0,0.0,0.0,-1.0,0.0,0.0,1.0,0.0,0.0,0.0,0.0,1.0,0.0,0.0,1200.0,89.0,27.0,1992.0,1992.0,18.5,6.4,0.0,6.4,23.9,0.0,0.0,15.7,0.0,0.0,3.7,40.2,35.1,0.0,0.0,0.0,0.0,129.0,628.0,124.0,642.0,133.0,647.0,138.0,649.0,0.0,0.0,-27.0,0.0,0.0,23.9,1.0,4.998,0.0,0.0,1.305,1.593,89.0,27.3,0.0,0.0,28.0,R,0.0,80.6,80.6,0.0,0.0,0.0,0.0,264.2,1162.4,255.2,1187.6,271.4,1196.6,280.4,1200.2,0.0,0.0,81.14,1992.0,267.8,187.20000000000002,0.5400000000000063,0.14044444444444446,2528.3976666666667,0.0,0.48,0.49,392.0,True,2026-09-05 12:08:19-07:00
309.06,2,9,2026-09-05 19:13:27,37.07743,-121.5956,302.0,0.1,107.5,-12.6,0.0,,0.0,0.0,0.0,10.6,-0.8,23.6,0.0,236.0,0.0,-0.01,1.0,99.0,-18.0,27,0.0,29.98,1681.0,0.0,0.0,106,0.0,0.0,0.0,0.0,0.0,0.0,0.0,0.0,0.0,0.0,0.0,0.0,-1.0,0.0,0.0,-1.0,0.0,0.0,0.0,0.0,1.0,0.0,0.0,1200.0,89.0,27.0,1998.0,1998.0,18.5,6.6,0.0,6.6,23.9,0.0,0.0,15.7,0.0,0.0,3.8,40.2,35.1,0.0,0.0,0.0,0.0,130.0,634.0,125.0,648.0,134.0,654.0,139.0,657.0,0.0,0.0,-27.0,0.0,0.0,23.9,1.0,4.998,0.0,0.0,1.304,1.597,88.9,27.4,0.0,0.0,28.0,R,0.0,80.6,80.6,0.0,0.0,0.0,0.0,266.0,1173.2,257.0,1198.4,273.2,1209.2,282.2,1214.6,0.0,0.0,81.32,1998.0,269.6,189.00000000000003,0.7199999999999989,0.14225000000000002,2528.482,0.015151515151515154,0.48,0.49,392.0,True,2026-09-05 12:08:19-07:00
310.06,2,9,2026-09-05 19:13:28,37.07743,-121.5956,302.0,0.0,107.5,-12.6,0.0,,0.0,0.0,0.0,10.7,-0.9,23.5,0.0,236.0,0.1,-0.02,1.0,99.0,-8.0,27,0.0,29.98,1681.0,0.0,0.0,106,0.0,0.0,0.0,0.0,0.0,0.0,0.0,0.0,0.0,0.0,0.0,0.0,-1.0,0.0,0.0,-1.0,0.0,0.0,0.0,0.0,1.0,0.0,0.0,1200.0,89.0,27.0,2007.0,2007.0,18.5,6.7,0.0,6.7,23.9,0.0,0.0,15.7,0.0,0.0,3.8,40.2,35.1,0.0,0.0,0.0,0.0,130.0,637.0,126.0,650.0,134.0,657.0,139.0,660.0,0.0,0.0,-27.0,0.0,0.0,23.9,1.0,4.998,0.0,0.0,1.304,1.554,89.0,27.5,0.0,0.0,29.0,R,0.0,80.6,80.6,0.0,0.0,0.0,0.0,266.0,1178.6,258.8,1202.0,273.2,1214.6,282.2,1220.0,0.0,0.0,81.5,2007.0,270.05,189.45000000000002,0.9000000000000057,0.14409722222222224,2528.566333333333,0.0,0.48,0.49,392.0,True,2026-09-05 12:08:19-07:00
311.06,2,9,2026-09-05 19:13:29,37.07743,-121.5956,303.0,0.0,107.5,-12.6,0.0,,0.0,0.0,0.0,10.7,-0.9,23.5,0.0,236.0,0.1,-0.02,1.0,99.0,-42.0,27,0.0,29.98,1681.0,0.0,0.0,106,0.0,0.0,0.0,0.0,0.0,0.0,0.0,0.0,0.0,0.0,0.0,0.0,-1.0,0.0,0.0,-1.0,0.0,0.0,0.0,0.0,1.0,0.0,0.0,1200.0,89.0,28.0,1953.0,1953.0,18.8,6.9,0.0,6.9,23.8,0.0,0.0,15.7,0.0,0.0,3.8,40.2,35.1,0.0,0.0,0.0,0.0,131.0,648.0,126.0,658.0,134.0,665.0,140.0,668.0,0.0,0.0,-27.0,0.0,0.0,23.8,1.0,4.998,0.0,0.0,1.302,1.555,88.8,27.5,0.0,0.0,28.0,R,0.0,80.6,82.4,0.0,0.0,0.0,0.0,267.8,1198.4,258.8,1216.4,273.2,1229.0,284.0,1234.4,0.0,0.0,81.5,1953.0,270.95,190.35,0.9000000000000057,0.14598611111111112,2528.566333333333,0.0,0.48,0.49,392.0,True,2026-09-05 12:08:19-07:00
312.06,2,9,2026-09-05 19:13:30,37.07743,-121.5956,303.0,0.1,107.5,-12.6,0.0,,0.0,0.0,0.0,10.6,-0.8,23.5,0.0,236.0,0.1,-0.02,0.9,99.0,-18.0,27,0.0,29.98,1681.0,0.0,0.0,106,0.0,0.0,0.0,0.0,0.0,0.0,0.0,0.0,0.0,0.0,0.0,0.0,-1.0,0.0,0.0,0.0,0.0,0.0,0.0,0.0,1.0,0.0,0.0,1200.0,89.0,28.0,2006.0,2006.0,18.6,6.9,0.0,6.9,23.9,0.0,0.0,15.7,0.0,0.0,3.9,40.2,35.1,0.0,0.0,0.0,0.0,131.0,648.0,127.0,659.0,135.0,667.0,140.0,670.0,0.0,0.0,-27.0,0.0,0.0,23.9,1.0,4.998,0.0,0.0,1.302,1.525,89.1,27.6,0.0,0.0,29.0,R,0.0,80.6,82.4,0.0,0.0,0.0,0.0,267.8,1198.4,260.6,1218.2,275.0,1232.6,284.0,1238.0,0.0,0.0,81.68,2006.0,271.85,191.25000000000003,1.0800000000000125,0.14790277777777777,2528.6506666666664,0.014492753623188406,0.48,0.49,392.0,True,2026-09-05 12:08:19-07:00
313.06,2,9,2026-09-05 19:13:31,37.07743,-121.5956,303.0,0.0,107.5,-12.6,0.0,,0.0,0.0,0.0,10.6,-0.9,23.5,0.0,236.0,0.1,-0.01,1.0,99.0,-7.0,27,0.0,29.98,1681.0,0.0,0.0,106,0.0,0.0,0.0,0.0,0.0,0.0,0.0,0.0,0.0,0.0,0.0,0.0,-1.0,0.0,0.0,0.0,0.0,0.0,0.0,0.0,1.0,0.0,0.0,1200.0,89.0,28.0,2007.0,2007.0,18.5,7.0,0.0,7.0,23.9,0.0,0.0,15.7,0.0,0.0,3.9,40.3,35.1,0.0,0.0,0.0,0.0,132.0,649.0,127.0,660.0,136.0,669.0,141.0,671.0,0.0,0.0,-27.0,0.0,0.0,23.9,1.0,4.998,0.0,0.0,1.317,1.605,89.2,27.7,0.0,0.0,29.0,R,0.0,80.6,82.4,0.0,0.0,0.0,0.0,269.6,1200.2,260.6,1220.0,276.8,1236.2,285.8,1239.8,0.0,0.0,81.86,2007.0,273.20000000000005,192.60000000000005,1.2600000000000051,0.14983333333333335,2528.735,0.0,0.48,0.49,392.0,True,2026-09-05 12:08:19-07:00
314.06,2,9,2026-09-05 19:13:32,37.07743,-121.5956,303.0,0.1,107.5,-12.6,0.0,,0.0,0.0,0.0,10.6,-0.9,23.4,0.0,236.0,0.0,-0.01,0.9,99.0,-32.0,27,0.0,29.98,1681.0,0.0,0.0,106,0.0,0.0,0.0,0.0,0.0,0.0,0.0,0.0,0.0,0.0,0.0,0.0,-1.0,0.0,0.0,1.0,0.0,0.0,0.0,0.0,1.0,0.0,0.0,1200.0,79.0,28.0,1679.0,1679.0,18.8,7.1,0.0,7.1,23.7,0.0,0.0,15.7,0.0,0.0,3.9,40.3,35.1,0.0,0.0,0.0,0.0,132.0,650.0,128.0,660.0,136.0,669.0,141.0,673.0,0.0,0.0,-27.0,0.0,0.0,23.7,1.0,4.998,0.0,0.0,1.321,1.624,78.5,27.7,0.0,0.0,28.0,R,0.0,80.6,82.4,0.0,0.0,0.0,0.0,269.6,1202.0,262.4,1220.0,276.8,1236.2,285.8,1243.4,0.0,0.0,81.86,1679.0,273.65,193.04999999999998,1.2600000000000051,0.15179166666666666,2528.8193333333334,0.014084507042253523,0.48,0.49,392.0,True,2026-09-05 12:08:19-07:00
315.06,2,9,2026-09-05 19:13:33,37.07743,-121.5956,303.0,0.1,107.5,-12.6,0.0,,0.0,0.0,0.0,10.6,-1.0,23.6,0.0,236.0,0.1,-0.02,1.0,99.0,-32.0,27,0.0,29.98,1681.0,0.0,0.0,106,0.0,0.0,0.0,0.0,0.0,0.0,0.0,0.0,0.0,0.0,0.0,0.0,-1.0,0.0,0.0,1.0,0.0,0.0,0.0,0.0,1.0,1.0,0.0,1200.0,85.0,28.0,1867.0,1867.0,20.6,7.1,0.0,7.1,23.7,0.0,0.0,15.7,0.0,0.0,3.9,40.3,35.1,0.0,0.0,0.0,0.0,133.0,647.0,128.0,658.0,136.0,665.0,142.0,671.0,0.0,0.0,-27.0,0.0,0.0,23.7,1.0,4.998,0.0,0.0,1.287,1.562,85.5,27.8,0.0,0.0,28.0,R,0.0,80.6,82.4,0.0,0.0,0.0,0.0,271.4,1196.6,262.4,1216.4,276.8,1229.0,287.6,1239.8,0.0,0.0,82.04,1867.0,274.55,193.95000000000002,1.440000000000012,0.1537638888888889,2528.988,0.014084507042253523,0.48,0.49,392.0,True,2026-09-05 12:08:19-07:00
316.06,2,9,2026-09-05 19:13:34,37.07743,-121.5956,303.0,0.1,107.5,-12.6,0.0,,0.0,0.0,0.0,10.7,-1.0,23.5,0.0,236.0,0.1,-0.02,1.0,99.0,7.0,27,0.0,29.98,1681.0,0.0,0.0,106,0.0,0.0,0.0,0.0,0.0,0.0,0.0,0.0,0.0,0.0,0.0,0.0,-1.0,0.0,0.0,1.0,0.0,0.0,0.0,0.0,1.0,0.0,0.0,1200.0,89.0,28.0,2010.0,2010.0,19.1,7.1,0.0,7.1,23.9,0.0,0.0,15.6,0.0,0.0,3.9,40.3,35.1,0.0,0.0,0.0,0.0,133.0,647.0,129.0,659.0,137.0,667.0,143.0,674.0,0.0,0.0,-27.0,0.0,0.0,23.9,1.0,4.998,0.0,0.0,1.407,1.676,88.6,27.9,0.0,0.0,31.0,R,0.0,80.6,82.4,0.0,0.0,0.0,0.0,271.4,1196.6,264.2,1218.2,278.6,1232.6,289.4,1245.2,0.0,0.0,82.22,2010.0,275.9,195.29999999999998,1.6200000000000045,0.1557361111111111,2529.1566666666668,0.014084507042253523,0.48,0.49,392.0,True,2026-09-05 12:08:19-07:00
317.06,2,9,2026-09-05 19:13:35,37.07743,-121.5956,302.0,0.2,107.5,-12.6,0.0,,0.0,0.0,0.0,10.7,-1.0,23.6,0.0,236.0,0.1,-0.02,1.1,99.0,-5.0,27,0.0,29.98,1681.0,0.0,0.0,106,0.0,0.0,0.0,0.0,0.0,0.0,0.0,0.0,0.0,0.0,0.0,0.0,-1.0,0.0,0.0,1.0,0.0,0.0,0.0,0.0,1.0,0.0,0.0,1200.0,83.0,28.0,1645.0,1645.0,20.1,7.1,0.0,7.1,23.6,0.0,0.0,15.6,0.0,0.0,4.0,40.3,35.1,0.0,0.0,0.0,0.0,134.0,646.0,129.0,658.0,137.0,667.0,143.0,673.0,0.0,0.0,-27.0,0.0,0.0,23.6,1.0,4.998,0.0,0.0,1.512,1.724,82.6,27.9,0.0,0.0,28.0,R,0.0,80.6,82.4,0.0,0.0,0.0,0.0,273.2,1194.8,264.2,1216.4,278.6,1232.6,289.4,1243.4,0.0,0.0,82.22,1645.0,276.35,195.75000000000003,1.6200000000000045,0.15770833333333334,2529.4096666666665,0.028169014084507046,0.48,0.49,392.0,True,2026-09-05 12:08:19-07:00
318.06,2,9,2026-09-05 19:13:36,37.07743,-121.5956,302.0,0.1,107.5,-12.6,0.0,,0.0,0.0,0.0,10.8,-0.9,23.6,0.0,236.0,0.1,-0.01,1.0,99.0,-23.0,27,0.0,29.98,1681.0,0.0,0.0,106,0.0,0.0,0.0,0.0,0.0,0.0,0.0,0.0,0.0,0.0,0.0,0.0,-1.0,0.0,0.0,0.0,0.0,0.0,0.0,0.0,1.0,0.0,0.0,1200.0,87.0,28.0,1970.0,1970.0,19.9,7.1,0.0,7.1,23.9,0.0,0.0,15.6,0.0,0.0,3.9,40.3,35.1,0.0,0.0,0.0,0.0,134.0,645.0,130.0,657.0,138.0,666.0,143.0,673.0,0.0,0.0,-27.0,0.0,0.0,23.9,1.0,4.998,0.0,0.0,1.449,1.664,87.2,28.0,0.0,0.0,31.0,R,0.0,80.6,82.4,0.0,0.0,0.0,0.0,273.2,1193.0,266.0,1214.6,280.4,1230.8,289.4,1243.4,0.0,0.0,82.4,1970.0,277.25,196.65,1.8000000000000114,0.15968055555555555,2529.6626666666666,0.014084507042253523,0.48,0.49,392.0,True,2026-09-05 12:08:19-07:00
319.06,2,9,2026-09-05 19:13:37,37.07743,-121.5956,301.0,0.4,107.5,-12.6,0.0,,0.0,0.0,0.0,10.8,-0.8,24.6,0.0,236.0,0.7,-0.02,1.0,99.0,-18.0,27,0.0,29.98,1681.0,0.0,0.0,106,0.0,0.0,0.0,0.0,0.0,0.0,0.0,0.0,0.0,0.0,0.0,0.0,-1.0,0.0,0.0,0.0,0.0,0.0,0.0,0.0,1.0,0.0,0.0,1200.0,88.0,28.0,1677.0,1677.0,16.9,6.9,0.0,6.9,24.2,0.0,0.0,15.6,0.0,0.0,4.0,40.3,35.1,0.0,0.0,0.0,0.0,135.0,647.0,131.0,658.0,139.0,666.0,144.0,673.0,0.0,0.0,-27.0,0.0,0.0,24.2,1.0,4.998,0.0,0.0,1.333,1.556,87.7,28.1,0.0,0.0,25.0,R,0.0,80.6,82.4,0.0,0.0,0.0,0.0,275.0,1196.6,267.8,1216.4,282.2,1230.8,291.2,1243.4,0.0,0.0,82.58,1677.0,279.05,198.45000000000002,1.980000000000004,0.161625,2530.0843333333332,0.057971014492753624,0.48,0.49,392.0,True,2026-09-05 12:08:19-07:00
320.06,2,9,2026-09-05 19:13:38,37.07743,-121.5956,301.0,0.4,107.5,-12.6,0.0,,0.0,0.0,0.0,11.0,-0.9,24.9,0.0,236.0,0.5,-0.01,0.9,99.0,-46.0,27,0.0,29.98,1681.0,0.0,0.0,106,0.0,0.0,0.0,0.0,0.0,0.0,0.0,0.0,0.0,0.0,0.0,0.0,-2.0,0.0,0.0,0.0,0.0,0.0,0.0,0.0,1.0,0.0,0.0,1200.0,83.0,28.0,1368.0,1368.0,15.2,6.3,0.0,6.3,24.5,0.0,0.0,15.6,0.0,0.0,4.1,40.3,35.1,0.0,0.0,0.0,0.0,135.0,651.0,131.0,659.0,139.0,663.0,144.0,672.0,0.0,0.0,-27.0,0.0,0.0,24.5,1.0,4.998,0.0,0.0,0.831,1.284,83.3,28.2,0.0,0.0,0.0,,0.0,80.6,82.4,0.0,0.0,0.0,0.0,275.0,1203.8,267.8,1218.2,282.2,1225.4,291.2,1241.6,0.0,0.0,82.75999999999999,1368.0,279.05,198.45000000000002,2.1599999999999966,0.16345833333333334,2530.759,0.0634920634920635,0.48,0.49,392.0,True,2026-09-05 12:08:19-07:00
321.06,2,9,2026-09-05 19:13:39,37.07744,-121.5956,301.0,0.3,107.5,-12.6,0.0,,0.0,0.0,0.0,11.0,-0.9,25.9,0.0,235.0,0.8,-0.01,0.9,99.0,-53.0,27,0.0,29.98,1681.0,0.0,0.0,106,0.0,0.0,0.0,0.0,0.0,0.0,0.0,0.0,0.0,0.0,0.0,0.0,-2.0,0.0,0.0,1.0,0.0,0.0,0.0,0.0,1.0,0.0,0.0,1200.0,72.0,28.0,866.0,866.0,11.9,5.2,0.0,5.2,24.7,0.0,0.0,15.6,0.0,0.0,4.4,40.3,35.1,0.0,0.0,0.0,0.0,135.0,648.0,131.0,654.0,139.0,657.0,145.0,667.0,0.0,0.0,-27.0,0.0,0.0,24.7,1.0,4.998,0.0,0.0,1.323,1.544,72.1,28.2,0.0,0.0,0.0,,0.0,80.6,82.4,0.0,0.0,0.0,0.0,275.0,1198.4,267.8,1209.2,282.2,1214.6,293.0,1232.6,0.0,0.0,82.75999999999999,866.0,279.5,198.9,2.1599999999999966,0.16505555555555557,2531.349333333333,0.05769230769230769,0.48,0.49,392.0,True,2026-09-05 12:08:19-07:00
322.06,2,9,2026-09-05 19:13:40,37.07743,-121.5956,301.0,0.2,107.5,-12.6,0.0,,0.0,0.0,0.0,10.9,-1.0,26.2,0.0,235.0,0.6,-0.01,1.0,99.0,-29.0,27,0.0,29.98,1681.0,0.0,0.0,106,0.0,0.0,0.0,0.0,0.0,0.0,0.0,0.0,0.0,0.0,0.0,0.0,-3.0,0.0,0.0,-17.0,0.0,0.0,0.0,0.0,1.0,0.0,0.0,1200.0,66.0,28.0,818.0,818.0,13.6,4.4,0.0,4.4,24.6,0.0,0.0,15.6,0.0,0.0,4.8,40.3,35.1,0.0,0.0,0.0,0.0,135.0,643.0,131.0,650.0,139.0,648.0,145.0,659.0,0.0,0.0,-27.0,0.0,0.0,24.6,1.0,4.998,0.0,0.0,1.359,1.559,65.5,28.3,0.0,0.0,0.0,,0.0,80.6,82.4,0.0,0.0,0.0,0.0,275.0,1189.4,267.8,1202.0,282.2,1198.4,293.0,1218.2,0.0,0.0,82.94,818.0,279.5,198.9,2.3400000000000034,0.1663888888888889,2531.7709999999997,0.045454545454545456,0.48,0.49,392.0,True,2026-09-05 12:08:19-07:00
323.06,2,9,2026-09-05 19:13:41,37.07744,-121.5956,302.0,0.8,107.5,-12.6,0.0,,0.0,0.0,0.0,11.0,-0.8,27.5,0.0,234.0,1.0,-0.02,1.0,99.0,-15.0,27,0.0,29.98,1679.0,0.0,0.0,106,0.0,0.0,0.0,0.0,0.0,0.0,0.0,0.0,0.0,0.0,0.0,0.0,-6.0,0.0,0.0,-31.0,0.0,0.0,0.0,0.0,1.0,0.0,0.0,1200.0,69.0,28.0,1062.0,1062.0,15.8,4.2,0.0,4.2,24.7,0.0,0.0,15.6,0.0,0.0,4.9,40.3,35.1,0.0,0.0,0.0,0.0,136.0,634.0,131.0,643.0,140.0,644.0,145.0,652.0,0.0,0.0,-27.0,0.0,0.0,24.7,1.0,4.998,0.0,0.0,0.955,1.4,69.1,28.4,0.0,0.0,0.0,,0.0,80.6,82.4,0.0,0.0,0.0,0.0,276.8,1173.2,267.8,1189.4,284.0,1191.2,293.0,1205.6,0.0,0.0,83.12,1062.0,280.4,199.79999999999998,2.5200000000000102,0.16758333333333333,2532.6143333333334,0.19047619047619047,0.48,0.49,392.0,True,2026-09-05 12:08:19-07:00
324.06,2,9,2026-09-05 19:13:42,37.07744,-121.5956,302.0,0.8,107.5,-12.6,0.0,,0.0,0.0,0.0,11.1,-1.0,29.4,0.0,234.0,1.6,-0.02,1.0,99.0,-5.0,27,0.0,29.98,1679.0,0.0,0.0,106,0.0,0.0,0.0,0.0,0.0,0.0,0.0,0.0,0.0,0.0,0.0,0.0,-6.0,0.0,0.0,-31.0,0.0,0.0,0.0,0.0,1.0,0.0,0.0,1200.0,67.0,28.0,970.0,970.0,13.7,3.7,0.0,3.7,24.6,0.0,0.0,15.6,0.0,0.0,4.9,40.3,35.1,0.0,0.0,0.0,0.0,136.0,626.0,132.0,639.0,140.0,639.0,145.0,649.0,0.0,0.0,-27.0,0.0,0.0,24.6,1.0,4.998,0.0,0.0,1.123,1.439,67.1,28.4,0.0,0.0,0.0,,0.0,80.6,82.4,0.0,0.0,0.0,0.0,276.8,1158.8,269.6,1182.2,284.0,1182.2,293.0,1200.2,0.0,0.0,83.12,970.0,280.85,200.25000000000003,2.5200000000000102,0.16868055555555556,2533.9636666666665,0.21621621621621623,0.48,0.49,392.0,True,2026-09-05 12:08:19-07:00
325.06,2,9,2026-09-05 19:13:43,37.07744,-121.5956,302.0,0.9,107.5,-12.6,0.0,,0.0,0.0,0.0,11.1,-1.1,31.4,0.0,234.0,1.9,-0.02,1.0,99.0,-22.0,27,0.0,29.98,1679.0,0.0,0.0,106,0.0,0.0,0.0,0.0,0.0,0.0,0.0,0.0,0.0,0.0,0.0,0.0,-6.0,0.0,0.0,-31.0,0.0,0.0,0.0,0.0,1.0,0.0,0.0,1200.0,68.0,28.0,1111.0,1111.0,14.6,3.4,0.0,3.4,24.3,0.0,0.0,15.6,0.0,0.0,5.0,40.3,35.1,0.0,0.0,0.0,0.0,136.0,623.0,132.0,636.0,140.0,634.0,145.0,644.0,0.0,0.0,-27.0,0.0,0.0,24.3,1.0,4.998,0.0,0.0,1.102,1.381,67.6,28.4,0.0,0.0,0.0,,0.0,80.6,82.4,0.0,0.0,0.0,0.0,276.8,1153.4,269.6,1176.8,284.0,1173.2,293.0,1191.2,0.0,0.0,83.12,1111.0,280.85,200.25000000000003,2.5200000000000102,0.16966666666666666,2535.3973333333333,0.2647058823529412,0.48,0.49,392.0,True,2026-09-05 12:08:19-07:00
326.06,2,9,2026-09-05 19:13:44,37.07745,-121.59559,302.0,1.0,89.0,-12.6,0.0,,0.0,0.0,0.0,11.2,-1.1,34.0,0.0,234.0,2.4,-0.02,1.0,99.0,-7.0,27,0.0,29.98,1678.0,0.0,0.0,106,0.0,0.0,0.0,0.0,0.0,0.0,0.0,0.0,0.0,0.0,0.0,0.0,-6.0,0.0,0.0,-31.0,0.0,0.0,0.0,0.0,1.0,0.0,0.0,1200.0,69.0,28.0,1050.0,1050.0,14.6,3.3,0.0,3.3,24.3,0.0,0.0,15.6,0.0,0.0,5.2,40.3,35.1,0.0,0.0,0.0,0.0,136.0,626.0,132.0,637.0,140.0,631.0,145.0,641.0,0.0,0.0,-27.0,0.0,0.0,24.3,1.0,4.998,0.0,0.0,1.345,1.57,68.8,28.4,0.0,0.0,0.0,,0.0,80.6,82.4,0.0,0.0,0.0,0.0,276.8,1158.8,269.6,1178.6,284.0,1167.8,293.0,1185.8,0.0,0.0,83.12,1050.0,280.85,200.25000000000003,2.5200000000000102,0.17059722222222223,2536.9996666666666,0.30303030303030304,0.48,0.49,392.0,True,2026-09-05 12:08:19-07:00
327.06,2,9,2026-09-05 19:13:45,37.07745,-121.59559,302.0,1.0,87.4,-12.6,0.0,,0.0,0.0,0.0,11.3,-1.2,36.5,0.0,234.0,2.5,-0.02,1.0,99.0,-22.0,27,0.0,29.98,1678.0,0.0,0.0,106,0.0,0.0,0.0,0.0,0.0,0.0,0.0,0.0,0.0,0.0,0.0,0.0,-6.0,0.0,0.0,-31.0,0.0,0.0,0.0,0.0,1.0,0.0,0.0,1200.0,69.0,29.0,1061.0,1061.0,14.6,3.1,0.0,3.1,24.4,0.0,0.0,15.6,0.0,0.0,5.3,40.3,35.1,0.0,0.0,0.0,0.0,136.0,626.0,132.0,637.0,140.0,628.0,146.0,639.0,0.0,0.0,-27.0,0.0,0.0,24.4,1.0,4.998,0.0,0.0,1.322,1.571,68.8,28.5,0.0,0.0,0.0,,0.0,80.6,84.2,0.0,0.0,0.0,0.0,276.8,1158.8,269.6,1178.6,284.0,1162.4,294.8,1182.2,0.0,0.0,83.3,1061.0,281.3,200.70000000000002,2.700000000000003,0.17148611111111112,2538.686333333333,0.3225806451612903,0.48,0.49,392.0,True,2026-09-05 12:08:19-07:00
328.06,2,9,2026-09-05 19:13:46,37.07746,-121.59558,302.0,1.1,67.2,-12.6,0.0,,0.0,0.0,0.0,11.3,-1.3,38.8,0.0,234.0,2.5,-0.03,0.9,99.0,-18.0,27,0.0,29.98,1678.0,0.0,0.0,106,0.0,0.0,0.0,0.0,0.0,0.0,0.0,0.0,0.0,0.0,0.0,0.0,-8.0,0.0,0.0,-21.0,0.0,0.0,0.0,0.0,1.0,0.0,0.0,1200.0,68.0,29.0,986.0,986.0,14.0,3.0,0.0,3.0,24.5,0.0,0.0,15.6,0.0,0.0,5.3,40.3,35.1,0.0,0.0,0.0,0.0,136.0,626.0,132.0,638.0,140.0,624.0,146.0,636.0,0.0,0.0,-27.0,0.0,0.0,24.5,1.0,4.998,0.0,0.0,1.351,1.558,67.8,28.6,0.0,0.0,0.0,,0.0,80.6,84.2,0.0,0.0,0.0,0.0,276.8,1158.8,269.6,1180.4,284.0,1155.2,294.8,1176.8,0.0,0.0,83.48,986.0,281.3,200.70000000000002,2.8800000000000097,0.17233333333333334,2540.4573333333333,0.3666666666666667,0.48,0.49,392.0,True,2026-09-05 12:08:19-07:00
329.06,2,9,2026-09-05 19:13:47,37.07746,-121.59558,301.0,1.0,58.9,-12.6,0.0,,0.0,0.0,0.0,11.3,-1.3,40.5,0.0,234.0,2.1,-0.02,0.9,99.0,22.0,27,0.0,29.98,1678.0,0.0,0.0,106,0.0,0.0,0.0,0.0,0.0,0.0,0.0,0.0,0.0,0.0,0.0,0.0,-10.0,0.0,0.0,0.0,0.0,0.0,0.0,0.0,1.0,0.0,0.0,1200.0,67.0,29.0,938.0,938.0,13.9,2.8,0.0,2.8,24.5,0.0,0.0,15.6,0.0,0.0,5.1,40.3,35.1,0.0,0.0,0.0,0.0,136.0,624.0,132.0,636.0,141.0,620.0,146.0,632.0,0.0,0.0,-27.0,0.0,0.0,24.5,1.0,4.998,0.0,0.0,1.365,1.556,66.5,28.6,0.0,0.0,0.0,,0.0,80.6,84.2,0.0,0.0,0.0,0.0,276.8,1155.2,269.6,1176.8,285.8,1148.0,294.8,1169.6,0.0,0.0,83.48,938.0,281.75,201.15,2.8800000000000097,0.1731388888888889,2542.2283333333335,0.35714285714285715,0.48,0.49,392.0,True,2026-09-05 12:08:19-07:00
330.06,2,9,2026-09-05 19:13:48,37.07746,-121.59557,299.0,0.7,58.8,-12.6,0.0,,0.0,0.0,0.0,11.2,-1.3,42.2,0.0,234.0,1.8,-0.02,1.0,99.0,1.0,27,0.0,29.98,1678.0,0.0,0.0,106,0.0,0.0,0.0,0.0,0.0,0.0,0.0,0.0,0.0,0.0,0.0,0.0,-11.0,0.0,0.0,-4.0,0.0,0.0,0.0,0.0,1.0,0.0,0.0,1200.0,65.0,29.0,918.0,918.0,14.0,2.6,0.0,2.6,24.5,0.0,0.0,15.6,0.0,0.0,5.1,40.3,35.1,0.0,0.0,0.0,0.0,136.0,622.0,132.0,634.0,141.0,616.0,146.0,629.0,0.0,0.0,-27.0,0.0,0.0,24.5,1.0,4.998,0.0,0.0,1.359,1.516,65.1,28.6,0.0,0.0,0.0,,0.0,80.6,84.2,0.0,0.0,0.0,0.0,276.8,1151.6,269.6,1173.2,285.8,1140.8,294.8,1164.2,0.0,0.0,83.48,918.0,281.75,201.15,2.8800000000000097,0.1738888888888889,2543.662,0.2692307692307692,0.48,0.49,392.0,True,2026-09-05 12:08:19-07:00
331.06,2,9,2026-09-05 19:13:49,37.07746,-121.59557,300.0,0.7,58.8,-12.6,0.0,,0.0,0.0,0.0,11.1,-1.2,43.8,0.0,234.0,1.7,-0.02,1.1,99.0,-8.0,27,0.0,29.98,1678.0,0.0,0.0,106,0.0,0.0,0.0,0.0,0.0,0.0,0.0,0.0,0.0,0.0,0.0,0.0,-11.0,0.0,0.0,-5.0,0.0,0.0,0.0,0.0,1.0,0.0,0.0,1200.0,65.0,29.0,924.0,924.0,14.0,2.5,0.0,2.5,24.5,0.0,0.0,15.6,0.0,0.0,5.2,40.3,35.1,0.0,0.0,0.0,0.0,136.0,620.0,133.0,632.0,141.0,612.0,146.0,626.0,0.0,0.0,-27.0,0.0,0.0,24.5,1.0,4.998,0.0,0.0,1.409,1.519,64.9,28.7,0.0,0.0,0.0,,0.0,80.6,84.2,0.0,0.0,0.0,0.0,276.8,1148.0,271.4,1169.6,285.8,1133.6,294.8,1158.8,0.0,0.0,83.66,924.0,282.2,201.6,3.0600000000000023,0.17459722222222224,2544.8426666666664,0.27999999999999997,0.48,0.49,392.0,True,2026-09-05 12:08:19-07:00
332.06,2,9,2026-09-05 19:13:50,37.07746,-121.59557,300.0,0.4,58.8,-12.6,0.0,,0.0,0.0,0.0,11.0,-1.2,44.8,0.0,233.0,1.3,-0.02,1.0,99.0,-22.0,27,0.0,29.98,1677.0,0.0,0.0,106,0.0,0.0,0.0,0.0,0.0,0.0,0.0,0.0,0.0,0.0,0.0,0.0,-10.0,0.0,0.0,-8.0,0.0,0.0,0.0,0.0,1.0,0.0,0.0,1200.0,65.0,29.0,925.0,925.0,14.0,2.4,0.0,2.4,24.5,0.0,0.0,15.6,0.0,0.0,5.3,40.3,35.1,0.0,0.0,0.0,0.0,137.0,618.0,133.0,630.0,141.0,609.0,146.0,623.0,0.0,0.0,-27.0,0.0,0.0,24.5,1.0,4.998,0.0,0.0,1.357,1.52,64.7,28.7,0.0,0.0,0.0,,0.0,80.6,84.2,0.0,0.0,0.0,0.0,278.6,1144.4,271.4,1166.0,285.8,1128.2,294.8,1153.4,0.0,0.0,83.66,925.0,282.65,202.04999999999998,3.0600000000000023,0.17527777777777778,2545.7703333333334,0.16666666666666669,0.48,0.49,392.0,True,2026-09-05 12:08:19-07:00
333.06,2,9,2026-09-05 19:13:51,37.07747,-121.59557,300.0,0.3,58.8,-12.6,0.0,,0.0,0.0,0.0,10.9,-1.2,45.6,0.0,233.0,1.0,-0.02,1.0,99.0,-2.0,27,0.0,29.98,1677.0,0.0,0.0,106,0.0,0.0,0.0,0.0,0.0,0.0,0.0,0.0,0.0,0.0,0.0,0.0,-10.0,0.0,0.0,-10.0,0.0,0.0,0.0,0.0,1.0,0.0,0.0,1200.0,64.0,29.0,911.0,911.0,13.9,2.3,0.0,2.3,24.5,0.0,0.0,15.6,0.0,0.0,5.3,40.3,35.1,0.0,0.0,0.0,0.0,136.0,616.0,133.0,630.0,142.0,606.0,146.0,620.0,0.0,0.0,-27.0,0.0,0.0,24.5,1.0,4.998,0.0,0.0,1.36,1.561,64.3,28.9,0.0,0.0,0.0,,0.0,80.6,84.2,0.0,0.0,0.0,0.0,276.8,1140.8,271.4,1166.0,287.6,1122.8,294.8,1148.0,0.0,0.0,84.02,911.0,282.65000000000003,202.05000000000004,3.4200000000000017,0.17593055555555556,2546.3606666666665,0.13043478260869565,0.48,0.49,392.0,True,2026-09-05 12:08:19-07:00
334.06,2,9,2026-09-05 19:13:52,37.07747,-121.59557,300.0,0.2,58.8,-12.6,0.0,,0.0,0.0,0.0,10.8,-1.2,46.3,0.0,233.0,0.7,-0.02,1.0,99.0,-1.0,27,0.0,29.98,1677.0,0.0,0.0,106,0.0,0.0,0.0,0.0,0.0,0.0,0.0,0.0,0.0,0.0,0.0,0.0,-10.0,0.0,0.0,-12.0,0.0,0.0,0.0,0.0,1.0,0.0,0.0,1200.0,66.0,29.0,1041.0,1041.0,14.1,2.2,0.0,2.2,24.5,0.0,0.0,15.6,0.0,0.0,5.1,40.3,35.1,0.0,0.0,0.0,0.0,137.0,614.0,133.0,628.0,142.0,604.0,146.0,619.0,0.0,0.0,-27.0,0.0,0.0,24.5,1.0,4.998,0.0,0.0,1.36,1.567,65.6,28.9,0.0,0.0,0.0,,0.0,80.6,84.2,0.0,0.0,0.0,0.0,278.6,1137.2,271.4,1162.4,287.6,1119.2,294.8,1146.2,0.0,0.0,84.02,1041.0,283.1,202.50000000000003,3.4200000000000017,0.17655555555555555,2546.782333333333,0.09090909090909091,0.48,0.49,392.0,True,2026-09-05 12:08:19-07:00
335.06,2,9,2026-09-05 19:13:53,37.07747,-121.59557,300.0,0.4,58.8,-12.6,0.0,,0.0,0.0,0.0,10.9,-1.3,47.0,0.0,233.0,0.7,-0.02,1.0,99.0,18.0,27,0.0,29.98,1677.0,0.0,0.0,106,0.0,0.0,0.0,0.0,0.0,0.0,0.0,0.0,0.0,0.0,0.0,0.0,-7.0,0.0,0.0,-5.0,0.0,0.0,0.0,0.0,1.0,0.0,0.0,1200.0,67.0,29.0,1015.0,1015.0,14.1,2.3,0.0,2.3,24.4,0.0,0.0,15.6,0.0,0.0,5.1,40.3,35.1,0.0,0.0,0.0,0.0,137.0,614.0,133.0,629.0,142.0,604.0,146.0,619.0,0.0,0.0,-27.0,0.0,0.0,24.4,1.0,4.998,0.0,0.0,1.36,1.558,66.9,28.9,0.0,0.0,0.0,,0.0,80.6,84.2,0.0,0.0,0.0,0.0,278.6,1137.2,271.4,1164.2,287.6,1119.2,294.8,1146.2,0.0,0.0,84.02,1015.0,283.1,202.50000000000003,3.4200000000000017,0.17718055555555556,2547.2883333333334,0.1739130434782609,0.48,0.49,392.0,True,2026-09-05 12:08:19-07:00
336.06,2,9,2026-09-05 19:13:54,37.07747,-121.59556,300.0,0.7,58.8,-12.6,0.0,,0.0,0.0,0.0,11.0,-1.1,48.1,0.0,233.0,0.9,-0.02,0.9,99.0,8.0,27,0.0,29.98,1677.0,0.0,0.0,106,0.0,0.0,0.0,0.0,0.0,0.0,0.0,0.0,0.0,0.0,0.0,0.0,-7.0,0.0,0.0,-6.0,0.0,0.0,0.0,0.0,1.0,0.0,0.0,1200.0,67.0,29.0,1029.0,1029.0,14.0,2.3,0.0,2.3,24.5,0.0,0.0,15.6,0.0,0.0,5.2,40.3,35.1,0.0,0.0,0.0,0.0,137.0,614.0,133.0,629.0,142.0,602.0,147.0,618.0,0.0,0.0,-27.0,0.0,0.0,24.5,1.0,4.998,0.0,0.0,1.301,1.511,67.2,28.9,0.0,0.0,0.0,,0.0,80.6,84.2,0.0,0.0,0.0,0.0,278.6,1137.2,271.4,1164.2,287.6,1115.6,296.6,1144.4,0.0,0.0,84.02,1029.0,283.55,202.95000000000002,3.4200000000000017,0.17781944444444445,2548.216,0.30434782608695654,0.48,0.49,392.0,True,2026-09-05 12:08:19-07:00
337.06,2,9,2026-09-05 19:13:55,37.07747,-121.59556,300.0,0.9,58.8,-12.6,0.0,,0.0,0.0,0.0,11.2,-1.2,48.9,0.0,233.0,1.0,-0.02,1.0,99.0,10.0,27,0.0,29.98,1677.0,0.0,0.0,106,0.0,0.0,0.0,0.0,0.0,0.0,0.0,0.0,0.0,0.0,0.0,0.0,-7.0,0.0,0.0,-6.0,0.0,0.0,0.0,0.0,1.0,0.0,0.0,1200.0,68.0,29.0,1028.0,1028.0,13.9,2.3,0.0,2.3,24.5,0.0,0.0,15.6,0.0,0.0,5.3,40.3,35.1,0.0,0.0,0.0,0.0,137.0,614.0,133.0,628.0,143.0,602.0,147.0,616.0,0.0,0.0,-27.0,0.0,0.0,24.5,1.0,4.998,0.0,0.0,1.304,1.512,67.6,29.0,0.0,0.0,0.0,,0.0,80.6,84.2,0.0,0.0,0.0,0.0,278.6,1137.2,271.4,1162.4,289.4,1115.6,296.6,1140.8,0.0,0.0,84.2,1028.0,284.0,203.4,3.6000000000000085,0.17845833333333333,2549.5653333333335,0.391304347826087,0.48,0.49,392.0,True,2026-09-05 12:08:19-07:00
338.06,2,9,2026-09-05 19:13:56,37.07747,-121.59555,300.0,1.3,59.7,-12.6,0.0,,0.0,0.0,0.0,11.4,-1.1,49.8,0.0,233.0,1.0,-0.02,1.0,99.0,2.0,27,0.0,29.98,1677.0,0.0,0.0,106,0.0,0.0,0.0,0.0,0.0,0.0,0.0,0.0,0.0,0.0,0.0,0.0,-7.0,0.0,0.0,-7.0,0.0,0.0,0.0,0.0,1.0,0.0,0.0,1200.0,68.0,29.0,1029.0,1029.0,13.8,2.3,0.0,2.3,24.5,0.0,0.0,15.6,0.0,0.0,5.3,40.3,35.1,0.0,0.0,0.0,0.0,137.0,614.0,134.0,627.0,142.0,601.0,147.0,615.0,0.0,0.0,-27.0,0.0,0.0,24.5,1.0,4.998,0.0,0.0,1.349,1.515,67.7,29.1,0.0,0.0,0.0,,0.0,80.6,84.2,0.0,0.0,0.0,0.0,278.6,1137.2,273.2,1160.6,287.6,1113.8,296.6,1139.0,0.0,0.0,84.38000000000001,1029.0,284.0,203.4,3.7800000000000153,0.1790972222222222,2551.4206666666664,0.5652173913043479,0.48,0.49,392.0,True,2026-09-05 12:08:19-07:00
339.06,2,9,2026-09-05 19:13:57,37.07747,-121.59554,300.0,1.6,61.7,-12.6,0.0,,0.0,0.0,0.0,11.6,-1.2,50.4,0.0,233.0,1.0,-0.02,1.0,99.0,2.0,27,0.0,29.98,1677.0,0.0,0.0,106,0.0,0.0,0.0,0.0,0.0,0.0,0.0,0.0,0.0,0.0,0.0,0.0,-7.0,0.0,0.0,-7.0,0.0,0.0,0.0,0.0,1.0,0.0,0.0,1200.0,67.0,29.0,1021.0,1021.0,13.9,2.4,0.0,2.4,24.4,0.0,0.0,15.6,0.0,0.0,5.1,40.3,35.1,0.0,0.0,0.0,0.0,137.0,615.0,134.0,627.0,143.0,601.0,147.0,614.0,0.0,0.0,-27.0,0.0,0.0,24.4,1.0,4.998,0.0,0.0,1.302,1.521,67.4,29.2,0.0,0.0,0.0,,0.0,80.6,84.2,0.0,0.0,0.0,0.0,278.6,1139.0,273.2,1160.6,289.4,1113.8,296.6,1137.2,0.0,0.0,84.56,1021.0,284.45000000000005,203.85000000000005,3.960000000000008,0.17975,2553.8663333333334,0.6666666666666667,0.48,0.49,392.0,True,2026-09-05 12:08:19-07:00
340.06,2,9,2026-09-05 19:13:58,37.07748,-121.59554,301.0,1.9,66.8,-12.6,0.0,,0.0,0.0,0.0,11.7,-1.2,50.2,0.0,233.0,0.5,-0.02,1.0,99.0,14.0,27,0.0,29.98,1677.0,0.0,0.0,106,0.0,0.0,0.0,0.0,0.0,0.0,0.0,0.0,0.0,0.0,0.0,0.0,-7.0,0.0,0.0,-8.0,0.0,0.0,0.0,0.0,1.0,1.0,0.0,1200.0,68.0,29.0,1031.0,1031.0,13.9,2.4,0.0,2.4,24.5,0.0,0.0,15.6,0.0,0.0,5.1,40.3,35.1,0.0,0.0,0.0,0.0,138.0,614.0,134.0,627.0,143.0,600.0,147.0,614.0,0.0,0.0,-27.0,0.0,0.0,24.5,1.0,4.998,0.0,0.0,1.304,1.511,67.5,29.2,0.0,0.0,0.0,,0.0,80.6,84.2,0.0,0.0,0.0,0.0,280.4,1137.2,273.2,1160.6,289.4,1112.0,296.6,1137.2,0.0,0.0,84.56,1031.0,284.9,204.29999999999998,3.960000000000008,0.18041666666666667,2556.8179999999998,0.7916666666666666,0.48,0.49,392.0,True,2026-09-05 12:08:19-07:00
341.06,2,9,2026-09-05 19:13:59,37.07748,-121.59553,301.0,1.9,65.3,-12.6,0.0,,0.0,0.0,0.0,11.0,-1.2,50.6,0.0,233.0,0.4,-0.02,0.9,99.0,-5.0,27,0.0,29.98,1677.0,0.0,0.0,106,0.0,0.0,0.0,0.0,0.0,0.0,0.0,0.0,0.0,0.0,0.0,0.0,-7.0,0.0,0.0,-11.0,0.0,0.0,0.0,0.0,1.0,0.0,0.0,1200.0,67.0,29.0,1038.0,1038.0,13.9,2.4,0.0,2.4,24.5,0.0,0.0,15.6,0.0,0.0,5.2,40.3,35.1,0.0,0.0,0.0,0.0,138.0,615.0,134.0,627.0,143.0,600.0,148.0,613.0,0.0,0.0,-27.0,0.0,0.0,24.5,1.0,4.998,0.0,0.0,1.418,1.593,67.4,29.2,0.0,0.0,0.0,,0.0,80.6,84.2,0.0,0.0,0.0,0.0,280.4,1139.0,273.2,1160.6,289.4,1112.0,298.4,1135.4,0.0,0.0,84.56,1038.0,285.35,204.75000000000003,3.960000000000008,0.18108333333333335,2560.0226666666667,0.7916666666666666,0.48,0.49,392.0,True,2026-09-05 12:08:19-07:00
342.06,2,9,2026-09-05 19:14:00,37.07748,-121.59551,301.0,2.3,64.7,-12.6,0.0,,0.0,0.0,0.0,10.5,-1.1,51.9,0.0,233.0,0.6,-0.02,1.0,99.0,29.0,27,0.0,29.98,1677.0,0.0,0.0,106,0.0,0.0,0.0,0.0,0.0,0.0,0.0,0.0,0.0,0.0,0.0,0.0,-7.0,0.0,0.0,-11.0,0.0,0.0,0.0,0.0,1.0,0.0,0.0,1200.0,68.0,29.0,1040.0,1040.0,13.8,2.4,0.0,2.4,24.5,0.0,0.0,15.6,0.0,0.0,5.2,40.3,35.1,0.0,0.0,0.0,0.0,138.0,614.0,134.0,625.0,143.0,599.0,148.0,612.0,0.0,0.0,-27.0,0.0,0.0,24.5,1.0,4.998,0.0,0.0,1.306,1.566,67.7,29.3,0.0,0.0,0.0,,0.0,80.6,84.2,0.0,0.0,0.0,0.0,280.4,1137.2,273.2,1157.0,289.4,1110.2,298.4,1133.6,0.0,0.0,84.74,1040.0,285.35,204.75000000000003,4.140000000000001,0.18175,2563.5646666666667,0.9583333333333333,0.48,0.49,392.0,True,2026-09-05 12:08:19-07:00
343.06,2,9,2026-09-05 19:14:01,37.07749,-121.5955,301.0,1.7,65.7,-12.6,0.0,,0.0,0.0,0.0,10.6,-1.1,52.9,0.0,233.0,0.8,-0.02,0.9,99.0,9.0,27,0.0,29.98,1677.0,0.0,0.0,106,0.0,0.0,0.0,0.0,0.0,0.0,0.0,0.0,0.0,0.0,0.0,0.0,-7.0,0.0,0.0,-12.0,0.0,0.0,0.0,0.0,1.0,0.0,0.0,1200.0,68.0,29.0,1028.0,1028.0,13.8,2.4,0.0,2.4,24.5,0.0,0.0,15.6,0.0,0.0,5.3,40.3,35.1,0.0,0.0,0.0,0.0,138.0,615.0,135.0,626.0,144.0,599.0,148.0,612.0,0.0,0.0,-27.0,0.0,0.0,24.5,1.0,4.998,0.0,0.0,1.56,1.716,67.5,29.4,0.0,0.0,0.0,,0.0,80.6,84.2,0.0,0.0,0.0,0.0,280.4,1139.0,275.0,1158.8,291.2,1110.2,298.4,1133.6,0.0,0.0,84.91999999999999,1028.0,286.25,205.65,4.319999999999993,0.18241666666666667,2566.938,0.7083333333333334,0.48,0.49,392.0,True,2026-09-05 12:08:19-07:00
344.06,2,9,2026-09-05 19:14:02,37.07749,-121.5955,301.0,0.2,66.8,-12.6,0.0,,0.0,0.0,0.0,10.0,-1.2,53.3,0.0,233.0,0.3,-0.02,0.9,99.0,42.0,27,0.0,29.98,1677.0,0.0,0.0,106,0.0,0.0,0.0,0.0,0.0,0.0,0.0,0.0,0.0,0.0,0.0,0.0,-7.0,0.0,0.0,-12.0,0.0,0.0,0.0,0.0,1.0,0.0,0.0,1200.0,67.0,29.0,1025.0,1025.0,13.9,2.4,0.0,2.4,24.4,0.0,0.0,15.6,0.0,0.0,5.2,40.3,35.1,0.0,0.0,0.0,0.0,138.0,615.0,135.0,627.0,144.0,599.0,148.0,610.0,0.0,0.0,-27.0,0.0,0.0,24.4,1.0,4.998,0.0,0.0,1.405,1.633,67.2,29.5,0.0,0.0,0.0,,0.0,80.6,84.2,0.0,0.0,0.0,0.0,280.4,1139.0,275.0,1160.6,291.2,1110.2,298.4,1130.0,0.0,0.0,85.1,1025.0,286.25,205.65,4.5,0.18308333333333335,2568.5403333333334,0.08333333333333334,0.48,0.49,392.0,True,2026-09-05 12:08:19-07:00
345.06,2,9,2026-09-05 19:14:03,37.07749,-121.5955,301.0,0.1,66.8,-12.6,0.0,,0.0,0.0,0.0,9.9,-1.3,53.7,0.0,233.0,0.1,-0.02,1.0,99.0,7.0,27,0.0,29.98,1677.0,0.0,0.0,106,0.0,0.0,0.0,0.0,0.0,0.0,0.0,0.0,0.0,0.0,0.0,0.0,-5.0,0.0,0.0,-22.0,0.0,0.0,0.0,0.0,1.0,0.0,0.0,1200.0,66.0,29.0,890.0,890.0,13.5,2.3,0.0,2.3,24.6,0.0,0.0,15.6,0.0,0.0,5.0,40.3,35.1,0.0,0.0,0.0,0.0,139.0,615.0,135.0,627.0,144.0,599.0,149.0,610.0,0.0,0.0,-27.0,0.0,0.0,24.6,1.0,4.998,0.0,0.0,1.243,1.547,66.1,29.4,0.0,0.0,0.0,,0.0,80.6,84.2,0.0,0.0,0.0,0.0,282.2,1139.0,275.0,1160.6,291.2,1110.2,300.2,1130.0,0.0,0.0,84.91999999999999,890.0,287.15,206.54999999999998,4.319999999999993,0.18373611111111113,2568.793333333333,0.04347826086956522,0.48,0.49,392.0,True,2026-09-05 12:08:19-07:00
346.06,2,9,2026-09-05 19:14:04,37.07749,-121.5955,300.0,0.1,66.8,-12.6,0.0,,0.0,0.0,0.0,9.9,-1.2,53.9,0.0,233.0,0.1,-0.02,1.0,99.0,-11.0,27,0.0,29.98,1677.0,0.0,0.0,106,0.0,0.0,0.0,0.0,0.0,0.0,0.0,0.0,0.0,0.0,0.0,0.0,-4.0,0.0,0.0,-22.0,0.0,0.0,0.0,0.0,1.0,0.0,0.0,1200.0,64.0,30.0,867.0,867.0,13.8,2.2,0.0,2.2,24.6,0.0,0.0,15.6,0.0,0.0,5.2,40.3,35.1,0.0,0.0,0.0,0.0,139.0,613.0,135.0,625.0,144.0,597.0,149.0,608.0,0.0,0.0,-27.0,0.0,0.0,24.6,1.0,4.998,0.0,0.0,1.328,1.528,63.7,29.5,0.0,0.0,0.0,,0.0,80.6,86.0,0.0,0.0,0.0,0.0,282.2,1135.4,275.0,1157.0,291.2,1106.6,300.2,1126.4,0.0,0.0,85.1,867.0,287.15,206.54999999999998,4.5,0.18436111111111111,2568.962,0.045454545454545456,0.48,0.49,392.0,True,2026-09-05 12:08:19-07:00
347.06,2,9,2026-09-05 19:14:05,37.07749,-121.5955,300.0,0.0,66.8,-12.6,0.0,,0.0,0.0,0.0,10.0,-1.3,54.0,0.0,233.0,0.1,-0.02,1.0,99.0,8.0,27,0.0,29.98,1677.0,0.0,0.0,106,0.0,0.0,0.0,0.0,0.0,0.0,0.0,0.0,0.0,0.0,0.0,0.0,-4.0,0.0,0.0,-22.0,0.0,0.0,0.0,0.0,1.0,0.0,0.0,1200.0,63.0,30.0,853.0,853.0,14.0,2.1,0.0,2.1,24.6,0.0,0.0,15.6,0.0,0.0,5.2,40.3,35.1,0.0,0.0,0.0,0.0,139.0,611.0,135.0,624.0,145.0,595.0,149.0,607.0,0.0,0.0,-27.0,0.0,0.0,24.6,1.0,4.998,0.0,0.0,1.359,1.52,62.7,29.5,0.0,0.0,0.0,,0.0,80.6,86.0,0.0,0.0,0.0,0.0,282.2,1131.8,275.0,1155.2,293.0,1103.0,300.2,1124.6,0.0,0.0,85.1,853.0,287.6,207.00000000000003,4.5,0.18495833333333334,2569.046333333333,0.0,0.48,0.49,392.0,True,2026-09-05 12:08:19-07:00
348.06,2,9,2026-09-05 19:14:06,37.07749,-121.5955,300.0,0.0,66.8,-12.6,0.0,,0.0,0.0,0.0,10.2,-1.3,53.9,0.0,233.0,0.1,-0.02,1.0,99.0,-6.0,27,0.0,29.98,1677.0,0.0,0.0,106,0.0,0.0,0.0,0.0,0.0,0.0,0.0,0.0,0.0,0.0,0.0,0.0,-4.0,0.0,0.0,-21.0,0.0,0.0,0.0,0.0,1.0,0.0,0.0,1200.0,62.0,30.0,857.0,857.0,14.0,2.0,0.0,2.0,24.6,0.0,0.0,15.6,0.0,0.0,5.3,40.3,35.1,0.0,0.0,0.0,0.0,139.0,609.0,136.0,623.0,145.0,593.0,149.0,605.0,0.0,0.0,-27.0,0.0,0.0,24.6,1.0,4.998,0.0,0.0,1.36,1.505,62.2,29.7,0.0,0.0,0.0,,0.0,80.6,86.0,0.0,0.0,0.0,0.0,282.2,1128.2,276.8,1153.4,293.0,1099.4,300.2,1121.0,0.0,0.0,85.46000000000001,857.0,288.05,207.45000000000002,4.860000000000014,0.1855277777777778,2569.046333333333,0.0,0.48,0.49,392.0,True,2026-09-05 12:08:19-07:00
349.06,2,9,2026-09-05 19:14:07,37.07749,-121.5955,300.0,0.1,66.8,-12.6,0.0,,0.0,0.0,0.0,10.4,-1.3,53.7,0.0,233.0,0.1,-0.02,1.0,99.0,17.0,27,0.0,29.98,1677.0,0.0,0.0,106,0.0,0.0,0.0,0.0,0.0,0.0,0.0,0.0,0.0,0.0,0.0,0.0,-4.0,0.0,0.0,-22.0,0.0,0.0,0.0,0.0,1.0,0.0,0.0,1200.0,62.0,30.0,852.0,852.0,14.2,1.9,0.0,1.9,24.6,0.0,0.0,15.6,0.0,0.0,5.1,40.3,35.1,0.0,0.0,0.0,0.0,139.0,608.0,136.0,622.0,145.0,591.0,149.0,603.0,0.0,0.0,-27.0,0.0,0.0,24.6,1.0,4.998,0.0,0.0,1.36,1.511,62.1,29.8,0.0,0.0,0.0,,0.0,80.6,86.0,0.0,0.0,0.0,0.0,282.2,1126.4,276.8,1151.6,293.0,1095.8,300.2,1117.4,0.0,0.0,85.64,852.0,288.05,207.45000000000002,5.040000000000006,0.18606944444444445,2569.1306666666665,0.052631578947368425,0.48,0.49,392.0,True,2026-09-05 12:08:19-07:00
350.06,2,9,2026-09-05 19:14:08,37.07749,-121.5955,300.0,0.1,66.8,-12.6,0.0,,0.0,0.0,0.0,10.5,-1.3,53.5,0.0,233.0,0.0,-0.02,1.0,99.0,1.0,27,0.0,29.98,1677.0,0.0,0.0,106,0.0,0.0,0.0,0.0,0.0,0.0,0.0,0.0,0.0,0.0,0.0,0.0,-4.0,0.0,0.0,-23.0,0.0,0.0,0.0,0.0,1.0,1.0,0.0,1200.0,62.0,30.0,845.0,845.0,14.2,1.9,0.0,1.9,24.6,0.0,0.0,15.6,0.0,0.0,5.0,40.3,35.1,0.0,0.0,0.0,0.0,139.0,607.0,136.0,621.0,145.0,590.0,149.0,601.0,0.0,0.0,-27.0,0.0,0.0,24.6,1.0,4.998,0.0,0.0,1.36,1.506,61.8,29.7,0.0,0.0,0.0,,0.0,80.6,86.0,0.0,0.0,0.0,0.0,282.2,1124.6,276.8,1149.8,293.0,1094.0,300.2,1113.8,0.0,0.0,85.46000000000001,845.0,288.05,207.45000000000002,4.860000000000014,0.18659722222222222,2569.2993333333334,0.052631578947368425,0.48,0.49,392.0,True,2026-09-05 12:08:19-07:00
351.06,2,9,2026-09-05 19:14:09,37.07748,-121.5955,296.0,0.0,66.8,-12.6,0.0,,0.0,0.0,0.0,10.6,-1.3,53.3,0.0,233.0,0.1,-0.02,1.0,99.0,-22.0,27,0.0,29.98,1677.0,0.0,0.0,106,0.0,0.0,0.0,0.0,0.0,0.0,0.0,0.0,0.0,0.0,0.0,0.0,-4.0,0.0,0.0,-23.0,0.0,0.0,0.0,0.0,1.0,0.0,0.0,1200.0,62.0,30.0,834.0,834.0,14.3,1.8,0.0,1.8,24.6,0.0,0.0,15.6,0.0,0.0,5.1,40.3,35.1,0.0,0.0,0.0,0.0,139.0,606.0,136.0,620.0,145.0,589.0,150.0,600.0,0.0,0.0,-27.0,0.0,0.0,24.6,1.0,4.998,0.0,0.0,1.36,1.509,61.6,29.8,0.0,0.0,0.0,,0.0,80.6,86.0,0.0,0.0,0.0,0.0,282.2,1122.8,276.8,1148.0,293.0,1092.2,302.0,1112.0,0.0,0.0,85.64,834.0,288.5,207.9,5.040000000000006,0.18711111111111112,2569.3836666666666,0.0,0.48,0.49,392.0,True,2026-09-05 12:08:19-07:00
352.06,2,9,2026-09-05 19:14:10,37.07747,-121.59549,267.0,0.0,66.8,-12.6,0.0,,0.0,0.0,0.0,10.7,-1.3,53.2,0.0,233.0,0.1,-0.02,1.0,99.0,-26.0,27,0.0,29.98,1677.0,0.0,0.0,106,0.0,0.0,0.0,0.0,0.0,0.0,0.0,0.0,0.0,0.0,0.0,0.0,-3.0,0.0,0.0,-23.0,0.0,0.0,0.0,0.0,1.0,1.0,0.0,1200.0,61.0,30.0,839.0,839.0,14.4,1.8,0.0,1.8,24.6,0.0,0.0,15.6,0.0,0.0,5.2,40.3,35.1,0.0,0.0,0.0,0.0,139.0,605.0,136.0,620.0,145.0,587.0,150.0,599.0,0.0,0.0,-27.0,0.0,0.0,24.6,1.0,4.998,0.0,0.0,1.36,1.508,61.4,29.8,0.0,0.0,0.0,,0.0,80.6,86.0,0.0,0.0,0.0,0.0,282.2,1121.0,276.8,1148.0,293.0,1088.6,302.0,1110.2,0.0,0.0,85.64,839.0,288.5,207.9,5.040000000000006,0.18761111111111112,2569.3836666666666,0.0,0.48,0.49,392.0,True,2026-09-05 12:08:19-07:00
353.06,2,9,2026-09-05 19:14:11,37.07747,-121.59549,267.0,0.0,66.8,-12.6,0.0,,0.0,0.0,0.0,10.7,-1.3,53.1,0.0,233.0,0.1,-0.02,1.0,99.0,15.0,27,0.0,29.98,1677.0,0.0,0.0,106,0.0,0.0,0.0,0.0,0.0,0.0,0.0,0.0,0.0,0.0,0.0,0.0,-3.0,0.0,0.0,-23.0,0.0,0.0,0.0,0.0,1.0,0.0,0.0,1200.0,61.0,30.0,831.0,831.0,14.4,1.8,0.0,1.8,24.6,0.0,0.0,15.6,0.0,0.0,5.3,40.3,35.1,0.0,0.0,0.0,0.0,140.0,604.0,136.0,621.0,146.0,587.0,150.0,597.0,0.0,0.0,-27.0,0.0,0.0,24.6,1.0,4.998,0.0,0.0,1.36,1.51,61.2,29.9,0.0,0.0,0.0,,0.0,80.6,86.0,0.0,0.0,0.0,0.0,284.0,1119.2,276.8,1149.8,294.8,1088.6,302.0,1106.6,0.0,0.0,85.82,831.0,289.4,208.79999999999998,5.219999999999999,0.18811111111111112,2569.3836666666666,0.0,0.48,0.49,392.0,True,2026-09-05 12:08:19-07:00
354.06,2,9,2026-09-05 19:14:12,37.07747,-121.59549,267.0,0.0,66.8,-12.6,0.0,,0.0,0.0,0.0,10.8,-1.3,53.0,0.0,233.0,0.1,-0.02,1.0,99.0,27.0,27,0.0,29.98,1677.0,0.0,0.0,106,0.0,0.0,0.0,0.0,0.0,0.0,0.0,0.0,0.0,0.0,0.0,0.0,-3.0,0.0,0.0,-23.0,0.0,0.0,0.0,0.0,1.0,0.0,0.0,1200.0,62.0,30.0,858.0,858.0,14.5,1.8,0.0,1.8,24.6,0.0,0.0,15.6,0.0,0.0,5.3,40.3,35.1,0.0,0.0,0.0,0.0,140.0,602.0,136.0,620.0,146.0,586.0,150.0,594.0,0.0,0.0,-27.0,0.0,0.0,24.6,1.0,4.998,0.0,0.0,1.36,1.511,61.5,30.0,0.0,0.0,0.0,,0.0,80.6,86.0,0.0,0.0,0.0,0.0,284.0,1115.6,276.8,1148.0,294.8,1086.8,302.0,1101.2,0.0,0.0,86.0,858.0,289.4,208.79999999999998,5.400000000000006,0.18861111111111112,2569.3836666666666,0.0,0.48,0.49,392.0,True,2026-09-05 12:08:19-07:00
355.06,2,9,2026-09-05 19:14:13,37.07747,-121.59549,267.0,0.0,66.8,-12.6,0.0,,0.0,0.0,0.0,10.8,-1.3,52.9,0.0,233.0,0.1,-0.02,1.0,99.0,-1.0,27,0.0,29.98,1677.0,0.0,0.0,106,0.0,0.0,0.0,0.0,0.0,0.0,0.0,0.0,0.0,0.0,0.0,0.0,-2.0,0.0,0.0,-23.0,0.0,0.0,0.0,0.0,1.0,0.0,0.0,1200.0,62.0,30.0,834.0,834.0,14.3,1.8,0.0,1.8,24.6,0.0,0.0,15.6,0.0,0.0,5.7,40.3,35.1,0.0,0.0,0.0,0.0,140.0,602.0,136.0,619.0,146.0,585.0,150.0,594.0,0.0,0.0,-27.0,0.0,0.0,24.6,1.0,4.998,0.0,0.0,1.36,1.508,61.5,30.0,0.0,0.0,0.0,,0.0,80.6,86.0,0.0,0.0,0.0,0.0,284.0,1115.6,276.8,1146.2,294.8,1085.0,302.0,1101.2,0.0,0.0,86.0,834.0,289.4,208.79999999999998,5.400000000000006,0.18911111111111112,2569.3836666666666,0.0,0.48,0.49,392.0,True,2026-09-05 12:08:19-07:00
356.06,2,9,2026-09-05 19:14:14,37.07747,-121.59549,267.0,0.0,66.8,-12.6,0.0,,0.0,0.0,0.0,10.9,-1.3,52.8,0.0,233.0,0.0,-0.02,1.0,99.0,55.0,27,0.0,29.98,1677.0,0.0,0.0,106,0.0,0.0,0.0,0.0,0.0,0.0,0.0,0.0,0.0,0.0,0.0,0.0,-2.0,0.0,0.0,-23.0,0.0,0.0,0.0,0.0,1.0,0.0,0.0,1200.0,61.0,30.0,854.0,854.0,14.3,1.7,0.0,1.7,24.6,0.0,0.0,15.6,0.0,0.0,6.1,40.3,35.1,0.0,0.0,0.0,0.0,140.0,602.0,137.0,618.0,146.0,583.0,150.0,593.0,0.0,0.0,-27.0,0.0,0.0,24.6,1.0,4.998,0.0,0.0,1.36,1.51,61.4,30.0,0.0,0.0,0.0,,0.0,80.6,86.0,0.0,0.0,0.0,0.0,284.0,1115.6,278.6,1144.4,294.8,1081.4,302.0,1099.4,0.0,0.0,86.0,854.0,289.85,209.25000000000003,5.400000000000006,0.18959722222222222,2569.3836666666666,0.0,0.48,0.49,392.0,True,2026-09-05 12:08:19-07:00
357.06,2,9,2026-09-05 19:14:15,37.07747,-121.59549,266.0,0.1,66.8,-12.6,0.0,,0.0,0.0,0.0,11.0,-1.3,52.7,0.0,233.0,0.1,-0.02,1.0,99.0,50.0,27,0.0,29.98,1677.0,0.0,0.0,106,0.0,0.0,0.0,0.0,0.0,0.0,0.0,0.0,0.0,0.0,0.0,0.0,-1.0,0.0,0.0,-23.0,0.0,0.0,0.0,0.0,1.0,1.0,0.0,1200.0,61.0,30.0,835.0,835.0,14.3,1.7,0.0,1.7,24.6,0.0,0.0,15.6,0.0,0.0,6.4,40.3,35.1,0.0,0.0,0.0,0.0,140.0,601.0,137.0,617.0,146.0,582.0,150.0,591.0,0.0,0.0,-27.0,0.0,0.0,24.6,1.0,4.998,0.0,0.0,1.36,1.517,61.4,30.1,0.0,0.0,0.0,,0.0,80.6,86.0,0.0,0.0,0.0,0.0,284.0,1113.8,278.6,1142.6,294.8,1079.6,302.0,1095.8,0.0,0.0,86.18,835.0,289.85,209.25000000000003,5.5800000000000125,0.19006944444444446,2569.468,0.05882352941176471,0.48,0.49,392.0,True,2026-09-05 12:08:19-07:00
358.06,2,9,2026-09-05 19:14:16,37.07747,-121.59549,266.0,0.0,66.8,-12.6,0.0,,0.0,0.0,0.0,11.1,-1.2,52.7,0.0,233.0,0.1,-0.02,1.0,99.0,26.0,27,0.0,29.98,1677.0,0.0,0.0,106,0.0,0.0,0.0,0.0,0.0,0.0,0.0,0.0,0.0,0.0,0.0,0.0,-1.0,0.0,0.0,-23.0,0.0,0.0,0.0,0.0,1.0,0.0,0.0,1200.0,61.0,30.0,839.0,839.0,14.4,1.7,0.0,1.7,24.6,0.0,0.0,15.6,0.0,0.0,6.6,40.3,35.1,0.0,0.0,0.0,0.0,140.0,599.0,137.0,617.0,146.0,581.0,151.0,590.0,0.0,0.0,-27.0,0.0,0.0,24.6,1.0,4.998,0.0,0.0,1.36,1.512,61.4,30.2,0.0,0.0,0.0,,0.0,80.6,86.0,0.0,0.0,0.0,0.0,284.0,1110.2,278.6,1142.6,294.8,1077.8,303.8,1094.0,0.0,0.0,86.36,839.0,290.3,209.70000000000002,5.760000000000005,0.19054166666666666,2569.552333333333,0.0,0.48,0.49,392.0,True,2026-09-05 12:08:19-07:00
359.06,2,9,2026-09-05 19:14:17,37.07747,-121.59549,266.0,0.0,66.8,-12.6,0.0,,0.0,0.0,0.0,11.1,-1.2,52.7,0.0,233.0,0.1,-0.02,1.0,99.0,15.0,27,0.0,29.98,1677.0,0.0,0.0,106,0.0,0.0,0.0,0.0,0.0,0.0,0.0,0.0,0.0,0.0,0.0,0.0,0.0,0.0,0.0,-23.0,0.0,0.0,0.0,0.0,1.0,0.0,0.0,1200.0,61.0,30.0,837.0,837.0,14.4,1.7,0.0,1.7,24.6,0.0,0.0,15.6,0.0,0.0,6.6,40.3,35.1,0.0,0.0,0.0,0.0,141.0,598.0,137.0,618.0,147.0,580.0,151.0,590.0,0.0,0.0,-27.0,0.0,0.0,24.6,1.0,4.998,0.0,0.0,1.36,1.519,61.2,30.3,0.0,0.0,0.0,,0.0,80.6,86.0,0.0,0.0,0.0,0.0,285.8,1108.4,278.6,1144.4,296.6,1076.0,303.8,1094.0,0.0,0.0,86.53999999999999,837.0,291.20000000000005,210.60000000000005,5.939999999999998,0.1910138888888889,2569.552333333333,0.0,0.48,0.49,392.0,True,2026-09-05 12:08:19-07:00
360.06,2,9,2026-09-05 19:14:18,37.07747,-121.59549,267.0,0.0,66.8,-12.6,0.0,,0.0,0.0,0.0,11.1,-1.1,52.6,0.0,233.0,0.1,-0.02,1.0,99.0,16.0,27,0.0,29.98,1677.0,0.0,0.0,106,0.0,0.0,0.0,0.0,0.0,0.0,0.0,0.0,0.0,0.0,0.0,0.0,0.0,0.0,0.0,-23.0,0.0,0.0,0.0,0.0,1.0,0.0,0.0,1200.0,61.0,30.0,837.0,837.0,14.4,1.7,0.0,1.7,24.6,0.0,0.0,15.6,0.0,0.0,6.1,40.3,35.1,0.0,0.0,0.0,0.0,141.0,597.0,137.0,618.0,147.0,579.0,151.0,589.0,0.0,0.0,-27.0,0.0,0.0,24.6,1.0,4.998,0.0,0.0,1.36,1.521,61.1,30.2,0.0,0.0,0.0,,0.0,80.6,86.0,0.0,0.0,0.0,0.0,285.8,1106.6,278.6,1144.4,296.6,1074.2,303.8,1092.2,0.0,0.0,86.36,837.0,291.20000000000005,210.60000000000005,5.760000000000005,0.1914861111111111,2569.552333333333,0.0,0.48,0.49,392.0,True,2026-09-05 12:08:19-07:00
361.06,2,9,2026-09-05 19:14:19,37.07747,-121.5955,264.0,0.0,66.8,-12.6,0.0,,0.0,0.0,0.0,11.1,-1.2,52.6,0.0,233.0,0.1,-0.02,1.0,99.0,28.0,27,0.0,29.98,1677.0,0.0,0.0,106,0.0,0.0,0.0,0.0,0.0,0.0,0.0,0.0,0.0,0.0,0.0,0.0,-2.0,0.0,0.0,0.0,0.0,0.0,0.0,0.0,1.0,0.0,0.0,1200.0,61.0,30.0,850.0,850.0,14.4,1.7,0.0,1.7,24.6,0.0,0.0,15.6,0.0,0.0,5.8,40.3,35.1,0.0,0.0,0.0,0.0,141.0,597.0,137.0,617.0,147.0,578.0,151.0,589.0,0.0,0.0,-27.0,0.0,0.0,24.6,1.0,4.998,0.0,0.0,1.36,1.519,61.4,30.3,0.0,0.0,0.0,,0.0,80.6,86.0,0.0,0.0,0.0,0.0,285.8,1106.6,278.6,1142.6,296.6,1072.4,303.8,1092.2,0.0,0.0,86.53999999999999,850.0,291.20000000000005,210.60000000000005,5.939999999999998,0.19195833333333334,2569.552333333333,0.0,0.48,0.49,392.0,True,2026-09-05 12:08:19-07:00
362.06,2,9,2026-09-05 19:14:20,37.07747,-121.5955,264.0,0.0,66.8,-12.6,0.0,,0.0,0.0,0.0,11.1,-1.2,52.6,0.0,233.0,0.1,-0.02,1.0,99.0,-21.0,27,0.0,29.98,1677.0,0.0,0.0,106,0.0,0.0,0.0,0.0,0.0,0.0,0.0,0.0,0.0,0.0,0.0,0.0,-2.0,0.0,0.0,-2.0,0.0,0.0,0.0,0.0,1.0,1.0,0.0,1200.0,61.0,30.0,850.0,850.0,14.2,1.7,0.0,1.7,24.6,0.0,0.0,15.6,0.0,0.0,5.6,40.3,35.1,0.0,0.0,0.0,0.0,141.0,597.0,138.0,617.0,147.0,578.0,151.0,587.0,0.0,0.0,-27.0,0.0,0.0,24.6,1.0,4.998,0.0,0.0,1.359,1.517,61.5,30.3,0.0,0.0,0.0,,0.0,80.6,86.0,0.0,0.0,0.0,0.0,285.8,1106.6,280.4,1142.6,296.6,1072.4,303.8,1088.6,0.0,0.0,86.53999999999999,850.0,291.65000000000003,211.05000000000004,5.939999999999998,0.19243055555555555,2569.552333333333,0.0,0.48,0.49,392.0,True,2026-09-05 12:08:19-07:00
363.06,2,9,2026-09-05 19:14:21,37.07747,-121.5955,264.0,0.1,66.8,-12.6,0.0,,0.0,0.0,0.0,11.1,-1.2,52.5,0.0,233.0,0.1,-0.02,1.0,99.0,15.0,27,0.0,29.98,1677.0,0.0,0.0,106,0.0,0.0,0.0,0.0,0.0,0.0,0.0,0.0,0.0,0.0,0.0,0.0,-2.0,0.0,0.0,-3.0,0.0,0.0,0.0,0.0,1.0,0.0,0.0,1200.0,62.0,30.0,848.0,848.0,14.1,1.7,0.0,1.7,24.6,0.0,0.0,15.6,0.0,0.0,5.5,40.3,35.1,0.0,0.0,0.0,0.0,141.0,594.0,137.0,617.0,147.0,576.0,152.0,587.0,0.0,0.0,-27.0,0.0,0.0,24.6,1.0,4.998,0.0,0.0,1.36,1.52,61.5,30.4,0.0,0.0,0.0,,0.0,80.6,86.0,0.0,0.0,0.0,0.0,285.8,1101.2,278.6,1142.6,296.6,1068.8,305.6,1088.6,0.0,0.0,86.72,848.0,291.65000000000003,211.05000000000004,6.1200000000000045,0.19290277777777778,2569.6366666666668,0.05882352941176471,0.48,0.49,392.0,True,2026-09-05 12:08:19-07:00
364.06,2,9,2026-09-05 19:14:22,37.07747,-121.5955,264.0,0.0,66.8,-12.6,0.0,,0.0,0.0,0.0,11.2,-1.3,52.5,0.0,233.0,0.0,-0.02,1.0,99.0,21.0,27,0.0,29.98,1677.0,0.0,0.0,106,0.0,0.0,0.0,0.0,0.0,0.0,0.0,0.0,0.0,0.0,0.0,0.0,-2.0,0.0,0.0,-5.0,0.0,0.0,0.0,0.0,1.0,0.0,0.0,1200.0,62.0,31.0,849.0,849.0,14.1,1.7,0.0,1.7,24.6,0.0,0.0,15.6,0.0,0.0,5.3,40.3,35.1,0.0,0.0,0.0,0.0,141.0,594.0,138.0,615.0,147.0,576.0,152.0,586.0,0.0,0.0,-27.0,0.0,0.0,24.6,1.0,4.998,0.0,0.0,1.36,1.525,61.6,30.5,0.0,0.0,0.0,,0.0,80.6,87.8,0.0,0.0,0.0,0.0,285.8,1101.2,280.4,1139.0,296.6,1068.8,305.6,1086.8,0.0,0.0,86.9,849.0,292.1,211.50000000000003,6.300000000000011,0.193375,2569.721,0.0,0.48,0.49,392.0,True,2026-09-05 12:08:19-07:00
365.06,2,9,2026-09-05 19:14:23,37.07747,-121.5955,263.0,0.0,66.8,-12.6,0.0,,0.0,0.0,0.0,11.2,-1.3,52.4,0.0,233.0,0.0,-0.02,1.0,99.0,60.0,27,0.0,29.98,1677.0,0.0,0.0,106,0.0,0.0,0.0,0.0,0.0,0.0,0.0,0.0,0.0,0.0,0.0,0.0,-3.0,0.0,0.0,-7.0,0.0,0.0,0.0,0.0,1.0,0.0,0.0,1200.0,61.0,30.0,845.0,845.0,14.2,1.7,0.0,1.7,24.6,0.0,0.0,15.6,0.0,0.0,5.1,40.3,35.1,0.0,0.0,0.0,0.0,141.0,594.0,138.0,615.0,148.0,576.0,152.0,585.0,0.0,0.0,-27.0,0.0,0.0,24.6,1.0,4.998,0.0,0.0,1.36,1.526,61.4,30.5,0.0,0.0,0.0,,0.0,80.6,86.0,0.0,0.0,0.0,0.0,285.8,1101.2,280.4,1139.0,298.4,1068.8,305.6,1085.0,0.0,0.0,86.9,845.0,292.55,211.95000000000002,6.300000000000011,0.19384722222222223,2569.721,0.0,0.48,0.49,392.0,True,2026-09-05 12:08:19-07:00
366.06,2,9,2026-09-05 19:14:24,37.07747,-121.5955,263.0,0.1,66.8,-12.6,0.0,,0.0,0.0,0.0,11.2,-1.2,52.4,0.0,233.0,0.1,-0.02,1.0,99.0,7.0,27,0.0,29.98,1677.0,0.0,0.0,106,0.0,0.0,0.0,0.0,0.0,0.0,0.0,0.0,0.0,0.0,0.0,0.0,-3.0,0.0,0.0,-8.0,0.0,0.0,0.0,0.0,1.0,0.0,0.0,1200.0,61.0,31.0,855.0,855.0,14.2,1.7,0.0,1.7,24.6,0.0,0.0,15.6,0.0,0.0,5.1,40.3,35.1,0.0,0.0,0.0,0.0,142.0,594.0,138.0,614.0,148.0,576.0,152.0,584.0,0.0,0.0,-27.0,0.0,0.0,24.6,1.0,4.998,0.0,0.0,1.36,1.526,61.5,30.5,0.0,0.0,0.0,,0.0,80.6,87.8,0.0,0.0,0.0,0.0,287.6,1101.2,280.4,1137.2,298.4,1068.8,305.6,1083.2,0.0,0.0,86.9,855.0,293.0,212.4,6.300000000000011,0.19431944444444443,2569.8053333333332,0.05882352941176471,0.48,0.49,392.0,True,2026-09-05 12:08:19-07:00
367.06,2,9,2026-09-05 19:14:25,37.07747,-121.5955,263.0,0.1,66.8,-12.6,0.0,,0.0,0.0,0.0,11.2,-1.3,52.4,0.0,233.0,0.1,-0.02,1.0,99.0,-2.0,27,0.0,29.98,1677.0,0.0,0.0,106,0.0,0.0,0.0,0.0,0.0,0.0,0.0,0.0,0.0,0.0,0.0,0.0,-3.0,0.0,0.0,-8.0,0.0,0.0,0.0,0.0,1.0,0.0,0.0,1200.0,61.0,31.0,835.0,835.0,14.2,1.7,0.0,1.7,24.6,0.0,0.0,15.6,0.0,0.0,5.2,40.3,35.1,0.0,0.0,0.0,0.0,142.0,594.0,138.0,615.0,148.0,576.0,152.0,584.0,0.0,0.0,-27.0,0.0,0.0,24.6,1.0,4.998,0.0,0.0,1.36,1.522,61.1,30.6,0.0,0.0,0.0,,0.0,80.6,87.8,0.0,0.0,0.0,0.0,287.6,1101.2,280.4,1139.0,298.4,1068.8,305.6,1083.2,0.0,0.0,87.08000000000001,835.0,293.0,212.4,6.480000000000018,0.19479166666666667,2569.974,0.05882352941176471,0.48,0.49,392.0,True,2026-09-05 12:08:19-07:00
368.06,2,9,2026-09-05 19:14:26,37.07747,-121.5955,263.0,0.1,66.8,-12.6,0.0,,0.0,0.0,0.0,11.2,-1.3,52.4,0.0,233.0,0.1,-0.02,1.0,99.0,2.0,27,0.0,29.98,1677.0,0.0,0.0,106,0.0,0.0,0.0,0.0,0.0,0.0,0.0,0.0,0.0,0.0,0.0,0.0,-3.0,0.0,0.0,-8.0,0.0,0.0,0.0,0.0,1.0,0.0,0.0,1200.0,62.0,31.0,896.0,896.0,13.8,1.6,0.0,1.6,24.7,0.0,0.0,15.6,0.0,0.0,5.3,40.3,35.1,0.0,0.0,0.0,0.0,142.0,593.0,139.0,614.0,148.0,577.0,152.0,585.0,0.0,0.0,-27.0,0.0,0.0,24.7,1.0,4.998,0.0,0.0,1.36,1.519,62.1,30.7,0.0,0.0,0.0,,0.0,80.6,87.8,0.0,0.0,0.0,0.0,287.6,1099.4,282.2,1137.2,298.4,1070.6,305.6,1085.0,0.0,0.0,87.26,896.0,293.45000000000005,212.85000000000005,6.660000000000011,0.19525,2570.1426666666666,0.0625,0.48,0.49,392.0,True,2026-09-05 12:08:19-07:00
369.06,2,9,2026-09-05 19:14:27,37.07747,-121.5955,263.0,0.1,66.8,-12.6,0.0,,0.0,0.0,0.0,11.2,-1.3,52.3,0.0,233.0,0.0,-0.02,1.0,99.0,14.0,27,0.0,29.98,1677.0,0.0,0.0,106,0.0,0.0,0.0,0.0,0.0,0.0,0.0,0.0,0.0,0.0,0.0,0.0,-3.0,0.0,0.0,-8.0,0.0,0.0,0.0,0.0,1.0,0.0,0.0,1200.0,62.0,31.0,865.0,865.0,13.7,1.6,0.0,1.6,24.7,0.0,0.0,15.6,0.0,0.0,5.1,40.3,35.1,0.0,0.0,0.0,0.0,142.0,590.0,139.0,612.0,148.0,577.0,153.0,585.0,0.0,0.0,-27.0,0.0,0.0,24.7,1.0,4.998,0.0,0.0,1.36,1.522,62.1,30.7,0.0,0.0,0.0,,0.0,80.6,87.8,0.0,0.0,0.0,0.0,287.6,1094.0,282.2,1133.6,298.4,1070.6,307.4,1085.0,0.0,0.0,87.26,865.0,293.9,213.29999999999998,6.660000000000011,0.19569444444444445,2570.311333333333,0.0625,0.48,0.49,392.0,True,2026-09-05 12:08:19-07:00
370.06,2,9,2026-09-05 19:14:28,37.07747,-121.5955,262.0,0.2,66.8,-12.6,0.0,,0.0,0.0,0.0,11.2,-1.3,52.2,0.0,233.0,0.0,-0.02,1.0,99.0,24.0,27,0.0,29.98,1677.0,0.0,0.0,106,0.0,0.0,0.0,0.0,0.0,0.0,0.0,0.0,0.0,0.0,0.0,0.0,-3.0,0.0,0.0,-8.0,0.0,0.0,0.0,0.0,1.0,0.0,0.0,1200.0,62.0,31.0,880.0,880.0,13.8,1.6,0.0,1.6,24.6,0.0,0.0,15.6,0.0,0.0,4.9,40.3,35.1,0.0,0.0,0.0,0.0,142.0,590.0,139.0,612.0,148.0,576.0,153.0,585.0,0.0,0.0,-27.0,0.0,0.0,24.6,1.0,4.998,0.0,0.0,1.36,1.53,62.1,30.7,0.0,0.0,0.0,,0.0,80.6,87.8,0.0,0.0,0.0,0.0,287.6,1094.0,282.2,1133.6,298.4,1068.8,307.4,1085.0,0.0,0.0,87.26,880.0,293.9,213.29999999999998,6.660000000000011,0.1961388888888889,2570.5643333333333,0.125,0.48,0.49,392.0,True,2026-09-05 12:08:19-07:00
371.06,2,9,2026-09-05 19:14:29,37.07747,-121.5955,264.0,0.2,66.8,-12.6,0.0,,0.0,0.0,0.0,11.2,-1.3,52.2,0.0,233.0,-0.0,-0.02,1.0,99.0,-5.0,27,0.0,29.98,1677.0,0.0,0.0,106,0.0,0.0,0.0,0.0,0.0,0.0,0.0,0.0,0.0,0.0,0.0,0.0,-3.0,0.0,0.0,-8.0,0.0,0.0,0.0,0.0,1.0,0.0,0.0,1200.0,62.0,31.0,870.0,870.0,13.7,1.6,0.0,1.6,24.6,0.0,0.0,15.6,0.0,0.0,5.0,40.3,35.1,0.0,0.0,0.0,0.0,142.0,588.0,139.0,610.0,149.0,578.0,153.0,585.0,0.0,0.0,-27.0,0.0,0.0,24.6,1.0,4.998,0.0,0.0,1.36,1.53,62.1,30.8,0.0,0.0,0.0,,0.0,80.6,87.8,0.0,0.0,0.0,0.0,287.6,1090.4,282.2,1130.0,300.2,1072.4,307.4,1085.0,0.0,0.0,87.44,870.0,294.35,213.75000000000003,6.840000000000003,0.19658333333333333,2570.9016666666666,0.125,0.48,0.49,392.0,True,2026-09-05 12:08:19-07:00
372.06,2,9,2026-09-05 19:14:30,37.07747,-121.59549,264.0,0.1,66.8,-12.6,0.0,,0.0,0.0,0.0,11.2,-1.3,52.1,0.0,233.0,0.0,-0.02,0.9,99.0,22.0,27,0.0,29.98,1677.0,0.0,0.0,106,0.0,0.0,0.0,0.0,0.0,0.0,0.0,0.0,0.0,0.0,0.0,0.0,-3.0,0.0,0.0,-8.0,0.0,0.0,0.0,0.0,1.0,0.0,0.0,1200.0,62.0,31.0,886.0,886.0,13.7,1.6,0.0,1.6,24.7,0.0,0.0,15.6,0.0,0.0,5.1,40.3,35.1,0.0,0.0,0.0,0.0,142.0,587.0,139.0,610.0,149.0,578.0,153.0,585.0,0.0,0.0,-27.0,0.0,0.0,24.7,1.0,4.998,0.0,0.0,1.36,1.525,62.2,30.8,0.0,0.0,0.0,,0.0,80.6,87.8,0.0,0.0,0.0,0.0,287.6,1088.6,282.2,1130.0,300.2,1072.4,307.4,1085.0,0.0,0.0,87.44,886.0,294.35,213.75000000000003,6.840000000000003,0.19702777777777777,2571.154666666667,0.0625,0.48,0.49,392.0,True,2026-09-05 12:08:19-07:00
373.06,2,9,2026-09-05 19:14:31,37.07747,-121.59549,264.0,0.1,66.8,-12.6,0.0,,0.0,0.0,0.0,11.2,-1.4,52.0,0.0,233.0,0.0,-0.02,1.0,99.0,20.0,27,0.0,29.98,1677.0,0.0,0.0,106,0.0,0.0,0.0,0.0,0.0,0.0,0.0,0.0,0.0,0.0,0.0,0.0,-3.0,0.0,0.0,-10.0,0.0,0.0,0.0,0.0,1.0,0.0,0.0,1200.0,62.0,31.0,895.0,895.0,13.6,1.6,0.0,1.6,24.7,0.0,0.0,15.6,0.0,0.0,5.2,40.3,35.1,0.0,0.0,0.0,0.0,143.0,585.0,139.0,609.0,149.0,578.0,153.0,584.0,0.0,0.0,-27.0,0.0,0.0,24.7,1.0,4.998,0.0,0.0,1.36,1.528,62.4,30.9,0.0,0.0,0.0,,0.0,80.6,87.8,0.0,0.0,0.0,0.0,289.4,1085.0,282.2,1128.2,300.2,1072.4,307.4,1083.2,0.0,0.0,87.61999999999999,895.0,294.79999999999995,214.19999999999996,7.019999999999996,0.19747222222222222,2571.3233333333333,0.0625,0.48,0.49,392.0,True,2026-09-05 12:08:19-07:00
374.06,2,9,2026-09-05 19:14:32,37.07747,-121.59549,264.0,0.0,66.8,-12.6,0.0,,0.0,0.0,0.0,11.2,-1.4,52.0,0.0,233.0,0.0,-0.02,1.0,99.0,22.0,27,0.0,29.98,1677.0,0.0,0.0,106,0.0,0.0,0.0,0.0,0.0,0.0,0.0,0.0,0.0,0.0,0.0,0.0,-3.0,0.0,0.0,-16.0,0.0,0.0,0.0,0.0,1.0,0.0,0.0,1200.0,62.0,31.0,872.0,872.0,13.4,1.5,0.0,1.5,24.6,0.0,0.0,15.6,0.0,0.0,5.1,40.3,35.1,0.0,0.0,0.0,0.0,143.0,583.0,139.0,608.0,149.0,578.0,153.0,584.0,0.0,0.0,-27.0,0.0,0.0,24.6,1.0,4.998,0.0,0.0,1.36,1.53,62.3,31.0,0.0,0.0,0.0,,0.0,80.6,87.8,0.0,0.0,0.0,0.0,289.4,1081.4,282.2,1126.4,300.2,1072.4,307.4,1083.2,0.0,0.0,87.8,872.0,294.79999999999995,214.19999999999996,7.200000000000003,0.1979027777777778,2571.4076666666665,0.0,0.48,0.49,392.0,True,2026-09-05 12:08:19-07:00
375.06,2,9,2026-09-05 19:14:33,37.07747,-121.59549,265.0,0.0,66.8,-12.6,0.0,,0.0,0.0,0.0,11.2,-1.3,52.0,0.0,233.0,0.0,-0.02,1.0,99.0,22.0,27,0.0,29.98,1677.0,0.0,0.0,106,0.0,0.0,0.0,0.0,0.0,0.0,0.0,0.0,0.0,0.0,0.0,0.0,3.0,0.0,0.0,-21.0,0.0,0.0,0.0,0.0,1.0,0.0,0.0,1200.0,62.0,31.0,876.0,876.0,13.5,1.5,0.0,1.5,24.7,0.0,0.0,15.6,0.0,0.0,4.9,40.3,35.1,0.0,0.0,0.0,0.0,143.0,582.0,140.0,607.0,149.0,578.0,153.0,585.0,0.0,0.0,-27.0,0.0,0.0,24.7,1.0,4.998,0.0,0.0,1.36,1.528,62.0,31.0,0.0,0.0,0.0,,0.0,80.6,87.8,0.0,0.0,0.0,0.0,289.4,1079.6,284.0,1124.6,300.2,1072.4,307.4,1085.0,0.0,0.0,87.8,876.0,295.25,214.65,7.200000000000003,0.19831944444444444,2571.4076666666665,0.0,0.48,0.49,392.0,True,2026-09-05 12:08:19-07:00
376.06,2,9,2026-09-05 19:14:34,37.07747,-121.5955,265.0,0.0,66.8,-12.6,0.0,,0.0,0.0,0.0,11.1,-1.3,52.1,0.0,233.0,0.0,-0.02,1.0,99.0,8.0,27,0.0,29.98,1677.0,0.0,0.0,106,0.0,0.0,0.0,0.0,0.0,0.0,0.0,0.0,0.0,0.0,0.0,0.0,8.0,0.0,0.0,-26.0,0.0,0.0,0.0,0.0,1.0,0.0,0.0,1200.0,62.0,31.0,865.0,865.0,13.6,1.5,0.0,1.5,24.7,0.0,0.0,15.6,0.0,0.0,5.0,40.3,35.1,0.0,0.0,0.0,0.0,143.0,582.0,140.0,606.0,149.0,576.0,154.0,585.0,0.0,0.0,-27.0,0.0,0.0,24.7,1.0,4.998,0.0,0.0,1.36,1.528,62.0,31.0,0.0,0.0,0.0,,0.0,80.6,87.8,0.0,0.0,0.0,0.0,289.4,1079.6,284.0,1122.8,300.2,1068.8,309.2,1085.0,0.0,0.0,87.8,865.0,295.7,215.1,7.200000000000003,0.1987361111111111,2571.4076666666665,0.0,0.48,0.49,392.0,True,2026-09-05 12:08:19-07:00
377.06,2,9,2026-09-05 19:14:35,37.07747,-121.5955,264.0,0.0,66.8,-12.6,0.0,,0.0,0.0,0.0,11.1,-1.3,52.1,0.0,233.0,0.0,-0.02,1.0,99.0,16.0,27,0.0,29.98,1677.0,0.0,0.0,106,0.0,0.0,0.0,0.0,0.0,0.0,0.0,0.0,0.0,0.0,0.0,0.0,5.0,0.0,0.0,-27.0,0.0,0.0,0.0,0.0,1.0,0.0,0.0,1200.0,62.0,31.0,871.0,871.0,13.7,1.5,0.0,1.5,24.6,0.0,0.0,15.6,0.0,0.0,5.1,40.3,35.1,0.0,0.0,0.0,0.0,143.0,581.0,140.0,606.0,150.0,576.0,154.0,585.0,0.0,0.0,-27.0,0.0,0.0,24.6,1.0,4.998,0.0,0.0,1.36,1.523,62.0,31.1,0.0,0.0,0.0,,0.0,80.6,87.8,0.0,0.0,0.0,0.0,289.4,1077.8,284.0,1122.8,302.0,1068.8,309.2,1085.0,0.0,0.0,87.98,871.0,296.15,215.54999999999998,7.38000000000001,0.1991527777777778,2571.4076666666665,0.0,0.48,0.49,392.0,True,2026-09-05 12:08:19-07:00
378.06,2,9,2026-09-05 19:14:36,37.07747,-121.5955,264.0,0.0,66.8,-12.6,0.0,,0.0,0.0,0.0,11.1,-1.3,52.2,0.0,233.0,0.1,-0.02,1.0,99.0,26.0,27,0.0,29.98,1677.0,0.0,0.0,106,0.0,0.0,0.0,0.0,0.0,0.0,0.0,0.0,0.0,0.0,0.0,0.0,5.0,0.0,0.0,-34.0,0.0,0.0,0.0,0.0,1.0,0.0,0.0,1200.0,62.0,31.0,874.0,874.0,13.6,1.5,0.0,1.5,24.7,0.0,0.0,15.6,0.0,0.0,5.2,40.3,35.1,0.0,0.0,0.0,0.0,143.0,582.0,140.0,604.0,150.0,576.0,154.0,584.0,0.0,0.0,-27.0,0.0,0.0,24.7,1.0,4.998,0.0,0.0,1.36,1.523,62.0,31.2,0.0,0.0,0.0,,0.0,80.6,87.8,0.0,0.0,0.0,0.0,289.4,1079.6,284.0,1119.2,302.0,1068.8,309.2,1083.2,0.0,0.0,88.16,874.0,296.15,215.54999999999998,7.560000000000002,0.19956944444444444,2571.4076666666665,0.0,0.48,0.49,392.0,True,2026-09-05 12:08:19-07:00
379.06,2,9,2026-09-05 19:14:37,37.07747,-121.5955,264.0,0.1,66.8,-12.6,0.0,,0.0,0.0,0.0,11.2,-1.3,52.2,0.0,233.0,0.1,-0.02,1.0,99.0,15.0,27,0.0,29.98,1677.0,0.0,0.0,106,0.0,0.0,0.0,0.0,0.0,0.0,0.0,0.0,0.0,0.0,0.0,0.0,5.0,0.0,0.0,-39.0,0.0,0.0,0.0,0.0,1.0,0.0,0.0,1200.0,62.0,31.0,881.0,881.0,13.6,1.5,0.0,1.5,24.7,0.0,0.0,15.6,0.0,0.0,5.1,40.3,35.1,0.0,0.0,0.0,0.0,144.0,580.0,140.0,604.0,150.0,575.0,154.0,584.0,0.0,0.0,-27.0,0.0,0.0,24.7,1.0,4.998,0.0,0.0,1.36,1.52,62.1,31.3,0.0,0.0,0.0,,0.0,80.6,87.8,0.0,0.0,0.0,0.0,291.2,1076.0,284.0,1119.2,302.0,1067.0,309.2,1083.2,0.0,0.0,88.34,881.0,296.6,216.00000000000003,7.740000000000009,0.19998611111111111,2571.4919999999997,0.06666666666666667,0.48,0.49,392.0,True,2026-09-05 12:08:19-07:00
380.06,2,9,2026-09-05 19:14:38,37.07747,-121.5955,263.0,0.0,66.8,-12.6,0.0,,0.0,0.0,0.0,11.1,-1.2,52.3,0.0,233.0,0.1,-0.02,1.0,99.0,28.0,27,0.0,29.98,1677.0,0.0,0.0,106,0.0,0.0,0.0,0.0,0.0,0.0,0.0,0.0,0.0,0.0,0.0,0.0,5.0,0.0,0.0,-40.0,0.0,0.0,0.0,0.0,1.0,0.0,0.0,1200.0,62.0,31.0,871.0,871.0,13.5,1.5,0.0,1.5,24.6,0.0,0.0,15.6,0.0,0.0,4.9,40.3,35.1,0.0,0.0,0.0,0.0,144.0,579.0,140.0,603.0,150.0,576.0,154.0,584.0,0.0,0.0,-27.0,0.0,0.0,24.6,1.0,4.998,0.0,0.0,1.36,1.52,62.1,31.2,0.0,0.0,0.0,,0.0,80.6,87.8,0.0,0.0,0.0,0.0,291.2,1074.2,284.0,1117.4,302.0,1068.8,309.2,1083.2,0.0,0.0,88.16,871.0,296.6,216.00000000000003,7.560000000000002,0.2004027777777778,2571.5763333333334,0.0,0.48,0.49,392.0,True,2026-09-05 12:08:19-07:00
381.06,2,9,2026-09-05 19:14:39,37.07747,-121.5955,262.0,0.1,66.8,-12.6,0.0,,0.0,0.0,0.0,11.1,-1.3,52.2,0.0,233.0,0.0,-0.02,1.0,99.0,-16.0,27,0.0,29.98,1677.0,0.0,0.0,106,0.0,0.0,0.0,0.0,0.0,0.0,0.0,0.0,0.0,0.0,0.0,0.0,5.0,0.0,0.0,-40.0,0.0,0.0,0.0,0.0,1.0,0.0,0.0,1200.0,62.0,31.0,862.0,862.0,13.6,1.5,0.0,1.5,24.6,0.0,0.0,15.6,0.0,0.0,5.0,40.3,35.1,0.0,0.0,0.0,0.0,144.0,579.0,141.0,603.0,150.0,577.0,154.0,585.0,0.0,0.0,-27.0,0.0,0.0,24.6,1.0,4.998,0.0,0.0,1.36,1.521,61.8,31.3,0.0,0.0,0.0,,0.0,80.6,87.8,0.0,0.0,0.0,0.0,291.2,1074.2,285.8,1117.4,302.0,1070.6,309.2,1085.0,0.0,0.0,88.34,862.0,297.05,216.45000000000002,7.740000000000009,0.20081944444444444,2571.6606666666667,0.06666666666666667,0.48,0.49,392.0,True,2026-09-05 12:08:19-07:00
382.06,2,9,2026-09-05 19:14:40,37.07747,-121.59549,262.0,0.1,66.8,-12.6,0.0,,0.0,0.0,0.0,11.1,-1.3,52.2,0.0,233.0,0.0,-0.02,1.0,99.0,5.0,27,0.0,29.98,1677.0,0.0,0.0,106,0.0,0.0,0.0,0.0,0.0,0.0,0.0,0.0,0.0,0.0,0.0,0.0,5.0,0.0,0.0,-41.0,0.0,0.0,0.0,0.0,1.0,0.0,0.0,1200.0,62.0,31.0,881.0,881.0,13.8,1.5,0.0,1.5,24.7,0.0,0.0,15.6,0.0,0.0,5.1,40.3,35.1,0.0,0.0,0.0,0.0,144.0,578.0,140.0,603.0,150.0,576.0,154.0,584.0,0.0,0.0,-27.0,0.0,0.0,24.7,1.0,4.998,0.0,0.0,1.36,1.525,61.8,31.3,0.0,0.0,0.0,,0.0,80.6,87.8,0.0,0.0,0.0,0.0,291.2,1072.4,284.0,1117.4,302.0,1068.8,309.2,1083.2,0.0,0.0,88.34,881.0,296.6,216.00000000000003,7.740000000000009,0.20123611111111112,2571.829333333333,0.06666666666666667,0.48,0.49,392.0,True,2026-09-05 12:08:19-07:00
383.06,2,9,2026-09-05 19:14:41,37.07747,-121.59549,264.0,0.0,66.8,-12.6,0.0,,0.0,0.0,0.0,11.1,-1.2,52.3,0.0,234.0,0.0,-0.02,1.0,99.0,26.0,27,0.0,29.98,1677.0,0.0,0.0,106,0.0,0.0,0.0,0.0,0.0,0.0,0.0,0.0,0.0,0.0,0.0,0.0,5.0,0.0,0.0,-42.0,0.0,0.0,0.0,0.0,1.0,0.0,0.0,1200.0,62.0,31.0,872.0,872.0,13.6,1.5,0.0,1.5,24.7,0.0,0.0,15.6,0.0,0.0,5.2,40.3,35.1,0.0,0.0,0.0,0.0,144.0,579.0,141.0,602.0,151.0,576.0,154.0,584.0,0.0,0.0,-27.0,0.0,0.0,24.7,1.0,4.998,0.0,0.0,1.36,1.522,62.0,31.4,0.0,0.0,0.0,,0.0,80.6,87.8,0.0,0.0,0.0,0.0,291.2,1074.2,285.8,1115.6,303.8,1068.8,309.2,1083.2,0.0,0.0,88.52,872.0,297.5,216.9,7.920000000000002,0.2016527777777778,2571.913666666667,0.0,0.48,0.49,392.0,True,2026-09-05 12:08:19-07:00
384.06,2,9,2026-09-05 19:14:42,37.07747,-121.59549,264.0,0.1,66.8,-12.6,0.0,,0.0,0.0,0.0,11.1,-1.2,52.3,0.0,234.0,0.1,-0.02,1.0,99.0,8.0,27,0.0,29.98,1677.0,0.0,0.0,106,0.0,0.0,0.0,0.0,0.0,0.0,0.0,0.0,0.0,0.0,0.0,0.0,5.0,0.0,0.0,-42.0,0.0,0.0,0.0,0.0,1.0,0.0,0.0,1200.0,62.0,32.0,884.0,884.0,13.6,1.5,0.0,1.5,24.7,0.0,0.0,15.6,0.0,0.0,5.1,40.3,35.1,0.0,0.0,0.0,0.0,144.0,578.0,141.0,602.0,151.0,576.0,155.0,583.0,0.0,0.0,-27.0,0.0,0.0,24.7,1.0,4.998,0.0,0.0,1.36,1.526,62.0,31.5,0.0,0.0,0.0,,0.0,80.6,89.6,0.0,0.0,0.0,0.0,291.2,1072.4,285.8,1115.6,303.8,1068.8,311.0,1081.4,0.0,0.0,88.7,884.0,297.95,217.35,8.100000000000009,0.20206944444444444,2571.998,0.06666666666666667,0.48,0.49,392.0,True,2026-09-05 12:08:19-07:00
385.06,2,9,2026-09-05 19:14:43,37.07746,-121.59549,264.0,0.1,66.8,-12.6,0.0,,0.0,0.0,0.0,11.2,-1.2,52.3,0.0,234.0,0.1,-0.02,1.0,99.0,28.0,27,0.0,29.98,1677.0,0.0,0.0,106,0.0,0.0,0.0,0.0,0.0,0.0,0.0,0.0,0.0,0.0,0.0,0.0,5.0,0.0,0.0,-43.0,0.0,0.0,0.0,0.0,1.0,0.0,0.0,1200.0,62.0,31.0,871.0,871.0,13.6,1.5,0.0,1.5,24.7,0.0,0.0,15.6,0.0,0.0,4.9,40.3,35.1,0.0,0.0,0.0,0.0,144.0,578.0,141.0,601.0,151.0,576.0,155.0,583.0,0.0,0.0,-27.0,0.0,0.0,24.7,1.0,4.998,0.0,0.0,1.36,1.521,61.9,31.5,0.0,0.0,0.0,,0.0,80.6,87.8,0.0,0.0,0.0,0.0,291.2,1072.4,285.8,1113.8,303.8,1068.8,311.0,1081.4,0.0,0.0,88.7,871.0,297.95,217.35,8.100000000000009,0.20248611111111112,2572.1666666666665,0.06666666666666667,0.48,0.49,392.0,True,2026-09-05 12:08:19-07:00
386.06,2,9,2026-09-05 19:14:44,37.07746,-121.59549,264.0,0.1,66.8,-12.6,0.0,,0.0,0.0,0.0,11.2,-1.2,52.2,0.0,235.0,0.1,-0.02,1.0,99.0,51.0,27,0.0,29.98,1680.0,0.0,0.0,106,0.0,0.0,0.0,0.0,0.0,0.0,0.0,0.0,0.0,0.0,0.0,0.0,5.0,0.0,0.0,-43.0,0.0,0.0,0.0,0.0,1.0,0.0,0.0,1200.0,62.0,32.0,879.0,879.0,13.6,1.5,0.0,1.5,24.7,0.0,0.0,15.6,0.0,0.0,4.9,40.3,35.1,0.0,0.0,0.0,0.0,145.0,577.0,141.0,602.0,151.0,576.0,155.0,582.0,0.0,0.0,-27.0,0.0,0.0,24.7,1.0,4.998,0.0,0.0,1.36,1.522,61.8,31.5,0.0,0.0,0.0,,0.0,80.6,89.6,0.0,0.0,0.0,0.0,293.0,1070.6,285.8,1115.6,303.8,1068.8,311.0,1079.6,0.0,0.0,88.7,879.0,298.4,217.79999999999998,8.100000000000009,0.2029027777777778,2572.3353333333334,0.06666666666666667,0.48,0.49,392.0,True,2026-09-05 12:08:19-07:00
387.06,2,9,2026-09-05 19:14:45,37.07747,-121.59549,265.0,0.1,66.8,-12.6,0.0,,0.0,0.0,0.0,11.2,-1.2,52.3,0.0,236.0,0.1,-0.02,1.0,99.0,38.0,27,0.0,29.98,1680.0,0.0,0.0,106,0.0,0.0,0.0,0.0,0.0,0.0,0.0,0.0,0.0,0.0,0.0,0.0,5.0,0.0,0.0,-44.0,0.0,0.0,0.0,0.0,1.0,0.0,0.0,1200.0,62.0,32.0,875.0,875.0,13.6,1.5,0.0,1.5,24.6,0.0,0.0,15.6,0.0,0.0,5.0,40.3,35.1,0.0,0.0,0.0,0.0,145.0,578.0,141.0,601.0,151.0,576.0,155.0,582.0,0.0,0.0,-27.0,0.0,0.0,24.6,1.0,4.998,0.0,0.0,1.36,1.522,61.9,31.6,0.0,0.0,0.0,,0.0,80.6,89.6,0.0,0.0,0.0,0.0,293.0,1072.4,285.8,1113.8,303.8,1068.8,311.0,1079.6,0.0,0.0,88.88000000000001,875.0,298.4,217.79999999999998,8.280000000000015,0.20331944444444444,2572.504,0.06666666666666667,0.48,0.49,392.0,True,2026-09-05 12:08:19-07:00
388.06,2,9,2026-09-05 19:14:46,37.07747,-121.59549,264.0,0.0,66.8,-12.6,0.0,,0.0,0.0,0.0,11.3,-1.2,52.2,0.0,236.0,0.1,-0.02,1.0,99.0,26.0,27,0.0,29.98,1680.0,0.0,0.0,106,0.0,0.0,0.0,0.0,0.0,0.0,0.0,0.0,0.0,0.0,0.0,0.0,5.0,0.0,0.0,-45.0,0.0,0.0,0.0,0.0,1.0,0.0,0.0,1200.0,62.0,32.0,889.0,889.0,13.6,1.5,0.0,1.5,24.7,0.0,0.0,15.6,0.0,0.0,5.1,40.3,35.1,0.0,0.0,0.0,0.0,145.0,577.0,141.0,600.0,151.0,576.0,155.0,582.0,0.0,0.0,-27.0,0.0,0.0,24.7,1.0,4.998,0.0,0.0,1.36,1.519,62.0,31.7,0.0,0.0,0.0,,0.0,80.6,89.6,0.0,0.0,0.0,0.0,293.0,1070.6,285.8,1112.0,303.8,1068.8,311.0,1079.6,0.0,0.0,89.06,889.0,298.4,217.79999999999998,8.460000000000008,0.20373611111111112,2572.588333333333,0.0,0.48,0.49,392.0,True,2026-09-05 12:08:19-07:00
389.06,2,9,2026-09-05 19:14:47,37.07747,-121.59549,263.0,0.1,66.8,-12.6,0.0,,0.0,0.0,0.0,11.2,-1.2,52.1,0.0,236.0,0.0,-0.02,1.0,99.0,-6.0,27,0.0,29.98,1681.0,0.0,0.0,106,0.0,0.0,0.0,0.0,0.0,0.0,0.0,0.0,0.0,0.0,0.0,0.0,5.0,0.0,0.0,-48.0,0.0,0.0,0.0,0.0,1.0,0.0,0.0,1200.0,62.0,32.0,885.0,885.0,13.5,1.5,0.0,1.5,24.7,0.0,0.0,15.6,0.0,0.0,5.2,40.3,35.1,0.0,0.0,0.0,0.0,145.0,576.0,141.0,599.0,152.0,576.0,155.0,582.0,0.0,0.0,-27.0,0.0,0.0,24.7,1.0,4.998,0.0,0.0,1.36,1.521,62.1,31.8,0.0,0.0,0.0,,0.0,80.6,89.6,0.0,0.0,0.0,0.0,293.0,1068.8,285.8,1110.2,305.6,1068.8,311.0,1079.6,0.0,0.0,89.24,885.0,298.85,218.25000000000003,8.64,0.2041527777777778,2572.672666666667,0.06666666666666667,0.48,0.49,392.0,True,2026-09-05 12:08:19-07:00
390.06,2,9,2026-09-05 19:14:48,37.07747,-121.59549,263.0,0.2,66.8,-12.6,0.0,,0.0,0.0,0.0,11.3,-1.2,52.1,0.0,236.0,0.0,-0.02,1.0,99.0,19.0,27,0.0,29.98,1681.0,0.0,0.0,106,0.0,0.0,0.0,0.0,0.0,0.0,0.0,0.0,0.0,0.0,0.0,0.0,5.0,0.0,0.0,-48.0,0.0,0.0,0.0,0.0,1.0,0.0,0.0,1200.0,62.0,32.0,881.0,881.0,13.5,1.5,0.0,1.5,24.6,0.0,0.0,15.6,0.0,0.0,4.9,40.3,35.1,0.0,0.0,0.0,0.0,145.0,576.0,142.0,599.0,152.0,576.0,155.0,581.0,0.0,0.0,-27.0,0.0,0.0,24.6,1.0,4.998,0.0,0.0,1.36,1.519,62.1,31.8,0.0,0.0,0.0,,0.0,80.6,89.6,0.0,0.0,0.0,0.0,293.0,1068.8,287.6,1110.2,305.6,1068.8,311.0,1077.8,0.0,0.0,89.24,881.0,299.3,218.70000000000002,8.64,0.20456944444444444,2572.9256666666665,0.13333333333333333,0.48,0.49,392.0,True,2026-09-05 12:08:19-07:00
391.06,2,9,2026-09-05 19:14:49,37.07747,-121.59549,264.0,0.3,66.8,-12.6,0.0,,0.0,0.0,0.0,11.3,-1.2,52.0,0.0,236.0,-0.0,-0.02,1.0,99.0,28.0,27,0.0,29.98,1681.0,0.0,0.0,106,0.0,0.0,0.0,0.0,0.0,0.0,0.0,0.0,0.0,0.0,0.0,0.0,5.0,0.0,0.0,-49.0,0.0,0.0,0.0,0.0,1.0,0.0,0.0,1200.0,62.0,32.0,873.0,873.0,13.5,1.5,0.0,1.5,24.6,0.0,0.0,15.6,0.0,0.0,5.0,40.3,35.1,0.0,0.0,0.0,0.0,145.0,576.0,142.0,599.0,152.0,575.0,155.0,581.0,0.0,0.0,-27.0,0.0,0.0,24.6,1.0,4.998,0.0,0.0,1.36,1.52,61.8,31.8,0.0,0.0,0.0,,0.0,80.6,89.6,0.0,0.0,0.0,0.0,293.0,1068.8,287.6,1110.2,305.6,1067.0,311.0,1077.8,0.0,0.0,89.24,873.0,299.3,218.70000000000002,8.64,0.20498611111111112,2573.347333333333,0.19999999999999998,0.48,0.49,392.0,True,2026-09-05 12:08:19-07:00
392.06,2,9,2026-09-05 19:14:50,37.07747,-121.59549,264.0,0.4,66.8,-12.6,0.0,,0.0,0.0,0.0,11.4,-1.2,51.9,0.0,236.0,-0.0,-0.02,1.0,99.0,-3.0,27,0.0,29.98,1681.0,0.0,0.0,106,0.0,0.0,0.0,0.0,0.0,0.0,0.0,0.0,0.0,0.0,0.0,0.0,5.0,0.0,0.0,-50.0,0.0,0.0,0.0,0.0,1.0,0.0,0.0,1200.0,62.0,32.0,874.0,874.0,13.7,1.5,0.0,1.5,24.7,0.0,0.0,15.6,0.0,0.0,5.0,40.3,35.1,0.0,0.0,0.0,0.0,145.0,575.0,142.0,598.0,152.0,575.0,156.0,581.0,0.0,0.0,-27.0,0.0,0.0,24.7,1.0,4.998,0.0,0.0,1.36,1.522,61.9,31.8,0.0,0.0,0.0,,0.0,80.6,89.6,0.0,0.0,0.0,0.0,293.0,1067.0,287.6,1108.4,305.6,1067.0,312.8,1077.8,0.0,0.0,89.24,874.0,299.75,219.15,8.64,0.20540277777777777,2573.9376666666667,0.26666666666666666,0.48,0.49,392.0,True,2026-09-05 12:08:19-07:00
393.06,2,9,2026-09-05 19:14:51,37.07747,-121.59548,263.0,0.3,66.8,-12.6,0.0,,0.0,0.0,0.0,11.4,-1.2,51.7,0.0,236.0,-0.1,-0.02,1.0,99.0,-17.0,27,0.0,29.98,1681.0,0.0,0.0,106,0.0,0.0,0.0,0.0,0.0,0.0,0.0,0.0,0.0,0.0,0.0,0.0,5.0,0.0,0.0,-50.0,0.0,0.0,0.0,0.0,1.0,0.0,0.0,1200.0,62.0,32.0,861.0,861.0,13.6,1.5,0.0,1.5,24.6,0.0,0.0,15.6,0.0,0.0,5.2,40.3,35.1,0.0,0.0,0.0,0.0,146.0,576.0,142.0,598.0,152.0,575.0,156.0,581.0,0.0,0.0,-27.0,0.0,0.0,24.6,1.0,4.998,0.0,0.0,1.36,1.515,61.6,31.9,0.0,0.0,0.0,,0.0,80.6,89.6,0.0,0.0,0.0,0.0,294.8,1068.8,287.6,1108.4,305.6,1067.0,312.8,1077.8,0.0,0.0,89.41999999999999,861.0,300.20000000000005,219.60000000000005,8.819999999999993,0.20581944444444444,2574.528,0.19999999999999998,0.48,0.49,392.0,True,2026-09-05 12:08:19-07:00
394.06,2,9,2026-09-05 19:14:52,37.07747,-121.59548,264.0,0.4,66.8,-12.6,0.0,,0.0,0.0,0.0,11.3,-1.3,51.5,0.0,236.0,-0.1,-0.02,1.0,99.0,-16.0,27,0.0,29.98,1681.0,0.0,0.0,106,0.0,0.0,0.0,0.0,0.0,0.0,0.0,0.0,0.0,0.0,0.0,0.0,5.0,0.0,0.0,-51.0,0.0,0.0,0.0,0.0,1.0,0.0,0.0,1200.0,62.0,32.0,882.0,882.0,13.7,1.5,0.0,1.5,24.6,0.0,0.0,15.6,0.0,0.0,5.2,40.3,35.1,0.0,0.0,0.0,0.0,146.0,575.0,142.0,598.0,152.0,575.0,156.0,581.0,0.0,0.0,-27.0,0.0,0.0,24.6,1.0,4.998,0.0,0.0,1.36,1.509,61.6,32.1,0.0,0.0,0.0,,0.0,80.6,89.6,0.0,0.0,0.0,0.0,294.8,1067.0,287.6,1108.4,305.6,1067.0,312.8,1077.8,0.0,0.0,89.78,882.0,300.20000000000005,219.60000000000005,9.180000000000007,0.20623611111111112,2575.1183333333333,0.26666666666666666,0.48,0.49,392.0,True,2026-09-05 12:08:19-07:00
395.06,2,9,2026-09-05 19:14:53,37.07747,-121.59548,265.0,0.2,66.8,-12.6,0.0,,0.0,0.0,0.0,11.3,-1.3,51.5,0.0,236.0,-0.0,-0.02,0.9,99.0,-15.0,27,0.0,29.98,1681.0,0.0,0.0,106,0.0,0.0,0.0,0.0,0.0,0.0,0.0,0.0,0.0,0.0,0.0,0.0,5.0,0.0,0.0,-52.0,0.0,0.0,0.0,0.0,1.0,0.0,0.0,1200.0,62.0,32.0,885.0,885.0,13.6,1.5,0.0,1.5,24.7,0.0,0.0,15.6,0.0,0.0,4.9,40.3,35.1,0.0,0.0,0.0,0.0,146.0,574.0,142.0,598.0,153.0,574.0,156.0,582.0,0.0,0.0,-27.0,0.0,0.0,24.7,1.0,4.998,0.0,0.0,1.407,1.547,61.7,32.1,0.0,0.0,0.0,,0.0,80.6,89.6,0.0,0.0,0.0,0.0,294.8,1065.2,287.6,1108.4,307.4,1065.2,312.8,1079.6,0.0,0.0,89.78,885.0,300.65000000000003,220.05000000000004,9.180000000000007,0.20665277777777777,2575.624333333333,0.13333333333333333,0.48,0.49,392.0,True,2026-09-05 12:08:19-07:00
396.06,2,9,2026-09-05 19:14:54,37.07747,-121.59548,266.0,0.3,66.8,-12.6,0.0,,0.0,0.0,0.0,11.3,-1.2,51.6,0.0,236.0,0.0,-0.02,1.0,99.0,-5.0,27,0.0,29.98,1681.0,0.0,0.0,106,0.0,0.0,0.0,0.0,0.0,0.0,0.0,0.0,0.0,0.0,0.0,0.0,5.0,0.0,0.0,-52.0,0.0,0.0,0.0,0.0,1.0,0.0,0.0,1200.0,62.0,32.0,874.0,874.0,13.5,1.5,0.0,1.5,24.7,0.0,0.0,15.6,0.0,0.0,4.9,40.3,35.1,0.0,0.0,0.0,0.0,146.0,574.0,143.0,597.0,153.0,574.0,156.0,581.0,0.0,0.0,-27.0,0.0,0.0,24.7,1.0,4.998,0.0,0.0,1.322,1.492,61.7,32.0,0.0,0.0,0.0,,0.0,80.6,89.6,0.0,0.0,0.0,0.0,294.8,1065.2,289.4,1106.6,307.4,1065.2,312.8,1077.8,0.0,0.0,89.6,874.0,301.1,220.50000000000003,9.0,0.20706944444444444,2576.046,0.19999999999999998,0.48,0.49,392.0,True,2026-09-05 12:08:19-07:00
397.06,2,9,2026-09-05 19:14:55,37.07747,-121.59547,266.0,0.5,66.8,-12.6,0.0,,0.0,0.0,0.0,11.4,-1.2,51.5,0.0,236.0,-0.0,-0.02,0.9,99.0,28.0,27,0.0,29.98,1681.0,0.0,0.0,106,0.0,0.0,0.0,0.0,0.0,0.0,0.0,0.0,0.0,0.0,0.0,0.0,5.0,0.0,0.0,-53.0,0.0,0.0,0.0,0.0,1.0,0.0,0.0,1200.0,62.0,32.0,882.0,882.0,13.6,1.5,0.0,1.5,24.6,0.0,0.0,15.6,0.0,0.0,5.0,40.3,35.1,0.0,0.0,0.0,0.0,146.0,574.0,143.0,597.0,153.0,575.0,156.0,580.0,0.0,0.0,-27.0,0.0,0.0,24.6,1.0,4.998,0.0,0.0,1.332,1.494,61.7,32.1,0.0,0.0,0.0,,0.0,80.6,89.6,0.0,0.0,0.0,0.0,294.8,1065.2,289.4,1106.6,307.4,1067.0,312.8,1076.0,0.0,0.0,89.78,882.0,301.1,220.50000000000003,9.180000000000007,0.20748611111111112,2576.7206666666666,0.3333333333333333,0.48,0.49,392.0,True,2026-09-05 12:08:19-07:00
398.06,2,9,2026-09-05 19:14:56,37.07747,-121.59547,266.0,0.9,66.8,-12.6,0.0,,0.0,0.0,0.0,11.5,-1.3,51.2,0.0,236.0,-0.1,-0.02,1.0,99.0,0.0,27,0.0,29.98,1681.0,0.0,0.0,106,0.0,0.0,0.0,0.0,0.0,0.0,0.0,0.0,0.0,0.0,0.0,0.0,5.0,0.0,0.0,-54.0,0.0,0.0,0.0,0.0,1.0,0.0,0.0,1200.0,62.0,32.0,882.0,882.0,13.6,1.5,0.0,1.5,24.7,0.0,0.0,15.6,0.0,0.0,5.1,40.3,35.1,0.0,0.0,0.0,0.0,146.0,574.0,143.0,597.0,153.0,576.0,156.0,580.0,0.0,0.0,-27.0,0.0,0.0,24.7,1.0,4.998,0.0,0.0,1.335,1.466,61.8,32.1,0.0,0.0,0.0,,0.0,80.6,89.6,0.0,0.0,0.0,0.0,294.8,1065.2,289.4,1106.6,307.4,1068.8,312.8,1076.0,0.0,0.0,89.78,882.0,301.1,220.50000000000003,9.180000000000007,0.20790277777777777,2577.9013333333332,0.6,0.48,0.49,392.0,True,2026-09-05 12:08:19-07:00
399.06,2,9,2026-09-05 19:14:57,37.07747,-121.59547,266.0,1.2,67.5,-12.6,0.0,,0.0,0.0,0.0,11.6,-1.4,51.0,0.0,236.0,-0.1,-0.02,1.0,99.0,22.0,27,0.0,29.98,1681.0,0.0,0.0,106,0.0,0.0,0.0,0.0,0.0,0.0,0.0,0.0,0.0,0.0,0.0,0.0,5.0,0.0,0.0,-54.0,0.0,0.0,0.0,0.0,1.0,0.0,0.0,1200.0,62.0,32.0,875.0,875.0,13.6,1.5,0.0,1.5,24.7,0.0,0.0,15.6,0.0,0.0,5.2,40.3,35.1,0.0,0.0,0.0,0.0,146.0,573.0,143.0,596.0,153.0,576.0,157.0,581.0,0.0,0.0,-27.0,0.0,0.0,24.7,1.0,4.998,0.0,0.0,1.349,1.466,61.7,32.3,0.0,0.0,0.0,,0.0,80.6,89.6,0.0,0.0,0.0,0.0,294.8,1063.4,289.4,1104.8,307.4,1068.8,314.6,1077.8,0.0,0.0,90.14,875.0,301.55,220.95000000000002,9.540000000000006,0.20831944444444445,2579.6723333333334,0.7999999999999999,0.48,0.49,392.0,True,2026-09-05 12:08:19-07:00
400.06,2,9,2026-09-05 19:14:58,37.07747,-121.59546,266.0,1.3,66.3,-12.6,0.0,,0.0,0.0,0.0,11.7,-1.5,50.8,0.0,236.0,-0.0,-0.02,1.0,99.0,16.0,27,0.0,29.98,1681.0,0.0,0.0,106,0.0,0.0,0.0,0.0,0.0,0.0,0.0,0.0,0.0,0.0,0.0,0.0,5.0,0.0,0.0,-55.0,0.0,0.0,0.0,0.0,1.0,0.0,0.0,1200.0,62.0,32.0,885.0,885.0,13.6,1.5,0.0,1.5,24.6,0.0,0.0,15.6,0.0,0.0,4.9,40.3,35.1,0.0,0.0,0.0,0.0,147.0,572.0,143.0,596.0,153.0,575.0,157.0,581.0,0.0,0.0,-27.0,0.0,0.0,24.6,1.0,4.998,0.0,0.0,1.36,1.494,61.8,32.3,0.0,0.0,0.0,,0.0,80.6,89.6,0.0,0.0,0.0,0.0,296.6,1061.6,289.4,1104.8,307.4,1067.0,314.6,1077.8,0.0,0.0,90.14,885.0,302.0,221.4,9.540000000000006,0.20873611111111112,2581.7806666666665,0.8666666666666667,0.48,0.49,392.0,True,2026-09-05 12:08:19-07:00
401.06,2,9,2026-09-05 19:14:59,37.07748,-121.59545,264.0,1.6,65.0,-12.6,0.0,,0.0,0.0,0.0,11.8,-1.5,50.7,0.0,237.0,0.0,-0.02,0.9,99.0,-12.0,27,0.0,29.98,1682.0,0.0,0.0,106,0.0,0.0,0.0,0.0,0.0,0.0,0.0,0.0,0.0,0.0,0.0,0.0,5.0,0.0,0.0,-55.0,0.0,0.0,0.0,0.0,1.0,0.0,0.0,1200.0,62.0,32.0,867.0,867.0,13.5,1.5,0.0,1.5,32.8,0.0,0.0,15.6,0.0,0.0,5.7,40.3,35.1,0.0,0.0,0.0,0.0,146.0,572.0,143.0,597.0,153.0,575.0,157.0,580.0,0.0,0.0,-27.0,0.0,0.0,32.8,1.0,4.998,0.0,0.0,1.36,1.519,61.6,32.4,0.0,0.0,0.0,,0.0,80.6,89.6,0.0,0.0,0.0,0.0,294.8,1061.6,289.4,1106.6,307.4,1067.0,314.6,1076.0,0.0,0.0,90.32,867.0,301.55,220.95000000000002,9.719999999999999,0.20915277777777777,2584.226333333333,1.0666666666666667,0.48,0.49,392.0,True,2026-09-05 12:08:19-07:00
402.06,2,9,2026-09-05 19:15:00,37.07748,-121.59544,264.0,1.8,65.6,-12.6,0.0,,0.0,0.0,0.0,11.8,-1.5,50.7,0.0,237.0,0.1,-0.03,1.0,99.0,15.0,27,0.0,29.98,1682.0,0.0,0.0,106,0.0,0.0,0.0,0.0,0.0,0.0,0.0,0.0,0.0,0.0,0.0,0.0,5.0,0.0,0.0,-55.0,0.0,0.0,0.0,0.0,1.0,0.0,0.0,1200.0,61.0,32.0,876.0,876.0,13.7,1.5,0.0,1.5,34.3,0.0,0.0,15.6,0.0,0.0,6.8,40.3,35.1,0.0,0.0,0.0,0.0,147.0,572.0,143.0,597.0,154.0,575.0,157.0,579.0,0.0,0.0,-27.0,0.0,0.0,34.3,1.0,4.998,0.0,0.0,1.36,1.501,61.5,32.5,0.0,0.0,0.0,,0.0,80.6,89.6,0.0,0.0,0.0,0.0,296.6,1061.6,289.4,1106.6,309.2,1067.0,314.6,1074.2,0.0,0.0,90.5,876.0,302.45,221.85,9.900000000000006,0.20956944444444445,2587.0936666666666,1.2,0.48,0.49,392.0,True,2026-09-05 12:08:19-07:00
403.06,2,9,2026-09-05 19:15:01,37.07748,-121.59544,264.0,2.0,65.2,-12.6,0.0,,0.0,0.0,0.0,11.8,-1.5,50.7,0.0,238.0,0.1,-0.03,1.0,99.0,23.0,27,0.0,29.98,1682.0,0.0,0.0,106,0.0,0.0,0.0,0.0,0.0,0.0,0.0,0.0,0.0,0.0,0.0,0.0,5.0,0.0,0.0,-56.0,0.0,0.0,0.0,0.0,1.0,0.0,0.0,1200.0,61.0,33.0,870.0,870.0,13.7,1.5,0.0,1.5,34.3,0.0,0.0,15.6,0.0,0.0,7.5,40.3,35.1,0.0,0.0,0.0,0.0,147.0,572.0,143.0,597.0,154.0,574.0,157.0,579.0,0.0,0.0,-27.0,0.0,0.0,34.3,1.0,4.998,0.0,0.0,1.36,1.477,61.5,32.5,0.0,0.0,0.0,,0.0,80.6,91.4,0.0,0.0,0.0,0.0,296.6,1061.6,289.4,1106.6,309.2,1065.2,314.6,1074.2,0.0,0.0,90.5,870.0,302.45,221.85,9.900000000000006,0.20998611111111112,2590.298333333333,1.3333333333333333,0.48,0.49,392.0,True,2026-09-05 12:08:19-07:00
404.06,2,9,2026-09-05 19:15:02,37.07749,-121.59543,264.0,2.2,65.0,-12.6,0.0,,0.0,0.0,0.0,11.0,-1.6,50.9,0.0,238.0,0.1,-0.03,1.0,99.0,28.0,27,0.0,29.98,1683.0,0.0,0.0,106,0.0,0.0,0.0,0.0,0.0,0.0,0.0,0.0,0.0,0.0,0.0,0.0,5.0,0.0,0.0,-57.0,0.0,0.0,0.0,0.0,1.0,0.0,0.0,1200.0,62.0,33.0,872.0,872.0,13.7,1.5,0.0,1.5,34.4,0.0,0.0,15.6,0.0,0.0,7.9,40.3,35.1,0.0,0.0,0.0,0.0,147.0,570.0,143.0,597.0,154.0,574.0,157.0,578.0,0.0,0.0,-27.0,0.0,0.0,34.4,1.0,4.998,0.0,0.0,1.36,1.486,61.6,32.7,0.0,0.0,0.0,,0.0,80.6,91.4,0.0,0.0,0.0,0.0,296.6,1058.0,289.4,1106.6,309.2,1065.2,314.6,1072.4,0.0,0.0,90.86,872.0,302.45,221.85,10.260000000000005,0.21040277777777777,2593.840333333333,1.4666666666666668,0.48,0.49,392.0,True,2026-09-05 12:08:19-07:00
405.06,2,9,2026-09-05 19:15:03,37.07749,-121.59541,263.0,2.4,67.0,-12.6,0.0,,0.0,0.0,0.0,10.6,-1.5,51.5,0.0,239.0,0.1,-0.02,1.0,99.0,17.0,27,0.0,29.98,1683.0,0.0,0.0,106,0.0,0.0,0.0,0.0,0.0,0.0,0.0,0.0,0.0,0.0,0.0,0.0,-6.0,0.0,0.0,-1.0,0.0,0.0,0.0,0.0,1.0,0.0,0.0,1200.0,62.0,33.0,877.0,877.0,13.6,1.5,0.0,1.5,34.5,0.0,0.0,15.6,0.0,0.0,8.0,40.3,35.1,0.0,0.0,0.0,0.0,147.0,570.0,144.0,596.0,154.0,576.0,157.0,578.0,0.0,0.0,-27.0,0.0,0.0,34.5,1.0,4.998,0.0,0.0,1.36,1.484,61.5,32.7,0.0,0.0,0.0,,0.0,80.6,91.4,0.0,0.0,0.0,0.0,296.6,1058.0,291.2,1104.8,309.2,1068.8,314.6,1072.4,0.0,0.0,90.86,877.0,302.9,222.29999999999998,10.260000000000005,0.21081944444444445,2597.7196666666664,1.5999999999999999,0.48,0.49,392.0,True,2026-09-05 12:08:19-07:00
406.06,2,9,2026-09-05 19:15:04,37.0775,-121.5954,265.0,2.6,66.9,-12.6,0.0,,0.0,0.0,0.0,10.8,-1.5,51.7,0.0,239.0,0.1,-0.02,1.0,99.0,20.0,27,0.0,29.98,1683.0,0.0,0.0,106,0.0,0.0,0.0,0.0,0.0,0.0,0.0,0.0,0.0,0.0,0.0,0.0,-6.0,0.0,0.0,1.0,0.0,0.0,0.0,0.0,1.0,0.0,0.0,1200.0,62.0,33.0,896.0,896.0,13.7,1.4,0.0,1.4,34.5,0.0,0.0,15.6,0.0,0.0,8.0,40.3,35.1,0.0,0.0,0.0,0.0,147.0,570.0,144.0,595.0,154.0,575.0,157.0,577.0,0.0,0.0,-27.0,0.0,0.0,34.5,1.0,4.998,0.0,0.0,1.36,1.512,61.7,32.7,0.0,0.0,0.0,,0.0,80.6,91.4,0.0,0.0,0.0,0.0,296.6,1058.0,291.2,1103.0,309.2,1067.0,314.6,1070.6,0.0,0.0,90.86,896.0,302.9,222.29999999999998,10.260000000000005,0.21122222222222223,2601.936333333333,1.8571428571428574,0.48,0.49,392.0,True,2026-09-05 12:08:19-07:00
407.06,2,9,2026-09-05 19:15:05,37.0775,-121.59538,266.0,2.8,67.9,-12.6,0.0,,0.0,0.0,0.0,10.9,-1.5,51.8,0.0,239.0,0.0,-0.02,1.0,99.0,2.0,27,0.0,29.98,1684.0,0.0,0.0,106,0.0,0.0,0.0,0.0,0.0,0.0,0.0,0.0,0.0,0.0,0.0,0.0,-6.0,0.0,0.0,0.0,0.0,0.0,0.0,0.0,1.0,0.0,0.0,1200.0,62.0,33.0,928.0,928.0,13.5,1.5,0.0,1.5,34.5,0.0,0.0,15.6,0.0,0.0,8.1,40.3,35.1,0.0,0.0,0.0,0.0,147.0,570.0,144.0,594.0,154.0,576.0,157.0,578.0,0.0,0.0,-27.0,0.0,0.0,34.5,1.0,4.998,0.0,0.0,1.36,1.519,62.1,32.7,0.0,0.0,0.0,,0.0,80.6,91.4,0.0,0.0,0.0,0.0,296.6,1058.0,291.2,1101.2,309.2,1068.8,314.6,1072.4,0.0,0.0,90.86,928.0,302.9,222.29999999999998,10.260000000000005,0.211625,2606.490333333333,1.8666666666666665,0.48,0.49,392.0,True,2026-09-05 12:08:19-07:00
408.06,2,9,2026-09-05 19:15:06,37.0775,-121.59537,266.0,3.1,67.1,-12.6,0.0,,0.0,0.0,0.0,11.0,-1.5,51.8,0.0,239.0,0.1,-0.03,1.0,99.0,-28.0,27,0.0,29.98,1684.0,0.0,0.0,106,0.0,0.0,0.0,0.0,0.0,0.0,0.0,0.0,0.0,0.0,0.0,0.0,-6.0,0.0,0.0,0.0,0.0,0.0,0.0,0.0,1.0,0.0,0.0,1200.0,63.0,33.0,954.0,954.0,13.5,1.4,0.0,1.4,34.4,0.0,0.0,15.6,0.0,0.0,8.3,40.3,35.1,0.0,0.0,0.0,0.0,147.0,570.0,144.0,593.0,154.0,579.0,158.0,579.0,0.0,0.0,-27.0,0.0,0.0,34.4,1.0,4.998,0.0,0.0,1.36,1.523,63.1,32.8,0.0,0.0,0.0,,0.0,80.6,91.4,0.0,0.0,0.0,0.0,296.6,1058.0,291.2,1099.4,309.2,1074.2,316.4,1074.2,0.0,0.0,91.03999999999999,954.0,303.35,222.75000000000003,10.439999999999998,0.2120277777777778,2611.466,2.2142857142857144,0.48,0.49,392.0,True,2026-09-05 12:08:19-07:00
409.06,2,9,2026-09-05 19:15:07,37.07751,-121.59535,267.0,3.5,67.7,-12.6,0.0,,0.0,0.0,0.0,11.0,-1.5,51.9,0.0,239.0,0.1,-0.02,0.9,99.0,-17.0,27,0.0,29.98,1684.0,0.0,0.0,106,0.0,0.0,0.0,0.0,0.0,0.0,0.0,0.0,0.0,0.0,0.0,0.0,-5.0,0.0,0.0,-3.0,0.0,0.0,0.0,0.0,1.0,0.0,0.0,1200.0,64.0,33.0,964.0,964.0,13.3,1.5,0.0,1.5,34.3,0.0,0.0,15.6,0.0,0.0,8.4,40.3,35.1,0.0,0.0,0.0,0.0,147.0,570.0,144.0,592.0,154.0,581.0,157.0,581.0,0.0,0.0,-27.0,0.0,0.0,34.3,1.0,4.998,0.0,0.0,1.36,1.504,63.7,32.9,0.0,0.0,0.0,,0.0,80.6,91.4,0.0,0.0,0.0,0.0,296.6,1058.0,291.2,1097.6,309.2,1077.8,314.6,1077.8,0.0,0.0,91.22,964.0,302.9,222.29999999999998,10.620000000000005,0.21243055555555557,2617.032,2.3333333333333335,0.48,0.49,392.0,True,2026-09-05 12:08:19-07:00
410.06,2,9,2026-09-05 19:15:08,37.07752,-121.59534,267.0,3.7,66.0,-12.6,0.0,,0.0,0.0,0.0,11.2,-1.3,53.1,0.0,239.0,0.7,-0.02,1.0,99.0,-12.0,27,0.0,29.98,1684.0,0.0,0.0,106,0.0,0.0,0.0,0.0,0.0,0.0,0.0,0.0,0.0,0.0,0.0,0.0,-5.0,0.0,0.0,-3.0,0.0,0.0,0.0,0.0,1.0,0.0,0.0,1200.0,64.0,33.0,956.0,956.0,13.3,1.5,0.0,1.5,34.3,0.0,0.0,15.6,0.0,0.0,8.3,40.3,35.1,0.0,0.0,0.0,0.0,148.0,570.0,144.0,592.0,155.0,583.0,158.0,581.0,0.0,0.0,-27.0,0.0,0.0,34.3,1.0,4.998,0.0,0.0,1.36,1.509,63.8,33.0,0.0,0.0,0.0,,0.0,80.6,91.4,0.0,0.0,0.0,0.0,298.4,1058.0,291.2,1097.6,311.0,1081.4,316.4,1077.8,0.0,0.0,91.4,956.0,304.25,223.65,10.800000000000011,0.21284722222222222,2623.104,2.466666666666667,0.48,0.49,392.0,True,2026-09-05 12:08:19-07:00
411.06,2,9,2026-09-05 19:15:09,37.07753,-121.59531,267.0,4.0,67.1,-12.6,0.0,,0.0,0.0,0.0,11.2,-1.2,54.7,0.0,239.0,1.4,-0.03,1.0,99.0,-3.0,27,0.0,29.98,1684.0,0.0,0.0,106,0.0,0.0,0.0,0.0,0.0,0.0,0.0,0.0,0.0,0.0,0.0,0.0,-5.0,0.0,0.0,-3.0,0.0,0.0,0.0,0.0,1.0,0.0,0.0,1200.0,64.0,33.0,956.0,956.0,13.2,1.5,0.0,1.5,34.4,0.0,0.0,15.6,0.0,0.0,8.2,40.3,35.1,0.0,0.0,0.0,0.0,148.0,571.0,145.0,591.0,155.0,583.0,158.0,582.0,0.0,0.0,-27.0,0.0,0.0,34.4,1.0,4.998,0.0,0.0,1.36,1.508,63.8,32.9,0.0,0.0,0.0,,0.0,80.6,91.4,0.0,0.0,0.0,0.0,298.4,1059.8,293.0,1095.8,311.0,1081.4,316.4,1079.6,0.0,0.0,91.22,956.0,304.7,224.1,10.620000000000005,0.2132638888888889,2629.5976666666666,2.6666666666666665,0.48,0.49,392.0,True,2026-09-05 12:08:19-07:00
412.06,2,9,2026-09-05 19:15:10,37.07753,-121.59529,266.0,4.1,70.9,-12.6,0.0,,0.0,0.0,0.0,11.2,-1.5,54.2,0.0,239.0,0.5,-0.03,0.9,99.0,18.0,27,0.0,29.98,1684.0,0.0,0.0,106,0.0,0.0,0.0,0.0,0.0,0.0,0.0,0.0,0.0,0.0,0.0,0.0,-4.0,0.0,0.0,-4.0,0.0,0.0,0.0,0.0,1.0,0.0,0.0,1200.0,64.0,33.0,951.0,951.0,13.2,1.5,0.0,1.5,34.3,0.0,0.0,15.6,0.0,0.0,8.3,40.3,35.1,0.0,0.0,0.0,0.0,148.0,570.0,145.0,591.0,155.0,583.0,158.0,583.0,0.0,0.0,-27.0,0.0,0.0,34.3,1.0,4.998,0.0,0.0,1.416,1.481,63.6,33.0,0.0,0.0,0.0,,0.0,80.6,91.4,0.0,0.0,0.0,0.0,298.4,1058.0,293.0,1095.8,311.0,1081.4,316.4,1081.4,0.0,0.0,91.4,951.0,304.7,224.1,10.800000000000011,0.21368055555555557,2636.4286666666667,2.733333333333333,0.48,0.49,392.0,True,2026-09-05 12:08:19-07:00
413.06,2,9,2026-09-05 19:15:11,37.07754,-121.59527,265.0,4.1,68.1,-12.6,0.0,,0.0,0.0,0.0,11.3,-1.4,53.2,0.0,239.0,-0.3,-0.02,1.0,99.0,-5.0,27,0.0,29.98,1684.0,0.0,0.0,106,0.0,0.0,0.0,0.0,0.0,0.0,0.0,0.0,0.0,0.0,0.0,0.0,-3.0,0.0,0.0,-5.0,0.0,0.0,0.0,0.0,1.0,0.0,0.0,1200.0,63.0,33.0,928.0,928.0,13.2,1.5,0.0,1.5,34.3,0.0,0.0,15.6,0.0,0.0,8.5,40.3,35.1,0.0,0.0,0.0,0.0,148.0,570.0,145.0,591.0,155.0,584.0,158.0,584.0,0.0,0.0,-27.0,0.0,0.0,34.3,1.0,4.998,0.0,0.0,1.44,1.488,63.4,33.0,0.0,0.0,0.0,,0.0,80.6,91.4,0.0,0.0,0.0,0.0,298.4,1058.0,293.0,1095.8,311.0,1083.2,316.4,1083.2,0.0,0.0,91.4,928.0,304.7,224.1,10.800000000000011,0.21409722222222222,2643.344,2.733333333333333,0.48,0.49,392.0,True,2026-09-05 12:08:19-07:00
414.06,2,9,2026-09-05 19:15:12,37.07755,-121.59525,265.0,3.9,68.1,-12.6,0.0,,0.0,0.0,0.0,11.3,-1.5,52.5,0.0,239.0,-0.6,-0.02,1.0,99.0,-11.0,27,0.0,29.98,1684.0,0.0,0.0,106,0.0,0.0,0.0,0.0,0.0,0.0,0.0,0.0,0.0,0.0,0.0,0.0,-3.0,0.0,0.0,-5.0,0.0,0.0,0.0,0.0,1.0,0.0,0.0,1200.0,62.0,33.0,882.0,882.0,13.2,1.5,0.0,1.5,34.3,0.0,0.0,15.6,0.0,0.0,8.6,40.3,35.1,0.0,0.0,0.0,0.0,148.0,570.0,145.0,590.0,155.0,583.0,158.0,582.0,0.0,0.0,-27.0,0.0,0.0,34.3,1.0,4.998,0.0,0.0,1.416,1.505,62.2,33.2,0.0,0.0,0.0,,0.0,80.6,91.4,0.0,0.0,0.0,0.0,298.4,1058.0,293.0,1094.0,311.0,1081.4,316.4,1079.6,0.0,0.0,91.76,882.0,304.7,224.1,11.16000000000001,0.2145138888888889,2650.0906666666665,2.6,0.48,0.49,392.0,True,2026-09-05 12:08:19-07:00
415.06,2,9,2026-09-05 19:15:13,37.07756,-121.59522,265.0,4.1,66.0,-12.6,0.0,,0.0,0.0,0.0,11.4,-1.4,52.0,0.0,239.0,-0.5,-0.02,1.0,99.0,28.0,27,0.0,29.98,1684.0,0.0,0.0,106,0.0,0.0,0.0,0.0,0.0,0.0,0.0,0.0,0.0,0.0,0.0,0.0,-3.0,0.0,0.0,-6.0,0.0,0.0,0.0,0.0,1.0,0.0,0.0,1200.0,62.0,33.0,853.0,853.0,13.4,1.5,0.0,1.5,34.3,0.0,0.0,15.6,0.0,0.0,8.5,40.3,35.1,0.0,0.0,0.0,0.0,148.0,570.0,145.0,589.0,155.0,581.0,158.0,581.0,0.0,0.0,-27.0,0.0,0.0,34.3,1.0,4.998,0.0,0.0,1.416,1.506,61.6,33.2,0.0,0.0,0.0,,0.0,80.6,91.4,0.0,0.0,0.0,0.0,298.4,1058.0,293.0,1092.2,311.0,1077.8,316.4,1077.8,0.0,0.0,91.76,853.0,304.7,224.1,11.16000000000001,0.21493055555555557,2656.8373333333334,2.733333333333333,0.48,0.49,392.0,True,2026-09-05 12:08:19-07:00
416.06,2,9,2026-09-05 19:15:14,37.07756,-121.59521,265.0,4.1,66.4,-12.6,0.0,,0.0,0.0,0.0,11.5,-1.5,52.1,0.0,240.0,-0.0,-0.03,1.0,99.0,64.0,27,0.0,29.98,1685.0,0.0,0.0,106,0.0,0.0,0.0,0.0,0.0,0.0,0.0,0.0,0.0,0.0,0.0,0.0,-3.0,0.0,0.0,-6.0,0.0,0.0,0.0,0.0,1.0,0.0,0.0,1200.0,61.0,33.0,885.0,885.0,13.7,1.5,0.0,1.5,34.4,0.0,0.0,15.6,0.0,0.0,8.3,40.3,35.1,0.0,0.0,0.0,0.0,148.0,569.0,145.0,590.0,156.0,581.0,158.0,581.0,0.0,0.0,-27.0,0.0,0.0,34.4,1.0,4.998,0.0,0.0,1.416,1.506,61.2,33.2,0.0,0.0,0.0,,0.0,80.6,91.4,0.0,0.0,0.0,0.0,298.4,1056.2,293.0,1094.0,312.8,1077.8,316.4,1077.8,0.0,0.0,91.76,885.0,305.15,224.54999999999998,11.16000000000001,0.21534722222222222,2663.7526666666668,2.733333333333333,0.48,0.49,392.0,True,2026-09-05 12:08:19-07:00
417.06,2,9,2026-09-05 19:15:15,37.07757,-121.59518,264.0,4.1,67.7,-12.6,0.0,,0.0,0.0,0.0,11.4,-1.5,52.1,0.0,240.0,0.0,-0.03,0.9,99.0,0.0,27,0.0,29.98,1685.0,0.0,0.0,106,0.0,0.0,0.0,0.0,0.0,0.0,0.0,0.0,0.0,0.0,0.0,0.0,-3.0,0.0,0.0,-6.0,0.0,0.0,0.0,0.0,1.0,0.0,0.0,1200.0,61.0,33.0,878.0,878.0,13.6,1.5,0.0,1.5,34.3,0.0,0.0,15.6,0.0,0.0,8.4,40.3,35.1,0.0,0.0,0.0,0.0,149.0,568.0,146.0,590.0,156.0,581.0,159.0,581.0,0.0,0.0,-27.0,0.0,0.0,34.3,1.0,4.998,0.0,0.0,1.416,1.506,61.4,33.2,0.0,0.0,0.0,,0.0,80.6,91.4,0.0,0.0,0.0,0.0,300.2,1054.4,294.8,1094.0,312.8,1077.8,318.2,1077.8,0.0,0.0,91.76,878.0,306.5,225.9,11.16000000000001,0.2157638888888889,2670.668,2.733333333333333,0.48,0.49,392.0,True,2026-09-05 12:08:19-07:00
418.06,2,9,2026-09-05 19:15:16,37.07758,-121.59516,265.0,2.6,68.9,-12.6,0.0,,0.0,0.0,0.0,10.9,-1.5,51.8,0.0,240.0,-0.2,-0.03,1.1,99.0,41.0,27,0.0,29.98,1685.0,0.0,0.0,106,0.0,0.0,0.0,0.0,0.0,0.0,0.0,0.0,0.0,0.0,0.0,0.0,-2.0,0.0,0.0,-6.0,0.0,0.0,0.0,0.0,1.0,0.0,0.0,1200.0,61.0,33.0,866.0,866.0,13.6,1.5,0.0,1.5,34.4,0.0,0.0,15.6,0.0,0.0,8.5,40.3,35.1,0.0,0.0,0.0,0.0,149.0,567.0,145.0,591.0,156.0,580.0,159.0,580.0,0.0,0.0,-27.0,0.0,0.0,34.4,1.0,4.998,0.0,0.0,1.702,1.744,61.1,33.3,0.0,0.0,0.0,,0.0,80.6,91.4,0.0,0.0,0.0,0.0,300.2,1052.6,293.0,1095.8,312.8,1076.0,318.2,1076.0,0.0,0.0,91.94,866.0,306.05,225.45000000000002,11.340000000000003,0.21618055555555557,2676.318333333333,1.7333333333333334,0.48,0.49,392.0,True,2026-09-05 12:08:19-07:00
419.06,2,9,2026-09-05 19:15:17,37.07758,-121.59515,267.0,1.0,68.8,-12.6,0.0,,0.0,0.0,0.0,10.4,-1.4,52.2,0.0,240.0,-0.1,-0.03,1.0,99.0,22.0,27,0.0,29.98,1686.0,0.0,0.0,106,0.0,0.0,0.0,0.0,0.0,0.0,0.0,0.0,0.0,0.0,0.0,0.0,-2.0,0.0,0.0,-6.0,0.0,0.0,0.0,0.0,1.0,0.0,0.0,1200.0,61.0,33.0,861.0,861.0,13.7,1.5,0.0,1.5,34.3,0.0,0.0,15.6,0.0,0.0,8.8,40.3,35.1,0.0,0.0,0.0,0.0,149.0,568.0,146.0,592.0,156.0,580.0,159.0,580.0,0.0,0.0,-27.0,0.0,0.0,34.3,1.0,4.998,0.0,0.0,1.422,1.455,60.9,33.4,0.0,0.0,0.0,,0.0,80.6,91.4,0.0,0.0,0.0,0.0,300.2,1054.4,294.8,1097.6,312.8,1076.0,318.2,1076.0,0.0,0.0,92.11999999999999,861.0,306.5,225.9,11.519999999999996,0.21659722222222222,2679.354333333333,0.6666666666666666,0.48,0.49,392.0,True,2026-09-05 12:08:19-07:00
420.06,2,9,2026-09-05 19:15:18,37.07758,-121.59515,267.0,0.2,68.8,-12.6,0.0,,0.0,0.0,0.0,10.0,-1.5,52.7,0.0,241.0,-0.1,-0.03,1.0,99.0,38.0,27,0.0,29.98,1686.0,0.0,0.0,106,0.0,0.0,0.0,0.0,0.0,0.0,0.0,0.0,0.0,0.0,0.0,0.0,-2.0,0.0,0.0,-6.0,0.0,0.0,0.0,0.0,1.0,0.0,0.0,1200.0,61.0,33.0,866.0,866.0,13.8,1.5,0.0,1.5,34.3,0.0,0.0,15.6,0.0,0.0,8.7,40.3,35.1,0.0,0.0,0.0,0.0,149.0,568.0,146.0,592.0,156.0,579.0,159.0,580.0,0.0,0.0,-27.0,0.0,0.0,34.3,1.0,4.998,0.0,0.0,1.445,1.504,60.9,33.5,0.0,0.0,0.0,,0.0,80.6,91.4,0.0,0.0,0.0,0.0,300.2,1054.4,294.8,1097.6,312.8,1074.2,318.2,1076.0,0.0,0.0,92.3,866.0,306.5,225.9,11.700000000000003,0.2170138888888889,2680.3663333333334,0.13333333333333333,0.48,0.49,392.0,True,2026-09-05 12:08:19-07:00
421.06,2,9,2026-09-05 19:15:19,37.07758,-121.59515,269.0,0.1,68.8,-12.6,0.0,,0.0,0.0,0.0,9.9,-1.6,53.1,0.0,241.0,-0.0,-0.03,1.0,99.0,7.0,27,0.0,29.98,1686.0,0.0,0.0,106,0.0,0.0,0.0,0.0,0.0,0.0,0.0,0.0,0.0,0.0,0.0,0.0,-2.0,0.0,0.0,-6.0,0.0,0.0,0.0,0.0,1.0,0.0,0.0,1200.0,61.0,33.0,873.0,873.0,13.8,1.5,0.0,1.5,34.3,0.0,0.0,15.6,0.0,0.0,8.4,40.3,35.1,0.0,0.0,0.0,0.0,149.0,568.0,146.0,592.0,156.0,579.0,159.0,580.0,0.0,0.0,-27.0,0.0,0.0,34.3,1.0,4.998,0.0,0.0,1.163,1.334,60.8,33.5,0.0,0.0,0.0,,0.0,80.6,91.4,0.0,0.0,0.0,0.0,300.2,1054.4,294.8,1097.6,312.8,1074.2,318.2,1076.0,0.0,0.0,92.3,873.0,306.5,225.9,11.700000000000003,0.21743055555555557,2680.619333333333,0.06666666666666667,0.48,0.49,392.0,True,2026-09-05 12:08:19-07:00
422.06,2,9,2026-09-05 19:15:20,37.07758,-121.59515,269.0,0.1,68.8,-12.6,0.0,,0.0,0.0,0.0,10.0,-1.6,53.3,0.0,241.0,0.0,-0.02,1.0,99.0,2.0,27,0.0,29.98,1687.0,0.0,0.0,106,0.0,0.0,0.0,0.0,0.0,0.0,0.0,0.0,0.0,0.0,0.0,0.0,-2.0,0.0,0.0,-6.0,0.0,0.0,0.0,0.0,1.0,0.0,0.0,1200.0,61.0,33.0,865.0,865.0,13.7,1.5,0.0,1.5,34.3,0.0,0.0,15.6,0.0,0.0,8.4,40.3,35.1,0.0,0.0,0.0,0.0,149.0,568.0,146.0,591.0,156.0,578.0,159.0,580.0,0.0,0.0,-27.0,0.0,0.0,34.3,1.0,4.998,0.0,0.0,1.335,1.393,60.9,33.5,0.0,0.0,0.0,,0.0,80.6,91.4,0.0,0.0,0.0,0.0,300.2,1054.4,294.8,1095.8,312.8,1072.4,318.2,1076.0,0.0,0.0,92.3,865.0,306.5,225.9,11.700000000000003,0.21784722222222222,2680.788,0.06666666666666667,0.48,0.49,392.0,True,2026-09-05 12:08:19-07:00
423.06,2,9,2026-09-05 19:15:21,37.07758,-121.59515,269.0,0.0,68.8,-12.6,0.0,,0.0,0.0,0.0,10.3,-1.7,53.2,0.0,242.0,0.1,-0.03,1.0,99.0,25.0,27,0.0,29.98,1687.0,0.0,0.0,106,0.0,0.0,0.0,0.0,0.0,0.0,0.0,0.0,0.0,0.0,0.0,0.0,-2.0,0.0,0.0,-7.0,0.0,0.0,0.0,0.0,1.0,0.0,0.0,1200.0,61.0,34.0,831.0,831.0,13.7,1.5,0.0,1.5,34.3,0.0,0.0,15.6,0.0,0.0,8.6,40.3,35.1,0.0,0.0,0.0,0.0,150.0,568.0,146.0,593.0,157.0,577.0,159.0,579.0,0.0,0.0,-27.0,0.0,0.0,34.3,1.0,4.998,0.0,0.0,1.416,1.451,60.6,33.5,0.0,0.0,0.0,,0.0,80.6,93.2,0.0,0.0,0.0,0.0,302.0,1054.4,294.8,1099.4,314.6,1070.6,318.2,1074.2,0.0,0.0,92.3,831.0,307.4,226.79999999999998,11.700000000000003,0.2182638888888889,2680.8723333333332,0.0,0.48,0.49,392.0,True,2026-09-05 12:08:19-07:00
424.06,2,9,2026-09-05 19:15:22,37.07758,-121.59515,268.0,0.1,68.8,-12.6,0.0,,0.0,0.0,0.0,10.5,-1.7,53.0,0.0,242.0,0.1,-0.03,0.9,99.0,-29.0,27,0.0,29.98,1687.0,0.0,0.0,106,0.0,0.0,0.0,0.0,0.0,0.0,0.0,0.0,0.0,0.0,0.0,0.0,-2.0,0.0,0.0,-6.0,0.0,0.0,0.0,0.0,1.0,0.0,0.0,1200.0,61.0,34.0,904.0,904.0,13.9,1.5,0.0,1.5,34.2,0.0,0.0,15.6,0.0,0.0,8.6,40.3,35.1,0.0,0.0,0.0,0.0,149.0,569.0,146.0,592.0,157.0,575.0,159.0,579.0,0.0,0.0,-27.0,0.0,0.0,34.2,1.0,4.998,0.0,0.0,1.416,1.453,60.8,33.6,0.0,0.0,0.0,,0.0,80.6,93.2,0.0,0.0,0.0,0.0,300.2,1056.2,294.8,1097.6,314.6,1067.0,318.2,1074.2,0.0,0.0,92.48,904.0,306.95,226.35,11.88000000000001,0.21868055555555557,2680.9566666666665,0.06666666666666667,0.48,0.49,392.0,True,2026-09-05 12:08:19-07:00
425.06,2,9,2026-09-05 19:15:23,37.07758,-121.59515,266.0,0.5,68.8,-12.6,0.0,,0.0,0.0,0.0,10.9,-1.6,52.7,0.0,242.0,0.0,-0.03,0.9,99.0,13.0,27,0.0,29.98,1688.0,0.0,0.0,106,0.0,0.0,0.0,0.0,0.0,0.0,0.0,0.0,0.0,0.0,0.0,0.0,-2.0,0.0,0.0,-7.0,0.0,0.0,0.0,0.0,1.0,0.0,0.0,1200.0,62.0,34.0,938.0,938.0,13.6,1.5,0.0,1.5,34.1,0.0,0.0,15.6,0.0,0.0,8.6,40.3,35.1,0.0,0.0,0.0,0.0,150.0,569.0,146.0,591.0,157.0,577.0,160.0,581.0,0.0,0.0,-27.0,0.0,0.0,34.1,1.0,4.998,0.0,0.0,1.416,1.453,62.3,33.7,0.0,0.0,0.0,,0.0,80.6,93.2,0.0,0.0,0.0,0.0,302.0,1056.2,294.8,1095.8,314.6,1070.6,320.0,1077.8,0.0,0.0,92.66,938.0,307.85,227.25000000000003,12.060000000000002,0.21909722222222222,2681.462666666667,0.3333333333333333,0.48,0.49,392.0,True,2026-09-05 12:08:19-07:00
426.06,2,9,2026-09-05 19:15:24,37.07758,-121.59515,266.0,0.7,68.8,-12.6,0.0,,0.0,0.0,0.0,11.1,-1.6,52.2,0.0,242.0,-0.0,-0.03,1.0,99.0,25.0,27,0.0,29.98,1688.0,0.0,0.0,106,0.0,0.0,0.0,0.0,0.0,0.0,0.0,0.0,0.0,0.0,0.0,0.0,-2.0,0.0,0.0,-8.0,0.0,0.0,0.0,0.0,1.0,0.0,0.0,1200.0,62.0,34.0,919.0,919.0,13.5,1.5,0.0,1.5,34.1,0.0,0.0,15.6,0.0,0.0,8.4,40.3,35.1,0.0,0.0,0.0,0.0,150.0,569.0,147.0,592.0,157.0,577.0,160.0,581.0,0.0,0.0,-27.0,0.0,0.0,34.1,1.0,4.998,0.0,0.0,1.416,1.453,62.5,33.8,0.0,0.0,0.0,,0.0,80.6,93.2,0.0,0.0,0.0,0.0,302.0,1056.2,296.6,1097.6,314.6,1070.6,320.0,1077.8,0.0,0.0,92.84,919.0,308.3,227.70000000000002,12.240000000000009,0.2195138888888889,2682.4746666666665,0.4666666666666666,0.48,0.49,392.0,True,2026-09-05 12:08:19-07:00
427.06,2,9,2026-09-05 19:15:25,37.07758,-121.59515,266.0,0.9,68.8,-12.6,0.0,,0.0,0.0,0.0,11.3,-1.6,51.8,0.0,242.0,-0.1,-0.03,1.0,99.0,15.0,27,0.0,29.98,1688.0,0.0,0.0,106,0.0,0.0,0.0,0.0,0.0,0.0,0.0,0.0,0.0,0.0,0.0,0.0,-2.0,0.0,0.0,-8.0,0.0,0.0,0.0,0.0,1.0,0.0,0.0,1200.0,62.0,34.0,975.0,975.0,13.8,1.6,0.0,1.6,33.8,0.0,0.0,15.6,0.0,0.0,9.0,40.3,35.1,0.0,0.0,0.0,0.0,150.0,569.0,147.0,592.0,157.0,576.0,160.0,581.0,0.0,0.0,-27.0,0.0,0.0,33.8,1.0,4.998,0.0,0.0,1.416,1.461,62.5,33.8,0.0,0.0,0.0,,0.0,80.6,93.2,0.0,0.0,0.0,0.0,302.0,1056.2,296.6,1097.6,314.6,1068.8,320.0,1077.8,0.0,0.0,92.84,975.0,308.3,227.70000000000002,12.240000000000009,0.21994444444444444,2683.824,0.5625,0.48,0.49,392.0,True,2026-09-05 12:08:19-07:00
428.06,2,9,2026-09-05 19:15:26,37.07758,-121.59514,266.0,1.2,67.9,-12.6,0.0,,0.0,0.0,0.0,11.5,-1.7,51.3,0.0,243.0,-0.1,-0.03,1.0,99.0,32.0,27,0.0,29.98,1689.0,0.0,0.0,106,0.0,0.0,0.0,0.0,0.0,0.0,0.0,0.0,0.0,0.0,0.0,0.0,-2.0,0.0,0.0,-8.0,0.0,0.0,0.0,0.0,1.0,0.0,0.0,1200.0,65.0,34.0,1049.0,1049.0,14.4,1.8,0.0,1.8,33.7,0.0,0.0,15.6,0.0,0.0,9.5,40.3,35.1,0.0,0.0,0.0,0.0,150.0,573.0,147.0,595.0,157.0,578.0,160.0,583.0,0.0,0.0,-27.0,0.0,0.0,33.7,1.0,4.998,0.0,0.0,1.357,1.487,64.6,33.9,0.0,0.0,0.0,,0.0,80.6,93.2,0.0,0.0,0.0,0.0,302.0,1063.4,296.6,1103.0,314.6,1072.4,320.0,1081.4,0.0,0.0,93.02,1049.0,308.3,227.70000000000002,12.420000000000002,0.22041666666666668,2685.595,0.6666666666666666,0.48,0.49,392.0,True,2026-09-05 12:08:19-07:00
429.06,2,9,2026-09-05 19:15:27,37.07759,-121.59513,265.0,1.6,65.2,-12.6,0.0,,0.0,0.0,0.0,11.8,-1.7,50.7,0.0,243.0,-0.2,-0.03,1.0,99.0,14.0,27,0.0,29.98,1689.0,0.0,0.0,106,0.0,0.0,0.0,0.0,0.0,0.0,0.0,0.0,0.0,0.0,0.0,0.0,-2.0,0.0,0.0,-8.0,0.0,0.0,0.0,0.0,1.0,0.0,0.0,1200.0,66.0,34.0,1071.0,1071.0,14.4,1.9,0.0,1.9,33.7,0.0,0.0,15.6,0.0,0.0,9.9,40.3,35.1,0.0,0.0,0.0,0.0,150.0,578.0,147.0,598.0,157.0,579.0,160.0,586.0,0.0,0.0,-27.0,0.0,0.0,33.7,1.0,4.998,0.0,0.0,1.368,1.475,65.9,33.9,0.0,0.0,0.0,,0.0,80.6,93.2,0.0,0.0,0.0,0.0,302.0,1072.4,296.6,1108.4,314.6,1074.2,320.0,1086.8,0.0,0.0,93.02,1071.0,308.3,227.70000000000002,12.420000000000002,0.22093055555555555,2687.956333333333,0.8421052631578948,0.48,0.49,392.0,True,2026-09-05 12:08:19-07:00
430.06,2,9,2026-09-05 19:15:28,37.07759,-121.59512,266.0,2.2,66.9,-12.6,0.0,,0.0,0.0,0.0,11.8,-1.6,50.5,0.0,243.0,-0.1,-0.03,0.9,99.0,-19.0,27,0.0,29.98,1689.0,0.0,0.0,106,0.0,0.0,0.0,0.0,0.0,0.0,0.0,0.0,0.0,0.0,0.0,0.0,-2.0,0.0,0.0,-11.0,0.0,0.0,0.0,0.0,1.0,0.0,0.0,1200.0,67.0,34.0,1075.0,1075.0,14.2,2.1,0.0,2.1,33.7,0.0,0.0,15.6,0.0,0.0,10.0,40.3,35.1,0.0,0.0,0.0,0.0,151.0,582.0,147.0,601.0,158.0,582.0,160.0,588.0,0.0,0.0,-27.0,0.0,0.0,33.7,1.0,4.998,0.0,0.0,1.406,1.4,66.6,34.1,0.0,0.0,0.0,,0.0,80.6,93.2,0.0,0.0,0.0,0.0,303.8,1079.6,296.6,1113.8,316.4,1079.6,320.0,1090.4,0.0,0.0,93.38000000000001,1075.0,309.2,228.6,12.780000000000015,0.2214861111111111,2691.161,1.0476190476190477,0.48,0.49,392.0,True,2026-09-05 12:08:19-07:00
431.06,2,9,2026-09-05 19:15:29,37.07759,-121.59511,267.0,2.5,65.9,-12.6,0.0,,0.0,0.0,0.0,11.0,-1.6,50.6,0.0,243.0,-0.1,-0.03,1.0,99.0,-2.0,27,0.0,29.98,1689.0,0.0,0.0,106,0.0,0.0,0.0,0.0,0.0,0.0,0.0,0.0,0.0,0.0,0.0,0.0,-2.0,0.0,0.0,-13.0,0.0,0.0,0.0,0.0,1.0,0.0,0.0,1200.0,67.0,34.0,1076.0,1076.0,14.2,2.2,0.0,2.2,33.8,0.0,0.0,15.6,0.0,0.0,9.9,40.3,35.1,0.0,0.0,0.0,0.0,151.0,586.0,147.0,604.0,158.0,584.0,161.0,591.0,0.0,0.0,-27.0,0.0,0.0,33.8,1.0,4.998,0.0,0.0,1.37,1.398,66.6,34.1,0.0,0.0,0.0,,0.0,80.6,93.2,0.0,0.0,0.0,0.0,303.8,1086.8,296.6,1119.2,316.4,1083.2,321.8,1095.8,0.0,0.0,93.38000000000001,1076.0,309.65000000000003,229.05000000000004,12.780000000000015,0.22208333333333333,2695.1246666666666,1.1363636363636362,0.48,0.49,392.0,True,2026-09-05 12:08:19-07:00
432.06,2,9,2026-09-05 19:15:30,37.0776,-121.59509,268.0,3.0,66.3,-12.6,0.0,,0.0,0.0,0.0,11.1,-1.5,50.7,0.0,243.0,-0.1,-0.03,1.0,99.0,15.0,27,0.0,29.98,1689.0,0.0,0.0,106,0.0,0.0,0.0,0.0,0.0,0.0,0.0,0.0,0.0,0.0,0.0,0.0,-1.0,0.0,0.0,-28.0,0.0,0.0,0.0,0.0,1.0,0.0,0.0,1200.0,67.0,34.0,1088.0,1088.0,14.1,2.3,0.0,2.3,33.7,0.0,0.0,15.6,0.0,0.0,9.8,40.3,35.1,0.0,0.0,0.0,0.0,151.0,588.0,147.0,606.0,158.0,586.0,161.0,594.0,0.0,0.0,-27.0,0.0,0.0,33.7,1.0,4.998,0.0,0.0,1.368,1.465,66.8,34.1,0.0,0.0,0.0,,0.0,80.6,93.2,0.0,0.0,0.0,0.0,303.8,1090.4,296.6,1122.8,316.4,1086.8,321.8,1101.2,0.0,0.0,93.38000000000001,1088.0,309.65000000000003,229.05000000000004,12.780000000000015,0.22270833333333334,2699.763,1.3043478260869565,0.48,0.49,392.0,True,2026-09-05 12:08:19-07:00
433.06,2,9,2026-09-05 19:15:31,37.07761,-121.59508,268.0,3.4,66.8,-12.6,0.0,,0.0,0.0,0.0,11.1,-1.7,50.7,0.0,243.0,-0.1,-0.03,1.1,99.0,15.0,27,0.0,29.98,1689.0,0.0,0.0,106,0.0,0.0,0.0,0.0,0.0,0.0,0.0,0.0,0.0,0.0,0.0,0.0,-2.0,0.0,0.0,-28.0,0.0,0.0,0.0,0.0,1.0,0.0,0.0,1200.0,67.0,34.0,1087.0,1087.0,14.1,2.3,0.0,2.3,33.7,0.0,0.0,15.6,0.0,0.0,9.3,40.3,35.1,0.0,0.0,0.0,0.0,151.0,590.0,148.0,609.0,158.0,590.0,161.0,597.0,0.0,0.0,-27.0,0.0,0.0,33.7,1.0,4.998,0.0,0.0,1.361,1.462,66.9,34.1,0.0,0.0,0.0,,0.0,80.6,93.2,0.0,0.0,0.0,0.0,303.8,1094.0,298.4,1128.2,316.4,1094.0,321.8,1106.6,0.0,0.0,93.38000000000001,1087.0,310.1,229.50000000000003,12.780000000000015,0.22334722222222222,2705.1603333333333,1.4782608695652175,0.48,0.49,392.0,True,2026-09-05 12:08:19-07:00
434.06,2,9,2026-09-05 19:15:32,37.07761,-121.59505,268.0,4.1,67.0,-12.6,0.0,,0.0,0.0,0.0,11.2,-1.7,50.5,0.0,243.0,-0.1,-0.03,1.0,99.0,-22.0,27,0.0,29.98,1689.0,0.0,0.0,106,0.0,0.0,0.0,0.0,0.0,0.0,0.0,0.0,0.0,0.0,0.0,0.0,-3.0,0.0,0.0,1.0,0.0,0.0,0.0,0.0,1.0,0.0,0.0,1200.0,68.0,34.0,1162.0,1162.0,14.1,2.4,0.0,2.4,33.6,0.0,0.0,15.6,0.0,0.0,9.1,40.3,35.1,0.0,0.0,0.0,0.0,151.0,592.0,148.0,611.0,158.0,591.0,161.0,599.0,0.0,0.0,-27.0,0.0,0.0,33.6,1.0,4.998,0.0,0.0,1.359,1.475,68.2,34.1,0.0,0.0,0.0,,0.0,80.6,93.2,0.0,0.0,0.0,0.0,303.8,1097.6,298.4,1131.8,316.4,1095.8,321.8,1110.2,0.0,0.0,93.38000000000001,1162.0,310.1,229.50000000000003,12.780000000000015,0.224,2711.485333333333,1.7083333333333333,0.48,0.49,392.0,True,2026-09-05 12:08:19-07:00
435.06,2,9,2026-09-05 19:15:33,37.07762,-121.59503,269.0,4.7,65.7,-12.6,0.0,,0.0,0.0,0.0,11.1,-1.8,50.1,0.0,243.0,-0.2,-0.03,1.0,99.0,5.0,27,0.0,29.98,1689.0,0.0,0.0,106,0.0,0.0,0.0,0.0,0.0,0.0,0.0,0.0,0.0,0.0,0.0,0.0,-3.0,0.0,0.0,0.0,0.0,0.0,0.0,0.0,1.0,0.0,0.0,1200.0,68.0,34.0,1112.0,1112.0,14.1,2.5,0.0,2.5,33.6,0.0,0.0,15.6,0.0,0.0,9.0,40.3,35.1,0.0,0.0,0.0,0.0,151.0,595.0,148.0,614.0,159.0,594.0,161.0,601.0,0.0,0.0,-27.0,0.0,0.0,33.6,1.0,4.998,0.0,0.0,1.384,1.484,68.2,34.3,0.0,0.0,0.0,,0.0,80.6,93.2,0.0,0.0,0.0,0.0,303.8,1103.0,298.4,1137.2,318.2,1101.2,321.8,1113.8,0.0,0.0,93.74,1112.0,310.55,229.95000000000002,13.14,0.22468055555555555,2718.9066666666668,1.8800000000000001,0.48,0.49,392.0,True,2026-09-05 12:08:19-07:00
436.06,2,9,2026-09-05 19:15:34,37.07763,-121.59501,268.0,5.2,65.2,-12.6,0.0,,0.0,0.0,0.0,11.1,-1.5,49.8,0.0,243.0,-0.2,-0.03,1.0,99.0,15.0,27,0.0,29.98,1689.0,0.0,0.0,106,0.0,0.0,0.0,0.0,0.0,0.0,0.0,0.0,0.0,0.0,0.0,0.0,-3.0,0.0,0.0,-2.0,0.0,0.0,0.0,0.0,1.0,0.0,0.0,1200.0,67.0,34.0,1070.0,1070.0,14.3,2.6,0.0,2.6,33.6,0.0,0.0,15.6,0.0,0.0,8.6,40.3,35.1,0.0,0.0,0.0,0.0,152.0,599.0,148.0,617.0,159.0,595.0,161.0,602.0,0.0,0.0,-27.0,0.0,0.0,33.6,1.0,4.998,0.0,0.0,1.415,1.494,67.0,34.4,0.0,0.0,0.0,,0.0,80.6,93.2,0.0,0.0,0.0,0.0,305.6,1110.2,298.4,1142.6,318.2,1103.0,321.8,1115.6,0.0,0.0,93.91999999999999,1070.0,311.0,230.4,13.319999999999993,0.2253888888888889,2727.2556666666665,2.0,0.48,0.49,392.0,True,2026-09-05 12:08:19-07:00
437.06,2,9,2026-09-05 19:15:35,37.07764,-121.59498,266.0,5.6,64.5,-12.6,0.0,,0.0,0.0,0.0,11.2,-1.4,49.6,0.0,244.0,-0.2,-0.03,1.0,99.0,10.0,27,0.0,29.98,1690.0,0.0,0.0,106,0.0,0.0,0.0,0.0,0.0,0.0,0.0,0.0,0.0,0.0,0.0,0.0,-3.0,0.0,0.0,-2.0,0.0,0.0,0.0,0.0,1.0,0.0,0.0,1200.0,67.0,34.0,1094.0,1094.0,14.3,2.6,0.0,2.6,33.7,0.0,0.0,15.6,0.0,0.0,8.4,40.3,35.1,0.0,0.0,0.0,0.0,152.0,600.0,148.0,618.0,159.0,596.0,162.0,603.0,0.0,0.0,-27.0,0.0,0.0,33.7,1.0,4.998,0.0,0.0,1.377,1.497,66.8,34.3,0.0,0.0,0.0,,0.0,80.6,93.2,0.0,0.0,0.0,0.0,305.6,1112.0,298.4,1144.4,318.2,1104.8,323.6,1117.4,0.0,0.0,93.74,1094.0,311.45,230.85,13.14,0.22611111111111112,2736.3636666666666,2.1538461538461537,0.48,0.49,392.0,True,2026-09-05 12:08:19-07:00
438.06,2,9,2026-09-05 19:15:36,37.07766,-121.59495,266.0,6.1,64.1,-12.6,0.0,,0.0,0.0,0.0,11.2,-1.3,49.2,0.0,244.0,-0.3,-0.02,1.0,99.0,15.0,27,0.0,29.98,1690.0,0.0,0.0,106,0.0,0.0,0.0,0.0,0.0,0.0,0.0,0.0,0.0,0.0,0.0,0.0,-3.0,0.0,0.0,-2.0,0.0,0.0,0.0,0.0,1.0,0.0,0.0,1200.0,66.0,34.0,1068.0,1068.0,14.2,2.6,0.0,2.6,33.7,0.0,0.0,15.6,0.0,0.0,8.4,40.3,35.1,0.0,0.0,0.0,0.0,152.0,602.0,149.0,621.0,159.0,596.0,162.0,604.0,0.0,0.0,-27.0,0.0,0.0,33.7,1.0,4.998,0.0,0.0,1.367,1.494,66.5,34.4,0.0,0.0,0.0,,0.0,80.6,93.2,0.0,0.0,0.0,0.0,305.6,1115.6,300.2,1149.8,318.2,1104.8,323.6,1119.2,0.0,0.0,93.91999999999999,1068.0,311.9,231.29999999999998,13.319999999999993,0.22683333333333333,2746.2306666666664,2.346153846153846,0.48,0.49,392.0,True,2026-09-05 12:08:19-07:00
439.06,2,9,2026-09-05 19:15:37,37.07767,-121.59492,266.0,6.5,65.7,-12.6,0.0,,0.0,0.0,0.0,11.0,-1.4,46.6,0.0,244.0,-1.4,-0.02,1.0,99.0,-30.0,27,0.0,29.98,1690.0,0.0,0.0,106,0.0,0.0,0.0,0.0,0.0,0.0,0.0,0.0,0.0,0.0,0.0,0.0,-3.0,0.0,0.0,-3.0,0.0,0.0,0.0,0.0,1.0,0.0,0.0,1200.0,66.0,34.0,1060.0,1060.0,14.4,2.6,0.0,2.6,33.7,0.0,0.0,15.6,0.0,0.0,8.5,40.3,35.1,0.0,0.0,0.0,0.0,152.0,603.0,149.0,624.0,159.0,596.0,162.0,603.0,0.0,0.0,-27.0,0.0,0.0,33.7,1.0,4.998,0.0,0.0,1.361,1.484,66.1,34.4,0.0,0.0,0.0,,0.0,80.6,93.2,0.0,0.0,0.0,0.0,305.6,1117.4,300.2,1155.2,318.2,1104.8,323.6,1117.4,0.0,0.0,93.91999999999999,1060.0,311.9,231.29999999999998,13.319999999999993,0.22755555555555557,2756.8566666666666,2.5,0.48,0.49,392.0,True,2026-09-05 12:08:19-07:00
440.06,2,9,2026-09-05 19:15:38,37.07768,-121.59488,266.0,7.1,62.4,-12.6,0.0,,0.0,0.0,0.0,10.5,-0.7,41.5,0.0,244.0,-3.4,-0.0,0.9,99.0,-7.0,27,0.0,29.98,1690.0,0.0,0.0,106,0.0,0.0,0.0,0.0,0.0,0.0,0.0,0.0,0.0,0.0,0.0,0.0,-3.0,0.0,0.0,-4.0,0.0,0.0,0.0,0.0,1.0,0.0,0.0,1200.0,66.0,35.0,1062.0,1062.0,14.5,2.6,0.0,2.6,33.8,0.0,0.0,15.6,0.0,0.0,8.6,40.3,35.1,0.0,0.0,0.0,0.0,152.0,605.0,149.0,625.0,159.0,596.0,162.0,603.0,0.0,0.0,-27.0,0.0,0.0,33.8,1.0,4.998,0.0,0.0,1.36,1.498,66.1,34.5,0.0,0.0,0.0,,0.0,80.6,95.0,0.0,0.0,0.0,0.0,305.6,1121.0,300.2,1157.0,318.2,1104.8,323.6,1117.4,0.0,0.0,94.1,1062.0,311.9,231.29999999999998,13.5,0.22827777777777777,2768.326,2.7307692307692304,0.48,0.49,392.0,True,2026-09-05 12:08:19-07:00
441.06,2,9,2026-09-05 19:15:39,37.0777,-121.59484,265.0,7.3,60.0,-12.6,0.0,,0.0,0.0,0.0,11.0,-0.9,33.2,0.0,244.0,-6.1,0.03,1.0,99.0,-17.0,27,0.0,29.98,1690.0,0.0,0.0,106,0.0,0.0,0.0,0.0,0.0,0.0,0.0,0.0,0.0,0.0,0.0,0.0,-2.0,0.0,0.0,-4.0,0.0,0.0,0.0,0.0,1.0,0.0,0.0,1200.0,64.0,35.0,900.0,900.0,13.8,2.5,0.0,2.5,34.1,0.0,0.0,15.6,0.0,0.0,8.4,40.3,35.1,0.0,0.0,0.0,0.0,152.0,604.0,149.0,626.0,159.0,596.0,162.0,604.0,0.0,0.0,-27.0,0.0,0.0,34.1,1.0,4.998,0.0,0.0,1.375,1.561,63.7,34.6,0.0,0.0,0.0,,0.0,80.6,95.0,0.0,0.0,0.0,0.0,305.6,1119.2,300.2,1158.8,318.2,1104.8,323.6,1119.2,0.0,0.0,94.28,900.0,311.9,231.29999999999998,13.680000000000007,0.2289861111111111,2780.47,2.92,0.48,0.49,392.0,True,2026-09-05 12:08:19-07:00
442.06,2,9,2026-09-05 19:15:40,37.07772,-121.59481,267.0,7.3,52.7,-12.6,0.0,,0.0,0.0,0.0,11.3,-0.7,19.6,0.0,244.0,-10.3,0.06,0.8,99.0,-18.0,27,0.0,29.98,1691.0,0.0,0.0,106,0.0,0.0,0.0,0.0,0.0,0.0,0.0,0.0,0.0,0.0,0.0,0.0,-1.0,0.0,0.0,-4.0,0.0,0.0,0.0,0.0,1.0,0.0,0.0,1200.0,62.0,35.0,910.0,910.0,14.1,2.3,0.0,2.3,34.2,0.0,0.0,15.6,0.0,0.0,8.4,40.3,35.1,0.0,0.0,0.0,0.0,152.0,602.0,149.0,625.0,159.0,594.0,162.0,603.0,0.0,0.0,-27.0,0.0,0.0,34.2,1.0,4.998,0.0,0.0,1.359,1.642,61.8,34.6,0.0,0.0,0.0,,0.0,80.6,95.0,0.0,0.0,0.0,0.0,305.6,1115.6,300.2,1157.0,318.2,1101.2,323.6,1117.4,0.0,0.0,94.28,910.0,311.9,231.29999999999998,13.680000000000007,0.2296527777777778,2792.7826666666665,3.173913043478261,0.48,0.49,392.0,True,2026-09-05 12:08:19-07:00
443.06,2,9,2026-09-05 19:15:41,37.07774,-121.59478,268.0,7.0,39.2,-12.6,0.0,,0.0,0.0,0.0,11.4,-0.5,1.9,0.0,244.0,-14.6,0.1,1.1,99.0,17.0,27,0.0,29.98,1691.0,0.0,0.0,106,0.0,0.0,0.0,0.0,0.0,0.0,0.0,0.0,0.0,0.0,0.0,0.0,-1.0,0.0,0.0,-4.0,0.0,0.0,0.0,0.0,1.0,0.0,0.0,1200.0,62.0,35.0,916.0,916.0,14.0,2.2,0.0,2.2,34.2,0.0,0.0,15.6,0.0,0.0,8.4,40.3,35.1,0.0,0.0,0.0,0.0,152.0,600.0,149.0,624.0,160.0,593.0,162.0,601.0,0.0,0.0,-27.0,0.0,0.0,34.2,1.0,4.998,0.0,0.0,1.34,1.639,61.9,34.6,0.0,0.0,0.0,,0.0,80.6,95.0,0.0,0.0,0.0,0.0,305.6,1112.0,300.2,1155.2,320.0,1099.4,323.6,1113.8,0.0,0.0,94.28,916.0,312.35,231.75000000000003,13.680000000000007,0.23027777777777778,2804.842333333333,3.1818181818181817,0.48,0.49,392.0,True,2026-09-05 12:08:19-07:00
444.06,2,9,2026-09-05 19:15:42,37.07776,-121.59476,269.0,6.4,18.7,-12.6,0.0,,0.0,0.0,0.0,11.2,-0.2,346.5,0.0,244.0,-15.5,0.07,1.0,99.0,27.0,27,0.0,29.98,1691.0,0.0,0.0,106,0.0,0.0,0.0,0.0,0.0,0.0,0.0,0.0,0.0,0.0,0.0,0.0,0.0,0.0,0.0,-4.0,0.0,0.0,0.0,0.0,1.0,0.0,0.0,1200.0,61.0,35.0,856.0,856.0,14.1,2.1,0.0,2.1,34.2,0.0,0.0,15.6,0.0,0.0,8.6,40.3,35.1,0.0,0.0,0.0,0.0,152.0,599.0,149.0,624.0,160.0,591.0,163.0,600.0,0.0,0.0,-27.0,0.0,0.0,34.2,1.0,4.998,0.0,0.0,1.271,1.726,60.9,34.6,0.0,0.0,0.0,,0.0,80.6,95.0,0.0,0.0,0.0,0.0,305.6,1110.2,300.2,1155.2,320.0,1095.8,325.4,1112.0,0.0,0.0,94.28,856.0,312.79999999999995,232.19999999999996,13.680000000000007,0.230875,2816.143,3.0476190476190474,0.48,0.49,392.0,True,2026-09-05 12:08:19-07:00
445.06,2,9,2026-09-05 19:15:43,37.07779,-121.59475,269.0,5.4,8.0,-12.6,0.0,,0.0,0.0,0.0,11.0,0.5,330.3,0.0,244.0,-16.1,0.09,0.8,99.0,18.0,27,0.0,29.98,1691.0,0.0,0.0,106,0.0,0.0,0.0,0.0,0.0,0.0,0.0,0.0,0.0,0.0,0.0,0.0,0.0,0.0,0.0,-4.0,0.0,0.0,0.0,0.0,1.0,0.0,0.0,1200.0,60.0,35.0,866.0,866.0,14.2,2.0,0.0,2.0,34.2,0.0,0.0,15.6,0.0,0.0,8.7,40.3,35.1,0.0,0.0,0.0,0.0,153.0,598.0,149.0,622.0,160.0,589.0,163.0,599.0,0.0,0.0,-27.0,0.0,0.0,34.2,1.0,4.998,0.0,0.0,0.99,1.82,60.5,34.7,0.0,0.0,0.0,,0.0,80.6,95.0,0.0,0.0,0.0,0.0,307.4,1108.4,300.2,1151.6,320.0,1092.2,325.4,1110.2,0.0,0.0,94.46000000000001,866.0,313.25,232.65,13.860000000000014,0.23144444444444445,2826.0943333333335,2.7,0.48,0.49,392.0,True,2026-09-05 12:08:19-07:00
446.06,2,9,2026-09-05 19:15:44,37.07781,-121.59475,269.0,4.6,351.4,-12.6,0.0,,0.0,0.0,0.0,11.4,0.6,317.9,0.0,244.0,-14.3,0.08,1.0,99.0,35.0,27,0.0,29.98,1691.0,0.0,0.0,106,0.0,0.0,0.0,0.0,0.0,0.0,0.0,0.0,0.0,0.0,0.0,0.0,0.0,0.0,0.0,-4.0,0.0,0.0,0.0,0.0,1.0,0.0,0.0,1200.0,60.0,35.0,855.0,855.0,14.2,1.9,0.0,1.9,34.2,0.0,0.0,15.6,0.0,0.0,8.5,40.3,35.1,0.0,0.0,0.0,0.0,153.0,596.0,150.0,620.0,160.0,590.0,163.0,597.0,0.0,0.0,-27.0,0.0,0.0,34.2,1.0,4.998,0.0,0.0,0.822,1.91,60.3,34.9,0.0,0.0,0.0,,0.0,80.6,95.0,0.0,0.0,0.0,0.0,307.4,1104.8,302.0,1148.0,320.0,1094.0,325.4,1106.6,0.0,0.0,94.82,855.0,313.7,233.1,14.219999999999999,0.23198611111111112,2834.5276666666664,2.4210526315789473,0.48,0.49,392.0,True,2026-09-05 12:08:19-07:00
447.06,2,9,2026-09-05 19:15:45,37.07784,-121.59476,270.0,4.5,332.0,-12.6,0.0,,0.0,0.0,0.0,11.6,0.6,313.2,0.0,244.0,-9.4,0.07,1.0,99.0,36.0,27,0.0,29.98,1692.0,0.0,0.0,106,0.0,0.0,0.0,0.0,0.0,0.0,0.0,0.0,0.0,0.0,0.0,0.0,0.0,0.0,0.0,-4.0,0.0,0.0,0.0,0.0,1.0,0.0,0.0,1200.0,60.0,35.0,854.0,854.0,14.3,1.9,0.0,1.9,34.1,0.0,0.0,15.6,0.0,0.0,8.3,40.3,35.1,0.0,0.0,0.0,0.0,153.0,594.0,150.0,620.0,160.0,588.0,163.0,595.0,0.0,0.0,-27.0,0.0,0.0,34.1,1.0,4.998,0.0,0.0,0.731,1.995,60.0,34.8,0.0,0.0,0.0,,0.0,80.6,95.0,0.0,0.0,0.0,0.0,307.4,1101.2,302.0,1148.0,320.0,1090.4,325.4,1103.0,0.0,0.0,94.64,854.0,313.7,233.1,14.040000000000006,0.23251388888888888,2842.2019999999998,2.368421052631579,0.48,0.49,392.0,True,2026-09-05 12:08:19-07:00
448.06,2,9,2026-09-05 19:15:46,37.07785,-121.59477,269.0,3.9,324.9,-12.6,0.0,,0.0,0.0,0.0,11.7,0.3,316.8,0.0,244.0,-2.0,-0.0,1.0,99.0,20.0,27,0.0,29.98,1692.0,0.0,0.0,106,0.0,0.0,0.0,0.0,0.0,0.0,0.0,0.0,0.0,0.0,0.0,0.0,0.0,0.0,0.0,-4.0,0.0,0.0,0.0,0.0,1.0,0.0,0.0,1200.0,60.0,35.0,835.0,835.0,14.4,1.8,0.0,1.8,34.1,0.0,0.0,15.6,0.0,0.0,8.4,40.3,35.1,0.0,0.0,0.0,0.0,153.0,594.0,150.0,620.0,160.0,587.0,163.0,594.0,0.0,0.0,-27.0,0.0,0.0,34.1,1.0,4.998,0.0,0.0,0.732,1.958,59.8,34.8,0.0,0.0,0.0,,0.0,80.6,95.0,0.0,0.0,0.0,0.0,307.4,1101.2,302.0,1148.0,320.0,1088.6,325.4,1101.2,0.0,0.0,94.64,835.0,313.7,233.1,14.040000000000006,0.23302777777777778,2849.286,2.1666666666666665,0.48,0.49,392.0,True,2026-09-05 12:08:19-07:00
449.06,2,9,2026-09-05 19:15:47,37.07787,-121.59479,268.0,3.7,328.6,-12.6,0.0,,0.0,0.0,0.0,11.8,-0.0,320.0,0.0,244.0,1.2,-0.02,1.0,99.0,-11.0,27,0.0,29.98,1692.0,0.0,0.0,106,0.0,0.0,0.0,0.0,0.0,0.0,0.0,0.0,0.0,0.0,0.0,0.0,0.0,0.0,0.0,-4.0,0.0,0.0,0.0,0.0,1.0,0.0,0.0,1200.0,60.0,35.0,847.0,847.0,14.5,1.8,0.0,1.8,34.1,0.0,0.0,15.6,0.0,0.0,8.5,40.3,35.1,0.0,0.0,0.0,0.0,153.0,594.0,150.0,619.0,160.0,585.0,164.0,593.0,0.0,0.0,-27.0,0.0,0.0,34.1,1.0,4.998,0.0,0.0,0.731,1.836,59.6,34.9,0.0,0.0,0.0,,0.0,80.6,95.0,0.0,0.0,0.0,0.0,307.4,1101.2,302.0,1146.2,320.0,1085.0,327.2,1099.4,0.0,0.0,94.82,847.0,314.15,233.54999999999998,14.219999999999999,0.23352777777777778,2855.695333333333,2.055555555555556,0.48,0.49,392.0,True,2026-09-05 12:08:19-07:00
450.06,2,9,2026-09-05 19:15:48,37.07788,-121.5948,268.0,3.5,332.2,-12.6,0.0,,0.0,0.0,0.0,11.9,-0.1,321.4,0.0,244.0,1.4,-0.01,1.0,99.0,-1.0,27,0.0,29.98,1701.0,0.0,0.0,106,0.0,0.0,0.0,0.0,0.0,0.0,0.0,0.0,0.0,0.0,0.0,0.0,0.0,0.0,0.0,-4.0,0.0,0.0,0.0,0.0,1.0,0.0,0.0,1200.0,60.0,35.0,844.0,844.0,14.4,1.8,0.0,1.8,34.0,0.0,0.0,15.6,0.0,0.0,8.6,40.3,35.1,0.0,0.0,0.0,0.0,153.0,593.0,150.0,619.0,160.0,584.0,164.0,591.0,0.0,0.0,-27.0,0.0,0.0,34.0,1.0,4.998,0.0,0.0,0.731,1.746,59.6,35.0,0.0,0.0,0.0,,0.0,80.6,95.0,0.0,0.0,0.0,0.0,307.4,1099.4,302.0,1146.2,320.0,1083.2,327.2,1095.8,0.0,0.0,95.0,844.0,314.15,233.54999999999998,14.400000000000006,0.23402777777777778,2861.767333333333,1.9444444444444444,0.48,0.49,392.0,True,2026-09-05 12:08:19-07:00
451.06,2,9,2026-09-05 19:15:49,37.0779,-121.5948,268.0,3.4,333.4,-12.6,0.0,,0.0,0.0,0.0,11.8,-0.3,322.6,0.0,244.0,1.1,-0.02,1.1,99.0,12.0,27,0.0,29.98,1701.0,0.0,0.0,106,0.0,0.0,0.0,0.0,0.0,0.0,0.0,0.0,0.0,0.0,0.0,0.0,0.0,0.0,0.0,-4.0,0.0,0.0,0.0,0.0,1.0,0.0,0.0,1200.0,60.0,35.0,845.0,845.0,14.4,1.7,0.0,1.7,34.1,0.0,0.0,15.6,0.0,0.0,8.5,40.3,35.1,0.0,0.0,0.0,0.0,153.0,592.0,150.0,619.0,161.0,583.0,164.0,589.0,0.0,0.0,-27.0,0.0,0.0,34.1,1.0,4.998,0.0,0.0,0.916,1.705,59.6,35.1,0.0,0.0,0.0,,0.0,80.6,95.0,0.0,0.0,0.0,0.0,307.4,1097.6,302.0,1146.2,321.8,1081.4,327.2,1092.2,0.0,0.0,95.18,845.0,314.6,234.00000000000003,14.580000000000013,0.23451388888888888,2867.586333333333,2.0,0.48,0.49,392.0,True,2026-09-05 12:08:19-07:00
452.06,2,9,2026-09-05 19:15:50,37.07791,-121.59481,268.0,3.3,336.4,-12.6,0.0,,0.0,0.0,0.0,11.8,-0.5,323.3,0.0,244.0,0.8,-0.02,1.1,99.0,-4.0,27,0.0,29.98,1701.0,0.0,0.0,106,0.0,0.0,0.0,0.0,0.0,0.0,0.0,0.0,0.0,0.0,0.0,0.0,0.0,0.0,0.0,-4.0,0.0,0.0,0.0,0.0,1.0,0.0,0.0,1200.0,60.0,35.0,845.0,845.0,14.4,1.7,0.0,1.7,34.1,0.0,0.0,15.6,0.0,0.0,8.3,40.3,35.1,0.0,0.0,0.0,0.0,153.0,592.0,150.0,618.0,161.0,581.0,164.0,588.0,0.0,0.0,-27.0,0.0,0.0,34.1,1.0,4.998,0.0,0.0,0.929,1.665,59.6,35.1,0.0,0.0,0.0,,0.0,80.6,95.0,0.0,0.0,0.0,0.0,307.4,1097.6,302.0,1144.4,321.8,1077.8,327.2,1090.4,0.0,0.0,95.18,845.0,314.6,234.00000000000003,14.580000000000013,0.23498611111111112,2873.2366666666667,1.9411764705882353,0.48,0.49,392.0,True,2026-09-05 12:08:19-07:00
453.06,2,9,2026-09-05 19:15:51,37.07792,-121.59482,267.0,3.3,337.3,-12.6,0.0,,0.0,0.0,0.0,11.8,-0.5,323.1,0.0,244.0,0.2,-0.01,1.0,99.0,13.0,27,0.0,29.98,1702.0,0.0,0.0,106,0.0,0.0,0.0,0.0,0.0,0.0,0.0,0.0,0.0,0.0,0.0,0.0,0.0,0.0,0.0,-4.0,0.0,0.0,0.0,0.0,1.0,0.0,0.0,1200.0,60.0,35.0,844.0,844.0,14.3,1.7,0.0,1.7,34.1,0.0,0.0,15.6,0.0,0.0,8.3,40.3,35.1,0.0,0.0,0.0,0.0,154.0,592.0,151.0,617.0,161.0,579.0,164.0,588.0,0.0,0.0,-27.0,0.0,0.0,34.1,1.0,4.998,0.0,0.0,0.93,1.654,59.6,35.1,0.0,0.0,0.0,,0.0,80.6,95.0,0.0,0.0,0.0,0.0,309.2,1097.6,303.8,1142.6,321.8,1074.2,327.2,1090.4,0.0,0.0,95.18,844.0,315.5,234.9,14.580000000000013,0.23545833333333333,2878.8026666666665,1.9411764705882353,0.48,0.49,392.0,True,2026-09-05 12:08:19-07:00
454.06,2,9,2026-09-05 19:15:52,37.07794,-121.59483,268.0,3.2,336.4,-12.6,0.0,,0.0,0.0,0.0,11.7,-0.6,322.8,0.0,245.0,-0.1,-0.01,0.9,99.0,-12.0,27,0.0,29.98,1701.0,0.0,0.0,106,0.0,0.0,0.0,0.0,0.0,0.0,0.0,0.0,0.0,0.0,0.0,0.0,-1.0,0.0,0.0,-4.0,0.0,0.0,0.0,0.0,1.0,0.0,0.0,1200.0,60.0,35.0,850.0,850.0,14.3,1.7,0.0,1.7,34.0,0.0,0.0,15.6,0.0,0.0,8.4,40.3,35.1,0.0,0.0,0.0,0.0,154.0,591.0,151.0,616.0,161.0,578.0,164.0,588.0,0.0,0.0,-27.0,0.0,0.0,34.0,1.0,4.998,0.0,0.0,1.013,1.652,59.7,35.2,0.0,0.0,0.0,,0.0,80.6,95.0,0.0,0.0,0.0,0.0,309.2,1095.8,303.8,1140.8,321.8,1072.4,327.2,1090.4,0.0,0.0,95.36,850.0,315.5,234.9,14.760000000000005,0.23593055555555556,2884.284333333333,1.8823529411764708,0.48,0.49,392.0,True,2026-09-05 12:08:19-07:00
455.06,2,9,2026-09-05 19:15:53,37.07795,-121.59483,270.0,3.1,336.2,-12.6,0.0,,0.0,0.0,0.0,11.6,-0.4,322.8,0.0,245.0,-0.1,-0.01,0.9,99.0,-44.0,27,0.0,29.98,1701.0,0.0,0.0,106,0.0,0.0,0.0,0.0,0.0,0.0,0.0,0.0,0.0,0.0,0.0,0.0,-1.0,0.0,0.0,-4.0,0.0,0.0,0.0,0.0,1.0,0.0,0.0,1200.0,59.0,35.0,843.0,843.0,14.4,1.7,0.0,1.7,34.0,0.0,0.0,15.6,0.0,0.0,8.6,40.3,35.1,0.0,0.0,0.0,0.0,154.0,590.0,151.0,617.0,161.0,577.0,164.0,588.0,0.0,0.0,-27.0,0.0,0.0,34.0,1.0,4.998,0.0,0.0,1.091,1.605,59.4,35.3,0.0,0.0,0.0,,0.0,80.6,95.0,0.0,0.0,0.0,0.0,309.2,1094.0,303.8,1142.6,321.8,1070.6,327.2,1090.4,0.0,0.0,95.53999999999999,843.0,315.5,234.9,14.939999999999998,0.2364027777777778,2889.597333333333,1.823529411764706,0.48,0.49,392.0,True,2026-09-05 12:08:19-07:00
456.06,2,9,2026-09-05 19:15:54,37.07796,-121.59483,271.0,3.0,335.3,-12.6,0.0,,0.0,0.0,0.0,11.5,-0.5,322.9,0.0,245.0,0.2,-0.02,1.0,99.0,23.0,27,0.0,29.98,1701.0,0.0,0.0,106,0.0,0.0,0.0,0.0,0.0,0.0,0.0,0.0,0.0,0.0,0.0,0.0,-1.0,0.0,0.0,-4.0,0.0,0.0,0.0,0.0,1.0,0.0,0.0,1200.0,60.0,35.0,845.0,845.0,14.3,1.7,0.0,1.7,34.0,0.0,0.0,15.6,0.0,0.0,8.5,40.3,35.1,0.0,0.0,0.0,0.0,154.0,589.0,151.0,617.0,161.0,577.0,164.0,587.0,0.0,0.0,-27.0,0.0,0.0,34.0,1.0,4.998,0.0,0.0,1.093,1.606,59.5,35.4,0.0,0.0,0.0,,0.0,80.6,95.0,0.0,0.0,0.0,0.0,309.2,1092.2,303.8,1142.6,321.8,1070.6,327.2,1088.6,0.0,0.0,95.72,845.0,315.5,234.9,15.120000000000005,0.236875,2894.741666666667,1.7647058823529411,0.48,0.49,392.0,True,2026-09-05 12:08:19-07:00
457.06,2,9,2026-09-05 19:15:55,37.07798,-121.59484,271.0,3.1,338.4,-12.6,0.0,,0.0,0.0,0.0,11.6,-0.5,322.1,0.0,245.0,-0.4,0.0,1.0,99.0,-7.0,27,0.0,29.98,1703.0,0.0,0.0,106,0.0,0.0,0.0,0.0,0.0,0.0,0.0,0.0,0.0,0.0,0.0,0.0,-1.0,0.0,0.0,-5.0,0.0,0.0,0.0,0.0,1.0,0.0,0.0,1200.0,60.0,35.0,843.0,843.0,14.3,1.7,0.0,1.7,34.1,0.0,0.0,15.6,0.0,0.0,8.3,40.3,35.1,0.0,0.0,0.0,0.0,154.0,589.0,151.0,617.0,161.0,575.0,164.0,585.0,0.0,0.0,-27.0,0.0,0.0,34.1,1.0,4.998,0.0,0.0,1.091,1.605,59.6,35.4,0.0,0.0,0.0,,0.0,80.6,95.0,0.0,0.0,0.0,0.0,309.2,1092.2,303.8,1142.6,321.8,1067.0,327.2,1085.0,0.0,0.0,95.72,843.0,315.5,234.9,15.120000000000005,0.23734722222222224,2899.886,1.823529411764706,0.48,0.49,392.0,True,2026-09-05 12:08:19-07:00
458.06,2,9,2026-09-05 19:15:56,37.07799,-121.59485,271.0,3.2,334.4,-12.6,0.0,,0.0,0.0,0.0,11.5,-0.4,323.3,0.0,245.0,0.5,-0.01,1.0,99.0,-26.0,27,0.0,29.98,1703.0,0.0,0.0,106,0.0,0.0,0.0,0.0,0.0,0.0,0.0,0.0,0.0,0.0,0.0,0.0,-1.0,0.0,0.0,-6.0,0.0,0.0,0.0,0.0,1.0,0.0,0.0,1200.0,60.0,35.0,877.0,877.0,14.4,1.7,0.0,1.7,34.0,0.0,0.0,15.6,0.0,0.0,8.3,40.3,35.1,0.0,0.0,0.0,0.0,154.0,588.0,151.0,617.0,161.0,575.0,164.0,584.0,0.0,0.0,-27.0,0.0,0.0,34.0,1.0,4.998,0.0,0.0,1.093,1.57,59.6,35.4,0.0,0.0,0.0,,0.0,80.6,95.0,0.0,0.0,0.0,0.0,309.2,1090.4,303.8,1142.6,321.8,1067.0,327.2,1083.2,0.0,0.0,95.72,877.0,315.5,234.9,15.120000000000005,0.23781944444444444,2905.199,1.8823529411764708,0.48,0.49,392.0,True,2026-09-05 12:08:19-07:00
459.06,2,9,2026-09-05 19:15:57,37.07801,-121.59486,272.0,3.5,336.6,-12.6,0.0,,0.0,0.0,0.0,11.5,-0.4,323.6,0.0,245.0,0.5,-0.01,0.9,99.0,-34.0,27,0.0,29.98,1703.0,0.0,0.0,106,0.0,0.0,0.0,0.0,0.0,0.0,0.0,0.0,0.0,0.0,0.0,0.0,-1.0,0.0,0.0,-6.0,0.0,0.0,0.0,0.0,1.0,0.0,0.0,1200.0,61.0,35.0,933.0,933.0,14.0,1.7,0.0,1.7,33.9,0.0,0.0,15.6,0.0,0.0,8.3,40.3,35.1,0.0,0.0,0.0,0.0,154.0,587.0,151.0,615.0,162.0,576.0,165.0,585.0,0.0,0.0,-27.0,0.0,0.0,33.9,1.0,4.998,0.0,0.0,1.093,1.558,61.3,35.4,0.0,0.0,0.0,,0.0,80.6,95.0,0.0,0.0,0.0,0.0,309.2,1088.6,303.8,1139.0,323.6,1068.8,329.0,1085.0,0.0,0.0,95.72,933.0,316.40000000000003,235.80000000000004,15.120000000000005,0.23829166666666668,2910.849333333333,2.058823529411765,0.48,0.49,392.0,True,2026-09-05 12:08:19-07:00
460.06,2,9,2026-09-05 19:15:58,37.07802,-121.59487,271.0,3.7,336.5,-12.6,0.0,,0.0,0.0,0.0,11.5,-0.5,323.1,0.0,245.0,-0.0,-0.01,1.0,99.0,-3.0,27,0.0,29.98,1703.0,0.0,0.0,106,0.0,0.0,0.0,0.0,0.0,0.0,0.0,0.0,0.0,0.0,0.0,0.0,-1.0,0.0,0.0,-7.0,0.0,0.0,0.0,0.0,1.0,0.0,0.0,1200.0,62.0,35.0,927.0,927.0,14.0,1.7,0.0,1.7,33.9,0.0,0.0,15.6,0.0,0.0,8.5,40.3,35.1,0.0,0.0,0.0,0.0,154.0,586.0,151.0,614.0,162.0,576.0,165.0,585.0,0.0,0.0,-27.0,0.0,0.0,33.9,1.0,4.998,0.0,0.0,1.093,1.556,61.6,35.5,0.0,0.0,0.0,,0.0,80.6,95.0,0.0,0.0,0.0,0.0,309.2,1086.8,303.8,1137.2,323.6,1068.8,329.0,1085.0,0.0,0.0,95.9,927.0,316.40000000000003,235.80000000000004,15.300000000000011,0.2387638888888889,2916.921333333333,2.1764705882352944,0.48,0.49,392.0,True,2026-09-05 12:08:19-07:00
461.06,2,9,2026-09-05 19:15:59,37.07804,-121.59488,270.0,4.0,335.7,-12.6,0.0,,0.0,0.0,0.0,11.5,-0.6,322.5,0.0,245.0,-0.3,-0.01,1.0,99.0,-29.0,27,0.0,29.98,1703.0,0.0,0.0,106,0.0,0.0,0.0,0.0,0.0,0.0,0.0,0.0,0.0,0.0,0.0,0.0,-1.0,0.0,0.0,-8.0,0.0,0.0,0.0,0.0,1.0,0.0,0.0,1200.0,62.0,36.0,1051.0,1051.0,14.7,1.8,0.0,1.8,33.3,0.0,0.0,15.6,0.0,0.0,8.5,40.3,35.1,0.0,0.0,0.0,0.0,154.0,586.0,151.0,613.0,162.0,577.0,165.0,586.0,0.0,0.0,-27.0,0.0,0.0,33.3,1.0,4.998,0.0,0.0,1.093,1.564,62.1,35.7,0.0,0.0,0.0,,0.0,80.6,96.8,0.0,0.0,0.0,0.0,309.2,1086.8,303.8,1135.4,323.6,1070.6,329.0,1086.8,0.0,0.0,96.26,1051.0,316.40000000000003,235.80000000000004,15.66000000000001,0.23925,2923.415,2.2222222222222223,0.48,0.49,392.0,True,2026-09-05 12:08:19-07:00
462.06,2,9,2026-09-05 19:16:00,37.07806,-121.59489,270.0,5.3,336.3,-12.6,0.0,,0.0,0.0,0.0,11.8,-0.9,321.9,0.0,245.0,-0.5,-0.02,1.0,99.0,-15.0,27,0.0,29.98,1703.0,0.0,0.0,106,0.0,0.0,0.0,0.0,0.0,0.0,0.0,0.0,0.0,0.0,0.0,0.0,1.0,0.0,0.0,-75.0,0.0,0.0,0.0,0.0,1.0,0.0,0.0,1200.0,77.0,36.0,1921.0,1921.0,20.1,2.9,0.0,2.9,31.1,0.0,0.0,15.6,0.0,0.0,8.0,40.3,35.1,0.0,0.0,0.0,0.0,154.0,591.0,151.0,614.0,162.0,588.0,165.0,594.0,0.0,0.0,-27.0,0.0,0.0,31.1,1.0,4.998,0.0,0.0,0.734,1.217,76.8,35.6,0.0,0.0,0.0,L,0.0,80.6,96.8,0.0,0.0,0.0,0.0,309.2,1095.8,303.8,1137.2,323.6,1090.4,329.0,1101.2,0.0,0.0,96.08000000000001,1921.0,316.40000000000003,235.80000000000004,15.480000000000018,0.23990277777777777,2931.258,1.8275862068965518,0.48,0.49,392.0,True,2026-09-05 12:08:19-07:00
463.06,2,9,2026-09-05 19:16:01,37.07809,-121.5949,270.0,10.2,334.9,-12.6,0.0,,0.0,0.0,0.0,12.8,-0.9,321.3,0.0,245.0,-0.7,-0.01,0.8,99.0,-12.0,27,0.0,29.98,1703.0,0.0,0.0,106,0.0,0.0,0.0,0.0,0.0,0.0,0.0,0.0,0.0,0.0,0.0,0.0,2.0,0.0,0.0,-90.0,0.0,0.0,0.0,0.0,1.0,0.0,0.0,1200.0,90.0,36.0,2584.0,2584.0,24.6,4.8,0.0,4.8,28.9,0.0,0.0,15.6,0.0,0.0,7.8,40.3,35.1,0.0,0.0,0.0,0.0,155.0,609.0,152.0,626.0,162.0,611.0,165.0,616.0,0.0,0.0,-27.0,0.0,0.0,28.9,1.0,4.998,0.0,0.0,0.718,0.807,90.3,35.7,0.0,0.0,18.0,L,0.0,80.6,96.8,0.0,0.0,0.0,0.0,311.0,1128.2,305.6,1158.8,323.6,1131.8,329.0,1140.8,0.0,0.0,96.26,2584.0,317.3,236.70000000000002,15.66000000000001,0.24097222222222223,2944.3296666666665,2.125,0.48,0.49,392.0,True,2026-09-05 12:08:19-07:00
464.06,2,9,2026-09-05 19:16:02,37.07815,-121.59494,270.0,17.8,333.6,-12.6,0.0,,0.0,0.0,0.0,14.8,-0.7,323.5,21.9,245.0,0.5,-0.03,0.6,96.0,-56.0,27,22.5,29.98,1703.0,0.0,0.0,106,0.0,0.0,0.0,0.0,0.0,0.0,0.0,0.0,0.0,0.0,0.0,0.0,3.0,0.0,0.0,-96.0,0.0,0.0,0.0,0.0,1.0,0.0,0.0,1200.0,89.0,36.0,2732.0,2732.0,28.7,7.4,0.0,7.4,27.3,0.0,0.0,15.6,0.0,0.0,7.7,40.3,35.1,0.0,0.0,0.0,0.0,155.0,643.0,152.0,652.0,163.0,639.0,166.0,642.0,0.0,0.0,-26.0,0.0,0.0,27.3,1.0,4.998,0.0,0.0,0.732,0.851,89.0,35.7,0.0,0.0,38.0,L,0.0,80.6,96.8,0.0,0.0,0.0,0.0,311.0,1189.4,305.6,1205.6,325.4,1182.2,330.8,1187.6,0.0,0.0,96.26,2732.0,318.20000000000005,237.60000000000005,15.66000000000001,0.24266666666666667,2967.9429999999998,2.4054054054054053,22.38,22.94,392.0,True,2026-09-05 12:08:19-07:00
465.06,2,9,2026-09-05 19:16:03,37.07824,-121.59499,270.0,25.7,335.4,-12.6,0.0,,0.0,0.0,0.0,16.8,-0.7,325.5,28.0,245.0,0.7,-0.03,0.9,81.0,-41.0,27,28.7,29.98,1703.0,0.0,0.0,106,0.0,0.0,0.0,0.0,0.0,0.0,0.0,0.0,0.0,0.0,0.0,0.0,3.0,0.0,0.0,-96.0,0.0,0.0,0.0,0.0,1.0,0.0,0.0,1200.0,92.0,36.0,2704.0,2704.0,29.5,9.4,0.0,9.4,27.7,0.0,0.0,15.6,0.0,0.0,7.8,40.3,35.1,0.0,0.0,0.0,0.0,156.0,667.0,153.0,668.0,163.0,659.0,167.0,663.0,0.0,0.0,-27.0,0.0,0.0,27.7,1.0,4.998,0.0,0.0,0.73,0.813,91.5,35.9,0.0,0.0,57.0,L,0.0,80.6,96.8,0.0,0.0,0.0,0.0,312.8,1232.6,307.4,1234.4,325.4,1218.2,332.6,1225.4,0.0,0.0,96.61999999999999,2704.0,319.55,238.95000000000002,16.019999999999996,0.245,3004.6279999999997,2.734042553191489,28.48,29.2,392.0,True,2026-09-05 12:08:19-07:00
466.06,2,9,2026-09-05 19:16:04,37.07836,-121.59506,271.0,33.0,335.9,-12.6,0.0,,0.0,0.0,0.0,17.8,-0.9,325.5,32.5,245.0,-0.3,-0.01,0.9,74.0,-104.0,27,33.4,29.98,1704.0,0.0,0.0,106,0.0,0.0,0.0,0.0,0.0,0.0,0.0,0.0,0.0,0.0,0.0,0.0,2.0,0.0,0.0,-121.0,0.0,0.0,0.0,0.0,1.0,0.0,0.0,1200.0,92.0,36.0,2689.0,2689.0,29.6,11.0,0.0,11.0,27.8,0.0,0.0,15.6,0.0,0.0,7.8,40.3,35.1,0.0,0.0,0.0,0.0,157.0,686.0,154.0,683.0,164.0,676.0,168.0,676.0,0.0,0.0,-27.0,0.0,0.0,27.8,1.0,4.998,0.0,0.0,0.708,0.833,91.5,36.2,0.0,0.0,74.0,L,0.0,80.6,96.8,0.0,0.0,0.0,0.0,314.6,1266.8,309.2,1261.4,327.2,1248.8,334.4,1248.8,0.0,0.0,97.16,2689.0,321.35,240.75000000000003,16.560000000000002,0.24783333333333335,3054.1316666666667,3.0,32.98,33.81,392.0,True,2026-09-05 12:08:19-07:00
467.06,2,9,2026-09-05 19:16:05,37.07851,-121.59515,273.0,39.9,334.2,-12.6,0.0,,0.0,0.0,0.0,13.9,-1.3,325.0,39.1,245.0,-1.0,0.06,0.8,40.0,-78.0,27,40.1,29.98,1704.0,0.0,0.0,106,0.0,0.0,0.0,0.0,0.0,0.0,0.0,0.0,0.0,0.0,0.0,0.0,2.0,0.0,0.0,-131.0,0.0,0.0,0.0,0.0,3.0,0.0,0.0,1200.0,91.0,36.0,2693.0,2693.0,29.6,12.2,0.0,12.2,27.8,0.0,0.0,15.5,0.0,0.0,7.6,40.3,35.1,0.0,0.0,0.0,0.0,158.0,700.0,155.0,695.0,165.0,689.0,169.0,688.0,0.0,0.0,-27.0,0.0,0.0,27.8,1.0,4.998,0.0,0.0,0.697,0.885,91.2,36.2,0.0,0.0,88.0,P,0.0,80.6,96.8,0.0,0.0,0.0,0.0,316.4,1292.0,311.0,1283.0,329.0,1272.2,336.2,1270.4,0.0,0.0,97.16,2693.0,323.15,242.54999999999998,16.560000000000002,0.2510555555555556,3115.6106666666665,3.2704918032786887,39.58,40.58,392.0,True,2026-09-05 12:08:19-07:00
468.06,2,9,2026-09-05 19:16:06,37.07869,-121.59526,273.0,46.5,335.1,-12.6,0.0,,0.0,0.0,0.0,14.9,-0.7,327.5,42.4,245.0,1.0,-0.07,1.1,43.0,-40.0,27,43.5,29.98,1704.0,0.0,0.0,106,0.0,0.0,0.0,0.0,0.0,0.0,0.0,0.0,0.0,0.0,0.0,0.0,2.0,0.0,0.0,-126.0,0.0,0.0,0.0,0.0,3.0,1.0,0.0,1200.0,91.0,36.0,2699.0,2699.0,29.6,13.1,0.0,13.1,27.7,0.0,0.0,15.5,0.0,0.0,7.5,40.3,35.1,0.0,0.0,0.0,0.0,159.0,712.0,156.0,705.0,166.0,699.0,170.0,700.0,0.0,0.0,-27.0,0.0,0.0,27.7,1.0,4.998,0.0,0.0,0.676,0.988,91.1,36.2,0.0,0.0,96.0,R,0.0,80.6,96.8,0.0,0.0,0.0,0.0,318.2,1313.6,312.8,1301.0,330.8,1290.2,338.0,1292.0,0.0,0.0,97.16,2699.0,324.95,244.35,16.560000000000002,0.25456944444444446,3188.4746666666665,3.549618320610687,42.879999999999995,43.96,392.0,True,2026-09-05 12:08:19-07:00
469.06,2,9,2026-09-05 19:16:07,37.0789,-121.59538,274.0,53.0,335.8,-12.6,0.0,,0.0,0.0,0.0,13.9,-0.5,328.0,48.8,245.0,0.4,-0.03,1.0,31.0,-71.0,27,50.0,29.98,1713.0,0.0,0.0,106,0.0,0.0,0.0,0.0,0.0,0.0,0.0,0.0,0.0,0.0,0.0,0.0,1.0,0.0,0.0,-122.0,0.0,0.0,0.0,0.0,3.0,1.0,0.0,1200.0,91.0,36.0,2698.0,2698.0,29.8,13.9,0.0,13.9,27.9,0.0,0.0,15.5,0.0,0.0,7.6,40.3,35.1,0.0,0.0,0.0,0.0,160.0,722.0,157.0,713.0,166.0,708.0,170.0,707.0,0.0,0.0,-27.0,0.0,0.0,27.9,1.0,4.998,0.0,0.0,0.701,0.951,91.0,36.4,0.0,0.0,100.0,R,0.0,80.6,96.8,0.0,0.0,0.0,0.0,320.0,1331.6,314.6,1315.4,330.8,1306.4,338.0,1304.6,0.0,0.0,97.52,2698.0,325.85,245.25000000000003,16.92,0.25831944444444443,3272.3863333333334,3.8129496402877696,49.279999999999994,50.52,392.0,True,2026-09-05 12:08:19-07:00
470.06,2,9,2026-09-05 19:16:08,37.07914,-121.59551,275.0,59.2,335.9,-12.6,0.0,,0.0,0.0,0.0,11.3,-0.4,329.0,56.6,244.0,0.5,-0.01,1.1,14.0,-68.0,27,58.0,29.98,1713.0,0.0,0.0,106,0.0,0.0,0.0,0.0,0.0,0.0,0.0,0.0,0.0,0.0,0.0,0.0,2.0,0.0,0.0,-121.0,0.0,0.0,0.0,0.0,3.0,1.0,0.0,1200.0,91.0,37.0,2700.0,2700.0,29.8,14.4,0.0,14.4,27.9,0.0,0.0,15.5,0.0,0.0,7.8,40.3,35.1,0.0,0.0,0.0,0.0,161.0,729.0,158.0,721.0,167.0,717.0,171.0,715.0,0.0,0.0,-27.0,0.0,0.0,27.9,1.0,4.998,0.0,0.0,0.74,1.234,90.9,36.5,0.0,0.0,101.0,R,0.0,80.6,98.6,0.0,0.0,0.0,0.0,321.8,1344.2,316.4,1329.8,332.6,1322.6,339.8,1319.0,0.0,0.0,97.7,2700.0,327.65000000000003,247.05000000000004,17.10000000000001,0.26225,3367.008333333333,4.111111111111112,57.08,58.51,392.0,True,2026-09-05 12:08:19-07:00
471.06,2,9,2026-09-05 19:16:09,37.07941,-121.59566,277.0,64.8,336.8,-12.6,0.0,,0.0,0.0,0.0,12.6,-0.9,329.8,62.9,242.0,0.7,-0.03,1.0,15.0,-106.0,27,64.5,29.98,1710.0,0.0,0.0,106,0.0,0.0,0.0,0.0,0.0,0.0,0.0,0.0,0.0,0.0,0.0,0.0,-1.0,0.0,0.0,-100.0,0.0,0.0,0.0,0.0,3.0,1.0,0.0,1200.0,91.0,37.0,2689.0,2689.0,29.8,14.8,0.0,14.8,27.9,0.0,0.0,15.5,0.0,0.0,7.9,40.3,35.1,0.0,0.0,0.0,0.0,162.0,736.0,158.0,727.0,168.0,724.0,172.0,721.0,0.0,0.0,-27.0,0.0,0.0,27.9,1.0,4.998,0.0,0.0,0.679,1.401,90.7,36.8,0.0,0.0,102.0,R,0.0,80.6,98.6,0.0,0.0,0.0,0.0,323.6,1356.8,316.4,1340.6,334.4,1335.2,341.6,1329.8,0.0,0.0,98.24,2689.0,329.0,248.4,17.64,0.2663055555555556,3471.5816666666665,4.378378378378378,63.379999999999995,64.97,392.0,True,2026-09-05 12:08:19-07:00
472.06,2,9,2026-09-05 19:16:10,37.0797,-121.59582,277.0,70.0,336.5,-12.6,0.0,,0.0,0.0,0.0,14.2,-1.7,329.0,66.9,241.0,-0.0,-0.02,0.9,23.0,-76.0,27,68.6,29.98,1710.0,0.0,0.0,106,0.0,0.0,0.0,0.0,0.0,0.0,0.0,0.0,0.0,0.0,0.0,0.0,8.0,0.0,0.0,-100.0,0.0,0.0,0.0,0.0,3.0,1.0,0.0,1200.0,91.0,37.0,2700.0,2700.0,29.9,15.2,0.0,15.2,27.9,0.0,0.0,15.5,0.0,0.0,7.6,40.3,35.1,0.0,0.0,0.0,0.0,163.0,743.0,159.0,731.0,168.0,729.0,173.0,727.0,0.0,0.0,-27.0,0.0,0.0,27.9,1.0,4.998,0.0,0.0,0.648,1.128,90.6,36.9,0.0,0.0,102.0,R,0.0,80.6,98.6,0.0,0.0,0.0,0.0,325.4,1369.4,318.2,1347.8,334.4,1344.2,343.4,1340.6,0.0,0.0,98.41999999999999,2700.0,330.35,249.75000000000003,17.819999999999993,0.2704722222222222,3585.263,4.605263157894737,67.38000000000001,69.07,392.0,True,2026-09-05 12:08:19-07:00
473.06,2,9,2026-09-05 19:16:11,37.08001,-121.59599,280.0,74.6,336.0,-12.6,0.0,,0.0,0.0,0.0,13.0,0.4,327.6,73.7,241.0,-1.0,-0.01,1.0,13.0,-18.0,27,75.6,29.98,1710.0,0.0,0.0,106,0.0,0.0,0.0,0.0,0.0,0.0,0.0,0.0,0.0,0.0,0.0,0.0,-1.0,0.0,0.0,-100.0,0.0,0.0,0.0,0.0,3.0,1.0,0.0,1200.0,90.0,37.0,2694.0,2694.0,29.9,15.4,0.0,15.4,28.0,0.0,0.0,15.5,0.0,0.0,7.6,40.3,35.1,0.0,0.0,0.0,0.0,163.0,749.0,160.0,735.0,169.0,734.0,173.0,732.0,0.0,0.0,-27.0,0.0,0.0,28.0,1.0,4.998,0.0,0.0,0.649,1.423,90.5,36.9,0.0,0.0,103.0,R,0.0,80.6,98.6,0.0,0.0,0.0,0.0,325.4,1380.2,320.0,1355.0,336.2,1353.2,343.4,1349.6,0.0,0.0,98.41999999999999,2694.0,331.25,250.65,17.819999999999993,0.2747222222222222,3707.209,4.844155844155844,74.18,76.04,392.0,True,2026-09-05 12:08:19-07:00
474.06,2,9,2026-09-05 19:16:12,37.08033,-121.59616,282.0,78.9,335.9,-12.6,0.0,,0.0,0.0,0.0,13.5,0.3,327.9,78.1,241.0,-0.4,0.01,1.0,11.0,43.0,27,80.1,29.98,1708.0,0.0,0.0,106,0.0,0.0,0.0,0.0,0.0,0.0,0.0,0.0,0.0,0.0,0.0,0.0,-3.0,0.0,0.0,-102.0,0.0,0.0,0.0,0.0,3.0,1.0,0.0,1200.0,91.0,37.0,2699.0,2699.0,29.9,15.6,0.0,15.6,28.0,0.0,0.0,15.5,0.0,0.0,7.6,40.3,35.1,0.0,0.0,0.0,0.0,164.0,754.0,161.0,738.0,170.0,738.0,174.0,735.0,0.0,0.0,-27.0,0.0,0.0,28.0,1.0,4.998,0.0,0.0,0.84,1.494,90.5,37.0,0.0,0.0,103.0,R,0.0,80.6,98.6,0.0,0.0,0.0,0.0,327.2,1389.2,321.8,1360.4,338.0,1360.4,345.2,1355.0,0.0,0.0,98.6,2699.0,333.05,252.45000000000002,18.0,0.27902777777777776,3836.6606666666667,5.057692307692308,78.58,80.55,392.0,True,2026-09-05 12:08:19-07:00
475.06,2,9,2026-09-05 19:16:13,37.08067,-121.59635,287.0,82.6,336.1,-12.6,0.0,,0.0,0.0,0.0,13.6,-1.5,328.1,81.6,241.0,0.1,-0.03,1.1,9.0,171.0,27,83.7,29.98,1708.0,0.0,0.0,106,0.0,0.0,0.0,0.0,0.0,0.0,0.0,0.0,0.0,0.0,0.0,0.0,-3.0,0.0,0.0,-102.0,0.0,0.0,0.0,0.0,3.0,1.0,0.0,1200.0,91.0,37.0,2705.0,2705.0,29.9,15.8,0.0,15.8,28.1,0.0,0.0,15.5,0.0,0.0,7.8,40.3,35.1,0.0,0.0,0.0,0.0,165.0,757.0,162.0,741.0,170.0,742.0,175.0,739.0,0.0,0.0,-27.0,0.0,0.0,28.1,1.0,4.998,0.0,0.0,0.964,1.469,90.6,37.1,0.0,0.0,103.0,R,0.0,80.6,98.6,0.0,0.0,0.0,0.0,329.0,1394.6,323.6,1365.8,338.0,1367.6,347.0,1362.2,0.0,0.0,98.78,2705.0,334.4,253.79999999999998,18.180000000000007,0.2833888888888889,3972.859,5.227848101265822,82.08,84.14,392.0,True,2026-09-05 12:08:19-07:00
476.06,2,9,2026-09-05 19:16:14,37.08103,-121.59655,293.0,85.8,335.6,-12.6,0.0,,0.0,0.0,0.0,14.3,-2.3,326.9,84.1,246.0,-0.8,-0.03,1.2,7.0,205.0,27,86.3,29.98,1708.0,0.0,0.0,106,0.0,0.0,0.0,0.0,0.0,0.0,0.0,0.0,0.0,0.0,0.0,0.0,6.0,0.0,0.0,-103.0,0.0,0.0,0.0,0.0,3.0,1.0,0.0,1200.0,90.0,37.0,2696.0,2696.0,29.9,15.9,0.0,15.9,28.1,0.0,0.0,15.5,0.0,0.0,7.9,40.3,35.1,0.0,0.0,0.0,0.0,166.0,759.0,162.0,745.0,171.0,744.0,176.0,742.0,0.0,0.0,-27.0,0.0,0.0,28.1,1.0,4.998,0.0,0.0,1.15,1.482,90.4,37.3,0.0,0.0,103.0,R,0.0,80.6,98.6,0.0,0.0,0.0,0.0,330.8,1398.2,323.6,1373.0,339.8,1371.2,348.8,1367.6,0.0,0.0,99.14,2696.0,335.75,255.15,18.540000000000006,0.28779166666666667,4114.876333333334,5.39622641509434,84.58,86.71,392.0,True,2026-09-05 12:08:19-07:00
477.06,2,9,2026-09-05 19:16:15,37.08139,-121.59676,304.0,88.4,335.4,-12.6,0.0,,0.0,0.0,0.0,14.3,2.4,326.9,85.9,254.0,-0.4,0.02,1.0,1.0,323.0,27,88.2,29.98,1715.0,0.0,0.0,106,0.0,0.0,0.0,0.0,0.0,0.0,0.0,0.0,0.0,0.0,0.0,0.0,3.0,0.0,0.0,-104.0,0.0,0.0,0.0,0.0,3.0,1.0,0.0,1200.0,90.0,37.0,2696.0,2696.0,29.9,16.1,0.0,16.1,28.1,0.0,0.0,15.5,0.0,0.0,7.6,40.3,35.1,0.0,0.0,0.0,0.0,166.0,761.0,163.0,748.0,172.0,745.0,176.0,745.0,0.0,0.0,-27.0,0.0,0.0,28.1,1.0,4.998,0.0,0.0,1.0,1.481,90.4,37.5,0.0,0.0,103.0,R,0.0,80.6,98.6,0.0,0.0,0.0,0.0,330.8,1401.8,325.4,1378.4,341.6,1373.0,348.8,1373.0,0.0,0.0,99.5,2696.0,336.65000000000003,256.05000000000007,18.900000000000006,0.29223611111111114,4261.785,5.490683229813665,86.38000000000001,88.57,392.0,True,2026-09-05 12:08:19-07:00
478.06,2,9,2026-09-05 19:16:16,37.08177,-121.59698,317.0,90.9,335.6,-12.6,0.0,,0.0,0.0,0.0,13.8,2.9,330.3,88.0,265.0,1.9,-0.02,1.0,0.0,441.0,27,90.3,29.98,1738.0,0.0,0.0,106,0.0,0.0,0.0,0.0,0.0,0.0,0.0,0.0,0.0,0.0,0.0,0.0,-4.0,0.0,0.0,-105.0,0.0,0.0,0.0,0.0,3.0,1.0,0.0,1200.0,90.0,37.0,2705.0,2705.0,29.9,16.1,0.0,16.1,28.1,0.0,0.0,15.5,0.0,0.0,7.5,40.3,35.1,0.0,0.0,0.0,0.0,167.0,764.0,164.0,749.0,172.0,746.0,177.0,748.0,0.0,0.0,-27.0,0.0,0.0,28.1,1.0,4.998,0.0,0.0,1.133,1.544,90.3,37.5,0.0,0.0,103.0,R,0.0,80.6,98.6,0.0,0.0,0.0,0.0,332.6,1407.2,327.2,1380.2,341.6,1374.8,350.6,1378.4,0.0,0.0,99.5,2705.0,338.0,257.4,18.900000000000006,0.29670833333333335,4412.9946666666665,5.645962732919254,88.48,90.74,392.0,True,2026-09-05 12:08:19-07:00
479.06,2,9,2026-09-05 19:16:17,37.08216,-121.59719,332.0,93.1,336.5,-12.6,0.0,,0.0,0.0,0.0,12.2,1.7,331.1,94.0,276.0,1.5,-0.06,0.8,0.0,550.0,27,96.5,29.98,1742.0,0.0,0.0,106,0.0,0.0,0.0,0.0,0.0,0.0,0.0,0.0,0.0,0.0,0.0,0.0,-3.0,0.0,0.0,-107.0,0.0,0.0,0.0,0.0,3.0,1.0,0.0,1200.0,90.0,38.0,2703.0,2703.0,29.9,16.2,0.0,16.2,28.2,0.0,0.0,15.5,0.0,0.0,7.6,40.3,35.1,0.0,0.0,0.0,0.0,168.0,766.0,164.0,751.0,173.0,749.0,177.0,750.0,0.0,0.0,-27.0,0.0,0.0,28.2,1.0,4.998,0.0,0.0,1.206,1.519,90.5,37.6,0.0,0.0,103.0,R,0.0,80.6,100.4,0.0,0.0,0.0,0.0,334.4,1410.8,327.2,1383.8,343.4,1380.2,350.6,1382.0,0.0,0.0,99.68,2703.0,338.9,258.29999999999995,19.080000000000013,0.30119444444444443,4568.168,5.746913580246914,94.48,96.91,392.0,True,2026-09-05 12:08:19-07:00
480.06,2,9,2026-09-05 19:16:18,37.08257,-121.5974,345.0,95.6,337.1,-12.6,0.0,,0.0,0.0,0.0,10.6,1.3,329.2,95.9,290.0,-0.4,-0.01,0.9,0.0,639.0,27,98.5,29.98,1769.0,0.0,0.0,106,0.0,0.0,0.0,0.0,0.0,0.0,0.0,0.0,0.0,0.0,0.0,0.0,-3.0,0.0,0.0,-106.0,0.0,0.0,0.0,0.0,3.0,1.0,0.0,1200.0,90.0,38.0,2699.0,2699.0,30.0,16.2,0.0,16.2,28.3,0.0,0.0,15.5,0.0,0.0,7.8,40.3,35.1,0.0,0.0,0.0,0.0,169.0,769.0,165.0,754.0,174.0,750.0,178.0,752.0,0.0,0.0,-27.0,0.0,0.0,28.3,1.0,4.998,0.0,0.0,1.101,1.498,90.4,37.7,0.0,0.0,103.0,R,0.0,80.6,100.4,0.0,0.0,0.0,0.0,336.2,1416.2,329.0,1389.2,345.2,1382.0,352.4,1385.6,0.0,0.0,99.86,2699.0,340.7,260.1,19.260000000000005,0.30569444444444444,4727.304999999999,5.901234567901234,96.38000000000001,98.88,392.0,True,2026-09-05 12:08:19-07:00
481.06,2,9,2026-09-05 19:16:19,37.08298,-121.59762,354.0,98.3,336.8,-12.6,0.0,,0.0,0.0,0.0,10.1,2.4,330.5,98.9,298.0,0.4,0.02,1.1,0.0,586.0,27,101.5,29.98,1779.0,0.0,0.0,106,0.0,0.0,0.0,0.0,0.0,0.0,0.0,0.0,0.0,0.0,0.0,0.0,-4.0,0.0,0.0,-106.0,0.0,0.0,0.0,0.0,3.0,1.0,0.0,1200.0,90.0,38.0,2706.0,2706.0,30.0,16.2,0.0,16.2,28.2,0.0,0.0,15.5,0.0,0.0,7.9,40.3,35.1,0.0,0.0,0.0,0.0,169.0,772.0,166.0,755.0,174.0,752.0,179.0,753.0,0.0,0.0,-27.0,0.0,0.0,28.2,1.0,4.998,0.0,0.0,1.267,1.593,90.3,37.9,0.0,0.0,103.0,R,0.0,80.6,100.4,0.0,0.0,0.0,0.0,336.2,1421.6,330.8,1391.0,345.2,1385.6,354.2,1387.4,0.0,0.0,100.22,2706.0,341.6,261.0,19.620000000000005,0.31019444444444444,4890.827333333333,6.067901234567901,99.38000000000001,101.98,392.0,True,2026-09-05 12:08:19-07:00
482.06,2,9,2026-09-05 19:16:20,37.0834,-121.59785,363.0,100.5,337.3,-12.6,0.0,,0.0,0.0,0.0,9.3,-1.0,329.3,101.9,307.0,0.2,-0.0,1.1,0.0,560.0,27,104.6,29.98,1790.0,0.0,0.0,106,0.0,0.0,0.0,0.0,0.0,0.0,0.0,0.0,0.0,0.0,0.0,0.0,-4.0,0.0,0.0,-106.0,0.0,0.0,0.0,0.0,3.0,1.0,0.0,1200.0,90.0,38.0,2700.0,2700.0,30.0,16.3,0.0,16.3,28.1,0.0,0.0,15.5,0.0,0.0,7.6,40.3,35.1,0.0,0.0,0.0,0.0,170.0,775.0,166.0,757.0,175.0,753.0,179.0,755.0,0.0,0.0,-27.0,0.0,0.0,28.1,1.0,4.998,0.0,0.0,1.321,1.663,90.1,38.1,0.0,0.0,103.0,R,0.0,80.6,100.4,0.0,0.0,0.0,0.0,338.0,1427.0,330.8,1394.6,347.0,1387.4,354.2,1391.0,0.0,0.0,100.58000000000001,2700.0,342.5,261.9,19.980000000000018,0.3147083333333333,5058.482,6.165644171779141,102.38000000000001,105.07,392.0,True,2026-09-05 12:08:19-07:00
483.06,2,9,2026-09-05 19:16:21,37.08384,-121.59808,374.0,102.4,336.9,-12.6,0.0,,0.0,0.0,0.0,9.0,-1.9,327.9,103.3,314.0,-0.2,-0.0,0.9,0.0,517.0,27,106.1,29.98,1799.0,0.0,0.0,106,0.0,0.0,0.0,0.0,0.0,0.0,0.0,0.0,0.0,0.0,0.0,0.0,-2.0,0.0,0.0,-106.0,0.0,0.0,0.0,0.0,3.0,1.0,0.0,1200.0,90.0,38.0,2693.0,2693.0,29.9,16.2,0.0,16.2,28.2,0.0,0.0,15.5,0.0,0.0,7.5,40.3,35.1,0.0,0.0,0.0,0.0,171.0,776.0,167.0,758.0,175.0,754.0,180.0,755.0,0.0,0.0,-27.0,0.0,0.0,28.2,1.0,4.998,0.0,0.0,1.304,1.628,90.3,38.1,0.0,0.0,103.0,R,0.0,80.6,100.4,0.0,0.0,0.0,0.0,339.8,1428.8,332.6,1396.4,347.0,1389.2,356.0,1391.0,0.0,0.0,100.58000000000001,2693.0,343.84999999999997,263.25,19.980000000000018,0.31922222222222224,5229.594333333333,6.320987654320988,103.78,106.52,392.0,True,2026-09-05 12:08:19-07:00
484.06,2,9,2026-09-05 19:16:22,37.08427,-121.59831,386.0,104.2,336.6,-12.6,0.0,,0.0,0.0,0.0,8.3,-1.0,326.1,103.6,323.0,-0.5,0.03,0.9,0.0,531.0,27,106.4,29.98,1810.0,0.0,0.0,106,0.0,0.0,0.0,0.0,0.0,0.0,0.0,0.0,0.0,0.0,0.0,0.0,-1.0,0.0,0.0,-107.0,0.0,0.0,0.0,0.0,3.0,1.0,0.0,1200.0,90.0,38.0,2626.0,2626.0,30.0,16.2,0.0,16.2,28.4,0.0,0.0,15.5,0.0,0.0,7.6,40.3,35.1,0.0,0.0,0.0,0.0,171.0,776.0,168.0,758.0,176.0,754.0,180.0,754.0,0.0,0.0,-27.0,0.0,0.0,28.4,1.0,4.998,0.0,0.0,1.306,1.675,90.0,38.2,0.0,0.0,102.0,R,0.0,80.6,100.4,0.0,0.0,0.0,0.0,339.8,1428.8,334.4,1396.4,348.8,1389.2,356.0,1389.2,0.0,0.0,100.76,2626.0,344.74999999999994,264.15,20.16000000000001,0.32372222222222224,5403.826999999999,6.432098765432099,104.08,106.85,392.0,True,2026-09-05 12:08:19-07:00
485.06,2,9,2026-09-05 19:16:23,37.08472,-121.59856,398.0,106.1,336.3,-12.6,0.0,,0.0,0.0,0.0,7.8,-1.0,326.4,105.3,333.0,0.1,-0.01,0.9,0.0,544.0,27,108.2,29.98,1822.0,0.0,0.0,106,0.0,0.0,0.0,0.0,0.0,0.0,0.0,0.0,0.0,0.0,0.0,0.0,-1.0,0.0,0.0,-107.0,0.0,0.0,0.0,0.0,3.0,1.0,0.0,1200.0,90.0,38.0,2589.0,2589.0,29.9,16.2,0.0,16.2,28.5,0.0,0.0,15.5,0.0,0.0,7.8,40.3,35.1,0.0,0.0,0.0,0.0,172.0,774.0,168.0,757.0,176.0,752.0,181.0,752.0,0.0,0.0,-27.0,0.0,0.0,28.5,1.0,4.998,0.0,0.0,1.282,1.696,90.0,38.3,0.0,0.0,101.0,R,0.0,80.6,100.4,0.0,0.0,0.0,0.0,341.6,1425.2,334.4,1394.6,348.8,1385.6,357.8,1385.6,0.0,0.0,100.94,2589.0,345.65,265.04999999999995,20.340000000000003,0.32822222222222225,5581.179999999999,6.549382716049383,105.78,108.61,392.0,True,2026-09-05 12:08:19-07:00
486.06,2,9,2026-09-05 19:16:24,37.08517,-121.5988,407.0,107.9,336.2,-12.6,0.0,,0.0,0.0,0.0,7.6,-2.3,324.2,107.2,343.0,-0.8,0.03,1.0,0.0,561.0,27,110.2,29.98,1834.0,0.0,0.0,106,0.0,0.0,0.0,0.0,0.0,0.0,0.0,0.0,0.0,0.0,0.0,0.0,-1.0,0.0,0.0,-107.0,0.0,0.0,0.0,0.0,3.0,1.0,0.0,1200.0,90.0,38.0,2583.0,2583.0,30.0,16.1,0.0,16.1,28.5,0.0,0.0,15.5,0.0,0.0,7.9,40.3,35.1,0.0,0.0,0.0,0.0,172.0,769.0,168.0,755.0,177.0,750.0,181.0,748.0,0.0,0.0,-26.0,0.0,0.0,28.5,1.0,4.998,0.0,0.0,1.245,1.707,89.7,38.5,0.0,0.0,100.0,R,0.0,80.6,100.4,0.0,0.0,0.0,0.0,341.6,1416.2,334.4,1391.0,350.6,1382.0,357.8,1378.4,0.0,0.0,101.3,2583.0,346.1,265.5,20.700000000000003,0.33270833333333333,5761.653333333333,6.7018633540372665,107.68,110.58,392.0,True,2026-09-05 12:08:19-07:00
487.06,2,9,2026-09-05 19:16:25,37.08564,-121.59906,415.0,109.7,335.9,-12.6,0.0,,0.0,0.0,0.0,7.6,-0.7,324.7,107.6,351.0,-0.0,0.01,1.0,0.0,538.0,27,110.6,29.98,1844.0,0.0,0.0,106,0.0,0.0,0.0,0.0,0.0,0.0,0.0,0.0,0.0,0.0,0.0,0.0,-1.0,0.0,0.0,-107.0,0.0,0.0,0.0,0.0,3.0,1.0,0.0,1200.0,90.0,39.0,2574.0,2574.0,30.0,16.1,0.0,16.1,28.4,0.0,0.0,15.5,0.0,0.0,7.7,40.3,35.1,0.0,0.0,0.0,0.0,173.0,767.0,169.0,755.0,177.0,748.0,182.0,746.0,0.0,0.0,-26.0,0.0,0.0,28.4,0.0,4.998,0.0,0.0,1.309,1.691,89.7,38.6,0.0,0.0,100.0,R,0.0,80.6,102.2,0.0,0.0,0.0,0.0,343.4,1412.6,336.2,1391.0,350.6,1378.4,359.6,1374.8,0.0,0.0,101.48,2574.0,347.45000000000005,266.85,20.88000000000001,0.33718055555555554,5945.162666666666,6.813664596273291,108.08,111.01,392.0,True,2026-09-05 12:08:19-07:00
488.06,2,9,2026-09-05 19:16:26,37.0861,-121.59932,425.0,111.2,336.0,-12.6,0.0,,0.0,0.0,0.0,7.8,1.5,323.1,107.9,360.0,-0.8,0.04,1.0,0.0,524.0,27,111.0,29.98,1856.0,0.0,0.0,106,0.0,0.0,0.0,0.0,0.0,0.0,0.0,0.0,0.0,0.0,0.0,0.0,-5.0,0.0,0.0,-107.0,0.0,0.0,0.0,0.0,3.0,1.0,0.0,1200.0,90.0,39.0,2535.0,2535.0,30.0,16.1,0.0,16.1,28.6,0.0,0.0,15.5,0.0,0.0,7.5,40.3,35.1,0.0,0.0,0.0,0.0,173.0,764.0,170.0,753.0,178.0,746.0,182.0,745.0,0.0,0.0,-26.0,0.0,0.0,28.6,0.0,4.998,0.0,0.0,1.32,1.68,89.5,38.6,0.0,0.0,99.0,R,0.0,80.6,102.2,0.0,0.0,0.0,0.0,343.4,1407.2,338.0,1387.4,352.4,1374.8,359.6,1373.0,0.0,0.0,101.48,2535.0,348.35,267.75,20.88000000000001,0.3416527777777778,6131.455,6.906832298136646,108.38000000000001,111.34,392.0,True,2026-09-05 12:08:19-07:00
489.06,2,9,2026-09-05 19:16:27,37.08657,-121.59959,436.0,112.7,335.6,-12.6,0.0,,0.0,0.0,0.0,7.7,-1.1,323.7,109.7,369.0,0.1,0.0,0.9,0.0,532.0,27,112.8,29.98,1867.0,0.0,0.0,106,0.0,0.0,0.0,0.0,0.0,0.0,0.0,0.0,0.0,0.0,0.0,0.0,-2.0,0.0,0.0,-107.0,0.0,0.0,0.0,0.0,3.0,1.0,0.0,1200.0,90.0,39.0,2541.0,2541.0,30.0,16.1,0.0,16.1,28.6,0.0,0.0,15.5,0.0,0.0,7.6,40.3,35.1,0.0,0.0,0.0,0.0,174.0,762.0,170.0,750.0,178.0,744.0,182.0,743.0,0.0,0.0,-26.0,0.0,0.0,28.6,0.0,4.998,0.0,0.0,1.298,1.663,89.8,38.7,0.0,0.0,99.0,R,0.0,80.6,102.2,0.0,0.0,0.0,0.0,345.2,1403.6,338.0,1382.0,352.4,1371.2,359.6,1369.4,0.0,0.0,101.66,2541.0,348.8,268.20000000000005,21.060000000000002,0.346125,6320.2773333333325,7.0,110.18,113.2,392.0,True,2026-09-05 12:08:19-07:00
490.06,2,9,2026-09-05 19:16:28,37.08706,-121.59985,447.0,114.2,335.5,-12.6,0.0,,0.0,0.0,0.0,7.7,-1.4,322.6,109.7,377.0,-0.5,0.02,1.2,0.0,520.0,27,112.9,29.98,1877.0,0.0,0.0,106,0.0,0.0,0.0,0.0,0.0,0.0,0.0,0.0,0.0,0.0,0.0,0.0,-2.0,0.0,0.0,-107.0,0.0,0.0,0.0,0.0,3.0,0.0,0.0,1200.0,90.0,39.0,2544.0,2544.0,30.0,16.0,0.0,16.0,28.6,0.0,0.0,15.4,0.0,0.0,7.7,40.3,35.1,0.0,0.0,0.0,0.0,175.0,760.0,171.0,749.0,179.0,743.0,183.0,741.0,0.0,0.0,-26.0,0.0,0.0,28.6,0.0,4.998,0.0,0.0,1.235,1.735,89.5,38.8,0.0,0.0,99.0,R,0.0,80.6,102.2,0.0,0.0,0.0,0.0,347.0,1400.0,339.8,1380.2,354.2,1369.4,361.4,1365.8,0.0,0.0,101.84,2544.0,350.59999999999997,270.0,21.24000000000001,0.35058333333333336,6511.629666666666,7.1375,110.18,113.22,392.0,True,2026-09-05 12:08:19-07:00
491.06,2,9,2026-09-05 19:16:29,37.08754,-121.60014,458.0,115.8,335.3,-12.6,0.0,,0.0,0.0,0.0,7.6,-0.0,322.5,111.2,387.0,-0.2,0.02,0.9,0.0,538.0,27,114.4,29.98,1889.0,0.0,0.0,106,0.0,0.0,0.0,0.0,0.0,0.0,0.0,0.0,0.0,0.0,0.0,0.0,-2.0,0.0,0.0,-107.0,0.0,0.0,0.0,0.0,3.0,1.0,0.0,1200.0,90.0,39.0,2552.0,2552.0,30.0,16.0,0.0,16.0,28.7,0.0,0.0,15.4,0.0,0.0,7.9,40.3,35.1,0.0,0.0,0.0,0.0,175.0,757.0,171.0,747.0,179.0,742.0,183.0,739.0,0.0,0.0,-26.0,0.0,0.0,28.7,0.0,4.998,0.0,0.0,0.874,1.766,89.5,38.9,0.0,0.0,99.0,R,0.0,80.6,102.2,0.0,0.0,0.0,0.0,347.0,1394.6,339.8,1376.6,354.2,1367.6,361.4,1362.2,0.0,0.0,102.02,2552.0,350.59999999999997,270.0,21.42,0.3550277777777778,6705.596333333333,7.2375,111.68,114.78,392.0,True,2026-09-05 12:08:19-07:00
492.06,2,9,2026-09-05 19:16:30,37.08803,-121.60041,467.0,117.2,335.3,-12.6,0.0,,0.0,0.0,0.0,7.9,-0.5,322.0,113.3,398.0,-0.3,0.02,1.0,0.0,561.0,27,116.6,29.98,1902.0,0.0,0.0,106,0.0,0.0,0.0,0.0,0.0,0.0,0.0,0.0,0.0,0.0,0.0,0.0,-2.0,0.0,0.0,-107.0,0.0,0.0,0.0,0.0,3.0,1.0,0.0,1200.0,90.0,39.0,2547.0,2547.0,30.0,16.0,0.0,16.0,28.7,0.0,0.0,15.4,0.0,0.0,7.7,40.3,35.1,0.0,0.0,0.0,0.0,175.0,756.0,172.0,746.0,180.0,741.0,184.0,738.0,0.0,0.0,-26.0,0.0,0.0,28.7,0.0,4.998,0.0,0.0,1.002,1.765,89.5,39.1,0.0,0.0,99.0,R,0.0,80.6,102.2,0.0,0.0,0.0,0.0,347.0,1392.8,341.6,1374.8,356.0,1365.8,363.2,1360.4,0.0,0.0,102.38000000000001,2547.0,351.95000000000005,271.35,21.780000000000015,0.35947222222222225,6902.093,7.325,113.78,116.96,392.0,True,2026-09-05 12:08:19-07:00
493.06,2,9,2026-09-05 19:16:31,37.08853,-121.6007,480.0,118.3,334.7,-12.6,0.0,,0.0,0.0,0.0,7.4,-1.5,323.2,114.4,409.0,0.4,-0.01,0.8,0.0,624.0,27,117.7,29.98,1916.0,0.0,0.0,106,0.0,0.0,0.0,0.0,0.0,0.0,0.0,0.0,0.0,0.0,0.0,0.0,-2.0,0.0,0.0,-107.0,0.0,0.0,0.0,0.0,3.0,1.0,0.0,1200.0,90.0,39.0,2542.0,2542.0,30.0,16.0,0.0,16.0,28.7,0.0,0.0,15.4,0.0,0.0,7.5,40.3,35.1,0.0,0.0,0.0,0.0,176.0,754.0,172.0,745.0,180.0,740.0,184.0,736.0,0.0,0.0,-26.0,0.0,0.0,28.7,0.0,4.998,0.0,0.0,1.207,1.769,89.5,39.0,0.0,0.0,99.0,R,0.0,80.6,102.2,0.0,0.0,0.0,0.0,348.8,1389.2,341.6,1373.0,356.0,1364.0,363.2,1356.8,0.0,0.0,102.2,2542.0,352.40000000000003,271.80000000000007,21.60000000000001,0.36391666666666667,7100.697999999999,7.39375,114.88000000000001,118.12,392.0,True,2026-09-05 12:08:19-07:00
494.06,2,9,2026-09-05 19:16:32,37.08903,-121.60099,495.0,119.6,334.9,-12.6,0.0,,0.0,0.0,0.0,7.5,-0.8,321.4,116.2,423.0,-0.8,0.05,1.0,0.0,695.0,27,119.6,29.98,1934.0,0.0,0.0,106,0.0,0.0,0.0,0.0,0.0,0.0,0.0,0.0,0.0,0.0,0.0,0.0,-2.0,0.0,0.0,-107.0,0.0,0.0,0.0,0.0,3.0,1.0,0.0,1200.0,90.0,39.0,2539.0,2539.0,30.0,16.0,0.0,16.0,28.7,0.0,0.0,15.4,0.0,0.0,7.6,40.3,35.1,0.0,0.0,0.0,0.0,176.0,754.0,173.0,745.0,181.0,738.0,184.0,735.0,0.0,0.0,-26.0,0.0,0.0,28.7,0.0,4.998,0.0,0.0,0.859,1.796,89.7,39.1,0.0,0.0,99.0,R,0.0,80.6,102.2,0.0,0.0,0.0,0.0,348.8,1389.2,343.4,1373.0,357.8,1360.4,363.2,1355.0,0.0,0.0,102.38000000000001,2539.0,353.3,272.70000000000005,21.780000000000015,0.36836111111111114,7301.326999999999,7.475,116.68,120.0,392.0,True,2026-09-05 12:08:19-07:00
495.06,2,9,2026-09-05 19:16:33,37.08953,-121.60129,507.0,120.6,334.5,-12.6,0.0,,0.0,0.0,0.0,7.6,-0.9,322.3,117.2,434.0,0.3,0.01,1.0,0.0,679.0,27,120.6,29.98,1947.0,0.0,0.0,106,0.0,0.0,0.0,0.0,0.0,0.0,0.0,0.0,0.0,0.0,0.0,0.0,-2.0,0.0,0.0,-107.0,0.0,0.0,0.0,0.0,3.0,1.0,0.0,1200.0,90.0,39.0,2537.0,2537.0,30.0,16.0,0.0,16.0,28.7,0.0,0.0,15.4,0.0,0.0,7.7,40.3,35.1,0.0,0.0,0.0,0.0,177.0,753.0,173.0,745.0,181.0,738.0,185.0,735.0,0.0,0.0,-26.0,0.0,0.0,28.7,0.0,4.998,0.0,0.0,1.084,1.763,89.6,39.2,0.0,0.0,99.0,R,0.0,80.6,102.2,0.0,0.0,0.0,0.0,350.6,1387.4,343.4,1373.0,357.8,1360.4,365.0,1355.0,0.0,0.0,102.56,2537.0,354.19999999999993,273.5999999999999,21.960000000000008,0.37280555555555556,7503.895666666666,7.5375,117.68,121.05,392.0,True,2026-09-05 12:08:19-07:00
496.06,2,9,2026-09-05 19:16:34,37.09003,-121.60159,520.0,121.3,334.2,-12.6,0.0,,0.0,0.0,0.0,7.6,-1.0,321.7,118.5,446.0,-0.2,0.03,1.1,0.0,694.0,27,122.0,29.98,1962.0,0.0,0.0,106,0.0,0.0,0.0,0.0,0.0,0.0,0.0,0.0,0.0,0.0,0.0,0.0,-1.0,0.0,0.0,-107.0,0.0,0.0,0.0,0.0,3.0,1.0,0.0,1200.0,90.0,39.0,2546.0,2546.0,30.0,16.0,0.0,16.0,28.7,0.0,0.0,15.4,0.0,0.0,7.9,40.3,35.1,0.0,0.0,0.0,0.0,177.0,753.0,173.0,744.0,182.0,738.0,185.0,735.0,0.0,0.0,-26.0,0.0,0.0,28.7,0.0,4.998,0.0,0.0,1.261,1.781,89.6,39.4,0.0,0.0,99.0,R,0.0,80.6,102.2,0.0,0.0,0.0,0.0,350.6,1387.4,343.4,1371.2,359.6,1360.4,365.0,1355.0,0.0,0.0,102.91999999999999,2546.0,354.65,274.04999999999995,22.319999999999993,0.37725000000000003,7707.897999999999,7.58125,118.98,122.42,392.0,True,2026-09-05 12:08:19-07:00
497.06,2,9,2026-09-05 19:16:35,37.09054,-121.6019,537.0,122.1,334.2,-12.6,0.0,,0.0,0.0,0.0,7.5,-1.8,319.9,119.2,461.0,-0.8,0.01,1.1,0.0,777.0,27,122.8,29.98,1980.0,0.0,0.0,106,0.0,0.0,0.0,0.0,0.0,0.0,0.0,0.0,0.0,0.0,0.0,0.0,-1.0,0.0,0.0,-107.0,0.0,0.0,0.0,0.0,3.0,1.0,0.0,1200.0,90.0,40.0,2549.0,2549.0,30.0,16.0,0.0,16.0,28.7,0.0,0.0,15.4,0.0,0.0,7.8,40.3,35.1,0.0,0.0,0.0,0.0,178.0,752.0,174.0,743.0,182.0,737.0,185.0,735.0,0.0,0.0,-26.0,0.0,0.0,28.7,0.0,4.998,0.0,0.0,1.31,1.759,89.8,39.6,0.0,0.0,99.0,R,0.0,80.6,104.0,0.0,0.0,0.0,0.0,352.4,1385.6,345.2,1369.4,359.6,1358.6,365.0,1355.0,0.0,0.0,103.28,2549.0,355.54999999999995,274.94999999999993,22.680000000000007,0.38169444444444445,7913.1653333333325,7.63125,119.68,123.17,392.0,True,2026-09-05 12:08:19-07:00
498.06,2,9,2026-09-05 19:16:36,37.09105,-121.60221,554.0,123.0,333.2,-12.6,0.0,,0.0,0.0,0.0,7.6,-0.0,321.6,117.2,477.0,0.5,-0.02,1.0,0.0,837.0,27,120.8,29.98,1999.0,0.0,0.0,106,0.0,0.0,0.0,0.0,0.0,0.0,0.0,0.0,0.0,0.0,0.0,0.0,-1.0,0.0,0.0,-107.0,0.0,0.0,0.0,0.0,3.0,1.0,0.0,1200.0,90.0,40.0,2550.0,2550.0,30.0,16.0,0.0,16.0,28.8,0.0,0.0,15.4,0.0,0.0,7.5,40.3,35.1,0.0,0.0,0.0,0.0,178.0,752.0,174.0,742.0,182.0,736.0,185.0,735.0,0.0,0.0,-26.0,0.0,0.0,28.8,0.0,4.998,0.0,0.0,1.18,1.693,89.9,39.6,0.0,0.0,99.0,R,0.0,80.6,104.0,0.0,0.0,0.0,0.0,352.4,1385.6,345.2,1367.6,359.6,1356.8,365.0,1355.0,0.0,0.0,103.28,2550.0,355.54999999999995,274.94999999999993,22.680000000000007,0.3861388888888889,8119.8663333333325,7.6875,117.68,121.15,392.0,True,2026-09-05 12:08:19-07:00
499.06,2,9,2026-09-05 19:16:37,37.09156,-121.60253,570.0,123.6,333.5,-12.6,0.0,,0.0,0.0,0.0,7.8,0.7,321.0,120.7,492.0,-0.0,0.03,1.3,0.0,870.0,27,124.4,29.98,2019.0,0.0,0.0,106,0.0,0.0,0.0,0.0,0.0,0.0,0.0,0.0,0.0,0.0,0.0,0.0,-1.0,0.0,0.0,-107.0,0.0,0.0,0.0,0.0,3.0,1.0,0.0,1200.0,90.0,40.0,2549.0,2549.0,29.9,16.0,0.0,16.0,28.8,0.0,0.0,15.4,0.0,0.0,7.6,40.3,35.1,0.0,0.0,0.0,0.0,178.0,752.0,174.0,743.0,182.0,736.0,186.0,734.0,0.0,0.0,-26.0,0.0,0.0,28.8,0.0,4.998,0.0,0.0,1.228,1.808,89.6,39.6,0.0,0.0,99.0,R,0.0,80.6,104.0,0.0,0.0,0.0,0.0,352.4,1385.6,345.2,1369.4,359.6,1356.8,366.8,1353.2,0.0,0.0,103.28,2549.0,356.0,275.4,22.680000000000007,0.39058333333333334,8327.832333333332,7.725,121.18,124.78,392.0,True,2026-09-05 12:08:19-07:00
500.06,2,9,2026-09-05 19:16:38,37.09208,-121.60285,588.0,124.1,334.0,-12.6,0.0,,0.0,0.0,0.0,8.1,0.2,319.8,121.8,508.0,-0.4,-0.0,1.0,0.0,904.0,27,125.5,29.98,2038.0,0.0,0.0,106,0.0,0.0,0.0,0.0,0.0,0.0,0.0,0.0,0.0,0.0,0.0,0.0,-1.0,0.0,0.0,-107.0,0.0,0.0,0.0,0.0,3.0,1.0,0.0,1200.0,90.0,40.0,2540.0,2540.0,29.9,16.0,0.0,16.0,28.8,0.0,0.0,15.4,0.0,0.0,7.7,40.3,35.1,0.0,0.0,0.0,0.0,179.0,753.0,175.0,742.0,183.0,736.0,186.0,735.0,0.0,0.0,-26.0,0.0,0.0,28.8,0.0,4.998,0.0,0.0,1.125,1.835,90.0,39.8,0.0,0.0,99.0,R,0.0,80.6,104.0,0.0,0.0,0.0,0.0,354.2,1387.4,347.0,1367.6,361.4,1356.8,366.8,1355.0,0.0,0.0,103.64,2540.0,357.35,276.75,23.040000000000006,0.39502777777777776,8536.725999999999,7.75625,122.28,125.95,392.0,True,2026-09-05 12:08:19-07:00
501.06,2,9,2026-09-05 19:16:39,37.09259,-121.60316,607.0,124.2,333.5,-12.6,0.0,,0.0,0.0,0.0,7.8,1.1,320.6,122.4,527.0,0.3,-0.01,1.0,0.0,993.0,27,126.2,29.98,2061.0,0.0,0.0,106,0.0,0.0,0.0,0.0,0.0,0.0,0.0,0.0,0.0,0.0,0.0,0.0,-2.0,0.0,0.0,-108.0,0.0,0.0,0.0,0.0,3.0,1.0,0.0,1200.0,90.0,40.0,2545.0,2545.0,29.9,16.1,0.0,16.1,28.8,0.0,0.0,15.4,0.0,0.0,7.8,40.3,35.1,0.0,0.0,0.0,0.0,179.0,753.0,175.0,742.0,183.0,736.0,186.0,735.0,0.0,0.0,-26.0,0.0,0.0,28.8,0.0,4.998,0.0,0.0,1.016,1.798,90.0,39.9,0.0,0.0,99.0,R,0.0,80.6,104.0,0.0,0.0,0.0,0.0,354.2,1387.4,347.0,1367.6,361.4,1356.8,366.8,1355.0,0.0,0.0,103.82,2545.0,357.35,276.75,23.22,0.3994861111111111,8746.125666666667,7.7142857142857135,122.88000000000001,126.61,392.0,True,2026-09-05 12:08:19-07:00
502.06,2,9,2026-09-05 19:16:40,37.09311,-121.60348,628.0,124.4,334.1,-12.6,0.0,,0.0,0.0,0.0,7.9,1.7,320.5,122.9,545.0,0.1,0.03,1.1,0.0,1046.0,27,126.8,29.98,2084.0,0.0,0.0,106,0.0,0.0,0.0,0.0,0.0,0.0,0.0,0.0,0.0,0.0,0.0,0.0,-4.0,0.0,0.0,-108.0,0.0,0.0,0.0,0.0,3.0,1.0,0.0,1200.0,90.0,40.0,2540.0,2540.0,29.9,16.0,0.0,16.0,28.8,0.0,0.0,15.4,0.0,0.0,7.8,40.3,35.1,0.0,0.0,0.0,0.0,180.0,752.0,175.0,742.0,184.0,735.0,187.0,733.0,0.0,0.0,-28.0,0.0,0.0,28.8,0.0,4.998,0.0,0.0,1.237,1.862,90.0,40.1,0.0,0.0,99.0,R,0.0,80.6,104.0,0.0,0.0,0.0,0.0,356.0,1385.6,347.0,1367.6,363.2,1355.0,368.6,1351.4,0.0,0.0,104.18,2540.0,358.7,278.1,23.580000000000013,0.40394444444444444,8955.778333333332,7.775,123.38000000000001,127.17,392.0,True,2026-09-05 12:08:19-07:00
503.06,2,9,2026-09-05 19:16:41,37.09363,-121.60379,647.0,124.4,334.4,-12.6,0.0,,0.0,0.0,0.0,8.3,-3.0,320.4,122.9,564.0,0.3,0.01,1.3,0.0,1090.0,27,126.8,29.98,2108.0,0.0,0.0,106,0.0,0.0,0.0,0.0,0.0,0.0,0.0,0.0,0.0,0.0,0.0,0.0,-3.0,0.0,0.0,-108.0,0.0,0.0,0.0,0.0,3.0,1.0,0.0,1200.0,90.0,40.0,2550.0,2550.0,29.9,16.0,0.0,16.0,28.7,0.0,0.0,15.4,0.0,0.0,7.5,40.3,35.1,0.0,0.0,0.0,0.0,180.0,751.0,175.0,741.0,184.0,735.0,187.0,733.0,0.0,0.0,-28.0,0.0,0.0,28.7,0.0,4.998,0.0,0.0,1.396,1.859,89.9,40.1,0.0,0.0,99.0,R,0.0,80.6,104.0,0.0,0.0,0.0,0.0,356.0,1383.8,347.0,1365.8,363.2,1355.0,368.6,1351.4,0.0,0.0,104.18,2550.0,358.7,278.1,23.580000000000013,0.4083888888888889,9165.599666666665,7.775,123.38000000000001,127.22,392.0,True,2026-09-05 12:08:19-07:00
504.06,2,9,2026-09-05 19:16:42,37.09415,-121.6041,670.0,124.5,333.8,-12.6,0.0,,0.0,0.0,0.0,7.4,-2.9,320.1,121.9,586.0,-0.1,0.0,0.7,0.0,1160.0,27,125.8,29.98,2134.0,0.0,0.0,106,0.0,0.0,0.0,0.0,0.0,0.0,0.0,0.0,0.0,0.0,0.0,0.0,1.0,0.0,0.0,-108.0,0.0,0.0,0.0,0.0,3.0,1.0,0.0,1200.0,90.0,40.0,2548.0,2548.0,29.9,16.0,0.0,16.0,28.9,0.0,0.0,15.4,0.0,0.0,7.6,40.3,35.1,0.0,0.0,0.0,0.0,180.0,750.0,176.0,740.0,184.0,735.0,187.0,732.0,0.0,0.0,-28.0,0.0,0.0,28.9,0.0,4.998,0.0,0.0,1.202,1.663,90.3,40.2,0.0,0.0,99.0,R,0.0,80.6,104.0,0.0,0.0,0.0,0.0,356.0,1382.0,348.8,1364.0,363.2,1355.0,368.6,1349.6,0.0,0.0,104.36,2548.0,359.15,278.54999999999995,23.760000000000005,0.41283333333333333,9375.505333333333,7.78125,122.38000000000001,126.23,392.0,True,2026-09-05 12:08:19-07:00
505.06,2,9,2026-09-05 19:16:43,37.09467,-121.60442,687.0,125.3,333.5,-12.6,0.0,,0.0,0.0,0.0,7.1,0.1,319.8,123.5,606.0,-0.2,0.02,1.0,0.0,1172.0,27,127.6,29.98,2159.0,0.0,0.0,106,0.0,0.0,0.0,0.0,0.0,0.0,0.0,0.0,0.0,0.0,0.0,0.0,-1.0,0.0,0.0,-108.0,0.0,0.0,0.0,0.0,3.0,1.0,0.0,1200.0,90.0,40.0,2558.0,2558.0,29.9,16.0,0.0,16.0,28.7,0.0,0.0,15.4,0.0,0.0,7.7,40.3,35.1,0.0,0.0,0.0,0.0,180.0,748.0,176.0,739.0,185.0,735.0,187.0,732.0,0.0,0.0,-28.0,0.0,0.0,28.7,0.0,4.998,0.0,0.0,1.133,1.92,89.8,40.3,0.0,0.0,99.0,R,0.0,80.6,104.0,0.0,0.0,0.0,0.0,356.0,1378.4,348.8,1362.2,365.0,1355.0,368.6,1349.6,0.0,0.0,104.53999999999999,2558.0,359.6,279.0,23.939999999999998,0.4172777777777778,9586.17,7.83125,123.98,127.93,392.0,True,2026-09-05 12:08:19-07:00
506.06,2,9,2026-09-05 19:16:44,37.09519,-121.60475,704.0,125.6,333.7,-12.6,0.0,,0.0,0.0,0.0,7.0,-0.4,319.1,124.4,623.0,-0.4,0.0,1.2,0.0,1100.0,27,128.5,29.98,2179.0,0.0,0.0,106,0.0,0.0,0.0,0.0,0.0,0.0,0.0,0.0,0.0,0.0,0.0,0.0,0.0,0.0,0.0,-108.0,0.0,0.0,0.0,0.0,3.0,1.0,0.0,1200.0,90.0,40.0,2548.0,2548.0,29.9,16.0,0.0,16.0,28.7,0.0,0.0,15.4,0.0,0.0,7.8,40.3,35.1,0.0,0.0,0.0,0.0,181.0,748.0,176.0,739.0,185.0,734.0,188.0,732.0,0.0,0.0,-28.0,0.0,0.0,28.7,0.0,4.998,0.0,0.0,1.25,1.857,90.0,40.5,0.0,0.0,99.0,R,0.0,80.6,104.0,0.0,0.0,0.0,0.0,357.8,1378.4,348.8,1362.2,365.0,1353.2,370.4,1349.6,0.0,0.0,104.9,2548.0,360.5,279.9,24.30000000000001,0.4217222222222222,9797.762333333332,7.85,124.88000000000001,128.9,392.0,True,2026-09-05 12:08:19-07:00
507.06,2,9,2026-09-05 19:16:45,37.09571,-121.60507,724.0,125.6,333.4,-12.6,0.0,,0.0,0.0,0.0,7.0,-1.1,319.9,125.2,640.0,0.4,0.01,1.0,0.0,1081.0,27,129.4,29.98,2201.0,0.0,0.0,106,0.0,0.0,0.0,0.0,0.0,0.0,0.0,0.0,0.0,0.0,0.0,0.0,-2.0,0.0,0.0,-108.0,0.0,0.0,0.0,0.0,3.0,1.0,0.0,1200.0,90.0,41.0,2547.0,2547.0,29.9,16.0,0.0,16.0,28.8,0.0,0.0,15.4,0.0,0.0,7.8,40.3,35.1,0.0,0.0,0.0,0.0,181.0,747.0,177.0,738.0,185.0,734.0,187.0,732.0,0.0,0.0,-28.0,0.0,0.0,28.8,0.0,4.998,0.0,0.0,1.396,1.853,90.2,40.7,0.0,0.0,99.0,R,0.0,80.6,105.8,0.0,0.0,0.0,0.0,357.8,1376.6,350.6,1360.4,365.0,1353.2,368.6,1349.6,0.0,0.0,105.26,2547.0,360.5,279.9,24.66000000000001,0.4261666666666667,10009.607666666667,7.85,125.68,129.77,392.0,True,2026-09-05 12:08:19-07:00
508.06,2,9,2026-09-05 19:16:46,37.09623,-121.6054,745.0,125.8,333.6,-12.6,0.0,,0.0,0.0,0.0,6.9,3.4,320.2,128.1,659.0,0.4,0.01,1.0,0.0,1112.0,27,132.4,29.98,2225.0,0.0,0.0,106,0.0,0.0,0.0,0.0,0.0,0.0,0.0,0.0,0.0,0.0,0.0,0.0,-4.0,0.0,0.0,-108.0,0.0,0.0,0.0,0.0,3.0,1.0,0.0,1200.0,90.0,41.0,2544.0,2544.0,29.9,16.0,0.0,16.0,28.8,0.0,0.0,15.4,0.0,0.0,7.5,40.3,35.1,0.0,0.0,0.0,0.0,181.0,747.0,177.0,738.0,185.0,734.0,188.0,731.0,0.0,0.0,-28.0,0.0,0.0,28.8,0.0,4.998,0.0,0.0,1.449,1.891,89.9,40.8,0.0,0.0,99.0,R,0.0,80.6,105.8,0.0,0.0,0.0,0.0,357.8,1376.6,350.6,1360.4,365.0,1353.2,370.4,1347.8,0.0,0.0,105.44,2544.0,360.95,280.35,24.840000000000003,0.4306111111111111,10221.621666666666,7.8625,128.57999999999998,132.81,392.0,True,2026-09-05 12:08:19-07:00
509.06,2,9,2026-09-05 19:16:47,37.09676,-121.60572,770.0,125.8,333.9,-12.6,0.0,,0.0,0.0,0.0,7.7,0.3,319.3,125.4,683.0,-0.2,0.0,1.0,0.0,1250.0,27,129.6,29.98,2254.0,0.0,0.0,106,0.0,0.0,0.0,0.0,0.0,0.0,0.0,0.0,0.0,0.0,0.0,0.0,-1.0,0.0,0.0,-108.0,0.0,0.0,0.0,0.0,3.0,0.0,0.0,1200.0,90.0,41.0,2551.0,2551.0,29.9,16.0,0.0,16.0,28.8,0.0,0.0,15.4,0.0,0.0,7.5,40.3,35.1,0.0,0.0,0.0,0.0,182.0,747.0,177.0,737.0,186.0,733.0,188.0,730.0,0.0,0.0,-28.0,0.0,0.0,28.8,0.0,4.998,0.0,0.0,1.312,1.825,89.9,40.8,0.0,0.0,99.0,R,0.0,80.6,105.8,0.0,0.0,0.0,0.0,359.6,1376.6,350.6,1358.6,366.8,1351.4,370.4,1346.0,0.0,0.0,105.44,2551.0,361.85,281.25,24.840000000000003,0.4350555555555556,10433.804333333332,7.8625,125.88000000000001,130.07,392.0,True,2026-09-05 12:08:19-07:00
510.06,2,9,2026-09-05 19:16:48,37.09728,-121.60604,794.0,125.7,333.6,-12.6,0.0,,0.0,0.0,0.0,8.5,0.1,319.9,124.0,705.0,0.3,-0.01,1.0,0.0,1281.0,27,128.3,29.98,2282.0,0.0,0.0,106,0.0,0.0,0.0,0.0,0.0,0.0,0.0,0.0,0.0,0.0,0.0,0.0,-1.0,0.0,0.0,-108.0,0.0,0.0,0.0,0.0,3.0,1.0,0.0,1200.0,90.0,41.0,2544.0,2544.0,29.9,16.0,0.0,16.0,28.9,0.0,0.0,15.4,0.0,0.0,7.6,40.3,35.1,0.0,0.0,0.0,0.0,182.0,746.0,177.0,736.0,186.0,733.0,188.0,729.0,0.0,0.0,-28.0,0.0,0.0,28.9,0.0,4.998,0.0,0.0,1.063,1.821,90.0,40.9,0.0,0.0,99.0,R,0.0,80.6,105.8,0.0,0.0,0.0,0.0,359.6,1374.8,350.6,1356.8,366.8,1351.4,370.4,1344.2,0.0,0.0,105.61999999999999,2544.0,361.85,281.25,25.019999999999996,0.4395,10645.902666666665,7.85625,124.48,128.68,392.0,True,2026-09-05 12:08:19-07:00
511.06,2,9,2026-09-05 19:16:49,37.0978,-121.60635,816.0,125.3,333.9,-12.6,0.0,,0.0,0.0,0.0,9.0,0.3,319.7,122.3,727.0,0.0,0.03,1.0,0.0,1280.0,27,126.5,29.98,2308.0,0.0,0.0,106,0.0,0.0,0.0,0.0,0.0,0.0,0.0,0.0,0.0,0.0,0.0,0.0,-1.0,0.0,0.0,-108.0,0.0,0.0,0.0,0.0,3.0,1.0,0.0,1200.0,90.0,41.0,2540.0,2540.0,29.8,16.0,0.0,16.0,28.9,0.0,0.0,15.4,0.0,0.0,7.8,40.3,35.1,0.0,0.0,0.0,0.0,182.0,747.0,178.0,736.0,186.0,732.0,188.0,730.0,0.0,0.0,-28.0,0.0,0.0,28.9,0.0,4.998,0.0,0.0,1.243,1.838,89.7,41.0,0.0,0.0,98.0,R,0.0,80.6,105.8,0.0,0.0,0.0,0.0,359.6,1376.6,352.4,1356.8,366.8,1349.6,370.4,1346.0,0.0,0.0,105.8,2540.0,362.29999999999995,281.69999999999993,25.200000000000003,0.4439444444444445,10857.579333333333,7.83125,122.78,126.97,392.0,True,2026-09-05 12:08:19-07:00
512.06,2,9,2026-09-05 19:16:50,37.09832,-121.60667,839.0,125.1,334.0,-12.6,0.0,,0.0,0.0,0.0,9.3,2.0,320.9,124.0,749.0,0.8,0.0,1.0,0.0,1291.0,27,128.3,29.98,2335.0,0.0,0.0,106,0.0,0.0,0.0,0.0,0.0,0.0,0.0,0.0,0.0,0.0,0.0,0.0,-1.0,0.0,0.0,-108.0,0.0,0.0,0.0,0.0,3.0,1.0,0.0,1200.0,89.0,41.0,2542.0,2542.0,29.8,16.0,0.0,16.0,28.8,0.0,0.0,15.3,0.0,0.0,7.8,40.3,35.1,0.0,0.0,0.0,0.0,182.0,747.0,178.0,735.0,186.0,733.0,188.0,730.0,0.0,0.0,-27.0,0.0,0.0,28.8,0.0,4.998,0.0,0.0,1.421,1.835,89.4,41.3,0.0,0.0,98.0,R,0.0,80.6,105.8,0.0,0.0,0.0,0.0,359.6,1376.6,352.4,1355.0,366.8,1351.4,370.4,1346.0,0.0,0.0,106.34,2542.0,362.29999999999995,281.69999999999993,25.74000000000001,0.4483888888888886,11068.749999999987,7.81875,124.48,128.78,392.0,True,2026-09-05 12:08:19-07:00
513.06,2,9,2026-09-05 19:16:51,37.09885,-121.60699,862.0,124.4,334.4,-12.6,0.0,,0.0,0.0,0.0,9.4,2.4,320.6,122.4,771.0,0.3,0.02,1.1,0.0,1314.0,27,126.7,29.98,2362.0,0.0,0.0,106,0.0,0.0,0.0,0.0,0.0,0.0,0.0,0.0,0.0,0.0,0.0,0.0,-3.0,0.0,0.0,-108.0,0.0,0.0,0.0,0.0,3.0,1.0,0.0,1200.0,90.0,41.0,2536.0,2536.0,29.8,15.9,0.0,15.9,28.8,0.0,0.0,15.3,0.0,0.0,7.5,40.3,35.1,0.0,0.0,0.0,0.0,183.0,747.0,178.0,735.0,187.0,732.0,188.0,730.0,0.0,0.0,-28.0,0.0,0.0,28.8,0.0,4.998,0.0,0.0,1.379,1.815,89.6,41.4,0.0,0.0,98.0,R,0.0,80.6,105.8,0.0,0.0,0.0,0.0,361.4,1376.6,352.4,1355.0,368.6,1349.6,370.4,1346.0,0.0,0.0,106.52,2536.0,363.20000000000005,282.6,25.92,0.4528194444444442,11279.161666666654,7.823899371069182,122.88000000000001,127.18,392.0,True,2026-09-05 12:08:19-07:00
514.06,2,9,2026-09-05 19:16:52,37.09937,-121.6073,890.0,123.8,334.9,-12.6,0.0,,0.0,0.0,0.0,9.5,2.6,321.4,119.0,796.0,0.6,0.0,1.0,0.0,1372.0,27,123.3,29.98,2390.0,0.0,0.0,106,0.0,0.0,0.0,0.0,0.0,0.0,0.0,0.0,0.0,0.0,0.0,0.0,-4.0,0.0,0.0,-108.0,0.0,0.0,0.0,0.0,3.0,1.0,0.0,1200.0,90.0,41.0,2538.0,2538.0,29.7,16.0,0.0,16.0,28.9,0.0,0.0,15.3,0.0,0.0,7.5,40.3,35.1,0.0,0.0,0.0,0.0,183.0,747.0,178.0,735.0,187.0,732.0,189.0,729.0,0.0,0.0,-28.0,0.0,0.0,28.9,0.0,4.998,0.0,0.0,1.305,1.743,89.8,41.4,0.0,0.0,98.0,R,0.0,80.6,105.8,0.0,0.0,0.0,0.0,361.4,1376.6,352.4,1355.0,368.6,1349.6,372.2,1344.2,0.0,0.0,106.52,2538.0,363.65,283.04999999999995,25.92,0.45724999999999977,11488.476999999986,7.7375,119.48,123.71,392.0,True,2026-09-05 12:08:19-07:00
515.06,2,9,2026-09-05 19:16:53,37.09989,-121.6076,916.0,124.0,335.1,-12.6,0.0,,0.0,0.0,0.0,9.8,2.3,322.3,117.7,821.0,0.4,0.02,1.0,0.0,1433.0,27,122.0,29.98,2419.0,0.0,0.0,106,0.0,0.0,0.0,0.0,0.0,0.0,0.0,0.0,0.0,0.0,0.0,0.0,-2.0,0.0,0.0,-108.0,0.0,0.0,0.0,0.0,3.0,1.0,0.0,1200.0,90.0,42.0,2534.0,2534.0,29.7,15.9,0.0,15.9,28.9,0.0,0.0,15.3,0.0,0.0,7.6,40.3,35.1,0.0,0.0,0.0,0.0,183.0,746.0,178.0,734.0,187.0,731.0,189.0,728.0,0.0,0.0,-28.0,0.0,0.0,28.9,0.0,4.998,0.0,0.0,0.98,1.742,89.6,41.6,0.0,0.0,98.0,R,0.0,80.6,107.6,0.0,0.0,0.0,0.0,361.4,1374.8,352.4,1353.2,368.6,1347.8,372.2,1342.4,0.0,0.0,106.88000000000001,2534.0,363.65,283.04999999999995,26.280000000000015,0.4616805555555553,11697.454999999987,7.79874213836478,118.18,122.42,392.0,True,2026-09-05 12:08:19-07:00
516.06,2,9,2026-09-05 19:16:54,37.10041,-121.6079,941.0,124.3,335.2,-12.6,0.0,,0.0,0.0,0.0,9.6,3.7,324.0,120.0,844.0,0.6,0.02,1.1,0.0,1410.0,27,124.4,29.98,2442.0,0.0,0.0,106,0.0,0.0,0.0,0.0,0.0,0.0,0.0,0.0,0.0,0.0,0.0,0.0,-2.0,0.0,0.0,-108.0,0.0,0.0,0.0,0.0,3.0,1.0,0.0,1200.0,90.0,42.0,2550.0,2550.0,29.7,15.9,0.0,15.9,29.0,0.0,0.0,15.3,0.0,0.0,7.7,40.3,35.1,0.0,0.0,0.0,0.0,183.0,745.0,178.0,734.0,187.0,732.0,189.0,728.0,0.0,0.0,-28.0,0.0,0.0,29.0,0.0,4.998,0.0,0.0,1.123,1.663,89.6,41.7,0.0,0.0,98.0,R,0.0,80.6,107.6,0.0,0.0,0.0,0.0,361.4,1373.0,352.4,1353.2,368.6,1349.6,372.2,1342.4,0.0,0.0,107.06,2550.0,363.65,283.04999999999995,26.460000000000008,0.466097222222222,11906.854666666653,7.817610062893081,120.48,124.86,392.0,True,2026-09-05 12:08:19-07:00
517.06,2,9,2026-09-05 19:16:55,37.10093,-121.6082,961.0,125.0,335.5,-12.6,0.0,,0.0,0.0,0.0,8.7,3.6,325.1,119.8,867.0,0.5,-0.01,1.0,0.0,1388.0,27,124.3,29.98,2471.0,0.0,0.0,106,0.0,0.0,0.0,0.0,0.0,0.0,0.0,0.0,0.0,0.0,0.0,0.0,-2.0,0.0,0.0,-108.0,0.0,0.0,0.0,0.0,3.0,1.0,0.0,1200.0,89.0,42.0,2551.0,2551.0,29.6,15.8,0.0,15.8,22.4,0.0,0.0,15.3,0.0,0.0,7.4,40.3,35.1,0.0,0.0,0.0,0.0,183.0,744.0,179.0,735.0,188.0,732.0,189.0,727.0,0.0,0.0,-28.0,0.0,0.0,22.4,0.0,4.998,0.0,0.0,1.127,1.654,89.3,41.8,0.0,0.0,98.0,R,0.0,80.6,107.6,0.0,0.0,0.0,0.0,361.4,1371.2,354.2,1355.0,370.4,1349.6,372.2,1340.6,0.0,0.0,107.24,2551.0,364.54999999999995,283.94999999999993,26.64,0.47049999999999975,12117.097666666654,7.911392405063291,120.28,124.7,392.0,True,2026-09-05 12:08:19-07:00
518.06,2,9,2026-09-05 19:16:56,37.10146,-121.6085,977.0,125.5,336.0,-12.6,0.0,,0.0,0.0,0.0,8.6,2.4,324.1,119.5,885.0,-0.4,0.04,1.0,0.0,1254.0,27,124.0,29.98,2493.0,0.0,0.0,106,0.0,0.0,0.0,0.0,0.0,0.0,0.0,0.0,0.0,0.0,0.0,0.0,-3.0,0.0,0.0,-108.0,0.0,0.0,0.0,0.0,3.0,1.0,0.0,1200.0,89.0,42.0,2542.0,2542.0,29.6,15.8,0.0,15.8,22.1,0.0,0.0,15.3,0.0,0.0,6.0,40.3,35.1,0.0,0.0,0.0,0.0,184.0,745.0,179.0,735.0,188.0,732.0,189.0,728.0,0.0,0.0,-28.0,0.0,0.0,22.1,0.0,4.998,0.0,0.0,0.962,1.721,89.3,42.0,0.0,0.0,98.0,R,0.0,80.6,107.6,0.0,0.0,0.0,0.0,363.2,1373.0,354.2,1355.0,370.4,1349.6,372.2,1342.4,0.0,0.0,107.6,2542.0,365.0,284.4,27.0,0.47488888888888864,12328.352666666653,7.943037974683544,119.98,124.43,392.0,True,2026-09-05 12:08:19-07:00
519.06,2,9,2026-09-05 19:16:57,37.10199,-121.6088,992.0,125.8,336.3,-12.6,0.0,,0.0,0.0,0.0,8.6,1.0,324.6,120.3,901.0,0.2,0.0,1.0,0.0,1126.0,27,124.8,29.98,2512.0,0.0,0.0,106,0.0,0.0,0.0,0.0,0.0,0.0,0.0,0.0,0.0,0.0,0.0,0.0,-2.0,0.0,0.0,-108.0,0.0,0.0,0.0,0.0,3.0,1.0,0.0,1200.0,89.0,42.0,2542.0,2542.0,29.6,15.8,0.0,15.8,22.3,0.0,0.0,15.3,0.0,0.0,5.3,40.3,35.1,0.0,0.0,0.0,0.0,184.0,745.0,179.0,734.0,188.0,732.0,189.0,727.0,0.0,0.0,-28.0,0.0,0.0,22.3,0.0,4.998,0.0,0.0,1.288,1.749,89.2,42.0,0.0,0.0,98.0,R,0.0,80.6,107.6,0.0,0.0,0.0,0.0,363.2,1373.0,354.2,1353.2,370.4,1349.6,372.2,1340.6,0.0,0.0,107.6,2542.0,365.0,284.4,27.0,0.4792777777777775,12540.28233333332,7.962025316455696,120.78,125.3,392.0,True,2026-09-05 12:08:19-07:00
520.06,2,9,2026-09-05 19:16:58,37.10253,-121.60909,1008.0,125.9,336.4,-12.6,0.0,,0.0,0.0,0.0,8.8,0.3,323.7,121.4,918.0,-0.3,0.01,0.9,0.0,1087.0,27,126.0,29.98,2533.0,0.0,0.0,106,0.0,0.0,0.0,0.0,0.0,0.0,0.0,0.0,0.0,0.0,0.0,0.0,-2.0,0.0,0.0,-108.0,0.0,0.0,0.0,0.0,3.0,1.0,0.0,1200.0,89.0,42.0,2540.0,2540.0,29.6,15.9,0.0,15.9,22.4,0.0,0.0,15.3,0.0,0.0,5.0,40.3,35.1,0.0,0.0,0.0,0.0,184.0,744.0,179.0,734.0,188.0,730.0,189.0,727.0,0.0,0.0,-28.0,0.0,0.0,22.4,0.0,4.998,0.0,0.0,1.486,1.757,88.9,42.1,0.0,0.0,98.0,R,0.0,80.6,107.6,0.0,0.0,0.0,0.0,363.2,1371.2,354.2,1353.2,370.4,1346.0,372.2,1340.6,0.0,0.0,107.78,2540.0,365.0,284.4,27.180000000000007,0.48368055555555534,12752.54933333332,7.918238993710692,121.88000000000001,126.48,392.0,True,2026-09-05 12:08:19-07:00
521.06,2,9,2026-09-05 19:16:59,37.10306,-121.60938,1029.0,125.8,336.2,-12.6,0.0,,0.0,0.0,0.0,8.7,-0.2,324.0,123.1,936.0,0.2,-0.0,1.1,0.0,1090.0,27,127.8,29.98,2556.0,0.0,0.0,106,0.0,0.0,0.0,0.0,0.0,0.0,0.0,0.0,0.0,0.0,0.0,0.0,-2.0,0.0,0.0,-108.0,0.0,0.0,0.0,0.0,3.0,1.0,0.0,1200.0,89.0,42.0,2540.0,2540.0,29.6,15.9,0.0,15.9,22.4,0.0,0.0,15.3,0.0,0.0,4.9,40.3,35.1,0.0,0.0,0.0,0.0,184.0,743.0,179.0,734.0,188.0,730.0,189.0,726.0,0.0,0.0,-28.0,0.0,0.0,22.4,0.0,4.998,0.0,0.0,1.401,1.769,89.1,42.2,0.0,0.0,98.0,R,0.0,80.6,107.6,0.0,0.0,0.0,0.0,363.2,1369.4,354.2,1353.2,370.4,1346.0,372.2,1338.8,0.0,0.0,107.96000000000001,2540.0,365.0,284.4,27.360000000000014,0.48809722222222196,12964.81633333332,7.911949685534591,123.58,128.29,392.0,True,2026-09-05 12:08:19-07:00
522.06,2,9,2026-09-05 19:17:00,37.1036,-121.60967,1049.0,125.8,336.1,-12.6,0.0,,0.0,0.0,0.0,7.9,0.5,324.8,123.9,954.0,0.5,0.02,0.9,0.0,1090.0,27,128.7,29.98,2578.0,0.0,0.0,106,0.0,0.0,0.0,0.0,0.0,0.0,0.0,0.0,0.0,0.0,0.0,0.0,-1.0,0.0,0.0,-108.0,0.0,0.0,0.0,0.0,3.0,1.0,0.0,1200.0,89.0,42.0,2543.0,2543.0,29.6,15.9,0.0,15.9,22.5,0.0,0.0,15.3,0.0,0.0,4.8,40.3,35.1,0.0,0.0,0.0,0.0,185.0,743.0,179.0,734.0,189.0,730.0,190.0,727.0,0.0,0.0,-27.0,0.0,0.0,22.5,0.0,4.998,0.0,0.0,1.316,1.768,89.0,42.5,0.0,0.0,98.0,R,0.0,80.6,107.6,0.0,0.0,0.0,0.0,365.0,1369.4,354.2,1353.2,372.2,1346.0,374.0,1340.6,0.0,0.0,108.5,2543.0,366.35,285.75,27.900000000000006,0.49251388888888864,13176.998999999987,7.911949685534591,124.38000000000001,129.16,392.0,True,2026-09-05 12:08:19-07:00
523.06,2,9,2026-09-05 19:17:01,37.10413,-121.60996,1067.0,126.0,336.4,-12.6,0.0,,0.0,0.0,0.0,7.0,1.4,324.1,123.9,972.0,0.3,0.03,1.0,0.0,1076.0,27,128.7,29.98,2600.0,0.0,0.0,106,0.0,0.0,0.0,0.0,0.0,0.0,0.0,0.0,0.0,0.0,0.0,0.0,-2.0,0.0,0.0,-108.0,0.0,0.0,0.0,0.0,3.0,1.0,0.0,1200.0,89.0,43.0,2541.0,2541.0,29.5,15.9,0.0,15.9,22.5,0.0,0.0,15.3,0.0,0.0,4.5,40.3,35.1,0.0,0.0,0.0,0.0,185.0,743.0,180.0,735.0,189.0,730.0,190.0,728.0,0.0,0.0,-31.0,0.0,0.0,22.5,0.0,4.998,0.0,0.0,1.279,1.907,88.8,42.6,0.0,0.0,98.0,R,0.0,80.6,109.4,0.0,0.0,0.0,0.0,365.0,1369.4,356.0,1355.0,372.2,1346.0,374.0,1342.4,0.0,0.0,108.68,2541.0,366.8,286.20000000000005,28.080000000000013,0.4969305555555553,13389.350333333321,7.9245283018867925,124.38000000000001,129.2,392.0,True,2026-09-05 12:08:19-07:00
524.06,2,9,2026-09-05 19:17:02,37.10466,-121.61026,1084.0,126.1,336.3,-12.6,0.0,,0.0,0.0,0.0,6.2,4.1,325.0,123.7,988.0,0.7,-0.01,0.9,0.0,1031.0,27,128.5,29.98,2620.0,0.0,0.0,106,0.0,0.0,0.0,0.0,0.0,0.0,0.0,0.0,0.0,0.0,0.0,0.0,1.0,0.0,0.0,-108.0,0.0,0.0,0.0,0.0,3.0,1.0,0.0,1200.0,89.0,43.0,2537.0,2537.0,29.5,15.9,0.0,15.9,22.5,0.0,0.0,15.3,0.0,0.0,4.4,40.3,35.1,0.0,0.0,0.0,0.0,185.0,742.0,180.0,734.0,189.0,730.0,190.0,726.0,0.0,0.0,-31.0,0.0,0.0,22.5,0.0,4.998,0.0,0.0,1.244,1.84,88.8,42.6,0.0,0.0,98.0,R,0.0,80.6,109.4,0.0,0.0,0.0,0.0,365.0,1367.6,356.0,1353.2,372.2,1346.0,374.0,1338.8,0.0,0.0,108.68,2537.0,366.8,286.20000000000005,28.080000000000013,0.5013472222222219,13601.954666666654,7.930817610062893,124.18,129.03,392.0,True,2026-09-05 12:08:19-07:00
525.06,2,9,2026-09-05 19:17:03,37.1052,-121.61055,1104.0,126.5,336.9,-12.6,0.0,,0.0,0.0,0.0,6.1,12.1,325.8,125.6,1006.0,0.7,0.03,0.9,0.0,1030.0,27,130.5,29.98,2642.0,0.0,0.0,106,0.0,0.0,0.0,0.0,0.0,0.0,0.0,0.0,0.0,0.0,0.0,0.0,1.0,0.0,0.0,-108.0,0.0,0.0,0.0,0.0,3.0,1.0,0.0,1200.0,89.0,43.0,2547.0,2547.0,29.5,15.9,0.0,15.9,22.6,0.0,0.0,15.3,0.0,0.0,4.8,40.3,35.1,0.0,0.0,0.0,0.0,185.0,742.0,180.0,733.0,189.0,728.0,190.0,726.0,0.0,0.0,-31.0,0.0,0.0,22.6,0.0,4.998,0.0,0.0,1.36,1.858,88.9,42.8,0.0,0.0,98.0,R,0.0,80.6,109.4,0.0,0.0,0.0,0.0,365.0,1367.6,356.0,1351.4,372.2,1342.4,374.0,1338.8,0.0,0.0,109.03999999999999,2547.0,366.8,286.20000000000005,28.439999999999998,0.5057638888888887,13814.980666666654,7.955974842767295,126.08,131.05,392.0,True,2026-09-05 12:08:19-07:00
526.06,2,9,2026-09-05 19:17:04,37.10574,-121.61082,1123.0,126.9,338.7,-12.6,0.0,,0.0,0.0,0.0,6.4,18.5,327.9,124.9,1024.0,1.5,0.04,1.1,0.0,1085.0,27,129.9,29.98,2661.0,0.0,0.0,106,0.0,0.0,0.0,0.0,0.0,0.0,0.0,0.0,0.0,0.0,0.0,0.0,1.0,0.0,0.0,-108.0,0.0,0.0,0.0,0.0,3.0,1.0,0.0,1200.0,89.0,43.0,2540.0,2540.0,29.5,15.9,0.0,15.9,22.5,0.0,0.0,15.3,0.0,0.0,6.1,40.3,35.1,0.0,0.0,0.0,0.0,185.0,742.0,180.0,733.0,189.0,729.0,190.0,726.0,0.0,0.0,-31.0,0.0,0.0,22.5,0.0,4.998,0.0,0.0,1.301,1.842,89.0,43.0,0.0,0.0,97.0,R,0.0,80.6,109.4,0.0,0.0,0.0,0.0,365.0,1367.6,356.0,1351.4,372.2,1344.2,374.0,1338.8,0.0,0.0,109.4,2540.0,366.8,286.20000000000005,28.80000000000001,0.5101805555555553,14028.681333333321,7.981132075471698,125.38000000000001,130.36,392.0,True,2026-09-05 12:08:19-07:00
527.06,2,9,2026-09-05 19:17:05,37.1063,-121.61108,1139.0,127.1,341.3,-12.6,0.0,,0.0,0.0,0.0,6.4,24.6,331.1,125.2,1041.0,2.5,0.01,1.1,0.0,1040.0,27,130.2,29.98,2675.0,0.0,0.0,106,0.0,0.0,0.0,0.0,0.0,0.0,0.0,0.0,0.0,0.0,0.0,0.0,0.0,0.0,0.0,-108.0,0.0,0.0,0.0,0.0,3.0,1.0,0.0,1200.0,89.0,43.0,2543.0,2543.0,29.5,15.9,0.0,15.9,22.4,0.0,0.0,15.3,0.0,0.0,6.9,40.3,35.1,0.0,0.0,0.0,0.0,185.0,742.0,180.0,732.0,189.0,728.0,190.0,726.0,0.0,0.0,-31.0,0.0,0.0,22.4,0.0,4.998,0.0,0.0,1.284,1.841,88.8,43.2,0.0,0.0,97.0,R,0.0,80.6,109.4,0.0,0.0,0.0,0.0,365.0,1367.6,356.0,1349.6,372.2,1342.4,374.0,1338.8,0.0,0.0,109.76,2543.0,366.8,286.20000000000005,29.16000000000001,0.5145972222222219,14242.887999999986,7.993710691823899,125.68,130.71,392.0,True,2026-09-05 12:08:19-07:00
528.06,2,9,2026-09-05 19:17:06,37.10686,-121.61129,1158.0,127.5,344.8,-12.6,0.0,,0.0,0.0,0.0,6.5,32.8,335.2,124.5,1060.0,3.4,0.04,0.9,0.0,1076.0,27,129.5,29.98,2698.0,0.0,0.0,106,0.0,0.0,0.0,0.0,0.0,0.0,0.0,0.0,0.0,0.0,0.0,0.0,-4.0,0.0,0.0,-108.0,0.0,0.0,0.0,0.0,3.0,1.0,0.0,1200.0,89.0,43.0,2542.0,2542.0,29.5,15.9,0.0,15.9,22.6,0.0,0.0,15.3,0.0,0.0,7.0,40.3,35.1,0.0,0.0,0.0,0.0,186.0,741.0,180.0,733.0,189.0,728.0,190.0,726.0,0.0,0.0,-30.0,0.0,0.0,22.6,0.0,4.998,0.0,0.0,1.241,1.836,89.0,43.5,0.0,0.0,97.0,R,0.0,80.6,109.4,0.0,0.0,0.0,0.0,366.8,1365.8,356.0,1351.4,372.2,1342.4,374.0,1338.8,0.0,0.0,110.3,2542.0,367.25,286.65,29.700000000000003,0.5190138888888887,14457.600666666654,8.018867924528301,124.98,130.03,392.0,True,2026-09-05 12:08:19-07:00
529.06,2,9,2026-09-05 19:17:07,37.10744,-121.61147,1170.0,128.1,349.0,-12.6,0.0,,0.0,0.0,0.0,6.7,30.6,339.1,124.3,1075.0,3.9,0.04,1.1,0.0,1009.0,27,129.4,29.98,2717.0,0.0,0.0,106,0.0,0.0,0.0,0.0,0.0,0.0,0.0,0.0,0.0,0.0,0.0,0.0,-4.0,0.0,0.0,-108.0,0.0,0.0,0.0,0.0,3.0,1.0,0.0,1200.0,88.0,43.0,2541.0,2541.0,29.5,15.9,0.0,15.9,22.4,0.0,0.0,15.3,0.0,0.0,7.1,40.3,35.1,0.0,0.0,0.0,0.0,186.0,742.0,181.0,732.0,190.0,728.0,190.0,726.0,0.0,0.0,-30.0,0.0,0.0,22.4,0.0,4.998,0.0,0.0,1.313,1.893,88.5,43.4,0.0,0.0,97.0,R,0.0,80.6,109.4,0.0,0.0,0.0,0.0,366.8,1367.6,357.8,1349.6,374.0,1342.4,374.0,1338.8,0.0,0.0,110.11999999999999,2541.0,368.15,287.54999999999995,29.519999999999996,0.5234305555555553,14673.156666666653,8.056603773584905,124.78,129.86,392.0,True,2026-09-05 12:08:19-07:00
530.06,2,9,2026-09-05 19:17:08,37.10803,-121.61157,1182.0,128.6,353.6,-12.6,0.0,,0.0,0.0,0.0,6.7,28.1,343.1,123.0,1087.0,4.1,0.0,1.1,0.0,890.0,27,128.0,29.98,2731.0,0.0,0.0,106,0.0,0.0,0.0,0.0,0.0,0.0,0.0,0.0,0.0,0.0,0.0,0.0,-1.0,0.0,0.0,-108.0,0.0,0.0,0.0,0.0,3.0,1.0,0.0,1200.0,89.0,43.0,2546.0,2546.0,29.4,15.8,0.0,15.8,22.5,0.0,0.0,15.3,0.0,0.0,6.8,40.3,35.1,0.0,0.0,0.0,0.0,186.0,741.0,181.0,732.0,190.0,729.0,190.0,727.0,0.0,0.0,-30.0,0.0,0.0,22.5,0.0,4.998,0.0,0.0,1.37,1.86,88.7,43.5,0.0,0.0,97.0,R,0.0,80.6,109.4,0.0,0.0,0.0,0.0,366.8,1365.8,357.8,1349.6,374.0,1344.2,374.0,1340.6,0.0,0.0,110.3,2546.0,368.15,287.54999999999995,29.700000000000003,0.527833333333333,14889.64033333332,8.139240506329113,123.48,128.53,392.0,True,2026-09-05 12:08:19-07:00
531.06,2,9,2026-09-05 19:17:09,37.10862,-121.61163,1193.0,129.4,357.6,-12.6,0.0,,0.0,0.0,0.0,6.7,30.5,346.7,125.2,1098.0,3.8,0.04,1.0,0.0,817.0,27,130.3,29.98,2746.0,0.0,0.0,106,0.0,0.0,0.0,0.0,0.0,0.0,0.0,0.0,0.0,0.0,0.0,0.0,-1.0,0.0,0.0,-108.0,0.0,0.0,0.0,0.0,3.0,1.0,0.0,1200.0,88.0,44.0,2552.0,2552.0,29.4,15.8,0.0,15.8,22.6,0.0,0.0,15.3,0.0,0.0,6.0,40.3,35.1,0.0,0.0,0.0,0.0,186.0,741.0,181.0,732.0,190.0,728.0,190.0,727.0,0.0,0.0,-30.0,0.0,0.0,22.6,-1.0,4.998,0.0,0.0,1.34,1.87,88.4,43.6,0.0,0.0,97.0,R,0.0,80.6,111.2,0.0,0.0,0.0,0.0,366.8,1365.8,357.8,1349.6,374.0,1342.4,374.0,1340.6,0.0,0.0,110.48,2552.0,368.15,287.54999999999995,29.88000000000001,0.5322222222222219,15107.22033333332,8.189873417721518,125.68,130.85,392.0,True,2026-09-05 12:08:19-07:00
532.06,2,9,2026-09-05 19:17:10,37.10922,-121.61164,1200.0,130.2,1.8,-12.6,0.0,,0.0,0.0,0.0,5.4,31.8,351.4,125.3,1109.0,4.5,0.02,1.0,0.0,742.0,27,130.5,29.98,2759.0,0.0,0.0,106,0.0,0.0,0.0,0.0,0.0,0.0,0.0,0.0,0.0,0.0,0.0,0.0,-1.0,0.0,0.0,-108.0,0.0,0.0,0.0,0.0,3.0,1.0,0.0,1200.0,88.0,44.0,2525.0,2525.0,27.8,15.4,0.0,15.4,23.1,0.0,0.0,15.3,0.0,0.0,5.5,40.3,35.1,0.0,0.0,0.0,0.0,186.0,740.0,181.0,731.0,190.0,726.0,190.0,725.0,0.0,0.0,-31.0,0.0,0.0,23.1,-1.0,4.998,0.0,0.0,1.342,1.98,88.3,43.8,0.0,0.0,95.0,R,0.0,80.6,111.2,0.0,0.0,0.0,0.0,366.8,1364.0,357.8,1347.8,374.0,1338.8,374.0,1337.0,0.0,0.0,110.84,2525.0,368.15,287.54999999999995,30.24000000000001,0.5365555555555553,15326.149666666654,8.454545454545453,125.78,130.98,392.0,True,2026-09-05 12:08:19-07:00
533.06,2,9,2026-09-05 19:17:11,37.10983,-121.61159,1208.0,130.3,6.6,-12.6,0.0,,0.0,0.0,0.0,5.3,32.2,355.1,124.4,1117.0,4.1,0.06,1.3,0.0,632.0,27,129.6,29.98,2768.0,0.0,0.0,106,0.0,0.0,0.0,0.0,0.0,0.0,0.0,0.0,0.0,0.0,0.0,0.0,-2.0,0.0,0.0,-107.0,0.0,0.0,0.0,0.0,3.0,1.0,0.0,1200.0,88.0,44.0,2544.0,2544.0,25.2,14.6,0.0,14.6,23.1,0.0,0.0,15.3,0.0,0.0,5.0,40.3,35.1,0.0,0.0,0.0,0.0,186.0,739.0,181.0,729.0,190.0,724.0,190.0,725.0,0.0,0.0,-31.0,0.0,0.0,23.1,-1.0,4.998,0.0,0.0,1.453,1.818,87.8,44.1,0.0,0.0,85.0,R,0.0,80.6,111.2,0.0,0.0,0.0,0.0,366.8,1362.2,357.8,1344.2,374.0,1335.2,374.0,1337.0,0.0,0.0,111.38000000000001,2544.0,368.15,287.54999999999995,30.780000000000015,0.540722222222222,15545.837999999987,8.924657534246576,124.88000000000001,130.06,392.0,True,2026-09-05 12:08:19-07:00
534.06,2,9,2026-09-05 19:17:12,37.11042,-121.61147,1212.0,130.8,10.8,-12.6,0.0,,0.0,0.0,0.0,3.3,34.9,2.1,123.6,1124.0,5.7,0.01,1.1,0.0,544.0,27,128.8,29.98,2768.0,0.0,0.0,106,0.0,0.0,0.0,0.0,0.0,0.0,0.0,0.0,0.0,0.0,0.0,0.0,-8.0,0.0,0.0,-107.0,0.0,0.0,0.0,0.0,3.0,1.0,0.0,1200.0,88.0,44.0,2531.0,2531.0,24.9,14.0,0.0,14.0,23.1,0.0,0.0,15.3,0.0,0.0,4.6,40.3,35.1,0.0,0.0,0.0,0.0,187.0,738.0,181.0,728.0,190.0,723.0,190.0,725.0,0.0,0.0,-31.0,0.0,0.0,23.1,-1.0,4.998,0.0,0.0,1.498,1.785,88.1,44.1,0.0,0.0,79.0,R,0.0,80.6,111.2,0.0,0.0,0.0,0.0,368.6,1360.4,357.8,1342.4,374.0,1333.4,374.0,1337.0,0.0,0.0,111.38000000000001,2531.0,368.6,288.0,30.780000000000015,0.5446944444444441,15766.03233333332,9.342857142857143,124.08,129.25,392.0,True,2026-09-05 12:08:19-07:00
535.06,2,9,2026-09-05 19:17:13,37.11101,-121.61129,1211.0,131.5,16.1,-12.6,0.0,,0.0,0.0,0.0,4.2,29.7,4.9,123.7,1126.0,4.2,0.03,1.1,0.0,354.0,27,128.8,29.98,2770.0,0.0,0.0,106,0.0,0.0,0.0,0.0,0.0,0.0,0.0,0.0,0.0,0.0,0.0,0.0,-3.0,0.0,0.0,-107.0,0.0,0.0,0.0,0.0,3.0,1.0,0.0,1200.0,88.0,44.0,2545.0,2545.0,24.8,13.6,0.0,13.6,23.1,0.0,0.0,15.3,0.0,0.0,4.6,40.3,35.1,0.0,0.0,0.0,0.0,186.0,736.0,181.0,727.0,190.0,721.0,191.0,725.0,0.0,0.0,-31.0,0.0,0.0,23.1,-1.0,4.998,0.0,0.0,1.405,1.814,87.9,44.2,0.0,0.0,77.0,R,0.0,80.6,111.2,0.0,0.0,0.0,0.0,366.8,1356.8,357.8,1340.6,374.0,1329.8,375.8,1337.0,0.0,0.0,111.56,2545.0,368.59999999999997,288.0,30.960000000000008,0.5485277777777775,15987.238666666653,9.669117647058824,124.18,129.35,392.0,True,2026-09-05 12:08:19-07:00
536.06,2,9,2026-09-05 19:17:14,37.11159,-121.61106,1210.0,132.1,20.1,-12.6,0.0,,0.0,0.0,0.0,3.7,27.4,9.6,127.4,1127.0,4.4,0.02,1.2,0.0,227.0,27,132.7,29.98,2771.0,0.0,0.0,106,0.0,0.0,0.0,0.0,0.0,0.0,0.0,0.0,0.0,0.0,0.0,0.0,-3.0,0.0,0.0,-107.0,0.0,0.0,0.0,0.0,3.0,1.0,0.0,1200.0,88.0,44.0,2555.0,2555.0,24.6,13.2,0.0,13.2,23.0,0.0,0.0,15.2,0.0,0.0,4.7,40.3,35.1,0.0,0.0,0.0,0.0,187.0,736.0,181.0,726.0,190.0,720.0,191.0,725.0,0.0,0.0,-31.0,0.0,0.0,23.0,-1.0,4.998,0.0,0.0,1.426,1.866,87.7,44.3,0.0,0.0,76.0,R,0.0,80.6,111.2,0.0,0.0,0.0,0.0,368.6,1356.8,357.8,1338.8,374.0,1328.0,375.8,1337.0,0.0,0.0,111.74,2555.0,369.04999999999995,288.44999999999993,31.14,0.5522499999999998,16209.54133333332,10.007575757575758,127.88000000000001,133.21,392.0,True,2026-09-05 12:08:19-07:00
537.06,2,9,2026-09-05 19:17:15,37.11216,-121.61077,1210.0,132.5,24.7,-12.6,0.0,,0.0,0.0,0.0,3.5,29.1,13.2,126.6,1127.0,4.1,0.01,1.1,0.0,128.0,27,131.9,29.98,2771.0,0.0,0.0,106,0.0,0.0,0.0,0.0,0.0,0.0,0.0,0.0,0.0,0.0,0.0,0.0,1.0,0.0,0.0,-107.0,0.0,0.0,0.0,0.0,3.0,1.0,0.0,1200.0,88.0,45.0,2539.0,2539.0,24.7,13.0,0.0,13.0,23.1,0.0,0.0,15.2,0.0,0.0,4.7,40.3,35.1,0.0,0.0,0.0,0.0,187.0,735.0,181.0,725.0,190.0,719.0,191.0,724.0,0.0,0.0,-31.0,0.0,0.0,23.1,-1.0,4.998,0.0,0.0,1.516,1.862,88.4,44.5,0.0,0.0,75.0,R,0.0,80.6,113.0,0.0,0.0,0.0,0.0,368.6,1355.0,357.8,1337.0,374.0,1326.2,375.8,1335.2,0.0,0.0,112.1,2539.0,369.04999999999995,288.44999999999993,31.5,0.5558888888888887,16432.68733333332,10.192307692307692,127.08,132.38,392.0,True,2026-09-05 12:08:19-07:00
538.06,2,9,2026-09-05 19:17:16,37.11271,-121.61042,1213.0,133.0,28.8,-12.6,0.0,,0.0,0.0,0.0,3.3,30.2,18.0,126.6,1127.0,4.5,-0.01,1.2,0.0,82.0,27,131.9,29.98,2771.0,0.0,0.0,106,0.0,0.0,0.0,0.0,0.0,0.0,0.0,0.0,0.0,0.0,0.0,0.0,-2.0,0.0,0.0,-107.0,0.0,0.0,0.0,0.0,3.0,1.0,0.0,1200.0,89.0,45.0,2543.0,2543.0,24.7,12.8,0.0,12.8,23.1,0.0,0.0,15.2,0.0,0.0,4.6,40.3,35.1,0.0,0.0,0.0,0.0,187.0,734.0,182.0,724.0,190.0,719.0,191.0,723.0,0.0,0.0,-31.0,0.0,0.0,23.1,-1.0,4.998,0.0,0.0,1.448,1.835,89.1,44.8,0.0,0.0,74.0,R,0.0,80.6,113.0,0.0,0.0,0.0,0.0,368.6,1353.2,359.6,1335.2,374.0,1326.2,375.8,1333.4,0.0,0.0,112.64,2543.0,369.5,288.9,32.040000000000006,0.5594722222222219,16656.59233333332,10.390625,127.08,132.38,392.0,True,2026-09-05 12:08:19-07:00
539.06,2,9,2026-09-05 19:17:17,37.11324,-121.61002,1213.0,133.7,33.3,-12.6,0.0,,0.0,0.0,0.0,3.4,28.1,21.1,125.8,1129.0,3.9,-0.01,1.1,0.0,94.0,27,131.0,29.98,2773.0,0.0,0.0,106,0.0,0.0,0.0,0.0,0.0,0.0,0.0,0.0,0.0,0.0,0.0,0.0,2.0,0.0,0.0,-107.0,0.0,0.0,0.0,0.0,3.0,1.0,0.0,1200.0,89.0,45.0,2535.0,2535.0,24.6,12.6,0.0,12.6,23.1,0.0,0.0,15.2,0.0,0.0,4.3,40.3,35.1,0.0,0.0,0.0,0.0,187.0,733.0,182.0,723.0,190.0,717.0,191.0,722.0,0.0,0.0,-31.0,0.0,0.0,23.1,-1.0,4.998,0.0,0.0,1.438,1.906,89.2,44.8,0.0,0.0,74.0,R,0.0,80.6,113.0,0.0,0.0,0.0,0.0,368.6,1351.4,359.6,1333.4,374.0,1322.6,375.8,1331.6,0.0,0.0,112.64,2535.0,369.5,288.9,32.040000000000006,0.5629999999999997,16881.50933333332,10.61111111111111,126.28,131.55,392.0,True,2026-09-05 12:08:19-07:00
540.06,2,9,2026-09-05 19:17:18,37.11374,-121.60957,1215.0,134.4,37.4,-12.6,0.0,,0.0,0.0,0.0,2.5,32.8,26.1,125.8,1130.0,4.6,0.01,1.1,0.0,75.0,27,131.0,29.98,2775.0,0.0,0.0,106,0.0,0.0,0.0,0.0,0.0,0.0,0.0,0.0,0.0,0.0,0.0,0.0,-2.0,0.0,0.0,-107.0,0.0,0.0,0.0,0.0,3.0,1.0,0.0,1200.0,89.0,45.0,2545.0,2545.0,24.7,12.5,0.0,12.5,23.1,0.0,0.0,15.2,0.0,0.0,4.4,40.3,35.1,0.0,0.0,0.0,0.0,187.0,732.0,182.0,722.0,190.0,717.0,191.0,722.0,0.0,0.0,-31.0,0.0,0.0,23.1,-1.0,4.998,0.0,0.0,1.432,1.906,88.6,44.9,0.0,0.0,74.0,R,0.0,80.6,113.0,0.0,0.0,0.0,0.0,368.6,1349.6,359.6,1331.6,374.0,1322.6,375.8,1331.6,0.0,0.0,112.82,2545.0,369.5,288.9,32.22,0.5664861111111109,17107.606999999985,10.752,126.28,131.55,392.0,True,2026-09-05 12:08:19-07:00
541.06,2,9,2026-09-05 19:17:19,37.11422,-121.60908,1213.0,135.5,42.2,-12.6,0.0,,0.0,0.0,0.0,1.8,32.2,30.2,126.4,1130.0,4.5,-0.01,1.0,0.0,25.0,27,131.7,29.98,2775.0,0.0,0.0,106,0.0,0.0,0.0,0.0,0.0,0.0,0.0,0.0,0.0,0.0,0.0,0.0,-2.0,0.0,0.0,-107.0,0.0,0.0,0.0,0.0,3.0,1.0,0.0,1200.0,89.0,45.0,2548.0,2548.0,24.6,12.4,0.0,12.4,23.1,0.0,0.0,15.2,0.0,0.0,4.5,40.3,35.1,0.0,0.0,0.0,0.0,187.0,731.0,182.0,722.0,191.0,717.0,191.0,722.0,0.0,0.0,-31.0,0.0,0.0,23.1,-1.0,4.998,0.0,0.0,1.473,1.871,88.7,45.1,0.0,0.0,74.0,R,0.0,80.6,113.0,0.0,0.0,0.0,0.0,368.6,1347.8,359.6,1331.6,375.8,1322.6,375.8,1331.6,0.0,0.0,113.18,2548.0,369.95000000000005,289.35,32.58000000000001,0.5699444444444443,17335.222666666654,10.92741935483871,126.88000000000001,132.18,392.0,True,2026-09-05 12:08:19-07:00
542.06,2,9,2026-09-05 19:17:20,37.11467,-121.60853,1208.0,136.6,46.5,-12.6,0.0,,0.0,0.0,0.0,1.2,31.4,34.2,128.2,1130.0,4.3,0.02,1.0,0.0,-52.0,27,133.5,29.98,2775.0,0.0,0.0,106,0.0,0.0,0.0,0.0,0.0,0.0,0.0,0.0,0.0,0.0,0.0,0.0,-3.0,0.0,0.0,-107.0,0.0,0.0,0.0,0.0,3.0,0.0,0.0,1200.0,89.0,45.0,2536.0,2536.0,24.6,12.3,0.0,12.3,23.1,0.0,0.0,15.2,0.0,0.0,4.7,40.3,35.1,0.0,0.0,0.0,0.0,187.0,731.0,182.0,722.0,191.0,716.0,191.0,722.0,0.0,0.0,-30.0,0.0,0.0,23.1,-1.0,4.998,0.0,0.0,1.534,1.86,88.5,45.3,0.0,0.0,74.0,R,0.0,80.6,113.0,0.0,0.0,0.0,0.0,368.6,1347.8,359.6,1331.6,375.8,1320.8,375.8,1331.6,0.0,0.0,113.53999999999999,2536.0,369.95000000000005,289.35,32.94,0.5733749999999997,17564.69366666665,11.105691056910567,128.67999999999998,134.05,392.0,True,2026-09-05 12:08:19-07:00
543.06,2,9,2026-09-05 19:17:21,37.11509,-121.60793,1201.0,137.0,51.0,-12.6,0.0,,0.0,0.0,0.0,-0.2,30.0,39.2,128.0,1130.0,4.9,-0.03,1.1,0.0,-138.0,27,133.4,29.98,2774.0,0.0,0.0,106,0.0,0.0,0.0,0.0,0.0,0.0,0.0,0.0,0.0,0.0,0.0,0.0,-3.0,0.0,0.0,-107.0,0.0,0.0,0.0,0.0,3.0,0.0,0.0,1200.0,88.0,46.0,2546.0,2546.0,19.6,11.6,0.0,11.6,23.6,0.0,0.0,15.2,0.0,0.0,4.6,40.3,35.1,0.0,0.0,0.0,0.0,187.0,724.0,182.0,718.0,191.0,712.0,191.0,718.0,0.0,0.0,-30.0,0.0,0.0,23.6,-1.0,4.998,0.0,0.0,1.565,2.418,88.1,45.6,0.0,0.0,64.0,R,0.0,80.6,114.8,0.0,0.0,0.0,0.0,368.6,1335.2,359.6,1324.4,375.8,1313.6,375.8,1324.4,0.0,0.0,114.08000000000001,2546.0,369.95000000000005,289.35,33.48000000000002,0.5766944444444442,17795.429666666652,11.810344827586206,128.48,133.84,392.0,True,2026-09-05 12:08:19-07:00
544.06,2,9,2026-09-05 19:17:22,37.11547,-121.6073,1192.0,137.0,55.5,-12.6,0.0,,0.0,0.0,0.0,-0.6,28.5,43.1,127.3,1126.0,4.5,-0.02,1.1,0.0,-221.0,27,132.6,29.98,2774.0,0.0,0.0,106,0.0,0.0,0.0,0.0,0.0,0.0,0.0,0.0,0.0,0.0,0.0,0.0,-3.0,0.0,0.0,-107.0,0.0,0.0,0.0,0.0,3.0,1.0,0.0,1200.0,88.0,46.0,2534.0,2534.0,16.8,10.8,0.0,10.8,23.8,0.0,0.0,15.2,0.0,0.0,4.4,40.3,35.1,0.0,0.0,0.0,0.0,187.0,719.0,182.0,714.0,191.0,709.0,191.0,716.0,0.0,0.0,-30.0,0.0,0.0,23.8,-1.0,4.998,0.0,0.0,1.632,1.984,87.7,45.6,0.0,0.0,50.0,R,0.0,80.6,114.8,0.0,0.0,0.0,0.0,368.6,1326.2,359.6,1317.2,375.8,1308.2,375.8,1320.8,0.0,0.0,114.08000000000001,2534.0,369.95000000000005,289.35,33.48000000000002,0.5798055555555554,18026.502999999986,12.685185185185185,127.78,133.1,392.0,True,2026-09-05 12:08:19-07:00
545.06,2,9,2026-09-05 19:17:23,37.1158,-121.60663,1187.0,136.8,60.2,-12.6,0.0,,0.0,0.0,0.0,-1.8,27.8,48.1,127.6,1120.0,4.7,0.01,0.9,0.0,-284.0,27,132.9,29.98,2770.0,0.0,0.0,106,0.0,0.0,0.0,0.0,0.0,0.0,0.0,0.0,0.0,0.0,0.0,0.0,-2.0,0.0,0.0,-107.0,0.0,0.0,0.0,0.0,3.0,1.0,0.0,1200.0,88.0,46.0,2541.0,2541.0,14.9,9.9,0.0,9.9,24.0,0.0,0.0,15.2,0.0,0.0,4.4,40.3,35.1,0.0,0.0,0.0,0.0,187.0,715.0,182.0,712.0,191.0,708.0,191.0,716.0,0.0,0.0,-30.0,0.0,0.0,24.0,-1.0,4.998,0.0,0.0,1.83,1.952,87.5,45.7,0.0,0.0,37.0,R,0.0,80.6,114.8,0.0,0.0,0.0,0.0,368.6,1319.0,359.6,1313.6,375.8,1306.4,375.8,1320.8,0.0,0.0,114.26,2541.0,369.95000000000005,289.35,33.66000000000001,0.5826805555555553,18257.40766666665,13.818181818181818,128.07999999999998,133.4,392.0,True,2026-09-05 12:08:19-07:00
546.06,2,9,2026-09-05 19:17:24,37.1161,-121.60593,1178.0,136.3,64.1,-12.6,0.0,,0.0,0.0,0.0,-0.9,27.3,52.8,128.4,1111.0,5.0,-0.07,1.3,0.0,-374.0,27,133.7,29.98,2752.0,0.0,0.0,106,0.0,0.0,0.0,0.0,0.0,0.0,0.0,0.0,0.0,0.0,0.0,0.0,-4.0,0.0,0.0,-107.0,0.0,0.0,0.0,0.0,3.0,1.0,0.0,1200.0,87.0,46.0,2546.0,2546.0,14.6,9.3,0.0,9.3,23.9,0.0,0.0,15.2,0.0,0.0,4.6,40.3,35.1,0.0,0.0,0.0,0.0,187.0,712.0,181.0,711.0,190.0,708.0,190.0,718.0,0.0,0.0,-29.0,0.0,0.0,23.9,-1.0,4.998,0.0,0.0,1.731,1.997,87.2,45.9,0.0,0.0,31.0,R,0.0,80.6,114.8,0.0,0.0,0.0,0.0,368.6,1313.6,357.8,1311.8,374.0,1306.4,374.0,1324.4,0.0,0.0,114.61999999999999,2546.0,368.6,288.0,34.019999999999996,0.585347222222222,18487.721999999987,14.655913978494624,128.88,134.21,392.0,True,2026-09-05 12:08:19-07:00
547.06,2,9,2026-09-05 19:17:25,37.11636,-121.60521,1171.0,135.5,68.6,-12.6,0.0,,0.0,0.0,0.0,0.4,20.8,56.8,129.1,1105.0,4.3,-0.02,1.3,0.0,-378.0,27,134.4,29.98,2742.0,0.0,0.0,106,0.0,0.0,0.0,0.0,0.0,0.0,0.0,0.0,0.0,0.0,0.0,0.0,-3.0,0.0,0.0,-107.0,0.0,0.0,0.0,0.0,3.0,1.0,0.0,1200.0,87.0,46.0,2540.0,2540.0,14.5,8.8,0.0,8.8,23.9,0.0,0.0,15.2,0.0,0.0,4.7,40.3,35.1,0.0,0.0,0.0,0.0,187.0,709.0,181.0,709.0,190.0,708.0,190.0,718.0,0.0,0.0,-29.0,0.0,0.0,23.9,-1.0,4.998,0.0,0.0,1.727,1.876,87.3,46.1,0.0,0.0,28.0,R,0.0,80.6,114.8,0.0,0.0,0.0,0.0,368.6,1308.2,357.8,1308.2,374.0,1306.4,374.0,1324.4,0.0,0.0,114.98,2540.0,368.6,288.0,34.38000000000001,0.5878611111111108,18716.939999999988,15.397727272727272,129.57999999999998,134.93,392.0,True,2026-09-05 12:08:19-07:00
548.06,2,9,2026-09-05 19:17:26,37.11656,-121.60448,1172.0,134.4,72.9,-12.6,0.0,,0.0,0.0,0.0,1.6,24.7,59.9,128.0,1102.0,3.7,-0.03,1.3,0.0,-275.0,27,133.3,29.98,2739.0,0.0,0.0,106,0.0,0.0,0.0,0.0,0.0,0.0,0.0,0.0,0.0,0.0,0.0,0.0,-1.0,0.0,0.0,-106.0,0.0,0.0,0.0,0.0,3.0,1.0,0.0,1200.0,87.0,46.0,2545.0,2545.0,14.4,8.4,0.0,8.4,23.9,0.0,0.0,15.2,0.0,0.0,4.7,40.3,35.1,0.0,0.0,0.0,0.0,186.0,706.0,181.0,708.0,190.0,707.0,189.0,718.0,0.0,0.0,-29.0,0.0,0.0,23.9,-1.0,4.998,0.0,0.0,1.681,1.829,87.3,46.5,0.0,0.0,27.0,R,0.0,80.6,114.8,0.0,0.0,0.0,0.0,366.8,1302.8,357.8,1306.4,374.0,1304.6,372.2,1324.4,0.0,0.0,115.7,2545.0,367.7,287.1,35.10000000000001,0.5902499999999997,18944.555666666653,16.0,128.48,133.78,392.0,True,2026-09-05 12:08:19-07:00
549.06,2,9,2026-09-05 19:17:27,37.11673,-121.60373,1177.0,132.9,76.5,-12.6,0.0,,0.0,0.0,0.0,2.3,27.8,65.5,125.2,1102.0,4.8,-0.08,1.2,0.0,-92.0,27,130.3,29.98,2739.0,0.0,0.0,106,0.0,0.0,0.0,0.0,0.0,0.0,0.0,0.0,0.0,0.0,0.0,0.0,1.0,0.0,0.0,-106.0,0.0,0.0,0.0,0.0,3.0,1.0,0.0,1200.0,87.0,47.0,2537.0,2537.0,14.4,8.1,0.0,8.1,23.9,0.0,0.0,15.2,0.0,0.0,4.4,40.3,35.1,0.0,0.0,0.0,0.0,186.0,703.0,181.0,706.0,189.0,706.0,189.0,718.0,0.0,0.0,-29.0,0.0,0.0,23.9,-1.0,4.998,0.0,0.0,1.667,2.025,87.4,46.6,0.0,0.0,26.0,R,0.0,80.6,116.6,0.0,0.0,0.0,0.0,366.8,1297.4,357.8,1302.8,372.2,1302.8,372.2,1324.4,0.0,0.0,115.88000000000001,2537.0,367.25,286.65,35.280000000000015,0.5925416666666664,19169.97866666665,16.40740740740741,125.68,130.86,392.0,True,2026-09-05 12:08:19-07:00
550.06,2,9,2026-09-05 19:17:28,37.11684,-121.60298,1184.0,130.8,81.3,-12.6,0.0,,0.0,0.0,0.0,3.6,31.9,70.4,124.3,1102.0,4.7,0.03,1.4,0.0,36.0,27,129.4,29.98,2739.0,0.0,0.0,106,0.0,0.0,0.0,0.0,0.0,0.0,0.0,0.0,0.0,0.0,0.0,0.0,-2.0,0.0,0.0,-106.0,0.0,0.0,0.0,0.0,3.0,1.0,0.0,1200.0,87.0,47.0,2533.0,2533.0,14.4,7.9,0.0,7.9,23.9,0.0,0.0,15.2,0.0,0.0,4.4,40.3,35.1,0.0,0.0,0.0,0.0,186.0,702.0,180.0,705.0,189.0,706.0,189.0,718.0,0.0,0.0,-29.0,0.0,0.0,23.9,-1.0,4.998,0.0,0.0,1.732,1.934,87.2,46.6,0.0,0.0,25.0,R,0.0,80.6,116.6,0.0,0.0,0.0,0.0,366.8,1295.6,356.0,1301.0,372.2,1302.8,372.2,1324.4,0.0,0.0,115.88000000000001,2533.0,366.8,286.20000000000005,35.280000000000015,0.5947638888888886,19392.365666666654,16.556962025316455,124.78,129.92,392.0,True,2026-09-05 12:08:19-07:00
551.06,2,9,2026-09-05 19:17:29,37.11691,-121.60223,1189.0,128.5,87.1,-12.6,0.0,,0.0,0.0,0.0,3.9,32.7,76.8,122.5,1106.0,6.0,-0.06,1.2,0.0,156.0,27,127.5,29.98,2733.0,0.0,0.0,106,0.0,0.0,0.0,0.0,0.0,0.0,0.0,0.0,0.0,0.0,0.0,0.0,-1.0,0.0,0.0,-106.0,0.0,0.0,0.0,0.0,3.0,1.0,0.0,1200.0,87.0,47.0,2535.0,2535.0,14.3,7.8,0.0,7.8,23.9,0.0,0.0,15.2,0.0,0.0,4.5,40.3,35.1,0.0,0.0,0.0,0.0,185.0,699.0,180.0,704.0,189.0,704.0,188.0,716.0,0.0,0.0,-29.0,0.0,0.0,23.9,-1.0,4.998,0.0,0.0,1.81,1.772,87.1,46.8,0.0,0.0,25.0,R,0.0,80.6,116.6,0.0,0.0,0.0,0.0,365.0,1290.2,356.0,1299.2,372.2,1299.2,370.4,1320.8,0.0,0.0,116.24,2535.0,365.9,285.29999999999995,35.64,0.5969444444444442,19611.041999999987,16.474358974358974,122.98,128.06,392.0,True,2026-09-05 12:08:19-07:00
552.06,2,9,2026-09-05 19:17:30,37.11691,-121.60149,1198.0,125.9,92.7,-12.6,0.0,,0.0,0.0,0.0,3.5,31.3,83.1,118.0,1113.0,5.9,-0.01,1.2,0.0,271.0,27,122.8,29.98,2733.0,0.0,0.0,106,0.0,0.0,0.0,0.0,0.0,0.0,0.0,0.0,0.0,0.0,0.0,0.0,-2.0,0.0,0.0,-106.0,0.0,0.0,0.0,0.0,3.0,1.0,0.0,1200.0,87.0,47.0,2528.0,2528.0,14.4,7.6,0.0,7.6,23.9,0.0,0.0,15.2,0.0,0.0,4.7,40.3,35.1,0.0,0.0,0.0,0.0,185.0,697.0,180.0,702.0,189.0,704.0,188.0,715.0,0.0,0.0,-29.0,0.0,0.0,23.9,-1.0,4.998,0.0,0.0,1.755,1.798,87.0,47.0,0.0,0.0,25.0,R,0.0,80.6,116.6,0.0,0.0,0.0,0.0,365.0,1286.6,356.0,1295.6,372.2,1299.2,370.4,1319.0,0.0,0.0,116.6,2528.0,365.9,285.29999999999995,36.0,0.5990833333333331,19825.585999999985,16.565789473684212,118.48,123.39,392.0,True,2026-09-05 12:08:19-07:00
553.06,2,9,2026-09-05 19:17:31,37.11685,-121.60078,1210.0,124.1,98.6,-12.6,0.0,,0.0,0.0,0.0,2.9,33.8,86.5,115.4,1125.0,4.7,-0.02,0.7,0.0,428.0,27,120.2,29.98,2747.0,0.0,0.0,106,0.0,0.0,0.0,0.0,0.0,0.0,0.0,0.0,0.0,0.0,0.0,0.0,-2.0,0.0,0.0,-106.0,0.0,0.0,0.0,0.0,3.0,1.0,0.0,1200.0,87.0,47.0,2549.0,2549.0,14.4,7.5,0.0,7.5,24.0,0.0,0.0,15.2,0.0,0.0,4.7,40.3,35.1,0.0,0.0,0.0,0.0,184.0,695.0,179.0,700.0,188.0,703.0,188.0,714.0,0.0,0.0,-29.0,0.0,0.0,24.0,-1.0,4.998,0.0,0.0,1.661,1.949,87.2,47.3,0.0,0.0,25.0,R,0.0,80.6,116.6,0.0,0.0,0.0,0.0,363.2,1283.0,354.2,1292.0,370.4,1297.4,370.4,1317.2,0.0,0.0,117.14,2549.0,364.55,283.95000000000005,36.540000000000006,0.6011805555555553,20036.41933333332,16.546666666666667,115.88000000000001,120.71,392.0,True,2026-09-05 12:08:19-07:00
554.06,2,9,2026-09-05 19:17:32,37.11674,-121.60007,1215.0,122.4,102.6,-12.6,0.0,,0.0,0.0,0.0,2.5,33.9,94.2,114.4,1133.0,6.2,-0.03,1.2,0.0,464.0,27,119.2,29.98,2757.0,0.0,0.0,106,0.0,0.0,0.0,0.0,0.0,0.0,0.0,0.0,0.0,0.0,0.0,0.0,-3.0,0.0,0.0,-106.0,0.0,0.0,0.0,0.0,3.0,1.0,0.0,1200.0,87.0,47.0,2540.0,2540.0,14.3,7.4,0.0,7.4,23.9,0.0,0.0,15.2,0.0,0.0,4.4,40.3,35.1,0.0,0.0,0.0,0.0,184.0,693.0,179.0,699.0,188.0,702.0,187.0,713.0,0.0,0.0,-29.0,0.0,0.0,23.9,-1.0,4.998,0.0,0.0,1.713,1.78,86.8,47.5,0.0,0.0,25.0,R,0.0,80.6,116.6,0.0,0.0,0.0,0.0,363.2,1279.4,354.2,1290.2,370.4,1295.6,368.6,1315.4,0.0,0.0,117.5,2540.0,364.1,283.5,36.900000000000006,0.6032499999999997,20244.300999999985,16.54054054054054,114.88000000000001,119.68,392.0,True,2026-09-05 12:08:19-07:00
555.06,2,9,2026-09-05 19:17:33,37.11659,-121.5994,1218.0,120.6,108.9,-12.6,0.0,,0.0,0.0,0.0,2.3,33.7,99.9,112.6,1137.0,6.1,-0.02,1.2,0.0,359.0,27,117.2,29.98,2762.0,0.0,0.0,106,0.0,0.0,0.0,0.0,0.0,0.0,0.0,0.0,0.0,0.0,0.0,0.0,-3.0,0.0,0.0,-105.0,0.0,0.0,0.0,0.0,3.0,1.0,0.0,1200.0,87.0,47.0,2540.0,2540.0,14.3,7.3,0.0,7.3,23.9,0.0,0.0,15.2,0.0,0.0,4.4,40.3,35.1,0.0,0.0,0.0,0.0,184.0,693.0,179.0,698.0,188.0,702.0,187.0,712.0,0.0,0.0,-27.0,0.0,0.0,23.9,-1.0,4.998,0.0,0.0,1.747,1.842,86.8,47.5,0.0,0.0,25.0,R,0.0,80.6,116.6,0.0,0.0,0.0,0.0,363.2,1279.4,354.2,1288.4,370.4,1295.6,368.6,1313.6,0.0,0.0,117.5,2540.0,364.1,283.5,36.900000000000006,0.6052916666666665,20449.230999999985,16.52054794520548,113.08,117.82,392.0,True,2026-09-05 12:08:19-07:00
556.06,2,9,2026-09-05 19:17:34,37.11638,-121.59876,1219.0,119.1,114.8,-12.6,0.0,,0.0,0.0,0.0,2.0,31.6,105.6,110.0,1141.0,5.9,-0.03,1.1,0.0,318.0,27,114.5,29.98,2767.0,0.0,0.0,106,0.0,0.0,0.0,0.0,0.0,0.0,0.0,0.0,0.0,0.0,0.0,0.0,-4.0,0.0,0.0,-105.0,0.0,0.0,0.0,0.0,3.0,1.0,0.0,1200.0,87.0,48.0,2538.0,2538.0,14.3,7.3,0.0,7.3,23.9,0.0,0.0,15.2,0.0,0.0,4.5,40.3,35.1,0.0,0.0,0.0,0.0,183.0,691.0,178.0,698.0,188.0,701.0,187.0,711.0,0.0,0.0,-24.0,0.0,0.0,23.9,-1.0,4.998,0.0,0.0,1.807,1.842,86.8,47.6,0.0,0.0,25.0,R,0.0,80.6,118.4,0.0,0.0,0.0,0.0,361.4,1275.8,352.4,1288.4,370.4,1293.8,368.6,1311.8,0.0,0.0,117.68,2538.0,363.20000000000005,282.6,37.08000000000001,0.6073194444444442,20651.377999999986,16.315068493150683,110.48,115.12,392.0,True,2026-09-05 12:08:19-07:00
557.06,2,9,2026-09-05 19:17:35,37.11613,-121.59815,1222.0,117.7,120.4,-12.6,0.0,,0.0,0.0,0.0,2.5,30.0,110.5,109.3,1145.0,5.3,-0.02,1.1,0.0,291.0,26,113.8,29.98,2772.0,0.0,0.0,106,0.0,0.0,0.0,0.0,0.0,0.0,0.0,0.0,0.0,0.0,0.0,0.0,-4.0,0.0,0.0,-105.0,0.0,0.0,0.0,0.0,3.0,1.0,0.0,1200.0,87.0,48.0,2533.0,2533.0,14.3,7.2,0.0,7.2,23.9,0.0,0.0,15.2,0.0,0.0,6.1,40.3,35.1,0.0,0.0,0.0,0.0,183.0,690.0,178.0,697.0,187.0,700.0,186.0,711.0,0.0,0.0,-24.0,0.0,0.0,23.9,-1.0,4.998,0.0,0.0,1.799,1.78,86.8,47.9,0.0,0.0,25.0,R,0.0,78.8,118.4,0.0,0.0,0.0,0.0,361.4,1274.0,352.4,1286.6,368.6,1292.0,366.8,1311.8,0.0,0.0,118.22,2533.0,362.30000000000007,283.50000000000006,39.42,0.6093333333333331,20851.07933333332,16.34722222222222,109.78,114.2,392.0,True,2026-09-05 12:08:19-07:00
558.06,2,9,2026-09-05 19:17:36,37.11583,-121.59759,1222.0,116.3,125.6,-12.6,0.0,,0.0,0.0,0.0,2.5,29.0,116.2,107.9,1147.0,5.5,-0.03,1.1,0.0,199.0,26,112.4,29.98,2773.0,0.0,0.0,106,0.0,0.0,0.0,0.0,0.0,0.0,0.0,0.0,0.0,0.0,0.0,0.0,-4.0,0.0,0.0,-105.0,0.0,0.0,0.0,0.0,3.0,1.0,0.0,1200.0,87.0,48.0,2534.0,2534.0,14.3,7.2,0.0,7.2,23.9,0.0,0.0,15.2,0.0,0.0,7.5,40.3,35.1,0.0,0.0,0.0,0.0,183.0,689.0,178.0,697.0,187.0,699.0,186.0,711.0,0.0,0.0,-24.0,0.0,0.0,23.9,-1.0,4.998,0.0,0.0,1.764,1.777,86.5,48.2,0.0,0.0,25.0,R,0.0,78.8,118.4,0.0,0.0,0.0,0.0,361.4,1272.2,352.4,1286.6,368.6,1290.2,366.8,1311.8,0.0,0.0,118.76,2534.0,362.30000000000007,283.50000000000006,39.96000000000001,0.6113333333333331,21048.41933333332,16.15277777777778,108.38000000000001,112.75,392.0,True,2026-09-05 12:08:19-07:00
559.06,2,9,2026-09-05 19:17:37,37.1155,-121.59706,1222.0,115.0,130.4,-12.6,0.0,,0.0,0.0,0.0,2.2,29.0,121.8,106.5,1147.0,5.6,-0.01,1.1,0.0,128.0,26,110.9,29.98,2774.0,0.0,0.0,106,0.0,0.0,0.0,0.0,0.0,0.0,0.0,0.0,0.0,0.0,0.0,0.0,-4.0,0.0,0.0,-105.0,0.0,0.0,0.0,0.0,3.0,1.0,0.0,1200.0,86.0,48.0,2541.0,2541.0,14.3,7.2,0.0,7.2,23.9,0.0,0.0,15.2,0.0,0.0,7.9,40.3,35.1,0.0,0.0,0.0,0.0,182.0,689.0,177.0,696.0,187.0,699.0,186.0,709.0,0.0,0.0,-24.0,0.0,0.0,23.9,-1.0,4.998,0.0,0.0,1.765,1.82,86.1,48.4,0.0,0.0,25.0,R,0.0,78.8,118.4,0.0,0.0,0.0,0.0,359.6,1272.2,350.6,1284.8,368.6,1290.2,366.8,1308.2,0.0,0.0,119.11999999999999,2541.0,361.4,282.59999999999997,40.31999999999999,0.6133333333333331,21243.48233333332,15.972222222222221,106.98,111.29,392.0,True,2026-09-05 12:08:19-07:00
560.06,2,9,2026-09-05 19:17:38,37.11514,-121.59658,1219.0,113.7,135.6,-12.6,0.0,,0.0,0.0,0.0,1.8,26.8,126.5,105.1,1147.0,5.2,-0.03,1.0,0.0,51.0,26,109.4,29.98,2774.0,0.0,0.0,106,0.0,0.0,0.0,0.0,0.0,0.0,0.0,0.0,0.0,0.0,0.0,0.0,-4.0,0.0,0.0,-105.0,0.0,0.0,0.0,0.0,3.0,1.0,0.0,1200.0,86.0,48.0,2545.0,2545.0,14.3,7.1,0.0,7.1,23.9,0.0,0.0,15.2,0.0,0.0,8.1,40.3,35.1,0.0,0.0,0.0,0.0,182.0,689.0,177.0,695.0,187.0,699.0,185.0,709.0,0.0,0.0,-24.0,0.0,0.0,23.9,-1.0,4.998,0.0,0.0,1.766,1.835,85.9,48.4,0.0,0.0,25.0,R,0.0,78.8,118.4,0.0,0.0,0.0,0.0,359.6,1272.2,350.6,1283.0,368.6,1290.2,365.0,1308.2,0.0,0.0,119.11999999999999,2545.0,360.95000000000005,282.15000000000003,40.31999999999999,0.6153194444444442,21436.35266666665,16.014084507042256,105.58,109.84,392.0,True,2026-09-05 12:08:19-07:00
561.06,2,9,2026-09-05 19:17:39,37.11475,-121.59614,1214.0,112.9,140.2,-12.6,0.0,,0.0,0.0,0.0,2.0,22.0,130.3,104.4,1147.0,4.4,-0.02,1.1,0.0,-46.0,26,108.7,29.98,2774.0,0.0,0.0,106,0.0,0.0,0.0,0.0,0.0,0.0,0.0,0.0,0.0,0.0,0.0,0.0,-5.0,0.0,0.0,-105.0,0.0,0.0,0.0,0.0,3.0,1.0,0.0,1200.0,86.0,49.0,2537.0,2537.0,14.3,7.1,0.0,7.1,23.9,0.0,0.0,15.2,0.0,0.0,6.7,40.3,35.1,0.0,0.0,0.0,0.0,182.0,689.0,177.0,694.0,186.0,699.0,185.0,709.0,0.0,0.0,-24.0,0.0,0.0,23.9,-1.0,4.998,0.0,0.0,1.704,1.781,85.8,48.5,0.0,0.0,25.0,R,0.0,78.8,120.2,0.0,0.0,0.0,0.0,359.6,1272.2,350.6,1281.2,366.8,1290.2,365.0,1308.2,0.0,0.0,119.3,2537.0,360.5,281.7,40.5,0.6172916666666665,21627.451999999987,15.901408450704228,104.88000000000001,109.11,392.0,True,2026-09-05 12:08:19-07:00
562.06,2,9,2026-09-05 19:17:40,37.11434,-121.59574,1211.0,112.1,144.2,-12.6,0.0,,0.0,0.0,0.0,1.8,18.2,133.9,104.2,1147.0,3.9,-0.02,1.1,0.0,-122.0,26,108.5,29.98,2774.0,0.0,0.0,106,0.0,0.0,0.0,0.0,0.0,0.0,0.0,0.0,0.0,0.0,0.0,0.0,-4.0,0.0,0.0,-105.0,0.0,0.0,0.0,0.0,3.0,1.0,0.0,1200.0,86.0,49.0,2545.0,2545.0,14.3,7.1,0.0,7.1,23.9,0.0,0.0,15.2,0.0,0.0,6.0,40.3,35.1,0.0,0.0,0.0,0.0,182.0,689.0,177.0,693.0,186.0,698.0,185.0,708.0,0.0,0.0,-24.0,0.0,0.0,23.9,-1.0,4.998,0.0,0.0,1.699,1.777,85.8,48.7,0.0,0.0,25.0,R,0.0,78.8,120.2,0.0,0.0,0.0,0.0,359.6,1272.2,350.6,1279.4,366.8,1288.4,365.0,1306.4,0.0,0.0,119.66,2545.0,360.5,281.7,40.86,0.6192638888888886,21817.201999999987,15.788732394366198,104.68,108.9,392.0,True,2026-09-05 12:08:19-07:00
563.06,2,9,2026-09-05 19:17:41,37.11391,-121.59538,1205.0,111.4,147.5,-12.6,0.0,,0.0,0.0,0.0,2.0,14.2,137.0,104.1,1144.0,3.5,-0.03,1.1,0.0,-166.0,26,108.4,29.98,2774.0,0.0,0.0,106,0.0,0.0,0.0,0.0,0.0,0.0,0.0,0.0,0.0,0.0,0.0,0.0,-4.0,0.0,0.0,-105.0,0.0,0.0,0.0,0.0,3.0,1.0,0.0,1200.0,86.0,49.0,2539.0,2539.0,14.3,7.1,0.0,7.1,23.9,0.0,0.0,15.2,0.0,0.0,5.5,40.3,35.1,0.0,0.0,0.0,0.0,181.0,688.0,176.0,693.0,186.0,698.0,184.0,709.0,0.0,0.0,-24.0,0.0,0.0,23.9,-1.0,4.998,0.0,0.0,1.699,1.796,86.4,49.0,0.0,0.0,25.0,R,0.0,78.8,120.2,0.0,0.0,0.0,0.0,357.8,1270.4,348.8,1279.4,366.8,1288.4,363.2,1308.2,0.0,0.0,120.2,2539.0,359.15,280.34999999999997,41.400000000000006,0.6212361111111109,22005.686999999987,15.690140845070424,104.58,108.79,392.0,True,2026-09-05 12:08:19-07:00
564.06,2,9,2026-09-05 19:17:42,37.11347,-121.59505,1202.0,110.6,150.4,-12.6,0.0,,0.0,0.0,0.0,2.7,9.9,138.7,103.1,1140.0,2.3,0.02,1.0,0.0,-198.0,26,107.3,29.98,2774.0,0.0,0.0,106,0.0,0.0,0.0,0.0,0.0,0.0,0.0,0.0,0.0,0.0,0.0,0.0,-4.0,0.0,0.0,-105.0,0.0,0.0,0.0,0.0,3.0,1.0,0.0,1200.0,86.0,49.0,2539.0,2539.0,14.3,7.1,0.0,7.1,23.9,0.0,0.0,15.2,0.0,0.0,5.0,40.3,35.1,0.0,0.0,0.0,0.0,181.0,687.0,176.0,692.0,186.0,697.0,184.0,708.0,0.0,0.0,-24.0,0.0,0.0,23.9,-1.0,4.998,0.0,0.0,1.699,1.769,86.1,49.2,0.0,0.0,25.0,R,0.0,78.8,120.2,0.0,0.0,0.0,0.0,357.8,1268.6,348.8,1277.6,366.8,1286.6,363.2,1306.4,0.0,0.0,120.56,2539.0,359.15,280.34999999999997,41.760000000000005,0.6232083333333331,22192.906999999985,15.577464788732394,103.58,107.74,392.0,True,2026-09-05 12:08:19-07:00
565.06,2,9,2026-09-05 19:17:43,37.11303,-121.59474,1198.0,110.0,152.1,-12.6,0.0,,0.0,0.0,0.0,2.7,6.0,141.4,102.5,1136.0,2.7,-0.04,1.1,0.0,-229.0,26,106.7,29.98,2760.0,0.0,0.0,106,0.0,0.0,0.0,0.0,0.0,0.0,0.0,0.0,0.0,0.0,0.0,0.0,-4.0,0.0,0.0,-105.0,0.0,0.0,0.0,0.0,3.0,1.0,0.0,1200.0,86.0,49.0,2552.0,2552.0,15.7,7.3,0.0,7.3,23.6,0.0,0.0,15.2,0.0,0.0,4.7,40.3,35.1,0.0,0.0,0.0,0.0,181.0,688.0,176.0,693.0,185.0,698.0,184.0,708.0,0.0,0.0,-24.0,0.0,0.0,23.6,-1.0,4.998,0.0,0.0,1.674,1.669,86.2,49.2,0.0,0.0,27.0,R,0.0,78.8,120.2,0.0,0.0,0.0,0.0,357.8,1270.4,348.8,1279.4,365.0,1288.4,363.2,1306.4,0.0,0.0,120.56,2552.0,358.7,279.9,41.760000000000005,0.6252083333333331,22378.94633333332,15.068493150684931,102.98,107.11,392.0,True,2026-09-05 12:08:19-07:00
566.06,2,9,2026-09-05 19:17:44,37.11257,-121.59445,1196.0,109.8,153.3,-12.6,0.0,,0.0,0.0,0.0,3.3,3.4,141.5,102.2,1133.0,1.1,-0.01,1.0,0.0,-215.0,26,106.4,29.98,2756.0,0.0,0.0,106,0.0,0.0,0.0,0.0,0.0,0.0,0.0,0.0,0.0,0.0,0.0,0.0,-3.0,0.0,0.0,-105.0,0.0,0.0,0.0,0.0,3.0,1.0,0.0,1200.0,86.0,49.0,2539.0,2539.0,16.4,7.6,0.0,7.6,23.6,0.0,0.0,15.2,0.0,0.0,4.6,40.3,35.1,0.0,0.0,0.0,0.0,180.0,688.0,176.0,693.0,185.0,696.0,184.0,706.0,0.0,0.0,-24.0,0.0,0.0,23.6,-1.0,4.998,0.0,0.0,1.663,1.704,85.9,49.4,0.0,0.0,32.0,R,0.0,78.8,120.2,0.0,0.0,0.0,0.0,356.0,1270.4,348.8,1279.4,365.0,1284.8,363.2,1302.8,0.0,0.0,120.91999999999999,2539.0,358.25,279.45,42.11999999999999,0.6272777777777775,22564.310999999987,14.447368421052632,102.68,106.79,392.0,True,2026-09-05 12:08:19-07:00
567.06,2,9,2026-09-05 19:17:45,37.11211,-121.59417,1194.0,109.5,153.9,-12.6,0.0,,0.0,0.0,0.0,3.5,2.2,143.1,101.6,1131.0,1.3,0.0,1.0,0.0,-163.0,26,105.8,29.98,2754.0,0.0,0.0,106,0.0,0.0,0.0,0.0,0.0,0.0,0.0,0.0,0.0,0.0,0.0,0.0,-2.0,0.0,0.0,-105.0,0.0,0.0,0.0,0.0,3.0,1.0,0.0,1200.0,86.0,50.0,2536.0,2536.0,16.5,7.8,0.0,7.8,23.6,0.0,0.0,15.2,0.0,0.0,4.7,40.3,35.1,0.0,0.0,0.0,0.0,180.0,687.0,176.0,692.0,185.0,695.0,183.0,705.0,0.0,0.0,-24.0,0.0,0.0,23.6,-1.0,4.998,0.0,0.0,1.663,1.711,85.8,49.6,0.0,0.0,34.0,R,0.0,78.8,122.0,0.0,0.0,0.0,0.0,356.0,1268.6,348.8,1277.6,365.0,1283.0,361.4,1301.0,0.0,0.0,121.28,2536.0,357.8,279.0,42.480000000000004,0.6294166666666664,22749.253999999986,14.038461538461538,102.08,106.17,392.0,True,2026-09-05 12:08:19-07:00
568.06,2,9,2026-09-05 19:17:46,37.11166,-121.59389,1193.0,109.3,154.9,-12.6,0.0,,0.0,0.0,0.0,3.7,1.4,141.5,101.2,1130.0,-0.2,-0.01,1.2,0.0,-107.0,26,105.4,29.98,2753.0,0.0,0.0,106,0.0,0.0,0.0,0.0,0.0,0.0,0.0,0.0,0.0,0.0,0.0,0.0,-2.0,0.0,0.0,-106.0,0.0,0.0,0.0,0.0,3.0,1.0,0.0,1200.0,86.0,50.0,2553.0,2553.0,16.6,7.9,0.0,7.9,23.6,0.0,0.0,15.2,0.0,0.0,4.8,40.3,35.1,0.0,0.0,0.0,0.0,180.0,687.0,175.0,691.0,185.0,693.0,183.0,703.0,0.0,0.0,-24.0,0.0,0.0,23.6,-1.0,4.998,0.0,0.0,1.664,1.703,85.7,49.9,0.0,0.0,35.0,R,0.0,78.8,122.0,0.0,0.0,0.0,0.0,356.0,1268.6,347.0,1275.8,365.0,1279.4,361.4,1297.4,0.0,0.0,121.82,2553.0,357.35,278.55,43.019999999999996,0.6315972222222219,22933.77533333332,13.835443037974683,101.68,105.75,392.0,True,2026-09-05 12:08:19-07:00
569.06,2,9,2026-09-05 19:17:47,37.1112,-121.59363,1197.0,109.2,154.5,-12.6,0.0,,0.0,0.0,0.0,2.0,0.9,143.8,102.1,1130.0,0.7,0.03,0.8,0.0,-38.0,26,106.3,29.98,2753.0,0.0,0.0,106,0.0,0.0,0.0,0.0,0.0,0.0,0.0,0.0,0.0,0.0,0.0,0.0,-2.0,0.0,0.0,-106.0,0.0,0.0,0.0,0.0,3.0,1.0,0.0,1200.0,86.0,50.0,2539.0,2539.0,16.7,8.0,0.0,8.0,23.7,0.0,0.0,15.2,0.0,0.0,4.5,40.3,35.1,0.0,0.0,0.0,0.0,180.0,687.0,175.0,691.0,185.0,692.0,183.0,702.0,0.0,0.0,-24.0,0.0,0.0,23.7,-1.0,4.998,0.0,0.0,1.649,1.787,85.6,50.1,0.0,0.0,36.0,R,0.0,78.8,122.0,0.0,0.0,0.0,0.0,356.0,1268.6,347.0,1275.8,365.0,1277.6,361.4,1295.6,0.0,0.0,122.18,2539.0,357.35,278.55,43.38000000000001,0.6338055555555553,23118.043666666654,13.65,102.58,106.68,392.0,True,2026-09-05 12:08:19-07:00
570.06,2,9,2026-09-05 19:17:48,37.11074,-121.59335,1198.0,109.3,155.2,-12.6,0.0,,0.0,0.0,0.0,1.8,0.8,142.4,101.8,1130.0,0.1,-0.02,1.0,0.0,11.0,26,105.9,29.98,2753.0,0.0,0.0,106,0.0,0.0,0.0,0.0,0.0,0.0,0.0,0.0,0.0,0.0,0.0,0.0,-2.0,0.0,0.0,-106.0,0.0,0.0,0.0,0.0,3.0,1.0,0.0,1200.0,86.0,50.0,2521.0,2521.0,16.7,8.1,0.0,8.1,23.7,0.0,0.0,15.2,0.0,0.0,4.4,40.3,35.1,0.0,0.0,0.0,0.0,180.0,686.0,175.0,691.0,184.0,691.0,183.0,702.0,0.0,0.0,-24.0,0.0,0.0,23.7,-1.0,4.998,0.0,0.0,1.566,1.803,85.5,50.1,0.0,0.0,36.0,R,0.0,78.8,122.0,0.0,0.0,0.0,0.0,356.0,1266.8,347.0,1275.8,363.2,1275.8,361.4,1295.6,0.0,0.0,122.18,2521.0,356.9,278.09999999999997,43.38000000000001,0.6360416666666664,23302.311999999987,13.493827160493828,102.28,106.37,392.0,True,2026-09-05 12:08:19-07:00
571.06,2,9,2026-09-05 19:17:49,37.11029,-121.5931,1195.0,109.3,154.9,-12.6,0.0,,0.0,0.0,0.0,1.8,0.3,142.7,98.8,1130.0,-0.3,0.02,0.9,0.0,9.0,26,102.8,29.98,2742.0,0.0,0.0,106,0.0,0.0,0.0,0.0,0.0,0.0,0.0,0.0,0.0,0.0,0.0,0.0,-2.0,0.0,0.0,-106.0,0.0,0.0,0.0,0.0,3.0,1.0,0.0,1200.0,85.0,50.0,2521.0,2521.0,15.5,8.0,0.0,8.0,23.8,0.0,0.0,15.2,0.0,0.0,4.5,40.3,35.1,0.0,0.0,0.0,0.0,180.0,686.0,175.0,690.0,184.0,691.0,183.0,703.0,0.0,0.0,-24.0,0.0,0.0,23.8,-1.0,4.998,0.0,0.0,1.571,1.769,85.0,50.2,0.0,0.0,34.0,R,0.0,78.8,122.0,0.0,0.0,0.0,0.0,356.0,1266.8,347.0,1274.0,363.2,1275.8,361.4,1297.4,0.0,0.0,122.36,2521.0,356.9,278.09999999999997,43.56,0.6382777777777775,23486.664666666653,13.6625,99.28,103.25,392.0,True,2026-09-05 12:08:19-07:00
572.06,2,9,2026-09-05 19:17:50,37.10983,-121.59283,1194.0,109.2,155.5,-12.6,0.0,,0.0,0.0,0.0,1.8,-1.3,141.2,98.4,1130.0,-0.7,-0.01,0.9,0.0,-4.0,26,102.5,29.98,2742.0,0.0,0.0,106,0.0,0.0,0.0,0.0,0.0,0.0,0.0,0.0,0.0,0.0,0.0,0.0,-1.0,0.0,0.0,-106.0,0.0,0.0,0.0,0.0,3.0,1.0,0.0,1200.0,85.0,50.0,2547.0,2547.0,14.8,7.8,0.0,7.8,23.9,0.0,0.0,15.2,0.0,0.0,4.6,40.3,35.1,0.0,0.0,0.0,0.0,179.0,686.0,175.0,690.0,184.0,691.0,183.0,703.0,0.0,0.0,-24.0,0.0,0.0,23.9,-1.0,4.998,0.0,0.0,1.602,1.718,84.9,50.4,0.0,0.0,31.0,R,0.0,78.8,122.0,0.0,0.0,0.0,0.0,354.2,1266.8,347.0,1274.0,363.2,1275.8,361.4,1297.4,0.0,0.0,122.72,2547.0,356.45,277.65,43.92,0.640472222222222,23670.932999999986,14.0,98.88000000000001,102.84,392.0,True,2026-09-05 12:08:19-07:00
573.06,2,9,2026-09-05 19:17:51,37.10938,-121.59257,1194.0,109.1,154.4,-12.6,0.0,,0.0,0.0,0.0,1.3,0.4,144.4,101.5,1130.0,1.2,-0.0,1.1,0.0,-1.0,26,105.7,29.98,2742.0,0.0,0.0,106,0.0,0.0,0.0,0.0,0.0,0.0,0.0,0.0,0.0,0.0,0.0,0.0,-4.0,0.0,0.0,-106.0,0.0,0.0,0.0,0.0,3.0,1.0,0.0,1200.0,85.0,51.0,2551.0,2551.0,14.6,7.6,0.0,7.6,23.9,0.0,0.0,15.2,0.0,0.0,4.7,40.3,35.1,0.0,0.0,0.0,0.0,179.0,686.0,175.0,691.0,184.0,692.0,182.0,704.0,0.0,0.0,-26.0,0.0,0.0,23.9,-1.0,4.998,0.0,0.0,1.653,1.898,84.9,50.7,0.0,0.0,28.0,R,0.0,78.8,123.8,0.0,0.0,0.0,0.0,354.2,1266.8,347.0,1275.8,363.2,1277.6,359.6,1299.2,0.0,0.0,123.26,2551.0,356.0,277.2,44.46000000000001,0.6426111111111109,23855.03266666665,14.355263157894736,101.98,106.06,392.0,True,2026-09-05 12:08:19-07:00
574.06,2,9,2026-09-05 19:17:52,37.10892,-121.5923,1190.0,109.2,155.1,-12.6,0.0,,0.0,0.0,0.0,1.7,-1.2,143.3,99.9,1130.0,0.4,-0.02,1.0,0.0,-78.0,26,104.0,29.98,2733.0,0.0,0.0,106,0.0,0.0,0.0,0.0,0.0,0.0,0.0,0.0,0.0,0.0,0.0,0.0,-2.0,0.0,0.0,-106.0,0.0,0.0,0.0,0.0,3.0,1.0,0.0,1200.0,85.0,51.0,2539.0,2539.0,14.6,7.5,0.0,7.5,23.9,0.0,0.0,15.2,0.0,0.0,4.5,40.3,35.1,0.0,0.0,0.0,0.0,179.0,685.0,174.0,691.0,184.0,693.0,182.0,706.0,0.0,0.0,-26.0,0.0,0.0,23.9,-1.0,4.998,0.0,0.0,1.648,1.903,84.5,51.0,0.0,0.0,27.0,R,0.0,78.8,123.8,0.0,0.0,0.0,0.0,354.2,1265.0,345.2,1275.8,363.2,1279.4,359.6,1302.8,0.0,0.0,123.8,2539.0,355.55,276.75,45.0,0.6447083333333331,24039.13233333332,14.56,100.38000000000001,104.4,392.0,True,2026-09-05 12:08:19-07:00
575.06,2,9,2026-09-05 19:17:53,37.10846,-121.59203,1188.0,109.0,154.7,-12.6,0.0,,0.0,0.0,0.0,1.7,-0.0,143.3,99.3,1129.0,0.0,0.0,1.0,0.0,-78.0,26,103.4,29.98,2733.0,0.0,0.0,106,0.0,0.0,0.0,0.0,0.0,0.0,0.0,0.0,0.0,0.0,0.0,0.0,1.0,0.0,0.0,-105.0,0.0,0.0,0.0,0.0,3.0,1.0,0.0,1200.0,84.0,51.0,2537.0,2537.0,14.4,7.5,0.0,7.5,23.9,0.0,0.0,15.2,0.0,0.0,4.3,40.3,35.1,0.0,0.0,0.0,0.0,179.0,685.0,174.0,691.0,184.0,694.0,182.0,706.0,0.0,0.0,-26.0,0.0,0.0,23.9,-1.0,4.998,0.0,0.0,1.642,1.935,84.5,50.9,0.0,0.0,26.0,R,0.0,78.8,123.8,0.0,0.0,0.0,0.0,354.2,1265.0,345.2,1275.8,363.2,1281.2,359.6,1302.8,0.0,0.0,123.61999999999999,2537.0,355.55,276.75,44.81999999999999,0.6467916666666664,24223.147666666653,14.533333333333333,99.78,103.77,392.0,True,2026-09-05 12:08:19-07:00
576.06,2,9,2026-09-05 19:17:54,37.108,-121.59176,1184.0,108.7,154.6,-12.6,0.0,,0.0,0.0,0.0,1.8,0.5,144.6,101.6,1125.0,1.0,-0.04,1.0,0.0,-142.0,26,105.7,29.98,2733.0,0.0,0.0,106,0.0,0.0,0.0,0.0,0.0,0.0,0.0,0.0,0.0,0.0,0.0,0.0,-2.0,0.0,0.0,-105.0,0.0,0.0,0.0,0.0,3.0,1.0,0.0,1200.0,84.0,51.0,2537.0,2537.0,14.4,7.4,0.0,7.4,23.9,0.0,0.0,15.2,0.0,0.0,4.4,40.3,35.1,0.0,0.0,0.0,0.0,179.0,685.0,174.0,691.0,183.0,695.0,182.0,706.0,0.0,0.0,-26.0,0.0,0.0,23.9,-1.0,4.998,0.0,0.0,1.626,1.959,84.4,51.1,0.0,0.0,26.0,R,0.0,78.8,123.8,0.0,0.0,0.0,0.0,354.2,1265.0,345.2,1275.8,361.4,1283.0,359.6,1302.8,0.0,0.0,123.98,2537.0,355.1,276.3,45.18000000000001,0.6488611111111109,24406.74133333332,14.68918918918919,102.08,106.15,392.0,True,2026-09-05 12:08:19-07:00
577.06,2,9,2026-09-05 19:17:55,37.10755,-121.5915,1179.0,108.3,155.1,-12.6,0.0,,0.0,0.0,0.0,2.0,-0.1,142.9,102.0,1120.0,-0.5,0.02,0.9,0.0,-207.0,26,106.2,29.98,2730.0,0.0,0.0,106,0.0,0.0,0.0,0.0,0.0,0.0,0.0,0.0,0.0,0.0,0.0,0.0,-2.0,0.0,0.0,-106.0,0.0,0.0,0.0,0.0,3.0,1.0,0.0,1200.0,84.0,51.0,2546.0,2546.0,14.4,7.3,0.0,7.3,23.9,0.0,0.0,15.2,0.0,0.0,4.6,40.3,35.1,0.0,0.0,0.0,0.0,178.0,685.0,174.0,691.0,183.0,696.0,181.0,706.0,0.0,0.0,-26.0,0.0,0.0,23.9,-1.0,4.998,0.0,0.0,1.625,1.89,84.2,51.2,0.0,0.0,26.0,R,0.0,78.8,123.8,0.0,0.0,0.0,0.0,352.4,1265.0,345.2,1275.8,361.4,1284.8,357.8,1302.8,0.0,0.0,124.16,2546.0,354.20000000000005,275.40000000000003,45.36,0.6509027777777775,24589.74466666665,14.835616438356164,102.48,106.56,392.0,True,2026-09-05 12:08:19-07:00
578.06,2,9,2026-09-05 19:17:56,37.1071,-121.59123,1175.0,107.8,154.8,-12.6,0.0,,0.0,0.0,0.0,1.9,-0.1,143.2,101.1,1115.0,0.3,-0.04,1.0,0.0,-268.0,26,105.2,29.98,2723.0,0.0,0.0,106,0.0,0.0,0.0,0.0,0.0,0.0,0.0,0.0,0.0,0.0,0.0,0.0,0.0,0.0,0.0,-106.0,0.0,0.0,0.0,0.0,3.0,1.0,0.0,1200.0,84.0,51.0,2540.0,2540.0,14.4,7.3,0.0,7.3,23.9,0.0,0.0,15.2,0.0,0.0,4.7,40.3,35.1,0.0,0.0,0.0,0.0,178.0,685.0,174.0,690.0,183.0,696.0,181.0,707.0,0.0,0.0,-26.0,0.0,0.0,23.9,-1.0,4.998,0.0,0.0,1.648,1.849,83.9,51.4,0.0,0.0,25.0,R,0.0,78.8,123.8,0.0,0.0,0.0,0.0,352.4,1265.0,345.2,1274.0,361.4,1284.8,357.8,1304.6,0.0,0.0,124.52,2540.0,354.20000000000005,275.40000000000003,45.72,0.6529305555555553,24771.988999999987,14.767123287671232,101.58,105.62,392.0,True,2026-09-05 12:08:19-07:00
579.06,2,9,2026-09-05 19:17:57,37.10664,-121.59097,1169.0,107.3,155.0,-12.6,0.0,,0.0,0.0,0.0,1.9,-0.2,142.8,102.4,1111.0,-0.9,0.03,1.1,0.0,-254.0,26,106.5,29.98,2718.0,0.0,0.0,106,0.0,0.0,0.0,0.0,0.0,0.0,0.0,0.0,0.0,0.0,0.0,0.0,-1.0,0.0,0.0,-105.0,0.0,0.0,0.0,0.0,3.0,1.0,0.0,1200.0,84.0,52.0,2547.0,2547.0,14.4,7.2,0.0,7.2,23.9,0.0,0.0,15.2,0.0,0.0,4.5,40.3,35.1,0.0,0.0,0.0,0.0,178.0,685.0,173.0,690.0,183.0,695.0,181.0,707.0,0.0,0.0,-26.0,0.0,0.0,23.9,-1.0,4.998,0.0,0.0,1.658,1.836,84.1,51.8,0.0,0.0,26.0,R,0.0,78.8,125.6,0.0,0.0,0.0,0.0,352.4,1265.0,343.4,1274.0,361.4,1283.0,357.8,1304.6,0.0,0.0,125.24,2547.0,353.75,274.95,46.44,0.6549444444444442,24953.389999999985,14.902777777777777,102.88000000000001,106.96,392.0,True,2026-09-05 12:08:19-07:00
580.06,2,9,2026-09-05 19:17:58,37.10619,-121.59071,1164.0,106.8,155.3,-12.6,0.0,,0.0,0.0,0.0,1.4,-0.8,143.6,101.2,1106.0,0.1,-0.03,0.9,0.0,-247.0,26,105.3,29.98,2705.0,0.0,0.0,106,0.0,0.0,0.0,0.0,0.0,0.0,0.0,0.0,0.0,0.0,0.0,0.0,-3.0,0.0,0.0,-106.0,0.0,0.0,0.0,0.0,3.0,1.0,0.0,1200.0,84.0,52.0,2537.0,2537.0,14.4,7.2,0.0,7.2,23.9,0.0,0.0,15.1,0.0,0.0,4.3,40.3,35.1,0.0,0.0,0.0,0.0,178.0,685.0,173.0,690.0,183.0,696.0,181.0,707.0,0.0,0.0,-26.0,0.0,0.0,23.9,-1.0,4.998,0.0,0.0,1.663,1.843,84.0,51.8,0.0,0.0,25.0,R,0.0,78.8,125.6,0.0,0.0,0.0,0.0,352.4,1265.0,343.4,1274.0,361.4,1284.8,357.8,1304.6,0.0,0.0,125.24,2537.0,353.75,274.95,46.44,0.6569444444444442,25133.947666666652,14.833333333333332,101.68,105.7,392.0,True,2026-09-05 12:08:19-07:00
581.06,2,9,2026-09-05 19:17:59,37.10575,-121.59045,1163.0,106.1,155.3,-12.6,0.0,,0.0,0.0,0.0,2.0,-1.0,144.1,100.8,1104.0,-0.4,0.04,1.1,0.0,-208.0,26,104.9,29.98,2699.0,0.0,0.0,106,0.0,0.0,0.0,0.0,0.0,0.0,0.0,0.0,0.0,0.0,0.0,0.0,-2.0,0.0,0.0,-105.0,0.0,0.0,0.0,0.0,3.0,1.0,0.0,1200.0,84.0,52.0,2544.0,2544.0,14.4,7.2,0.0,7.2,23.9,0.0,0.0,15.1,0.0,0.0,4.4,40.3,35.1,0.0,0.0,0.0,0.0,177.0,686.0,173.0,690.0,182.0,696.0,180.0,707.0,0.0,0.0,-26.0,0.0,0.0,23.9,-1.0,4.998,0.0,0.0,1.663,1.851,83.9,51.9,0.0,0.0,25.0,R,0.0,78.8,125.6,0.0,0.0,0.0,0.0,350.6,1266.8,343.4,1274.0,359.6,1284.8,356.0,1304.6,0.0,0.0,125.41999999999999,2544.0,352.4,273.59999999999997,46.61999999999999,0.6589444444444442,25313.493333333317,14.73611111111111,101.28,105.28,392.0,True,2026-09-05 12:08:19-07:00
582.06,2,9,2026-09-05 19:18:00,37.1053,-121.59019,1161.0,105.5,155.2,-12.6,0.0,,0.0,0.0,0.0,2.3,0.6,144.3,97.9,1102.0,0.6,-0.01,1.1,0.0,-165.0,26,101.8,29.98,2697.0,0.0,0.0,106,0.0,0.0,0.0,0.0,0.0,0.0,0.0,0.0,0.0,0.0,0.0,0.0,-1.0,0.0,0.0,-105.0,0.0,0.0,0.0,0.0,3.0,1.0,0.0,1200.0,84.0,52.0,2528.0,2528.0,14.4,7.2,0.0,7.2,23.9,0.0,0.0,15.1,0.0,0.0,4.5,40.3,35.1,0.0,0.0,0.0,0.0,177.0,685.0,173.0,691.0,182.0,696.0,180.0,707.0,0.0,0.0,-27.0,0.0,0.0,23.9,-1.0,4.998,0.0,0.0,1.663,1.827,84.0,52.0,0.0,0.0,25.0,R,0.0,78.8,125.6,0.0,0.0,0.0,0.0,350.6,1265.0,343.4,1275.8,359.6,1284.8,356.0,1304.6,0.0,0.0,125.6,2528.0,352.4,273.59999999999997,46.8,0.6609444444444442,25491.94266666665,14.652777777777777,98.38000000000001,102.26,392.0,True,2026-09-05 12:08:19-07:00
583.06,2,9,2026-09-05 19:18:01,37.10486,-121.58994,1160.0,105.0,155.1,-12.6,0.0,,0.0,0.0,0.0,2.5,0.6,143.3,98.8,1102.0,0.3,-0.03,1.0,0.0,-108.0,26,102.8,29.98,2696.0,0.0,0.0,106,0.0,0.0,0.0,0.0,0.0,0.0,0.0,0.0,0.0,0.0,0.0,0.0,-2.0,0.0,0.0,-105.0,0.0,0.0,0.0,0.0,3.0,1.0,0.0,1200.0,84.0,52.0,2544.0,2544.0,14.4,7.2,0.0,7.2,23.9,0.0,0.0,15.1,0.0,0.0,4.7,40.3,35.1,0.0,0.0,0.0,0.0,177.0,684.0,173.0,690.0,182.0,697.0,180.0,707.0,0.0,0.0,-26.0,0.0,0.0,23.9,-1.0,4.998,0.0,0.0,1.631,1.812,83.9,52.2,0.0,0.0,25.0,R,0.0,78.8,125.6,0.0,0.0,0.0,0.0,350.6,1263.2,343.4,1274.0,359.6,1286.6,356.0,1304.6,0.0,0.0,125.96000000000001,2544.0,352.4,273.59999999999997,47.16000000000001,0.6629444444444442,25669.46433333332,14.583333333333332,99.28,103.2,392.0,True,2026-09-05 12:08:19-07:00
584.06,2,9,2026-09-05 19:18:02,37.10442,-121.58968,1161.0,104.6,155.3,-12.6,0.0,,0.0,0.0,0.0,2.4,0.0,143.3,97.8,1100.0,-0.2,0.02,0.8,0.0,-103.0,26,101.7,29.98,2694.0,0.0,0.0,106,0.0,0.0,0.0,0.0,0.0,0.0,0.0,0.0,0.0,0.0,0.0,0.0,-2.0,0.0,0.0,-105.0,0.0,0.0,0.0,0.0,3.0,1.0,0.0,1200.0,84.0,53.0,2536.0,2536.0,14.4,7.2,0.0,7.2,23.9,0.0,0.0,15.1,0.0,0.0,4.6,40.3,35.1,0.0,0.0,0.0,0.0,177.0,685.0,172.0,690.0,182.0,697.0,180.0,706.0,0.0,0.0,-26.0,0.0,0.0,23.9,-1.0,4.998,0.0,0.0,1.625,1.82,84.0,52.6,0.0,0.0,25.0,R,0.0,78.8,127.4,0.0,0.0,0.0,0.0,350.6,1265.0,341.6,1274.0,359.6,1286.6,356.0,1302.8,0.0,0.0,126.68,2536.0,351.95000000000005,273.15000000000003,47.88000000000001,0.6649444444444442,25846.226999999984,14.527777777777777,98.28,102.16,392.0,True,2026-09-05 12:08:19-07:00
585.06,2,9,2026-09-05 19:18:03,37.10398,-121.58943,1160.0,104.4,155.6,-12.6,0.0,,0.0,0.0,0.0,2.6,-0.3,142.9,96.3,1100.0,0.3,-0.02,0.9,0.0,-56.0,26,100.2,29.98,2694.0,0.0,0.0,106,0.0,0.0,0.0,0.0,0.0,0.0,0.0,0.0,0.0,0.0,0.0,0.0,-3.0,0.0,0.0,-105.0,0.0,0.0,0.0,0.0,3.0,1.0,0.0,1200.0,84.0,53.0,2534.0,2534.0,14.4,7.2,0.0,7.2,23.9,0.0,0.0,15.1,0.0,0.0,4.3,40.3,35.1,0.0,0.0,0.0,0.0,177.0,684.0,172.0,691.0,182.0,697.0,180.0,706.0,0.0,0.0,-26.0,0.0,0.0,23.9,-1.0,4.998,0.0,0.0,1.642,1.761,84.0,52.6,0.0,0.0,25.0,R,0.0,78.8,127.4,0.0,0.0,0.0,0.0,350.6,1263.2,341.6,1275.8,359.6,1286.6,356.0,1302.8,0.0,0.0,126.68,2534.0,351.95000000000005,273.15000000000003,47.88000000000001,0.6669444444444442,26022.483666666652,14.5,96.78,100.6,392.0,True,2026-09-05 12:08:19-07:00
586.06,2,9,2026-09-05 19:18:04,37.10354,-121.58918,1158.0,104.1,155.5,-12.6,0.0,,0.0,0.0,0.0,3.0,-0.8,142.2,94.8,1100.0,-0.3,0.01,1.0,0.0,-58.0,26,98.6,29.98,2694.0,0.0,0.0,106,0.0,0.0,0.0,0.0,0.0,0.0,0.0,0.0,0.0,0.0,0.0,0.0,-3.0,0.0,0.0,-105.0,0.0,0.0,0.0,0.0,3.0,1.0,0.0,1200.0,84.0,53.0,2530.0,2530.0,14.4,7.2,0.0,7.2,23.9,0.0,0.0,15.1,0.0,0.0,4.4,40.3,35.1,0.0,0.0,0.0,0.0,176.0,683.0,172.0,690.0,181.0,696.0,180.0,705.0,0.0,0.0,-26.0,0.0,0.0,23.9,-1.0,4.998,0.0,0.0,1.65,1.744,84.2,52.6,0.0,0.0,25.0,R,0.0,78.8,127.4,0.0,0.0,0.0,0.0,348.8,1261.4,341.6,1274.0,357.8,1284.8,356.0,1301.0,0.0,0.0,126.68,2530.0,351.05,272.25,47.88000000000001,0.6689444444444442,26198.31866666665,14.458333333333332,95.28,99.04,392.0,True,2026-09-05 12:08:19-07:00
587.06,2,9,2026-09-05 19:18:05,37.1031,-121.58893,1155.0,104.3,155.1,-12.6,0.0,,0.0,0.0,0.0,3.1,-0.8,142.7,95.4,1097.0,0.4,-0.02,1.1,0.0,-108.0,26,99.2,29.98,2690.0,0.0,0.0,106,0.0,0.0,0.0,0.0,0.0,0.0,0.0,0.0,0.0,0.0,0.0,0.0,-3.0,0.0,0.0,-105.0,0.0,0.0,0.0,0.0,3.0,1.0,0.0,1200.0,84.0,53.0,2535.0,2535.0,14.4,7.2,0.0,7.2,23.9,0.0,0.0,15.1,0.0,0.0,4.5,40.3,35.1,0.0,0.0,0.0,0.0,176.0,684.0,172.0,690.0,181.0,696.0,179.0,706.0,0.0,0.0,-24.0,0.0,0.0,23.9,-1.0,4.998,0.0,0.0,1.622,1.776,84.0,52.7,0.0,0.0,25.0,R,0.0,78.8,127.4,0.0,0.0,0.0,0.0,348.8,1263.2,341.6,1274.0,357.8,1284.8,354.2,1302.8,0.0,0.0,126.86,2535.0,350.59999999999997,271.79999999999995,48.06,0.6709444444444442,26374.06933333332,14.48611111111111,95.88000000000001,99.66,392.0,True,2026-09-05 12:08:19-07:00
588.06,2,9,2026-09-05 19:18:06,37.10266,-121.58867,1152.0,104.1,155.0,-12.6,0.0,,0.0,0.0,0.0,3.2,-0.4,142.0,98.6,1093.0,-0.2,0.01,1.2,0.0,-155.0,26,102.6,29.98,2677.0,0.0,0.0,106,0.0,0.0,0.0,0.0,0.0,0.0,0.0,0.0,0.0,0.0,0.0,0.0,-2.0,0.0,0.0,-105.0,0.0,0.0,0.0,0.0,3.0,1.0,0.0,1200.0,84.0,53.0,2554.0,2554.0,14.4,7.2,0.0,7.2,23.9,0.0,0.0,15.1,0.0,0.0,4.7,40.3,35.1,0.0,0.0,0.0,0.0,176.0,683.0,172.0,690.0,181.0,695.0,179.0,707.0,0.0,0.0,-24.0,0.0,0.0,23.9,-1.0,4.998,0.0,0.0,1.641,1.836,84.0,52.9,0.0,0.0,26.0,R,0.0,78.8,127.4,0.0,0.0,0.0,0.0,348.8,1261.4,341.6,1274.0,357.8,1283.0,354.2,1304.6,0.0,0.0,127.22,2554.0,350.59999999999997,271.79999999999995,48.42,0.6729444444444442,26549.819999999985,14.458333333333332,99.08,102.97,392.0,True,2026-09-05 12:08:19-07:00
589.06,2,9,2026-09-05 19:18:07,37.10223,-121.58842,1149.0,103.9,154.8,-12.6,0.0,,0.0,0.0,0.0,3.3,-0.8,142.5,97.8,1089.0,0.3,-0.02,1.1,0.0,-173.0,26,101.8,29.98,2671.0,0.0,0.0,106,0.0,0.0,0.0,0.0,0.0,0.0,0.0,0.0,0.0,0.0,0.0,0.0,0.0,0.0,0.0,-105.0,0.0,0.0,0.0,0.0,3.0,1.0,0.0,1200.0,84.0,53.0,2547.0,2547.0,14.3,7.2,0.0,7.2,23.9,0.0,0.0,15.1,0.0,0.0,4.6,40.3,35.1,0.0,0.0,0.0,0.0,176.0,684.0,172.0,690.0,181.0,695.0,179.0,707.0,0.0,0.0,-22.0,0.0,0.0,23.9,-1.0,4.998,0.0,0.0,1.664,1.881,83.6,53.3,0.0,0.0,25.0,R,0.0,78.8,127.4,0.0,0.0,0.0,0.0,348.8,1263.2,341.6,1274.0,357.8,1283.0,354.2,1304.6,0.0,0.0,127.94,2547.0,350.59999999999997,271.79999999999995,49.14,0.6749444444444442,26725.23333333332,14.430555555555555,98.28,102.14,392.0,True,2026-09-05 12:08:19-07:00
590.06,2,9,2026-09-05 19:18:08,37.10179,-121.58816,1147.0,103.6,154.8,-12.6,0.0,,0.0,0.0,0.0,3.4,-0.3,141.8,97.3,1088.0,-0.2,0.01,1.0,0.0,-131.0,26,101.2,29.98,2670.0,0.0,0.0,106,0.0,0.0,0.0,0.0,0.0,0.0,0.0,0.0,0.0,0.0,0.0,0.0,-1.0,0.0,0.0,-105.0,0.0,0.0,0.0,0.0,3.0,1.0,0.0,1200.0,84.0,53.0,2535.0,2535.0,14.3,7.2,0.0,7.2,23.9,0.0,0.0,15.1,0.0,0.0,4.3,40.3,35.1,0.0,0.0,0.0,0.0,176.0,684.0,171.0,689.0,181.0,695.0,178.0,708.0,0.0,0.0,-22.0,0.0,0.0,23.9,-1.0,4.998,0.0,0.0,1.642,1.866,83.8,53.3,0.0,0.0,25.0,R,0.0,78.8,127.4,0.0,0.0,0.0,0.0,348.8,1263.2,339.8,1272.2,357.8,1283.0,352.4,1306.4,0.0,0.0,127.94,2535.0,349.7,270.9,49.14,0.6769444444444442,26900.224999999988,14.388888888888888,97.78,101.61,392.0,True,2026-09-05 12:08:19-07:00
591.06,2,9,2026-09-05 19:18:09,37.10136,-121.58791,1147.0,103.1,154.6,-12.6,0.0,,0.0,0.0,0.0,3.3,-0.8,141.8,97.3,1087.0,-0.1,-0.02,0.9,0.0,-108.0,26,101.2,29.98,2668.0,0.0,0.0,106,0.0,0.0,0.0,0.0,0.0,0.0,0.0,0.0,0.0,0.0,0.0,0.0,-1.0,0.0,0.0,-105.0,0.0,0.0,0.0,0.0,3.0,1.0,0.0,1200.0,84.0,53.0,2536.0,2536.0,14.4,7.2,0.0,7.2,23.9,0.0,0.0,15.1,0.0,0.0,4.3,40.3,35.1,0.0,0.0,0.0,0.0,175.0,685.0,171.0,689.0,180.0,695.0,178.0,708.0,0.0,0.0,-22.0,0.0,0.0,23.9,-1.0,4.998,0.0,0.0,1.625,1.844,83.8,53.3,0.0,0.0,25.0,R,0.0,78.8,127.4,0.0,0.0,0.0,0.0,347.0,1265.0,339.8,1272.2,356.0,1283.0,352.4,1306.4,0.0,0.0,127.94,2536.0,348.8,270.0,49.14,0.6789444444444442,27074.541999999987,14.319444444444443,97.78,101.61,392.0,True,2026-09-05 12:08:19-07:00
592.06,2,9,2026-09-05 19:18:10,37.10093,-121.58765,1146.0,102.7,154.5,-12.6,0.0,,0.0,0.0,0.0,3.1,-0.4,142.0,96.8,1087.0,-0.0,-0.0,1.0,0.0,-69.0,26,100.7,29.98,2668.0,0.0,0.0,106,0.0,0.0,0.0,0.0,0.0,0.0,0.0,0.0,0.0,0.0,0.0,0.0,-1.0,0.0,0.0,-105.0,0.0,0.0,0.0,0.0,3.0,1.0,0.0,1200.0,84.0,53.0,2536.0,2536.0,14.3,7.2,0.0,7.2,23.9,0.0,0.0,15.1,0.0,0.0,4.4,40.3,35.1,0.0,0.0,0.0,0.0,175.0,685.0,171.0,689.0,180.0,696.0,178.0,708.0,0.0,0.0,-22.0,0.0,0.0,23.9,-1.0,4.998,0.0,0.0,1.581,1.87,83.9,53.4,0.0,0.0,25.0,R,0.0,78.8,127.4,0.0,0.0,0.0,0.0,347.0,1265.0,339.8,1272.2,356.0,1284.8,352.4,1306.4,0.0,0.0,128.12,2536.0,348.8,270.0,49.32000000000001,0.6809444444444442,27248.099999999988,14.26388888888889,97.28,101.09,392.0,True,2026-09-05 12:08:19-07:00
593.06,2,9,2026-09-05 19:18:11,37.1005,-121.5874,1145.0,102.2,154.7,-12.6,0.0,,0.0,0.0,0.0,3.1,0.8,142.1,95.8,1086.0,0.2,-0.0,1.0,0.0,-68.0,26,99.6,29.98,2667.0,0.0,0.0,106,0.0,0.0,0.0,0.0,0.0,0.0,0.0,0.0,0.0,0.0,0.0,0.0,-2.0,0.0,0.0,-105.0,0.0,0.0,0.0,0.0,3.0,1.0,0.0,1200.0,84.0,54.0,2537.0,2537.0,14.4,7.2,0.0,7.2,23.9,0.0,0.0,15.1,0.0,0.0,4.6,40.3,35.1,0.0,0.0,0.0,0.0,175.0,684.0,171.0,689.0,180.0,696.0,178.0,708.0,0.0,0.0,-22.0,0.0,0.0,23.9,-1.0,4.998,0.0,0.0,1.624,1.902,83.8,53.6,0.0,0.0,25.0,R,0.0,78.8,129.2,0.0,0.0,0.0,0.0,347.0,1263.2,339.8,1272.2,356.0,1284.8,352.4,1306.4,0.0,0.0,128.48000000000002,2537.0,348.8,270.0,49.68000000000002,0.6829444444444442,27420.898999999987,14.194444444444445,96.28,100.05,392.0,True,2026-09-05 12:08:19-07:00
594.06,2,9,2026-09-05 19:18:12,37.10007,-121.58714,1143.0,101.9,154.4,-12.6,0.0,,0.0,0.0,0.0,3.0,-1.0,143.1,95.4,1084.0,0.7,-0.01,0.9,0.0,-81.0,26,99.2,29.98,2665.0,0.0,0.0,106,0.0,0.0,0.0,0.0,0.0,0.0,0.0,0.0,0.0,0.0,0.0,0.0,-1.0,0.0,0.0,-105.0,0.0,0.0,0.0,0.0,3.0,1.0,0.0,1200.0,84.0,54.0,2531.0,2531.0,14.4,7.2,0.0,7.2,23.9,0.0,0.0,15.1,0.0,0.0,4.6,40.3,35.1,0.0,0.0,0.0,0.0,175.0,684.0,171.0,689.0,180.0,696.0,178.0,708.0,0.0,0.0,-22.0,0.0,0.0,23.9,-1.0,4.998,0.0,0.0,1.625,1.898,84.0,53.9,0.0,0.0,25.0,R,0.0,78.8,129.2,0.0,0.0,0.0,0.0,347.0,1263.2,339.8,1272.2,356.0,1284.8,352.4,1306.4,0.0,0.0,129.01999999999998,2531.0,348.8,270.0,50.219999999999985,0.6849444444444442,27593.02333333332,14.152777777777779,95.88000000000001,99.63,392.0,True,2026-09-05 12:08:19-07:00
595.06,2,9,2026-09-05 19:18:13,37.09965,-121.58689,1139.0,101.5,154.4,-12.6,0.0,,0.0,0.0,0.0,3.0,-3.2,141.4,96.4,1083.0,-0.5,0.01,1.1,0.0,-105.0,26,100.3,29.98,2654.0,0.0,0.0,106,0.0,0.0,0.0,0.0,0.0,0.0,0.0,0.0,0.0,0.0,0.0,0.0,1.0,0.0,0.0,-105.0,0.0,0.0,0.0,0.0,3.0,1.0,0.0,1200.0,84.0,54.0,2553.0,2553.0,14.4,7.2,0.0,7.2,23.9,0.0,0.0,15.1,0.0,0.0,4.3,40.3,35.1,0.0,0.0,0.0,0.0,175.0,684.0,170.0,689.0,180.0,697.0,177.0,708.0,0.0,0.0,-22.0,0.0,0.0,23.9,-1.0,4.998,0.0,0.0,1.613,1.876,83.9,54.0,0.0,0.0,25.0,R,0.0,78.8,129.2,0.0,0.0,0.0,0.0,347.0,1263.2,338.0,1272.2,356.0,1286.6,350.6,1306.4,0.0,0.0,129.2,2553.0,347.9,269.09999999999997,50.39999999999999,0.6869444444444442,27764.55733333332,14.097222222222221,96.88000000000001,100.67,392.0,True,2026-09-05 12:08:19-07:00
596.06,2,9,2026-09-05 19:18:14,37.09922,-121.58663,1137.0,101.3,153.6,-12.6,0.0,,0.0,0.0,0.0,2.7,1.1,141.6,95.6,1081.0,-0.2,0.01,1.0,0.0,-96.0,26,99.4,29.98,2650.0,0.0,0.0,106,0.0,0.0,0.0,0.0,0.0,0.0,0.0,0.0,0.0,0.0,0.0,0.0,0.0,0.0,0.0,-105.0,0.0,0.0,0.0,0.0,3.0,1.0,0.0,1200.0,84.0,54.0,2537.0,2537.0,14.3,7.2,0.0,7.2,24.0,0.0,0.0,15.1,0.0,0.0,4.3,40.3,35.1,0.0,0.0,0.0,0.0,174.0,684.0,171.0,688.0,180.0,697.0,177.0,708.0,0.0,0.0,-22.0,0.0,0.0,24.0,-1.0,4.998,0.0,0.0,1.641,1.902,83.8,54.0,0.0,0.0,25.0,R,0.0,78.8,129.2,0.0,0.0,0.0,0.0,345.2,1263.2,339.8,1270.4,356.0,1286.6,350.6,1306.4,0.0,0.0,129.2,2537.0,347.90000000000003,269.1,50.39999999999999,0.6889444444444442,27935.585333333318,14.069444444444443,96.08,99.83,392.0,True,2026-09-05 12:08:19-07:00
597.06,1,9,2026-09-05 19:18:15,37.0988,-121.58637,1132.0,101.0,153.5,-12.6,0.0,,0.0,0.0,0.0,2.6,0.3,141.9,95.0,1078.0,0.1,0.01,0.9,0.0,-132.0,26,98.7,29.98,2646.0,0.0,0.0,106,0.0,0.0,0.0,0.0,0.0,0.0,0.0,0.0,0.0,0.0,0.0,0.0,0.0,0.0,0.0,-105.0,0.0,0.0,0.0,0.0,3.0,1.0,0.0,1200.0,84.0,54.0,2534.0,2534.0,14.4,7.2,0.0,7.2,24.0,0.0,0.0,15.1,0.0,0.0,4.4,40.3,35.1,0.0,0.0,0.0,0.0,174.0,684.0,170.0,688.0,179.0,697.0,177.0,708.0,0.0,0.0,-22.0,0.0,0.0,24.0,-1.0,4.998,0.0,0.0,1.584,1.925,83.8,54.1,0.0,0.0,25.0,R,0.0,78.8,129.2,0.0,0.0,0.0,0.0,345.2,1263.2,338.0,1270.4,354.2,1286.6,350.6,1306.4,0.0,0.0,129.38,2534.0,347.0,268.2,50.58,0.6909444444444443,28106.19166666665,14.027777777777777,95.48,99.21,392.0,True,2026-09-05 12:08:19-07:00
598.06,2,9,2026-09-05 19:18:16,37.09839,-121.58611,1126.0,100.8,153.6,-12.6,0.0,,0.0,0.0,0.0,2.8,1.1,141.5,93.2,1072.0,-0.1,0.01,1.1,0.0,-218.0,26,96.9,29.98,2639.0,0.0,0.0,106,0.0,0.0,0.0,0.0,0.0,0.0,0.0,0.0,0.0,0.0,0.0,0.0,-1.0,0.0,0.0,-105.0,0.0,0.0,0.0,0.0,3.0,1.0,0.0,1200.0,84.0,54.0,2538.0,2538.0,14.4,7.2,0.0,7.2,24.0,0.0,0.0,15.1,0.0,0.0,4.6,40.3,35.1,0.0,0.0,0.0,0.0,174.0,684.0,170.0,688.0,179.0,697.0,177.0,708.0,0.0,0.0,-22.0,0.0,0.0,24.0,-1.0,4.998,0.0,0.0,1.615,1.902,83.7,54.2,0.0,0.0,25.0,R,0.0,78.8,129.2,0.0,0.0,0.0,0.0,345.2,1263.2,338.0,1270.4,354.2,1286.6,350.6,1306.4,0.0,0.0,129.56,2538.0,347.0,268.2,50.760000000000005,0.6929444444444443,28276.37633333332,14.0,93.68,97.33,392.0,True,2026-09-05 12:08:19-07:00
599.06,2,9,2026-09-05 19:18:17,37.09797,-121.58585,1119.0,100.8,153.5,-12.6,0.0,,0.0,0.0,0.0,2.6,2.0,142.2,94.0,1065.0,0.4,0.01,0.9,0.0,-311.0,26,97.7,29.98,2630.0,0.0,0.0,106,0.0,0.0,0.0,0.0,0.0,0.0,0.0,0.0,0.0,0.0,0.0,0.0,-2.0,0.0,0.0,-105.0,0.0,0.0,0.0,0.0,3.0,1.0,0.0,1200.0,84.0,55.0,2540.0,2540.0,14.4,7.2,0.0,7.2,24.0,0.0,0.0,15.1,0.0,0.0,4.6,40.3,35.1,0.0,0.0,0.0,0.0,174.0,684.0,170.0,689.0,179.0,696.0,177.0,708.0,0.0,0.0,-22.0,0.0,0.0,24.0,-1.0,4.998,0.0,0.0,1.611,1.879,83.7,54.5,0.0,0.0,25.0,R,0.0,78.8,131.0,0.0,0.0,0.0,0.0,345.2,1263.2,338.0,1272.2,354.2,1284.8,350.6,1306.4,0.0,0.0,130.1,2540.0,347.0,268.2,51.3,0.6949444444444443,28446.39233333332,14.0,94.48,98.14,392.0,True,2026-09-05 12:08:19-07:00
600.06,2,9,2026-09-05 19:18:18,37.09755,-121.58559,1111.0,100.8,153.8,-12.6,0.0,,0.0,0.0,0.0,2.7,0.7,141.5,93.1,1059.0,-0.1,-0.01,1.0,0.0,-321.0,26,96.7,29.98,2623.0,0.0,0.0,106,0.0,0.0,0.0,0.0,0.0,0.0,0.0,0.0,0.0,0.0,0.0,0.0,-2.0,0.0,0.0,-104.0,0.0,0.0,0.0,0.0,3.0,1.0,0.0,1200.0,84.0,55.0,2532.0,2532.0,14.4,7.2,0.0,7.2,23.9,0.0,0.0,15.1,0.0,0.0,4.4,40.3,35.1,0.0,0.0,0.0,0.0,174.0,683.0,170.0,689.0,179.0,696.0,177.0,708.0,0.0,0.0,-22.0,0.0,0.0,23.9,-1.0,4.998,0.0,0.0,1.566,1.838,83.8,54.7,0.0,0.0,25.0,R,0.0,78.8,131.0,0.0,0.0,0.0,0.0,345.2,1261.4,338.0,1272.2,354.2,1284.8,350.6,1306.4,0.0,0.0,130.46,2532.0,347.0,268.2,51.66000000000001,0.6969444444444441,28616.40833333332,14.0,93.58,97.2,392.0,True,2026-09-05 12:08:19-07:00
601.06,2,9,2026-09-05 19:18:19,37.09714,-121.58533,1105.0,100.7,153.6,-12.6,0.0,,0.0,0.0,0.0,3.3,0.7,141.5,94.5,1050.0,-0.1,0.01,1.1,0.0,-420.0,26,98.2,29.98,2612.0,0.0,0.0,106,0.0,0.0,0.0,0.0,0.0,0.0,0.0,0.0,0.0,0.0,0.0,0.0,0.0,0.0,0.0,-104.0,0.0,0.0,0.0,0.0,3.0,1.0,0.0,1200.0,84.0,55.0,2542.0,2542.0,14.4,7.1,0.0,7.1,23.9,0.0,0.0,15.1,0.0,0.0,4.3,40.3,35.1,0.0,0.0,0.0,0.0,174.0,683.0,170.0,688.0,179.0,697.0,176.0,708.0,0.0,0.0,-22.0,0.0,0.0,23.9,-1.0,4.998,0.0,0.0,1.47,1.873,83.9,54.6,0.0,0.0,25.0,R,0.0,78.8,131.0,0.0,0.0,0.0,0.0,345.2,1261.4,338.0,1270.4,354.2,1286.6,348.8,1306.4,0.0,0.0,130.28,2542.0,346.55,267.75,51.480000000000004,0.6989305555555553,28786.339999999986,14.183098591549298,94.98,98.64,392.0,True,2026-09-05 12:08:19-07:00
602.06,2,9,2026-09-05 19:18:20,37.09672,-121.58507,1097.0,100.4,153.9,-12.6,0.0,,0.0,0.0,0.0,3.7,0.3,140.8,93.6,1042.0,-0.4,-0.0,1.2,0.0,-414.0,26,97.3,29.98,2603.0,0.0,0.0,106,0.0,0.0,0.0,0.0,0.0,0.0,0.0,0.0,0.0,0.0,0.0,0.0,-1.0,0.0,0.0,-104.0,0.0,0.0,0.0,0.0,3.0,1.0,0.0,1200.0,84.0,55.0,2533.0,2533.0,14.4,7.1,0.0,7.1,23.9,0.0,0.0,15.1,0.0,0.0,4.5,40.3,35.1,0.0,0.0,0.0,0.0,174.0,683.0,170.0,688.0,179.0,697.0,176.0,708.0,0.0,0.0,-22.0,0.0,0.0,23.9,-1.0,4.998,0.0,0.0,1.534,1.835,83.9,54.7,0.0,0.0,25.0,R,0.0,78.8,131.0,0.0,0.0,0.0,0.0,345.2,1261.4,338.0,1270.4,354.2,1286.6,348.8,1306.4,0.0,0.0,130.46,2533.0,346.55,267.75,51.66000000000001,0.7009027777777775,28955.93433333332,14.140845070422536,94.08,97.69,392.0,True,2026-09-05 12:08:19-07:00
603.06,2,9,2026-09-05 19:18:21,37.09631,-121.58482,1094.0,99.8,153.6,-12.6,0.0,,0.0,0.0,0.0,4.2,-0.0,141.4,92.8,1037.0,-0.4,0.01,1.1,0.0,-391.0,26,96.4,29.98,2596.0,0.0,0.0,106,0.0,0.0,0.0,0.0,0.0,0.0,0.0,0.0,0.0,0.0,0.0,0.0,1.0,0.0,0.0,-104.0,0.0,0.0,0.0,0.0,3.0,1.0,0.0,1200.0,84.0,55.0,2532.0,2532.0,14.4,7.1,0.0,7.1,23.9,0.0,0.0,15.1,0.0,0.0,4.5,40.3,35.1,0.0,0.0,0.0,0.0,173.0,684.0,170.0,688.0,178.0,697.0,176.0,708.0,0.0,0.0,-22.0,0.0,0.0,23.9,-1.0,4.998,0.0,0.0,1.565,1.838,84.1,54.8,0.0,0.0,25.0,R,0.0,78.8,131.0,0.0,0.0,0.0,0.0,343.4,1263.2,338.0,1270.4,352.4,1286.6,348.8,1306.4,0.0,0.0,130.64,2532.0,345.65,266.84999999999997,51.83999999999999,0.7028749999999998,29124.769666666652,14.056338028169014,93.28,96.85,392.0,True,2026-09-05 12:08:19-07:00
604.06,2,9,2026-09-05 19:18:22,37.09589,-121.58456,1091.0,99.1,153.7,-12.6,0.0,,0.0,0.0,0.0,4.3,2.6,142.4,92.1,1033.0,0.5,0.0,1.0,0.0,-331.0,26,95.7,29.98,2581.0,0.0,0.0,106,0.0,0.0,0.0,0.0,0.0,0.0,0.0,0.0,0.0,0.0,0.0,0.0,-1.0,0.0,0.0,-104.0,0.0,0.0,0.0,0.0,3.0,1.0,0.0,1200.0,84.0,55.0,2533.0,2533.0,14.4,7.1,0.0,7.1,23.9,0.0,0.0,15.1,0.0,0.0,4.6,40.3,35.1,0.0,0.0,0.0,0.0,173.0,684.0,169.0,689.0,178.0,697.0,176.0,708.0,0.0,0.0,-22.0,0.0,0.0,23.9,-1.0,4.998,0.0,0.0,1.576,1.84,84.0,55.1,0.0,0.0,25.0,R,0.0,78.8,131.0,0.0,0.0,0.0,0.0,343.4,1263.2,336.2,1272.2,352.4,1286.6,348.8,1306.4,0.0,0.0,131.18,2533.0,345.20000000000005,266.40000000000003,52.38000000000001,0.704847222222222,29292.508666666654,13.95774647887324,92.58,96.11,392.0,True,2026-09-05 12:08:19-07:00
605.06,2,9,2026-09-05 19:18:23,37.09548,-121.58431,1090.0,98.4,153.9,-12.6,0.0,,0.0,0.0,0.0,4.4,-0.1,142.4,91.3,1031.0,0.4,-0.0,1.1,0.0,-227.0,26,94.9,29.98,2578.0,0.0,0.0,106,0.0,0.0,0.0,0.0,0.0,0.0,0.0,0.0,0.0,0.0,0.0,0.0,2.0,0.0,0.0,-104.0,0.0,0.0,0.0,0.0,3.0,1.0,0.0,1200.0,84.0,55.0,2532.0,2532.0,14.4,7.1,0.0,7.1,23.9,0.0,0.0,15.1,0.0,0.0,4.4,40.3,35.1,0.0,0.0,0.0,0.0,173.0,684.0,169.0,689.0,178.0,697.0,176.0,708.0,0.0,0.0,-22.0,0.0,0.0,23.9,-1.0,4.998,0.0,0.0,1.525,1.876,84.0,55.2,0.0,0.0,25.0,R,0.0,78.8,131.0,0.0,0.0,0.0,0.0,343.4,1263.2,336.2,1272.2,352.4,1286.6,348.8,1306.4,0.0,0.0,131.36,2532.0,345.20000000000005,266.40000000000003,52.56000000000002,0.7068194444444442,29459.066999999985,13.859154929577466,91.78,95.28,392.0,True,2026-09-05 12:08:19-07:00
606.06,2,9,2026-09-05 19:18:24,37.09507,-121.58406,1090.0,97.8,154.1,-12.6,0.0,,0.0,0.0,0.0,4.5,1.1,141.5,90.1,1031.0,-0.3,0.02,1.0,0.0,-121.0,26,93.6,29.98,2578.0,0.0,0.0,106,0.0,0.0,0.0,0.0,0.0,0.0,0.0,0.0,0.0,0.0,0.0,0.0,0.0,0.0,0.0,-104.0,0.0,0.0,0.0,0.0,3.0,1.0,0.0,1200.0,84.0,55.0,2530.0,2530.0,14.4,7.1,0.0,7.1,23.9,0.0,0.0,15.1,0.0,0.0,4.3,40.3,35.1,0.0,0.0,0.0,0.0,173.0,685.0,169.0,689.0,178.0,697.0,175.0,707.0,0.0,0.0,-22.0,0.0,0.0,23.9,-1.0,4.998,0.0,0.0,1.525,1.838,83.8,55.1,0.0,0.0,25.0,R,0.0,78.8,131.0,0.0,0.0,0.0,0.0,343.4,1265.0,336.2,1272.2,352.4,1286.6,347.0,1304.6,0.0,0.0,131.18,2530.0,344.75,265.95,52.38000000000001,0.7087916666666664,29624.528999999984,13.774647887323944,90.58,94.03,392.0,True,2026-09-05 12:08:19-07:00
607.06,2,9,2026-09-05 19:18:25,37.09467,-121.58382,1090.0,97.2,153.9,-12.6,0.0,,0.0,0.0,0.0,4.6,-0.4,141.2,89.2,1031.0,-0.2,-0.02,1.0,0.0,-79.0,26,92.7,29.98,2578.0,0.0,0.0,106,0.0,0.0,0.0,0.0,0.0,0.0,0.0,0.0,0.0,0.0,0.0,0.0,4.0,0.0,0.0,-104.0,0.0,0.0,0.0,0.0,3.0,1.0,0.0,1200.0,84.0,55.0,2535.0,2535.0,14.4,7.1,0.0,7.1,23.9,0.0,0.0,15.1,0.0,0.0,4.4,40.3,35.1,0.0,0.0,0.0,0.0,173.0,685.0,169.0,688.0,178.0,697.0,175.0,708.0,0.0,0.0,-22.0,0.0,0.0,23.9,-1.0,4.998,0.0,0.0,1.525,1.853,83.8,55.2,0.0,0.0,25.0,R,0.0,78.8,131.0,0.0,0.0,0.0,0.0,343.4,1265.0,336.2,1270.4,352.4,1286.6,347.0,1306.4,0.0,0.0,131.36,2535.0,344.75,265.95,52.56000000000002,0.7107638888888886,29788.978999999985,13.690140845070424,89.68,93.1,392.0,True,2026-09-05 12:08:19-07:00
608.06,2,9,2026-09-05 19:18:26,37.09426,-121.58356,1090.0,96.7,154.0,-12.6,0.0,,0.0,0.0,0.0,4.7,2.2,139.6,89.7,1031.0,-1.1,0.05,1.0,0.0,-84.0,26,93.1,29.98,2569.0,0.0,0.0,106,0.0,0.0,0.0,0.0,0.0,0.0,0.0,0.0,0.0,0.0,0.0,0.0,0.0,0.0,0.0,-104.0,0.0,0.0,0.0,0.0,3.0,1.0,0.0,1200.0,84.0,55.0,2538.0,2538.0,14.4,7.1,0.0,7.1,23.9,0.0,0.0,15.1,0.0,0.0,4.5,40.3,35.1,0.0,0.0,0.0,0.0,172.0,685.0,169.0,688.0,178.0,697.0,175.0,708.0,0.0,0.0,-22.0,0.0,0.0,23.9,-1.0,4.998,0.0,0.0,1.525,1.847,83.7,55.3,0.0,0.0,25.0,R,0.0,78.8,131.0,0.0,0.0,0.0,0.0,341.6,1265.0,336.2,1270.4,352.4,1286.6,347.0,1306.4,0.0,0.0,131.54,2538.0,344.29999999999995,265.49999999999994,52.739999999999995,0.7127361111111109,29952.50133333332,13.619718309859156,90.18,93.62,392.0,True,2026-09-05 12:08:19-07:00
609.06,2,9,2026-09-05 19:18:27,37.09386,-121.58332,1090.0,96.2,154.1,-12.6,0.0,,0.0,0.0,0.0,4.4,1.8,141.3,89.0,1030.0,0.5,-0.01,1.0,0.0,-55.0,26,92.5,29.98,2569.0,0.0,0.0,106,0.0,0.0,0.0,0.0,0.0,0.0,0.0,0.0,0.0,0.0,0.0,0.0,1.0,0.0,0.0,-104.0,0.0,0.0,0.0,0.0,3.0,1.0,0.0,1200.0,84.0,56.0,2533.0,2533.0,14.4,7.1,0.0,7.1,23.9,0.0,0.0,15.1,0.0,0.0,4.6,40.3,35.1,0.0,0.0,0.0,0.0,172.0,685.0,169.0,688.0,177.0,697.0,175.0,708.0,0.0,0.0,-22.0,0.0,0.0,23.9,-1.0,4.998,0.0,0.0,1.525,1.893,84.3,55.6,0.0,0.0,25.0,R,0.0,78.8,132.8,0.0,0.0,0.0,0.0,341.6,1265.0,336.2,1270.4,350.6,1286.6,347.0,1306.4,0.0,0.0,132.08,2533.0,343.85,265.05,53.280000000000015,0.7147083333333331,30115.18033333332,13.549295774647888,89.48,92.89,392.0,True,2026-09-05 12:08:19-07:00
610.06,2,9,2026-09-05 19:18:28,37.09346,-121.58308,1090.0,95.7,154.4,-12.6,0.0,,0.0,0.0,0.0,4.7,2.2,141.5,89.5,1030.0,0.4,0.02,1.1,0.0,-45.0,26,92.9,29.98,2569.0,0.0,0.0,106,0.0,0.0,0.0,0.0,0.0,0.0,0.0,0.0,0.0,0.0,0.0,0.0,0.0,0.0,0.0,-104.0,0.0,0.0,0.0,0.0,3.0,1.0,0.0,1200.0,84.0,56.0,2537.0,2537.0,14.4,7.1,0.0,7.1,23.9,0.0,0.0,15.1,0.0,0.0,4.4,40.3,35.1,0.0,0.0,0.0,0.0,172.0,685.0,169.0,688.0,177.0,697.0,175.0,708.0,0.0,0.0,-22.0,0.0,0.0,23.9,-1.0,4.998,0.0,0.0,1.525,1.863,84.1,55.8,0.0,0.0,25.0,R,0.0,78.8,132.8,0.0,0.0,0.0,0.0,341.6,1265.0,336.2,1270.4,350.6,1286.6,347.0,1306.4,0.0,0.0,132.44,2537.0,343.85,265.05,53.64,0.7166805555555553,30277.015999999985,13.47887323943662,89.98,93.41,392.0,True,2026-09-05 12:08:19-07:00
611.06,2,9,2026-09-05 19:18:29,37.09306,-121.58284,1088.0,95.1,154.6,-12.6,0.0,,0.0,0.0,0.0,4.9,2.1,141.9,88.0,1029.0,0.5,-0.0,1.0,0.0,-69.0,26,91.4,29.98,2566.0,0.0,0.0,106,0.0,0.0,0.0,0.0,0.0,0.0,0.0,0.0,0.0,0.0,0.0,0.0,0.0,0.0,0.0,-104.0,0.0,0.0,0.0,0.0,3.0,1.0,0.0,1200.0,84.0,56.0,2531.0,2531.0,14.4,7.1,0.0,7.1,23.9,0.0,0.0,15.1,0.0,0.0,4.3,40.3,35.1,0.0,0.0,0.0,0.0,172.0,684.0,169.0,690.0,177.0,697.0,175.0,709.0,0.0,0.0,-22.0,0.0,0.0,23.9,2.0,4.998,0.0,0.0,1.523,1.884,83.9,55.7,0.0,0.0,25.0,R,0.0,78.8,132.8,0.0,0.0,0.0,0.0,341.6,1263.2,336.2,1274.0,350.6,1286.6,347.0,1308.2,0.0,0.0,132.26,2531.0,343.85,265.05,53.459999999999994,0.7186527777777776,30437.923999999985,13.394366197183098,88.48,91.85,392.0,True,2026-09-05 12:08:19-07:00
612.06,2,9,2026-09-05 19:18:30,37.09266,-121.58261,1087.0,94.5,154.8,-12.6,0.0,,0.0,0.0,0.0,4.7,1.7,141.8,88.0,1029.0,0.1,0.02,1.0,0.0,-25.0,26,91.4,29.98,2566.0,0.0,0.0,106,0.0,0.0,0.0,0.0,0.0,0.0,0.0,0.0,0.0,0.0,0.0,0.0,-1.0,0.0,0.0,-104.0,0.0,0.0,0.0,0.0,3.0,1.0,0.0,1200.0,84.0,56.0,2536.0,2536.0,14.4,7.1,0.0,7.1,23.9,0.0,0.0,15.1,0.0,0.0,4.4,40.3,35.1,0.0,0.0,0.0,0.0,172.0,685.0,169.0,690.0,177.0,698.0,175.0,709.0,0.0,0.0,-22.0,0.0,0.0,23.9,2.0,4.998,0.0,0.0,1.525,1.89,84.2,55.8,0.0,0.0,25.0,R,0.0,78.8,132.8,0.0,0.0,0.0,0.0,341.6,1265.0,336.2,1274.0,350.6,1288.4,347.0,1308.2,0.0,0.0,132.44,2536.0,343.85,265.05,53.64,0.7206249999999997,30597.819999999985,13.309859154929578,88.48,91.85,392.0,True,2026-09-05 12:08:19-07:00
613.06,1,9,2026-09-05 19:18:31,37.09225,-121.58238,1090.0,94.1,155.0,-12.6,0.0,,0.0,0.0,0.0,4.3,2.4,142.2,87.6,1029.0,0.5,0.01,1.0,0.0,-29.0,26,91.0,29.98,2565.0,0.0,0.0,106,0.0,0.0,0.0,0.0,0.0,0.0,0.0,0.0,0.0,0.0,0.0,0.0,0.0,0.0,0.0,-104.0,0.0,0.0,0.0,0.0,3.0,1.0,0.0,1200.0,84.0,56.0,2535.0,2535.0,14.3,7.1,0.0,7.1,23.9,0.0,0.0,15.1,0.0,0.0,4.5,40.3,35.1,0.0,0.0,0.0,0.0,172.0,685.0,169.0,689.0,177.0,698.0,174.0,710.0,0.0,0.0,-22.0,0.0,0.0,23.9,2.0,4.998,0.0,0.0,1.523,1.87,84.2,55.9,0.0,0.0,25.0,R,0.0,78.8,132.8,0.0,0.0,0.0,0.0,341.6,1265.0,336.2,1272.2,350.6,1288.4,345.2,1310.0,0.0,0.0,132.62,2535.0,343.4,264.59999999999997,53.82000000000001,0.722597222222222,30756.87266666665,13.253521126760564,88.08,91.44,392.0,True,2026-09-05 12:08:19-07:00
614.06,2,9,2026-09-05 19:18:32,37.09187,-121.58215,1085.0,93.7,155.0,-12.6,0.0,,0.0,0.0,0.0,3.9,2.1,142.4,87.8,1026.0,0.6,-0.0,1.0,0.0,-79.0,26,91.2,29.98,2562.0,0.0,0.0,106,0.0,0.0,0.0,0.0,0.0,0.0,0.0,0.0,0.0,0.0,0.0,0.0,0.0,0.0,0.0,-104.0,0.0,0.0,0.0,0.0,3.0,1.0,0.0,1200.0,84.0,56.0,2533.0,2533.0,14.4,7.1,0.0,7.1,23.9,0.0,0.0,15.1,0.0,0.0,4.7,40.3,35.1,0.0,0.0,0.0,0.0,172.0,685.0,169.0,689.0,177.0,698.0,174.0,710.0,0.0,0.0,-22.0,0.0,0.0,23.9,2.0,4.998,0.0,0.0,1.525,1.865,84.2,56.1,0.0,0.0,25.0,R,0.0,78.8,132.8,0.0,0.0,0.0,0.0,341.6,1265.0,336.2,1272.2,350.6,1288.4,345.2,1310.0,0.0,0.0,132.98000000000002,2533.0,343.4,264.59999999999997,54.18000000000002,0.7245694444444442,30915.250666666652,13.19718309859155,88.28,91.64,392.0,True,2026-09-05 12:08:19-07:00
615.06,2,9,2026-09-05 19:18:33,37.09148,-121.58192,1082.0,93.4,155.1,-12.6,0.0,,0.0,0.0,0.0,3.7,2.6,142.7,87.7,1024.0,0.5,0.01,1.0,1.0,-85.0,26,91.0,29.98,2560.0,0.0,0.0,106,0.0,0.0,0.0,0.0,0.0,0.0,0.0,0.0,0.0,0.0,0.0,0.0,0.0,0.0,0.0,-104.0,0.0,0.0,0.0,0.0,3.0,1.0,0.0,1200.0,84.0,56.0,2534.0,2534.0,14.4,7.2,0.0,7.2,23.9,0.0,0.0,15.1,0.0,0.0,4.5,40.3,35.1,0.0,0.0,0.0,0.0,172.0,684.0,169.0,690.0,177.0,698.0,174.0,710.0,0.0,0.0,-22.0,0.0,0.0,23.9,2.0,4.998,0.0,0.0,1.511,1.852,84.2,56.4,0.0,0.0,25.0,R,0.0,78.8,132.8,0.0,0.0,0.0,0.0,341.6,1263.2,336.2,1274.0,350.6,1288.4,345.2,1310.0,0.0,0.0,133.51999999999998,2534.0,343.4,264.59999999999997,54.719999999999985,0.7265555555555553,31073.03833333332,12.972222222222223,88.18,91.53,392.0,True,2026-09-05 12:08:19-07:00
616.06,2,9,2026-09-05 19:18:34,37.09109,-121.5817,1079.0,93.2,155.3,-12.6,0.0,,0.0,0.0,0.0,3.6,2.3,142.6,87.2,1023.0,0.4,0.01,1.1,2.0,-93.0,26,90.5,29.98,2558.0,0.0,0.0,106,0.0,0.0,0.0,0.0,0.0,0.0,0.0,0.0,0.0,0.0,0.0,0.0,0.0,0.0,0.0,-104.0,0.0,0.0,0.0,0.0,3.0,1.0,0.0,1200.0,84.0,56.0,2533.0,2533.0,14.4,7.2,0.0,7.2,23.9,0.0,0.0,15.1,0.0,0.0,4.3,40.3,35.1,0.0,0.0,0.0,0.0,171.0,684.0,168.0,690.0,176.0,698.0,174.0,709.0,0.0,0.0,-22.0,0.0,0.0,23.9,2.0,4.998,0.0,0.0,1.472,1.847,84.3,56.3,0.0,0.0,25.0,R,0.0,78.8,132.8,0.0,0.0,0.0,0.0,339.8,1263.2,334.4,1274.0,348.8,1288.4,345.2,1308.2,0.0,0.0,133.34,2533.0,342.05,263.25,54.540000000000006,0.7285555555555553,31230.404333333317,12.944444444444445,87.68,91.01,392.0,True,2026-09-05 12:08:19-07:00
617.06,2,9,2026-09-05 19:18:35,37.09069,-121.58147,1077.0,93.1,155.7,-12.6,0.0,,0.0,0.0,0.0,3.7,1.9,142.0,86.4,1021.0,-0.1,-0.0,1.0,1.0,-98.0,26,89.7,29.98,2556.0,0.0,0.0,106,0.0,0.0,0.0,0.0,0.0,0.0,0.0,0.0,0.0,0.0,0.0,0.0,-2.0,0.0,0.0,-104.0,0.0,0.0,0.0,0.0,3.0,1.0,0.0,1200.0,84.0,56.0,2530.0,2530.0,14.4,7.2,0.0,7.2,24.0,0.0,0.0,15.1,0.0,0.0,4.4,40.3,35.1,0.0,0.0,0.0,0.0,171.0,684.0,168.0,690.0,176.0,698.0,174.0,710.0,0.0,0.0,-20.0,0.0,0.0,24.0,2.0,4.998,0.0,0.0,1.472,1.841,84.2,56.4,0.0,0.0,25.0,R,0.0,78.8,132.8,0.0,0.0,0.0,0.0,339.8,1263.2,334.4,1274.0,348.8,1288.4,345.2,1310.0,0.0,0.0,133.51999999999998,2530.0,342.05,263.25,54.719999999999985,0.7305555555555553,31387.51733333332,12.930555555555554,86.88000000000001,90.18,392.0,True,2026-09-05 12:08:19-07:00
618.06,2,9,2026-09-05 19:18:36,37.0903,-121.58125,1077.0,93.1,155.7,-12.6,0.0,,0.0,0.0,0.0,3.4,3.4,142.9,87.2,1021.0,-0.0,0.04,1.0,0.0,-47.0,26,90.5,29.98,2556.0,0.0,0.0,106,0.0,0.0,0.0,0.0,0.0,0.0,0.0,0.0,0.0,0.0,0.0,0.0,-5.0,0.0,0.0,-104.0,0.0,0.0,0.0,0.0,3.0,1.0,0.0,1200.0,84.0,56.0,2535.0,2535.0,14.4,7.1,0.0,7.1,24.0,0.0,0.0,15.1,0.0,0.0,4.6,40.3,35.1,0.0,0.0,0.0,0.0,171.0,684.0,168.0,690.0,176.0,698.0,174.0,710.0,0.0,0.0,-20.0,0.0,0.0,24.0,2.0,4.998,0.0,0.0,1.472,1.844,83.9,56.4,0.0,0.0,25.0,R,0.0,78.8,132.8,0.0,0.0,0.0,0.0,339.8,1263.2,334.4,1274.0,348.8,1288.4,345.2,1310.0,0.0,0.0,133.51999999999998,2535.0,342.05,263.25,54.719999999999985,0.7325416666666664,31544.545999999984,13.112676056338028,87.68,91.01,392.0,True,2026-09-05 12:08:19-07:00
619.06,2,9,2026-09-05 19:18:37,37.0899,-121.58103,1077.0,93.2,156.4,-12.6,0.0,,0.0,0.0,0.0,3.2,1.8,143.9,85.7,1021.0,0.9,-0.02,0.9,2.0,-31.0,26,89.0,29.98,2556.0,0.0,0.0,106,0.0,0.0,0.0,0.0,0.0,0.0,0.0,0.0,0.0,0.0,0.0,0.0,-5.0,0.0,0.0,-104.0,0.0,0.0,0.0,0.0,3.0,1.0,0.0,1200.0,83.0,57.0,2534.0,2534.0,14.4,7.1,0.0,7.1,23.9,0.0,0.0,15.1,0.0,0.0,4.7,40.3,35.1,0.0,0.0,0.0,0.0,171.0,684.0,168.0,689.0,176.0,698.0,174.0,709.0,0.0,0.0,-19.0,0.0,0.0,23.9,2.0,4.998,0.0,0.0,1.472,1.838,83.4,56.6,0.0,0.0,25.0,R,0.0,78.8,134.6,0.0,0.0,0.0,0.0,339.8,1263.2,334.4,1272.2,348.8,1288.4,345.2,1308.2,0.0,0.0,133.88,2534.0,342.05,263.25,55.08,0.7345138888888887,31701.658999999985,13.126760563380282,86.18,89.45,392.0,True,2026-09-05 12:08:19-07:00
620.06,2,9,2026-09-05 19:18:38,37.08951,-121.58082,1076.0,93.4,156.5,-12.6,0.0,,0.0,0.0,0.0,3.0,-2.2,142.5,86.5,1021.0,-0.7,0.01,1.0,1.0,-13.0,26,89.8,29.98,2546.0,0.0,0.0,106,0.0,0.0,0.0,0.0,0.0,0.0,0.0,0.0,0.0,0.0,0.0,0.0,5.0,0.0,0.0,-104.0,0.0,0.0,0.0,0.0,3.0,1.0,0.0,1200.0,83.0,57.0,2546.0,2546.0,14.4,7.1,0.0,7.1,24.0,0.0,0.0,15.1,0.0,0.0,4.5,40.3,35.1,0.0,0.0,0.0,0.0,171.0,684.0,168.0,690.0,176.0,698.0,174.0,709.0,0.0,0.0,-19.0,0.0,0.0,24.0,2.0,4.998,0.0,0.0,1.472,1.747,83.4,57.0,0.0,0.0,25.0,R,0.0,78.8,134.6,0.0,0.0,0.0,0.0,339.8,1263.2,334.4,1274.0,348.8,1288.4,345.2,1308.2,0.0,0.0,134.6,2546.0,342.05,263.25,55.8,0.7364861111111108,31859.024999999987,13.15492957746479,86.98,90.28,392.0,True,2026-09-05 12:08:19-07:00
621.06,2,9,2026-09-05 19:18:39,37.08911,-121.5806,1077.0,93.7,156.2,-12.6,0.0,,0.0,0.0,0.0,2.6,2.2,144.2,87.2,1021.0,0.4,0.05,0.9,0.0,-31.0,26,90.5,29.98,2546.0,0.0,0.0,106,0.0,0.0,0.0,0.0,0.0,0.0,0.0,0.0,0.0,0.0,0.0,0.0,0.0,0.0,0.0,-104.0,0.0,0.0,0.0,0.0,3.0,1.0,0.0,1200.0,83.0,57.0,2549.0,2549.0,14.3,7.1,0.0,7.1,24.0,0.0,0.0,15.1,0.0,0.0,4.3,40.3,35.1,0.0,0.0,0.0,0.0,171.0,684.0,168.0,691.0,176.0,698.0,174.0,709.0,0.0,0.0,-19.0,0.0,0.0,24.0,2.0,4.998,0.0,0.0,1.472,1.852,83.3,56.9,0.0,0.0,25.0,R,0.0,78.8,134.6,0.0,0.0,0.0,0.0,339.8,1263.2,334.4,1275.8,348.8,1288.4,345.2,1308.2,0.0,0.0,134.42000000000002,2549.0,342.05,263.25,55.62000000000002,0.7384583333333331,32016.812666666654,13.19718309859155,87.68,91.01,392.0,True,2026-09-05 12:08:19-07:00
622.06,2,9,2026-09-05 19:18:40,37.08871,-121.58038,1079.0,93.9,156.4,-12.6,0.0,,0.0,0.0,0.0,2.4,0.5,145.7,88.1,1021.0,1.3,-0.02,1.0,0.0,-5.0,26,91.4,29.98,2546.0,0.0,0.0,106,0.0,0.0,0.0,0.0,0.0,0.0,0.0,0.0,0.0,0.0,0.0,0.0,-2.0,0.0,0.0,-103.0,0.0,0.0,0.0,0.0,3.0,1.0,0.0,1200.0,83.0,57.0,2545.0,2545.0,14.3,7.1,0.0,7.1,24.0,0.0,0.0,15.1,0.0,0.0,4.4,40.3,35.1,0.0,0.0,0.0,0.0,171.0,685.0,168.0,690.0,176.0,699.0,173.0,710.0,0.0,0.0,-19.0,0.0,0.0,24.0,2.0,4.998,0.0,0.0,1.472,1.844,83.4,57.0,0.0,0.0,25.0,R,0.0,78.8,134.6,0.0,0.0,0.0,0.0,339.8,1265.0,334.4,1274.0,348.8,1290.2,343.4,1310.0,0.0,0.0,134.6,2545.0,341.59999999999997,262.79999999999995,55.8,0.7404305555555553,32175.021999999986,13.225352112676058,88.58,91.94,392.0,True,2026-09-05 12:08:19-07:00
623.06,2,9,2026-09-05 19:18:41,37.08831,-121.58016,1077.0,93.9,156.7,-12.6,0.0,,0.0,0.0,0.0,3.5,0.9,143.7,87.1,1021.0,-0.7,0.04,1.0,0.0,-6.0,26,90.5,29.98,2546.0,0.0,0.0,106,0.0,0.0,0.0,0.0,0.0,0.0,0.0,0.0,0.0,0.0,0.0,0.0,-3.0,0.0,0.0,-103.0,0.0,0.0,0.0,0.0,3.0,1.0,0.0,1200.0,83.0,57.0,2535.0,2535.0,14.3,7.1,0.0,7.1,24.0,0.0,0.0,15.1,0.0,0.0,4.5,40.3,35.1,0.0,0.0,0.0,0.0,171.0,686.0,168.0,690.0,176.0,699.0,173.0,711.0,0.0,0.0,-19.0,0.0,0.0,24.0,2.0,4.998,0.0,0.0,1.47,1.909,83.4,57.1,0.0,0.0,25.0,R,0.0,78.8,134.6,0.0,0.0,0.0,0.0,339.8,1266.8,334.4,1274.0,348.8,1290.2,343.4,1311.8,0.0,0.0,134.78,2535.0,341.59999999999997,262.79999999999995,55.980000000000004,0.7424027777777775,32333.399999999987,13.225352112676058,87.58,90.9,392.0,True,2026-09-05 12:08:19-07:00
624.06,2,9,2026-09-05 19:18:42,37.08791,-121.57994,1073.0,93.9,156.5,-12.6,0.0,,0.0,0.0,0.0,4.0,-0.5,144.4,87.9,1018.0,0.1,-0.01,1.0,0.0,-101.0,26,91.2,29.98,2546.0,0.0,0.0,106,0.0,0.0,0.0,0.0,0.0,0.0,0.0,0.0,0.0,0.0,0.0,0.0,0.0,0.0,0.0,-103.0,0.0,0.0,0.0,0.0,3.0,1.0,0.0,1200.0,83.0,57.0,2543.0,2543.0,14.3,7.1,0.0,7.1,24.0,0.0,0.0,15.1,0.0,0.0,4.7,40.3,35.1,0.0,0.0,0.0,0.0,171.0,686.0,168.0,691.0,176.0,699.0,173.0,711.0,0.0,0.0,-19.0,0.0,0.0,24.0,2.0,4.998,0.0,0.0,1.503,1.899,83.3,57.3,0.0,0.0,25.0,R,0.0,78.8,134.6,0.0,0.0,0.0,0.0,339.8,1266.8,334.4,1275.8,348.8,1290.2,343.4,1311.8,0.0,0.0,135.14,2543.0,341.59999999999997,262.79999999999995,56.33999999999999,0.7443749999999998,32491.777999999984,13.225352112676058,88.38000000000001,91.73,392.0,True,2026-09-05 12:08:19-07:00
625.06,2,9,2026-09-05 19:18:43,37.08752,-121.57973,1069.0,93.5,156.4,-12.6,0.0,,0.0,0.0,0.0,4.0,0.3,143.7,88.8,1015.0,-0.4,-0.0,0.9,0.0,-136.0,26,92.2,29.98,2546.0,0.0,0.0,106,0.0,0.0,0.0,0.0,0.0,0.0,0.0,0.0,0.0,0.0,0.0,0.0,0.0,0.0,0.0,-103.0,0.0,0.0,0.0,0.0,3.0,1.0,0.0,1200.0,83.0,58.0,2546.0,2546.0,14.3,7.1,0.0,7.1,24.0,0.0,0.0,15.1,0.0,0.0,4.6,40.3,35.1,0.0,0.0,0.0,0.0,171.0,686.0,168.0,691.0,175.0,699.0,173.0,711.0,0.0,0.0,-19.0,0.0,0.0,24.0,2.0,4.998,0.0,0.0,1.487,1.893,83.4,57.7,0.0,0.0,25.0,R,0.0,78.8,136.4,0.0,0.0,0.0,0.0,339.8,1266.8,334.4,1275.8,347.0,1290.2,343.4,1311.8,0.0,0.0,135.86,2546.0,341.15,262.34999999999997,57.06000000000002,0.7463472222222219,32649.81866666665,13.169014084507042,89.28,92.66,392.0,True,2026-09-05 12:08:19-07:00
626.06,2,9,2026-09-05 19:18:44,37.08712,-121.57951,1064.0,93.3,156.6,-12.6,0.0,,0.0,0.0,0.0,3.9,-0.1,143.0,87.3,1010.0,-0.8,0.03,1.0,0.0,-188.0,26,90.6,29.98,2533.0,0.0,0.0,106,0.0,0.0,0.0,0.0,0.0,0.0,0.0,0.0,0.0,0.0,0.0,0.0,0.0,0.0,0.0,-103.0,0.0,0.0,0.0,0.0,3.0,1.0,0.0,1200.0,83.0,58.0,2550.0,2550.0,14.8,7.2,0.0,7.2,23.9,0.0,0.0,15.1,0.0,0.0,4.4,40.3,35.1,0.0,0.0,0.0,0.0,171.0,687.0,168.0,692.0,175.0,699.0,173.0,712.0,0.0,0.0,-19.0,0.0,0.0,23.9,2.0,4.998,0.0,0.0,1.471,1.846,83.4,57.7,0.0,0.0,26.0,R,0.0,78.8,136.4,0.0,0.0,0.0,0.0,339.8,1268.6,334.4,1277.6,347.0,1290.2,343.4,1313.6,0.0,0.0,135.86,2550.0,341.15,262.34999999999997,57.06000000000002,0.7483333333333331,32807.35333333332,12.958333333333332,87.78,91.09,392.0,True,2026-09-05 12:08:19-07:00
627.06,2,9,2026-09-05 19:18:45,37.08672,-121.57929,1057.0,93.4,156.2,-12.6,0.0,,0.0,0.0,0.0,4.6,0.9,144.0,87.4,1004.0,0.2,0.01,1.1,3.0,-269.0,26,90.7,29.98,2525.0,0.0,0.0,106,0.0,0.0,0.0,0.0,0.0,0.0,0.0,0.0,0.0,0.0,0.0,0.0,0.0,0.0,0.0,-103.0,0.0,0.0,0.0,0.0,3.0,1.0,0.0,1200.0,83.0,58.0,2524.0,2524.0,15.1,7.3,0.0,7.3,23.9,0.0,0.0,15.1,0.0,0.0,4.4,40.3,35.1,0.0,0.0,0.0,0.0,171.0,687.0,168.0,691.0,175.0,699.0,173.0,711.0,0.0,0.0,-19.0,0.0,0.0,23.9,2.0,4.998,0.0,0.0,1.462,1.833,83.1,57.7,0.0,0.0,28.0,R,0.0,78.8,136.4,0.0,0.0,0.0,0.0,339.8,1268.6,334.4,1275.8,347.0,1290.2,343.4,1311.8,0.0,0.0,135.86,2524.0,341.15,262.34999999999997,57.06000000000002,0.7503472222222219,32964.80366666665,12.794520547945206,87.88000000000001,91.19,392.0,True,2026-09-05 12:08:19-07:00
628.06,2,9,2026-09-05 19:18:46,37.08633,-121.57908,1052.0,93.1,156.4,-12.6,0.0,,0.0,0.0,0.0,5.0,-0.2,143.2,87.0,998.0,-0.1,0.02,1.1,5.0,-296.0,26,90.3,29.98,2517.0,0.0,0.0,106,0.0,0.0,0.0,0.0,0.0,0.0,0.0,0.0,0.0,0.0,0.0,0.0,0.0,0.0,0.0,-103.0,0.0,0.0,0.0,0.0,3.0,1.0,0.0,1200.0,83.0,58.0,2540.0,2540.0,14.7,7.3,0.0,7.3,24.0,0.0,0.0,15.1,0.0,0.0,4.5,40.3,35.1,0.0,0.0,0.0,0.0,171.0,686.0,168.0,691.0,175.0,698.0,173.0,711.0,0.0,0.0,-19.0,0.0,0.0,24.0,2.0,4.998,0.0,0.0,1.472,1.862,83.1,57.8,0.0,0.0,28.0,R,0.0,78.8,136.4,0.0,0.0,0.0,0.0,339.8,1266.8,334.4,1275.8,347.0,1288.4,343.4,1311.8,0.0,0.0,136.04,2540.0,341.15,262.34999999999997,57.239999999999995,0.7523749999999998,33122.08533333332,12.753424657534246,87.48,90.76,392.0,True,2026-09-05 12:08:19-07:00
629.06,2,9,2026-09-05 19:18:47,37.08593,-121.57887,1050.0,92.6,156.1,-12.6,0.0,,0.0,0.0,0.0,5.0,-0.1,143.1,86.4,996.0,-0.0,0.01,1.0,0.0,-238.0,26,89.7,29.98,2514.0,0.0,0.0,106,0.0,0.0,0.0,0.0,0.0,0.0,0.0,0.0,0.0,0.0,0.0,0.0,0.0,0.0,0.0,-103.0,0.0,0.0,0.0,0.0,3.0,1.0,0.0,1200.0,84.0,58.0,2539.0,2539.0,14.6,7.3,0.0,7.3,24.0,0.0,0.0,15.1,0.0,0.0,4.7,40.3,35.1,0.0,0.0,0.0,0.0,171.0,686.0,168.0,691.0,175.0,699.0,173.0,712.0,0.0,0.0,-19.0,0.0,0.0,24.0,2.0,4.998,0.0,0.0,1.472,1.901,83.8,58.0,0.0,0.0,27.0,R,0.0,78.8,136.4,0.0,0.0,0.0,0.0,339.8,1266.8,334.4,1275.8,347.0,1290.2,343.4,1313.6,0.0,0.0,136.4,2539.0,341.15,262.34999999999997,57.60000000000001,0.7544027777777775,33278.69233333332,12.684931506849315,86.88000000000001,90.14,392.0,True,2026-09-05 12:08:19-07:00
630.06,2,9,2026-09-05 19:18:48,37.08554,-121.57865,1049.0,92.2,156.1,-12.6,0.0,,0.0,0.0,0.0,5.2,0.9,142.2,85.6,995.0,-0.6,0.02,0.9,0.0,-150.0,26,88.9,29.98,2513.0,0.0,0.0,106,0.0,0.0,0.0,0.0,0.0,0.0,0.0,0.0,0.0,0.0,0.0,0.0,1.0,0.0,0.0,-103.0,0.0,0.0,0.0,0.0,3.0,1.0,0.0,1200.0,84.0,58.0,2536.0,2536.0,14.6,7.2,0.0,7.2,24.0,0.0,0.0,15.0,0.0,0.0,4.6,40.3,35.1,0.0,0.0,0.0,0.0,170.0,685.0,168.0,691.0,175.0,699.0,173.0,712.0,0.0,0.0,-19.0,0.0,0.0,24.0,2.0,4.998,0.0,0.0,1.473,1.836,84.0,58.3,0.0,0.0,27.0,R,0.0,78.8,136.4,0.0,0.0,0.0,0.0,338.0,1265.0,334.4,1275.8,347.0,1290.2,343.4,1313.6,0.0,0.0,136.94,2536.0,340.7,261.9,58.14,0.7564166666666664,33434.540333333316,12.805555555555555,86.08,89.3,392.0,True,2026-09-05 12:08:19-07:00
631.06,2,9,2026-09-05 19:18:49,37.08515,-121.57844,1050.0,91.7,155.8,-12.6,0.0,,0.0,0.0,0.0,4.9,0.5,143.4,85.5,995.0,0.4,0.02,0.9,0.0,-85.0,26,88.8,29.98,2513.0,0.0,0.0,106,0.0,0.0,0.0,0.0,0.0,0.0,0.0,0.0,0.0,0.0,0.0,0.0,1.0,0.0,0.0,-103.0,0.0,0.0,0.0,0.0,3.0,1.0,0.0,1200.0,84.0,58.0,2541.0,2541.0,14.4,7.2,0.0,7.2,23.8,0.0,0.0,15.0,0.0,0.0,4.4,40.3,35.1,0.0,0.0,0.0,0.0,170.0,685.0,168.0,692.0,175.0,699.0,173.0,713.0,0.0,0.0,-19.0,0.0,0.0,23.8,2.0,4.998,0.0,0.0,1.472,1.848,84.1,58.3,0.0,0.0,26.0,R,0.0,78.8,136.4,0.0,0.0,0.0,0.0,338.0,1265.0,334.4,1277.6,347.0,1290.2,343.4,1315.4,0.0,0.0,136.94,2541.0,340.7,261.9,58.14,0.7584166666666664,33589.629333333316,12.73611111111111,85.98,89.2,392.0,True,2026-09-05 12:08:19-07:00
632.06,2,9,2026-09-05 19:18:50,37.08477,-121.57822,1048.0,91.4,156.0,-12.6,0.0,,0.0,0.0,0.0,4.6,1.2,144.4,85.3,993.0,0.9,0.01,0.9,0.0,-106.0,26,88.5,29.98,2511.0,0.0,0.0,106,0.0,0.0,0.0,0.0,0.0,0.0,0.0,0.0,0.0,0.0,0.0,0.0,0.0,0.0,0.0,-103.0,0.0,0.0,0.0,0.0,3.0,1.0,0.0,1200.0,84.0,58.0,2543.0,2543.0,14.4,7.2,0.0,7.2,23.9,0.0,0.0,15.0,0.0,0.0,4.4,40.3,35.1,0.0,0.0,0.0,0.0,170.0,686.0,168.0,692.0,175.0,699.0,173.0,713.0,0.0,0.0,-19.0,0.0,0.0,23.9,2.0,4.998,0.0,0.0,1.432,1.873,84.2,58.2,0.0,0.0,26.0,R,0.0,78.8,136.4,0.0,0.0,0.0,0.0,338.0,1266.8,334.4,1277.6,347.0,1290.2,343.4,1315.4,0.0,0.0,136.76000000000002,2543.0,340.7,261.9,57.96000000000002,0.7604166666666664,33744.04366666665,12.694444444444445,85.78,88.99,392.0,True,2026-09-05 12:08:19-07:00
633.06,2,9,2026-09-05 19:18:51,37.08438,-121.578,1046.0,91.1,156.2,-12.6,0.0,,0.0,0.0,0.0,4.7,0.7,143.8,86.7,991.0,0.1,0.01,1.0,1.0,-121.0,26,90.0,29.98,2508.0,0.0,0.0,106,0.0,0.0,0.0,0.0,0.0,0.0,0.0,0.0,0.0,0.0,0.0,0.0,0.0,0.0,0.0,-103.0,0.0,0.0,0.0,0.0,3.0,1.0,0.0,1200.0,84.0,58.0,2548.0,2548.0,14.4,7.2,0.0,7.2,23.9,0.0,0.0,15.0,0.0,0.0,4.5,40.3,35.1,0.0,0.0,0.0,0.0,170.0,686.0,168.0,693.0,175.0,700.0,173.0,712.0,0.0,0.0,-19.0,0.0,0.0,23.9,2.0,4.998,0.0,0.0,1.472,1.899,83.9,58.3,0.0,0.0,26.0,R,0.0,78.8,136.4,0.0,0.0,0.0,0.0,338.0,1266.8,334.4,1279.4,347.0,1292.0,343.4,1313.6,0.0,0.0,136.94,2548.0,340.7,261.9,58.14,0.7624166666666664,33897.95199999998,12.652777777777777,87.18,90.44,392.0,True,2026-09-05 12:08:19-07:00
634.06,2,9,2026-09-05 19:18:52,37.08399,-121.57779,1045.0,90.7,156.0,-12.6,0.0,,0.0,0.0,0.0,4.7,1.9,144.5,85.7,989.0,0.3,0.02,1.0,0.0,-135.0,26,88.9,29.98,2506.0,0.0,0.0,106,0.0,0.0,0.0,0.0,0.0,0.0,0.0,0.0,0.0,0.0,0.0,0.0,0.0,0.0,0.0,-103.0,0.0,0.0,0.0,0.0,3.0,1.0,0.0,1200.0,84.0,58.0,2539.0,2539.0,14.3,7.2,0.0,7.2,23.9,0.0,0.0,15.0,0.0,0.0,4.7,40.3,35.1,0.0,0.0,0.0,0.0,170.0,686.0,168.0,692.0,175.0,699.0,173.0,712.0,0.0,0.0,-19.0,0.0,0.0,23.9,2.0,4.998,0.0,0.0,1.472,1.901,84.1,58.4,0.0,0.0,25.0,R,0.0,78.8,136.4,0.0,0.0,0.0,0.0,338.0,1266.8,334.4,1277.6,347.0,1290.2,343.4,1313.6,0.0,0.0,137.12,2539.0,340.7,261.9,58.32000000000001,0.7644166666666664,34051.26999999998,12.597222222222221,86.18,89.4,392.0,True,2026-09-05 12:08:19-07:00
635.06,2,9,2026-09-05 19:18:53,37.08361,-121.57758,1043.0,90.4,156.4,-12.6,0.0,,0.0,0.0,0.0,4.8,1.3,144.8,84.3,988.0,0.6,0.0,1.0,2.0,-118.0,26,87.4,29.98,2504.0,0.0,0.0,106,0.0,0.0,0.0,0.0,0.0,0.0,0.0,0.0,0.0,0.0,0.0,0.0,-1.0,0.0,0.0,-103.0,0.0,0.0,0.0,0.0,3.0,1.0,0.0,1200.0,84.0,59.0,2536.0,2536.0,14.4,7.2,0.0,7.2,23.9,0.0,0.0,15.0,0.0,0.0,4.7,40.3,35.1,0.0,0.0,0.0,0.0,170.0,686.0,167.0,692.0,174.0,699.0,172.0,712.0,0.0,0.0,-19.0,0.0,0.0,23.9,2.0,4.998,0.0,0.0,1.472,1.932,84.0,58.8,0.0,0.0,25.0,R,0.0,78.8,138.2,0.0,0.0,0.0,0.0,338.0,1266.8,332.6,1277.6,345.2,1290.2,341.6,1313.6,0.0,0.0,137.83999999999997,2536.0,339.35,260.55,59.03999999999998,0.7664166666666664,34203.997666666655,12.555555555555555,84.78,87.94,392.0,True,2026-09-05 12:08:19-07:00
636.06,2,9,2026-09-05 19:18:54,37.08323,-121.57737,1040.0,90.1,156.5,-12.6,0.0,,0.0,0.0,0.0,5.0,-0.1,144.0,83.9,984.0,-0.1,0.01,1.0,2.0,-149.0,26,87.1,29.98,2500.0,0.0,0.0,106,0.0,0.0,0.0,0.0,0.0,0.0,0.0,0.0,0.0,0.0,0.0,0.0,1.0,0.0,0.0,-103.0,0.0,0.0,0.0,0.0,3.0,1.0,0.0,1200.0,84.0,59.0,2536.0,2536.0,14.4,7.2,0.0,7.2,23.9,0.0,0.0,15.0,0.0,0.0,4.5,40.3,35.1,0.0,0.0,0.0,0.0,170.0,686.0,167.0,691.0,174.0,700.0,173.0,712.0,0.0,0.0,-19.0,0.0,0.0,23.9,2.0,4.998,0.0,0.0,1.472,1.879,84.1,58.8,0.0,0.0,25.0,R,0.0,78.8,138.2,0.0,0.0,0.0,0.0,338.0,1266.8,332.6,1275.8,345.2,1292.0,343.4,1313.6,0.0,0.0,137.83999999999997,2536.0,339.79999999999995,260.99999999999994,59.03999999999998,0.7684166666666664,34356.21933333332,12.513888888888888,84.38000000000001,87.52,392.0,True,2026-09-05 12:08:19-07:00
637.06,2,9,2026-09-05 19:18:55,37.08284,-121.57716,1036.0,90.1,156.4,-12.6,0.0,,0.0,0.0,0.0,5.2,0.1,143.7,83.2,980.0,-0.3,0.02,1.0,5.0,-188.0,26,86.3,29.98,2495.0,0.0,0.0,106,0.0,0.0,0.0,0.0,0.0,0.0,0.0,0.0,0.0,0.0,0.0,0.0,0.0,0.0,0.0,-103.0,0.0,0.0,0.0,0.0,3.0,1.0,0.0,1200.0,84.0,59.0,2533.0,2533.0,14.4,7.2,0.0,7.2,23.9,0.0,0.0,15.0,0.0,0.0,4.5,40.3,35.1,0.0,0.0,0.0,0.0,170.0,686.0,167.0,691.0,174.0,699.0,173.0,712.0,0.0,0.0,-19.0,0.0,0.0,23.9,2.0,4.998,0.0,0.0,1.422,1.843,84.0,58.7,0.0,0.0,25.0,R,0.0,78.8,138.2,0.0,0.0,0.0,0.0,338.0,1266.8,332.6,1275.8,345.2,1290.2,343.4,1313.6,0.0,0.0,137.66000000000003,2533.0,339.79999999999995,260.99999999999994,58.86000000000003,0.7704166666666664,34508.18799999999,12.513888888888888,83.68,86.79,392.0,True,2026-09-05 12:08:19-07:00
638.06,2,9,2026-09-05 19:18:56,37.08246,-121.57695,1032.0,90.0,156.2,-12.6,0.0,,0.0,0.0,0.0,5.2,0.0,143.4,83.4,978.0,-0.2,0.02,1.0,4.0,-177.0,26,86.5,29.98,2492.0,0.0,0.0,106,0.0,0.0,0.0,0.0,0.0,0.0,0.0,0.0,0.0,0.0,0.0,0.0,1.0,0.0,0.0,-103.0,0.0,0.0,0.0,0.0,3.0,1.0,0.0,1200.0,84.0,59.0,2528.0,2528.0,14.4,7.2,0.0,7.2,23.9,0.0,0.0,15.0,0.0,0.0,4.6,40.3,35.1,0.0,0.0,0.0,0.0,170.0,686.0,167.0,691.0,174.0,699.0,172.0,712.0,0.0,0.0,-19.0,0.0,0.0,23.9,2.0,4.998,0.0,0.0,1.421,1.888,84.1,58.8,0.0,0.0,25.0,R,0.0,78.8,138.2,0.0,0.0,0.0,0.0,338.0,1266.8,332.6,1275.8,345.2,1290.2,341.6,1313.6,0.0,0.0,137.83999999999997,2528.0,339.35,260.55,59.03999999999998,0.7724166666666664,34660.072333333315,12.5,83.88000000000001,86.99,392.0,True,2026-09-05 12:08:19-07:00
639.06,2,9,2026-09-05 19:18:57,37.08208,-121.57674,1029.0,90.1,156.0,-12.6,0.0,,0.0,0.0,0.0,5.1,-0.2,142.8,82.8,974.0,-0.1,0.02,1.0,3.0,-198.0,26,85.9,29.98,2477.0,0.0,0.0,106,0.0,0.0,0.0,0.0,0.0,0.0,0.0,0.0,0.0,0.0,0.0,0.0,2.0,0.0,0.0,-103.0,0.0,0.0,0.0,0.0,3.0,1.0,0.0,1200.0,84.0,59.0,2530.0,2530.0,14.4,7.2,0.0,7.2,23.9,0.0,0.0,15.0,0.0,0.0,4.7,40.3,35.1,0.0,0.0,0.0,0.0,170.0,687.0,167.0,691.0,174.0,700.0,172.0,712.0,0.0,0.0,-19.0,0.0,0.0,23.9,2.0,4.998,0.0,0.0,1.416,1.896,83.9,58.9,0.0,0.0,25.0,R,0.0,78.8,138.2,0.0,0.0,0.0,0.0,338.0,1268.6,332.6,1275.8,345.2,1292.0,341.6,1313.6,0.0,0.0,138.02,2530.0,339.35,260.55,59.22000000000001,0.7744166666666664,34811.95666666665,12.513888888888888,83.28,86.37,392.0,True,2026-09-05 12:08:19-07:00
640.06,2,9,2026-09-05 19:18:58,37.0817,-121.57653,1025.0,90.0,155.7,-12.6,0.0,,0.0,0.0,0.0,4.8,1.7,143.3,84.2,970.0,0.3,0.03,1.0,2.0,-203.0,26,87.3,29.98,2472.0,0.0,0.0,106,0.0,0.0,0.0,0.0,0.0,0.0,0.0,0.0,0.0,0.0,0.0,0.0,1.0,0.0,0.0,-103.0,0.0,0.0,0.0,0.0,3.0,1.0,0.0,1200.0,84.0,59.0,2545.0,2545.0,14.4,7.2,0.0,7.2,23.9,0.0,0.0,15.0,0.0,0.0,4.8,40.3,35.1,0.0,0.0,0.0,0.0,170.0,687.0,167.0,691.0,174.0,700.0,172.0,712.0,0.0,0.0,-19.0,0.0,0.0,23.9,2.0,4.998,0.0,0.0,1.416,1.899,83.8,59.2,0.0,0.0,25.0,R,0.0,78.8,138.2,0.0,0.0,0.0,0.0,338.0,1268.6,332.6,1275.8,345.2,1292.0,341.6,1313.6,0.0,0.0,138.56,2545.0,339.35,260.55,59.760000000000005,0.7764166666666664,34963.840999999986,12.5,84.68,87.81,392.0,True,2026-09-05 12:08:19-07:00
641.06,2,9,2026-09-05 19:18:59,37.08132,-121.57632,1020.0,89.8,156.0,-12.6,0.0,,0.0,0.0,0.0,4.4,1.9,142.9,84.4,967.0,0.1,0.01,1.0,2.0,-178.0,26,87.6,29.98,2468.0,0.0,0.0,106,0.0,0.0,0.0,0.0,0.0,0.0,0.0,0.0,0.0,0.0,0.0,0.0,0.0,0.0,0.0,-103.0,0.0,0.0,0.0,0.0,3.0,1.0,0.0,1200.0,84.0,59.0,2543.0,2543.0,14.4,7.2,0.0,7.2,23.9,0.0,0.0,15.0,0.0,0.0,4.5,40.3,35.1,0.0,0.0,0.0,0.0,170.0,686.0,167.0,691.0,174.0,700.0,172.0,713.0,0.0,0.0,-19.0,0.0,0.0,23.9,2.0,4.998,0.0,0.0,1.416,1.902,84.1,59.3,0.0,0.0,25.0,R,0.0,78.8,138.2,0.0,0.0,0.0,0.0,338.0,1266.8,332.6,1275.8,345.2,1292.0,341.6,1315.4,0.0,0.0,138.73999999999998,2543.0,339.35,260.55,59.93999999999998,0.7784166666666664,35115.47233333332,12.472222222222221,84.88000000000001,88.01,392.0,True,2026-09-05 12:08:19-07:00
642.06,2,9,2026-09-05 19:19:00,37.08094,-121.5761,1017.0,89.7,156.0,-12.6,0.0,,0.0,0.0,0.0,4.3,-0.8,143.0,83.8,965.0,-0.4,0.03,1.0,3.0,-168.0,26,86.9,29.98,2466.0,0.0,0.0,106,0.0,0.0,0.0,0.0,0.0,0.0,0.0,0.0,0.0,0.0,0.0,0.0,0.0,0.0,0.0,-103.0,0.0,0.0,0.0,0.0,3.0,1.0,0.0,1200.0,84.0,59.0,2539.0,2539.0,14.4,7.2,0.0,7.2,23.9,0.0,0.0,15.0,0.0,0.0,4.4,40.3,35.1,0.0,0.0,0.0,0.0,170.0,686.0,167.0,691.0,174.0,701.0,172.0,712.0,0.0,0.0,-19.0,0.0,0.0,23.9,2.0,4.998,0.0,0.0,1.415,1.897,84.0,59.4,0.0,0.0,25.0,R,0.0,78.8,138.2,0.0,0.0,0.0,0.0,338.0,1266.8,332.6,1275.8,345.2,1293.8,341.6,1313.6,0.0,0.0,138.92000000000002,2539.0,339.35,260.55,60.12000000000002,0.7804166666666664,35266.85066666665,12.458333333333334,84.28,87.39,392.0,True,2026-09-05 12:08:19-07:00
643.06,2,9,2026-09-05 19:19:01,37.08056,-121.5759,1014.0,89.5,155.7,-12.6,0.0,,0.0,0.0,0.0,4.3,-0.3,143.0,84.2,961.0,-0.1,0.01,1.0,3.0,-195.0,26,87.4,29.98,2461.0,0.0,0.0,106,0.0,0.0,0.0,0.0,0.0,0.0,0.0,0.0,0.0,0.0,0.0,0.0,1.0,0.0,0.0,-103.0,0.0,0.0,0.0,0.0,3.0,1.0,0.0,1200.0,84.0,60.0,2541.0,2541.0,14.4,7.2,0.0,7.2,23.8,0.0,0.0,15.0,0.0,0.0,4.5,40.3,35.1,0.0,0.0,0.0,0.0,170.0,686.0,167.0,690.0,174.0,701.0,172.0,713.0,0.0,0.0,-22.0,0.0,0.0,23.8,2.0,4.998,0.0,0.0,1.416,1.902,84.1,59.8,0.0,0.0,25.0,R,0.0,78.8,140.0,0.0,0.0,0.0,0.0,338.0,1266.8,332.6,1274.0,345.2,1293.8,341.6,1315.4,0.0,0.0,139.64,2541.0,339.35,260.55,60.83999999999999,0.7824166666666664,35417.97599999999,12.430555555555555,84.68,87.8,392.0,True,2026-09-05 12:08:19-07:00
644.06,2,9,2026-09-05 19:19:02,37.08018,-121.57568,1011.0,89.2,155.5,-12.6,0.0,,0.0,0.0,0.0,3.8,0.7,143.1,84.7,958.0,-0.3,0.03,0.9,1.0,-189.0,26,87.8,29.98,2457.0,0.0,0.0,106,0.0,0.0,0.0,0.0,0.0,0.0,0.0,0.0,0.0,0.0,0.0,0.0,0.0,0.0,0.0,-103.0,0.0,0.0,0.0,0.0,3.0,1.0,0.0,1200.0,84.0,60.0,2542.0,2542.0,14.4,7.2,0.0,7.2,23.9,0.0,0.0,15.0,0.0,0.0,4.7,40.3,35.1,0.0,0.0,0.0,0.0,170.0,686.0,167.0,692.0,174.0,701.0,172.0,713.0,0.0,0.0,-22.0,0.0,0.0,23.9,2.0,4.998,0.0,0.0,1.414,1.898,84.1,60.1,0.0,0.0,25.0,R,0.0,78.8,140.0,0.0,0.0,0.0,0.0,338.0,1266.8,332.6,1277.6,345.2,1293.8,341.6,1315.4,0.0,0.0,140.18,2542.0,339.35,260.55,61.38000000000001,0.7844166666666664,35568.67966666665,12.38888888888889,85.18,88.31,392.0,True,2026-09-05 12:08:19-07:00
645.06,1,9,2026-09-05 19:19:03,37.07981,-121.57547,1009.0,89.0,155.4,-12.6,0.0,,0.0,0.0,0.0,3.4,1.8,143.9,85.0,956.0,0.4,0.01,1.0,2.0,-169.0,26,88.1,29.98,2455.0,0.0,0.0,106,0.0,0.0,0.0,0.0,0.0,0.0,0.0,0.0,0.0,0.0,0.0,0.0,1.0,0.0,0.0,-103.0,0.0,0.0,0.0,0.0,3.0,1.0,0.0,1200.0,84.0,60.0,2542.0,2542.0,14.4,7.2,0.0,7.2,23.9,0.0,0.0,15.0,0.0,0.0,4.8,40.3,35.2,0.0,0.0,0.0,0.0,170.0,686.0,167.0,691.0,174.0,701.0,172.0,713.0,0.0,0.0,-22.0,0.0,0.0,23.9,2.0,4.998,0.0,0.0,1.415,1.898,84.1,60.4,0.0,0.0,25.0,R,0.0,78.8,140.0,0.0,0.0,0.0,0.0,338.0,1266.8,332.6,1275.8,345.2,1293.8,341.6,1315.4,0.0,0.0,140.72,2542.0,339.35,260.55,61.92,0.7864166666666664,35718.961666666655,12.36111111111111,85.48,88.62,392.0,True,2026-09-05 12:08:19-07:00
646.06,2,9,2026-09-05 19:19:04,37.07943,-121.57526,1007.0,88.8,155.6,-12.6,0.0,,0.0,0.0,0.0,3.4,1.0,143.3,84.8,954.0,-0.2,0.02,1.0,2.0,-154.0,26,87.9,29.98,2452.0,0.0,0.0,106,0.0,0.0,0.0,0.0,0.0,0.0,0.0,0.0,0.0,0.0,0.0,0.0,1.0,0.0,0.0,-103.0,0.0,0.0,0.0,0.0,3.0,1.0,0.0,1200.0,84.0,61.0,2542.0,2542.0,14.4,7.2,0.0,7.2,23.9,0.0,0.0,15.0,0.0,0.0,4.6,40.3,35.2,0.0,0.0,0.0,0.0,170.0,686.0,167.0,692.0,174.0,702.0,172.0,713.0,0.0,0.0,-22.0,0.0,0.0,23.9,2.0,4.998,0.0,0.0,1.416,1.899,84.1,60.6,0.0,0.0,25.0,R,0.0,78.8,141.8,0.0,0.0,0.0,0.0,338.0,1266.8,332.6,1277.6,345.2,1295.6,341.6,1315.4,0.0,0.0,141.07999999999998,2542.0,339.35,260.55,62.27999999999999,0.7884166666666664,35868.90633333332,12.333333333333332,85.28,88.41,392.0,True,2026-09-05 12:08:19-07:00
647.06,2,9,2026-09-05 19:19:05,37.07906,-121.57504,1006.0,88.5,155.5,-12.6,0.0,,0.0,0.0,0.0,3.6,1.3,143.9,84.5,951.0,0.1,0.02,1.0,3.0,-158.0,26,87.6,29.98,2449.0,0.0,0.0,106,0.0,0.0,0.0,0.0,0.0,0.0,0.0,0.0,0.0,0.0,0.0,0.0,1.0,0.0,0.0,-103.0,0.0,0.0,0.0,0.0,3.0,1.0,0.0,1200.0,84.0,61.0,2536.0,2536.0,14.4,7.2,0.0,7.2,23.9,0.0,0.0,15.0,0.0,0.0,4.5,40.3,35.2,0.0,0.0,0.0,0.0,170.0,687.0,167.0,692.0,174.0,701.0,172.0,714.0,0.0,0.0,-22.0,0.0,0.0,23.9,2.0,4.998,0.0,0.0,1.416,1.906,84.1,60.7,0.0,0.0,25.0,R,0.0,78.8,141.8,0.0,0.0,0.0,0.0,338.0,1268.6,332.6,1277.6,345.2,1293.8,341.6,1317.2,0.0,0.0,141.26000000000002,2536.0,339.35,260.55,62.46000000000002,0.7904166666666664,36018.42933333332,12.291666666666666,84.98,88.09,392.0,True,2026-09-05 12:08:19-07:00
648.06,2,9,2026-09-05 19:19:06,37.07869,-121.57483,1004.0,88.2,155.6,-12.6,0.0,,0.0,0.0,0.0,3.8,1.6,144.2,84.8,948.0,0.5,0.02,0.9,1.0,-174.0,26,87.9,29.98,2445.0,0.0,0.0,106,0.0,0.0,0.0,0.0,0.0,0.0,0.0,0.0,0.0,0.0,0.0,0.0,0.0,0.0,0.0,-103.0,0.0,0.0,0.0,0.0,3.0,1.0,0.0,1200.0,84.0,61.0,2540.0,2540.0,14.4,7.2,0.0,7.2,23.9,0.0,0.0,15.0,0.0,0.0,4.6,40.3,35.2,0.0,0.0,0.0,0.0,170.0,686.0,167.0,692.0,174.0,701.0,172.0,714.0,0.0,0.0,-22.0,0.0,0.0,23.9,2.0,4.998,0.0,0.0,1.416,1.899,84.0,60.9,0.0,0.0,25.0,R,0.0,78.8,141.8,0.0,0.0,0.0,0.0,338.0,1266.8,332.6,1277.6,345.2,1293.8,341.6,1317.2,0.0,0.0,141.62,2540.0,339.35,260.55,62.82000000000001,0.7924166666666664,36167.44633333332,12.25,85.28,88.4,392.0,True,2026-09-05 12:08:19-07:00
649.06,2,9,2026-09-05 19:19:07,37.07831,-121.57462,1002.0,87.9,155.6,-12.6,0.0,,0.0,0.0,0.0,4.0,2.2,144.1,84.0,947.0,0.4,0.02,1.0,3.0,-127.0,26,87.1,29.98,2444.0,0.0,0.0,106,0.0,0.0,0.0,0.0,0.0,0.0,0.0,0.0,0.0,0.0,0.0,0.0,0.0,0.0,0.0,-103.0,0.0,0.0,0.0,0.0,3.0,1.0,0.0,1200.0,84.0,61.0,2537.0,2537.0,14.4,7.2,0.0,7.2,23.8,0.0,0.0,15.0,0.0,0.0,4.7,40.3,35.2,0.0,0.0,0.0,0.0,170.0,686.0,167.0,692.0,173.0,701.0,172.0,715.0,0.0,0.0,-22.0,0.0,0.0,23.8,2.0,4.998,0.0,0.0,1.415,1.901,84.2,61.0,0.0,0.0,25.0,R,0.0,78.8,141.8,0.0,0.0,0.0,0.0,338.0,1266.8,332.6,1277.6,343.4,1293.8,341.6,1319.0,0.0,0.0,141.8,2537.0,338.9,260.09999999999997,63.000000000000014,0.7944166666666664,36315.95733333332,12.208333333333334,84.48,87.57,392.0,True,2026-09-05 12:08:19-07:00
650.06,2,9,2026-09-05 19:19:08,37.07794,-121.57441,1000.0,87.7,155.8,-12.6,0.0,,0.0,0.0,0.0,4.1,2.5,144.1,84.9,945.0,0.4,0.02,0.9,0.0,-145.0,26,88.0,29.98,2441.0,0.0,0.0,106,0.0,0.0,0.0,0.0,0.0,0.0,0.0,0.0,0.0,0.0,0.0,0.0,0.0,0.0,0.0,-103.0,0.0,0.0,0.0,0.0,3.0,1.0,0.0,1200.0,84.0,61.0,2547.0,2547.0,14.4,7.2,0.0,7.2,23.9,0.0,0.0,15.0,0.0,0.0,4.8,40.3,35.2,0.0,0.0,0.0,0.0,170.0,686.0,167.0,692.0,173.0,701.0,172.0,714.0,0.0,0.0,-22.0,0.0,0.0,23.9,2.0,4.998,0.0,0.0,1.416,1.901,84.1,61.3,0.0,0.0,25.0,R,0.0,78.8,141.8,0.0,0.0,0.0,0.0,338.0,1266.8,332.6,1277.6,343.4,1293.8,341.6,1317.2,0.0,0.0,142.33999999999997,2547.0,338.9,260.09999999999997,63.53999999999998,0.7964166666666664,36464.046666666654,12.180555555555555,85.38000000000001,88.5,392.0,True,2026-09-05 12:08:19-07:00
651.06,2,9,2026-09-05 19:19:09,37.07757,-121.5742,996.0,87.2,156.1,-12.6,0.0,,0.0,0.0,0.0,4.1,1.7,143.5,83.9,942.0,-0.1,0.01,1.0,3.0,-145.0,26,87.0,29.98,2438.0,0.0,0.0,106,0.0,0.0,0.0,0.0,0.0,0.0,0.0,0.0,0.0,0.0,0.0,0.0,0.0,0.0,0.0,-103.0,0.0,0.0,0.0,0.0,3.0,1.0,0.0,1200.0,84.0,61.0,2540.0,2540.0,14.4,7.1,0.0,7.1,23.9,0.0,0.0,15.0,0.0,0.0,4.6,40.3,35.2,0.0,0.0,0.0,0.0,170.0,687.0,167.0,692.0,173.0,700.0,172.0,714.0,0.0,0.0,-22.0,0.0,0.0,23.9,2.0,4.998,0.0,0.0,1.416,1.838,84.1,61.5,0.0,0.0,25.0,R,0.0,78.8,141.8,0.0,0.0,0.0,0.0,338.0,1268.6,332.6,1277.6,343.4,1292.0,341.6,1317.2,0.0,0.0,142.7,2540.0,338.9,260.09999999999997,63.89999999999999,0.7984027777777776,36611.54566666665,12.281690140845072,84.38000000000001,87.46,392.0,True,2026-09-05 12:08:19-07:00
652.06,2,9,2026-09-05 19:19:10,37.0772,-121.574,992.0,86.9,156.0,-12.6,0.0,,0.0,0.0,0.0,4.1,1.4,144.1,83.8,939.0,0.0,0.01,1.0,3.0,-161.0,26,86.9,29.98,2424.0,0.0,0.0,106,0.0,0.0,0.0,0.0,0.0,0.0,0.0,0.0,0.0,0.0,0.0,0.0,1.0,0.0,0.0,-103.0,0.0,0.0,0.0,0.0,3.0,1.0,0.0,1200.0,84.0,62.0,2534.0,2534.0,14.4,7.2,0.0,7.2,23.9,0.0,0.0,15.0,0.0,0.0,4.5,40.3,35.2,0.0,0.0,0.0,0.0,170.0,687.0,167.0,692.0,173.0,701.0,172.0,714.0,0.0,0.0,-22.0,0.0,0.0,23.9,2.0,4.998,0.0,0.0,1.444,1.851,84.4,61.5,0.0,0.0,25.0,R,0.0,78.8,143.6,0.0,0.0,0.0,0.0,338.0,1268.6,332.6,1277.6,343.4,1293.8,341.6,1317.2,0.0,0.0,142.7,2534.0,338.9,260.09999999999997,63.89999999999999,0.8003888888888886,36758.36999999999,12.069444444444445,84.28,87.35,392.0,True,2026-09-05 12:08:19-07:00
653.06,2,9,2026-09-05 19:19:11,37.07683,-121.57379,988.0,86.8,156.2,-12.6,0.0,,0.0,0.0,0.0,4.1,1.5,144.2,82.4,937.0,0.2,0.02,0.9,3.0,-155.0,26,85.4,29.98,2422.0,0.0,0.0,106,0.0,0.0,0.0,0.0,0.0,0.0,0.0,0.0,0.0,0.0,0.0,0.0,1.0,0.0,0.0,-103.0,0.0,0.0,0.0,0.0,3.0,1.0,0.0,1200.0,84.0,62.0,2518.0,2518.0,14.4,7.1,0.0,7.1,24.0,0.0,0.0,15.0,0.0,0.0,4.6,40.3,35.2,0.0,0.0,0.0,0.0,170.0,687.0,167.0,692.0,173.0,701.0,172.0,714.0,0.0,0.0,-22.0,0.0,0.0,24.0,2.0,4.998,0.0,0.0,1.416,1.843,83.9,61.7,0.0,0.0,25.0,R,0.0,78.8,143.6,0.0,0.0,0.0,0.0,338.0,1268.6,332.6,1277.6,343.4,1293.8,341.6,1317.2,0.0,0.0,143.06,2518.0,338.9,260.09999999999997,64.26,0.8023749999999997,36904.85699999999,12.225352112676056,82.88000000000001,85.89,392.0,True,2026-09-05 12:08:19-07:00
654.06,2,9,2026-09-05 19:19:12,37.07646,-121.57359,983.0,86.7,156.4,-12.6,0.0,,0.0,0.0,0.0,4.7,1.1,143.3,82.2,933.0,-0.3,0.02,1.0,5.0,-185.0,26,85.2,29.98,2418.0,0.0,0.0,106,0.0,0.0,0.0,0.0,0.0,0.0,0.0,0.0,0.0,0.0,0.0,0.0,1.0,0.0,0.0,-103.0,0.0,0.0,0.0,0.0,3.0,1.0,0.0,1200.0,84.0,62.0,2523.0,2523.0,14.5,7.2,0.0,7.2,24.0,0.0,0.0,15.0,0.0,0.0,4.7,40.3,35.2,0.0,0.0,0.0,0.0,169.0,686.0,167.0,692.0,173.0,700.0,171.0,714.0,0.0,0.0,-21.0,0.0,0.0,24.0,2.0,4.998,0.0,0.0,1.416,1.838,83.7,61.8,0.0,0.0,25.0,R,0.0,78.8,143.6,0.0,0.0,0.0,0.0,336.2,1266.8,332.6,1277.6,343.4,1292.0,339.8,1317.2,0.0,0.0,143.23999999999998,2523.0,338.0,259.2,64.43999999999998,0.8043611111111109,37051.17533333332,12.041666666666666,82.68,85.68,392.0,True,2026-09-05 12:08:19-07:00
655.06,2,9,2026-09-05 19:19:13,37.0761,-121.57339,978.0,86.7,156.1,-12.6,0.0,,0.0,0.0,0.0,4.6,2.5,144.2,82.6,929.0,0.5,0.02,1.0,4.0,-195.0,26,85.6,29.98,2413.0,0.0,0.0,106,0.0,0.0,0.0,0.0,0.0,0.0,0.0,0.0,0.0,0.0,0.0,0.0,1.0,0.0,0.0,-103.0,0.0,0.0,0.0,0.0,3.0,1.0,0.0,1200.0,84.0,62.0,2521.0,2521.0,14.5,7.1,0.0,7.1,24.0,0.0,0.0,15.0,0.0,0.0,4.8,40.3,35.2,0.0,0.0,0.0,0.0,170.0,687.0,167.0,691.0,173.0,700.0,172.0,714.0,0.0,0.0,-22.0,0.0,0.0,24.0,2.0,4.998,0.0,0.0,1.416,1.852,83.7,62.1,0.0,0.0,25.0,R,0.0,78.8,143.6,0.0,0.0,0.0,0.0,338.0,1268.6,332.6,1275.8,343.4,1292.0,341.6,1317.2,0.0,0.0,143.78,2521.0,338.9,260.09999999999997,64.98,0.806347222222222,37197.40933333332,12.211267605633804,83.08,86.09,392.0,True,2026-09-05 12:08:19-07:00
656.06,2,9,2026-09-05 19:19:14,37.07573,-121.57319,974.0,86.8,156.6,-12.6,0.0,,0.0,0.0,0.0,4.5,4.0,144.0,82.0,925.0,0.7,0.02,1.0,4.0,-218.0,26,85.0,29.98,2409.0,0.0,0.0,106,0.0,0.0,0.0,0.0,0.0,0.0,0.0,0.0,0.0,0.0,0.0,0.0,0.0,0.0,0.0,-103.0,0.0,0.0,0.0,0.0,3.0,1.0,0.0,1200.0,84.0,62.0,2520.0,2520.0,14.5,7.1,0.0,7.1,23.7,0.0,0.0,15.0,0.0,0.0,4.7,40.3,35.2,0.0,0.0,0.0,0.0,170.0,687.0,167.0,691.0,173.0,700.0,172.0,714.0,0.0,0.0,-22.0,0.0,0.0,23.7,2.0,4.998,0.0,0.0,1.416,1.87,83.7,62.3,0.0,0.0,25.0,R,0.0,78.8,143.6,0.0,0.0,0.0,0.0,338.0,1268.6,332.6,1275.8,343.4,1292.0,341.6,1317.2,0.0,0.0,144.14,2520.0,338.9,260.09999999999997,65.33999999999999,0.8083194444444441,37343.72766666665,12.225352112676056,82.48,85.46,392.0,True,2026-09-05 12:08:19-07:00
657.06,1,9,2026-09-05 19:19:15,37.07536,-121.57299,969.0,86.9,157.1,-12.6,0.0,,0.0,0.0,0.0,4.6,3.0,143.4,82.9,921.0,-0.0,0.02,1.0,4.0,-242.0,26,85.9,29.98,2401.0,0.0,0.0,106,0.0,0.0,0.0,0.0,0.0,0.0,0.0,0.0,0.0,0.0,0.0,0.0,0.0,0.0,0.0,-103.0,0.0,0.0,0.0,0.0,3.0,1.0,0.0,1200.0,84.0,62.0,2521.0,2521.0,14.5,7.2,0.0,7.2,23.9,0.0,0.0,15.0,0.0,0.0,4.5,40.3,35.2,0.0,0.0,0.0,0.0,170.0,687.0,167.0,691.0,173.0,700.0,172.0,714.0,0.0,0.0,-22.0,0.0,0.0,23.9,2.0,4.998,0.0,0.0,1.416,1.84,83.6,62.3,0.0,0.0,25.0,R,0.0,78.8,143.6,0.0,0.0,0.0,0.0,338.0,1268.6,332.6,1275.8,343.4,1292.0,341.6,1317.2,0.0,0.0,144.14,2521.0,338.9,260.09999999999997,65.33999999999999,0.8103055555555553,37490.21466666665,12.069444444444445,83.38000000000001,86.39,392.0,True,2026-09-05 12:08:19-07:00
658.06,2,9,2026-09-05 19:19:16,37.07499,-121.5728,968.0,86.9,157.6,-12.6,0.0,,0.0,0.0,0.0,4.1,0.9,143.8,83.5,919.0,-0.3,0.01,1.0,3.0,-202.0,26,86.5,29.98,2398.0,0.0,0.0,106,0.0,0.0,0.0,0.0,0.0,0.0,0.0,0.0,0.0,0.0,0.0,0.0,2.0,0.0,0.0,-103.0,0.0,0.0,0.0,0.0,3.0,1.0,0.0,1200.0,84.0,62.0,2535.0,2535.0,14.5,7.1,0.0,7.1,24.0,0.0,0.0,15.0,0.0,0.0,4.6,40.3,35.2,0.0,0.0,0.0,0.0,170.0,687.0,167.0,691.0,173.0,700.0,172.0,714.0,0.0,0.0,-21.0,0.0,0.0,24.0,2.0,4.998,0.0,0.0,1.416,1.816,84.1,62.4,0.0,0.0,25.0,R,0.0,78.8,143.6,0.0,0.0,0.0,0.0,338.0,1268.6,332.6,1275.8,343.4,1292.0,341.6,1317.2,0.0,0.0,144.32,2535.0,338.9,260.09999999999997,65.52,0.8122916666666664,37636.785999999986,12.239436619718312,83.98,87.01,392.0,True,2026-09-05 12:08:19-07:00
659.06,2,9,2026-09-05 19:19:17,37.07461,-121.57261,965.0,87.1,157.9,-12.6,0.0,,0.0,0.0,0.0,4.0,2.4,144.7,82.5,915.0,-0.0,0.02,1.0,4.0,-215.0,26,85.5,29.98,2393.0,0.0,0.0,106,0.0,0.0,0.0,0.0,0.0,0.0,0.0,0.0,0.0,0.0,0.0,0.0,1.0,0.0,0.0,-103.0,0.0,0.0,0.0,0.0,3.0,1.0,0.0,1200.0,84.0,63.0,2521.0,2521.0,14.4,7.1,0.0,7.1,23.8,0.0,0.0,15.0,0.0,0.0,4.7,40.3,35.2,0.0,0.0,0.0,0.0,170.0,687.0,167.0,691.0,173.0,701.0,172.0,714.0,0.0,0.0,-21.0,0.0,0.0,23.8,2.0,4.998,0.0,0.0,1.415,1.89,84.0,62.6,0.0,0.0,25.0,R,0.0,78.8,145.4,0.0,0.0,0.0,0.0,338.0,1268.6,332.6,1275.8,343.4,1293.8,341.6,1317.2,0.0,0.0,144.68,2521.0,338.9,260.09999999999997,65.88000000000001,0.8142638888888887,37783.52599999998,12.267605633802816,82.98,85.96,392.0,True,2026-09-05 12:08:19-07:00
660.06,2,9,2026-09-05 19:19:18,37.07424,-121.57242,960.0,87.3,158.2,-12.6,0.0,,0.0,0.0,0.0,4.0,3.0,145.8,82.6,911.0,0.7,0.02,1.1,5.0,-222.0,26,85.6,29.98,2389.0,0.0,0.0,106,0.0,0.0,0.0,0.0,0.0,0.0,0.0,0.0,0.0,0.0,0.0,0.0,0.0,0.0,0.0,-103.0,0.0,0.0,0.0,0.0,3.0,1.0,0.0,1200.0,84.0,63.0,2515.0,2515.0,14.5,7.1,0.0,7.1,24.0,0.0,0.0,15.0,0.0,0.0,4.8,40.3,35.2,0.0,0.0,0.0,0.0,170.0,687.0,167.0,691.0,173.0,702.0,171.0,714.0,0.0,0.0,-22.0,0.0,0.0,24.0,2.0,4.998,0.0,0.0,1.415,1.899,84.0,62.8,0.0,0.0,25.0,R,0.0,78.8,145.4,0.0,0.0,0.0,0.0,338.0,1268.6,332.6,1275.8,343.4,1295.6,339.8,1317.2,0.0,0.0,145.04,2515.0,338.45000000000005,259.65000000000003,66.24,0.8162361111111108,37930.60333333332,12.295774647887324,83.08,86.06,392.0,True,2026-09-05 12:08:19-07:00
661.06,1,9,2026-09-05 19:19:19,37.07386,-121.57224,956.0,87.5,158.7,-12.6,0.0,,0.0,0.0,0.0,3.7,2.2,145.8,82.5,906.0,0.8,0.0,1.0,5.0,-241.0,26,85.4,29.98,2383.0,0.0,0.0,106,0.0,0.0,0.0,0.0,0.0,0.0,0.0,0.0,0.0,0.0,0.0,0.0,2.0,0.0,0.0,-103.0,0.0,0.0,0.0,0.0,3.0,1.0,0.0,1200.0,84.0,63.0,2510.0,2510.0,14.3,7.1,0.0,7.1,24.0,0.0,0.0,15.0,0.0,0.0,4.7,40.3,35.2,0.0,0.0,0.0,0.0,170.0,687.0,167.0,691.0,173.0,701.0,171.0,714.0,0.0,0.0,-22.0,0.0,0.0,24.0,2.0,4.998,0.0,0.0,1.416,1.902,83.9,63.0,0.0,0.0,25.0,R,0.0,78.8,145.4,0.0,0.0,0.0,0.0,338.0,1268.6,332.6,1275.8,343.4,1293.8,339.8,1317.2,0.0,0.0,145.4,2510.0,338.45000000000005,259.65000000000003,66.60000000000001,0.8182083333333331,38078.01799999998,12.323943661971832,82.98,85.95,392.0,True,2026-09-05 12:08:19-07:00
662.06,2,9,2026-09-05 19:19:20,37.07348,-121.57205,952.0,87.8,159.1,-12.6,0.0,,0.0,0.0,0.0,3.8,3.1,145.2,82.9,901.0,0.1,0.01,0.9,2.0,-262.0,26,85.8,29.98,2377.0,0.0,0.0,106,0.0,0.0,0.0,0.0,0.0,0.0,0.0,0.0,0.0,0.0,0.0,0.0,4.0,0.0,0.0,-102.0,0.0,0.0,0.0,0.0,3.0,1.0,0.0,1200.0,84.0,63.0,2512.0,2512.0,14.1,7.1,0.0,7.1,24.0,0.0,0.0,15.0,0.0,0.0,4.5,40.3,35.2,0.0,0.0,0.0,0.0,170.0,687.0,167.0,691.0,173.0,701.0,171.0,713.0,0.0,0.0,-22.0,0.0,0.0,24.0,2.0,4.998,0.0,0.0,1.416,1.903,83.6,63.0,0.0,0.0,24.0,R,0.0,78.8,145.4,0.0,0.0,0.0,0.0,338.0,1268.6,332.6,1275.8,343.4,1293.8,339.8,1315.4,0.0,0.0,145.4,2512.0,338.45000000000005,259.65000000000003,66.60000000000001,0.8201805555555554,38225.85433333332,12.366197183098592,83.38000000000001,86.36,392.0,True,2026-09-05 12:08:19-07:00
663.06,2,9,2026-09-05 19:19:21,37.0731,-121.57188,946.0,88.1,159.6,-12.6,0.0,,0.0,0.0,0.0,4.1,4.2,146.0,83.6,896.0,0.1,0.04,1.1,3.0,-291.0,26,86.6,29.98,2370.0,0.0,0.0,106,0.0,0.0,0.0,0.0,0.0,0.0,0.0,0.0,0.0,0.0,0.0,0.0,3.0,0.0,0.0,-103.0,0.0,0.0,0.0,0.0,3.0,0.0,0.0,1200.0,84.0,63.0,2513.0,2513.0,14.1,7.0,0.0,7.0,24.0,0.0,0.0,15.0,0.0,0.0,4.6,40.3,35.2,0.0,0.0,0.0,0.0,169.0,687.0,167.0,691.0,173.0,700.0,171.0,713.0,0.0,0.0,-22.0,0.0,0.0,24.0,2.0,4.998,0.0,0.0,1.414,1.951,83.6,63.1,0.0,0.0,23.0,R,0.0,78.8,145.4,0.0,0.0,0.0,0.0,336.2,1268.6,332.6,1275.8,343.4,1292.0,339.8,1315.4,0.0,0.0,145.57999999999998,2513.0,338.0,259.2,66.77999999999999,0.8221388888888886,38374.19666666665,12.585714285714285,84.08,87.07,392.0,True,2026-09-05 12:08:19-07:00
664.06,2,9,2026-09-05 19:19:22,37.07272,-121.5717,940.0,88.2,160.1,-12.6,0.0,,0.0,0.0,0.0,3.4,8.4,150.3,83.8,891.0,2.6,0.03,0.9,1.0,-298.0,26,86.8,29.98,2364.0,0.0,0.0,106,0.0,0.0,0.0,0.0,0.0,0.0,0.0,0.0,0.0,0.0,0.0,0.0,-2.0,0.0,0.0,-102.0,0.0,0.0,0.0,0.0,3.0,1.0,0.0,1200.0,84.0,63.0,2511.0,2511.0,14.1,7.0,0.0,7.0,24.0,0.0,0.0,15.0,0.0,0.0,4.7,40.3,35.2,0.0,0.0,0.0,0.0,169.0,687.0,167.0,691.0,173.0,701.0,171.0,713.0,0.0,0.0,-22.0,0.0,0.0,24.0,2.0,4.998,0.0,0.0,1.377,2.008,83.7,63.2,0.0,0.0,23.0,R,0.0,78.8,145.4,0.0,0.0,0.0,0.0,336.2,1268.6,332.6,1275.8,343.4,1293.8,339.8,1315.4,0.0,0.0,145.76000000000002,2511.0,338.0,259.2,66.96000000000002,0.8240833333333331,38522.87633333332,12.6,84.28,87.27,392.0,True,2026-09-05 12:08:19-07:00
665.06,2,9,2026-09-05 19:19:23,37.07233,-121.57153,931.0,88.4,162.0,-12.6,0.0,,0.0,0.0,0.0,4.0,9.6,152.1,82.3,886.0,2.8,-0.03,1.1,7.0,-302.0,26,85.2,29.98,2358.0,0.0,0.0,106,0.0,0.0,0.0,0.0,0.0,0.0,0.0,0.0,0.0,0.0,0.0,0.0,-5.0,0.0,0.0,-102.0,0.0,0.0,0.0,0.0,3.0,1.0,0.0,1200.0,84.0,63.0,2503.0,2503.0,14.1,7.0,0.0,7.0,24.0,0.0,0.0,15.0,0.0,0.0,4.8,40.3,35.2,0.0,0.0,0.0,0.0,169.0,687.0,167.0,692.0,173.0,701.0,171.0,714.0,0.0,0.0,-21.0,0.0,0.0,24.0,2.0,4.998,0.0,0.0,1.493,1.921,83.6,63.4,0.0,0.0,23.0,R,0.0,78.8,145.4,0.0,0.0,0.0,0.0,336.2,1268.6,332.6,1277.6,343.4,1293.8,339.8,1317.2,0.0,0.0,146.12,2503.0,338.0,259.2,67.32000000000001,0.8260277777777776,38671.80899999999,12.62857142857143,82.78,85.71,392.0,True,2026-09-05 12:08:19-07:00
666.06,2,9,2026-09-05 19:19:24,37.07194,-121.57138,926.0,88.4,163.3,-12.6,0.0,,0.0,0.0,0.0,4.8,5.6,151.5,82.0,880.0,0.8,0.02,1.1,9.0,-330.0,26,84.9,29.98,2351.0,0.0,0.0,106,0.0,0.0,0.0,0.0,0.0,0.0,0.0,0.0,0.0,0.0,0.0,0.0,3.0,0.0,0.0,-102.0,0.0,0.0,0.0,0.0,3.0,0.0,0.0,1200.0,84.0,64.0,2495.0,2495.0,14.1,7.0,0.0,7.0,24.0,0.0,0.0,15.0,0.0,0.0,4.7,40.3,35.2,0.0,0.0,0.0,0.0,169.0,688.0,167.0,692.0,173.0,701.0,171.0,714.0,0.0,0.0,-22.0,0.0,0.0,24.0,2.0,4.998,0.0,0.0,1.514,1.88,83.6,63.6,0.0,0.0,23.0,R,0.0,78.8,147.2,0.0,0.0,0.0,0.0,336.2,1270.4,332.6,1277.6,343.4,1293.8,339.8,1317.2,0.0,0.0,146.48,2495.0,338.0,259.2,67.67999999999999,0.827972222222222,38820.91033333332,12.62857142857143,82.48,85.39,392.0,True,2026-09-05 12:08:19-07:00
667.06,2,9,2026-09-05 19:19:25,37.07154,-121.57124,922.0,88.4,164.2,-12.6,0.0,,0.0,0.0,0.0,4.8,9.9,153.6,81.5,875.0,1.5,0.03,1.0,3.0,-309.0,26,84.3,29.98,2345.0,0.0,0.0,106,0.0,0.0,0.0,0.0,0.0,0.0,0.0,0.0,0.0,0.0,0.0,0.0,3.0,0.0,0.0,-102.0,0.0,0.0,0.0,0.0,3.0,1.0,0.0,1200.0,84.0,64.0,2489.0,2489.0,14.1,7.0,0.0,7.0,24.0,0.0,0.0,15.0,0.0,0.0,5.6,40.3,35.2,0.0,0.0,0.0,0.0,170.0,687.0,167.0,691.0,173.0,701.0,171.0,713.0,0.0,0.0,-22.0,0.0,0.0,24.0,2.0,4.998,0.0,0.0,1.47,1.902,83.7,63.7,0.0,0.0,23.0,R,0.0,78.8,147.2,0.0,0.0,0.0,0.0,338.0,1268.6,332.6,1275.8,343.4,1293.8,339.8,1315.4,0.0,0.0,146.66000000000003,2489.0,338.45000000000005,259.65000000000003,67.86000000000003,0.8299166666666664,38970.01166666665,12.62857142857143,81.98,84.87,392.0,True,2026-09-05 12:08:19-07:00
668.06,2,9,2026-09-05 19:19:26,37.07115,-121.57111,917.0,88.5,166.2,-12.6,0.0,,0.0,0.0,0.0,4.9,13.0,154.8,81.0,871.0,1.7,0.01,1.1,7.0,-281.0,26,83.8,29.98,2340.0,0.0,0.0,106,0.0,0.0,0.0,0.0,0.0,0.0,0.0,0.0,0.0,0.0,0.0,0.0,1.0,0.0,0.0,-102.0,0.0,0.0,0.0,0.0,3.0,1.0,0.0,1200.0,83.0,64.0,2477.0,2477.0,14.2,6.9,0.0,6.9,24.0,0.0,0.0,15.0,0.0,0.0,7.0,40.3,35.2,0.0,0.0,0.0,0.0,169.0,686.0,167.0,690.0,173.0,701.0,171.0,713.0,0.0,0.0,-22.0,0.0,0.0,24.0,2.0,4.998,0.0,0.0,1.415,1.84,83.4,63.8,0.0,0.0,23.0,R,0.0,78.8,147.2,0.0,0.0,0.0,0.0,336.2,1266.8,332.6,1274.0,343.4,1293.8,339.8,1315.4,0.0,0.0,146.83999999999997,2477.0,338.0,259.2,68.03999999999998,0.831847222222222,39119.197333333315,12.826086956521738,81.48,84.34,392.0,True,2026-09-05 12:08:19-07:00
669.06,2,9,2026-09-05 19:19:27,37.07075,-121.57099,913.0,88.4,168.4,-12.6,0.0,,0.0,0.0,0.0,4.6,13.5,156.7,83.0,867.0,1.6,0.05,0.9,0.0,-282.0,26,85.9,29.98,2335.0,0.0,0.0,106,0.0,0.0,0.0,0.0,0.0,0.0,0.0,0.0,0.0,0.0,0.0,0.0,2.0,0.0,0.0,-102.0,0.0,0.0,0.0,0.0,3.0,0.0,0.0,1200.0,84.0,64.0,2507.0,2507.0,14.2,6.9,0.0,6.9,24.0,0.0,0.0,15.0,0.0,0.0,8.0,40.3,35.2,0.0,0.0,0.0,0.0,169.0,685.0,167.0,691.0,173.0,701.0,171.0,713.0,0.0,0.0,-22.0,0.0,0.0,24.0,2.0,4.998,0.0,0.0,1.41,1.919,83.6,63.9,0.0,0.0,23.0,R,0.0,78.8,147.2,0.0,0.0,0.0,0.0,336.2,1265.0,332.6,1275.8,343.4,1293.8,339.8,1315.4,0.0,0.0,147.02,2507.0,338.0,259.2,68.22000000000001,0.8337638888888886,39268.38299999999,12.81159420289855,83.48,86.41,392.0,True,2026-09-05 12:08:19-07:00
670.06,2,9,2026-09-05 19:19:28,37.07035,-121.5709,909.0,88.2,171.1,-12.6,0.0,,0.0,0.0,0.0,4.3,17.1,160.3,82.8,863.0,3.0,0.01,1.1,5.0,-261.0,26,85.7,29.98,2330.0,0.0,0.0,106,0.0,0.0,0.0,0.0,0.0,0.0,0.0,0.0,0.0,0.0,0.0,0.0,1.0,0.0,0.0,-102.0,0.0,0.0,0.0,0.0,3.0,1.0,0.0,1200.0,83.0,64.0,2516.0,2516.0,14.1,6.9,0.0,6.9,24.0,0.0,0.0,15.0,0.0,0.0,8.7,40.3,35.2,0.0,0.0,0.0,0.0,169.0,684.0,167.0,690.0,173.0,701.0,171.0,714.0,0.0,0.0,-19.0,0.0,0.0,24.0,2.0,4.998,0.0,0.0,1.427,1.865,83.4,64.0,0.0,0.0,23.0,R,0.0,78.8,147.2,0.0,0.0,0.0,0.0,336.2,1263.2,332.6,1274.0,343.4,1293.8,339.8,1317.2,0.0,0.0,147.2,2516.0,338.0,259.2,68.39999999999999,0.8356805555555553,39417.315666666655,12.782608695652174,83.28,86.19,392.0,True,2026-09-05 12:08:19-07:00
671.06,2,9,2026-09-05 19:19:29,37.06994,-121.57084,906.0,88.0,174.5,-12.6,0.0,,0.0,0.0,0.0,4.7,16.7,162.0,83.9,858.0,2.3,0.02,1.0,0.0,-270.0,26,86.8,29.98,2324.0,0.0,0.0,106,0.0,0.0,0.0,0.0,0.0,0.0,0.0,0.0,0.0,0.0,0.0,0.0,1.0,0.0,0.0,-102.0,0.0,0.0,0.0,0.0,3.0,0.0,0.0,1200.0,84.0,64.0,2524.0,2524.0,14.0,6.9,0.0,6.9,24.0,0.0,0.0,15.0,0.0,0.0,8.9,40.3,35.2,0.0,0.0,0.0,0.0,169.0,685.0,167.0,691.0,173.0,701.0,171.0,714.0,0.0,0.0,-19.0,0.0,0.0,24.0,2.0,4.998,0.0,0.0,1.416,1.901,83.8,64.3,0.0,0.0,23.0,R,0.0,78.8,147.2,0.0,0.0,0.0,0.0,336.2,1265.0,332.6,1275.8,343.4,1293.8,339.8,1317.2,0.0,0.0,147.73999999999998,2524.0,338.0,259.2,68.93999999999998,0.837597222222222,39565.910999999986,12.753623188405797,84.38000000000001,87.32,392.0,True,2026-09-05 12:08:19-07:00
672.06,2,9,2026-09-05 19:19:30,37.06953,-121.5708,901.0,87.7,177.0,-12.6,0.0,,0.0,0.0,0.0,3.9,15.6,167.2,84.1,853.0,3.7,0.04,0.9,2.0,-295.0,26,87.0,29.98,2317.0,0.0,0.0,106,0.0,0.0,0.0,0.0,0.0,0.0,0.0,0.0,0.0,0.0,0.0,0.0,3.0,0.0,0.0,-101.0,0.0,0.0,0.0,0.0,3.0,1.0,0.0,1200.0,84.0,64.0,2520.0,2520.0,14.0,6.9,0.0,6.9,24.0,0.0,0.0,15.0,0.0,0.0,7.8,40.3,35.2,0.0,0.0,0.0,0.0,169.0,686.0,167.0,691.0,173.0,701.0,171.0,714.0,0.0,0.0,-19.0,0.0,0.0,24.0,2.0,4.998,0.0,0.0,1.483,1.903,83.9,64.3,0.0,0.0,23.0,R,0.0,78.8,147.2,0.0,0.0,0.0,0.0,336.2,1266.8,332.6,1275.8,343.4,1293.8,339.8,1317.2,0.0,0.0,147.73999999999998,2520.0,338.0,259.2,68.93999999999998,0.8395138888888887,39714.084666666655,12.710144927536232,84.58,87.52,392.0,True,2026-09-05 12:08:19-07:00
673.06,2,9,2026-09-05 19:19:31,37.06913,-121.57079,896.0,87.6,180.4,-12.6,0.0,,0.0,0.0,0.0,4.3,17.3,171.0,82.7,847.0,4.2,0.01,1.1,6.0,-301.0,26,85.6,29.98,2303.0,0.0,0.0,106,0.0,0.0,0.0,0.0,0.0,0.0,0.0,0.0,0.0,0.0,0.0,0.0,1.0,0.0,0.0,-101.0,0.0,0.0,0.0,0.0,3.0,1.0,0.0,1200.0,84.0,64.0,2509.0,2509.0,14.0,6.9,0.0,6.9,24.0,0.0,0.0,15.0,0.0,0.0,6.6,40.4,35.2,0.0,0.0,0.0,0.0,169.0,687.0,167.0,691.0,172.0,701.0,171.0,714.0,0.0,0.0,-19.0,0.0,0.0,24.0,2.0,4.998,0.0,0.0,1.41,1.903,83.6,64.4,0.0,0.0,23.0,R,0.0,78.8,147.2,0.0,0.0,0.0,0.0,336.2,1268.6,332.6,1275.8,341.6,1293.8,339.8,1317.2,0.0,0.0,147.92000000000002,2509.0,337.55,258.75,69.12000000000002,0.8414305555555553,39861.92099999999,12.695652173913041,83.18,86.06,392.0,True,2026-09-05 12:08:19-07:00
674.06,2,9,2026-09-05 19:19:32,37.06873,-121.57081,891.0,87.3,183.7,-12.6,0.0,,0.0,0.0,0.0,4.5,16.4,173.8,82.4,843.0,3.2,0.03,1.1,8.0,-292.0,25,85.2,29.98,2295.0,0.0,0.0,106,0.0,0.0,0.0,0.0,0.0,0.0,0.0,0.0,0.0,0.0,0.0,0.0,3.0,0.0,0.0,-101.0,0.0,0.0,0.0,0.0,3.0,1.0,0.0,1200.0,84.0,64.0,2505.0,2505.0,14.1,6.9,0.0,6.9,24.0,0.0,0.0,15.0,0.0,0.0,5.9,40.4,35.2,0.0,0.0,0.0,0.0,169.0,687.0,167.0,690.0,172.0,702.0,171.0,714.0,0.0,0.0,-19.0,0.0,0.0,24.0,2.0,4.998,0.0,0.0,1.415,1.898,83.6,64.5,0.0,0.0,23.0,R,0.0,77.0,147.2,0.0,0.0,0.0,0.0,336.2,1268.6,332.6,1274.0,341.6,1295.6,339.8,1317.2,0.0,0.0,148.1,2505.0,337.55,260.55,71.1,0.843347222222222,40009.419999999984,12.652173913043477,82.88000000000001,85.6,392.0,True,2026-09-05 12:08:19-07:00
675.06,2,9,2026-09-05 19:19:33,37.06832,-121.57085,887.0,87.2,187.3,-12.6,0.0,,0.0,0.0,0.0,4.2,17.8,177.6,83.3,840.0,3.6,0.03,1.2,10.0,-256.0,25,86.1,29.98,2291.0,0.0,0.0,106,0.0,0.0,0.0,0.0,0.0,0.0,0.0,0.0,0.0,0.0,0.0,0.0,0.0,0.0,0.0,-101.0,0.0,0.0,0.0,0.0,3.0,1.0,0.0,1200.0,84.0,65.0,2517.0,2517.0,14.1,6.9,0.0,6.9,23.8,0.0,0.0,15.0,0.0,0.0,5.6,40.4,35.2,0.0,0.0,0.0,0.0,169.0,686.0,167.0,690.0,172.0,702.0,171.0,714.0,0.0,0.0,-19.0,0.0,0.0,23.8,2.0,4.998,0.0,0.0,1.356,1.964,83.6,64.7,0.0,0.0,23.0,R,0.0,77.0,149.0,0.0,0.0,0.0,0.0,336.2,1266.8,332.6,1274.0,341.6,1295.6,339.8,1317.2,0.0,0.0,148.46,2517.0,337.55,260.55,71.46000000000001,0.8452638888888886,40156.58166666665,12.63768115942029,83.78,86.53,392.0,True,2026-09-05 12:08:19-07:00
676.06,2,9,2026-09-05 19:19:34,37.06792,-121.57094,887.0,87.1,191.5,-12.6,0.0,,0.0,0.0,0.0,3.9,16.2,180.1,83.2,838.0,3.0,0.02,0.8,0.0,-183.0,25,86.1,29.98,2289.0,0.0,0.0,106,0.0,0.0,0.0,0.0,0.0,0.0,0.0,0.0,0.0,0.0,0.0,0.0,7.0,0.0,0.0,-101.0,0.0,0.0,0.0,0.0,3.0,1.0,0.0,1200.0,84.0,65.0,2507.0,2507.0,14.1,6.9,0.0,6.9,24.0,0.0,0.0,15.0,0.0,0.0,5.5,40.4,35.2,0.0,0.0,0.0,0.0,169.0,686.0,167.0,690.0,172.0,702.0,171.0,715.0,0.0,0.0,-19.0,0.0,0.0,24.0,2.0,4.998,0.0,0.0,1.414,1.963,83.9,65.0,0.0,0.0,23.0,R,0.0,77.0,149.0,0.0,0.0,0.0,0.0,336.2,1266.8,332.6,1274.0,341.6,1295.6,339.8,1319.0,0.0,0.0,149.0,2507.0,337.55,260.55,72.0,0.8471805555555553,40303.57466666665,12.6231884057971,83.68,86.42,392.0,True,2026-09-05 12:08:19-07:00
677.06,2,9,2026-09-05 19:19:35,37.06753,-121.57104,883.0,86.7,194.4,-12.6,0.0,,0.0,0.0,0.0,3.6,23.4,184.2,83.5,838.0,3.5,0.01,1.1,1.0,-110.0,25,86.4,29.98,2289.0,0.0,0.0,106,0.0,0.0,0.0,0.0,0.0,0.0,0.0,0.0,0.0,0.0,0.0,0.0,1.0,0.0,0.0,-101.0,0.0,0.0,0.0,0.0,3.0,1.0,0.0,1200.0,84.0,65.0,2511.0,2511.0,14.1,6.9,0.0,6.9,23.9,0.0,0.0,15.0,0.0,0.0,5.3,40.4,35.2,0.0,0.0,0.0,0.0,169.0,687.0,167.0,690.0,172.0,702.0,171.0,715.0,0.0,0.0,-19.0,0.0,0.0,23.9,2.0,4.998,0.0,0.0,1.467,1.957,83.6,65.1,0.0,0.0,23.0,R,0.0,77.0,149.0,0.0,0.0,0.0,0.0,336.2,1268.6,332.6,1274.0,341.6,1295.6,339.8,1319.0,0.0,0.0,149.18,2511.0,337.55,260.55,72.18,0.849097222222222,40450.145999999986,12.565217391304348,83.98,86.73,392.0,True,2026-09-05 12:08:19-07:00
678.06,2,9,2026-09-05 19:19:36,37.06715,-121.57119,879.0,85.9,199.0,-12.6,0.0,,0.0,0.0,0.0,2.9,21.3,188.8,83.4,837.0,4.0,0.05,1.1,0.0,-104.0,26,86.3,29.98,2289.0,0.0,0.0,106,0.0,0.0,0.0,0.0,0.0,0.0,0.0,0.0,0.0,0.0,0.0,0.0,-2.0,0.0,0.0,-102.0,0.0,0.0,0.0,0.0,3.0,1.0,0.0,1200.0,84.0,65.0,2512.0,2512.0,14.1,6.9,0.0,6.9,31.7,0.0,0.0,15.0,0.0,0.0,6.3,40.4,35.2,0.0,0.0,0.0,0.0,169.0,688.0,167.0,691.0,172.0,702.0,171.0,715.0,0.0,0.0,-19.0,0.0,0.0,31.7,2.0,4.998,0.0,0.0,1.478,2.047,83.7,65.2,0.0,0.0,23.0,R,0.0,78.8,149.0,0.0,0.0,0.0,0.0,336.2,1270.4,332.6,1275.8,341.6,1295.6,339.8,1319.0,0.0,0.0,149.36,2512.0,337.55,258.75,70.56000000000002,0.8510138888888886,40595.70533333332,12.44927536231884,83.88000000000001,86.77,392.0,True,2026-09-05 12:08:19-07:00
679.06,2,9,2026-09-05 19:19:37,37.06678,-121.57137,874.0,85.2,203.2,-12.6,0.0,,0.0,0.0,0.0,0.4,20.1,195.8,82.7,834.0,6.0,-0.03,1.0,0.0,-139.0,25,85.5,29.98,2284.0,0.0,0.0,106,0.0,0.0,0.0,0.0,0.0,0.0,0.0,0.0,0.0,0.0,0.0,0.0,4.0,0.0,0.0,-101.0,0.0,0.0,0.0,0.0,3.0,1.0,0.0,1200.0,84.0,65.0,2528.0,2528.0,14.4,7.0,0.0,7.0,32.3,0.0,0.0,15.0,0.0,0.0,7.6,40.4,35.2,0.0,0.0,0.0,0.0,169.0,689.0,167.0,692.0,172.0,702.0,171.0,715.0,0.0,0.0,-19.0,0.0,0.0,32.3,2.0,4.998,0.0,0.0,1.493,2.043,83.9,65.4,0.0,0.0,24.0,R,0.0,77.0,149.0,0.0,0.0,0.0,0.0,336.2,1272.2,332.6,1277.6,341.6,1295.6,339.8,1319.0,0.0,0.0,149.72,2528.0,337.55,260.55,72.72,0.8529444444444442,40739.99966666665,12.171428571428573,83.18,85.9,392.0,True,2026-09-05 12:08:19-07:00
680.06,2,9,2026-09-05 19:19:38,37.06642,-121.57158,867.0,84.6,208.1,-12.6,0.0,,0.0,0.0,0.0,0.4,23.4,198.0,81.9,830.0,3.9,0.02,1.0,0.0,-171.0,26,84.7,29.98,2280.0,0.0,0.0,106,0.0,0.0,0.0,0.0,0.0,0.0,0.0,0.0,0.0,0.0,0.0,0.0,2.0,0.0,0.0,-101.0,0.0,0.0,0.0,0.0,3.0,1.0,0.0,1200.0,84.0,65.0,2549.0,2549.0,14.8,7.1,0.0,7.1,32.3,0.0,0.0,15.0,0.0,0.0,8.3,40.4,35.2,0.0,0.0,0.0,0.0,169.0,689.0,167.0,693.0,172.0,702.0,171.0,715.0,0.0,0.0,-19.0,0.0,0.0,32.3,2.0,4.998,0.0,0.0,1.527,2.07,84.2,65.5,0.0,0.0,25.0,R,0.0,78.8,149.0,0.0,0.0,0.0,0.0,336.2,1272.2,332.6,1279.4,341.6,1295.6,339.8,1319.0,0.0,0.0,149.9,2549.0,337.55,258.75,71.10000000000001,0.8549027777777776,40883.19766666665,11.915492957746478,82.38000000000001,85.21,392.0,True,2026-09-05 12:08:19-07:00
681.06,2,9,2026-09-05 19:19:39,37.06608,-121.57183,859.0,84.7,212.3,-12.6,0.0,,0.0,0.0,0.0,-1.6,24.5,204.9,81.9,824.0,5.4,0.01,1.1,1.0,-250.0,26,84.7,29.98,2273.0,0.0,0.0,106,0.0,0.0,0.0,0.0,0.0,0.0,0.0,0.0,0.0,0.0,0.0,0.0,-2.0,0.0,0.0,-100.0,0.0,0.0,0.0,0.0,3.0,1.0,0.0,1200.0,85.0,66.0,2536.0,2536.0,15.6,7.3,0.0,7.3,32.1,0.0,0.0,14.9,0.0,0.0,8.4,40.4,35.2,0.0,0.0,0.0,0.0,169.0,689.0,167.0,694.0,172.0,703.0,171.0,715.0,0.0,0.0,-17.0,0.0,0.0,32.1,2.0,4.998,0.0,0.0,1.527,1.992,84.5,65.8,0.0,0.0,28.0,R,0.0,78.8,150.8,0.0,0.0,0.0,0.0,336.2,1272.2,332.6,1281.2,341.6,1297.4,339.8,1319.0,0.0,0.0,150.44,2536.0,337.55,258.75,71.64,0.8569027777777776,41025.97399999999,11.602739726027398,82.38000000000001,85.2,392.0,True,2026-09-05 12:08:19-07:00
682.06,2,9,2026-09-05 19:19:40,37.06576,-121.57211,850.0,85.2,218.9,-12.6,0.0,,0.0,0.0,0.0,-0.8,21.5,207.3,81.9,816.0,4.0,0.01,1.0,0.0,-351.0,25,84.7,29.98,2262.0,0.0,0.0,106,0.0,0.0,0.0,0.0,0.0,0.0,0.0,0.0,0.0,0.0,0.0,0.0,0.0,0.0,0.0,-100.0,0.0,0.0,0.0,0.0,3.0,1.0,0.0,1200.0,85.0,66.0,2545.0,2545.0,15.9,7.5,0.0,7.5,32.0,0.0,0.0,14.9,0.0,0.0,8.1,40.4,35.2,0.0,0.0,0.0,0.0,169.0,690.0,167.0,695.0,172.0,702.0,171.0,715.0,0.0,0.0,-12.0,0.0,0.0,32.0,2.0,4.998,0.0,0.0,1.541,1.958,84.5,65.9,0.0,0.0,31.0,R,0.0,77.0,150.8,0.0,0.0,0.0,0.0,336.2,1274.0,332.6,1283.0,341.6,1295.6,339.8,1319.0,0.0,0.0,150.62,2545.0,337.55,260.55,73.62,0.858958333333333,41169.25633333332,11.360000000000001,82.38000000000001,85.05,392.0,True,2026-09-05 12:08:19-07:00
683.06,2,9,2026-09-05 19:19:41,37.06546,-121.57243,842.0,85.9,222.6,-12.6,0.0,,0.0,0.0,0.0,-0.9,19.5,213.3,84.2,808.0,4.7,0.02,1.1,0.0,-411.0,25,87.0,29.98,2251.0,0.0,0.0,106,0.0,0.0,0.0,0.0,0.0,0.0,0.0,0.0,0.0,0.0,0.0,0.0,-2.0,0.0,0.0,-99.0,0.0,0.0,0.0,0.0,3.0,1.0,0.0,1200.0,85.0,66.0,2550.0,2550.0,16.1,7.6,0.0,7.6,31.9,0.0,0.0,14.9,0.0,0.0,8.1,40.4,35.2,0.0,0.0,0.0,0.0,169.0,690.0,167.0,694.0,172.0,702.0,171.0,714.0,0.0,0.0,-12.0,0.0,0.0,31.9,2.0,4.998,0.0,0.0,1.523,1.959,84.6,66.0,0.0,0.0,32.0,R,0.0,77.0,150.8,0.0,0.0,0.0,0.0,336.2,1274.0,332.6,1281.2,341.6,1295.6,339.8,1317.2,0.0,0.0,150.8,2550.0,337.55,260.55,73.80000000000001,0.8610555555555554,41313.550666666655,11.30263157894737,84.68,87.41,392.0,True,2026-09-05 12:08:19-07:00
684.06,2,9,2026-09-05 19:19:42,37.06518,-121.57278,833.0,86.4,227.5,-12.6,0.0,,0.0,0.0,0.0,0.2,17.4,216.1,84.8,800.0,3.9,0.0,1.1,0.0,-439.0,25,87.7,29.98,2241.0,0.0,0.0,106,0.0,0.0,0.0,0.0,0.0,0.0,0.0,0.0,0.0,0.0,0.0,0.0,0.0,0.0,0.0,-101.0,0.0,0.0,0.0,0.0,3.0,1.0,0.0,1200.0,84.0,66.0,2544.0,2544.0,16.2,7.7,0.0,7.7,31.9,0.0,0.0,14.9,0.0,0.0,8.2,40.4,35.2,0.0,0.0,0.0,0.0,169.0,690.0,167.0,694.0,172.0,702.0,171.0,713.0,0.0,0.0,-12.0,0.0,0.0,31.9,2.0,4.998,0.0,0.0,1.522,1.963,84.5,66.1,0.0,0.0,33.0,R,0.0,77.0,150.8,0.0,0.0,0.0,0.0,336.2,1274.0,332.6,1281.2,341.6,1295.6,339.8,1315.4,0.0,0.0,150.98,2544.0,337.55,260.55,73.97999999999999,0.8631805555555553,41458.85699999998,11.220779220779221,85.28,88.01,392.0,True,2026-09-05 12:08:19-07:00
685.06,1,9,2026-09-05 19:19:43,37.06492,-121.57317,828.0,86.7,230.8,-12.6,0.0,,0.0,0.0,0.0,-0.5,15.3,219.7,85.2,792.0,3.4,0.01,1.0,0.0,-461.0,25,88.0,29.98,2231.0,0.0,0.0,106,0.0,0.0,0.0,0.0,0.0,0.0,0.0,0.0,0.0,0.0,0.0,0.0,0.0,0.0,0.0,-101.0,0.0,0.0,0.0,0.0,3.0,1.0,0.0,1200.0,85.0,66.0,2542.0,2542.0,16.3,7.8,0.0,7.8,32.0,0.0,0.0,14.9,0.0,0.0,8.4,40.4,35.2,0.0,0.0,0.0,0.0,169.0,691.0,168.0,695.0,172.0,701.0,171.0,713.0,0.0,0.0,-12.0,0.0,0.0,32.0,2.0,4.998,0.0,0.0,1.575,1.962,84.6,66.3,0.0,0.0,34.0,R,0.0,77.0,150.8,0.0,0.0,0.0,0.0,336.2,1275.8,334.4,1283.0,341.6,1293.8,339.8,1315.4,0.0,0.0,151.33999999999997,2542.0,338.0,261.0,74.33999999999997,0.8653333333333331,41604.83799999998,11.115384615384617,85.68,88.41,392.0,True,2026-09-05 12:08:19-07:00
686.06,2,9,2026-09-05 19:19:44,37.06467,-121.57356,819.0,87.1,234.5,-12.6,0.0,,0.0,0.0,0.0,-0.9,15.8,223.6,86.6,785.0,3.7,0.02,1.0,0.0,-441.0,25,89.5,29.98,2223.0,0.0,0.0,106,0.0,0.0,0.0,0.0,0.0,0.0,0.0,0.0,0.0,0.0,0.0,0.0,-4.0,0.0,0.0,-101.0,0.0,0.0,0.0,0.0,3.0,1.0,0.0,1200.0,85.0,67.0,2549.0,2549.0,16.3,7.9,0.0,7.9,32.0,0.0,0.0,14.9,0.0,0.0,8.5,40.4,35.2,0.0,0.0,0.0,0.0,170.0,690.0,168.0,695.0,172.0,701.0,172.0,712.0,0.0,0.0,-12.0,0.0,0.0,32.0,2.0,4.998,0.0,0.0,1.638,1.971,84.6,66.5,0.0,0.0,34.0,R,0.0,77.0,152.6,0.0,0.0,0.0,0.0,338.0,1274.0,334.4,1283.0,341.6,1293.8,341.6,1313.6,0.0,0.0,151.7,2549.0,338.9,261.9,74.69999999999999,0.8675138888888887,41751.409333333315,11.025316455696201,87.08,89.85,392.0,True,2026-09-05 12:08:19-07:00
687.06,2,9,2026-09-05 19:19:45,37.06445,-121.57398,811.0,87.6,237.6,-12.6,0.0,,0.0,0.0,0.0,-1.8,13.6,227.4,87.1,778.0,3.6,-0.01,1.0,0.0,-437.0,25,90.0,29.98,2214.0,0.0,0.0,106,0.0,0.0,0.0,0.0,0.0,0.0,0.0,0.0,0.0,0.0,0.0,0.0,-4.0,0.0,0.0,-101.0,0.0,0.0,0.0,0.0,3.0,1.0,0.0,1200.0,85.0,67.0,2535.0,2535.0,16.5,8.0,0.0,8.0,32.0,0.0,0.0,14.9,0.0,0.0,8.2,40.4,35.2,0.0,0.0,0.0,0.0,170.0,691.0,168.0,695.0,172.0,701.0,172.0,713.0,0.0,0.0,-12.0,0.0,0.0,32.0,2.0,4.998,0.0,0.0,1.559,1.982,84.7,66.7,0.0,0.0,35.0,R,0.0,77.0,152.6,0.0,0.0,0.0,0.0,338.0,1275.8,334.4,1283.0,341.6,1293.8,341.6,1315.4,0.0,0.0,152.06,2535.0,338.9,261.9,75.06,0.869722222222222,41898.739666666654,10.95,87.58,90.35,392.0,True,2026-09-05 12:08:19-07:00
688.06,2,9,2026-09-05 19:19:46,37.06424,-121.57442,804.0,88.2,240.9,-12.6,0.0,,0.0,0.0,0.0,-1.4,10.8,228.9,86.9,771.0,2.4,0.03,1.1,0.0,-411.0,25,89.7,29.98,2206.0,0.0,0.0,106,0.0,0.0,0.0,0.0,0.0,0.0,0.0,0.0,0.0,0.0,0.0,0.0,-3.0,0.0,0.0,-101.0,0.0,0.0,0.0,0.0,3.0,1.0,0.0,1200.0,85.0,67.0,2547.0,2547.0,16.5,8.0,0.0,8.0,32.0,0.0,0.0,14.9,0.0,0.0,8.2,40.4,35.2,0.0,0.0,0.0,0.0,170.0,691.0,168.0,696.0,173.0,701.0,172.0,712.0,0.0,0.0,-12.0,0.0,0.0,32.0,2.0,4.998,0.0,0.0,1.472,2.004,84.5,66.7,0.0,0.0,35.0,R,0.0,77.0,152.6,0.0,0.0,0.0,0.0,338.0,1275.8,334.4,1284.8,343.4,1293.8,341.6,1313.6,0.0,0.0,152.06,2547.0,339.35,262.35,75.06,0.8719444444444442,42046.997666666655,11.025,87.38000000000001,90.13,392.0,True,2026-09-05 12:08:19-07:00
689.06,2,9,2026-09-05 19:19:47,37.06404,-121.57487,799.0,88.9,243.0,-12.6,0.0,,0.0,0.0,0.0,-1.9,12.7,233.4,87.0,765.0,3.5,-0.0,1.0,0.0,-397.0,25,89.9,29.98,2199.0,0.0,0.0,106,0.0,0.0,0.0,0.0,0.0,0.0,0.0,0.0,0.0,0.0,0.0,0.0,-6.0,0.0,0.0,-101.0,0.0,0.0,0.0,0.0,3.0,1.0,0.0,1200.0,84.0,67.0,2540.0,2540.0,16.5,8.0,0.0,8.0,32.0,0.0,0.0,14.9,0.0,0.0,8.3,40.4,35.2,0.0,0.0,0.0,0.0,170.0,691.0,168.0,695.0,173.0,700.0,172.0,712.0,0.0,0.0,-12.0,0.0,0.0,32.0,2.0,4.998,0.0,0.0,1.582,1.962,84.4,66.9,0.0,0.0,35.0,R,0.0,77.0,152.6,0.0,0.0,0.0,0.0,338.0,1275.8,334.4,1283.0,343.4,1292.0,341.6,1313.6,0.0,0.0,152.42000000000002,2540.0,339.35,262.35,75.42000000000002,0.8741666666666664,42196.351999999984,11.1125,87.48,90.23,392.0,True,2026-09-05 12:08:19-07:00
690.06,2,9,2026-09-05 19:19:48,37.06386,-121.57533,792.0,89.4,245.1,-12.6,0.0,,0.0,0.0,0.0,-2.3,6.6,235.5,88.3,760.0,2.8,-0.04,0.9,0.0,-371.0,25,91.2,29.98,2192.0,0.0,0.0,106,0.0,0.0,0.0,0.0,0.0,0.0,0.0,0.0,0.0,0.0,0.0,0.0,-7.0,0.0,0.0,-102.0,0.0,0.0,0.0,0.0,3.0,1.0,0.0,1200.0,85.0,67.0,2540.0,2540.0,16.5,8.0,0.0,8.0,32.1,0.0,0.0,14.9,0.0,0.0,8.4,40.4,35.2,0.0,0.0,0.0,0.0,170.0,692.0,168.0,696.0,173.0,701.0,172.0,713.0,0.0,0.0,-12.0,0.0,0.0,32.1,2.0,4.998,0.0,0.0,1.633,2.006,84.8,67.0,0.0,0.0,35.0,R,0.0,77.0,152.6,0.0,0.0,0.0,0.0,338.0,1277.6,334.4,1284.8,343.4,1293.8,341.6,1315.4,0.0,0.0,152.6,2540.0,339.35,262.35,75.6,0.8763888888888887,42346.718333333316,11.175,88.78,91.56,392.0,True,2026-09-05 12:08:19-07:00
691.06,2,9,2026-09-05 19:19:49,37.0637,-121.57581,785.0,89.9,246.4,-12.6,0.0,,0.0,0.0,0.0,-2.3,1.4,233.2,88.4,753.0,-0.3,0.03,0.9,0.0,-388.0,25,91.4,29.98,2184.0,0.0,0.0,106,0.0,0.0,0.0,0.0,0.0,0.0,0.0,0.0,0.0,0.0,0.0,0.0,0.0,0.0,0.0,-102.0,0.0,0.0,0.0,0.0,3.0,1.0,0.0,1200.0,85.0,67.0,2540.0,2540.0,16.5,8.0,0.0,8.0,32.2,0.0,0.0,14.9,0.0,0.0,8.5,40.4,35.2,0.0,0.0,0.0,0.0,170.0,692.0,168.0,697.0,173.0,701.0,172.0,713.0,0.0,0.0,-12.0,0.0,0.0,32.2,2.0,4.998,0.0,0.0,1.663,2.058,84.7,67.3,0.0,0.0,35.0,R,0.0,77.0,152.6,0.0,0.0,0.0,0.0,338.0,1277.6,334.4,1286.6,343.4,1293.8,341.6,1315.4,0.0,0.0,153.14,2540.0,339.35,262.35,76.13999999999999,0.8786111111111109,42497.927999999985,11.2375,88.88000000000001,91.65,392.0,True,2026-09-05 12:08:19-07:00
692.06,2,9,2026-09-05 19:19:50,37.06353,-121.57629,773.0,90.2,246.1,-12.6,0.0,,0.0,0.0,0.0,-2.4,2.0,235.5,90.7,743.0,1.0,-0.0,1.0,0.0,-465.0,25,93.6,29.98,2171.0,0.0,0.0,106,0.0,0.0,0.0,0.0,0.0,0.0,0.0,0.0,0.0,0.0,0.0,0.0,-1.0,0.0,0.0,-101.0,0.0,0.0,0.0,0.0,3.0,1.0,0.0,1200.0,84.0,67.0,2554.0,2554.0,15.6,8.0,0.0,8.0,32.5,0.0,0.0,14.9,0.0,0.0,8.3,40.4,35.2,0.0,0.0,0.0,0.0,170.0,692.0,168.0,696.0,173.0,700.0,172.0,713.0,0.0,0.0,-12.0,0.0,0.0,32.5,2.0,4.998,0.0,0.0,1.663,2.106,84.2,67.4,0.0,0.0,34.0,R,0.0,77.0,152.6,0.0,0.0,0.0,0.0,338.0,1277.6,334.4,1284.8,343.4,1292.0,341.6,1315.4,0.0,0.0,153.32,2554.0,339.35,262.35,76.32,0.8808333333333331,42649.81233333332,11.275,91.18,94.01,392.0,True,2026-09-05 12:08:19-07:00
693.06,2,9,2026-09-05 19:19:51,37.06336,-121.57676,760.0,90.4,246.7,-12.6,0.0,,0.0,0.0,0.0,-1.3,1.3,235.2,89.4,733.0,0.3,0.02,1.1,0.0,-527.0,25,92.3,29.98,2159.0,0.0,0.0,106,0.0,0.0,0.0,0.0,0.0,0.0,0.0,0.0,0.0,0.0,0.0,0.0,0.0,0.0,0.0,-101.0,0.0,0.0,0.0,0.0,3.0,1.0,0.0,1200.0,84.0,67.0,2531.0,2531.0,15.3,7.8,0.0,7.8,32.5,0.0,0.0,14.9,0.0,0.0,8.3,40.4,35.2,0.0,0.0,0.0,0.0,170.0,691.0,169.0,696.0,173.0,701.0,172.0,714.0,0.0,0.0,-7.0,0.0,0.0,32.5,2.0,4.998,0.0,0.0,1.663,2.096,84.4,67.4,0.0,0.0,31.0,R,0.0,77.0,152.6,0.0,0.0,0.0,0.0,338.0,1275.8,336.2,1284.8,343.4,1293.8,341.6,1317.2,0.0,0.0,153.32,2531.0,339.8,262.8,76.32,0.8830277777777775,42802.11833333332,11.589743589743591,89.88000000000001,92.65,392.0,True,2026-09-05 12:08:19-07:00
694.06,2,9,2026-09-05 19:19:52,37.06319,-121.57724,752.0,90.4,246.7,-12.6,0.0,,0.0,0.0,0.0,-1.4,1.1,236.1,89.3,723.0,0.5,0.0,1.1,0.0,-551.0,25,92.2,29.98,2147.0,0.0,0.0,106,0.0,0.0,0.0,0.0,0.0,0.0,0.0,0.0,0.0,0.0,0.0,0.0,1.0,0.0,0.0,-101.0,0.0,0.0,0.0,0.0,3.0,1.0,0.0,1200.0,85.0,68.0,2531.0,2531.0,15.1,7.7,0.0,7.7,32.5,0.0,0.0,14.9,0.0,0.0,8.4,40.4,35.2,0.0,0.0,0.0,0.0,170.0,691.0,169.0,696.0,173.0,701.0,172.0,714.0,0.0,0.0,-5.0,0.0,0.0,32.5,2.0,4.998,0.0,0.0,1.663,2.072,84.5,67.5,0.0,0.0,30.0,R,0.0,77.0,154.4,0.0,0.0,0.0,0.0,338.0,1275.8,336.2,1284.8,343.4,1293.8,341.6,1317.2,0.0,0.0,153.5,2531.0,339.8,262.8,76.5,0.8851805555555553,42954.592999999986,11.740259740259742,89.78,92.53,392.0,True,2026-09-05 12:08:19-07:00
695.06,2,9,2026-09-05 19:19:53,37.06303,-121.57772,743.0,90.1,247.0,-12.6,0.0,,0.0,0.0,0.0,-0.6,0.4,235.9,87.1,714.0,0.1,0.02,1.1,0.0,-534.0,25,89.9,29.98,2136.0,0.0,0.0,106,0.0,0.0,0.0,0.0,0.0,0.0,0.0,0.0,0.0,0.0,0.0,0.0,0.0,0.0,0.0,-101.0,0.0,0.0,0.0,0.0,3.0,1.0,0.0,1200.0,84.0,68.0,2524.0,2524.0,14.2,7.5,0.0,7.5,32.7,0.0,0.0,14.9,0.0,0.0,8.5,40.4,35.2,0.0,0.0,0.0,0.0,170.0,691.0,169.0,695.0,173.0,700.0,172.0,714.0,0.0,0.0,-5.0,0.0,0.0,32.7,2.0,4.998,0.0,0.0,1.677,2.034,83.9,67.7,0.0,0.0,27.0,R,0.0,77.0,154.4,0.0,0.0,0.0,0.0,338.0,1275.8,336.2,1283.0,343.4,1292.0,341.6,1317.2,0.0,0.0,153.86,2524.0,339.8,262.8,76.86000000000001,0.8872916666666664,43106.81466666665,12.013333333333332,87.58,90.25,392.0,True,2026-09-05 12:08:19-07:00
696.06,2,9,2026-09-05 19:19:54,37.06286,-121.5782,738.0,89.4,246.8,-12.6,0.0,,0.0,0.0,0.0,-1.2,2.1,236.9,87.9,709.0,0.4,-0.02,0.8,0.0,-472.0,25,90.8,29.98,2129.0,0.0,0.0,106,0.0,0.0,0.0,0.0,0.0,0.0,0.0,0.0,0.0,0.0,0.0,0.0,2.0,0.0,0.0,-102.0,0.0,0.0,0.0,0.0,3.0,1.0,0.0,1200.0,83.0,68.0,2503.0,2503.0,13.4,7.3,0.0,7.3,32.7,0.0,0.0,14.9,0.0,0.0,8.7,40.4,35.2,0.0,0.0,0.0,0.0,170.0,690.0,169.0,694.0,173.0,701.0,172.0,713.0,0.0,0.0,-5.0,0.0,0.0,32.7,2.0,4.998,0.0,0.0,1.764,2.148,83.2,67.9,0.0,0.0,23.0,R,0.0,77.0,154.4,0.0,0.0,0.0,0.0,338.0,1274.0,336.2,1281.2,343.4,1293.8,341.6,1315.4,0.0,0.0,154.22,2503.0,339.8,262.8,77.22,0.889347222222222,43258.192999999985,12.246575342465755,88.38000000000001,91.06,392.0,True,2026-09-05 12:08:19-07:00
697.06,2,9,2026-09-05 19:19:55,37.0627,-121.57867,729.0,88.5,247.3,-12.6,0.0,,0.0,0.0,0.0,-1.1,3.4,236.3,87.8,701.0,-0.2,0.02,1.0,0.0,-464.0,25,90.6,29.98,2120.0,0.0,0.0,106,0.0,0.0,0.0,0.0,0.0,0.0,0.0,0.0,0.0,0.0,0.0,0.0,1.0,0.0,0.0,-99.0,0.0,0.0,0.0,0.0,3.0,1.0,0.0,1200.0,83.0,68.0,2503.0,2503.0,13.2,7.1,0.0,7.1,32.7,0.0,0.0,14.9,0.0,0.0,8.5,40.4,35.2,0.0,0.0,0.0,0.0,170.0,690.0,169.0,692.0,173.0,700.0,172.0,712.0,0.0,0.0,-2.0,0.0,0.0,32.7,2.0,4.998,0.0,0.0,1.764,2.126,83.0,68.0,0.0,0.0,20.0,R,0.0,77.0,154.4,0.0,0.0,0.0,0.0,338.0,1274.0,336.2,1277.6,343.4,1292.0,341.6,1313.6,0.0,0.0,154.4,2503.0,339.8,262.8,77.4,0.891347222222222,43408.22199999999,12.464788732394366,88.28,90.95,392.0,True,2026-09-05 12:08:19-07:00
698.06,2,9,2026-09-05 19:19:56,37.06255,-121.57914,721.0,87.6,247.8,-12.6,0.0,,0.0,0.0,0.0,-0.4,3.3,237.4,87.2,694.0,0.6,-0.01,1.0,0.0,-442.0,25,90.0,29.98,2111.0,0.0,0.0,106,0.0,0.0,0.0,0.0,0.0,0.0,0.0,0.0,0.0,0.0,0.0,0.0,1.0,0.0,0.0,-100.0,0.0,0.0,0.0,0.0,3.0,1.0,0.0,1200.0,83.0,68.0,2489.0,2489.0,13.1,6.9,0.0,6.9,32.8,0.0,0.0,14.9,0.0,0.0,8.3,40.4,35.2,0.0,0.0,0.0,0.0,170.0,690.0,168.0,691.0,173.0,699.0,172.0,712.0,0.0,0.0,-2.0,0.0,0.0,32.8,2.0,4.998,0.0,0.0,1.697,2.031,83.3,68.1,0.0,0.0,19.0,R,0.0,77.0,154.4,0.0,0.0,0.0,0.0,338.0,1274.0,334.4,1275.8,343.4,1290.2,341.6,1313.6,0.0,0.0,154.57999999999998,2489.0,339.35,262.35,77.57999999999998,0.8932916666666664,43556.732999999986,12.695652173913041,87.68,90.32,392.0,True,2026-09-05 12:08:19-07:00
699.06,2,9,2026-09-05 19:19:57,37.06239,-121.57961,715.0,86.5,248.6,-12.6,0.0,,0.0,0.0,0.0,-0.0,9.0,237.9,86.5,687.0,0.6,0.01,1.0,0.0,-448.0,25,89.2,29.98,2102.0,0.0,0.0,106,0.0,0.0,0.0,0.0,0.0,0.0,0.0,0.0,0.0,0.0,0.0,0.0,6.0,0.0,0.0,-100.0,0.0,0.0,0.0,0.0,3.0,1.0,0.0,1200.0,82.0,68.0,2436.0,2436.0,12.9,6.8,0.0,6.8,33.0,0.0,0.0,14.9,0.0,0.0,8.4,40.4,35.2,0.0,0.0,0.0,0.0,170.0,690.0,169.0,690.0,173.0,699.0,172.0,711.0,0.0,0.0,-2.0,0.0,0.0,33.0,2.0,4.998,0.0,0.0,1.72,2.051,82.5,68.1,0.0,0.0,17.0,R,0.0,77.0,154.4,0.0,0.0,0.0,0.0,338.0,1274.0,336.2,1274.0,343.4,1290.2,341.6,1311.8,0.0,0.0,154.57999999999998,2436.0,339.8,262.8,77.57999999999998,0.8951944444444442,43703.557333333316,12.720588235294118,86.98,89.58,392.0,True,2026-09-05 12:08:19-07:00
700.06,2,9,2026-09-05 19:19:58,37.06225,-121.58008,708.0,85.3,250.2,-12.6,0.0,,0.0,0.0,0.0,0.0,11.2,241.4,85.6,681.0,2.2,0.02,1.0,0.0,-408.0,25,88.3,29.98,2095.0,0.0,0.0,106,0.0,0.0,0.0,0.0,0.0,0.0,0.0,0.0,0.0,0.0,0.0,0.0,2.0,0.0,0.0,-100.0,0.0,0.0,0.0,0.0,3.0,1.0,0.0,1200.0,82.0,68.0,2418.0,2418.0,12.8,6.6,0.0,6.6,33.0,0.0,0.0,14.9,0.0,0.0,9.3,40.4,35.2,0.0,0.0,0.0,0.0,170.0,690.0,168.0,691.0,173.0,698.0,172.0,710.0,0.0,0.0,-2.0,0.0,0.0,33.0,2.0,4.998,0.0,0.0,1.707,2.048,82.2,68.3,0.0,0.0,16.0,R,0.0,77.0,154.4,0.0,0.0,0.0,0.0,338.0,1274.0,334.4,1275.8,343.4,1288.4,341.6,1310.0,0.0,0.0,154.94,2418.0,339.35,262.35,77.94,0.8970555555555553,43848.44199999999,12.924242424242424,86.08,88.65,392.0,True,2026-09-05 12:08:19-07:00
701.06,2,9,2026-09-05 19:19:59,37.06213,-121.58054,703.0,84.1,253.1,-12.6,0.0,,0.0,0.0,0.0,0.4,14.3,244.0,83.8,675.0,2.7,-0.01,1.0,0.0,-384.0,25,86.4,29.98,2087.0,0.0,0.0,106,0.0,0.0,0.0,0.0,0.0,0.0,0.0,0.0,0.0,0.0,0.0,0.0,2.0,0.0,0.0,-100.0,0.0,0.0,0.0,0.0,3.0,1.0,0.0,1200.0,82.0,68.0,2384.0,2384.0,12.7,6.5,0.0,6.5,33.0,0.0,0.0,14.9,0.0,0.0,11.0,40.4,35.2,0.0,0.0,0.0,0.0,169.0,690.0,168.0,692.0,173.0,699.0,172.0,709.0,0.0,0.0,-2.0,0.0,0.0,33.0,2.0,4.998,0.0,0.0,1.765,1.978,82.1,68.5,0.0,0.0,14.0,R,0.0,77.0,154.4,0.0,0.0,0.0,0.0,336.2,1274.0,334.4,1277.6,343.4,1290.2,341.6,1308.2,0.0,0.0,155.3,2384.0,338.9,261.9,78.30000000000001,0.8988749999999998,43991.30266666665,12.938461538461537,84.28,86.78,392.0,True,2026-09-05 12:08:19-07:00
702.06,2,9,2026-09-05 19:20:00,37.06202,-121.581,696.0,83.0,255.9,-12.6,0.0,,0.0,0.0,0.0,0.6,13.8,247.0,82.9,668.0,2.7,0.01,1.1,0.0,-385.0,25,85.5,29.98,2079.0,0.0,0.0,106,0.0,0.0,0.0,0.0,0.0,0.0,0.0,0.0,0.0,0.0,0.0,0.0,4.0,0.0,0.0,-99.0,0.0,0.0,0.0,0.0,3.0,1.0,0.0,1200.0,82.0,69.0,2377.0,2377.0,12.8,6.4,0.0,6.4,33.0,0.0,0.0,14.9,0.0,0.0,11.9,40.4,35.2,0.0,0.0,0.0,0.0,169.0,690.0,168.0,692.0,173.0,699.0,171.0,708.0,0.0,0.0,-2.0,0.0,0.0,33.0,2.0,4.998,0.0,0.0,1.676,1.957,81.9,68.7,0.0,0.0,13.0,R,0.0,77.0,156.2,0.0,0.0,0.0,0.0,336.2,1274.0,334.4,1277.6,343.4,1290.2,339.8,1306.4,0.0,0.0,155.66000000000003,2377.0,338.45,261.45,78.66000000000003,0.9006666666666664,44132.22366666665,12.96875,83.38000000000001,85.85,392.0,True,2026-09-05 12:08:19-07:00
703.06,2,9,2026-09-05 19:20:01,37.06194,-121.58147,692.0,82.0,259.5,-12.6,0.0,,0.0,0.0,0.0,0.6,16.8,249.7,81.5,664.0,2.9,0.01,1.0,0.0,-321.0,25,84.0,29.98,2074.0,0.0,0.0,106,0.0,0.0,0.0,0.0,0.0,0.0,0.0,0.0,0.0,0.0,0.0,0.0,3.0,0.0,0.0,-99.0,0.0,0.0,0.0,0.0,3.0,1.0,0.0,1200.0,82.0,69.0,2356.0,2356.0,12.9,6.3,0.0,6.3,32.9,0.0,0.0,14.9,0.0,0.0,12.4,40.4,35.2,0.0,0.0,0.0,0.0,169.0,689.0,168.0,693.0,172.0,700.0,171.0,708.0,0.0,0.0,-2.0,0.0,0.0,32.9,2.0,4.998,0.0,0.0,1.65,1.959,82.1,68.7,0.0,0.0,13.0,R,0.0,77.0,156.2,0.0,0.0,0.0,0.0,336.2,1272.2,334.4,1279.4,341.6,1292.0,339.8,1306.4,0.0,0.0,155.66000000000003,2356.0,338.0,261.0,78.66000000000003,0.9024305555555553,44271.37366666665,13.015873015873016,81.98,84.4,392.0,True,2026-09-05 12:08:19-07:00
704.06,2,9,2026-09-05 19:20:02,37.06189,-121.58194,687.0,81.2,263.1,-12.6,0.0,,0.0,0.0,0.0,0.5,15.0,253.3,80.7,659.0,3.2,0.01,0.9,0.0,-321.0,25,83.3,29.98,2067.0,0.0,0.0,106,0.0,0.0,0.0,0.0,0.0,0.0,0.0,0.0,0.0,0.0,0.0,0.0,4.0,0.0,0.0,-99.0,0.0,0.0,0.0,0.0,3.0,1.0,0.0,1200.0,82.0,69.0,2344.0,2344.0,13.0,6.3,0.0,6.3,33.0,0.0,0.0,14.9,0.0,0.0,12.8,40.4,35.2,0.0,0.0,0.0,0.0,169.0,690.0,168.0,690.0,172.0,700.0,171.0,706.0,0.0,0.0,-2.0,0.0,0.0,33.0,2.0,4.998,0.0,0.0,1.699,1.995,81.9,68.8,0.0,0.0,13.0,R,0.0,77.0,156.2,0.0,0.0,0.0,0.0,336.2,1274.0,334.4,1274.0,341.6,1292.0,339.8,1302.8,0.0,0.0,155.83999999999997,2344.0,338.0,261.0,78.83999999999997,0.9041805555555553,44409.00566666665,12.88888888888889,81.18,83.57,392.0,True,2026-09-05 12:08:19-07:00
705.06,2,9,2026-09-05 19:20:03,37.06185,-121.58241,680.0,80.5,266.8,-12.6,0.0,,0.0,0.0,0.0,0.8,18.0,256.5,78.6,655.0,3.4,0.0,1.1,2.0,-299.0,25,81.1,29.98,2062.0,0.0,0.0,106,0.0,0.0,0.0,0.0,0.0,0.0,0.0,0.0,0.0,0.0,0.0,0.0,5.0,0.0,0.0,-97.0,0.0,0.0,0.0,0.0,3.0,0.0,0.0,1200.0,81.0,69.0,2320.0,2320.0,13.1,6.2,0.0,6.2,33.0,0.0,0.0,14.9,0.0,0.0,11.7,40.4,35.2,0.0,0.0,0.0,0.0,169.0,689.0,167.0,689.0,172.0,699.0,171.0,706.0,0.0,0.0,-1.0,0.0,0.0,33.0,2.0,4.998,0.0,0.0,1.698,1.907,81.5,68.8,0.0,0.0,13.0,R,0.0,77.0,156.2,0.0,0.0,0.0,0.0,336.2,1272.2,332.6,1272.2,341.6,1290.2,339.8,1302.8,0.0,0.0,155.83999999999997,2320.0,337.55,260.55,78.83999999999997,0.9059166666666664,44545.37266666665,12.983870967741936,79.08,81.4,392.0,True,2026-09-05 12:08:19-07:00
706.06,2,9,2026-09-05 19:20:04,37.06184,-121.58286,673.0,80.1,271.1,-12.6,0.0,,0.0,0.0,0.0,1.1,21.8,262.6,79.4,648.0,4.7,0.01,1.1,3.0,-344.0,25,81.9,29.98,2054.0,0.0,0.0,106,0.0,0.0,0.0,0.0,0.0,0.0,0.0,0.0,0.0,0.0,0.0,0.0,4.0,0.0,0.0,-97.0,0.0,0.0,0.0,0.0,3.0,1.0,0.0,1200.0,82.0,69.0,2336.0,2336.0,13.2,6.2,0.0,6.2,32.8,0.0,0.0,14.9,0.0,0.0,10.6,40.4,35.2,0.0,0.0,0.0,0.0,168.0,690.0,167.0,689.0,172.0,700.0,171.0,706.0,0.0,0.0,5.0,0.0,0.0,32.8,2.0,4.998,0.0,0.0,1.663,1.907,81.7,68.9,0.0,0.0,13.0,R,0.0,77.0,156.2,0.0,0.0,0.0,0.0,334.4,1274.0,332.6,1272.2,341.6,1292.0,339.8,1302.8,0.0,0.0,156.02,2336.0,337.1,260.1,79.02000000000001,0.9076388888888887,44680.81199999998,12.919354838709676,79.88000000000001,82.21,392.0,True,2026-09-05 12:08:19-07:00
707.06,2,9,2026-09-05 19:20:05,37.06187,-121.58333,667.0,79.5,276.6,-12.6,0.0,,0.0,0.0,0.0,0.9,22.3,267.9,78.3,643.0,5.3,0.01,1.0,0.0,-314.0,25,80.7,29.98,2039.0,0.0,0.0,106,0.0,0.0,0.0,0.0,0.0,0.0,0.0,0.0,0.0,0.0,0.0,0.0,0.0,0.0,0.0,-97.0,0.0,0.0,0.0,0.0,3.0,1.0,0.0,1200.0,82.0,69.0,2333.0,2333.0,13.2,6.2,0.0,6.2,32.8,0.0,0.0,14.9,0.0,0.0,10.1,40.4,35.2,0.0,0.0,0.0,0.0,168.0,688.0,167.0,688.0,172.0,699.0,170.0,705.0,0.0,0.0,4.0,0.0,0.0,32.8,2.0,4.998,0.0,0.0,1.661,1.918,82.0,69.2,0.0,0.0,13.0,R,0.0,77.0,156.2,0.0,0.0,0.0,0.0,334.4,1270.4,332.6,1270.4,341.6,1290.2,338.0,1301.0,0.0,0.0,156.56,2333.0,336.65,259.65,79.56,0.9093611111111108,44815.40799999998,12.82258064516129,78.78,81.07,392.0,True,2026-09-05 12:08:19-07:00
708.06,2,9,2026-09-05 19:20:06,37.06193,-121.58378,661.0,78.7,281.2,-12.6,0.0,,0.0,0.0,0.0,0.7,19.1,272.9,78.3,637.0,5.1,-0.0,1.2,3.0,-324.0,25,80.7,29.98,2039.0,0.0,0.0,106,0.0,0.0,0.0,0.0,0.0,0.0,0.0,0.0,0.0,0.0,0.0,0.0,0.0,0.0,0.0,-97.0,0.0,0.0,0.0,0.0,3.0,1.0,0.0,1200.0,82.0,69.0,2332.0,2332.0,13.2,6.2,0.0,6.2,32.9,0.0,0.0,14.9,0.0,0.0,10.0,40.4,35.2,0.0,0.0,0.0,0.0,168.0,690.0,167.0,687.0,172.0,699.0,170.0,705.0,0.0,0.0,5.0,0.0,0.0,32.9,2.0,4.998,0.0,0.0,1.699,1.975,81.9,69.1,0.0,0.0,14.0,R,0.0,77.0,156.2,0.0,0.0,0.0,0.0,334.4,1274.0,332.6,1268.6,341.6,1290.2,338.0,1301.0,0.0,0.0,156.38,2332.0,336.65,259.65,79.38,0.9110833333333331,44948.82333333332,12.693548387096774,78.78,81.07,392.0,True,2026-09-05 12:08:19-07:00
709.06,2,9,2026-09-05 19:20:07,37.06202,-121.58421,653.0,77.6,286.7,-12.6,0.0,,0.0,0.0,0.0,1.4,19.1,277.0,78.1,632.0,4.7,0.0,1.1,3.0,-338.0,25,80.4,29.98,2034.0,0.0,0.0,106,0.0,0.0,0.0,0.0,0.0,0.0,0.0,0.0,0.0,0.0,0.0,0.0,0.0,0.0,0.0,-97.0,0.0,0.0,0.0,0.0,3.0,1.0,0.0,1200.0,82.0,69.0,2331.0,2331.0,13.2,6.2,0.0,6.2,32.9,0.0,0.0,14.9,0.0,0.0,10.1,40.4,35.2,0.0,0.0,0.0,0.0,168.0,691.0,167.0,687.0,172.0,699.0,170.0,705.0,0.0,0.0,4.0,0.0,0.0,32.9,2.0,4.998,0.0,0.0,1.699,2.028,81.8,69.1,0.0,0.0,14.0,R,0.0,77.0,156.2,0.0,0.0,0.0,0.0,334.4,1275.8,332.6,1268.6,341.6,1290.2,338.0,1301.0,0.0,0.0,156.38,2331.0,336.65,259.65,79.38,0.9128055555555553,45080.63633333332,12.516129032258064,78.58,80.85,392.0,True,2026-09-05 12:08:19-07:00
710.06,2,9,2026-09-05 19:20:08,37.06213,-121.58463,647.0,76.1,291.1,-12.6,0.0,,0.0,0.0,0.0,1.1,19.0,281.6,76.7,627.0,4.6,0.02,1.0,1.0,-323.0,25,79.0,29.98,2028.0,0.0,0.0,106,0.0,0.0,0.0,0.0,0.0,0.0,0.0,0.0,0.0,0.0,0.0,0.0,0.0,0.0,0.0,-98.0,0.0,0.0,0.0,0.0,3.0,1.0,0.0,1200.0,82.0,69.0,2306.0,2306.0,13.3,6.2,0.0,6.2,32.9,0.0,0.0,14.9,0.0,0.0,9.5,40.4,35.2,0.0,0.0,0.0,0.0,168.0,689.0,167.0,686.0,172.0,698.0,170.0,705.0,0.0,0.0,4.0,0.0,0.0,32.9,2.0,4.998,0.0,0.0,1.725,2.032,81.7,69.2,0.0,0.0,14.0,R,0.0,77.0,156.2,0.0,0.0,0.0,0.0,334.4,1272.2,332.6,1266.8,341.6,1288.4,338.0,1301.0,0.0,0.0,156.56,2306.0,336.65,259.65,79.56,0.9145277777777775,45210.25666666665,12.274193548387096,77.18,79.4,392.0,True,2026-09-05 12:08:19-07:00
711.06,2,9,2026-09-05 19:20:09,37.06226,-121.58504,638.0,75.2,295.6,-12.6,0.0,,0.0,0.0,0.0,0.3,18.5,287.6,76.2,620.0,5.5,-0.0,1.1,5.0,-343.0,25,78.5,29.98,2020.0,0.0,0.0,106,0.0,0.0,0.0,0.0,0.0,0.0,0.0,0.0,0.0,0.0,0.0,0.0,0.0,0.0,0.0,-97.0,0.0,0.0,0.0,0.0,3.0,1.0,0.0,1200.0,81.0,69.0,2292.0,2292.0,13.4,6.2,0.0,6.2,32.9,0.0,0.0,14.9,0.0,0.0,9.3,40.4,35.2,0.0,0.0,0.0,0.0,168.0,689.0,167.0,686.0,172.0,698.0,170.0,704.0,0.0,0.0,4.0,0.0,0.0,32.9,2.0,4.998,0.0,0.0,1.639,2.015,81.3,69.4,0.0,0.0,13.0,R,0.0,77.0,156.2,0.0,0.0,0.0,0.0,334.4,1272.2,332.6,1266.8,341.6,1288.4,338.0,1299.2,0.0,0.0,156.92000000000002,2292.0,336.65,259.65,79.92000000000002,0.9162499999999998,45337.85299999999,12.129032258064516,76.68,78.88,392.0,True,2026-09-05 12:08:19-07:00
712.06,2,9,2026-09-05 19:20:10,37.06242,-121.58542,632.0,74.3,300.5,-12.6,0.0,,0.0,0.0,0.0,0.2,16.3,291.8,74.6,615.0,4.9,-0.01,1.1,7.0,-336.0,25,76.9,29.98,2008.0,0.0,0.0,106,0.0,0.0,0.0,0.0,0.0,0.0,0.0,0.0,0.0,0.0,0.0,0.0,0.0,0.0,0.0,-97.0,0.0,0.0,0.0,0.0,3.0,1.0,0.0,1200.0,81.0,70.0,2275.0,2275.0,13.5,6.2,0.0,6.2,32.9,0.0,0.0,14.9,0.0,0.0,8.9,40.4,35.2,0.0,0.0,0.0,0.0,168.0,689.0,166.0,686.0,171.0,697.0,170.0,704.0,0.0,0.0,4.0,0.0,0.0,32.9,2.0,4.998,0.0,0.0,1.642,1.96,81.3,69.6,0.0,0.0,13.0,R,0.0,77.0,158.0,0.0,0.0,0.0,0.0,334.4,1272.2,330.8,1266.8,339.8,1286.6,338.0,1299.2,0.0,0.0,157.28,2275.0,335.75,258.75,80.28,0.917972222222222,45463.93133333332,11.983870967741934,75.08,77.23,392.0,True,2026-09-05 12:08:19-07:00
713.06,2,9,2026-09-05 19:20:11,37.06261,-121.58578,629.0,73.8,304.9,-12.6,0.0,,0.0,0.0,0.0,-0.3,16.5,294.9,74.9,610.0,3.9,-0.01,0.9,0.0,-308.0,25,77.1,29.98,1998.0,0.0,0.0,106,0.0,0.0,0.0,0.0,0.0,0.0,0.0,0.0,0.0,0.0,0.0,0.0,2.0,0.0,0.0,-98.0,0.0,0.0,0.0,0.0,3.0,1.0,0.0,1200.0,81.0,70.0,2278.0,2278.0,13.5,6.2,0.0,6.2,32.9,0.0,0.0,14.9,0.0,0.0,8.6,40.4,35.2,0.0,0.0,0.0,0.0,168.0,688.0,166.0,684.0,171.0,697.0,170.0,703.0,0.0,0.0,4.0,0.0,0.0,32.9,2.0,4.998,0.0,0.0,1.681,1.957,81.5,69.6,0.0,0.0,13.0,R,0.0,77.0,158.0,0.0,0.0,0.0,0.0,334.4,1270.4,330.8,1263.2,339.8,1286.6,338.0,1297.4,0.0,0.0,157.28,2278.0,335.75,258.75,80.28,0.9196944444444441,45588.82899999998,11.903225806451612,75.38000000000001,77.53,392.0,True,2026-09-05 12:08:19-07:00
714.06,2,9,2026-09-05 19:20:12,37.06281,-121.58611,626.0,73.3,308.8,-12.6,0.0,,0.0,0.0,0.0,-0.3,19.2,298.3,72.2,607.0,3.6,0.01,0.9,1.0,-276.0,25,74.4,29.98,1994.0,0.0,0.0,106,0.0,0.0,0.0,0.0,0.0,0.0,0.0,0.0,0.0,0.0,0.0,0.0,2.0,0.0,0.0,-97.0,0.0,0.0,0.0,0.0,3.0,1.0,0.0,1200.0,81.0,70.0,2237.0,2237.0,13.6,6.3,0.0,6.3,33.0,0.0,0.0,14.9,0.0,0.0,8.6,40.4,35.2,0.0,0.0,0.0,0.0,167.0,688.0,166.0,683.0,171.0,697.0,170.0,704.0,0.0,0.0,4.0,0.0,0.0,33.0,2.0,4.998,0.0,0.0,1.698,1.959,80.8,69.6,0.0,0.0,13.0,R,0.0,77.0,158.0,0.0,0.0,0.0,0.0,332.6,1270.4,330.8,1261.4,339.8,1286.6,338.0,1299.2,0.0,0.0,157.28,2237.0,335.29999999999995,258.29999999999995,80.28,0.9214305555555553,45712.88333333332,11.634920634920634,72.68,74.75,392.0,True,2026-09-05 12:08:19-07:00
715.06,2,9,2026-09-05 19:20:13,37.06303,-121.58643,619.0,72.9,313.1,-12.6,0.0,,0.0,0.0,0.0,-0.3,18.9,303.8,73.2,601.0,4.8,-0.0,1.0,5.0,-297.0,25,75.4,29.98,1989.0,0.0,0.0,106,0.0,0.0,0.0,0.0,0.0,0.0,0.0,0.0,0.0,0.0,0.0,0.0,1.0,0.0,0.0,-97.0,0.0,0.0,0.0,0.0,3.0,1.0,0.0,1200.0,81.0,70.0,2253.0,2253.0,13.8,6.3,0.0,6.3,32.8,0.0,0.0,14.9,0.0,0.0,8.6,40.4,35.2,0.0,0.0,0.0,0.0,167.0,687.0,166.0,682.0,171.0,698.0,170.0,704.0,0.0,0.0,4.0,0.0,0.0,32.8,2.0,4.998,0.0,0.0,1.698,1.991,80.9,69.7,0.0,0.0,13.0,R,0.0,77.0,158.0,0.0,0.0,0.0,0.0,332.6,1268.6,330.8,1259.6,339.8,1288.4,338.0,1299.2,0.0,0.0,157.46,2253.0,335.29999999999995,258.29999999999995,80.46000000000001,0.9231805555555553,45836.17866666665,11.571428571428573,73.68,75.77,392.0,True,2026-09-05 12:08:19-07:00
716.06,2,9,2026-09-05 19:20:14,37.06327,-121.58673,610.0,72.7,318.2,-12.6,0.0,,0.0,0.0,0.0,0.2,16.9,306.1,73.3,594.0,3.6,-0.01,1.0,4.0,-367.0,25,75.5,29.98,1980.0,0.0,0.0,106,0.0,0.0,0.0,0.0,0.0,0.0,0.0,0.0,0.0,0.0,0.0,0.0,2.0,0.0,0.0,-97.0,0.0,0.0,0.0,0.0,3.0,1.0,0.0,1200.0,82.0,70.0,2308.0,2308.0,14.1,6.3,0.0,6.3,32.7,0.0,0.0,14.9,0.0,0.0,8.7,40.4,35.2,0.0,0.0,0.0,0.0,167.0,686.0,166.0,681.0,171.0,697.0,170.0,704.0,0.0,0.0,4.0,0.0,0.0,32.7,2.0,4.998,0.0,0.0,1.699,1.959,81.9,69.8,0.0,0.0,15.0,R,0.0,77.0,158.0,0.0,0.0,0.0,0.0,332.6,1266.8,330.8,1257.8,339.8,1286.6,338.0,1299.2,0.0,0.0,157.64,2308.0,335.29999999999995,258.29999999999995,80.63999999999999,0.9249305555555553,45958.967999999986,11.539682539682541,73.78,75.86,392.0,True,2026-09-05 12:08:19-07:00
717.06,2,9,2026-09-05 19:20:15,37.06353,-121.587,600.0,72.8,322.3,-12.6,0.0,,0.0,0.0,0.0,0.0,17.0,311.0,73.0,585.0,4.1,0.02,1.0,4.0,-428.0,25,75.1,29.98,1968.0,0.0,0.0,106,0.0,0.0,0.0,0.0,0.0,0.0,0.0,0.0,0.0,0.0,0.0,0.0,-3.0,0.0,0.0,-97.0,0.0,0.0,0.0,0.0,3.0,0.0,0.0,1200.0,82.0,70.0,2305.0,2305.0,14.2,6.3,0.0,6.3,32.7,0.0,0.0,14.9,0.0,0.0,8.7,40.4,35.2,0.0,0.0,0.0,0.0,167.0,686.0,166.0,681.0,171.0,697.0,170.0,705.0,0.0,0.0,4.0,0.0,0.0,32.7,2.0,4.998,0.0,0.0,1.677,1.924,82.0,70.1,0.0,0.0,17.0,R,0.0,77.0,158.0,0.0,0.0,0.0,0.0,332.6,1266.8,330.8,1257.8,339.8,1286.6,338.0,1301.0,0.0,0.0,158.18,2305.0,335.29999999999995,258.29999999999995,81.18,0.9266805555555553,46081.67299999999,11.555555555555555,73.48,75.54,392.0,True,2026-09-05 12:08:19-07:00
718.06,2,9,2026-09-05 19:20:16,37.06381,-121.58724,590.0,72.9,327.0,-12.6,0.0,,0.0,0.0,0.0,-0.3,15.6,314.9,73.1,575.0,4.3,-0.01,1.1,5.0,-508.0,25,75.2,29.98,1954.0,0.0,0.0,106,0.0,0.0,0.0,0.0,0.0,0.0,0.0,0.0,0.0,0.0,0.0,0.0,-1.0,0.0,0.0,-97.0,0.0,0.0,0.0,0.0,3.0,1.0,0.0,1200.0,82.0,70.0,2310.0,2310.0,14.2,6.4,0.0,6.4,32.7,0.0,0.0,14.9,0.0,0.0,8.4,40.4,35.2,0.0,0.0,0.0,0.0,167.0,686.0,166.0,681.0,171.0,697.0,170.0,705.0,0.0,0.0,4.0,0.0,0.0,32.7,2.0,4.998,0.0,0.0,1.663,1.943,82.2,70.1,0.0,0.0,17.0,R,0.0,77.0,158.0,0.0,0.0,0.0,0.0,332.6,1266.8,330.8,1257.8,339.8,1286.6,338.0,1301.0,0.0,0.0,158.18,2310.0,335.29999999999995,258.29999999999995,81.18,0.9284444444444442,46204.546666666654,11.390625,73.58,75.63,392.0,True,2026-09-05 12:08:19-07:00
719.06,2,9,2026-09-05 19:20:17,37.0641,-121.58746,579.0,73.5,330.9,-12.6,0.0,,0.0,0.0,0.0,-0.5,12.2,318.0,72.6,565.0,3.6,0.02,1.0,6.0,-531.0,25,74.7,29.98,1943.0,0.0,0.0,106,0.0,0.0,0.0,0.0,0.0,0.0,0.0,0.0,0.0,0.0,0.0,0.0,-1.0,0.0,0.0,-97.0,0.0,0.0,0.0,0.0,3.0,1.0,0.0,1200.0,84.0,70.0,2441.0,2441.0,15.7,6.6,0.0,6.6,31.9,0.0,0.0,14.9,0.0,0.0,8.4,40.4,35.2,0.0,0.0,0.0,0.0,167.0,687.0,166.0,683.0,171.0,697.0,170.0,705.0,0.0,0.0,4.0,0.0,0.0,31.9,2.0,4.998,0.0,0.0,1.626,1.865,83.8,70.2,0.0,0.0,22.0,R,0.0,77.0,158.0,0.0,0.0,0.0,0.0,332.6,1268.6,330.8,1261.4,339.8,1286.6,338.0,1301.0,0.0,0.0,158.36,2441.0,335.29999999999995,258.29999999999995,81.36000000000001,0.9302499999999998,46328.010666666654,11.136363636363637,73.08,75.1,392.0,True,2026-09-05 12:08:19-07:00
720.06,2,9,2026-09-05 19:20:18,37.0644,-121.58765,567.0,74.3,333.8,-12.6,0.0,,0.0,0.0,0.0,-0.5,9.0,320.8,72.4,556.0,3.3,-0.02,1.0,5.0,-527.0,25,74.6,29.98,1930.0,0.0,0.0,106,0.0,0.0,0.0,0.0,0.0,0.0,0.0,0.0,0.0,0.0,0.0,0.0,4.0,0.0,0.0,-97.0,0.0,0.0,0.0,0.0,3.0,1.0,0.0,1200.0,84.0,70.0,2433.0,2433.0,15.7,6.8,0.0,6.8,32.1,0.0,0.0,14.9,0.0,0.0,8.5,40.4,35.2,0.0,0.0,0.0,0.0,167.0,687.0,166.0,684.0,171.0,697.0,170.0,706.0,0.0,0.0,4.0,0.0,0.0,32.1,2.0,4.998,0.0,0.0,1.625,1.841,84.0,70.3,0.0,0.0,26.0,R,0.0,77.0,158.0,0.0,0.0,0.0,0.0,332.6,1268.6,330.8,1263.2,339.8,1286.6,338.0,1302.8,0.0,0.0,158.54,2433.0,335.29999999999995,258.29999999999995,81.53999999999999,0.9321111111111109,46452.65533333332,10.926470588235293,72.88000000000001,74.88,392.0,True,2026-09-05 12:08:19-07:00
721.06,2,9,2026-09-05 19:20:19,37.06472,-121.58784,562.0,74.9,336.4,-12.6,0.0,,0.0,0.0,0.0,0.3,8.9,321.7,73.3,546.0,1.9,0.04,1.0,4.0,-550.0,25,75.5,29.98,1918.0,0.0,0.0,106,0.0,0.0,0.0,0.0,0.0,0.0,0.0,0.0,0.0,0.0,0.0,0.0,-1.0,0.0,0.0,-98.0,0.0,0.0,0.0,0.0,3.0,1.0,0.0,1200.0,84.0,70.0,2442.0,2442.0,15.9,7.1,0.0,7.1,32.1,0.0,0.0,14.9,0.0,0.0,8.6,40.4,35.2,0.0,0.0,0.0,0.0,167.0,687.0,166.0,685.0,171.0,697.0,170.0,707.0,0.0,0.0,4.0,0.0,0.0,32.1,2.0,4.998,0.0,0.0,1.617,1.843,84.2,70.4,0.0,0.0,28.0,R,0.0,77.0,158.0,0.0,0.0,0.0,0.0,332.6,1268.6,330.8,1265.0,339.8,1286.6,338.0,1304.6,0.0,0.0,158.72,2442.0,335.29999999999995,258.29999999999995,81.72,0.9340416666666664,46578.48066666665,10.549295774647888,73.78,75.79,392.0,True,2026-09-05 12:08:19-07:00
722.06,2,9,2026-09-05 19:20:20,37.06504,-121.58801,551.0,75.7,338.0,-12.6,0.0,,0.0,0.0,0.0,-0.7,4.1,324.4,74.1,537.0,2.5,-0.01,0.9,3.0,-554.0,25,76.2,29.98,1907.0,0.0,0.0,106,0.0,0.0,0.0,0.0,0.0,0.0,0.0,0.0,0.0,0.0,0.0,0.0,-4.0,0.0,0.0,-98.0,0.0,0.0,0.0,0.0,3.0,1.0,0.0,1200.0,84.0,71.0,2453.0,2453.0,15.9,7.2,0.0,7.2,32.1,0.0,0.0,14.9,0.0,0.0,8.6,40.4,35.2,0.0,0.0,0.0,0.0,167.0,688.0,166.0,686.0,171.0,699.0,170.0,707.0,0.0,0.0,4.0,0.0,0.0,32.1,2.0,4.998,0.0,0.0,1.625,1.86,84.2,70.7,0.0,0.0,29.0,R,0.0,77.0,159.8,0.0,0.0,0.0,0.0,332.6,1270.4,330.8,1266.8,339.8,1290.2,338.0,1304.6,0.0,0.0,159.26000000000002,2453.0,335.29999999999995,258.29999999999995,82.26000000000002,0.9360277777777776,46705.48666666665,10.51388888888889,74.58,76.6,392.0,True,2026-09-05 12:08:19-07:00
723.06,2,9,2026-09-05 19:20:21,37.06536,-121.58816,541.0,76.3,339.2,-12.6,0.0,,0.0,0.0,0.0,-0.5,1.6,323.2,74.7,527.0,0.4,0.01,1.1,5.0,-556.0,25,76.9,29.98,1895.0,0.0,0.0,106,0.0,0.0,0.0,0.0,0.0,0.0,0.0,0.0,0.0,0.0,0.0,0.0,5.0,0.0,0.0,-98.0,0.0,0.0,0.0,0.0,3.0,1.0,0.0,1200.0,84.0,71.0,2463.0,2463.0,15.8,7.2,0.0,7.2,32.2,0.0,0.0,14.9,0.0,0.0,8.4,40.4,35.2,0.0,0.0,0.0,0.0,168.0,687.0,166.0,688.0,171.0,700.0,170.0,708.0,0.0,0.0,4.0,0.0,0.0,32.2,2.0,4.998,0.0,0.0,1.613,1.892,84.2,70.7,0.0,0.0,29.0,R,0.0,77.0,159.8,0.0,0.0,0.0,0.0,334.4,1268.6,330.8,1270.4,339.8,1292.0,338.0,1306.4,0.0,0.0,159.26000000000002,2463.0,335.75,258.75,82.26000000000002,0.9380277777777776,46833.67333333332,10.597222222222221,75.18,77.21,392.0,True,2026-09-05 12:08:19-07:00
724.06,2,9,2026-09-05 19:20:22,37.06569,-121.58832,532.0,76.9,339.1,-12.6,0.0,,0.0,0.0,0.0,-0.8,1.4,324.2,75.2,518.0,0.6,0.01,0.9,1.0,-563.0,25,77.3,29.98,1884.0,0.0,0.0,106,0.0,0.0,0.0,0.0,0.0,0.0,0.0,0.0,0.0,0.0,0.0,0.0,3.0,0.0,0.0,-98.0,0.0,0.0,0.0,0.0,3.0,1.0,0.0,1200.0,84.0,71.0,2457.0,2457.0,15.8,7.3,0.0,7.3,32.2,0.0,0.0,14.9,0.0,0.0,8.4,40.4,35.2,0.0,0.0,0.0,0.0,168.0,687.0,166.0,688.0,171.0,700.0,170.0,709.0,0.0,0.0,4.0,0.0,0.0,32.2,2.0,4.998,0.0,0.0,1.625,1.958,84.5,70.8,0.0,0.0,29.0,R,0.0,77.0,159.8,0.0,0.0,0.0,0.0,334.4,1268.6,330.8,1270.4,339.8,1292.0,338.0,1308.2,0.0,0.0,159.44,2457.0,335.75,258.75,82.44,0.9400416666666664,46962.87199999998,10.534246575342467,75.68,77.71,392.0,True,2026-09-05 12:08:19-07:00
725.06,2,9,2026-09-05 19:20:23,37.06603,-121.58848,524.0,77.3,339.6,-12.6,0.0,,0.0,0.0,0.0,-0.7,-0.6,324.0,75.7,510.0,0.3,0.01,1.0,2.0,-521.0,25,77.8,29.98,1874.0,0.0,0.0,106,0.0,0.0,0.0,0.0,0.0,0.0,0.0,0.0,0.0,0.0,0.0,0.0,1.0,0.0,0.0,-98.0,0.0,0.0,0.0,0.0,3.0,1.0,0.0,1200.0,84.0,71.0,2473.0,2473.0,15.8,7.4,0.0,7.4,32.2,0.0,0.0,14.9,0.0,0.0,8.5,40.4,35.2,0.0,0.0,0.0,0.0,168.0,688.0,166.0,689.0,171.0,702.0,170.0,710.0,0.0,0.0,4.0,0.0,0.0,32.2,2.0,4.998,0.0,0.0,1.625,1.938,84.2,70.9,0.0,0.0,29.0,R,0.0,77.0,159.8,0.0,0.0,0.0,0.0,334.4,1270.4,330.8,1272.2,339.8,1295.6,338.0,1310.0,0.0,0.0,159.62,2473.0,335.75,258.75,82.62,0.942083333333333,47092.91399999998,10.445945945945946,76.18,78.21,392.0,True,2026-09-05 12:08:19-07:00
726.06,2,9,2026-09-05 19:20:24,37.06636,-121.58863,517.0,77.6,339.3,-12.6,0.0,,0.0,0.0,0.0,-0.2,-0.5,323.3,76.1,504.0,-0.2,0.01,1.0,1.0,-487.0,25,78.2,29.98,1866.0,0.0,0.0,106,0.0,0.0,0.0,0.0,0.0,0.0,0.0,0.0,0.0,0.0,0.0,0.0,2.0,0.0,0.0,-98.0,0.0,0.0,0.0,0.0,3.0,1.0,0.0,1200.0,84.0,71.0,2477.0,2477.0,15.8,7.4,0.0,7.4,32.2,0.0,0.0,14.9,0.0,0.0,8.6,40.4,35.2,0.0,0.0,0.0,0.0,168.0,688.0,166.0,690.0,172.0,702.0,170.0,710.0,0.0,0.0,4.0,0.0,0.0,32.2,2.0,4.998,0.0,0.0,1.625,1.953,84.1,71.0,0.0,0.0,30.0,R,0.0,77.0,159.8,0.0,0.0,0.0,0.0,334.4,1270.4,330.8,1274.0,341.6,1295.6,338.0,1310.0,0.0,0.0,159.8,2477.0,336.20000000000005,259.20000000000005,82.80000000000001,0.9441388888888886,47223.54633333332,10.486486486486486,76.58,78.61,392.0,True,2026-09-05 12:08:19-07:00
727.06,2,9,2026-09-05 19:20:25,37.0667,-121.5888,509.0,77.9,338.5,-12.6,0.0,,0.0,0.0,0.0,-0.0,-0.3,324.5,75.1,495.0,0.5,-0.01,1.0,2.0,-471.0,25,77.2,29.98,1856.0,0.0,0.0,106,0.0,0.0,0.0,0.0,0.0,0.0,0.0,0.0,0.0,0.0,0.0,0.0,2.0,0.0,0.0,-98.0,0.0,0.0,0.0,0.0,3.0,1.0,0.0,1200.0,84.0,71.0,2464.0,2464.0,15.7,7.4,0.0,7.4,32.1,0.0,0.0,14.9,0.0,0.0,8.7,40.4,35.2,0.0,0.0,0.0,0.0,168.0,688.0,166.0,690.0,172.0,702.0,170.0,711.0,0.0,0.0,4.0,0.0,0.0,32.1,2.0,4.998,0.0,0.0,1.595,1.943,84.4,71.2,0.0,0.0,30.0,R,0.0,77.0,159.8,0.0,0.0,0.0,0.0,334.4,1270.4,330.8,1274.0,341.6,1295.6,338.0,1311.8,0.0,0.0,160.16000000000003,2464.0,336.20000000000005,259.20000000000005,83.16000000000003,0.9461944444444442,47354.68466666665,10.527027027027028,75.58,77.57,392.0,True,2026-09-05 12:08:19-07:00
728.06,2,9,2026-09-05 19:20:26,37.06704,-121.58896,502.0,78.0,338.9,-12.6,0.0,,0.0,0.0,0.0,0.6,-0.6,322.3,76.1,488.0,-0.7,-0.0,1.2,7.0,-474.0,25,78.3,29.98,1846.0,0.0,0.0,106,0.0,0.0,0.0,0.0,0.0,0.0,0.0,0.0,0.0,0.0,0.0,0.0,2.0,0.0,0.0,-98.0,0.0,0.0,0.0,0.0,3.0,1.0,0.0,1200.0,85.0,71.0,2510.0,2510.0,15.9,7.5,0.0,7.5,31.8,0.0,0.0,14.9,0.0,0.0,8.4,40.4,35.2,0.0,0.0,0.0,0.0,168.0,689.0,166.0,691.0,172.0,702.0,170.0,712.0,0.0,0.0,4.0,0.0,0.0,31.8,2.0,4.998,0.0,0.0,1.631,1.93,84.6,71.3,0.0,0.0,30.0,R,0.0,77.0,159.8,0.0,0.0,0.0,0.0,334.4,1272.2,330.8,1275.8,341.6,1295.6,338.0,1313.6,0.0,0.0,160.33999999999997,2510.0,336.20000000000005,259.20000000000005,83.33999999999997,0.9482638888888887,47486.16033333332,10.4,76.58,78.59,392.0,True,2026-09-05 12:08:19-07:00
729.06,2,9,2026-09-05 19:20:27,37.06738,-121.58913,499.0,78.4,338.4,-12.6,0.0,,0.0,0.0,0.0,-0.3,0.6,321.6,77.6,483.0,-0.5,0.05,0.8,0.0,-392.0,25,79.8,29.98,1840.0,0.0,0.0,106,0.0,0.0,0.0,0.0,0.0,0.0,0.0,0.0,0.0,0.0,0.0,0.0,1.0,0.0,0.0,-99.0,0.0,0.0,0.0,0.0,3.0,1.0,0.0,1200.0,85.0,71.0,2536.0,2536.0,16.1,7.6,0.0,7.6,31.9,0.0,0.0,14.9,0.0,0.0,8.4,40.4,35.2,0.0,0.0,0.0,0.0,168.0,691.0,167.0,693.0,172.0,703.0,171.0,712.0,0.0,0.0,4.0,0.0,0.0,31.9,2.0,4.998,0.0,0.0,1.633,1.96,84.8,71.3,0.0,0.0,31.0,R,0.0,77.0,159.8,0.0,0.0,0.0,0.0,334.4,1275.8,332.6,1279.4,341.6,1297.4,339.8,1313.6,0.0,0.0,160.33999999999997,2536.0,337.1,260.1,83.33999999999997,0.9503611111111109,47618.05766666665,10.315789473684212,78.08,80.12,392.0,True,2026-09-05 12:08:19-07:00
730.06,2,9,2026-09-05 19:20:28,37.06771,-121.58929,496.0,78.6,338.4,-12.6,0.0,,0.0,0.0,0.0,-0.9,1.8,324.1,78.2,481.0,1.1,0.01,1.0,1.0,-299.0,25,80.3,29.98,1837.0,0.0,0.0,106,0.0,0.0,0.0,0.0,0.0,0.0,0.0,0.0,0.0,0.0,0.0,0.0,-3.0,0.0,0.0,-99.0,0.0,0.0,0.0,0.0,3.0,1.0,0.0,1200.0,85.0,71.0,2535.0,2535.0,16.1,7.7,0.0,7.7,31.8,0.0,0.0,14.9,0.0,0.0,8.5,40.4,35.2,0.0,0.0,0.0,0.0,168.0,692.0,167.0,693.0,172.0,703.0,171.0,713.0,0.0,0.0,4.0,0.0,0.0,31.8,2.0,4.998,0.0,0.0,1.576,1.903,85.1,71.4,0.0,0.0,32.0,R,0.0,77.0,159.8,0.0,0.0,0.0,0.0,334.4,1277.6,332.6,1279.4,341.6,1297.4,339.8,1315.4,0.0,0.0,160.52,2535.0,337.1,260.1,83.52000000000001,0.9524861111111108,47750.46099999998,10.207792207792206,78.68,80.73,392.0,True,2026-09-05 12:08:19-07:00
731.06,2,9,2026-09-05 19:20:29,37.06805,-121.58946,492.0,78.7,338.8,-12.6,0.0,,0.0,0.0,0.0,-1.1,-0.7,322.8,77.8,477.0,-0.1,0.01,1.0,0.0,-257.0,25,79.9,29.98,1833.0,0.0,0.0,106,0.0,0.0,0.0,0.0,0.0,0.0,0.0,0.0,0.0,0.0,0.0,0.0,-1.0,0.0,0.0,-100.0,0.0,0.0,0.0,0.0,3.0,1.0,0.0,1200.0,85.0,72.0,2532.0,2532.0,16.3,7.8,0.0,7.8,31.9,0.0,0.0,14.9,0.0,0.0,8.6,40.4,35.2,0.0,0.0,0.0,0.0,169.0,692.0,167.0,694.0,172.0,703.0,171.0,714.0,0.0,0.0,4.0,0.0,0.0,31.9,2.0,4.998,0.0,0.0,1.589,1.847,85.4,71.5,0.0,0.0,33.0,R,0.0,77.0,161.6,0.0,0.0,0.0,0.0,336.2,1277.6,332.6,1281.2,341.6,1297.4,339.8,1317.2,0.0,0.0,160.7,2532.0,337.55,260.55,83.69999999999999,0.9546388888888886,47883.11733333332,10.089743589743591,78.28,80.32,392.0,True,2026-09-05 12:08:19-07:00
732.06,2,9,2026-09-05 19:20:30,37.06839,-121.58963,488.0,79.0,337.8,-12.6,0.0,,0.0,0.0,0.0,-1.4,-0.6,323.3,78.1,473.0,0.1,0.0,1.0,0.0,-257.0,25,80.2,29.98,1828.0,0.0,0.0,106,0.0,0.0,0.0,0.0,0.0,0.0,0.0,0.0,0.0,0.0,0.0,0.0,2.0,0.0,0.0,-99.0,0.0,0.0,0.0,0.0,3.0,1.0,0.0,1200.0,85.0,72.0,2534.0,2534.0,16.4,7.9,0.0,7.9,31.9,0.0,0.0,14.8,0.0,0.0,8.7,40.4,35.2,0.0,0.0,0.0,0.0,169.0,692.0,167.0,695.0,172.0,704.0,171.0,714.0,0.0,0.0,3.0,0.0,0.0,31.9,2.0,4.998,0.0,0.0,1.625,1.908,85.2,71.8,0.0,0.0,34.0,R,0.0,77.0,161.6,0.0,0.0,0.0,0.0,336.2,1277.6,332.6,1283.0,341.6,1299.2,339.8,1317.2,0.0,0.0,161.23999999999998,2534.0,337.55,260.55,84.23999999999998,0.9568194444444442,48016.11099999998,10.0,78.58,80.62,392.0,True,2026-09-05 12:08:19-07:00
733.06,2,9,2026-09-05 19:20:13,37.06874,-121.5898,483.0,79.3,337.7,-12.6,0.0,,0.0,0.0,0.0,-1.0,-2.0,322.7,78.0,468.0,-0.3,0.04,1.0,2.0,-268.0,25,80.1,29.98,1822.0,0.0,0.0,106,0.0,0.0,0.0,0.0,0.0,0.0,0.0,0.0,0.0,0.0,0.0,0.0,3.0,0.0,0.0,-99.0,0.0,0.0,0.0,0.0,3.0,1.0,0.0,1200.0,85.0,72.0,2536.0,2536.0,16.3,7.9,0.0,7.9,31.8,0.0,0.0,14.8,0.0,0.0,8.5,40.4,35.2,0.0,0.0,0.0,0.0,169.0,694.0,167.0,696.0,172.0,703.0,171.0,715.0,0.0,0.0,3.0,0.0,0.0,31.8,2.0,4.998,0.0,0.0,1.617,1.969,85.5,71.9,0.0,0.0,34.0,R,0.0,77.0,161.6,0.0,0.0,0.0,0.0,336.2,1281.2,332.6,1284.8,341.6,1297.4,339.8,1319.0,0.0,0.0,161.42000000000002,2536.0,337.55,260.55,84.42000000000002,0.9590138888888886,48149.61066666665,10.037974683544302,78.48,80.51,392.0,True,2026-09-05 12:08:19-07:00
734.06,2,9,2026-09-05 19:20:14,37.06908,-121.58997,481.0,79.7,337.3,-12.6,0.0,,0.0,0.0,0.0,-1.2,-1.0,322.2,79.0,466.0,-0.1,-0.03,1.0,0.0,-227.0,25,81.1,29.98,1819.0,0.0,0.0,106,0.0,0.0,0.0,0.0,0.0,0.0,0.0,0.0,0.0,0.0,0.0,0.0,5.0,0.0,0.0,-100.0,0.0,0.0,0.0,0.0,3.0,1.0,0.0,1200.0,86.0,72.0,2538.0,2538.0,16.4,7.9,0.0,7.9,31.9,0.0,0.0,14.8,0.0,0.0,8.4,40.4,35.2,0.0,0.0,0.0,0.0,169.0,695.0,167.0,697.0,172.0,704.0,171.0,715.0,0.0,0.0,3.0,0.0,0.0,31.9,2.0,4.998,0.0,0.0,1.653,1.97,85.6,71.9,0.0,0.0,34.0,R,0.0,77.0,161.6,0.0,0.0,0.0,0.0,336.2,1283.0,332.6,1286.6,341.6,1299.2,339.8,1319.0,0.0,0.0,161.42000000000002,2538.0,337.55,260.55,84.42000000000002,0.9612083333333331,48283.70066666665,10.08860759493671,79.48,81.53,392.0,True,2026-09-05 12:08:19-07:00
735.06,2,9,2026-09-05 19:20:15,37.06942,-121.59016,480.0,80.0,337.1,-12.6,0.0,,0.0,0.0,0.0,-1.2,1.3,320.1,79.1,463.0,-1.7,0.09,1.0,0.0,-192.0,25,81.3,29.98,1816.0,0.0,0.0,106,0.0,0.0,0.0,0.0,0.0,0.0,0.0,0.0,0.0,0.0,0.0,0.0,-2.0,0.0,0.0,-100.0,0.0,0.0,0.0,0.0,3.0,1.0,0.0,1200.0,86.0,72.0,2533.0,2533.0,16.3,8.0,0.0,8.0,31.9,0.0,0.0,14.8,0.0,0.0,8.5,40.4,35.2,0.0,0.0,0.0,0.0,169.0,695.0,168.0,697.0,172.0,704.0,171.0,715.0,0.0,0.0,3.0,0.0,0.0,31.9,2.0,4.998,0.0,0.0,1.602,1.976,85.6,72.0,0.0,0.0,34.0,R,0.0,77.0,161.6,0.0,0.0,0.0,0.0,336.2,1283.0,334.4,1286.6,341.6,1299.2,339.8,1319.0,0.0,0.0,161.6,2533.0,338.0,261.0,84.6,0.9634166666666664,48418.38099999999,10.0,79.58,81.63,392.0,True,2026-09-05 12:08:19-07:00
736.06,2,9,2026-09-05 19:20:16,37.06976,-121.59034,478.0,80.1,336.8,-12.6,0.0,,0.0,0.0,0.0,-1.3,-0.6,322.5,79.3,462.0,1.0,-0.03,1.1,0.0,-158.0,25,81.5,29.98,1814.0,0.0,0.0,106,0.0,0.0,0.0,0.0,0.0,0.0,0.0,0.0,0.0,0.0,0.0,0.0,3.0,0.0,0.0,-99.0,0.0,0.0,0.0,0.0,3.0,1.0,0.0,1200.0,85.0,72.0,2508.0,2508.0,16.2,7.9,0.0,7.9,32.1,0.0,0.0,14.8,0.0,0.0,8.6,40.4,35.2,0.0,0.0,0.0,0.0,169.0,695.0,167.0,697.0,173.0,704.0,172.0,715.0,0.0,0.0,3.0,0.0,0.0,32.1,2.0,4.998,0.0,0.0,1.635,1.964,85.4,72.1,0.0,0.0,34.0,R,0.0,77.0,161.6,0.0,0.0,0.0,0.0,336.2,1283.0,332.6,1286.6,343.4,1299.2,341.6,1319.0,0.0,0.0,161.78,2508.0,338.45,261.45,84.78,0.9656249999999997,48553.39866666665,10.139240506329113,79.78,81.83,392.0,True,2026-09-05 12:08:19-07:00
737.06,2,9,2026-09-05 19:20:17,37.0701,-121.59052,477.0,80.1,336.9,-12.6,0.0,,0.0,0.0,0.0,-1.3,-1.0,319.9,79.9,460.0,-1.2,0.02,0.9,0.0,-137.0,25,82.1,29.98,1812.0,0.0,0.0,106,0.0,0.0,0.0,0.0,0.0,0.0,0.0,0.0,0.0,0.0,0.0,0.0,6.0,0.0,0.0,-100.0,0.0,0.0,0.0,0.0,3.0,1.0,0.0,1200.0,85.0,72.0,2459.0,2459.0,15.1,7.8,0.0,7.8,32.6,0.0,0.0,14.8,0.0,0.0,8.7,40.4,35.2,0.0,0.0,0.0,0.0,170.0,695.0,168.0,697.0,173.0,704.0,172.0,716.0,0.0,0.0,3.0,0.0,0.0,32.6,2.0,4.998,0.0,0.0,1.656,1.899,84.6,72.3,0.0,0.0,31.0,R,0.0,77.0,161.6,0.0,0.0,0.0,0.0,338.0,1283.0,334.4,1286.6,343.4,1299.2,341.6,1320.8,0.0,0.0,162.14,2459.0,339.35,262.35,85.13999999999999,0.9678055555555553,48688.50066666665,10.269230769230768,80.38000000000001,82.45,392.0,True,2026-09-05 12:08:19-07:00
738.06,2,9,2026-09-05 19:20:18,37.07044,-121.59071,476.0,79.4,336.4,-12.6,0.0,,0.0,0.0,0.0,-1.5,0.8,320.7,80.8,458.0,-0.1,0.02,1.0,0.0,-129.0,25,83.0,29.98,1810.0,0.0,0.0,106,0.0,0.0,0.0,0.0,0.0,0.0,0.0,0.0,0.0,0.0,0.0,0.0,0.0,0.0,0.0,-100.0,0.0,0.0,0.0,0.0,3.0,1.0,0.0,1200.0,84.0,72.0,2424.0,2424.0,14.4,7.5,0.0,7.5,32.8,0.0,0.0,14.8,0.0,0.0,8.5,40.4,35.2,0.0,0.0,0.0,0.0,170.0,695.0,168.0,697.0,173.0,704.0,172.0,715.0,0.0,0.0,3.0,0.0,0.0,32.8,2.0,4.998,0.0,0.0,1.699,2.003,83.6,72.4,0.0,0.0,26.0,R,0.0,77.0,161.6,0.0,0.0,0.0,0.0,338.0,1283.0,334.4,1286.6,343.4,1299.2,341.6,1319.0,0.0,0.0,162.32,2424.0,339.35,262.35,85.32,0.9699305555555553,48823.01233333332,10.586666666666668,81.28,83.37,392.0,True,2026-09-05 12:08:19-07:00
739.06,2,9,2026-09-05 19:20:19,37.07077,-121.59089,473.0,78.7,336.2,-12.6,0.0,,0.0,0.0,0.0,-1.4,-0.4,322.4,80.1,456.0,1.0,0.01,1.0,0.0,-141.0,25,82.2,29.98,1807.0,0.0,0.0,106,0.0,0.0,0.0,0.0,0.0,0.0,0.0,0.0,0.0,0.0,0.0,0.0,-2.0,0.0,0.0,-99.0,0.0,0.0,0.0,0.0,3.0,1.0,0.0,1200.0,84.0,72.0,2411.0,2411.0,14.3,7.3,0.0,7.3,32.8,0.0,0.0,14.8,0.0,0.0,8.4,40.4,35.2,0.0,0.0,0.0,0.0,170.0,694.0,168.0,696.0,173.0,704.0,172.0,715.0,0.0,0.0,4.0,0.0,0.0,32.8,2.0,4.998,0.0,0.0,1.676,1.96,83.6,72.4,0.0,0.0,23.0,R,0.0,77.0,161.6,0.0,0.0,0.0,0.0,338.0,1281.2,334.4,1284.8,343.4,1299.2,341.6,1319.0,0.0,0.0,162.32,2411.0,339.35,262.35,85.32,0.9719861111111109,48956.343333333316,10.78082191780822,80.58,82.65,392.0,True,2026-09-05 12:08:19-07:00
740.06,2,9,2026-09-05 19:20:20,37.07111,-121.59107,472.0,78.2,336.3,-12.6,0.0,,0.0,0.0,0.0,-1.4,-0.1,321.3,77.8,454.0,-0.0,-0.02,0.9,0.0,-135.0,25,79.9,29.98,1804.0,0.0,0.0,106,0.0,0.0,0.0,0.0,0.0,0.0,0.0,0.0,0.0,0.0,0.0,0.0,1.0,0.0,0.0,-100.0,0.0,0.0,0.0,0.0,3.0,1.0,0.0,1200.0,83.0,72.0,2386.0,2386.0,14.1,7.2,0.0,7.2,32.9,0.0,0.0,14.8,0.0,0.0,8.5,40.4,35.2,0.0,0.0,0.0,0.0,170.0,694.0,168.0,696.0,173.0,705.0,172.0,715.0,0.0,0.0,4.0,0.0,0.0,32.9,2.0,4.998,0.0,0.0,1.705,1.96,83.4,72.5,0.0,0.0,21.0,R,0.0,77.0,161.6,0.0,0.0,0.0,0.0,338.0,1281.2,334.4,1284.8,343.4,1301.0,341.6,1319.0,0.0,0.0,162.5,2386.0,339.35,262.35,85.5,0.9739999999999998,49088.66233333332,10.86111111111111,78.28,80.28,392.0,True,2026-09-05 12:08:19-07:00
741.06,2,9,2026-09-05 19:20:21,37.07144,-121.59126,469.0,77.7,336.0,-12.6,0.0,,0.0,0.0,0.0,-1.7,0.4,320.6,77.6,452.0,-0.7,0.04,0.9,0.0,-117.0,25,79.7,29.98,1802.0,0.0,0.0,106,0.0,0.0,0.0,0.0,0.0,0.0,0.0,0.0,0.0,0.0,0.0,0.0,-4.0,0.0,0.0,-100.0,0.0,0.0,0.0,0.0,3.0,1.0,0.0,1200.0,83.0,73.0,2354.0,2354.0,14.1,7.1,0.0,7.1,33.0,0.0,0.0,14.8,0.0,0.0,8.6,40.4,35.2,0.0,0.0,0.0,0.0,170.0,693.0,168.0,695.0,173.0,705.0,172.0,715.0,0.0,0.0,3.0,0.0,0.0,33.0,2.0,4.998,0.0,0.0,1.698,2.053,83.1,72.6,0.0,0.0,20.0,R,0.0,77.0,163.4,0.0,0.0,0.0,0.0,338.0,1279.4,334.4,1283.0,343.4,1301.0,341.6,1319.0,0.0,0.0,162.68,2354.0,339.35,262.35,85.68,0.9759861111111109,49220.137999999984,10.943661971830986,78.08,80.08,392.0,True,2026-09-05 12:08:19-07:00
742.06,2,9,2026-09-05 19:20:22,37.07177,-121.59144,463.0,77.4,335.8,-12.6,0.0,,0.0,0.0,0.0,-1.3,-0.6,321.7,76.7,447.0,0.5,-0.01,1.0,2.0,-198.0,25,78.8,29.98,1796.0,0.0,0.0,106,0.0,0.0,0.0,0.0,0.0,0.0,0.0,0.0,0.0,0.0,0.0,0.0,2.0,0.0,0.0,-98.0,0.0,0.0,0.0,0.0,3.0,1.0,0.0,1200.0,83.0,73.0,2341.0,2341.0,14.1,6.9,0.0,6.9,32.9,0.0,0.0,14.8,0.0,0.0,8.8,40.4,35.2,0.0,0.0,0.0,0.0,170.0,692.0,168.0,695.0,173.0,705.0,172.0,714.0,0.0,0.0,3.0,0.0,0.0,32.9,2.0,4.998,0.0,0.0,1.625,2.04,82.7,72.7,0.0,0.0,19.0,R,0.0,77.0,163.4,0.0,0.0,0.0,0.0,338.0,1277.6,334.4,1283.0,343.4,1301.0,341.6,1317.2,0.0,0.0,162.86,2341.0,339.35,262.35,85.86000000000001,0.9779305555555553,49350.938999999984,11.217391304347826,77.18,79.15,392.0,True,2026-09-05 12:08:19-07:00
743.06,2,9,2026-09-05 19:20:23,37.07209,-121.59162,454.0,77.0,335.8,-12.6,0.0,,0.0,0.0,0.0,-0.5,0.7,320.7,76.6,440.0,-0.4,0.02,1.0,0.0,-279.0,25,78.7,29.98,1788.0,0.0,0.0,106,0.0,0.0,0.0,0.0,0.0,0.0,0.0,0.0,0.0,0.0,0.0,0.0,4.0,0.0,0.0,-100.0,0.0,0.0,0.0,0.0,3.0,1.0,0.0,1200.0,82.0,73.0,2308.0,2308.0,14.0,6.8,0.0,6.8,33.0,0.0,0.0,14.8,0.0,0.0,8.6,40.4,35.2,0.0,0.0,0.0,0.0,169.0,692.0,168.0,694.0,173.0,704.0,172.0,713.0,0.0,0.0,3.0,0.0,0.0,33.0,2.0,4.998,0.0,0.0,1.674,2.021,82.4,72.9,0.0,0.0,18.0,R,0.0,77.0,163.4,0.0,0.0,0.0,0.0,336.2,1277.6,334.4,1281.2,343.4,1299.2,341.6,1315.4,0.0,0.0,163.22,2308.0,338.9,261.9,86.22,0.9798333333333331,49481.14966666665,11.323529411764707,77.08,79.03,392.0,True,2026-09-05 12:08:19-07:00
744.06,2,9,2026-09-05 19:20:24,37.07242,-121.5918,446.0,76.4,335.4,-12.6,0.0,,0.0,0.0,0.0,-0.4,2.0,323.3,76.2,432.0,1.2,0.01,1.0,2.0,-354.0,25,78.3,29.98,1778.0,0.0,0.0,106,0.0,0.0,0.0,0.0,0.0,0.0,0.0,0.0,0.0,0.0,0.0,0.0,-1.0,0.0,0.0,-98.0,0.0,0.0,0.0,0.0,3.0,1.0,0.0,1200.0,82.0,73.0,2292.0,2292.0,13.9,6.6,0.0,6.6,33.1,0.0,0.0,14.8,0.0,0.0,8.5,40.4,35.2,0.0,0.0,0.0,0.0,169.0,691.0,167.0,692.0,173.0,703.0,172.0,712.0,0.0,0.0,3.0,0.0,0.0,33.1,2.0,4.998,0.0,0.0,1.661,2.068,82.0,72.9,0.0,0.0,16.0,R,0.0,77.0,163.4,0.0,0.0,0.0,0.0,336.2,1275.8,332.6,1277.6,343.4,1297.4,341.6,1313.6,0.0,0.0,163.22,2292.0,338.45,261.45,86.22,0.9816944444444442,49610.516999999985,11.575757575757578,76.68,78.61,392.0,True,2026-09-05 12:08:19-07:00
745.06,2,9,2026-09-05 19:20:25,37.07274,-121.59198,437.0,75.8,336.0,-12.6,0.0,,0.0,0.0,0.0,-0.4,0.9,323.7,76.2,425.0,1.0,-0.02,1.0,2.0,-387.0,25,78.2,29.98,1769.0,0.0,0.0,106,0.0,0.0,0.0,0.0,0.0,0.0,0.0,0.0,0.0,0.0,0.0,0.0,1.0,0.0,0.0,-99.0,0.0,0.0,0.0,0.0,3.0,1.0,0.0,1200.0,82.0,73.0,2291.0,2291.0,13.9,6.6,0.0,6.6,33.0,0.0,0.0,14.8,0.0,0.0,8.6,40.4,35.2,0.0,0.0,0.0,0.0,169.0,691.0,167.0,690.0,173.0,703.0,171.0,712.0,0.0,0.0,3.0,0.0,0.0,33.0,2.0,4.998,0.0,0.0,1.7,2.058,81.9,72.9,0.0,0.0,16.0,R,0.0,77.0,163.4,0.0,0.0,0.0,0.0,336.2,1275.8,332.6,1274.0,343.4,1297.4,339.8,1313.6,0.0,0.0,163.22,2291.0,338.0,261.0,86.22,0.9835277777777776,49738.87233333332,11.484848484848484,76.68,78.6,392.0,True,2026-09-05 12:08:19-07:00
746.06,2,9,2026-09-05 19:20:26,37.07306,-121.59216,430.0,75.3,335.9,-12.6,0.0,,0.0,0.0,0.0,-0.4,0.3,323.4,74.4,417.0,-0.0,0.02,0.9,1.0,-441.0,25,76.4,29.98,1758.0,0.0,0.0,106,0.0,0.0,0.0,0.0,0.0,0.0,0.0,0.0,0.0,0.0,0.0,0.0,3.0,0.0,0.0,-96.0,0.0,0.0,0.0,0.0,3.0,1.0,0.0,1200.0,81.0,73.0,2190.0,2190.0,13.3,6.4,0.0,6.4,33.4,0.0,0.0,14.8,0.0,0.0,8.7,40.4,35.2,0.0,0.0,0.0,0.0,169.0,690.0,168.0,689.0,173.0,703.0,171.0,711.0,0.0,0.0,3.0,0.0,0.0,33.4,2.0,4.998,0.0,0.0,1.727,2.026,81.0,73.0,0.0,0.0,0.0,,0.0,77.0,163.4,0.0,0.0,0.0,0.0,336.2,1274.0,334.4,1272.2,343.4,1297.4,339.8,1311.8,0.0,0.0,163.4,2190.0,338.45,261.45,86.4,0.9853333333333331,49866.29999999998,11.765624999999998,74.88000000000001,76.75,392.0,True,2026-09-05 12:08:19-07:00
747.06,2,9,2026-09-05 19:20:27,37.07338,-121.59234,421.0,74.5,336.0,-12.6,0.0,,0.0,0.0,0.0,0.9,2.2,324.9,73.1,409.0,0.6,-0.01,1.2,10.0,-444.0,25,75.1,29.98,1749.0,0.0,0.0,106,0.0,0.0,0.0,0.0,0.0,0.0,0.0,0.0,0.0,0.0,0.0,0.0,1.0,0.0,0.0,-96.0,0.0,0.0,0.0,0.0,3.0,1.0,0.0,1200.0,78.0,73.0,2100.0,2100.0,12.6,6.1,0.0,6.1,33.4,0.0,0.0,14.8,0.0,0.0,8.9,40.4,35.2,0.0,0.0,0.0,0.0,169.0,690.0,167.0,690.0,173.0,702.0,171.0,710.0,0.0,0.0,3.0,0.0,0.0,33.4,2.0,4.998,0.0,0.0,1.688,2.014,78.4,73.1,0.0,0.0,0.0,,0.0,77.0,163.4,0.0,0.0,0.0,0.0,336.2,1274.0,332.6,1274.0,343.4,1295.6,339.8,1310.0,0.0,0.0,163.57999999999998,2100.0,338.0,261.0,86.57999999999998,0.9870694444444442,49992.63133333332,12.213114754098362,73.58,75.4,392.0,True,2026-09-05 12:08:19-07:00
748.06,2,9,2026-09-05 19:20:28,37.07369,-121.59251,415.0,73.7,336.0,-12.6,0.0,,0.0,0.0,0.0,1.5,-0.8,324.0,73.2,403.0,-0.2,-0.01,0.9,5.0,-423.0,25,75.2,29.98,1741.0,0.0,0.0,106,0.0,0.0,0.0,0.0,0.0,0.0,0.0,0.0,0.0,0.0,0.0,0.0,2.0,0.0,0.0,-98.0,0.0,0.0,0.0,0.0,3.0,1.0,0.0,1200.0,77.0,73.0,2061.0,2061.0,12.4,5.8,0.0,5.8,33.6,0.0,0.0,14.8,0.0,0.0,8.8,40.4,35.2,0.0,0.0,0.0,0.0,169.0,691.0,167.0,691.0,173.0,702.0,171.0,710.0,0.0,0.0,3.0,0.0,0.0,33.6,2.0,4.998,0.0,0.0,1.685,2.017,77.5,73.2,0.0,0.0,0.0,,0.0,77.0,163.4,0.0,0.0,0.0,0.0,336.2,1275.8,332.6,1275.8,343.4,1295.6,339.8,1310.0,0.0,0.0,163.76000000000002,2061.0,338.0,261.0,86.76000000000002,0.988722222222222,50117.61333333332,12.706896551724139,73.68,75.5,392.0,True,2026-09-05 12:08:19-07:00
749.06,2,9,2026-09-05 19:20:29,37.074,-121.59268,411.0,72.1,336.6,-12.6,0.0,,0.0,0.0,0.0,0.6,2.5,321.2,71.8,397.0,-1.5,0.01,0.9,0.0,-382.0,25,73.7,29.98,1734.0,0.0,0.0,106,0.0,0.0,0.0,0.0,0.0,0.0,0.0,0.0,0.0,0.0,0.0,0.0,-3.0,0.0,0.0,-99.0,0.0,0.0,0.0,0.0,3.0,1.0,0.0,1200.0,77.0,73.0,2016.0,2016.0,12.2,5.5,0.0,5.5,33.5,0.0,0.0,14.8,0.0,0.0,8.6,40.4,35.2,0.0,0.0,0.0,0.0,169.0,692.0,167.0,692.0,172.0,704.0,171.0,710.0,0.0,0.0,3.0,0.0,0.0,33.5,2.0,4.998,0.0,0.0,1.72,2.015,76.9,73.2,0.0,0.0,0.0,,0.0,77.0,163.4,0.0,0.0,0.0,0.0,336.2,1277.6,332.6,1277.6,341.6,1299.2,339.8,1310.0,0.0,0.0,163.76000000000002,2016.0,337.55,260.55,86.76000000000002,0.9902916666666665,50240.57133333332,13.109090909090908,72.28,74.05,392.0,True,2026-09-05 12:08:19-07:00
750.06,2,9,2026-09-05 19:20:30,37.0743,-121.59285,405.0,71.1,335.9,-12.6,0.0,,0.0,0.0,0.0,-0.1,-2.3,323.0,69.1,390.0,0.3,0.01,1.0,10.0,-393.0,25,70.9,29.98,1726.0,0.0,0.0,106,0.0,0.0,0.0,0.0,0.0,0.0,0.0,0.0,0.0,0.0,0.0,0.0,5.0,0.0,0.0,-96.0,0.0,0.0,0.0,0.0,3.0,1.0,0.0,1200.0,76.0,73.0,1977.0,1977.0,12.1,5.3,0.0,5.3,33.6,0.0,0.0,14.8,0.0,0.0,8.6,40.4,35.2,0.0,0.0,0.0,0.0,168.0,693.0,167.0,694.0,172.0,705.0,171.0,710.0,0.0,0.0,3.0,0.0,0.0,33.6,1.0,4.998,0.0,0.0,1.703,2.025,76.2,73.2,0.0,0.0,0.0,,0.0,77.0,163.4,0.0,0.0,0.0,0.0,334.4,1279.4,332.6,1281.2,341.6,1301.0,339.8,1310.0,0.0,0.0,163.76000000000002,1977.0,337.1,260.1,86.76000000000002,0.9917916666666664,50361.33666666665,13.415094339622641,69.58,71.28,392.0,True,2026-09-05 12:08:19-07:00
751.06,2,9,2026-09-05 19:20:31,37.0746,-121.59302,397.0,70.6,336.8,-12.6,0.0,,0.0,0.0,0.0,0.1,2.1,322.6,68.6,382.0,0.4,-0.0,1.0,8.0,-430.0,25,70.4,29.98,1716.0,0.0,0.0,106,0.0,0.0,0.0,0.0,0.0,0.0,0.0,0.0,0.0,0.0,0.0,0.0,-1.0,0.0,0.0,-95.0,0.0,0.0,0.0,0.0,3.0,1.0,0.0,1200.0,76.0,73.0,1960.0,1960.0,12.3,5.1,0.0,5.1,33.6,0.0,0.0,14.8,0.0,0.0,8.7,40.4,35.2,0.0,0.0,0.0,0.0,168.0,694.0,166.0,695.0,172.0,706.0,171.0,709.0,0.0,0.0,4.0,0.0,0.0,33.6,1.0,4.998,0.0,0.0,1.812,2.053,75.6,73.2,0.0,0.0,0.0,,0.0,77.0,163.4,0.0,0.0,0.0,0.0,334.4,1281.2,330.8,1283.0,341.6,1302.8,339.8,1308.2,0.0,0.0,163.76000000000002,1960.0,336.65,259.65,86.76000000000002,0.9932361111111109,50480.836999999985,13.843137254901961,69.08,70.76,392.0,True,2026-09-05 12:08:19-07:00
752.06,2,9,2026-09-05 19:20:32,37.0749,-121.59318,386.0,70.3,337.2,-12.6,0.0,,0.0,0.0,0.0,-0.4,1.0,322.0,67.8,373.0,-0.3,0.01,0.9,11.0,-484.0,25,69.6,29.98,1705.0,0.0,0.0,106,0.0,0.0,0.0,0.0,0.0,0.0,0.0,0.0,0.0,0.0,0.0,0.0,-1.0,0.0,0.0,-97.0,0.0,0.0,0.0,0.0,3.0,1.0,0.0,1200.0,75.0,73.0,1949.0,1949.0,12.3,4.9,0.0,4.9,33.5,0.0,0.0,14.8,0.0,0.0,8.9,40.4,35.2,0.0,0.0,0.0,0.0,168.0,696.0,166.0,694.0,172.0,705.0,170.0,709.0,0.0,0.0,4.0,0.0,0.0,33.5,1.0,4.998,0.0,0.0,1.752,1.964,75.2,73.3,0.0,0.0,0.0,,0.0,77.0,163.4,0.0,0.0,0.0,0.0,334.4,1284.8,330.8,1281.2,341.6,1301.0,338.0,1308.2,0.0,0.0,163.94,1949.0,336.20000000000005,259.20000000000005,86.94,0.9946249999999998,50599.66266666665,14.346938775510202,68.28,69.92,392.0,True,2026-09-05 12:08:19-07:00
753.06,2,9,2026-09-05 19:20:33,37.0752,-121.59333,375.0,70.1,337.9,-12.6,0.0,,0.0,0.0,0.0,-0.8,-1.2,319.5,68.7,362.0,-1.4,0.01,1.0,12.0,-570.0,25,70.4,29.98,1691.0,0.0,0.0,106,0.0,0.0,0.0,0.0,0.0,0.0,0.0,0.0,0.0,0.0,0.0,0.0,4.0,0.0,0.0,-95.0,0.0,0.0,0.0,0.0,3.0,1.0,0.0,1200.0,75.0,73.0,1940.0,1940.0,12.2,4.8,0.0,4.8,33.5,0.0,0.0,14.8,0.0,0.0,8.8,40.4,35.2,0.0,0.0,0.0,0.0,168.0,697.0,166.0,694.0,172.0,705.0,170.0,708.0,0.0,0.0,4.0,0.0,0.0,33.5,1.0,4.998,0.0,0.0,1.726,1.96,75.2,73.5,0.0,0.0,0.0,,0.0,77.0,163.4,0.0,0.0,0.0,0.0,334.4,1286.6,330.8,1281.2,341.6,1301.0,338.0,1306.4,0.0,0.0,164.3,1940.0,336.20000000000005,259.20000000000005,87.30000000000001,0.9959722222222219,50718.06666666665,14.604166666666666,69.18,70.83,392.0,True,2026-09-05 12:08:19-07:00
754.06,2,9,2026-09-05 19:20:34,37.0755,-121.59348,364.0,70.2,337.1,-12.6,0.0,,0.0,0.0,0.0,-1.8,0.5,322.2,68.7,351.0,0.7,0.04,1.0,13.0,-584.0,25,70.4,29.98,1677.0,0.0,0.0,106,0.0,0.0,0.0,0.0,0.0,0.0,0.0,0.0,0.0,0.0,0.0,0.0,-10.0,0.0,0.0,-97.0,0.0,0.0,0.0,0.0,3.0,1.0,0.0,1200.0,74.0,73.0,1871.0,1871.0,12.1,4.7,0.0,4.7,33.7,0.0,0.0,14.8,0.0,0.0,8.6,40.4,35.2,0.0,0.0,0.0,0.0,168.0,699.0,166.0,696.0,172.0,705.0,170.0,708.0,0.0,0.0,4.0,0.0,0.0,33.7,1.0,4.998,0.0,0.0,1.646,1.987,73.9,73.4,0.0,0.0,0.0,,0.0,77.0,163.4,0.0,0.0,0.0,0.0,334.4,1290.2,330.8,1284.8,341.6,1301.0,338.0,1306.4,0.0,0.0,164.12,1871.0,336.20000000000005,259.20000000000005,87.12,0.9972916666666665,50836.38633333332,14.936170212765958,69.18,70.82,392.0,True,2026-09-05 12:08:19-07:00
755.06,2,9,2026-09-05 19:20:35,37.07581,-121.59364,351.0,70.1,337.9,-12.6,0.0,,0.0,0.0,0.0,-2.6,-1.7,321.1,68.7,340.0,0.1,-0.02,1.0,8.0,-612.0,25,70.5,29.98,1664.0,0.0,0.0,106,0.0,0.0,0.0,0.0,0.0,0.0,0.0,0.0,0.0,0.0,0.0,0.0,2.0,0.0,0.0,-95.0,0.0,0.0,0.0,0.0,3.0,1.0,0.0,1200.0,73.0,73.0,1866.0,1866.0,12.0,4.5,0.0,4.5,33.7,0.0,0.0,14.8,0.0,0.0,8.7,40.4,35.2,0.0,0.0,0.0,0.0,167.0,704.0,165.0,701.0,172.0,705.0,170.0,707.0,0.0,0.0,4.0,0.0,0.0,33.7,1.0,4.998,0.0,0.0,1.716,2.058,72.9,73.4,0.0,0.0,0.0,,0.0,77.0,163.4,0.0,0.0,0.0,0.0,332.6,1299.2,329.0,1293.8,341.6,1301.0,338.0,1304.6,0.0,0.0,164.12,1866.0,335.3,258.3,87.12,0.9985694444444442,50954.705999999984,15.577777777777776,69.18,70.8,392.0,True,2026-09-05 12:08:19-07:00
756.06,2,9,2026-09-05 19:20:36,37.07611,-121.5938,338.0,70.3,337.1,-12.6,0.0,,0.0,0.0,0.0,-2.4,-2.4,321.5,69.2,328.0,0.1,-0.02,1.0,14.0,-671.0,25,70.9,29.98,1649.0,0.0,0.0,106,0.0,0.0,0.0,0.0,0.0,0.0,0.0,0.0,0.0,0.0,0.0,0.0,-2.0,0.0,0.0,-97.0,0.0,0.0,0.0,0.0,3.0,1.0,0.0,1200.0,73.0,74.0,1859.0,1859.0,11.9,4.4,0.0,4.4,33.7,0.0,0.0,14.8,0.0,0.0,8.8,40.4,35.2,0.0,0.0,0.0,0.0,167.0,706.0,165.0,703.0,171.0,705.0,170.0,707.0,0.0,0.0,4.0,0.0,0.0,33.7,1.0,4.998,0.0,0.0,1.697,1.973,72.8,73.5,0.0,0.0,0.0,,0.0,77.0,165.2,0.0,0.0,0.0,0.0,332.6,1302.8,329.0,1297.4,339.8,1301.0,338.0,1304.6,0.0,0.0,164.3,1859.0,334.85,257.85,87.30000000000001,0.9998055555555553,51073.109999999986,15.977272727272725,69.68,71.3,392.0,True,2026-09-05 12:08:19-07:00
757.06,2,9,2026-09-05 19:20:37,37.0764,-121.59396,325.0,70.4,337.0,-12.6,0.0,,0.0,0.0,0.0,-3.1,-5.5,319.3,69.1,315.0,-1.1,0.01,0.9,9.0,-705.0,25,70.8,29.98,1634.0,0.0,0.0,106,0.0,0.0,0.0,0.0,0.0,0.0,0.0,0.0,0.0,0.0,0.0,0.0,6.0,0.0,0.0,-97.0,0.0,0.0,0.0,0.0,3.0,0.0,0.0,1200.0,73.0,74.0,1857.0,1857.0,11.7,4.3,0.0,4.3,33.6,0.0,0.0,14.8,0.0,0.0,8.9,40.4,35.2,0.0,0.0,0.0,0.0,167.0,709.0,165.0,705.0,171.0,705.0,170.0,707.0,0.0,0.0,4.0,0.0,0.0,33.6,1.0,4.998,0.0,0.0,1.763,2.003,72.9,73.6,0.0,0.0,0.0,,0.0,77.0,165.2,0.0,0.0,0.0,0.0,332.6,1308.2,329.0,1301.0,339.8,1301.0,338.0,1304.6,0.0,0.0,164.48,1857.0,334.85,257.85,87.47999999999999,1.0010138888888886,51191.766999999985,16.372093023255815,69.58,71.18,392.0,True,2026-09-05 12:08:19-07:00
758.06,2,9,2026-09-05 19:20:38,37.07671,-121.59412,311.0,70.3,335.7,-12.6,0.0,,0.0,0.0,0.0,-1.6,-2.1,320.4,68.5,303.0,0.1,-0.01,1.1,15.0,-728.0,25,70.2,29.98,1618.0,0.0,0.0,106,0.0,0.0,0.0,0.0,0.0,0.0,0.0,0.0,0.0,0.0,0.0,0.0,4.0,0.0,0.0,-93.0,0.0,0.0,0.0,0.0,3.0,1.0,0.0,1200.0,73.0,74.0,1847.0,1847.0,11.7,4.2,0.0,4.2,33.6,0.0,0.0,14.8,0.0,0.0,8.9,40.4,35.2,0.0,0.0,0.0,0.0,167.0,710.0,165.0,707.0,171.0,706.0,169.0,705.0,0.0,0.0,4.0,0.0,0.0,33.6,1.0,4.998,0.0,0.0,1.738,2.013,72.7,73.8,0.0,0.0,0.0,,0.0,77.0,165.2,0.0,0.0,0.0,0.0,332.6,1310.0,329.0,1304.6,339.8,1302.8,336.2,1301.0,0.0,0.0,164.83999999999997,1847.0,334.4,257.4,87.83999999999997,1.0021944444444442,51310.423999999985,16.738095238095237,68.98,70.55,392.0,True,2026-09-05 12:08:19-07:00
759.06,2,9,2026-09-05 19:20:39,37.077,-121.59429,297.0,70.5,335.7,-12.6,0.0,,0.0,0.0,0.0,0.7,1.8,320.3,68.9,289.0,-0.1,0.03,1.1,15.0,-780.0,25,70.6,29.98,1601.0,0.0,0.0,106,0.0,0.0,0.0,0.0,0.0,0.0,0.0,0.0,0.0,0.0,0.0,0.0,5.0,0.0,0.0,-94.0,0.0,0.0,0.0,0.0,3.0,1.0,0.0,1200.0,72.0,74.0,1813.0,1813.0,11.7,4.1,0.0,4.1,33.7,0.0,0.0,14.8,0.0,0.0,8.6,40.4,35.2,0.0,0.0,0.0,0.0,167.0,711.0,164.0,709.0,171.0,705.0,169.0,706.0,0.0,0.0,4.0,0.0,0.0,33.7,1.0,4.998,0.0,0.0,1.698,1.896,72.3,73.8,0.0,0.0,0.0,,0.0,77.0,165.2,0.0,0.0,0.0,0.0,332.6,1311.8,327.2,1308.2,339.8,1301.0,336.2,1302.8,0.0,0.0,164.83999999999997,1813.0,333.95000000000005,256.95000000000005,87.83999999999997,1.003347222222222,51429.165333333316,17.195121951219512,69.38000000000001,70.94,392.0,True,2026-09-05 12:08:19-07:00
760.06,2,9,2026-09-05 19:20:40,37.0773,-121.59446,287.0,69.4,335.7,-12.6,0.0,,0.0,0.0,0.0,4.0,1.2,322.4,65.8,277.0,1.3,-0.04,1.2,25.0,-746.0,25,67.4,29.98,1586.0,0.0,0.0,106,0.0,0.0,0.0,0.0,0.0,0.0,0.0,0.0,0.0,0.0,0.0,0.0,2.0,0.0,0.0,-84.0,0.0,0.0,0.0,0.0,3.0,1.0,0.0,1200.0,67.0,74.0,1547.0,1547.0,9.1,3.7,0.0,3.7,34.1,0.0,0.0,14.8,0.0,0.0,8.7,40.4,35.2,0.0,0.0,0.0,0.0,166.0,705.0,164.0,703.0,171.0,704.0,169.0,704.0,0.0,0.0,4.0,0.0,0.0,34.1,1.0,4.998,0.0,0.0,1.73,1.829,66.9,73.8,0.0,0.0,0.0,,0.0,77.0,165.2,0.0,0.0,0.0,0.0,330.8,1301.0,327.2,1297.4,339.8,1299.2,336.2,1299.2,0.0,0.0,164.83999999999997,1547.0,333.5,256.5,87.83999999999997,1.0044305555555553,51547.14766666665,18.756756756756758,66.28,67.76,392.0,True,2026-09-05 12:08:19-07:00
761.06,2,9,2026-09-05 19:20:41,37.07759,-121.59462,282.0,67.5,336.1,-12.6,0.0,,0.0,0.0,0.0,5.9,-1.9,322.1,62.8,266.0,0.2,0.01,1.1,27.0,-707.0,25,64.3,29.98,1574.0,0.0,0.0,106,0.0,0.0,0.0,0.0,0.0,0.0,0.0,0.0,0.0,0.0,0.0,0.0,4.0,0.0,0.0,-89.0,0.0,0.0,0.0,0.0,3.0,1.0,0.0,1200.0,63.0,74.0,1423.0,1423.0,8.4,3.2,0.0,3.2,34.1,0.0,0.0,14.8,0.0,0.0,9.0,40.4,35.2,0.0,0.0,0.0,0.0,166.0,699.0,164.0,679.0,171.0,700.0,169.0,701.0,0.0,0.0,4.0,0.0,0.0,34.1,2.0,4.998,0.0,0.0,1.669,1.906,62.9,73.9,0.0,0.0,0.0,,0.0,77.0,165.2,0.0,0.0,0.0,0.0,330.8,1290.2,327.2,1254.2,339.8,1292.0,336.2,1293.8,0.0,0.0,165.02,1423.0,333.5,256.5,88.02000000000001,1.0053888888888887,51662.599999999984,21.09375,63.279999999999994,64.68,392.0,True,2026-09-05 12:08:19-07:00
762.06,2,9,2026-09-05 19:20:42,37.07787,-121.59477,281.0,65.2,336.1,-12.6,0.0,,0.0,0.0,0.0,5.9,0.3,323.2,61.0,260.0,0.8,-0.04,1.1,28.0,-562.0,25,62.5,29.98,1565.0,0.0,0.0,106,0.0,0.0,0.0,0.0,0.0,0.0,0.0,0.0,0.0,0.0,0.0,0.0,6.0,0.0,0.0,-86.0,0.0,0.0,0.0,0.0,3.0,1.0,0.0,1200.0,61.0,74.0,1387.0,1387.0,8.3,2.8,0.0,2.8,34.2,0.0,0.0,14.8,0.0,0.0,9.3,40.4,35.2,0.0,0.0,0.0,0.0,166.0,695.0,163.0,660.0,170.0,696.0,169.0,698.0,0.0,0.0,4.0,0.0,0.0,34.2,2.0,4.998,0.0,0.0,1.707,1.906,61.4,73.9,0.0,0.0,0.0,,0.0,77.0,165.2,0.0,0.0,0.0,0.0,330.8,1283.0,325.4,1220.0,338.0,1284.8,336.2,1288.4,0.0,0.0,165.02,1387.0,332.6,255.60000000000002,88.02000000000001,1.006222222222222,51774.51033333332,23.28571428571429,61.48,62.83,392.0,True,2026-09-05 12:08:19-07:00
763.06,2,9,2026-09-05 19:20:43,37.07814,-121.59492,281.0,63.1,336.9,-12.6,0.0,,0.0,0.0,0.0,5.2,-1.4,319.9,55.9,258.0,-1.6,0.05,1.2,27.0,-411.0,25,57.2,29.98,1562.0,0.0,0.0,106,0.0,0.0,0.0,0.0,0.0,0.0,0.0,0.0,0.0,0.0,0.0,0.0,2.0,0.0,0.0,-93.0,0.0,0.0,0.0,0.0,3.0,1.0,0.0,1200.0,61.0,74.0,1322.0,1322.0,8.5,2.6,0.0,2.6,34.1,0.0,0.0,14.8,0.0,0.0,9.3,40.4,35.2,0.0,0.0,0.0,0.0,166.0,691.0,163.0,642.0,170.0,692.0,168.0,694.0,0.0,0.0,4.0,0.0,0.0,34.1,1.0,4.998,0.0,0.0,1.737,1.913,60.5,74.0,0.0,0.0,0.0,,0.0,77.0,165.2,0.0,0.0,0.0,0.0,330.8,1275.8,325.4,1187.6,338.0,1277.6,334.4,1281.2,0.0,0.0,165.2,1322.0,332.15,255.14999999999998,88.19999999999999,1.006972222222222,51882.709999999985,24.26923076923077,56.379999999999995,57.62,392.0,True,2026-09-05 12:08:19-07:00
764.06,2,9,2026-09-05 19:20:44,37.0784,-121.59507,281.0,60.6,334.9,-12.6,0.0,,0.0,0.0,0.0,3.2,-0.1,322.7,56.2,256.0,0.8,0.0,1.1,13.0,-274.0,25,57.6,29.98,1560.0,0.0,0.0,106,0.0,0.0,0.0,0.0,0.0,0.0,0.0,0.0,0.0,0.0,0.0,0.0,3.0,0.0,0.0,-97.0,0.0,0.0,0.0,0.0,3.0,1.0,0.0,1200.0,59.0,74.0,1283.0,1283.0,8.6,2.3,0.0,2.3,34.1,0.0,0.0,14.8,0.0,0.0,9.3,40.4,35.2,0.0,0.0,0.0,0.0,165.0,685.0,163.0,626.0,170.0,686.0,168.0,688.0,0.0,0.0,4.0,0.0,0.0,34.1,1.0,4.998,0.0,0.0,1.91,1.991,59.4,74.0,0.0,0.0,0.0,,0.0,77.0,165.2,0.0,0.0,0.0,0.0,329.0,1265.0,325.4,1158.8,338.0,1266.8,334.4,1270.4,0.0,0.0,165.2,1283.0,331.7,254.7,88.19999999999999,1.0076527777777775,51987.030333333314,26.347826086956523,56.68,57.92,392.0,True,2026-09-05 12:08:19-07:00
765.06,2,9,2026-09-05 19:20:45,37.07865,-121.59521,281.0,58.6,336.2,-12.6,0.0,,0.0,0.0,0.0,3.6,-0.3,321.3,55.8,256.0,-0.2,0.05,1.0,19.0,-154.0,25,57.1,29.98,1560.0,0.0,0.0,106,0.0,0.0,0.0,0.0,0.0,0.0,0.0,0.0,0.0,0.0,0.0,0.0,4.0,0.0,0.0,-107.0,0.0,0.0,0.0,0.0,3.0,1.0,0.0,1200.0,59.0,74.0,1286.0,1286.0,8.7,2.2,0.0,2.2,34.2,0.0,0.0,14.8,0.0,0.0,9.2,40.4,35.2,0.0,0.0,0.0,0.0,165.0,679.0,163.0,614.0,170.0,678.0,168.0,682.0,0.0,0.0,4.0,0.0,0.0,34.2,1.0,4.998,0.0,0.0,1.79,2.108,59.3,73.9,0.0,0.0,0.0,,0.0,77.0,165.2,0.0,0.0,0.0,0.0,329.0,1254.2,325.4,1137.2,338.0,1252.4,334.4,1259.6,0.0,0.0,165.02,1286.0,331.7,254.7,88.02000000000001,1.0082777777777776,52087.55566666665,26.636363636363633,56.279999999999994,57.51,392.0,True,2026-09-05 12:08:19-07:00
766.06,2,9,2026-09-05 19:20:46,37.0789,-121.59534,282.0,56.6,335.6,-12.6,0.0,,0.0,0.0,0.0,2.9,-0.4,322.9,56.4,256.0,0.8,-0.04,0.9,15.0,-75.0,25,57.7,29.98,1560.0,0.0,0.0,106,0.0,0.0,0.0,0.0,0.0,0.0,0.0,0.0,0.0,0.0,0.0,0.0,4.0,0.0,0.0,-107.0,0.0,0.0,0.0,0.0,3.0,1.0,0.0,1200.0,60.0,74.0,1301.0,1301.0,8.9,2.1,0.0,2.1,34.1,0.0,0.0,14.8,0.0,0.0,9.3,40.4,35.2,0.0,0.0,0.0,0.0,165.0,674.0,162.0,601.0,170.0,673.0,168.0,678.0,0.0,0.0,4.0,0.0,0.0,34.1,1.0,4.998,0.0,0.0,1.742,2.12,59.7,73.8,0.0,0.0,0.0,,0.0,77.0,165.2,0.0,0.0,0.0,0.0,329.0,1245.2,323.6,1113.8,338.0,1243.4,334.4,1252.4,0.0,0.0,164.83999999999997,1301.0,331.25,254.25,87.83999999999997,1.0088749999999997,52184.707666666654,26.952380952380953,56.879999999999995,58.13,392.0,True,2026-09-05 12:08:19-07:00
767.06,2,9,2026-09-05 19:20:47,37.07914,-121.59547,282.0,54.7,335.8,-12.6,0.0,,0.0,0.0,0.0,2.4,-0.5,323.2,53.5,256.0,0.5,-0.02,1.0,20.0,-32.0,25,54.8,29.98,1551.0,0.0,0.0,106,0.0,0.0,0.0,0.0,0.0,0.0,0.0,0.0,0.0,0.0,0.0,0.0,4.0,0.0,0.0,-111.0,0.0,0.0,0.0,0.0,3.0,1.0,0.0,1200.0,59.0,74.0,1265.0,1265.0,8.9,2.0,0.0,2.0,34.2,0.0,0.0,14.8,0.0,0.0,9.4,40.4,35.2,0.0,0.0,0.0,0.0,164.0,668.0,162.0,590.0,169.0,667.0,168.0,673.0,0.0,0.0,4.0,0.0,0.0,34.2,1.0,4.998,0.0,0.0,1.677,2.043,59.1,73.8,0.0,0.0,0.0,,0.0,77.0,165.2,0.0,0.0,0.0,0.0,327.2,1234.4,323.6,1094.0,336.2,1232.6,334.4,1243.4,0.0,0.0,164.83999999999997,1265.0,330.34999999999997,253.34999999999997,87.83999999999997,1.0094444444444441,52278.57066666665,27.35,53.98,55.16,392.0,True,2026-09-05 12:08:19-07:00
768.06,2,9,2026-09-05 19:20:48,37.07936,-121.5956,282.0,52.9,336.7,-12.6,0.0,,0.0,0.0,0.0,3.3,-0.7,322.5,50.9,256.0,-0.1,0.01,1.1,23.0,-12.0,25,52.1,29.98,1551.0,0.0,0.0,106,0.0,0.0,0.0,0.0,0.0,0.0,0.0,0.0,0.0,0.0,0.0,0.0,5.0,0.0,0.0,-123.0,0.0,0.0,0.0,0.0,3.0,1.0,0.0,1200.0,58.0,74.0,1227.0,1227.0,9.1,1.9,0.0,1.9,34.1,0.0,0.0,14.8,0.0,0.0,9.6,40.4,35.2,0.0,0.0,0.0,0.0,164.0,663.0,162.0,586.0,169.0,661.0,167.0,668.0,0.0,0.0,4.0,0.0,0.0,34.1,1.0,4.998,0.0,0.0,1.805,1.959,58.3,73.9,0.0,0.0,0.0,,0.0,77.0,165.2,0.0,0.0,0.0,0.0,327.2,1225.4,323.6,1086.8,336.2,1221.8,332.6,1234.4,0.0,0.0,165.02,1227.0,329.9,252.89999999999998,88.02000000000001,1.0099861111111108,52369.31333333332,27.842105263157894,51.379999999999995,52.51,392.0,True,2026-09-05 12:08:19-07:00
769.06,2,9,2026-09-05 19:20:49,37.07958,-121.59573,283.0,51.5,336.3,-12.6,0.0,,0.0,0.0,0.0,2.1,-0.7,323.0,47.7,256.0,0.1,-0.02,1.0,12.0,37.0,25,48.9,29.98,1551.0,0.0,0.0,106,0.0,0.0,0.0,0.0,0.0,0.0,0.0,0.0,0.0,0.0,0.0,0.0,7.0,0.0,0.0,-142.0,0.0,0.0,0.0,0.0,3.0,0.0,0.0,1200.0,58.0,74.0,1188.0,1188.0,9.2,1.9,0.0,1.9,34.0,0.0,0.0,14.8,0.0,0.0,9.3,40.4,35.2,0.0,0.0,0.0,0.0,164.0,658.0,161.0,582.0,169.0,654.0,167.0,663.0,0.0,0.0,4.0,0.0,0.0,34.0,1.0,4.998,0.0,0.0,1.932,1.904,57.6,73.9,0.0,0.0,0.0,,0.0,77.0,165.2,0.0,0.0,0.0,0.0,327.2,1216.4,321.8,1079.6,336.2,1209.2,332.6,1225.4,0.0,0.0,165.02,1188.0,329.45,252.45,88.02000000000001,1.0105138888888887,52457.35733333332,27.10526315789474,48.18,49.24,392.0,True,2026-09-05 12:08:19-07:00
770.06,2,9,2026-09-05 19:20:50,37.0798,-121.59584,283.0,49.7,335.5,-12.6,0.0,,0.0,0.0,0.0,4.0,0.1,324.3,46.1,256.0,0.4,-0.02,1.0,20.0,28.0,25,47.2,29.98,1551.0,0.0,0.0,106,0.0,0.0,0.0,0.0,0.0,0.0,0.0,0.0,0.0,0.0,0.0,0.0,7.0,0.0,0.0,-139.0,0.0,0.0,0.0,0.0,3.0,0.0,0.0,1200.0,57.0,74.0,1148.0,1148.0,9.5,1.8,0.0,1.8,34.1,0.0,0.0,14.8,0.0,0.0,9.2,40.4,35.2,0.0,0.0,0.0,0.0,164.0,653.0,161.0,583.0,169.0,646.0,167.0,657.0,0.0,0.0,4.0,0.0,0.0,34.1,1.0,4.998,0.0,0.0,1.813,1.957,56.8,73.7,0.0,0.0,0.0,,0.0,77.0,165.2,0.0,0.0,0.0,0.0,327.2,1207.4,321.8,1081.4,336.2,1194.8,332.6,1214.6,0.0,0.0,164.66000000000003,1148.0,329.45,252.45,87.66000000000003,1.0110277777777776,52542.70266666665,27.61111111111111,46.58,47.6,392.0,True,2026-09-05 12:08:19-07:00
771.06,2,9,2026-09-05 19:20:51,37.08001,-121.59595,283.0,48.2,336.7,-12.6,0.0,,0.0,0.0,0.0,2.9,-0.6,324.4,46.2,256.0,0.3,-0.03,1.0,21.0,42.0,25,47.3,29.98,1551.0,0.0,0.0,106,0.0,0.0,0.0,0.0,0.0,0.0,0.0,0.0,0.0,0.0,0.0,0.0,7.0,0.0,0.0,-140.0,0.0,0.0,0.0,0.0,3.0,1.0,0.0,1200.0,56.0,74.0,1132.0,1132.0,9.7,1.8,0.0,1.8,34.1,0.0,0.0,14.8,0.0,0.0,9.3,40.4,35.2,0.0,0.0,0.0,0.0,164.0,650.0,161.0,582.0,169.0,640.0,167.0,651.0,0.0,0.0,4.0,0.0,0.0,34.1,1.0,4.998,0.0,0.0,1.697,1.958,56.2,73.7,0.0,0.0,0.0,,0.0,77.0,165.2,0.0,0.0,0.0,0.0,327.2,1202.0,321.8,1079.6,336.2,1184.0,332.6,1203.8,0.0,0.0,164.66000000000003,1132.0,329.45,252.45,87.66000000000003,1.0115277777777776,52625.264999999985,26.77777777777778,46.68,47.7,392.0,True,2026-09-05 12:08:19-07:00
772.06,2,9,2026-09-05 19:20:52,37.0802,-121.59607,284.0,46.6,336.4,-12.6,0.0,,0.0,0.0,0.0,1.5,0.1,324.0,47.5,256.0,-0.0,0.02,1.0,10.0,29.0,25,48.7,29.98,1551.0,0.0,0.0,106,0.0,0.0,0.0,0.0,0.0,0.0,0.0,0.0,0.0,0.0,0.0,0.0,8.0,0.0,0.0,-140.0,0.0,0.0,0.0,0.0,3.0,1.0,0.0,1200.0,56.0,74.0,1140.0,1140.0,9.8,1.8,0.0,1.8,34.0,0.0,0.0,14.8,0.0,0.0,9.4,40.4,35.2,0.0,0.0,0.0,0.0,164.0,648.0,161.0,584.0,168.0,634.0,167.0,646.0,0.0,0.0,4.0,0.0,0.0,34.0,1.0,4.998,0.0,0.0,1.865,1.92,56.1,73.6,0.0,0.0,0.0,,0.0,77.0,165.2,0.0,0.0,0.0,0.0,327.2,1198.4,321.8,1083.2,334.4,1173.2,332.6,1194.8,0.0,0.0,164.48,1140.0,329.0,252.0,87.47999999999999,1.0120277777777775,52705.21299999998,25.88888888888889,47.98,49.03,392.0,True,2026-09-05 12:08:19-07:00
773.06,2,9,2026-09-05 19:20:53,37.0804,-121.59618,283.0,44.9,336.8,-12.6,0.0,,0.0,0.0,0.0,0.6,0.9,326.7,47.4,256.0,1.8,-0.1,1.0,15.0,15.0,25,48.5,29.98,1561.0,0.0,0.0,106,0.0,0.0,0.0,0.0,0.0,0.0,0.0,0.0,0.0,0.0,0.0,0.0,8.0,0.0,0.0,-140.0,0.0,0.0,0.0,0.0,3.0,1.0,0.0,1200.0,57.0,74.0,1159.0,1159.0,9.9,1.8,0.0,1.8,34.0,0.0,0.0,14.8,0.0,0.0,9.5,40.4,35.2,0.0,0.0,0.0,0.0,163.0,646.0,160.0,584.0,168.0,629.0,167.0,641.0,0.0,0.0,4.0,0.0,0.0,34.0,1.0,4.998,0.0,0.0,1.761,2.024,56.7,73.7,0.0,0.0,0.0,,0.0,77.0,165.2,0.0,0.0,0.0,0.0,325.4,1194.8,320.0,1083.2,334.4,1164.2,332.6,1185.8,0.0,0.0,164.66000000000003,1159.0,328.1,251.10000000000002,87.66000000000003,1.0125277777777775,52782.37799999998,24.944444444444443,47.879999999999995,48.93,392.0,True,2026-09-05 12:08:19-07:00
774.06,2,9,2026-09-05 19:20:54,37.08059,-121.59627,283.0,43.2,338.7,-12.6,0.0,,0.0,0.0,0.0,1.2,0.5,323.4,45.3,256.0,-0.8,0.03,1.0,14.0,8.0,25,46.3,29.98,1560.0,0.0,0.0,106,0.0,0.0,0.0,0.0,0.0,0.0,0.0,0.0,0.0,0.0,0.0,0.0,9.0,0.0,0.0,-142.0,0.0,0.0,0.0,0.0,3.0,1.0,0.0,1200.0,57.0,74.0,1140.0,1140.0,9.8,1.8,0.0,1.8,34.1,0.0,0.0,14.8,0.0,0.0,9.3,40.4,35.2,0.0,0.0,0.0,0.0,163.0,643.0,160.0,586.0,168.0,624.0,167.0,636.0,0.0,0.0,4.0,0.0,0.0,34.1,1.0,4.998,0.0,0.0,1.852,1.816,56.5,73.7,0.0,0.0,0.0,,0.0,77.0,165.2,0.0,0.0,0.0,0.0,325.4,1189.4,320.0,1086.8,334.4,1155.2,332.6,1176.8,0.0,0.0,164.66000000000003,1140.0,328.1,251.10000000000002,87.66000000000003,1.0130277777777776,52856.67566666665,24.0,45.779999999999994,46.78,392.0,True,2026-09-05 12:08:19-07:00
775.06,2,9,2026-09-05 19:20:55,37.08077,-121.59637,283.0,41.8,335.9,-12.6,0.0,,0.0,0.0,0.0,2.1,0.6,322.9,42.7,256.0,-0.8,0.04,1.0,25.0,0.0,25,43.7,29.98,1560.0,0.0,0.0,106,0.0,0.0,0.0,0.0,0.0,0.0,0.0,0.0,0.0,0.0,0.0,0.0,10.0,0.0,0.0,-153.0,0.0,0.0,0.0,0.0,3.0,0.0,0.0,1200.0,56.0,74.0,1093.0,1093.0,10.0,1.8,0.0,1.8,34.0,0.0,0.0,14.8,0.0,0.0,9.2,40.4,35.2,0.0,0.0,0.0,0.0,163.0,640.0,160.0,590.0,168.0,619.0,166.0,633.0,0.0,0.0,4.0,0.0,0.0,34.0,1.0,4.998,0.0,0.0,1.697,1.913,55.7,73.6,0.0,0.0,0.0,,0.0,77.0,165.2,0.0,0.0,0.0,0.0,325.4,1184.0,320.0,1094.0,334.4,1146.2,330.8,1171.4,0.0,0.0,164.48,1093.0,327.65,250.64999999999998,87.47999999999999,1.0135277777777776,52928.35899999998,23.22222222222222,43.18,44.13,392.0,True,2026-09-05 12:08:19-07:00
776.06,2,9,2026-09-05 19:20:56,37.08094,-121.59646,283.0,40.4,336.1,-12.6,0.0,,0.0,0.0,0.0,5.3,0.3,321.7,40.1,256.0,-0.9,0.04,1.1,41.0,-20.0,25,41.0,29.98,1560.0,0.0,0.0,106,0.0,0.0,0.0,0.0,0.0,0.0,0.0,0.0,0.0,0.0,0.0,0.0,11.0,0.0,0.0,-156.0,0.0,0.0,0.0,0.0,3.0,1.0,0.0,1200.0,55.0,74.0,1057.0,1057.0,10.4,1.8,0.0,1.8,34.0,0.0,0.0,14.8,0.0,0.0,9.3,40.4,35.2,0.0,0.0,0.0,0.0,163.0,638.0,160.0,596.0,168.0,616.0,166.0,629.0,0.0,0.0,4.0,0.0,0.0,34.0,1.0,4.998,0.0,0.0,1.635,1.864,54.9,73.5,0.0,0.0,0.0,,0.0,77.0,165.2,0.0,0.0,0.0,0.0,325.4,1180.4,320.0,1104.8,334.4,1140.8,330.8,1164.2,0.0,0.0,164.3,1057.0,327.65,250.64999999999998,87.30000000000001,1.0140277777777775,52997.68099999998,22.444444444444443,40.58,41.47,392.0,True,2026-09-05 12:08:19-07:00
777.06,2,9,2026-09-05 19:20:57,37.08111,-121.59656,283.0,39.1,334.6,-12.6,0.0,,0.0,0.0,0.0,4.3,0.7,323.5,38.9,256.0,0.6,-0.02,1.0,40.0,2.0,25,39.9,29.98,1560.0,0.0,0.0,106,0.0,0.0,0.0,0.0,0.0,0.0,0.0,0.0,0.0,0.0,0.0,0.0,12.0,0.0,0.0,-159.0,0.0,0.0,0.0,0.0,3.0,1.0,0.0,1200.0,54.0,74.0,1046.0,1046.0,10.7,1.8,0.0,1.8,33.9,0.0,0.0,14.8,0.0,0.0,9.4,40.4,35.2,0.0,0.0,0.0,0.0,163.0,636.0,159.0,601.0,168.0,611.0,166.0,625.0,0.0,0.0,4.0,0.0,0.0,33.9,1.0,4.998,0.0,0.0,1.627,1.809,54.5,73.5,0.0,0.0,0.0,,0.0,77.0,165.2,0.0,0.0,0.0,0.0,325.4,1176.8,318.2,1113.8,334.4,1131.8,330.8,1157.0,0.0,0.0,164.3,1046.0,327.20000000000005,250.20000000000005,87.30000000000001,1.0145277777777775,53064.72599999999,21.72222222222222,39.379999999999995,40.24,392.0,True,2026-09-05 12:08:19-07:00
778.06,2,9,2026-09-05 19:20:58,37.08128,-121.59665,284.0,37.8,336.2,-12.6,0.0,,0.0,0.0,0.0,5.4,0.4,326.7,37.2,256.0,2.1,-0.07,1.0,46.0,-8.0,25,38.1,29.98,1560.0,0.0,0.0,106,0.0,0.0,0.0,0.0,0.0,0.0,0.0,0.0,0.0,0.0,0.0,0.0,12.0,0.0,0.0,-159.0,0.0,0.0,0.0,0.0,3.0,1.0,0.0,1200.0,54.0,74.0,1037.0,1037.0,10.8,1.8,0.0,1.8,33.9,0.0,0.0,14.8,0.0,0.0,9.6,40.4,35.2,0.0,0.0,0.0,0.0,163.0,632.0,159.0,603.0,168.0,608.0,166.0,621.0,0.0,0.0,4.0,0.0,0.0,33.9,1.0,4.998,0.0,0.0,1.685,1.793,54.4,73.6,0.0,0.0,0.0,,0.0,77.0,165.2,0.0,0.0,0.0,0.0,325.4,1169.6,318.2,1117.4,334.4,1126.4,330.8,1149.8,0.0,0.0,164.48,1037.0,327.20000000000005,250.20000000000005,87.47999999999999,1.0150277777777774,53129.57833333332,20.999999999999996,37.68,38.51,392.0,True,2026-09-05 12:08:19-07:00
779.06,2,9,2026-09-05 19:20:59,37.08144,-121.59673,285.0,36.4,340.2,-12.6,0.0,,0.0,0.0,0.0,6.1,-0.0,327.2,37.2,256.0,1.7,-0.13,1.0,46.0,-40.0,25,38.1,29.98,1560.0,0.0,0.0,106,0.0,0.0,0.0,0.0,0.0,0.0,0.0,0.0,0.0,0.0,0.0,0.0,12.0,0.0,0.0,-160.0,0.0,0.0,0.0,0.0,3.0,1.0,0.0,1200.0,54.0,74.0,1032.0,1032.0,10.9,1.8,0.0,1.8,33.8,0.0,0.0,14.8,0.0,0.0,9.4,40.4,35.2,0.0,0.0,0.0,0.0,162.0,629.0,159.0,607.0,168.0,605.0,166.0,618.0,0.0,0.0,4.0,0.0,0.0,33.8,1.0,4.998,0.0,0.0,1.82,1.709,54.1,73.7,0.0,0.0,0.0,,0.0,77.0,165.2,0.0,0.0,0.0,0.0,323.6,1164.2,318.2,1124.6,334.4,1121.0,330.8,1144.4,0.0,0.0,164.66000000000003,1032.0,326.75,249.75,87.66000000000003,1.0155277777777776,53192.15366666665,20.22222222222222,37.68,38.51,392.0,True,2026-09-05 12:08:19-07:00
780.06,2,9,2026-09-05 19:21:00,37.08159,-121.5968,285.0,35.0,339.2,-12.6,0.0,,0.0,0.0,0.0,5.8,0.3,322.8,36.1,256.0,-2.0,0.1,1.0,45.0,6.0,25,37.0,29.98,1561.0,0.0,0.0,106,0.0,0.0,0.0,0.0,0.0,0.0,0.0,0.0,0.0,0.0,0.0,0.0,14.0,0.0,0.0,-160.0,0.0,0.0,0.0,0.0,3.0,1.0,0.0,1200.0,54.0,74.0,1025.0,1025.0,10.9,1.7,0.0,1.7,33.9,0.0,0.0,14.8,0.0,0.0,9.3,40.4,35.2,0.0,0.0,0.0,0.0,162.0,627.0,159.0,610.0,167.0,602.0,166.0,615.0,0.0,0.0,4.0,0.0,0.0,33.9,1.0,4.998,0.0,0.0,1.82,1.658,54.0,73.5,0.0,0.0,0.0,,0.0,77.0,165.2,0.0,0.0,0.0,0.0,323.6,1160.6,318.2,1130.0,332.6,1115.6,330.8,1139.0,0.0,0.0,164.3,1025.0,326.30000000000007,249.30000000000007,87.30000000000001,1.0160138888888885,53252.36766666665,20.58823529411765,36.58,37.38,392.0,True,2026-09-05 12:08:19-07:00
781.06,2,9,2026-09-05 19:21:01,37.08174,-121.59688,286.0,33.7,336.2,-12.6,0.0,,0.0,0.0,0.0,10.2,0.2,321.9,32.6,256.0,-1.4,0.05,1.0,65.0,5.0,25,33.4,29.98,1561.0,0.0,0.0,106,0.0,0.0,0.0,0.0,0.0,0.0,0.0,0.0,0.0,0.0,0.0,0.0,15.0,0.0,0.0,-160.0,0.0,0.0,0.0,0.0,3.0,1.0,0.0,1200.0,54.0,74.0,1003.0,1003.0,11.1,1.7,0.0,1.7,33.8,0.0,0.0,14.8,0.0,0.0,9.4,40.4,35.2,0.0,0.0,0.0,0.0,162.0,624.0,159.0,612.0,167.0,599.0,166.0,612.0,0.0,0.0,4.0,0.0,0.0,33.8,1.0,4.998,0.0,0.0,1.609,1.648,53.9,73.5,0.0,0.0,0.0,,0.0,77.0,165.2,0.0,0.0,0.0,0.0,323.6,1155.2,318.2,1133.6,332.6,1110.2,330.8,1133.6,0.0,0.0,164.3,1003.0,326.30000000000007,249.30000000000007,87.30000000000001,1.0164861111111108,53310.30466666665,19.823529411764707,33.08,33.81,392.0,True,2026-09-05 12:08:19-07:00
782.06,2,9,2026-09-05 19:21:02,37.08188,-121.59695,286.0,32.7,334.6,-12.6,0.0,,0.0,0.0,0.0,10.7,-0.4,321.7,30.7,256.0,-0.8,0.03,0.8,77.0,32.0,25,31.4,29.98,1561.0,0.0,0.0,106,0.0,0.0,0.0,0.0,0.0,0.0,0.0,0.0,0.0,0.0,0.0,0.0,4.0,0.0,0.0,-2.0,0.0,0.0,0.0,0.0,3.0,1.0,0.0,1200.0,53.0,74.0,972.0,972.0,11.4,1.7,0.0,1.7,33.8,0.0,0.0,14.8,0.0,0.0,9.5,40.4,35.2,0.0,0.0,0.0,0.0,162.0,619.0,159.0,613.0,167.0,596.0,166.0,609.0,0.0,0.0,4.0,0.0,0.0,33.8,1.0,4.998,0.0,0.0,1.459,1.616,53.1,73.5,0.0,0.0,0.0,,0.0,77.0,165.2,0.0,0.0,0.0,0.0,323.6,1146.2,318.2,1135.4,332.6,1104.8,330.8,1128.2,0.0,0.0,164.3,972.0,326.30000000000007,249.30000000000007,87.30000000000001,1.0169583333333332,53366.30199999998,19.23529411764706,31.18,31.86,392.0,True,2026-09-05 12:08:19-07:00
783.06,2,9,2026-09-05 19:21:03,37.08201,-121.59704,286.0,31.6,335.5,-12.6,0.0,,0.0,0.0,0.0,10.6,-0.5,322.3,28.7,256.0,0.5,-0.07,1.1,79.0,25.0,25,29.4,29.98,1561.0,0.0,0.0,106,0.0,0.0,0.0,0.0,0.0,0.0,0.0,0.0,0.0,0.0,0.0,0.0,2.0,0.0,0.0,1.0,0.0,0.0,0.0,0.0,3.0,0.0,0.0,1200.0,53.0,74.0,959.0,959.0,11.7,1.7,0.0,1.7,33.8,0.0,0.0,14.8,0.0,0.0,9.7,40.4,35.2,0.0,0.0,0.0,0.0,162.0,615.0,158.0,607.0,167.0,594.0,165.0,606.0,0.0,0.0,3.0,0.0,0.0,33.8,1.0,4.998,0.0,0.0,1.464,1.6,53.0,73.6,0.0,0.0,0.0,,0.0,77.0,165.2,0.0,0.0,0.0,0.0,323.6,1139.0,316.4,1124.6,332.6,1101.2,329.0,1122.8,0.0,0.0,164.48,959.0,325.4,248.39999999999998,87.47999999999999,1.0174305555555554,53420.52833333332,18.58823529411765,29.18,29.82,392.0,True,2026-09-05 12:08:19-07:00
784.06,2,9,2026-09-05 19:21:04,37.08214,-121.59711,285.0,28.1,333.8,-12.6,0.0,,0.0,0.0,0.0,10.6,-0.6,321.0,25.3,256.0,-0.3,-0.04,0.9,78.0,32.0,25,25.9,29.98,1561.0,0.0,0.0,106,0.0,0.0,0.0,0.0,0.0,0.0,0.0,0.0,0.0,0.0,0.0,0.0,2.0,0.0,0.0,1.0,0.0,0.0,0.0,0.0,3.0,1.0,0.0,1200.0,53.0,74.0,945.0,945.0,11.9,1.7,0.0,1.7,33.9,0.0,0.0,14.8,0.0,0.0,9.5,40.4,35.2,0.0,0.0,0.0,0.0,162.0,611.0,158.0,608.0,167.0,592.0,165.0,604.0,0.0,0.0,3.0,0.0,0.0,33.9,1.0,4.998,0.0,0.0,2.012,1.763,53.2,73.7,0.0,0.0,0.0,,0.0,77.0,165.2,0.0,0.0,0.0,0.0,323.6,1131.8,316.4,1126.4,332.6,1097.6,329.0,1119.2,0.0,0.0,164.66000000000003,945.0,325.4,248.39999999999998,87.66000000000003,1.0179027777777776,53470.875333333315,16.529411764705884,25.78,26.35,392.0,True,2026-09-05 12:08:19-07:00
785.06,2,9,2026-09-05 19:21:05,37.08225,-121.59717,284.0,23.5,333.3,-12.6,0.0,,0.0,0.0,0.0,10.7,-0.4,322.4,23.1,256.0,0.3,-0.03,1.0,85.0,38.0,25,23.7,29.98,1561.0,0.0,0.0,106,0.0,0.0,0.0,0.0,0.0,0.0,0.0,0.0,0.0,0.0,0.0,0.0,2.0,0.0,0.0,1.0,0.0,0.0,0.0,0.0,1.0,1.0,0.0,1200.0,53.0,74.0,932.0,932.0,12.1,1.7,0.0,1.7,34.0,0.0,0.0,14.8,0.0,0.0,9.2,40.4,35.2,0.0,0.0,0.0,0.0,162.0,608.0,158.0,608.0,167.0,590.0,166.0,601.0,0.0,0.0,3.0,0.0,0.0,34.0,1.0,4.998,0.0,0.0,1.835,1.716,52.9,73.6,0.0,0.0,0.0,,0.0,77.0,165.2,0.0,0.0,0.0,0.0,323.6,1126.4,316.4,1126.4,332.6,1094.0,330.8,1113.8,0.0,0.0,164.48,932.0,325.85,248.85000000000002,87.47999999999999,1.0183749999999998,53514.39133333332,13.823529411764707,23.580000000000002,24.1,392.0,True,2026-09-05 12:08:19-07:00
786.06,2,9,2026-09-05 19:21:06,37.08234,-121.59723,284.0,22.0,335.8,-12.6,0.0,,0.0,0.0,0.0,10.8,-0.6,319.1,21.8,256.0,-1.3,-0.03,0.6,81.0,49.0,25,22.3,29.98,1561.0,0.0,0.0,106,0.0,0.0,0.0,0.0,0.0,0.0,0.0,0.0,0.0,0.0,0.0,0.0,2.0,0.0,0.0,1.0,0.0,0.0,0.0,0.0,1.0,1.0,0.0,1200.0,53.0,74.0,938.0,938.0,12.3,1.7,0.0,1.7,33.8,0.0,0.0,14.8,0.0,0.0,9.3,40.4,35.2,0.0,0.0,0.0,0.0,162.0,604.0,158.0,605.0,167.0,588.0,166.0,599.0,0.0,0.0,3.0,0.0,0.0,33.8,1.0,4.998,0.0,0.0,1.676,1.774,52.8,73.6,0.0,0.0,0.0,,0.0,77.0,165.2,0.0,0.0,0.0,0.0,323.6,1119.2,316.4,1121.0,332.6,1090.4,330.8,1110.2,0.0,0.0,164.48,938.0,325.85,248.85000000000002,87.47999999999999,1.018847222222222,53552.762999999984,12.941176470588236,22.28,22.77,392.0,True,2026-09-05 12:08:19-07:00
787.06,2,9,2026-09-05 19:21:07,37.08243,-121.59727,284.0,19.6,332.3,-12.6,0.0,,0.0,0.0,0.0,10.6,-0.5,307.4,17.9,256.0,-7.4,0.18,1.1,99.0,38.0,25,18.3,29.98,1561.0,0.0,0.0,106,0.0,0.0,0.0,0.0,0.0,0.0,0.0,0.0,0.0,0.0,0.0,0.0,2.0,0.0,0.0,1.0,0.0,0.0,0.0,0.0,1.0,1.0,0.0,1200.0,52.0,74.0,896.0,896.0,12.5,1.8,0.0,1.8,34.0,0.0,0.0,14.8,0.0,0.0,9.5,40.4,35.2,0.0,0.0,0.0,0.0,162.0,601.0,158.0,607.0,167.0,585.0,165.0,597.0,0.0,0.0,3.0,0.0,0.0,34.0,1.0,4.998,0.0,0.0,1.68,1.714,52.3,73.7,0.0,0.0,0.0,,0.0,77.0,165.2,0.0,0.0,0.0,0.0,323.6,1113.8,316.4,1124.6,332.6,1085.0,329.0,1106.6,0.0,0.0,164.66000000000003,896.0,325.4,248.39999999999998,87.66000000000003,1.019333333333333,53587.84566666665,10.88888888888889,18.38,18.78,392.0,True,2026-09-05 12:08:19-07:00
788.06,2,9,2026-09-05 19:21:08,37.0825,-121.59734,284.0,17.5,319.5,-12.6,0.0,,0.0,0.0,0.0,10.4,-0.2,303.3,18.2,257.0,-6.0,0.08,1.1,99.0,53.0,25,18.6,29.98,1561.0,0.0,0.0,106,0.0,0.0,0.0,0.0,0.0,0.0,0.0,0.0,0.0,0.0,0.0,0.0,2.0,0.0,0.0,1.0,0.0,0.0,0.0,0.0,1.0,1.0,0.0,1200.0,52.0,74.0,900.0,900.0,12.7,1.7,0.0,1.7,33.9,0.0,0.0,14.8,0.0,0.0,9.6,40.4,35.2,0.0,0.0,0.0,0.0,162.0,598.0,158.0,602.0,167.0,584.0,165.0,595.0,0.0,0.0,3.0,0.0,0.0,33.9,1.0,4.998,0.0,0.0,1.569,1.796,52.2,73.8,0.0,0.0,0.0,,0.0,77.0,165.2,0.0,0.0,0.0,0.0,323.6,1108.4,316.4,1115.6,332.6,1083.2,329.0,1103.0,0.0,0.0,164.83999999999997,900.0,325.4,248.39999999999998,87.83999999999997,1.0198194444444442,53619.13333333332,10.294117647058824,18.68,19.09,392.0,True,2026-09-05 12:08:19-07:00
789.06,2,9,2026-09-05 19:21:09,37.08256,-121.5974,284.0,15.8,318.7,-12.6,0.0,,0.0,0.0,0.0,10.4,-0.6,289.9,16.6,257.0,-9.7,0.13,1.1,99.0,15.0,25,17.0,29.98,1562.0,0.0,0.0,106,0.0,0.0,0.0,0.0,0.0,0.0,0.0,0.0,0.0,0.0,0.0,0.0,2.0,0.0,0.0,1.0,0.0,0.0,0.0,0.0,1.0,1.0,0.0,1200.0,52.0,74.0,895.0,895.0,12.7,1.7,0.0,1.7,33.9,0.0,0.0,14.8,0.0,0.0,9.5,40.4,35.2,0.0,0.0,0.0,0.0,162.0,596.0,158.0,604.0,167.0,581.0,165.0,593.0,0.0,0.0,3.0,0.0,0.0,33.9,1.0,4.998,0.0,0.0,1.46,1.741,52.1,73.9,0.0,0.0,0.0,,0.0,77.0,165.2,0.0,0.0,0.0,0.0,323.6,1104.8,316.4,1119.2,332.6,1077.8,329.0,1099.4,0.0,0.0,165.02,895.0,325.4,248.39999999999998,88.02000000000001,1.0202916666666664,53647.216333333316,9.294117647058824,17.080000000000002,17.45,392.0,True,2026-09-05 12:08:19-07:00
790.06,2,9,2026-09-05 19:21:10,37.08261,-121.59747,285.0,14.9,301.2,-12.6,0.0,,0.0,0.0,0.0,10.2,-0.2,273.3,0.0,257.0,-14.2,0.21,1.1,99.0,10.0,25,0.0,29.98,1562.0,0.0,0.0,106,0.0,0.0,0.0,0.0,0.0,0.0,0.0,0.0,0.0,0.0,0.0,0.0,2.0,0.0,0.0,1.0,0.0,0.0,0.0,0.0,1.0,0.0,0.0,1200.0,52.0,74.0,896.0,896.0,12.7,1.7,0.0,1.7,33.9,0.0,0.0,14.8,0.0,0.0,9.3,40.4,35.2,0.0,0.0,0.0,0.0,162.0,592.0,158.0,605.0,167.0,579.0,165.0,592.0,0.0,0.0,3.0,0.0,0.0,33.9,1.0,4.998,0.0,0.0,0.856,1.801,52.2,73.9,0.0,0.0,0.0,,0.0,77.0,165.2,0.0,0.0,0.0,0.0,323.6,1097.6,316.4,1121.0,332.6,1074.2,329.0,1097.6,0.0,0.0,165.02,896.0,325.4,248.39999999999998,88.02000000000001,1.0207638888888886,53673.10666666665,8.764705882352942,0.48,0.49,392.0,True,2026-09-05 12:08:19-07:00
791.06,2,9,2026-09-05 19:21:11,37.08263,-121.59754,286.0,14.1,286.0,-12.6,0.0,,0.0,0.0,0.0,10.2,-0.2,259.6,0.0,257.0,-14.1,0.17,0.9,99.0,18.0,25,0.0,29.98,1562.0,0.0,0.0,106,0.0,0.0,0.0,0.0,0.0,0.0,0.0,0.0,0.0,0.0,0.0,0.0,2.0,0.0,0.0,1.0,0.0,0.0,0.0,0.0,1.0,0.0,0.0,1200.0,53.0,74.0,919.0,919.0,12.8,1.7,0.0,1.7,33.8,0.0,0.0,14.8,0.0,0.0,9.4,40.4,35.2,0.0,0.0,0.0,0.0,162.0,590.0,158.0,604.0,167.0,578.0,165.0,590.0,0.0,0.0,3.0,0.0,0.0,33.8,1.0,4.998,0.0,0.0,0.704,1.958,52.6,73.9,0.0,0.0,0.0,,0.0,77.0,165.2,0.0,0.0,0.0,0.0,323.6,1094.0,316.4,1119.2,332.6,1072.4,329.0,1094.0,0.0,0.0,165.02,919.0,325.4,248.39999999999998,88.02000000000001,1.0212361111111108,53697.56333333332,8.294117647058824,0.48,0.49,392.0,True,2026-09-05 12:08:19-07:00
792.06,2,9,2026-09-05 19:21:12,37.08264,-121.59763,286.0,13.4,272.3,-12.6,0.0,,0.0,0.0,0.0,10.7,0.1,247.2,0.0,257.0,-13.2,0.17,1.0,99.0,15.0,25,0.0,29.98,1562.0,0.0,0.0,106,0.0,0.0,0.0,0.0,0.0,0.0,0.0,0.0,0.0,0.0,0.0,0.0,2.0,0.0,0.0,1.0,0.0,0.0,0.0,0.0,1.0,1.0,0.0,1200.0,53.0,74.0,921.0,921.0,12.8,1.6,0.0,1.6,33.9,0.0,0.0,14.8,0.0,0.0,9.5,40.4,35.2,0.0,0.0,0.0,0.0,162.0,588.0,158.0,604.0,167.0,577.0,165.0,589.0,0.0,0.0,3.0,0.0,0.0,33.9,1.0,4.998,0.0,0.0,0.657,2.025,52.9,74.0,0.0,0.0,0.0,,0.0,77.0,165.2,0.0,0.0,0.0,0.0,323.6,1090.4,316.4,1119.2,332.6,1070.6,329.0,1092.2,0.0,0.0,165.2,921.0,325.4,248.39999999999998,88.19999999999999,1.0216944444444442,53720.75499999998,8.375,0.48,0.49,392.0,True,2026-09-05 12:08:19-07:00
793.06,2,9,2026-09-05 19:21:13,37.08264,-121.5977,286.0,13.0,259.0,-12.6,0.0,,0.0,0.0,0.0,11.0,-0.1,240.6,0.0,257.0,-9.6,0.08,1.1,99.0,4.0,25,0.0,29.98,1562.0,0.0,0.0,106,0.0,0.0,0.0,0.0,0.0,0.0,0.0,0.0,0.0,0.0,0.0,0.0,2.0,0.0,0.0,1.0,0.0,0.0,0.0,0.0,1.0,1.0,0.0,1200.0,53.0,74.0,912.0,912.0,12.9,1.6,0.0,1.6,33.7,0.0,0.0,14.8,0.0,0.0,10.4,40.4,35.2,0.0,0.0,0.0,0.0,162.0,586.0,157.0,604.0,167.0,577.0,165.0,589.0,0.0,0.0,3.0,0.0,0.0,33.7,1.0,4.998,0.0,0.0,0.667,2.122,52.9,74.1,0.0,0.0,0.0,,0.0,77.0,165.2,0.0,0.0,0.0,0.0,323.6,1086.8,314.6,1119.2,332.6,1070.6,329.0,1092.2,0.0,0.0,165.38,912.0,324.95000000000005,247.95000000000005,88.38,1.0221388888888887,53743.018999999986,8.125,0.48,0.49,392.0,True,2026-09-05 12:08:19-07:00
794.06,2,9,2026-09-05 19:21:14,37.08262,-121.59777,286.0,12.8,254.4,-12.6,0.0,,0.0,0.0,0.0,11.2,0.3,234.7,0.0,257.0,-7.3,0.06,1.0,99.0,-3.0,25,0.0,29.98,1562.0,0.0,0.0,106,0.0,0.0,0.0,0.0,0.0,0.0,0.0,0.0,0.0,0.0,0.0,0.0,2.0,0.0,0.0,1.0,0.0,0.0,0.0,0.0,1.0,0.0,0.0,1200.0,53.0,74.0,919.0,919.0,13.0,1.6,0.0,1.6,33.7,0.0,0.0,14.8,0.0,0.0,10.9,40.4,35.2,0.0,0.0,0.0,0.0,162.0,585.0,157.0,604.0,166.0,576.0,165.0,587.0,0.0,0.0,3.0,0.0,0.0,33.7,1.0,4.998,0.0,0.0,0.676,2.068,52.9,74.3,0.0,0.0,0.0,,0.0,77.0,165.2,0.0,0.0,0.0,0.0,323.6,1085.0,314.6,1119.2,330.8,1068.8,329.0,1088.6,0.0,0.0,165.73999999999998,919.0,324.5,247.5,88.73999999999998,1.0225833333333332,53764.77699999999,8.0,0.48,0.49,392.0,True,2026-09-05 12:08:19-07:00
795.06,2,9,2026-09-05 19:21:15,37.0826,-121.59784,286.0,12.4,245.7,-12.6,0.0,,0.0,0.0,0.0,11.7,0.3,232.3,0.0,257.0,-4.8,0.06,0.9,99.0,24.0,25,0.0,29.98,1562.0,0.0,0.0,106,0.0,0.0,0.0,0.0,0.0,0.0,0.0,0.0,0.0,0.0,0.0,0.0,2.0,0.0,0.0,1.0,0.0,0.0,0.0,0.0,1.0,0.0,0.0,1200.0,53.0,74.0,912.0,912.0,13.0,1.6,0.0,1.6,33.7,0.0,0.0,14.8,0.0,0.0,11.1,40.4,35.2,0.0,0.0,0.0,0.0,162.0,583.0,157.0,606.0,166.0,576.0,165.0,587.0,0.0,0.0,3.0,0.0,0.0,33.7,1.0,4.998,0.0,0.0,0.664,2.096,52.8,74.3,0.0,0.0,0.0,,0.0,77.0,165.2,0.0,0.0,0.0,0.0,323.6,1081.4,314.6,1122.8,330.8,1068.8,329.0,1088.6,0.0,0.0,165.73999999999998,912.0,324.5,247.5,88.73999999999998,1.0230277777777774,53786.02899999999,7.75,0.48,0.49,392.0,True,2026-09-05 12:08:19-07:00
796.06,2,9,2026-09-05 19:21:16,37.08258,-121.5979,286.0,11.9,245.7,-12.6,0.0,,0.0,0.0,0.0,12.0,0.4,234.5,0.0,257.0,-0.5,-0.05,1.0,99.0,17.0,25,0.0,29.98,1562.0,0.0,0.0,106,0.0,0.0,0.0,0.0,0.0,0.0,0.0,0.0,0.0,0.0,0.0,0.0,2.0,0.0,0.0,1.0,0.0,0.0,0.0,0.0,1.0,1.0,0.0,1200.0,53.0,74.0,911.0,911.0,13.0,1.6,0.0,1.6,33.6,0.0,0.0,14.8,0.0,0.0,11.3,40.4,35.2,0.0,0.0,0.0,0.0,162.0,583.0,157.0,605.0,166.0,575.0,166.0,586.0,0.0,0.0,3.0,0.0,0.0,33.6,1.0,4.998,0.0,0.0,0.657,2.008,52.8,74.3,0.0,0.0,0.0,,0.0,77.0,165.2,0.0,0.0,0.0,0.0,323.6,1081.4,314.6,1121.0,330.8,1067.0,330.8,1086.8,0.0,0.0,165.73999999999998,911.0,324.95000000000005,247.95000000000005,88.73999999999998,1.023472222222222,53806.52199999998,7.4375,0.48,0.49,392.0,True,2026-09-05 12:08:19-07:00
797.06,2,9,2026-09-05 19:21:17,37.08256,-121.59796,284.0,11.1,247.5,-12.6,0.0,,0.0,0.0,0.0,12.0,0.2,230.4,0.0,257.0,-2.4,0.03,1.0,99.0,18.0,25,0.0,29.98,1562.0,0.0,0.0,106,0.0,0.0,0.0,0.0,0.0,0.0,0.0,0.0,0.0,0.0,0.0,0.0,2.0,0.0,0.0,1.0,0.0,0.0,0.0,0.0,1.0,1.0,0.0,1200.0,53.0,74.0,905.0,905.0,13.1,1.6,0.0,1.6,33.7,0.0,0.0,14.8,0.0,0.0,11.1,40.4,35.2,0.0,0.0,0.0,0.0,162.0,582.0,157.0,604.0,166.0,575.0,166.0,586.0,0.0,0.0,3.0,0.0,0.0,33.7,1.0,4.998,0.0,0.0,0.647,1.869,52.8,74.3,0.0,0.0,0.0,,0.0,77.0,165.2,0.0,0.0,0.0,0.0,323.6,1079.6,314.6,1119.2,330.8,1067.0,330.8,1086.8,0.0,0.0,165.73999999999998,905.0,324.95000000000005,247.95000000000005,88.73999999999998,1.0239166666666664,53825.91866666665,6.937499999999999,0.48,0.49,392.0,True,2026-09-05 12:08:19-07:00
798.06,2,9,2026-09-05 19:21:18,37.08253,-121.59802,284.0,10.9,243.3,-12.6,0.0,,0.0,0.0,0.0,11.5,-0.0,229.2,0.0,258.0,-1.8,-0.01,1.0,99.0,21.0,26,0.0,29.98,1564.0,0.0,0.0,106,0.0,0.0,0.0,0.0,0.0,0.0,0.0,0.0,0.0,0.0,0.0,0.0,2.0,0.0,0.0,1.0,0.0,0.0,0.0,0.0,1.0,0.0,0.0,1200.0,53.0,74.0,908.0,908.0,13.1,1.6,0.0,1.6,33.6,0.0,0.0,14.8,0.0,0.0,10.6,40.4,35.2,0.0,0.0,0.0,0.0,162.0,581.0,157.0,604.0,166.0,575.0,166.0,585.0,0.0,0.0,3.0,0.0,0.0,33.6,1.0,4.998,0.0,0.0,0.675,1.848,52.9,74.4,0.0,0.0,0.0,,0.0,78.8,165.2,0.0,0.0,0.0,0.0,323.6,1077.8,314.6,1119.2,330.8,1067.0,330.8,1085.0,0.0,0.0,165.92000000000002,908.0,324.95000000000005,246.15000000000003,87.12000000000002,1.0243611111111108,53844.47199999999,6.8125,0.48,0.49,392.0,True,2026-09-05 12:08:19-07:00
799.06,2,9,2026-09-05 19:21:19,37.08251,-121.59808,284.0,10.4,244.3,-12.6,0.0,,0.0,0.0,0.0,11.5,-0.3,219.8,0.0,258.0,-5.9,0.04,1.1,99.0,16.0,25,0.0,29.98,1564.0,0.0,0.0,106,0.0,0.0,0.0,0.0,0.0,0.0,0.0,0.0,0.0,0.0,0.0,0.0,2.0,0.0,0.0,1.0,0.0,0.0,0.0,0.0,1.0,0.0,0.0,1200.0,53.0,75.0,916.0,916.0,13.0,1.6,0.0,1.6,33.7,0.0,0.0,14.8,0.0,0.0,10.1,40.4,35.2,0.0,0.0,0.0,0.0,162.0,581.0,157.0,604.0,166.0,574.0,166.0,584.0,0.0,0.0,3.0,0.0,0.0,33.7,1.0,4.998,0.0,0.0,0.928,1.742,53.1,74.6,0.0,0.0,0.0,,0.0,77.0,167.0,0.0,0.0,0.0,0.0,323.6,1077.8,314.6,1119.2,330.8,1065.2,330.8,1083.2,0.0,0.0,166.28,916.0,324.95000000000005,247.95000000000005,89.28,1.0248055555555553,53862.43499999998,6.5,0.48,0.49,392.0,True,2026-09-05 12:08:19-07:00
800.06,2,9,2026-09-05 19:21:20,37.08249,-121.59813,284.0,10.4,234.0,-12.6,0.0,,0.0,0.0,0.0,10.8,0.2,205.4,0.0,258.0,-10.9,0.1,1.0,99.0,32.0,26,0.0,29.98,1565.0,0.0,0.0,106,0.0,0.0,0.0,0.0,0.0,0.0,0.0,0.0,0.0,0.0,0.0,0.0,2.0,0.0,0.0,1.0,0.0,0.0,0.0,0.0,1.0,0.0,0.0,1200.0,53.0,75.0,905.0,905.0,13.1,1.6,0.0,1.6,33.7,0.0,0.0,14.8,0.0,0.0,9.6,40.4,35.2,0.0,0.0,0.0,0.0,162.0,580.0,157.0,605.0,166.0,573.0,166.0,584.0,0.0,0.0,3.0,0.0,0.0,33.7,1.0,4.998,0.0,0.0,0.822,1.777,52.7,74.5,0.0,0.0,0.0,,0.0,78.8,167.0,0.0,0.0,0.0,0.0,323.6,1076.0,314.6,1121.0,330.8,1063.4,330.8,1083.2,0.0,0.0,166.1,905.0,324.95000000000005,246.15000000000003,87.3,1.0252499999999998,53879.97633333332,6.5,0.48,0.49,392.0,True,2026-09-05 12:08:19-07:00
801.06,2,9,2026-09-05 19:21:21,37.08245,-121.59818,283.0,10.6,215.9,-12.6,0.0,,0.0,0.0,0.0,10.7,1.3,192.5,0.0,259.0,-12.7,0.13,1.0,99.0,30.0,26,0.0,29.98,1566.0,0.0,0.0,106,0.0,0.0,0.0,0.0,0.0,0.0,0.0,0.0,0.0,0.0,0.0,0.0,2.0,0.0,0.0,1.0,0.0,0.0,0.0,0.0,1.0,0.0,0.0,1200.0,53.0,75.0,919.0,919.0,13.0,1.6,0.0,1.6,33.7,0.0,0.0,14.8,0.0,0.0,9.6,40.4,35.2,0.0,0.0,0.0,0.0,162.0,579.0,157.0,604.0,166.0,573.0,166.0,583.0,0.0,0.0,3.0,0.0,0.0,33.7,1.0,4.998,0.0,0.0,0.69,1.901,53.0,74.5,0.0,0.0,0.0,,0.0,78.8,167.0,0.0,0.0,0.0,0.0,323.6,1074.2,314.6,1119.2,330.8,1063.4,330.8,1081.4,0.0,0.0,166.1,919.0,324.95000000000005,246.15000000000003,87.3,1.0256944444444442,53897.68633333332,6.624999999999999,0.48,0.49,392.0,True,2026-09-05 12:08:19-07:00
802.06,2,9,2026-09-05 19:21:22,37.08241,-121.59821,283.0,10.8,205.6,-12.6,0.0,,0.0,0.0,0.0,10.7,0.9,182.9,0.0,259.0,-10.9,0.12,0.9,99.0,6.0,26,0.0,29.98,1566.0,0.0,0.0,106,0.0,0.0,0.0,0.0,0.0,0.0,0.0,0.0,0.0,0.0,0.0,0.0,2.0,0.0,0.0,1.0,0.0,0.0,0.0,0.0,1.0,1.0,0.0,1200.0,53.0,75.0,900.0,900.0,13.0,1.6,0.0,1.6,33.7,0.0,0.0,14.8,0.0,0.0,9.8,40.4,35.2,0.0,0.0,0.0,0.0,162.0,579.0,157.0,605.0,166.0,573.0,166.0,582.0,0.0,0.0,3.0,0.0,0.0,33.7,1.0,4.998,0.0,0.0,0.657,2.015,52.7,74.6,0.0,0.0,0.0,,0.0,78.8,167.0,0.0,0.0,0.0,0.0,323.6,1074.2,314.6,1121.0,330.8,1063.4,330.8,1079.6,0.0,0.0,166.28,900.0,324.95000000000005,246.15000000000003,87.48,1.0261388888888887,53915.73366666665,6.75,0.48,0.49,392.0,True,2026-09-05 12:08:19-07:00
803.06,2,9,2026-09-05 19:21:23,37.08236,-121.59823,284.0,10.7,198.3,-12.6,0.0,,0.0,0.0,0.0,12.1,-1.2,167.6,0.0,259.0,-12.9,0.08,0.9,99.0,6.0,26,0.0,29.98,1566.0,0.0,0.0,106,0.0,0.0,0.0,0.0,0.0,0.0,0.0,0.0,0.0,0.0,0.0,0.0,2.0,0.0,0.0,1.0,0.0,0.0,0.0,0.0,1.0,0.0,0.0,1200.0,53.0,74.0,919.0,919.0,13.0,1.6,0.0,1.6,29.4,0.0,0.0,14.8,0.0,0.0,8.8,40.4,35.2,0.0,0.0,0.0,0.0,162.0,578.0,157.0,605.0,167.0,572.0,166.0,582.0,0.0,0.0,3.0,0.0,0.0,29.4,1.0,4.998,0.0,0.0,0.654,2.085,53.0,74.5,0.0,0.0,0.0,,0.0,78.8,165.2,0.0,0.0,0.0,0.0,323.6,1072.4,314.6,1121.0,332.6,1061.6,330.8,1079.6,0.0,0.0,166.1,919.0,325.40000000000003,246.60000000000002,87.3,1.0265833333333332,53933.86533333332,6.687499999999999,0.48,0.49,392.0,True,2026-09-05 12:08:19-07:00
804.06,2,9,2026-09-05 19:21:24,37.08231,-121.59824,284.0,10.6,178.2,-12.6,0.0,,0.0,0.0,0.0,11.7,-1.0,150.7,0.0,259.0,-15.7,0.16,1.0,99.0,1.0,26,0.0,29.98,1575.0,0.0,0.0,106,0.0,0.0,0.0,0.0,0.0,0.0,0.0,0.0,0.0,0.0,0.0,0.0,2.0,0.0,0.0,1.0,0.0,0.0,0.0,0.0,1.0,0.0,0.0,1200.0,53.0,75.0,921.0,921.0,12.9,1.6,0.0,1.6,26.8,0.0,0.0,14.8,0.0,0.0,8.0,40.4,35.2,0.0,0.0,0.0,0.0,162.0,578.0,157.0,606.0,167.0,572.0,166.0,582.0,0.0,0.0,3.0,0.0,0.0,26.8,1.0,4.998,0.0,0.0,0.671,2.095,53.0,74.7,0.0,0.0,0.0,,0.0,78.8,167.0,0.0,0.0,0.0,0.0,323.6,1072.4,314.6,1122.8,332.6,1061.6,330.8,1079.6,0.0,0.0,166.46,921.0,325.40000000000003,246.60000000000002,87.66000000000001,1.0270277777777774,53951.82833333332,6.624999999999999,0.48,0.49,392.0,True,2026-09-05 12:08:19-07:00
805.06,2,9,2026-09-05 19:21:25,37.08227,-121.59822,284.0,10.6,161.2,-12.6,0.0,,0.0,0.0,0.0,11.6,-0.7,143.9,0.0,259.0,-10.9,0.1,1.0,99.0,-15.0,26,0.0,29.98,1575.0,0.0,0.0,106,0.0,0.0,0.0,0.0,0.0,0.0,0.0,0.0,0.0,0.0,0.0,0.0,2.0,0.0,0.0,1.0,0.0,0.0,0.0,0.0,1.0,0.0,0.0,1200.0,54.0,75.0,952.0,952.0,12.8,1.5,0.0,1.5,24.6,0.0,0.0,14.8,0.0,0.0,7.1,40.4,35.2,0.0,0.0,0.0,0.0,162.0,576.0,157.0,606.0,167.0,572.0,166.0,583.0,0.0,0.0,3.0,0.0,0.0,24.6,1.0,4.998,0.0,0.0,0.685,2.168,53.6,74.7,0.0,0.0,0.0,,0.0,78.8,167.0,0.0,0.0,0.0,0.0,323.6,1068.8,314.6,1122.8,332.6,1061.6,330.8,1081.4,0.0,0.0,166.46,952.0,325.40000000000003,246.60000000000002,87.66000000000001,1.0274583333333331,53969.70699999999,7.066666666666666,0.48,0.49,392.0,True,2026-09-05 12:08:19-07:00
806.06,2,9,2026-09-05 19:21:26,37.08222,-121.5982,284.0,10.9,157.6,-12.6,0.0,,0.0,0.0,0.0,11.6,-0.9,141.9,0.0,259.0,-5.4,0.01,0.9,99.0,-11.0,26,0.0,29.98,1575.0,0.0,0.0,106,0.0,0.0,0.0,0.0,0.0,0.0,0.0,0.0,0.0,0.0,0.0,0.0,2.0,0.0,0.0,1.0,0.0,0.0,0.0,0.0,1.0,0.0,0.0,1200.0,54.0,75.0,950.0,950.0,12.7,1.5,0.0,1.5,24.1,0.0,0.0,14.8,0.0,0.0,6.8,40.4,35.2,0.0,0.0,0.0,0.0,163.0,575.0,157.0,604.0,167.0,575.0,166.0,584.0,0.0,0.0,3.0,0.0,0.0,24.1,1.0,4.998,0.0,0.0,0.676,2.131,53.8,74.7,0.0,0.0,0.0,,0.0,78.8,167.0,0.0,0.0,0.0,0.0,325.4,1067.0,314.6,1119.2,332.6,1067.0,330.8,1083.2,0.0,0.0,166.46,950.0,325.85,247.05,87.66000000000001,1.0278749999999997,53987.83866666665,7.266666666666667,0.48,0.49,392.0,True,2026-09-05 12:08:19-07:00
807.06,2,9,2026-09-05 19:21:27,37.08217,-121.59818,284.0,11.2,154.9,-12.6,0.0,,0.0,0.0,0.0,11.6,-0.4,139.8,0.0,259.0,-3.2,0.01,1.0,99.0,-24.0,26,0.0,29.98,1575.0,0.0,0.0,106,0.0,0.0,0.0,0.0,0.0,0.0,0.0,0.0,0.0,0.0,0.0,0.0,2.0,0.0,0.0,0.0,0.0,0.0,0.0,0.0,1.0,0.0,0.0,1200.0,54.0,75.0,948.0,948.0,12.5,1.4,0.0,1.4,24.2,0.0,0.0,14.8,0.0,0.0,6.8,40.4,35.2,0.0,0.0,0.0,0.0,163.0,574.0,158.0,603.0,167.0,577.0,166.0,587.0,0.0,0.0,3.0,0.0,0.0,24.2,1.0,4.998,0.0,0.0,0.679,2.029,53.7,74.7,0.0,0.0,0.0,,0.0,78.8,167.0,0.0,0.0,0.0,0.0,325.4,1065.2,316.4,1117.4,332.6,1070.6,330.8,1088.6,0.0,0.0,166.46,948.0,326.3,247.5,87.66000000000001,1.0282777777777776,54006.47633333332,8.0,0.48,0.49,392.0,True,2026-09-05 12:08:19-07:00
808.06,2,9,2026-09-05 19:21:28,37.08212,-121.59814,284.0,11.7,151.9,-12.6,0.0,,0.0,0.0,0.0,11.5,-0.6,140.2,0.0,259.0,-1.1,0.0,0.9,99.0,-22.0,26,0.0,29.98,1575.0,0.0,0.0,106,0.0,0.0,0.0,0.0,0.0,0.0,0.0,0.0,0.0,0.0,0.0,0.0,2.0,0.0,0.0,-1.0,0.0,0.0,0.0,0.0,1.0,0.0,0.0,1200.0,54.0,75.0,962.0,962.0,12.5,1.4,0.0,1.4,24.3,0.0,0.0,14.8,0.0,0.0,6.7,40.4,35.2,0.0,0.0,0.0,0.0,163.0,574.0,158.0,603.0,167.0,579.0,166.0,588.0,0.0,0.0,3.0,0.0,0.0,24.3,1.0,4.998,0.0,0.0,0.671,1.98,53.9,74.8,0.0,0.0,0.0,,0.0,78.8,167.0,0.0,0.0,0.0,0.0,325.4,1065.2,316.4,1117.4,332.6,1074.2,330.8,1090.4,0.0,0.0,166.64,962.0,326.3,247.5,87.83999999999999,1.0286666666666664,54025.78866666665,8.357142857142858,0.48,0.49,392.0,True,2026-09-05 12:08:19-07:00
809.06,2,9,2026-09-05 19:21:29,37.08208,-121.59811,282.0,12.0,154.0,-12.6,0.0,,0.0,0.0,0.0,11.6,-0.5,142.2,0.0,259.0,1.0,-0.05,0.9,99.0,-20.0,26,0.0,29.98,1575.0,0.0,0.0,106,0.0,0.0,0.0,0.0,0.0,0.0,0.0,0.0,0.0,0.0,0.0,0.0,2.0,0.0,0.0,-1.0,0.0,0.0,0.0,0.0,1.0,0.0,0.0,1200.0,54.0,75.0,971.0,971.0,12.3,1.4,0.0,1.4,24.3,0.0,0.0,14.8,0.0,0.0,6.4,40.4,35.2,0.0,0.0,0.0,0.0,163.0,573.0,158.0,600.0,167.0,581.0,166.0,590.0,0.0,0.0,3.0,0.0,0.0,24.3,1.0,4.998,0.0,0.0,0.665,1.882,54.3,75.0,0.0,0.0,0.0,,0.0,78.8,167.0,0.0,0.0,0.0,0.0,325.4,1063.4,316.4,1112.0,332.6,1077.8,330.8,1094.0,0.0,0.0,167.0,971.0,326.3,247.5,88.2,1.0290555555555554,54045.775666666654,8.571428571428571,0.48,0.49,392.0,True,2026-09-05 12:08:19-07:00
810.06,2,9,2026-09-05 19:21:30,37.08202,-121.59808,281.0,12.3,156.1,-12.6,0.0,,0.0,0.0,0.0,11.4,-0.5,140.1,0.0,259.0,-0.7,0.02,0.9,99.0,5.0,26,0.0,29.98,1575.0,0.0,0.0,106,0.0,0.0,0.0,0.0,0.0,0.0,0.0,0.0,0.0,0.0,0.0,0.0,2.0,0.0,0.0,-2.0,0.0,0.0,0.0,0.0,1.0,0.0,0.0,1200.0,54.0,75.0,974.0,974.0,12.4,1.3,0.0,1.3,24.3,0.0,0.0,14.8,0.0,0.0,6.0,40.4,35.2,0.0,0.0,0.0,0.0,163.0,572.0,158.0,598.0,167.0,584.0,166.0,593.0,0.0,0.0,3.0,0.0,0.0,24.3,1.0,4.998,0.0,0.0,0.66,1.771,54.3,75.0,0.0,0.0,0.0,,0.0,78.8,167.0,0.0,0.0,0.0,0.0,325.4,1061.6,316.4,1108.4,332.6,1083.2,330.8,1099.4,0.0,0.0,167.0,974.0,326.3,247.5,88.2,1.0294305555555554,54066.26866666665,9.461538461538462,0.48,0.49,392.0,True,2026-09-05 12:08:19-07:00
811.06,2,9,2026-09-05 19:21:31,37.08197,-121.59806,280.0,12.5,154.2,-12.6,0.0,,0.0,0.0,0.0,11.4,-0.6,142.7,0.0,259.0,1.3,-0.05,1.0,99.0,-1.0,26,0.0,29.98,1575.0,0.0,0.0,106,0.0,0.0,0.0,0.0,0.0,0.0,0.0,0.0,0.0,0.0,0.0,0.0,2.0,0.0,0.0,-3.0,0.0,0.0,0.0,0.0,1.0,0.0,0.0,1200.0,54.0,75.0,970.0,970.0,12.3,1.3,0.0,1.3,24.3,0.0,0.0,14.8,0.0,0.0,5.9,40.4,35.2,0.0,0.0,0.0,0.0,163.0,572.0,158.0,597.0,167.0,586.0,166.0,595.0,0.0,0.0,3.0,0.0,0.0,24.3,1.0,4.998,0.0,0.0,0.653,1.765,54.3,74.9,0.0,0.0,0.0,,0.0,78.8,167.0,0.0,0.0,0.0,0.0,325.4,1061.6,316.4,1106.6,332.6,1086.8,330.8,1103.0,0.0,0.0,166.82,970.0,326.3,247.5,88.02,1.0297916666666664,54087.18333333332,9.615384615384615,0.48,0.49,392.0,True,2026-09-05 12:08:19-07:00
812.06,2,9,2026-09-05 19:21:32,37.08192,-121.59803,279.0,12.9,157.0,-12.6,0.0,,0.0,0.0,0.0,11.2,-0.7,143.1,0.0,259.0,0.9,-0.03,1.0,99.0,-8.0,26,0.0,29.98,1575.0,0.0,0.0,106,0.0,0.0,0.0,0.0,0.0,0.0,0.0,0.0,0.0,0.0,0.0,0.0,2.0,0.0,0.0,-3.0,0.0,0.0,0.0,0.0,1.0,0.0,0.0,1200.0,54.0,75.0,976.0,976.0,12.4,1.3,0.0,1.3,24.3,0.0,0.0,14.8,0.0,0.0,5.9,40.4,35.2,0.0,0.0,0.0,0.0,163.0,573.0,158.0,596.0,167.0,587.0,166.0,597.0,0.0,0.0,3.0,0.0,0.0,24.3,1.0,4.998,0.0,0.0,0.731,1.655,54.3,75.0,0.0,0.0,0.0,,0.0,78.8,167.0,0.0,0.0,0.0,0.0,325.4,1063.4,316.4,1104.8,332.6,1088.6,330.8,1106.6,0.0,0.0,167.0,976.0,326.3,247.5,88.2,1.0301527777777775,54108.603999999985,9.923076923076923,0.48,0.49,392.0,True,2026-09-05 12:08:19-07:00
813.06,2,9,2026-09-05 19:21:33,37.08186,-121.598,280.0,13.2,157.1,-12.6,0.0,,0.0,0.0,0.0,11.1,-1.0,143.2,0.0,259.0,0.4,-0.02,0.9,99.0,-14.0,26,0.0,29.98,1575.0,0.0,0.0,106,0.0,0.0,0.0,0.0,0.0,0.0,0.0,0.0,0.0,0.0,0.0,0.0,2.0,0.0,0.0,-4.0,0.0,0.0,0.0,0.0,1.0,1.0,0.0,1200.0,54.0,75.0,967.0,967.0,12.3,1.3,0.0,1.3,24.3,0.0,0.0,14.8,0.0,0.0,6.1,40.4,35.2,0.0,0.0,0.0,0.0,163.0,572.0,158.0,595.0,167.0,588.0,166.0,598.0,0.0,0.0,3.0,0.0,0.0,24.3,1.0,4.998,0.0,0.0,0.829,1.658,54.3,75.1,0.0,0.0,0.0,,0.0,78.8,167.0,0.0,0.0,0.0,0.0,325.4,1061.6,316.4,1103.0,332.6,1090.4,330.8,1108.4,0.0,0.0,167.18,967.0,326.3,247.5,88.38000000000001,1.0305138888888887,54130.61499999998,10.153846153846153,0.48,0.49,392.0,True,2026-09-05 12:08:19-07:00
814.06,2,9,2026-09-05 19:21:34,37.08181,-121.59797,280.0,13.5,156.8,-12.6,0.0,,0.0,0.0,0.0,11.1,-1.0,143.2,0.0,259.0,0.1,-0.02,1.0,99.0,9.0,26,0.0,29.98,1575.0,0.0,0.0,106,0.0,0.0,0.0,0.0,0.0,0.0,0.0,0.0,0.0,0.0,0.0,0.0,2.0,0.0,0.0,-5.0,0.0,0.0,0.0,0.0,1.0,0.0,0.0,1200.0,54.0,75.0,965.0,965.0,12.4,1.3,0.0,1.3,24.3,0.0,0.0,14.8,0.0,0.0,6.1,40.4,35.2,0.0,0.0,0.0,0.0,164.0,573.0,158.0,595.0,167.0,590.0,167.0,600.0,0.0,0.0,3.0,0.0,0.0,24.3,1.0,4.998,0.0,0.0,1.091,1.614,54.2,75.2,0.0,0.0,0.0,,0.0,78.8,167.0,0.0,0.0,0.0,0.0,327.2,1063.4,316.4,1103.0,332.6,1094.0,332.6,1112.0,0.0,0.0,167.36,965.0,327.2,248.39999999999998,88.56000000000002,1.0308749999999998,54153.13199999998,10.384615384615385,0.48,0.49,392.0,True,2026-09-05 12:08:19-07:00
815.06,2,9,2026-09-05 19:21:35,37.08175,-121.59794,281.0,13.8,156.7,-12.6,0.0,,0.0,0.0,0.0,10.9,-1.1,143.1,0.0,259.0,-0.0,-0.02,1.0,99.0,-10.0,26,0.0,29.98,1575.0,0.0,0.0,106,0.0,0.0,0.0,0.0,0.0,0.0,0.0,0.0,0.0,0.0,0.0,0.0,2.0,0.0,0.0,-6.0,0.0,0.0,0.0,0.0,1.0,0.0,0.0,1200.0,54.0,75.0,971.0,971.0,12.4,1.3,0.0,1.3,24.3,0.0,0.0,14.8,0.0,0.0,5.8,40.4,35.2,0.0,0.0,0.0,0.0,164.0,572.0,158.0,595.0,167.0,591.0,167.0,601.0,0.0,0.0,3.0,0.0,0.0,24.3,1.0,4.998,0.0,0.0,1.249,1.572,54.3,75.3,0.0,0.0,0.0,,0.0,78.8,167.0,0.0,0.0,0.0,0.0,327.2,1061.6,316.4,1103.0,332.6,1095.8,332.6,1113.8,0.0,0.0,167.54,971.0,327.2,248.39999999999998,88.74,1.0312361111111108,54176.154999999984,10.615384615384615,0.48,0.49,392.0,True,2026-09-05 12:08:19-07:00
816.06,2,9,2026-09-05 19:21:36,37.08169,-121.59791,281.0,14.1,156.8,-12.6,0.0,,0.0,0.0,0.0,10.9,-1.0,142.6,0.0,259.0,-0.4,-0.0,1.0,99.0,-15.0,26,0.0,29.98,1576.0,0.0,0.0,106,0.0,0.0,0.0,0.0,0.0,0.0,0.0,0.0,0.0,0.0,0.0,0.0,1.0,0.0,0.0,1.0,0.0,0.0,0.0,0.0,1.0,0.0,0.0,1200.0,54.0,75.0,972.0,972.0,12.4,1.3,0.0,1.3,24.3,0.0,0.0,14.8,0.0,0.0,5.7,40.4,35.2,0.0,0.0,0.0,0.0,164.0,571.0,158.0,595.0,167.0,594.0,167.0,603.0,0.0,0.0,3.0,0.0,0.0,24.3,1.0,4.998,0.0,0.0,1.285,1.583,54.1,75.2,0.0,0.0,0.0,,0.0,78.8,167.0,0.0,0.0,0.0,0.0,327.2,1059.8,316.4,1103.0,332.6,1101.2,332.6,1117.4,0.0,0.0,167.36,972.0,327.2,248.39999999999998,88.56000000000002,1.031597222222222,54199.68399999999,10.846153846153845,0.48,0.49,392.0,True,2026-09-05 12:08:19-07:00
817.06,2,9,2026-09-05 19:21:37,37.08163,-121.59787,281.0,14.3,155.2,-12.6,0.0,,0.0,0.0,0.0,11.0,-1.1,143.5,0.0,259.0,0.3,-0.03,0.9,99.0,-22.0,26,0.0,29.98,1576.0,0.0,0.0,106,0.0,0.0,0.0,0.0,0.0,0.0,0.0,0.0,0.0,0.0,0.0,0.0,2.0,0.0,0.0,-2.0,0.0,0.0,0.0,0.0,1.0,0.0,0.0,1200.0,54.0,75.0,976.0,976.0,12.3,1.3,0.0,1.3,24.3,0.0,0.0,14.8,0.0,0.0,5.8,40.4,35.2,0.0,0.0,0.0,0.0,164.0,571.0,158.0,594.0,167.0,595.0,167.0,603.0,0.0,0.0,3.0,0.0,0.0,24.3,1.0,4.998,0.0,0.0,1.305,1.602,54.4,75.3,0.0,0.0,0.0,,0.0,78.8,167.0,0.0,0.0,0.0,0.0,327.2,1059.8,316.4,1101.2,332.6,1103.0,332.6,1117.4,0.0,0.0,167.54,976.0,327.2,248.39999999999998,88.74,1.031958333333333,54223.63466666665,11.0,0.48,0.49,392.0,True,2026-09-05 12:08:19-07:00
818.06,2,9,2026-09-05 19:21:38,37.08157,-121.59784,281.0,14.7,158.1,-12.6,0.0,,0.0,0.0,0.0,10.9,-1.3,142.2,0.0,259.0,-0.5,-0.01,1.0,99.0,-11.0,26,0.0,29.98,1576.0,0.0,0.0,106,0.0,0.0,0.0,0.0,0.0,0.0,0.0,0.0,0.0,0.0,0.0,0.0,2.0,0.0,0.0,-2.0,0.0,0.0,0.0,0.0,1.0,1.0,0.0,1200.0,54.0,75.0,971.0,971.0,12.3,1.3,0.0,1.3,24.3,0.0,0.0,14.8,0.0,0.0,6.0,40.4,35.2,0.0,0.0,0.0,0.0,164.0,571.0,158.0,594.0,167.0,595.0,167.0,604.0,0.0,0.0,3.0,0.0,0.0,24.3,1.0,4.998,0.0,0.0,1.362,1.514,54.3,75.4,0.0,0.0,0.0,,0.0,78.8,167.0,0.0,0.0,0.0,0.0,327.2,1059.8,316.4,1101.2,332.6,1103.0,332.6,1119.2,0.0,0.0,167.72,971.0,327.2,248.39999999999998,88.92,1.0323194444444441,54248.091333333316,11.307692307692307,0.48,0.49,392.0,True,2026-09-05 12:08:19-07:00
819.06,2,9,2026-09-05 19:21:39,37.08151,-121.5978,281.0,14.9,154.4,-12.6,0.0,,0.0,0.0,0.0,11.1,-1.1,142.1,0.0,259.0,-0.4,-0.01,0.9,99.0,2.0,26,0.0,29.98,1576.0,0.0,0.0,106,0.0,0.0,0.0,0.0,0.0,0.0,0.0,0.0,0.0,0.0,0.0,0.0,2.0,0.0,0.0,-2.0,0.0,0.0,0.0,0.0,1.0,0.0,0.0,1200.0,54.0,76.0,962.0,962.0,12.4,1.3,0.0,1.3,24.3,0.0,0.0,14.8,0.0,0.0,6.0,40.4,35.2,0.0,0.0,0.0,0.0,164.0,571.0,158.0,594.0,167.0,596.0,167.0,604.0,0.0,0.0,3.0,0.0,0.0,24.3,1.0,4.998,0.0,0.0,1.36,1.559,54.1,75.5,0.0,0.0,0.0,,0.0,78.8,168.8,0.0,0.0,0.0,0.0,327.2,1059.8,316.4,1101.2,332.6,1104.8,332.6,1119.2,0.0,0.0,167.9,962.0,327.2,248.39999999999998,89.10000000000001,1.0326805555555554,54273.05399999998,11.461538461538462,0.48,0.49,392.0,True,2026-09-05 12:08:19-07:00
820.06,2,9,2026-09-05 19:21:40,37.08144,-121.59777,281.0,15.1,155.4,-12.6,0.0,,0.0,0.0,0.0,11.0,-1.0,143.0,0.0,259.0,0.4,-0.03,1.0,99.0,-17.0,26,0.0,29.98,1576.0,0.0,0.0,106,0.0,0.0,0.0,0.0,0.0,0.0,0.0,0.0,0.0,0.0,0.0,0.0,2.0,0.0,0.0,-3.0,0.0,0.0,0.0,0.0,1.0,0.0,0.0,1200.0,54.0,76.0,965.0,965.0,12.4,1.3,0.0,1.3,24.3,0.0,0.0,14.8,0.0,0.0,5.8,40.4,35.2,0.0,0.0,0.0,0.0,164.0,571.0,158.0,593.0,167.0,597.0,167.0,605.0,0.0,0.0,3.0,0.0,0.0,24.3,1.0,4.998,0.0,0.0,1.36,1.577,54.1,75.7,0.0,0.0,0.0,,0.0,78.8,168.8,0.0,0.0,0.0,0.0,327.2,1059.8,316.4,1099.4,332.6,1106.6,332.6,1121.0,0.0,0.0,168.26000000000002,965.0,327.2,248.39999999999998,89.46000000000002,1.0330416666666664,54298.353999999985,11.615384615384615,0.48,0.49,392.0,True,2026-09-05 12:08:19-07:00
821.06,2,9,2026-09-05 19:21:41,37.08138,-121.59773,280.0,15.2,156.8,-12.6,0.0,,0.0,0.0,0.0,10.9,-0.8,143.7,0.0,259.0,0.7,-0.03,1.0,99.0,-15.0,26,0.0,29.98,1576.0,0.0,0.0,106,0.0,0.0,0.0,0.0,0.0,0.0,0.0,0.0,0.0,0.0,0.0,0.0,2.0,0.0,0.0,-4.0,0.0,0.0,0.0,0.0,1.0,0.0,0.0,1200.0,54.0,76.0,971.0,971.0,12.4,1.3,0.0,1.3,24.3,0.0,0.0,14.8,0.0,0.0,5.7,40.4,35.2,0.0,0.0,0.0,0.0,164.0,571.0,158.0,594.0,167.0,597.0,167.0,606.0,0.0,0.0,3.0,0.0,0.0,24.3,1.0,4.998,0.0,0.0,1.359,1.512,54.2,75.6,0.0,0.0,0.0,,0.0,78.8,168.8,0.0,0.0,0.0,0.0,327.2,1059.8,316.4,1101.2,332.6,1106.6,332.6,1122.8,0.0,0.0,168.07999999999998,971.0,327.2,248.39999999999998,89.27999999999999,1.0334027777777774,54323.906999999985,11.692307692307692,0.48,0.49,392.0,True,2026-09-05 12:08:19-07:00
822.06,2,9,2026-09-05 19:21:42,37.08131,-121.5977,280.0,15.5,156.9,-12.6,0.0,,0.0,0.0,0.0,11.0,-0.8,144.0,0.0,259.0,0.5,-0.03,1.0,99.0,-2.0,26,0.0,29.98,1586.0,0.0,0.0,106,0.0,0.0,0.0,0.0,0.0,0.0,0.0,0.0,0.0,0.0,0.0,0.0,2.0,0.0,0.0,-4.0,0.0,0.0,0.0,0.0,1.0,0.0,0.0,1200.0,54.0,76.0,973.0,973.0,12.3,1.3,0.0,1.3,24.3,0.0,0.0,14.8,0.0,0.0,5.9,40.4,35.2,0.0,0.0,0.0,0.0,165.0,571.0,158.0,594.0,168.0,597.0,167.0,607.0,0.0,0.0,3.0,0.0,0.0,24.3,1.0,4.998,0.0,0.0,1.416,1.469,54.4,75.6,0.0,0.0,0.0,,0.0,78.8,168.8,0.0,0.0,0.0,0.0,329.0,1059.8,316.4,1101.2,334.4,1106.6,332.6,1124.6,0.0,0.0,168.07999999999998,973.0,328.1,249.3,89.27999999999999,1.0337638888888887,54349.79733333332,11.923076923076923,0.48,0.49,392.0,True,2026-09-05 12:08:19-07:00
823.06,2,9,2026-09-05 19:21:43,37.08125,-121.59766,279.0,15.7,157.9,-12.6,0.0,,0.0,0.0,0.0,11.1,-1.2,142.4,0.0,259.0,-0.7,0.0,1.0,99.0,-15.0,26,0.0,29.98,1586.0,0.0,0.0,106,0.0,0.0,0.0,0.0,0.0,0.0,0.0,0.0,0.0,0.0,0.0,0.0,2.0,0.0,0.0,-4.0,0.0,0.0,0.0,0.0,1.0,1.0,0.0,1200.0,54.0,76.0,973.0,973.0,12.3,1.3,0.0,1.3,24.3,0.0,0.0,14.8,0.0,0.0,6.0,40.4,35.2,0.0,0.0,0.0,0.0,165.0,570.0,158.0,594.0,168.0,598.0,167.0,606.0,0.0,0.0,3.0,0.0,0.0,24.3,1.0,4.998,0.0,0.0,1.416,1.451,54.4,75.7,0.0,0.0,0.0,,0.0,78.8,168.8,0.0,0.0,0.0,0.0,329.0,1058.0,316.4,1101.2,334.4,1108.4,332.6,1122.8,0.0,0.0,168.26000000000002,973.0,328.1,249.3,89.46000000000002,1.0341249999999997,54376.10933333332,12.076923076923077,0.48,0.49,392.0,True,2026-09-05 12:08:19-07:00
824.06,2,9,2026-09-05 19:21:44,37.08118,-121.59763,279.0,15.9,155.5,-12.6,0.0,,0.0,0.0,0.0,11.0,-1.1,141.6,0.0,259.0,-0.9,0.0,1.0,99.0,-6.0,26,0.0,29.98,1586.0,0.0,0.0,106,0.0,0.0,0.0,0.0,0.0,0.0,0.0,0.0,0.0,0.0,0.0,0.0,2.0,0.0,0.0,-4.0,0.0,0.0,0.0,0.0,1.0,0.0,0.0,1200.0,54.0,76.0,970.0,970.0,12.4,1.3,0.0,1.3,24.3,0.0,0.0,14.8,0.0,0.0,6.2,40.4,35.2,0.0,0.0,0.0,0.0,165.0,570.0,158.0,594.0,168.0,599.0,167.0,607.0,0.0,0.0,3.0,0.0,0.0,24.3,1.0,4.998,0.0,0.0,1.416,1.527,54.2,75.8,0.0,0.0,0.0,,0.0,78.8,168.8,0.0,0.0,0.0,0.0,329.0,1058.0,316.4,1101.2,334.4,1110.2,332.6,1124.6,0.0,0.0,168.44,970.0,328.1,249.3,89.64,1.0344861111111108,54402.758666666654,12.23076923076923,0.48,0.49,392.0,True,2026-09-05 12:08:19-07:00
825.06,2,9,2026-09-05 19:21:45,37.08111,-121.59759,279.0,16.1,155.1,-12.6,0.0,,0.0,0.0,0.0,11.1,-1.2,141.7,0.0,259.0,-0.3,-0.01,1.0,99.0,-10.0,26,0.0,29.98,1586.0,0.0,0.0,106,0.0,0.0,0.0,0.0,0.0,0.0,0.0,0.0,0.0,0.0,0.0,0.0,2.0,0.0,0.0,-4.0,0.0,0.0,0.0,0.0,1.0,0.0,0.0,1200.0,54.0,76.0,974.0,974.0,12.3,1.3,0.0,1.3,24.3,0.0,0.0,14.8,0.0,0.0,5.9,40.4,35.2,0.0,0.0,0.0,0.0,165.0,570.0,159.0,594.0,168.0,600.0,167.0,607.0,0.0,0.0,3.0,0.0,0.0,24.3,1.0,4.998,0.0,0.0,1.416,1.556,54.3,76.0,0.0,0.0,0.0,,0.0,78.8,168.8,0.0,0.0,0.0,0.0,329.0,1058.0,318.2,1101.2,334.4,1112.0,332.6,1124.6,0.0,0.0,168.8,974.0,328.55,249.75,90.00000000000001,1.034847222222222,54429.74533333332,12.384615384615385,0.48,0.49,392.0,True,2026-09-05 12:08:19-07:00
826.06,2,9,2026-09-05 19:21:46,37.08105,-121.59755,278.0,16.2,154.6,-12.6,0.0,,0.0,0.0,0.0,10.9,-1.1,141.7,0.0,259.0,-0.0,-0.02,0.9,99.0,-2.0,26,0.0,29.98,1586.0,0.0,0.0,106,0.0,0.0,0.0,0.0,0.0,0.0,0.0,0.0,0.0,0.0,0.0,0.0,1.0,0.0,0.0,-4.0,0.0,0.0,0.0,0.0,1.0,0.0,0.0,1200.0,54.0,76.0,959.0,959.0,12.2,1.3,0.0,1.3,24.3,0.0,0.0,14.8,0.0,0.0,5.8,40.4,35.2,0.0,0.0,0.0,0.0,165.0,570.0,159.0,593.0,168.0,599.0,168.0,607.0,0.0,0.0,3.0,0.0,0.0,24.3,1.0,4.998,0.0,0.0,1.447,1.515,54.0,75.9,0.0,0.0,0.0,,0.0,78.8,168.8,0.0,0.0,0.0,0.0,329.0,1058.0,318.2,1099.4,334.4,1110.2,334.4,1124.6,0.0,0.0,168.62,959.0,329.0,250.2,89.82000000000001,1.035208333333333,54456.984999999986,12.46153846153846,0.48,0.49,392.0,True,2026-09-05 12:08:19-07:00
827.06,2,9,2026-09-05 19:21:47,37.08098,-121.59751,280.0,16.4,154.7,-12.6,0.0,,0.0,0.0,0.0,11.0,-1.2,141.7,0.0,259.0,0.1,-0.02,0.9,99.0,5.0,26,0.0,29.98,1586.0,0.0,0.0,106,0.0,0.0,0.0,0.0,0.0,0.0,0.0,0.0,0.0,0.0,0.0,0.0,1.0,0.0,0.0,-4.0,0.0,0.0,0.0,0.0,1.0,0.0,0.0,1200.0,54.0,76.0,950.0,950.0,12.4,1.3,0.0,1.3,24.3,0.0,0.0,14.8,0.0,0.0,5.8,40.4,35.2,0.0,0.0,0.0,0.0,165.0,569.0,159.0,592.0,168.0,597.0,168.0,606.0,0.0,0.0,3.0,0.0,0.0,24.3,1.0,4.998,0.0,0.0,1.465,1.509,53.7,75.9,0.0,0.0,0.0,,0.0,78.8,168.8,0.0,0.0,0.0,0.0,329.0,1056.2,318.2,1097.6,334.4,1106.6,334.4,1122.8,0.0,0.0,168.62,950.0,329.0,250.2,89.82000000000001,1.035569444444444,54484.47766666665,12.615384615384613,0.48,0.49,392.0,True,2026-09-05 12:08:19-07:00
828.06,2,9,2026-09-05 19:21:48,37.08091,-121.59747,280.0,16.5,154.8,-12.6,0.0,,0.0,0.0,0.0,11.0,-1.0,141.8,0.0,259.0,0.1,-0.02,1.1,99.0,-16.0,26,0.0,29.98,1586.0,0.0,0.0,106,0.0,0.0,0.0,0.0,0.0,0.0,0.0,0.0,0.0,0.0,0.0,0.0,1.0,0.0,0.0,-4.0,0.0,0.0,0.0,0.0,1.0,1.0,0.0,1200.0,53.0,76.0,943.0,943.0,12.5,1.3,0.0,1.3,24.3,0.0,0.0,14.8,0.0,0.0,6.0,40.4,35.2,0.0,0.0,0.0,0.0,165.0,568.0,159.0,593.0,168.0,597.0,168.0,605.0,0.0,0.0,3.0,0.0,0.0,24.3,2.0,4.998,0.0,0.0,1.462,1.517,53.4,76.0,0.0,0.0,0.0,,0.0,78.8,168.8,0.0,0.0,0.0,0.0,329.0,1054.4,318.2,1099.4,334.4,1106.6,334.4,1121.0,0.0,0.0,168.8,943.0,329.0,250.2,90.00000000000001,1.0359305555555554,54512.22333333332,12.692307692307692,0.48,0.49,392.0,True,2026-09-05 12:08:19-07:00
829.06,2,9,2026-09-05 19:21:49,37.08084,-121.59743,280.0,16.6,155.0,-12.6,0.0,,0.0,0.0,0.0,10.7,-1.4,142.5,0.0,259.0,0.5,-0.04,0.9,99.0,-35.0,26,0.0,29.98,1586.0,0.0,0.0,106,0.0,0.0,0.0,0.0,0.0,0.0,0.0,0.0,0.0,0.0,0.0,0.0,1.0,0.0,0.0,-4.0,0.0,0.0,0.0,0.0,1.0,0.0,0.0,1200.0,54.0,76.0,945.0,945.0,12.5,1.3,0.0,1.3,24.3,0.0,0.0,14.8,0.0,0.0,6.1,40.4,35.2,0.0,0.0,0.0,0.0,165.0,568.0,159.0,592.0,168.0,597.0,168.0,605.0,0.0,0.0,3.0,0.0,0.0,24.3,1.0,4.998,0.0,0.0,1.472,1.512,53.6,76.1,0.0,0.0,0.0,,0.0,78.8,168.8,0.0,0.0,0.0,0.0,329.0,1054.4,318.2,1097.6,334.4,1106.6,334.4,1121.0,0.0,0.0,168.98,945.0,329.0,250.2,90.17999999999999,1.0362916666666664,54540.13766666665,12.76923076923077,0.48,0.49,392.0,True,2026-09-05 12:08:19-07:00
830.06,2,9,2026-09-05 19:21:50,37.08077,-121.59739,280.0,16.7,155.8,-12.6,0.0,,0.0,0.0,0.0,11.0,-1.2,143.1,0.0,259.0,0.6,-0.03,1.1,99.0,-28.0,26,0.0,29.98,1586.0,0.0,0.0,106,0.0,0.0,0.0,0.0,0.0,0.0,0.0,0.0,0.0,0.0,0.0,0.0,2.0,0.0,0.0,-4.0,0.0,0.0,0.0,0.0,1.0,0.0,0.0,1200.0,53.0,76.0,948.0,948.0,12.6,1.3,0.0,1.3,24.3,0.0,0.0,14.8,0.0,0.0,5.7,40.4,35.2,0.0,0.0,0.0,0.0,165.0,569.0,159.0,593.0,168.0,596.0,168.0,605.0,0.0,0.0,3.0,0.0,0.0,24.3,1.0,4.998,0.0,0.0,1.472,1.516,53.4,76.1,0.0,0.0,0.0,,0.0,78.8,168.8,0.0,0.0,0.0,0.0,329.0,1056.2,318.2,1099.4,334.4,1104.8,334.4,1121.0,0.0,0.0,168.98,948.0,329.0,250.2,90.17999999999999,1.0366527777777774,54568.22066666665,12.846153846153845,0.48,0.49,392.0,True,2026-09-05 12:08:19-07:00
831.06,2,9,2026-09-05 19:21:51,37.0807,-121.59735,280.0,16.8,156.0,-12.6,0.0,,0.0,0.0,0.0,11.0,-1.2,143.3,0.0,259.0,0.4,-0.02,1.0,99.0,-2.0,26,0.0,29.98,1586.0,0.0,0.0,106,0.0,0.0,0.0,0.0,0.0,0.0,0.0,0.0,0.0,0.0,0.0,0.0,1.0,0.0,0.0,-4.0,0.0,0.0,0.0,0.0,1.0,0.0,0.0,1200.0,54.0,76.0,951.0,951.0,12.5,1.3,0.0,1.3,24.4,0.0,0.0,14.8,0.0,0.0,5.5,40.4,35.2,0.0,0.0,0.0,0.0,165.0,568.0,159.0,593.0,168.0,596.0,168.0,605.0,0.0,0.0,3.0,0.0,0.0,24.4,1.0,4.998,0.0,0.0,1.472,1.478,53.5,76.2,0.0,0.0,0.0,,0.0,78.8,168.8,0.0,0.0,0.0,0.0,329.0,1054.4,318.2,1099.4,334.4,1104.8,334.4,1121.0,0.0,0.0,169.16000000000003,951.0,329.0,250.2,90.36000000000003,1.0370138888888887,54596.47233333332,12.923076923076923,0.48,0.49,392.0,True,2026-09-05 12:08:19-07:00
832.06,2,9,2026-09-05 19:21:52,37.08063,-121.59731,280.0,16.9,157.0,-12.6,0.0,,0.0,0.0,0.0,11.1,-0.7,143.9,0.0,259.0,0.5,-0.02,1.0,99.0,-5.0,26,0.0,29.98,1586.0,0.0,0.0,106,0.0,0.0,0.0,0.0,0.0,0.0,0.0,0.0,0.0,0.0,0.0,0.0,2.0,0.0,0.0,-5.0,0.0,0.0,0.0,0.0,1.0,0.0,0.0,1200.0,54.0,76.0,947.0,947.0,12.4,1.3,0.0,1.3,24.3,0.0,0.0,14.8,0.0,0.0,5.3,40.4,35.2,0.0,0.0,0.0,0.0,165.0,567.0,159.0,594.0,168.0,595.0,168.0,604.0,0.0,0.0,3.0,0.0,0.0,24.3,2.0,4.998,0.0,0.0,1.484,1.447,53.5,76.2,0.0,0.0,0.0,,0.0,78.8,168.8,0.0,0.0,0.0,0.0,329.0,1052.6,318.2,1101.2,334.4,1103.0,334.4,1119.2,0.0,0.0,169.16000000000003,947.0,329.0,250.2,90.36000000000003,1.0373749999999997,54624.89266666665,12.999999999999998,0.48,0.49,392.0,True,2026-09-05 12:08:19-07:00
833.06,2,9,2026-09-05 19:21:53,37.08055,-121.59727,279.0,16.9,157.4,-12.6,0.0,,0.0,0.0,0.0,11.1,-1.1,143.8,0.0,259.0,0.2,-0.02,1.0,99.0,-1.0,26,0.0,29.98,1586.0,0.0,0.0,106,0.0,0.0,0.0,0.0,0.0,0.0,0.0,0.0,0.0,0.0,0.0,0.0,2.0,0.0,0.0,-4.0,0.0,0.0,0.0,0.0,1.0,1.0,0.0,1200.0,54.0,76.0,947.0,947.0,12.4,1.3,0.0,1.3,24.3,0.0,0.0,14.8,0.0,0.0,5.2,40.4,35.2,0.0,0.0,0.0,0.0,166.0,566.0,159.0,594.0,168.0,595.0,168.0,604.0,0.0,0.0,3.0,0.0,0.0,24.3,2.0,4.998,0.0,0.0,1.509,1.47,53.6,76.3,0.0,0.0,0.0,,0.0,78.8,168.8,0.0,0.0,0.0,0.0,330.8,1050.8,318.2,1101.2,334.4,1103.0,334.4,1119.2,0.0,0.0,169.33999999999997,947.0,329.45,250.64999999999998,90.53999999999998,1.037736111111111,54653.39733333332,12.999999999999998,0.48,0.49,392.0,True,2026-09-05 12:08:19-07:00
834.06,2,9,2026-09-05 19:21:54,37.08048,-121.59724,279.0,17.0,157.2,-12.6,0.0,,0.0,0.0,0.0,11.1,-1.3,143.7,0.0,259.0,0.0,-0.02,0.9,99.0,-7.0,26,0.0,29.98,1586.0,0.0,0.0,106,0.0,0.0,0.0,0.0,0.0,0.0,0.0,0.0,0.0,0.0,0.0,0.0,2.0,0.0,0.0,-5.0,0.0,0.0,0.0,0.0,1.0,0.0,0.0,1200.0,54.0,76.0,953.0,953.0,12.4,1.3,0.0,1.3,24.4,0.0,0.0,14.8,0.0,0.0,5.2,40.4,35.2,0.0,0.0,0.0,0.0,166.0,567.0,159.0,594.0,169.0,595.0,168.0,603.0,0.0,0.0,3.0,0.0,0.0,24.4,2.0,4.998,0.0,0.0,1.489,1.46,53.7,76.4,0.0,0.0,0.0,,0.0,78.8,168.8,0.0,0.0,0.0,0.0,330.8,1052.6,318.2,1101.2,336.2,1103.0,334.4,1117.4,0.0,0.0,169.52,953.0,329.9,251.09999999999997,90.72000000000001,1.038097222222222,54681.98633333332,13.076923076923077,0.48,0.49,392.0,True,2026-09-05 12:08:19-07:00
835.06,2,9,2026-09-05 19:21:55,37.08041,-121.5972,278.0,17.2,157.0,-12.6,0.0,,0.0,0.0,0.0,11.1,-1.3,143.5,0.0,259.0,-0.0,-0.02,1.0,99.0,9.0,26,0.0,29.98,1586.0,0.0,0.0,106,0.0,0.0,0.0,0.0,0.0,0.0,0.0,0.0,0.0,0.0,0.0,0.0,1.0,0.0,0.0,-4.0,0.0,0.0,0.0,0.0,1.0,0.0,0.0,1200.0,54.0,76.0,952.0,952.0,12.5,1.3,0.0,1.3,24.4,0.0,0.0,14.8,0.0,0.0,5.2,40.4,35.2,0.0,0.0,0.0,0.0,166.0,566.0,159.0,594.0,169.0,594.0,168.0,602.0,0.0,0.0,3.0,0.0,0.0,24.4,2.0,4.998,0.0,0.0,1.472,1.514,53.6,76.4,0.0,0.0,0.0,,0.0,78.8,168.8,0.0,0.0,0.0,0.0,330.8,1050.8,318.2,1101.2,336.2,1101.2,334.4,1115.6,0.0,0.0,169.52,952.0,329.9,251.09999999999997,90.72000000000001,1.038458333333333,54710.82833333332,13.23076923076923,0.48,0.49,392.0,True,2026-09-05 12:08:19-07:00
836.06,2,9,2026-09-05 19:21:56,37.08034,-121.59716,278.0,17.2,156.8,-12.6,0.0,,0.0,0.0,0.0,11.2,-1.1,143.3,0.0,259.0,-0.1,-0.02,1.0,99.0,-14.0,26,0.0,29.98,1596.0,0.0,0.0,106,0.0,0.0,0.0,0.0,0.0,0.0,0.0,0.0,0.0,0.0,0.0,0.0,1.0,0.0,0.0,-5.0,0.0,0.0,0.0,0.0,1.0,0.0,0.0,1200.0,54.0,76.0,956.0,956.0,12.4,1.3,0.0,1.3,24.4,0.0,0.0,14.8,0.0,0.0,5.2,40.4,35.2,0.0,0.0,0.0,0.0,166.0,565.0,159.0,594.0,169.0,593.0,169.0,602.0,0.0,0.0,3.0,0.0,0.0,24.4,2.0,4.998,0.0,0.0,1.471,1.516,53.7,76.5,0.0,0.0,0.0,,0.0,78.8,168.8,0.0,0.0,0.0,0.0,330.8,1049.0,318.2,1101.2,336.2,1099.4,336.2,1115.6,0.0,0.0,169.7,956.0,330.34999999999997,251.54999999999995,90.89999999999999,1.0388194444444443,54739.838999999985,13.23076923076923,0.48,0.49,392.0,True,2026-09-05 12:08:19-07:00
837.06,2,9,2026-09-05 19:21:57,37.08026,-121.59712,278.0,17.3,156.9,-12.6,0.0,,0.0,0.0,0.0,11.1,-1.0,143.2,0.0,259.0,-0.1,-0.02,0.9,99.0,-6.0,26,0.0,29.98,1596.0,0.0,0.0,106,0.0,0.0,0.0,0.0,0.0,0.0,0.0,0.0,0.0,0.0,0.0,0.0,2.0,0.0,0.0,-5.0,0.0,0.0,0.0,0.0,1.0,0.0,0.0,1200.0,54.0,77.0,952.0,952.0,12.3,1.3,0.0,1.3,24.4,0.0,0.0,14.8,0.0,0.0,5.2,40.4,35.2,0.0,0.0,0.0,0.0,166.0,565.0,159.0,594.0,169.0,593.0,169.0,602.0,0.0,0.0,3.0,0.0,0.0,24.4,2.0,4.998,0.0,0.0,1.471,1.495,53.8,76.5,0.0,0.0,0.0,,0.0,78.8,170.6,0.0,0.0,0.0,0.0,330.8,1049.0,318.2,1101.2,336.2,1099.4,336.2,1115.6,0.0,0.0,169.7,952.0,330.34999999999997,251.54999999999995,90.89999999999999,1.0391805555555553,54768.93399999999,13.307692307692308,0.48,0.49,392.0,True,2026-09-05 12:08:19-07:00
838.06,2,9,2026-09-05 19:21:58,37.08019,-121.59708,277.0,17.3,156.4,-12.6,0.0,,0.0,0.0,0.0,11.0,-0.8,143.2,0.0,259.0,-0.0,-0.01,0.9,99.0,-10.0,26,0.0,29.98,1596.0,0.0,0.0,106,0.0,0.0,0.0,0.0,0.0,0.0,0.0,0.0,0.0,0.0,0.0,0.0,2.0,0.0,0.0,-5.0,0.0,0.0,0.0,0.0,1.0,1.0,0.0,1200.0,53.0,77.0,943.0,943.0,12.5,1.3,0.0,1.3,24.4,0.0,0.0,14.8,0.0,0.0,5.2,40.4,35.2,0.0,0.0,0.0,0.0,166.0,565.0,160.0,594.0,169.0,593.0,169.0,602.0,0.0,0.0,3.0,0.0,0.0,24.4,2.0,4.998,0.0,0.0,1.471,1.554,53.4,76.6,0.0,0.0,0.0,,0.0,78.8,170.6,0.0,0.0,0.0,0.0,330.8,1049.0,320.0,1101.2,336.2,1099.4,336.2,1115.6,0.0,0.0,169.88,943.0,330.8,252.0,91.08,1.0395416666666664,54798.11333333332,13.307692307692308,0.48,0.49,392.0,True,2026-09-05 12:08:19-07:00
839.06,2,9,2026-09-05 19:21:59,37.08012,-121.59704,279.0,17.4,156.7,-12.6,0.0,,0.0,0.0,0.0,10.7,-1.4,142.6,0.0,259.0,-0.3,-0.02,1.0,99.0,-1.0,26,0.0,29.98,1596.0,0.0,0.0,106,0.0,0.0,0.0,0.0,0.0,0.0,0.0,0.0,0.0,0.0,0.0,0.0,2.0,0.0,0.0,-5.0,0.0,0.0,0.0,0.0,1.0,0.0,0.0,1200.0,54.0,77.0,952.0,952.0,12.5,1.3,0.0,1.3,24.4,0.0,0.0,14.8,0.0,0.0,5.2,40.4,35.2,0.0,0.0,0.0,0.0,166.0,565.0,160.0,595.0,169.0,592.0,169.0,601.0,0.0,0.0,3.0,0.0,0.0,24.4,2.0,4.998,0.0,0.0,1.472,1.523,53.6,76.6,0.0,0.0,0.0,,0.0,78.8,170.6,0.0,0.0,0.0,0.0,330.8,1049.0,320.0,1103.0,336.2,1097.6,336.2,1113.8,0.0,0.0,169.88,952.0,330.8,252.0,91.08,1.0399027777777776,54827.376999999986,13.384615384615383,0.48,0.49,392.0,True,2026-09-05 12:08:19-07:00
840.06,2,9,2026-09-05 19:22:00,37.08004,-121.597,280.0,17.4,154.3,-12.6,0.0,,0.0,0.0,0.0,10.9,-0.3,143.8,0.0,259.0,0.2,0.01,1.0,99.0,-5.0,26,0.0,29.98,1596.0,0.0,0.0,106,0.0,0.0,0.0,0.0,0.0,0.0,0.0,0.0,0.0,0.0,0.0,0.0,1.0,0.0,0.0,-6.0,0.0,0.0,0.0,0.0,1.0,0.0,0.0,1200.0,54.0,77.0,951.0,951.0,12.4,1.3,0.0,1.3,24.4,0.0,0.0,14.8,0.0,0.0,5.2,40.4,35.2,0.0,0.0,0.0,0.0,166.0,565.0,160.0,596.0,169.0,591.0,169.0,601.0,0.0,0.0,3.0,0.0,0.0,24.4,2.0,4.998,0.0,0.0,1.471,1.619,53.6,76.7,0.0,0.0,0.0,,0.0,78.8,170.6,0.0,0.0,0.0,0.0,330.8,1049.0,320.0,1104.8,336.2,1095.8,336.2,1113.8,0.0,0.0,170.06,951.0,330.8,252.0,91.26,1.0402638888888887,54856.724999999984,13.384615384615383,0.48,0.49,392.0,True,2026-09-05 12:08:19-07:00
841.06,2,9,2026-09-05 19:22:01,37.07997,-121.59696,280.0,17.5,159.7,-12.6,0.0,,0.0,0.0,0.0,10.8,-0.4,145.8,0.0,259.0,1.7,-0.08,0.9,99.0,-8.0,26,0.0,29.98,1596.0,0.0,0.0,106,0.0,0.0,0.0,0.0,0.0,0.0,0.0,0.0,0.0,0.0,0.0,0.0,1.0,0.0,0.0,-6.0,0.0,0.0,0.0,0.0,1.0,0.0,0.0,1200.0,54.0,77.0,950.0,950.0,12.3,1.3,0.0,1.3,24.4,0.0,0.0,14.8,0.0,0.0,5.2,40.4,35.2,0.0,0.0,0.0,0.0,167.0,564.0,160.0,596.0,169.0,591.0,169.0,601.0,0.0,0.0,3.0,0.0,0.0,24.4,2.0,4.998,0.0,0.0,1.483,1.573,53.7,76.7,0.0,0.0,0.0,,0.0,78.8,170.6,0.0,0.0,0.0,0.0,332.6,1047.2,320.0,1104.8,336.2,1095.8,336.2,1113.8,0.0,0.0,170.06,950.0,331.25,252.45,91.26,1.0406249999999997,54886.157333333314,13.461538461538462,0.48,0.49,392.0,True,2026-09-05 12:08:19-07:00
842.06,2,9,2026-09-05 19:22:02,37.07989,-121.59692,280.0,17.3,157.5,-12.6,0.0,,0.0,0.0,0.0,10.9,0.3,144.9,0.0,259.0,-0.0,0.02,1.0,99.0,-5.0,26,0.0,29.98,1596.0,0.0,0.0,106,0.0,0.0,0.0,0.0,0.0,0.0,0.0,0.0,0.0,0.0,0.0,0.0,1.0,0.0,0.0,1.0,0.0,0.0,0.0,0.0,1.0,0.0,0.0,1200.0,54.0,77.0,957.0,957.0,12.4,1.3,0.0,1.3,24.4,0.0,0.0,14.8,0.0,0.0,5.2,40.4,35.2,0.0,0.0,0.0,0.0,167.0,563.0,160.0,596.0,169.0,590.0,169.0,601.0,0.0,0.0,3.0,0.0,0.0,24.4,2.0,4.998,0.0,0.0,1.431,1.512,53.7,76.8,0.0,0.0,0.0,,0.0,78.8,170.6,0.0,0.0,0.0,0.0,332.6,1045.4,320.0,1104.8,336.2,1094.0,336.2,1113.8,0.0,0.0,170.23999999999998,957.0,331.25,252.45,91.43999999999998,1.040986111111111,54915.50533333332,13.307692307692308,0.48,0.49,392.0,True,2026-09-05 12:08:19-07:00
843.06,2,9,2026-09-05 19:22:03,37.07982,-121.59689,280.0,17.3,160.0,-12.6,0.0,,0.0,0.0,0.0,10.8,-0.7,143.1,0.0,259.0,-0.6,-0.01,1.0,99.0,-14.0,26,0.0,29.98,1596.0,0.0,0.0,106,0.0,0.0,0.0,0.0,0.0,0.0,0.0,0.0,0.0,0.0,0.0,0.0,1.0,0.0,0.0,1.0,0.0,0.0,0.0,0.0,1.0,1.0,0.0,1200.0,54.0,77.0,957.0,957.0,12.4,1.3,0.0,1.3,24.4,0.0,0.0,14.8,0.0,0.0,5.2,40.4,35.2,0.0,0.0,0.0,0.0,167.0,563.0,160.0,597.0,169.0,589.0,169.0,601.0,0.0,0.0,3.0,0.0,0.0,24.4,2.0,4.998,0.0,0.0,1.472,1.481,53.6,76.8,0.0,0.0,0.0,,0.0,78.8,170.6,0.0,0.0,0.0,0.0,332.6,1045.4,320.0,1106.6,336.2,1092.2,336.2,1113.8,0.0,0.0,170.23999999999998,957.0,331.25,252.45,91.43999999999998,1.041347222222222,54944.68466666665,13.307692307692308,0.48,0.49,392.0,True,2026-09-05 12:08:19-07:00
844.06,2,9,2026-09-05 19:22:04,37.07974,-121.59685,280.0,17.4,154.2,-12.6,0.0,,0.0,0.0,0.0,10.8,-0.3,140.8,0.0,259.0,-2.0,0.04,1.0,99.0,-8.0,26,0.0,29.98,1596.0,0.0,0.0,106,0.0,0.0,0.0,0.0,0.0,0.0,0.0,0.0,0.0,0.0,0.0,0.0,1.0,0.0,0.0,-2.0,0.0,0.0,0.0,0.0,1.0,0.0,0.0,1200.0,54.0,77.0,961.0,961.0,12.3,1.3,0.0,1.3,24.4,0.0,0.0,14.8,0.0,0.0,5.2,40.4,35.2,0.0,0.0,0.0,0.0,167.0,563.0,160.0,596.0,169.0,589.0,169.0,601.0,0.0,0.0,3.0,0.0,0.0,24.4,2.0,4.998,0.0,0.0,1.456,1.587,53.8,76.9,0.0,0.0,0.0,,0.0,78.8,170.6,0.0,0.0,0.0,0.0,332.6,1045.4,320.0,1104.8,336.2,1092.2,336.2,1113.8,0.0,0.0,170.42000000000002,961.0,331.25,252.45,91.62000000000002,1.041708333333333,54973.94833333332,13.384615384615383,0.48,0.49,392.0,True,2026-09-05 12:08:19-07:00
845.06,2,9,2026-09-05 19:22:05,37.07967,-121.59681,278.0,17.3,154.9,-12.6,0.0,,0.0,0.0,0.0,10.8,-0.1,139.9,0.0,259.0,-1.2,0.01,0.9,99.0,-11.0,26,0.0,29.98,1597.0,0.0,0.0,106,0.0,0.0,0.0,0.0,0.0,0.0,0.0,0.0,0.0,0.0,0.0,0.0,1.0,0.0,0.0,-2.0,0.0,0.0,0.0,0.0,1.0,0.0,0.0,1200.0,54.0,77.0,954.0,954.0,12.4,1.3,0.0,1.3,24.4,0.0,0.0,14.8,0.0,0.0,5.2,40.4,35.2,0.0,0.0,0.0,0.0,167.0,563.0,160.0,597.0,170.0,590.0,170.0,601.0,0.0,0.0,3.0,0.0,0.0,24.4,2.0,4.998,0.0,0.0,1.406,1.635,53.5,77.0,0.0,0.0,0.0,,0.0,78.8,170.6,0.0,0.0,0.0,0.0,332.6,1045.4,320.0,1106.6,338.0,1094.0,338.0,1113.8,0.0,0.0,170.6,954.0,332.15,253.34999999999997,91.8,1.0420694444444443,55003.211999999985,13.307692307692308,0.48,0.49,392.0,True,2026-09-05 12:08:19-07:00
846.06,2,9,2026-09-05 19:22:06,37.0796,-121.59676,278.0,17.4,152.1,-12.6,0.0,,0.0,0.0,0.0,10.7,-0.2,142.0,0.0,259.0,0.6,-0.03,1.0,99.0,-17.0,26,0.0,29.98,1597.0,0.0,0.0,106,0.0,0.0,0.0,0.0,0.0,0.0,0.0,0.0,0.0,0.0,0.0,0.0,1.0,0.0,0.0,-2.0,0.0,0.0,0.0,0.0,1.0,0.0,0.0,1200.0,54.0,77.0,962.0,962.0,12.3,1.3,0.0,1.3,24.4,0.0,0.0,14.8,0.0,0.0,5.2,40.4,35.2,0.0,0.0,0.0,0.0,167.0,563.0,160.0,597.0,170.0,590.0,170.0,600.0,0.0,0.0,3.0,0.0,0.0,24.4,2.0,4.998,0.0,0.0,1.383,1.664,53.9,77.0,0.0,0.0,0.0,,0.0,78.8,170.6,0.0,0.0,0.0,0.0,332.6,1045.4,320.0,1106.6,338.0,1094.0,338.0,1112.0,0.0,0.0,170.6,962.0,332.15,253.34999999999997,91.8,1.0424305555555553,55032.47566666665,13.384615384615383,0.48,0.49,392.0,True,2026-09-05 12:08:19-07:00
847.06,2,9,2026-09-05 19:22:07,37.07952,-121.59672,277.0,17.4,155.8,-12.6,0.0,,0.0,0.0,0.0,10.9,-0.0,144.0,0.0,259.0,1.7,-0.04,1.0,99.0,-11.0,26,0.0,29.98,1597.0,0.0,0.0,106,0.0,0.0,0.0,0.0,0.0,0.0,0.0,0.0,0.0,0.0,0.0,0.0,1.0,0.0,0.0,-2.0,0.0,0.0,0.0,0.0,1.0,0.0,0.0,1200.0,54.0,77.0,956.0,956.0,12.4,1.3,0.0,1.3,24.4,0.0,0.0,14.8,0.0,0.0,5.2,40.4,35.2,0.0,0.0,0.0,0.0,167.0,563.0,160.0,597.0,170.0,589.0,170.0,600.0,0.0,0.0,3.0,0.0,0.0,24.4,2.0,4.998,0.0,0.0,1.406,1.566,53.7,77.0,0.0,0.0,0.0,,0.0,78.8,170.6,0.0,0.0,0.0,0.0,332.6,1045.4,320.0,1106.6,338.0,1092.2,338.0,1112.0,0.0,0.0,170.6,956.0,332.15,253.34999999999997,91.8,1.0427916666666663,55061.82366666665,13.384615384615383,0.48,0.49,392.0,True,2026-09-05 12:08:19-07:00
848.06,2,9,2026-09-05 19:22:08,37.07945,-121.59668,277.0,17.5,157.7,-12.6,0.0,,0.0,0.0,0.0,10.9,-0.7,144.2,0.0,259.0,0.9,-0.03,1.0,99.0,-3.0,26,0.0,29.98,1605.0,0.0,0.0,106,0.0,0.0,0.0,0.0,0.0,0.0,0.0,0.0,0.0,0.0,0.0,0.0,1.0,0.0,0.0,-2.0,0.0,0.0,0.0,0.0,1.0,1.0,0.0,1200.0,54.0,77.0,956.0,956.0,12.3,1.3,0.0,1.3,24.4,0.0,0.0,14.8,0.0,0.0,5.2,40.4,35.2,0.0,0.0,0.0,0.0,168.0,563.0,160.0,597.0,170.0,588.0,170.0,599.0,0.0,0.0,3.0,0.0,0.0,24.4,2.0,4.998,0.0,0.0,1.449,1.561,53.8,77.1,0.0,0.0,0.0,,0.0,78.8,170.6,0.0,0.0,0.0,0.0,334.4,1045.4,320.0,1106.6,338.0,1090.4,338.0,1110.2,0.0,0.0,170.78,956.0,332.6,253.8,91.98,1.0431527777777776,55091.25599999999,13.461538461538462,0.48,0.49,392.0,True,2026-09-05 12:08:19-07:00
849.06,2,9,2026-09-05 19:22:09,37.07938,-121.59664,277.0,17.6,157.7,-12.6,0.0,,0.0,0.0,0.0,10.8,-0.9,143.5,0.0,259.0,0.0,-0.01,0.9,99.0,8.0,26,0.0,29.98,1605.0,0.0,0.0,106,0.0,0.0,0.0,0.0,0.0,0.0,0.0,0.0,0.0,0.0,0.0,0.0,1.0,0.0,0.0,-4.0,0.0,0.0,0.0,0.0,1.0,0.0,0.0,1200.0,54.0,77.0,955.0,955.0,12.3,1.3,0.0,1.3,24.4,0.0,0.0,14.8,0.0,0.0,5.2,40.4,35.2,0.0,0.0,0.0,0.0,168.0,562.0,161.0,597.0,170.0,588.0,170.0,599.0,0.0,0.0,3.0,0.0,0.0,24.4,2.0,4.998,0.0,0.0,1.472,1.517,53.7,77.1,0.0,0.0,0.0,,0.0,78.8,170.6,0.0,0.0,0.0,0.0,334.4,1043.6,321.8,1106.6,338.0,1090.4,338.0,1110.2,0.0,0.0,170.78,955.0,333.04999999999995,254.24999999999994,91.98,1.0435138888888886,55120.85699999998,13.538461538461538,0.48,0.49,392.0,True,2026-09-05 12:08:19-07:00
850.06,2,9,2026-09-05 19:22:10,37.0793,-121.5966,277.0,17.5,156.3,-12.6,0.0,,0.0,0.0,0.0,10.9,-1.4,142.6,0.0,259.0,-0.7,-0.0,1.0,99.0,-5.0,26,0.0,29.98,1605.0,0.0,0.0,106,0.0,0.0,0.0,0.0,0.0,0.0,0.0,0.0,0.0,0.0,0.0,0.0,0.0,0.0,0.0,-5.0,0.0,0.0,0.0,0.0,1.0,0.0,0.0,1200.0,54.0,77.0,949.0,949.0,12.4,1.3,0.0,1.3,24.4,0.0,0.0,14.8,0.0,0.0,5.2,40.4,35.2,0.0,0.0,0.0,0.0,168.0,561.0,161.0,597.0,170.0,589.0,170.0,598.0,0.0,0.0,3.0,0.0,0.0,24.4,2.0,4.998,0.0,0.0,1.472,1.592,53.6,77.2,0.0,0.0,0.0,,0.0,78.8,170.6,0.0,0.0,0.0,0.0,334.4,1041.8,321.8,1106.6,338.0,1092.2,338.0,1108.4,0.0,0.0,170.96,949.0,333.04999999999995,254.24999999999994,92.16000000000001,1.0438749999999997,55150.457999999984,13.461538461538462,0.48,0.49,392.0,True,2026-09-05 12:08:19-07:00
851.06,2,9,2026-09-05 19:22:11,37.07923,-121.59656,278.0,17.5,156.4,-12.6,0.0,,0.0,0.0,0.0,10.9,-1.4,142.8,0.0,259.0,-0.1,-0.03,1.0,99.0,-12.0,26,0.0,29.98,1606.0,0.0,0.0,106,0.0,0.0,0.0,0.0,0.0,0.0,0.0,0.0,0.0,0.0,0.0,0.0,0.0,0.0,0.0,-6.0,0.0,0.0,0.0,0.0,1.0,0.0,0.0,1200.0,54.0,77.0,954.0,954.0,12.4,1.3,0.0,1.3,24.4,0.0,0.0,14.8,0.0,0.0,5.2,40.4,35.2,0.0,0.0,0.0,0.0,168.0,562.0,161.0,597.0,170.0,589.0,170.0,598.0,0.0,0.0,3.0,0.0,0.0,24.4,2.0,4.998,0.0,0.0,1.473,1.561,53.6,77.2,0.0,0.0,0.0,,0.0,78.8,170.6,0.0,0.0,0.0,0.0,334.4,1043.6,321.8,1106.6,338.0,1092.2,338.0,1108.4,0.0,0.0,170.96,954.0,333.04999999999995,254.24999999999994,92.16000000000001,1.044236111111111,55179.974666666654,13.461538461538462,0.48,0.49,392.0,True,2026-09-05 12:08:19-07:00
852.06,2,9,2026-09-05 19:22:12,37.07915,-121.59652,278.0,17.5,155.9,-12.6,0.0,,0.0,0.0,0.0,10.9,-1.1,143.1,0.0,259.0,0.1,-0.02,1.0,99.0,-19.0,26,0.0,29.98,1605.0,0.0,0.0,106,0.0,0.0,0.0,0.0,0.0,0.0,0.0,0.0,0.0,0.0,0.0,0.0,0.0,0.0,0.0,-6.0,0.0,0.0,0.0,0.0,1.0,0.0,0.0,1200.0,54.0,77.0,950.0,950.0,12.5,1.3,0.0,1.3,24.4,0.0,0.0,14.8,0.0,0.0,5.3,40.4,35.2,0.0,0.0,0.0,0.0,168.0,562.0,161.0,596.0,170.0,589.0,170.0,597.0,0.0,0.0,3.0,0.0,0.0,24.4,2.0,4.998,0.0,0.0,1.473,1.527,53.5,77.3,0.0,0.0,0.0,,0.0,78.8,170.6,0.0,0.0,0.0,0.0,334.4,1043.6,321.8,1104.8,338.0,1092.2,338.0,1106.6,0.0,0.0,171.14,950.0,333.04999999999995,254.24999999999994,92.33999999999999,1.044597222222222,55209.49133333332,13.461538461538462,0.48,0.49,392.0,True,2026-09-05 12:08:19-07:00
853.06,2,9,2026-09-05 19:22:13,37.07908,-121.59647,278.0,17.6,156.4,-12.6,0.0,,0.0,0.0,0.0,10.8,-1.3,143.6,0.0,259.0,0.3,-0.03,1.1,99.0,1.0,26,0.0,29.98,1605.0,0.0,0.0,106,0.0,0.0,0.0,0.0,0.0,0.0,0.0,0.0,0.0,0.0,0.0,0.0,0.0,0.0,0.0,-6.0,0.0,0.0,0.0,0.0,1.0,0.0,0.0,1200.0,53.0,77.0,946.0,946.0,12.5,1.3,0.0,1.3,24.4,0.0,0.0,14.8,0.0,0.0,5.3,40.4,35.2,0.0,0.0,0.0,0.0,168.0,562.0,161.0,596.0,170.0,589.0,170.0,597.0,0.0,0.0,3.0,0.0,0.0,24.4,2.0,4.998,0.0,0.0,1.472,1.536,53.5,77.3,0.0,0.0,0.0,,0.0,78.8,170.6,0.0,0.0,0.0,0.0,334.4,1043.6,321.8,1104.8,338.0,1092.2,338.0,1106.6,0.0,0.0,171.14,946.0,333.04999999999995,254.24999999999994,92.33999999999999,1.044958333333333,55239.09233333332,13.538461538461538,0.48,0.49,392.0,True,2026-09-05 12:08:19-07:00
854.06,2,9,2026-09-05 19:22:14,37.07901,-121.59644,278.0,17.5,156.9,-12.6,0.0,,0.0,0.0,0.0,10.7,-1.4,143.8,0.0,259.0,0.3,-0.03,0.9,99.0,11.0,26,0.0,29.98,1605.0,0.0,0.0,106,0.0,0.0,0.0,0.0,0.0,0.0,0.0,0.0,0.0,0.0,0.0,0.0,0.0,0.0,0.0,-5.0,0.0,0.0,0.0,0.0,1.0,0.0,0.0,1200.0,53.0,77.0,944.0,944.0,12.5,1.3,0.0,1.3,24.4,0.0,0.0,14.8,0.0,0.0,5.3,40.4,35.2,0.0,0.0,0.0,0.0,168.0,561.0,161.0,595.0,170.0,589.0,170.0,598.0,0.0,0.0,3.0,0.0,0.0,24.4,2.0,4.998,0.0,0.0,1.472,1.515,53.4,77.4,0.0,0.0,0.0,,0.0,78.8,170.6,0.0,0.0,0.0,0.0,334.4,1041.8,321.8,1103.0,338.0,1092.2,338.0,1108.4,0.0,0.0,171.32,944.0,333.04999999999995,254.24999999999994,92.52,1.0453194444444442,55268.693333333315,13.461538461538462,0.48,0.49,392.0,True,2026-09-05 12:08:19-07:00
855.06,2,9,2026-09-05 19:22:15,37.07893,-121.5964,278.0,17.6,156.7,-12.6,0.0,,0.0,0.0,0.0,10.8,-1.2,142.7,0.0,259.0,-0.6,-0.0,1.0,99.0,5.0,26,0.0,29.98,1606.0,0.0,0.0,106,0.0,0.0,0.0,0.0,0.0,0.0,0.0,0.0,0.0,0.0,0.0,0.0,0.0,0.0,0.0,-5.0,0.0,0.0,0.0,0.0,1.0,0.0,0.0,1200.0,54.0,77.0,950.0,950.0,12.4,1.3,0.0,1.3,24.4,0.0,0.0,14.8,0.0,0.0,5.3,40.4,35.2,0.0,0.0,0.0,0.0,168.0,561.0,161.0,595.0,170.0,589.0,170.0,598.0,0.0,0.0,3.0,0.0,0.0,24.4,2.0,4.998,0.0,0.0,1.477,1.536,53.7,77.4,0.0,0.0,0.0,,0.0,78.8,170.6,0.0,0.0,0.0,0.0,334.4,1041.8,321.8,1103.0,338.0,1092.2,338.0,1108.4,0.0,0.0,171.32,950.0,333.04999999999995,254.24999999999994,92.52,1.0456805555555553,55298.29433333332,13.538461538461538,0.48,0.49,392.0,True,2026-09-05 12:08:19-07:00
856.06,2,9,2026-09-05 19:22:16,37.07885,-121.59635,279.0,17.4,156.0,-12.6,0.0,,0.0,0.0,0.0,10.8,-1.0,143.6,0.0,259.0,0.4,-0.04,1.1,99.0,-7.0,26,0.0,29.98,1606.0,0.0,0.0,106,0.0,0.0,0.0,0.0,0.0,0.0,0.0,0.0,0.0,0.0,0.0,0.0,0.0,0.0,0.0,-5.0,0.0,0.0,0.0,0.0,1.0,0.0,0.0,1200.0,54.0,77.0,947.0,947.0,12.5,1.3,0.0,1.3,24.4,0.0,0.0,14.8,0.0,0.0,5.3,40.4,35.2,0.0,0.0,0.0,0.0,168.0,561.0,161.0,595.0,170.0,588.0,170.0,598.0,0.0,0.0,3.0,0.0,0.0,24.4,2.0,4.998,0.0,0.0,1.519,1.544,53.5,77.4,0.0,0.0,0.0,,0.0,78.8,170.6,0.0,0.0,0.0,0.0,334.4,1041.8,321.8,1103.0,338.0,1090.4,338.0,1108.4,0.0,0.0,171.32,947.0,333.04999999999995,254.24999999999994,92.52,1.0460416666666663,55327.81099999999,13.384615384615383,0.48,0.49,392.0,True,2026-09-05 12:08:19-07:00
857.06,2,9,2026-09-05 19:22:17,37.07878,-121.59632,277.0,17.3,156.0,-12.6,0.0,,0.0,0.0,0.0,10.7,-0.9,142.5,0.0,259.0,-0.7,0.03,1.1,99.0,-17.0,26,0.0,29.98,1606.0,0.0,0.0,106,0.0,0.0,0.0,0.0,0.0,0.0,0.0,0.0,0.0,0.0,0.0,0.0,0.0,0.0,0.0,-5.0,0.0,0.0,0.0,0.0,1.0,0.0,0.0,1200.0,54.0,78.0,945.0,945.0,12.5,1.3,0.0,1.3,24.4,0.0,0.0,14.8,0.0,0.0,5.3,40.4,35.2,0.0,0.0,0.0,0.0,169.0,562.0,161.0,596.0,171.0,588.0,171.0,598.0,0.0,0.0,3.0,0.0,0.0,24.4,2.0,4.998,0.0,0.0,1.511,1.519,53.5,77.5,0.0,0.0,0.0,,0.0,78.8,172.4,0.0,0.0,0.0,0.0,336.2,1043.6,321.8,1104.8,339.8,1090.4,339.8,1108.4,0.0,0.0,171.5,945.0,334.40000000000003,255.60000000000002,92.7,1.0464027777777776,55357.07466666665,13.307692307692308,0.48,0.49,392.0,True,2026-09-05 12:08:19-07:00
858.06,2,9,2026-09-05 19:22:18,37.07871,-121.59628,277.0,17.1,156.1,-12.6,0.0,,0.0,0.0,0.0,10.7,-1.4,144.1,0.0,259.0,0.8,-0.06,0.9,99.0,-5.0,26,0.0,29.98,1606.0,0.0,0.0,106,0.0,0.0,0.0,0.0,0.0,0.0,0.0,0.0,0.0,0.0,0.0,0.0,0.0,0.0,0.0,-5.0,0.0,0.0,0.0,0.0,1.0,0.0,0.0,1200.0,53.0,78.0,944.0,944.0,12.5,1.3,0.0,1.3,24.4,0.0,0.0,14.8,0.0,0.0,5.3,40.4,35.2,0.0,0.0,0.0,0.0,169.0,561.0,161.0,596.0,171.0,588.0,171.0,597.0,0.0,0.0,3.0,0.0,0.0,24.4,2.0,4.998,0.0,0.0,1.53,1.525,53.4,77.5,0.0,0.0,0.0,,0.0,78.8,172.4,0.0,0.0,0.0,0.0,336.2,1041.8,321.8,1104.8,339.8,1090.4,339.8,1106.6,0.0,0.0,171.5,944.0,334.40000000000003,255.60000000000002,92.7,1.0467638888888886,55386.085333333314,13.153846153846155,0.48,0.49,392.0,True,2026-09-05 12:08:19-07:00
859.06,2,9,2026-09-05 19:22:19,37.07864,-121.59624,276.0,16.6,156.8,-12.6,0.0,,0.0,0.0,0.0,10.7,-1.3,142.5,0.0,259.0,-0.7,0.01,1.0,99.0,-5.0,26,0.0,29.98,1606.0,0.0,0.0,106,0.0,0.0,0.0,0.0,0.0,0.0,0.0,0.0,0.0,0.0,0.0,0.0,0.0,0.0,0.0,-5.0,0.0,0.0,0.0,0.0,1.0,0.0,0.0,1200.0,53.0,78.0,938.0,938.0,12.5,1.3,0.0,1.3,24.4,0.0,0.0,14.8,0.0,0.0,5.3,40.4,35.2,0.0,0.0,0.0,0.0,169.0,561.0,162.0,596.0,171.0,588.0,171.0,598.0,0.0,0.0,3.0,0.0,0.0,24.4,2.0,4.998,0.0,0.0,1.606,1.694,53.5,77.6,0.0,0.0,0.0,,0.0,78.8,172.4,0.0,0.0,0.0,0.0,336.2,1041.8,323.6,1104.8,339.8,1090.4,339.8,1108.4,0.0,0.0,171.68,938.0,334.85,256.05,92.88000000000001,1.0471249999999999,55414.50566666665,12.76923076923077,0.48,0.49,392.0,True,2026-09-05 12:08:19-07:00
860.06,2,9,2026-09-05 19:22:20,37.07857,-121.5962,277.0,16.0,156.3,-12.6,0.0,,0.0,0.0,0.0,10.9,-1.2,142.8,0.0,259.0,-0.1,-0.02,1.0,99.0,13.0,26,0.0,29.98,1606.0,0.0,0.0,106,0.0,0.0,0.0,0.0,0.0,0.0,0.0,0.0,0.0,0.0,0.0,0.0,0.0,0.0,0.0,-5.0,0.0,0.0,0.0,0.0,1.0,0.0,0.0,1200.0,53.0,78.0,943.0,943.0,12.6,1.3,0.0,1.3,24.4,0.0,0.0,14.8,0.0,0.0,5.3,40.4,35.2,0.0,0.0,0.0,0.0,169.0,560.0,162.0,596.0,171.0,588.0,171.0,598.0,0.0,0.0,3.0,0.0,0.0,24.4,2.0,4.998,0.0,0.0,1.522,1.671,53.5,77.6,0.0,0.0,0.0,,0.0,78.8,172.4,0.0,0.0,0.0,0.0,336.2,1040.0,323.6,1104.8,339.8,1090.4,339.8,1108.4,0.0,0.0,171.68,943.0,334.85,256.05,92.88000000000001,1.047486111111111,55441.998333333315,12.307692307692307,0.48,0.49,392.0,True,2026-09-05 12:08:19-07:00
861.06,2,9,2026-09-05 19:22:21,37.0785,-121.59616,276.0,15.6,155.9,-12.6,0.0,,0.0,0.0,0.0,11.1,-1.0,142.0,0.0,259.0,-0.4,-0.01,0.9,99.0,-4.0,26,0.0,29.98,1606.0,0.0,0.0,106,0.0,0.0,0.0,0.0,0.0,0.0,0.0,0.0,0.0,0.0,0.0,0.0,0.0,0.0,0.0,-5.0,0.0,0.0,0.0,0.0,1.0,0.0,0.0,1200.0,54.0,78.0,940.0,940.0,12.5,1.3,0.0,1.3,24.4,0.0,0.0,14.8,0.0,0.0,5.2,40.4,35.2,0.0,0.0,0.0,0.0,169.0,560.0,161.0,595.0,171.0,587.0,171.0,597.0,0.0,0.0,3.0,0.0,0.0,24.4,2.0,4.998,0.0,0.0,1.475,1.614,53.5,77.6,0.0,0.0,0.0,,0.0,78.8,172.4,0.0,0.0,0.0,0.0,336.2,1040.0,321.8,1103.0,339.8,1088.6,339.8,1106.6,0.0,0.0,171.68,940.0,334.40000000000003,255.60000000000002,92.88000000000001,1.047847222222222,55468.64766666665,12.0,0.48,0.49,392.0,True,2026-09-05 12:08:19-07:00
862.06,2,9,2026-09-05 19:22:22,37.07844,-121.59612,276.0,15.2,154.6,-12.6,0.0,,0.0,0.0,0.0,11.1,-1.1,142.6,0.0,259.0,0.2,-0.02,0.9,99.0,-1.0,26,0.0,29.98,1606.0,0.0,0.0,106,0.0,0.0,0.0,0.0,0.0,0.0,0.0,0.0,0.0,0.0,0.0,0.0,0.0,0.0,0.0,-5.0,0.0,0.0,0.0,0.0,1.0,0.0,0.0,1200.0,54.0,78.0,941.0,941.0,12.5,1.3,0.0,1.3,24.5,0.0,0.0,14.8,0.0,0.0,5.2,40.4,35.2,0.0,0.0,0.0,0.0,169.0,561.0,162.0,595.0,171.0,587.0,171.0,597.0,0.0,0.0,3.0,0.0,0.0,24.5,2.0,4.998,0.0,0.0,1.427,1.649,53.5,77.7,0.0,0.0,0.0,,0.0,78.8,172.4,0.0,0.0,0.0,0.0,336.2,1041.8,323.6,1103.0,339.8,1088.6,339.8,1106.6,0.0,0.0,171.86,941.0,334.85,256.05,93.06000000000002,1.0482083333333332,55494.62233333332,11.692307692307692,0.48,0.49,392.0,True,2026-09-05 12:08:19-07:00
863.06,2,9,2026-09-05 19:22:23,37.07837,-121.59608,277.0,15.2,156.9,-12.6,0.0,,0.0,0.0,0.0,11.1,-0.9,143.2,0.0,259.0,0.7,-0.03,1.0,99.0,10.0,26,0.0,29.98,1606.0,0.0,0.0,106,0.0,0.0,0.0,0.0,0.0,0.0,0.0,0.0,0.0,0.0,0.0,0.0,0.0,0.0,0.0,-5.0,0.0,0.0,0.0,0.0,1.0,0.0,0.0,1200.0,53.0,78.0,935.0,935.0,12.6,1.3,0.0,1.3,24.5,0.0,0.0,14.8,0.0,0.0,5.2,40.4,35.2,0.0,0.0,0.0,0.0,169.0,561.0,162.0,595.0,171.0,587.0,171.0,596.0,0.0,0.0,3.0,0.0,0.0,24.5,2.0,4.998,0.0,0.0,1.472,1.559,53.3,77.7,0.0,0.0,0.0,,0.0,78.8,172.4,0.0,0.0,0.0,0.0,336.2,1041.8,323.6,1103.0,339.8,1088.6,339.8,1104.8,0.0,0.0,171.86,935.0,334.85,256.05,93.06000000000002,1.0485694444444442,55520.25966666665,11.692307692307692,0.48,0.49,392.0,True,2026-09-05 12:08:19-07:00
864.06,2,9,2026-09-05 19:22:24,37.07831,-121.59605,277.0,15.0,156.1,-12.6,0.0,,0.0,0.0,0.0,11.0,-0.7,142.9,0.0,259.0,0.0,-0.0,1.0,99.0,-9.0,26,0.0,29.98,1607.0,0.0,0.0,106,0.0,0.0,0.0,0.0,0.0,0.0,0.0,0.0,0.0,0.0,0.0,0.0,0.0,0.0,0.0,-5.0,0.0,0.0,0.0,0.0,1.0,0.0,0.0,1200.0,53.0,78.0,935.0,935.0,12.6,1.3,0.0,1.3,24.4,0.0,0.0,14.8,0.0,0.0,5.3,40.4,35.2,0.0,0.0,0.0,0.0,170.0,561.0,162.0,595.0,171.0,587.0,171.0,596.0,0.0,0.0,3.0,0.0,0.0,24.4,2.0,4.998,0.0,0.0,1.471,1.609,53.4,77.8,0.0,0.0,0.0,,0.0,78.8,172.4,0.0,0.0,0.0,0.0,338.0,1041.8,323.6,1103.0,339.8,1088.6,339.8,1104.8,0.0,0.0,172.04,935.0,335.3,256.5,93.24,1.0489305555555553,55545.72833333332,11.538461538461538,0.48,0.49,392.0,True,2026-09-05 12:08:19-07:00
865.06,2,9,2026-09-05 19:22:25,37.07825,-121.59602,277.0,14.7,156.4,-12.6,0.0,,0.0,0.0,0.0,10.7,-1.0,143.1,0.0,259.0,0.1,-0.01,1.0,99.0,-11.0,26,0.0,29.98,1607.0,0.0,0.0,106,0.0,0.0,0.0,0.0,0.0,0.0,0.0,0.0,0.0,0.0,0.0,0.0,0.0,0.0,0.0,-5.0,0.0,0.0,0.0,0.0,1.0,0.0,0.0,1200.0,54.0,78.0,947.0,947.0,12.5,1.3,0.0,1.3,24.4,0.0,0.0,14.8,0.0,0.0,5.3,40.4,35.2,0.0,0.0,0.0,0.0,170.0,560.0,162.0,594.0,172.0,586.0,172.0,596.0,0.0,0.0,3.0,0.0,0.0,24.4,2.0,4.998,0.0,0.0,1.471,1.539,53.6,77.8,0.0,0.0,0.0,,0.0,78.8,172.4,0.0,0.0,0.0,0.0,338.0,1040.0,323.6,1101.2,341.6,1086.8,341.6,1104.8,0.0,0.0,172.04,947.0,336.20000000000005,257.40000000000003,93.24,1.0492916666666665,55570.77533333332,11.307692307692307,0.48,0.49,392.0,True,2026-09-05 12:08:19-07:00
866.06,2,9,2026-09-05 19:22:26,37.07818,-121.59599,277.0,14.7,155.6,-12.6,0.0,,0.0,0.0,0.0,10.8,-1.1,143.2,0.0,259.0,-0.0,-0.01,1.0,99.0,-16.0,26,0.0,29.98,1607.0,0.0,0.0,106,0.0,0.0,0.0,0.0,0.0,0.0,0.0,0.0,0.0,0.0,0.0,0.0,0.0,0.0,0.0,-6.0,0.0,0.0,0.0,0.0,1.0,0.0,0.0,1200.0,53.0,78.0,933.0,933.0,12.5,1.3,0.0,1.3,24.4,0.0,0.0,14.8,0.0,0.0,5.3,40.4,35.2,0.0,0.0,0.0,0.0,170.0,560.0,162.0,594.0,172.0,586.0,172.0,596.0,0.0,0.0,3.0,0.0,0.0,24.4,2.0,4.998,0.0,0.0,1.458,1.561,53.4,77.8,0.0,0.0,0.0,,0.0,78.8,172.4,0.0,0.0,0.0,0.0,338.0,1040.0,323.6,1101.2,341.6,1086.8,341.6,1104.8,0.0,0.0,172.04,933.0,336.20000000000005,257.40000000000003,93.24,1.0496527777777775,55595.56933333332,11.307692307692307,0.48,0.49,392.0,True,2026-09-05 12:08:19-07:00
867.06,2,9,2026-09-05 19:22:27,37.07812,-121.59595,277.0,14.2,156.0,-12.6,0.0,,0.0,0.0,0.0,10.6,-1.1,143.9,0.0,259.0,0.4,-0.02,1.0,99.0,-8.0,26,0.0,29.98,1617.0,0.0,0.0,106,0.0,0.0,0.0,0.0,0.0,0.0,0.0,0.0,0.0,0.0,0.0,0.0,0.0,0.0,0.0,-6.0,0.0,0.0,0.0,0.0,1.0,0.0,0.0,1200.0,53.0,78.0,941.0,941.0,12.6,1.3,0.0,1.3,24.5,0.0,0.0,14.8,0.0,0.0,5.3,40.4,35.2,0.0,0.0,0.0,0.0,170.0,560.0,162.0,594.0,172.0,586.0,172.0,597.0,0.0,0.0,3.0,0.0,0.0,24.5,2.0,4.998,0.0,0.0,1.472,1.571,53.4,77.8,0.0,0.0,0.0,,0.0,78.8,172.4,0.0,0.0,0.0,0.0,338.0,1040.0,323.6,1101.2,341.6,1086.8,341.6,1106.6,0.0,0.0,172.04,941.0,336.20000000000005,257.40000000000003,93.24,1.0500138888888886,55619.94166666665,10.923076923076922,0.48,0.49,392.0,True,2026-09-05 12:08:19-07:00
868.06,2,9,2026-09-05 19:22:28,37.07806,-121.59592,277.0,14.2,156.7,-12.6,0.0,,0.0,0.0,0.0,10.6,-1.1,144.2,0.0,259.0,0.4,-0.02,0.9,99.0,4.0,26,0.0,29.98,1616.0,0.0,0.0,106,0.0,0.0,0.0,0.0,0.0,0.0,0.0,0.0,0.0,0.0,0.0,0.0,0.0,0.0,0.0,-6.0,0.0,0.0,0.0,0.0,1.0,0.0,0.0,1200.0,53.0,78.0,938.0,938.0,12.6,1.3,0.0,1.3,24.5,0.0,0.0,14.8,0.0,0.0,5.3,40.4,35.2,0.0,0.0,0.0,0.0,170.0,560.0,162.0,594.0,172.0,586.0,172.0,597.0,0.0,0.0,3.0,0.0,0.0,24.5,2.0,4.998,0.0,0.0,1.486,1.543,53.4,77.9,0.0,0.0,0.0,,0.0,78.8,172.4,0.0,0.0,0.0,0.0,338.0,1040.0,323.6,1101.2,341.6,1086.8,341.6,1106.6,0.0,0.0,172.22,938.0,336.20000000000005,257.40000000000003,93.42,1.0503749999999998,55643.892333333315,10.923076923076922,0.48,0.49,392.0,True,2026-09-05 12:08:19-07:00
869.06,2,9,2026-09-05 19:22:29,37.078,-121.59589,276.0,13.8,156.7,-12.6,0.0,,0.0,0.0,0.0,10.6,-1.6,143.8,0.0,259.0,-0.1,-0.02,1.0,99.0,8.0,26,0.0,29.98,1616.0,0.0,0.0,106,0.0,0.0,0.0,0.0,0.0,0.0,0.0,0.0,0.0,0.0,0.0,0.0,0.0,0.0,0.0,-7.0,0.0,0.0,0.0,0.0,1.0,0.0,0.0,1200.0,54.0,78.0,948.0,948.0,12.5,1.3,0.0,1.3,24.5,0.0,0.0,14.8,0.0,0.0,5.3,40.4,35.2,0.0,0.0,0.0,0.0,170.0,560.0,162.0,595.0,172.0,586.0,172.0,597.0,0.0,0.0,3.0,0.0,0.0,24.5,2.0,4.998,0.0,0.0,1.547,1.671,53.7,77.9,0.0,0.0,0.0,,0.0,78.8,172.4,0.0,0.0,0.0,0.0,338.0,1040.0,323.6,1103.0,341.6,1086.8,341.6,1106.6,0.0,0.0,172.22,948.0,336.20000000000005,257.40000000000003,93.42,1.0507361111111109,55667.50566666665,10.615384615384615,0.48,0.49,392.0,True,2026-09-05 12:08:19-07:00
870.06,2,9,2026-09-05 19:22:30,37.07795,-121.59586,276.0,13.2,156.4,-12.6,0.0,,0.0,0.0,0.0,10.4,-1.7,143.3,0.0,259.0,-0.4,-0.02,0.9,99.0,10.0,26,0.0,29.98,1616.0,0.0,0.0,106,0.0,0.0,0.0,0.0,0.0,0.0,0.0,0.0,0.0,0.0,0.0,0.0,-1.0,0.0,0.0,-8.0,0.0,0.0,0.0,0.0,1.0,0.0,0.0,1200.0,53.0,78.0,939.0,939.0,12.6,1.3,0.0,1.3,24.4,0.0,0.0,14.8,0.0,0.0,5.3,40.4,35.2,0.0,0.0,0.0,0.0,170.0,560.0,163.0,595.0,172.0,586.0,172.0,596.0,0.0,0.0,3.0,0.0,0.0,24.4,2.0,4.998,0.0,0.0,1.537,1.65,53.5,78.0,0.0,0.0,0.0,,0.0,78.8,172.4,0.0,0.0,0.0,0.0,338.0,1040.0,325.4,1103.0,341.6,1086.8,341.6,1104.8,0.0,0.0,172.4,939.0,336.65,257.84999999999997,93.60000000000001,1.051097222222222,55690.275666666654,10.153846153846153,0.48,0.49,392.0,True,2026-09-05 12:08:19-07:00
871.06,2,9,2026-09-05 19:22:31,37.07789,-121.59583,276.0,12.7,155.6,-12.6,0.0,,0.0,0.0,0.0,10.6,-1.5,143.0,0.0,259.0,-0.3,-0.02,1.0,99.0,2.0,26,0.0,29.98,1617.0,0.0,0.0,106,0.0,0.0,0.0,0.0,0.0,0.0,0.0,0.0,0.0,0.0,0.0,0.0,-1.0,0.0,0.0,-8.0,0.0,0.0,0.0,0.0,1.0,0.0,0.0,1200.0,53.0,78.0,938.0,938.0,12.6,1.3,0.0,1.3,24.4,0.0,0.0,14.8,0.0,0.0,5.2,40.4,35.2,0.0,0.0,0.0,0.0,171.0,561.0,163.0,595.0,172.0,585.0,172.0,596.0,0.0,0.0,3.0,0.0,0.0,24.4,2.0,4.998,0.0,0.0,1.503,1.621,53.5,78.0,0.0,0.0,0.0,,0.0,78.8,172.4,0.0,0.0,0.0,0.0,339.8,1041.8,325.4,1103.0,341.6,1085.0,341.6,1104.8,0.0,0.0,172.4,938.0,337.1,258.3,93.60000000000001,1.0514583333333332,55712.11799999999,9.769230769230768,0.48,0.49,392.0,True,2026-09-05 12:08:19-07:00
872.06,2,9,2026-09-05 19:22:32,37.07784,-121.59579,276.0,12.9,155.3,-12.6,0.0,,0.0,0.0,0.0,10.8,-1.5,142.3,0.0,259.0,-0.5,-0.01,1.0,99.0,-12.0,26,0.0,29.98,1617.0,0.0,0.0,106,0.0,0.0,0.0,0.0,0.0,0.0,0.0,0.0,0.0,0.0,0.0,0.0,-1.0,0.0,0.0,-8.0,0.0,0.0,0.0,0.0,1.0,0.0,0.0,1200.0,53.0,78.0,940.0,940.0,12.6,1.3,0.0,1.3,24.5,0.0,0.0,14.8,0.0,0.0,5.2,40.4,35.2,0.0,0.0,0.0,0.0,171.0,560.0,163.0,595.0,172.0,585.0,172.0,596.0,0.0,0.0,3.0,0.0,0.0,24.5,2.0,4.998,0.0,0.0,1.451,1.61,53.5,78.0,0.0,0.0,0.0,,0.0,78.8,172.4,0.0,0.0,0.0,0.0,339.8,1040.0,325.4,1103.0,341.6,1085.0,341.6,1104.8,0.0,0.0,172.4,940.0,337.1,258.3,93.60000000000001,1.0518194444444442,55733.70733333332,9.923076923076923,0.48,0.49,392.0,True,2026-09-05 12:08:19-07:00
873.06,2,9,2026-09-05 19:22:33,37.07778,-121.59576,276.0,12.5,154.7,-12.6,0.0,,0.0,0.0,0.0,10.8,-1.2,144.7,0.0,259.0,1.3,-0.05,1.0,99.0,-12.0,26,0.0,29.98,1617.0,0.0,0.0,106,0.0,0.0,0.0,0.0,0.0,0.0,0.0,0.0,0.0,0.0,0.0,0.0,-1.0,0.0,0.0,-8.0,0.0,0.0,0.0,0.0,1.0,0.0,0.0,1200.0,53.0,78.0,939.0,939.0,12.6,1.3,0.0,1.3,24.5,0.0,0.0,14.8,0.0,0.0,5.3,40.4,35.2,0.0,0.0,0.0,0.0,171.0,559.0,163.0,595.0,172.0,585.0,172.0,596.0,0.0,0.0,3.0,0.0,0.0,24.5,2.0,4.998,0.0,0.0,1.519,1.661,53.4,78.1,0.0,0.0,0.0,,0.0,78.8,172.4,0.0,0.0,0.0,0.0,339.8,1038.2,325.4,1103.0,341.6,1085.0,341.6,1104.8,0.0,0.0,172.57999999999998,939.0,337.1,258.3,93.77999999999999,1.0521805555555552,55755.12799999998,9.615384615384615,0.48,0.49,392.0,True,2026-09-05 12:08:19-07:00
874.06,2,9,2026-09-05 19:22:34,37.07773,-121.59573,275.0,11.8,157.9,-12.6,0.0,,0.0,0.0,0.0,10.6,-1.4,146.3,0.0,259.0,1.7,-0.06,1.1,99.0,0.0,26,0.0,29.98,1617.0,0.0,0.0,106,0.0,0.0,0.0,0.0,0.0,0.0,0.0,0.0,0.0,0.0,0.0,0.0,-1.0,0.0,0.0,-8.0,0.0,0.0,0.0,0.0,1.0,0.0,0.0,1200.0,53.0,78.0,936.0,936.0,12.7,1.3,0.0,1.3,24.5,0.0,0.0,14.8,0.0,0.0,5.3,40.4,35.2,0.0,0.0,0.0,0.0,171.0,560.0,163.0,595.0,172.0,585.0,173.0,596.0,0.0,0.0,3.0,0.0,0.0,24.5,2.0,4.998,0.0,0.0,1.539,1.603,53.4,78.1,0.0,0.0,0.0,,0.0,78.8,172.4,0.0,0.0,0.0,0.0,339.8,1040.0,325.4,1103.0,341.6,1085.0,343.4,1104.8,0.0,0.0,172.57999999999998,936.0,337.55,258.75,93.77999999999999,1.0525416666666665,55775.620999999985,9.076923076923077,0.48,0.49,392.0,True,2026-09-05 12:08:19-07:00
875.06,2,9,2026-09-05 19:22:35,37.07768,-121.59571,276.0,11.6,160.4,-12.6,0.0,,0.0,0.0,0.0,10.9,-1.9,142.7,0.0,259.0,-1.0,-0.04,1.1,99.0,11.0,26,0.0,29.98,1617.0,0.0,0.0,106,0.0,0.0,0.0,0.0,0.0,0.0,0.0,0.0,0.0,0.0,0.0,0.0,0.0,0.0,0.0,-8.0,0.0,0.0,0.0,0.0,1.0,0.0,0.0,1200.0,54.0,78.0,947.0,947.0,12.6,1.3,0.0,1.3,24.5,0.0,0.0,14.8,0.0,0.0,5.3,40.4,35.2,0.0,0.0,0.0,0.0,171.0,560.0,163.0,594.0,173.0,585.0,173.0,596.0,0.0,0.0,3.0,0.0,0.0,24.5,2.0,4.998,0.0,0.0,1.523,1.46,53.6,78.1,0.0,0.0,0.0,,0.0,78.8,172.4,0.0,0.0,0.0,0.0,339.8,1040.0,325.4,1101.2,343.4,1085.0,343.4,1104.8,0.0,0.0,172.57999999999998,947.0,338.0,259.2,93.77999999999999,1.0529027777777775,55795.35499999998,8.923076923076923,0.48,0.49,392.0,True,2026-09-05 12:08:19-07:00
876.06,2,9,2026-09-05 19:22:36,37.07763,-121.59569,276.0,11.6,155.1,-12.6,0.0,,0.0,0.0,0.0,10.7,-2.0,129.9,0.0,259.0,-7.7,0.06,1.0,99.0,4.0,26,0.0,29.98,1617.0,0.0,0.0,106,0.0,0.0,0.0,0.0,0.0,0.0,0.0,0.0,0.0,0.0,0.0,0.0,2.0,0.0,0.0,-8.0,0.0,0.0,0.0,0.0,1.0,0.0,0.0,1200.0,54.0,78.0,942.0,942.0,12.6,1.3,0.0,1.3,24.5,0.0,0.0,14.8,0.0,0.0,5.3,40.4,35.2,0.0,0.0,0.0,0.0,171.0,560.0,163.0,594.0,173.0,585.0,173.0,595.0,0.0,0.0,3.0,0.0,0.0,24.5,2.0,4.996,0.0,0.0,1.522,1.465,53.6,78.2,0.0,0.0,0.0,,0.0,78.8,172.4,0.0,0.0,0.0,0.0,339.8,1040.0,325.4,1101.2,343.4,1085.0,343.4,1103.0,0.0,0.0,172.76000000000002,942.0,338.0,259.2,93.96000000000002,1.0532638888888886,55814.92033333332,8.923076923076923,0.48,0.49,392.0,True,2026-09-05 12:08:19-07:00
877.06,2,9,2026-09-05 19:22:37,37.07758,-121.59566,276.0,11.5,143.5,-12.6,0.0,,0.0,0.0,0.0,10.6,-1.7,111.8,0.0,259.0,-13.8,0.14,1.0,99.0,-2.0,26,0.0,29.98,1617.0,0.0,0.0,106,0.0,0.0,0.0,0.0,0.0,0.0,0.0,0.0,0.0,0.0,0.0,0.0,4.0,0.0,0.0,-7.0,0.0,0.0,0.0,0.0,1.0,0.0,0.0,1200.0,53.0,78.0,935.0,935.0,12.6,1.3,0.0,1.3,24.5,0.0,0.0,14.8,0.0,0.0,5.4,40.4,35.2,0.0,0.0,0.0,0.0,172.0,560.0,163.0,593.0,173.0,586.0,173.0,595.0,0.0,0.0,3.0,0.0,0.0,24.5,2.0,4.998,0.0,0.0,1.473,1.534,53.5,78.2,0.0,0.0,0.0,,0.0,78.8,172.4,0.0,0.0,0.0,0.0,341.6,1040.0,325.4,1099.4,343.4,1086.8,343.4,1103.0,0.0,0.0,172.76000000000002,935.0,338.45,259.65,93.96000000000002,1.0536249999999998,55834.40133333332,8.846153846153847,0.48,0.49,392.0,True,2026-09-05 12:08:19-07:00
878.06,2,9,2026-09-05 19:22:38,37.07755,-121.5956,276.0,11.4,123.4,-12.6,0.0,,0.0,0.0,0.0,10.7,-1.6,93.4,0.0,259.0,-16.9,0.19,1.0,99.0,8.0,26,0.0,29.98,1617.0,0.0,0.0,106,0.0,0.0,0.0,0.0,0.0,0.0,0.0,0.0,0.0,0.0,0.0,0.0,4.0,0.0,0.0,-6.0,0.0,0.0,0.0,0.0,1.0,0.0,0.0,1200.0,54.0,78.0,938.0,938.0,12.6,1.3,0.0,1.3,24.5,0.0,0.0,14.8,0.0,0.0,5.4,40.4,35.2,0.0,0.0,0.0,0.0,172.0,559.0,163.0,593.0,173.0,587.0,173.0,595.0,0.0,0.0,3.0,0.0,0.0,24.5,2.0,4.996,0.0,0.0,1.237,1.659,53.6,78.2,0.0,0.0,0.0,,0.0,78.8,172.4,0.0,0.0,0.0,0.0,341.6,1038.2,325.4,1099.4,343.4,1088.6,343.4,1103.0,0.0,0.0,172.76000000000002,938.0,338.45,259.65,93.96000000000002,1.0539861111111108,55853.71366666665,8.76923076923077,0.48,0.49,392.0,True,2026-09-05 12:08:19-07:00
879.06,2,9,2026-09-05 19:22:39,37.07753,-121.59555,276.0,11.1,104.8,-12.6,0.0,,0.0,0.0,0.0,10.6,-1.8,80.3,0.0,259.0,-14.9,0.13,1.0,99.0,6.0,26,0.0,29.98,1617.0,0.0,0.0,106,0.0,0.0,0.0,0.0,0.0,0.0,0.0,0.0,0.0,0.0,0.0,0.0,4.0,0.0,0.0,-6.0,0.0,0.0,0.0,0.0,1.0,0.0,0.0,1200.0,54.0,78.0,942.0,942.0,12.6,1.3,0.0,1.3,24.5,0.0,0.0,14.8,0.0,0.0,5.4,40.4,35.2,0.0,0.0,0.0,0.0,172.0,560.0,163.0,593.0,173.0,589.0,173.0,595.0,0.0,0.0,3.0,0.0,0.0,24.5,2.0,4.996,0.0,0.0,0.919,1.763,53.5,78.3,0.0,0.0,0.0,,0.0,78.8,172.4,0.0,0.0,0.0,0.0,341.6,1040.0,325.4,1099.4,343.4,1092.2,343.4,1103.0,0.0,0.0,172.94,942.0,338.45,259.65,94.14,1.0543472222222219,55872.688666666654,8.538461538461538,0.48,0.49,392.0,True,2026-09-05 12:08:19-07:00
880.06,2,9,2026-09-05 19:22:40,37.07752,-121.59548,277.0,11.0,92.3,-12.6,0.0,,0.0,0.0,0.0,11.0,-1.3,72.1,0.0,259.0,-11.0,0.08,1.2,99.0,13.0,26,0.0,29.98,1617.0,0.0,0.0,106,0.0,0.0,0.0,0.0,0.0,0.0,0.0,0.0,0.0,0.0,0.0,0.0,4.0,0.0,0.0,-6.0,0.0,0.0,0.0,0.0,1.0,0.0,0.0,1200.0,54.0,78.0,936.0,936.0,12.6,1.3,0.0,1.3,24.5,0.0,0.0,14.8,0.0,0.0,5.4,40.4,35.2,0.0,0.0,0.0,0.0,172.0,560.0,163.0,593.0,173.0,588.0,173.0,594.0,0.0,0.0,3.0,0.0,0.0,24.5,2.0,4.996,0.0,0.0,0.929,1.853,53.6,78.3,0.0,0.0,0.0,,0.0,78.8,172.4,0.0,0.0,0.0,0.0,341.6,1040.0,325.4,1099.4,343.4,1090.4,343.4,1101.2,0.0,0.0,172.94,936.0,338.45,259.65,94.14,1.0547083333333331,55891.326333333316,8.461538461538462,0.48,0.49,392.0,True,2026-09-05 12:08:19-07:00
881.06,2,9,2026-09-05 19:22:41,37.07752,-121.59542,275.0,10.7,86.0,-12.6,0.0,,0.0,0.0,0.0,10.8,-1.3,64.4,0.0,259.0,-8.8,0.05,0.8,99.0,6.0,26,0.0,29.98,1617.0,0.0,0.0,106,0.0,0.0,0.0,0.0,0.0,0.0,0.0,0.0,0.0,0.0,0.0,0.0,4.0,0.0,0.0,-6.0,0.0,0.0,0.0,0.0,1.0,0.0,0.0,1200.0,53.0,78.0,933.0,933.0,12.7,1.3,0.0,1.3,24.5,0.0,0.0,14.8,0.0,0.0,5.3,40.4,35.2,0.0,0.0,0.0,0.0,172.0,560.0,164.0,593.0,173.0,589.0,173.0,594.0,0.0,0.0,3.0,0.0,0.0,24.5,2.0,4.996,0.0,0.0,0.929,1.866,53.4,78.3,0.0,0.0,0.0,,0.0,78.8,172.4,0.0,0.0,0.0,0.0,341.6,1040.0,327.2,1099.4,343.4,1092.2,343.4,1101.2,0.0,0.0,172.94,933.0,338.9,260.09999999999997,94.14,1.0550694444444442,55909.62666666665,8.23076923076923,0.48,0.49,392.0,True,2026-09-05 12:08:19-07:00
882.06,2,9,2026-09-05 19:22:42,37.07753,-121.59537,275.0,9.5,78.6,-12.6,0.0,,0.0,0.0,0.0,10.8,-1.1,56.9,0.0,259.0,-7.9,0.05,1.0,99.0,15.0,26,0.0,29.98,1626.0,0.0,0.0,106,0.0,0.0,0.0,0.0,0.0,0.0,0.0,0.0,0.0,0.0,0.0,0.0,4.0,0.0,0.0,-6.0,0.0,0.0,0.0,0.0,1.0,0.0,0.0,1200.0,54.0,78.0,937.0,937.0,12.6,1.3,0.0,1.3,24.5,0.0,0.0,14.8,0.0,0.0,5.3,40.4,35.2,0.0,0.0,0.0,0.0,172.0,559.0,164.0,594.0,173.0,589.0,174.0,594.0,0.0,0.0,3.0,0.0,0.0,24.5,2.0,4.998,0.0,0.0,1.096,1.968,53.7,78.3,0.0,0.0,0.0,,0.0,78.8,172.4,0.0,0.0,0.0,0.0,341.6,1038.2,327.2,1101.2,343.4,1092.2,345.2,1101.2,0.0,0.0,172.94,937.0,339.35,260.55,94.14,1.0554305555555552,55926.66199999998,7.3076923076923075,0.48,0.49,392.0,True,2026-09-05 12:08:19-07:00
883.06,2,9,2026-09-05 19:22:43,37.07754,-121.59531,275.0,8.5,70.6,-12.6,0.0,,0.0,0.0,0.0,10.8,-1.0,51.4,0.0,259.0,-6.6,0.04,0.8,99.0,12.0,26,0.0,29.98,1626.0,0.0,0.0,106,0.0,0.0,0.0,0.0,0.0,0.0,0.0,0.0,0.0,0.0,0.0,0.0,3.0,0.0,0.0,-6.0,0.0,0.0,0.0,0.0,1.0,0.0,0.0,1200.0,54.0,78.0,937.0,937.0,12.7,1.3,0.0,1.3,24.5,0.0,0.0,14.8,0.0,0.0,5.3,40.4,35.2,0.0,0.0,0.0,0.0,172.0,560.0,164.0,593.0,174.0,589.0,174.0,594.0,0.0,0.0,3.0,0.0,0.0,24.5,2.0,4.998,0.0,0.0,1.093,1.973,53.5,78.4,0.0,0.0,0.0,,0.0,78.8,172.4,0.0,0.0,0.0,0.0,341.6,1040.0,327.2,1099.4,345.2,1092.2,345.2,1101.2,0.0,0.0,173.12,937.0,339.79999999999995,260.99999999999994,94.32000000000001,1.0557916666666665,55941.84199999998,6.538461538461538,0.48,0.49,392.0,True,2026-09-05 12:08:19-07:00
884.06,2,9,2026-09-05 19:22:44,37.07755,-121.59527,275.0,7.5,64.6,-12.6,0.0,,0.0,0.0,0.0,10.9,-0.9,49.8,0.0,259.0,-3.7,0.0,0.7,99.0,20.0,26,0.0,29.98,1626.0,0.0,0.0,106,0.0,0.0,0.0,0.0,0.0,0.0,0.0,0.0,0.0,0.0,0.0,0.0,2.0,0.0,0.0,-6.0,0.0,0.0,0.0,0.0,1.0,0.0,0.0,1200.0,53.0,78.0,931.0,931.0,12.7,1.3,0.0,1.3,24.5,0.0,0.0,14.8,0.0,0.0,5.3,40.4,35.2,0.0,0.0,0.0,0.0,172.0,560.0,164.0,593.0,174.0,590.0,174.0,593.0,0.0,0.0,3.0,0.0,0.0,24.5,2.0,4.998,0.0,0.0,1.093,1.936,53.4,78.4,0.0,0.0,0.0,,0.0,78.8,172.4,0.0,0.0,0.0,0.0,341.6,1040.0,327.2,1099.4,345.2,1094.0,345.2,1099.4,0.0,0.0,173.12,931.0,339.79999999999995,260.99999999999994,94.32000000000001,1.0561527777777775,55955.335333333314,5.769230769230769,0.48,0.49,392.0,True,2026-09-05 12:08:19-07:00
885.06,2,9,2026-09-05 19:22:45,37.07756,-121.59524,275.0,6.2,63.0,-12.6,0.0,,0.0,0.0,0.0,11.1,-0.9,50.8,0.0,259.0,-0.9,-0.01,1.2,99.0,1.0,26,0.0,29.98,1627.0,0.0,0.0,106,0.0,0.0,0.0,0.0,0.0,0.0,0.0,0.0,0.0,0.0,0.0,0.0,2.0,0.0,0.0,-6.0,0.0,0.0,0.0,0.0,1.0,0.0,0.0,1200.0,54.0,78.0,940.0,940.0,12.7,1.3,0.0,1.3,24.5,0.0,0.0,14.8,0.0,0.0,5.4,40.4,35.2,0.0,0.0,0.0,0.0,172.0,560.0,164.0,594.0,174.0,589.0,174.0,594.0,0.0,0.0,3.0,0.0,0.0,24.5,2.0,4.998,0.0,0.0,1.093,1.909,53.6,78.4,0.0,0.0,0.0,,0.0,78.8,172.4,0.0,0.0,0.0,0.0,341.6,1040.0,327.2,1101.2,345.2,1092.2,345.2,1101.2,0.0,0.0,173.12,940.0,339.79999999999995,260.99999999999994,94.32000000000001,1.0565138888888888,55966.88899999998,4.769230769230769,0.48,0.49,392.0,True,2026-09-05 12:08:19-07:00
886.06,2,9,2026-09-05 19:22:46,37.07758,-121.59521,275.0,5.0,62.8,-12.6,0.0,,0.0,0.0,0.0,11.0,-0.9,53.5,0.0,259.0,1.4,-0.04,1.0,99.0,8.0,26,0.0,29.98,1627.0,0.0,0.0,106,0.0,0.0,0.0,0.0,0.0,0.0,0.0,0.0,0.0,0.0,0.0,0.0,1.0,0.0,0.0,-5.0,0.0,0.0,0.0,0.0,1.0,0.0,0.0,1200.0,53.0,79.0,931.0,931.0,12.7,1.3,0.0,1.3,24.5,0.0,0.0,14.8,0.0,0.0,5.5,40.4,35.2,0.0,0.0,0.0,0.0,172.0,559.0,164.0,595.0,174.0,588.0,174.0,594.0,0.0,0.0,3.0,0.0,0.0,24.5,2.0,4.998,0.0,0.0,1.307,1.813,53.4,78.5,0.0,0.0,0.0,,0.0,78.8,174.2,0.0,0.0,0.0,0.0,341.6,1038.2,327.2,1103.0,345.2,1090.4,345.2,1101.2,0.0,0.0,173.3,931.0,339.79999999999995,260.99999999999994,94.50000000000001,1.0568749999999998,55976.33433333332,3.846153846153846,0.48,0.49,392.0,True,2026-09-05 12:08:19-07:00
887.06,2,9,2026-09-05 19:22:47,37.07759,-121.59518,276.0,4.2,70.8,-12.6,0.0,,0.0,0.0,0.0,11.1,-1.1,52.3,0.0,259.0,0.1,-0.02,0.9,99.0,21.0,26,0.0,29.98,1627.0,0.0,0.0,106,0.0,0.0,0.0,0.0,0.0,0.0,0.0,0.0,0.0,0.0,0.0,0.0,1.0,0.0,0.0,-5.0,0.0,0.0,0.0,0.0,1.0,0.0,0.0,1200.0,53.0,79.0,928.0,928.0,12.7,1.3,0.0,1.3,33.0,0.0,0.0,14.8,0.0,0.0,6.6,40.4,35.2,0.0,0.0,0.0,0.0,173.0,559.0,164.0,596.0,174.0,588.0,174.0,594.0,0.0,0.0,3.0,0.0,0.0,33.0,2.0,4.998,0.0,0.0,1.302,1.703,53.5,78.6,0.0,0.0,0.0,,0.0,78.8,174.2,0.0,0.0,0.0,0.0,343.4,1038.2,327.2,1104.8,345.2,1090.4,345.2,1101.2,0.0,0.0,173.48,928.0,340.25,261.45,94.67999999999999,1.0572361111111108,55984.092999999986,3.230769230769231,0.48,0.49,392.0,True,2026-09-05 12:08:19-07:00
888.06,2,9,2026-09-05 19:22:48,37.07759,-121.59516,276.0,2.8,63.3,-12.6,0.0,,0.0,0.0,0.0,11.2,-1.0,53.1,0.0,259.0,0.7,-0.02,1.0,99.0,5.0,26,0.0,29.98,1627.0,0.0,0.0,106,0.0,0.0,0.0,0.0,0.0,0.0,0.0,0.0,0.0,0.0,0.0,0.0,1.0,0.0,0.0,-5.0,0.0,0.0,0.0,0.0,1.0,0.0,0.0,1200.0,53.0,79.0,931.0,931.0,12.9,1.3,0.0,1.3,34.2,0.0,0.0,14.8,0.0,0.0,8.0,40.4,35.2,0.0,0.0,0.0,0.0,173.0,558.0,164.0,597.0,174.0,588.0,174.0,594.0,0.0,0.0,3.0,0.0,0.0,34.2,2.0,4.998,0.0,0.0,1.417,1.704,53.3,78.6,0.0,0.0,0.0,,0.0,78.8,174.2,0.0,0.0,0.0,0.0,343.4,1036.4,327.2,1106.6,345.2,1090.4,345.2,1101.2,0.0,0.0,173.48,931.0,340.25,261.45,94.67999999999999,1.057597222222222,55989.996333333314,2.1538461538461537,0.48,0.49,392.0,True,2026-09-05 12:08:19-07:00
889.06,2,9,2026-09-05 19:22:49,37.0776,-121.59515,276.0,2.3,66.0,-12.6,0.0,,0.0,0.0,0.0,11.4,-1.0,53.4,0.0,259.0,0.7,-0.02,1.0,99.0,12.0,26,0.0,29.98,1627.0,0.0,0.0,106,0.0,0.0,0.0,0.0,0.0,0.0,0.0,0.0,0.0,0.0,0.0,0.0,1.0,0.0,0.0,-5.0,0.0,0.0,0.0,0.0,1.0,0.0,0.0,1200.0,54.0,79.0,936.0,936.0,12.7,1.3,0.0,1.3,34.4,0.0,0.0,14.8,0.0,0.0,8.9,40.4,35.2,0.0,0.0,0.0,0.0,173.0,557.0,164.0,597.0,174.0,586.0,174.0,594.0,0.0,0.0,3.0,0.0,0.0,34.4,2.0,4.998,0.0,0.0,1.251,1.49,53.6,78.7,0.0,0.0,0.0,,0.0,78.8,174.2,0.0,0.0,0.0,0.0,343.4,1034.6,327.2,1106.6,345.2,1086.8,345.2,1101.2,0.0,0.0,173.66000000000003,936.0,340.25,261.45,94.86000000000003,1.0579583333333331,55994.297333333314,1.769230769230769,0.48,0.49,392.0,True,2026-09-05 12:08:19-07:00
890.06,2,9,2026-09-05 19:22:50,37.0776,-121.59514,276.0,2.0,66.9,-12.6,0.0,,0.0,0.0,0.0,11.6,-1.1,53.4,0.0,259.0,0.5,-0.03,0.9,99.0,-1.0,26,0.0,29.98,1627.0,0.0,0.0,106,0.0,0.0,0.0,0.0,0.0,0.0,0.0,0.0,0.0,0.0,0.0,0.0,1.0,0.0,0.0,-7.0,0.0,0.0,0.0,0.0,1.0,0.0,0.0,1200.0,54.0,79.0,944.0,944.0,12.7,1.3,0.0,1.3,34.2,0.0,0.0,14.8,0.0,0.0,9.4,40.4,35.2,0.0,0.0,0.0,0.0,173.0,557.0,164.0,596.0,174.0,587.0,174.0,593.0,0.0,0.0,3.0,0.0,0.0,34.2,2.0,4.998,0.0,0.0,1.333,1.543,53.7,78.9,0.0,0.0,0.0,,0.0,78.8,174.2,0.0,0.0,0.0,0.0,343.4,1034.6,327.2,1104.8,345.2,1088.6,345.2,1099.4,0.0,0.0,174.02,944.0,340.25,261.45,95.22000000000001,1.0583194444444441,55997.92366666665,1.5384615384615383,0.48,0.49,392.0,True,2026-09-05 12:08:19-07:00
891.06,2,9,2026-09-05 19:22:51,37.0776,-121.59513,276.0,2.1,68.2,-12.6,0.0,,0.0,0.0,0.0,11.7,-1.3,53.2,0.0,259.0,0.3,-0.03,1.0,99.0,-2.0,26,0.0,29.98,1627.0,0.0,0.0,106,0.0,0.0,0.0,0.0,0.0,0.0,0.0,0.0,0.0,0.0,0.0,0.0,1.0,0.0,0.0,-7.0,0.0,0.0,0.0,0.0,1.0,0.0,0.0,1200.0,54.0,79.0,946.0,946.0,12.8,1.3,0.0,1.3,34.1,0.0,0.0,14.8,0.0,0.0,10.2,40.4,35.2,0.0,0.0,0.0,0.0,173.0,557.0,164.0,595.0,174.0,586.0,174.0,593.0,0.0,0.0,3.0,0.0,0.0,34.1,2.0,4.998,0.0,0.0,1.228,1.442,53.7,79.0,0.0,0.0,0.0,,0.0,78.8,174.2,0.0,0.0,0.0,0.0,343.4,1034.6,327.2,1103.0,345.2,1086.8,345.2,1099.4,0.0,0.0,174.2,946.0,340.25,261.45,95.39999999999999,1.0586805555555554,56001.38133333332,1.6153846153846154,0.48,0.49,392.0,True,2026-09-05 12:08:19-07:00
892.06,2,9,2026-09-05 19:22:52,37.0776,-121.59512,276.0,2.5,68.6,-12.6,0.0,,0.0,0.0,0.0,11.7,-1.3,53.2,0.0,259.0,0.3,-0.03,0.9,99.0,12.0,26,0.0,29.98,1627.0,0.0,0.0,106,0.0,0.0,0.0,0.0,0.0,0.0,0.0,0.0,0.0,0.0,0.0,0.0,1.0,0.0,0.0,-8.0,0.0,0.0,0.0,0.0,1.0,0.0,0.0,1200.0,58.0,79.0,1134.0,1134.0,13.5,1.4,0.0,1.4,33.9,0.0,0.0,14.8,0.0,0.0,10.6,40.4,35.2,0.0,0.0,0.0,0.0,173.0,561.0,165.0,595.0,175.0,592.0,174.0,599.0,0.0,0.0,3.0,0.0,0.0,33.9,2.0,4.998,0.0,0.0,1.301,1.393,58.1,78.9,0.0,0.0,0.0,,0.0,78.8,174.2,0.0,0.0,0.0,0.0,343.4,1041.8,329.0,1103.0,347.0,1097.6,345.2,1110.2,0.0,0.0,174.02,1134.0,341.15,262.34999999999997,95.22000000000001,1.0590555555555554,56005.260666666654,1.7857142857142858,0.48,0.49,392.0,True,2026-09-05 12:08:19-07:00
893.06,2,9,2026-09-05 19:22:53,37.07761,-121.5951,274.0,3.2,68.1,-12.6,0.0,,0.0,0.0,0.0,11.8,-1.4,53.2,0.0,259.0,0.3,-0.02,1.0,99.0,12.0,26,0.0,29.98,1628.0,0.0,0.0,106,0.0,0.0,0.0,0.0,0.0,0.0,0.0,0.0,0.0,0.0,0.0,0.0,1.0,0.0,0.0,-9.0,0.0,0.0,0.0,0.0,1.0,0.0,0.0,1200.0,60.0,79.0,1167.0,1167.0,12.8,1.4,0.0,1.4,33.9,0.0,0.0,14.8,0.0,0.0,11.1,40.4,35.2,0.0,0.0,0.0,0.0,174.0,568.0,165.0,596.0,175.0,602.0,175.0,610.0,0.0,0.0,3.0,0.0,0.0,33.9,2.0,4.998,0.0,0.0,1.328,1.423,59.8,78.9,0.0,0.0,0.0,,0.0,78.8,174.2,0.0,0.0,0.0,0.0,345.2,1054.4,329.0,1104.8,347.0,1115.6,347.0,1130.0,0.0,0.0,174.02,1167.0,342.05,263.25,95.22000000000001,1.0594444444444442,56010.06766666665,2.285714285714286,0.48,0.49,392.0,True,2026-09-05 12:08:19-07:00
894.06,2,9,2026-09-05 19:22:54,37.07761,-121.59509,274.0,2.7,71.7,-12.6,0.0,,0.0,0.0,0.0,11.4,-1.5,52.9,0.0,259.0,0.0,-0.03,0.9,99.0,2.0,26,0.0,29.98,1628.0,0.0,0.0,106,0.0,0.0,0.0,0.0,0.0,0.0,0.0,0.0,0.0,0.0,0.0,0.0,2.0,0.0,0.0,-9.0,0.0,0.0,0.0,0.0,1.0,0.0,0.0,1200.0,60.0,79.0,1162.0,1162.0,12.5,1.5,0.0,1.5,34.0,0.0,0.0,14.8,0.0,0.0,11.5,40.4,35.2,0.0,0.0,0.0,0.0,174.0,573.0,165.0,597.0,175.0,608.0,175.0,618.0,0.0,0.0,3.0,0.0,0.0,34.0,2.0,4.998,0.0,0.0,1.523,1.517,59.8,78.9,0.0,0.0,0.0,,0.0,78.8,174.2,0.0,0.0,0.0,0.0,345.2,1063.4,329.0,1106.6,347.0,1126.4,347.0,1144.4,0.0,0.0,174.02,1162.0,342.05,263.25,95.22000000000001,1.059847222222222,56015.04333333332,1.8,0.48,0.49,392.0,True,2026-09-05 12:08:19-07:00
895.06,2,9,2026-09-05 19:22:55,37.07762,-121.59507,273.0,2.3,69.4,-12.6,0.0,,0.0,0.0,0.0,11.4,-1.5,52.1,0.0,259.0,-0.5,-0.02,0.8,99.0,8.0,26,0.0,29.98,1628.0,0.0,0.0,106,0.0,0.0,0.0,0.0,0.0,0.0,0.0,0.0,0.0,0.0,0.0,0.0,2.0,0.0,0.0,-13.0,0.0,0.0,0.0,0.0,1.0,0.0,0.0,1200.0,59.0,79.0,1156.0,1156.0,12.5,1.6,0.0,1.6,33.9,0.0,0.0,14.8,0.0,0.0,11.5,40.4,35.2,0.0,0.0,0.0,0.0,174.0,577.0,165.0,596.0,175.0,614.0,175.0,623.0,0.0,0.0,3.0,0.0,0.0,33.9,2.0,4.998,0.0,0.0,1.523,1.519,59.4,79.0,0.0,0.0,0.0,,0.0,78.8,174.2,0.0,0.0,0.0,0.0,345.2,1070.6,329.0,1104.8,347.0,1137.2,347.0,1153.4,0.0,0.0,174.2,1156.0,342.05,263.25,95.39999999999999,1.0602777777777774,56019.25999999999,1.4374999999999998,0.48,0.49,392.0,True,2026-09-05 12:08:19-07:00
896.06,2,9,2026-09-05 19:22:56,37.07762,-121.59506,273.0,2.3,67.7,-12.6,0.0,,0.0,0.0,0.0,11.6,-1.6,51.9,0.0,259.0,-0.2,-0.03,1.2,99.0,4.0,26,0.0,29.98,1628.0,0.0,0.0,106,0.0,0.0,0.0,0.0,0.0,0.0,0.0,0.0,0.0,0.0,0.0,0.0,2.0,0.0,0.0,-13.0,0.0,0.0,0.0,0.0,1.0,0.0,0.0,1200.0,60.0,79.0,1157.0,1157.0,12.3,1.6,0.0,1.6,34.0,0.0,0.0,14.8,0.0,0.0,10.8,40.4,35.2,0.0,0.0,0.0,0.0,174.0,581.0,165.0,596.0,175.0,619.0,175.0,628.0,0.0,0.0,3.0,0.0,0.0,34.0,2.0,4.998,0.0,0.0,1.511,1.561,59.5,79.1,0.0,0.0,0.0,,0.0,78.8,174.2,0.0,0.0,0.0,0.0,345.2,1077.8,329.0,1104.8,347.0,1146.2,347.0,1162.4,0.0,0.0,174.38,1157.0,342.05,263.25,95.58,1.060722222222222,56023.13933333332,1.4374999999999998,0.48,0.49,392.0,True,2026-09-05 12:08:19-07:00
897.06,2,9,2026-09-05 19:22:57,37.07763,-121.59505,273.0,1.6,65.8,-12.6,0.0,,0.0,0.0,0.0,11.1,-1.7,52.3,0.0,259.0,0.2,-0.03,1.0,99.0,1.0,26,0.0,29.98,1628.0,0.0,0.0,106,0.0,0.0,0.0,0.0,0.0,0.0,0.0,0.0,0.0,0.0,0.0,0.0,2.0,0.0,0.0,-12.0,0.0,0.0,0.0,0.0,1.0,0.0,0.0,1200.0,59.0,79.0,1160.0,1160.0,12.3,1.6,0.0,1.6,34.0,0.0,0.0,14.8,0.0,0.0,10.3,40.4,35.2,0.0,0.0,0.0,0.0,174.0,583.0,165.0,597.0,176.0,623.0,175.0,632.0,0.0,0.0,3.0,0.0,0.0,34.0,2.0,4.998,0.0,0.0,1.542,1.556,59.5,79.0,0.0,0.0,0.0,,0.0,78.8,174.2,0.0,0.0,0.0,0.0,345.2,1081.4,329.0,1106.6,348.8,1153.4,347.0,1169.6,0.0,0.0,174.2,1160.0,342.5,263.7,95.39999999999999,1.0611666666666664,56026.428333333315,1.0,0.48,0.49,392.0,True,2026-09-05 12:08:19-07:00
898.06,2,9,2026-09-05 19:22:58,37.07763,-121.59504,273.0,1.2,66.7,-12.6,0.0,,0.0,0.0,0.0,11.0,-1.8,52.5,0.0,259.0,0.2,-0.03,0.9,99.0,11.0,26,0.0,29.98,1628.0,0.0,0.0,106,0.0,0.0,0.0,0.0,0.0,0.0,0.0,0.0,0.0,0.0,0.0,0.0,2.0,0.0,0.0,-12.0,0.0,0.0,0.0,0.0,1.0,0.0,0.0,1200.0,60.0,79.0,1161.0,1161.0,12.3,1.6,0.0,1.6,33.9,0.0,0.0,14.8,0.0,0.0,10.2,40.4,35.2,0.0,0.0,0.0,0.0,174.0,586.0,165.0,597.0,176.0,626.0,176.0,636.0,0.0,0.0,3.0,0.0,0.0,33.9,2.0,4.996,0.0,0.0,1.348,1.331,59.6,79.1,0.0,0.0,0.0,,0.0,78.8,174.2,0.0,0.0,0.0,0.0,345.2,1086.8,329.0,1106.6,348.8,1158.8,348.8,1176.8,0.0,0.0,174.38,1161.0,342.95,264.15,95.58,1.0616111111111108,56028.78966666665,0.7499999999999999,0.48,0.49,392.0,True,2026-09-05 12:08:19-07:00
899.06,2,9,2026-09-05 19:22:59,37.07763,-121.59503,274.0,1.0,66.9,-12.6,0.0,,0.0,0.0,0.0,10.8,-1.9,52.1,0.0,259.0,-0.1,-0.03,1.1,99.0,-8.0,26,0.0,29.98,1637.0,0.0,0.0,106,0.0,0.0,0.0,0.0,0.0,0.0,0.0,0.0,0.0,0.0,0.0,0.0,2.0,0.0,0.0,-12.0,0.0,0.0,0.0,0.0,1.0,0.0,0.0,1200.0,59.0,79.0,1151.0,1151.0,12.2,1.7,0.0,1.7,33.9,0.0,0.0,14.7,0.0,0.0,10.2,40.4,35.2,0.0,0.0,0.0,0.0,175.0,589.0,166.0,597.0,176.0,628.0,176.0,639.0,0.0,0.0,3.0,0.0,0.0,33.9,2.0,4.998,0.0,0.0,1.576,1.558,59.4,79.1,0.0,0.0,0.0,,0.0,78.8,174.2,0.0,0.0,0.0,0.0,347.0,1092.2,330.8,1106.6,348.8,1162.4,348.8,1182.2,0.0,0.0,174.38,1151.0,343.85,265.05,95.58,1.0620694444444443,56030.64499999998,0.5882352941176471,0.48,0.49,392.0,True,2026-09-05 12:08:19-07:00
900.06,2,9,2026-09-05 19:23:00,37.07763,-121.59503,273.0,0.8,66.9,-12.6,0.0,,0.0,0.0,0.0,10.6,-1.9,51.9,0.0,259.0,-0.3,-0.03,1.0,99.0,5.0,26,0.0,29.98,1636.0,0.0,0.0,106,0.0,0.0,0.0,0.0,0.0,0.0,0.0,0.0,0.0,0.0,0.0,0.0,2.0,0.0,0.0,-12.0,0.0,0.0,0.0,0.0,1.0,0.0,0.0,1200.0,59.0,79.0,1145.0,1145.0,12.3,1.7,0.0,1.7,33.9,0.0,0.0,14.7,0.0,0.0,10.3,40.4,35.2,0.0,0.0,0.0,0.0,175.0,590.0,166.0,598.0,176.0,630.0,176.0,643.0,0.0,0.0,3.0,0.0,0.0,33.9,2.0,4.998,0.0,0.0,1.429,1.421,59.3,79.3,0.0,0.0,0.0,,0.0,78.8,174.2,0.0,0.0,0.0,0.0,347.0,1094.0,330.8,1108.4,348.8,1166.0,348.8,1189.4,0.0,0.0,174.73999999999998,1145.0,343.85,265.05,95.93999999999998,1.0625416666666665,56032.162999999986,0.4705882352941177,0.48,0.49,392.0,True,2026-09-05 12:08:19-07:00
901.06,2,9,2026-09-05 19:23:01,37.07763,-121.59502,273.0,1.4,68.5,-12.6,0.0,,0.0,0.0,0.0,10.7,-1.9,51.4,0.0,259.0,-0.4,-0.03,1.0,99.0,23.0,26,0.0,29.98,1636.0,0.0,0.0,106,0.0,0.0,0.0,0.0,0.0,0.0,0.0,0.0,0.0,0.0,0.0,0.0,2.0,0.0,0.0,-13.0,0.0,0.0,0.0,0.0,1.0,0.0,0.0,1200.0,62.0,79.0,1270.0,1270.0,13.2,1.7,0.0,1.7,33.8,0.0,0.0,14.7,0.0,0.0,10.0,40.4,35.2,0.0,0.0,0.0,0.0,175.0,597.0,166.0,602.0,176.0,639.0,176.0,650.0,0.0,0.0,3.0,0.0,0.0,33.8,2.0,4.998,0.0,0.0,1.53,1.542,62.3,79.4,0.0,0.0,0.0,,0.0,78.8,174.2,0.0,0.0,0.0,0.0,347.0,1106.6,330.8,1115.6,348.8,1182.2,348.8,1202.0,0.0,0.0,174.92000000000002,1270.0,343.85,265.05,96.12000000000002,1.0630138888888887,56034.01833333332,0.8235294117647058,0.48,0.49,392.0,True,2026-09-05 12:08:19-07:00
902.06,2,9,2026-09-05 19:23:02,37.07764,-121.59502,273.0,1.3,68.8,-12.6,0.0,,0.0,0.0,0.0,10.8,-1.8,50.9,0.0,259.0,-0.3,-0.03,0.9,99.0,15.0,26,0.0,29.98,1636.0,0.0,0.0,106,0.0,0.0,0.0,0.0,0.0,0.0,0.0,0.0,0.0,0.0,0.0,0.0,2.0,0.0,0.0,-14.0,0.0,0.0,0.0,0.0,1.0,0.0,0.0,1200.0,62.0,79.0,1228.0,1228.0,12.6,1.8,0.0,1.8,34.0,0.0,0.0,14.7,0.0,0.0,10.0,40.4,35.2,0.0,0.0,0.0,0.0,175.0,605.0,166.0,608.0,176.0,650.0,176.0,659.0,0.0,0.0,3.0,0.0,0.0,34.0,2.0,4.998,0.0,0.0,1.543,1.525,62.1,79.3,0.0,0.0,0.0,,0.0,78.8,174.2,0.0,0.0,0.0,0.0,347.0,1121.0,330.8,1126.4,348.8,1202.0,348.8,1218.2,0.0,0.0,174.73999999999998,1228.0,343.85,265.05,95.93999999999998,1.0634999999999997,56036.29533333332,0.7222222222222222,0.48,0.49,392.0,True,2026-09-05 12:08:19-07:00
903.06,2,9,2026-09-05 19:23:03,37.07764,-121.59501,272.0,0.2,68.6,-12.6,0.0,,0.0,0.0,0.0,10.7,-1.7,50.9,0.0,259.0,-0.2,-0.03,0.9,99.0,2.0,26,0.0,29.98,1637.0,0.0,0.0,106,0.0,0.0,0.0,0.0,0.0,0.0,0.0,0.0,0.0,0.0,0.0,0.0,2.0,0.0,0.0,-14.0,0.0,0.0,0.0,0.0,1.0,0.0,0.0,1200.0,58.0,79.0,1077.0,1077.0,11.8,1.7,0.0,1.7,34.0,0.0,0.0,14.7,0.0,0.0,10.0,40.4,35.2,0.0,0.0,0.0,0.0,175.0,604.0,166.0,607.0,176.0,648.0,176.0,657.0,0.0,0.0,3.0,0.0,0.0,34.0,2.0,4.998,0.0,0.0,1.544,1.56,57.9,79.3,0.0,0.0,0.0,,0.0,78.8,174.2,0.0,0.0,0.0,0.0,347.0,1119.2,330.8,1124.6,348.8,1198.4,348.8,1214.6,0.0,0.0,174.73999999999998,1077.0,343.85,265.05,95.93999999999998,1.0639861111111109,56037.56033333332,0.11764705882352942,0.48,0.49,392.0,True,2026-09-05 12:08:19-07:00
904.06,2,9,2026-09-05 19:23:04,37.07764,-121.59501,273.0,0.5,68.6,-12.6,0.0,,0.0,0.0,0.0,10.6,-1.7,51.2,0.0,259.0,0.1,-0.03,1.0,99.0,-5.0,26,0.0,29.98,1637.0,0.0,0.0,106,0.0,0.0,0.0,0.0,0.0,0.0,0.0,0.0,0.0,0.0,0.0,0.0,2.0,0.0,0.0,-14.0,0.0,0.0,0.0,0.0,1.0,0.0,0.0,1200.0,57.0,79.0,1061.0,1061.0,12.1,1.7,0.0,1.7,33.9,0.0,0.0,14.7,0.0,0.0,10.2,40.4,35.2,0.0,0.0,0.0,0.0,175.0,601.0,166.0,607.0,177.0,644.0,177.0,654.0,0.0,0.0,3.0,0.0,0.0,33.9,2.0,4.998,0.0,0.0,1.526,1.506,56.7,79.4,0.0,0.0,0.0,,0.0,78.8,174.2,0.0,0.0,0.0,0.0,347.0,1113.8,330.8,1124.6,350.6,1191.2,350.6,1209.2,0.0,0.0,174.92000000000002,1061.0,344.75,265.95,96.12000000000002,1.064458333333333,56038.150666666654,0.29411764705882354,0.48,0.49,392.0,True,2026-09-05 12:08:19-07:00
905.06,2,9,2026-09-05 19:23:05,37.07764,-121.595,271.0,0.9,68.6,-12.6,0.0,,0.0,0.0,0.0,10.9,-1.6,51.3,0.0,259.0,0.2,-0.03,1.0,99.0,-5.0,26,0.0,29.98,1637.0,0.0,0.0,106,0.0,0.0,0.0,0.0,0.0,0.0,0.0,0.0,0.0,0.0,0.0,0.0,2.0,0.0,0.0,-14.0,0.0,0.0,0.0,0.0,1.0,0.0,0.0,1200.0,61.0,79.0,1234.0,1234.0,13.4,1.7,0.0,1.7,33.7,0.0,0.0,14.7,0.0,0.0,10.2,40.4,35.2,0.0,0.0,0.0,0.0,175.0,603.0,166.0,606.0,177.0,645.0,177.0,658.0,0.0,0.0,3.0,0.0,0.0,33.7,2.0,4.998,0.0,0.0,1.472,1.44,60.6,79.5,0.0,0.0,0.0,,0.0,78.8,174.2,0.0,0.0,0.0,0.0,347.0,1117.4,330.8,1122.8,350.6,1193.0,350.6,1216.4,0.0,0.0,175.1,1234.0,344.75,265.95,96.3,1.0649305555555553,56039.33133333332,0.5294117647058824,0.48,0.49,392.0,True,2026-09-05 12:08:19-07:00
906.06,2,9,2026-09-05 19:23:06,37.07764,-121.59499,271.0,1.9,66.6,-12.6,0.0,,0.0,0.0,0.0,11.4,-1.4,51.4,0.0,259.0,0.3,-0.02,1.0,99.0,-7.0,26,0.0,29.98,1637.0,0.0,0.0,106,0.0,0.0,0.0,0.0,0.0,0.0,0.0,0.0,0.0,0.0,0.0,0.0,3.0,0.0,0.0,-14.0,0.0,0.0,0.0,0.0,1.0,0.0,0.0,1200.0,61.0,80.0,1217.0,1217.0,13.3,1.9,0.0,1.9,33.2,0.0,0.0,14.7,0.0,0.0,10.5,40.4,35.2,0.0,0.0,0.0,0.0,175.0,607.0,166.0,611.0,177.0,650.0,177.0,661.0,0.0,0.0,3.0,0.0,0.0,33.2,2.0,4.998,0.0,0.0,1.415,1.454,61.3,79.7,0.0,0.0,0.0,,0.0,78.8,176.0,0.0,0.0,0.0,0.0,347.0,1124.6,330.8,1131.8,350.6,1202.0,350.6,1221.8,0.0,0.0,175.46,1217.0,344.75,265.95,96.66000000000001,1.0654305555555552,56041.69266666665,1.0,0.48,0.49,392.0,True,2026-09-05 12:08:19-07:00
907.06,2,9,2026-09-05 19:23:07,37.07764,-121.59499,270.0,2.8,65.3,-12.6,0.0,,0.0,0.0,0.0,11.0,-1.4,51.6,0.0,259.0,0.3,-0.03,1.0,99.0,2.0,26,0.0,29.98,1637.0,0.0,0.0,106,0.0,0.0,0.0,0.0,0.0,0.0,0.0,0.0,0.0,0.0,0.0,0.0,3.0,0.0,0.0,-14.0,0.0,0.0,0.0,0.0,1.0,0.0,0.0,1200.0,62.0,80.0,1277.0,1277.0,13.9,2.2,0.0,2.2,33.0,0.0,0.0,14.7,0.0,0.0,10.8,40.4,35.2,0.0,0.0,0.0,0.0,176.0,608.0,167.0,616.0,177.0,648.0,177.0,658.0,0.0,0.0,3.0,0.0,0.0,33.0,2.0,4.998,0.0,0.0,1.415,1.41,62.5,79.6,0.0,0.0,0.0,,0.0,78.8,176.0,0.0,0.0,0.0,0.0,348.8,1126.4,332.6,1140.8,350.6,1198.4,350.6,1216.4,0.0,0.0,175.28,1277.0,345.65000000000003,266.85,96.48,1.0659999999999998,56045.65633333332,1.2727272727272725,0.48,0.49,392.0,True,2026-09-05 12:08:19-07:00
908.06,2,9,2026-09-05 19:23:08,37.07765,-121.59497,270.0,4.0,68.2,-12.6,0.0,,0.0,0.0,0.0,10.9,-1.5,50.9,0.0,259.0,-0.2,-0.03,1.0,99.0,-2.0,26,0.0,29.98,1637.0,0.0,0.0,106,0.0,0.0,0.0,0.0,0.0,0.0,0.0,0.0,0.0,0.0,0.0,0.0,4.0,0.0,0.0,-17.0,0.0,0.0,0.0,0.0,1.0,0.0,0.0,1200.0,63.0,80.0,1290.0,1290.0,14.0,2.4,0.0,2.4,33.0,0.0,0.0,14.7,0.0,0.0,11.2,40.4,35.2,0.0,0.0,0.0,0.0,176.0,611.0,167.0,621.0,177.0,647.0,177.0,656.0,0.0,0.0,3.0,0.0,0.0,33.0,2.0,4.998,0.0,0.0,1.416,1.348,63.1,79.6,0.0,0.0,0.0,,0.0,78.8,176.0,0.0,0.0,0.0,0.0,348.8,1131.8,332.6,1149.8,350.6,1196.6,350.6,1212.8,0.0,0.0,175.28,1290.0,345.65000000000003,266.85,96.48,1.0666388888888887,56051.39099999998,1.6666666666666667,0.48,0.49,392.0,True,2026-09-05 12:08:19-07:00
909.06,2,9,2026-09-05 19:23:09,37.07766,-121.59494,270.0,5.2,66.2,-12.6,0.0,,0.0,0.0,0.0,10.8,-1.4,48.1,0.0,259.0,-1.6,-0.03,1.0,99.0,4.0,26,0.0,29.98,1637.0,0.0,0.0,106,0.0,0.0,0.0,0.0,0.0,0.0,0.0,0.0,0.0,0.0,0.0,0.0,6.0,0.0,0.0,-17.0,0.0,0.0,0.0,0.0,1.0,0.0,0.0,1200.0,63.0,80.0,1295.0,1295.0,14.2,2.6,0.0,2.6,33.0,0.0,0.0,14.7,0.0,0.0,11.5,40.4,35.2,0.0,0.0,0.0,0.0,176.0,613.0,167.0,625.0,177.0,647.0,177.0,655.0,0.0,0.0,3.0,0.0,0.0,33.0,2.0,4.998,0.0,0.0,1.411,1.409,63.1,79.6,0.0,0.0,0.0,,0.0,78.8,176.0,0.0,0.0,0.0,0.0,348.8,1135.4,332.6,1157.0,350.6,1196.6,350.6,1211.0,0.0,0.0,175.28,1295.0,345.65000000000003,266.85,96.48,1.067333333333333,56059.14966666665,2.0,0.48,0.49,392.0,True,2026-09-05 12:08:19-07:00
910.06,2,9,2026-09-05 19:23:10,37.07767,-121.59491,269.0,6.2,67.9,-12.6,0.0,,0.0,0.0,0.0,10.6,-1.5,39.1,0.0,259.0,-5.5,-0.01,1.0,99.0,0.0,26,0.0,29.98,1637.0,0.0,0.0,106,0.0,0.0,0.0,0.0,0.0,0.0,0.0,0.0,0.0,0.0,0.0,0.0,7.0,0.0,0.0,-16.0,0.0,0.0,0.0,0.0,1.0,0.0,0.0,1200.0,63.0,80.0,1289.0,1289.0,14.2,2.7,0.0,2.7,33.0,0.0,0.0,14.7,0.0,0.0,11.1,40.4,35.2,0.0,0.0,0.0,0.0,176.0,615.0,167.0,629.0,177.0,646.0,177.0,655.0,0.0,0.0,3.0,0.0,0.0,33.0,2.0,4.998,0.0,0.0,1.415,1.475,63.0,79.7,0.0,0.0,0.0,,0.0,78.8,176.0,0.0,0.0,0.0,0.0,348.8,1139.0,332.6,1164.2,350.6,1194.8,350.6,1211.0,0.0,0.0,175.46,1289.0,345.65000000000003,266.85,96.66000000000001,1.0680694444444443,56068.76366666665,2.2962962962962963,0.48,0.49,392.0,True,2026-09-05 12:08:19-07:00
911.06,2,9,2026-09-05 19:23:11,37.07769,-121.59487,271.0,7.3,51.0,-12.6,0.0,,0.0,0.0,0.0,10.0,-0.5,26.9,0.0,259.0,-9.7,0.07,1.1,99.0,-4.0,26,0.0,29.98,1638.0,0.0,0.0,106,0.0,0.0,0.0,0.0,0.0,0.0,0.0,0.0,0.0,0.0,0.0,0.0,4.0,0.0,0.0,1.0,0.0,0.0,0.0,0.0,1.0,0.0,0.0,1200.0,63.0,80.0,1303.0,1303.0,14.4,2.9,0.0,2.9,33.1,0.0,0.0,14.7,0.0,0.0,10.7,40.4,35.2,0.0,0.0,0.0,0.0,176.0,617.0,167.0,632.0,178.0,646.0,177.0,654.0,0.0,0.0,3.0,0.0,0.0,33.1,2.0,4.998,0.0,0.0,1.361,1.509,63.2,79.8,0.0,0.0,0.0,,0.0,78.8,176.0,0.0,0.0,0.0,0.0,348.8,1142.6,332.6,1169.6,352.4,1194.8,350.6,1209.2,0.0,0.0,175.64,1303.0,346.09999999999997,267.29999999999995,96.83999999999999,1.068847222222222,56080.14866666665,2.5172413793103448,0.48,0.49,392.0,True,2026-09-05 12:08:19-07:00
912.06,2,9,2026-09-05 19:23:12,37.07771,-121.59484,272.0,7.3,43.7,-12.6,0.0,,0.0,0.0,0.0,10.5,-1.1,17.3,0.0,259.0,-9.8,0.06,0.8,99.0,-2.0,26,0.0,29.98,1638.0,0.0,0.0,106,0.0,0.0,0.0,0.0,0.0,0.0,0.0,0.0,0.0,0.0,0.0,0.0,4.0,0.0,0.0,1.0,0.0,0.0,0.0,0.0,1.0,0.0,0.0,1200.0,63.0,80.0,1297.0,1297.0,14.4,3.0,0.0,3.0,33.1,0.0,0.0,14.7,0.0,0.0,10.2,40.4,35.2,0.0,0.0,0.0,0.0,176.0,618.0,167.0,635.0,178.0,646.0,178.0,654.0,0.0,0.0,3.0,0.0,0.0,33.1,2.0,4.998,0.0,0.0,1.01,1.509,63.3,79.8,0.0,0.0,0.0,,0.0,78.8,176.0,0.0,0.0,0.0,0.0,348.8,1144.4,332.6,1175.0,352.4,1194.8,352.4,1209.2,0.0,0.0,175.64,1297.0,346.55,267.75,96.83999999999999,1.0696666666666663,56092.46133333332,2.433333333333333,0.48,0.49,392.0,True,2026-09-05 12:08:19-07:00
913.06,2,9,2026-09-05 19:23:13,37.07774,-121.59482,272.0,8.2,34.2,-12.6,0.0,,0.0,0.0,0.0,10.9,-0.9,6.2,0.0,259.0,-10.4,0.05,0.8,99.0,-1.0,26,0.0,29.98,1638.0,0.0,0.0,106,0.0,0.0,0.0,0.0,0.0,0.0,0.0,0.0,0.0,0.0,0.0,0.0,4.0,0.0,0.0,1.0,0.0,0.0,0.0,0.0,1.0,0.0,0.0,1200.0,63.0,80.0,1293.0,1293.0,14.3,3.1,0.0,3.1,33.1,0.0,0.0,14.7,0.0,0.0,10.1,40.4,35.2,0.0,0.0,0.0,0.0,176.0,620.0,167.0,637.0,178.0,647.0,178.0,653.0,0.0,0.0,3.0,0.0,0.0,33.1,2.0,4.998,0.0,0.0,0.985,1.539,63.2,79.8,0.0,0.0,0.0,,0.0,78.8,176.0,0.0,0.0,0.0,0.0,348.8,1148.0,332.6,1178.6,352.4,1196.6,352.4,1207.4,0.0,0.0,175.64,1293.0,346.55,267.75,96.83999999999999,1.0705138888888885,56105.53299999998,2.6451612903225805,0.48,0.49,392.0,True,2026-09-05 12:08:19-07:00
914.06,2,9,2026-09-05 19:23:14,37.07777,-121.59479,272.0,8.6,24.6,-12.6,0.0,,0.0,0.0,0.0,11.1,-0.4,349.1,0.0,259.0,-14.2,0.1,1.2,99.0,2.0,26,0.0,29.98,1647.0,0.0,0.0,106,0.0,0.0,0.0,0.0,0.0,0.0,0.0,0.0,0.0,0.0,0.0,0.0,4.0,0.0,0.0,1.0,0.0,0.0,0.0,0.0,1.0,0.0,0.0,1200.0,63.0,80.0,1288.0,1288.0,14.4,3.1,0.0,3.1,33.1,0.0,0.0,14.7,0.0,0.0,10.2,40.4,35.2,0.0,0.0,0.0,0.0,176.0,621.0,167.0,640.0,178.0,647.0,178.0,653.0,0.0,0.0,3.0,0.0,0.0,33.1,2.0,4.998,0.0,0.0,0.709,1.714,62.8,79.8,0.0,0.0,0.0,,0.0,78.8,176.0,0.0,0.0,0.0,0.0,348.8,1149.8,332.6,1184.0,352.4,1196.6,352.4,1207.4,0.0,0.0,175.64,1288.0,346.55,267.75,96.83999999999999,1.0713749999999997,56119.70099999999,2.7741935483870965,0.48,0.49,392.0,True,2026-09-05 12:08:19-07:00
915.06,2,9,2026-09-05 19:23:15,37.07781,-121.59478,272.0,8.8,1.3,-12.6,0.0,,0.0,0.0,0.0,10.9,-0.0,338.3,0.0,259.0,-12.9,0.09,0.9,99.0,-7.0,26,0.0,29.98,1647.0,0.0,0.0,106,0.0,0.0,0.0,0.0,0.0,0.0,0.0,0.0,0.0,0.0,0.0,0.0,4.0,0.0,0.0,1.0,0.0,0.0,0.0,0.0,1.0,0.0,0.0,1200.0,61.0,80.0,1200.0,1200.0,13.6,3.1,0.0,3.1,33.6,0.0,0.0,14.7,0.0,0.0,10.3,40.4,35.2,0.0,0.0,0.0,0.0,176.0,623.0,168.0,642.0,178.0,646.0,178.0,653.0,0.0,0.0,3.0,0.0,0.0,33.6,2.0,4.998,0.0,0.0,0.826,1.952,61.2,79.9,0.0,0.0,0.0,,0.0,78.8,176.0,0.0,0.0,0.0,0.0,348.8,1153.4,334.4,1187.6,352.4,1194.8,352.4,1207.4,0.0,0.0,175.82,1200.0,346.99999999999994,268.19999999999993,97.02,1.072236111111111,56134.374999999985,2.838709677419355,0.48,0.49,392.0,True,2026-09-05 12:08:19-07:00
916.06,2,9,2026-09-05 19:23:16,37.07785,-121.59478,273.0,9.0,356.1,-12.6,0.0,,0.0,0.0,0.0,11.1,0.5,329.1,0.0,259.0,-10.8,0.08,1.0,99.0,-13.0,26,0.0,29.98,1647.0,0.0,0.0,106,0.0,0.0,0.0,0.0,0.0,0.0,0.0,0.0,0.0,0.0,0.0,0.0,4.0,0.0,0.0,1.0,0.0,0.0,0.0,0.0,1.0,0.0,0.0,1200.0,59.0,80.0,1149.0,1149.0,13.5,3.0,0.0,3.0,33.4,0.0,0.0,14.7,0.0,0.0,10.1,40.4,35.2,0.0,0.0,0.0,0.0,177.0,623.0,168.0,643.0,178.0,642.0,178.0,650.0,0.0,0.0,3.0,0.0,0.0,33.4,2.0,4.998,0.0,0.0,0.792,1.934,59.3,80.0,0.0,0.0,0.0,,0.0,78.8,176.0,0.0,0.0,0.0,0.0,350.6,1153.4,334.4,1189.4,352.4,1187.6,352.4,1202.0,0.0,0.0,176.0,1149.0,347.44999999999993,268.6499999999999,97.2,1.0730833333333332,56149.386333333314,3.0,0.48,0.49,392.0,True,2026-09-05 12:08:19-07:00
917.06,2,9,2026-09-05 19:23:17,37.07789,-121.5948,271.0,9.2,344.7,-12.6,0.0,,0.0,0.0,0.0,11.4,0.4,322.8,0.0,259.0,-8.5,0.08,0.9,99.0,2.0,26,0.0,29.98,1648.0,0.0,0.0,106,0.0,0.0,0.0,0.0,0.0,0.0,0.0,0.0,0.0,0.0,0.0,0.0,4.0,0.0,0.0,0.0,0.0,0.0,0.0,0.0,1.0,0.0,0.0,1200.0,58.0,80.0,1117.0,1117.0,13.5,2.9,0.0,2.9,33.5,0.0,0.0,14.7,0.0,0.0,9.8,40.4,35.2,0.0,0.0,0.0,0.0,177.0,624.0,168.0,645.0,178.0,638.0,178.0,646.0,0.0,0.0,3.0,0.0,0.0,33.5,2.0,4.998,0.0,0.0,0.734,1.886,58.3,79.9,0.0,0.0,0.0,,0.0,78.8,176.0,0.0,0.0,0.0,0.0,350.6,1155.2,334.4,1193.0,352.4,1180.4,352.4,1194.8,0.0,0.0,175.82,1117.0,347.44999999999993,268.6499999999999,97.02,1.0739027777777774,56164.734999999986,3.172413793103448,0.48,0.49,392.0,True,2026-09-05 12:08:19-07:00
918.06,2,9,2026-09-05 19:23:18,37.07793,-121.59481,271.0,9.5,335.3,-12.6,0.0,,0.0,0.0,0.0,11.4,0.4,323.5,0.0,259.0,-3.5,0.03,1.0,99.0,-15.0,26,0.0,29.98,1647.0,0.0,0.0,106,0.0,0.0,0.0,0.0,0.0,0.0,0.0,0.0,0.0,0.0,0.0,0.0,7.0,0.0,0.0,-40.0,0.0,0.0,0.0,0.0,1.0,0.0,0.0,1200.0,58.0,80.0,1110.0,1110.0,13.7,2.9,0.0,2.9,33.5,0.0,0.0,14.7,0.0,0.0,9.9,40.4,35.2,0.0,0.0,0.0,0.0,177.0,625.0,168.0,646.0,179.0,635.0,178.0,643.0,0.0,0.0,1.0,0.0,0.0,33.5,2.0,4.998,0.0,0.0,0.654,1.899,58.0,79.9,0.0,0.0,0.0,,0.0,78.8,176.0,0.0,0.0,0.0,0.0,350.6,1157.0,334.4,1194.8,354.2,1175.0,352.4,1189.4,0.0,0.0,175.82,1110.0,347.9,269.09999999999997,97.02,1.0747083333333332,56180.50533333332,3.2758620689655173,0.48,0.49,392.0,True,2026-09-05 12:08:19-07:00
919.06,2,9,2026-09-05 19:23:19,37.07797,-121.59483,271.0,10.0,339.5,-12.6,0.0,,0.0,0.0,0.0,11.3,0.5,324.5,0.0,259.0,-0.4,-0.04,0.9,99.0,-11.0,26,0.0,29.98,1647.0,0.0,0.0,106,0.0,0.0,0.0,0.0,0.0,0.0,0.0,0.0,0.0,0.0,0.0,0.0,7.0,0.0,0.0,-43.0,0.0,0.0,0.0,0.0,1.0,0.0,0.0,1200.0,58.0,80.0,1101.0,1101.0,13.8,2.8,0.0,2.8,33.5,0.0,0.0,14.7,0.0,0.0,10.1,40.4,35.2,0.0,0.0,0.0,0.0,177.0,626.0,168.0,647.0,179.0,632.0,178.0,640.0,0.0,0.0,-10.0,0.0,0.0,33.5,2.0,4.998,0.0,0.0,0.669,1.787,57.8,79.9,0.0,0.0,0.0,,0.0,78.8,176.0,0.0,0.0,0.0,0.0,350.6,1158.8,334.4,1196.6,354.2,1169.6,352.4,1184.0,0.0,0.0,175.82,1101.0,347.9,269.09999999999997,97.02,1.0754999999999997,56196.95033333332,3.5714285714285716,0.48,0.49,392.0,True,2026-09-05 12:08:19-07:00
920.06,2,9,2026-09-05 19:23:20,37.07801,-121.59486,270.0,10.6,337.3,-12.6,0.0,,0.0,0.0,0.0,11.3,0.5,321.2,0.0,259.0,-2.2,0.04,0.9,99.0,7.0,26,0.0,29.98,1647.0,0.0,0.0,106,0.0,0.0,0.0,0.0,0.0,0.0,0.0,0.0,0.0,0.0,0.0,0.0,9.0,0.0,0.0,-46.0,0.0,0.0,0.0,0.0,1.0,0.0,0.0,1200.0,58.0,80.0,1114.0,1114.0,13.8,2.8,0.0,2.8,33.5,0.0,0.0,14.7,0.0,0.0,10.3,40.4,35.2,0.0,0.0,0.0,0.0,177.0,626.0,168.0,648.0,179.0,629.0,179.0,639.0,0.0,0.0,-21.0,0.0,0.0,33.5,2.0,4.998,0.0,0.0,0.654,1.742,57.9,79.9,0.0,0.0,0.0,,0.0,78.8,176.0,0.0,0.0,0.0,0.0,350.6,1158.8,334.4,1198.4,354.2,1164.2,354.2,1182.2,0.0,0.0,175.82,1114.0,348.35,269.55,97.02,1.0762777777777774,56214.32299999998,3.785714285714286,0.48,0.49,392.0,True,2026-09-05 12:08:19-07:00
921.06,2,9,2026-09-05 19:23:21,37.07806,-121.59488,271.0,11.7,335.2,-12.6,0.0,,0.0,0.0,0.0,11.4,0.3,321.1,0.0,259.0,-1.2,0.02,0.9,99.0,5.0,26,0.0,29.98,1648.0,0.0,0.0,106,0.0,0.0,0.0,0.0,0.0,0.0,0.0,0.0,0.0,0.0,0.0,0.0,7.0,0.0,0.0,-56.0,0.0,0.0,0.0,0.0,1.0,0.0,0.0,1200.0,71.0,80.0,1637.0,1637.0,17.5,3.3,0.0,3.3,31.8,0.0,0.0,14.7,0.0,0.0,10.1,40.4,35.2,0.0,0.0,0.0,0.0,177.0,626.0,168.0,646.0,179.0,630.0,179.0,640.0,0.0,0.0,-22.0,0.0,0.0,31.8,2.0,4.996,0.0,0.0,0.656,1.67,70.9,80.0,0.0,0.0,0.0,R,0.0,78.8,176.0,0.0,0.0,0.0,0.0,350.6,1158.8,334.4,1194.8,354.2,1166.0,354.2,1184.0,0.0,0.0,176.0,1637.0,348.35,269.55,97.2,1.0771249999999997,56233.129333333316,3.5454545454545454,0.48,0.49,392.0,True,2026-09-05 12:08:19-07:00
922.06,2,9,2026-09-05 19:23:22,37.07812,-121.59491,271.0,14.3,334.2,-12.6,0.0,,0.0,0.0,0.0,11.5,0.3,322.8,0.0,259.0,0.4,-0.02,0.9,99.0,23.0,26,0.0,29.98,1648.0,0.0,0.0,106,0.0,0.0,0.0,0.0,0.0,0.0,0.0,0.0,0.0,0.0,0.0,0.0,7.0,0.0,0.0,-80.0,0.0,0.0,0.0,0.0,1.0,0.0,0.0,1200.0,84.0,80.0,2201.0,2201.0,20.5,4.3,0.0,4.3,30.3,0.0,0.0,14.7,0.0,0.0,9.5,40.4,35.2,0.0,0.0,0.0,0.0,177.0,631.0,168.0,648.0,179.0,637.0,179.0,646.0,0.0,0.0,-22.0,0.0,0.0,30.3,2.0,4.996,0.0,0.0,0.677,1.41,84.4,79.9,0.0,0.0,14.0,L,0.0,78.8,176.0,0.0,0.0,0.0,0.0,350.6,1167.8,334.4,1198.4,354.2,1178.6,354.2,1194.8,0.0,0.0,175.82,2201.0,348.35,269.55,97.02,1.0781805555555553,56255.05599999998,3.3255813953488373,0.48,0.49,392.0,True,2026-09-05 12:08:19-07:00
923.06,2,9,2026-09-05 19:23:23,37.07819,-121.59495,273.0,20.5,336.4,-12.6,0.0,,0.0,0.0,0.0,11.7,0.5,323.7,23.3,259.0,0.8,-0.02,0.9,99.0,-5.0,26,23.8,29.98,1648.0,0.0,0.0,106,0.0,0.0,0.0,0.0,0.0,0.0,0.0,0.0,0.0,0.0,0.0,0.0,7.0,0.0,0.0,-92.0,0.0,0.0,0.0,0.0,1.0,0.0,0.0,1200.0,93.0,80.0,2764.0,2764.0,26.8,6.5,0.0,6.5,28.1,0.0,0.0,14.7,0.0,0.0,9.3,40.4,35.2,0.0,0.0,0.0,0.0,177.0,650.0,168.0,661.0,179.0,651.0,179.0,661.0,0.0,0.0,-22.0,0.0,0.0,28.1,2.0,4.996,0.0,0.0,0.708,0.785,92.9,79.9,0.0,0.0,32.0,L,0.0,78.8,176.0,0.0,0.0,0.0,0.0,350.6,1202.0,334.4,1221.8,354.2,1203.8,354.2,1221.8,0.0,0.0,175.82,2764.0,348.35,269.55,97.02,1.0796805555555553,56284.40399999998,3.1538461538461537,23.78,24.34,392.0,True,2026-09-05 12:08:19-07:00
924.06,2,9,2026-09-05 19:23:24,37.07829,-121.59501,273.0,28.6,336.3,-12.6,0.0,,0.0,0.0,0.0,13.0,0.4,324.0,28.8,259.0,0.1,0.01,0.7,88.0,-24.0,26,29.5,29.98,1648.0,0.0,0.0,106,0.0,0.0,0.0,0.0,0.0,0.0,0.0,0.0,0.0,0.0,0.0,0.0,6.0,0.0,0.0,-102.0,0.0,0.0,0.0,0.0,1.0,0.0,0.0,1200.0,95.0,80.0,2663.0,2663.0,29.2,8.7,0.0,8.7,27.5,0.0,0.0,14.7,0.0,0.0,9.2,40.4,35.2,0.0,0.0,0.0,0.0,178.0,675.0,169.0,679.0,180.0,671.0,180.0,678.0,0.0,0.0,-22.0,0.0,0.0,27.5,2.0,4.996,0.0,0.0,0.69,0.89,95.5,79.9,0.0,0.0,51.0,L,0.0,78.8,176.0,0.0,0.0,0.0,0.0,352.4,1247.0,336.2,1254.2,356.0,1239.8,356.0,1252.4,0.0,0.0,175.82,2663.0,350.15,271.34999999999997,97.02,1.0817916666666665,56325.811666666654,3.287356321839081,29.28,29.97,392.0,True,2026-09-05 12:08:19-07:00
925.06,2,9,2026-09-05 19:23:25,37.07843,-121.59509,273.0,35.7,337.4,-12.6,0.0,,0.0,0.0,0.0,14.0,-0.5,322.7,35.5,259.0,-1.1,0.04,1.0,75.0,-84.0,26,36.4,29.98,1648.0,0.0,0.0,106,0.0,0.0,0.0,0.0,0.0,0.0,0.0,0.0,0.0,0.0,0.0,0.0,7.0,0.0,0.0,-131.0,0.0,0.0,0.0,0.0,3.0,0.0,0.0,1200.0,95.0,80.0,2670.0,2670.0,29.5,10.4,0.0,10.4,27.7,0.0,0.0,14.7,0.0,0.0,9.3,40.4,35.2,0.0,0.0,0.0,0.0,178.0,690.0,170.0,690.0,180.0,685.0,181.0,690.0,0.0,0.0,-22.0,0.0,0.0,27.7,2.0,4.996,0.0,0.0,0.685,0.852,95.4,80.1,0.0,0.0,68.0,L,0.0,78.8,176.0,0.0,0.0,0.0,0.0,352.4,1274.0,338.0,1274.0,356.0,1265.0,357.8,1274.0,0.0,0.0,176.18,2670.0,351.04999999999995,272.24999999999994,97.38000000000001,1.084444444444444,56380.037999999986,3.432692307692308,35.98,36.83,392.0,True,2026-09-05 12:08:19-07:00
926.06,2,9,2026-09-05 19:23:26,37.07859,-121.59518,274.0,42.5,333.9,-12.6,0.0,,0.0,0.0,0.0,8.7,0.1,324.7,43.0,259.0,0.3,-0.01,0.9,34.0,-43.0,26,44.1,29.98,1648.0,0.0,0.0,106,0.0,0.0,0.0,0.0,0.0,0.0,0.0,0.0,0.0,0.0,0.0,0.0,9.0,0.0,0.0,-127.0,0.0,0.0,0.0,0.0,3.0,1.0,0.0,1200.0,96.0,80.0,2670.0,2670.0,29.5,11.7,0.0,11.7,27.8,0.0,0.0,14.7,0.0,0.0,9.3,40.4,35.2,0.0,0.0,0.0,0.0,179.0,703.0,170.0,699.0,181.0,695.0,182.0,700.0,0.0,0.0,-22.0,0.0,0.0,27.8,2.0,4.996,0.0,0.0,0.699,1.412,95.6,80.3,0.0,0.0,83.0,L,0.0,78.8,176.0,0.0,0.0,0.0,0.0,354.2,1297.4,338.0,1290.2,357.8,1283.0,359.6,1292.0,0.0,0.0,176.54,2670.0,352.40000000000003,273.6,97.74,1.0875138888888887,56445.98666666665,3.632478632478633,43.48,44.51,392.0,True,2026-09-05 12:08:19-07:00
927.06,2,9,2026-09-05 19:23:27,37.0788,-121.59529,274.0,49.0,336.0,-12.6,0.0,,0.0,0.0,0.0,8.1,0.1,326.3,49.4,259.0,1.2,-0.08,1.0,23.0,-65.0,26,50.6,29.98,1648.0,0.0,0.0,106,0.0,0.0,0.0,0.0,0.0,0.0,0.0,0.0,0.0,0.0,0.0,0.0,9.0,0.0,0.0,-126.0,0.0,0.0,0.0,0.0,3.0,1.0,0.0,1200.0,95.0,80.0,2676.0,2676.0,29.6,12.7,0.0,12.7,27.8,0.0,0.0,14.7,0.0,0.0,9.0,40.4,35.2,0.0,0.0,0.0,0.0,180.0,716.0,171.0,708.0,182.0,705.0,182.0,710.0,0.0,0.0,-22.0,0.0,0.0,27.8,2.0,4.996,0.0,0.0,0.663,1.316,95.4,80.4,0.0,0.0,94.0,R,0.0,78.8,176.0,0.0,0.0,0.0,0.0,356.0,1320.8,339.8,1306.4,359.6,1301.0,359.6,1310.0,0.0,0.0,176.72,2676.0,353.75,274.95,97.92,1.0909027777777776,56523.15166666665,3.8582677165354333,49.879999999999995,51.06,392.0,True,2026-09-05 12:08:19-07:00
928.06,2,9,2026-09-05 19:23:28,37.07901,-121.59541,275.0,55.1,336.4,-12.6,0.0,,0.0,0.0,0.0,8.2,-0.4,325.4,54.4,258.0,-0.1,-0.0,1.0,19.0,-55.0,26,55.7,29.98,1648.0,0.0,0.0,106,0.0,0.0,0.0,0.0,0.0,0.0,0.0,0.0,0.0,0.0,0.0,0.0,9.0,0.0,0.0,-120.0,0.0,0.0,0.0,0.0,3.0,1.0,0.0,1200.0,95.0,80.0,2670.0,2670.0,29.6,13.5,0.0,13.5,27.9,0.0,0.0,14.7,0.0,0.0,9.0,40.4,35.2,0.0,0.0,0.0,0.0,181.0,725.0,172.0,716.0,182.0,713.0,183.0,717.0,0.0,0.0,-22.0,0.0,0.0,27.9,2.0,4.996,0.0,0.0,0.652,1.414,95.0,80.4,0.0,0.0,98.0,R,0.0,78.8,176.0,0.0,0.0,0.0,0.0,357.8,1337.0,341.6,1320.8,359.6,1315.4,361.4,1322.6,0.0,0.0,176.72,2670.0,355.09999999999997,276.29999999999995,97.92,1.0945416666666665,56610.94266666665,4.0814814814814815,54.879999999999995,56.18,392.0,True,2026-09-05 12:08:19-07:00
929.06,2,9,2026-09-05 19:23:29,37.07926,-121.59554,275.0,61.1,336.2,-12.6,0.0,,0.0,0.0,0.0,7.2,-0.4,325.3,62.4,257.0,-0.2,0.03,1.1,7.0,-68.0,26,63.9,29.98,1648.0,0.0,0.0,106,0.0,0.0,0.0,0.0,0.0,0.0,0.0,0.0,0.0,0.0,0.0,0.0,9.0,0.0,0.0,-112.0,0.0,0.0,0.0,0.0,3.0,1.0,0.0,1200.0,95.0,80.0,2685.0,2685.0,29.8,14.2,0.0,14.2,28.0,0.0,0.0,14.7,0.0,0.0,9.2,40.4,35.2,0.0,0.0,0.0,0.0,181.0,733.0,173.0,723.0,183.0,720.0,184.0,724.0,0.0,0.0,-22.0,0.0,0.0,28.0,2.0,4.996,0.0,0.0,0.649,1.644,94.6,80.5,0.0,0.0,100.0,R,0.0,78.8,176.0,0.0,0.0,0.0,0.0,357.8,1351.4,343.4,1333.4,361.4,1328.0,363.2,1335.2,0.0,0.0,176.9,2685.0,356.45,277.65,98.10000000000001,1.0983888888888886,56708.93799999999,4.302816901408451,62.879999999999995,64.37,392.0,True,2026-09-05 12:08:19-07:00
930.06,2,9,2026-09-05 19:23:30,37.07953,-121.5957,275.0,66.5,336.6,-12.6,0.0,,0.0,0.0,0.0,8.1,0.3,324.8,66.9,256.0,-0.3,0.0,1.0,15.0,-67.0,26,68.6,29.98,1645.0,0.0,0.0,106,0.0,0.0,0.0,0.0,0.0,0.0,0.0,0.0,0.0,0.0,0.0,0.0,7.0,0.0,0.0,-104.0,0.0,0.0,0.0,0.0,3.0,1.0,0.0,1200.0,94.0,81.0,2678.0,2678.0,29.8,14.6,0.0,14.6,28.0,0.0,0.0,14.7,0.0,0.0,9.3,40.4,35.2,0.0,0.0,0.0,0.0,182.0,740.0,173.0,729.0,184.0,725.0,185.0,730.0,0.0,0.0,-22.0,0.0,0.0,28.0,1.0,4.996,0.0,0.0,1.138,1.603,93.9,80.6,0.0,0.0,101.0,R,0.0,78.8,177.8,0.0,0.0,0.0,0.0,359.6,1364.0,343.4,1344.2,363.2,1337.0,365.0,1346.0,0.0,0.0,177.07999999999998,2678.0,357.79999999999995,278.99999999999994,98.27999999999999,1.1023888888888886,56816.547333333314,4.554794520547945,67.38000000000001,68.97,392.0,True,2026-09-05 12:08:19-07:00
931.06,2,9,2026-09-05 19:23:31,37.07982,-121.59586,276.0,71.7,335.8,-12.6,0.0,,0.0,0.0,0.0,8.0,0.5,327.2,72.1,254.0,0.8,-0.03,1.2,22.0,-75.0,26,73.9,29.98,1645.0,0.0,0.0,106,0.0,0.0,0.0,0.0,0.0,0.0,0.0,0.0,0.0,0.0,0.0,0.0,-1.0,0.0,0.0,-99.0,0.0,0.0,0.0,0.0,3.0,1.0,0.0,1200.0,94.0,81.0,2681.0,2681.0,29.9,15.0,0.0,15.0,27.9,0.0,0.0,14.7,0.0,0.0,9.4,40.4,35.2,0.0,0.0,0.0,0.0,183.0,745.0,174.0,734.0,184.0,730.0,185.0,734.0,0.0,0.0,-22.0,0.0,0.0,27.9,1.0,4.996,0.0,0.0,0.746,1.606,94.2,80.8,0.0,0.0,102.0,R,0.0,78.8,177.8,0.0,0.0,0.0,0.0,361.4,1373.0,345.2,1353.2,363.2,1346.0,365.0,1353.2,0.0,0.0,177.44,2681.0,358.70000000000005,279.90000000000003,98.64,1.1064999999999998,56933.09599999998,4.78,72.58,74.29,392.0,True,2026-09-05 12:08:19-07:00
932.06,2,9,2026-09-05 19:23:32,37.08014,-121.59603,278.0,76.3,335.8,-12.6,0.0,,0.0,0.0,0.0,7.0,2.4,327.8,76.2,254.0,0.7,0.0,0.9,9.0,-13.0,26,78.1,29.98,1645.0,0.0,0.0,106,0.0,0.0,0.0,0.0,0.0,0.0,0.0,0.0,0.0,0.0,0.0,0.0,-2.0,0.0,0.0,-102.0,0.0,0.0,0.0,0.0,3.0,1.0,0.0,1200.0,94.0,81.0,2674.0,2674.0,29.9,15.3,0.0,15.3,28.0,0.0,0.0,14.7,0.0,0.0,9.1,40.4,35.2,0.0,0.0,0.0,0.0,183.0,748.0,175.0,738.0,185.0,734.0,186.0,737.0,0.0,0.0,-22.0,0.0,0.0,28.0,2.0,4.996,0.0,0.0,0.82,1.517,93.8,80.8,0.0,0.0,102.0,R,0.0,78.8,177.8,0.0,0.0,0.0,0.0,361.4,1378.4,347.0,1360.4,365.0,1353.2,366.8,1358.6,0.0,0.0,177.44,2674.0,360.04999999999995,281.24999999999994,98.64,1.1107083333333332,57057.909333333315,4.986928104575163,76.68,78.49,392.0,True,2026-09-05 12:08:19-07:00
933.06,2,9,2026-09-05 19:23:33,37.08047,-121.59621,279.0,80.8,336.2,-12.6,0.0,,0.0,0.0,0.0,6.3,0.9,327.1,79.8,254.0,0.0,0.01,1.0,6.0,32.0,26,81.8,29.98,1652.0,0.0,0.0,106,0.0,0.0,0.0,0.0,0.0,0.0,0.0,0.0,0.0,0.0,0.0,0.0,-1.0,0.0,0.0,-101.0,0.0,0.0,0.0,0.0,3.0,1.0,0.0,1200.0,94.0,81.0,2678.0,2678.0,29.9,15.5,0.0,15.5,28.0,0.0,0.0,14.7,0.0,0.0,9.1,40.4,35.2,0.0,0.0,0.0,0.0,184.0,754.0,176.0,741.0,186.0,737.0,187.0,741.0,0.0,0.0,-22.0,0.0,0.0,28.0,2.0,4.996,0.0,0.0,0.822,1.405,93.9,80.8,0.0,0.0,102.0,R,0.0,78.8,177.8,0.0,0.0,0.0,0.0,363.2,1389.2,348.8,1365.8,366.8,1358.6,368.6,1365.8,0.0,0.0,177.44,2678.0,361.85,283.05,98.64,1.1149861111111108,57190.39699999998,5.212903225806452,80.28,82.17,392.0,True,2026-09-05 12:08:19-07:00
934.06,2,9,2026-09-05 19:23:34,37.08082,-121.59641,281.0,85.2,335.9,-12.6,0.0,,0.0,0.0,0.0,6.4,2.0,327.8,84.4,254.0,0.4,-0.01,0.9,2.0,48.0,26,86.5,29.98,1652.0,0.0,0.0,106,0.0,0.0,0.0,0.0,0.0,0.0,0.0,0.0,0.0,0.0,0.0,0.0,0.0,0.0,0.0,-103.0,0.0,0.0,0.0,0.0,3.0,1.0,0.0,1200.0,94.0,81.0,2687.0,2687.0,29.9,15.7,0.0,15.7,28.0,0.0,0.0,14.7,0.0,0.0,9.2,40.4,35.2,0.0,0.0,0.0,0.0,185.0,756.0,176.0,744.0,186.0,740.0,188.0,745.0,0.0,0.0,-22.0,0.0,0.0,28.0,2.0,4.996,0.0,0.0,1.074,1.55,93.8,80.8,0.0,0.0,102.0,R,0.0,78.8,177.8,0.0,0.0,0.0,0.0,365.0,1392.8,348.8,1371.2,366.8,1364.0,370.4,1373.0,0.0,0.0,177.44,2687.0,362.75,283.95,98.64,1.119319444444444,57330.390333333315,5.4267515923566885,84.88000000000001,86.88,392.0,True,2026-09-05 12:08:19-07:00
935.06,2,9,2026-09-05 19:23:35,37.0812,-121.59661,283.0,89.1,336.3,-12.6,0.0,,0.0,0.0,0.0,5.7,-3.0,326.2,88.6,254.0,-0.5,0.03,1.0,0.0,77.0,26,90.8,29.98,1652.0,0.0,0.0,106,0.0,0.0,0.0,0.0,0.0,0.0,0.0,0.0,0.0,0.0,0.0,0.0,-9.0,0.0,0.0,-103.0,0.0,0.0,0.0,0.0,3.0,1.0,0.0,1200.0,94.0,81.0,2680.0,2680.0,29.9,15.8,0.0,15.8,28.1,0.0,0.0,14.7,0.0,0.0,9.3,40.4,35.2,0.0,0.0,0.0,0.0,186.0,758.0,177.0,747.0,187.0,743.0,188.0,747.0,0.0,0.0,-22.0,0.0,0.0,28.1,2.0,4.996,0.0,0.0,0.978,1.636,93.5,80.9,0.0,0.0,102.0,R,0.0,78.8,177.8,0.0,0.0,0.0,0.0,366.8,1396.4,350.6,1376.6,368.6,1369.4,370.4,1376.6,0.0,0.0,177.62,2680.0,364.09999999999997,285.29999999999995,98.82000000000001,1.123694444444444,57477.38333333332,5.639240506329113,89.08,91.18,392.0,True,2026-09-05 12:08:19-07:00
936.06,2,9,2026-09-05 19:23:36,37.08158,-121.59682,285.0,92.6,336.6,-12.6,0.0,,0.0,0.0,0.0,6.7,-0.6,325.4,92.2,254.0,-0.5,0.03,1.1,2.0,107.0,26,94.5,29.98,1652.0,0.0,0.0,106,0.0,0.0,0.0,0.0,0.0,0.0,0.0,0.0,0.0,0.0,0.0,0.0,0.0,0.0,0.0,-103.0,0.0,0.0,0.0,0.0,3.0,1.0,0.0,1200.0,93.0,81.0,2691.0,2691.0,29.9,15.9,0.0,15.9,27.9,0.0,0.0,14.7,0.0,0.0,9.4,40.4,35.2,0.0,0.0,0.0,0.0,186.0,761.0,178.0,750.0,187.0,747.0,189.0,750.0,0.0,0.0,-22.0,0.0,0.0,27.9,2.0,4.996,0.0,0.0,1.105,1.727,93.0,81.0,0.0,0.0,102.0,R,0.0,78.8,177.8,0.0,0.0,0.0,0.0,366.8,1401.8,352.4,1382.0,368.6,1376.6,372.2,1382.0,0.0,0.0,177.8,2691.0,364.99999999999994,286.19999999999993,99.00000000000001,1.128097222222222,57630.616999999984,5.8238993710691815,92.68,94.87,392.0,True,2026-09-05 12:08:19-07:00
937.06,2,9,2026-09-05 19:23:37,37.08198,-121.59705,292.0,95.6,336.1,-12.6,0.0,,0.0,0.0,0.0,5.4,-1.5,327.0,93.2,258.0,0.8,-0.02,0.8,0.0,185.0,26,95.6,29.98,1652.0,0.0,0.0,106,0.0,0.0,0.0,0.0,0.0,0.0,0.0,0.0,0.0,0.0,0.0,0.0,0.0,0.0,0.0,-106.0,0.0,0.0,0.0,0.0,3.0,1.0,0.0,1200.0,93.0,81.0,2686.0,2686.0,29.9,16.0,0.0,16.0,28.1,0.0,0.0,14.7,0.0,0.0,9.2,40.4,35.2,0.0,0.0,0.0,0.0,187.0,763.0,178.0,752.0,188.0,749.0,189.0,752.0,0.0,0.0,-22.0,0.0,0.0,28.1,2.0,4.996,0.0,0.0,1.074,1.582,92.9,81.1,0.0,0.0,103.0,R,0.0,78.8,177.8,0.0,0.0,0.0,0.0,368.6,1405.4,352.4,1385.6,370.4,1380.2,372.2,1385.6,0.0,0.0,177.98,2686.0,365.9,287.09999999999997,99.17999999999999,1.1325277777777776,57789.33233333332,5.975,93.68,95.9,392.0,True,2026-09-05 12:08:19-07:00
938.06,2,9,2026-09-05 19:23:38,37.08239,-121.59727,296.0,98.9,336.3,-12.6,0.0,,0.0,0.0,0.0,4.7,1.5,326.1,97.0,262.0,-0.1,0.0,0.9,0.0,219.0,26,99.5,29.98,1652.0,0.0,0.0,106,0.0,0.0,0.0,0.0,0.0,0.0,0.0,0.0,0.0,0.0,0.0,0.0,-1.0,0.0,0.0,-106.0,0.0,0.0,0.0,0.0,3.0,1.0,0.0,1200.0,93.0,81.0,2693.0,2693.0,30.0,16.0,0.0,16.0,28.1,0.0,0.0,14.7,0.0,0.0,9.1,40.4,35.2,0.0,0.0,0.0,0.0,188.0,764.0,179.0,753.0,188.0,750.0,190.0,754.0,0.0,0.0,-22.0,0.0,0.0,28.1,2.0,4.996,0.0,0.0,1.232,1.522,93.0,81.0,0.0,0.0,103.0,R,0.0,78.8,177.8,0.0,0.0,0.0,0.0,370.4,1407.2,354.2,1387.4,370.4,1382.0,374.0,1389.2,0.0,0.0,177.8,2693.0,367.25,288.45,99.00000000000001,1.136972222222222,57953.36066666665,6.18125,97.48,99.79,392.0,True,2026-09-05 12:08:19-07:00
939.06,2,9,2026-09-05 19:23:39,37.08282,-121.5975,299.0,102.2,336.4,-12.6,0.0,,0.0,0.0,0.0,4.8,0.7,324.9,98.7,267.0,-0.6,-0.0,1.1,0.0,212.0,26,101.2,29.98,1657.0,0.0,0.0,106,0.0,0.0,0.0,0.0,0.0,0.0,0.0,0.0,0.0,0.0,0.0,0.0,-2.0,0.0,0.0,-106.0,0.0,0.0,0.0,0.0,3.0,1.0,0.0,1200.0,93.0,81.0,2687.0,2687.0,30.0,16.1,0.0,16.1,28.1,0.0,0.0,14.7,0.0,0.0,9.2,40.4,35.2,0.0,0.0,0.0,0.0,188.0,765.0,179.0,754.0,189.0,752.0,190.0,755.0,0.0,0.0,-22.0,0.0,0.0,28.1,2.0,4.996,0.0,0.0,1.213,1.614,92.5,81.0,0.0,0.0,103.0,R,0.0,78.8,177.8,0.0,0.0,0.0,0.0,370.4,1409.0,354.2,1389.2,372.2,1385.6,374.0,1391.0,0.0,0.0,177.8,2687.0,367.70000000000005,288.90000000000003,99.00000000000001,1.1414305555555553,58122.95499999999,6.3478260869565215,99.18,101.54,392.0,True,2026-09-05 12:08:19-07:00
940.06,2,9,2026-09-05 19:23:40,37.08326,-121.59775,302.0,105.2,336.2,-12.6,0.0,,0.0,0.0,0.0,5.2,-1.0,323.9,103.1,269.0,-0.9,0.04,0.9,0.0,190.0,26,105.7,29.98,1660.0,0.0,0.0,106,0.0,0.0,0.0,0.0,0.0,0.0,0.0,0.0,0.0,0.0,0.0,0.0,0.0,0.0,0.0,-106.0,0.0,0.0,0.0,0.0,3.0,1.0,0.0,1200.0,93.0,81.0,2686.0,2686.0,30.0,16.1,0.0,16.1,28.2,0.0,0.0,14.7,0.0,0.0,9.4,40.4,35.2,0.0,0.0,0.0,0.0,189.0,767.0,180.0,756.0,189.0,754.0,191.0,757.0,0.0,0.0,-22.0,0.0,0.0,28.2,2.0,4.996,0.0,0.0,1.271,1.626,92.5,81.0,0.0,0.0,103.0,R,0.0,78.8,177.8,0.0,0.0,0.0,0.0,372.2,1412.6,356.0,1392.8,372.2,1389.2,375.8,1394.6,0.0,0.0,177.8,2686.0,369.05,290.25,99.00000000000001,1.1459027777777775,58297.862333333316,6.534161490683229,103.58,106.05,392.0,True,2026-09-05 12:08:19-07:00
941.06,2,9,2026-09-05 19:23:41,37.08371,-121.598,306.0,107.9,335.9,-12.6,0.0,,0.0,0.0,0.0,5.8,1.1,325.8,106.0,272.0,0.7,0.02,1.0,0.0,204.0,26,108.7,29.98,1665.0,0.0,0.0,106,0.0,0.0,0.0,0.0,0.0,0.0,0.0,0.0,0.0,0.0,0.0,0.0,-2.0,0.0,0.0,-107.0,0.0,0.0,0.0,0.0,3.0,1.0,0.0,1200.0,93.0,81.0,2688.0,2688.0,30.0,16.1,0.0,16.1,28.1,0.0,0.0,14.6,0.0,0.0,9.4,40.4,35.2,0.0,0.0,0.0,0.0,189.0,767.0,181.0,757.0,190.0,755.0,191.0,757.0,0.0,0.0,-22.0,0.0,0.0,28.1,2.0,4.996,0.0,0.0,1.305,1.708,92.8,81.2,0.0,0.0,103.0,R,0.0,78.8,177.8,0.0,0.0,0.0,0.0,372.2,1412.6,357.8,1394.6,374.0,1391.0,375.8,1394.6,0.0,0.0,178.16000000000003,2688.0,369.95,291.15,99.36000000000003,1.1503749999999997,58477.57666666665,6.7018633540372665,106.48,109.03,392.0,True,2026-09-05 12:08:19-07:00
942.06,2,9,2026-09-05 19:23:42,37.08417,-121.59825,312.0,110.4,336.2,-12.6,0.0,,0.0,0.0,0.0,5.1,2.0,327.2,107.5,277.0,1.4,-0.06,1.0,0.0,238.0,26,110.2,29.98,1681.0,0.0,0.0,106,0.0,0.0,0.0,0.0,0.0,0.0,0.0,0.0,0.0,0.0,0.0,0.0,-3.0,0.0,0.0,-106.0,0.0,0.0,0.0,0.0,3.0,1.0,0.0,1200.0,93.0,81.0,2692.0,2692.0,30.0,16.1,0.0,16.1,28.1,0.0,0.0,14.6,0.0,0.0,9.2,40.4,35.2,0.0,0.0,0.0,0.0,190.0,768.0,181.0,757.0,190.0,757.0,192.0,759.0,0.0,0.0,-22.0,0.0,0.0,28.1,2.0,4.996,0.0,0.0,1.285,1.632,92.5,81.2,0.0,0.0,103.0,R,0.0,78.8,177.8,0.0,0.0,0.0,0.0,374.0,1414.4,357.8,1394.6,374.0,1394.6,377.6,1398.2,0.0,0.0,178.16000000000003,2692.0,370.85,292.05,99.36000000000003,1.154847222222222,58661.676333333315,6.857142857142857,107.98,110.57,392.0,True,2026-09-05 12:08:19-07:00
943.06,2,9,2026-09-05 19:23:43,37.08464,-121.59851,319.0,112.7,336.8,-12.6,0.0,,0.0,0.0,0.0,5.4,-0.7,325.3,108.4,283.0,-0.3,0.01,1.0,0.0,275.0,26,111.2,29.98,1688.0,0.0,0.0,106,0.0,0.0,0.0,0.0,0.0,0.0,0.0,0.0,0.0,0.0,0.0,0.0,-2.0,0.0,0.0,-106.0,0.0,0.0,0.0,0.0,3.0,1.0,0.0,1200.0,92.0,81.0,2692.0,2692.0,30.0,16.2,0.0,16.2,28.2,0.0,0.0,14.6,0.0,0.0,9.1,40.4,35.2,0.0,0.0,0.0,0.0,190.0,769.0,182.0,759.0,191.0,758.0,192.0,759.0,0.0,0.0,-22.0,0.0,0.0,28.2,2.0,4.996,0.0,0.0,1.362,1.604,92.4,81.1,0.0,0.0,103.0,R,0.0,78.8,177.8,0.0,0.0,0.0,0.0,374.0,1416.2,359.6,1398.2,375.8,1396.4,377.6,1398.2,0.0,0.0,177.98,2692.0,371.75,292.95,99.17999999999999,1.159333333333333,58849.823999999986,6.95679012345679,108.88000000000001,111.51,392.0,True,2026-09-05 12:08:19-07:00
944.06,2,9,2026-09-05 19:23:44,37.08513,-121.59877,326.0,114.8,336.8,-12.6,0.0,,0.0,0.0,0.0,7.7,0.1,325.9,113.4,290.0,0.4,-0.05,1.7,0.0,324.0,26,116.3,29.98,1696.0,0.0,0.0,106,0.0,0.0,0.0,0.0,0.0,0.0,0.0,0.0,0.0,0.0,0.0,0.0,-3.0,0.0,0.0,-104.0,0.0,0.0,0.0,0.0,3.0,1.0,0.0,1200.0,92.0,81.0,2696.0,2696.0,30.0,16.2,0.0,16.2,28.1,0.0,0.0,14.6,0.0,0.0,9.2,40.4,35.2,0.0,0.0,0.0,0.0,191.0,770.0,182.0,759.0,191.0,759.0,193.0,760.0,0.0,0.0,-22.0,0.0,0.0,28.1,2.0,4.996,0.0,0.0,1.433,1.624,92.0,81.1,0.0,0.0,103.0,R,0.0,78.8,177.8,0.0,0.0,0.0,0.0,375.8,1418.0,359.6,1398.2,375.8,1398.2,379.4,1400.0,0.0,0.0,177.98,2696.0,372.65000000000003,293.85,99.17999999999999,1.163833333333333,59041.682333333316,7.08641975308642,113.88000000000001,116.64,392.0,True,2026-09-05 12:08:19-07:00
945.06,2,9,2026-09-05 19:23:45,37.08562,-121.59903,343.0,115.0,336.9,-12.6,0.0,,0.0,0.0,0.0,9.0,-0.7,324.3,113.0,300.0,-0.7,-0.01,1.0,0.0,460.0,26,116.0,29.98,1709.0,0.0,0.0,106,0.0,0.0,0.0,0.0,0.0,0.0,0.0,0.0,0.0,0.0,0.0,0.0,-2.0,0.0,0.0,-106.0,0.0,0.0,0.0,0.0,3.0,1.0,0.0,1200.0,92.0,81.0,2683.0,2683.0,30.0,16.2,0.0,16.2,28.2,0.0,0.0,14.6,0.0,0.0,9.3,40.4,35.2,0.0,0.0,0.0,0.0,191.0,771.0,183.0,761.0,192.0,759.0,193.0,761.0,0.0,0.0,-22.0,0.0,0.0,28.2,2.0,4.996,0.0,0.0,1.525,1.732,92.2,81.1,0.0,0.0,103.0,R,0.0,78.8,177.8,0.0,0.0,0.0,0.0,375.8,1419.8,361.4,1401.8,377.6,1398.2,379.4,1401.8,0.0,0.0,177.98,2683.0,373.55,294.75,99.17999999999999,1.168333333333333,59235.48033333332,7.098765432098766,113.48,116.25,392.0,True,2026-09-05 12:08:19-07:00
946.06,2,9,2026-09-05 19:23:46,37.08611,-121.59929,367.0,115.2,336.6,-12.6,0.0,,0.0,0.0,0.0,9.7,0.4,325.5,112.6,319.0,0.4,-0.0,1.1,0.0,734.0,26,115.6,29.98,1733.0,0.0,0.0,106,0.0,0.0,0.0,0.0,0.0,0.0,0.0,0.0,0.0,0.0,0.0,0.0,-2.0,0.0,0.0,-106.0,0.0,0.0,0.0,0.0,3.0,1.0,0.0,1200.0,92.0,81.0,2680.0,2680.0,30.0,16.2,0.0,16.2,28.3,0.0,0.0,14.6,0.0,0.0,9.5,40.4,35.2,0.0,0.0,0.0,0.0,192.0,771.0,183.0,760.0,192.0,758.0,193.0,760.0,0.0,0.0,-22.0,0.0,0.0,28.3,2.0,4.996,0.0,0.0,1.431,1.764,92.0,81.3,0.0,0.0,103.0,R,0.0,78.8,177.8,0.0,0.0,0.0,0.0,377.6,1419.8,361.4,1400.0,377.6,1396.4,379.4,1400.0,0.0,0.0,178.33999999999997,2680.0,374.0,295.2,99.53999999999998,1.1728333333333332,59429.61566666665,7.111111111111112,113.08,115.88,392.0,True,2026-09-05 12:08:19-07:00
947.06,2,9,2026-09-05 19:23:47,37.08661,-121.59956,394.0,115.5,337.1,-12.6,0.0,,0.0,0.0,0.0,9.8,1.0,324.8,112.1,342.0,-0.1,0.03,1.0,0.0,986.0,26,115.1,29.98,1761.0,0.0,0.0,106,0.0,0.0,0.0,0.0,0.0,0.0,0.0,0.0,0.0,0.0,0.0,0.0,-2.0,0.0,0.0,-106.0,0.0,0.0,0.0,0.0,3.0,1.0,0.0,1200.0,92.0,81.0,2679.0,2679.0,30.0,16.2,0.0,16.2,28.4,0.0,0.0,14.6,0.0,0.0,9.3,40.4,35.2,0.0,0.0,0.0,0.0,192.0,772.0,183.0,761.0,193.0,758.0,194.0,759.0,0.0,0.0,-22.0,0.0,0.0,28.4,2.0,4.996,0.0,0.0,1.448,1.703,92.1,81.3,0.0,0.0,103.0,R,0.0,78.8,177.8,0.0,0.0,0.0,0.0,377.6,1421.6,361.4,1401.8,379.4,1396.4,381.2,1398.2,0.0,0.0,178.33999999999997,2679.0,374.9,296.09999999999997,99.53999999999998,1.1773333333333331,59624.17266666665,7.12962962962963,112.58,115.42,392.0,True,2026-09-05 12:08:19-07:00
948.06,2,9,2026-09-05 19:23:48,37.0871,-121.59982,422.0,115.5,337.1,-12.6,0.0,,0.0,0.0,0.0,9.6,0.2,325.5,112.0,367.0,0.6,-0.03,1.2,0.0,1205.0,26,115.0,29.98,1792.0,0.0,0.0,106,0.0,0.0,0.0,0.0,0.0,0.0,0.0,0.0,0.0,0.0,0.0,0.0,-3.0,0.0,0.0,-106.0,0.0,0.0,0.0,0.0,3.0,1.0,0.0,1200.0,92.0,81.0,2682.0,2682.0,30.0,16.2,0.0,16.2,28.3,0.0,0.0,14.6,0.0,0.0,9.1,40.4,35.2,0.0,0.0,0.0,0.0,193.0,773.0,184.0,761.0,193.0,759.0,194.0,759.0,0.0,0.0,-22.0,0.0,0.0,28.3,2.0,4.996,0.0,0.0,1.417,1.666,91.8,81.2,0.0,0.0,103.0,R,0.0,78.8,177.8,0.0,0.0,0.0,0.0,379.4,1423.4,363.2,1401.8,379.4,1398.2,381.2,1398.2,0.0,0.0,178.16000000000003,2682.0,375.79999999999995,296.99999999999994,99.36000000000003,1.181833333333333,59818.98266666665,7.12962962962963,112.48,115.37,392.0,True,2026-09-05 12:08:19-07:00
949.06,2,9,2026-09-05 19:23:49,37.08759,-121.60007,451.0,115.9,337.1,-12.6,0.0,,0.0,0.0,0.0,10.9,-1.8,324.2,110.1,395.0,-0.3,0.03,1.1,0.0,1366.0,26,113.1,29.98,1826.0,0.0,0.0,106,0.0,0.0,0.0,0.0,0.0,0.0,0.0,0.0,0.0,0.0,0.0,0.0,-2.0,0.0,0.0,-106.0,0.0,0.0,0.0,0.0,3.0,1.0,0.0,1200.0,92.0,81.0,2677.0,2677.0,29.9,16.2,0.0,16.2,28.4,0.0,0.0,14.6,0.0,0.0,9.3,40.4,35.2,0.0,0.0,0.0,0.0,193.0,773.0,184.0,760.0,193.0,758.0,194.0,758.0,0.0,0.0,-22.0,0.0,0.0,28.4,2.0,4.996,0.0,0.0,1.29,1.595,91.9,81.2,0.0,0.0,103.0,R,0.0,78.8,177.8,0.0,0.0,0.0,0.0,379.4,1423.4,363.2,1400.0,379.4,1396.4,381.2,1396.4,0.0,0.0,178.16000000000003,2677.0,375.79999999999995,296.99999999999994,99.36000000000003,1.186333333333333,60014.12999999998,7.154320987654321,110.58,113.48,392.0,True,2026-09-05 12:08:19-07:00
950.06,2,9,2026-09-05 19:23:50,37.08809,-121.60033,481.0,115.9,337.3,-12.6,0.0,,0.0,0.0,0.0,11.6,-1.2,323.7,111.7,423.0,-0.4,0.0,1.1,0.0,1499.0,26,114.8,29.98,1861.0,0.0,0.0,106,0.0,0.0,0.0,0.0,0.0,0.0,0.0,0.0,0.0,0.0,0.0,0.0,-2.0,0.0,0.0,-106.0,0.0,0.0,0.0,0.0,3.0,1.0,0.0,1200.0,91.0,81.0,2684.0,2684.0,29.9,16.2,0.0,16.2,28.3,0.0,0.0,14.6,0.0,0.0,9.4,40.4,35.2,0.0,0.0,0.0,0.0,193.0,773.0,185.0,760.0,194.0,758.0,194.0,757.0,0.0,0.0,-22.0,0.0,0.0,28.3,2.0,4.996,0.0,0.0,1.327,1.566,91.2,81.2,0.0,0.0,103.0,R,0.0,78.8,177.8,0.0,0.0,0.0,0.0,379.4,1423.4,365.0,1400.0,381.2,1396.4,381.2,1394.6,0.0,0.0,178.16000000000003,2684.0,376.70000000000005,297.90000000000003,99.36000000000003,1.1908333333333332,60209.614666666654,7.154320987654321,112.18,115.18,392.0,True,2026-09-05 12:08:19-07:00
951.06,2,9,2026-09-05 19:23:51,37.08858,-121.6006,515.0,115.0,336.6,-12.6,0.0,,0.0,0.0,0.0,11.1,0.1,324.4,113.2,453.0,0.2,-0.02,1.1,0.0,1619.0,26,116.5,29.98,1897.0,0.0,0.0,106,0.0,0.0,0.0,0.0,0.0,0.0,0.0,0.0,0.0,0.0,0.0,0.0,-2.0,0.0,0.0,-106.0,0.0,0.0,0.0,0.0,3.0,1.0,0.0,1200.0,91.0,81.0,2677.0,2677.0,29.9,16.2,0.0,16.2,28.4,0.0,0.0,14.6,0.0,0.0,9.5,40.4,35.2,0.0,0.0,0.0,0.0,194.0,773.0,185.0,761.0,194.0,759.0,195.0,758.0,0.0,0.0,-22.0,0.0,0.0,28.4,2.0,4.996,0.0,0.0,1.346,1.674,91.4,81.2,0.0,0.0,103.0,R,0.0,78.8,177.8,0.0,0.0,0.0,0.0,381.2,1423.4,365.0,1401.8,381.2,1398.2,383.0,1396.4,0.0,0.0,178.16000000000003,2677.0,377.6,298.8,99.36000000000003,1.1953333333333331,60404.34033333332,7.098765432098766,113.68,116.78,392.0,True,2026-09-05 12:08:19-07:00
952.06,2,9,2026-09-05 19:23:52,37.08907,-121.60086,552.0,114.6,336.9,-12.6,0.0,,0.0,0.0,0.0,10.6,-0.6,323.1,113.4,486.0,-0.2,0.02,1.0,0.0,1764.0,26,116.8,29.98,1938.0,0.0,0.0,106,0.0,0.0,0.0,0.0,0.0,0.0,0.0,0.0,0.0,0.0,0.0,0.0,-2.0,0.0,0.0,-106.0,0.0,0.0,0.0,0.0,3.0,1.0,0.0,1200.0,92.0,81.0,2675.0,2675.0,29.9,16.2,0.0,16.2,28.4,0.0,0.0,14.6,0.0,0.0,9.3,40.4,35.2,0.0,0.0,0.0,0.0,194.0,773.0,185.0,760.0,194.0,759.0,195.0,758.0,0.0,0.0,-22.0,0.0,0.0,28.4,2.0,4.996,0.0,0.0,1.145,1.603,91.6,81.3,0.0,0.0,103.0,R,0.0,78.8,177.8,0.0,0.0,0.0,0.0,381.2,1423.4,365.0,1400.0,381.2,1398.2,383.0,1396.4,0.0,0.0,178.33999999999997,2675.0,377.6,298.8,99.53999999999998,1.199833333333333,60597.96966666665,7.074074074074074,113.88000000000001,117.06,392.0,True,2026-09-05 12:08:19-07:00
953.06,2,9,2026-09-05 19:23:53,37.08955,-121.60112,589.0,113.6,336.9,-12.6,0.0,,0.0,0.0,0.0,10.8,-0.1,322.7,114.6,521.0,-0.1,0.0,0.9,0.0,1895.0,26,118.0,29.98,1981.0,0.0,0.0,106,0.0,0.0,0.0,0.0,0.0,0.0,0.0,0.0,0.0,0.0,0.0,0.0,-2.0,0.0,0.0,-106.0,0.0,0.0,0.0,0.0,3.0,1.0,0.0,1200.0,91.0,81.0,2682.0,2682.0,29.8,16.2,0.0,16.2,28.4,0.0,0.0,14.6,0.0,0.0,9.1,40.4,35.2,0.0,0.0,0.0,0.0,194.0,772.0,186.0,760.0,195.0,759.0,195.0,759.0,0.0,0.0,-22.0,0.0,0.0,28.4,2.0,4.996,0.0,0.0,1.304,1.558,91.1,81.2,0.0,0.0,103.0,R,0.0,78.8,177.8,0.0,0.0,0.0,0.0,381.2,1421.6,366.8,1400.0,383.0,1398.2,383.0,1398.2,0.0,0.0,178.16000000000003,2682.0,378.5,299.7,99.36000000000003,1.204333333333333,60790.41833333332,7.012345679012346,115.08,118.37,392.0,True,2026-09-05 12:08:19-07:00
954.06,2,9,2026-09-05 19:23:54,37.09003,-121.60138,625.0,112.8,336.8,-12.6,0.0,,0.0,0.0,0.0,10.5,0.0,322.2,112.9,555.0,0.1,-0.01,0.9,0.0,1970.0,26,116.3,29.98,2024.0,0.0,0.0,106,0.0,0.0,0.0,0.0,0.0,0.0,0.0,0.0,0.0,0.0,0.0,0.0,-2.0,0.0,0.0,-107.0,0.0,0.0,0.0,0.0,3.0,1.0,0.0,1200.0,91.0,81.0,2675.0,2675.0,29.8,16.2,0.0,16.2,28.5,0.0,0.0,14.6,0.0,0.0,9.2,40.4,35.2,0.0,0.0,0.0,0.0,194.0,772.0,186.0,760.0,195.0,758.0,196.0,759.0,0.0,0.0,-22.0,0.0,0.0,28.5,2.0,4.996,0.0,0.0,1.404,1.465,91.2,81.2,0.0,0.0,102.0,R,0.0,78.8,177.8,0.0,0.0,0.0,0.0,381.2,1421.6,366.8,1400.0,383.0,1396.4,384.8,1398.2,0.0,0.0,178.16000000000003,2675.0,378.95,300.15,99.36000000000003,1.208833333333333,60981.34899999998,6.962962962962963,113.38000000000001,116.69,392.0,True,2026-09-05 12:08:19-07:00
955.06,2,9,2026-09-05 19:23:55,37.09051,-121.60163,659.0,111.9,336.9,-12.6,0.0,,0.0,0.0,0.0,10.3,0.9,321.6,113.2,590.0,0.1,-0.01,0.9,0.0,2001.0,26,116.7,29.98,2066.0,0.0,0.0,106,0.0,0.0,0.0,0.0,0.0,0.0,0.0,0.0,0.0,0.0,0.0,0.0,-1.0,0.0,0.0,-107.0,0.0,0.0,0.0,0.0,3.0,1.0,0.0,1200.0,91.0,81.0,2679.0,2679.0,29.8,16.2,0.0,16.2,28.5,0.0,0.0,14.6,0.0,0.0,9.3,40.4,35.2,0.0,0.0,0.0,0.0,195.0,770.0,186.0,760.0,195.0,758.0,196.0,758.0,0.0,0.0,-22.0,0.0,0.0,28.5,2.0,4.996,0.0,0.0,1.414,1.487,91.1,81.2,0.0,0.0,102.0,R,0.0,78.8,177.8,0.0,0.0,0.0,0.0,383.0,1418.0,366.8,1400.0,383.0,1396.4,384.8,1396.4,0.0,0.0,178.16000000000003,2679.0,379.4,300.59999999999997,99.36000000000003,1.2133333333333332,61170.84599999998,6.907407407407408,113.68,117.07,392.0,True,2026-09-05 12:08:19-07:00
956.06,2,9,2026-09-05 19:23:56,37.09099,-121.60188,692.0,110.7,337.3,-12.6,0.0,,0.0,0.0,0.0,10.5,0.9,320.6,110.4,623.0,-0.1,0.0,1.2,0.0,1995.0,26,113.9,29.98,2108.0,0.0,0.0,106,0.0,0.0,0.0,0.0,0.0,0.0,0.0,0.0,0.0,0.0,0.0,0.0,-1.0,0.0,0.0,-107.0,0.0,0.0,0.0,0.0,3.0,1.0,0.0,1200.0,91.0,81.0,2669.0,2669.0,29.7,16.1,0.0,16.1,28.4,0.0,0.0,14.6,0.0,0.0,9.5,40.4,35.2,0.0,0.0,0.0,0.0,195.0,769.0,187.0,760.0,196.0,757.0,196.0,758.0,0.0,0.0,-22.0,0.0,0.0,28.4,2.0,4.996,0.0,0.0,1.471,1.616,90.9,81.2,0.0,0.0,102.0,R,0.0,78.8,177.8,0.0,0.0,0.0,0.0,383.0,1416.2,368.6,1400.0,384.8,1394.6,384.8,1396.4,0.0,0.0,178.16000000000003,2669.0,380.3,301.5,99.36000000000003,1.2178194444444441,61358.571999999986,6.875776397515527,110.88000000000001,114.26,392.0,True,2026-09-05 12:08:19-07:00
957.06,2,9,2026-09-05 19:23:57,37.09146,-121.60213,730.0,109.9,337.3,-12.6,0.0,,0.0,0.0,0.0,11.6,0.8,322.6,110.6,658.0,0.8,0.02,0.6,0.0,2041.0,26,114.2,29.98,2153.0,0.0,0.0,106,0.0,0.0,0.0,0.0,0.0,0.0,0.0,0.0,0.0,0.0,0.0,0.0,-1.0,0.0,0.0,-107.0,0.0,0.0,0.0,0.0,3.0,1.0,0.0,1200.0,91.0,81.0,2692.0,2692.0,29.7,16.1,0.0,16.1,28.4,0.0,0.0,14.6,0.0,0.0,9.3,40.4,35.2,0.0,0.0,0.0,0.0,195.0,769.0,187.0,760.0,196.0,757.0,196.0,757.0,0.0,0.0,-26.0,0.0,0.0,28.4,2.0,4.996,0.0,0.0,1.406,1.58,90.6,81.4,0.0,0.0,102.0,R,0.0,78.8,177.8,0.0,0.0,0.0,0.0,383.0,1416.2,368.6,1400.0,384.8,1394.6,384.8,1394.6,0.0,0.0,178.52,2692.0,380.3,301.5,99.72000000000001,1.2222916666666663,61544.61133333332,6.826086956521739,111.08,114.54,392.0,True,2026-09-05 12:08:19-07:00
958.06,2,9,2026-09-05 19:23:58,37.09193,-121.60237,768.0,109.5,337.9,-12.6,0.0,,0.0,0.0,0.0,11.8,0.9,322.3,109.9,693.0,0.2,-0.0,0.9,0.0,2068.0,26,113.5,29.98,2194.0,0.0,0.0,106,0.0,0.0,0.0,0.0,0.0,0.0,0.0,0.0,0.0,0.0,0.0,0.0,-2.0,0.0,0.0,-107.0,0.0,0.0,0.0,0.0,3.0,1.0,0.0,1200.0,91.0,81.0,2681.0,2681.0,29.6,16.1,0.0,16.1,28.6,0.0,0.0,14.6,0.0,0.0,9.1,40.4,35.2,0.0,0.0,0.0,0.0,196.0,770.0,187.0,759.0,196.0,756.0,197.0,757.0,0.0,0.0,-26.0,0.0,0.0,28.6,2.0,4.996,0.0,0.0,1.459,1.606,91.0,81.3,0.0,0.0,102.0,R,0.0,78.8,177.8,0.0,0.0,0.0,0.0,384.8,1418.0,368.6,1398.2,384.8,1392.8,386.6,1394.6,0.0,0.0,178.33999999999997,2681.0,381.2,302.4,99.53999999999998,1.2267638888888885,61729.63866666665,6.801242236024844,110.38000000000001,113.89,392.0,True,2026-09-05 12:08:19-07:00
959.06,2,9,2026-09-05 19:23:59,37.0924,-121.60262,801.0,108.8,337.6,-12.6,0.0,,0.0,0.0,0.0,10.6,4.5,323.8,110.1,728.0,0.7,-0.01,0.9,0.0,2055.0,26,113.8,29.98,2236.0,0.0,0.0,106,0.0,0.0,0.0,0.0,0.0,0.0,0.0,0.0,0.0,0.0,0.0,0.0,-4.0,0.0,0.0,-107.0,0.0,0.0,0.0,0.0,3.0,1.0,0.0,1200.0,91.0,81.0,2683.0,2683.0,29.6,16.1,0.0,16.1,28.6,0.0,0.0,14.6,0.0,0.0,9.2,40.4,35.2,0.0,0.0,0.0,0.0,196.0,770.0,188.0,759.0,197.0,755.0,197.0,758.0,0.0,0.0,-26.0,0.0,0.0,28.6,2.0,4.996,0.0,0.0,1.501,1.53,90.7,81.2,0.0,0.0,102.0,R,0.0,78.8,177.8,0.0,0.0,0.0,0.0,384.8,1418.0,370.4,1398.2,386.6,1391.0,386.6,1396.4,0.0,0.0,178.16000000000003,2683.0,382.09999999999997,303.29999999999995,99.36000000000003,1.2312361111111108,61913.73833333332,6.757763975155279,110.58,114.17,392.0,True,2026-09-05 12:08:19-07:00
960.06,2,9,2026-09-05 19:24:00,37.09286,-121.60285,835.0,108.7,338.4,-12.6,0.0,,0.0,0.0,0.0,10.0,1.7,323.1,109.0,760.0,-0.1,0.01,0.8,0.0,2014.0,26,112.7,29.98,2276.0,0.0,0.0,106,0.0,0.0,0.0,0.0,0.0,0.0,0.0,0.0,0.0,0.0,0.0,0.0,-5.0,0.0,0.0,-107.0,0.0,0.0,0.0,0.0,3.0,1.0,0.0,1200.0,90.0,81.0,2640.0,2640.0,29.6,16.1,0.0,16.1,28.7,0.0,0.0,14.6,0.0,0.0,9.3,40.4,35.2,0.0,0.0,0.0,0.0,196.0,769.0,188.0,759.0,197.0,756.0,197.0,757.0,0.0,0.0,-26.0,0.0,0.0,28.7,2.0,4.996,0.0,0.0,1.332,1.552,89.9,81.2,0.0,0.0,101.0,R,0.0,78.8,177.8,0.0,0.0,0.0,0.0,384.8,1416.2,370.4,1398.2,386.6,1392.8,386.6,1394.6,0.0,0.0,178.16000000000003,2640.0,382.09999999999997,303.29999999999995,99.36000000000003,1.2357083333333332,62097.163333333316,6.751552795031055,109.48,113.1,392.0,True,2026-09-05 12:08:19-07:00
961.06,2,9,2026-09-05 19:24:01,37.09333,-121.60308,863.0,109.0,338.1,-12.6,0.0,,0.0,0.0,0.0,9.7,-2.4,324.3,107.4,790.0,0.5,-0.03,1.2,0.0,1932.0,26,111.1,29.98,2313.0,0.0,0.0,106,0.0,0.0,0.0,0.0,0.0,0.0,0.0,0.0,0.0,0.0,0.0,0.0,-1.0,0.0,0.0,-107.0,0.0,0.0,0.0,0.0,3.0,1.0,0.0,1200.0,89.0,81.0,2566.0,2566.0,29.5,16.0,0.0,16.0,28.7,0.0,0.0,14.6,0.0,0.0,9.4,40.4,35.2,0.0,0.0,0.0,0.0,196.0,766.0,188.0,758.0,197.0,753.0,197.0,755.0,0.0,0.0,-26.0,0.0,0.0,28.7,2.0,4.996,0.0,0.0,1.267,1.602,88.8,81.3,0.0,0.0,100.0,R,0.0,78.8,177.8,0.0,0.0,0.0,0.0,384.8,1410.8,370.4,1396.4,386.6,1387.4,386.6,1391.0,0.0,0.0,178.33999999999997,2566.0,382.09999999999997,303.29999999999995,99.53999999999998,1.2401666666666664,62280.75699999998,6.8125,107.88000000000001,111.5,392.0,True,2026-09-05 12:08:19-07:00
962.06,2,9,2026-09-05 19:24:02,37.0938,-121.60331,891.0,109.1,338.2,-12.6,0.0,,0.0,0.0,0.0,9.7,-0.3,322.9,107.2,818.0,-0.6,0.01,1.0,0.0,1818.0,26,111.0,29.98,2348.0,0.0,0.0,106,0.0,0.0,0.0,0.0,0.0,0.0,0.0,0.0,0.0,0.0,0.0,0.0,0.0,0.0,0.0,-107.0,0.0,0.0,0.0,0.0,3.0,1.0,0.0,1200.0,88.0,81.0,2522.0,2522.0,29.5,15.9,0.0,15.9,28.7,0.0,0.0,14.6,0.0,0.0,9.3,40.4,35.2,0.0,0.0,0.0,0.0,197.0,764.0,188.0,754.0,197.0,749.0,197.0,752.0,0.0,0.0,-26.0,0.0,0.0,28.7,2.0,4.996,0.0,0.0,1.283,1.594,88.1,81.4,0.0,0.0,98.0,R,0.0,78.8,177.8,0.0,0.0,0.0,0.0,386.6,1407.2,370.4,1389.2,386.6,1380.2,386.6,1385.6,0.0,0.0,178.52,2522.0,382.54999999999995,303.74999999999994,99.72000000000001,1.244597222222222,62464.68799999998,6.861635220125786,107.68,111.35,392.0,True,2026-09-05 12:08:19-07:00
963.06,2,9,2026-09-05 19:24:03,37.09426,-121.60355,919.0,109.0,337.9,-12.6,0.0,,0.0,0.0,0.0,9.8,6.2,323.3,107.8,846.0,-0.2,0.02,1.1,0.0,1760.0,26,111.7,29.98,2382.0,0.0,0.0,106,0.0,0.0,0.0,0.0,0.0,0.0,0.0,0.0,0.0,0.0,0.0,0.0,7.0,0.0,0.0,-106.0,0.0,0.0,0.0,0.0,3.0,1.0,0.0,1200.0,88.0,81.0,2529.0,2529.0,29.5,15.9,0.0,15.9,28.8,0.0,0.0,14.5,0.0,0.0,9.2,40.4,35.2,0.0,0.0,0.0,0.0,197.0,760.0,188.0,750.0,198.0,746.0,197.0,748.0,0.0,0.0,-26.0,0.0,0.0,28.8,2.0,4.996,0.0,0.0,1.383,1.659,87.9,81.3,0.0,0.0,97.0,R,0.0,78.8,177.8,0.0,0.0,0.0,0.0,386.6,1400.0,370.4,1382.0,388.4,1374.8,386.6,1378.4,0.0,0.0,178.33999999999997,2529.0,383.0,304.2,99.53999999999998,1.2490138888888886,62648.618999999984,6.855345911949685,108.28,112.03,392.0,True,2026-09-05 12:08:19-07:00
964.06,2,9,2026-09-05 19:24:04,37.09473,-121.60378,952.0,108.5,339.3,-12.6,0.0,,0.0,0.0,0.0,10.3,19.2,326.4,108.2,875.0,1.7,0.02,0.9,0.0,1763.0,26,112.1,29.98,2419.0,0.0,0.0,106,0.0,0.0,0.0,0.0,0.0,0.0,0.0,0.0,0.0,0.0,0.0,0.0,3.0,0.0,0.0,-106.0,0.0,0.0,0.0,0.0,3.0,1.0,0.0,1200.0,88.0,81.0,2526.0,2526.0,29.5,15.9,0.0,15.9,28.9,0.0,0.0,14.5,0.0,0.0,9.7,40.4,35.2,0.0,0.0,0.0,0.0,197.0,757.0,189.0,747.0,198.0,743.0,198.0,745.0,0.0,0.0,-26.0,0.0,0.0,28.9,2.0,4.996,0.0,0.0,1.476,1.647,88.4,81.4,0.0,0.0,97.0,R,0.0,78.8,177.8,0.0,0.0,0.0,0.0,386.6,1394.6,372.2,1376.6,388.4,1369.4,388.4,1373.0,0.0,0.0,178.52,2526.0,383.9,305.09999999999997,99.72000000000001,1.2534305555555554,62832.04399999999,6.823899371069182,108.68,112.5,392.0,True,2026-09-05 12:08:19-07:00
965.06,2,9,2026-09-05 19:24:05,37.09521,-121.60399,984.0,108.2,342.4,-12.6,0.0,,0.0,0.0,0.0,11.4,22.7,330.7,108.6,906.0,3.0,0.02,1.0,0.0,1793.0,26,112.6,29.98,2456.0,0.0,0.0,106,0.0,0.0,0.0,0.0,0.0,0.0,0.0,0.0,0.0,0.0,0.0,0.0,2.0,0.0,0.0,-106.0,0.0,0.0,0.0,0.0,3.0,1.0,0.0,1200.0,88.0,81.0,2525.0,2525.0,29.4,15.9,0.0,15.9,28.8,0.0,0.0,14.5,0.0,0.0,10.4,40.4,35.2,0.0,0.0,0.0,0.0,197.0,754.0,189.0,744.0,198.0,739.0,198.0,743.0,0.0,0.0,-26.0,0.0,0.0,28.8,2.0,4.996,0.0,0.0,1.606,1.722,88.2,81.4,0.0,0.0,96.0,R,0.0,78.8,177.8,0.0,0.0,0.0,0.0,386.6,1389.2,372.2,1371.2,388.4,1362.2,388.4,1369.4,0.0,0.0,178.52,2525.0,383.9,305.09999999999997,99.72000000000001,1.257847222222222,63014.79433333332,6.80503144654088,109.08,112.98,392.0,True,2026-09-05 12:08:19-07:00
966.06,2,9,2026-09-05 19:24:06,37.09569,-121.60416,1016.0,107.7,347.1,-12.6,0.0,,0.0,0.0,0.0,11.7,27.5,334.4,105.7,937.0,3.5,0.04,1.0,0.0,1815.0,26,109.7,29.98,2495.0,0.0,0.0,106,0.0,0.0,0.0,0.0,0.0,0.0,0.0,0.0,0.0,0.0,0.0,0.0,0.0,0.0,0.0,-106.0,0.0,0.0,0.0,0.0,3.0,1.0,0.0,1200.0,88.0,81.0,2514.0,2514.0,29.4,15.9,0.0,15.9,28.7,0.0,0.0,14.5,0.0,0.0,10.9,40.4,35.2,0.0,0.0,0.0,0.0,197.0,753.0,189.0,743.0,198.0,738.0,198.0,741.0,0.0,0.0,-26.0,0.0,0.0,28.7,1.0,4.996,0.0,0.0,1.554,1.722,87.8,81.4,0.0,0.0,96.0,R,0.0,78.8,177.8,0.0,0.0,0.0,0.0,386.6,1387.4,372.2,1369.4,388.4,1360.4,388.4,1365.8,0.0,0.0,178.52,2514.0,383.9,305.09999999999997,99.72000000000001,1.2622638888888886,63196.86999999998,6.773584905660377,106.18,110.04,392.0,True,2026-09-05 12:08:19-07:00
967.06,2,9,2026-09-05 19:24:07,37.09618,-121.60427,1048.0,107.5,351.4,-12.6,0.0,,0.0,0.0,0.0,10.8,31.2,340.3,105.9,967.0,4.9,-0.01,1.1,0.0,1822.0,26,110.0,29.98,2532.0,0.0,0.0,106,0.0,0.0,0.0,0.0,0.0,0.0,0.0,0.0,0.0,0.0,0.0,0.0,-1.0,0.0,0.0,-106.0,0.0,0.0,0.0,0.0,3.0,1.0,0.0,1200.0,88.0,82.0,2523.0,2523.0,29.4,15.9,0.0,15.9,28.6,0.0,0.0,14.5,0.0,0.0,11.0,40.4,35.2,0.0,0.0,0.0,0.0,197.0,751.0,189.0,741.0,198.0,736.0,198.0,739.0,0.0,0.0,-26.0,0.0,0.0,28.6,2.0,4.996,0.0,0.0,1.444,1.705,88.3,81.5,0.0,0.0,96.0,R,0.0,78.8,179.6,0.0,0.0,0.0,0.0,386.6,1383.8,372.2,1365.8,388.4,1356.8,388.4,1362.2,0.0,0.0,178.7,2523.0,383.9,305.09999999999997,99.89999999999999,1.2666805555555554,63378.35533333332,6.761006289308176,106.38000000000001,110.31,392.0,True,2026-09-05 12:08:19-07:00
968.06,2,9,2026-09-05 19:24:08,37.09667,-121.60433,1077.0,107.8,357.0,-12.6,0.0,,0.0,0.0,0.0,10.2,32.7,345.3,106.9,997.0,4.9,0.04,0.9,0.0,1801.0,26,111.0,29.98,2568.0,0.0,0.0,106,0.0,0.0,0.0,0.0,0.0,0.0,0.0,0.0,0.0,0.0,0.0,0.0,-1.0,0.0,0.0,-106.0,0.0,0.0,0.0,0.0,3.0,1.0,0.0,1200.0,88.0,81.0,2528.0,2528.0,29.3,15.8,0.0,15.8,28.7,0.0,0.0,14.5,0.0,0.0,10.9,40.4,35.2,0.0,0.0,0.0,0.0,197.0,749.0,189.0,739.0,199.0,734.0,198.0,737.0,0.0,0.0,-26.0,0.0,0.0,28.7,1.0,4.996,0.0,0.0,1.32,1.707,88.1,81.5,0.0,0.0,96.0,R,0.0,78.8,177.8,0.0,0.0,0.0,0.0,386.6,1380.2,372.2,1362.2,390.2,1353.2,388.4,1358.6,0.0,0.0,178.7,2528.0,384.35,305.55,99.89999999999999,1.2710833333333331,63559.92499999998,6.822784810126582,107.38000000000001,111.41,392.0,True,2026-09-05 12:08:19-07:00
969.06,2,9,2026-09-05 19:24:09,37.09717,-121.60434,1102.0,108.3,1.9,-12.6,0.0,,0.0,0.0,0.0,7.9,30.3,352.5,108.0,1024.0,6.3,-0.02,1.1,0.0,1722.0,26,112.3,29.98,2602.0,0.0,0.0,106,0.0,0.0,0.0,0.0,0.0,0.0,0.0,0.0,0.0,0.0,0.0,0.0,-1.0,0.0,0.0,-106.0,0.0,0.0,0.0,0.0,3.0,1.0,0.0,1200.0,88.0,81.0,2528.0,2528.0,29.3,15.8,0.0,15.8,28.6,0.0,0.0,14.5,0.0,0.0,10.3,40.4,35.2,0.0,0.0,0.0,0.0,198.0,748.0,189.0,737.0,199.0,733.0,198.0,736.0,0.0,0.0,-26.0,0.0,0.0,28.6,1.0,4.996,0.0,0.0,1.334,1.801,87.8,81.3,0.0,0.0,96.0,R,0.0,78.8,177.8,0.0,0.0,0.0,0.0,388.4,1378.4,372.2,1358.6,390.2,1351.4,388.4,1356.8,0.0,0.0,178.33999999999997,2528.0,384.79999999999995,305.99999999999994,99.53999999999998,1.275472222222222,63742.16933333332,6.854430379746835,108.48,112.6,392.0,True,2026-09-05 12:08:19-07:00
970.06,2,9,2026-09-05 19:24:10,37.09768,-121.60428,1126.0,109.1,8.1,-12.6,0.0,,0.0,0.0,0.0,8.6,31.6,356.1,105.8,1047.0,4.8,0.03,1.1,0.0,1617.0,26,110.0,29.98,2631.0,0.0,0.0,106,0.0,0.0,0.0,0.0,0.0,0.0,0.0,0.0,0.0,0.0,0.0,0.0,0.0,0.0,0.0,-106.0,0.0,0.0,0.0,0.0,3.0,1.0,0.0,1200.0,88.0,81.0,2515.0,2515.0,29.3,15.8,0.0,15.8,21.5,0.0,0.0,14.5,0.0,0.0,9.3,40.4,35.2,0.0,0.0,0.0,0.0,198.0,746.0,190.0,736.0,199.0,732.0,198.0,734.0,0.0,0.0,-26.0,0.0,0.0,21.5,1.0,4.996,0.0,0.0,1.351,1.68,87.6,81.2,0.0,0.0,96.0,R,0.0,78.8,177.8,0.0,0.0,0.0,0.0,388.4,1374.8,374.0,1356.8,390.2,1349.6,388.4,1353.2,0.0,0.0,178.16000000000003,2515.0,385.25,306.45,99.36000000000003,1.279861111111111,63925.50999999998,6.90506329113924,106.28,110.37,392.0,True,2026-09-05 12:08:19-07:00
971.06,2,9,2026-09-05 19:24:11,37.09818,-121.60416,1148.0,110.1,13.8,-12.6,0.0,,0.0,0.0,0.0,7.4,34.6,2.2,105.5,1070.0,5.5,-0.02,0.7,0.0,1519.0,26,109.7,29.98,2659.0,0.0,0.0,106,0.0,0.0,0.0,0.0,0.0,0.0,0.0,0.0,0.0,0.0,0.0,0.0,-1.0,0.0,0.0,-106.0,0.0,0.0,0.0,0.0,3.0,1.0,0.0,1200.0,88.0,81.0,2518.0,2518.0,29.2,15.8,0.0,15.8,22.2,0.0,0.0,14.5,0.0,0.0,8.1,40.4,35.2,0.0,0.0,0.0,0.0,198.0,745.0,190.0,735.0,199.0,732.0,198.0,733.0,0.0,0.0,-26.0,0.0,0.0,22.2,1.0,4.996,0.0,0.0,1.399,1.7,87.9,81.2,0.0,0.0,96.0,R,0.0,78.8,177.8,0.0,0.0,0.0,0.0,388.4,1373.0,374.0,1355.0,390.2,1349.6,388.4,1351.4,0.0,0.0,178.16000000000003,2518.0,385.25,306.45,99.36000000000003,1.2842499999999997,64110.36866666665,6.968354430379746,105.98,110.1,392.0,True,2026-09-05 12:08:19-07:00
972.06,2,9,2026-09-05 19:24:12,37.09867,-121.60398,1166.0,111.7,18.6,-12.6,0.0,,0.0,0.0,0.0,7.7,34.1,6.3,106.3,1090.0,4.7,0.05,1.0,0.0,1373.0,26,110.6,29.98,2684.0,0.0,0.0,106,0.0,0.0,0.0,0.0,0.0,0.0,0.0,0.0,0.0,0.0,0.0,0.0,-2.0,0.0,0.0,-106.0,0.0,0.0,0.0,0.0,3.0,1.0,0.0,1200.0,88.0,81.0,2525.0,2525.0,29.2,15.7,0.0,15.7,22.3,0.0,0.0,14.5,0.0,0.0,7.2,40.4,35.2,0.0,0.0,0.0,0.0,198.0,745.0,190.0,734.0,199.0,731.0,198.0,732.0,0.0,0.0,-26.0,0.0,0.0,22.3,1.0,4.996,0.0,0.0,1.201,1.702,88.2,81.4,0.0,0.0,96.0,R,0.0,78.8,177.8,0.0,0.0,0.0,0.0,388.4,1373.0,374.0,1353.2,390.2,1347.8,388.4,1349.6,0.0,0.0,178.52,2525.0,385.25,306.45,99.72000000000001,1.2886249999999997,64297.419999999984,7.114649681528663,106.78,110.97,392.0,True,2026-09-05 12:08:19-07:00
973.06,2,9,2026-09-05 19:24:13,37.09916,-121.60374,1178.0,113.1,24.0,-12.6,0.0,,0.0,0.0,0.0,6.0,34.9,13.2,106.9,1106.0,6.1,-0.01,1.2,0.0,1197.0,26,111.2,29.98,2703.0,0.0,0.0,106,0.0,0.0,0.0,0.0,0.0,0.0,0.0,0.0,0.0,0.0,0.0,0.0,-4.0,0.0,0.0,-105.0,0.0,0.0,0.0,0.0,3.0,1.0,0.0,1200.0,88.0,81.0,2533.0,2533.0,26.8,15.1,0.0,15.1,22.8,0.0,0.0,14.5,0.0,0.0,6.5,40.4,35.2,0.0,0.0,0.0,0.0,198.0,742.0,190.0,732.0,199.0,728.0,198.0,730.0,0.0,0.0,-26.0,0.0,0.0,22.8,1.0,4.996,0.0,0.0,1.558,1.821,87.7,81.3,0.0,0.0,92.0,R,0.0,78.8,177.8,0.0,0.0,0.0,0.0,388.4,1367.6,374.0,1349.6,390.2,1342.4,388.4,1346.0,0.0,0.0,178.33999999999997,2533.0,385.25,306.45,99.53999999999998,1.2929027777777775,64487.00133333332,7.490066225165562,107.38000000000001,111.63,392.0,True,2026-09-05 12:08:19-07:00
974.06,2,9,2026-09-05 19:24:14,37.09962,-121.60345,1186.0,114.0,30.7,-12.6,0.0,,0.0,0.0,0.0,6.9,34.1,18.2,108.0,1116.0,5.6,0.03,1.2,0.0,982.0,26,112.4,29.98,2716.0,0.0,0.0,106,0.0,0.0,0.0,0.0,0.0,0.0,0.0,0.0,0.0,0.0,0.0,0.0,-3.0,0.0,0.0,-105.0,0.0,0.0,0.0,0.0,3.0,1.0,0.0,1200.0,88.0,81.0,2520.0,2520.0,25.3,14.4,0.0,14.4,22.8,0.0,0.0,14.5,0.0,0.0,6.2,40.4,35.2,0.0,0.0,0.0,0.0,198.0,742.0,190.0,732.0,199.0,728.0,198.0,733.0,0.0,0.0,-26.0,0.0,0.0,22.8,1.0,4.996,0.0,0.0,1.588,1.791,87.9,81.3,0.0,0.0,83.0,R,0.0,78.8,177.8,0.0,0.0,0.0,0.0,388.4,1367.6,374.0,1349.6,390.2,1342.4,388.4,1351.4,0.0,0.0,178.33999999999997,2520.0,385.25,306.45,99.53999999999998,1.2969999999999997,64678.52233333332,7.916666666666666,108.48,112.79,392.0,True,2026-09-05 12:08:19-07:00
975.06,2,9,2026-09-05 19:24:15,37.10006,-121.60308,1194.0,114.9,36.8,-12.6,0.0,,0.0,0.0,0.0,5.6,34.4,25.5,109.8,1125.0,6.7,-0.03,1.2,0.0,806.0,26,114.3,29.98,2727.0,0.0,0.0,106,0.0,0.0,0.0,0.0,0.0,0.0,0.0,0.0,0.0,0.0,0.0,0.0,-3.0,0.0,0.0,-105.0,0.0,0.0,0.0,0.0,3.0,1.0,0.0,1200.0,88.0,81.0,2528.0,2528.0,25.1,13.9,0.0,13.9,22.8,0.0,0.0,14.5,0.0,0.0,6.2,40.4,35.2,0.0,0.0,0.0,0.0,198.0,742.0,190.0,731.0,200.0,729.0,198.0,733.0,0.0,0.0,-26.0,0.0,0.0,22.8,1.0,4.998,0.0,0.0,1.508,1.782,88.1,81.3,0.0,0.0,79.0,R,0.0,78.8,177.8,0.0,0.0,0.0,0.0,388.4,1367.6,374.0,1347.8,392.0,1344.2,388.4,1351.4,0.0,0.0,178.33999999999997,2528.0,385.70000000000005,306.90000000000003,99.53999999999998,1.3009305555555553,64871.56133333332,8.266187050359713,110.28,114.68,392.0,True,2026-09-05 12:08:19-07:00
976.06,2,9,2026-09-05 19:24:16,37.10047,-121.60265,1200.0,115.7,42.8,-12.6,0.0,,0.0,0.0,0.0,5.4,33.7,31.8,109.2,1134.0,6.4,0.03,1.2,0.0,679.0,26,113.7,29.98,2737.0,0.0,0.0,106,0.0,0.0,0.0,0.0,0.0,0.0,0.0,0.0,0.0,0.0,0.0,0.0,-3.0,0.0,0.0,-105.0,0.0,0.0,0.0,0.0,3.0,1.0,0.0,1200.0,87.0,81.0,2464.0,2464.0,23.9,13.2,0.0,13.2,23.1,0.0,0.0,14.5,0.0,0.0,6.2,40.4,35.2,0.0,0.0,0.0,0.0,198.0,741.0,190.0,730.0,200.0,727.0,199.0,733.0,0.0,0.0,-26.0,0.0,0.0,23.1,1.0,4.996,0.0,0.0,1.475,1.796,87.4,81.3,0.0,0.0,76.0,R,0.0,78.8,177.8,0.0,0.0,0.0,0.0,388.4,1365.8,374.0,1346.0,392.0,1340.6,390.2,1351.4,0.0,0.0,178.33999999999997,2464.0,386.15,307.34999999999997,99.53999999999998,1.3046944444444442,65066.033999999985,8.765151515151516,109.68,114.08,392.0,True,2026-09-05 12:08:19-07:00
977.06,2,9,2026-09-05 19:24:17,37.10084,-121.60217,1207.0,115.5,49.2,-12.6,0.0,,0.0,0.0,0.0,5.1,34.4,37.4,108.3,1141.0,6.2,-0.02,1.2,0.0,572.0,26,112.7,29.98,2742.0,0.0,0.0,106,0.0,0.0,0.0,0.0,0.0,0.0,0.0,0.0,0.0,0.0,0.0,0.0,-4.0,0.0,0.0,-105.0,0.0,0.0,0.0,0.0,3.0,0.0,0.0,1200.0,87.0,82.0,2525.0,2525.0,20.1,12.4,0.0,12.4,23.2,0.0,0.0,14.5,0.0,0.0,6.2,40.4,35.2,0.0,0.0,0.0,0.0,198.0,736.0,190.0,727.0,200.0,723.0,199.0,730.0,0.0,0.0,-26.0,0.0,0.0,23.2,1.0,4.996,0.0,0.0,1.47,1.782,87.3,81.5,0.0,0.0,64.0,R,0.0,78.8,179.6,0.0,0.0,0.0,0.0,388.4,1356.8,374.0,1340.6,392.0,1333.4,390.2,1346.0,0.0,0.0,178.7,2525.0,386.15,307.34999999999997,99.89999999999999,1.3082499999999997,65261.01266666665,9.314516129032258,108.78,113.15,392.0,True,2026-09-05 12:08:19-07:00
978.06,2,9,2026-09-05 19:24:18,37.10117,-121.60164,1211.0,115.4,55.2,-12.6,0.0,,0.0,0.0,0.0,4.9,33.5,43.6,108.3,1146.0,6.2,-0.02,1.2,0.0,468.0,26,112.8,29.98,2753.0,0.0,0.0,106,0.0,0.0,0.0,0.0,0.0,0.0,0.0,0.0,0.0,0.0,0.0,0.0,-4.0,0.0,0.0,-105.0,0.0,0.0,0.0,0.0,3.0,1.0,0.0,1200.0,87.0,82.0,2521.0,2521.0,19.7,11.7,0.0,11.7,23.2,0.0,0.0,14.5,0.0,0.0,6.0,40.4,35.2,0.0,0.0,0.0,0.0,198.0,731.0,190.0,723.0,200.0,721.0,198.0,728.0,0.0,0.0,-26.0,0.0,0.0,23.2,1.0,4.998,0.0,0.0,1.588,1.783,87.1,81.5,0.0,0.0,55.0,R,0.0,78.8,179.6,0.0,0.0,0.0,0.0,388.4,1347.8,374.0,1333.4,392.0,1329.8,388.4,1342.4,0.0,0.0,178.7,2521.0,385.70000000000005,306.90000000000003,99.89999999999999,1.311597222222222,65455.73833333332,9.863247863247864,108.78,113.17,392.0,True,2026-09-05 12:08:19-07:00
979.06,2,9,2026-09-05 19:24:19,37.10145,-121.60107,1214.0,115.5,61.8,-12.6,0.0,,0.0,0.0,0.0,5.1,32.6,48.3,106.7,1151.0,5.5,0.0,1.1,0.0,402.0,26,111.1,29.98,2754.0,0.0,0.0,106,0.0,0.0,0.0,0.0,0.0,0.0,0.0,0.0,0.0,0.0,0.0,0.0,-3.0,0.0,0.0,-105.0,0.0,0.0,0.0,0.0,3.0,1.0,0.0,1200.0,87.0,81.0,2516.0,2516.0,19.6,11.2,0.0,11.2,23.2,0.0,0.0,14.5,0.0,0.0,5.9,40.4,35.2,0.0,0.0,0.0,0.0,198.0,726.0,190.0,720.0,200.0,718.0,198.0,726.0,0.0,0.0,-26.0,0.0,0.0,23.2,1.0,4.996,0.0,0.0,1.617,1.774,86.9,81.4,0.0,0.0,52.0,R,0.0,78.8,177.8,0.0,0.0,0.0,0.0,388.4,1338.8,374.0,1328.0,392.0,1324.4,388.4,1338.8,0.0,0.0,178.52,2516.0,385.70000000000005,306.90000000000003,99.72000000000001,1.3147777777777776,65650.46399999998,10.3125,107.18,111.51,392.0,True,2026-09-05 12:08:19-07:00
980.06,2,9,2026-09-05 19:24:20,37.10168,-121.60046,1217.0,115.7,67.2,-12.6,0.0,,0.0,0.0,0.0,3.7,32.5,56.0,108.3,1154.0,6.7,-0.0,1.1,0.0,317.0,26,112.8,29.98,2763.0,0.0,0.0,106,0.0,0.0,0.0,0.0,0.0,0.0,0.0,0.0,0.0,0.0,0.0,0.0,-3.0,0.0,0.0,-105.0,0.0,0.0,0.0,0.0,3.0,1.0,0.0,1200.0,87.0,81.0,2533.0,2533.0,19.4,10.8,0.0,10.8,23.3,0.0,0.0,14.5,0.0,0.0,6.0,40.4,35.2,0.0,0.0,0.0,0.0,198.0,723.0,190.0,718.0,200.0,717.0,199.0,725.0,0.0,0.0,-26.0,0.0,0.0,23.3,1.0,4.996,0.0,0.0,1.619,1.78,87.0,81.5,0.0,0.0,50.0,R,0.0,78.8,177.8,0.0,0.0,0.0,0.0,388.4,1333.4,374.0,1324.4,392.0,1322.6,390.2,1337.0,0.0,0.0,178.7,2533.0,386.15,307.34999999999997,99.89999999999999,1.3178333333333332,65845.44266666665,10.712962962962962,108.78,113.18,392.0,True,2026-09-05 12:08:19-07:00
981.06,2,9,2026-09-05 19:24:21,37.10186,-121.59984,1216.0,116.0,73.1,-12.6,0.0,,0.0,0.0,0.0,3.3,33.1,61.2,108.6,1155.0,6.1,-0.01,1.1,0.0,210.0,26,113.1,29.98,2763.0,0.0,0.0,106,0.0,0.0,0.0,0.0,0.0,0.0,0.0,0.0,0.0,0.0,0.0,0.0,-2.0,0.0,0.0,-105.0,0.0,0.0,0.0,0.0,3.0,1.0,0.0,1200.0,86.0,82.0,2529.0,2529.0,19.4,10.5,0.0,10.5,23.3,0.0,0.0,14.5,0.0,0.0,6.6,40.4,35.2,0.0,0.0,0.0,0.0,198.0,719.0,190.0,715.0,200.0,715.0,199.0,723.0,0.0,0.0,-26.0,0.0,0.0,23.3,1.0,4.996,0.0,0.0,1.642,1.779,86.0,81.6,0.0,0.0,49.0,R,0.0,78.8,179.6,0.0,0.0,0.0,0.0,388.4,1326.2,374.0,1319.0,392.0,1319.0,390.2,1333.4,0.0,0.0,178.88,2529.0,386.15,307.34999999999997,100.08,1.3207916666666664,66040.84299999998,11.047619047619047,109.08,113.5,392.0,True,2026-09-05 12:08:19-07:00
982.06,2,9,2026-09-05 19:24:22,37.10199,-121.59919,1215.0,116.4,78.7,-12.6,0.0,,0.0,0.0,0.0,2.4,34.0,67.0,107.6,1155.0,5.9,-0.02,1.1,0.0,121.0,26,112.1,29.98,2763.0,0.0,0.0,106,0.0,0.0,0.0,0.0,0.0,0.0,0.0,0.0,0.0,0.0,0.0,0.0,-2.0,0.0,0.0,-105.0,0.0,0.0,0.0,0.0,3.0,1.0,0.0,1200.0,87.0,82.0,2516.0,2516.0,19.4,10.3,0.0,10.3,23.3,0.0,0.0,14.5,0.0,0.0,7.3,40.4,35.2,0.0,0.0,0.0,0.0,198.0,716.0,190.0,714.0,200.0,713.0,198.0,721.0,0.0,0.0,-26.0,0.0,0.0,23.3,1.0,4.996,0.0,0.0,1.627,1.754,86.8,81.9,0.0,0.0,49.0,R,0.0,78.8,179.6,0.0,0.0,0.0,0.0,388.4,1320.8,374.0,1317.2,392.0,1315.4,388.4,1329.8,0.0,0.0,179.42000000000002,2516.0,385.70000000000005,306.90000000000003,100.62000000000002,1.3236805555555553,66236.83366666664,11.300970873786408,108.08,112.46,392.0,True,2026-09-05 12:08:19-07:00
983.06,2,9,2026-09-05 19:24:23,37.10207,-121.59852,1210.0,117.1,84.7,-12.6,0.0,,0.0,0.0,0.0,2.1,31.9,72.2,109.1,1155.0,5.5,-0.01,1.2,0.0,-5.0,26,113.6,29.98,2763.0,0.0,0.0,106,0.0,0.0,0.0,0.0,0.0,0.0,0.0,0.0,0.0,0.0,0.0,0.0,-2.0,0.0,0.0,-105.0,0.0,0.0,0.0,0.0,3.0,1.0,0.0,1200.0,87.0,82.0,2525.0,2525.0,19.4,10.1,0.0,10.1,23.3,0.0,0.0,14.5,0.0,0.0,7.3,40.4,35.2,0.0,0.0,0.0,0.0,198.0,713.0,190.0,712.0,200.0,711.0,198.0,720.0,0.0,0.0,-26.0,0.0,0.0,23.3,1.0,4.996,0.0,0.0,1.61,1.758,86.9,81.9,0.0,0.0,49.0,R,0.0,78.8,179.6,0.0,0.0,0.0,0.0,388.4,1315.4,374.0,1313.6,392.0,1311.8,388.4,1328.0,0.0,0.0,179.42000000000002,2525.0,385.70000000000005,306.90000000000003,100.62000000000002,1.3265138888888885,66433.75199999998,11.594059405940595,109.58,114.02,392.0,True,2026-09-05 12:08:19-07:00
984.06,2,9,2026-09-05 19:24:24,37.10209,-121.59784,1204.0,118.2,90.8,-12.6,0.0,,0.0,0.0,0.0,0.7,33.7,78.1,111.7,1155.0,5.8,-0.01,1.1,0.0,-117.0,26,116.3,29.98,2763.0,0.0,0.0,106,0.0,0.0,0.0,0.0,0.0,0.0,0.0,0.0,0.0,0.0,0.0,0.0,-3.0,0.0,0.0,-105.0,0.0,0.0,0.0,0.0,3.0,1.0,0.0,1200.0,87.0,82.0,2546.0,2546.0,19.4,10.0,0.0,10.0,23.3,0.0,0.0,14.5,0.0,0.0,7.6,40.4,35.2,0.0,0.0,0.0,0.0,198.0,712.0,190.0,710.0,200.0,710.0,198.0,719.0,0.0,0.0,-26.0,0.0,0.0,23.3,1.0,4.996,0.0,0.0,1.624,1.775,86.7,81.8,0.0,0.0,49.0,R,0.0,78.8,179.6,0.0,0.0,0.0,0.0,388.4,1313.6,374.0,1310.0,392.0,1310.0,388.4,1326.2,0.0,0.0,179.23999999999998,2546.0,385.70000000000005,306.90000000000003,100.43999999999998,1.3293055555555553,66632.18833333331,11.82,112.18,116.72,392.0,True,2026-09-05 12:08:19-07:00
985.06,2,9,2026-09-05 19:24:25,37.10205,-121.59716,1199.0,119.3,96.7,-12.6,0.0,,0.0,0.0,0.0,-0.3,32.1,84.3,112.0,1152.0,6.1,-0.04,1.0,0.0,-167.0,26,116.7,29.98,2763.0,0.0,0.0,106,0.0,0.0,0.0,0.0,0.0,0.0,0.0,0.0,0.0,0.0,0.0,0.0,-3.0,0.0,0.0,-105.0,0.0,0.0,0.0,0.0,3.0,1.0,0.0,1200.0,87.0,82.0,2529.0,2529.0,19.4,9.9,0.0,9.9,23.3,0.0,0.0,14.5,0.0,0.0,7.9,40.4,35.2,0.0,0.0,0.0,0.0,198.0,710.0,190.0,709.0,200.0,709.0,198.0,718.0,0.0,0.0,-26.0,0.0,0.0,23.3,1.0,4.996,0.0,0.0,1.636,1.896,87.0,81.8,0.0,0.0,49.0,R,0.0,78.8,179.6,0.0,0.0,0.0,0.0,388.4,1310.0,374.0,1308.2,392.0,1308.2,388.4,1324.4,0.0,0.0,179.23999999999998,2529.0,385.70000000000005,306.90000000000003,100.43999999999998,1.3320694444444443,66832.47999999998,12.05050505050505,112.48,117.03,392.0,True,2026-09-05 12:08:19-07:00
986.06,2,9,2026-09-05 19:24:26,37.10196,-121.59647,1192.0,120.6,102.3,-12.6,0.0,,0.0,0.0,0.0,0.0,29.7,89.3,113.4,1147.0,5.5,0.02,1.1,0.0,-251.0,26,118.1,29.98,2762.0,0.0,0.0,106,0.0,0.0,0.0,0.0,0.0,0.0,0.0,0.0,0.0,0.0,0.0,0.0,-4.0,0.0,0.0,-105.0,0.0,0.0,0.0,0.0,3.0,1.0,0.0,1200.0,86.0,82.0,2545.0,2545.0,19.4,9.8,0.0,9.8,23.3,0.0,0.0,14.5,0.0,0.0,7.3,40.4,35.2,0.0,0.0,0.0,0.0,198.0,709.0,190.0,708.0,200.0,708.0,198.0,716.0,0.0,0.0,-26.0,0.0,0.0,23.3,1.0,4.998,0.0,0.0,1.592,1.915,86.4,81.8,0.0,0.0,49.0,R,0.0,78.8,179.6,0.0,0.0,0.0,0.0,388.4,1308.2,374.0,1306.4,392.0,1306.4,388.4,1320.8,0.0,0.0,179.23999999999998,2545.0,385.70000000000005,306.90000000000003,100.43999999999998,1.3348055555555554,67034.79566666664,12.30612244897959,113.88000000000001,118.47,392.0,True,2026-09-05 12:08:19-07:00
987.06,2,9,2026-09-05 19:24:27,37.10182,-121.59579,1187.0,122.1,107.7,-12.6,0.0,,0.0,0.0,0.0,-0.7,26.9,95.5,111.5,1140.0,6.2,-0.05,1.0,0.0,-300.0,26,116.2,29.98,2754.0,0.0,0.0,106,0.0,0.0,0.0,0.0,0.0,0.0,0.0,0.0,0.0,0.0,0.0,0.0,-3.0,0.0,0.0,-105.0,0.0,0.0,0.0,0.0,3.0,1.0,0.0,1200.0,87.0,82.0,2517.0,2517.0,19.4,9.7,0.0,9.7,23.3,0.0,0.0,14.5,0.0,0.0,6.9,40.4,35.2,0.0,0.0,0.0,0.0,198.0,708.0,190.0,707.0,200.0,707.0,198.0,716.0,0.0,0.0,-26.0,0.0,0.0,23.3,1.0,4.998,0.0,0.0,1.528,1.893,86.7,82.0,0.0,0.0,49.0,R,0.0,78.8,179.6,0.0,0.0,0.0,0.0,388.4,1306.4,374.0,1304.6,392.0,1304.6,388.4,1320.8,0.0,0.0,179.6,2517.0,385.70000000000005,306.90000000000003,100.8,1.3375138888888887,67239.47266666665,12.587628865979381,111.98,116.48,392.0,True,2026-09-05 12:08:19-07:00
988.06,2,9,2026-09-05 19:24:28,37.10162,-121.59513,1181.0,123.3,112.5,-12.6,0.0,,0.0,0.0,0.0,1.0,24.7,98.1,112.9,1135.0,4.0,0.03,1.0,0.0,-301.0,26,117.6,29.98,2748.0,0.0,0.0,106,0.0,0.0,0.0,0.0,0.0,0.0,0.0,0.0,0.0,0.0,0.0,0.0,-3.0,0.0,0.0,-105.0,0.0,0.0,0.0,0.0,3.0,0.0,0.0,1200.0,87.0,82.0,2529.0,2529.0,19.4,9.7,0.0,9.7,23.3,0.0,0.0,14.5,0.0,0.0,6.4,40.4,35.2,0.0,0.0,0.0,0.0,198.0,706.0,190.0,706.0,200.0,705.0,198.0,714.0,0.0,0.0,-26.0,0.0,0.0,23.3,1.0,4.998,0.0,0.0,1.628,1.797,86.9,82.0,0.0,0.0,49.0,R,0.0,78.8,179.6,0.0,0.0,0.0,0.0,388.4,1302.8,374.0,1302.8,392.0,1301.0,388.4,1317.2,0.0,0.0,179.6,2529.0,385.70000000000005,306.90000000000003,100.8,1.340208333333333,67446.42666666665,12.711340206185568,113.38000000000001,117.93,392.0,True,2026-09-05 12:08:19-07:00
989.06,2,9,2026-09-05 19:24:29,37.10138,-121.59447,1176.0,124.5,116.8,-12.6,0.0,,0.0,0.0,0.0,0.6,23.9,103.1,114.8,1130.0,4.6,-0.02,0.9,0.0,-308.0,26,119.5,29.98,2742.0,0.0,0.0,106,0.0,0.0,0.0,0.0,0.0,0.0,0.0,0.0,0.0,0.0,0.0,0.0,-3.0,0.0,0.0,-106.0,0.0,0.0,0.0,0.0,3.0,1.0,0.0,1200.0,87.0,82.0,2550.0,2550.0,19.4,9.6,0.0,9.6,23.3,0.0,0.0,14.5,0.0,0.0,6.2,40.4,35.2,0.0,0.0,0.0,0.0,197.0,706.0,190.0,706.0,200.0,704.0,198.0,714.0,0.0,0.0,-26.0,0.0,0.0,23.3,1.0,4.996,0.0,0.0,1.671,1.747,86.7,81.9,0.0,0.0,49.0,R,0.0,78.8,179.6,0.0,0.0,0.0,0.0,386.6,1302.8,374.0,1302.8,392.0,1299.2,388.4,1317.2,0.0,0.0,179.42000000000002,2550.0,385.25,306.45,100.62000000000002,1.3428888888888886,67655.40466666665,12.96875,115.28,119.89,392.0,True,2026-09-05 12:08:19-07:00
990.06,2,9,2026-09-05 19:24:30,37.1011,-121.59384,1170.0,125.3,120.6,-12.6,0.0,,0.0,0.0,0.0,0.5,21.9,107.4,117.2,1124.0,4.4,-0.01,1.1,0.0,-338.0,26,122.0,29.98,2734.0,0.0,0.0,106,0.0,0.0,0.0,0.0,0.0,0.0,0.0,0.0,0.0,0.0,0.0,0.0,-3.0,0.0,0.0,-106.0,0.0,0.0,0.0,0.0,3.0,0.0,0.0,1200.0,87.0,82.0,2530.0,2530.0,19.4,9.6,0.0,9.6,23.4,0.0,0.0,14.5,0.0,0.0,6.1,40.4,35.2,0.0,0.0,0.0,0.0,197.0,705.0,190.0,705.0,199.0,704.0,198.0,713.0,0.0,0.0,-26.0,0.0,0.0,23.4,1.0,4.996,0.0,0.0,1.699,1.744,87.2,81.9,0.0,0.0,49.0,R,0.0,78.8,179.6,0.0,0.0,0.0,0.0,386.6,1301.0,374.0,1301.0,390.2,1299.2,388.4,1315.4,0.0,0.0,179.42000000000002,2530.0,384.79999999999995,305.99999999999994,100.62000000000002,1.3455555555555554,67866.06933333332,13.052083333333334,117.68,122.37,392.0,True,2026-09-05 12:08:19-07:00
991.06,2,9,2026-09-05 19:24:31,37.10079,-121.59324,1160.0,126.0,124.2,-12.6,0.0,,0.0,0.0,0.0,0.3,21.3,111.4,117.9,1117.0,4.2,-0.03,1.1,0.0,-362.0,26,122.8,29.98,2726.0,0.0,0.0,106,0.0,0.0,0.0,0.0,0.0,0.0,0.0,0.0,0.0,0.0,0.0,0.0,-3.0,0.0,0.0,-106.0,0.0,0.0,0.0,0.0,3.0,1.0,0.0,1200.0,86.0,82.0,2534.0,2534.0,19.4,9.6,0.0,9.6,23.3,0.0,0.0,14.5,0.0,0.0,6.2,40.4,35.2,0.0,0.0,0.0,0.0,197.0,704.0,190.0,704.0,199.0,703.0,198.0,712.0,0.0,0.0,-26.0,0.0,0.0,23.3,1.0,4.996,0.0,0.0,1.699,1.781,86.5,81.9,0.0,0.0,49.0,R,0.0,78.8,179.6,0.0,0.0,0.0,0.0,386.6,1299.2,374.0,1299.2,390.2,1297.4,388.4,1313.6,0.0,0.0,179.42000000000002,2534.0,384.79999999999995,305.99999999999994,100.62000000000002,1.348222222222222,68077.99899999998,13.125,118.38000000000001,123.09,392.0,True,2026-09-05 12:08:19-07:00
992.06,2,9,2026-09-05 19:24:32,37.10044,-121.59265,1152.0,126.5,127.6,-12.6,0.0,,0.0,0.0,0.0,0.7,20.2,114.7,118.5,1110.0,3.6,-0.02,1.1,0.0,-391.0,26,123.4,29.98,2711.0,0.0,0.0,106,0.0,0.0,0.0,0.0,0.0,0.0,0.0,0.0,0.0,0.0,0.0,0.0,-3.0,0.0,0.0,-106.0,0.0,0.0,0.0,0.0,3.0,1.0,0.0,1200.0,86.0,82.0,2532.0,2532.0,19.4,9.6,0.0,9.6,23.4,0.0,0.0,14.5,0.0,0.0,6.3,40.4,35.2,0.0,0.0,0.0,0.0,197.0,704.0,190.0,703.0,199.0,703.0,198.0,711.0,0.0,0.0,-26.0,0.0,0.0,23.4,1.0,4.996,0.0,0.0,1.699,1.779,86.2,82.1,0.0,0.0,49.0,R,0.0,78.8,179.6,0.0,0.0,0.0,0.0,386.6,1299.2,374.0,1297.4,390.2,1297.4,388.4,1311.8,0.0,0.0,179.78,2532.0,384.79999999999995,305.99999999999994,100.98,1.3508888888888886,68290.94066666665,13.177083333333334,118.98,123.7,392.0,True,2026-09-05 12:08:19-07:00
993.06,2,9,2026-09-05 19:24:33,37.10007,-121.59209,1143.0,126.9,131.2,-12.6,0.0,,0.0,0.0,0.0,1.1,19.6,118.7,119.3,1102.0,3.7,-0.03,1.2,0.0,-415.0,26,124.1,29.98,2698.0,0.0,0.0,106,0.0,0.0,0.0,0.0,0.0,0.0,0.0,0.0,0.0,0.0,0.0,0.0,-3.0,0.0,0.0,-106.0,0.0,0.0,0.0,0.0,3.0,1.0,0.0,1200.0,86.0,82.0,2523.0,2523.0,19.4,9.6,0.0,9.6,23.4,0.0,0.0,14.5,0.0,0.0,6.0,40.4,35.2,0.0,0.0,0.0,0.0,197.0,702.0,190.0,702.0,199.0,703.0,198.0,710.0,0.0,0.0,-26.0,0.0,0.0,23.4,1.0,4.996,0.0,0.0,1.699,1.747,86.5,82.2,0.0,0.0,49.0,R,0.0,78.8,179.6,0.0,0.0,0.0,0.0,386.6,1295.6,374.0,1295.6,390.2,1297.4,388.4,1310.0,0.0,0.0,179.96,2523.0,384.79999999999995,305.99999999999994,101.16000000000001,1.3535555555555554,68504.64133333332,13.218750000000002,119.78,124.51,392.0,True,2026-09-05 12:08:19-07:00
994.06,2,9,2026-09-05 19:24:34,37.09967,-121.59155,1138.0,127.0,134.9,-12.6,0.0,,0.0,0.0,0.0,1.6,19.0,121.7,118.7,1096.0,3.4,-0.01,1.3,0.0,-396.0,26,123.5,29.98,2689.0,0.0,0.0,106,0.0,0.0,0.0,0.0,0.0,0.0,0.0,0.0,0.0,0.0,0.0,0.0,-3.0,0.0,0.0,-106.0,0.0,0.0,0.0,0.0,3.0,1.0,0.0,1200.0,87.0,82.0,2527.0,2527.0,19.4,9.6,0.0,9.6,23.3,0.0,0.0,14.4,0.0,0.0,5.9,40.4,35.2,0.0,0.0,0.0,0.0,197.0,702.0,190.0,702.0,199.0,702.0,197.0,709.0,0.0,0.0,-26.0,0.0,0.0,23.3,1.0,4.996,0.0,0.0,1.658,1.744,86.5,82.1,0.0,0.0,49.0,R,0.0,78.8,179.6,0.0,0.0,0.0,0.0,386.6,1295.6,374.0,1295.6,390.2,1295.6,386.6,1308.2,0.0,0.0,179.78,2527.0,384.35,305.55,100.98,1.356222222222222,68718.76366666665,13.229166666666668,119.18,123.87,392.0,True,2026-09-05 12:08:19-07:00
995.06,2,9,2026-09-05 19:24:35,37.09925,-121.59105,1136.0,127.3,138.1,-12.6,0.0,,0.0,0.0,0.0,1.6,16.9,124.5,119.6,1093.0,3.0,-0.02,1.3,0.0,-323.0,26,124.4,29.98,2685.0,0.0,0.0,106,0.0,0.0,0.0,0.0,0.0,0.0,0.0,0.0,0.0,0.0,0.0,0.0,-3.0,0.0,0.0,-107.0,0.0,0.0,0.0,0.0,3.0,1.0,0.0,1200.0,86.0,82.0,2534.0,2534.0,19.4,9.6,0.0,9.6,23.3,0.0,0.0,14.4,0.0,0.0,6.0,40.4,35.2,0.0,0.0,0.0,0.0,197.0,701.0,190.0,701.0,199.0,701.0,197.0,709.0,0.0,0.0,-26.0,0.0,0.0,23.3,1.0,4.996,0.0,0.0,1.697,1.763,86.1,82.1,0.0,0.0,49.0,R,0.0,78.8,179.6,0.0,0.0,0.0,0.0,386.6,1293.8,374.0,1293.8,390.2,1293.8,386.6,1308.2,0.0,0.0,179.78,2534.0,384.35,305.55,100.98,1.3588888888888886,68933.22333333331,13.260416666666666,120.08,124.8,392.0,True,2026-09-05 12:08:19-07:00
996.06,2,9,2026-09-05 19:24:36,37.0988,-121.59057,1138.0,127.5,140.8,-12.6,0.0,,0.0,0.0,0.0,1.0,15.7,127.1,121.5,1092.0,2.6,0.01,1.2,0.0,-212.0,26,126.4,29.98,2684.0,0.0,0.0,106,0.0,0.0,0.0,0.0,0.0,0.0,0.0,0.0,0.0,0.0,0.0,0.0,-3.0,0.0,0.0,-107.0,0.0,0.0,0.0,0.0,3.0,1.0,0.0,1200.0,86.0,82.0,2540.0,2540.0,19.4,9.6,0.0,9.6,23.4,0.0,0.0,14.4,0.0,0.0,6.1,40.4,35.2,0.0,0.0,0.0,0.0,197.0,701.0,190.0,700.0,199.0,700.0,197.0,708.0,0.0,0.0,-26.0,0.0,0.0,23.4,1.0,4.996,0.0,0.0,1.698,1.891,86.5,82.1,0.0,0.0,49.0,R,0.0,78.8,179.6,0.0,0.0,0.0,0.0,386.6,1293.8,374.0,1292.0,390.2,1292.0,386.6,1306.4,0.0,0.0,179.78,2540.0,384.35,305.55,100.98,1.3615555555555554,69148.10466666665,13.28125,121.98,126.77,392.0,True,2026-09-05 12:08:19-07:00
997.06,2,9,2026-09-05 19:24:37,37.09833,-121.59012,1141.0,127.7,143.0,-12.6,0.0,,0.0,0.0,0.0,0.3,15.2,130.6,121.3,1092.0,3.2,-0.03,0.8,0.0,-126.0,26,126.2,29.98,2684.0,0.0,0.0,106,0.0,0.0,0.0,0.0,0.0,0.0,0.0,0.0,0.0,0.0,0.0,0.0,-3.0,0.0,0.0,-107.0,0.0,0.0,0.0,0.0,3.0,1.0,0.0,1200.0,86.0,82.0,2531.0,2531.0,19.4,9.6,0.0,9.6,23.4,0.0,0.0,14.4,0.0,0.0,6.2,40.4,35.2,0.0,0.0,0.0,0.0,196.0,700.0,189.0,699.0,199.0,700.0,197.0,708.0,0.0,0.0,-26.0,0.0,0.0,23.4,1.0,4.996,0.0,0.0,1.696,1.887,86.4,82.3,0.0,0.0,49.0,R,0.0,78.8,179.6,0.0,0.0,0.0,0.0,384.8,1292.0,372.2,1290.2,390.2,1292.0,386.6,1306.4,0.0,0.0,180.14,2531.0,383.45,304.65,101.33999999999999,1.364222222222222,69363.32333333332,13.302083333333334,121.78,126.56,392.0,True,2026-09-05 12:08:19-07:00
998.06,2,9,2026-09-05 19:24:38,37.09785,-121.58968,1138.0,127.9,145.3,-12.6,0.0,,0.0,0.0,0.0,0.7,14.4,132.8,120.4,1092.0,2.4,0.03,1.0,0.0,-84.0,26,125.3,29.98,2684.0,0.0,0.0,106,0.0,0.0,0.0,0.0,0.0,0.0,0.0,0.0,0.0,0.0,0.0,0.0,-3.0,0.0,0.0,-107.0,0.0,0.0,0.0,0.0,3.0,1.0,0.0,1200.0,86.0,82.0,2530.0,2530.0,19.4,9.6,0.0,9.6,23.4,0.0,0.0,14.4,0.0,0.0,6.0,40.4,35.2,0.0,0.0,0.0,0.0,196.0,699.0,189.0,698.0,199.0,699.0,197.0,707.0,0.0,0.0,-26.0,0.0,0.0,23.4,1.0,4.996,0.0,0.0,1.755,1.895,86.4,82.4,0.0,0.0,49.0,R,0.0,78.8,179.6,0.0,0.0,0.0,0.0,384.8,1290.2,372.2,1288.4,390.2,1290.2,386.6,1304.6,0.0,0.0,180.32,2530.0,383.45,304.65,101.52,1.3668888888888886,69578.87933333332,13.322916666666668,120.88000000000001,125.63,392.0,True,2026-09-05 12:08:19-07:00
999.06,2,9,2026-09-05 19:24:39,37.09736,-121.58927,1136.0,128.1,147.7,-12.6,0.0,,0.0,0.0,0.0,0.8,13.4,134.7,120.9,1090.0,2.4,-0.03,1.3,0.0,-85.0,26,125.8,29.98,2675.0,0.0,0.0,106,0.0,0.0,0.0,0.0,0.0,0.0,0.0,0.0,0.0,0.0,0.0,0.0,-3.0,0.0,0.0,-107.0,0.0,0.0,0.0,0.0,3.0,1.0,0.0,1200.0,86.0,82.0,2531.0,2531.0,19.4,9.6,0.0,9.6,23.3,0.0,0.0,14.4,0.0,0.0,5.8,40.4,35.2,0.0,0.0,0.0,0.0,196.0,700.0,189.0,698.0,199.0,699.0,197.0,706.0,0.0,0.0,-26.0,0.0,0.0,23.3,1.0,4.996,0.0,0.0,1.693,1.886,85.8,82.3,0.0,0.0,49.0,R,0.0,78.8,179.6,0.0,0.0,0.0,0.0,384.8,1292.0,372.2,1288.4,390.2,1290.2,386.6,1302.8,0.0,0.0,180.14,2531.0,383.45,304.65,101.33999999999999,1.3695555555555554,69794.77266666666,13.34375,121.38000000000001,126.14,392.0,True,2026-09-05 12:08:19-07:00
1000.06,2,9,2026-09-05 19:24:40,37.09685,-121.58888,1136.0,128.4,149.6,-12.6,0.0,,0.0,0.0,0.0,0.8,11.4,137.3,120.5,1089.0,2.1,0.01,0.9,0.0,-68.0,26,125.3,29.98,2675.0,0.0,0.0,106,0.0,0.0,0.0,0.0,0.0,0.0,0.0,0.0,0.0,0.0,0.0,0.0,-3.0,0.0,0.0,-107.0,0.0,0.0,0.0,0.0,3.0,1.0,0.0,1200.0,85.0,82.0,2536.0,2536.0,19.4,9.6,0.0,9.6,23.3,0.0,0.0,14.4,0.0,0.0,5.9,40.4,35.2,0.0,0.0,0.0,0.0,196.0,699.0,189.0,698.0,198.0,698.0,197.0,705.0,0.0,0.0,-26.0,0.0,0.0,23.3,1.0,4.996,0.0,0.0,1.68,1.843,85.3,82.3,0.0,0.0,49.0,R,0.0,78.8,179.6,0.0,0.0,0.0,0.0,384.8,1290.2,372.2,1288.4,388.4,1288.4,386.6,1301.0,0.0,0.0,180.14,2536.0,383.0,304.2,101.33999999999999,1.372222222222222,70011.08766666664,13.375000000000002,120.98,125.73,392.0,True,2026-09-05 12:08:19-07:00
1001.06,2,9,2026-09-05 19:24:41,37.09633,-121.58852,1139.0,128.5,151.6,-12.6,0.0,,0.0,0.0,0.0,1.1,11.4,138.6,119.0,1089.0,1.9,-0.02,0.8,0.0,-5.0,26,123.8,29.98,2671.0,0.0,0.0,106,0.0,0.0,0.0,0.0,0.0,0.0,0.0,0.0,0.0,0.0,0.0,0.0,-5.0,0.0,0.0,-107.0,0.0,0.0,0.0,0.0,3.0,1.0,0.0,1200.0,85.0,82.0,2522.0,2522.0,19.4,9.6,0.0,9.6,23.4,0.0,0.0,14.4,0.0,0.0,6.1,40.4,35.2,0.0,0.0,0.0,0.0,196.0,698.0,189.0,697.0,198.0,698.0,196.0,705.0,0.0,0.0,-26.0,0.0,0.0,23.4,1.0,4.996,0.0,0.0,1.727,1.87,85.5,82.3,0.0,0.0,49.0,R,0.0,78.8,179.6,0.0,0.0,0.0,0.0,384.8,1288.4,372.2,1286.6,388.4,1288.4,384.8,1301.0,0.0,0.0,180.14,2522.0,382.55,303.75,101.33999999999999,1.3748888888888886,70227.73999999998,13.385416666666668,119.48,124.17,392.0,True,2026-09-05 12:08:19-07:00
1002.06,2,9,2026-09-05 19:24:42,37.0958,-121.58817,1137.0,128.6,152.4,-12.6,0.0,,0.0,0.0,0.0,1.4,4.8,140.8,118.7,1089.0,1.9,-0.01,1.1,0.0,-14.0,26,123.5,29.98,2671.0,0.0,0.0,106,0.0,0.0,0.0,0.0,0.0,0.0,0.0,0.0,0.0,0.0,0.0,0.0,-6.0,0.0,0.0,-107.0,0.0,0.0,0.0,0.0,3.0,1.0,0.0,1200.0,86.0,82.0,2525.0,2525.0,19.4,9.6,0.0,9.6,23.4,0.0,0.0,14.4,0.0,0.0,6.2,40.4,35.2,0.0,0.0,0.0,0.0,196.0,698.0,189.0,697.0,198.0,698.0,196.0,704.0,0.0,0.0,-26.0,0.0,0.0,23.4,1.0,4.996,0.0,0.0,1.633,1.957,85.9,82.4,0.0,0.0,49.0,R,0.0,78.8,179.6,0.0,0.0,0.0,0.0,384.8,1288.4,372.2,1286.6,388.4,1288.4,384.8,1299.2,0.0,0.0,180.32,2525.0,382.55,303.75,101.52,1.3775555555555552,70444.56099999999,13.395833333333334,119.18,123.86,392.0,True,2026-09-05 12:08:19-07:00
1003.06,2,9,2026-09-05 19:24:43,37.09527,-121.58784,1133.0,128.7,153.6,-12.6,0.0,,0.0,0.0,0.0,1.7,0.8,140.4,119.3,1088.0,0.7,0.0,1.0,0.0,-70.0,26,124.0,29.98,2670.0,0.0,0.0,106,0.0,0.0,0.0,0.0,0.0,0.0,0.0,0.0,0.0,0.0,0.0,0.0,-1.0,0.0,0.0,-107.0,0.0,0.0,0.0,0.0,3.0,1.0,0.0,1200.0,86.0,83.0,2533.0,2533.0,19.4,9.5,0.0,9.5,23.4,0.0,0.0,14.4,0.0,0.0,6.0,40.4,35.2,0.0,0.0,0.0,0.0,195.0,697.0,189.0,696.0,198.0,698.0,196.0,704.0,0.0,0.0,-26.0,0.0,0.0,23.4,1.0,4.996,0.0,0.0,1.666,1.877,85.8,82.6,0.0,0.0,49.0,R,0.0,78.8,181.4,0.0,0.0,0.0,0.0,383.0,1286.6,372.2,1284.8,388.4,1288.4,384.8,1299.2,0.0,0.0,180.68,2533.0,382.1,303.3,101.88000000000001,1.380208333333333,70661.55066666665,13.54736842105263,119.78,124.48,392.0,True,2026-09-05 12:08:19-07:00
1004.06,2,9,2026-09-05 19:24:44,37.09474,-121.5875,1131.0,128.8,153.6,-12.6,0.0,,0.0,0.0,0.0,1.5,2.9,141.2,119.2,1085.0,0.7,-0.02,1.0,0.0,-112.0,26,124.0,29.98,2666.0,0.0,0.0,106,0.0,0.0,0.0,0.0,0.0,0.0,0.0,0.0,0.0,0.0,0.0,0.0,-2.0,0.0,0.0,-107.0,0.0,0.0,0.0,0.0,3.0,1.0,0.0,1200.0,86.0,82.0,2566.0,2566.0,20.2,9.7,0.0,9.7,23.2,0.0,0.0,14.4,0.0,0.0,5.8,40.4,35.2,0.0,0.0,0.0,0.0,195.0,697.0,189.0,696.0,198.0,698.0,196.0,704.0,0.0,0.0,-26.0,0.0,0.0,23.2,1.0,4.996,0.0,0.0,1.664,1.793,86.2,82.4,0.0,0.0,50.0,R,0.0,78.8,179.6,0.0,0.0,0.0,0.0,383.0,1286.6,372.2,1284.8,388.4,1288.4,384.8,1299.2,0.0,0.0,180.32,2566.0,382.1,303.3,101.52,1.3828749999999999,70878.70899999999,13.27835051546392,119.68,124.37,392.0,True,2026-09-05 12:08:19-07:00
1005.06,2,9,2026-09-05 19:24:45,37.0942,-121.58717,1129.0,129.8,154.2,-12.6,0.0,,0.0,0.0,0.0,2.1,2.9,140.7,121.7,1082.0,-0.3,0.03,1.1,0.0,-143.0,26,126.5,29.98,2662.0,0.0,0.0,106,0.0,0.0,0.0,0.0,0.0,0.0,0.0,0.0,0.0,0.0,0.0,0.0,-2.0,0.0,0.0,-107.0,0.0,0.0,0.0,0.0,3.0,1.0,0.0,1200.0,87.0,82.0,2535.0,2535.0,22.5,10.0,0.0,10.0,23.1,0.0,0.0,14.4,0.0,0.0,5.9,40.4,35.2,0.0,0.0,0.0,0.0,195.0,699.0,189.0,697.0,198.0,699.0,196.0,705.0,0.0,0.0,-26.0,0.0,0.0,23.1,1.0,4.996,0.0,0.0,1.654,1.772,86.6,82.4,0.0,0.0,57.0,R,0.0,78.8,179.6,0.0,0.0,0.0,0.0,383.0,1290.2,372.2,1286.6,388.4,1290.2,384.8,1301.0,0.0,0.0,180.32,2535.0,382.1,303.3,101.52,1.385611111111111,71096.79499999998,12.98,122.18,126.96,392.0,True,2026-09-05 12:08:19-07:00
1006.06,2,9,2026-09-05 19:24:46,37.09366,-121.58685,1129.0,130.1,154.7,-12.6,0.0,,0.0,0.0,0.0,1.6,1.7,141.1,122.2,1080.0,0.2,0.0,0.8,0.0,-124.0,26,127.0,29.98,2660.0,0.0,0.0,106,0.0,0.0,0.0,0.0,0.0,0.0,0.0,0.0,0.0,0.0,0.0,0.0,-3.0,0.0,0.0,-108.0,0.0,0.0,0.0,0.0,3.0,1.0,0.0,1200.0,87.0,82.0,2532.0,2532.0,22.8,10.3,0.0,10.3,23.1,0.0,0.0,14.4,0.0,0.0,6.1,40.4,35.2,0.0,0.0,0.0,0.0,195.0,701.0,189.0,698.0,198.0,698.0,196.0,705.0,0.0,0.0,-27.0,0.0,0.0,23.1,1.0,4.996,0.0,0.0,1.625,1.793,86.8,82.5,0.0,0.0,62.0,R,0.0,78.8,179.6,0.0,0.0,0.0,0.0,383.0,1293.8,372.2,1288.4,388.4,1288.4,384.8,1301.0,0.0,0.0,180.5,2532.0,382.1,303.3,101.7,1.3884305555555554,71315.97733333331,12.631067961165048,122.68,127.47,392.0,True,2026-09-05 12:08:19-07:00
1007.06,2,9,2026-09-05 19:24:47,37.09311,-121.58653,1128.0,130.8,154.6,-12.6,0.0,,0.0,0.0,0.0,0.9,1.4,142.2,122.6,1078.0,0.5,0.02,0.9,0.0,-128.0,26,127.5,29.98,2657.0,0.0,0.0,106,0.0,0.0,0.0,0.0,0.0,0.0,0.0,0.0,0.0,0.0,0.0,0.0,-3.0,0.0,0.0,-108.0,0.0,0.0,0.0,0.0,3.0,1.0,0.0,1200.0,86.0,83.0,2533.0,2533.0,22.9,10.5,0.0,10.5,23.1,0.0,0.0,14.4,0.0,0.0,6.2,40.4,35.2,0.0,0.0,0.0,0.0,195.0,701.0,189.0,698.0,198.0,698.0,196.0,705.0,0.0,0.0,-27.0,0.0,0.0,23.1,1.0,4.996,0.0,0.0,1.625,1.819,85.9,82.6,0.0,0.0,64.0,R,0.0,78.8,181.4,0.0,0.0,0.0,0.0,383.0,1293.8,372.2,1288.4,388.4,1288.4,384.8,1301.0,0.0,0.0,180.68,2533.0,382.1,303.3,101.88000000000001,1.391319444444444,71536.00299999998,12.457142857142859,123.08,127.88,392.0,True,2026-09-05 12:08:19-07:00
1008.06,2,9,2026-09-05 19:24:48,37.09256,-121.5862,1124.0,131.6,154.8,-12.6,0.0,,0.0,0.0,0.0,0.6,0.7,142.0,123.6,1075.0,0.4,0.02,1.0,0.0,-149.0,26,128.5,29.98,2654.0,0.0,0.0,106,0.0,0.0,0.0,0.0,0.0,0.0,0.0,0.0,0.0,0.0,0.0,0.0,-3.0,0.0,0.0,-108.0,0.0,0.0,0.0,0.0,3.0,1.0,0.0,1200.0,86.0,83.0,2534.0,2534.0,22.9,10.6,0.0,10.6,23.1,0.0,0.0,14.4,0.0,0.0,6.0,40.4,35.2,0.0,0.0,0.0,0.0,195.0,702.0,189.0,699.0,198.0,698.0,196.0,705.0,0.0,0.0,-27.0,0.0,0.0,23.1,1.0,4.996,0.0,0.0,1.617,1.813,86.3,82.7,0.0,0.0,65.0,R,0.0,78.8,181.4,0.0,0.0,0.0,0.0,383.0,1295.6,372.2,1290.2,388.4,1288.4,384.8,1301.0,0.0,0.0,180.86,2534.0,382.1,303.3,102.06000000000002,1.3942499999999998,71757.29366666665,12.415094339622641,124.08,128.92,392.0,True,2026-09-05 12:08:19-07:00
1009.06,2,9,2026-09-05 19:24:49,37.09201,-121.58588,1119.0,132.5,154.7,-12.6,0.0,,0.0,0.0,0.0,0.8,0.5,141.5,124.6,1071.0,0.1,0.01,1.0,0.0,-189.0,26,129.6,29.98,2649.0,0.0,0.0,106,0.0,0.0,0.0,0.0,0.0,0.0,0.0,0.0,0.0,0.0,0.0,0.0,-2.0,0.0,0.0,-108.0,0.0,0.0,0.0,0.0,3.0,1.0,0.0,1200.0,86.0,83.0,2535.0,2535.0,23.1,10.8,0.0,10.8,23.1,0.0,0.0,14.4,0.0,0.0,5.8,40.4,35.2,0.0,0.0,0.0,0.0,195.0,704.0,189.0,700.0,198.0,698.0,196.0,706.0,0.0,0.0,-27.0,0.0,0.0,23.1,1.0,4.996,0.0,0.0,1.609,1.892,85.8,82.6,0.0,0.0,66.0,R,0.0,78.8,181.4,0.0,0.0,0.0,0.0,383.0,1299.2,372.2,1292.0,388.4,1288.4,384.8,1302.8,0.0,0.0,180.68,2535.0,382.1,303.3,101.88000000000001,1.397222222222222,71980.01799999998,12.268518518518517,125.08,129.94,392.0,True,2026-09-05 12:08:19-07:00
1010.06,2,9,2026-09-05 19:24:50,37.09145,-121.58555,1115.0,133.2,154.6,-12.6,0.0,,0.0,0.0,0.0,0.8,1.8,141.7,126.2,1068.0,0.3,0.0,1.1,0.0,-204.0,26,131.2,29.98,2634.0,0.0,0.0,106,0.0,0.0,0.0,0.0,0.0,0.0,0.0,0.0,0.0,0.0,0.0,0.0,-2.0,0.0,0.0,-108.0,0.0,0.0,0.0,0.0,3.0,1.0,0.0,1200.0,86.0,83.0,2535.0,2535.0,23.1,10.9,0.0,10.9,23.1,0.0,0.0,14.4,0.0,0.0,5.9,40.4,35.2,0.0,0.0,0.0,0.0,195.0,704.0,188.0,700.0,198.0,699.0,196.0,706.0,0.0,0.0,-27.0,0.0,0.0,23.1,1.0,4.996,0.0,0.0,1.598,1.879,86.5,82.6,0.0,0.0,66.0,R,0.0,78.8,181.4,0.0,0.0,0.0,0.0,383.0,1299.2,370.4,1292.0,388.4,1290.2,384.8,1302.8,0.0,0.0,180.68,2535.0,381.65,302.84999999999997,101.88000000000001,1.4002361111111108,72204.09166666665,12.22018348623853,126.68,131.6,392.0,True,2026-09-05 12:08:19-07:00
1011.06,2,9,2026-09-05 19:24:51,37.0909,-121.58522,1114.0,133.8,154.6,-12.6,0.0,,0.0,0.0,0.0,0.9,2.4,142.1,126.5,1065.0,0.5,0.0,1.0,0.0,-199.0,26,131.5,29.98,2630.0,0.0,0.0,106,0.0,0.0,0.0,0.0,0.0,0.0,0.0,0.0,0.0,0.0,0.0,0.0,-2.0,0.0,0.0,-108.0,0.0,0.0,0.0,0.0,3.0,1.0,0.0,1200.0,86.0,83.0,2532.0,2532.0,23.1,11.0,0.0,11.0,23.2,0.0,0.0,14.4,0.0,0.0,6.0,40.4,35.2,0.0,0.0,0.0,0.0,195.0,705.0,188.0,701.0,198.0,699.0,196.0,707.0,0.0,0.0,-27.0,0.0,0.0,23.2,1.0,4.996,0.0,0.0,1.573,1.843,85.9,82.6,0.0,0.0,66.0,R,0.0,78.8,181.4,0.0,0.0,0.0,0.0,383.0,1301.0,370.4,1293.8,388.4,1290.2,384.8,1304.6,0.0,0.0,180.68,2532.0,381.65,302.84999999999997,101.88000000000001,1.4032777777777776,72429.26166666664,12.163636363636364,126.98,131.9,392.0,True,2026-09-05 12:08:19-07:00
1012.06,2,9,2026-09-05 19:24:52,37.09033,-121.58489,1111.0,134.3,154.8,-12.6,0.0,,0.0,0.0,0.0,1.4,0.1,141.2,126.3,1061.0,-0.2,0.02,1.1,0.0,-195.0,26,131.3,29.98,2626.0,0.0,0.0,106,0.0,0.0,0.0,0.0,0.0,0.0,0.0,0.0,0.0,0.0,0.0,0.0,-2.0,0.0,0.0,-108.0,0.0,0.0,0.0,0.0,3.0,1.0,0.0,1200.0,86.0,83.0,2534.0,2534.0,23.1,11.0,0.0,11.0,23.2,0.0,0.0,14.4,0.0,0.0,6.2,40.4,35.2,0.0,0.0,0.0,0.0,195.0,706.0,188.0,701.0,198.0,699.0,195.0,707.0,0.0,0.0,-27.0,0.0,0.0,23.2,1.0,4.996,0.0,0.0,1.593,1.866,86.5,82.7,0.0,0.0,67.0,R,0.0,78.8,181.4,0.0,0.0,0.0,0.0,383.0,1302.8,370.4,1293.8,388.4,1290.2,383.0,1304.6,0.0,0.0,180.86,2534.0,381.2,302.4,102.06000000000002,1.406333333333333,72655.35933333331,12.20909090909091,126.78,131.69,392.0,True,2026-09-05 12:08:19-07:00
1013.06,2,9,2026-09-05 19:24:53,37.08977,-121.58456,1109.0,134.8,154.6,-12.6,0.0,,0.0,0.0,0.0,1.3,3.4,142.0,126.6,1057.0,0.6,-0.02,1.0,0.0,-216.0,26,131.6,29.98,2621.0,0.0,0.0,106,0.0,0.0,0.0,0.0,0.0,0.0,0.0,0.0,0.0,0.0,0.0,0.0,-3.0,0.0,0.0,-108.0,0.0,0.0,0.0,0.0,3.0,1.0,0.0,1200.0,86.0,83.0,2532.0,2532.0,23.1,11.1,0.0,11.1,23.2,0.0,0.0,14.4,0.0,0.0,6.2,40.4,35.2,0.0,0.0,0.0,0.0,195.0,707.0,188.0,701.0,198.0,699.0,195.0,707.0,0.0,0.0,-31.0,0.0,0.0,23.2,1.0,4.996,0.0,0.0,1.581,1.852,86.1,82.9,0.0,0.0,67.0,R,0.0,78.8,181.4,0.0,0.0,0.0,0.0,383.0,1304.6,370.4,1293.8,388.4,1290.2,383.0,1304.6,0.0,0.0,181.22,2532.0,381.2,302.4,102.42,1.4094027777777776,72882.30033333332,12.144144144144146,127.08,131.99,392.0,True,2026-09-05 12:08:19-07:00
1014.06,2,9,2026-09-05 19:24:54,37.0892,-121.58422,1106.0,135.2,154.8,-12.6,0.0,,0.0,0.0,0.0,1.0,1.2,142.0,127.3,1055.0,-0.1,0.03,0.9,0.0,-188.0,26,132.3,29.98,2618.0,0.0,0.0,106,0.0,0.0,0.0,0.0,0.0,0.0,0.0,0.0,0.0,0.0,0.0,0.0,-3.0,0.0,0.0,-108.0,0.0,0.0,0.0,0.0,3.0,1.0,0.0,1200.0,87.0,83.0,2534.0,2534.0,23.1,11.1,0.0,11.1,23.2,0.0,0.0,14.4,0.0,0.0,5.9,40.4,35.2,0.0,0.0,0.0,0.0,195.0,706.0,188.0,702.0,198.0,699.0,195.0,706.0,0.0,0.0,-31.0,0.0,0.0,23.2,1.0,4.996,0.0,0.0,1.616,1.891,86.5,82.8,0.0,0.0,67.0,R,0.0,78.8,181.4,0.0,0.0,0.0,0.0,383.0,1302.8,370.4,1295.6,388.4,1290.2,383.0,1302.8,0.0,0.0,181.04,2534.0,381.2,302.4,102.24,1.4124861111111109,73110.00033333332,12.18018018018018,127.78,132.71,392.0,True,2026-09-05 12:08:19-07:00
1015.06,2,9,2026-09-05 19:24:55,37.08863,-121.58389,1103.0,135.9,155.0,-12.6,0.0,,0.0,0.0,0.0,0.3,1.3,141.4,128.3,1052.0,0.6,-0.05,1.3,0.0,-183.0,26,133.3,29.98,2615.0,0.0,0.0,106,0.0,0.0,0.0,0.0,0.0,0.0,0.0,0.0,0.0,0.0,0.0,0.0,-4.0,0.0,0.0,-108.0,0.0,0.0,0.0,0.0,3.0,1.0,0.0,1200.0,86.0,83.0,2536.0,2536.0,23.1,11.1,0.0,11.1,23.1,0.0,0.0,14.4,0.0,0.0,6.0,40.4,35.2,0.0,0.0,0.0,0.0,194.0,706.0,188.0,703.0,197.0,699.0,195.0,707.0,0.0,0.0,-31.0,0.0,0.0,23.1,1.0,4.996,0.0,0.0,1.575,1.941,86.2,82.7,0.0,0.0,67.0,R,0.0,78.8,181.4,0.0,0.0,0.0,0.0,381.2,1302.8,370.4,1297.4,386.6,1290.2,383.0,1304.6,0.0,0.0,180.86,2536.0,380.3,301.5,102.06000000000002,1.4155694444444442,73338.62799999998,12.243243243243244,128.78,133.74,392.0,True,2026-09-05 12:08:19-07:00
1016.06,2,9,2026-09-05 19:24:56,37.08806,-121.58356,1100.0,136.7,155.1,-12.6,0.0,,0.0,0.0,0.0,0.2,-0.8,141.9,128.1,1049.0,-0.9,0.05,0.9,0.0,-185.0,26,133.1,29.98,2611.0,0.0,0.0,106,0.0,0.0,0.0,0.0,0.0,0.0,0.0,0.0,0.0,0.0,0.0,0.0,-3.0,0.0,0.0,-108.0,0.0,0.0,0.0,0.0,3.0,1.0,0.0,1200.0,86.0,83.0,2529.0,2529.0,23.1,11.1,0.0,11.1,23.2,0.0,0.0,14.4,0.0,0.0,6.1,40.4,35.2,0.0,0.0,0.0,0.0,194.0,706.0,188.0,703.0,197.0,698.0,195.0,706.0,0.0,0.0,-31.0,0.0,0.0,23.2,1.0,4.996,0.0,0.0,1.633,1.837,85.7,82.8,0.0,0.0,67.0,R,0.0,78.8,181.4,0.0,0.0,0.0,0.0,381.2,1302.8,370.4,1297.4,386.6,1288.4,383.0,1302.8,0.0,0.0,181.04,2529.0,380.3,301.5,102.24,1.4186527777777775,73568.52066666665,12.315315315315315,128.57999999999998,133.53,392.0,True,2026-09-05 12:08:19-07:00
1017.06,2,9,2026-09-05 19:24:57,37.08748,-121.58322,1094.0,137.6,155.2,-12.6,0.0,,0.0,0.0,0.0,0.2,-0.8,142.5,129.1,1045.0,0.2,-0.0,1.0,0.0,-213.0,26,134.2,29.98,2606.0,0.0,0.0,106,0.0,0.0,0.0,0.0,0.0,0.0,0.0,0.0,0.0,0.0,0.0,0.0,-3.0,0.0,0.0,-108.0,0.0,0.0,0.0,0.0,3.0,1.0,0.0,1200.0,86.0,83.0,2534.0,2534.0,23.1,11.1,0.0,11.1,23.1,0.0,0.0,14.4,0.0,0.0,6.2,40.4,35.2,0.0,0.0,0.0,0.0,194.0,706.0,188.0,703.0,197.0,699.0,195.0,706.0,0.0,0.0,-31.0,0.0,0.0,23.1,1.0,4.996,0.0,0.0,1.642,1.865,85.7,82.9,0.0,0.0,67.0,R,0.0,78.8,181.4,0.0,0.0,0.0,0.0,381.2,1302.8,370.4,1297.4,386.6,1290.2,383.0,1302.8,0.0,0.0,181.22,2534.0,380.3,301.5,102.42,1.4217361111111109,73799.84699999998,12.396396396396396,129.57999999999998,134.56,392.0,True,2026-09-05 12:08:19-07:00
1018.06,2,9,2026-09-05 19:24:58,37.0869,-121.58289,1091.0,138.4,154.9,-12.6,0.0,,0.0,0.0,0.0,0.3,-0.6,142.0,128.7,1041.0,0.0,0.01,1.0,0.0,-215.0,26,133.8,29.98,2601.0,0.0,0.0,106,0.0,0.0,0.0,0.0,0.0,0.0,0.0,0.0,0.0,0.0,0.0,0.0,-2.0,0.0,0.0,-108.0,0.0,0.0,0.0,0.0,3.0,1.0,0.0,1200.0,86.0,83.0,2532.0,2532.0,23.0,11.1,0.0,11.1,23.2,0.0,0.0,14.4,0.0,0.0,6.1,40.4,35.2,0.0,0.0,0.0,0.0,194.0,706.0,188.0,703.0,197.0,699.0,195.0,706.0,0.0,0.0,-31.0,0.0,0.0,23.2,1.0,4.996,0.0,0.0,1.63,1.882,86.2,83.0,0.0,0.0,67.0,R,0.0,78.8,181.4,0.0,0.0,0.0,0.0,381.2,1302.8,370.4,1297.4,386.6,1290.2,383.0,1302.8,0.0,0.0,181.4,2532.0,380.3,301.5,102.60000000000001,1.4248194444444442,74032.60699999999,12.468468468468469,129.17999999999998,134.13,392.0,True,2026-09-05 12:08:19-07:00
1019.06,2,9,2026-09-05 19:24:59,37.08632,-121.58254,1084.0,139.1,154.8,-12.6,0.0,,0.0,0.0,0.0,0.2,0.5,141.3,131.0,1036.0,-0.1,-0.01,1.0,0.0,-255.0,26,136.1,29.98,2595.0,0.0,0.0,106,0.0,0.0,0.0,0.0,0.0,0.0,0.0,0.0,0.0,0.0,0.0,0.0,-2.0,0.0,0.0,-108.0,0.0,0.0,0.0,0.0,3.0,1.0,0.0,1200.0,86.0,83.0,2535.0,2535.0,23.0,11.1,0.0,11.1,23.1,0.0,0.0,14.4,0.0,0.0,5.9,40.4,35.2,0.0,0.0,0.0,0.0,194.0,706.0,188.0,703.0,197.0,699.0,195.0,706.0,0.0,0.0,-31.0,0.0,0.0,23.1,1.0,4.996,0.0,0.0,1.625,1.841,85.9,82.9,0.0,0.0,66.0,R,0.0,78.8,181.4,0.0,0.0,0.0,0.0,381.2,1302.8,370.4,1297.4,386.6,1290.2,383.0,1302.8,0.0,0.0,181.22,2535.0,380.3,301.5,102.42,1.4279027777777775,74266.63199999998,12.531531531531531,131.48,136.51,392.0,True,2026-09-05 12:08:19-07:00
1020.06,2,9,2026-09-05 19:25:00,37.08574,-121.58221,1078.0,139.8,154.9,-12.6,0.0,,0.0,0.0,0.0,-0.5,1.0,142.0,131.9,1029.0,-0.3,0.02,0.9,0.0,-323.0,26,137.0,29.98,2577.0,0.0,0.0,106,0.0,0.0,0.0,0.0,0.0,0.0,0.0,0.0,0.0,0.0,0.0,0.0,-2.0,0.0,0.0,-108.0,0.0,0.0,0.0,0.0,3.0,1.0,0.0,1200.0,85.0,83.0,2532.0,2532.0,23.0,11.1,0.0,11.1,23.2,0.0,0.0,14.4,0.0,0.0,6.0,40.4,35.2,0.0,0.0,0.0,0.0,194.0,706.0,188.0,703.0,197.0,698.0,195.0,706.0,0.0,0.0,-31.0,0.0,0.0,23.2,1.0,4.996,0.0,0.0,1.624,1.84,85.2,82.9,0.0,0.0,66.0,R,0.0,78.8,181.4,0.0,0.0,0.0,0.0,381.2,1302.8,370.4,1297.4,386.6,1288.4,383.0,1302.8,0.0,0.0,181.22,2532.0,380.3,301.5,102.42,1.4309861111111108,74501.83766666664,12.594594594594597,132.38,137.42,392.0,True,2026-09-05 12:08:19-07:00
1021.06,2,9,2026-09-05 19:25:01,37.08516,-121.58186,1069.0,140.4,155.1,-12.6,0.0,,0.0,0.0,0.0,-0.3,0.7,142.3,131.6,1021.0,0.2,0.01,1.0,0.0,-381.0,26,136.6,29.98,2566.0,0.0,0.0,106,0.0,0.0,0.0,0.0,0.0,0.0,0.0,0.0,0.0,0.0,0.0,0.0,-3.0,0.0,0.0,-108.0,0.0,0.0,0.0,0.0,3.0,1.0,0.0,1200.0,85.0,83.0,2536.0,2536.0,23.0,11.1,0.0,11.1,23.2,0.0,0.0,14.4,0.0,0.0,6.1,40.4,35.2,0.0,0.0,0.0,0.0,194.0,707.0,188.0,702.0,197.0,698.0,195.0,706.0,0.0,0.0,-31.0,0.0,0.0,23.2,1.0,4.996,0.0,0.0,1.624,1.901,85.2,83.0,0.0,0.0,66.0,R,0.0,78.8,181.4,0.0,0.0,0.0,0.0,381.2,1304.6,370.4,1295.6,386.6,1288.4,383.0,1302.8,0.0,0.0,181.4,2536.0,380.3,301.5,102.60000000000001,1.4340694444444442,74738.13966666666,12.64864864864865,132.07999999999998,137.09,392.0,True,2026-09-05 12:08:19-07:00
1022.06,2,9,2026-09-05 19:25:02,37.08457,-121.58152,1061.0,141.2,155.2,-12.6,0.0,,0.0,0.0,0.0,-0.2,1.5,142.5,133.6,1014.0,0.2,0.02,1.1,0.0,-403.0,26,138.7,29.98,2558.0,0.0,0.0,106,0.0,0.0,0.0,0.0,0.0,0.0,0.0,0.0,0.0,0.0,0.0,0.0,-2.0,0.0,0.0,-108.0,0.0,0.0,0.0,0.0,3.0,1.0,0.0,1200.0,85.0,83.0,2550.0,2550.0,23.0,11.1,0.0,11.1,23.1,0.0,0.0,14.4,0.0,0.0,6.2,40.4,35.2,0.0,0.0,0.0,0.0,194.0,706.0,188.0,702.0,197.0,698.0,195.0,706.0,0.0,0.0,-31.0,0.0,0.0,23.1,1.0,4.996,0.0,0.0,1.66,1.833,85.1,83.0,0.0,0.0,66.0,R,0.0,78.8,181.4,0.0,0.0,0.0,0.0,381.2,1302.8,370.4,1295.6,386.6,1288.4,383.0,1302.8,0.0,0.0,181.4,2550.0,380.3,301.5,102.60000000000001,1.4371527777777775,74975.62233333332,12.72072072072072,134.07999999999998,139.15,392.0,True,2026-09-05 12:08:19-07:00
1023.06,2,9,2026-09-05 19:25:03,37.08397,-121.58118,1057.0,141.8,155.3,-12.6,0.0,,0.0,0.0,0.0,-0.9,0.5,142.1,135.1,1006.0,0.1,-0.0,0.7,0.0,-409.0,26,140.2,29.98,2548.0,0.0,0.0,106,0.0,0.0,0.0,0.0,0.0,0.0,0.0,0.0,0.0,0.0,0.0,0.0,-3.0,0.0,0.0,-108.0,0.0,0.0,0.0,0.0,3.0,1.0,0.0,1200.0,86.0,83.0,2518.0,2518.0,22.7,11.1,0.0,11.1,23.3,0.0,0.0,14.4,0.0,0.0,6.2,40.4,35.2,0.0,0.0,0.0,0.0,194.0,707.0,188.0,703.0,197.0,698.0,195.0,706.0,0.0,0.0,-31.0,0.0,0.0,23.3,1.0,4.996,0.0,0.0,1.609,1.943,85.5,83.2,0.0,0.0,66.0,R,0.0,78.8,181.4,0.0,0.0,0.0,0.0,381.2,1304.6,370.4,1297.4,386.6,1288.4,383.0,1302.8,0.0,0.0,181.76000000000002,2518.0,380.3,301.5,102.96000000000002,1.4402361111111108,75214.28566666665,12.774774774774777,135.57999999999998,140.69,392.0,True,2026-09-05 12:08:19-07:00
1024.06,2,9,2026-09-05 19:25:04,37.08338,-121.58083,1052.0,141.3,155.3,-12.6,0.0,,0.0,0.0,0.0,-0.8,2.0,142.6,133.9,1004.0,0.3,-0.0,1.2,0.0,-315.0,26,139.0,29.98,2545.0,0.0,0.0,106,0.0,0.0,0.0,0.0,0.0,0.0,0.0,0.0,0.0,0.0,0.0,0.0,-3.0,0.0,0.0,-108.0,0.0,0.0,0.0,0.0,3.0,1.0,0.0,1200.0,84.0,83.0,2491.0,2491.0,18.4,10.5,0.0,10.5,23.8,0.0,0.0,14.4,0.0,0.0,5.9,40.4,35.2,0.0,0.0,0.0,0.0,194.0,703.0,188.0,700.0,197.0,695.0,194.0,704.0,0.0,0.0,-31.0,0.0,0.0,23.8,1.0,4.998,0.0,0.0,1.757,1.98,83.8,83.2,0.0,0.0,57.0,R,0.0,78.8,181.4,0.0,0.0,0.0,0.0,381.2,1297.4,370.4,1292.0,386.6,1283.0,381.2,1299.2,0.0,0.0,181.76000000000002,2491.0,379.84999999999997,301.04999999999995,102.96000000000002,1.443236111111111,75453.03333333331,13.457142857142859,134.38,139.44,392.0,True,2026-09-05 12:08:19-07:00
1025.06,2,9,2026-09-05 19:25:05,37.08279,-121.58049,1046.0,139.4,155.6,-12.6,0.0,,0.0,0.0,0.0,-1.1,4.5,143.3,132.2,1000.0,0.9,-0.04,0.9,0.0,-283.0,26,137.2,29.98,2540.0,0.0,0.0,106,0.0,0.0,0.0,0.0,0.0,0.0,0.0,0.0,0.0,0.0,0.0,0.0,-3.0,0.0,0.0,-108.0,0.0,0.0,0.0,0.0,3.0,1.0,0.0,1200.0,82.0,83.0,2507.0,2507.0,12.7,9.4,0.0,9.4,24.2,0.0,0.0,14.4,0.0,0.0,6.0,40.4,35.2,0.0,0.0,0.0,0.0,193.0,701.0,188.0,698.0,196.0,696.0,194.0,704.0,0.0,0.0,-31.0,0.0,0.0,24.2,1.0,4.998,0.0,0.0,1.93,2.166,82.3,83.1,0.0,0.0,37.0,R,0.0,78.8,181.4,0.0,0.0,0.0,0.0,379.4,1293.8,370.4,1288.4,384.8,1284.8,381.2,1299.2,0.0,0.0,181.57999999999998,2507.0,378.95000000000005,300.15000000000003,102.77999999999999,1.4459999999999997,75689.75699999998,14.829787234042554,132.67999999999998,137.66,392.0,True,2026-09-05 12:08:19-07:00
1026.06,2,9,2026-09-05 19:25:06,37.0822,-121.58017,1037.0,136.9,156.2,-12.6,0.0,,0.0,0.0,0.0,-0.9,5.5,143.8,129.3,994.0,0.7,-0.02,1.0,0.0,-324.0,26,134.2,29.98,2533.0,0.0,0.0,106,0.0,0.0,0.0,0.0,0.0,0.0,0.0,0.0,0.0,0.0,0.0,0.0,-3.0,0.0,0.0,-108.0,0.0,0.0,0.0,0.0,3.0,1.0,0.0,1200.0,82.0,83.0,2526.0,2526.0,10.8,8.4,0.0,8.4,24.2,0.0,0.0,14.4,0.0,0.0,6.1,40.4,35.2,0.0,0.0,0.0,0.0,193.0,703.0,187.0,698.0,196.0,698.0,194.0,705.0,0.0,0.0,-31.0,0.0,0.0,24.2,1.0,4.996,0.0,0.0,1.993,2.192,82.4,83.1,0.0,0.0,0.0,,0.0,78.8,181.4,0.0,0.0,0.0,0.0,379.4,1297.4,368.6,1288.4,384.8,1288.4,381.2,1301.0,0.0,0.0,181.57999999999998,2526.0,378.5,299.7,102.77999999999999,1.448472222222222,75922.76999999999,16.297619047619047,129.78,134.64,392.0,True,2026-09-05 12:08:19-07:00
1027.06,2,9,2026-09-05 19:25:07,37.08162,-121.57986,1028.0,134.5,157.1,-12.6,0.0,,0.0,0.0,0.0,-0.3,4.7,144.9,125.7,985.0,1.1,-0.03,1.1,0.0,-400.0,26,130.5,29.98,2522.0,0.0,0.0,106,0.0,0.0,0.0,0.0,0.0,0.0,0.0,0.0,0.0,0.0,0.0,0.0,-5.0,0.0,0.0,-108.0,0.0,0.0,0.0,0.0,3.0,1.0,0.0,1200.0,82.0,83.0,2514.0,2514.0,10.4,7.5,0.0,7.5,24.3,0.0,0.0,14.4,0.0,0.0,6.3,40.4,35.2,0.0,0.0,0.0,0.0,192.0,705.0,187.0,698.0,195.0,700.0,193.0,705.0,0.0,0.0,-31.0,0.0,0.0,24.3,1.0,4.996,0.0,0.0,1.947,2.123,82.2,83.2,0.0,0.0,0.0,,0.0,78.8,181.4,0.0,0.0,0.0,0.0,377.6,1301.0,368.6,1288.4,383.0,1292.0,379.4,1301.0,0.0,0.0,181.76000000000002,2514.0,377.15,298.34999999999997,102.96000000000002,1.4506805555555553,76151.65066666665,17.933333333333334,126.18,130.88,392.0,True,2026-09-05 12:08:19-07:00
1028.06,2,9,2026-09-05 19:25:08,37.08105,-121.57956,1020.0,131.7,157.9,-12.6,0.0,,0.0,0.0,0.0,-0.7,3.0,144.2,122.8,979.0,-0.0,0.01,0.9,0.0,-398.0,26,127.4,29.98,2514.0,0.0,0.0,106,0.0,0.0,0.0,0.0,0.0,0.0,0.0,0.0,0.0,0.0,0.0,0.0,-2.0,0.0,0.0,-108.0,0.0,0.0,0.0,0.0,3.0,1.0,0.0,1200.0,82.0,83.0,2524.0,2524.0,9.3,6.7,0.0,6.7,24.4,0.0,0.0,14.4,0.0,0.0,6.4,40.4,35.2,0.0,0.0,0.0,0.0,192.0,710.0,186.0,704.0,195.0,703.0,193.0,706.0,0.0,0.0,-31.0,0.0,0.0,24.4,1.0,4.998,0.0,0.0,2.069,2.158,81.7,83.4,0.0,0.0,0.0,,0.0,78.8,181.4,0.0,0.0,0.0,0.0,377.6,1310.0,366.8,1299.2,383.0,1297.4,379.4,1302.8,0.0,0.0,182.12,2524.0,376.70000000000005,297.90000000000003,103.32000000000001,1.4526527777777776,76376.14599999998,19.656716417910445,123.28,127.86,392.0,True,2026-09-05 12:08:19-07:00
1029.06,2,9,2026-09-05 19:25:09,37.08049,-121.57928,1009.0,129.0,158.1,-12.6,0.0,,0.0,0.0,0.0,-0.5,1.8,145.5,120.0,969.0,1.0,-0.06,1.0,0.0,-454.0,26,124.5,29.98,2503.0,0.0,0.0,106,0.0,0.0,0.0,0.0,0.0,0.0,0.0,0.0,0.0,0.0,0.0,0.0,-3.0,0.0,0.0,-108.0,0.0,0.0,0.0,0.0,3.0,1.0,0.0,1200.0,82.0,83.0,2521.0,2521.0,9.0,6.1,0.0,6.1,24.3,0.0,0.0,14.4,0.0,0.0,6.1,40.4,35.2,0.0,0.0,0.0,0.0,191.0,715.0,186.0,711.0,194.0,706.0,192.0,708.0,0.0,0.0,-31.0,0.0,0.0,24.3,1.0,4.998,0.0,0.0,2.058,2.017,81.9,83.5,0.0,0.0,0.0,,0.0,78.8,181.4,0.0,0.0,0.0,0.0,375.8,1319.0,366.8,1311.8,381.2,1302.8,377.6,1306.4,0.0,0.0,182.3,2521.0,375.34999999999997,296.54999999999995,103.50000000000001,1.4544305555555552,76596.00299999998,21.147540983606557,120.48,124.93,392.0,True,2026-09-05 12:08:19-07:00
1030.06,2,9,2026-09-05 19:25:10,37.07995,-121.57901,999.0,126.2,158.4,-12.6,0.0,,0.0,0.0,0.0,-0.3,4.9,145.0,118.3,961.0,-0.1,-0.0,1.0,0.0,-488.0,26,122.7,29.98,2492.0,0.0,0.0,106,0.0,0.0,0.0,0.0,0.0,0.0,0.0,0.0,0.0,0.0,0.0,0.0,4.0,0.0,0.0,-108.0,0.0,0.0,0.0,0.0,3.0,1.0,0.0,1200.0,82.0,83.0,2521.0,2521.0,8.9,5.6,0.0,5.6,24.3,0.0,0.0,14.4,0.0,0.0,6.1,40.4,35.2,0.0,0.0,0.0,0.0,190.0,716.0,185.0,716.0,194.0,708.0,191.0,707.0,0.0,0.0,-31.0,0.0,0.0,24.3,1.0,4.998,0.0,0.0,2.053,2.018,81.6,83.4,0.0,0.0,0.0,,0.0,78.8,181.4,0.0,0.0,0.0,0.0,374.0,1320.8,365.0,1320.8,381.2,1306.4,375.8,1304.6,0.0,0.0,182.12,2521.0,374.0,295.2,103.32000000000001,1.4560555555555552,76811.22166666665,22.53571428571429,118.78,123.15,392.0,True,2026-09-05 12:08:19-07:00
1031.06,2,9,2026-09-05 19:25:11,37.0794,-121.57874,992.0,123.6,159.2,-12.6,0.0,,0.0,0.0,0.0,-0.3,13.0,148.1,114.5,953.0,1.8,-0.03,1.1,0.0,-474.0,26,118.8,29.98,2482.0,0.0,0.0,106,0.0,0.0,0.0,0.0,0.0,0.0,0.0,0.0,0.0,0.0,0.0,0.0,3.0,0.0,0.0,-107.0,0.0,0.0,0.0,0.0,3.0,1.0,0.0,1200.0,82.0,83.0,2513.0,2513.0,8.7,5.2,0.0,5.2,24.3,0.0,0.0,14.4,0.0,0.0,6.2,40.4,35.2,0.0,0.0,0.0,0.0,189.0,719.0,184.0,720.0,193.0,709.0,190.0,708.0,0.0,0.0,-31.0,0.0,0.0,24.3,1.0,4.998,0.0,0.0,1.998,1.956,81.6,83.5,0.0,0.0,0.0,,0.0,78.8,181.4,0.0,0.0,0.0,0.0,372.2,1326.2,363.2,1328.0,379.4,1308.2,374.0,1306.4,0.0,0.0,182.3,2513.0,372.2,293.4,103.50000000000001,1.4575555555555553,77021.88633333331,23.769230769230766,114.98,119.2,392.0,True,2026-09-05 12:08:19-07:00
1032.06,2,9,2026-09-05 19:25:12,37.07887,-121.57851,984.0,120.9,161.6,-12.6,0.0,,0.0,0.0,0.0,-0.8,21.5,150.9,113.3,947.0,2.5,-0.03,1.2,0.0,-448.0,26,117.5,29.98,2470.0,0.0,0.0,106,0.0,0.0,0.0,0.0,0.0,0.0,0.0,0.0,0.0,0.0,0.0,0.0,1.0,0.0,0.0,-106.0,0.0,0.0,0.0,0.0,3.0,1.0,0.0,1200.0,82.0,84.0,2527.0,2527.0,8.7,4.9,0.0,4.9,24.3,0.0,0.0,14.3,0.0,0.0,6.9,40.4,35.2,0.0,0.0,0.0,0.0,189.0,721.0,184.0,725.0,193.0,710.0,190.0,707.0,0.0,0.0,-31.0,0.0,0.0,24.3,1.0,4.996,0.0,0.0,2.045,2.047,81.5,83.6,0.0,0.0,0.0,,0.0,78.8,183.2,0.0,0.0,0.0,0.0,372.2,1329.8,363.2,1337.0,379.4,1310.0,374.0,1304.6,0.0,0.0,182.48,2527.0,372.2,293.4,103.67999999999999,1.4589583333333331,77228.08133333332,24.6734693877551,113.78,117.94,392.0,True,2026-09-05 12:08:19-07:00
1033.06,2,9,2026-09-05 19:25:13,37.07834,-121.57831,975.0,118.5,165.7,-12.6,0.0,,0.0,0.0,0.0,-0.4,27.0,154.0,112.8,938.0,2.7,0.02,1.0,0.0,-484.0,26,117.0,29.98,2456.0,0.0,0.0,106,0.0,0.0,0.0,0.0,0.0,0.0,0.0,0.0,0.0,0.0,0.0,0.0,1.0,0.0,0.0,-106.0,0.0,0.0,0.0,0.0,3.0,1.0,0.0,1200.0,81.0,84.0,2527.0,2527.0,8.7,4.7,0.0,4.7,24.3,0.0,0.0,14.3,0.0,0.0,7.6,40.5,35.2,0.0,0.0,0.0,0.0,188.0,721.0,183.0,728.0,192.0,711.0,189.0,707.0,0.0,0.0,-30.0,0.0,0.0,24.3,1.0,4.996,0.0,0.0,2.062,2.035,81.3,83.8,0.0,0.0,0.0,,0.0,78.8,183.2,0.0,0.0,0.0,0.0,370.4,1329.8,361.4,1342.4,377.6,1311.8,372.2,1304.6,0.0,0.0,182.83999999999997,2527.0,370.4,291.59999999999997,104.03999999999998,1.4602916666666663,77429.97533333332,25.21276595744681,113.28,117.4,392.0,True,2026-09-05 12:08:19-07:00
1034.06,2,9,2026-09-05 19:25:14,37.07781,-121.57816,966.0,115.8,170.0,-12.6,0.0,,0.0,0.0,0.0,-1.5,30.3,160.3,109.7,930.0,5.0,-0.03,1.1,0.0,-476.0,26,113.7,29.98,2445.0,0.0,0.0,106,0.0,0.0,0.0,0.0,0.0,0.0,0.0,0.0,0.0,0.0,0.0,0.0,-1.0,0.0,0.0,-105.0,0.0,0.0,0.0,0.0,3.0,1.0,0.0,1200.0,81.0,84.0,2513.0,2513.0,8.7,4.5,0.0,4.5,24.3,0.0,0.0,14.3,0.0,0.0,7.7,40.5,35.2,0.0,0.0,0.0,0.0,187.0,722.0,182.0,732.0,191.0,711.0,188.0,706.0,0.0,0.0,-29.0,0.0,0.0,24.3,1.0,4.996,0.0,0.0,1.973,2.05,81.4,83.9,0.0,0.0,0.0,,0.0,78.8,183.2,0.0,0.0,0.0,0.0,368.6,1331.6,359.6,1349.6,375.8,1311.8,370.4,1302.8,0.0,0.0,183.02,2513.0,368.6,289.8,104.22000000000001,1.4615694444444443,77627.56833333331,25.733333333333334,110.18,114.17,392.0,True,2026-09-05 12:08:19-07:00
1035.06,2,8,2026-09-05 19:25:15,37.07728,-121.57808,956.0,113.4,175.4,-12.6,0.0,,0.0,0.0,0.0,-1.2,31.6,165.5,109.3,923.0,5.2,0.01,1.3,0.0,-461.0,26,113.3,29.98,2434.0,0.0,0.0,106,0.0,0.0,0.0,0.0,0.0,0.0,0.0,0.0,0.0,0.0,0.0,0.0,-2.0,0.0,0.0,-104.0,0.0,0.0,0.0,0.0,3.0,0.0,0.0,1200.0,82.0,84.0,2540.0,2540.0,8.7,4.4,0.0,4.4,24.2,0.0,0.0,14.3,0.0,0.0,7.9,40.5,35.2,0.0,0.0,0.0,0.0,187.0,724.0,182.0,733.0,191.0,711.0,188.0,703.0,0.0,0.0,-28.0,0.0,0.0,24.2,1.0,4.996,0.0,0.0,2.01,2.041,81.6,83.7,0.0,0.0,0.0,,0.0,78.8,183.2,0.0,0.0,0.0,0.0,368.6,1335.2,359.6,1351.4,375.8,1311.8,370.4,1297.4,0.0,0.0,182.66000000000003,2540.0,368.6,289.8,103.86000000000003,1.4628055555555552,77820.86033333332,25.772727272727273,109.78,113.74,392.0,True,2026-09-05 12:08:19-07:00
1036.06,2,8,2026-09-05 19:25:16,37.07676,-121.57806,948.0,111.2,181.1,-12.6,0.0,,0.0,0.0,0.0,-2.0,31.2,172.0,105.3,915.0,6.1,-0.04,1.1,0.0,-454.0,26,109.1,29.98,2425.0,0.0,0.0,106,0.0,0.0,0.0,0.0,0.0,0.0,0.0,0.0,0.0,0.0,0.0,0.0,-1.0,0.0,0.0,-104.0,0.0,0.0,0.0,0.0,3.0,1.0,0.0,1200.0,82.0,84.0,2513.0,2513.0,8.7,4.3,0.0,4.3,24.3,0.0,0.0,14.3,0.0,0.0,7.9,40.5,35.2,0.0,0.0,0.0,0.0,186.0,727.0,181.0,734.0,190.0,711.0,187.0,703.0,0.0,0.0,-28.0,0.0,0.0,24.3,1.0,4.996,0.0,0.0,2.053,2.07,81.6,83.6,0.0,0.0,0.0,,0.0,78.8,183.2,0.0,0.0,0.0,0.0,366.8,1340.6,357.8,1353.2,374.0,1311.8,368.6,1297.4,0.0,0.0,182.48,2513.0,366.8,288.0,103.67999999999999,1.4640138888888887,78010.27299999999,25.860465116279073,105.78,109.58,392.0,True,2026-09-05 12:08:19-07:00
1037.06,2,8,2026-09-05 19:25:17,37.07626,-121.5781,938.0,109.6,186.5,-12.6,0.0,,0.0,0.0,0.0,-2.1,32.7,177.7,103.0,906.0,5.9,0.0,0.9,0.0,-491.0,26,106.7,29.98,2414.0,0.0,0.0,106,0.0,0.0,0.0,0.0,0.0,0.0,0.0,0.0,0.0,0.0,0.0,0.0,-5.0,0.0,0.0,-103.0,0.0,0.0,0.0,0.0,3.0,1.0,0.0,1200.0,80.0,84.0,2433.0,2433.0,8.5,4.1,0.0,4.1,24.3,0.0,0.0,14.3,0.0,0.0,7.4,40.5,35.2,0.0,0.0,0.0,0.0,185.0,730.0,180.0,731.0,190.0,712.0,186.0,702.0,0.0,0.0,-28.0,0.0,0.0,24.3,1.0,4.996,0.0,0.0,2.013,2.063,79.5,83.7,0.0,0.0,0.0,,0.0,78.8,183.2,0.0,0.0,0.0,0.0,365.0,1346.0,356.0,1347.8,374.0,1313.6,366.8,1295.6,0.0,0.0,182.66000000000003,2433.0,365.45,286.65,103.86000000000003,1.4651805555555553,78196.48099999999,26.731707317073173,103.48,107.18,392.0,True,2026-09-05 12:08:19-07:00
1038.06,2,8,2026-09-05 19:25:18,37.07576,-121.5782,926.0,106.2,192.6,-12.6,0.0,,0.0,0.0,0.0,-2.0,30.7,183.4,101.5,896.0,6.0,-0.03,1.1,0.0,-535.0,26,105.1,29.98,2402.0,0.0,0.0,106,0.0,0.0,0.0,0.0,0.0,0.0,0.0,0.0,0.0,0.0,0.0,0.0,-3.0,0.0,0.0,-103.0,0.0,0.0,0.0,0.0,3.0,1.0,0.0,1200.0,79.0,84.0,2388.0,2388.0,8.4,4.0,0.0,4.0,24.3,0.0,0.0,14.3,0.0,0.0,7.1,40.5,35.2,0.0,0.0,0.0,0.0,184.0,738.0,180.0,720.0,189.0,712.0,186.0,702.0,0.0,0.0,-27.0,0.0,0.0,24.3,1.0,4.996,0.0,0.0,1.959,1.815,78.5,83.9,0.0,0.0,0.0,,0.0,78.8,183.2,0.0,0.0,0.0,0.0,363.2,1360.4,356.0,1328.0,372.2,1313.6,366.8,1295.6,0.0,0.0,183.02,2388.0,364.55,285.75,104.22000000000001,1.4663055555555553,78378.47233333331,26.55,101.98,105.61,392.0,True,2026-09-05 12:08:19-07:00
1039.06,2,9,2026-09-05 19:25:19,37.07529,-121.57836,912.0,103.9,197.9,-12.6,0.0,,0.0,0.0,0.0,-2.0,27.8,189.1,100.2,884.0,5.6,-0.0,1.0,0.0,-619.0,26,103.7,29.98,2387.0,0.0,0.0,106,0.0,0.0,0.0,0.0,0.0,0.0,0.0,0.0,0.0,0.0,0.0,0.0,-3.0,0.0,0.0,-103.0,0.0,0.0,0.0,0.0,3.0,1.0,0.0,1200.0,79.0,84.0,2418.0,2418.0,8.3,3.8,0.0,3.8,24.3,0.0,0.0,14.3,0.0,0.0,6.6,40.5,35.2,0.0,0.0,0.0,0.0,184.0,740.0,179.0,717.0,189.0,713.0,185.0,702.0,0.0,0.0,-26.0,0.0,0.0,24.3,1.0,4.996,0.0,0.0,2.069,1.985,78.9,83.9,0.0,0.0,0.0,,0.0,78.8,183.2,0.0,0.0,0.0,0.0,363.2,1364.0,354.2,1322.6,372.2,1315.4,365.0,1295.6,0.0,0.0,183.02,2418.0,363.65000000000003,284.85,104.22000000000001,1.4673888888888886,78555.65666666665,27.342105263157897,100.68,104.24,392.0,True,2026-09-05 12:08:19-07:00
1040.06,2,9,2026-09-05 19:25:20,37.07485,-121.57858,895.0,102.0,203.3,-12.6,0.0,,0.0,0.0,0.0,-2.2,25.3,194.1,98.5,870.0,5.2,-0.0,1.1,0.0,-709.0,26,102.0,29.98,2370.0,0.0,0.0,106,0.0,0.0,0.0,0.0,0.0,0.0,0.0,0.0,0.0,0.0,0.0,0.0,-2.0,0.0,0.0,-103.0,0.0,0.0,0.0,0.0,3.0,1.0,0.0,1200.0,80.0,84.0,2445.0,2445.0,8.7,3.8,0.0,3.8,24.3,0.0,0.0,14.3,0.0,0.0,6.3,40.5,35.2,0.0,0.0,0.0,0.0,183.0,735.0,178.0,719.0,188.0,713.0,185.0,702.0,0.0,0.0,-26.0,0.0,0.0,24.3,1.0,4.998,0.0,0.0,2.059,1.971,79.9,83.8,0.0,0.0,0.0,,0.0,78.8,183.2,0.0,0.0,0.0,0.0,361.4,1355.0,352.4,1326.2,370.4,1315.4,365.0,1295.6,0.0,0.0,182.83999999999997,2445.0,362.29999999999995,283.49999999999994,104.03999999999998,1.4684444444444442,78729.29899999998,26.842105263157897,98.98,102.45,392.0,True,2026-09-05 12:08:19-07:00
1041.06,2,9,2026-09-05 19:25:21,37.07442,-121.57883,877.0,100.6,208.4,-12.6,0.0,,0.0,0.0,0.0,-2.5,23.8,198.8,97.1,855.0,4.8,-0.01,1.0,0.0,-779.0,26,100.5,29.98,2351.0,0.0,0.0,106,0.0,0.0,0.0,0.0,0.0,0.0,0.0,0.0,0.0,0.0,0.0,0.0,-2.0,0.0,0.0,-103.0,0.0,0.0,0.0,0.0,3.0,1.0,0.0,1200.0,80.0,84.0,2430.0,2430.0,9.0,3.9,0.0,3.9,24.2,0.0,0.0,14.3,0.0,0.0,6.3,40.5,35.2,0.0,0.0,0.0,0.0,183.0,731.0,178.0,718.0,188.0,712.0,184.0,701.0,0.0,0.0,-24.0,0.0,0.0,24.2,1.0,4.996,0.0,0.0,1.974,1.941,79.9,83.8,0.0,0.0,0.0,,0.0,78.8,183.2,0.0,0.0,0.0,0.0,361.4,1347.8,352.4,1324.4,370.4,1313.6,363.2,1293.8,0.0,0.0,182.83999999999997,2430.0,361.85,283.05,104.03999999999998,1.4695138888888886,78900.15833333331,25.794871794871796,97.58,100.98,392.0,True,2026-09-05 12:08:19-07:00
1042.06,2,9,2026-09-05 19:25:22,37.07403,-121.57912,858.0,99.5,212.8,-12.6,0.0,,0.0,0.0,0.0,-2.4,21.4,204.9,95.2,838.0,5.5,-0.03,1.2,2.0,-876.0,26,98.6,29.98,2330.0,0.0,0.0,106,0.0,0.0,0.0,0.0,0.0,0.0,0.0,0.0,0.0,0.0,0.0,0.0,-2.0,0.0,0.0,-102.0,0.0,0.0,0.0,0.0,3.0,1.0,0.0,1200.0,80.0,84.0,2395.0,2395.0,9.1,3.9,0.0,3.9,24.2,0.0,0.0,14.3,0.0,0.0,6.3,40.5,35.2,0.0,0.0,0.0,0.0,182.0,728.0,177.0,717.0,187.0,711.0,183.0,700.0,0.0,0.0,-23.0,0.0,0.0,24.2,1.0,4.996,0.0,0.0,1.888,1.913,79.5,83.9,0.0,0.0,0.0,,0.0,78.8,183.2,0.0,0.0,0.0,0.0,359.6,1342.4,350.6,1322.6,368.6,1311.8,361.4,1292.0,0.0,0.0,183.02,2395.0,360.04999999999995,281.24999999999994,104.22000000000001,1.470597222222222,79068.90933333331,25.512820512820515,95.68,98.98,392.0,True,2026-09-05 12:08:19-07:00
1043.06,2,9,2026-09-05 19:25:23,37.07365,-121.57945,841.0,98.8,217.7,-12.6,0.0,,0.0,0.0,0.0,-2.1,19.0,208.3,94.4,821.0,4.3,-0.0,1.0,0.0,-938.0,26,97.7,29.98,2309.0,0.0,0.0,106,0.0,0.0,0.0,0.0,0.0,0.0,0.0,0.0,0.0,0.0,0.0,0.0,-2.0,0.0,0.0,-103.0,0.0,0.0,0.0,0.0,3.0,1.0,0.0,1200.0,79.0,84.0,2376.0,2376.0,9.3,3.9,0.0,3.9,24.3,0.0,0.0,14.3,0.0,0.0,6.4,40.5,35.2,0.0,0.0,0.0,0.0,181.0,726.0,176.0,716.0,187.0,710.0,183.0,698.0,0.0,0.0,-24.0,0.0,0.0,24.3,1.0,4.996,0.0,0.0,1.912,1.959,79.0,84.0,0.0,0.0,0.0,,0.0,78.8,183.2,0.0,0.0,0.0,0.0,357.8,1338.8,348.8,1320.8,368.6,1310.0,361.4,1288.4,0.0,0.0,183.2,2376.0,359.15,280.34999999999997,104.39999999999999,1.4716805555555552,79236.14233333332,25.333333333333332,94.88000000000001,98.12,392.0,True,2026-09-05 12:08:19-07:00
1044.06,2,9,2026-09-05 19:25:24,37.0733,-121.57981,824.0,98.0,221.4,-12.6,0.0,,0.0,0.0,0.0,-2.6,18.6,213.1,93.6,805.0,4.4,-0.02,1.0,0.0,-964.0,26,96.9,29.98,2289.0,0.0,0.0,106,0.0,0.0,0.0,0.0,0.0,0.0,0.0,0.0,0.0,0.0,0.0,0.0,-2.0,0.0,0.0,-103.0,0.0,0.0,0.0,0.0,3.0,1.0,0.0,1200.0,79.0,84.0,2361.0,2361.0,9.3,3.9,0.0,3.9,24.2,0.0,0.0,14.3,0.0,0.0,6.3,40.5,35.2,0.0,0.0,0.0,0.0,181.0,723.0,176.0,715.0,186.0,709.0,182.0,699.0,0.0,0.0,-23.0,0.0,0.0,24.2,1.0,4.996,0.0,0.0,1.873,1.937,78.7,84.2,0.0,0.0,0.0,,0.0,78.8,183.2,0.0,0.0,0.0,0.0,357.8,1333.4,348.8,1319.0,366.8,1308.2,359.6,1290.2,0.0,0.0,183.56,2361.0,358.25,279.45,104.76,1.4727638888888885,79402.11033333332,25.128205128205128,94.08,97.27,392.0,True,2026-09-05 12:08:19-07:00
1045.06,2,9,2026-09-05 19:25:25,37.07297,-121.5802,808.0,97.2,225.6,-12.6,0.0,,0.0,0.0,0.0,-2.8,16.7,215.4,93.7,791.0,3.2,0.01,1.1,0.0,-924.0,26,96.9,29.98,2272.0,0.0,0.0,106,0.0,0.0,0.0,0.0,0.0,0.0,0.0,0.0,0.0,0.0,0.0,0.0,-2.0,0.0,0.0,-103.0,0.0,0.0,0.0,0.0,3.0,1.0,0.0,1200.0,78.0,84.0,2350.0,2350.0,9.4,3.9,0.0,3.9,24.2,0.0,0.0,14.3,0.0,0.0,6.4,40.5,35.2,0.0,0.0,0.0,0.0,180.0,720.0,175.0,716.0,186.0,709.0,182.0,698.0,0.0,0.0,-23.0,0.0,0.0,24.2,1.0,4.996,0.0,0.0,1.891,1.956,78.4,84.0,0.0,0.0,0.0,,0.0,78.8,183.2,0.0,0.0,0.0,0.0,356.0,1328.0,347.0,1320.8,366.8,1308.2,359.6,1288.4,0.0,0.0,183.2,2350.0,357.35,278.55,104.39999999999999,1.473847222222222,79566.72899999998,24.923076923076923,94.18,97.35,392.0,True,2026-09-05 12:08:19-07:00
1046.06,2,9,2026-09-05 19:25:26,37.07267,-121.58061,793.0,96.3,229.1,-12.6,0.0,,0.0,0.0,0.0,-2.9,13.3,219.1,94.5,779.0,3.3,-0.04,1.3,0.0,-827.0,26,97.7,29.98,2257.0,0.0,0.0,106,0.0,0.0,0.0,0.0,0.0,0.0,0.0,0.0,0.0,0.0,0.0,0.0,-3.0,0.0,0.0,-103.0,0.0,0.0,0.0,0.0,3.0,1.0,0.0,1200.0,78.0,84.0,2344.0,2344.0,9.4,3.9,0.0,3.9,24.2,0.0,0.0,14.3,0.0,0.0,6.8,40.5,35.2,0.0,0.0,0.0,0.0,180.0,717.0,175.0,715.0,185.0,708.0,181.0,698.0,0.0,0.0,-23.0,0.0,0.0,24.2,1.0,4.996,0.0,0.0,2.019,1.993,78.4,84.1,0.0,0.0,0.0,,0.0,78.8,183.2,0.0,0.0,0.0,0.0,356.0,1322.6,347.0,1319.0,365.0,1306.4,357.8,1288.4,0.0,0.0,183.38,2344.0,356.45,277.65,104.58,1.4749305555555554,79729.91399999998,24.692307692307693,94.98,98.15,392.0,True,2026-09-05 12:08:19-07:00
1047.06,2,9,2026-09-05 19:25:27,37.07238,-121.58104,781.0,95.1,231.9,-12.6,0.0,,0.0,0.0,0.0,-4.7,8.3,221.8,92.1,767.0,2.7,-0.01,1.0,0.0,-799.0,26,95.2,29.98,2242.0,0.0,0.0,106,0.0,0.0,0.0,0.0,0.0,0.0,0.0,0.0,0.0,0.0,0.0,0.0,0.0,0.0,0.0,-105.0,0.0,0.0,0.0,0.0,3.0,1.0,0.0,1200.0,78.0,84.0,2323.0,2323.0,9.6,3.8,0.0,3.8,24.2,0.0,0.0,14.3,0.0,0.0,7.2,40.5,35.2,0.0,0.0,0.0,0.0,179.0,717.0,174.0,716.0,185.0,708.0,181.0,697.0,0.0,0.0,-23.0,0.0,0.0,24.2,1.0,4.996,0.0,0.0,2.02,2.037,78.3,84.1,0.0,0.0,0.0,,0.0,78.8,183.2,0.0,0.0,0.0,0.0,354.2,1322.6,345.2,1320.8,365.0,1306.4,357.8,1286.6,0.0,0.0,183.38,2323.0,355.55,276.75,104.58,1.4759999999999998,79891.32799999998,25.026315789473685,92.58,95.65,392.0,True,2026-09-05 12:08:19-07:00
1048.06,2,9,2026-09-05 19:25:28,37.07212,-121.58147,771.0,93.7,234.1,-12.6,0.0,,0.0,0.0,0.0,-6.1,8.2,222.1,90.7,757.0,1.5,-0.02,0.8,0.0,-718.0,26,93.7,29.98,2230.0,0.0,0.0,106,0.0,0.0,0.0,0.0,0.0,0.0,0.0,0.0,0.0,0.0,0.0,0.0,-2.0,0.0,0.0,-104.0,0.0,0.0,0.0,0.0,3.0,1.0,0.0,1200.0,78.0,84.0,2285.0,2285.0,9.6,3.9,0.0,3.9,24.3,0.0,0.0,14.3,0.0,0.0,7.4,40.5,35.2,0.0,0.0,0.0,0.0,179.0,717.0,174.0,715.0,184.0,708.0,181.0,696.0,0.0,0.0,-23.0,0.0,0.0,24.3,1.0,4.996,0.0,0.0,2.131,2.113,77.6,84.2,0.0,0.0,0.0,,0.0,78.8,183.2,0.0,0.0,0.0,0.0,354.2,1322.6,345.2,1319.0,363.2,1306.4,357.8,1284.8,0.0,0.0,183.56,2285.0,355.1,276.3,104.76,1.477069444444444,80050.54933333331,24.025641025641026,91.18,94.19,392.0,True,2026-09-05 12:08:19-07:00
1049.06,2,9,2026-09-05 19:25:29,37.07187,-121.58191,753.0,92.7,235.1,-12.6,0.0,,0.0,0.0,0.0,-6.2,7.4,225.3,90.8,744.0,2.1,-0.02,0.8,0.0,-758.0,26,93.8,29.98,2214.0,0.0,0.0,106,0.0,0.0,0.0,0.0,0.0,0.0,0.0,0.0,0.0,0.0,0.0,0.0,-2.0,0.0,0.0,-101.0,0.0,0.0,0.0,0.0,3.0,1.0,0.0,1200.0,77.0,84.0,2275.0,2275.0,9.7,3.9,0.0,3.9,24.2,0.0,0.0,14.3,0.0,0.0,6.9,40.5,35.2,0.0,0.0,0.0,0.0,178.0,715.0,173.0,715.0,184.0,708.0,180.0,695.0,0.0,0.0,-19.0,0.0,0.0,24.2,1.0,4.996,0.0,0.0,1.909,2.086,77.3,84.4,0.0,0.0,0.0,,0.0,78.8,183.2,0.0,0.0,0.0,0.0,352.4,1319.0,343.4,1319.0,363.2,1306.4,356.0,1283.0,0.0,0.0,183.92000000000002,2275.0,353.75,274.95,105.12000000000002,1.4781527777777774,80207.74666666664,23.76923076923077,91.28,94.27,392.0,True,2026-09-05 12:08:19-07:00
1050.06,2,9,2026-09-05 19:25:30,37.07163,-121.58236,733.0,91.8,237.5,-12.6,0.0,,0.0,0.0,0.0,-5.4,5.0,225.2,90.0,728.0,1.0,-0.01,1.1,0.0,-833.0,26,92.9,29.98,2194.0,0.0,0.0,106,0.0,0.0,0.0,0.0,0.0,0.0,0.0,0.0,0.0,0.0,0.0,0.0,-2.0,0.0,0.0,-101.0,0.0,0.0,0.0,0.0,3.0,1.0,0.0,1200.0,77.0,84.0,2269.0,2269.0,9.8,3.9,0.0,3.9,24.2,0.0,0.0,14.3,0.0,0.0,6.4,40.5,35.2,0.0,0.0,0.0,0.0,178.0,714.0,173.0,715.0,184.0,706.0,180.0,694.0,0.0,0.0,-15.0,0.0,0.0,24.2,1.0,4.996,0.0,0.0,1.934,2.089,77.3,84.3,0.0,0.0,0.0,,0.0,78.8,183.2,0.0,0.0,0.0,0.0,352.4,1317.2,343.4,1319.0,363.2,1302.8,356.0,1281.2,0.0,0.0,183.73999999999998,2269.0,353.75,274.95,104.93999999999998,1.479236111111111,80363.34166666665,23.538461538461537,90.48,93.41,392.0,True,2026-09-05 12:08:19-07:00
1051.06,2,9,2026-09-05 19:25:31,37.07141,-121.5828,716.0,91.4,237.8,-12.6,0.0,,0.0,0.0,0.0,-5.4,2.5,229.3,89.9,709.0,2.4,-0.02,1.0,0.0,-942.0,26,92.8,29.98,2171.0,0.0,0.0,106,0.0,0.0,0.0,0.0,0.0,0.0,0.0,0.0,0.0,0.0,0.0,0.0,2.0,0.0,0.0,-101.0,0.0,0.0,0.0,0.0,3.0,1.0,0.0,1200.0,77.0,84.0,2254.0,2254.0,9.8,3.9,0.0,3.9,24.2,0.0,0.0,14.3,0.0,0.0,6.4,40.5,35.2,0.0,0.0,0.0,0.0,177.0,712.0,172.0,714.0,183.0,705.0,179.0,693.0,0.0,0.0,-8.0,0.0,0.0,24.2,1.0,4.996,0.0,0.0,2.015,2.095,77.1,84.3,0.0,0.0,0.0,,0.0,78.8,183.2,0.0,0.0,0.0,0.0,350.6,1313.6,341.6,1317.2,361.4,1301.0,354.2,1279.4,0.0,0.0,183.73999999999998,2254.0,351.94999999999993,273.1499999999999,104.93999999999998,1.4803194444444443,80517.84033333331,23.435897435897438,90.38000000000001,93.28,392.0,True,2026-09-05 12:08:19-07:00
1052.06,2,9,2026-09-05 19:25:32,37.07119,-121.58324,698.0,90.3,239.6,-12.6,0.0,,0.0,0.0,0.0,-4.6,6.9,228.3,88.2,692.0,0.8,-0.01,1.1,0.0,-989.0,26,91.0,29.98,2150.0,0.0,0.0,106,0.0,0.0,0.0,0.0,0.0,0.0,0.0,0.0,0.0,0.0,0.0,0.0,3.0,0.0,0.0,-99.0,0.0,0.0,0.0,0.0,3.0,1.0,0.0,1200.0,77.0,84.0,2242.0,2242.0,9.9,3.9,0.0,3.9,24.2,0.0,0.0,14.3,0.0,0.0,6.4,40.5,35.2,0.0,0.0,0.0,0.0,177.0,713.0,172.0,714.0,183.0,704.0,179.0,691.0,0.0,0.0,-4.0,0.0,0.0,24.2,1.0,4.996,0.0,0.0,2.181,2.087,77.1,84.4,0.0,0.0,0.0,,0.0,78.8,183.2,0.0,0.0,0.0,0.0,350.6,1315.4,341.6,1317.2,361.4,1299.2,354.2,1275.8,0.0,0.0,183.92000000000002,2242.0,351.94999999999993,273.1499999999999,105.12000000000002,1.4814027777777776,80671.07399999998,23.153846153846153,88.68,91.5,392.0,True,2026-09-05 12:08:19-07:00
1053.06,2,9,2026-09-05 19:25:33,37.07098,-121.5837,678.0,89.8,240.7,-12.6,0.0,,0.0,0.0,0.0,-3.9,8.3,230.9,87.1,673.0,1.3,0.03,1.0,0.0,-1055.0,26,89.8,29.98,2127.0,0.0,0.0,106,0.0,0.0,0.0,0.0,0.0,0.0,0.0,0.0,0.0,0.0,0.0,0.0,2.0,0.0,0.0,-99.0,0.0,0.0,0.0,0.0,3.0,1.0,0.0,1200.0,77.0,85.0,2236.0,2236.0,9.9,4.0,0.0,4.0,24.2,0.0,0.0,14.3,0.0,0.0,6.5,40.5,35.2,0.0,0.0,0.0,0.0,177.0,713.0,172.0,715.0,182.0,703.0,178.0,691.0,0.0,0.0,1.0,0.0,0.0,24.2,1.0,4.998,0.0,0.0,2.065,1.98,76.8,84.5,0.0,0.0,0.0,,0.0,78.8,185.0,0.0,0.0,0.0,0.0,350.6,1315.4,341.6,1319.0,359.6,1297.4,352.4,1275.8,0.0,0.0,184.1,2236.0,351.04999999999995,272.24999999999994,105.3,1.4824999999999997,80822.95833333331,22.45,87.58,90.33,392.0,True,2026-09-05 12:08:19-07:00
1054.06,2,9,2026-09-05 19:25:34,37.07079,-121.58415,661.0,89.1,242.9,-12.6,0.0,,0.0,0.0,0.0,-4.0,9.1,234.3,87.1,656.0,2.8,-0.03,1.1,0.0,-1040.0,26,89.8,29.98,2099.0,0.0,0.0,106,0.0,0.0,0.0,0.0,0.0,0.0,0.0,0.0,0.0,0.0,0.0,0.0,2.0,0.0,0.0,-99.0,0.0,0.0,0.0,0.0,3.0,1.0,0.0,1200.0,78.0,85.0,2265.0,2265.0,10.3,4.0,0.0,4.0,24.2,0.0,0.0,14.3,0.0,0.0,6.4,40.5,35.2,0.0,0.0,0.0,0.0,176.0,711.0,171.0,711.0,182.0,702.0,178.0,690.0,0.0,0.0,2.0,0.0,0.0,24.2,1.0,4.996,0.0,0.0,1.956,2.015,77.5,84.8,0.0,0.0,0.0,,0.0,78.8,185.0,0.0,0.0,0.0,0.0,348.8,1311.8,339.8,1311.8,359.6,1295.6,352.4,1274.0,0.0,0.0,184.64,2265.0,350.15,271.34999999999997,105.83999999999999,1.4836111111111108,80973.83066666665,22.275,87.58,90.3,392.0,True,2026-09-05 12:08:19-07:00
1055.06,2,9,2026-09-05 19:25:35,37.07061,-121.58462,647.0,88.6,245.1,-12.6,0.0,,0.0,0.0,0.0,-3.4,8.9,236.0,87.6,641.0,2.1,0.01,1.2,0.0,-977.0,26,90.3,29.98,2083.0,0.0,0.0,106,0.0,0.0,0.0,0.0,0.0,0.0,0.0,0.0,0.0,0.0,0.0,0.0,-2.0,0.0,0.0,-98.0,0.0,0.0,0.0,0.0,3.0,1.0,0.0,1200.0,78.0,85.0,2280.0,2280.0,10.3,4.1,0.0,4.1,24.1,0.0,0.0,14.3,0.0,0.0,6.1,40.5,35.2,0.0,0.0,0.0,0.0,175.0,709.0,170.0,708.0,182.0,702.0,178.0,689.0,0.0,0.0,4.0,0.0,0.0,24.1,1.0,4.996,0.0,0.0,1.891,2.009,77.9,84.6,0.0,0.0,0.0,,0.0,78.8,185.0,0.0,0.0,0.0,0.0,347.0,1308.2,338.0,1306.4,359.6,1295.6,352.4,1272.2,0.0,0.0,184.28,2280.0,349.25,270.45,105.48,1.4847361111111108,81123.69099999998,21.609756097560975,88.08,90.79,392.0,True,2026-09-05 12:08:19-07:00
1056.06,2,9,2026-09-05 19:25:36,37.07044,-121.58508,636.0,87.7,247.3,-12.6,0.0,,0.0,0.0,0.0,-2.7,4.0,237.4,86.3,628.0,1.8,-0.02,1.0,0.0,-904.0,26,89.0,29.98,2064.0,0.0,0.0,106,0.0,0.0,0.0,0.0,0.0,0.0,0.0,0.0,0.0,0.0,0.0,0.0,-2.0,0.0,0.0,-98.0,0.0,0.0,0.0,0.0,3.0,1.0,0.0,1200.0,78.0,85.0,2268.0,2268.0,10.3,4.1,0.0,4.1,24.2,0.0,0.0,14.3,0.0,0.0,6.1,40.5,35.2,0.0,0.0,0.0,0.0,175.0,706.0,170.0,706.0,181.0,702.0,177.0,690.0,0.0,0.0,4.0,0.0,0.0,24.2,1.0,4.998,0.0,0.0,1.951,1.984,77.8,84.6,0.0,0.0,0.0,,0.0,78.8,185.0,0.0,0.0,0.0,0.0,347.0,1302.8,338.0,1302.8,357.8,1295.6,350.6,1274.0,0.0,0.0,184.28,2268.0,348.35,269.55,105.48,1.4858749999999998,81272.37066666665,21.39024390243903,86.78,89.43,392.0,True,2026-09-05 12:08:19-07:00
1057.06,2,9,2026-09-05 19:25:37,37.07029,-121.58555,626.0,86.7,248.1,-12.6,0.0,,0.0,0.0,0.0,-1.3,5.0,238.3,84.7,618.0,1.1,-0.01,1.0,0.0,-807.0,26,87.3,29.98,2048.0,0.0,0.0,106,0.0,0.0,0.0,0.0,0.0,0.0,0.0,0.0,0.0,0.0,0.0,0.0,9.0,0.0,0.0,-98.0,0.0,0.0,0.0,0.0,3.0,1.0,0.0,1200.0,77.0,85.0,2243.0,2243.0,10.4,4.2,0.0,4.2,24.2,0.0,0.0,14.3,0.0,0.0,6.2,40.5,35.2,0.0,0.0,0.0,0.0,175.0,704.0,170.0,704.0,181.0,701.0,177.0,690.0,0.0,0.0,4.0,0.0,0.0,24.2,1.0,4.996,0.0,0.0,1.886,1.92,77.3,84.7,0.0,0.0,0.0,,0.0,78.8,185.0,0.0,0.0,0.0,0.0,347.0,1299.2,338.0,1299.2,357.8,1293.8,350.6,1274.0,0.0,0.0,184.46,2243.0,348.35,269.55,105.66000000000001,1.4870277777777776,81419.44799999999,20.642857142857142,85.18,87.77,392.0,True,2026-09-05 12:08:19-07:00
1058.06,2,9,2026-09-05 19:25:38,37.07014,-121.58601,618.0,85.2,249.9,-12.6,0.0,,0.0,0.0,0.0,-0.5,16.1,242.1,83.6,609.0,2.7,-0.01,1.1,1.0,-691.0,26,86.1,29.98,2039.0,0.0,0.0,106,0.0,0.0,0.0,0.0,0.0,0.0,0.0,0.0,0.0,0.0,0.0,0.0,6.0,0.0,0.0,-98.0,0.0,0.0,0.0,0.0,3.0,1.0,0.0,1200.0,77.0,85.0,2220.0,2220.0,10.5,4.2,0.0,4.2,24.2,0.0,0.0,14.3,0.0,0.0,6.5,40.5,35.2,0.0,0.0,0.0,0.0,174.0,702.0,169.0,702.0,181.0,701.0,177.0,690.0,0.0,0.0,4.0,0.0,0.0,24.2,1.0,4.996,0.0,0.0,1.937,2.015,77.1,84.9,0.0,0.0,0.0,,0.0,78.8,185.0,0.0,0.0,0.0,0.0,345.2,1295.6,336.2,1295.6,357.8,1293.8,350.6,1274.0,0.0,0.0,184.82,2220.0,347.45000000000005,268.65000000000003,106.02,1.4881944444444442,81564.41699999999,20.285714285714285,84.08,86.62,392.0,True,2026-09-05 12:08:19-07:00
1059.06,2,9,2026-09-05 19:25:39,37.07002,-121.58648,611.0,83.6,254.4,-12.6,0.0,,0.0,0.0,0.0,-0.4,22.4,245.9,81.0,601.0,3.4,0.02,1.1,0.0,-614.0,26,83.5,29.98,2028.0,0.0,0.0,106,0.0,0.0,0.0,0.0,0.0,0.0,0.0,0.0,0.0,0.0,0.0,0.0,1.0,0.0,0.0,-97.0,0.0,0.0,0.0,0.0,3.0,1.0,0.0,1200.0,77.0,85.0,2180.0,2180.0,10.7,4.2,0.0,4.2,24.2,0.0,0.0,14.3,0.0,0.0,7.4,40.5,35.2,0.0,0.0,0.0,0.0,174.0,700.0,169.0,702.0,180.0,700.0,176.0,690.0,0.0,0.0,4.0,0.0,0.0,24.2,1.0,4.996,0.0,0.0,1.926,2.023,76.7,85.1,0.0,0.0,0.0,,0.0,78.8,185.0,0.0,0.0,0.0,0.0,345.2,1292.0,336.2,1295.6,356.0,1292.0,348.8,1274.0,0.0,0.0,185.18,2180.0,346.55,267.75,106.38000000000001,1.489361111111111,81706.77166666665,19.9047619047619,81.48,83.93,392.0,True,2026-09-05 12:08:19-07:00
1060.06,2,9,2026-09-05 19:25:40,37.06993,-121.58694,606.0,82.3,259.3,-12.6,0.0,,0.0,0.0,0.0,-0.3,21.5,252.8,80.9,595.0,5.4,-0.01,1.1,4.0,-513.0,26,83.3,29.98,2019.0,0.0,0.0,106,0.0,0.0,0.0,0.0,0.0,0.0,0.0,0.0,0.0,0.0,0.0,0.0,1.0,0.0,0.0,-95.0,0.0,0.0,0.0,0.0,3.0,1.0,0.0,1200.0,76.0,85.0,2172.0,2172.0,10.8,4.2,0.0,4.2,24.1,0.0,0.0,14.3,0.0,0.0,7.7,40.5,35.2,0.0,0.0,0.0,0.0,174.0,698.0,169.0,699.0,180.0,701.0,176.0,689.0,0.0,0.0,4.0,0.0,0.0,24.1,1.0,4.996,0.0,0.0,1.888,1.975,76.3,85.1,0.0,0.0,0.0,,0.0,78.8,185.0,0.0,0.0,0.0,0.0,345.2,1288.4,336.2,1290.2,356.0,1293.8,348.8,1272.2,0.0,0.0,185.18,2172.0,346.55,267.75,106.38000000000001,1.4905277777777775,81846.68066666665,19.595238095238095,81.38000000000001,83.82,392.0,True,2026-09-05 12:08:19-07:00
1061.06,2,9,2026-09-05 19:25:41,37.06989,-121.58741,599.0,81.0,265.5,-12.6,0.0,,0.0,0.0,0.0,0.4,23.3,258.2,79.0,589.0,5.6,0.01,1.1,2.0,-451.0,26,81.4,29.98,2012.0,0.0,0.0,106,0.0,0.0,0.0,0.0,0.0,0.0,0.0,0.0,0.0,0.0,0.0,0.0,2.0,0.0,0.0,-95.0,0.0,0.0,0.0,0.0,3.0,1.0,0.0,1200.0,76.0,85.0,2151.0,2151.0,10.9,4.3,0.0,4.3,24.2,0.0,0.0,14.3,0.0,0.0,8.0,40.5,35.2,0.0,0.0,0.0,0.0,173.0,697.0,168.0,697.0,180.0,700.0,176.0,689.0,0.0,0.0,3.0,0.0,0.0,24.2,1.0,4.996,0.0,0.0,1.826,1.913,76.3,85.0,0.0,0.0,0.0,,0.0,78.8,185.0,0.0,0.0,0.0,0.0,343.4,1286.6,334.4,1286.6,356.0,1292.0,348.8,1272.2,0.0,0.0,185.0,2151.0,345.65,266.84999999999997,106.2,1.4917083333333332,81984.39699999998,18.837209302325583,79.48,81.85,392.0,True,2026-09-05 12:08:19-07:00
1062.06,2,9,2026-09-05 19:25:42,37.06987,-121.58788,593.0,79.6,271.2,-12.6,0.0,,0.0,0.0,0.0,0.4,24.5,265.2,78.0,586.0,6.4,-0.02,1.2,7.0,-368.0,26,80.4,29.98,2009.0,0.0,0.0,106,0.0,0.0,0.0,0.0,0.0,0.0,0.0,0.0,0.0,0.0,0.0,0.0,2.0,0.0,0.0,-96.0,0.0,0.0,0.0,0.0,3.0,1.0,0.0,1200.0,76.0,85.0,2131.0,2131.0,11.0,4.3,0.0,4.3,24.1,0.0,0.0,14.3,0.0,0.0,7.8,40.5,35.2,0.0,0.0,0.0,0.0,173.0,698.0,168.0,695.0,179.0,701.0,175.0,690.0,0.0,0.0,4.0,0.0,0.0,24.1,1.0,4.996,0.0,0.0,1.826,1.899,75.5,85.0,0.0,0.0,0.0,,0.0,78.8,185.0,0.0,0.0,0.0,0.0,343.4,1288.4,334.4,1283.0,354.2,1293.8,347.0,1274.0,0.0,0.0,185.0,2131.0,344.75,265.95,106.2,1.4929027777777775,82119.83633333331,18.511627906976745,78.48,80.82,392.0,True,2026-09-05 12:08:19-07:00
1063.06,2,9,2026-09-05 19:25:43,37.0699,-121.58833,588.0,78.2,278.0,-12.6,0.0,,0.0,0.0,0.0,-0.1,24.3,270.0,76.8,580.0,5.7,-0.0,1.1,4.0,-352.0,26,79.1,29.98,2001.0,0.0,0.0,106,0.0,0.0,0.0,0.0,0.0,0.0,0.0,0.0,0.0,0.0,0.0,0.0,2.0,0.0,0.0,-96.0,0.0,0.0,0.0,0.0,3.0,1.0,0.0,1200.0,76.0,85.0,2099.0,2099.0,11.1,4.3,0.0,4.3,24.1,0.0,0.0,14.3,0.0,0.0,8.0,40.5,35.2,0.0,0.0,0.0,0.0,173.0,697.0,167.0,694.0,179.0,701.0,175.0,690.0,0.0,0.0,3.0,0.0,0.0,24.1,1.0,4.996,0.0,0.0,1.83,1.96,75.5,85.1,0.0,0.0,0.0,,0.0,78.8,185.0,0.0,0.0,0.0,0.0,343.4,1286.6,332.6,1281.2,354.2,1293.8,347.0,1274.0,0.0,0.0,185.18,2099.0,344.30000000000007,265.50000000000006,106.38000000000001,1.494097222222222,82252.91433333332,18.186046511627907,77.28,79.57,392.0,True,2026-09-05 12:08:19-07:00
1064.06,2,9,2026-09-05 19:25:44,37.06997,-121.58877,583.0,76.9,284.1,-12.6,0.0,,0.0,0.0,0.0,-1.9,26.0,277.3,76.6,575.0,6.5,0.0,1.1,4.0,-331.0,26,78.9,29.98,1995.0,0.0,0.0,106,0.0,0.0,0.0,0.0,0.0,0.0,0.0,0.0,0.0,0.0,0.0,0.0,0.0,0.0,0.0,-96.0,0.0,0.0,0.0,0.0,3.0,1.0,0.0,1200.0,75.0,85.0,2061.0,2061.0,11.2,4.2,0.0,4.2,24.1,0.0,0.0,14.3,0.0,0.0,8.1,40.5,35.2,0.0,0.0,0.0,0.0,172.0,698.0,167.0,694.0,179.0,701.0,175.0,690.0,0.0,0.0,4.0,0.0,0.0,24.1,1.0,4.996,0.0,0.0,1.888,1.992,74.7,85.4,0.0,0.0,0.0,,0.0,78.8,185.0,0.0,0.0,0.0,0.0,341.6,1288.4,332.6,1281.2,354.2,1293.8,347.0,1274.0,0.0,0.0,185.72,2061.0,343.85,265.05,106.92,1.4952777777777775,82383.71533333331,18.30952380952381,77.08,79.36,392.0,True,2026-09-05 12:08:19-07:00
1065.06,2,9,2026-09-05 19:25:45,37.07008,-121.58919,578.0,75.9,291.4,-12.6,0.0,,0.0,0.0,0.0,-2.5,27.5,283.7,74.2,571.0,6.7,-0.03,1.0,4.0,-311.0,26,76.4,29.98,1990.0,0.0,0.0,106,0.0,0.0,0.0,0.0,0.0,0.0,0.0,0.0,0.0,0.0,0.0,0.0,0.0,0.0,0.0,-96.0,0.0,0.0,0.0,0.0,3.0,1.0,0.0,1200.0,74.0,85.0,2008.0,2008.0,11.2,4.2,0.0,4.2,24.1,0.0,0.0,14.3,0.0,0.0,7.3,40.5,35.2,0.0,0.0,0.0,0.0,172.0,700.0,167.0,696.0,178.0,701.0,174.0,690.0,0.0,0.0,4.0,0.0,0.0,24.1,1.0,4.996,0.0,0.0,1.887,1.996,73.9,85.2,0.0,0.0,0.0,,0.0,78.8,185.0,0.0,0.0,0.0,0.0,341.6,1292.0,332.6,1284.8,352.4,1293.8,345.2,1274.0,0.0,0.0,185.36,2008.0,342.94999999999993,264.1499999999999,106.56000000000002,1.4964444444444442,82512.57666666665,18.071428571428573,74.68,76.88,392.0,True,2026-09-05 12:08:19-07:00
1066.06,2,9,2026-09-05 19:25:46,37.07023,-121.58958,568.0,75.1,298.2,-12.6,0.0,,0.0,0.0,0.0,-2.5,25.1,289.1,74.8,563.0,5.8,0.04,1.1,5.0,-360.0,26,77.0,29.98,1981.0,0.0,0.0,106,0.0,0.0,0.0,0.0,0.0,0.0,0.0,0.0,0.0,0.0,0.0,0.0,0.0,0.0,0.0,-95.0,0.0,0.0,0.0,0.0,3.0,1.0,0.0,1200.0,73.0,85.0,1995.0,1995.0,11.3,4.2,0.0,4.2,24.1,0.0,0.0,14.3,0.0,0.0,6.8,40.5,35.2,0.0,0.0,0.0,0.0,172.0,701.0,166.0,698.0,178.0,701.0,174.0,689.0,0.0,0.0,3.0,0.0,0.0,24.1,1.0,4.996,0.0,0.0,1.904,1.978,73.2,85.1,0.0,0.0,0.0,,0.0,78.8,185.0,0.0,0.0,0.0,0.0,341.6,1293.8,330.8,1288.4,352.4,1293.8,345.2,1272.2,0.0,0.0,185.18,1995.0,342.5,263.7,106.38000000000001,1.4976111111111108,82639.91999999998,17.88095238095238,75.28,77.49,392.0,True,2026-09-05 12:08:19-07:00
1067.06,2,9,2026-09-05 19:25:47,37.07041,-121.58996,558.0,74.9,304.2,-12.6,0.0,,0.0,0.0,0.0,-4.2,22.5,298.3,74.0,554.0,7.9,-0.04,1.1,8.0,-444.0,26,76.2,29.98,1970.0,0.0,0.0,106,0.0,0.0,0.0,0.0,0.0,0.0,0.0,0.0,0.0,0.0,0.0,0.0,-2.0,0.0,0.0,-94.0,0.0,0.0,0.0,0.0,3.0,1.0,0.0,1200.0,74.0,85.0,2003.0,2003.0,11.4,4.2,0.0,4.2,24.1,0.0,0.0,14.3,0.0,0.0,6.6,40.5,35.2,0.0,0.0,0.0,0.0,171.0,701.0,166.0,698.0,178.0,700.0,174.0,688.0,0.0,0.0,3.0,0.0,0.0,24.1,1.0,4.996,0.0,0.0,1.917,1.958,73.7,85.1,0.0,0.0,0.0,,0.0,78.8,185.0,0.0,0.0,0.0,0.0,339.8,1293.8,330.8,1288.4,352.4,1292.0,345.2,1270.4,0.0,0.0,185.18,2003.0,342.04999999999995,263.24999999999994,106.38000000000001,1.4987777777777775,82766.41999999998,17.833333333333336,74.48,76.65,392.0,True,2026-09-05 12:08:19-07:00
1068.06,2,9,2026-09-05 19:25:48,37.07062,-121.5903,545.0,74.6,310.7,-12.6,0.0,,0.0,0.0,0.0,-3.7,21.3,302.4,73.7,544.0,5.9,-0.03,0.9,4.0,-523.0,26,75.9,29.98,1957.0,0.0,0.0,106,0.0,0.0,0.0,0.0,0.0,0.0,0.0,0.0,0.0,0.0,0.0,0.0,-2.0,0.0,0.0,-95.0,0.0,0.0,0.0,0.0,3.0,1.0,0.0,1200.0,73.0,85.0,1991.0,1991.0,11.4,4.2,0.0,4.2,24.1,0.0,0.0,14.3,0.0,0.0,6.6,40.5,35.2,0.0,0.0,0.0,0.0,171.0,701.0,166.0,698.0,177.0,700.0,174.0,688.0,0.0,0.0,3.0,0.0,0.0,24.1,1.0,4.996,0.0,0.0,1.97,1.903,73.0,85.2,0.0,0.0,0.0,,0.0,78.8,185.0,0.0,0.0,0.0,0.0,339.8,1293.8,330.8,1288.4,350.6,1292.0,345.2,1270.4,0.0,0.0,185.36,1991.0,341.59999999999997,262.79999999999995,106.56000000000002,1.4999444444444443,82892.49833333332,17.76190476190476,74.18,76.33,392.0,True,2026-09-05 12:08:19-07:00
1069.06,2,9,2026-09-05 19:25:49,37.07085,-121.59061,530.0,74.3,315.7,-12.6,0.0,,0.0,0.0,0.0,-3.4,21.0,307.7,73.1,531.0,5.3,0.01,1.1,11.0,-634.0,26,75.2,29.98,1940.0,0.0,0.0,106,0.0,0.0,0.0,0.0,0.0,0.0,0.0,0.0,0.0,0.0,0.0,0.0,-1.0,0.0,0.0,-95.0,0.0,0.0,0.0,0.0,3.0,1.0,0.0,1200.0,73.0,85.0,2008.0,2008.0,11.4,4.2,0.0,4.2,24.1,0.0,0.0,14.3,0.0,0.0,6.5,40.5,35.2,0.0,0.0,0.0,0.0,171.0,700.0,165.0,699.0,177.0,700.0,173.0,688.0,0.0,0.0,3.0,0.0,0.0,24.1,1.0,4.996,0.0,0.0,1.927,1.898,73.4,85.4,0.0,0.0,0.0,,0.0,78.8,185.0,0.0,0.0,0.0,0.0,339.8,1292.0,329.0,1290.2,350.6,1292.0,343.4,1270.4,0.0,0.0,185.72,2008.0,340.7,261.9,106.92,1.5011111111111108,83018.07066666665,17.69047619047619,73.58,75.7,392.0,True,2026-09-05 12:08:19-07:00
1070.06,2,9,2026-09-05 19:25:50,37.07111,-121.5909,514.0,74.7,321.9,-12.6,0.0,,0.0,0.0,0.0,-3.6,16.4,312.1,74.4,515.0,5.0,-0.03,1.1,8.0,-747.0,26,76.5,29.98,1921.0,0.0,0.0,106,0.0,0.0,0.0,0.0,0.0,0.0,0.0,0.0,0.0,0.0,0.0,0.0,-4.0,0.0,0.0,-95.0,0.0,0.0,0.0,0.0,3.0,1.0,0.0,1200.0,76.0,85.0,2103.0,2103.0,12.0,4.3,0.0,4.3,24.1,0.0,0.0,14.3,0.0,0.0,6.2,40.5,35.2,0.0,0.0,0.0,0.0,170.0,698.0,165.0,697.0,177.0,699.0,173.0,689.0,0.0,0.0,3.0,0.0,0.0,24.1,1.0,4.996,0.0,0.0,1.887,1.898,75.6,85.5,0.0,0.0,0.0,,0.0,78.8,185.0,0.0,0.0,0.0,0.0,338.0,1288.4,329.0,1286.6,350.6,1290.2,343.4,1272.2,0.0,0.0,185.9,2103.0,340.25,261.45,107.10000000000001,1.5022916666666664,83143.72733333331,17.372093023255815,74.88000000000001,77.01,392.0,True,2026-09-05 12:08:19-07:00
1071.06,2,9,2026-09-05 19:25:51,37.07139,-121.59115,496.0,75.2,325.9,-12.6,0.0,,0.0,0.0,0.0,-3.1,12.6,315.7,76.1,500.0,4.2,-0.04,1.2,8.0,-807.0,26,78.3,29.98,1903.0,0.0,0.0,106,0.0,0.0,0.0,0.0,0.0,0.0,0.0,0.0,0.0,0.0,0.0,0.0,1.0,0.0,0.0,-96.0,0.0,0.0,0.0,0.0,3.0,1.0,0.0,1200.0,76.0,86.0,2131.0,2131.0,12.2,4.4,0.0,4.4,32.7,0.0,0.0,14.3,0.0,0.0,7.3,40.5,35.2,0.0,0.0,0.0,0.0,170.0,696.0,165.0,693.0,177.0,699.0,173.0,691.0,0.0,0.0,3.0,0.0,0.0,32.7,1.0,4.996,0.0,0.0,1.887,1.868,75.8,85.6,0.0,0.0,0.0,,0.0,78.8,186.8,0.0,0.0,0.0,0.0,338.0,1284.8,329.0,1279.4,350.6,1290.2,343.4,1275.8,0.0,0.0,186.07999999999998,2131.0,340.25,261.45,107.27999999999999,1.5034999999999998,83270.14299999998,17.09090909090909,76.58,78.74,392.0,True,2026-09-05 12:08:19-07:00
1072.06,2,9,2026-09-05 19:25:52,37.07168,-121.59138,485.0,75.4,329.9,-12.6,0.0,,0.0,0.0,0.0,-3.4,7.4,317.1,77.6,486.0,2.7,0.02,1.0,2.0,-828.0,26,79.8,29.98,1886.0,0.0,0.0,106,0.0,0.0,0.0,0.0,0.0,0.0,0.0,0.0,0.0,0.0,0.0,0.0,1.0,0.0,0.0,-98.0,0.0,0.0,0.0,0.0,3.0,1.0,0.0,1200.0,75.0,86.0,2089.0,2089.0,11.7,4.4,0.0,4.4,33.6,0.0,0.0,14.3,0.0,0.0,8.5,40.5,35.2,0.0,0.0,0.0,0.0,170.0,694.0,165.0,693.0,176.0,699.0,173.0,692.0,0.0,0.0,-7.0,0.0,0.0,33.6,1.0,4.996,0.0,0.0,1.89,2.029,75.0,85.7,0.0,0.0,0.0,,0.0,78.8,186.8,0.0,0.0,0.0,0.0,338.0,1281.2,329.0,1279.4,348.8,1290.2,343.4,1277.6,0.0,0.0,186.26000000000002,2089.0,339.8,261.0,107.46000000000002,1.504722222222222,83397.14899999998,17.136363636363637,78.08,80.26,392.0,True,2026-09-05 12:08:19-07:00
1073.06,2,9,2026-09-05 19:25:53,37.07199,-121.59158,474.0,75.3,332.0,-12.6,0.0,,0.0,0.0,0.0,-4.6,7.4,320.6,77.7,475.0,3.1,0.01,1.0,0.0,-770.0,26,79.9,29.98,1872.0,0.0,0.0,106,0.0,0.0,0.0,0.0,0.0,0.0,0.0,0.0,0.0,0.0,0.0,0.0,-1.0,0.0,0.0,-98.0,0.0,0.0,0.0,0.0,3.0,1.0,0.0,1200.0,74.0,86.0,2040.0,2040.0,11.3,4.3,0.0,4.3,33.6,0.0,0.0,14.3,0.0,0.0,9.3,40.5,35.2,0.0,0.0,0.0,0.0,170.0,697.0,164.0,695.0,176.0,701.0,173.0,691.0,0.0,0.0,5.0,0.0,0.0,33.6,1.0,4.996,0.0,0.0,1.943,2.014,73.7,85.7,0.0,0.0,0.0,,0.0,78.8,186.8,0.0,0.0,0.0,0.0,338.0,1286.6,327.2,1283.0,348.8,1293.8,343.4,1275.8,0.0,0.0,186.26000000000002,2040.0,339.35,260.55,107.46000000000002,1.5059305555555553,83524.23933333332,17.511627906976745,78.18,80.35,392.0,True,2026-09-05 12:08:19-07:00
1074.06,2,9,2026-09-05 19:25:54,37.0723,-121.59178,463.0,74.9,333.6,-12.6,0.0,,0.0,0.0,0.0,-5.1,3.2,322.9,74.6,464.0,2.9,-0.06,0.9,0.0,-717.0,26,76.7,29.98,1858.0,0.0,0.0,106,0.0,0.0,0.0,0.0,0.0,0.0,0.0,0.0,0.0,0.0,0.0,0.0,13.0,0.0,0.0,-97.0,0.0,0.0,0.0,0.0,3.0,1.0,0.0,1200.0,73.0,86.0,1998.0,1998.0,11.3,4.3,0.0,4.3,33.8,0.0,0.0,14.3,0.0,0.0,9.8,40.5,35.2,0.0,0.0,0.0,0.0,169.0,701.0,164.0,698.0,176.0,701.0,173.0,691.0,0.0,0.0,4.0,0.0,0.0,33.8,1.0,4.996,0.0,0.0,1.963,1.996,73.2,85.9,0.0,0.0,0.0,,0.0,78.8,186.8,0.0,0.0,0.0,0.0,336.2,1293.8,327.2,1288.4,348.8,1293.8,343.4,1275.8,0.0,0.0,186.62,1998.0,338.90000000000003,260.1,107.82000000000001,1.5071249999999998,83650.90799999998,17.41860465116279,75.08,77.14,392.0,True,2026-09-05 12:08:19-07:00
1075.06,2,9,2026-09-05 19:25:55,37.07261,-121.59197,448.0,74.6,335.5,-12.6,0.0,,0.0,0.0,0.0,-4.1,8.2,321.9,74.8,451.0,0.6,0.02,0.9,2.0,-750.0,26,76.9,29.98,1842.0,0.0,0.0,106,0.0,0.0,0.0,0.0,0.0,0.0,0.0,0.0,0.0,0.0,0.0,0.0,-3.0,0.0,0.0,-97.0,0.0,0.0,0.0,0.0,3.0,1.0,0.0,1200.0,73.0,86.0,2017.0,2017.0,11.2,4.2,0.0,4.2,33.7,0.0,0.0,14.3,0.0,0.0,9.8,40.5,35.2,0.0,0.0,0.0,0.0,169.0,703.0,164.0,699.0,176.0,702.0,172.0,691.0,0.0,0.0,-5.0,0.0,0.0,33.7,1.0,4.996,0.0,0.0,1.953,1.962,73.1,86.0,0.0,0.0,0.0,,0.0,78.8,186.8,0.0,0.0,0.0,0.0,336.2,1297.4,327.2,1290.2,348.8,1295.6,341.6,1275.8,0.0,0.0,186.8,2017.0,338.45000000000005,259.65000000000003,108.00000000000001,1.5083055555555553,83776.98633333332,17.76190476190476,75.28,77.33,392.0,True,2026-09-05 12:08:19-07:00
1076.06,2,9,2026-09-05 19:25:56,37.07293,-121.59214,432.0,74.6,337.1,-12.6,0.0,,0.0,0.0,0.0,-3.6,3.3,324.2,75.1,436.0,1.6,-0.01,0.9,5.0,-823.0,26,77.2,29.98,1823.0,0.0,0.0,106,0.0,0.0,0.0,0.0,0.0,0.0,0.0,0.0,0.0,0.0,0.0,0.0,-3.0,0.0,0.0,-98.0,0.0,0.0,0.0,0.0,3.0,1.0,0.0,1200.0,74.0,86.0,2022.0,2022.0,11.4,4.2,0.0,4.2,33.6,0.0,0.0,14.3,0.0,0.0,9.9,40.5,35.2,0.0,0.0,0.0,0.0,169.0,701.0,163.0,699.0,175.0,702.0,172.0,690.0,0.0,0.0,-6.0,0.0,0.0,33.6,1.0,4.996,0.0,0.0,1.881,1.976,73.5,85.9,0.0,0.0,0.0,,0.0,78.8,186.8,0.0,0.0,0.0,0.0,336.2,1293.8,325.4,1290.2,347.0,1295.6,341.6,1274.0,0.0,0.0,186.62,2022.0,337.55,258.75,107.82000000000001,1.5094722222222219,83902.81166666665,17.76190476190476,75.58,77.62,392.0,True,2026-09-05 12:08:19-07:00
1077.06,2,9,2026-09-05 19:25:57,37.07325,-121.59231,416.0,74.2,338.2,-12.6,0.0,,0.0,0.0,0.0,-3.5,0.1,324.3,74.3,419.0,1.0,-0.01,1.0,6.0,-899.0,26,76.3,29.98,1803.0,0.0,0.0,106,0.0,0.0,0.0,0.0,0.0,0.0,0.0,0.0,0.0,0.0,0.0,0.0,-1.0,0.0,0.0,-97.0,0.0,0.0,0.0,0.0,3.0,1.0,0.0,1200.0,74.0,86.0,2018.0,2018.0,11.4,4.2,0.0,4.2,33.7,0.0,0.0,14.3,0.0,0.0,10.1,40.5,35.2,0.0,0.0,0.0,0.0,169.0,701.0,163.0,699.0,175.0,703.0,172.0,691.0,0.0,0.0,-7.0,0.0,0.0,33.7,1.0,4.996,0.0,0.0,1.838,2.021,73.5,86.0,0.0,0.0,0.0,,0.0,78.8,186.8,0.0,0.0,0.0,0.0,336.2,1293.8,325.4,1290.2,347.0,1297.4,341.6,1275.8,0.0,0.0,186.8,2018.0,337.55,258.75,108.00000000000001,1.5106388888888886,84028.29966666664,17.666666666666668,74.78,76.77,392.0,True,2026-09-05 12:08:19-07:00
1078.06,2,9,2026-09-05 19:25:58,37.07357,-121.59247,398.0,74.5,338.1,-12.6,0.0,,0.0,0.0,0.0,-3.0,-3.4,323.9,73.8,404.0,0.2,-0.03,1.0,9.0,-916.0,26,75.8,29.98,1784.0,0.0,0.0,106,0.0,0.0,0.0,0.0,0.0,0.0,0.0,0.0,0.0,0.0,0.0,0.0,5.0,0.0,0.0,-96.0,0.0,0.0,0.0,0.0,3.0,1.0,0.0,1200.0,75.0,86.0,2070.0,2070.0,11.8,4.2,0.0,4.2,33.4,0.0,0.0,14.3,0.0,0.0,10.3,40.5,35.2,0.0,0.0,0.0,0.0,168.0,701.0,163.0,698.0,175.0,703.0,171.0,692.0,0.0,0.0,-5.0,0.0,0.0,33.4,1.0,4.996,0.0,0.0,1.876,2.001,74.8,86.0,0.0,0.0,0.0,,0.0,78.8,186.8,0.0,0.0,0.0,0.0,334.4,1293.8,325.4,1288.4,347.0,1297.4,339.8,1277.6,0.0,0.0,186.8,2070.0,336.65,257.84999999999997,108.00000000000001,1.5118055555555554,84153.70333333331,17.738095238095237,74.28,76.24,392.0,True,2026-09-05 12:08:19-07:00
1079.06,2,9,2026-09-05 19:25:59,37.07388,-121.59263,382.0,74.6,337.8,-12.6,0.0,,0.0,0.0,0.0,-1.7,-0.2,323.0,72.6,387.0,-0.5,0.01,1.1,10.0,-937.0,26,74.5,29.98,1763.0,0.0,0.0,106,0.0,0.0,0.0,0.0,0.0,0.0,0.0,0.0,0.0,0.0,0.0,0.0,2.0,0.0,0.0,-94.0,0.0,0.0,0.0,0.0,3.0,1.0,0.0,1200.0,77.0,86.0,2177.0,2177.0,13.0,4.5,0.0,4.5,32.9,0.0,0.0,14.3,0.0,0.0,10.4,40.5,35.2,0.0,0.0,0.0,0.0,168.0,699.0,163.0,695.0,174.0,703.0,171.0,693.0,0.0,0.0,-6.0,0.0,0.0,32.9,1.0,4.996,0.0,0.0,1.895,1.899,77.1,86.2,0.0,0.0,0.0,,0.0,78.8,186.8,0.0,0.0,0.0,0.0,334.4,1290.2,325.4,1283.0,345.2,1297.4,339.8,1279.4,0.0,0.0,187.16000000000003,2177.0,336.2,257.4,108.36000000000003,1.5130138888888887,84279.44433333332,16.577777777777776,73.08,74.99,392.0,True,2026-09-05 12:08:19-07:00
1080.06,2,9,2026-09-05 19:26:00,37.0742,-121.5928,368.0,75.2,337.6,-12.6,0.0,,0.0,0.0,0.0,-1.4,-2.0,323.2,72.2,372.0,-0.0,-0.01,1.0,9.0,-910.0,26,74.1,29.98,1745.0,0.0,0.0,106,0.0,0.0,0.0,0.0,0.0,0.0,0.0,0.0,0.0,0.0,0.0,0.0,2.0,0.0,0.0,-97.0,0.0,0.0,0.0,0.0,3.0,1.0,0.0,1200.0,78.0,86.0,2224.0,2224.0,13.6,4.8,0.0,4.8,32.8,0.0,0.0,14.3,0.0,0.0,10.2,40.5,35.2,0.0,0.0,0.0,0.0,168.0,694.0,162.0,692.0,174.0,702.0,171.0,692.0,0.0,0.0,-7.0,0.0,0.0,32.8,1.0,4.996,0.0,0.0,1.821,1.886,78.4,86.3,0.0,0.0,8.0,R,0.0,78.8,186.8,0.0,0.0,0.0,0.0,334.4,1281.2,323.6,1277.6,345.2,1295.6,339.8,1277.6,0.0,0.0,187.33999999999997,2224.0,335.75,256.95,108.53999999999998,1.5143055555555553,84405.77566666665,15.666666666666668,72.68,74.55,392.0,True,2026-09-05 12:08:19-07:00
1081.06,2,9,2026-09-05 19:26:01,37.07452,-121.59296,360.0,75.5,337.3,-12.6,0.0,,0.0,0.0,0.0,-0.6,-1.5,322.8,72.7,360.0,-0.2,-0.0,1.1,9.0,-852.0,26,74.6,29.98,1730.0,0.0,0.0,106,0.0,0.0,0.0,0.0,0.0,0.0,0.0,0.0,0.0,0.0,0.0,0.0,1.0,0.0,0.0,-97.0,0.0,0.0,0.0,0.0,3.0,1.0,0.0,1200.0,78.0,86.0,2214.0,2214.0,13.7,5.1,0.0,5.1,32.9,0.0,0.0,14.3,0.0,0.0,10.1,40.5,35.2,0.0,0.0,0.0,0.0,168.0,691.0,162.0,689.0,174.0,700.0,171.0,691.0,0.0,0.0,3.0,0.0,0.0,32.9,1.0,4.996,0.0,0.0,1.774,1.902,78.3,86.2,0.0,0.0,11.0,R,0.0,78.8,186.8,0.0,0.0,0.0,0.0,334.4,1275.8,323.6,1272.2,345.2,1292.0,339.8,1275.8,0.0,0.0,187.16000000000003,2214.0,335.75,256.95,108.36000000000003,1.5156805555555553,84532.86599999998,14.803921568627452,73.18,75.05,392.0,True,2026-09-05 12:08:19-07:00
1082.06,2,9,2026-09-05 19:26:02,37.07484,-121.59313,350.0,75.5,337.2,-12.6,0.0,,0.0,0.0,0.0,-0.5,0.2,322.9,72.4,349.0,-0.1,0.01,1.0,7.0,-784.0,26,74.3,29.98,1716.0,0.0,0.0,106,0.0,0.0,0.0,0.0,0.0,0.0,0.0,0.0,0.0,0.0,0.0,0.0,0.0,0.0,0.0,-97.0,0.0,0.0,0.0,0.0,3.0,1.0,0.0,1200.0,77.0,86.0,2116.0,2116.0,13.1,5.2,0.0,5.2,33.2,0.0,0.0,14.3,0.0,0.0,10.2,40.5,35.2,0.0,0.0,0.0,0.0,167.0,688.0,162.0,687.0,174.0,699.0,171.0,690.0,0.0,0.0,3.0,0.0,0.0,33.2,1.0,4.996,0.0,0.0,1.813,1.917,76.6,86.2,0.0,0.0,0.0,,0.0,78.8,186.8,0.0,0.0,0.0,0.0,332.6,1270.4,323.6,1268.6,345.2,1290.2,339.8,1274.0,0.0,0.0,187.16000000000003,2116.0,335.3,256.5,108.36000000000003,1.5171111111111109,84660.20933333332,14.519230769230768,72.88000000000001,74.73,392.0,True,2026-09-05 12:08:19-07:00
1083.06,2,9,2026-09-05 19:26:03,37.07516,-121.5933,341.0,75.0,337.3,-12.6,0.0,,0.0,0.0,0.0,-1.2,-1.1,323.3,71.9,340.0,0.2,-0.02,1.1,11.0,-681.0,26,73.8,29.98,1705.0,0.0,0.0,106,0.0,0.0,0.0,0.0,0.0,0.0,0.0,0.0,0.0,0.0,0.0,0.0,2.0,0.0,0.0,-97.0,0.0,0.0,0.0,0.0,3.0,1.0,0.0,1200.0,75.0,86.0,2059.0,2059.0,12.5,5.1,0.0,5.1,33.4,0.0,0.0,14.3,0.0,0.0,10.4,40.5,35.2,0.0,0.0,0.0,0.0,167.0,692.0,162.0,687.0,174.0,698.0,171.0,690.0,0.0,0.0,3.0,0.0,0.0,33.4,1.0,4.996,0.0,0.0,1.849,1.826,75.0,86.3,0.0,0.0,0.0,,0.0,78.8,186.8,0.0,0.0,0.0,0.0,332.6,1277.6,323.6,1268.6,345.2,1288.4,339.8,1274.0,0.0,0.0,187.33999999999997,2059.0,335.3,256.5,108.53999999999998,1.5185416666666665,84787.13099999998,14.705882352941178,72.38000000000001,74.2,392.0,True,2026-09-05 12:08:19-07:00
1084.06,2,9,2026-09-05 19:26:04,37.07549,-121.59347,334.0,74.8,336.8,-12.6,0.0,,0.0,0.0,0.0,-1.2,-2.4,323.4,71.7,331.0,0.1,-0.02,0.9,5.0,-631.0,26,73.5,29.98,1693.0,0.0,0.0,106,0.0,0.0,0.0,0.0,0.0,0.0,0.0,0.0,0.0,0.0,0.0,0.0,2.0,0.0,0.0,-97.0,0.0,0.0,0.0,0.0,3.0,1.0,0.0,1200.0,74.0,86.0,2000.0,2000.0,12.1,4.9,0.0,4.9,33.6,0.0,0.0,14.3,0.0,0.0,10.6,40.5,35.2,0.0,0.0,0.0,0.0,167.0,693.0,162.0,689.0,174.0,700.0,171.0,691.0,0.0,0.0,3.0,0.0,0.0,33.6,1.0,4.996,0.0,0.0,1.826,1.918,73.8,86.4,0.0,0.0,0.0,,0.0,78.8,186.8,0.0,0.0,0.0,0.0,332.6,1279.4,323.6,1272.2,345.2,1292.0,339.8,1275.8,0.0,0.0,187.52,2000.0,335.3,256.5,108.72000000000001,1.5199305555555553,84913.46233333331,15.265306122448978,72.18,73.99,392.0,True,2026-09-05 12:08:19-07:00
1085.06,2,9,2026-09-05 19:26:05,37.07581,-121.59364,324.0,74.0,336.9,-12.6,0.0,,0.0,0.0,0.0,-1.3,-0.2,322.1,71.1,322.0,-0.6,0.0,0.9,6.0,-609.0,26,72.9,29.98,1682.0,0.0,0.0,106,0.0,0.0,0.0,0.0,0.0,0.0,0.0,0.0,0.0,0.0,0.0,0.0,0.0,0.0,0.0,-97.0,0.0,0.0,0.0,0.0,3.0,1.0,0.0,1200.0,71.0,87.0,1901.0,1901.0,11.6,4.7,0.0,4.7,33.8,0.0,0.0,14.3,0.0,0.0,10.4,40.5,35.2,0.0,0.0,0.0,0.0,167.0,696.0,162.0,693.0,174.0,700.0,171.0,692.0,0.0,0.0,2.0,0.0,0.0,33.8,1.0,4.996,0.0,0.0,1.887,1.981,71.3,86.6,0.0,0.0,0.0,,0.0,78.8,188.6,0.0,0.0,0.0,0.0,332.6,1284.8,323.6,1279.4,345.2,1292.0,339.8,1277.6,0.0,0.0,187.88,1901.0,335.3,256.5,109.08,1.5212638888888887,85038.95033333331,15.74468085106383,71.58,73.36,392.0,True,2026-09-05 12:08:19-07:00
1086.06,2,9,2026-09-05 19:26:06,37.07612,-121.5938,313.0,73.4,336.4,-12.6,0.0,,0.0,0.0,0.0,-0.9,-1.1,323.1,69.5,312.0,0.2,-0.01,1.0,12.0,-580.0,26,71.3,29.98,1671.0,0.0,0.0,106,0.0,0.0,0.0,0.0,0.0,0.0,0.0,0.0,0.0,0.0,0.0,0.0,-2.0,0.0,0.0,-95.0,0.0,0.0,0.0,0.0,3.0,1.0,0.0,1200.0,70.0,86.0,1831.0,1831.0,11.5,4.5,0.0,4.5,33.9,0.0,0.0,14.3,0.0,0.0,10.2,40.5,35.2,0.0,0.0,0.0,0.0,167.0,700.0,161.0,697.0,173.0,700.0,170.0,691.0,0.0,0.0,2.0,0.0,0.0,33.9,1.0,4.996,0.0,0.0,1.824,1.954,69.9,86.4,0.0,0.0,0.0,,0.0,78.8,186.8,0.0,0.0,0.0,0.0,332.6,1292.0,321.8,1286.6,343.4,1292.0,338.0,1275.8,0.0,0.0,187.52,1831.0,333.95000000000005,255.15000000000003,108.72000000000001,1.5225416666666665,85163.25766666664,16.311111111111114,69.98,71.71,392.0,True,2026-09-05 12:08:19-07:00
1087.06,2,9,2026-09-05 19:26:07,37.07643,-121.59397,302.0,72.6,336.5,-12.6,0.0,,0.0,0.0,0.0,0.3,-3.1,322.3,69.0,302.0,-0.1,-0.03,1.0,14.0,-607.0,26,70.7,29.98,1658.0,0.0,0.0,106,0.0,0.0,0.0,0.0,0.0,0.0,0.0,0.0,0.0,0.0,0.0,0.0,1.0,0.0,0.0,-93.0,0.0,0.0,0.0,0.0,3.0,1.0,0.0,1200.0,68.0,86.0,1776.0,1776.0,11.0,4.2,0.0,4.2,33.8,0.0,0.0,14.3,0.0,0.0,10.4,40.5,35.2,0.0,0.0,0.0,0.0,166.0,704.0,161.0,702.0,173.0,699.0,170.0,690.0,0.0,0.0,2.0,0.0,0.0,33.8,1.0,4.996,0.0,0.0,1.885,1.904,68.0,86.5,0.0,0.0,0.0,,0.0,78.8,186.8,0.0,0.0,0.0,0.0,330.8,1299.2,321.8,1295.6,343.4,1290.2,338.0,1274.0,0.0,0.0,187.7,1776.0,333.5,254.7,108.89999999999999,1.5237499999999997,85286.38433333332,17.285714285714285,69.48,71.18,392.0,True,2026-09-05 12:08:19-07:00
1088.06,2,9,2026-09-05 19:26:08,37.07674,-121.59414,293.0,71.6,335.6,-12.6,0.0,,0.0,0.0,0.0,2.4,0.7,321.4,68.5,293.0,-0.8,0.01,1.1,19.0,-590.0,26,70.2,29.98,1647.0,0.0,0.0,106,0.0,0.0,0.0,0.0,0.0,0.0,0.0,0.0,0.0,0.0,0.0,0.0,1.0,0.0,0.0,-94.0,0.0,0.0,0.0,0.0,3.0,1.0,0.0,1200.0,68.0,86.0,1764.0,1764.0,11.0,4.0,0.0,4.0,33.6,0.0,0.0,14.3,0.0,0.0,10.5,40.5,35.2,0.0,0.0,0.0,0.0,166.0,707.0,161.0,704.0,173.0,697.0,170.0,687.0,0.0,0.0,2.0,0.0,0.0,33.6,1.0,4.996,0.0,0.0,1.758,1.871,67.5,86.5,0.0,0.0,0.0,,0.0,78.8,186.8,0.0,0.0,0.0,0.0,330.8,1304.6,321.8,1299.2,343.4,1286.6,338.0,1268.6,0.0,0.0,187.7,1764.0,333.5,254.7,108.89999999999999,1.5248888888888887,85407.99299999999,17.9,68.98,70.66,392.0,True,2026-09-05 12:08:19-07:00
1089.06,2,9,2026-09-05 19:26:09,37.07704,-121.59431,288.0,70.3,336.0,-12.6,0.0,,0.0,0.0,0.0,2.4,0.1,322.3,65.8,284.0,0.2,0.04,1.0,16.0,-564.0,26,67.4,29.98,1636.0,0.0,0.0,106,0.0,0.0,0.0,0.0,0.0,0.0,0.0,0.0,0.0,0.0,0.0,0.0,0.0,0.0,0.0,-91.0,0.0,0.0,0.0,0.0,3.0,1.0,0.0,1200.0,64.0,87.0,1571.0,1571.0,9.2,3.7,0.0,3.7,34.3,0.0,0.0,14.3,0.0,0.0,10.7,40.5,35.2,0.0,0.0,0.0,0.0,166.0,702.0,161.0,703.0,172.0,695.0,170.0,685.0,0.0,0.0,2.0,0.0,0.0,34.3,1.0,4.996,0.0,0.0,1.851,1.866,64.2,86.5,0.0,0.0,0.0,,0.0,78.8,188.6,0.0,0.0,0.0,0.0,330.8,1295.6,321.8,1297.4,341.6,1283.0,338.0,1265.0,0.0,0.0,187.7,1571.0,333.05,254.25,108.89999999999999,1.525958333333333,85527.66199999998,19.0,66.28,67.88,392.0,True,2026-09-05 12:08:19-07:00
1090.06,2,9,2026-09-05 19:26:10,37.07733,-121.59447,283.0,68.2,336.0,-12.6,0.0,,0.0,0.0,0.0,3.1,2.7,323.7,64.9,278.0,1.1,-0.03,1.0,19.0,-477.0,26,66.5,29.98,1629.0,0.0,0.0,106,0.0,0.0,0.0,0.0,0.0,0.0,0.0,0.0,0.0,0.0,0.0,0.0,2.0,0.0,0.0,-82.0,0.0,0.0,0.0,0.0,3.0,1.0,0.0,1200.0,61.0,87.0,1466.0,1466.0,8.4,3.2,0.0,3.2,34.2,0.0,0.0,14.3,0.0,0.0,10.6,40.5,35.2,0.0,0.0,0.0,0.0,166.0,696.0,160.0,679.0,172.0,692.0,169.0,681.0,0.0,0.0,1.0,0.0,0.0,34.2,1.0,4.996,0.0,0.0,1.924,1.896,61.1,86.7,0.0,0.0,0.0,,0.0,78.8,188.6,0.0,0.0,0.0,0.0,330.8,1284.8,320.0,1254.2,341.6,1277.6,336.2,1257.8,0.0,0.0,188.06,1466.0,332.15,253.34999999999997,109.26,1.5269166666666665,85644.46366666665,21.3125,65.38000000000001,66.95,392.0,True,2026-09-05 12:08:19-07:00
1091.06,2,9,2026-09-05 19:26:11,37.07761,-121.59464,280.0,65.9,336.3,-12.6,0.0,,0.0,0.0,0.0,4.6,2.2,322.6,64.4,273.0,-0.4,0.02,1.2,22.0,-421.0,26,66.0,29.98,1623.0,0.0,0.0,106,0.0,0.0,0.0,0.0,0.0,0.0,0.0,0.0,0.0,0.0,0.0,0.0,2.0,0.0,0.0,-92.0,0.0,0.0,0.0,0.0,3.0,1.0,0.0,1200.0,60.0,87.0,1437.0,1437.0,8.3,2.8,0.0,2.8,34.2,0.0,0.0,14.3,0.0,0.0,10.5,40.5,35.2,0.0,0.0,0.0,0.0,165.0,691.0,160.0,661.0,172.0,687.0,169.0,678.0,0.0,0.0,1.0,0.0,0.0,34.2,1.0,4.996,0.0,0.0,1.82,1.903,60.1,86.6,0.0,0.0,0.0,,0.0,78.8,188.6,0.0,0.0,0.0,0.0,329.0,1275.8,320.0,1221.8,341.6,1268.6,336.2,1252.4,0.0,0.0,187.88,1437.0,331.7,252.89999999999998,109.08,1.5277499999999997,85757.55466666665,23.53571428571429,64.88000000000001,66.43,392.0,True,2026-09-05 12:08:19-07:00
1092.06,2,9,2026-09-05 19:26:12,37.07788,-121.59479,279.0,63.5,336.9,-12.6,0.0,,0.0,0.0,0.0,4.9,-0.0,322.8,60.2,267.0,-0.0,0.01,1.0,27.0,-379.0,26,61.7,29.98,1616.0,0.0,0.0,106,0.0,0.0,0.0,0.0,0.0,0.0,0.0,0.0,0.0,0.0,0.0,0.0,6.0,0.0,0.0,-80.0,0.0,0.0,0.0,0.0,3.0,1.0,0.0,1200.0,60.0,87.0,1390.0,1390.0,8.2,2.5,0.0,2.5,34.3,0.0,0.0,14.3,0.0,0.0,10.7,40.5,35.2,0.0,0.0,0.0,0.0,165.0,686.0,160.0,653.0,171.0,683.0,169.0,675.0,0.0,0.0,1.0,0.0,0.0,34.3,1.0,4.996,0.0,0.0,1.797,1.873,59.5,86.7,0.0,0.0,0.0,,0.0,78.8,188.6,0.0,0.0,0.0,0.0,329.0,1266.8,320.0,1207.4,339.8,1261.4,336.2,1247.0,0.0,0.0,188.06,1390.0,331.25,252.45,109.26,1.5284861111111108,85866.68199999999,25.4,60.68,62.13,392.0,True,2026-09-05 12:08:19-07:00
1093.06,2,9,2026-09-05 19:26:13,37.07815,-121.59492,278.0,61.3,336.9,-12.6,0.0,,0.0,0.0,0.0,5.4,-0.0,322.5,57.2,264.0,-0.1,0.01,1.0,30.0,-313.0,26,58.6,29.98,1612.0,0.0,0.0,106,0.0,0.0,0.0,0.0,0.0,0.0,0.0,0.0,0.0,0.0,0.0,0.0,0.0,0.0,0.0,-95.0,0.0,0.0,0.0,0.0,3.0,1.0,0.0,1200.0,58.0,87.0,1331.0,1331.0,8.4,2.3,0.0,2.3,34.2,0.0,0.0,14.3,0.0,0.0,10.9,40.5,35.2,0.0,0.0,0.0,0.0,165.0,683.0,160.0,638.0,171.0,679.0,169.0,672.0,0.0,0.0,1.0,0.0,0.0,34.2,1.0,4.996,0.0,0.0,1.875,1.96,58.0,86.8,0.0,0.0,0.0,,0.0,78.8,188.6,0.0,0.0,0.0,0.0,329.0,1261.4,320.0,1180.4,339.8,1254.2,336.2,1241.6,0.0,0.0,188.23999999999998,1331.0,331.25,252.45,109.43999999999998,1.5291527777777776,85971.92999999998,26.65217391304348,57.68,59.05,392.0,True,2026-09-05 12:08:19-07:00
1094.06,2,9,2026-09-05 19:26:14,37.07841,-121.59506,278.0,59.1,336.8,-12.6,0.0,,0.0,0.0,0.0,4.4,-0.0,323.3,57.9,263.0,0.4,0.01,1.0,21.0,-180.0,26,59.3,29.98,1611.0,0.0,0.0,106,0.0,0.0,0.0,0.0,0.0,0.0,0.0,0.0,0.0,0.0,0.0,0.0,3.0,0.0,0.0,-100.0,0.0,0.0,0.0,0.0,3.0,1.0,0.0,1200.0,58.0,87.0,1313.0,1313.0,8.5,2.2,0.0,2.2,34.2,0.0,0.0,14.3,0.0,0.0,11.0,40.5,35.2,0.0,0.0,0.0,0.0,165.0,677.0,159.0,627.0,171.0,674.0,168.0,667.0,0.0,0.0,1.0,0.0,0.0,34.2,1.0,4.996,0.0,0.0,1.836,2.036,57.6,86.9,0.0,0.0,0.0,,0.0,78.8,188.6,0.0,0.0,0.0,0.0,329.0,1250.6,318.2,1160.6,339.8,1245.2,334.4,1232.6,0.0,0.0,188.42000000000002,1313.0,330.35,251.55,109.62000000000002,1.5297777777777775,86073.46733333332,26.863636363636363,58.379999999999995,59.77,392.0,True,2026-09-05 12:08:19-07:00
1095.06,2,9,2026-09-05 19:26:15,37.07866,-121.5952,278.0,57.0,336.4,-12.6,0.0,,0.0,0.0,0.0,2.4,0.6,327.1,53.6,263.0,2.3,-0.07,1.0,14.0,-94.0,26,55.0,29.98,1611.0,0.0,0.0,106,0.0,0.0,0.0,0.0,0.0,0.0,0.0,0.0,0.0,0.0,0.0,0.0,3.0,0.0,0.0,-115.0,0.0,0.0,0.0,0.0,3.0,1.0,0.0,1200.0,58.0,87.0,1292.0,1292.0,8.6,2.0,0.0,2.0,34.2,0.0,0.0,14.3,0.0,0.0,10.9,40.5,35.2,0.0,0.0,0.0,0.0,164.0,672.0,159.0,610.0,171.0,669.0,168.0,665.0,0.0,0.0,2.0,0.0,0.0,34.2,1.0,4.996,0.0,0.0,1.713,2.014,57.8,87.2,0.0,0.0,0.0,,0.0,78.8,188.6,0.0,0.0,0.0,0.0,327.2,1241.6,318.2,1130.0,339.8,1236.2,334.4,1229.0,0.0,0.0,188.96,1292.0,329.90000000000003,251.10000000000002,110.16000000000001,1.5303611111111108,86171.37833333331,28.5,54.08,55.37,392.0,True,2026-09-05 12:08:19-07:00
1096.06,2,9,2026-09-05 19:26:16,37.0789,-121.59532,279.0,55.2,339.0,-12.6,0.0,,0.0,0.0,0.0,1.6,0.3,323.7,52.9,263.0,-0.6,0.0,1.0,3.0,-10.0,26,54.2,29.98,1611.0,0.0,0.0,106,0.0,0.0,0.0,0.0,0.0,0.0,0.0,0.0,0.0,0.0,0.0,0.0,4.0,0.0,0.0,-123.0,0.0,0.0,0.0,0.0,3.0,1.0,0.0,1200.0,57.0,87.0,1271.0,1271.0,8.7,2.0,0.0,2.0,34.2,0.0,0.0,14.3,0.0,0.0,10.6,40.5,35.2,0.0,0.0,0.0,0.0,164.0,667.0,159.0,603.0,170.0,663.0,168.0,660.0,0.0,0.0,2.0,0.0,0.0,34.2,1.0,4.996,0.0,0.0,1.957,1.871,56.9,87.1,0.0,0.0,0.0,,0.0,78.8,188.6,0.0,0.0,0.0,0.0,327.2,1232.6,318.2,1117.4,338.0,1225.4,334.4,1220.0,0.0,0.0,188.78,1271.0,329.45,250.64999999999998,109.98,1.5309166666666665,86266.00033333332,27.6,53.379999999999995,54.65,392.0,True,2026-09-05 12:08:19-07:00
1097.06,2,9,2026-09-05 19:26:17,37.07913,-121.59544,279.0,53.4,336.4,-12.6,0.0,,0.0,0.0,0.0,0.5,0.3,322.4,53.6,263.0,-1.6,0.13,1.1,4.0,-15.0,26,54.9,29.98,1602.0,0.0,0.0,106,0.0,0.0,0.0,0.0,0.0,0.0,0.0,0.0,0.0,0.0,0.0,0.0,8.0,0.0,0.0,-124.0,0.0,0.0,0.0,0.0,3.0,1.0,0.0,1200.0,57.0,87.0,1265.0,1265.0,8.8,1.9,0.0,1.9,34.3,0.0,0.0,14.3,0.0,0.0,10.7,40.5,35.2,0.0,0.0,0.0,0.0,164.0,662.0,158.0,602.0,170.0,656.0,167.0,656.0,0.0,0.0,2.0,0.0,0.0,34.3,1.0,4.996,0.0,0.0,2.146,1.958,56.7,87.2,0.0,0.0,0.0,,0.0,78.8,188.6,0.0,0.0,0.0,0.0,327.2,1223.6,316.4,1115.6,338.0,1212.8,332.6,1212.8,0.0,0.0,188.96,1265.0,328.55,249.75,110.16000000000001,1.5314583333333331,86357.58633333331,28.105263157894736,54.08,55.37,392.0,True,2026-09-05 12:08:19-07:00
1098.06,2,9,2026-09-05 19:26:18,37.07935,-121.59557,281.0,51.5,336.8,-12.6,0.0,,0.0,0.0,0.0,-0.1,0.5,321.6,52.9,263.0,-0.9,0.06,1.1,2.0,-8.0,26,54.1,29.98,1602.0,0.0,0.0,106,0.0,0.0,0.0,0.0,0.0,0.0,0.0,0.0,0.0,0.0,0.0,0.0,6.0,0.0,0.0,-130.0,0.0,0.0,0.0,0.0,3.0,1.0,0.0,1200.0,57.0,87.0,1255.0,1255.0,8.8,1.9,0.0,1.9,34.3,0.0,0.0,14.3,0.0,0.0,10.8,40.5,35.3,0.0,0.0,0.0,0.0,163.0,657.0,158.0,601.0,170.0,650.0,167.0,653.0,0.0,0.0,2.0,0.0,0.0,34.3,1.0,4.996,0.0,0.0,1.888,2.081,56.5,87.3,0.0,0.0,0.0,,0.0,78.8,188.6,0.0,0.0,0.0,0.0,325.4,1214.6,316.4,1113.8,338.0,1202.0,332.6,1207.4,0.0,0.0,189.14,1255.0,328.1,249.3,110.33999999999999,1.5319861111111108,86446.05199999998,27.10526315789474,53.379999999999995,54.65,392.0,True,2026-09-05 12:08:19-07:00
1099.06,2,9,2026-09-05 19:26:19,37.07957,-121.59569,281.0,49.8,335.6,-12.6,0.0,,0.0,0.0,0.0,-0.1,0.4,322.0,51.8,263.0,-0.3,0.03,0.9,0.0,10.0,26,53.1,29.98,1602.0,0.0,0.0,106,0.0,0.0,0.0,0.0,0.0,0.0,0.0,0.0,0.0,0.0,0.0,0.0,6.0,0.0,0.0,-133.0,0.0,0.0,0.0,0.0,3.0,1.0,0.0,1200.0,56.0,87.0,1226.0,1226.0,8.9,1.8,0.0,1.8,34.2,0.0,0.0,14.3,0.0,0.0,11.0,40.5,35.3,0.0,0.0,0.0,0.0,163.0,654.0,158.0,601.0,170.0,645.0,167.0,650.0,0.0,0.0,2.0,0.0,0.0,34.2,1.0,4.996,0.0,0.0,1.81,2.164,55.9,87.4,0.0,0.0,0.0,,0.0,78.8,188.6,0.0,0.0,0.0,0.0,325.4,1209.2,316.4,1113.8,338.0,1193.0,332.6,1202.0,0.0,0.0,189.32,1226.0,328.1,249.3,110.52,1.5324999999999998,86531.48166666664,27.666666666666664,52.279999999999994,53.52,392.0,True,2026-09-05 12:08:19-07:00
1100.06,2,9,2026-09-05 19:26:20,37.07978,-121.5958,281.0,48.2,335.9,-12.6,0.0,,0.0,0.0,0.0,0.3,-0.0,322.5,49.0,263.0,0.5,-0.07,1.1,9.0,-15.0,26,50.2,29.98,1611.0,0.0,0.0,106,0.0,0.0,0.0,0.0,0.0,0.0,0.0,0.0,0.0,0.0,0.0,0.0,6.0,0.0,0.0,-142.0,0.0,0.0,0.0,0.0,3.0,1.0,0.0,1200.0,56.0,88.0,1210.0,1210.0,9.0,1.8,0.0,1.8,34.1,0.0,0.0,14.3,0.0,0.0,10.9,40.5,35.3,0.0,0.0,0.0,0.0,163.0,649.0,158.0,599.0,169.0,640.0,167.0,646.0,0.0,0.0,2.0,0.0,0.0,34.1,1.0,4.996,0.0,0.0,1.829,2.075,55.7,87.7,0.0,0.0,0.0,,0.0,78.8,190.4,0.0,0.0,0.0,0.0,325.4,1200.2,316.4,1110.2,336.2,1184.0,332.6,1194.8,0.0,0.0,189.86,1210.0,327.65,248.84999999999997,111.06000000000002,1.5329999999999997,86614.12833333331,26.77777777777778,49.48,50.66,392.0,True,2026-09-05 12:08:19-07:00
1101.06,2,9,2026-09-05 19:26:21,37.07998,-121.59592,282.0,46.4,334.8,-12.6,0.0,,0.0,0.0,0.0,1.1,0.4,321.9,47.8,263.0,-0.4,0.04,1.1,9.0,27.0,26,49.0,29.98,1611.0,0.0,0.0,106,0.0,0.0,0.0,0.0,0.0,0.0,0.0,0.0,0.0,0.0,0.0,0.0,7.0,0.0,0.0,-137.0,0.0,0.0,0.0,0.0,3.0,1.0,0.0,1200.0,55.0,88.0,1191.0,1191.0,9.1,1.7,0.0,1.7,34.3,0.0,0.0,14.3,0.0,0.0,10.7,40.5,35.3,0.0,0.0,0.0,0.0,163.0,645.0,157.0,593.0,169.0,635.0,167.0,642.0,0.0,0.0,2.0,0.0,0.0,34.3,1.0,4.996,0.0,0.0,1.882,1.923,55.4,87.7,0.0,0.0,0.0,,0.0,78.8,190.4,0.0,0.0,0.0,0.0,325.4,1193.0,314.6,1099.4,336.2,1175.0,332.6,1187.6,0.0,0.0,189.86,1191.0,327.2,248.39999999999998,111.06000000000002,1.5334861111111109,86693.90766666665,27.294117647058822,48.279999999999994,49.43,392.0,True,2026-09-05 12:08:19-07:00
1102.06,2,9,2026-09-05 19:26:22,37.08017,-121.59602,281.0,45.0,335.8,-12.6,0.0,,0.0,0.0,0.0,1.6,0.2,322.8,46.3,263.0,0.7,-0.06,1.0,16.0,15.0,26,47.4,29.98,1611.0,0.0,0.0,106,0.0,0.0,0.0,0.0,0.0,0.0,0.0,0.0,0.0,0.0,0.0,0.0,7.0,0.0,0.0,-140.0,0.0,0.0,0.0,0.0,3.0,1.0,0.0,1200.0,55.0,88.0,1158.0,1158.0,9.4,1.7,0.0,1.7,34.1,0.0,0.0,14.3,0.0,0.0,10.7,40.5,35.3,0.0,0.0,0.0,0.0,163.0,642.0,157.0,600.0,169.0,630.0,166.0,637.0,0.0,0.0,2.0,0.0,0.0,34.1,1.0,4.996,0.0,0.0,1.736,1.921,54.6,87.7,0.0,0.0,0.0,,0.0,78.8,190.4,0.0,0.0,0.0,0.0,325.4,1187.6,314.6,1112.0,336.2,1166.0,330.8,1178.6,0.0,0.0,189.86,1158.0,326.75,247.95,111.06000000000002,1.533958333333333,86770.98833333331,26.47058823529412,46.779999999999994,47.89,392.0,True,2026-09-05 12:08:19-07:00
1103.06,2,9,2026-09-05 19:26:23,37.08035,-121.59613,282.0,43.5,335.4,-12.6,0.0,,0.0,0.0,0.0,2.6,-0.0,321.8,44.2,263.0,-0.2,0.02,0.9,20.0,0.0,26,45.3,29.98,1611.0,0.0,0.0,106,0.0,0.0,0.0,0.0,0.0,0.0,0.0,0.0,0.0,0.0,0.0,0.0,8.0,0.0,0.0,-141.0,0.0,0.0,0.0,0.0,3.0,1.0,0.0,1200.0,54.0,88.0,1136.0,1136.0,9.7,1.7,0.0,1.7,34.2,0.0,0.0,14.3,0.0,0.0,10.8,40.5,35.3,0.0,0.0,0.0,0.0,162.0,640.0,157.0,602.0,169.0,624.0,166.0,633.0,0.0,0.0,2.0,0.0,0.0,34.2,1.0,4.996,0.0,0.0,1.771,1.937,54.2,87.8,0.0,0.0,0.0,,0.0,78.8,190.4,0.0,0.0,0.0,0.0,323.6,1184.0,314.6,1115.6,336.2,1155.2,330.8,1171.4,0.0,0.0,190.04,1136.0,326.3,247.5,111.24,1.5344305555555553,86845.62333333332,25.58823529411765,44.68,45.74,392.0,True,2026-09-05 12:08:19-07:00
1104.06,2,9,2026-09-05 19:26:24,37.08053,-121.59624,282.0,42.1,335.8,-12.6,0.0,,0.0,0.0,0.0,4.1,-0.1,322.6,41.9,263.0,0.4,-0.04,1.0,35.0,-30.0,26,43.0,29.98,1611.0,0.0,0.0,106,0.0,0.0,0.0,0.0,0.0,0.0,0.0,0.0,0.0,0.0,0.0,0.0,8.0,0.0,0.0,-141.0,0.0,0.0,0.0,0.0,3.0,1.0,0.0,1200.0,54.0,88.0,1108.0,1108.0,9.9,1.7,0.0,1.7,34.1,0.0,0.0,14.3,0.0,0.0,11.0,40.5,35.3,0.0,0.0,0.0,0.0,162.0,638.0,157.0,605.0,168.0,619.0,166.0,628.0,0.0,0.0,2.0,0.0,0.0,34.1,1.0,4.996,0.0,0.0,1.698,1.957,53.5,87.8,0.0,0.0,0.0,,0.0,78.8,190.4,0.0,0.0,0.0,0.0,323.6,1180.4,314.6,1121.0,334.4,1146.2,330.8,1162.4,0.0,0.0,190.04,1108.0,325.85,247.05,111.24,1.5349027777777775,86917.81266666665,24.764705882352942,42.379999999999995,43.39,392.0,True,2026-09-05 12:08:19-07:00
1105.06,2,9,2026-09-05 19:26:25,37.08071,-121.59633,282.0,40.7,335.7,-12.6,0.0,,0.0,0.0,0.0,5.5,-0.4,321.3,39.8,263.0,-0.5,0.03,1.0,42.0,-23.0,26,40.8,29.98,1611.0,0.0,0.0,106,0.0,0.0,0.0,0.0,0.0,0.0,0.0,0.0,0.0,0.0,0.0,0.0,8.0,0.0,0.0,-140.0,0.0,0.0,0.0,0.0,3.0,1.0,0.0,1200.0,53.0,88.0,1069.0,1069.0,10.2,1.7,0.0,1.7,34.2,0.0,0.0,14.3,0.0,0.0,10.9,40.5,35.3,0.0,0.0,0.0,0.0,162.0,637.0,156.0,607.0,168.0,615.0,166.0,624.0,0.0,0.0,2.0,0.0,0.0,34.2,1.0,4.996,0.0,0.0,1.729,1.847,53.0,88.0,0.0,0.0,0.0,,0.0,78.8,190.4,0.0,0.0,0.0,0.0,323.6,1178.6,312.8,1124.6,334.4,1139.0,330.8,1155.2,0.0,0.0,190.4,1069.0,325.4,246.59999999999997,111.60000000000001,1.5353749999999997,86987.64066666664,23.94117647058824,40.279999999999994,41.24,392.0,True,2026-09-05 12:08:19-07:00
1106.06,2,9,2026-09-05 19:26:26,37.08088,-121.59643,282.0,39.4,335.2,-12.6,0.0,,0.0,0.0,0.0,8.9,-0.1,323.0,39.5,263.0,0.7,-0.04,1.0,63.0,-28.0,26,40.5,29.98,1611.0,0.0,0.0,106,0.0,0.0,0.0,0.0,0.0,0.0,0.0,0.0,0.0,0.0,0.0,0.0,7.0,0.0,0.0,-109.0,0.0,0.0,0.0,0.0,3.0,1.0,0.0,1200.0,52.0,88.0,1054.0,1054.0,10.5,1.7,0.0,1.7,34.1,0.0,0.0,14.3,0.0,0.0,10.7,40.5,35.3,0.0,0.0,0.0,0.0,162.0,635.0,156.0,608.0,168.0,610.0,166.0,621.0,0.0,0.0,2.0,0.0,0.0,34.1,1.0,4.996,0.0,0.0,1.621,1.854,52.4,87.9,0.0,0.0,0.0,,0.0,78.8,190.4,0.0,0.0,0.0,0.0,323.6,1175.0,312.8,1126.4,334.4,1130.0,330.8,1149.8,0.0,0.0,190.22,1054.0,325.4,246.59999999999997,111.42,1.535847222222222,87055.19166666665,23.176470588235293,39.98,40.93,392.0,True,2026-09-05 12:08:19-07:00
1107.06,2,9,2026-09-05 19:26:27,37.08104,-121.59652,281.0,38.1,336.4,-12.6,0.0,,0.0,0.0,0.0,11.3,0.2,321.0,37.3,263.0,-0.8,0.04,0.7,75.0,-19.0,26,38.2,29.98,1611.0,0.0,0.0,106,0.0,0.0,0.0,0.0,0.0,0.0,0.0,0.0,0.0,0.0,0.0,0.0,5.0,0.0,0.0,-37.0,0.0,0.0,0.0,0.0,3.0,1.0,0.0,1200.0,52.0,88.0,1041.0,1041.0,10.7,1.6,0.0,1.6,34.0,0.0,0.0,14.3,0.0,0.0,10.7,40.5,35.3,0.0,0.0,0.0,0.0,162.0,634.0,156.0,609.0,168.0,606.0,166.0,617.0,0.0,0.0,2.0,0.0,0.0,34.0,1.0,4.996,0.0,0.0,1.575,1.699,52.1,87.8,0.0,0.0,0.0,,0.0,78.8,190.4,0.0,0.0,0.0,0.0,323.6,1173.2,312.8,1128.2,334.4,1122.8,330.8,1142.6,0.0,0.0,190.04,1041.0,325.4,246.59999999999997,111.24,1.5363055555555554,87120.54999999999,23.8125,37.779999999999994,38.68,392.0,True,2026-09-05 12:08:19-07:00
1108.06,2,9,2026-09-05 19:26:28,37.0812,-121.59661,283.0,36.7,335.2,-12.6,0.0,,0.0,0.0,0.0,11.4,-0.2,321.2,37.3,263.0,-0.5,0.04,1.0,76.0,1.0,26,38.2,29.98,1611.0,0.0,0.0,106,0.0,0.0,0.0,0.0,0.0,0.0,0.0,0.0,0.0,0.0,0.0,0.0,-1.0,0.0,0.0,1.0,0.0,0.0,0.0,0.0,3.0,1.0,0.0,1200.0,52.0,88.0,1024.0,1024.0,10.9,1.6,0.0,1.6,34.0,0.0,0.0,14.3,0.0,0.0,10.8,40.5,35.3,0.0,0.0,0.0,0.0,161.0,630.0,156.0,604.0,168.0,602.0,166.0,613.0,0.0,0.0,0.0,0.0,0.0,34.0,1.0,4.996,0.0,0.0,1.533,1.674,52.0,87.7,0.0,0.0,0.0,,0.0,78.8,190.4,0.0,0.0,0.0,0.0,321.8,1166.0,312.8,1119.2,334.4,1115.6,330.8,1135.4,0.0,0.0,189.86,1024.0,324.95,246.14999999999998,111.06000000000002,1.5367499999999998,87183.63133333331,22.9375,37.779999999999994,38.68,392.0,True,2026-09-05 12:08:19-07:00
1109.06,2,9,2026-09-05 19:26:29,37.08135,-121.59669,282.0,35.0,335.7,-12.6,0.0,,0.0,0.0,0.0,11.4,-0.6,323.9,35.2,263.0,1.4,-0.09,1.0,78.0,45.0,26,36.1,29.98,1611.0,0.0,0.0,106,0.0,0.0,0.0,0.0,0.0,0.0,0.0,0.0,0.0,0.0,0.0,0.0,-1.0,0.0,0.0,1.0,0.0,0.0,0.0,0.0,3.0,1.0,0.0,1200.0,51.0,88.0,1001.0,1001.0,11.1,1.6,0.0,1.6,33.9,0.0,0.0,14.3,0.0,0.0,11.0,40.5,35.3,0.0,0.0,0.0,0.0,161.0,627.0,155.0,606.0,168.0,600.0,166.0,610.0,0.0,0.0,-4.0,0.0,0.0,33.9,1.0,4.996,0.0,0.0,1.641,1.633,51.5,87.6,0.0,0.0,0.0,,0.0,78.8,190.4,0.0,0.0,0.0,0.0,321.8,1160.6,311.0,1122.8,334.4,1112.0,330.8,1130.0,0.0,0.0,189.68,1001.0,324.5,245.7,110.88000000000001,1.5371944444444443,87244.09833333331,21.875,35.68,36.53,392.0,True,2026-09-05 12:08:19-07:00
1110.06,2,9,2026-09-05 19:26:30,37.0815,-121.59678,282.0,33.5,336.1,-12.6,0.0,,0.0,0.0,0.0,11.3,-0.8,324.3,31.9,263.0,0.7,-0.02,1.0,83.0,62.0,26,32.7,29.98,1611.0,0.0,0.0,106,0.0,0.0,0.0,0.0,0.0,0.0,0.0,0.0,0.0,0.0,0.0,0.0,-1.0,0.0,0.0,2.0,0.0,0.0,0.0,0.0,3.0,1.0,0.0,1200.0,51.0,88.0,985.0,985.0,11.3,1.6,0.0,1.6,34.0,0.0,0.0,14.3,0.0,0.0,11.0,40.5,35.3,0.0,0.0,0.0,0.0,161.0,624.0,155.0,606.0,167.0,597.0,165.0,607.0,0.0,0.0,-1.0,0.0,0.0,34.0,1.0,4.996,0.0,0.0,1.58,1.577,51.4,87.7,0.0,0.0,0.0,,0.0,78.8,190.4,0.0,0.0,0.0,0.0,321.8,1155.2,311.0,1122.8,332.6,1106.6,329.0,1124.6,0.0,0.0,189.86,985.0,323.6,244.8,111.06000000000002,1.5376388888888886,87301.86666666665,20.9375,32.379999999999995,33.15,392.0,True,2026-09-05 12:08:19-07:00
1111.06,2,9,2026-09-05 19:26:31,37.08164,-121.59686,282.0,31.6,338.4,-12.6,0.0,,0.0,0.0,0.0,11.3,-0.9,323.8,30.7,263.0,0.3,-0.03,1.1,83.0,34.0,26,31.4,29.98,1611.0,0.0,0.0,106,0.0,0.0,0.0,0.0,0.0,0.0,0.0,0.0,0.0,0.0,0.0,0.0,-1.0,0.0,0.0,1.0,0.0,0.0,0.0,0.0,3.0,1.0,0.0,1200.0,51.0,87.0,980.0,980.0,11.4,1.6,0.0,1.6,29.7,0.0,0.0,14.3,0.0,0.0,9.1,40.5,35.3,0.0,0.0,0.0,0.0,161.0,620.0,155.0,607.0,167.0,593.0,165.0,604.0,0.0,0.0,-3.0,0.0,0.0,29.7,1.0,4.996,0.0,0.0,1.656,1.666,51.4,87.4,0.0,0.0,0.0,,0.0,78.8,188.6,0.0,0.0,0.0,0.0,321.8,1148.0,311.0,1124.6,332.6,1099.4,329.0,1119.2,0.0,0.0,189.32,980.0,323.6,244.8,110.52,1.538083333333333,87356.76766666665,19.75,31.18,31.92,392.0,True,2026-09-05 12:08:19-07:00
1112.06,2,9,2026-09-05 19:26:32,37.08177,-121.59692,282.0,30.6,337.0,-12.6,0.0,,0.0,0.0,0.0,11.2,-0.7,323.7,29.2,263.0,-0.1,-0.01,1.0,91.0,47.0,26,29.9,29.98,1611.0,0.0,0.0,106,0.0,0.0,0.0,0.0,0.0,0.0,0.0,0.0,0.0,0.0,0.0,0.0,-1.0,0.0,0.0,1.0,0.0,0.0,0.0,0.0,3.0,1.0,0.0,1200.0,51.0,87.0,959.0,959.0,11.6,1.6,0.0,1.6,27.1,0.0,0.0,14.3,0.0,0.0,8.1,40.5,35.3,0.0,0.0,0.0,0.0,161.0,617.0,155.0,608.0,167.0,590.0,165.0,602.0,0.0,0.0,-3.0,0.0,0.0,27.1,1.0,4.996,0.0,0.0,1.643,1.614,51.0,87.3,0.0,0.0,0.0,,0.0,78.8,188.6,0.0,0.0,0.0,0.0,321.8,1142.6,311.0,1126.4,332.6,1094.0,329.0,1115.6,0.0,0.0,189.14,959.0,323.6,244.8,110.33999999999999,1.5385277777777775,87409.22299999998,19.125,29.68,30.39,392.0,True,2026-09-05 12:08:19-07:00
1113.06,2,9,2026-09-05 19:26:33,37.0819,-121.59698,282.0,28.7,337.2,-12.6,0.0,,0.0,0.0,0.0,11.3,-0.6,323.9,27.0,263.0,0.1,-0.01,1.0,88.0,29.0,26,27.7,29.98,1611.0,0.0,0.0,106,0.0,0.0,0.0,0.0,0.0,0.0,0.0,0.0,0.0,0.0,0.0,0.0,-1.0,0.0,0.0,1.0,0.0,0.0,0.0,0.0,3.0,1.0,0.0,1200.0,51.0,87.0,952.0,952.0,11.8,1.6,0.0,1.6,25.0,0.0,0.0,14.3,0.0,0.0,7.7,40.5,35.3,0.0,0.0,0.0,0.0,161.0,614.0,155.0,608.0,167.0,589.0,165.0,600.0,0.0,0.0,2.0,0.0,0.0,25.0,1.0,4.996,0.0,0.0,1.63,1.686,50.9,87.2,0.0,0.0,0.0,,0.0,78.8,188.6,0.0,0.0,0.0,0.0,321.8,1137.2,311.0,1126.4,332.6,1092.2,329.0,1112.0,0.0,0.0,188.96,952.0,323.6,244.8,110.16000000000001,1.538972222222222,87459.23266666665,17.9375,27.48,28.13,392.0,True,2026-09-05 12:08:19-07:00
1114.06,2,9,2026-09-05 19:26:34,37.08202,-121.59705,282.0,26.5,337.6,-12.6,0.0,,0.0,0.0,0.0,10.7,-0.7,324.6,26.4,263.0,0.6,-0.05,1.2,89.0,23.0,26,27.1,29.98,1611.0,0.0,0.0,106,0.0,0.0,0.0,0.0,0.0,0.0,0.0,0.0,0.0,0.0,0.0,0.0,-1.0,0.0,0.0,2.0,0.0,0.0,0.0,0.0,1.0,1.0,0.0,1200.0,51.0,87.0,953.0,953.0,11.9,1.6,0.0,1.6,23.9,0.0,0.0,14.3,0.0,0.0,7.4,40.5,35.3,0.0,0.0,0.0,0.0,161.0,611.0,155.0,608.0,167.0,586.0,165.0,597.0,0.0,0.0,4.0,0.0,0.0,23.9,1.0,4.996,0.0,0.0,1.663,1.711,51.1,87.2,0.0,0.0,0.0,,0.0,78.8,188.6,0.0,0.0,0.0,0.0,321.8,1131.8,311.0,1126.4,332.6,1086.8,329.0,1106.6,0.0,0.0,188.96,953.0,323.6,244.8,110.16000000000001,1.5394166666666664,87505.78466666664,16.5625,26.88,27.52,392.0,True,2026-09-05 12:08:19-07:00
1115.06,2,9,2026-09-05 19:26:35,37.08212,-121.59711,282.0,24.4,338.2,-12.6,0.0,,0.0,0.0,0.0,10.6,-1.1,321.0,22.9,263.0,-1.4,0.03,0.6,99.0,12.0,26,23.5,29.98,1611.0,0.0,0.0,106,0.0,0.0,0.0,0.0,0.0,0.0,0.0,0.0,0.0,0.0,0.0,0.0,-1.0,0.0,0.0,1.0,0.0,0.0,0.0,0.0,1.0,1.0,0.0,1200.0,51.0,87.0,932.0,932.0,12.1,1.6,0.0,1.6,24.1,0.0,0.0,14.3,0.0,0.0,7.3,40.5,35.3,0.0,0.0,0.0,0.0,161.0,609.0,155.0,608.0,167.0,584.0,165.0,595.0,0.0,0.0,5.0,0.0,0.0,24.1,1.0,4.996,0.0,0.0,1.649,1.606,50.6,87.3,0.0,0.0,0.0,,0.0,78.8,188.6,0.0,0.0,0.0,0.0,321.8,1128.2,311.0,1126.4,332.6,1083.2,329.0,1103.0,0.0,0.0,189.14,932.0,323.6,244.8,110.33999999999999,1.539861111111111,87548.71033333332,15.249999999999998,23.38,23.94,392.0,True,2026-09-05 12:08:19-07:00
1116.06,2,9,2026-09-05 19:26:36,37.08222,-121.59716,282.0,22.3,335.4,-12.6,0.0,,0.0,0.0,0.0,11.4,-0.8,319.4,20.9,263.0,-1.6,0.04,1.1,99.0,20.0,26,21.4,29.98,1611.0,0.0,0.0,106,0.0,0.0,0.0,0.0,0.0,0.0,0.0,0.0,0.0,0.0,0.0,0.0,-1.0,0.0,0.0,1.0,0.0,0.0,0.0,0.0,1.0,1.0,0.0,1200.0,51.0,87.0,920.0,920.0,12.2,1.6,0.0,1.6,24.1,0.0,0.0,14.3,0.0,0.0,6.9,40.5,35.3,0.0,0.0,0.0,0.0,160.0,606.0,155.0,607.0,166.0,583.0,165.0,593.0,0.0,0.0,4.0,0.0,0.0,24.1,1.0,4.996,0.0,0.0,1.36,1.394,50.6,87.4,0.0,0.0,0.0,,0.0,78.8,188.6,0.0,0.0,0.0,0.0,320.0,1122.8,311.0,1124.6,330.8,1081.4,329.0,1099.4,0.0,0.0,189.32,920.0,322.7,243.89999999999998,110.52,1.5403055555555554,87588.09399999998,13.9375,21.38,21.89,392.0,True,2026-09-05 12:08:19-07:00
1117.06,2,9,2026-09-05 19:26:37,37.08231,-121.59721,282.0,21.3,333.2,-12.6,0.0,,0.0,0.0,0.0,11.5,-0.7,319.4,19.7,263.0,-1.0,0.01,1.3,99.0,12.0,26,20.1,29.98,1611.0,0.0,0.0,106,0.0,0.0,0.0,0.0,0.0,0.0,0.0,0.0,0.0,0.0,0.0,0.0,-1.0,0.0,0.0,2.0,0.0,0.0,0.0,0.0,1.0,0.0,0.0,1200.0,52.0,87.0,1000.0,1000.0,12.9,1.6,0.0,1.6,23.9,0.0,0.0,14.3,0.0,0.0,6.7,40.5,35.3,0.0,0.0,0.0,0.0,160.0,603.0,154.0,607.0,166.0,582.0,165.0,592.0,0.0,0.0,-1.0,0.0,0.0,23.9,1.0,4.996,0.0,0.0,1.539,1.72,52.5,87.2,0.0,0.0,0.0,,0.0,78.8,188.6,0.0,0.0,0.0,0.0,320.0,1117.4,309.2,1124.6,330.8,1079.6,329.0,1097.6,0.0,0.0,188.96,1000.0,322.25,243.45,110.16000000000001,1.5407499999999998,87624.86333333331,13.3125,20.18,20.66,392.0,True,2026-09-05 12:08:19-07:00
1118.06,2,9,2026-09-05 19:26:38,37.0824,-121.59727,282.0,19.2,334.0,-12.6,0.0,,0.0,0.0,0.0,11.4,-1.5,317.0,19.0,263.0,-1.6,-0.0,0.9,99.0,7.0,26,19.5,29.98,1611.0,0.0,0.0,106,0.0,0.0,0.0,0.0,0.0,0.0,0.0,0.0,0.0,0.0,0.0,0.0,-1.0,0.0,0.0,1.0,0.0,0.0,0.0,0.0,1.0,0.0,0.0,1200.0,51.0,87.0,932.0,932.0,12.6,1.6,0.0,1.6,24.1,0.0,0.0,14.3,0.0,0.0,6.8,40.5,35.3,0.0,0.0,0.0,0.0,160.0,602.0,154.0,608.0,166.0,580.0,165.0,591.0,0.0,0.0,4.0,0.0,0.0,24.1,1.0,4.996,0.0,0.0,1.611,1.619,51.0,87.2,0.0,0.0,0.0,,0.0,78.8,188.6,0.0,0.0,0.0,0.0,320.0,1115.6,309.2,1126.4,330.8,1076.0,329.0,1095.8,0.0,0.0,188.96,932.0,322.25,243.45,110.16000000000001,1.5411944444444443,87659.01833333331,11.999999999999998,19.48,19.94,392.0,True,2026-09-05 12:08:19-07:00
1119.06,2,9,2026-09-05 19:26:39,37.08247,-121.59731,283.0,17.3,330.2,-12.6,0.0,,0.0,0.0,0.0,11.0,-1.2,309.8,16.4,263.0,-4.8,0.07,0.9,99.0,10.0,26,16.8,29.98,1611.0,0.0,0.0,106,0.0,0.0,0.0,0.0,0.0,0.0,0.0,0.0,0.0,0.0,0.0,0.0,-1.0,0.0,0.0,1.0,0.0,0.0,0.0,0.0,1.0,1.0,0.0,1200.0,51.0,87.0,923.0,923.0,12.7,1.6,0.0,1.6,24.1,0.0,0.0,14.3,0.0,0.0,6.9,40.5,35.3,0.0,0.0,0.0,0.0,160.0,601.0,155.0,608.0,166.0,580.0,165.0,590.0,0.0,0.0,5.0,0.0,0.0,24.1,1.0,4.996,0.0,0.0,1.669,1.669,50.7,87.2,0.0,0.0,0.0,,0.0,78.8,188.6,0.0,0.0,0.0,0.0,320.0,1113.8,311.0,1126.4,330.8,1076.0,329.0,1094.0,0.0,0.0,188.96,923.0,322.7,243.89999999999998,110.16000000000001,1.5416388888888886,87689.79999999999,10.8125,16.88,17.28,392.0,True,2026-09-05 12:08:19-07:00
1120.06,2,9,2026-09-05 19:26:40,37.08254,-121.59737,283.0,15.7,324.0,-12.6,0.0,,0.0,0.0,0.0,10.6,-1.2,297.4,0.0,263.0,-9.2,0.13,1.0,99.0,4.0,26,0.0,29.98,1611.0,0.0,0.0,106,0.0,0.0,0.0,0.0,0.0,0.0,0.0,0.0,0.0,0.0,0.0,0.0,-1.0,0.0,0.0,1.0,0.0,0.0,0.0,0.0,1.0,1.0,0.0,1200.0,51.0,87.0,913.0,913.0,12.7,1.6,0.0,1.6,24.1,0.0,0.0,14.3,0.0,0.0,7.0,40.5,35.3,0.0,0.0,0.0,0.0,160.0,598.0,154.0,607.0,166.0,578.0,165.0,589.0,0.0,0.0,5.0,0.0,0.0,24.1,1.0,4.996,0.0,0.0,1.691,1.714,50.7,87.3,0.0,0.0,0.0,,0.0,78.8,188.6,0.0,0.0,0.0,0.0,320.0,1108.4,309.2,1124.6,330.8,1072.4,329.0,1092.2,0.0,0.0,189.14,913.0,322.25,243.45,110.33999999999999,1.542083333333333,87717.62999999998,9.812499999999998,0.48,0.49,392.0,True,2026-09-05 12:08:19-07:00
1121.06,2,9,2026-09-05 19:26:41,37.08259,-121.59743,284.0,14.6,310.4,-12.6,0.0,,0.0,0.0,0.0,10.3,-0.8,281.0,0.0,263.0,-13.5,0.2,1.0,99.0,9.0,26,0.0,29.98,1612.0,0.0,0.0,106,0.0,0.0,0.0,0.0,0.0,0.0,0.0,0.0,0.0,0.0,0.0,0.0,0.0,0.0,0.0,1.0,0.0,0.0,0.0,0.0,1.0,1.0,0.0,1200.0,51.0,87.0,924.0,924.0,12.8,1.6,0.0,1.6,24.1,0.0,0.0,14.3,0.0,0.0,6.7,40.5,35.3,0.0,0.0,0.0,0.0,160.0,596.0,155.0,607.0,166.0,577.0,165.0,588.0,0.0,0.0,5.0,0.0,0.0,24.1,1.0,4.996,0.0,0.0,1.167,1.747,50.6,87.4,0.0,0.0,0.0,,0.0,78.8,188.6,0.0,0.0,0.0,0.0,320.0,1104.8,311.0,1124.6,330.8,1070.6,329.0,1090.4,0.0,0.0,189.32,924.0,322.7,243.89999999999998,110.52,1.5425277777777775,87743.18299999998,9.125,0.48,0.49,392.0,True,2026-09-05 12:08:19-07:00
1122.06,2,9,2026-09-05 19:26:42,37.08262,-121.5975,284.0,13.7,293.4,-12.6,0.0,,0.0,0.0,0.0,10.3,-0.7,267.8,0.0,264.0,-13.4,0.15,1.1,99.0,24.0,26,0.0,29.98,1613.0,0.0,0.0,106,0.0,0.0,0.0,0.0,0.0,0.0,0.0,0.0,0.0,0.0,0.0,0.0,1.0,0.0,0.0,1.0,0.0,0.0,0.0,0.0,1.0,0.0,0.0,1200.0,51.0,87.0,932.0,932.0,12.8,1.6,0.0,1.6,24.1,0.0,0.0,14.3,0.0,0.0,6.7,40.5,35.3,0.0,0.0,0.0,0.0,160.0,594.0,154.0,606.0,166.0,577.0,165.0,587.0,0.0,0.0,5.0,0.0,0.0,24.1,1.0,4.996,0.0,0.0,0.896,1.843,50.9,87.2,0.0,0.0,0.0,,0.0,78.8,188.6,0.0,0.0,0.0,0.0,320.0,1101.2,309.2,1122.8,330.8,1070.6,329.0,1088.6,0.0,0.0,188.96,932.0,322.25,243.45,110.16000000000001,1.542972222222222,87767.04933333331,8.562499999999998,0.48,0.49,392.0,True,2026-09-05 12:08:19-07:00
1123.06,2,9,2026-09-05 19:26:43,37.08264,-121.59756,283.0,13.3,280.0,-12.6,0.0,,0.0,0.0,0.0,10.3,-0.2,251.1,0.0,265.0,-15.4,0.2,0.8,99.0,18.0,26,0.0,29.98,1614.0,0.0,0.0,106,0.0,0.0,0.0,0.0,0.0,0.0,0.0,0.0,0.0,0.0,0.0,0.0,2.0,0.0,0.0,1.0,0.0,0.0,0.0,0.0,1.0,0.0,0.0,1200.0,51.0,87.0,915.0,915.0,12.8,1.6,0.0,1.6,24.1,0.0,0.0,14.3,0.0,0.0,6.7,40.5,35.3,0.0,0.0,0.0,0.0,160.0,592.0,154.0,604.0,166.0,576.0,165.0,587.0,0.0,0.0,5.0,0.0,0.0,24.1,1.0,4.996,0.0,0.0,0.632,1.964,50.8,87.2,0.0,0.0,0.0,,0.0,78.8,188.6,0.0,0.0,0.0,0.0,320.0,1097.6,309.2,1119.2,330.8,1068.8,329.0,1088.6,0.0,0.0,188.96,915.0,322.25,243.45,110.16000000000001,1.5434166666666664,87789.81933333332,8.3125,0.48,0.49,392.0,True,2026-09-05 12:08:19-07:00
1124.06,2,9,2026-09-05 19:26:44,37.08264,-121.59764,284.0,12.8,262.7,-12.6,0.0,,0.0,0.0,0.0,10.6,-0.3,240.5,0.0,265.0,-13.1,0.16,0.9,99.0,32.0,26,0.0,29.98,1614.0,0.0,0.0,106,0.0,0.0,0.0,0.0,0.0,0.0,0.0,0.0,0.0,0.0,0.0,0.0,2.0,0.0,0.0,1.0,0.0,0.0,0.0,0.0,1.0,1.0,0.0,1200.0,50.0,87.0,909.0,909.0,12.9,1.6,0.0,1.6,24.1,0.0,0.0,14.3,0.0,0.0,6.9,40.5,35.3,0.0,0.0,0.0,0.0,160.0,590.0,154.0,604.0,166.0,576.0,165.0,586.0,0.0,0.0,5.0,0.0,0.0,24.1,1.0,4.996,0.0,0.0,0.656,2.084,50.5,87.2,0.0,0.0,0.0,,0.0,78.8,188.6,0.0,0.0,0.0,0.0,320.0,1094.0,309.2,1119.2,330.8,1068.8,329.0,1086.8,0.0,0.0,188.96,909.0,322.25,243.45,110.16000000000001,1.543861111111111,87811.83033333332,8.0,0.48,0.49,392.0,True,2026-09-05 12:08:19-07:00
1125.06,2,9,2026-09-05 19:26:45,37.08263,-121.59771,284.0,12.3,252.6,-12.6,0.0,,0.0,0.0,0.0,11.0,-0.6,236.7,0.0,266.0,-7.8,0.05,1.1,99.0,28.0,26,0.0,29.98,1615.0,0.0,0.0,106,0.0,0.0,0.0,0.0,0.0,0.0,0.0,0.0,0.0,0.0,0.0,0.0,2.0,0.0,0.0,1.0,0.0,0.0,0.0,0.0,1.0,0.0,0.0,1200.0,51.0,87.0,918.0,918.0,13.0,1.6,0.0,1.6,24.1,0.0,0.0,14.3,0.0,0.0,7.0,40.5,35.3,0.0,0.0,0.0,0.0,160.0,589.0,154.0,603.0,166.0,575.0,165.0,585.0,0.0,0.0,5.0,0.0,0.0,24.1,1.0,4.996,0.0,0.0,0.654,2.119,50.8,87.4,0.0,0.0,0.0,,0.0,78.8,188.6,0.0,0.0,0.0,0.0,320.0,1092.2,309.2,1117.4,330.8,1067.0,329.0,1085.0,0.0,0.0,189.32,918.0,322.25,243.45,110.52,1.5443055555555554,87832.99799999998,7.6875,0.48,0.49,392.0,True,2026-09-05 12:08:19-07:00
1126.06,2,9,2026-09-05 19:26:46,37.08261,-121.59778,283.0,11.6,249.7,-12.6,0.0,,0.0,0.0,0.0,11.0,-0.0,234.0,0.0,266.0,-4.6,0.01,0.8,99.0,16.0,26,0.0,29.98,1615.0,0.0,0.0,106,0.0,0.0,0.0,0.0,0.0,0.0,0.0,0.0,0.0,0.0,0.0,0.0,2.0,0.0,0.0,1.0,0.0,0.0,0.0,0.0,1.0,0.0,0.0,1200.0,51.0,88.0,906.0,906.0,13.0,1.6,0.0,1.6,24.1,0.0,0.0,14.3,0.0,0.0,6.8,40.5,35.3,0.0,0.0,0.0,0.0,160.0,588.0,154.0,604.0,166.0,575.0,165.0,585.0,0.0,0.0,4.0,0.0,0.0,24.1,1.0,4.996,0.0,0.0,0.918,2.129,50.7,87.6,0.0,0.0,0.0,,0.0,78.8,190.4,0.0,0.0,0.0,0.0,320.0,1090.4,309.2,1119.2,330.8,1067.0,329.0,1085.0,0.0,0.0,189.68,906.0,322.25,243.45,110.88000000000001,1.5447499999999998,87853.15366666665,7.249999999999999,0.48,0.49,392.0,True,2026-09-05 12:08:19-07:00
1127.06,2,9,2026-09-05 19:26:47,37.08259,-121.59784,283.0,9.9,246.5,-12.6,0.0,,0.0,0.0,0.0,11.3,-0.2,231.8,0.0,266.0,-3.2,0.01,0.9,99.0,-5.0,26,0.0,29.98,1615.0,0.0,0.0,106,0.0,0.0,0.0,0.0,0.0,0.0,0.0,0.0,0.0,0.0,0.0,0.0,2.0,0.0,0.0,1.0,0.0,0.0,0.0,0.0,1.0,0.0,0.0,1200.0,51.0,87.0,899.0,899.0,13.0,1.6,0.0,1.6,24.1,0.0,0.0,14.3,0.0,0.0,6.6,40.5,35.3,0.0,0.0,0.0,0.0,160.0,587.0,154.0,604.0,165.0,575.0,165.0,585.0,0.0,0.0,4.0,0.0,0.0,24.1,1.0,4.996,0.0,0.0,0.929,2.013,50.6,87.4,0.0,0.0,0.0,,0.0,78.8,188.6,0.0,0.0,0.0,0.0,320.0,1088.6,309.2,1119.2,329.0,1067.0,329.0,1085.0,0.0,0.0,189.32,899.0,321.8,243.0,110.52,1.545194444444444,87871.28533333332,6.1875,0.48,0.49,392.0,True,2026-09-05 12:08:19-07:00
1128.06,2,9,2026-09-05 19:26:48,37.08257,-121.59789,283.0,8.5,243.2,-12.6,0.0,,0.0,0.0,0.0,11.6,-0.2,232.3,0.0,266.0,-1.3,-0.0,1.0,99.0,2.0,26,0.0,29.98,1615.0,0.0,0.0,106,0.0,0.0,0.0,0.0,0.0,0.0,0.0,0.0,0.0,0.0,0.0,0.0,2.0,0.0,0.0,1.0,0.0,0.0,0.0,0.0,1.0,0.0,0.0,1200.0,51.0,88.0,907.0,907.0,13.1,1.6,0.0,1.6,24.2,0.0,0.0,14.3,0.0,0.0,7.2,40.5,35.3,0.0,0.0,0.0,0.0,160.0,586.0,154.0,603.0,165.0,574.0,165.0,583.0,0.0,0.0,5.0,0.0,0.0,24.2,1.0,4.996,0.0,0.0,0.929,1.963,50.9,87.5,0.0,0.0,0.0,,0.0,78.8,190.4,0.0,0.0,0.0,0.0,320.0,1086.8,309.2,1117.4,329.0,1065.2,329.0,1081.4,0.0,0.0,189.5,907.0,321.8,243.0,110.7,1.5456388888888886,87886.80266666666,5.3125,0.48,0.49,392.0,True,2026-09-05 12:08:19-07:00
1129.06,2,9,2026-09-05 19:26:49,37.08256,-121.59793,283.0,7.7,245.2,-12.6,0.0,,0.0,0.0,0.0,11.8,-0.4,234.1,0.0,267.0,0.6,-0.04,0.9,99.0,22.0,26,0.0,29.98,1616.0,0.0,0.0,106,0.0,0.0,0.0,0.0,0.0,0.0,0.0,0.0,0.0,0.0,0.0,0.0,1.0,0.0,0.0,1.0,0.0,0.0,0.0,0.0,1.0,0.0,0.0,1200.0,51.0,88.0,895.0,895.0,13.1,1.6,0.0,1.6,24.1,0.0,0.0,14.3,0.0,0.0,7.6,40.5,35.3,0.0,0.0,0.0,0.0,160.0,586.0,154.0,604.0,165.0,574.0,165.0,582.0,0.0,0.0,5.0,0.0,0.0,24.1,1.0,4.996,0.0,0.0,0.929,1.777,50.6,87.6,0.0,0.0,0.0,,0.0,78.8,190.4,0.0,0.0,0.0,0.0,320.0,1086.8,309.2,1119.2,329.0,1065.2,329.0,1079.6,0.0,0.0,189.68,895.0,321.8,243.0,110.88000000000001,1.546083333333333,87900.46466666665,4.8125,0.48,0.49,392.0,True,2026-09-05 12:08:19-07:00
1130.06,2,9,2026-09-05 19:26:50,37.08254,-121.59797,283.0,7.4,246.5,-12.6,0.0,,0.0,0.0,0.0,12.1,-0.8,234.4,0.0,267.0,0.4,-0.04,1.1,99.0,23.0,26,0.0,29.98,1616.0,0.0,0.0,106,0.0,0.0,0.0,0.0,0.0,0.0,0.0,0.0,0.0,0.0,0.0,0.0,2.0,0.0,0.0,1.0,0.0,0.0,0.0,0.0,1.0,0.0,0.0,1200.0,51.0,88.0,909.0,909.0,13.1,1.6,0.0,1.6,24.2,0.0,0.0,14.3,0.0,0.0,8.0,40.5,35.3,0.0,0.0,0.0,0.0,160.0,585.0,154.0,604.0,165.0,574.0,165.0,581.0,0.0,0.0,5.0,0.0,0.0,24.2,1.0,4.996,0.0,0.0,0.93,1.707,50.9,87.7,0.0,0.0,0.0,,0.0,78.8,190.4,0.0,0.0,0.0,0.0,320.0,1085.0,309.2,1119.2,329.0,1065.2,329.0,1077.8,0.0,0.0,189.86,909.0,321.8,243.0,111.06000000000002,1.5465277777777775,87913.19899999998,4.625,0.48,0.49,392.0,True,2026-09-05 12:08:19-07:00
1131.06,2,9,2026-09-05 19:26:51,37.08253,-121.59801,283.0,7.3,246.1,-12.6,0.0,,0.0,0.0,0.0,11.7,-0.9,233.9,0.0,267.0,-0.4,-0.02,0.9,99.0,5.0,26,0.0,29.98,1617.0,0.0,0.0,106,0.0,0.0,0.0,0.0,0.0,0.0,0.0,0.0,0.0,0.0,0.0,0.0,2.0,0.0,0.0,1.0,0.0,0.0,0.0,0.0,1.0,0.0,0.0,1200.0,51.0,88.0,909.0,909.0,13.1,1.6,0.0,1.6,24.2,0.0,0.0,14.3,0.0,0.0,8.0,40.5,35.3,0.0,0.0,0.0,0.0,160.0,585.0,154.0,604.0,165.0,573.0,165.0,580.0,0.0,0.0,5.0,0.0,0.0,24.2,1.0,4.996,0.0,0.0,0.929,1.691,50.9,87.8,0.0,0.0,0.0,,0.0,78.8,190.4,0.0,0.0,0.0,0.0,320.0,1085.0,309.2,1119.2,329.0,1063.4,329.0,1076.0,0.0,0.0,190.04,909.0,321.8,243.0,111.24,1.546972222222222,87925.59599999998,4.5625,0.48,0.49,392.0,True,2026-09-05 12:08:19-07:00
1132.06,2,9,2026-09-05 19:26:52,37.08252,-121.59805,283.0,7.4,245.9,-12.6,0.0,,0.0,0.0,0.0,11.6,-0.7,233.4,0.0,267.0,-0.6,-0.01,1.0,99.0,14.0,26,0.0,29.98,1617.0,0.0,0.0,106,0.0,0.0,0.0,0.0,0.0,0.0,0.0,0.0,0.0,0.0,0.0,0.0,2.0,0.0,0.0,1.0,0.0,0.0,0.0,0.0,1.0,0.0,0.0,1200.0,51.0,88.0,906.0,906.0,13.0,1.6,0.0,1.6,24.2,0.0,0.0,14.3,0.0,0.0,7.3,40.5,35.3,0.0,0.0,0.0,0.0,161.0,584.0,154.0,605.0,165.0,573.0,165.0,580.0,0.0,0.0,4.0,0.0,0.0,24.2,1.0,4.996,0.0,0.0,1.099,1.661,50.8,87.6,0.0,0.0,0.0,,0.0,78.8,190.4,0.0,0.0,0.0,0.0,321.8,1083.2,309.2,1121.0,329.0,1063.4,329.0,1076.0,0.0,0.0,189.68,906.0,322.25,243.45,110.88000000000001,1.5474166666666664,87937.99299999999,4.625,0.48,0.49,392.0,True,2026-09-05 12:08:19-07:00
1133.06,2,9,2026-09-05 19:26:53,37.0825,-121.59808,283.0,7.4,244.8,-12.6,0.0,,0.0,0.0,0.0,11.4,-0.8,233.0,0.0,267.0,-0.6,-0.01,0.9,99.0,3.0,26,0.0,29.98,1617.0,0.0,0.0,106,0.0,0.0,0.0,0.0,0.0,0.0,0.0,0.0,0.0,0.0,0.0,0.0,2.0,0.0,0.0,1.0,0.0,0.0,0.0,0.0,1.0,0.0,0.0,1200.0,52.0,88.0,957.0,957.0,12.9,1.5,0.0,1.5,24.2,0.0,0.0,14.3,0.0,0.0,7.1,40.5,35.3,0.0,0.0,0.0,0.0,161.0,583.0,154.0,604.0,165.0,573.0,165.0,580.0,0.0,0.0,4.0,0.0,0.0,24.2,1.0,4.996,0.0,0.0,1.14,1.625,51.9,87.7,0.0,0.0,0.0,,0.0,78.8,190.4,0.0,0.0,0.0,0.0,321.8,1081.4,309.2,1119.2,329.0,1063.4,329.0,1076.0,0.0,0.0,189.86,957.0,322.25,243.45,111.06000000000002,1.547847222222222,87950.47433333332,4.933333333333334,0.48,0.49,392.0,True,2026-09-05 12:08:19-07:00
1134.06,2,9,2026-09-05 19:26:54,37.08249,-121.59812,283.0,7.7,243.7,-12.6,0.0,,0.0,0.0,0.0,11.0,-0.8,233.6,0.0,267.0,0.0,-0.02,1.0,99.0,0.0,26,0.0,29.98,1627.0,0.0,0.0,106,0.0,0.0,0.0,0.0,0.0,0.0,0.0,0.0,0.0,0.0,0.0,0.0,2.0,0.0,0.0,1.0,0.0,0.0,0.0,0.0,1.0,0.0,0.0,1200.0,51.0,88.0,918.0,918.0,12.7,1.5,0.0,1.5,24.2,0.0,0.0,14.3,0.0,0.0,7.0,40.5,35.3,0.0,0.0,0.0,0.0,161.0,582.0,154.0,603.0,165.0,573.0,165.0,582.0,0.0,0.0,4.0,0.0,0.0,24.2,1.0,4.996,0.0,0.0,1.245,1.611,51.0,87.7,0.0,0.0,0.0,,0.0,78.8,190.4,0.0,0.0,0.0,0.0,321.8,1079.6,309.2,1117.4,329.0,1063.4,329.0,1079.6,0.0,0.0,189.86,918.0,322.25,243.45,111.06000000000002,1.5482638888888887,87963.20866666664,5.133333333333334,0.48,0.49,392.0,True,2026-09-05 12:08:19-07:00
1135.06,2,9,2026-09-05 19:26:55,37.08247,-121.59816,283.0,8.0,244.7,-12.6,0.0,,0.0,0.0,0.0,10.5,-0.6,234.4,0.0,267.0,0.5,-0.01,0.9,99.0,-34.0,26,0.0,29.98,1627.0,0.0,0.0,106,0.0,0.0,0.0,0.0,0.0,0.0,0.0,0.0,0.0,0.0,0.0,0.0,2.0,0.0,0.0,1.0,0.0,0.0,0.0,0.0,1.0,0.0,0.0,1200.0,51.0,88.0,909.0,909.0,12.8,1.5,0.0,1.5,24.2,0.0,0.0,14.3,0.0,0.0,6.6,40.5,35.3,0.0,0.0,0.0,0.0,161.0,582.0,155.0,604.0,165.0,572.0,165.0,581.0,0.0,0.0,4.0,0.0,0.0,24.2,1.0,4.996,0.0,0.0,1.359,1.599,50.8,87.8,0.0,0.0,0.0,,0.0,78.8,190.4,0.0,0.0,0.0,0.0,321.8,1079.6,311.0,1119.2,329.0,1061.6,329.0,1077.8,0.0,0.0,190.04,909.0,322.7,243.89999999999998,111.24,1.5486805555555554,87976.44899999998,5.333333333333333,0.48,0.49,392.0,True,2026-09-05 12:08:19-07:00
1136.06,2,9,2026-09-05 19:26:56,37.08245,-121.59821,282.0,8.6,244.5,-12.6,0.0,,0.0,0.0,0.0,9.9,-0.5,235.3,0.0,267.0,0.6,-0.02,1.0,99.0,-19.0,26,0.0,29.98,1627.0,0.0,0.0,106,0.0,0.0,0.0,0.0,0.0,0.0,0.0,0.0,0.0,0.0,0.0,0.0,1.0,0.0,0.0,-1.0,0.0,0.0,0.0,0.0,1.0,0.0,0.0,1200.0,51.0,88.0,920.0,920.0,13.0,1.5,0.0,1.5,24.2,0.0,0.0,14.3,0.0,0.0,6.3,40.5,35.3,0.0,0.0,0.0,0.0,161.0,582.0,155.0,604.0,165.0,571.0,165.0,581.0,0.0,0.0,4.0,0.0,0.0,24.2,1.0,4.996,0.0,0.0,1.359,1.558,51.1,87.8,0.0,0.0,0.0,,0.0,78.8,190.4,0.0,0.0,0.0,0.0,321.8,1079.6,311.0,1119.2,329.0,1059.8,329.0,1077.8,0.0,0.0,190.04,920.0,322.7,243.89999999999998,111.24,1.549097222222222,87990.44833333332,5.733333333333333,0.48,0.49,392.0,True,2026-09-05 12:08:19-07:00
1137.06,2,9,2026-09-05 19:26:57,37.08244,-121.59825,282.0,8.7,244.2,-12.6,0.0,,0.0,0.0,0.0,11.7,-0.5,237.6,0.0,267.0,1.6,-0.03,1.0,99.0,-37.0,26,0.0,29.98,1627.0,0.0,0.0,106,0.0,0.0,0.0,0.0,0.0,0.0,0.0,0.0,0.0,0.0,0.0,0.0,2.0,0.0,0.0,1.0,0.0,0.0,0.0,0.0,1.0,0.0,0.0,1200.0,51.0,88.0,926.0,926.0,12.9,1.5,0.0,1.5,24.2,0.0,0.0,14.3,0.0,0.0,6.2,40.5,35.3,0.0,0.0,0.0,0.0,161.0,582.0,155.0,603.0,165.0,571.0,165.0,580.0,0.0,0.0,4.0,0.0,0.0,24.2,1.0,4.996,0.0,0.0,1.472,1.642,51.3,87.9,0.0,0.0,0.0,,0.0,78.8,190.4,0.0,0.0,0.0,0.0,321.8,1079.6,311.0,1117.4,329.0,1059.8,329.0,1076.0,0.0,0.0,190.22,926.0,322.7,243.89999999999998,111.42,1.5495138888888886,88005.03799999999,5.8,0.48,0.49,392.0,True,2026-09-05 12:08:19-07:00
1138.06,2,9,2026-09-05 19:26:58,37.08242,-121.5983,282.0,8.7,250.8,-12.6,0.0,,0.0,0.0,0.0,11.6,-1.1,237.0,0.0,267.0,0.8,-0.03,0.8,99.0,-22.0,26,0.0,29.98,1627.0,0.0,0.0,106,0.0,0.0,0.0,0.0,0.0,0.0,0.0,0.0,0.0,0.0,0.0,0.0,2.0,0.0,0.0,1.0,0.0,0.0,0.0,0.0,1.0,0.0,0.0,1200.0,52.0,88.0,981.0,981.0,12.8,1.5,0.0,1.5,24.2,0.0,0.0,14.3,0.0,0.0,6.0,40.5,35.3,0.0,0.0,0.0,0.0,161.0,581.0,155.0,602.0,165.0,571.0,165.0,580.0,0.0,0.0,4.0,0.0,0.0,24.2,1.0,4.996,0.0,0.0,1.472,1.509,52.0,87.9,0.0,0.0,0.0,,0.0,78.8,190.4,0.0,0.0,0.0,0.0,321.8,1077.8,311.0,1115.6,329.0,1059.8,329.0,1076.0,0.0,0.0,190.22,981.0,322.7,243.89999999999998,111.42,1.5499305555555554,88019.71199999998,5.8,0.48,0.49,392.0,True,2026-09-05 12:08:19-07:00
1139.06,2,9,2026-09-05 19:26:59,37.08241,-121.59835,281.0,8.9,246.4,-12.6,0.0,,0.0,0.0,0.0,11.0,-0.8,235.4,0.0,267.0,-0.8,0.01,1.0,99.0,4.0,26,0.0,29.98,1636.0,0.0,0.0,106,0.0,0.0,0.0,0.0,0.0,0.0,0.0,0.0,0.0,0.0,0.0,0.0,2.0,0.0,0.0,1.0,0.0,0.0,0.0,0.0,1.0,0.0,0.0,1200.0,53.0,88.0,1005.0,1005.0,12.8,1.5,0.0,1.5,24.2,0.0,0.0,14.3,0.0,0.0,5.9,40.5,35.3,0.0,0.0,0.0,0.0,161.0,581.0,155.0,602.0,165.0,574.0,165.0,583.0,0.0,0.0,4.0,0.0,0.0,24.2,1.0,4.996,0.0,0.0,1.471,1.536,52.9,88.0,0.0,0.0,0.0,,0.0,78.8,190.4,0.0,0.0,0.0,0.0,321.8,1077.8,311.0,1115.6,329.0,1065.2,329.0,1081.4,0.0,0.0,190.4,1005.0,322.7,243.89999999999998,111.60000000000001,1.5503472222222219,88034.55466666665,5.933333333333334,0.48,0.49,392.0,True,2026-09-05 12:08:19-07:00
1140.06,2,9,2026-09-05 19:27:00,37.08239,-121.5984,281.0,9.0,246.3,-12.6,0.0,,0.0,0.0,0.0,11.0,-0.5,236.1,0.0,267.0,0.1,-0.01,0.9,99.0,-8.0,26,0.0,29.98,1636.0,0.0,0.0,106,0.0,0.0,0.0,0.0,0.0,0.0,0.0,0.0,0.0,0.0,0.0,0.0,2.0,0.0,0.0,1.0,0.0,0.0,0.0,0.0,1.0,0.0,0.0,1200.0,53.0,88.0,993.0,993.0,12.6,1.6,0.0,1.6,24.2,0.0,0.0,14.3,0.0,0.0,5.9,40.5,35.3,0.0,0.0,0.0,0.0,161.0,582.0,155.0,603.0,165.0,575.0,165.0,584.0,0.0,0.0,4.0,0.0,0.0,24.2,1.0,4.996,0.0,0.0,1.471,1.565,52.8,88.1,0.0,0.0,0.0,,0.0,78.8,190.4,0.0,0.0,0.0,0.0,321.8,1079.6,311.0,1117.4,329.0,1067.0,329.0,1083.2,0.0,0.0,190.57999999999998,993.0,322.7,243.89999999999998,111.77999999999999,1.5507777777777776,88049.65033333331,5.625,0.48,0.49,392.0,True,2026-09-05 12:08:19-07:00
1141.06,2,9,2026-09-05 19:27:01,37.08237,-121.59844,280.0,9.1,246.9,-12.6,0.0,,0.0,0.0,0.0,11.1,-0.3,236.6,0.0,267.0,0.5,-0.01,1.1,99.0,-49.0,26,0.0,29.98,1636.0,0.0,0.0,106,0.0,0.0,0.0,0.0,0.0,0.0,0.0,0.0,0.0,0.0,0.0,0.0,2.0,0.0,0.0,1.0,0.0,0.0,0.0,0.0,1.0,0.0,0.0,1200.0,53.0,88.0,992.0,992.0,12.7,1.6,0.0,1.6,24.2,0.0,0.0,14.3,0.0,0.0,5.9,40.5,35.3,0.0,0.0,0.0,0.0,161.0,583.0,155.0,604.0,166.0,577.0,165.0,585.0,0.0,0.0,4.0,0.0,0.0,24.2,1.0,4.996,0.0,0.0,1.471,1.548,52.6,88.1,0.0,0.0,0.0,,0.0,78.8,190.4,0.0,0.0,0.0,0.0,321.8,1081.4,311.0,1119.2,330.8,1070.6,329.0,1085.0,0.0,0.0,190.57999999999998,992.0,323.15,244.34999999999997,111.77999999999999,1.551222222222222,88064.91466666665,5.687499999999999,0.48,0.49,392.0,True,2026-09-05 12:08:19-07:00
1142.06,2,9,2026-09-05 19:27:02,37.08236,-121.5985,280.0,9.3,247.5,-12.6,0.0,,0.0,0.0,0.0,10.9,-0.6,236.8,0.0,267.0,0.4,-0.01,1.1,99.0,8.0,26,0.0,29.98,1637.0,0.0,0.0,106,0.0,0.0,0.0,0.0,0.0,0.0,0.0,0.0,0.0,0.0,0.0,0.0,2.0,0.0,0.0,1.0,0.0,0.0,0.0,0.0,1.0,0.0,0.0,1200.0,52.0,88.0,966.0,966.0,12.6,1.6,0.0,1.6,24.2,0.0,0.0,14.3,0.0,0.0,5.9,40.5,35.3,0.0,0.0,0.0,0.0,161.0,585.0,155.0,604.0,166.0,578.0,165.0,585.0,0.0,0.0,4.0,0.0,0.0,24.2,1.0,4.996,0.0,0.0,1.471,1.543,52.3,88.2,0.0,0.0,0.0,,0.0,78.8,190.4,0.0,0.0,0.0,0.0,321.8,1085.0,311.0,1119.2,330.8,1072.4,329.0,1085.0,0.0,0.0,190.76000000000002,966.0,323.15,244.34999999999997,111.96000000000002,1.5516666666666665,88080.43199999999,5.8125,0.48,0.49,392.0,True,2026-09-05 12:08:19-07:00
1143.06,2,9,2026-09-05 19:27:03,37.08234,-121.59855,279.0,9.4,248.1,-12.6,0.0,,0.0,0.0,0.0,11.0,-0.8,236.3,0.0,267.0,-0.1,-0.02,0.9,99.0,21.0,26,0.0,29.98,1637.0,0.0,0.0,106,0.0,0.0,0.0,0.0,0.0,0.0,0.0,0.0,0.0,0.0,0.0,0.0,1.0,0.0,0.0,1.0,0.0,0.0,0.0,0.0,1.0,0.0,0.0,1200.0,52.0,88.0,954.0,954.0,12.8,1.6,0.0,1.6,24.2,0.0,0.0,14.3,0.0,0.0,5.9,40.5,35.3,0.0,0.0,0.0,0.0,161.0,585.0,155.0,605.0,166.0,578.0,165.0,585.0,0.0,0.0,4.0,0.0,0.0,24.2,1.0,4.996,0.0,0.0,1.471,1.561,52.0,88.2,0.0,0.0,0.0,,0.0,78.8,190.4,0.0,0.0,0.0,0.0,321.8,1085.0,311.0,1121.0,330.8,1072.4,329.0,1085.0,0.0,0.0,190.76000000000002,954.0,323.15,244.34999999999997,111.96000000000002,1.5521111111111108,88096.20233333332,5.875,0.48,0.49,392.0,True,2026-09-05 12:08:19-07:00
1144.06,2,9,2026-09-05 19:27:04,37.08232,-121.59859,278.0,9.6,247.5,-12.6,0.0,,0.0,0.0,0.0,11.1,-0.4,236.2,0.0,267.0,-0.1,-0.01,1.0,99.0,17.0,26,0.0,29.98,1637.0,0.0,0.0,106,0.0,0.0,0.0,0.0,0.0,0.0,0.0,0.0,0.0,0.0,0.0,0.0,2.0,0.0,0.0,1.0,0.0,0.0,0.0,0.0,1.0,0.0,0.0,1200.0,51.0,88.0,907.0,907.0,12.6,1.6,0.0,1.6,24.2,0.0,0.0,14.3,0.0,0.0,6.0,40.5,35.3,0.0,0.0,0.0,0.0,161.0,584.0,155.0,605.0,166.0,577.0,166.0,584.0,0.0,0.0,4.0,0.0,0.0,24.2,1.0,4.996,0.0,0.0,1.482,1.559,51.1,88.3,0.0,0.0,0.0,,0.0,78.8,190.4,0.0,0.0,0.0,0.0,321.8,1083.2,311.0,1121.0,330.8,1070.6,330.8,1083.2,0.0,0.0,190.94,907.0,323.6,244.8,112.14,1.5525555555555552,88112.22566666665,5.999999999999999,0.48,0.49,392.0,True,2026-09-05 12:08:19-07:00
1145.06,2,9,2026-09-05 19:27:05,37.08231,-121.59865,279.0,9.5,247.6,-12.6,0.0,,0.0,0.0,0.0,11.1,-0.2,236.1,0.0,267.0,-0.1,-0.01,1.1,99.0,-1.0,26,0.0,29.98,1637.0,0.0,0.0,106,0.0,0.0,0.0,0.0,0.0,0.0,0.0,0.0,0.0,0.0,0.0,0.0,2.0,0.0,0.0,1.0,0.0,0.0,0.0,0.0,1.0,0.0,0.0,1200.0,51.0,88.0,893.0,893.0,12.8,1.6,0.0,1.6,24.2,0.0,0.0,14.3,0.0,0.0,6.0,40.5,35.3,0.0,0.0,0.0,0.0,162.0,583.0,155.0,606.0,166.0,576.0,166.0,582.0,0.0,0.0,4.0,0.0,0.0,24.2,1.0,4.996,0.0,0.0,1.475,1.582,50.5,88.3,0.0,0.0,0.0,,0.0,78.8,190.4,0.0,0.0,0.0,0.0,323.6,1081.4,311.0,1122.8,330.8,1068.8,330.8,1079.6,0.0,0.0,190.94,893.0,324.05,245.25,112.14,1.5529999999999997,88128.33333333331,5.9375,0.48,0.49,392.0,True,2026-09-05 12:08:19-07:00
1146.06,2,9,2026-09-05 19:27:06,37.08229,-121.59869,279.0,9.5,247.6,-12.6,0.0,,0.0,0.0,0.0,11.1,-0.2,235.9,0.0,267.0,-0.1,-0.0,0.9,99.0,19.0,26,0.0,29.98,1637.0,0.0,0.0,106,0.0,0.0,0.0,0.0,0.0,0.0,0.0,0.0,0.0,0.0,0.0,0.0,2.0,0.0,0.0,1.0,0.0,0.0,0.0,0.0,1.0,0.0,0.0,1200.0,51.0,88.0,895.0,895.0,12.8,1.6,0.0,1.6,24.2,0.0,0.0,14.3,0.0,0.0,6.0,40.5,35.3,0.0,0.0,0.0,0.0,162.0,583.0,155.0,606.0,166.0,575.0,166.0,581.0,0.0,0.0,4.0,0.0,0.0,24.2,1.0,4.996,0.0,0.0,1.471,1.572,50.6,88.3,0.0,0.0,0.0,,0.0,78.8,190.4,0.0,0.0,0.0,0.0,323.6,1081.4,311.0,1122.8,330.8,1067.0,330.8,1077.8,0.0,0.0,190.94,895.0,324.05,245.25,112.14,1.5534444444444442,88144.35666666664,5.9375,0.48,0.49,392.0,True,2026-09-05 12:08:19-07:00
1147.06,2,9,2026-09-05 19:27:07,37.08228,-121.59875,279.0,9.4,247.8,-12.6,0.0,,0.0,0.0,0.0,11.0,-0.3,234.2,0.0,267.0,-1.0,0.0,1.1,99.0,-12.0,26,0.0,29.98,1637.0,0.0,0.0,106,0.0,0.0,0.0,0.0,0.0,0.0,0.0,0.0,0.0,0.0,0.0,0.0,2.0,0.0,0.0,1.0,0.0,0.0,0.0,0.0,1.0,0.0,0.0,1200.0,51.0,88.0,897.0,897.0,13.0,1.5,0.0,1.5,24.2,0.0,0.0,14.3,0.0,0.0,6.0,40.5,35.3,0.0,0.0,0.0,0.0,162.0,582.0,155.0,606.0,166.0,574.0,166.0,581.0,0.0,0.0,4.0,0.0,0.0,24.2,1.0,4.996,0.0,0.0,1.471,1.594,50.7,88.4,0.0,0.0,0.0,,0.0,78.8,190.4,0.0,0.0,0.0,0.0,323.6,1079.6,311.0,1122.8,330.8,1065.2,330.8,1077.8,0.0,0.0,191.12,897.0,324.05,245.25,112.32000000000001,1.5538749999999997,88160.29566666664,6.266666666666667,0.48,0.49,392.0,True,2026-09-05 12:08:19-07:00
1148.06,2,9,2026-09-05 19:27:08,37.08226,-121.5988,279.0,8.8,249.1,-12.6,0.0,,0.0,0.0,0.0,11.0,-0.6,225.8,0.0,267.0,-5.0,0.03,1.0,99.0,-24.0,26,0.0,29.98,1637.0,0.0,0.0,106,0.0,0.0,0.0,0.0,0.0,0.0,0.0,0.0,0.0,0.0,0.0,0.0,2.0,0.0,0.0,1.0,0.0,0.0,0.0,0.0,1.0,0.0,0.0,1200.0,51.0,88.0,906.0,906.0,13.0,1.5,0.0,1.5,24.2,0.0,0.0,14.3,0.0,0.0,5.9,40.5,35.3,0.0,0.0,0.0,0.0,162.0,580.0,155.0,606.0,166.0,573.0,166.0,580.0,0.0,0.0,4.0,0.0,0.0,24.2,1.0,4.996,0.0,0.0,1.554,1.655,50.9,88.4,0.0,0.0,0.0,,0.0,78.8,190.4,0.0,0.0,0.0,0.0,323.6,1076.0,311.0,1122.8,330.8,1063.4,330.8,1076.0,0.0,0.0,191.12,906.0,324.05,245.25,112.32000000000001,1.5542916666666664,88175.64433333332,5.866666666666667,0.48,0.49,392.0,True,2026-09-05 12:08:19-07:00
1149.06,2,9,2026-09-05 19:27:09,37.08224,-121.59885,278.0,8.7,237.9,-12.6,0.0,,0.0,0.0,0.0,11.2,-0.6,212.8,0.0,267.0,-9.7,0.06,0.8,99.0,2.0,26,0.0,29.98,1637.0,0.0,0.0,106,0.0,0.0,0.0,0.0,0.0,0.0,0.0,0.0,0.0,0.0,0.0,0.0,2.0,0.0,0.0,1.0,0.0,0.0,0.0,0.0,1.0,0.0,0.0,1200.0,51.0,88.0,892.0,892.0,12.9,1.5,0.0,1.5,24.2,0.0,0.0,14.3,0.0,0.0,6.0,40.5,35.3,0.0,0.0,0.0,0.0,162.0,579.0,155.0,607.0,166.0,572.0,166.0,579.0,0.0,0.0,4.0,0.0,0.0,24.2,1.0,4.996,0.0,0.0,1.476,1.694,50.5,88.4,0.0,0.0,0.0,,0.0,78.8,190.4,0.0,0.0,0.0,0.0,323.6,1074.2,311.0,1124.6,330.8,1061.6,330.8,1074.2,0.0,0.0,191.12,892.0,324.05,245.25,112.32000000000001,1.5547083333333331,88190.40266666665,5.8,0.48,0.49,392.0,True,2026-09-05 12:08:19-07:00
1150.06,2,9,2026-09-05 19:27:10,37.08222,-121.59888,279.0,8.2,225.6,-12.6,0.0,,0.0,0.0,0.0,10.9,-0.7,194.7,0.0,267.0,-14.7,0.11,0.7,99.0,9.0,26,0.0,29.98,1638.0,0.0,0.0,106,0.0,0.0,0.0,0.0,0.0,0.0,0.0,0.0,0.0,0.0,0.0,0.0,2.0,0.0,0.0,1.0,0.0,0.0,0.0,0.0,1.0,0.0,0.0,1200.0,50.0,88.0,884.0,884.0,13.1,1.5,0.0,1.5,24.2,0.0,0.0,14.3,0.0,0.0,6.0,40.5,35.3,0.0,0.0,0.0,0.0,162.0,580.0,155.0,607.0,166.0,572.0,166.0,579.0,0.0,0.0,4.0,0.0,0.0,24.2,1.0,4.996,0.0,0.0,1.415,1.738,50.4,88.5,0.0,0.0,0.0,,0.0,78.8,190.4,0.0,0.0,0.0,0.0,323.6,1076.0,311.0,1124.6,330.8,1061.6,330.8,1074.2,0.0,0.0,191.3,884.0,324.05,245.25,112.50000000000001,1.5551249999999996,88204.65499999998,5.466666666666666,0.48,0.49,392.0,True,2026-09-05 12:08:19-07:00
1151.06,2,9,2026-09-05 19:27:11,37.08219,-121.59891,278.0,7.9,208.6,-12.6,0.0,,0.0,0.0,0.0,10.8,-0.1,175.8,0.0,267.0,-17.4,0.14,1.1,99.0,13.0,26,0.0,29.98,1638.0,0.0,0.0,106,0.0,0.0,0.0,0.0,0.0,0.0,0.0,0.0,0.0,0.0,0.0,0.0,2.0,0.0,0.0,1.0,0.0,0.0,0.0,0.0,1.0,1.0,0.0,1200.0,51.0,89.0,901.0,901.0,13.2,1.5,0.0,1.5,24.2,0.0,0.0,14.3,0.0,0.0,6.0,40.5,35.3,0.0,0.0,0.0,0.0,162.0,579.0,156.0,608.0,166.0,572.0,166.0,579.0,0.0,0.0,4.0,0.0,0.0,24.2,1.0,4.996,0.0,0.0,1.302,1.788,50.7,88.5,0.0,0.0,0.0,,0.0,78.8,192.2,0.0,0.0,0.0,0.0,323.6,1074.2,312.8,1126.4,330.8,1061.6,330.8,1074.2,0.0,0.0,191.3,901.0,324.5,245.7,112.50000000000001,1.5555416666666664,88218.23266666665,5.266666666666667,0.48,0.49,392.0,True,2026-09-05 12:08:19-07:00
1152.06,2,9,2026-09-05 19:27:12,37.08215,-121.59892,278.0,8.2,187.4,-12.6,0.0,,0.0,0.0,0.0,10.3,0.5,161.7,0.0,267.0,-15.8,0.13,1.0,99.0,-14.0,26,0.0,29.98,1638.0,0.0,0.0,106,0.0,0.0,0.0,0.0,0.0,0.0,0.0,0.0,0.0,0.0,0.0,0.0,2.0,0.0,0.0,1.0,0.0,0.0,0.0,0.0,1.0,0.0,0.0,1200.0,51.0,89.0,908.0,908.0,13.1,1.5,0.0,1.5,24.3,0.0,0.0,14.3,0.0,0.0,5.9,40.5,35.3,0.0,0.0,0.0,0.0,162.0,579.0,156.0,608.0,166.0,572.0,166.0,578.0,0.0,0.0,4.0,0.0,0.0,24.3,1.0,4.996,0.0,0.0,0.822,1.837,50.8,88.5,0.0,0.0,0.0,,0.0,78.8,192.2,0.0,0.0,0.0,0.0,323.6,1074.2,312.8,1126.4,330.8,1061.6,330.8,1072.4,0.0,0.0,191.3,908.0,324.5,245.7,112.50000000000001,1.555958333333333,88231.81033333331,5.466666666666666,0.48,0.49,392.0,True,2026-09-05 12:08:19-07:00
1153.06,2,9,2026-09-05 19:27:13,37.08212,-121.59892,277.0,8.3,173.0,-12.6,0.0,,0.0,0.0,0.0,10.3,0.2,152.3,0.0,267.0,-11.9,0.09,0.8,99.0,-3.0,26,0.0,29.98,1647.0,0.0,0.0,106,0.0,0.0,0.0,0.0,0.0,0.0,0.0,0.0,0.0,0.0,0.0,0.0,2.0,0.0,0.0,1.0,0.0,0.0,0.0,0.0,1.0,0.0,0.0,1200.0,52.0,89.0,972.0,972.0,13.2,1.5,0.0,1.5,24.3,0.0,0.0,14.3,0.0,0.0,5.8,40.5,35.3,0.0,0.0,0.0,0.0,162.0,577.0,156.0,607.0,166.0,573.0,166.0,579.0,0.0,0.0,4.0,0.0,0.0,24.3,1.0,4.996,0.0,0.0,0.731,1.985,52.3,88.5,0.0,0.0,0.0,,0.0,78.8,192.2,0.0,0.0,0.0,0.0,323.6,1070.6,312.8,1124.6,330.8,1063.4,330.8,1074.2,0.0,0.0,191.3,972.0,324.5,245.7,112.50000000000001,1.5563749999999998,88245.72533333332,5.533333333333334,0.48,0.49,392.0,True,2026-09-05 12:08:19-07:00
1154.06,2,9,2026-09-05 19:27:14,37.08207,-121.59892,277.0,8.7,161.0,-12.6,0.0,,0.0,0.0,0.0,10.6,0.1,150.2,0.0,267.0,-6.6,0.09,0.9,99.0,-12.0,26,0.0,29.98,1647.0,0.0,0.0,106,0.0,0.0,0.0,0.0,0.0,0.0,0.0,0.0,0.0,0.0,0.0,0.0,2.0,0.0,0.0,1.0,0.0,0.0,0.0,0.0,1.0,0.0,0.0,1200.0,53.0,89.0,975.0,975.0,12.9,1.5,0.0,1.5,24.2,0.0,0.0,14.3,0.0,0.0,5.8,40.5,35.3,0.0,0.0,0.0,0.0,163.0,578.0,156.0,607.0,166.0,575.0,166.0,581.0,0.0,0.0,4.0,0.0,0.0,24.2,1.0,4.996,0.0,0.0,0.68,2.012,52.6,88.6,0.0,0.0,0.0,,0.0,78.8,192.2,0.0,0.0,0.0,0.0,325.4,1072.4,312.8,1124.6,330.8,1067.0,330.8,1077.8,0.0,0.0,191.48,975.0,324.95000000000005,246.15000000000003,112.67999999999999,1.5567916666666664,88260.06199999998,5.8,0.48,0.49,392.0,True,2026-09-05 12:08:19-07:00
1155.06,2,9,2026-09-05 19:27:15,37.08204,-121.59889,277.0,8.6,158.1,-12.6,0.0,,0.0,0.0,0.0,10.6,0.7,165.3,0.0,267.0,5.8,-0.05,0.9,99.0,-18.0,26,0.0,29.98,1647.0,0.0,0.0,106,0.0,0.0,0.0,0.0,0.0,0.0,0.0,0.0,0.0,0.0,0.0,0.0,0.0,0.0,0.0,-3.0,0.0,0.0,0.0,0.0,1.0,0.0,0.0,1200.0,53.0,89.0,971.0,971.0,12.9,1.5,0.0,1.5,24.2,0.0,0.0,14.3,0.0,0.0,5.9,40.5,35.3,0.0,0.0,0.0,0.0,163.0,579.0,156.0,607.0,166.0,575.0,166.0,582.0,0.0,0.0,4.0,0.0,0.0,24.2,1.0,4.996,0.0,0.0,0.654,2.081,52.6,88.6,0.0,0.0,0.0,,0.0,78.8,192.2,0.0,0.0,0.0,0.0,325.4,1074.2,312.8,1124.6,330.8,1067.0,330.8,1079.6,0.0,0.0,191.48,971.0,324.95000000000005,246.15000000000003,112.67999999999999,1.557208333333333,88274.65166666664,5.733333333333333,0.48,0.49,392.0,True,2026-09-05 12:08:19-07:00
1156.06,2,9,2026-09-05 19:27:16,37.082,-121.59888,276.0,8.6,176.6,-12.6,0.0,,0.0,0.0,0.0,10.5,0.5,183.5,0.0,267.0,13.9,-0.18,0.8,99.0,16.0,26,0.0,29.98,1647.0,0.0,0.0,106,0.0,0.0,0.0,0.0,0.0,0.0,0.0,0.0,0.0,0.0,0.0,0.0,-1.0,0.0,0.0,-3.0,0.0,0.0,0.0,0.0,1.0,0.0,0.0,1200.0,52.0,89.0,962.0,962.0,12.7,1.5,0.0,1.5,24.2,0.0,0.0,14.3,0.0,0.0,6.0,40.5,35.3,0.0,0.0,0.0,0.0,163.0,579.0,156.0,607.0,166.0,577.0,166.0,583.0,0.0,0.0,4.0,0.0,0.0,24.2,1.0,4.996,0.0,0.0,0.77,1.842,52.4,88.7,0.0,0.0,0.0,,0.0,78.8,192.2,0.0,0.0,0.0,0.0,325.4,1074.2,312.8,1124.6,330.8,1070.6,330.8,1081.4,0.0,0.0,191.66000000000003,962.0,324.95000000000005,246.15000000000003,112.86000000000003,1.5576249999999998,88289.15699999998,5.733333333333333,0.48,0.49,392.0,True,2026-09-05 12:08:19-07:00
1157.06,2,9,2026-09-05 19:27:17,37.08196,-121.59889,277.0,8.8,197.7,-12.6,0.0,,0.0,0.0,0.0,10.4,1.2,192.1,0.0,267.0,11.4,-0.09,1.0,99.0,-7.0,26,0.0,29.98,1647.0,0.0,0.0,106,0.0,0.0,0.0,0.0,0.0,0.0,0.0,0.0,0.0,0.0,0.0,0.0,-1.0,0.0,0.0,1.0,0.0,0.0,0.0,0.0,1.0,0.0,0.0,1200.0,52.0,89.0,964.0,964.0,12.8,1.6,0.0,1.6,24.2,0.0,0.0,14.3,0.0,0.0,6.0,40.5,35.3,0.0,0.0,0.0,0.0,163.0,579.0,156.0,608.0,166.0,578.0,167.0,585.0,0.0,0.0,4.0,0.0,0.0,24.2,1.0,4.996,0.0,0.0,1.276,1.75,52.3,88.7,0.0,0.0,0.0,,0.0,78.8,192.2,0.0,0.0,0.0,0.0,325.4,1074.2,312.8,1126.4,330.8,1072.4,332.6,1085.0,0.0,0.0,191.66000000000003,964.0,325.4,246.59999999999997,112.86000000000003,1.5580555555555553,88303.83099999998,5.5,0.48,0.49,392.0,True,2026-09-05 12:08:19-07:00
1158.06,2,9,2026-09-05 19:27:18,37.08192,-121.59891,276.0,9.1,204.0,-12.6,0.0,,0.0,0.0,0.0,10.8,0.5,200.0,0.0,267.0,9.1,-0.05,1.2,99.0,2.0,26,0.0,29.98,1647.0,0.0,0.0,106,0.0,0.0,0.0,0.0,0.0,0.0,0.0,0.0,0.0,0.0,0.0,0.0,-1.0,0.0,0.0,1.0,0.0,0.0,0.0,0.0,1.0,0.0,0.0,1200.0,52.0,89.0,960.0,960.0,12.8,1.6,0.0,1.6,24.2,0.0,0.0,14.3,0.0,0.0,5.9,40.5,35.3,0.0,0.0,0.0,0.0,163.0,581.0,156.0,607.0,167.0,578.0,167.0,585.0,0.0,0.0,4.0,0.0,0.0,24.2,1.0,4.996,0.0,0.0,1.324,1.713,52.3,88.7,0.0,0.0,0.0,,0.0,78.8,192.2,0.0,0.0,0.0,0.0,325.4,1077.8,312.8,1124.6,332.6,1072.4,332.6,1085.0,0.0,0.0,191.66000000000003,960.0,325.85,247.05,112.86000000000003,1.5584999999999998,88318.92666666665,5.687499999999999,0.48,0.49,392.0,True,2026-09-05 12:08:19-07:00
1159.06,2,9,2026-09-05 19:27:19,37.08189,-121.59893,276.0,9.4,211.1,-12.6,0.0,,0.0,0.0,0.0,10.3,-1.3,208.6,0.0,267.0,8.7,-0.08,0.7,99.0,-3.0,26,0.0,29.98,1648.0,0.0,0.0,106,0.0,0.0,0.0,0.0,0.0,0.0,0.0,0.0,0.0,0.0,0.0,0.0,-1.0,0.0,0.0,0.0,0.0,0.0,0.0,0.0,1.0,0.0,0.0,1200.0,52.0,89.0,959.0,959.0,12.8,1.6,0.0,1.6,24.2,0.0,0.0,14.3,0.0,0.0,5.9,40.5,35.3,0.0,0.0,0.0,0.0,163.0,581.0,156.0,608.0,167.0,579.0,167.0,586.0,0.0,0.0,4.0,0.0,0.0,24.2,1.0,4.996,0.0,0.0,1.282,1.65,52.2,88.8,0.0,0.0,0.0,,0.0,78.8,192.2,0.0,0.0,0.0,0.0,325.4,1077.8,312.8,1126.4,332.6,1074.2,332.6,1086.8,0.0,0.0,191.83999999999997,959.0,325.85,247.05,113.03999999999998,1.5589444444444442,88334.52833333332,5.875,0.48,0.49,392.0,True,2026-09-05 12:08:19-07:00
1160.06,2,9,2026-09-05 19:27:20,37.08185,-121.59897,276.0,9.6,221.3,-12.6,0.0,,0.0,0.0,0.0,11.4,-0.4,218.4,0.0,267.0,9.2,-0.11,1.0,99.0,-8.0,26,0.0,29.98,1648.0,0.0,0.0,106,0.0,0.0,0.0,0.0,0.0,0.0,0.0,0.0,0.0,0.0,0.0,0.0,-1.0,0.0,0.0,0.0,0.0,0.0,0.0,0.0,1.0,0.0,0.0,1200.0,52.0,89.0,961.0,961.0,12.9,1.6,0.0,1.6,24.2,0.0,0.0,14.3,0.0,0.0,5.9,40.5,35.3,0.0,0.0,0.0,0.0,163.0,581.0,156.0,608.0,167.0,579.0,167.0,587.0,0.0,0.0,4.0,0.0,0.0,24.2,1.0,4.996,0.0,0.0,1.414,1.564,52.2,88.8,0.0,0.0,0.0,,0.0,78.8,192.2,0.0,0.0,0.0,0.0,325.4,1077.8,312.8,1126.4,332.6,1074.2,332.6,1088.6,0.0,0.0,191.83999999999997,961.0,325.85,247.05,113.03999999999998,1.5593888888888887,88350.55166666665,5.999999999999999,0.48,0.49,392.0,True,2026-09-05 12:08:19-07:00
1161.06,2,9,2026-09-05 19:27:21,37.08182,-121.59901,275.0,9.6,233.6,-12.6,0.0,,0.0,0.0,0.0,11.3,-0.1,223.6,0.0,267.0,7.1,-0.05,0.7,99.0,-13.0,26,0.0,29.98,1648.0,0.0,0.0,106,0.0,0.0,0.0,0.0,0.0,0.0,0.0,0.0,0.0,0.0,0.0,0.0,-1.0,0.0,0.0,-2.0,0.0,0.0,0.0,0.0,1.0,0.0,0.0,1200.0,52.0,89.0,967.0,967.0,12.8,1.6,0.0,1.6,24.2,0.0,0.0,14.3,0.0,0.0,5.9,40.5,35.3,0.0,0.0,0.0,0.0,164.0,581.0,157.0,609.0,167.0,579.0,167.0,588.0,0.0,0.0,2.0,0.0,0.0,24.2,1.0,4.996,0.0,0.0,1.527,1.414,52.2,88.9,0.0,0.0,0.0,,0.0,78.8,192.2,0.0,0.0,0.0,0.0,327.2,1077.8,314.6,1128.2,332.6,1074.2,332.6,1090.4,0.0,0.0,192.02,967.0,326.75,247.95,113.22000000000001,1.5598333333333332,88366.74366666665,5.999999999999999,0.48,0.49,392.0,True,2026-09-05 12:08:19-07:00
1162.06,2,9,2026-09-05 19:27:22,37.08179,-121.59904,276.0,9.5,236.7,-12.6,0.0,,0.0,0.0,0.0,11.1,-0.6,226.6,0.0,267.0,4.4,-0.02,1.1,99.0,-28.0,26,0.0,29.98,1658.0,0.0,0.0,106,0.0,0.0,0.0,0.0,0.0,0.0,0.0,0.0,0.0,0.0,0.0,0.0,-1.0,0.0,0.0,-2.0,0.0,0.0,0.0,0.0,1.0,0.0,0.0,1200.0,52.0,89.0,964.0,964.0,12.9,1.6,0.0,1.6,24.2,0.0,0.0,14.3,0.0,0.0,5.9,40.5,35.3,0.0,0.0,0.0,0.0,164.0,581.0,157.0,609.0,167.0,580.0,167.0,588.0,0.0,0.0,4.0,0.0,0.0,24.2,1.0,4.996,0.0,0.0,1.536,1.464,52.2,88.9,0.0,0.0,0.0,,0.0,78.8,192.2,0.0,0.0,0.0,0.0,327.2,1077.8,314.6,1128.2,332.6,1076.0,332.6,1090.4,0.0,0.0,192.02,964.0,326.75,247.95,113.22000000000001,1.5602777777777774,88382.85133333331,5.9375,0.48,0.49,392.0,True,2026-09-05 12:08:19-07:00
1163.06,2,9,2026-09-05 19:27:23,37.08177,-121.5991,276.0,9.9,239.2,-12.6,0.0,,0.0,0.0,0.0,11.7,-0.5,230.8,0.0,267.0,4.0,-0.04,0.9,99.0,-35.0,26,0.0,29.98,1658.0,0.0,0.0,106,0.0,0.0,0.0,0.0,0.0,0.0,0.0,0.0,0.0,0.0,0.0,0.0,-1.0,0.0,0.0,-2.0,0.0,0.0,0.0,0.0,1.0,0.0,0.0,1200.0,52.0,89.0,962.0,962.0,12.8,1.6,0.0,1.6,24.3,0.0,0.0,14.3,0.0,0.0,5.9,40.5,35.3,0.0,0.0,0.0,0.0,164.0,581.0,157.0,610.0,167.0,580.0,167.0,588.0,0.0,0.0,4.0,0.0,0.0,24.3,1.0,4.996,0.0,0.0,1.558,1.473,52.3,88.9,0.0,0.0,0.0,,0.0,78.8,192.2,0.0,0.0,0.0,0.0,327.2,1077.8,314.6,1130.0,332.6,1076.0,332.6,1090.4,0.0,0.0,192.02,962.0,326.75,247.95,113.22000000000001,1.560722222222222,88399.21199999998,6.1875,0.48,0.49,392.0,True,2026-09-05 12:08:19-07:00
1164.06,2,9,2026-09-05 19:27:24,37.08175,-121.59915,278.0,9.7,242.9,-12.6,0.0,,0.0,0.0,0.0,11.5,-0.4,234.2,0.0,267.0,3.6,-0.05,0.9,99.0,-3.0,26,0.0,29.98,1658.0,0.0,0.0,106,0.0,0.0,0.0,0.0,0.0,0.0,0.0,0.0,0.0,0.0,0.0,0.0,-1.0,0.0,0.0,-2.0,0.0,0.0,0.0,0.0,1.0,0.0,0.0,1200.0,51.0,89.0,898.0,898.0,12.7,1.5,0.0,1.5,24.3,0.0,0.0,14.3,0.0,0.0,6.0,40.5,35.3,0.0,0.0,0.0,0.0,164.0,581.0,157.0,610.0,167.0,579.0,167.0,587.0,0.0,0.0,4.0,0.0,0.0,24.3,1.0,4.996,0.0,0.0,1.606,1.447,50.8,89.0,0.0,0.0,0.0,,0.0,78.8,192.2,0.0,0.0,0.0,0.0,327.2,1077.8,314.6,1130.0,332.6,1074.2,332.6,1088.6,0.0,0.0,192.2,898.0,326.75,247.95,113.39999999999999,1.5611527777777776,88415.74133333331,6.466666666666666,0.48,0.49,392.0,True,2026-09-05 12:08:19-07:00
1165.06,2,9,2026-09-05 19:27:25,37.08173,-121.5992,279.0,9.6,245.7,-12.6,0.0,,0.0,0.0,0.0,11.3,-0.7,233.8,0.0,267.0,1.2,-0.01,0.9,99.0,-15.0,26,0.0,29.98,1658.0,0.0,0.0,106,0.0,0.0,0.0,0.0,0.0,0.0,0.0,0.0,0.0,0.0,0.0,0.0,-1.0,0.0,0.0,-2.0,0.0,0.0,0.0,0.0,1.0,0.0,0.0,1200.0,51.0,89.0,898.0,898.0,12.9,1.5,0.0,1.5,24.3,0.0,0.0,14.3,0.0,0.0,6.1,40.5,35.3,0.0,0.0,0.0,0.0,164.0,580.0,157.0,608.0,167.0,577.0,167.0,586.0,0.0,0.0,-3.0,0.0,0.0,24.3,1.0,4.996,0.0,0.0,1.587,1.508,50.7,89.0,0.0,0.0,0.0,,0.0,78.8,192.2,0.0,0.0,0.0,0.0,327.2,1076.0,314.6,1126.4,332.6,1070.6,332.6,1086.8,0.0,0.0,192.2,898.0,326.75,247.95,113.39999999999999,1.5615694444444441,88432.01766666665,6.3999999999999995,0.48,0.49,392.0,True,2026-09-05 12:08:19-07:00
1166.06,2,9,2026-09-05 19:27:26,37.08171,-121.59925,280.0,9.6,244.5,-12.6,0.0,,0.0,0.0,0.0,11.4,-0.7,233.5,0.0,267.0,-0.2,0.0,1.1,99.0,6.0,26,0.0,29.98,1658.0,0.0,0.0,106,0.0,0.0,0.0,0.0,0.0,0.0,0.0,0.0,0.0,0.0,0.0,0.0,-1.0,0.0,0.0,-3.0,0.0,0.0,0.0,0.0,1.0,0.0,0.0,1200.0,51.0,89.0,899.0,899.0,13.0,1.5,0.0,1.5,24.3,0.0,0.0,14.3,0.0,0.0,6.1,40.5,35.3,0.0,0.0,0.0,0.0,164.0,580.0,157.0,609.0,167.0,576.0,167.0,584.0,0.0,0.0,-3.0,0.0,0.0,24.3,1.0,4.996,0.0,0.0,1.555,1.481,50.7,89.0,0.0,0.0,0.0,,0.0,78.8,192.2,0.0,0.0,0.0,0.0,327.2,1076.0,314.6,1128.2,332.6,1068.8,332.6,1083.2,0.0,0.0,192.2,899.0,326.75,247.95,113.39999999999999,1.5619861111111109,88448.20966666665,6.3999999999999995,0.48,0.49,392.0,True,2026-09-05 12:08:19-07:00
1167.06,2,9,2026-09-05 19:27:27,37.08169,-121.5993,281.0,9.3,244.5,-12.6,0.0,,0.0,0.0,0.0,11.3,-0.5,234.5,0.0,267.0,0.2,-0.0,1.0,99.0,18.0,26,0.0,29.98,1658.0,0.0,0.0,106,0.0,0.0,0.0,0.0,0.0,0.0,0.0,0.0,0.0,0.0,0.0,0.0,-1.0,0.0,0.0,-3.0,0.0,0.0,0.0,0.0,1.0,0.0,0.0,1200.0,51.0,89.0,892.0,892.0,13.0,1.5,0.0,1.5,24.3,0.0,0.0,14.2,0.0,0.0,6.0,40.5,35.3,0.0,0.0,0.0,0.0,165.0,580.0,157.0,608.0,167.0,576.0,167.0,582.0,0.0,0.0,-4.0,0.0,0.0,24.3,1.0,4.996,0.0,0.0,1.575,1.61,50.7,89.0,0.0,0.0,0.0,,0.0,78.8,192.2,0.0,0.0,0.0,0.0,329.0,1076.0,314.6,1126.4,332.6,1068.8,332.6,1079.6,0.0,0.0,192.2,892.0,327.20000000000005,248.40000000000003,113.39999999999999,1.5624027777777776,88464.14866666665,6.2,0.48,0.49,392.0,True,2026-09-05 12:08:19-07:00
1168.06,2,9,2026-09-05 19:27:28,37.08168,-121.59935,282.0,8.8,245.9,-12.6,0.0,,0.0,0.0,0.0,11.3,-0.4,236.3,0.0,267.0,1.0,-0.01,1.0,99.0,16.0,26,0.0,29.98,1658.0,0.0,0.0,106,0.0,0.0,0.0,0.0,0.0,0.0,0.0,0.0,0.0,0.0,0.0,0.0,-1.0,0.0,0.0,-3.0,0.0,0.0,0.0,0.0,1.0,0.0,0.0,1200.0,51.0,89.0,901.0,901.0,13.0,1.5,0.0,1.5,24.3,0.0,0.0,14.2,0.0,0.0,6.0,40.5,35.3,0.0,0.0,0.0,0.0,165.0,579.0,157.0,608.0,167.0,575.0,167.0,581.0,0.0,0.0,0.0,0.0,0.0,24.3,1.0,4.996,0.0,0.0,1.575,1.602,50.9,89.0,0.0,0.0,0.0,,0.0,78.8,192.2,0.0,0.0,0.0,0.0,329.0,1074.2,314.6,1126.4,332.6,1067.0,332.6,1077.8,0.0,0.0,192.2,901.0,327.20000000000005,248.40000000000003,113.39999999999999,1.562819444444444,88479.41299999999,5.866666666666667,0.48,0.49,392.0,True,2026-09-05 12:08:19-07:00
1169.06,2,9,2026-09-05 19:27:29,37.08166,-121.5994,283.0,8.4,246.1,-12.6,0.0,,0.0,0.0,0.0,11.4,-0.4,237.1,0.0,267.0,1.1,-0.01,1.2,99.0,-13.0,26,0.0,29.98,1658.0,0.0,0.0,106,0.0,0.0,0.0,0.0,0.0,0.0,0.0,0.0,0.0,0.0,0.0,0.0,-1.0,0.0,0.0,-3.0,0.0,0.0,0.0,0.0,1.0,0.0,0.0,1200.0,51.0,89.0,895.0,895.0,13.0,1.5,0.0,1.5,24.3,0.0,0.0,14.2,0.0,0.0,6.0,40.5,35.3,0.0,0.0,0.0,0.0,165.0,578.0,157.0,608.0,167.0,574.0,168.0,580.0,0.0,0.0,4.0,0.0,0.0,24.3,1.0,4.996,0.0,0.0,1.575,1.602,50.9,89.1,0.0,0.0,0.0,,0.0,78.8,192.2,0.0,0.0,0.0,0.0,329.0,1072.4,314.6,1126.4,332.6,1065.2,334.4,1076.0,0.0,0.0,192.38,895.0,327.65,248.84999999999997,113.58,1.5632361111111108,88493.91833333332,5.6000000000000005,0.48,0.49,392.0,True,2026-09-05 12:08:19-07:00
1170.06,2,9,2026-09-05 19:27:30,37.08165,-121.59944,284.0,6.9,247.3,-12.6,0.0,,0.0,0.0,0.0,11.3,-0.7,235.6,0.0,267.0,-0.2,-0.01,1.1,99.0,1.0,26,0.0,29.98,1668.0,0.0,0.0,106,0.0,0.0,0.0,0.0,0.0,0.0,0.0,0.0,0.0,0.0,0.0,0.0,-1.0,0.0,0.0,-3.0,0.0,0.0,0.0,0.0,1.0,0.0,0.0,1200.0,51.0,89.0,903.0,903.0,13.1,1.5,0.0,1.5,24.3,0.0,0.0,14.2,0.0,0.0,5.9,40.5,35.3,0.0,0.0,0.0,0.0,165.0,577.0,157.0,608.0,167.0,573.0,168.0,580.0,0.0,0.0,4.0,0.0,0.0,24.3,1.0,4.996,0.0,0.0,1.588,1.613,50.9,89.1,0.0,0.0,0.0,,0.0,78.8,192.2,0.0,0.0,0.0,0.0,329.0,1070.6,314.6,1126.4,332.6,1063.4,334.4,1076.0,0.0,0.0,192.38,903.0,327.65,248.84999999999997,113.58,1.5636527777777776,88506.82133333331,4.6000000000000005,0.48,0.49,392.0,True,2026-09-05 12:08:19-07:00
1171.06,2,8,2026-09-05 19:27:31,37.08163,-121.59947,277.0,6.3,246.3,-12.6,0.0,,0.0,0.0,0.0,11.5,-0.3,234.6,0.0,267.0,-0.8,0.01,1.0,99.0,3.0,26,0.0,29.98,1668.0,0.0,0.0,106,0.0,0.0,0.0,0.0,0.0,0.0,0.0,0.0,0.0,0.0,0.0,0.0,-1.0,0.0,0.0,-3.0,0.0,0.0,0.0,0.0,1.0,0.0,0.0,1200.0,51.0,89.0,898.0,898.0,13.0,1.5,0.0,1.5,24.3,0.0,0.0,14.2,0.0,0.0,5.9,40.5,35.3,0.0,0.0,0.0,0.0,165.0,577.0,157.0,608.0,168.0,573.0,168.0,578.0,0.0,0.0,4.0,0.0,0.0,24.3,1.0,4.996,0.0,0.0,1.532,1.614,50.9,89.1,0.0,0.0,0.0,,0.0,78.8,192.2,0.0,0.0,0.0,0.0,329.0,1070.6,314.6,1126.4,334.4,1063.4,334.4,1072.4,0.0,0.0,192.38,898.0,328.1,249.3,113.58,1.5640694444444443,88517.95333333331,4.2,0.48,0.49,392.0,True,2026-09-05 12:08:19-07:00
1172.06,2,9,2026-09-05 19:27:32,37.08163,-121.5995,280.0,5.4,241.0,-12.6,0.0,,0.0,0.0,0.0,11.4,0.4,241.0,0.0,267.0,2.9,-0.01,1.1,99.0,-5.0,26,0.0,29.98,1668.0,0.0,0.0,106,0.0,0.0,0.0,0.0,0.0,0.0,0.0,0.0,0.0,0.0,0.0,0.0,-1.0,0.0,0.0,-3.0,0.0,0.0,0.0,0.0,1.0,0.0,0.0,1200.0,51.0,89.0,897.0,897.0,13.0,1.5,0.0,1.5,24.3,0.0,0.0,14.2,0.0,0.0,5.9,40.5,35.3,0.0,0.0,0.0,0.0,165.0,576.0,158.0,608.0,168.0,573.0,168.0,578.0,0.0,0.0,4.0,0.0,0.0,24.3,1.0,4.996,0.0,0.0,1.523,1.683,50.9,89.1,0.0,0.0,0.0,,0.0,78.8,192.2,0.0,0.0,0.0,0.0,329.0,1068.8,316.4,1126.4,334.4,1063.4,334.4,1072.4,0.0,0.0,192.38,897.0,328.54999999999995,249.74999999999994,113.58,1.5644861111111108,88527.82033333332,3.6,0.48,0.49,392.0,True,2026-09-05 12:08:19-07:00
1173.06,2,9,2026-09-05 19:27:33,37.08162,-121.59953,282.0,5.1,249.2,-12.6,0.0,,0.0,0.0,0.0,11.4,0.5,249.5,0.0,267.0,6.4,-0.03,0.9,99.0,21.0,26,0.0,29.98,1668.0,0.0,0.0,106,0.0,0.0,0.0,0.0,0.0,0.0,0.0,0.0,0.0,0.0,0.0,0.0,-1.0,0.0,0.0,-3.0,0.0,0.0,0.0,0.0,1.0,0.0,0.0,1200.0,51.0,89.0,903.0,903.0,13.1,1.5,0.0,1.5,24.3,0.0,0.0,14.2,0.0,0.0,5.9,40.5,35.3,0.0,0.0,0.0,0.0,166.0,576.0,158.0,608.0,168.0,571.0,168.0,578.0,0.0,0.0,3.0,0.0,0.0,24.3,1.0,4.996,0.0,0.0,1.516,1.661,51.1,89.2,0.0,0.0,0.0,,0.0,78.8,192.2,0.0,0.0,0.0,0.0,330.8,1068.8,316.4,1126.4,334.4,1059.8,334.4,1072.4,0.0,0.0,192.56,903.0,329.0,250.2,113.76,1.5649027777777775,88536.67533333332,3.4,0.48,0.49,392.0,True,2026-09-05 12:08:19-07:00
1174.06,2,9,2026-09-05 19:27:34,37.08161,-121.59956,283.0,4.4,248.3,-12.6,0.0,,0.0,0.0,0.0,11.2,0.1,259.4,0.0,267.0,8.4,-0.03,1.0,99.0,51.0,26,0.0,29.98,1668.0,0.0,0.0,106,0.0,0.0,0.0,0.0,0.0,0.0,0.0,0.0,0.0,0.0,0.0,0.0,-1.0,0.0,0.0,-3.0,0.0,0.0,0.0,0.0,1.0,0.0,0.0,1200.0,51.0,89.0,898.0,898.0,13.0,1.5,0.0,1.5,24.3,0.0,0.0,14.2,0.0,0.0,5.9,40.5,35.3,0.0,0.0,0.0,0.0,166.0,576.0,158.0,608.0,168.0,571.0,168.0,578.0,0.0,0.0,2.0,0.0,0.0,24.3,1.0,4.996,0.0,0.0,1.523,1.644,50.9,89.2,0.0,0.0,0.0,,0.0,78.8,192.2,0.0,0.0,0.0,0.0,330.8,1068.8,316.4,1126.4,334.4,1059.8,334.4,1072.4,0.0,0.0,192.56,898.0,329.0,250.2,113.76,1.5653194444444443,88544.68699999998,2.9333333333333336,0.48,0.49,392.0,True,2026-09-05 12:08:19-07:00
1175.06,2,9,2026-09-05 19:27:35,37.0816,-121.59958,284.0,3.3,245.3,-12.6,0.0,,0.0,0.0,0.0,10.9,0.5,277.2,0.0,267.0,13.4,0.0,0.8,99.0,26.0,26,0.0,29.98,1668.0,0.0,0.0,106,0.0,0.0,0.0,0.0,0.0,0.0,0.0,0.0,0.0,0.0,0.0,0.0,-2.0,0.0,0.0,-3.0,0.0,0.0,0.0,0.0,1.0,0.0,0.0,1200.0,51.0,89.0,907.0,907.0,13.1,1.5,0.0,1.5,24.3,0.0,0.0,14.2,0.0,0.0,5.9,40.5,35.3,0.0,0.0,0.0,0.0,166.0,575.0,158.0,609.0,168.0,571.0,168.0,578.0,0.0,0.0,3.0,0.0,0.0,24.3,1.0,4.996,0.0,0.0,1.663,1.802,51.3,89.2,0.0,0.0,0.0,,0.0,78.8,192.2,0.0,0.0,0.0,0.0,330.8,1067.0,316.4,1128.2,334.4,1059.8,334.4,1072.4,0.0,0.0,192.56,907.0,329.0,250.2,113.76,1.5657361111111108,88551.18066666665,2.1999999999999997,0.48,0.49,392.0,True,2026-09-05 12:08:19-07:00
1176.06,2,9,2026-09-05 19:27:36,37.0816,-121.59959,285.0,3.1,258.0,-12.6,0.0,,0.0,0.0,0.0,10.7,0.3,301.3,0.0,268.0,20.0,-0.05,1.0,99.0,18.0,26,0.0,29.98,1670.0,0.0,0.0,106,0.0,0.0,0.0,0.0,0.0,0.0,0.0,0.0,0.0,0.0,0.0,0.0,-2.0,0.0,0.0,-3.0,0.0,0.0,0.0,0.0,1.0,0.0,0.0,1200.0,51.0,89.0,896.0,896.0,13.0,1.5,0.0,1.5,24.3,0.0,0.0,14.2,0.0,0.0,6.0,40.5,35.3,0.0,0.0,0.0,0.0,166.0,574.0,158.0,609.0,168.0,571.0,168.0,578.0,0.0,0.0,-2.0,0.0,0.0,24.3,1.0,4.996,0.0,0.0,1.622,1.582,51.0,89.2,0.0,0.0,0.0,,0.0,78.8,192.2,0.0,0.0,0.0,0.0,330.8,1065.2,316.4,1128.2,334.4,1059.8,334.4,1072.4,0.0,0.0,192.56,896.0,329.0,250.2,113.76,1.5661527777777775,88556.57799999998,2.066666666666667,0.48,0.49,392.0,True,2026-09-05 12:08:19-07:00
1177.06,2,9,2026-09-05 19:27:37,37.0816,-121.59961,286.0,1.2,270.6,-12.6,0.0,,0.0,0.0,0.0,10.6,0.1,316.2,0.0,268.0,18.0,-0.06,1.0,99.0,20.0,26,0.0,29.98,1670.0,0.0,0.0,106,0.0,0.0,0.0,0.0,0.0,0.0,0.0,0.0,0.0,0.0,0.0,0.0,-2.0,0.0,0.0,-3.0,0.0,0.0,0.0,0.0,1.0,0.0,0.0,1200.0,51.0,89.0,903.0,903.0,13.0,1.5,0.0,1.5,24.3,0.0,0.0,14.2,0.0,0.0,6.0,40.5,35.3,0.0,0.0,0.0,0.0,166.0,574.0,158.0,609.0,168.0,570.0,168.0,577.0,0.0,0.0,-3.0,0.0,0.0,24.3,1.0,4.996,0.0,0.0,1.906,1.604,51.1,89.3,0.0,0.0,0.0,,0.0,78.8,192.2,0.0,0.0,0.0,0.0,330.8,1065.2,316.4,1128.2,334.4,1058.0,334.4,1070.6,0.0,0.0,192.73999999999998,903.0,329.0,250.2,113.93999999999998,1.5665694444444442,88560.20433333331,0.7999999999999999,0.48,0.49,392.0,True,2026-09-05 12:08:19-07:00
1178.06,2,9,2026-09-05 19:27:38,37.0816,-121.59962,287.0,0.8,285.0,-12.6,0.0,,0.0,0.0,0.0,10.5,-0.2,323.3,0.0,269.0,11.9,-0.06,1.1,99.0,7.0,26,0.0,29.98,1671.0,0.0,0.0,106,0.0,0.0,0.0,0.0,0.0,0.0,0.0,0.0,0.0,0.0,0.0,0.0,-2.0,0.0,0.0,-3.0,0.0,0.0,0.0,0.0,1.0,0.0,0.0,1200.0,51.0,89.0,911.0,911.0,13.0,1.5,0.0,1.5,24.3,0.0,0.0,14.2,0.0,0.0,6.0,40.5,35.3,0.0,0.0,0.0,0.0,166.0,573.0,158.0,609.0,168.0,570.0,168.0,577.0,0.0,0.0,-3.0,0.0,0.0,24.3,1.0,4.996,0.0,0.0,2.012,1.729,51.3,89.3,0.0,0.0,0.0,,0.0,78.8,192.2,0.0,0.0,0.0,0.0,330.8,1063.4,316.4,1128.2,334.4,1058.0,334.4,1070.6,0.0,0.0,192.73999999999998,911.0,329.0,250.2,113.93999999999998,1.566986111111111,88561.89099999999,0.5333333333333333,0.48,0.49,392.0,True,2026-09-05 12:08:19-07:00
1179.06,2,9,2026-09-05 19:27:39,37.0816,-121.59962,287.0,0.2,285.0,-12.6,0.0,,0.0,0.0,0.0,10.2,-0.2,325.0,0.0,269.0,5.9,-0.02,1.0,99.0,-7.0,26,0.0,29.98,1671.0,0.0,0.0,106,0.0,0.0,0.0,0.0,0.0,0.0,0.0,0.0,0.0,0.0,0.0,0.0,-2.0,0.0,0.0,-3.0,0.0,0.0,0.0,0.0,1.0,0.0,0.0,1200.0,51.0,89.0,904.0,904.0,13.0,1.5,0.0,1.5,24.3,0.0,0.0,14.2,0.0,0.0,6.0,40.5,35.3,0.0,0.0,0.0,0.0,166.0,574.0,158.0,609.0,168.0,570.0,168.0,576.0,0.0,0.0,3.0,0.0,0.0,24.3,1.0,4.996,0.0,0.0,1.783,1.644,51.0,89.3,0.0,0.0,0.0,,0.0,78.8,192.2,0.0,0.0,0.0,0.0,330.8,1065.2,316.4,1128.2,334.4,1058.0,334.4,1068.8,0.0,0.0,192.73999999999998,904.0,329.0,250.2,113.93999999999998,1.5674027777777775,88562.73433333331,0.13333333333333333,0.48,0.49,392.0,True,2026-09-05 12:08:19-07:00
1180.06,2,9,2026-09-05 19:27:40,37.08163,-121.59966,325.0,0.2,285.0,-12.6,0.0,,0.0,0.0,0.0,10.1,-0.3,324.9,0.0,269.0,2.4,-0.01,1.0,99.0,-8.0,26,0.0,29.98,1671.0,0.0,0.0,106,0.0,0.0,0.0,0.0,0.0,0.0,0.0,0.0,0.0,0.0,0.0,0.0,-2.0,0.0,0.0,-3.0,0.0,0.0,0.0,0.0,1.0,0.0,0.0,1200.0,48.0,89.0,649.0,649.0,13.8,1.3,0.0,1.3,25.1,0.0,0.0,14.2,0.0,0.0,6.1,40.5,35.3,0.0,0.0,0.0,0.0,166.0,568.0,158.0,606.0,168.0,564.0,169.0,572.0,0.0,0.0,4.0,0.0,0.0,25.1,1.0,4.996,0.0,0.0,1.704,1.575,48.2,89.3,0.0,0.0,0.0,,0.0,78.8,192.2,0.0,0.0,0.0,0.0,330.8,1054.4,316.4,1122.8,334.4,1047.2,336.2,1061.6,0.0,0.0,192.73999999999998,649.0,329.45,250.64999999999998,113.93999999999998,1.5677916666666665,88563.07166666664,0.15384615384615385,0.48,0.49,392.0,True,2026-09-05 12:08:19-07:00
1181.06,2,9,2026-09-05 19:27:41,37.08163,-121.59966,323.0,0.1,285.0,-12.6,0.0,,0.0,0.0,0.0,10.0,-0.3,324.7,0.0,269.0,0.9,-0.01,1.0,99.0,-19.0,26,0.0,29.98,1680.0,0.0,0.0,106,0.0,0.0,0.0,0.0,0.0,0.0,0.0,0.0,0.0,0.0,0.0,0.0,-2.0,0.0,0.0,-3.0,0.0,0.0,0.0,0.0,1.0,0.0,0.0,1200.0,36.0,89.0,223.0,223.0,23.7,1.4,0.0,1.4,25.1,0.0,0.0,14.2,0.0,0.0,6.0,40.5,35.3,0.0,0.0,0.0,0.0,166.0,547.0,158.0,582.0,168.0,541.0,169.0,550.0,0.0,0.0,3.0,0.0,0.0,25.1,1.0,4.996,0.0,0.0,1.627,1.675,35.5,88.7,0.0,0.0,0.0,,0.0,78.8,192.2,0.0,0.0,0.0,0.0,330.8,1016.6,316.4,1079.6,334.4,1005.8,336.2,1022.0,0.0,0.0,191.66000000000003,223.0,329.45,250.64999999999998,112.86000000000003,1.5681666666666665,88563.32466666665,0.07142857142857144,0.48,0.49,392.0,True,2026-09-05 12:08:19-07:00
1182.06,2,9,2026-09-05 19:27:42,37.08163,-121.59966,323.0,0.1,285.0,-12.6,0.0,,0.0,0.0,0.0,9.9,-0.4,324.4,0.0,269.0,0.3,-0.0,1.0,99.0,-18.0,26,0.0,29.98,1680.0,0.0,0.0,106,0.0,0.0,0.0,0.0,0.0,0.0,0.0,0.0,0.0,0.0,0.0,0.0,-2.0,0.0,0.0,-3.0,0.0,0.0,0.0,0.0,1.0,0.0,0.0,1200.0,14.0,89.0,100.0,100.0,29.0,1.3,0.0,1.3,24.8,0.0,0.0,14.2,0.0,0.0,4.5,40.5,35.3,0.0,0.0,0.0,0.0,167.0,530.0,158.0,572.0,169.0,531.0,169.0,539.0,0.0,0.0,-1.0,0.0,0.0,24.8,1.0,4.996,0.0,0.0,1.622,1.649,14.3,88.7,0.0,0.0,0.0,,0.0,78.8,192.2,0.0,0.0,0.0,0.0,332.6,986.0,316.4,1061.6,336.2,987.8,336.2,1002.2,0.0,0.0,191.66000000000003,100.0,330.35,251.55,112.86000000000003,1.5685416666666665,88563.49333333332,0.07692307692307693,0.48,0.49,392.0,True,2026-09-05 12:08:19-07:00
1183.06,2,9,2026-09-05 19:27:43,37.08163,-121.59966,322.0,0.1,285.0,-12.6,0.0,,0.0,0.0,0.0,9.9,-0.5,323.8,0.0,269.0,0.2,-0.0,1.0,99.0,-8.0,26,0.0,29.98,1680.0,0.0,0.0,106,0.0,0.0,0.0,0.0,0.0,0.0,0.0,0.0,0.0,0.0,0.0,0.0,-2.0,0.0,0.0,-3.0,0.0,0.0,0.0,0.0,1.0,0.0,0.0,1200.0,3.0,89.0,0.0,0.0,29.6,1.3,0.0,1.3,24.7,0.0,0.0,14.2,0.0,0.0,3.7,40.5,35.3,0.0,0.0,0.0,0.0,167.0,522.0,158.0,562.0,168.0,524.0,168.0,533.0,0.0,0.0,-1.0,0.0,0.0,24.7,1.0,4.996,0.0,0.0,1.577,1.617,2.6,88.6,0.0,0.0,0.0,,0.0,78.8,192.2,0.0,0.0,0.0,0.0,332.6,971.6,316.4,1043.6,334.4,975.2,334.4,991.4,0.0,0.0,191.48,0.0,329.45,250.64999999999998,112.67999999999999,1.5689027777777775,88563.66199999998,0.07692307692307693,0.48,0.49,392.0,True,2026-09-05 12:08:19-07:00
1184.06,2,9,2026-09-05 19:27:44,37.08163,-121.59966,322.0,0.1,285.0,-12.6,0.0,,0.0,0.0,0.0,9.9,-0.5,323.4,0.0,269.0,0.1,-0.0,1.0,99.0,-15.0,26,0.0,29.98,1680.0,0.0,0.0,106,0.0,0.0,0.0,0.0,0.0,0.0,0.0,0.0,0.0,0.0,0.0,0.0,-2.0,0.0,0.0,-3.0,0.0,0.0,0.0,0.0,1.0,0.0,0.0,1200.0,1.0,89.0,0.0,0.0,29.7,0.0,0.0,0.0,24.6,0.0,0.0,14.2,0.0,0.0,3.4,40.5,35.3,0.0,0.0,0.0,0.0,167.0,517.0,158.0,554.0,168.0,517.0,168.0,525.0,0.0,0.0,-1.0,0.0,0.0,24.6,1.0,4.996,0.0,0.0,1.523,1.632,1.4,88.5,0.0,0.0,0.0,,0.0,78.8,192.2,0.0,0.0,0.0,0.0,332.6,962.6,316.4,1029.2,334.4,962.6,334.4,977.0,0.0,0.0,191.3,0.0,329.45,250.64999999999998,112.50000000000001,1.5690833333333332,88563.83066666665,0.0,0.48,0.49,392.0,True,2026-09-05 12:08:19-07:00
1185.06,2,9,2026-09-05 19:27:45,37.08163,-121.59966,320.0,0.0,285.0,-12.6,0.0,,0.0,0.0,0.0,10.0,-0.5,323.1,0.0,269.0,0.1,-0.0,1.0,99.0,-41.0,26,0.0,29.98,1681.0,0.0,0.0,106,0.0,0.0,0.0,0.0,0.0,0.0,0.0,0.0,0.0,0.0,0.0,0.0,-2.0,0.0,0.0,-3.0,0.0,0.0,0.0,0.0,1.0,0.0,0.0,1200.0,1.0,88.0,0.0,0.0,29.7,0.0,0.0,0.0,24.4,0.0,0.0,14.2,0.0,0.0,2.3,40.5,35.3,0.0,0.0,0.0,0.0,167.0,510.0,158.0,546.0,168.0,508.0,168.0,517.0,0.0,0.0,-1.0,0.0,0.0,24.4,1.0,4.996,0.0,0.0,1.523,1.609,0.7,88.4,0.0,0.0,0.0,,0.0,78.8,190.4,0.0,0.0,0.0,0.0,332.6,950.0,316.4,1014.8,334.4,946.4,334.4,962.6,0.0,0.0,191.12,0.0,329.45,250.64999999999998,112.32000000000001,1.5690833333333332,88563.91499999998,0.0,0.48,0.49,392.0,True,2026-09-05 12:08:19-07:00
1186.06,2,9,2026-09-05 19:27:46,37.08163,-121.59966,320.0,0.0,285.0,-12.6,0.0,,0.0,0.0,0.0,10.0,-0.5,322.9,0.0,269.0,0.1,-0.0,1.0,99.0,-21.0,26,0.0,29.98,1681.0,0.0,0.0,106,0.0,0.0,0.0,0.0,0.0,0.0,0.0,0.0,0.0,0.0,0.0,0.0,0.0,0.0,0.0,0.0,0.0,0.0,0.0,0.0,0.0,0.0,0.0,0.0,0.0,88.0,0.0,0.0,29.9,0.0,0.0,0.0,24.2,0.0,0.0,14.2,0.0,0.0,1.6,40.5,35.3,0.0,0.0,0.0,0.0,166.0,504.0,158.0,540.0,168.0,500.0,168.0,510.0,0.0,0.0,-1.0,0.0,0.0,24.2,1.0,4.996,0.0,0.0,1.523,1.606,0.3,88.3,0.0,0.0,0.0,,0.0,78.8,190.4,0.0,0.0,0.0,0.0,330.8,939.2,316.4,1004.0,334.4,932.0,334.4,950.0,0.0,0.0,190.94,0.0,329.0,250.2,112.14,1.5690833333333332,88563.91499999998,0.0,0.48,0.49,392.0,True,2026-09-05 12:08:19-07:00
1187.06,2,9,2026-09-05 19:27:47,37.08163,-121.59965,320.0,0.1,285.0,-12.6,0.0,,0.0,0.0,0.0,10.1,-0.5,322.9,0.0,269.0,0.1,-0.0,1.0,99.0,12.0,26,0.0,29.98,1681.0,0.0,0.0,106,0.0,0.0,0.0,0.0,0.0,0.0,0.0,0.0,0.0,0.0,0.0,0.0,0.0,0.0,0.0,0.0,0.0,0.0,0.0,0.0,0.0,0.0,0.0,0.0,0.0,88.0,0.0,0.0,29.9,0.0,0.0,0.0,24.1,0.0,0.0,14.2,0.0,0.0,1.1,40.5,35.3,0.0,0.0,0.0,0.0,166.0,496.0,158.0,533.0,168.0,495.0,168.0,503.0,0.0,0.0,-1.0,0.0,0.0,24.1,1.0,4.996,0.0,0.0,1.523,1.605,0.2,88.3,0.0,0.0,0.0,,0.0,78.8,190.4,0.0,0.0,0.0,0.0,330.8,924.8,316.4,991.4,334.4,923.0,334.4,937.4,0.0,0.0,190.94,0.0,329.0,250.2,112.14,1.5690833333333332,88563.99933333331,0.0,0.48,0.49,392.0,True,2026-09-05 12:08:19-07:00
1188.06,2,9,2026-09-05 19:27:48,37.08163,-121.59965,318.0,0.1,285.0,-12.6,0.0,,0.0,0.0,0.0,10.1,-0.5,322.9,0.0,269.0,0.1,-0.01,1.0,99.0,-3.0,26,0.0,29.98,1691.0,0.0,0.0,106,0.0,0.0,0.0,0.0,0.0,0.0,0.0,0.0,0.0,0.0,0.0,0.0,0.0,0.0,0.0,0.0,0.0,0.0,0.0,0.0,0.0,0.0,0.0,0.0,0.0,88.0,0.0,0.0,29.9,0.0,0.0,0.0,23.9,0.0,0.0,14.2,0.0,0.0,0.8,40.5,35.3,0.0,0.0,0.0,0.0,166.0,490.0,158.0,525.0,168.0,489.0,168.0,496.0,0.0,0.0,-1.0,0.0,0.0,23.9,1.0,4.996,0.0,0.0,1.523,1.606,0.1,88.2,0.0,0.0,0.0,,0.0,78.8,190.4,0.0,0.0,0.0,0.0,330.8,914.0,316.4,977.0,334.4,912.2,334.4,924.8,0.0,0.0,190.76000000000002,0.0,329.0,250.2,111.96000000000002,1.5690833333333332,88564.16799999998,0.0,0.48,0.49,392.0,True,2026-09-05 12:08:19-07:00
1189.06,2,9,2026-09-05 19:27:49,37.08163,-121.59965,317.0,0.0,285.0,-12.6,0.0,,0.0,0.0,0.0,10.1,-0.6,322.8,0.0,269.0,0.1,-0.01,1.0,99.0,12.0,26,0.0,29.98,1690.0,0.0,0.0,106,0.0,0.0,0.0,0.0,0.0,0.0,0.0,0.0,0.0,0.0,0.0,0.0,0.0,0.0,0.0,0.0,0.0,0.0,0.0,0.0,0.0,0.0,0.0,0.0,0.0,88.0,0.0,0.0,29.9,0.0,0.0,0.0,23.8,0.0,0.0,14.2,0.0,0.0,0.7,40.5,35.3,0.0,0.0,0.0,0.0,166.0,484.0,158.0,518.0,168.0,482.0,168.0,490.0,0.0,0.0,-1.0,0.0,0.0,23.8,1.0,4.996,0.0,0.0,1.523,1.605,0.0,88.2,0.0,0.0,0.0,,0.0,78.8,190.4,0.0,0.0,0.0,0.0,330.8,903.2,316.4,964.4,334.4,899.6,334.4,914.0,0.0,0.0,190.76000000000002,0.0,329.0,250.2,111.96000000000002,1.5690833333333332,88564.25233333331,0.0,0.48,0.49,392.0,True,2026-09-05 12:08:19-07:00
1190.06,2,9,2026-09-05 19:27:50,37.08162,-121.59965,315.0,0.1,285.0,-12.6,0.0,,0.0,0.0,0.0,10.1,-0.6,322.6,0.0,269.0,0.0,-0.0,1.0,99.0,-26.0,26,0.0,29.98,1690.0,0.0,0.0,106,0.0,0.0,0.0,0.0,0.0,0.0,0.0,0.0,0.0,0.0,0.0,0.0,0.0,0.0,0.0,0.0,0.0,0.0,0.0,0.0,0.0,0.0,0.0,0.0,0.0,88.0,0.0,0.0,29.9,0.0,0.0,0.0,23.7,0.0,0.0,14.2,0.0,0.0,0.6,40.5,35.3,0.0,0.0,0.0,0.0,166.0,478.0,158.0,510.0,167.0,475.0,167.0,484.0,0.0,0.0,-1.0,0.0,0.0,23.7,1.0,4.996,0.0,0.0,1.523,1.605,0.0,88.1,0.0,0.0,0.0,,0.0,78.8,190.4,0.0,0.0,0.0,0.0,330.8,892.4,316.4,950.0,332.6,887.0,332.6,903.2,0.0,0.0,190.57999999999998,0.0,328.1,249.3,111.77999999999999,1.5690833333333332,88564.33666666666,0.0,0.48,0.49,392.0,True,2026-09-05 12:08:19-07:00
1191.06,2,9,2026-09-05 19:27:51,37.08164,-121.59966,316.0,0.1,285.0,-12.6,0.0,,0.0,0.0,0.0,10.1,-0.6,322.7,0.0,269.0,0.1,-0.01,1.0,99.0,-20.0,26,0.0,29.98,1690.0,0.0,0.0,106,0.0,0.0,0.0,0.0,0.0,0.0,0.0,0.0,0.0,0.0,0.0,0.0,0.0,0.0,0.0,0.0,0.0,0.0,0.0,0.0,0.0,0.0,0.0,0.0,0.0,88.0,0.0,0.0,29.9,0.0,0.0,0.0,23.6,0.0,0.0,14.2,0.0,0.0,0.6,40.5,35.3,0.0,0.0,0.0,0.0,166.0,472.0,158.0,505.0,167.0,470.0,167.0,478.0,0.0,0.0,-2.0,0.0,0.0,23.6,1.0,4.996,0.0,0.0,1.523,1.605,0.0,88.1,0.0,0.0,0.0,,0.0,78.8,190.4,0.0,0.0,0.0,0.0,330.8,881.6,316.4,941.0,332.6,878.0,332.6,892.4,0.0,0.0,190.57999999999998,0.0,328.1,249.3,111.77999999999999,1.5690833333333332,88564.50533333332,0.0,0.48,0.49,392.0,True,2026-09-05 12:08:19-07:00
1192.06,2,9,2026-09-05 19:27:52,37.08164,-121.59966,313.0,0.0,285.0,-12.6,0.0,,0.0,0.0,0.0,10.1,-0.6,322.6,0.0,269.0,0.1,-0.01,1.0,99.0,24.0,26,0.0,29.98,1691.0,0.0,0.0,106,0.0,0.0,0.0,0.0,0.0,0.0,0.0,0.0,0.0,0.0,0.0,0.0,0.0,0.0,0.0,0.0,0.0,0.0,0.0,0.0,0.0,0.0,0.0,0.0,0.0,88.0,0.0,0.0,29.9,0.0,0.0,0.0,23.5,0.0,0.0,14.2,0.0,0.0,0.5,40.5,35.3,0.0,0.0,0.0,0.0,166.0,467.0,158.0,498.0,167.0,465.0,167.0,472.0,0.0,0.0,-2.0,0.0,0.0,23.5,1.0,4.996,0.0,0.0,1.523,1.605,0.0,88.1,0.0,0.0,0.0,,0.0,78.8,190.4,0.0,0.0,0.0,0.0,330.8,872.6,316.4,928.4,332.6,869.0,332.6,881.6,0.0,0.0,190.57999999999998,0.0,328.1,249.3,111.77999999999999,1.5690833333333332,88564.58966666665,0.0,0.48,0.49,392.0,True,2026-09-05 12:08:19-07:00
1193.06,2,9,2026-09-05 19:27:53,37.08164,-121.59966,309.0,0.1,285.0,-12.6,0.0,,0.0,0.0,0.0,10.1,-0.6,322.6,0.0,269.0,0.1,-0.01,1.0,99.0,0.0,26,0.0,29.98,1691.0,0.0,0.0,106,0.0,0.0,0.0,0.0,0.0,0.0,0.0,0.0,0.0,0.0,0.0,0.0,0.0,0.0,0.0,0.0,0.0,0.0,0.0,0.0,0.0,0.0,0.0,0.0,0.0,88.0,0.0,0.0,29.9,0.0,0.0,0.0,23.4,0.0,0.0,14.2,0.0,0.0,0.5,40.5,35.3,0.0,0.0,0.0,0.0,166.0,463.0,158.0,492.0,167.0,460.0,167.0,466.0,0.0,0.0,-2.0,0.0,0.0,23.4,1.0,4.996,0.0,0.0,1.523,1.605,0.0,88.0,0.0,0.0,0.0,,0.0,78.8,190.4,0.0,0.0,0.0,0.0,330.8,865.4,316.4,917.6,332.6,860.0,332.6,870.8,0.0,0.0,190.4,0.0,328.1,249.3,111.60000000000001,1.5690833333333332,88564.67399999998,0.0,0.48,0.49,392.0,True,2026-09-05 12:08:19-07:00
1194.06,2,9,2026-09-05 19:27:54,37.08163,-121.59964,295.0,0.1,285.0,-12.6,0.0,,0.0,0.0,0.0,10.2,-0.6,322.6,0.0,269.0,0.1,-0.01,1.0,99.0,-12.0,26,0.0,29.98,1691.0,0.0,0.0,106,0.0,0.0,0.0,0.0,0.0,0.0,0.0,0.0,0.0,0.0,0.0,0.0,0.0,0.0,0.0,0.0,0.0,0.0,0.0,0.0,0.0,0.0,0.0,0.0,0.0,88.0,0.0,0.0,29.9,0.0,0.0,0.0,23.3,0.0,0.0,14.2,0.0,0.0,0.5,40.5,35.3,0.0,0.0,0.0,0.0,166.0,457.0,158.0,486.0,167.0,454.0,167.0,461.0,0.0,0.0,-2.0,0.0,0.0,23.3,1.0,4.996,0.0,0.0,1.523,1.605,0.0,88.0,0.0,0.0,0.0,,0.0,78.8,190.4,0.0,0.0,0.0,0.0,330.8,854.6,316.4,906.8,332.6,849.2,332.6,861.8,0.0,0.0,190.4,0.0,328.1,249.3,111.60000000000001,1.5690833333333332,88564.84266666665,0.0,0.48,0.49,392.0,True,2026-09-05 12:08:19-07:00
1195.06,2,9,2026-09-05 19:27:55,37.08163,-121.59964,294.0,0.1,285.0,-12.6,0.0,,0.0,0.0,0.0,10.2,-0.5,322.7,0.0,269.0,0.1,-0.01,1.0,99.0,-8.0,26,0.0,29.98,1691.0,0.0,0.0,106,0.0,0.0,0.0,0.0,0.0,0.0,0.0,0.0,0.0,0.0,0.0,0.0,0.0,0.0,0.0,0.0,0.0,0.0,0.0,0.0,0.0,0.0,0.0,0.0,0.0,88.0,0.0,0.0,29.9,0.0,0.0,0.0,23.2,0.0,0.0,14.2,0.0,0.0,0.5,40.5,35.3,0.0,0.0,0.0,0.0,166.0,453.0,157.0,480.0,167.0,448.0,167.0,456.0,0.0,0.0,-2.0,0.0,0.0,23.2,1.0,4.996,0.0,0.0,1.523,1.605,0.0,87.9,0.0,0.0,0.0,,0.0,78.8,190.4,0.0,0.0,0.0,0.0,330.8,847.4,314.6,896.0,332.6,838.4,332.6,852.8,0.0,0.0,190.22,0.0,327.65000000000003,248.85000000000002,111.42,1.5690833333333332,88565.01133333331,0.0,0.48,0.49,392.0,True,2026-09-05 12:08:19-07:00
1196.06,2,9,2026-09-05 19:27:56,37.08163,-121.59964,293.0,0.1,285.0,-12.6,0.0,,0.0,0.0,0.0,10.1,-0.6,322.7,0.0,269.0,0.1,-0.01,1.0,99.0,8.0,26,0.0,29.98,1691.0,0.0,0.0,106,0.0,0.0,0.0,0.0,0.0,0.0,0.0,0.0,0.0,0.0,0.0,0.0,0.0,0.0,0.0,0.0,0.0,0.0,0.0,0.0,0.0,0.0,0.0,0.0,0.0,88.0,0.0,0.0,29.9,0.0,0.0,0.0,23.1,0.0,0.0,14.2,0.0,0.0,0.5,40.5,35.3,0.0,0.0,0.0,0.0,166.0,449.0,157.0,475.0,167.0,444.0,167.0,451.0,0.0,0.0,-2.0,0.0,0.0,23.1,1.0,4.996,0.0,0.0,1.523,1.605,0.0,87.9,0.0,0.0,0.0,,0.0,78.8,190.4,0.0,0.0,0.0,0.0,330.8,840.2,314.6,887.0,332.6,831.2,332.6,843.8,0.0,0.0,190.22,0.0,327.65000000000003,248.85000000000002,111.42,1.5690833333333332,88565.17999999998,0.0,0.48,0.49,392.0,True,2026-09-05 12:08:19-07:00
1197.06,2,9,2026-09-05 19:27:57,37.08163,-121.59964,292.0,0.0,285.0,-12.6,0.0,,0.0,0.0,0.0,10.2,-0.6,322.7,0.0,269.0,0.1,-0.01,1.0,99.0,-1.0,26,0.0,29.98,1691.0,0.0,0.0,106,0.0,0.0,0.0,0.0,0.0,0.0,0.0,0.0,0.0,0.0,0.0,0.0,0.0,0.0,0.0,0.0,0.0,0.0,0.0,0.0,0.0,0.0,0.0,0.0,0.0,88.0,0.0,0.0,29.9,0.0,0.0,0.0,23.0,0.0,0.0,14.2,0.0,0.0,0.5,40.5,35.3,0.0,0.0,0.0,0.0,166.0,445.0,157.0,470.0,167.0,440.0,167.0,446.0,0.0,0.0,-2.0,0.0,0.0,23.0,1.0,4.996,0.0,0.0,1.523,1.605,0.0,87.8,0.0,0.0,0.0,,0.0,78.8,190.4,0.0,0.0,0.0,0.0,330.8,833.0,314.6,878.0,332.6,824.0,332.6,834.8,0.0,0.0,190.04,0.0,327.65000000000003,248.85000000000002,111.24,1.5690833333333332,88565.26433333331,0.0,0.48,0.49,392.0,True,2026-09-05 12:08:19-07:00
1198.06,2,9,2026-09-05 19:27:58,37.08163,-121.59964,293.0,0.1,285.0,-12.6,0.0,,0.0,0.0,0.0,10.2,-0.6,322.7,0.0,269.0,0.1,-0.01,1.0,99.0,-13.0,26,0.0,29.98,1691.0,0.0,0.0,106,0.0,0.0,0.0,0.0,0.0,0.0,0.0,0.0,0.0,0.0,0.0,0.0,0.0,0.0,0.0,0.0,0.0,0.0,0.0,0.0,0.0,0.0,0.0,0.0,0.0,88.0,0.0,0.0,29.9,0.0,0.0,0.0,22.9,0.0,0.0,14.2,0.0,0.0,0.5,40.5,35.3,0.0,0.0,0.0,0.0,166.0,441.0,157.0,465.0,167.0,435.0,167.0,441.0,0.0,0.0,-2.0,0.0,0.0,22.9,1.0,4.996,0.0,0.0,1.523,1.605,0.0,87.8,0.0,0.0,0.0,,0.0,78.8,190.4,0.0,0.0,0.0,0.0,330.8,825.8,314.6,869.0,332.6,815.0,332.6,825.8,0.0,0.0,190.04,0.0,327.65000000000003,248.85000000000002,111.24,1.5690833333333332,88565.34866666664,0.0,0.48,0.49,392.0,True,2026-09-05 12:08:19-07:00
1199.06,2,9,2026-09-05 19:27:59,37.08162,-121.59964,294.0,0.1,285.0,-12.6,0.0,,0.0,0.0,0.0,10.1,-0.6,322.7,0.0,269.0,0.1,-0.0,1.0,99.0,-8.0,26,0.0,29.98,1691.0,0.0,0.0,106,0.0,0.0,0.0,0.0,0.0,0.0,0.0,0.0,0.0,0.0,0.0,0.0,0.0,0.0,0.0,0.0,0.0,0.0,0.0,0.0,0.0,0.0,0.0,0.0,0.0,88.0,0.0,0.0,29.9,0.0,0.0,0.0,22.8,0.0,0.0,14.2,0.0,0.0,0.5,40.5,35.3,0.0,0.0,0.0,0.0,166.0,436.0,157.0,460.0,167.0,431.0,167.0,437.0,0.0,0.0,-2.0,0.0,0.0,22.8,1.0,4.996,0.0,0.0,1.523,1.605,0.0,87.8,0.0,0.0,0.0,,0.0,78.8,190.4,0.0,0.0,0.0,0.0,330.8,816.8,314.6,860.0,332.6,807.8,332.6,818.6,0.0,0.0,190.04,0.0,327.65000000000003,248.85000000000002,111.24,1.5690833333333332,88565.51733333332,0.0,0.48,0.49,392.0,True,2026-09-05 12:08:19-07:00
1200.06,2,9,2026-09-05 19:28:00,37.08162,-121.59964,294.0,0.1,285.0,-12.6,0.0,,0.0,0.0,0.0,10.1,-0.5,322.8,0.0,269.0,0.1,-0.0,1.0,99.0,-11.0,26,0.0,29.98,1691.0,0.0,0.0,106,0.0,0.0,0.0,0.0,0.0,0.0,0.0,0.0,0.0,0.0,0.0,0.0,0.0,0.0,0.0,0.0,0.0,0.0,0.0,0.0,0.0,0.0,0.0,0.0,0.0,88.0,0.0,0.0,29.9,0.0,0.0,0.0,22.7,0.0,0.0,14.2,0.0,0.0,0.5,40.5,35.3,0.0,0.0,0.0,0.0,166.0,433.0,157.0,455.0,167.0,426.0,167.0,432.0,0.0,0.0,-2.0,0.0,0.0,22.7,1.0,4.996,0.0,0.0,1.523,1.605,0.0,87.8,0.0,0.0,0.0,,0.0,78.8,190.4,0.0,0.0,0.0,0.0,330.8,811.4,314.6,851.0,332.6,798.8,332.6,809.6,0.0,0.0,190.04,0.0,327.65000000000003,248.85000000000002,111.24,1.5690833333333332,88565.68599999999,0.0,0.48,0.49,392.0,True,2026-09-05 12:08:19-07:00
1201.06,1,10,2026-09-05 19:28:01,37.08162,-121.59965,295.0,0.1,285.0,-12.6,0.0,,0.0,0.0,0.0,10.1,-0.5,322.8,0.0,269.0,0.1,-0.01,1.0,99.0,-8.0,27,0.0,29.98,1691.0,0.0,0.0,106,0.0,0.0,0.0,0.0,0.0,0.0,0.0,0.0,0.0,0.0,0.0,0.0,0.0,0.0,0.0,0.0,0.0,0.0,0.0,0.0,0.0,0.0,0.0,0.0,0.0,88.0,0.0,0.0,29.9,0.0,0.0,0.0,22.6,0.0,0.0,14.2,0.0,0.0,0.5,40.5,35.3,0.0,0.0,0.0,0.0,165.0,430.0,157.0,450.0,167.0,423.0,166.0,428.0,0.0,0.0,-2.0,0.0,0.0,22.6,1.0,4.996,0.0,0.0,1.472,1.605,0.0,87.7,0.0,0.0,0.0,,0.0,80.6,190.4,0.0,0.0,0.0,0.0,329.0,806.0,314.6,842.0,332.6,793.4,330.8,802.4,0.0,0.0,189.86,0.0,326.75,246.15,109.26000000000002,1.5690833333333332,88565.85466666665,0.0,0.48,0.49,392.0,True,2026-09-05 12:08:19-07:00
1202.06,1,10,2026-09-05 19:28:02,37.08162,-121.59965,299.0,0.1,285.0,-12.6,0.0,,0.0,0.0,0.0,10.1,-0.4,322.9,0.0,269.0,0.1,-0.01,1.0,99.0,4.0,26,0.0,29.98,1691.0,0.0,0.0,106,0.0,0.0,0.0,0.0,0.0,0.0,0.0,0.0,0.0,0.0,0.0,0.0,0.0,0.0,0.0,0.0,0.0,0.0,0.0,0.0,0.0,0.0,0.0,0.0,0.0,88.0,0.0,0.0,29.9,0.0,0.0,0.0,22.5,0.0,0.0,14.2,0.0,0.0,0.6,40.5,35.3,0.0,0.0,0.0,0.0,165.0,425.0,157.0,445.0,167.0,419.0,166.0,424.0,0.0,0.0,-2.0,0.0,0.0,22.5,1.0,4.996,0.0,0.0,1.471,1.605,0.0,87.7,0.0,0.0,0.0,,0.0,78.8,190.4,0.0,0.0,0.0,0.0,329.0,797.0,314.6,833.0,332.6,786.2,330.8,795.2,0.0,0.0,189.86,0.0,326.75,247.95,111.06000000000002,1.5690833333333332,88566.02333333332,0.0,0.48,0.49,392.0,True,2026-09-05 12:08:19-07:00
1203.06,1,10,2026-09-05 19:28:03,37.08163,-121.59966,303.0,0.0,285.0,-12.6,0.0,,0.0,0.0,0.0,10.1,-0.4,322.9,0.0,269.0,0.1,-0.01,1.0,99.0,-15.0,27,0.0,29.98,1691.0,0.0,0.0,106,0.0,0.0,0.0,0.0,0.0,0.0,0.0,0.0,0.0,0.0,0.0,0.0,0.0,0.0,0.0,0.0,0.0,0.0,0.0,0.0,0.0,0.0,0.0,0.0,0.0,88.0,0.0,0.0,29.9,0.0,0.0,0.0,22.4,0.0,0.0,14.2,0.0,0.0,0.6,40.5,35.3,0.0,0.0,0.0,0.0,165.0,421.0,157.0,441.0,166.0,415.0,166.0,420.0,0.0,0.0,-2.0,0.0,0.0,22.4,1.0,4.996,0.0,0.0,1.471,1.605,0.0,87.6,0.0,0.0,0.0,,0.0,80.6,190.4,0.0,0.0,0.0,0.0,329.0,789.8,314.6,825.8,330.8,779.0,330.8,788.0,0.0,0.0,189.68,0.0,326.3,245.70000000000002,109.08000000000001,1.5690833333333332,88566.10766666665,0.0,0.48,0.49,392.0,True,2026-09-05 12:08:19-07:00
1204.06,2,9,2026-09-05 19:28:04,37.08163,-121.59966,306.0,0.0,285.0,-12.6,0.0,,0.0,0.0,0.0,10.1,-0.5,322.9,0.0,269.0,0.1,-0.01,1.0,99.0,17.0,27,0.0,29.98,1701.0,0.0,0.0,106,0.0,0.0,0.0,0.0,0.0,0.0,0.0,0.0,0.0,0.0,0.0,0.0,0.0,0.0,0.0,0.0,0.0,0.0,0.0,0.0,0.0,0.0,0.0,0.0,0.0,88.0,0.0,0.0,29.9,0.0,0.0,0.0,22.4,0.0,0.0,14.2,0.0,0.0,0.6,40.5,35.3,0.0,0.0,0.0,0.0,165.0,418.0,157.0,437.0,166.0,411.0,166.0,416.0,0.0,0.0,-2.0,0.0,0.0,22.4,1.0,4.996,0.0,0.0,1.471,1.606,0.0,87.6,0.0,0.0,0.0,,0.0,80.6,190.4,0.0,0.0,0.0,0.0,329.0,784.4,314.6,818.6,330.8,771.8,330.8,780.8,0.0,0.0,189.68,0.0,326.3,245.70000000000002,109.08000000000001,1.5690833333333332,88566.10766666665,0.0,0.48,0.49,392.0,True,2026-09-05 12:08:19-07:00
1205.06,2,9,2026-09-05 19:28:05,37.08163,-121.59966,308.0,0.0,285.0,-12.6,0.0,,0.0,0.0,0.0,10.1,-0.5,322.9,0.0,269.0,0.1,-0.01,1.0,99.0,-2.0,27,0.0,29.98,1700.0,0.0,0.0,106,0.0,0.0,0.0,0.0,0.0,0.0,0.0,0.0,0.0,0.0,0.0,0.0,0.0,0.0,0.0,0.0,0.0,0.0,0.0,0.0,0.0,0.0,0.0,0.0,0.0,88.0,0.0,0.0,29.9,0.0,0.0,0.0,22.3,0.0,0.0,14.2,0.0,0.0,0.6,40.5,35.3,0.0,0.0,0.0,0.0,165.0,413.0,157.0,433.0,166.0,407.0,166.0,413.0,0.0,0.0,-2.0,0.0,0.0,22.3,1.0,4.996,0.0,0.0,1.471,1.605,0.0,87.6,0.0,0.0,0.0,,0.0,80.6,190.4,0.0,0.0,0.0,0.0,329.0,775.4,314.6,811.4,330.8,764.6,330.8,775.4,0.0,0.0,189.68,0.0,326.3,245.70000000000002,109.08000000000001,1.5690833333333332,88566.10766666665,0.0,0.48,0.49,392.0,True,2026-09-05 12:08:19-07:00
1206.06,2,9,2026-09-05 19:28:06,37.08163,-121.59966,312.0,0.1,285.0,-12.6,0.0,,0.0,0.0,0.0,10.1,-0.6,322.8,0.0,269.0,0.1,-0.01,1.0,99.0,16.0,27,0.0,29.98,1700.0,0.0,0.0,106,0.0,0.0,0.0,0.0,0.0,0.0,0.0,0.0,0.0,0.0,0.0,0.0,0.0,0.0,0.0,0.0,0.0,0.0,0.0,0.0,0.0,0.0,0.0,0.0,0.0,88.0,0.0,0.0,29.9,0.0,0.0,0.0,22.2,0.0,0.0,14.2,0.0,0.0,0.6,40.5,35.3,0.0,0.0,0.0,0.0,165.0,410.0,157.0,430.0,166.0,404.0,166.0,409.0,0.0,0.0,-2.0,0.0,0.0,22.2,1.0,4.996,0.0,0.0,1.471,1.605,0.0,87.6,0.0,0.0,0.0,,0.0,80.6,190.4,0.0,0.0,0.0,0.0,329.0,770.0,314.6,806.0,330.8,759.2,330.8,768.2,0.0,0.0,189.68,0.0,326.3,245.70000000000002,109.08000000000001,1.5690833333333332,88566.19199999998,0.0,0.48,0.49,392.0,True,2026-09-05 12:08:19-07:00
1207.06,2,9,2026-09-05 19:28:07,37.08162,-121.59965,298.0,0.0,285.0,-12.6,0.0,,0.0,0.0,0.0,10.1,-0.6,322.8,0.0,269.0,0.1,-0.01,1.0,99.0,16.0,27,0.0,29.98,1700.0,0.0,0.0,106,0.0,0.0,0.0,0.0,0.0,0.0,0.0,0.0,0.0,0.0,0.0,0.0,0.0,0.0,0.0,0.0,0.0,0.0,0.0,0.0,0.0,0.0,0.0,0.0,0.0,88.0,0.0,0.0,29.9,0.0,0.0,0.0,22.2,0.0,0.0,14.2,0.0,0.0,0.6,40.5,35.3,0.0,0.0,0.0,0.0,165.0,407.0,157.0,426.0,166.0,402.0,166.0,405.0,0.0,0.0,-2.0,0.0,0.0,22.2,1.0,4.996,0.0,0.0,1.471,1.605,0.0,87.6,0.0,0.0,0.0,,0.0,80.6,190.4,0.0,0.0,0.0,0.0,329.0,764.6,314.6,798.8,330.8,755.6,330.8,761.0,0.0,0.0,189.68,0.0,326.3,245.70000000000002,109.08000000000001,1.5690833333333332,88566.27633333331,0.0,0.48,0.49,392.0,True,2026-09-05 12:08:19-07:00
1208.06,2,8,2026-09-05 19:28:08,37.08162,-121.59965,294.0,0.1,285.0,-12.6,0.0,,0.0,0.0,0.0,10.1,-0.6,322.8,0.0,269.0,0.1,-0.01,1.0,99.0,27.0,27,0.0,29.98,1701.0,0.0,0.0,106,0.0,0.0,0.0,0.0,0.0,0.0,0.0,0.0,0.0,0.0,0.0,0.0,0.0,0.0,0.0,0.0,0.0,0.0,0.0,0.0,0.0,0.0,0.0,0.0,0.0,88.0,0.0,0.0,29.9,0.0,0.0,0.0,22.1,0.0,0.0,14.2,0.0,0.0,0.6,40.5,35.3,0.0,0.0,0.0,0.0,165.0,404.0,157.0,422.0,166.0,399.0,166.0,402.0,0.0,0.0,-2.0,0.0,0.0,22.1,1.0,4.996,0.0,0.0,1.471,1.605,0.0,87.5,0.0,0.0,0.0,,0.0,80.6,190.4,0.0,0.0,0.0,0.0,329.0,759.2,314.6,791.6,330.8,750.2,330.8,755.6,0.0,0.0,189.5,0.0,326.3,245.70000000000002,108.9,1.5690833333333332,88566.36066666665,0.0,0.48,0.49,392.0,True,2026-09-05 12:08:19-07:00
