Session Time,GPS Fix Quality,Number of Satellites,GPS Date & Time,Latitude (deg),Longitude (deg),GPS Altitude (feet),Ground Speed (knots),Ground Track (deg),Mag Var (deg),Cross Track Error (NM),Destination Waypoint ID,Range to Destination (NM),Bearing to Destination (deg),System Time,Pitch (deg),Roll (deg),Magnetic Heading (deg),Indicated Airspeed (knots),Pressure Altitude (ft),Turn Rate (deg/s),Lateral Accel (g),Vertical Accel(g),Angle of Attack (%),Vertical Speed (ft/min),True Airspeed (knots),Barometer Setting (inHg),Density Altitude (ft),Wind Direction (deg),Wind Speed (knots),Heading Bug (deg),Altitude Bug (ft),Airspeed Bug (knots),Vertical Speed Bug (ft/min),Course (deg),CDI Source Type,CDI Source Port,CDI Scale (NM),CDI Deflection (%),Glideslope (%),AP Engaged,AP Roll Mode,AP Roll Force,AP Roll Position (steps),AP Roll Slip (bool),AP Pitch Force,AP Pitch Position (steps),AP Pitch Slip (bool),AP Yaw Force,AP Yaw Position,AP Yaw Slip (bool),Transponder Status,Transponder Reply (bool),Transponder Identing (bool),Transponder Code (octal),Oil Pressure (PSI),RPM L,RPM R,Manifold Pressure (inHg),Fuel Flow 1 (gal/hr),Fuel Flow 2 (gal/hr),Total Fuel Flow (gal/hr),Fuel Pressure (PSI),Fuel Level L (gal),Fuel Level R (gal),Fuel Remaining (gal),Volts 1,Volts 2,Amps,Hobbs Time,Tach Time,ELEV POSITION (%),CO PPM PRESSURE (PSI),GP Input 3,FUEL PRESSURE (PSI),AILERN POSITION (%),CANOPY CONTACT (V),GP Input 7,GP Input 8,LEFT LEVEL (Sensor V),RIGHT LEVEL (Sensor V),OIL PRESSURE (PSI),GP Input 13,Contacts,Percent Power,EGT Leaning State,Unnamed: 103,RPM,OAT (deg F),Oil Temp (deg F),Thermocouple 1 (deg F),Thermocouple 2 (deg F),Thermocouple 3 (deg F),Thermocouple 4 (deg F),CHT 4 (deg F),EGT 4 (deg F),CHT 3 (deg F),EGT 3 (deg F),CHT 2 (deg F),EGT 2 (deg F),CHT 1 (deg F),EGT 1 (deg F),Thermocouple 13 (deg F),Thermocouple 14 (deg F),OIL TEMPERATURE (deg F),AVG_CHT (deg F),CHT_Delta_T (deg F),OIL_Delta_T (deg F),Fuel Flow Integral,Distance Traveled,MPG,Max CHT,Flight ID,AVG_CHT,CHT_Delta_T,OIL_Delta_T,CAS (knots),Corrected TAS (knots),Engine Run
0.06,1.0,9.0,2026-01-04 22:43:52,37.08162,-121.59948,257.0,0.0,337.8,-12.7,0.0,0.0,0.0,0.0,0.0,0.0,0.0,0.0,0.0,0.0,0.0,0.0,0.0,0.0,0.0,0.0,0.0,0.0,0.0,0.0,230.0,0.0,110.0,0.0,0.0,0.0,0.0,0.0,0.0,0.0,0.0,0.0,0.0,0.0,0.0,0.0,0.0,0.0,0.0,0.0,0.0,0.0,0.0,0.0,0.0,0.0,0.0,0.0,0.0,0.0,0.0,0.0,0.0,0.0,0.0,38.2,0.0,0.0,0.0,0.6,0.2,0.0,0.0,0.0,0.0,0.0,0.0,0.0,0.0,0.0,0.0,0.0,0.0,0.0,0.0,,0.0,0.0,55.4,0.0,0.0,0.0,0.0,0.0,32.0,0.0,32.0,0.0,32.0,0.0,32.0,0.0,0.0,0.0,32.0,32.0,8.600000000000001,8.600000000000001,0.0,0.0,0.0,242.6,2026-01-04 14:43:52-08:00,32.0,-23.4,-23.4,0.48,0.48,True
1.06,1.0,9.0,2026-01-04 22:43:53,37.08162,-121.59948,256.0,0.0,337.8,-12.6,0.0,0.0,0.0,0.0,0.0,11.0,0.3,240.9,0.0,338.0,-0.0,0.01,0.9,0.0,-55.0,0.0,29.88,157.0,0.0,0.0,230.0,0.0,110.0,0.0,0.0,0.0,0.0,0.0,0.0,0.0,0.0,0.0,0.0,0.0,0.0,0.0,0.0,0.0,0.0,0.0,0.0,0.0,0.0,0.0,0.0,0.0,0.0,0.0,0.0,0.0,0.0,0.0,0.0,0.0,0.0,38.2,0.0,0.0,-0.2,0.6,0.2,-10.0,254.5,0.0,28.8,-1.0,4.998,0.0,0.0,0.656,0.703,0.0,0.0,0.0,0.0,,0.0,0.0,55.4,0.0,0.0,0.0,0.0,0.0,55.4,55.4,53.6,55.4,55.4,55.4,53.6,55.4,0.0,0.0,127.76,54.5,31.1,104.36,0.0,0.0,0.0,242.6,2026-01-04 14:43:52-08:00,54.5,-0.8999999999999986,72.36000000000001,0.48,0.48,True
2.06,1.0,9.0,2026-01-04 22:43:54,37.08162,-121.59949,255.0,0.0,337.8,-12.6,0.0,0.0,0.0,0.0,0.0,11.0,0.2,241.0,0.0,336.0,-0.0,0.01,1.0,0.0,-70.0,0.0,29.88,157.0,0.0,0.0,230.0,0.0,110.0,0.0,0.0,0.0,0.0,0.0,0.0,0.0,0.0,0.0,0.0,0.0,0.0,0.0,0.0,0.0,0.0,0.0,0.0,0.0,0.0,0.0,0.0,0.0,0.0,0.0,0.0,0.0,0.0,0.0,0.0,0.0,0.0,38.2,0.0,0.0,-0.3,0.6,0.2,-10.0,254.5,0.0,28.8,0.0,4.998,0.0,0.0,0.656,0.703,0.0,0.0,0.0,0.0,,0.0,0.0,55.4,0.0,0.0,0.0,0.0,0.0,55.4,57.2,55.4,55.4,55.4,57.2,55.4,57.2,0.0,0.0,127.76,55.4,32.0,104.36,0.0,0.0,0.0,242.6,2026-01-04 14:43:52-08:00,55.4,0.0,72.36000000000001,0.48,0.48,True
3.06,1.0,9.0,2026-01-04 22:43:55,37.08162,-121.59949,255.0,0.0,337.8,-12.6,0.0,0.0,0.0,0.0,0.0,11.0,0.2,241.0,0.0,335.0,-0.0,0.01,1.0,0.0,-82.0,0.0,29.88,157.0,0.0,0.0,230.0,0.0,110.0,0.0,0.0,0.0,0.0,0.0,0.0,0.0,0.0,0.0,0.0,0.0,0.0,0.0,0.0,0.0,0.0,0.0,0.0,0.0,0.0,0.0,0.0,0.0,0.0,0.0,0.0,0.0,0.0,0.0,0.0,0.0,0.0,38.2,0.0,0.0,-0.3,0.6,0.2,-10.0,254.5,0.0,27.4,0.0,4.998,0.0,0.0,0.656,0.703,0.0,0.0,0.0,0.0,,0.0,0.0,55.4,0.0,0.0,0.0,0.0,0.0,55.4,55.4,53.6,55.4,55.4,55.4,53.6,55.4,0.0,0.0,53.6,54.5,31.1,30.2,0.0,0.0,0.0,242.6,2026-01-04 14:43:52-08:00,54.5,-0.8999999999999986,-1.7999999999999972,0.48,0.48,True
4.06,1.0,9.0,2026-01-04 22:43:56,37.08162,-121.59949,254.0,0.0,337.8,-12.6,0.0,0.0,0.0,0.0,0.0,11.0,0.2,241.0,0.0,334.0,-0.0,0.0,1.0,0.0,-61.0,0.0,29.88,153.0,0.0,0.0,230.0,0.0,110.0,0.0,0.0,0.0,0.0,0.0,0.0,0.0,0.0,0.0,0.0,0.0,0.0,0.0,0.0,0.0,0.0,0.0,0.0,0.0,0.0,0.0,0.0,0.0,0.0,0.0,0.0,0.0,0.0,0.0,0.0,0.0,0.0,38.2,0.0,0.0,-0.3,0.6,0.2,-10.0,254.5,0.0,26.8,0.0,4.998,0.0,0.0,0.656,0.703,0.0,0.0,0.0,0.0,,0.0,0.0,55.4,0.0,0.0,0.0,0.0,0.0,55.4,57.2,55.4,55.4,55.4,57.2,55.4,57.2,0.0,0.0,53.6,55.4,32.0,30.2,0.0,0.0,0.0,242.6,2026-01-04 14:43:52-08:00,55.4,0.0,-1.7999999999999972,0.48,0.48,True
5.06,1.0,9.0,2026-01-04 22:43:57,37.08162,-121.59949,254.0,0.0,337.8,-12.6,0.0,0.0,0.0,0.0,0.0,11.0,0.3,241.0,0.0,334.0,-0.0,0.01,1.0,0.0,-51.0,0.0,29.88,153.0,0.0,0.0,230.0,0.0,0.0,0.0,0.0,0.0,0.0,0.0,0.0,0.0,0.0,0.0,0.0,0.0,0.0,0.0,0.0,0.0,0.0,0.0,0.0,0.0,0.0,0.0,0.0,0.0,0.0,0.0,30.0,0.0,0.0,0.0,26.5,0.0,0.0,38.2,0.0,0.0,-0.3,0.6,0.2,-10.0,254.5,0.0,26.5,0.0,4.998,0.0,0.0,0.656,0.703,0.0,0.0,0.0,0.0,,0.0,0.0,55.4,53.6,0.0,0.0,0.0,0.0,55.4,55.4,53.6,55.4,55.4,55.4,53.6,55.4,0.0,0.0,53.6,54.5,31.1,30.2,0.0,0.0,0.0,242.6,2026-01-04 14:43:52-08:00,54.5,-0.8999999999999986,-1.7999999999999972,0.48,0.48,True
6.06,1.0,9.0,2026-01-04 22:43:58,37.08162,-121.59949,253.0,0.0,337.8,-12.6,0.0,0.0,0.0,0.0,0.0,11.0,0.3,241.0,0.0,332.0,-0.0,0.0,1.0,0.0,-64.0,0.0,29.88,153.0,0.0,0.0,230.0,0.0,0.0,0.0,0.0,0.0,0.0,0.0,0.0,0.0,0.0,0.0,0.0,0.0,0.0,0.0,0.0,0.0,0.0,0.0,0.0,0.0,0.0,0.0,0.0,0.0,0.0,0.0,30.0,0.0,0.0,0.0,26.1,0.0,0.0,38.2,0.0,0.0,-0.3,0.6,0.2,-10.0,254.5,0.0,26.1,0.0,4.998,0.0,0.0,0.656,0.703,0.0,0.0,0.0,0.0,,0.0,0.0,55.4,53.6,0.0,0.0,0.0,0.0,55.4,55.4,53.6,55.4,55.4,55.4,53.6,55.4,0.0,0.0,53.6,54.5,31.1,30.2,0.0,0.0,0.0,242.6,2026-01-04 14:43:52-08:00,54.5,-0.8999999999999986,-1.7999999999999972,0.48,0.48,True
7.06,1.0,9.0,2026-01-04 22:43:59,37.08162,-121.59949,252.0,0.1,337.8,-12.6,0.0,0.0,0.0,0.0,0.0,11.0,0.3,241.0,0.0,331.0,-0.0,0.01,1.0,0.0,-56.0,0.0,29.88,149.0,0.0,0.0,230.0,0.0,0.0,0.0,0.0,0.0,0.0,0.0,0.0,0.0,0.0,0.0,0.0,0.0,0.0,0.0,0.0,0.0,0.0,0.0,0.0,0.0,0.0,0.0,0.0,0.0,0.0,0.0,30.0,0.0,0.0,0.0,25.7,0.0,0.0,38.2,0.0,0.0,-0.3,0.6,0.2,-10.0,254.5,0.0,25.7,0.0,4.998,0.0,0.0,0.656,0.703,0.0,0.0,0.0,0.0,,0.0,0.0,55.4,53.6,0.0,0.0,0.0,0.0,55.4,55.4,53.6,55.4,55.4,55.4,53.6,55.4,0.0,0.0,53.6,54.5,31.1,30.2,0.0,0.08433333333333333,0.0,242.6,2026-01-04 14:43:52-08:00,54.5,-0.8999999999999986,-1.7999999999999972,0.48,0.48,True
8.06,1.0,9.0,2026-01-04 22:44:00,37.08161,-121.59949,252.0,0.0,337.8,-12.6,0.0,0.0,0.0,0.0,0.0,11.0,0.3,241.0,0.0,330.0,-0.0,0.01,1.0,0.0,-68.0,0.0,29.88,149.0,0.0,0.0,230.0,0.0,0.0,0.0,0.0,0.0,0.0,0.0,0.0,0.0,0.0,0.0,0.0,0.0,0.0,0.0,0.0,0.0,0.0,0.0,0.0,0.0,0.0,0.0,0.0,0.0,0.0,0.0,30.0,0.0,0.0,0.0,25.3,0.0,0.0,38.2,0.0,0.0,-0.3,0.6,0.2,-10.0,254.5,0.0,25.3,0.0,4.998,0.0,0.0,0.656,0.703,0.0,0.0,0.0,0.0,,0.0,0.0,55.4,53.6,0.0,0.0,0.0,0.0,55.4,55.4,53.6,55.4,55.4,55.4,53.6,55.4,0.0,0.0,53.6,54.5,31.1,30.2,0.0,0.16866666666666674,0.0,242.6,2026-01-04 14:43:52-08:00,54.5,-0.8999999999999986,-1.7999999999999972,0.48,0.48,True
9.06,1.0,9.0,2026-01-04 22:44:01,37.08161,-121.59949,251.0,0.0,337.8,-12.6,0.0,0.0,0.0,0.0,0.0,11.0,0.2,241.1,0.0,329.0,-0.0,0.01,1.0,0.0,-64.0,0.0,29.88,149.0,0.0,0.0,230.0,0.0,0.0,0.0,0.0,0.0,0.0,0.0,0.0,0.0,0.0,0.0,0.0,0.0,0.0,0.0,0.0,0.0,0.0,0.0,0.0,0.0,0.0,0.0,0.0,0.0,0.0,0.0,30.0,0.0,0.0,0.0,24.9,0.0,0.0,38.2,0.0,0.0,-0.3,0.6,0.2,-10.0,254.5,0.0,24.9,0.0,4.998,0.0,0.0,0.656,0.703,0.0,0.0,0.0,0.0,,0.0,0.0,55.4,53.6,0.0,0.0,0.0,0.0,55.4,55.4,53.6,55.4,55.4,55.4,53.6,55.4,0.0,0.0,53.6,54.5,31.1,30.2,0.0,0.16866666666666674,0.0,242.6,2026-01-04 14:43:52-08:00,54.5,-0.8999999999999986,-1.7999999999999972,0.48,0.48,True
10.06,1.0,9.0,2026-01-04 22:44:02,37.08161,-121.59949,251.0,0.0,337.8,-12.6,0.0,0.0,0.0,0.0,0.0,11.0,0.3,241.1,0.0,327.0,-0.0,0.01,1.0,0.0,-82.0,0.0,29.88,145.0,0.0,0.0,230.0,0.0,0.0,0.0,0.0,0.0,0.0,0.0,0.0,0.0,0.0,0.0,0.0,0.0,0.0,0.0,0.0,0.0,0.0,0.0,0.0,0.0,0.0,0.0,0.0,0.0,0.0,0.0,30.0,0.0,0.0,0.0,24.6,0.0,0.0,38.2,0.0,0.0,-0.3,0.6,0.2,-10.0,254.5,0.0,24.6,0.0,4.998,0.0,0.0,0.656,0.703,0.0,0.0,0.0,0.0,,0.0,0.0,55.4,53.6,0.0,0.0,0.0,0.0,55.4,55.4,53.6,55.4,55.4,55.4,53.6,55.4,0.0,0.0,53.6,54.5,31.1,30.2,0.0,0.16866666666666674,0.0,242.6,2026-01-04 14:43:52-08:00,54.5,-0.8999999999999986,-1.7999999999999972,0.48,0.48,True
11.06,1.0,9.0,2026-01-04 22:44:03,37.08161,-121.59949,250.0,0.0,337.8,-12.6,0.0,0.0,0.0,0.0,0.0,11.0,0.3,241.1,0.0,327.0,-0.0,0.01,1.0,0.0,-50.0,0.0,29.88,145.0,0.0,0.0,230.0,0.0,0.0,0.0,0.0,0.0,0.0,0.0,0.0,0.0,0.0,0.0,0.0,0.0,0.0,0.0,0.0,0.0,0.0,0.0,0.0,0.0,0.0,0.0,0.0,0.0,0.0,0.0,30.0,0.0,0.0,0.0,24.2,0.0,0.0,38.2,0.0,0.0,-0.3,0.6,0.2,-10.0,254.5,0.0,24.2,0.0,4.998,0.0,0.0,0.656,0.703,0.0,0.0,0.0,0.0,,0.0,0.0,55.4,53.6,0.0,0.0,0.0,0.0,55.4,55.4,53.6,55.4,55.4,55.4,53.6,55.4,0.0,0.0,53.6,54.5,31.1,30.2,0.0,0.16866666666666674,0.0,242.6,2026-01-04 14:43:52-08:00,54.5,-0.8999999999999986,-1.7999999999999972,0.48,0.48,True
12.06,1.0,9.0,2026-01-04 22:44:04,37.08161,-121.59949,249.0,0.0,337.8,-12.6,0.0,0.0,0.0,0.0,0.0,11.0,0.3,241.1,0.0,327.0,-0.0,0.01,1.0,0.0,-29.0,0.0,29.88,145.0,0.0,0.0,230.0,0.0,0.0,0.0,0.0,0.0,0.0,0.0,0.0,0.0,0.0,0.0,0.0,0.0,0.0,0.0,0.0,0.0,0.0,0.0,0.0,0.0,0.0,0.0,0.0,0.0,0.0,0.0,30.0,0.0,0.0,0.0,23.9,0.0,0.0,38.2,0.0,0.0,-0.3,0.6,0.2,-10.0,254.5,0.0,23.9,0.0,4.998,0.0,0.0,0.656,0.703,0.0,0.0,0.0,0.0,,0.0,0.0,55.4,53.6,0.0,0.0,0.0,0.0,55.4,55.4,53.6,55.4,55.4,55.4,53.6,55.4,0.0,0.0,53.6,54.5,31.1,30.2,0.0,0.16866666666666674,0.0,242.6,2026-01-04 14:43:52-08:00,54.5,-0.8999999999999986,-1.7999999999999972,0.48,0.48,True
13.06,1.0,9.0,2026-01-04 22:44:05,37.08161,-121.59949,248.0,0.0,337.8,-12.6,0.0,0.0,0.0,0.0,0.0,11.0,0.3,241.1,0.0,327.0,-0.0,0.01,1.0,0.0,-5.0,0.0,29.88,144.0,0.0,0.0,230.0,0.0,0.0,0.0,0.0,0.0,0.0,0.0,0.0,0.0,0.0,0.0,0.0,0.0,0.0,0.0,0.0,0.0,0.0,0.0,0.0,0.0,0.0,0.0,0.0,0.0,0.0,0.0,30.0,0.0,0.0,0.0,23.6,0.0,0.0,38.2,0.0,0.0,-0.4,0.6,0.2,-10.0,254.5,0.0,23.6,0.0,4.998,0.0,0.0,0.656,0.703,0.0,0.0,0.0,0.0,,0.0,0.0,55.4,53.6,0.0,0.0,0.0,0.0,55.4,55.4,53.6,55.4,55.4,55.4,53.6,55.4,0.0,0.0,53.6,54.5,31.1,30.2,0.0,0.16866666666666674,0.0,242.6,2026-01-04 14:43:52-08:00,54.5,-0.8999999999999986,-1.7999999999999972,0.48,0.48,True
14.06,1.0,9.0,2026-01-04 22:44:06,37.08161,-121.59949,248.0,0.0,337.8,-12.6,0.0,0.0,0.0,0.0,0.0,11.0,0.2,241.1,0.0,327.0,-0.0,0.0,1.0,0.0,-14.0,0.0,29.88,144.0,0.0,0.0,230.0,0.0,0.0,0.0,0.0,0.0,0.0,0.0,0.0,0.0,0.0,0.0,0.0,0.0,0.0,0.0,0.0,0.0,0.0,0.0,0.0,0.0,0.0,0.0,0.0,0.0,0.0,0.0,30.0,0.0,0.0,0.0,23.3,0.0,0.0,38.2,0.0,0.0,-0.4,0.6,0.2,-10.0,254.5,0.0,23.3,0.0,4.998,0.0,0.0,0.656,0.703,0.0,0.0,0.0,0.0,,0.0,0.0,55.4,53.6,0.0,0.0,0.0,0.0,55.4,55.4,53.6,55.4,55.4,55.4,53.6,55.4,0.0,0.0,53.6,54.5,31.1,30.2,0.0,0.16866666666666674,0.0,242.6,2026-01-04 14:43:52-08:00,54.5,-0.8999999999999986,-1.7999999999999972,0.48,0.48,True
15.06,1.0,9.0,2026-01-04 22:44:07,37.08161,-121.59949,247.0,0.0,337.8,-12.6,0.0,0.0,0.0,0.0,0.0,11.1,0.2,241.1,0.0,327.0,-0.0,0.0,1.0,0.0,8.0,0.0,29.88,144.0,0.0,0.0,230.0,0.0,0.0,0.0,0.0,0.0,0.0,0.0,0.0,0.0,0.0,0.0,0.0,0.0,0.0,0.0,0.0,0.0,0.0,0.0,0.0,0.0,0.0,0.0,0.0,0.0,0.0,0.0,30.0,0.0,0.0,0.0,23.0,0.0,0.0,38.2,0.0,0.0,-0.4,0.6,0.2,-10.0,254.5,0.0,23.0,0.0,4.998,0.0,0.0,0.656,0.703,0.0,0.0,0.0,0.0,,0.0,0.0,55.4,53.6,0.0,0.0,0.0,0.0,55.4,55.4,53.6,55.4,55.4,55.4,53.6,55.4,0.0,0.0,53.6,54.5,31.1,30.2,0.0,0.16866666666666674,0.0,242.6,2026-01-04 14:43:52-08:00,54.5,-0.8999999999999986,-1.7999999999999972,0.48,0.48,True
16.06,1.0,9.0,2026-01-04 22:44:08,37.08161,-121.59949,246.0,0.0,337.8,-12.6,0.0,0.0,0.0,0.0,0.0,11.0,0.3,241.0,0.0,327.0,-0.0,0.01,1.0,0.0,-8.0,0.0,29.88,144.0,0.0,0.0,230.0,0.0,0.0,0.0,0.0,0.0,0.0,0.0,0.0,0.0,0.0,0.0,0.0,0.0,0.0,0.0,0.0,0.0,0.0,0.0,0.0,0.0,0.0,0.0,0.0,0.0,0.0,0.0,30.0,0.0,0.0,0.0,22.7,0.0,0.0,38.2,0.0,0.0,-0.4,0.6,0.2,-10.0,254.5,0.0,22.7,0.0,4.998,0.0,0.0,0.656,0.703,0.0,0.0,0.0,0.0,,0.0,0.0,55.4,53.6,0.0,0.0,0.0,0.0,55.4,55.4,53.6,55.4,55.4,55.4,53.6,55.4,0.0,0.0,53.6,54.5,31.1,30.2,0.0,0.16866666666666674,0.0,242.6,2026-01-04 14:43:52-08:00,54.5,-0.8999999999999986,-1.7999999999999972,0.48,0.48,True
17.06,1.0,9.0,2026-01-04 22:44:09,37.08161,-121.59949,245.0,0.0,337.8,-12.6,0.0,0.0,0.0,0.0,0.0,11.1,0.2,241.1,0.0,326.0,0.0,0.0,1.0,0.0,-25.0,0.0,29.88,144.0,0.0,0.0,230.0,0.0,0.0,0.0,0.0,0.0,0.0,0.0,0.0,0.0,0.0,0.0,0.0,0.0,0.0,0.0,0.0,0.0,0.0,0.0,0.0,0.0,0.0,0.0,0.0,0.0,0.0,0.0,30.0,0.0,0.0,0.0,22.4,0.0,0.0,38.2,0.0,0.0,-0.4,0.6,0.2,-10.0,254.5,0.0,22.4,0.0,4.998,0.0,0.0,0.656,0.703,0.0,0.0,0.0,0.0,,0.0,0.0,55.4,53.6,0.0,0.0,0.0,0.0,55.4,55.4,53.6,55.4,55.4,55.4,53.6,55.4,0.0,0.0,53.6,54.5,31.1,30.2,0.0,0.16866666666666674,0.0,242.6,2026-01-04 14:43:52-08:00,54.5,-0.8999999999999986,-1.7999999999999972,0.48,0.48,True
18.06,1.0,9.0,2026-01-04 22:44:10,37.08161,-121.59949,244.0,0.0,337.8,-12.6,0.0,0.0,0.0,0.0,0.0,11.0,0.2,241.1,0.0,326.0,-0.0,0.0,1.0,0.0,-43.0,0.0,29.88,144.0,0.0,0.0,230.0,0.0,0.0,0.0,0.0,0.0,0.0,0.0,0.0,0.0,0.0,0.0,0.0,0.0,0.0,0.0,0.0,0.0,0.0,0.0,0.0,0.0,0.0,0.0,0.0,0.0,0.0,0.0,30.0,0.0,0.0,0.0,22.1,0.0,0.0,38.2,0.0,0.0,-0.4,0.6,0.2,-10.0,254.5,0.0,22.1,0.0,4.998,0.0,0.0,0.656,0.703,0.0,0.0,0.0,0.0,,0.0,0.0,55.4,53.6,0.0,0.0,0.0,0.0,55.4,55.4,53.6,55.4,55.4,55.4,53.6,55.4,0.0,0.0,53.6,54.5,31.1,30.2,0.0,0.16866666666666674,0.0,242.6,2026-01-04 14:43:52-08:00,54.5,-0.8999999999999986,-1.7999999999999972,0.48,0.48,True
19.06,1.0,9.0,2026-01-04 22:44:11,37.08161,-121.59949,244.0,0.0,337.8,-12.6,0.0,0.0,0.0,0.0,0.0,11.0,0.2,241.1,0.0,326.0,-0.0,0.0,1.0,0.0,-40.0,0.0,29.88,142.0,0.0,0.0,230.0,0.0,0.0,0.0,0.0,0.0,0.0,0.0,0.0,0.0,0.0,0.0,0.0,0.0,0.0,0.0,0.0,0.0,0.0,0.0,0.0,0.0,0.0,0.0,0.0,0.0,0.0,0.0,30.0,0.0,0.0,0.0,21.8,0.0,0.0,38.2,0.0,0.0,-0.4,0.6,0.2,-10.0,254.5,0.0,21.8,0.0,4.998,0.0,0.0,0.656,0.703,0.0,0.0,0.0,0.0,,0.0,0.0,55.4,53.6,0.0,0.0,0.0,0.0,55.4,55.4,53.6,55.4,55.4,55.4,53.6,55.4,0.0,0.0,53.6,54.5,31.1,30.2,0.0,0.16866666666666674,0.0,242.6,2026-01-04 14:43:52-08:00,54.5,-0.8999999999999986,-1.7999999999999972,0.48,0.48,True
20.06,1.0,9.0,2026-01-04 22:44:12,37.08161,-121.59949,244.0,0.0,337.8,-12.6,0.0,0.0,0.0,0.0,0.0,11.0,0.3,241.1,0.0,325.0,0.0,0.0,1.0,0.0,-18.0,0.0,29.88,142.0,0.0,0.0,230.0,0.0,0.0,0.0,0.0,0.0,0.0,0.0,0.0,0.0,0.0,0.0,0.0,0.0,0.0,0.0,0.0,0.0,0.0,0.0,0.0,0.0,0.0,0.0,0.0,0.0,0.0,0.0,30.0,0.0,0.0,0.0,21.6,0.0,0.0,38.2,0.0,0.0,-0.4,0.6,0.2,-10.0,254.5,0.0,21.6,0.0,4.998,0.0,0.0,0.656,0.703,0.0,0.0,0.0,0.0,,0.0,0.0,55.4,53.6,0.0,0.0,0.0,0.0,55.4,57.2,55.4,55.4,55.4,57.2,55.4,55.4,0.0,0.0,53.6,55.4,32.0,30.2,0.0,0.16866666666666674,0.0,242.6,2026-01-04 14:43:52-08:00,55.4,0.0,-1.7999999999999972,0.48,0.48,True
21.06,1.0,9.0,2026-01-04 22:44:13,37.08161,-121.59949,244.0,0.1,337.8,-12.6,0.0,0.0,0.0,0.0,0.0,11.0,0.3,241.1,0.0,323.0,-0.0,0.01,1.0,0.0,-64.0,0.0,29.88,142.0,0.0,0.0,230.0,0.0,0.0,0.0,0.0,0.0,0.0,0.0,0.0,0.0,0.0,0.0,0.0,0.0,0.0,0.0,0.0,0.0,0.0,0.0,0.0,0.0,0.0,0.0,0.0,0.0,0.0,0.0,30.0,0.0,0.0,0.0,21.3,0.0,0.0,38.2,0.0,0.0,-0.4,0.6,0.2,-10.0,254.5,0.0,21.3,0.0,4.998,0.0,0.0,0.656,0.703,0.0,0.0,0.0,0.0,,0.0,0.0,55.4,53.6,0.0,0.0,0.0,0.0,55.4,55.4,53.6,55.4,55.4,55.4,53.6,55.4,0.0,0.0,53.6,54.5,31.1,30.2,0.0,0.25300000000000006,0.0,242.6,2026-01-04 14:43:52-08:00,54.5,-0.8999999999999986,-1.7999999999999972,0.48,0.48,True
22.06,1.0,9.0,2026-01-04 22:44:14,37.08161,-121.59949,244.0,0.0,337.8,-12.6,0.0,0.0,0.0,0.0,0.0,11.0,0.3,241.1,0.0,323.0,0.0,0.0,1.0,0.0,-40.0,0.0,29.88,139.0,0.0,0.0,230.0,0.0,0.0,0.0,0.0,0.0,0.0,0.0,0.0,0.0,0.0,0.0,0.0,0.0,0.0,0.0,0.0,0.0,0.0,0.0,0.0,0.0,0.0,0.0,0.0,0.0,0.0,0.0,30.0,0.0,0.0,0.0,21.1,0.0,0.0,38.2,0.0,0.0,-0.4,0.6,0.2,-10.0,254.5,0.0,21.1,0.0,4.998,0.0,0.0,0.656,0.703,0.0,0.0,0.0,0.0,,0.0,0.0,55.4,53.6,0.0,0.0,0.0,0.0,55.4,57.2,55.4,55.4,55.4,57.2,55.4,57.2,0.0,0.0,53.6,55.4,32.0,30.2,0.0,0.3373333333333334,0.0,242.6,2026-01-04 14:43:52-08:00,55.4,0.0,-1.7999999999999972,0.48,0.48,True
23.06,1.0,9.0,2026-01-04 22:44:15,37.08161,-121.59949,244.0,0.0,337.8,-12.6,0.0,0.0,0.0,0.0,0.0,11.0,0.3,241.1,0.0,322.0,-0.0,0.0,1.0,0.0,-65.0,0.0,29.88,139.0,0.0,0.0,230.0,0.0,0.0,0.0,0.0,0.0,0.0,0.0,0.0,0.0,0.0,0.0,0.0,0.0,0.0,0.0,0.0,0.0,0.0,0.0,0.0,0.0,0.0,0.0,0.0,0.0,0.0,0.0,30.0,0.0,0.0,0.0,20.8,0.0,0.0,38.2,0.0,0.0,-0.4,0.6,0.2,-10.0,254.5,0.0,20.8,0.0,4.998,0.0,0.0,0.656,0.703,0.0,0.0,0.0,0.0,,0.0,0.0,55.4,53.6,0.0,0.0,0.0,0.0,55.4,55.4,53.6,55.4,55.4,55.4,53.6,55.4,0.0,0.0,53.6,54.5,31.1,30.2,0.0,0.3373333333333334,0.0,242.6,2026-01-04 14:43:52-08:00,54.5,-0.8999999999999986,-1.7999999999999972,0.48,0.48,True
24.06,1.0,9.0,2026-01-04 22:44:16,37.08161,-121.59949,244.0,0.0,337.8,-12.6,0.0,0.0,0.0,0.0,0.0,11.0,0.3,241.1,0.0,321.0,-0.0,0.0,1.0,0.0,-48.0,0.0,29.88,139.0,0.0,0.0,230.0,0.0,0.0,0.0,0.0,0.0,0.0,0.0,0.0,0.0,0.0,0.0,0.0,0.0,0.0,0.0,0.0,0.0,0.0,0.0,0.0,0.0,0.0,0.0,0.0,0.0,0.0,0.0,30.0,0.0,0.0,0.0,20.6,0.0,0.0,38.2,0.0,0.0,-0.4,0.6,0.2,-10.0,254.5,0.0,20.6,0.0,4.998,0.0,0.0,0.656,0.703,0.0,0.0,0.0,0.0,,0.0,0.0,55.4,53.6,0.0,0.0,0.0,0.0,55.4,55.4,53.6,55.4,55.4,55.4,53.6,55.4,0.0,0.0,53.6,54.5,31.1,30.2,0.0,0.3373333333333334,0.0,242.6,2026-01-04 14:43:52-08:00,54.5,-0.8999999999999986,-1.7999999999999972,0.48,0.48,True
25.06,1.0,9.0,2026-01-04 22:44:17,37.08161,-121.59949,244.0,0.0,337.8,-12.6,0.0,0.0,0.0,0.0,0.0,11.0,0.1,241.1,0.0,320.0,-0.0,0.0,1.0,0.0,-55.0,0.0,29.88,136.0,0.0,0.0,230.0,0.0,0.0,0.0,0.0,0.0,0.0,0.0,0.0,0.0,0.0,0.0,0.0,0.0,0.0,0.0,0.0,0.0,0.0,0.0,0.0,0.0,0.0,0.0,0.0,0.0,0.0,0.0,30.0,0.0,0.0,0.0,20.4,0.0,0.0,38.2,0.0,0.0,-0.4,0.6,0.2,-10.0,254.5,0.0,20.4,0.0,4.998,0.0,0.0,0.656,0.703,0.0,0.0,0.0,0.0,,0.0,0.0,55.4,53.6,0.0,0.0,0.0,0.0,55.4,57.2,55.4,55.4,55.4,57.2,55.4,57.2,0.0,0.0,53.6,55.4,32.0,30.2,0.0,0.3373333333333334,0.0,242.6,2026-01-04 14:43:52-08:00,55.4,0.0,-1.7999999999999972,0.48,0.48,True
26.06,1.0,10.0,2026-01-04 22:44:18,37.08163,-121.59949,248.0,0.0,337.8,-12.6,0.0,0.0,0.0,0.0,0.0,11.0,0.2,241.1,0.0,320.0,-0.1,0.01,1.0,0.0,-15.0,0.0,29.88,136.0,0.0,0.0,230.0,0.0,0.0,0.0,0.0,0.0,0.0,0.0,0.0,0.0,0.0,0.0,0.0,0.0,0.0,0.0,0.0,0.0,0.0,0.0,0.0,0.0,0.0,0.0,0.0,0.0,0.0,0.0,30.0,0.0,0.0,0.0,20.1,0.0,0.0,38.2,0.0,0.0,-0.4,0.6,0.2,-10.0,254.5,0.0,20.1,0.0,1.499,0.0,0.0,0.656,0.703,0.0,0.0,0.0,0.0,,0.0,0.0,55.4,53.6,0.0,0.0,0.0,0.0,55.4,57.2,55.4,55.4,55.4,57.2,55.4,57.2,0.0,0.0,53.6,55.4,32.0,30.2,0.0,0.3373333333333334,0.0,242.6,2026-01-04 14:43:52-08:00,55.4,0.0,-1.7999999999999972,0.48,0.48,True
27.06,1.0,10.0,2026-01-04 22:44:19,37.08162,-121.59949,248.0,0.1,337.8,-12.6,0.0,0.0,0.0,0.0,0.0,11.0,0.2,241.2,0.0,319.0,-0.0,0.01,1.0,0.0,-46.0,0.0,29.88,136.0,0.0,0.0,230.0,0.0,0.0,0.0,0.0,0.0,0.0,0.0,0.0,0.0,0.0,0.0,0.0,0.0,0.0,0.0,0.0,0.0,0.0,0.0,0.0,0.0,0.0,0.0,0.0,0.0,0.0,0.0,30.0,0.0,0.0,0.0,19.9,0.0,0.0,38.2,0.0,0.0,-0.4,0.6,0.2,-10.0,254.5,0.0,19.9,0.0,0.001,0.0,0.0,0.656,0.703,0.0,0.0,0.0,0.0,,0.0,0.0,55.4,53.6,0.0,0.0,0.0,0.0,55.4,57.2,55.4,55.4,55.4,57.2,55.4,55.4,0.0,0.0,53.6,55.4,32.0,30.2,0.0,0.42166666666666675,0.0,242.6,2026-01-04 14:43:52-08:00,55.4,0.0,-1.7999999999999972,0.48,0.48,True
28.06,1.0,10.0,2026-01-04 22:44:20,37.08162,-121.59949,249.0,0.0,337.8,-12.6,0.0,0.0,0.0,0.0,0.0,11.0,0.3,241.1,0.0,318.0,-0.0,0.01,1.0,0.0,-38.0,0.0,29.88,133.0,0.0,0.0,230.0,0.0,0.0,0.0,0.0,0.0,0.0,0.0,0.0,0.0,0.0,0.0,0.0,0.0,0.0,0.0,0.0,0.0,0.0,0.0,0.0,0.0,0.0,0.0,0.0,0.0,0.0,0.0,30.0,0.0,0.0,0.0,19.7,0.0,0.0,38.2,0.0,0.0,-0.4,0.6,0.2,-10.0,254.5,0.0,19.7,0.0,0.0,0.0,0.0,0.656,0.703,0.0,0.0,0.0,0.0,,0.0,0.0,55.4,53.6,0.0,0.0,0.0,0.0,55.4,57.2,55.4,55.4,55.4,57.2,55.4,55.4,0.0,0.0,53.6,55.4,32.0,30.2,0.0,0.506,0.0,242.6,2026-01-04 14:43:52-08:00,55.4,0.0,-1.7999999999999972,0.48,0.48,True
29.06,1.0,10.0,2026-01-04 22:44:21,37.08162,-121.59949,251.0,0.0,337.8,-12.6,0.0,0.0,0.0,0.0,0.0,11.0,0.3,241.2,0.0,316.0,0.0,0.01,1.0,0.0,-78.0,0.0,29.88,134.0,0.0,0.0,230.0,0.0,0.0,0.0,0.0,0.0,0.0,0.0,0.0,0.0,0.0,0.0,0.0,0.0,0.0,0.0,0.0,0.0,0.0,0.0,0.0,0.0,0.0,0.0,0.0,0.0,0.0,0.0,30.0,0.0,0.0,0.0,19.5,0.0,0.0,38.2,0.0,0.0,-0.4,0.6,0.2,-10.0,254.5,0.0,19.5,0.0,0.0,0.0,0.0,0.656,0.703,0.0,0.0,0.0,0.0,,0.0,0.0,55.4,53.6,0.0,0.0,0.0,0.0,55.4,55.4,53.6,55.4,55.4,55.4,53.6,55.4,0.0,0.0,53.6,54.5,31.1,30.2,0.0,0.506,0.0,242.6,2026-01-04 14:43:52-08:00,54.5,-0.8999999999999986,-1.7999999999999972,0.48,0.48,True
30.06,1.0,10.0,2026-01-04 22:44:22,37.08162,-121.5995,253.0,0.0,337.8,-12.6,0.0,0.0,0.0,0.0,0.0,11.0,0.2,241.1,0.0,314.0,-0.0,0.01,1.0,0.0,-82.0,0.0,29.88,134.0,0.0,0.0,230.0,0.0,0.0,0.0,0.0,0.0,0.0,0.0,0.0,0.0,0.0,0.0,0.0,0.0,0.0,0.0,0.0,0.0,0.0,0.0,0.0,0.0,0.0,0.0,0.0,0.0,0.0,0.0,30.0,0.0,0.0,0.0,19.3,0.0,0.0,38.2,0.0,0.0,-0.4,0.6,0.2,-10.0,254.5,0.0,19.3,0.0,0.0,0.0,0.0,0.656,0.703,0.0,0.0,0.0,0.0,,0.0,0.0,55.4,53.6,0.0,0.0,0.0,0.0,55.4,57.2,55.4,55.4,55.4,57.2,55.4,55.4,0.0,0.0,53.6,55.4,32.0,30.2,0.0,0.506,0.0,242.6,2026-01-04 14:43:52-08:00,55.4,0.0,-1.7999999999999972,0.48,0.48,True
31.06,1.0,10.0,2026-01-04 22:44:23,37.08162,-121.5995,256.0,0.0,337.8,-12.6,0.0,0.0,0.0,0.0,0.0,11.1,0.2,241.1,0.0,313.0,-0.0,0.01,1.0,0.0,-59.0,0.0,29.88,134.0,0.0,0.0,230.0,0.0,0.0,0.0,0.0,0.0,0.0,0.0,0.0,0.0,0.0,0.0,0.0,0.0,0.0,0.0,0.0,0.0,0.0,0.0,0.0,0.0,0.0,0.0,0.0,0.0,0.0,0.0,30.0,0.0,0.0,0.0,19.1,0.0,0.0,38.2,0.0,0.0,-0.4,0.6,0.2,-10.0,254.4,0.0,19.1,0.0,0.0,0.0,0.0,0.656,0.703,0.0,0.0,0.0,0.0,,0.0,0.0,55.4,53.6,0.0,0.0,0.0,0.0,55.4,55.4,53.6,55.4,55.4,55.4,53.6,55.4,0.0,0.0,53.6,54.5,31.1,30.2,0.0,0.506,0.0,242.6,2026-01-04 14:43:52-08:00,54.5,-0.8999999999999986,-1.7999999999999972,0.48,0.48,True
32.06,1.0,10.0,2026-01-04 22:44:24,37.08162,-121.5995,258.0,0.0,337.8,-12.6,0.0,0.0,0.0,0.0,0.0,11.1,0.2,241.1,0.0,311.0,-0.1,0.01,1.0,0.0,-98.0,0.0,29.88,133.0,0.0,0.0,230.0,0.0,0.0,0.0,0.0,0.0,0.0,0.0,0.0,0.0,0.0,0.0,0.0,0.0,0.0,0.0,0.0,0.0,0.0,0.0,0.0,0.0,0.0,0.0,0.0,0.0,0.0,0.0,30.0,0.0,0.0,0.0,18.9,0.0,0.0,38.2,0.0,0.0,-0.4,0.6,0.2,-10.0,254.4,0.0,18.9,0.0,0.0,0.0,0.0,0.656,0.703,0.0,0.0,0.0,0.0,,0.0,0.0,55.4,53.6,0.0,0.0,0.0,0.0,55.4,57.2,55.4,55.4,55.4,57.2,55.4,55.4,0.0,0.0,53.6,55.4,32.0,30.2,0.0,0.506,0.0,242.6,2026-01-04 14:43:52-08:00,55.4,0.0,-1.7999999999999972,0.48,0.48,True
33.06,1.0,10.0,2026-01-04 22:44:25,37.08162,-121.59951,261.0,0.0,337.8,-12.6,0.0,0.0,0.0,0.0,0.0,11.0,0.2,241.1,0.0,309.0,-0.0,0.01,1.0,0.0,-117.0,0.0,29.88,131.0,0.0,0.0,230.0,0.0,0.0,0.0,0.0,0.0,0.0,0.0,0.0,0.0,0.0,0.0,0.0,0.0,0.0,0.0,0.0,0.0,0.0,0.0,0.0,0.0,0.0,0.0,0.0,0.0,0.0,0.0,30.0,0.0,0.0,0.0,18.7,0.0,0.0,38.2,0.0,0.0,-0.4,0.6,0.2,-10.0,254.4,0.0,18.7,0.0,0.0,0.0,0.0,0.656,0.703,0.0,0.0,0.0,0.0,,0.0,0.0,55.4,53.6,0.0,0.0,0.0,0.0,55.4,57.2,55.4,55.4,55.4,57.2,55.4,55.4,0.0,0.0,53.6,55.4,32.0,30.2,0.0,0.506,0.0,242.6,2026-01-04 14:43:52-08:00,55.4,0.0,-1.7999999999999972,0.48,0.48,True
34.06,1.0,10.0,2026-01-04 22:44:26,37.08162,-121.59951,264.0,0.0,337.8,-12.6,0.0,0.0,0.0,0.0,0.0,11.0,0.2,241.2,0.0,308.0,-0.0,0.0,1.0,0.0,-106.0,0.0,29.88,129.0,0.0,0.0,230.0,0.0,0.0,0.0,0.0,0.0,0.0,0.0,0.0,0.0,0.0,0.0,0.0,0.0,0.0,0.0,0.0,0.0,0.0,0.0,0.0,0.0,0.0,0.0,0.0,0.0,0.0,0.0,30.0,0.0,0.0,0.0,18.5,0.0,0.0,38.2,0.0,0.0,-0.4,0.6,0.2,-10.0,254.4,0.0,18.5,0.0,0.0,0.0,0.0,0.656,0.703,0.0,0.0,0.0,0.0,,0.0,0.0,55.4,53.6,0.0,0.0,0.0,0.0,55.4,57.2,55.4,55.4,55.4,57.2,55.4,55.4,0.0,0.0,53.6,55.4,32.0,30.2,0.0,0.506,0.0,242.6,2026-01-04 14:43:52-08:00,55.4,0.0,-1.7999999999999972,0.48,0.48,True
35.06,1.0,10.0,2026-01-04 22:44:27,37.08162,-121.59952,266.0,0.0,337.8,-12.6,0.0,0.0,0.0,0.0,0.0,11.0,0.2,241.2,0.0,305.0,-0.0,0.0,1.0,0.0,-124.0,0.0,29.88,126.0,0.0,0.0,230.0,0.0,0.0,0.0,0.0,0.0,0.0,0.0,0.0,0.0,0.0,0.0,0.0,0.0,0.0,0.0,0.0,0.0,0.0,0.0,0.0,0.0,0.0,0.0,0.0,0.0,0.0,0.0,30.0,0.0,0.0,0.0,18.3,0.0,0.0,38.2,0.0,0.0,-0.4,0.6,0.2,-10.0,254.4,0.0,18.3,0.0,0.0,0.0,0.0,0.656,0.703,0.0,0.0,0.0,0.0,,0.0,0.0,55.4,53.6,0.0,0.0,0.0,0.0,55.4,57.2,55.4,55.4,55.4,57.2,55.4,57.2,0.0,0.0,53.6,55.4,32.0,30.2,0.0,0.506,0.0,242.6,2026-01-04 14:43:52-08:00,55.4,0.0,-1.7999999999999972,0.48,0.48,True
36.06,1.0,10.0,2026-01-04 22:44:28,37.08162,-121.59952,269.0,0.0,337.8,-12.6,0.0,0.0,0.0,0.0,0.0,11.0,0.2,241.2,0.0,303.0,-0.0,0.0,1.0,0.0,-101.0,0.0,29.88,124.0,0.0,0.0,230.0,0.0,0.0,0.0,0.0,0.0,0.0,0.0,0.0,0.0,0.0,0.0,0.0,0.0,0.0,0.0,0.0,0.0,0.0,0.0,0.0,0.0,0.0,0.0,0.0,0.0,0.0,0.0,30.0,0.0,0.0,0.0,18.1,0.0,0.0,38.2,0.0,0.0,-0.4,0.6,0.2,-10.0,254.4,0.0,18.1,0.0,0.0,0.0,0.0,0.656,0.703,0.0,0.0,0.0,0.0,,0.0,0.0,55.4,53.6,0.0,0.0,0.0,0.0,55.4,57.2,55.4,57.2,55.4,57.2,55.4,57.2,0.0,0.0,53.6,55.4,32.0,30.2,0.0,0.506,0.0,242.6,2026-01-04 14:43:52-08:00,55.4,0.0,-1.7999999999999972,0.48,0.48,True
37.06,1.0,10.0,2026-01-04 22:44:29,37.08162,-121.59952,272.0,0.0,337.8,-12.6,0.0,0.0,0.0,0.0,0.0,11.0,0.2,241.2,0.0,303.0,-0.0,0.01,1.0,0.0,-78.0,0.0,29.88,124.0,0.0,0.0,230.0,0.0,0.0,0.0,0.0,0.0,0.0,0.0,0.0,0.0,0.0,0.0,0.0,0.0,0.0,0.0,0.0,0.0,0.0,0.0,0.0,0.0,0.0,0.0,0.0,0.0,0.0,0.0,30.0,0.0,0.0,0.0,17.9,0.0,0.0,38.2,0.0,0.0,-0.4,0.6,0.2,-10.0,254.4,0.0,17.9,0.0,0.0,0.0,0.0,0.656,0.703,0.0,0.0,0.0,0.0,,0.0,0.0,55.4,53.6,0.0,0.0,0.0,0.0,55.4,57.2,55.4,57.2,55.4,57.2,55.4,57.2,0.0,0.0,53.6,55.4,32.0,30.2,0.0,0.506,0.0,242.6,2026-01-04 14:43:52-08:00,55.4,0.0,-1.7999999999999972,0.48,0.48,True
38.06,1.0,10.0,2026-01-04 22:44:30,37.08162,-121.59953,275.0,0.0,337.8,-12.6,0.0,0.0,0.0,0.0,0.0,11.1,0.2,241.2,0.0,303.0,-0.0,0.0,1.0,0.0,-66.0,0.0,29.88,123.0,0.0,0.0,230.0,0.0,0.0,0.0,0.0,0.0,0.0,0.0,0.0,0.0,0.0,0.0,0.0,0.0,0.0,0.0,0.0,0.0,0.0,0.0,0.0,0.0,0.0,0.0,0.0,0.0,0.0,0.0,30.0,0.0,0.0,0.0,17.8,0.0,0.0,38.2,0.0,0.0,-0.4,0.6,0.2,-10.0,254.4,0.0,17.8,0.0,0.0,0.0,0.0,0.656,0.703,0.0,0.0,0.0,0.0,,0.0,0.0,55.4,53.6,0.0,0.0,0.0,0.0,55.4,57.2,55.4,55.4,55.4,57.2,55.4,55.4,0.0,0.0,53.6,55.4,32.0,30.2,0.0,0.506,0.0,242.6,2026-01-04 14:43:52-08:00,55.4,0.0,-1.7999999999999972,0.48,0.48,True
39.06,1.0,10.0,2026-01-04 22:44:31,37.08162,-121.59962,353.0,0.0,337.8,-12.6,0.0,0.0,0.0,0.0,0.0,11.1,0.2,241.2,0.0,303.0,-0.0,0.0,1.0,0.0,-22.0,0.0,29.88,123.0,0.0,0.0,230.0,0.0,0.0,0.0,0.0,0.0,0.0,0.0,0.0,0.0,0.0,0.0,0.0,0.0,0.0,0.0,0.0,0.0,0.0,0.0,0.0,0.0,0.0,0.0,0.0,0.0,0.0,0.0,30.0,0.0,0.0,0.0,17.6,0.0,0.0,38.2,0.0,0.0,-0.4,0.6,0.2,-10.0,254.4,0.0,17.6,0.0,0.0,0.0,0.0,0.656,0.703,0.0,0.0,0.0,0.0,,0.0,0.0,55.4,53.6,0.0,0.0,0.0,0.0,55.4,57.2,55.4,55.4,55.4,57.2,55.4,55.4,0.0,0.0,53.6,55.4,32.0,30.2,0.0,0.506,0.0,242.6,2026-01-04 14:43:52-08:00,55.4,0.0,-1.7999999999999972,0.48,0.48,True
40.06,1.0,10.0,2026-01-04 22:44:32,37.08162,-121.59962,351.0,0.0,337.8,-12.6,0.0,0.0,0.0,0.0,0.0,11.1,0.1,241.2,0.0,303.0,-0.0,0.01,1.0,0.0,-5.0,0.0,29.88,123.0,0.0,0.0,230.0,0.0,0.0,0.0,0.0,0.0,0.0,0.0,0.0,0.0,0.0,0.0,0.0,0.0,0.0,0.0,0.0,0.0,0.0,0.0,0.0,0.0,0.0,0.0,0.0,0.0,0.0,0.0,30.0,0.0,0.0,0.0,17.4,0.0,0.0,38.2,0.0,0.0,-0.4,0.6,0.2,-10.0,254.4,0.0,17.4,0.0,0.0,0.0,0.0,0.656,0.703,0.0,0.0,0.0,0.0,,0.0,0.0,55.4,53.6,0.0,0.0,0.0,0.0,55.4,57.2,55.4,55.4,55.4,57.2,55.4,55.4,0.0,0.0,53.6,55.4,32.0,30.2,0.0,0.506,0.0,242.6,2026-01-04 14:43:52-08:00,55.4,0.0,-1.7999999999999972,0.48,0.48,True
41.06,1.0,10.0,2026-01-04 22:44:33,37.08162,-121.59962,349.0,0.0,337.8,-12.6,0.0,0.0,0.0,0.0,0.0,11.1,0.2,241.2,0.0,303.0,-0.0,0.0,1.0,0.0,-18.0,0.0,29.88,125.0,0.0,0.0,230.0,0.0,0.0,0.0,0.0,0.0,0.0,0.0,0.0,0.0,0.0,0.0,0.0,0.0,0.0,0.0,0.0,0.0,0.0,0.0,0.0,0.0,0.0,0.0,0.0,0.0,0.0,0.0,30.0,0.0,0.0,0.0,17.3,0.0,0.0,38.2,0.0,0.0,-0.4,0.6,0.2,-9.0,254.4,0.0,17.3,0.0,0.0,0.0,0.0,0.656,0.703,0.0,0.0,0.0,0.0,,0.0,0.0,55.4,53.6,0.0,0.0,0.0,0.0,55.4,57.2,55.4,57.2,55.4,57.2,55.4,57.2,0.0,0.0,53.6,55.4,32.0,30.2,0.0,0.506,0.0,242.6,2026-01-04 14:43:52-08:00,55.4,0.0,-1.7999999999999972,0.48,0.48,True
42.06,1.0,10.0,2026-01-04 22:44:34,37.08162,-121.59962,348.0,0.0,337.8,-12.6,0.0,0.0,0.0,0.0,0.0,11.1,0.2,241.2,0.0,300.0,-0.0,0.0,1.0,0.0,-55.0,0.0,29.88,120.0,0.0,0.0,230.0,0.0,0.0,0.0,0.0,0.0,0.0,0.0,0.0,0.0,0.0,0.0,0.0,0.0,0.0,0.0,0.0,0.0,0.0,0.0,0.0,0.0,0.0,0.0,0.0,0.0,0.0,0.0,30.0,0.0,0.0,0.0,17.1,0.0,0.0,38.2,0.0,0.0,-0.4,0.6,0.2,-10.0,230.5,0.0,17.1,0.0,0.0,0.0,0.0,0.656,0.703,0.0,0.0,0.0,0.0,,0.0,0.0,55.4,53.6,0.0,0.0,0.0,0.0,55.4,57.2,55.4,55.4,55.4,57.2,55.4,55.4,0.0,0.0,53.6,55.4,32.0,30.2,0.0,0.506,0.0,242.6,2026-01-04 14:43:52-08:00,55.4,0.0,-1.7999999999999972,0.48,0.48,True
43.06,1.0,10.0,2026-01-04 22:44:35,37.08162,-121.59962,346.0,0.0,337.8,-12.6,0.0,0.0,0.0,0.0,0.0,11.0,0.2,241.2,0.0,299.0,-0.0,0.0,1.0,0.0,-41.0,0.0,29.88,120.0,0.0,0.0,230.0,0.0,0.0,0.0,0.0,0.0,0.0,0.0,0.0,0.0,0.0,0.0,0.0,0.0,0.0,0.0,0.0,0.0,0.0,0.0,0.0,0.0,0.0,0.0,0.0,0.0,0.0,0.0,30.0,0.0,0.0,0.0,16.9,0.0,0.0,38.2,0.0,0.0,-0.4,0.6,0.2,-10.0,179.4,0.0,16.9,0.0,0.0,0.0,0.0,0.656,0.703,0.0,0.0,0.0,0.0,,0.0,0.0,55.4,53.6,0.0,0.0,0.0,0.0,55.4,57.2,55.4,55.4,55.4,57.2,55.4,55.4,0.0,0.0,53.6,55.4,32.0,30.2,0.0,0.506,0.0,242.6,2026-01-04 14:43:52-08:00,55.4,0.0,-1.7999999999999972,0.48,0.48,True
44.06,1.0,10.0,2026-01-04 22:44:36,37.08162,-121.59961,344.0,0.0,337.8,-12.6,0.0,0.0,0.0,0.0,0.0,11.1,0.2,241.2,0.0,299.0,-0.0,0.01,1.0,0.0,-59.0,0.0,29.88,118.0,0.0,0.0,230.0,0.0,0.0,0.0,0.0,0.0,0.0,0.0,0.0,0.0,0.0,0.0,0.0,0.0,0.0,0.0,0.0,0.0,0.0,0.0,0.0,0.0,0.0,0.0,0.0,0.0,0.0,0.0,30.0,0.0,0.0,0.0,16.8,0.0,0.0,38.2,0.0,0.0,-0.4,0.6,0.2,-10.0,139.7,0.0,16.8,0.0,0.0,0.0,0.0,0.656,0.703,0.0,0.0,0.0,0.0,,0.0,0.0,55.4,53.6,0.0,0.0,0.0,0.0,55.4,57.2,55.4,55.4,55.4,57.2,55.4,57.2,0.0,0.0,53.6,55.4,32.0,30.2,0.0,0.506,0.0,242.6,2026-01-04 14:43:52-08:00,55.4,0.0,-1.7999999999999972,0.48,0.48,True
45.06,1.0,10.0,2026-01-04 22:44:37,37.08162,-121.59961,342.0,0.0,337.8,-12.6,0.0,0.0,0.0,0.0,0.0,11.1,0.2,241.2,0.0,299.0,-0.0,0.0,1.0,0.0,-40.0,0.0,29.88,118.0,0.0,0.0,230.0,0.0,0.0,0.0,0.0,0.0,0.0,0.0,0.0,0.0,0.0,0.0,0.0,0.0,0.0,0.0,0.0,0.0,0.0,0.0,0.0,0.0,0.0,0.0,0.0,0.0,0.0,0.0,30.0,0.5,0.0,0.5,5.3,0.0,0.0,38.2,0.0,0.0,-0.4,0.6,0.2,-10.0,108.8,0.0,5.3,0.0,0.0,0.0,0.0,0.656,0.703,0.0,0.0,0.0,0.0,,0.0,0.0,55.4,53.6,0.0,0.0,0.0,0.0,55.4,57.2,55.4,55.4,55.4,57.2,55.4,55.4,0.0,0.0,53.6,55.4,32.0,30.2,6.944444444444444e-05,0.506,0.0,242.6,2026-01-04 14:43:52-08:00,55.4,0.0,-1.7999999999999972,0.48,0.48,True
46.06,1.0,10.0,2026-01-04 22:44:38,37.08162,-121.5996,340.0,0.0,337.8,-12.6,0.0,0.0,0.0,0.0,0.0,11.1,0.2,241.2,0.0,299.0,-0.0,0.0,1.0,0.0,-5.0,0.0,29.88,118.0,0.0,0.0,230.0,0.0,0.0,0.0,0.0,0.0,0.0,0.0,0.0,0.0,0.0,0.0,0.0,0.0,0.0,0.0,0.0,0.0,0.0,0.0,0.0,0.0,0.0,0.0,0.0,0.0,0.0,0.0,30.0,0.6,0.0,0.6,3.9,0.0,0.0,38.2,0.0,0.0,-0.4,0.6,0.2,-10.0,84.8,0.0,3.9,0.0,0.0,0.0,0.0,0.656,0.703,0.0,0.0,0.0,0.0,,0.0,0.0,55.4,53.6,0.0,0.0,0.0,0.0,55.4,57.2,55.4,55.4,55.4,57.2,55.4,55.4,0.0,0.0,53.6,55.4,32.0,30.2,0.00022222222222222223,0.506,0.0,242.6,2026-01-04 14:43:52-08:00,55.4,0.0,-1.7999999999999972,0.48,0.48,True
47.06,1.0,10.0,2026-01-04 22:44:39,37.08162,-121.5996,338.0,0.0,337.8,-12.6,0.0,0.0,0.0,0.0,0.0,11.1,0.2,241.2,0.0,299.0,-0.0,0.0,1.0,0.0,-2.0,0.0,29.88,119.0,0.0,0.0,230.0,0.0,0.0,0.0,0.0,0.0,0.0,0.0,0.0,0.0,0.0,0.0,0.0,0.0,0.0,0.0,0.0,0.0,0.0,0.0,0.0,0.0,0.0,0.0,0.0,0.0,0.0,0.0,30.0,1.5,0.0,1.5,24.2,0.0,0.0,38.2,0.0,0.0,-0.4,0.6,0.2,-10.0,66.1,0.0,24.2,0.0,0.0,0.0,0.0,0.656,0.703,0.0,0.0,0.0,0.0,,0.0,0.0,55.4,53.6,0.0,0.0,0.0,0.0,55.4,57.2,55.4,57.2,55.4,57.2,55.4,57.2,0.0,0.0,53.6,55.4,32.0,30.2,0.0005138888888888889,0.506,0.0,242.6,2026-01-04 14:43:52-08:00,55.4,0.0,-1.7999999999999972,0.48,0.48,True
48.06,1.0,10.0,2026-01-04 22:44:40,37.08162,-121.59959,336.0,0.0,337.8,-12.6,0.0,0.0,0.0,0.0,0.0,11.1,0.2,241.2,0.0,299.0,-0.1,0.0,1.0,0.0,25.0,0.0,29.88,118.0,0.0,0.0,230.0,0.0,0.0,0.0,0.0,0.0,0.0,0.0,0.0,0.0,0.0,0.0,0.0,0.0,0.0,0.0,0.0,0.0,0.0,0.0,0.0,0.0,0.0,0.0,0.0,0.0,0.0,0.0,30.0,2.3,0.0,2.3,30.9,0.0,0.0,38.2,0.0,0.0,-0.3,0.6,0.2,-10.0,51.6,0.0,30.9,0.0,0.0,0.0,0.0,0.656,0.703,0.0,0.0,0.0,0.0,,0.0,0.0,55.4,53.6,0.0,0.0,0.0,0.0,55.4,57.2,55.4,55.4,55.4,57.2,55.4,55.4,0.0,0.0,53.6,55.4,32.0,30.2,0.0010416666666666667,0.506,0.0,242.6,2026-01-04 14:43:52-08:00,55.4,0.0,-1.7999999999999972,0.48,0.48,True
49.06,1.0,10.0,2026-01-04 22:44:41,37.08162,-121.59959,334.0,0.0,337.8,-12.6,0.0,0.0,0.0,0.0,0.0,11.1,0.2,241.3,0.0,299.0,-0.0,0.01,1.0,0.0,15.0,0.0,29.88,118.0,0.0,0.0,230.0,0.0,0.0,0.0,0.0,0.0,0.0,0.0,0.0,0.0,0.0,0.0,0.0,0.0,0.0,0.0,0.0,0.0,0.0,0.0,0.0,0.0,0.0,0.0,0.0,0.0,0.0,0.0,30.0,2.9,0.0,2.9,32.1,0.0,0.0,38.2,0.0,0.0,-0.3,0.6,0.2,-10.0,40.3,0.0,32.1,0.0,0.0,0.0,0.0,0.656,0.703,0.0,0.0,0.0,0.0,,0.0,0.0,55.4,53.6,0.0,0.0,0.0,0.0,55.4,57.2,55.4,57.2,55.4,57.2,55.4,57.2,0.0,0.0,53.6,55.4,32.0,30.2,0.0017638888888888888,0.506,0.0,242.6,2026-01-04 14:43:52-08:00,55.4,0.0,-1.7999999999999972,0.48,0.48,True
50.06,1.0,10.0,2026-01-04 22:44:42,37.08162,-121.59959,332.0,0.0,337.8,-12.6,0.0,0.0,0.0,0.0,0.0,11.1,0.2,241.3,0.0,299.0,-0.0,0.0,1.0,0.0,8.0,0.0,29.88,118.0,0.0,0.0,230.0,0.0,0.0,0.0,0.0,0.0,0.0,0.0,0.0,0.0,0.0,0.0,0.0,0.0,0.0,0.0,0.0,0.0,0.0,0.0,0.0,0.0,0.0,0.0,0.0,0.0,0.0,0.0,30.0,2.9,0.0,2.9,33.6,0.0,0.0,38.2,0.0,0.0,-0.3,0.6,0.2,-10.0,31.5,0.0,33.6,0.0,0.0,0.0,0.0,0.656,0.703,0.0,0.0,0.0,0.0,,0.0,0.0,55.4,53.6,0.0,0.0,0.0,0.0,55.4,57.2,55.4,57.2,55.4,57.2,55.4,57.2,0.0,0.0,53.6,55.4,32.0,30.2,0.0025694444444444445,0.506,0.0,242.6,2026-01-04 14:43:52-08:00,55.4,0.0,-1.7999999999999972,0.48,0.48,True
51.06,1.0,10.0,2026-01-04 22:44:43,37.08162,-121.59959,330.0,0.0,337.8,-12.6,0.0,0.0,0.0,0.0,0.0,11.1,0.2,241.3,0.0,299.0,-0.0,0.0,1.0,0.0,20.0,0.0,29.88,119.0,0.0,0.0,230.0,0.0,0.0,0.0,0.0,0.0,0.0,0.0,0.0,0.0,0.0,0.0,0.0,0.0,0.0,0.0,0.0,0.0,0.0,0.0,0.0,0.0,0.0,0.0,0.0,0.0,0.0,0.0,30.0,2.6,0.0,2.6,32.9,0.0,0.0,38.2,0.0,0.0,-0.3,0.6,0.2,-10.0,24.7,0.0,32.9,0.0,0.0,0.0,0.0,0.656,0.703,0.0,0.0,0.0,0.0,,0.0,0.0,55.4,53.6,0.0,0.0,0.0,0.0,55.4,57.2,55.4,55.4,55.4,57.2,55.4,55.4,0.0,0.0,53.6,55.4,32.0,30.2,0.003333333333333333,0.506,0.0,242.6,2026-01-04 14:43:52-08:00,55.4,0.0,-1.7999999999999972,0.48,0.48,True
52.06,1.0,10.0,2026-01-04 22:44:44,37.08162,-121.59959,328.0,0.0,337.8,-12.6,0.0,0.0,0.0,0.0,0.0,11.1,0.1,241.3,0.0,299.0,-0.0,0.0,1.0,0.0,47.0,0.0,29.88,119.0,0.0,0.0,230.0,0.0,0.0,0.0,0.0,0.0,0.0,0.0,0.0,0.0,0.0,0.0,0.0,0.0,0.0,0.0,0.0,0.0,0.0,0.0,0.0,0.0,0.0,0.0,0.0,0.0,0.0,0.0,30.0,2.6,0.0,2.6,32.6,0.0,0.0,38.2,0.0,0.0,-0.3,0.6,0.2,-10.0,19.4,0.0,32.6,0.0,0.0,0.0,0.0,0.656,0.703,0.0,0.0,0.0,0.0,,0.0,0.0,55.4,53.6,0.0,0.0,0.0,0.0,55.4,57.2,55.4,57.2,55.4,57.2,55.4,57.2,0.0,0.0,53.6,55.4,32.0,30.2,0.004055555555555555,0.506,0.0,242.6,2026-01-04 14:43:52-08:00,55.4,0.0,-1.7999999999999972,0.48,0.48,True
53.06,1.0,10.0,2026-01-04 22:44:45,37.08162,-121.59958,326.0,0.0,337.8,-12.6,0.0,0.0,0.0,0.0,0.0,11.1,0.1,241.3,0.0,299.0,-0.0,0.0,1.0,0.0,18.0,0.0,29.88,119.0,0.0,0.0,230.0,0.0,0.0,0.0,0.0,0.0,0.0,0.0,0.0,0.0,0.0,0.0,0.0,0.0,0.0,0.0,0.0,0.0,0.0,0.0,0.0,0.0,0.0,0.0,0.0,0.0,0.0,0.0,30.0,0.0,0.0,0.0,32.4,0.0,0.0,38.2,0.0,0.0,-0.4,0.6,0.2,-10.0,15.3,0.0,32.4,1.0,0.0,0.0,0.0,0.656,0.703,0.0,0.0,0.0,0.0,,0.0,0.0,55.4,53.6,0.0,0.0,0.0,0.0,55.4,57.2,55.4,55.4,55.4,57.2,55.4,55.4,0.0,0.0,53.6,55.4,32.0,30.2,0.004416666666666667,0.506,0.0,242.6,2026-01-04 14:43:52-08:00,55.4,0.0,-1.7999999999999972,0.48,0.48,True
54.06,1.0,10.0,2026-01-04 22:44:46,37.08162,-121.59958,324.0,0.0,337.8,-12.6,0.0,0.0,0.0,0.0,0.0,11.1,0.1,241.3,0.0,299.0,-0.0,0.0,1.0,0.0,41.0,0.0,29.88,119.0,0.0,0.0,230.0,0.0,0.0,0.0,0.0,0.0,0.0,0.0,0.0,0.0,0.0,0.0,0.0,0.0,0.0,0.0,0.0,0.0,0.0,0.0,0.0,0.0,0.0,0.0,0.0,0.0,0.0,0.0,30.0,0.0,0.0,0.0,32.2,0.0,0.0,38.2,0.0,0.0,-0.4,0.6,0.2,-10.0,12.1,0.0,32.2,1.0,0.0,0.0,0.0,0.656,0.703,0.0,0.0,0.0,0.0,,0.0,0.0,55.4,53.6,0.0,0.0,0.0,0.0,55.4,57.2,55.4,57.2,55.4,57.2,55.4,57.2,0.0,0.0,53.6,55.4,32.0,30.2,0.004416666666666667,0.506,0.0,242.6,2026-01-04 14:43:52-08:00,55.4,0.0,-1.7999999999999972,0.48,0.48,True
55.06,1.0,10.0,2026-01-04 22:44:47,37.08162,-121.59958,322.0,0.0,337.8,-12.6,0.0,0.0,0.0,0.0,0.0,11.1,0.2,241.3,0.0,299.0,-0.0,0.0,1.0,0.0,16.0,0.0,29.88,119.0,0.0,0.0,230.0,0.0,0.0,0.0,0.0,0.0,0.0,0.0,0.0,0.0,0.0,0.0,0.0,0.0,0.0,0.0,0.0,0.0,0.0,0.0,0.0,0.0,0.0,0.0,0.0,0.0,0.0,0.0,30.0,0.0,0.0,0.0,32.0,0.0,0.0,38.2,0.0,0.0,-0.4,0.6,0.2,-10.0,9.6,0.0,32.0,1.0,0.0,0.0,0.0,0.656,0.703,0.0,0.0,0.0,0.0,,0.0,0.0,55.4,53.6,0.0,0.0,0.0,0.0,55.4,57.2,55.4,57.2,55.4,57.2,55.4,57.2,0.0,0.0,53.6,55.4,32.0,30.2,0.004416666666666667,0.506,0.0,242.6,2026-01-04 14:43:52-08:00,55.4,0.0,-1.7999999999999972,0.48,0.48,True
56.06,1.0,10.0,2026-01-04 22:44:48,37.08162,-121.59957,321.0,0.0,337.8,-12.6,0.0,0.0,0.0,0.0,0.0,11.1,0.2,241.2,0.0,299.0,-0.0,0.01,1.0,0.0,47.0,0.0,29.88,119.0,0.0,0.0,230.0,0.0,0.0,0.0,0.0,0.0,0.0,0.0,0.0,0.0,0.0,0.0,0.0,0.0,0.0,0.0,0.0,0.0,0.0,0.0,0.0,0.0,0.0,0.0,0.0,0.0,0.0,0.0,30.0,0.0,0.0,0.0,31.9,0.0,0.0,38.2,0.0,0.0,-0.4,0.6,0.2,-10.0,7.7,0.0,31.9,1.0,0.0,0.0,0.0,0.656,0.703,0.0,0.0,0.0,0.0,,0.0,0.0,55.4,53.6,0.0,0.0,0.0,0.0,55.4,57.2,55.4,57.2,55.4,57.2,55.4,57.2,0.0,0.0,53.6,55.4,32.0,30.2,0.004416666666666667,0.506,0.0,242.6,2026-01-04 14:43:52-08:00,55.4,0.0,-1.7999999999999972,0.48,0.48,True
57.06,1.0,10.0,2026-01-04 22:44:49,37.0816,-121.59956,327.0,0.0,337.8,-12.6,0.0,0.0,0.0,0.0,0.0,11.1,0.2,241.2,0.0,299.0,-0.0,0.0,1.0,0.0,23.0,0.0,29.88,119.0,0.0,0.0,230.0,0.0,0.0,0.0,0.0,0.0,0.0,0.0,0.0,0.0,0.0,0.0,0.0,0.0,0.0,0.0,0.0,0.0,0.0,0.0,0.0,0.0,0.0,0.0,0.0,0.0,0.0,0.0,30.0,0.0,0.0,0.0,31.7,0.0,0.0,38.2,0.0,0.0,-0.4,0.6,0.2,-10.0,6.2,0.0,31.7,1.0,0.0,0.0,0.0,0.656,0.703,0.0,0.0,0.0,0.0,,0.0,0.0,55.4,53.6,0.0,0.0,0.0,0.0,55.4,57.2,55.4,55.4,55.4,57.2,55.4,55.4,0.0,0.0,53.6,55.4,32.0,30.2,0.004416666666666667,0.506,0.0,242.6,2026-01-04 14:43:52-08:00,55.4,0.0,-1.7999999999999972,0.48,0.48,True
58.06,1.0,10.0,2026-01-04 22:44:50,37.0816,-121.59956,325.0,0.0,337.8,-12.6,0.0,0.0,0.0,0.0,0.0,11.0,0.3,241.2,0.0,299.0,-0.0,0.01,1.0,0.0,43.0,0.0,29.88,119.0,0.0,0.0,230.0,0.0,0.0,0.0,0.0,0.0,0.0,0.0,0.0,0.0,0.0,0.0,0.0,0.0,0.0,0.0,0.0,0.0,0.0,0.0,0.0,0.0,0.0,0.0,0.0,0.0,0.0,0.0,30.0,0.0,0.0,0.0,31.6,0.0,0.0,38.2,0.0,0.0,-0.4,0.6,0.2,-10.0,5.0,0.0,31.6,1.0,0.0,0.0,0.0,0.656,0.703,0.0,0.0,0.0,0.0,,0.0,0.0,55.4,53.6,0.0,0.0,0.0,0.0,55.4,57.2,55.4,55.4,55.4,57.2,55.4,55.4,0.0,0.0,53.6,55.4,32.0,30.2,0.004416666666666667,0.506,0.0,242.6,2026-01-04 14:43:52-08:00,55.4,0.0,-1.7999999999999972,0.48,0.48,True
59.06,1.0,10.0,2026-01-04 22:44:51,37.0816,-121.59956,324.0,0.0,337.8,-12.6,0.0,0.0,0.0,0.0,0.0,11.1,0.2,241.2,0.0,299.0,-0.0,0.01,1.0,0.0,14.0,0.0,29.88,119.0,0.0,0.0,230.0,0.0,0.0,0.0,0.0,0.0,0.0,0.0,0.0,0.0,0.0,0.0,0.0,0.0,0.0,0.0,0.0,0.0,0.0,0.0,0.0,0.0,0.0,0.0,0.0,0.0,0.0,0.0,30.0,0.0,0.0,0.0,31.4,0.0,0.0,38.2,0.0,0.0,-0.4,0.6,0.2,-10.0,4.1,0.0,31.4,1.0,0.0,0.0,0.0,0.656,0.703,0.0,0.0,0.0,0.0,,0.0,0.0,55.4,53.6,0.0,0.0,0.0,0.0,55.4,57.2,55.4,55.4,55.4,57.2,55.4,55.4,0.0,0.0,53.6,55.4,32.0,30.2,0.004416666666666667,0.506,0.0,242.6,2026-01-04 14:43:52-08:00,55.4,0.0,-1.7999999999999972,0.48,0.48,True
60.06,1.0,10.0,2026-01-04 22:44:52,37.0816,-121.59956,323.0,0.0,337.8,-12.6,0.0,0.0,0.0,0.0,0.0,11.1,0.2,241.2,0.0,299.0,-0.0,0.01,1.0,0.0,11.0,0.0,29.88,119.0,0.0,0.0,230.0,0.0,0.0,0.0,0.0,0.0,0.0,0.0,0.0,0.0,0.0,0.0,0.0,0.0,0.0,0.0,0.0,0.0,0.0,0.0,0.0,0.0,0.0,0.0,0.0,0.0,0.0,0.0,30.0,0.0,0.0,0.0,31.3,0.0,0.0,38.2,0.0,0.0,-0.4,0.6,0.2,-10.0,3.4,0.0,31.3,1.0,0.0,0.0,0.0,0.656,0.703,0.0,0.0,0.0,0.0,,0.0,0.0,55.4,53.6,0.0,0.0,0.0,0.0,55.4,57.2,55.4,57.2,55.4,57.2,55.4,57.2,0.0,0.0,53.6,55.4,32.0,30.2,0.004416666666666667,0.506,0.0,242.6,2026-01-04 14:43:52-08:00,55.4,0.0,-1.7999999999999972,0.48,0.48,True
61.06,1.0,10.0,2026-01-04 22:44:53,37.0816,-121.59956,322.0,0.0,337.8,-12.6,0.0,0.0,0.0,0.0,0.0,11.1,0.2,241.2,0.0,299.0,-0.0,0.0,1.0,0.0,5.0,0.0,29.88,119.0,0.0,0.0,230.0,0.0,0.0,0.0,0.0,0.0,0.0,0.0,0.0,0.0,0.0,0.0,0.0,0.0,0.0,0.0,0.0,0.0,0.0,0.0,0.0,0.0,0.0,0.0,0.0,0.0,0.0,0.0,30.0,0.0,0.0,0.0,31.1,0.0,0.0,38.2,0.0,0.0,-0.4,0.6,0.2,-10.0,2.9,0.0,31.1,1.0,0.0,0.0,0.0,0.656,0.703,0.0,0.0,0.0,0.0,,0.0,0.0,55.4,53.6,0.0,0.0,0.0,0.0,55.4,57.2,55.4,55.4,55.4,57.2,55.4,55.4,0.0,0.0,53.6,55.4,32.0,30.2,0.004416666666666667,0.506,0.0,242.6,2026-01-04 14:43:52-08:00,55.4,0.0,-1.7999999999999972,0.48,0.48,True
62.06,1.0,10.0,2026-01-04 22:44:54,37.0816,-121.59956,321.0,0.0,337.8,-12.6,0.0,0.0,0.0,0.0,0.0,11.1,0.2,241.2,0.0,299.0,-0.0,0.0,1.0,0.0,-14.0,0.0,29.88,119.0,0.0,0.0,230.0,0.0,0.0,0.0,0.0,0.0,0.0,0.0,0.0,0.0,0.0,0.0,0.0,0.0,0.0,0.0,0.0,0.0,0.0,0.0,0.0,0.0,0.0,0.0,0.0,0.0,0.0,0.0,30.0,0.0,0.0,0.0,31.0,0.0,0.0,38.2,0.0,0.0,-0.4,0.6,0.2,-10.0,2.4,0.0,31.0,1.0,0.0,0.0,0.0,0.656,0.703,0.0,0.0,0.0,0.0,,0.0,0.0,55.4,53.6,0.0,0.0,0.0,0.0,55.4,57.2,55.4,55.4,55.4,57.2,55.4,55.4,0.0,0.0,53.6,55.4,32.0,30.2,0.004416666666666667,0.506,0.0,242.6,2026-01-04 14:43:52-08:00,55.4,0.0,-1.7999999999999972,0.48,0.48,True
63.06,1.0,10.0,2026-01-04 22:44:55,37.0816,-121.59956,321.0,0.0,337.8,-12.6,0.0,0.0,0.0,0.0,0.0,11.1,0.2,241.2,0.0,299.0,-0.0,0.01,1.0,0.0,-18.0,0.0,29.88,119.0,0.0,0.0,230.0,0.0,0.0,0.0,0.0,0.0,0.0,0.0,0.0,0.0,0.0,0.0,0.0,0.0,0.0,0.0,0.0,0.0,0.0,0.0,0.0,0.0,0.0,0.0,0.0,0.0,0.0,0.0,30.0,0.0,0.0,0.0,30.9,0.0,0.0,38.2,0.0,0.0,-0.4,0.6,0.2,-10.0,2.1,0.0,30.9,1.0,0.0,0.0,0.0,0.656,0.703,0.0,0.0,0.0,0.0,,0.0,0.0,55.4,53.6,0.0,0.0,0.0,0.0,55.4,57.2,55.4,55.4,55.4,57.2,55.4,55.4,0.0,0.0,53.6,55.4,32.0,30.2,0.004416666666666667,0.506,0.0,242.6,2026-01-04 14:43:52-08:00,55.4,0.0,-1.7999999999999972,0.48,0.48,True
64.06,1.0,10.0,2026-01-04 22:44:56,37.0816,-121.59956,320.0,0.0,337.8,-12.6,0.0,0.0,0.0,0.0,0.0,11.1,0.2,241.1,0.0,299.0,-0.0,0.0,1.0,0.0,-15.0,0.0,29.88,121.0,0.0,0.0,230.0,0.0,0.0,0.0,0.0,0.0,0.0,0.0,0.0,0.0,0.0,0.0,0.0,0.0,0.0,0.0,0.0,0.0,0.0,0.0,0.0,0.0,0.0,0.0,0.0,0.0,0.0,0.0,30.0,0.0,0.0,0.0,30.8,0.0,0.0,38.2,0.0,0.0,-0.4,0.6,0.2,-10.0,1.9,0.0,30.8,1.0,0.0,0.0,0.0,0.656,0.703,0.0,0.0,0.0,0.0,,0.0,0.0,55.4,53.6,0.0,0.0,0.0,0.0,55.4,57.2,55.4,55.4,55.4,57.2,55.4,55.4,0.0,0.0,53.6,55.4,32.0,30.2,0.004416666666666667,0.506,0.0,242.6,2026-01-04 14:43:52-08:00,55.4,0.0,-1.7999999999999972,0.48,0.48,True
65.06,1.0,10.0,2026-01-04 22:44:57,37.0816,-121.59956,320.0,0.0,337.8,-12.6,0.0,0.0,0.0,0.0,0.0,11.1,0.2,241.2,0.0,299.0,-0.0,0.0,1.0,0.0,-3.0,0.0,29.88,121.0,0.0,0.0,230.0,0.0,0.0,0.0,0.0,0.0,0.0,0.0,0.0,0.0,0.0,0.0,0.0,0.0,0.0,0.0,0.0,0.0,0.0,0.0,0.0,0.0,0.0,0.0,0.0,0.0,0.0,0.0,30.0,0.0,0.0,0.0,30.6,0.0,0.0,38.2,0.0,0.0,-0.4,0.6,0.2,-10.0,1.7,0.0,30.6,1.0,0.0,0.0,0.0,0.656,0.703,0.0,0.0,0.0,0.0,,0.0,0.0,55.4,53.6,0.0,0.0,0.0,0.0,55.4,57.2,55.4,55.4,55.4,57.2,55.4,55.4,0.0,0.0,53.6,55.4,32.0,30.2,0.004416666666666667,0.506,0.0,242.6,2026-01-04 14:43:52-08:00,55.4,0.0,-1.7999999999999972,0.48,0.48,True
66.06,1.0,10.0,2026-01-04 22:44:58,37.0816,-121.59956,320.0,0.0,337.8,-12.6,0.0,0.0,0.0,0.0,0.0,11.1,0.2,241.2,0.0,299.0,-0.0,0.0,1.0,0.0,-34.0,0.0,29.88,121.0,0.0,0.0,230.0,0.0,0.0,0.0,0.0,0.0,0.0,0.0,0.0,0.0,0.0,0.0,0.0,0.0,0.0,0.0,0.0,0.0,0.0,0.0,0.0,0.0,0.0,0.0,0.0,0.0,0.0,0.0,30.0,0.0,0.0,0.0,30.5,0.0,0.0,38.2,0.0,0.0,-0.4,0.6,0.2,-10.0,1.5,0.0,30.5,1.0,0.0,0.0,0.0,0.656,0.703,0.0,0.0,0.0,0.0,,0.0,0.0,55.4,53.6,0.0,0.0,0.0,0.0,55.4,57.2,55.4,55.4,55.4,57.2,55.4,55.4,0.0,0.0,53.6,55.4,32.0,30.2,0.004416666666666667,0.506,0.0,242.6,2026-01-04 14:43:52-08:00,55.4,0.0,-1.7999999999999972,0.48,0.48,True
67.06,1.0,10.0,2026-01-04 22:44:59,37.0816,-121.59956,320.0,0.0,337.8,-12.6,0.0,0.0,0.0,0.0,0.0,11.1,0.2,241.2,0.0,299.0,-0.0,0.0,1.0,0.0,-33.0,0.0,29.88,119.0,0.0,0.0,230.0,0.0,0.0,0.0,0.0,0.0,0.0,0.0,0.0,0.0,0.0,0.0,0.0,0.0,0.0,0.0,0.0,0.0,0.0,0.0,0.0,0.0,0.0,0.0,0.0,0.0,0.0,0.0,30.0,0.0,0.0,0.0,30.4,0.0,0.0,38.2,0.0,0.0,-0.4,0.6,0.2,-10.0,1.4,0.0,30.4,1.0,0.0,0.0,0.0,0.656,0.703,0.0,0.0,0.0,0.0,,0.0,0.0,55.4,53.6,0.0,0.0,0.0,0.0,55.4,57.2,55.4,55.4,55.4,57.2,55.4,55.4,0.0,0.0,53.6,55.4,32.0,30.2,0.004416666666666667,0.506,0.0,242.6,2026-01-04 14:43:52-08:00,55.4,0.0,-1.7999999999999972,0.48,0.48,True
68.06,1.0,10.0,2026-01-04 22:45:00,37.0816,-121.59956,320.0,0.0,337.8,-12.6,0.0,0.0,0.0,0.0,0.0,11.1,0.2,241.2,0.0,299.0,-0.0,0.0,1.0,0.0,-50.0,0.0,29.88,121.0,0.0,0.0,230.0,0.0,0.0,0.0,0.0,0.0,0.0,0.0,0.0,0.0,0.0,0.0,0.0,0.0,0.0,0.0,0.0,0.0,0.0,0.0,0.0,0.0,0.0,0.0,0.0,0.0,0.0,0.0,30.0,0.0,0.0,0.0,30.3,0.0,0.0,38.2,0.0,0.0,-0.4,0.6,0.2,-10.0,1.3,0.0,30.3,1.0,0.0,0.0,0.0,0.656,0.703,0.0,0.0,0.0,0.0,,0.0,0.0,55.4,53.6,0.0,0.0,0.0,0.0,55.4,57.2,55.4,55.4,55.4,57.2,55.4,55.4,0.0,0.0,53.6,55.4,32.0,30.2,0.004416666666666667,0.506,0.0,242.6,2026-01-04 14:43:52-08:00,55.4,0.0,-1.7999999999999972,0.48,0.48,True
69.06,1.0,10.0,2026-01-04 22:45:01,37.0816,-121.59956,320.0,0.0,337.8,-12.6,0.0,0.0,0.0,0.0,0.0,11.1,0.2,241.3,0.0,299.0,0.0,0.0,1.0,0.0,-25.0,0.0,29.88,121.0,0.0,0.0,230.0,0.0,0.0,0.0,0.0,0.0,0.0,0.0,0.0,0.0,0.0,0.0,0.0,0.0,0.0,0.0,0.0,0.0,0.0,0.0,0.0,0.0,0.0,0.0,0.0,0.0,0.0,0.0,30.0,0.0,0.0,0.0,30.2,0.0,0.0,38.2,0.0,0.0,-0.4,0.6,0.2,-10.0,1.2,0.0,30.2,1.0,0.0,0.0,0.0,0.656,0.703,0.0,0.0,0.0,0.0,,0.0,0.0,55.4,53.6,0.0,0.0,0.0,0.0,55.4,57.2,55.4,55.4,55.4,57.2,55.4,55.4,0.0,0.0,53.6,55.4,32.0,30.2,0.004416666666666667,0.506,0.0,242.6,2026-01-04 14:43:52-08:00,55.4,0.0,-1.7999999999999972,0.48,0.48,True
70.06,1.0,10.0,2026-01-04 22:45:02,37.0816,-121.59956,321.0,0.0,337.8,-12.6,0.0,0.0,0.0,0.0,0.0,11.1,0.2,241.3,0.0,299.0,-0.0,0.0,1.0,0.0,-20.0,0.0,29.88,121.0,0.0,0.0,230.0,0.0,0.0,0.0,0.0,0.0,0.0,0.0,0.0,0.0,0.0,0.0,0.0,0.0,0.0,0.0,0.0,0.0,0.0,0.0,0.0,0.0,0.0,0.0,0.0,0.0,0.0,0.0,30.0,0.0,0.0,0.0,30.0,0.0,0.0,38.2,0.0,0.0,-0.4,0.6,0.2,-10.0,1.2,0.0,30.0,1.0,0.0,0.0,0.0,0.656,0.703,0.0,0.0,0.0,0.0,,0.0,0.0,55.4,53.6,0.0,0.0,0.0,0.0,55.4,57.2,55.4,55.4,55.4,57.2,55.4,55.4,0.0,0.0,53.6,55.4,32.0,30.2,0.004416666666666667,0.506,0.0,242.6,2026-01-04 14:43:52-08:00,55.4,0.0,-1.7999999999999972,0.48,0.48,True
71.06,1.0,10.0,2026-01-04 22:45:03,37.0816,-121.59956,321.0,0.0,337.8,-12.6,0.0,0.0,0.0,0.0,0.0,11.1,0.2,241.3,0.0,299.0,-0.0,0.0,1.0,0.0,-37.0,0.0,29.88,121.0,0.0,0.0,230.0,0.0,0.0,0.0,0.0,0.0,0.0,0.0,0.0,0.0,0.0,0.0,0.0,0.0,0.0,0.0,0.0,0.0,0.0,0.0,0.0,0.0,0.0,0.0,0.0,0.0,0.0,0.0,30.0,0.0,0.0,0.0,29.9,0.0,0.0,38.2,0.0,0.0,-0.4,0.6,0.2,-10.0,1.1,0.0,29.9,1.0,0.0,0.0,0.0,0.656,0.703,0.0,0.0,0.0,0.0,,0.0,0.0,55.4,53.6,0.0,0.0,0.0,0.0,55.4,57.2,55.4,57.2,55.4,57.2,55.4,57.2,0.0,0.0,53.6,55.4,32.0,30.2,0.004416666666666667,0.506,0.0,242.6,2026-01-04 14:43:52-08:00,55.4,0.0,-1.7999999999999972,0.48,0.48,True
72.06,1.0,10.0,2026-01-04 22:45:04,37.0816,-121.59956,321.0,0.0,337.8,-12.6,0.0,0.0,0.0,0.0,0.0,11.1,0.3,241.2,0.0,299.0,-0.0,0.0,1.0,0.0,-45.0,0.0,29.88,121.0,0.0,0.0,230.0,0.0,0.0,0.0,0.0,0.0,0.0,0.0,0.0,0.0,0.0,0.0,0.0,0.0,0.0,0.0,0.0,0.0,0.0,0.0,0.0,0.0,0.0,0.0,0.0,0.0,0.0,0.0,30.0,0.0,0.0,0.0,29.8,0.0,0.0,38.2,0.0,0.0,-0.4,0.6,0.2,-10.0,1.1,0.0,29.8,1.0,0.0,0.0,0.0,0.656,0.703,0.0,0.0,0.0,0.0,,0.0,0.0,55.4,53.6,0.0,0.0,0.0,0.0,55.4,57.2,55.4,55.4,55.4,57.2,55.4,55.4,0.0,0.0,53.6,55.4,32.0,30.2,0.004416666666666667,0.506,0.0,242.6,2026-01-04 14:43:52-08:00,55.4,0.0,-1.7999999999999972,0.48,0.48,True
73.06,1.0,10.0,2026-01-04 22:45:05,37.0816,-121.59956,322.0,0.1,337.8,-12.6,0.0,0.0,0.0,0.0,0.0,11.1,0.3,241.3,0.0,299.0,-0.0,0.0,1.0,0.0,-37.0,0.0,29.88,121.0,0.0,0.0,230.0,0.0,0.0,0.0,0.0,0.0,0.0,0.0,0.0,0.0,0.0,0.0,0.0,0.0,0.0,0.0,0.0,0.0,0.0,0.0,0.0,0.0,0.0,0.0,0.0,0.0,0.0,0.0,30.0,0.0,0.0,0.0,29.7,0.0,0.0,38.2,0.0,0.0,-0.4,0.6,0.2,-10.0,1.1,0.0,29.7,1.0,0.0,0.0,0.0,0.656,0.703,0.0,0.0,0.0,0.0,,0.0,0.0,55.4,53.6,0.0,0.0,0.0,0.0,55.4,57.2,55.4,55.4,55.4,57.2,55.4,55.4,0.0,0.0,53.6,55.4,32.0,30.2,0.004416666666666667,0.5903333333333334,0.0,242.6,2026-01-04 14:43:52-08:00,55.4,0.0,-1.7999999999999972,0.48,0.48,True
74.06,1.0,10.0,2026-01-04 22:45:06,37.0816,-121.59956,322.0,0.0,337.8,-12.6,0.0,0.0,0.0,0.0,0.0,11.2,0.3,241.3,0.0,299.0,-0.0,0.0,1.0,0.0,-30.0,0.0,29.88,121.0,0.0,0.0,230.0,0.0,0.0,0.0,0.0,0.0,0.0,0.0,0.0,0.0,0.0,0.0,0.0,0.0,0.0,0.0,0.0,0.0,0.0,0.0,0.0,0.0,0.0,0.0,0.0,0.0,0.0,0.0,30.0,0.0,0.0,0.0,29.6,0.0,0.0,38.2,0.0,0.0,-0.4,0.6,0.2,-10.0,1.0,0.0,29.6,1.0,0.0,0.0,0.0,0.656,0.703,0.0,0.0,0.0,0.0,,0.0,0.0,55.4,53.6,0.0,0.0,0.0,0.0,55.4,57.2,55.4,57.2,55.4,57.2,55.4,57.2,0.0,0.0,53.6,55.4,32.0,30.2,0.004416666666666667,0.6746666666666667,0.0,242.6,2026-01-04 14:43:52-08:00,55.4,0.0,-1.7999999999999972,0.48,0.48,True
75.06,1.0,10.0,2026-01-04 22:45:07,37.0816,-121.59956,322.0,0.1,337.8,-12.6,0.0,0.0,0.0,0.0,0.0,11.2,0.2,241.3,0.0,298.0,-0.0,0.0,1.0,0.0,-31.0,0.0,29.88,121.0,0.0,0.0,230.0,0.0,0.0,0.0,0.0,0.0,0.0,0.0,0.0,0.0,0.0,0.0,0.0,0.0,0.0,0.0,0.0,0.0,0.0,0.0,0.0,0.0,0.0,0.0,0.0,0.0,0.0,0.0,30.0,0.0,0.0,0.0,29.6,0.0,0.0,38.2,0.0,0.0,-0.4,0.6,0.2,-10.0,1.0,0.0,29.6,1.0,0.0,0.0,0.0,0.656,0.703,0.0,0.0,0.0,0.0,,0.0,0.0,55.4,53.6,0.0,0.0,0.0,0.0,55.4,57.2,55.4,57.2,55.4,57.2,55.4,57.2,0.0,0.0,53.6,55.4,32.0,30.2,0.004416666666666667,0.759,0.0,242.6,2026-01-04 14:43:52-08:00,55.4,0.0,-1.7999999999999972,0.48,0.48,True
76.06,1.0,10.0,2026-01-04 22:45:08,37.0816,-121.59956,323.0,0.0,337.8,-12.6,0.0,0.0,0.0,0.0,0.0,11.2,0.2,241.4,0.0,298.0,-0.0,0.0,1.0,0.0,-38.0,0.0,29.88,121.0,0.0,0.0,230.0,0.0,0.0,0.0,0.0,0.0,0.0,0.0,0.0,0.0,0.0,0.0,0.0,0.0,0.0,0.0,0.0,0.0,0.0,0.0,0.0,0.0,0.0,0.0,0.0,0.0,0.0,0.0,30.0,0.0,0.0,0.0,29.5,0.0,0.0,38.2,0.0,0.0,-0.4,0.6,0.2,-10.0,1.0,0.0,29.5,1.0,0.0,0.0,0.0,0.656,0.703,0.0,0.0,0.0,0.0,,0.0,0.0,55.4,53.6,0.0,0.0,0.0,0.0,55.4,57.2,55.4,57.2,55.4,57.2,55.4,57.2,0.0,0.0,53.6,55.4,32.0,30.2,0.004416666666666667,0.8433333333333334,0.0,242.6,2026-01-04 14:43:52-08:00,55.4,0.0,-1.7999999999999972,0.48,0.48,True
77.06,1.0,10.0,2026-01-04 22:45:09,37.0816,-121.59956,323.0,0.0,337.8,-12.6,0.0,0.0,0.0,0.0,0.0,11.2,0.2,241.4,0.0,298.0,-0.0,0.0,1.0,0.0,-35.0,0.0,29.88,128.0,0.0,0.0,230.0,0.0,0.0,0.0,0.0,0.0,0.0,0.0,0.0,0.0,0.0,0.0,0.0,0.0,0.0,0.0,0.0,0.0,0.0,0.0,0.0,0.0,0.0,0.0,0.0,0.0,0.0,0.0,30.0,0.0,0.0,0.0,29.4,0.0,0.0,38.2,0.0,0.0,-0.4,0.6,0.2,-10.0,1.0,0.0,29.4,1.0,0.0,0.0,0.0,0.656,0.703,0.0,0.0,0.0,0.0,,0.0,0.0,55.4,53.6,0.0,0.0,0.0,0.0,55.4,57.2,55.4,57.2,55.4,57.2,55.4,57.2,0.0,0.0,53.6,55.4,32.0,30.2,0.004416666666666667,0.8433333333333334,0.0,242.6,2026-01-04 14:43:52-08:00,55.4,0.0,-1.7999999999999972,0.48,0.48,True
78.06,1.0,10.0,2026-01-04 22:45:10,37.0816,-121.59956,324.0,0.0,337.8,-12.6,0.0,0.0,0.0,0.0,0.0,11.2,0.2,241.4,0.0,297.0,-0.0,0.01,1.0,0.0,-24.0,0.0,29.88,127.0,0.0,0.0,230.0,0.0,0.0,0.0,0.0,0.0,0.0,0.0,0.0,0.0,0.0,0.0,0.0,0.0,0.0,0.0,0.0,0.0,0.0,0.0,0.0,0.0,0.0,0.0,0.0,0.0,0.0,0.0,30.0,0.0,0.0,0.0,29.3,0.0,0.0,38.2,0.0,0.0,-0.4,0.6,0.2,-10.0,1.0,0.0,29.3,1.0,0.0,0.0,0.0,0.656,0.703,0.0,0.0,0.0,0.0,,0.0,0.0,55.4,53.6,0.0,0.0,0.0,0.0,55.4,57.2,55.4,57.2,55.4,57.2,55.4,57.2,0.0,0.0,53.6,55.4,32.0,30.2,0.004416666666666667,0.8433333333333334,0.0,242.6,2026-01-04 14:43:52-08:00,55.4,0.0,-1.7999999999999972,0.48,0.48,True
79.06,1.0,10.0,2026-01-04 22:45:11,37.0816,-121.59956,324.0,0.0,337.8,-12.6,0.0,0.0,0.0,0.0,0.0,11.2,0.2,241.4,0.0,297.0,0.0,0.0,1.0,0.0,-7.0,0.0,29.88,127.0,0.0,0.0,230.0,0.0,0.0,0.0,0.0,0.0,0.0,0.0,0.0,0.0,0.0,0.0,0.0,0.0,0.0,0.0,0.0,0.0,0.0,0.0,0.0,0.0,0.0,0.0,0.0,0.0,0.0,0.0,30.0,0.0,0.0,0.0,29.2,0.0,0.0,38.2,0.0,0.0,-0.4,0.6,0.2,-10.0,1.0,0.0,29.2,1.0,0.0,0.0,0.0,0.656,0.703,0.0,0.0,0.0,0.0,,0.0,0.0,55.4,53.6,0.0,0.0,0.0,0.0,55.4,57.2,55.4,57.2,55.4,57.2,55.4,57.2,0.0,0.0,53.78,55.4,32.0,30.38,0.004416666666666667,0.8433333333333334,0.0,242.6,2026-01-04 14:43:52-08:00,55.4,0.0,-1.6199999999999974,0.48,0.48,True
80.06,1.0,10.0,2026-01-04 22:45:12,37.0816,-121.59956,324.0,0.0,337.8,-12.6,0.0,0.0,0.0,0.0,0.0,11.2,0.2,241.4,0.0,297.0,0.0,0.0,1.0,0.0,22.0,0.0,29.88,127.0,0.0,0.0,230.0,0.0,0.0,0.0,0.0,0.0,0.0,0.0,0.0,0.0,0.0,0.0,0.0,0.0,0.0,0.0,0.0,0.0,0.0,0.0,0.0,0.0,0.0,0.0,0.0,0.0,0.0,0.0,30.0,0.0,0.0,0.0,29.1,0.0,0.0,38.2,0.0,0.0,-0.4,0.6,0.2,-10.0,1.0,0.0,29.1,1.0,0.0,0.0,0.0,0.656,0.703,0.0,0.0,0.0,0.0,,0.0,0.0,55.4,53.6,0.0,0.0,0.0,0.0,55.4,57.2,55.4,57.2,55.4,57.2,55.4,57.2,0.0,0.0,53.78,55.4,32.0,30.38,0.004416666666666667,0.8433333333333334,0.0,242.6,2026-01-04 14:43:52-08:00,55.4,0.0,-1.6199999999999974,0.48,0.48,True
81.06,1.0,10.0,2026-01-04 22:45:13,37.0816,-121.59956,325.0,0.0,337.8,-12.6,0.0,0.0,0.0,0.0,0.0,11.2,0.3,241.4,0.0,297.0,-0.0,0.0,1.0,0.0,40.0,0.0,29.88,127.0,0.0,0.0,230.0,0.0,0.0,0.0,0.0,0.0,0.0,0.0,0.0,0.0,0.0,0.0,0.0,0.0,0.0,0.0,0.0,0.0,0.0,0.0,0.0,0.0,0.0,0.0,0.0,0.0,0.0,0.0,30.0,0.0,0.0,0.0,29.0,0.0,0.0,38.2,0.0,0.0,-0.4,0.6,0.2,-10.0,1.0,0.0,29.0,1.0,0.0,0.0,0.0,0.656,0.703,0.0,0.0,0.0,0.0,,0.0,0.0,55.4,53.6,0.0,0.0,0.0,0.0,55.4,57.2,55.4,57.2,55.4,57.2,55.4,57.2,0.0,0.0,53.6,55.4,32.0,30.2,0.004416666666666667,0.8433333333333334,0.0,242.6,2026-01-04 14:43:52-08:00,55.4,0.0,-1.7999999999999972,0.48,0.48,True
82.06,2.0,10.0,2026-01-04 22:45:14,37.08161,-121.59956,325.0,0.0,337.8,-12.6,0.0,0.0,0.0,0.0,0.0,11.2,0.3,241.5,0.0,297.0,-0.0,0.01,1.0,0.0,15.0,0.0,29.88,127.0,0.0,0.0,230.0,0.0,0.0,0.0,0.0,0.0,0.0,0.0,0.0,0.0,0.0,0.0,0.0,0.0,0.0,0.0,0.0,0.0,0.0,0.0,0.0,0.0,0.0,0.0,0.0,0.0,193.0,193.0,29.9,0.0,0.0,0.0,29.1,0.0,0.0,38.2,0.0,0.0,-0.4,0.6,0.2,-10.0,1.0,0.0,29.1,1.0,0.0,0.0,0.0,0.656,0.702,0.0,0.0,0.0,0.0,,0.0,193.0,55.4,51.8,0.0,0.0,0.0,0.0,50.0,53.6,50.0,50.0,50.0,50.0,50.0,50.0,0.0,0.0,51.08,50.0,26.6,27.68,0.004416666666666667,0.8433333333333334,0.0,242.6,2026-01-04 14:43:52-08:00,50.0,-5.399999999999999,-4.32,0.48,0.48,True
83.06,2.0,10.0,2026-01-04 22:45:15,37.08161,-121.59956,326.0,0.0,337.8,-12.6,0.0,0.0,0.0,0.0,0.0,11.1,0.3,241.5,0.0,297.0,0.0,0.0,1.0,0.0,12.0,0.0,29.88,127.0,0.0,0.0,230.0,0.0,0.0,0.0,0.0,0.0,0.0,0.0,0.0,0.0,0.0,0.0,0.0,0.0,0.0,0.0,0.0,0.0,0.0,0.0,0.0,0.0,0.0,0.0,0.0,1.0,840.0,840.0,22.8,0.9,0.0,0.9,23.3,0.0,0.0,38.2,0.0,0.0,-0.5,0.6,0.2,-10.0,1.0,0.0,23.3,1.0,0.0,0.0,0.0,0.665,0.703,0.6,0.0,0.0,0.0,,0.0,840.0,55.4,53.6,0.0,0.0,0.0,0.0,55.4,107.6,53.6,98.6,55.4,89.6,53.6,93.2,0.0,0.0,53.24,54.5,31.1,29.84,0.004541666666666667,0.8433333333333334,0.0,242.6,2026-01-04 14:43:52-08:00,54.5,-0.8999999999999986,-2.1599999999999966,0.48,0.48,True
84.06,2.0,10.0,2026-01-04 22:45:16,37.08161,-121.59956,326.0,0.1,337.8,-12.6,0.0,0.0,0.0,0.0,0.0,11.2,0.3,241.5,0.0,297.0,0.0,0.0,1.0,0.0,78.0,0.0,29.88,129.0,0.0,0.0,230.0,0.0,0.0,0.0,0.0,0.0,0.0,0.0,0.0,0.0,0.0,0.0,0.0,0.0,0.0,0.0,0.0,0.0,0.0,0.0,0.0,0.0,0.0,0.0,0.0,3.0,988.0,988.0,17.5,1.7,0.0,1.7,23.4,0.0,0.0,38.2,0.0,0.0,-0.4,0.6,0.2,-10.0,1.0,0.0,23.4,1.0,0.0,0.0,0.0,0.659,0.703,2.6,0.0,0.0,0.0,,0.0,988.0,55.4,53.6,0.0,0.0,0.0,0.0,57.2,203.0,55.4,145.4,55.4,159.8,55.4,149.0,0.0,0.0,53.78,55.85,32.45,30.38,0.004902777777777778,0.9276666666666666,0.05882352941176471,242.6,2026-01-04 14:43:52-08:00,55.849999999999994,0.44999999999999574,-1.6199999999999974,0.48,0.48,True
85.06,2.0,10.0,2026-01-04 22:45:17,37.08161,-121.59956,326.0,0.1,337.8,-12.6,0.0,0.0,0.0,0.0,0.0,11.2,0.3,241.5,0.0,297.0,-0.0,0.01,1.0,0.0,38.0,0.0,29.88,129.0,0.0,0.0,230.0,0.0,0.0,0.0,0.0,0.0,0.0,0.0,0.0,0.0,0.0,0.0,0.0,0.0,0.0,0.0,0.0,0.0,0.0,0.0,0.0,0.0,0.0,0.0,0.0,5.0,1020.0,1020.0,16.4,2.3,0.0,2.3,23.8,0.0,0.0,38.2,0.0,0.0,-0.4,0.6,0.2,-10.0,1.0,0.0,23.8,1.0,0.0,0.0,0.0,0.662,0.703,5.4,0.0,0.0,0.0,,0.0,1020.0,55.4,53.6,0.0,0.0,0.0,0.0,57.2,302.0,55.4,185.0,57.2,228.2,57.2,201.2,0.0,0.0,53.78,56.75,33.35,30.38,0.005458333333333333,1.0963333333333334,0.04347826086956522,242.6,2026-01-04 14:43:52-08:00,56.75,1.3500000000000014,-1.6199999999999974,0.48,0.48,True
86.06,2.0,10.0,2026-01-04 22:45:18,37.08161,-121.59956,326.0,0.0,337.8,-12.6,0.0,0.0,0.0,0.0,0.0,11.2,0.4,241.5,0.0,297.0,-0.0,0.01,1.0,0.0,8.0,0.0,29.88,129.0,0.0,0.0,230.0,0.0,0.0,0.0,0.0,0.0,0.0,0.0,0.0,0.0,0.0,0.0,0.0,0.0,0.0,0.0,0.0,0.0,0.0,0.0,0.0,0.0,0.0,0.0,0.0,9.0,1039.0,1039.0,16.0,2.7,0.0,2.7,24.0,0.0,0.0,38.2,0.0,0.0,-0.4,0.6,0.2,-10.0,1.0,0.0,24.0,1.0,0.0,0.0,0.0,0.659,0.703,9.0,0.0,0.0,0.0,,0.0,1039.0,55.4,53.6,0.0,0.0,0.0,0.0,59.0,384.8,57.2,230.0,57.2,287.6,59.0,253.4,0.0,0.0,53.78,58.1,34.7,30.38,0.006152777777777778,1.1806666666666668,0.0,242.6,2026-01-04 14:43:52-08:00,58.1,2.700000000000003,-1.6199999999999974,0.48,0.48,True
87.06,2.0,10.0,2026-01-04 22:45:19,37.0816,-121.59956,336.0,0.1,337.8,-12.6,0.0,0.0,0.0,0.0,0.0,11.2,0.3,241.4,0.0,297.0,-0.0,0.0,1.0,0.0,-5.0,0.0,29.88,129.0,0.0,0.0,230.0,0.0,0.0,0.0,0.0,0.0,0.0,0.0,0.0,0.0,0.0,0.0,0.0,0.0,0.0,0.0,0.0,0.0,0.0,0.0,0.0,0.0,0.0,0.0,0.0,14.0,1071.0,1071.0,15.7,2.9,0.0,2.9,24.1,0.0,0.0,38.2,0.0,0.0,-0.4,0.6,0.2,-10.0,0.0,0.0,24.1,1.0,0.0,0.0,0.0,0.662,0.703,13.7,0.0,0.0,0.0,,0.0,1071.0,55.4,53.6,0.0,0.0,0.0,0.0,59.0,458.6,57.2,278.6,59.0,343.4,60.8,300.2,0.0,0.0,53.78,59.0,35.6,30.38,0.006930555555555555,1.2650000000000001,0.034482758620689655,242.6,2026-01-04 14:43:52-08:00,59.0,3.6000000000000014,-1.6199999999999974,0.48,0.48,True
88.06,2.0,10.0,2026-01-04 22:45:20,37.0816,-121.59956,336.0,0.0,337.8,-12.6,0.0,0.0,0.0,0.0,0.0,11.2,0.4,241.4,0.0,297.0,-0.0,0.0,0.9,0.0,-9.0,0.0,29.88,129.0,0.0,0.0,230.0,0.0,0.0,0.0,0.0,0.0,0.0,0.0,0.0,0.0,0.0,0.0,0.0,0.0,0.0,0.0,0.0,0.0,0.0,0.0,0.0,0.0,0.0,0.0,0.0,20.0,1125.0,1125.0,15.2,3.1,0.0,3.1,24.3,0.0,0.0,38.2,0.0,0.0,-0.4,0.6,0.2,-10.0,0.0,0.0,24.3,1.0,0.0,0.0,0.0,0.658,0.703,19.9,0.0,0.0,0.0,,0.0,1125.0,55.4,53.6,0.0,0.0,0.0,0.0,60.8,518.0,59.0,343.4,59.0,395.6,62.6,345.2,0.0,0.0,53.78,60.35,36.95,30.38,0.007763888888888889,1.3493333333333333,0.0,242.6,2026-01-04 14:43:52-08:00,60.349999999999994,4.949999999999996,-1.6199999999999974,0.48,0.48,True
89.06,2.0,10.0,2026-01-04 22:45:21,37.0816,-121.59957,334.0,0.0,337.8,-12.6,0.0,0.0,0.0,0.0,0.0,11.1,0.4,241.4,0.0,297.0,-0.0,0.01,1.0,0.0,2.0,0.0,29.88,129.0,0.0,0.0,230.0,0.0,0.0,0.0,0.0,0.0,0.0,0.0,0.0,0.0,0.0,0.0,0.0,0.0,0.0,0.0,0.0,0.0,0.0,0.0,0.0,0.0,0.0,0.0,0.0,28.0,1152.0,1152.0,14.8,3.2,0.0,3.2,24.4,0.0,0.0,38.2,0.0,0.0,-0.4,0.6,0.2,-10.0,0.0,0.0,24.4,2.0,0.0,0.0,0.0,0.662,0.703,28.1,0.0,0.0,0.0,,0.0,1152.0,55.4,53.6,0.0,0.0,0.0,0.0,60.8,572.0,59.0,399.2,60.8,444.2,62.6,388.4,0.0,0.0,53.78,60.8,37.4,30.38,0.008638888888888889,1.3493333333333333,0.0,242.6,2026-01-04 14:43:52-08:00,60.8,5.399999999999999,-1.6199999999999974,0.48,0.48,True
90.06,2.0,10.0,2026-01-04 22:45:22,37.0816,-121.59957,333.0,0.0,337.8,-12.6,0.0,0.0,0.0,0.0,0.0,11.1,0.4,241.4,0.0,297.0,-0.0,0.0,1.0,0.0,34.0,0.0,29.88,129.0,0.0,0.0,230.0,0.0,0.0,0.0,0.0,0.0,0.0,0.0,0.0,0.0,0.0,0.0,0.0,0.0,0.0,0.0,0.0,0.0,0.0,0.0,0.0,0.0,0.0,0.0,0.0,38.0,1152.0,1152.0,14.3,3.3,0.0,3.3,24.6,0.0,0.0,38.2,0.0,0.0,-0.4,0.6,0.2,-10.0,0.0,0.0,24.6,1.0,0.0,0.0,0.0,0.663,0.703,38.3,0.0,0.0,0.0,,0.0,1152.0,55.4,53.6,0.0,0.0,0.0,0.0,60.8,620.6,59.0,447.8,60.8,491.0,64.4,429.8,0.0,0.0,53.78,61.25,37.85,30.38,0.009541666666666667,1.3493333333333333,0.0,242.6,2026-01-04 14:43:52-08:00,61.25,5.850000000000001,-1.6199999999999974,0.48,0.48,True
91.06,2.0,10.0,2026-01-04 22:45:23,37.0816,-121.59957,332.0,0.0,337.8,-12.6,0.0,0.0,0.0,0.0,0.0,11.1,0.4,241.3,0.0,297.0,-0.0,0.01,1.0,0.0,41.0,0.0,29.88,129.0,0.0,0.0,230.0,0.0,0.0,0.0,0.0,0.0,0.0,0.0,0.0,0.0,0.0,0.0,0.0,0.0,0.0,0.0,0.0,0.0,0.0,0.0,0.0,0.0,0.0,0.0,0.0,49.0,1120.0,1120.0,13.9,3.3,0.0,3.3,24.8,0.0,0.0,38.2,0.0,0.0,-0.4,0.6,0.2,-10.0,0.0,0.0,24.8,1.0,0.0,0.0,0.0,0.66,0.703,49.3,0.0,0.0,0.0,,0.0,1120.0,55.4,53.6,0.0,0.0,0.0,0.0,62.6,658.4,60.8,491.0,62.6,534.2,64.4,467.6,0.0,0.0,53.96,62.6,39.2,30.56,0.010458333333333333,1.3493333333333333,0.0,242.6,2026-01-04 14:43:52-08:00,62.6,7.200000000000003,-1.4399999999999977,0.48,0.48,True
92.06,2.0,10.0,2026-01-04 22:45:24,37.0816,-121.59957,332.0,0.0,337.8,-12.6,0.0,0.0,0.0,0.0,0.0,11.1,0.4,241.3,0.0,297.0,-0.0,0.0,1.0,0.0,60.0,0.0,29.88,129.0,0.0,0.0,230.0,0.0,0.0,0.0,0.0,0.0,0.0,0.0,0.0,0.0,0.0,0.0,0.0,0.0,0.0,0.0,0.0,0.0,0.0,0.0,0.0,0.0,0.0,0.0,0.0,59.0,1112.0,1112.0,13.7,3.3,0.0,3.3,24.9,0.0,0.0,38.2,0.0,0.0,-0.4,0.6,0.2,-10.0,0.0,0.0,24.9,2.0,0.0,0.0,0.0,0.657,0.703,59.3,0.0,0.0,0.0,,0.0,1112.0,55.4,53.6,0.0,0.0,0.0,0.0,62.6,692.6,60.8,532.4,62.6,572.0,66.2,501.8,0.0,0.0,53.96,63.05,39.65,30.56,0.011375,1.3493333333333333,0.0,242.6,2026-01-04 14:43:52-08:00,63.050000000000004,7.650000000000006,-1.4399999999999977,0.48,0.48,True
93.06,2.0,10.0,2026-01-04 22:45:25,37.0816,-121.59957,331.0,0.0,337.8,-12.6,0.0,0.0,0.0,0.0,0.0,11.1,0.4,241.3,0.0,297.0,-0.0,0.0,1.0,0.0,63.0,0.0,29.88,129.0,0.0,0.0,230.0,0.0,0.0,0.0,0.0,0.0,0.0,0.0,0.0,0.0,0.0,0.0,0.0,0.0,0.0,0.0,0.0,0.0,0.0,0.0,0.0,0.0,0.0,0.0,0.0,67.0,1086.0,1086.0,13.4,3.2,0.0,3.2,25.0,0.0,0.0,38.2,0.0,0.0,-0.4,0.6,0.2,-10.0,0.0,0.0,25.0,1.0,0.0,0.0,0.0,0.654,0.703,66.6,0.0,0.0,0.0,,0.0,1086.0,55.4,53.6,0.0,0.0,0.0,0.0,64.4,721.4,62.6,568.4,64.4,608.0,66.2,534.2,0.0,0.0,53.96,64.4,41.0,30.56,0.012277777777777778,1.3493333333333333,0.0,242.6,2026-01-04 14:43:52-08:00,64.4,9.000000000000007,-1.4399999999999977,0.48,0.48,True
94.06,2.0,10.0,2026-01-04 22:45:26,37.0816,-121.59957,331.0,0.0,337.8,-12.6,0.0,0.0,0.0,0.0,0.0,11.2,0.4,241.4,0.0,297.0,0.0,-0.0,0.9,0.0,28.0,0.0,29.88,129.0,0.0,0.0,230.0,0.0,0.0,0.0,0.0,0.0,0.0,0.0,0.0,0.0,0.0,0.0,0.0,0.0,0.0,0.0,0.0,0.0,0.0,0.0,0.0,0.0,0.0,0.0,0.0,71.0,1067.0,1067.0,13.3,3.2,0.0,3.2,25.0,0.0,0.0,38.2,0.0,0.0,-0.4,0.6,0.2,-10.0,0.0,0.0,25.0,1.0,0.0,0.0,0.0,0.656,0.703,71.0,0.0,0.0,0.0,,0.0,1067.0,55.4,53.6,0.0,0.0,0.0,0.0,64.4,746.6,62.6,600.8,64.4,640.4,68.0,563.0,0.0,0.0,53.96,64.85,41.45,30.56,0.013166666666666667,1.3493333333333333,0.0,242.6,2026-01-04 14:43:52-08:00,64.85,9.449999999999996,-1.4399999999999977,0.48,0.48,True
95.06,2.0,10.0,2026-01-04 22:45:27,37.0816,-121.59957,332.0,0.0,337.8,-12.6,0.0,0.0,0.0,0.0,0.0,11.1,0.4,241.4,0.0,297.0,-0.0,0.0,1.0,0.0,39.0,0.0,29.88,129.0,0.0,0.0,230.0,0.0,0.0,0.0,0.0,0.0,0.0,0.0,0.0,0.0,0.0,0.0,0.0,0.0,0.0,0.0,0.0,0.0,0.0,0.0,0.0,0.0,0.0,0.0,0.0,73.0,1044.0,1044.0,13.3,3.1,0.0,3.1,25.1,0.0,0.0,38.2,0.0,0.0,-0.4,0.6,0.2,-10.0,0.0,0.0,25.1,1.0,0.0,0.0,0.0,0.657,0.703,73.2,0.0,0.0,0.0,,0.0,1044.0,55.4,53.6,0.0,0.0,0.0,0.0,66.2,768.2,64.4,629.6,66.2,665.6,69.8,590.0,0.0,0.0,53.96,66.65,43.25,30.56,0.014041666666666666,1.3493333333333333,0.0,242.6,2026-01-04 14:43:52-08:00,66.65,11.250000000000007,-1.4399999999999977,0.48,0.48,True
96.06,2.0,10.0,2026-01-04 22:45:28,37.0816,-121.59957,333.0,0.0,337.8,-12.6,0.0,0.0,0.0,0.0,0.0,11.2,0.3,241.4,0.0,297.0,-0.0,0.0,1.0,0.0,26.0,0.0,29.88,129.0,0.0,0.0,230.0,0.0,0.0,0.0,0.0,0.0,0.0,0.0,0.0,0.0,0.0,0.0,0.0,0.0,0.0,0.0,0.0,0.0,0.0,0.0,0.0,0.0,0.0,0.0,0.0,74.0,1009.0,1009.0,13.2,3.0,0.0,3.0,25.1,0.0,0.0,38.2,0.0,0.0,-0.4,0.6,0.2,-10.0,0.0,0.0,25.1,1.0,0.0,0.0,0.0,0.656,0.703,74.2,0.0,0.0,0.0,,0.0,1009.0,55.4,53.6,0.0,0.0,0.0,0.0,68.0,784.4,64.4,656.6,66.2,689.0,69.8,613.4,0.0,0.0,53.96,67.1,43.7,30.56,0.014888888888888889,1.3493333333333333,0.0,242.6,2026-01-04 14:43:52-08:00,67.1,11.699999999999996,-1.4399999999999977,0.48,0.48,True
97.06,2.0,10.0,2026-01-04 22:45:29,37.0816,-121.59957,333.0,0.0,337.8,-12.6,0.0,0.0,0.0,0.0,0.0,11.2,0.2,241.4,0.0,297.0,-0.0,0.0,1.0,0.0,40.0,0.0,29.88,129.0,0.0,0.0,230.0,0.0,0.0,0.0,0.0,0.0,0.0,0.0,0.0,0.0,0.0,0.0,0.0,0.0,0.0,0.0,0.0,0.0,0.0,0.0,0.0,0.0,0.0,0.0,0.0,75.0,1006.0,1006.0,13.1,2.9,0.0,2.9,25.1,0.0,0.0,38.2,0.0,0.0,-0.4,0.6,0.2,-10.0,0.0,0.0,25.1,2.0,0.0,0.0,0.0,0.656,0.703,74.8,0.0,0.0,0.0,,0.0,1006.0,55.4,53.6,0.0,0.0,0.0,0.0,68.0,800.6,66.2,681.8,68.0,708.8,71.6,635.0,0.0,0.0,53.96,68.45,45.05,30.56,0.015708333333333335,1.3493333333333333,0.0,242.6,2026-01-04 14:43:52-08:00,68.45,13.050000000000004,-1.4399999999999977,0.48,0.48,True
98.06,2.0,10.0,2026-01-04 22:45:30,37.0816,-121.59956,330.0,0.1,337.8,-12.6,0.0,0.0,0.0,0.0,0.0,11.2,0.3,241.5,0.0,298.0,-0.0,0.0,1.0,0.0,35.0,0.0,29.88,129.0,0.0,0.0,230.0,0.0,0.0,0.0,0.0,0.0,0.0,0.0,0.0,0.0,0.0,0.0,0.0,0.0,0.0,0.0,0.0,0.0,0.0,0.0,0.0,0.0,0.0,0.0,0.0,75.0,1001.0,1001.0,13.1,2.9,0.0,2.9,25.2,0.0,0.0,38.2,0.0,0.0,-0.4,0.6,0.2,-10.0,0.0,0.0,25.2,1.0,0.0,0.0,0.0,0.656,0.703,75.0,0.0,0.0,0.0,,0.0,1001.0,55.4,53.6,0.0,0.0,0.0,0.0,69.8,815.0,66.2,703.4,68.0,725.0,71.6,654.8,0.0,0.0,54.14,68.9,45.5,30.74,0.01651388888888889,1.4336666666666666,0.034482758620689655,242.6,2026-01-04 14:43:52-08:00,68.9,13.500000000000007,-1.259999999999998,0.48,0.48,True
99.06,2.0,10.0,2026-01-04 22:45:31,37.0816,-121.59957,332.0,0.0,337.8,-12.6,0.0,0.0,0.0,0.0,0.0,11.2,0.3,241.4,0.0,299.0,-0.0,0.0,1.0,0.0,39.0,0.0,29.88,131.0,0.0,0.0,230.0,0.0,0.0,0.0,0.0,0.0,0.0,0.0,0.0,0.0,0.0,0.0,0.0,0.0,0.0,0.0,0.0,0.0,0.0,0.0,0.0,0.0,0.0,0.0,0.0,75.0,1007.0,1007.0,13.1,2.8,0.0,2.8,25.2,0.0,0.0,38.2,0.0,0.0,-0.4,0.6,0.2,-10.0,0.0,0.0,25.2,1.0,0.0,0.0,0.0,0.654,0.703,75.2,0.0,0.0,0.0,,0.0,1007.0,55.4,53.6,0.0,0.0,0.0,0.0,69.8,827.6,68.0,721.4,69.8,743.0,73.4,676.4,0.0,0.0,54.14,70.25,46.85,30.74,0.017305555555555557,1.518,0.0,242.6,2026-01-04 14:43:52-08:00,70.25,14.850000000000001,-1.259999999999998,0.48,0.48,True
100.06,2.0,10.0,2026-01-04 22:45:32,37.0816,-121.59957,332.0,0.0,337.8,-12.6,0.0,0.0,0.0,0.0,0.0,11.2,0.3,241.4,0.0,299.0,-0.0,0.0,0.9,0.0,52.0,0.0,29.88,131.0,0.0,0.0,230.0,0.0,0.0,0.0,0.0,0.0,0.0,0.0,0.0,0.0,0.0,0.0,0.0,0.0,0.0,0.0,0.0,0.0,0.0,0.0,0.0,0.0,0.0,0.0,0.0,75.0,987.0,987.0,13.1,2.8,0.0,2.8,25.2,0.0,0.0,38.2,0.0,0.0,-0.4,0.6,0.2,-10.0,0.0,0.0,25.2,2.0,0.0,0.0,0.0,0.653,0.703,75.2,0.0,0.0,0.0,,0.0,987.0,55.4,53.6,0.0,0.0,0.0,0.0,71.6,836.6,69.8,735.8,69.8,757.4,73.4,692.6,0.0,0.0,54.14,71.15,47.75,30.74,0.018083333333333333,1.518,0.0,242.6,2026-01-04 14:43:52-08:00,71.15,15.750000000000007,-1.259999999999998,0.48,0.48,True
101.06,2.0,10.0,2026-01-04 22:45:33,37.0816,-121.59957,331.0,0.0,337.8,-12.6,0.0,0.0,0.0,0.0,0.0,11.1,0.3,241.4,0.0,301.0,-0.0,0.0,1.0,0.0,57.0,0.0,29.88,131.0,0.0,0.0,230.0,0.0,0.0,0.0,0.0,0.0,0.0,0.0,0.0,0.0,0.0,0.0,0.0,0.0,0.0,0.0,0.0,0.0,0.0,0.0,0.0,0.0,0.0,0.0,0.0,75.0,976.0,976.0,13.1,2.7,0.0,2.7,25.2,0.0,0.0,38.2,0.0,0.0,-0.4,0.6,0.2,-10.0,0.0,0.0,25.2,2.0,0.0,0.0,0.0,0.654,0.703,75.3,0.0,0.0,0.0,,0.0,976.0,55.4,53.6,0.0,0.0,0.0,0.0,71.6,847.4,69.8,752.0,71.6,770.0,75.2,710.6,0.0,0.0,54.14,72.05,48.65,30.74,0.018847222222222224,1.518,0.0,242.6,2026-01-04 14:43:52-08:00,72.05000000000001,16.650000000000013,-1.259999999999998,0.48,0.48,True
102.06,2.0,10.0,2026-01-04 22:45:34,37.0816,-121.59957,330.0,0.0,337.8,-12.6,0.0,0.0,0.0,0.0,0.0,11.1,0.3,241.4,0.0,301.0,0.0,0.0,1.0,0.0,44.0,0.0,29.88,134.0,0.0,0.0,230.0,0.0,0.0,0.0,0.0,0.0,0.0,0.0,0.0,0.0,0.0,0.0,0.0,0.0,0.0,0.0,0.0,0.0,0.0,0.0,0.0,0.0,0.0,0.0,0.0,75.0,985.0,985.0,13.1,2.7,0.0,2.7,25.3,0.0,0.0,38.2,0.0,0.0,-0.4,0.6,0.2,-10.0,0.0,0.0,25.3,2.0,0.0,0.0,0.0,0.654,0.703,75.4,0.0,0.0,0.0,,0.0,985.0,55.4,53.6,0.0,0.0,0.0,0.0,73.4,856.4,71.6,764.6,71.6,780.8,75.2,725.0,0.0,0.0,54.14,72.95,49.55,30.74,0.01959722222222222,1.518,0.0,242.6,2026-01-04 14:43:52-08:00,72.95,17.550000000000004,-1.259999999999998,0.48,0.48,True
103.06,2.0,10.0,2026-01-04 22:45:35,37.0816,-121.59957,330.0,0.0,337.8,-12.6,0.0,0.0,0.0,0.0,0.0,11.2,0.3,241.4,0.0,302.0,0.0,0.0,1.0,0.0,42.0,0.0,29.88,134.0,0.0,0.0,230.0,0.0,0.0,0.0,0.0,0.0,0.0,0.0,0.0,0.0,0.0,0.0,0.0,0.0,0.0,0.0,0.0,0.0,0.0,0.0,0.0,0.0,0.0,0.0,0.0,75.0,956.0,956.0,13.0,2.6,0.0,2.6,25.3,0.0,0.0,38.2,0.0,0.0,-0.4,0.6,0.2,-10.0,0.0,0.0,25.3,2.0,0.0,0.0,0.0,0.654,0.703,75.4,0.0,0.0,0.0,,0.0,956.0,55.4,53.6,0.0,0.0,0.0,0.0,75.2,867.2,71.6,773.6,73.4,789.8,77.0,739.4,0.0,0.0,54.32,74.3,50.9,30.92,0.02033333333333333,1.518,0.0,242.6,2026-01-04 14:43:52-08:00,74.3,18.9,-1.0799999999999983,0.48,0.48,True
104.06,2.0,10.0,2026-01-04 22:45:36,37.08158,-121.59956,332.0,0.0,337.8,-12.6,0.0,0.0,0.0,0.0,0.0,11.2,0.3,241.4,0.0,303.0,-0.0,0.01,1.0,0.0,34.0,0.0,29.88,134.0,0.0,0.0,230.0,0.0,0.0,0.0,0.0,0.0,0.0,0.0,0.0,0.0,0.0,0.0,0.0,0.0,0.0,0.0,0.0,0.0,0.0,0.0,0.0,0.0,0.0,0.0,0.0,75.0,951.0,951.0,13.1,2.6,0.0,2.6,25.3,0.0,0.0,38.2,0.0,0.0,-0.4,0.6,0.2,-10.0,0.0,0.0,25.3,2.0,0.0,0.0,0.0,0.66,0.703,75.4,0.0,0.0,0.0,,0.0,951.0,55.4,53.6,0.0,0.0,0.0,0.0,75.2,874.4,73.4,784.4,73.4,800.6,77.0,753.8,0.0,0.0,54.32,74.75,51.35,30.92,0.021055555555555557,1.518,0.0,242.6,2026-01-04 14:43:52-08:00,74.75,19.35,-1.0799999999999983,0.48,0.48,True
105.06,2.0,10.0,2026-01-04 22:45:37,37.08158,-121.59956,332.0,0.0,337.8,-12.6,0.0,0.0,0.0,0.0,0.0,11.1,0.3,241.4,0.0,303.0,-0.0,0.0,1.0,0.0,12.0,0.0,29.88,136.0,0.0,0.0,230.0,0.0,0.0,0.0,0.0,0.0,0.0,0.0,0.0,0.0,0.0,0.0,0.0,0.0,0.0,0.0,0.0,0.0,0.0,0.0,0.0,0.0,0.0,0.0,0.0,75.0,938.0,938.0,13.1,2.6,0.0,2.6,25.3,0.0,0.0,38.2,0.0,0.0,-0.4,0.6,0.2,-10.0,0.0,0.0,25.3,2.0,0.0,0.0,0.0,0.657,0.703,75.4,0.0,0.0,0.0,,0.0,938.0,55.4,53.6,0.0,0.0,0.0,0.0,77.0,881.6,73.4,793.4,75.2,807.8,78.8,766.4,0.0,0.0,54.32,76.1,52.7,30.92,0.021777777777777778,1.518,0.0,242.6,2026-01-04 14:43:52-08:00,76.1,20.699999999999996,-1.0799999999999983,0.48,0.48,True
106.06,2.0,10.0,2026-01-04 22:45:38,37.08158,-121.59957,329.0,0.0,337.8,-12.6,0.0,0.0,0.0,0.0,0.0,11.1,0.2,241.3,0.0,303.0,-0.0,0.0,1.0,0.0,12.0,0.0,29.88,136.0,0.0,0.0,230.0,0.0,0.0,0.0,0.0,0.0,0.0,0.0,0.0,0.0,0.0,0.0,0.0,0.0,0.0,0.0,0.0,0.0,0.0,0.0,0.0,0.0,0.0,0.0,0.0,75.0,924.0,924.0,13.2,2.5,0.0,2.5,25.3,0.0,0.0,38.2,0.0,0.0,-0.4,0.6,0.2,-10.0,0.0,0.0,25.3,2.0,0.0,0.0,0.0,0.658,0.703,75.4,0.0,0.0,0.0,,0.0,924.0,55.4,53.6,0.0,0.0,0.0,0.0,77.0,887.0,75.2,800.6,75.2,816.8,78.8,779.0,0.0,0.0,54.32,76.55,53.15,30.92,0.02248611111111111,1.518,0.0,242.6,2026-01-04 14:43:52-08:00,76.55,21.15,-1.0799999999999983,0.48,0.48,True
107.06,2.0,10.0,2026-01-04 22:45:39,37.08158,-121.59957,329.0,0.0,337.8,-12.6,0.0,0.0,0.0,0.0,0.0,11.1,0.2,241.3,0.0,303.0,-0.0,0.01,1.0,0.0,21.0,0.0,29.88,136.0,0.0,0.0,230.0,0.0,0.0,0.0,0.0,0.0,0.0,0.0,0.0,0.0,0.0,0.0,0.0,0.0,0.0,0.0,0.0,0.0,0.0,0.0,0.0,0.0,0.0,0.0,0.0,75.0,904.0,904.0,13.3,2.5,0.0,2.5,25.4,0.0,0.0,38.2,0.0,0.0,-0.4,0.6,0.2,-10.0,0.0,0.0,25.4,2.0,0.0,0.0,0.0,0.658,0.703,75.3,0.0,0.0,0.0,,0.0,904.0,55.4,53.6,0.0,0.0,0.0,0.0,78.8,890.6,75.2,806.0,75.2,825.8,80.6,791.6,0.0,0.0,54.32,77.45,54.05,30.92,0.023180555555555555,1.518,0.0,242.6,2026-01-04 14:43:52-08:00,77.45,22.050000000000004,-1.0799999999999983,0.48,0.48,True
108.06,2.0,10.0,2026-01-04 22:45:40,37.08158,-121.59957,330.0,0.0,337.8,-12.6,0.0,0.0,0.0,0.0,0.0,11.1,0.3,241.3,0.0,303.0,-0.0,0.01,1.0,0.0,24.0,0.0,29.88,137.0,0.0,0.0,230.0,0.0,0.0,0.0,0.0,0.0,0.0,0.0,0.0,0.0,0.0,0.0,0.0,0.0,0.0,0.0,0.0,0.0,0.0,0.0,0.0,0.0,0.0,0.0,0.0,75.0,905.0,905.0,13.4,2.4,0.0,2.4,25.4,0.0,0.0,38.2,0.0,0.0,-0.4,0.6,0.2,-10.0,0.0,0.0,25.4,2.0,0.0,0.0,0.0,0.659,0.702,75.3,0.0,0.0,0.0,,0.0,905.0,55.4,53.6,0.0,0.0,0.0,0.0,80.6,892.4,77.0,811.4,77.0,831.2,80.6,804.2,0.0,0.0,54.32,78.8,55.4,30.92,0.02386111111111111,1.518,0.0,242.6,2026-01-04 14:43:52-08:00,78.8,23.4,-1.0799999999999983,0.48,0.48,True
109.06,2.0,10.0,2026-01-04 22:45:41,37.08158,-121.59957,330.0,0.0,337.8,-12.6,0.0,0.0,0.0,0.0,0.0,11.1,0.3,241.3,0.0,304.0,-0.0,0.01,1.0,0.0,42.0,0.0,29.88,138.0,0.0,0.0,230.0,0.0,0.0,0.0,0.0,0.0,0.0,0.0,0.0,0.0,0.0,0.0,0.0,0.0,0.0,0.0,0.0,0.0,0.0,0.0,0.0,0.0,0.0,0.0,0.0,75.0,901.0,901.0,13.6,2.4,0.0,2.4,25.4,0.0,0.0,38.2,0.0,0.0,-0.4,0.6,0.2,-10.0,0.0,0.0,25.4,2.0,0.0,0.0,0.0,0.657,0.703,75.3,0.0,0.0,0.0,,0.0,901.0,55.4,53.6,0.0,0.0,0.0,0.0,80.6,892.4,77.0,818.6,77.0,836.6,82.4,815.0,0.0,0.0,54.32,79.25,55.85,30.92,0.024527777777777777,1.518,0.0,242.6,2026-01-04 14:43:52-08:00,79.25,23.85,-1.0799999999999983,0.48,0.48,True
110.06,2.0,10.0,2026-01-04 22:45:42,37.08158,-121.59957,330.0,0.1,337.8,-12.6,0.0,0.0,0.0,0.0,0.0,11.1,0.2,241.3,0.0,304.0,-0.0,0.01,1.0,0.0,2.0,0.0,29.88,139.0,0.0,0.0,230.0,0.0,0.0,0.0,0.0,0.0,0.0,0.0,0.0,0.0,0.0,0.0,0.0,0.0,0.0,0.0,0.0,0.0,0.0,0.0,0.0,0.0,0.0,0.0,0.0,75.0,898.0,898.0,13.6,2.4,0.0,2.4,25.4,0.0,0.0,38.2,0.0,0.0,-0.4,0.6,0.2,-10.0,0.0,0.0,25.4,2.0,0.0,0.0,0.0,0.657,0.702,75.3,0.0,0.0,0.0,,0.0,898.0,55.4,53.6,0.0,0.0,0.0,0.0,82.4,894.2,78.8,824.0,78.8,842.0,82.4,824.0,0.0,0.0,54.5,80.6,57.2,31.1,0.025194444444444443,1.6023333333333334,0.04166666666666667,242.6,2026-01-04 14:43:52-08:00,80.6,25.199999999999996,-0.8999999999999986,0.48,0.48,True
111.06,2.0,10.0,2026-01-04 22:45:43,37.08158,-121.59957,330.0,0.1,337.8,-12.6,0.0,0.0,0.0,0.0,0.0,11.1,0.2,241.3,0.0,304.0,-0.0,0.0,1.0,0.0,-5.0,0.0,29.88,139.0,0.0,0.0,230.0,0.0,0.0,0.0,0.0,0.0,0.0,0.0,0.0,0.0,0.0,0.0,0.0,0.0,0.0,0.0,0.0,0.0,0.0,0.0,0.0,0.0,0.0,0.0,0.0,75.0,895.0,895.0,13.7,2.4,0.0,2.4,25.4,0.0,0.0,38.2,0.0,0.0,-0.4,0.6,0.2,-10.0,0.0,0.0,25.4,2.0,0.0,0.0,0.0,0.662,0.703,75.3,0.0,0.0,0.0,,0.0,895.0,55.4,53.6,0.0,0.0,0.0,0.0,82.4,897.8,80.6,829.4,80.6,847.4,82.4,834.8,0.0,0.0,54.5,81.5,58.1,31.1,0.025861111111111112,1.771,0.04166666666666667,242.6,2026-01-04 14:43:52-08:00,81.5,26.1,-0.8999999999999986,0.48,0.48,True
112.06,2.0,10.0,2026-01-04 22:45:44,37.08158,-121.59957,330.0,0.0,337.8,-12.6,0.0,0.0,0.0,0.0,0.0,11.1,0.2,241.3,0.0,304.0,-0.0,0.0,1.0,0.0,3.0,0.0,29.88,139.0,0.0,0.0,230.0,0.0,0.0,0.0,0.0,0.0,0.0,0.0,0.0,0.0,0.0,0.0,0.0,0.0,0.0,0.0,0.0,0.0,0.0,0.0,0.0,0.0,0.0,0.0,0.0,75.0,886.0,886.0,13.7,2.3,0.0,2.3,25.4,0.0,0.0,38.2,0.0,0.0,-0.4,0.6,0.2,-10.0,0.0,0.0,25.4,2.0,0.0,0.0,0.0,0.662,0.702,75.2,0.0,0.0,0.0,,0.0,886.0,55.4,53.6,0.0,0.0,0.0,0.0,84.2,899.6,80.6,834.8,80.6,852.8,84.2,843.8,0.0,0.0,54.5,82.4,59.0,31.1,0.02651388888888889,1.8553333333333333,0.0,242.6,2026-01-04 14:43:52-08:00,82.4,27.000000000000007,-0.8999999999999986,0.48,0.48,True
113.06,2.0,10.0,2026-01-04 22:45:45,37.08158,-121.59957,330.0,0.0,337.8,-12.6,0.0,0.0,0.0,0.0,0.0,11.1,0.3,241.3,0.0,304.0,-0.0,0.01,1.0,0.0,3.0,0.0,29.88,139.0,0.0,0.0,230.0,0.0,0.0,0.0,0.0,0.0,0.0,0.0,0.0,0.0,0.0,0.0,0.0,0.0,0.0,0.0,0.0,0.0,0.0,0.0,0.0,0.0,0.0,0.0,0.0,75.0,890.0,890.0,13.8,2.3,0.0,2.3,25.4,0.0,0.0,38.2,0.0,0.0,-0.4,0.6,0.2,-10.0,0.0,0.0,25.4,2.0,0.0,0.0,0.0,0.66,0.702,75.2,0.0,0.0,0.0,,0.0,890.0,55.4,53.6,0.0,0.0,0.0,0.0,84.2,905.0,82.4,838.4,82.4,858.2,84.2,851.0,0.0,0.0,54.5,83.3,59.9,31.1,0.02715277777777778,1.8553333333333333,0.0,242.6,2026-01-04 14:43:52-08:00,83.30000000000001,27.900000000000013,-0.8999999999999986,0.48,0.48,True
114.06,2.0,10.0,2026-01-04 22:45:46,37.08158,-121.59957,328.0,0.1,337.8,-12.6,0.0,0.0,0.0,0.0,0.0,11.2,0.2,241.3,0.0,304.0,-0.0,0.01,1.0,0.0,2.0,0.0,29.88,139.0,0.0,0.0,230.0,0.0,0.0,0.0,0.0,0.0,0.0,0.0,0.0,0.0,0.0,0.0,0.0,0.0,0.0,0.0,0.0,0.0,0.0,0.0,0.0,0.0,0.0,0.0,0.0,75.0,881.0,881.0,13.8,2.3,0.0,2.3,25.4,0.0,0.0,38.2,0.0,0.0,-0.4,0.6,0.2,-10.0,0.0,0.0,25.4,2.0,0.0,0.0,0.0,0.659,0.702,75.2,0.0,0.0,0.0,,0.0,881.0,55.4,55.4,0.0,0.0,0.0,0.0,86.0,906.8,82.4,842.0,82.4,863.6,86.0,858.2,0.0,0.0,54.5,84.2,60.8,31.1,0.027791666666666666,1.9396666666666667,0.04347826086956522,242.6,2026-01-04 14:43:52-08:00,84.2,28.800000000000004,-0.8999999999999986,0.48,0.48,True
115.06,2.0,10.0,2026-01-04 22:45:47,37.08158,-121.59957,328.0,0.0,337.8,-12.6,0.0,0.0,0.0,0.0,0.0,11.1,0.3,241.4,0.0,304.0,-0.0,0.01,1.0,0.0,22.0,0.0,29.88,139.0,0.0,0.0,230.0,0.0,0.0,0.0,0.0,0.0,0.0,0.0,0.0,0.0,0.0,0.0,0.0,0.0,0.0,0.0,0.0,0.0,0.0,0.0,0.0,0.0,0.0,0.0,0.0,75.0,877.0,877.0,13.8,2.3,0.0,2.3,25.4,0.0,0.0,38.1,0.0,0.0,-0.4,0.6,0.2,-10.0,0.0,0.0,25.4,2.0,0.0,0.0,0.0,0.663,0.702,75.2,0.0,0.0,0.0,,0.0,877.0,55.4,55.4,0.0,0.0,0.0,0.0,87.8,910.4,84.2,847.4,82.4,867.2,86.0,863.6,0.0,0.0,54.5,85.1,61.7,31.1,0.028430555555555556,2.024,0.0,242.6,2026-01-04 14:43:52-08:00,85.10000000000001,29.70000000000001,-0.8999999999999986,0.48,0.48,True
116.06,2.0,10.0,2026-01-04 22:45:48,37.08158,-121.59957,333.0,0.0,337.8,-12.6,0.0,0.0,0.0,0.0,0.0,11.1,0.3,241.4,0.0,304.0,0.0,0.0,1.0,0.0,5.0,0.0,29.88,147.0,0.0,0.0,230.0,0.0,0.0,0.0,0.0,0.0,0.0,0.0,0.0,0.0,0.0,0.0,0.0,0.0,0.0,0.0,0.0,0.0,0.0,0.0,0.0,0.0,0.0,0.0,0.0,75.0,881.0,881.0,14.0,2.2,0.0,2.2,25.5,0.0,0.0,38.1,0.0,0.0,-0.4,0.6,0.2,-10.0,0.0,0.0,25.5,2.0,0.0,0.0,0.0,0.667,0.702,75.2,0.0,0.0,0.0,,0.0,881.0,55.4,55.4,0.0,0.0,0.0,0.0,87.8,910.4,84.2,851.0,84.2,872.6,87.8,870.8,0.0,0.0,54.68,86.0,62.6,31.28,0.029055555555555557,2.024,0.0,242.6,2026-01-04 14:43:52-08:00,86.0,30.6,-0.7199999999999989,0.48,0.48,True
117.06,2.0,10.0,2026-01-04 22:45:49,37.08158,-121.59958,331.0,0.0,337.8,-12.6,0.0,0.0,0.0,0.0,0.0,11.2,0.3,241.4,0.0,304.0,0.0,0.0,1.0,0.0,3.0,0.0,29.88,147.0,0.0,0.0,230.0,0.0,0.0,0.0,0.0,0.0,0.0,0.0,0.0,0.0,0.0,0.0,0.0,0.0,0.0,0.0,0.0,0.0,0.0,0.0,0.0,0.0,0.0,0.0,0.0,75.0,879.0,879.0,14.0,2.2,0.0,2.2,25.4,0.0,0.0,38.1,0.0,0.0,-0.4,0.6,0.2,-10.0,0.0,0.0,25.4,2.0,0.0,0.0,0.0,0.665,0.702,75.2,0.0,0.0,0.0,,0.0,879.0,55.4,55.4,0.0,0.0,0.0,0.0,89.6,912.2,86.0,856.4,84.2,876.2,87.8,876.2,0.0,0.0,54.68,86.9,63.5,31.28,0.029666666666666668,2.024,0.0,242.6,2026-01-04 14:43:52-08:00,86.9,31.500000000000007,-0.7199999999999989,0.48,0.48,True
118.06,2.0,10.0,2026-01-04 22:45:50,37.08158,-121.59958,330.0,0.0,337.8,-12.6,0.0,0.0,0.0,0.0,0.0,11.2,0.3,241.5,0.0,304.0,0.0,0.0,1.0,0.0,6.0,0.0,29.88,147.0,0.0,0.0,230.0,0.0,0.0,0.0,0.0,0.0,0.0,0.0,0.0,0.0,0.0,0.0,0.0,0.0,0.0,0.0,0.0,0.0,0.0,0.0,0.0,0.0,0.0,0.0,0.0,75.0,874.0,874.0,14.0,2.2,0.0,2.2,25.5,0.0,0.0,38.1,0.0,0.0,-0.4,0.6,0.2,-10.0,0.0,0.0,25.5,2.0,0.0,0.0,0.0,0.665,0.702,75.2,0.0,0.0,0.0,,0.0,874.0,55.4,55.4,0.0,0.0,0.0,0.0,89.6,915.8,86.0,860.0,86.0,878.0,89.6,881.6,0.0,0.0,54.68,87.8,64.4,31.28,0.03027777777777778,2.024,0.0,242.6,2026-01-04 14:43:52-08:00,87.80000000000001,32.40000000000001,-0.7199999999999989,0.48,0.48,True
119.06,2.0,10.0,2026-01-04 22:45:51,37.08158,-121.59958,331.0,0.0,337.8,-12.6,0.0,0.0,0.0,0.0,0.0,11.2,0.3,241.4,0.0,304.0,-0.0,0.0,1.0,0.0,2.0,0.0,29.88,139.0,0.0,0.0,230.0,0.0,0.0,0.0,0.0,0.0,0.0,0.0,0.0,0.0,0.0,0.0,0.0,0.0,0.0,0.0,0.0,0.0,0.0,0.0,0.0,0.0,0.0,0.0,0.0,75.0,891.0,891.0,14.0,2.2,0.0,2.2,25.5,0.0,0.0,38.1,0.0,0.0,-0.4,0.6,0.2,-10.0,0.0,0.0,25.5,2.0,0.0,0.0,0.0,0.667,0.703,75.2,0.0,0.0,0.0,,0.0,891.0,55.4,55.4,0.0,0.0,0.0,0.0,91.4,915.8,87.8,865.4,86.0,881.6,89.6,887.0,0.0,0.0,54.68,88.7,65.3,31.28,0.03088888888888889,2.024,0.0,242.6,2026-01-04 14:43:52-08:00,88.69999999999999,33.29999999999999,-0.7199999999999989,0.48,0.48,True
120.06,2.0,10.0,2026-01-04 22:45:52,37.08158,-121.59958,332.0,0.0,337.8,-12.6,0.0,0.0,0.0,0.0,0.0,11.2,0.2,241.4,0.0,304.0,-0.0,0.0,1.0,0.0,19.0,0.0,29.88,139.0,0.0,0.0,230.0,0.0,0.0,0.0,0.0,0.0,0.0,0.0,0.0,0.0,0.0,0.0,0.0,0.0,0.0,0.0,0.0,0.0,0.0,0.0,0.0,0.0,0.0,0.0,0.0,75.0,889.0,889.0,14.0,2.2,0.0,2.2,25.5,0.0,0.0,38.1,0.0,0.0,-0.4,0.6,0.2,-10.0,0.0,0.0,25.5,2.0,0.0,0.0,0.0,0.665,0.702,75.2,0.0,0.0,0.0,,0.0,889.0,55.4,55.4,0.0,0.0,0.0,0.0,91.4,919.4,87.8,869.0,87.8,885.2,91.4,890.6,0.0,0.0,54.68,89.6,66.2,31.28,0.0315,2.024,0.0,242.6,2026-01-04 14:43:52-08:00,89.6,34.199999999999996,-0.7199999999999989,0.48,0.48,True
121.06,2.0,10.0,2026-01-04 22:45:53,37.08158,-121.59958,332.0,0.1,337.8,-12.6,0.0,0.0,0.0,0.0,0.0,11.2,0.2,241.4,0.0,305.0,-0.0,0.0,1.0,0.0,-8.0,0.0,29.88,140.0,0.0,0.0,230.0,0.0,0.0,0.0,0.0,0.0,0.0,0.0,0.0,0.0,0.0,0.0,0.0,0.0,0.0,0.0,0.0,0.0,0.0,0.0,0.0,0.0,0.0,0.0,0.0,75.0,904.0,904.0,14.0,2.2,0.0,2.2,25.6,0.0,0.0,38.1,0.0,0.0,-0.4,0.6,0.2,-10.0,0.0,0.0,25.6,2.0,0.0,0.0,0.0,0.665,0.703,75.2,0.0,0.0,0.0,,0.0,904.0,55.4,55.4,0.0,0.0,0.0,0.0,93.2,921.2,89.6,872.6,87.8,887.0,91.4,894.2,0.0,0.0,54.68,90.5,67.1,31.28,0.03211111111111111,2.1083333333333334,0.045454545454545456,242.6,2026-01-04 14:43:52-08:00,90.49999999999999,35.09999999999999,-0.7199999999999989,0.48,0.48,True
122.06,2.0,10.0,2026-01-04 22:45:54,37.08158,-121.59958,332.0,0.0,337.8,-12.6,0.0,0.0,0.0,0.0,0.0,11.2,0.3,241.4,0.0,305.0,-0.0,0.01,1.0,0.0,-16.0,0.0,29.88,140.0,0.0,0.0,230.0,0.0,0.0,0.0,0.0,0.0,0.0,0.0,0.0,0.0,0.0,0.0,0.0,0.0,0.0,0.0,0.0,0.0,0.0,0.0,0.0,0.0,0.0,0.0,0.0,75.0,904.0,904.0,13.8,2.2,0.0,2.2,25.6,0.0,0.0,38.1,0.0,0.0,-0.4,0.6,0.2,-10.0,0.0,0.0,25.6,2.0,0.0,0.0,0.0,0.663,0.703,75.2,0.0,0.0,0.0,,0.0,904.0,55.4,55.4,0.0,0.0,0.0,0.0,93.2,926.6,89.6,876.2,89.6,890.6,93.2,896.0,0.0,0.0,54.86,91.4,68.0,31.459999999999997,0.03272222222222222,2.1926666666666668,0.0,242.6,2026-01-04 14:43:52-08:00,91.39999999999999,35.99999999999999,-0.5399999999999991,0.48,0.48,True
123.06,2.0,10.0,2026-01-04 22:45:55,37.08158,-121.59958,332.0,0.1,337.8,-12.6,0.0,0.0,0.0,0.0,0.0,11.2,0.2,241.5,0.0,305.0,-0.0,0.01,1.0,0.0,3.0,0.0,29.88,140.0,0.0,0.0,230.0,0.0,0.0,0.0,0.0,0.0,0.0,0.0,0.0,0.0,0.0,0.0,0.0,0.0,0.0,0.0,0.0,0.0,0.0,0.0,0.0,0.0,0.0,0.0,0.0,75.0,896.0,896.0,13.8,2.1,0.0,2.1,25.6,0.0,0.0,38.1,0.0,0.0,-0.4,0.6,0.2,-10.0,0.0,0.0,25.6,2.0,0.0,0.0,0.0,0.667,0.702,75.2,0.0,0.0,0.0,,0.0,896.0,55.4,55.4,0.0,0.0,0.0,0.0,95.0,928.4,91.4,879.8,89.6,892.4,93.2,899.6,0.0,0.0,54.86,92.3,68.9,31.459999999999997,0.03331944444444444,2.277,0.047619047619047616,242.6,2026-01-04 14:43:52-08:00,92.30000000000001,36.90000000000001,-0.5399999999999991,0.48,0.48,True
124.06,2.0,10.0,2026-01-04 22:45:56,37.08158,-121.59958,332.0,0.0,337.8,-12.6,0.0,0.0,0.0,0.0,0.0,11.2,0.2,241.5,0.0,305.0,-0.0,0.01,1.0,0.0,2.0,0.0,29.88,148.0,0.0,0.0,230.0,0.0,0.0,0.0,0.0,0.0,0.0,0.0,0.0,0.0,0.0,0.0,0.0,0.0,0.0,0.0,0.0,0.0,0.0,0.0,0.0,0.0,0.0,0.0,0.0,75.0,741.0,741.0,13.5,2.1,0.0,2.1,25.8,0.0,0.0,38.1,0.0,0.0,-0.4,0.6,0.2,-10.0,0.0,0.0,25.8,2.0,0.0,0.0,0.0,0.664,0.702,75.0,0.0,0.0,0.0,,0.0,741.0,55.4,55.4,0.0,0.0,0.0,0.0,96.8,932.0,91.4,883.4,91.4,896.0,95.0,901.4,0.0,0.0,54.86,93.65,70.25,31.459999999999997,0.03390277777777778,2.3613333333333335,0.0,242.6,2026-01-04 14:43:52-08:00,93.65,38.25000000000001,-0.5399999999999991,0.48,0.48,True
125.06,2.0,10.0,2026-01-04 22:45:57,37.08158,-121.59958,332.0,0.0,337.8,-12.6,0.0,0.0,0.0,0.0,0.0,11.2,0.2,241.5,0.0,305.0,-0.0,0.01,1.0,0.0,-28.0,0.0,29.88,148.0,0.0,0.0,230.0,0.0,0.0,0.0,0.0,0.0,0.0,0.0,0.0,0.0,0.0,0.0,0.0,0.0,0.0,0.0,0.0,0.0,0.0,0.0,0.0,0.0,0.0,0.0,0.0,74.0,811.0,811.0,15.0,2.0,0.0,2.0,25.6,0.0,0.0,38.1,0.0,0.0,-0.4,0.6,0.2,-10.0,0.0,0.0,25.6,2.0,0.0,0.0,0.0,0.664,0.703,73.5,0.0,0.0,0.0,,0.0,811.0,55.4,55.4,0.0,0.0,0.0,0.0,96.8,930.2,93.2,878.0,91.4,896.0,95.0,899.6,0.0,0.0,54.86,94.1,70.7,31.459999999999997,0.034472222222222224,2.3613333333333335,0.0,242.6,2026-01-04 14:43:52-08:00,94.10000000000001,38.70000000000001,-0.5399999999999991,0.48,0.48,True
126.06,2.0,10.0,2026-01-04 22:45:58,37.08158,-121.59958,330.0,0.0,337.8,-12.6,0.0,0.0,0.0,0.0,0.0,11.2,0.3,241.5,0.0,305.0,-0.0,0.01,1.0,0.0,-25.0,0.0,29.88,148.0,0.0,0.0,230.0,0.0,0.0,0.0,0.0,0.0,0.0,0.0,0.0,0.0,0.0,0.0,0.0,0.0,0.0,0.0,0.0,0.0,0.0,0.0,0.0,0.0,0.0,0.0,0.0,74.0,844.0,844.0,14.1,1.9,0.0,1.9,25.7,0.0,0.0,38.1,0.0,0.0,-0.4,0.6,0.2,-10.0,0.0,0.0,25.7,2.0,0.0,0.0,0.0,0.67,0.703,74.5,0.0,0.0,0.0,,0.0,844.0,55.4,55.4,0.0,0.0,0.0,0.0,98.6,933.8,93.2,879.8,93.2,899.6,96.8,901.4,0.0,0.0,54.86,95.45,72.05,31.459999999999997,0.035013888888888886,2.3613333333333335,0.0,242.6,2026-01-04 14:43:52-08:00,95.44999999999999,40.04999999999999,-0.5399999999999991,0.48,0.48,True
127.06,2.0,10.0,2026-01-04 22:45:59,37.08158,-121.59958,330.0,0.0,337.8,-12.6,0.0,0.0,0.0,0.0,0.0,11.2,0.2,241.5,0.0,305.0,-0.0,0.01,1.0,0.0,-31.0,0.0,29.88,150.0,0.0,0.0,230.0,0.0,0.0,0.0,0.0,0.0,0.0,0.0,0.0,0.0,0.0,0.0,0.0,0.0,0.0,0.0,0.0,0.0,0.0,0.0,0.0,0.0,0.0,0.0,0.0,75.0,839.0,839.0,13.8,1.9,0.0,1.9,25.7,0.0,0.0,38.1,0.0,0.0,-0.4,0.6,0.2,-10.0,0.0,0.0,25.7,2.0,0.0,0.0,0.0,0.667,0.703,74.7,0.0,0.0,0.0,,0.0,839.0,55.4,55.4,0.0,0.0,0.0,0.0,98.6,933.8,95.0,883.4,93.2,905.0,96.8,903.2,0.0,0.0,54.86,95.9,72.5,31.459999999999997,0.035541666666666666,2.3613333333333335,0.0,242.6,2026-01-04 14:43:52-08:00,95.9,40.50000000000001,-0.5399999999999991,0.48,0.48,True
128.06,2.0,10.0,2026-01-04 22:46:00,37.08159,-121.59958,329.0,0.0,337.8,-12.6,0.0,0.0,0.0,0.0,0.0,11.2,0.3,241.4,0.0,305.0,-0.0,0.01,1.0,0.0,-46.0,0.0,29.88,150.0,0.0,0.0,230.0,0.0,0.0,0.0,0.0,0.0,0.0,0.0,0.0,0.0,0.0,0.0,0.0,0.0,0.0,0.0,0.0,0.0,0.0,0.0,0.0,0.0,0.0,0.0,0.0,75.0,844.0,844.0,13.7,1.8,0.0,1.8,25.7,0.0,0.0,38.1,0.0,0.0,-0.4,0.6,0.2,-10.0,0.0,0.0,25.7,2.0,0.0,0.0,0.0,0.659,0.703,74.8,0.0,0.0,0.0,,0.0,844.0,55.4,55.4,0.0,0.0,0.0,0.0,100.4,935.6,95.0,885.2,95.0,906.8,98.6,905.0,0.0,0.0,55.04,97.25,73.85,31.64,0.036055555555555556,2.3613333333333335,0.0,242.6,2026-01-04 14:43:52-08:00,97.25,41.85,-0.35999999999999943,0.48,0.48,True
129.06,2.0,10.0,2026-01-04 22:46:01,37.08159,-121.59958,329.0,0.0,337.8,-12.6,0.0,0.0,0.0,0.0,0.0,11.2,0.2,241.4,0.0,305.0,-0.0,0.0,1.0,0.0,-83.0,0.0,29.88,148.0,0.0,0.0,230.0,0.0,0.0,0.0,0.0,0.0,0.0,0.0,0.0,0.0,0.0,0.0,0.0,0.0,0.0,0.0,0.0,0.0,0.0,0.0,0.0,0.0,0.0,0.0,0.0,75.0,838.0,838.0,13.6,1.8,0.0,1.8,25.7,0.0,0.0,38.1,0.0,0.0,-0.4,0.6,0.2,-10.0,0.0,0.0,25.7,2.0,0.0,0.0,0.0,0.66,0.703,74.9,0.0,0.0,0.0,,0.0,838.0,55.4,55.4,0.0,0.0,0.0,0.0,100.4,937.4,96.8,887.0,95.0,910.4,100.4,905.0,0.0,0.0,55.04,98.15,74.75,31.64,0.036555555555555556,2.3613333333333335,0.0,242.6,2026-01-04 14:43:52-08:00,98.15,42.75000000000001,-0.35999999999999943,0.48,0.48,True
130.06,2.0,10.0,2026-01-04 22:46:02,37.08159,-121.59958,329.0,0.0,337.8,-12.6,0.0,0.0,0.0,0.0,0.0,11.2,0.2,241.5,0.0,305.0,-0.0,0.0,1.0,0.0,-60.0,0.0,29.88,148.0,0.0,0.0,230.0,0.0,0.0,0.0,0.0,0.0,0.0,0.0,0.0,0.0,0.0,0.0,0.0,0.0,0.0,0.0,0.0,0.0,0.0,0.0,0.0,0.0,0.0,0.0,0.0,75.0,835.0,835.0,13.6,1.8,0.0,1.8,25.7,0.0,0.0,38.1,0.0,0.0,-0.4,0.6,0.2,-10.0,0.0,0.0,25.7,2.0,0.0,0.0,0.0,0.663,0.703,74.8,0.0,0.0,0.0,,0.0,835.0,55.4,55.4,0.0,0.0,0.0,0.0,102.2,937.4,96.8,888.8,96.8,912.2,100.4,906.8,0.0,0.0,55.04,99.05,75.65,31.64,0.03705555555555556,2.3613333333333335,0.0,242.6,2026-01-04 14:43:52-08:00,99.05,43.65,-0.35999999999999943,0.48,0.48,True
131.06,2.0,10.0,2026-01-04 22:46:03,37.08159,-121.59958,329.0,0.0,337.8,-12.6,0.0,0.0,0.0,0.0,0.0,11.2,0.3,241.4,0.0,305.0,-0.0,0.0,1.0,0.0,-36.0,0.0,29.88,148.0,0.0,0.0,230.0,0.0,0.0,0.0,0.0,0.0,0.0,0.0,0.0,0.0,0.0,0.0,0.0,0.0,0.0,0.0,0.0,0.0,0.0,0.0,0.0,0.0,0.0,0.0,0.0,75.0,826.0,826.0,13.5,1.7,0.0,1.7,25.7,0.0,0.0,38.1,0.0,0.0,-0.4,0.6,0.2,-10.0,0.0,0.0,25.7,2.0,0.0,0.0,0.0,0.657,0.703,74.8,0.0,0.0,0.0,,0.0,826.0,55.4,55.4,0.0,0.0,0.0,0.0,102.2,939.2,98.6,890.6,96.8,914.0,100.4,906.8,0.0,0.0,55.04,99.5,76.1,31.64,0.03754166666666667,2.3613333333333335,0.0,242.6,2026-01-04 14:43:52-08:00,99.49999999999999,44.09999999999999,-0.35999999999999943,0.48,0.48,True
132.06,2.0,10.0,2026-01-04 22:46:04,37.08159,-121.59958,330.0,0.0,337.8,-12.6,0.0,0.0,0.0,0.0,0.0,11.2,0.3,241.4,0.0,305.0,-0.0,0.0,1.0,0.0,-35.0,0.0,29.88,150.0,0.0,0.0,230.0,0.0,0.0,0.0,0.0,0.0,0.0,0.0,0.0,0.0,0.0,0.0,0.0,0.0,0.0,0.0,0.0,0.0,0.0,0.0,0.0,0.0,0.0,0.0,0.0,75.0,811.0,811.0,13.4,1.7,0.0,1.7,25.7,0.0,0.0,38.1,0.0,0.0,-0.4,0.6,0.2,-10.0,0.0,0.0,25.7,2.0,0.0,0.0,0.0,0.656,0.703,74.8,0.0,0.0,0.0,,0.0,811.0,55.4,55.4,0.0,0.0,0.0,0.0,104.0,941.0,98.6,890.6,98.6,917.6,102.2,906.8,0.0,0.0,55.22,100.85,77.45,31.82,0.03801388888888889,2.3613333333333335,0.0,242.6,2026-01-04 14:43:52-08:00,100.85,45.449999999999996,-0.17999999999999972,0.48,0.48,True
133.06,2.0,10.0,2026-01-04 22:46:05,37.0816,-121.59958,330.0,0.1,337.8,-12.6,0.0,0.0,0.0,0.0,0.0,11.2,0.3,241.4,0.0,305.0,-0.0,0.0,1.0,0.0,-8.0,0.0,29.88,150.0,0.0,0.0,230.0,0.0,0.0,0.0,0.0,0.0,0.0,0.0,0.0,0.0,0.0,0.0,0.0,0.0,0.0,0.0,0.0,0.0,0.0,0.0,0.0,0.0,0.0,0.0,0.0,75.0,782.0,782.0,13.4,1.7,0.0,1.7,25.8,0.0,0.0,38.1,0.0,0.0,-0.4,0.6,0.2,-10.0,0.0,0.0,25.8,2.0,0.0,0.0,0.0,0.654,0.703,74.6,0.0,0.0,0.0,,0.0,782.0,55.4,55.4,0.0,0.0,0.0,0.0,104.0,941.0,100.4,892.4,98.6,917.6,102.2,906.8,0.0,0.0,55.22,101.3,77.9,31.82,0.03848611111111111,2.4456666666666664,0.05882352941176471,242.6,2026-01-04 14:43:52-08:00,101.30000000000001,45.90000000000001,-0.17999999999999972,0.48,0.48,True
134.06,2.0,10.0,2026-01-04 22:46:06,37.0816,-121.59958,330.0,0.0,337.8,-12.6,0.0,0.0,0.0,0.0,0.0,11.2,0.3,241.5,0.0,305.0,0.0,0.0,1.0,0.0,-6.0,0.0,29.88,150.0,0.0,0.0,230.0,0.0,0.0,0.0,0.0,0.0,0.0,0.0,0.0,0.0,0.0,0.0,0.0,0.0,0.0,0.0,0.0,0.0,0.0,0.0,0.0,0.0,0.0,0.0,0.0,74.0,770.0,770.0,13.4,1.6,0.0,1.6,25.7,0.0,0.0,38.1,0.0,0.0,-0.4,0.6,0.2,-9.0,0.0,0.0,25.7,2.0,0.0,0.0,0.0,0.654,0.703,74.4,0.0,0.0,0.0,,0.0,770.0,55.4,55.4,0.0,0.0,0.0,0.0,105.8,942.8,100.4,894.2,100.4,917.6,104.0,906.8,0.0,0.0,55.22,102.65,79.25,31.82,0.03894444444444445,2.53,0.0,242.6,2026-01-04 14:43:52-08:00,102.65,47.25000000000001,-0.17999999999999972,0.48,0.48,True
135.06,2.0,10.0,2026-01-04 22:46:07,37.0816,-121.59958,330.0,0.0,337.8,-12.6,0.0,0.0,0.0,0.0,0.0,11.2,0.3,241.4,0.0,305.0,0.0,0.0,1.0,0.0,18.0,0.0,29.88,150.0,0.0,0.0,230.0,0.0,0.0,0.0,0.0,0.0,0.0,0.0,0.0,0.0,0.0,0.0,0.0,0.0,0.0,0.0,0.0,0.0,0.0,0.0,0.0,0.0,0.0,0.0,0.0,74.0,750.0,750.0,13.5,1.6,0.0,1.6,25.7,0.0,0.0,38.1,0.0,0.0,-0.4,0.6,0.2,-10.0,0.0,0.0,25.7,2.0,0.0,0.0,0.0,0.654,0.703,74.2,0.0,0.0,0.0,,0.0,750.0,55.4,55.4,0.0,0.0,0.0,0.0,105.8,946.4,100.4,894.2,100.4,917.6,104.0,906.8,0.0,0.0,55.22,102.65,79.25,31.82,0.03938888888888889,2.53,0.0,242.6,2026-01-04 14:43:52-08:00,102.65,47.25000000000001,-0.17999999999999972,0.48,0.48,True
136.06,2.0,10.0,2026-01-04 22:46:08,37.0816,-121.59958,330.0,0.0,337.8,-12.6,0.0,0.0,0.0,0.0,0.0,11.2,0.3,241.4,0.0,305.0,-0.0,0.01,1.0,0.0,29.0,0.0,29.88,150.0,0.0,0.0,230.0,0.0,0.0,0.0,0.0,0.0,0.0,0.0,0.0,0.0,0.0,0.0,0.0,0.0,0.0,0.0,0.0,0.0,0.0,0.0,0.0,0.0,0.0,0.0,0.0,74.0,749.0,749.0,13.8,1.6,0.0,1.6,25.7,0.0,0.0,38.1,0.0,0.0,-0.4,0.6,0.2,-10.0,0.0,0.0,25.7,2.0,0.0,0.0,0.0,0.654,0.703,73.9,0.0,0.0,0.0,,0.0,749.0,55.4,55.4,0.0,0.0,0.0,0.0,107.6,950.0,102.2,897.8,102.2,919.4,105.8,906.8,0.0,0.0,55.22,104.45,81.05,31.82,0.03983333333333333,2.53,0.0,242.6,2026-01-04 14:43:52-08:00,104.44999999999999,49.04999999999999,-0.17999999999999972,0.48,0.48,True
137.06,2.0,10.0,2026-01-04 22:46:09,37.0816,-121.59958,328.0,0.1,337.8,-12.6,0.0,0.0,0.0,0.0,0.0,11.1,0.3,241.4,0.0,305.0,-0.0,0.01,1.0,0.0,12.0,0.0,29.88,150.0,0.0,0.0,230.0,0.0,0.0,0.0,0.0,0.0,0.0,0.0,0.0,0.0,0.0,0.0,0.0,0.0,0.0,0.0,0.0,0.0,0.0,0.0,0.0,0.0,0.0,0.0,0.0,74.0,748.0,748.0,13.8,1.5,0.0,1.5,25.7,0.0,0.0,38.1,0.0,0.0,-0.4,0.6,0.2,-9.0,0.0,0.0,25.7,2.0,0.0,0.0,0.0,0.654,0.703,73.9,0.0,0.0,0.0,,0.0,748.0,55.4,55.4,0.0,0.0,0.0,0.0,107.6,953.6,102.2,899.6,102.2,921.2,105.8,906.8,0.0,0.0,55.4,104.45,81.05,32.0,0.04026388888888889,2.614333333333333,0.06666666666666667,242.6,2026-01-04 14:43:52-08:00,104.44999999999999,49.04999999999999,0.0,0.48,0.48,True
138.06,2.0,10.0,2026-01-04 22:46:10,37.0816,-121.59959,327.0,0.0,337.8,-12.6,0.0,0.0,0.0,0.0,0.0,11.1,0.3,241.3,0.0,305.0,-0.0,0.01,1.0,0.0,28.0,0.0,29.88,150.0,0.0,0.0,230.0,0.0,0.0,0.0,0.0,0.0,0.0,0.0,0.0,0.0,0.0,0.0,0.0,0.0,0.0,0.0,0.0,0.0,0.0,0.0,0.0,0.0,0.0,0.0,0.0,74.0,757.0,757.0,14.0,1.5,0.0,1.5,25.7,0.0,0.0,38.1,0.0,0.0,-0.4,0.6,0.2,-10.0,0.0,0.0,25.7,2.0,0.0,0.0,0.0,0.653,0.703,73.9,0.0,0.0,0.0,,0.0,757.0,55.4,55.4,0.0,0.0,0.0,0.0,107.6,955.4,104.0,899.6,104.0,921.2,107.6,906.8,0.0,0.0,55.4,105.8,82.4,32.0,0.04068055555555555,2.6986666666666665,0.0,242.6,2026-01-04 14:43:52-08:00,105.80000000000001,50.40000000000001,0.0,0.48,0.48,True
139.06,2.0,10.0,2026-01-04 22:46:11,37.0816,-121.59959,327.0,0.0,337.8,-12.6,0.0,0.0,0.0,0.0,0.0,11.1,0.3,241.3,0.0,305.0,-0.0,0.0,1.0,0.0,42.0,0.0,29.88,150.0,0.0,0.0,230.0,0.0,0.0,0.0,0.0,0.0,0.0,0.0,0.0,0.0,0.0,0.0,0.0,0.0,0.0,0.0,0.0,0.0,0.0,0.0,0.0,0.0,0.0,0.0,0.0,74.0,765.0,765.0,13.8,1.5,0.0,1.5,25.8,0.0,0.0,38.1,0.0,0.0,-0.4,0.6,0.2,-9.0,0.0,0.0,25.8,2.0,0.0,0.0,0.0,0.653,0.702,74.0,0.0,0.0,0.0,,0.0,765.0,55.4,55.4,0.0,0.0,0.0,0.0,109.4,957.2,104.0,901.4,104.0,921.2,107.6,906.8,0.0,0.0,55.4,106.25,82.85,32.0,0.04109722222222222,2.6986666666666665,0.0,242.6,2026-01-04 14:43:52-08:00,106.25,50.85,0.0,0.48,0.48,True
140.06,2.0,10.0,2026-01-04 22:46:12,37.0816,-121.59959,327.0,0.0,337.8,-12.6,0.0,0.0,0.0,0.0,0.0,11.1,0.2,241.3,0.0,305.0,-0.1,0.0,1.0,0.0,34.0,0.0,29.88,150.0,0.0,0.0,230.0,0.0,0.0,0.0,0.0,0.0,0.0,0.0,0.0,0.0,0.0,0.0,0.0,0.0,0.0,0.0,0.0,0.0,0.0,0.0,0.0,0.0,0.0,0.0,0.0,74.0,755.0,755.0,13.8,1.5,0.0,1.5,25.8,0.0,0.0,38.1,0.0,0.0,-0.4,0.6,0.2,-10.0,0.0,0.0,25.8,2.0,0.0,0.0,0.0,0.653,0.702,73.9,0.0,0.0,0.0,,0.0,755.0,55.4,55.4,0.0,0.0,0.0,0.0,111.2,960.8,105.8,901.4,105.8,923.0,109.4,906.8,0.0,0.0,55.4,108.05,84.65,32.0,0.04151388888888889,2.6986666666666665,0.0,242.6,2026-01-04 14:43:52-08:00,108.05,52.65,0.0,0.48,0.48,True
141.06,2.0,10.0,2026-01-04 22:46:13,37.0816,-121.59959,326.0,0.0,337.8,-12.6,0.0,0.0,0.0,0.0,0.0,11.1,0.2,241.3,0.0,305.0,-0.0,0.0,0.9,0.0,15.0,0.0,29.88,150.0,0.0,0.0,230.0,0.0,0.0,0.0,0.0,0.0,0.0,0.0,0.0,0.0,0.0,0.0,0.0,0.0,0.0,0.0,0.0,0.0,0.0,0.0,0.0,0.0,0.0,0.0,0.0,74.0,747.0,747.0,13.8,1.5,0.0,1.5,25.7,0.0,0.0,38.1,0.0,0.0,-0.4,0.6,0.2,-10.0,0.0,0.0,25.7,2.0,0.0,0.0,0.0,0.653,0.702,73.8,0.0,0.0,0.0,,0.0,747.0,55.4,55.4,0.0,0.0,0.0,0.0,111.2,964.4,105.8,903.2,105.8,924.8,109.4,906.8,0.0,0.0,55.58,108.05,84.65,32.18,0.041930555555555554,2.6986666666666665,0.0,242.6,2026-01-04 14:43:52-08:00,108.05,52.65,0.17999999999999972,0.48,0.48,True
142.06,2.0,10.0,2026-01-04 22:46:14,37.0816,-121.59959,326.0,0.0,337.8,-12.6,0.0,0.0,0.0,0.0,0.0,11.1,0.2,241.2,0.0,305.0,-0.0,0.0,1.0,0.0,42.0,0.0,29.88,150.0,0.0,0.0,230.0,0.0,0.0,0.0,0.0,0.0,0.0,0.0,0.0,0.0,0.0,0.0,0.0,0.0,0.0,0.0,0.0,0.0,0.0,0.0,0.0,0.0,0.0,0.0,0.0,74.0,764.0,764.0,13.9,1.5,0.0,1.5,25.8,0.0,0.0,38.1,0.0,0.0,-0.4,0.6,0.2,-10.0,0.0,0.0,25.8,2.0,0.0,0.0,0.0,0.653,0.702,73.7,0.0,0.0,0.0,,0.0,764.0,55.4,55.4,0.0,0.0,0.0,0.0,113.0,968.0,107.6,906.8,107.6,928.4,111.2,906.8,0.0,0.0,55.58,109.85,86.45,32.18,0.042347222222222224,2.6986666666666665,0.0,242.6,2026-01-04 14:43:52-08:00,109.85,54.449999999999996,0.17999999999999972,0.48,0.48,True
143.06,2.0,10.0,2026-01-04 22:46:15,37.0816,-121.59959,327.0,0.0,337.8,-12.6,0.0,0.0,0.0,0.0,0.0,11.1,0.2,241.3,0.0,305.0,-0.0,0.0,1.0,0.0,-5.0,0.0,29.88,150.0,0.0,0.0,230.0,0.0,0.0,0.0,0.0,0.0,0.0,0.0,0.0,0.0,0.0,0.0,0.0,0.0,0.0,0.0,0.0,0.0,0.0,0.0,0.0,0.0,0.0,0.0,0.0,74.0,773.0,773.0,13.9,1.5,0.0,1.5,25.8,0.0,0.0,38.1,0.0,0.0,-0.4,0.6,0.2,-10.0,0.0,0.0,25.8,2.0,0.0,0.0,0.0,0.653,0.703,73.9,0.0,0.0,0.0,,0.0,773.0,55.4,55.4,0.0,0.0,0.0,0.0,113.0,968.0,107.6,908.6,107.6,928.4,111.2,906.8,0.0,0.0,55.58,109.85,86.45,32.18,0.042763888888888886,2.6986666666666665,0.0,242.6,2026-01-04 14:43:52-08:00,109.85,54.449999999999996,0.17999999999999972,0.48,0.48,True
144.06,2.0,10.0,2026-01-04 22:46:16,37.08161,-121.59958,328.0,0.0,337.8,-12.6,0.0,0.0,0.0,0.0,0.0,11.1,0.3,241.2,0.0,305.0,-0.0,0.0,1.0,0.0,5.0,0.0,29.88,150.0,0.0,0.0,230.0,0.0,0.0,0.0,0.0,0.0,0.0,0.0,0.0,0.0,0.0,0.0,0.0,0.0,0.0,0.0,0.0,0.0,0.0,0.0,0.0,0.0,0.0,0.0,0.0,74.0,764.0,764.0,13.8,1.4,0.0,1.4,25.7,0.0,0.0,38.1,0.0,0.0,-0.4,0.6,0.2,-9.0,0.0,0.0,25.7,2.0,0.0,0.0,0.0,0.653,0.703,73.9,0.0,0.0,0.0,,0.0,764.0,55.4,55.4,0.0,0.0,0.0,0.0,114.8,969.8,109.4,910.4,109.4,930.2,113.0,906.8,0.0,0.0,55.58,111.65,88.25,32.18,0.043166666666666666,2.6986666666666665,0.0,242.6,2026-01-04 14:43:52-08:00,111.65,56.25000000000001,0.17999999999999972,0.48,0.48,True
145.06,2.0,10.0,2026-01-04 22:46:17,37.08161,-121.59958,327.0,0.1,337.8,-12.6,0.0,0.0,0.0,0.0,0.0,11.1,0.3,241.2,0.0,305.0,-0.0,0.0,1.0,0.0,-12.0,0.0,29.88,150.0,0.0,0.0,230.0,0.0,0.0,0.0,0.0,0.0,0.0,0.0,0.0,0.0,0.0,0.0,0.0,0.0,0.0,0.0,0.0,0.0,0.0,0.0,0.0,0.0,0.0,0.0,0.0,74.0,768.0,768.0,13.7,1.4,0.0,1.4,25.8,0.0,0.0,38.1,0.0,0.0,-0.4,0.6,0.2,-10.0,0.0,0.0,25.8,2.0,0.0,0.0,0.0,0.654,0.703,73.9,0.0,0.0,0.0,,0.0,768.0,55.4,55.4,0.0,0.0,0.0,0.0,114.8,971.6,109.4,912.2,109.4,932.0,113.0,906.8,0.0,0.0,55.58,111.65,88.25,32.18,0.043555555555555556,2.783,0.07142857142857144,242.6,2026-01-04 14:43:52-08:00,111.65,56.25000000000001,0.17999999999999972,0.48,0.48,True
146.06,2.0,10.0,2026-01-04 22:46:18,37.08161,-121.59958,328.0,0.0,337.8,-12.6,0.0,0.0,0.0,0.0,0.0,11.0,0.3,241.2,0.0,305.0,-0.0,0.0,1.0,0.0,27.0,0.0,29.88,150.0,0.0,0.0,230.0,0.0,0.0,0.0,0.0,0.0,0.0,0.0,0.0,0.0,0.0,0.0,0.0,0.0,0.0,0.0,0.0,0.0,0.0,0.0,0.0,0.0,0.0,0.0,0.0,74.0,766.0,766.0,13.7,1.4,0.0,1.4,25.8,0.0,0.0,38.1,0.0,0.0,-0.4,0.6,0.2,-10.0,0.0,0.0,25.8,2.0,0.0,0.0,0.0,0.653,0.703,73.9,0.0,0.0,0.0,,0.0,766.0,55.4,55.4,0.0,0.0,0.0,0.0,114.8,971.6,111.2,912.2,109.4,933.8,114.8,908.6,0.0,0.0,55.76,112.55,89.15,32.36,0.043944444444444446,2.8673333333333333,0.0,242.6,2026-01-04 14:43:52-08:00,112.55,57.15,0.35999999999999943,0.48,0.48,True
147.06,2.0,10.0,2026-01-04 22:46:19,37.08164,-121.59958,320.0,0.0,337.8,-12.6,0.0,0.0,0.0,0.0,0.0,11.1,0.2,241.2,0.0,305.0,-0.0,0.0,1.0,0.0,25.0,0.0,29.88,150.0,0.0,0.0,230.0,0.0,0.0,0.0,0.0,0.0,0.0,0.0,0.0,0.0,0.0,0.0,0.0,0.0,0.0,0.0,0.0,0.0,0.0,0.0,0.0,0.0,0.0,0.0,0.0,74.0,764.0,764.0,13.6,1.4,0.0,1.4,25.8,0.0,0.0,38.1,0.0,0.0,-0.4,0.6,0.2,-10.0,0.0,0.0,25.8,2.0,0.0,0.0,0.0,0.654,0.703,73.9,0.0,0.0,0.0,,0.0,764.0,55.4,55.4,0.0,0.0,0.0,0.0,116.6,973.4,111.2,914.0,111.2,935.6,114.8,908.6,0.0,0.0,55.76,113.45,90.05,32.36,0.044333333333333336,2.8673333333333333,0.0,242.6,2026-01-04 14:43:52-08:00,113.44999999999999,58.04999999999999,0.35999999999999943,0.48,0.48,True
148.06,2.0,10.0,2026-01-04 22:46:20,37.08164,-121.59958,320.0,0.0,337.8,-12.6,0.0,0.0,0.0,0.0,0.0,11.1,0.2,241.2,0.0,305.0,-0.0,0.01,1.0,0.0,-3.0,0.0,29.88,150.0,0.0,0.0,230.0,0.0,0.0,0.0,0.0,0.0,0.0,0.0,0.0,0.0,0.0,0.0,0.0,0.0,0.0,0.0,0.0,0.0,0.0,0.0,0.0,0.0,0.0,0.0,0.0,74.0,754.0,754.0,13.6,1.4,0.0,1.4,25.8,0.0,0.0,38.1,0.0,0.0,-0.4,0.6,0.2,-10.0,0.0,0.0,25.8,2.0,0.0,0.0,0.0,0.653,0.703,73.9,0.0,0.0,0.0,,0.0,754.0,55.4,55.4,0.0,0.0,0.0,0.0,116.6,975.2,113.0,914.0,113.0,935.6,116.6,908.6,0.0,0.0,55.76,114.8,91.4,32.36,0.044722222222222226,2.8673333333333333,0.0,242.6,2026-01-04 14:43:52-08:00,114.80000000000001,59.40000000000001,0.35999999999999943,0.48,0.48,True
149.06,2.0,10.0,2026-01-04 22:46:21,37.08164,-121.59958,318.0,0.0,337.8,-12.6,0.0,0.0,0.0,0.0,0.0,11.1,0.2,241.2,0.0,305.0,-0.0,0.01,1.0,0.0,-27.0,0.0,29.88,150.0,0.0,0.0,230.0,0.0,0.0,0.0,0.0,0.0,0.0,0.0,0.0,0.0,0.0,0.0,0.0,0.0,0.0,0.0,0.0,0.0,0.0,0.0,0.0,0.0,0.0,0.0,0.0,74.0,756.0,756.0,13.8,1.4,0.0,1.4,25.8,0.0,0.0,38.1,0.0,0.0,-0.4,0.6,0.2,-10.0,0.0,0.0,25.8,2.0,0.0,0.0,0.0,0.653,0.702,73.6,0.0,0.0,0.0,,0.0,756.0,55.4,55.4,0.0,0.0,0.0,0.0,118.4,977.0,113.0,915.8,113.0,937.4,116.6,910.4,0.0,0.0,55.76,115.25,91.85,32.36,0.04511111111111111,2.8673333333333333,0.0,242.6,2026-01-04 14:43:52-08:00,115.25,59.85,0.35999999999999943,0.48,0.48,True
150.06,2.0,10.0,2026-01-04 22:46:22,37.08164,-121.59958,318.0,0.0,337.8,-12.6,0.0,0.0,0.0,0.0,0.0,11.1,0.2,241.3,0.0,305.0,-0.0,0.0,1.0,0.0,-32.0,0.0,29.88,150.0,0.0,0.0,230.0,0.0,0.0,0.0,0.0,0.0,0.0,0.0,0.0,0.0,0.0,0.0,0.0,0.0,0.0,0.0,0.0,0.0,0.0,0.0,0.0,0.0,0.0,0.0,0.0,74.0,758.0,758.0,13.9,1.4,0.0,1.4,25.8,0.0,0.0,38.1,0.0,0.0,-0.4,0.6,0.2,-10.0,0.0,0.0,25.8,2.0,0.0,0.0,0.0,0.653,0.703,73.6,0.0,0.0,0.0,,0.0,758.0,55.4,55.4,0.0,0.0,0.0,0.0,118.4,978.8,114.8,915.8,114.8,939.2,118.4,910.4,0.0,0.0,55.76,116.6,93.2,32.36,0.0455,2.8673333333333333,0.0,242.6,2026-01-04 14:43:52-08:00,116.6,61.199999999999996,0.35999999999999943,0.48,0.48,True
151.06,2.0,10.0,2026-01-04 22:46:23,37.08164,-121.59958,318.0,0.0,337.8,-12.6,0.0,0.0,0.0,0.0,0.0,11.1,0.2,241.3,0.0,305.0,0.0,0.0,0.9,0.0,-22.0,0.0,29.88,150.0,0.0,0.0,230.0,0.0,0.0,0.0,0.0,0.0,0.0,0.0,0.0,0.0,0.0,0.0,0.0,0.0,0.0,0.0,0.0,0.0,0.0,0.0,0.0,0.0,0.0,0.0,0.0,74.0,756.0,756.0,13.7,1.4,0.0,1.4,25.8,0.0,0.0,38.1,0.0,0.0,-0.4,0.6,0.2,-10.0,0.0,0.0,25.8,2.0,0.0,0.0,0.0,0.653,0.703,73.7,0.0,0.0,0.0,,0.0,756.0,55.4,55.4,0.0,0.0,0.0,0.0,120.2,980.6,114.8,917.6,114.8,937.4,118.4,910.4,0.0,0.0,55.94,117.05,93.65,32.54,0.04588888888888889,2.8673333333333333,0.0,242.6,2026-01-04 14:43:52-08:00,117.05,61.65,0.5399999999999991,0.48,0.48,True
152.06,2.0,10.0,2026-01-04 22:46:24,37.08164,-121.59958,318.0,0.0,337.8,-12.6,0.0,0.0,0.0,0.0,0.0,11.1,0.2,241.3,0.0,305.0,-0.0,0.0,1.0,0.0,-6.0,0.0,29.88,150.0,0.0,0.0,230.0,0.0,0.0,0.0,0.0,0.0,0.0,0.0,0.0,0.0,0.0,0.0,0.0,0.0,0.0,0.0,0.0,0.0,0.0,0.0,0.0,0.0,0.0,0.0,0.0,74.0,742.0,742.0,13.8,1.4,0.0,1.4,25.8,0.0,0.0,38.1,0.0,0.0,-0.4,0.6,0.2,-10.0,0.0,0.0,25.8,2.0,0.0,0.0,0.0,0.653,0.703,73.6,0.0,0.0,0.0,,0.0,742.0,55.4,55.4,0.0,0.0,0.0,0.0,120.2,982.4,116.6,919.4,116.6,939.2,120.2,910.4,0.0,0.0,55.94,118.4,95.0,32.54,0.04627777777777778,2.8673333333333333,0.0,242.6,2026-01-04 14:43:52-08:00,118.39999999999999,62.99999999999999,0.5399999999999991,0.48,0.48,True
153.06,2.0,10.0,2026-01-04 22:46:25,37.08164,-121.59958,318.0,0.0,337.8,-12.6,0.0,0.0,0.0,0.0,0.0,11.1,0.2,241.4,0.0,305.0,0.0,0.0,1.0,0.0,4.0,0.0,29.88,150.0,0.0,0.0,230.0,0.0,0.0,0.0,0.0,0.0,0.0,0.0,0.0,0.0,0.0,0.0,0.0,0.0,0.0,0.0,0.0,0.0,0.0,0.0,0.0,0.0,0.0,0.0,0.0,73.0,755.0,755.0,14.0,1.4,0.0,1.4,25.8,0.0,0.0,38.1,0.0,0.0,-0.4,0.6,0.2,-10.0,0.0,0.0,25.8,2.0,0.0,0.0,0.0,0.653,0.703,73.5,0.0,0.0,0.0,,0.0,755.0,55.4,55.4,0.0,0.0,0.0,0.0,122.0,984.2,116.6,921.2,116.6,941.0,120.2,910.4,0.0,0.0,55.94,118.85,95.45,32.54,0.04666666666666667,2.8673333333333333,0.0,242.6,2026-01-04 14:43:52-08:00,118.85,63.449999999999996,0.5399999999999991,0.48,0.48,True
154.06,2.0,10.0,2026-01-04 22:46:26,37.08164,-121.59958,317.0,0.0,337.8,-12.6,0.0,0.0,0.0,0.0,0.0,11.1,0.2,241.3,0.0,305.0,-0.0,0.01,1.0,0.0,14.0,0.0,29.88,150.0,0.0,0.0,241.0,0.0,0.0,0.0,0.0,0.0,0.0,0.0,0.0,0.0,0.0,0.0,0.0,0.0,0.0,0.0,0.0,0.0,0.0,0.0,0.0,0.0,0.0,0.0,0.0,73.0,757.0,757.0,14.0,1.4,0.0,1.4,25.8,0.0,0.0,38.1,0.0,0.0,-0.4,0.6,0.2,-10.0,0.0,0.0,25.8,2.0,0.0,0.0,0.0,0.653,0.703,73.3,0.0,0.0,0.0,,0.0,757.0,55.4,55.4,0.0,0.0,0.0,0.0,122.0,986.0,118.4,923.0,118.4,941.0,122.0,910.4,0.0,0.0,55.94,120.2,96.8,32.54,0.04705555555555556,2.8673333333333333,0.0,242.6,2026-01-04 14:43:52-08:00,120.2,64.80000000000001,0.5399999999999991,0.48,0.48,True
155.06,2.0,10.0,2026-01-04 22:46:27,37.08164,-121.59958,319.0,0.0,337.8,-12.6,0.0,0.0,0.0,0.0,0.0,11.1,0.3,241.3,0.0,305.0,-0.0,0.01,1.0,0.0,32.0,0.0,29.88,150.0,0.0,0.0,241.0,0.0,0.0,0.0,0.0,0.0,0.0,0.0,0.0,0.0,0.0,0.0,0.0,0.0,0.0,0.0,0.0,0.0,0.0,0.0,0.0,0.0,0.0,0.0,0.0,73.0,762.0,762.0,14.0,1.4,0.0,1.4,25.8,0.0,0.0,38.1,0.0,0.0,-0.4,0.6,0.2,-10.0,0.0,0.0,25.8,2.0,0.0,0.0,0.0,0.653,0.703,73.3,0.0,0.0,0.0,,0.0,762.0,55.4,55.4,0.0,0.0,0.0,0.0,123.8,987.8,118.4,923.0,118.4,942.8,122.0,910.4,0.0,0.0,56.120000000000005,120.65,97.25,32.72,0.04744444444444444,2.8673333333333333,0.0,242.6,2026-01-04 14:43:52-08:00,120.65,65.25,0.720000000000006,0.48,0.48,True
156.06,2.0,10.0,2026-01-04 22:46:28,37.08165,-121.59958,317.0,0.0,337.8,-12.6,0.0,0.0,0.0,0.0,0.0,11.1,0.3,241.3,0.0,305.0,0.0,0.0,1.0,0.0,34.0,0.0,29.88,150.0,0.0,0.0,241.0,0.0,0.0,0.0,0.0,0.0,0.0,0.0,0.0,0.0,0.0,0.0,0.0,0.0,0.0,0.0,0.0,0.0,0.0,0.0,0.0,0.0,0.0,0.0,0.0,74.0,773.0,773.0,13.9,1.4,0.0,1.4,25.8,0.0,0.0,38.1,0.0,0.0,-0.4,0.6,0.2,-10.0,0.0,0.0,25.8,2.0,0.0,0.0,0.0,0.653,0.703,73.5,0.0,0.0,0.0,,0.0,773.0,55.4,55.4,0.0,0.0,0.0,0.0,123.8,987.8,118.4,923.0,118.4,944.6,122.0,912.2,0.0,0.0,56.120000000000005,120.65,97.25,32.72,0.04783333333333333,2.8673333333333333,0.0,242.6,2026-01-04 14:43:52-08:00,120.65,65.25,0.720000000000006,0.48,0.48,True
157.06,2.0,10.0,2026-01-04 22:46:29,37.08165,-121.59958,316.0,0.1,337.8,-12.6,0.0,0.0,0.0,0.0,0.0,11.1,0.3,241.3,0.0,305.0,-0.0,0.0,1.0,0.0,35.0,0.0,29.88,150.0,0.0,0.0,241.0,0.0,0.0,0.0,0.0,0.0,0.0,0.0,0.0,0.0,0.0,0.0,0.0,0.0,0.0,0.0,0.0,0.0,0.0,0.0,0.0,0.0,0.0,0.0,0.0,74.0,768.0,768.0,13.8,1.4,0.0,1.4,25.8,0.0,0.0,38.1,0.0,0.0,-0.4,0.6,0.2,-10.0,0.0,0.0,25.8,2.0,0.0,0.0,0.0,0.653,0.703,73.6,0.0,0.0,0.0,,0.0,768.0,55.4,55.4,0.0,0.0,0.0,0.0,125.6,989.6,120.2,923.0,120.2,944.6,123.8,912.2,0.0,0.0,56.120000000000005,122.45,99.05,32.72,0.04822222222222222,2.9516666666666667,0.07142857142857144,242.6,2026-01-04 14:43:52-08:00,122.44999999999999,67.04999999999998,0.720000000000006,0.48,0.48,True
158.06,2.0,10.0,2026-01-04 22:46:30,37.08165,-121.59958,316.0,0.1,337.8,-12.6,0.0,0.0,0.0,0.0,0.0,11.0,0.3,241.2,0.0,305.0,-0.0,0.01,0.9,0.0,46.0,0.0,29.88,150.0,0.0,0.0,241.0,0.0,0.0,0.0,0.0,0.0,0.0,0.0,0.0,0.0,0.0,0.0,0.0,0.0,0.0,0.0,0.0,0.0,0.0,0.0,0.0,0.0,0.0,0.0,0.0,74.0,768.0,768.0,13.7,1.4,0.0,1.4,25.8,0.0,0.0,38.1,0.0,0.0,-0.4,0.6,0.2,-10.0,0.0,0.0,25.8,2.0,0.0,0.0,0.0,0.653,0.703,73.5,0.0,0.0,0.0,,0.0,768.0,55.4,55.4,0.0,0.0,0.0,0.0,125.6,989.6,120.2,924.8,120.2,946.4,123.8,914.0,0.0,0.0,56.120000000000005,122.45,99.05,32.72,0.04861111111111111,3.1203333333333334,0.07142857142857144,242.6,2026-01-04 14:43:52-08:00,122.44999999999999,67.04999999999998,0.720000000000006,0.48,0.48,True
159.06,2.0,10.0,2026-01-04 22:46:31,37.08165,-121.59958,316.0,0.1,337.8,-12.6,0.0,0.0,0.0,0.0,0.0,11.1,0.3,241.2,0.0,305.0,0.0,0.01,1.0,0.0,54.0,0.0,29.88,150.0,0.0,0.0,241.0,0.0,0.0,0.0,0.0,0.0,0.0,0.0,0.0,0.0,0.0,0.0,0.0,0.0,0.0,0.0,0.0,0.0,0.0,0.0,0.0,0.0,0.0,0.0,0.0,74.0,791.0,791.0,13.6,1.4,0.0,1.4,25.8,0.0,0.0,38.1,0.0,0.0,-0.4,0.6,0.2,-10.0,0.0,0.0,25.8,2.0,0.0,0.0,0.0,0.653,0.702,73.9,0.0,0.0,0.0,,0.0,791.0,55.4,55.4,0.0,0.0,0.0,0.0,125.6,987.8,122.0,924.8,122.0,948.2,125.6,915.8,0.0,0.0,56.120000000000005,123.8,100.4,32.72,0.049,3.2889999999999997,0.07142857142857144,242.6,2026-01-04 14:43:52-08:00,123.80000000000001,68.4,0.720000000000006,0.48,0.48,True
160.06,2.0,10.0,2026-01-04 22:46:32,37.08165,-121.59958,316.0,0.1,337.8,-12.6,0.0,0.0,0.0,0.0,0.0,11.1,0.3,241.2,0.0,305.0,0.0,0.01,1.0,0.0,51.0,0.0,29.88,151.0,0.0,0.0,241.0,0.0,0.0,0.0,0.0,0.0,0.0,0.0,0.0,0.0,0.0,0.0,0.0,0.0,0.0,0.0,0.0,0.0,0.0,0.0,0.0,0.0,0.0,0.0,0.0,74.0,785.0,785.0,13.4,1.4,0.0,1.4,25.8,0.0,0.0,38.1,0.0,0.0,-0.4,0.6,0.2,-10.0,0.0,0.0,25.8,2.0,0.0,0.0,0.0,0.653,0.702,73.9,0.0,0.0,0.0,,0.0,785.0,55.4,55.4,0.0,0.0,0.0,0.0,127.4,987.8,122.0,924.8,122.0,948.2,125.6,915.8,0.0,0.0,56.3,124.25,100.85,32.9,0.04938888888888889,3.4576666666666664,0.07142857142857144,242.6,2026-01-04 14:43:52-08:00,124.25,68.85,0.8999999999999986,0.48,0.48,True
161.06,2.0,10.0,2026-01-04 22:46:33,37.08165,-121.59958,314.0,0.1,337.8,-12.6,0.0,0.0,0.0,0.0,0.0,11.1,0.2,241.2,0.0,306.0,-0.0,0.0,1.0,0.0,50.0,0.0,29.88,151.0,0.0,0.0,241.0,0.0,0.0,0.0,0.0,0.0,0.0,0.0,0.0,0.0,0.0,0.0,0.0,0.0,0.0,0.0,0.0,0.0,0.0,0.0,0.0,0.0,0.0,0.0,0.0,74.0,790.0,790.0,13.2,1.4,0.0,1.4,25.8,0.0,0.0,38.1,0.0,0.0,-0.4,0.6,0.2,-10.0,0.0,0.0,25.8,2.0,0.0,0.0,0.0,0.653,0.702,74.0,0.0,0.0,0.0,,0.0,790.0,55.4,55.4,0.0,0.0,0.0,0.0,129.2,989.6,123.8,923.0,123.8,950.0,127.4,915.8,0.0,0.0,56.3,126.05,102.65,32.9,0.049777777777777775,3.626333333333333,0.07142857142857144,242.6,2026-01-04 14:43:52-08:00,126.05,70.65,0.8999999999999986,0.48,0.48,True
162.06,2.0,10.0,2026-01-04 22:46:34,37.08165,-121.59958,315.0,0.1,337.8,-12.6,0.0,0.0,0.0,0.0,0.0,11.1,0.2,241.2,0.0,307.0,-0.0,0.01,1.0,0.0,36.0,0.0,29.88,153.0,0.0,0.0,241.0,0.0,0.0,0.0,0.0,0.0,0.0,0.0,0.0,0.0,0.0,0.0,0.0,0.0,0.0,0.0,0.0,0.0,0.0,0.0,0.0,0.0,0.0,0.0,0.0,74.0,813.0,813.0,13.2,1.4,0.0,1.4,25.8,0.0,0.0,38.1,0.0,0.0,-0.4,0.6,0.2,-10.0,0.0,0.0,25.8,2.0,0.0,0.0,0.0,0.653,0.703,74.0,0.0,0.0,0.0,,0.0,813.0,55.4,57.2,0.0,0.0,0.0,0.0,129.2,991.4,123.8,923.0,123.8,950.0,127.4,915.8,0.0,0.0,56.3,126.05,102.65,32.9,0.050166666666666665,3.795,0.07142857142857144,242.6,2026-01-04 14:43:52-08:00,126.05,70.65,0.8999999999999986,0.48,0.48,True
163.06,2.0,10.0,2026-01-04 22:46:35,37.08165,-121.59958,314.0,0.0,337.8,-12.6,0.0,0.0,0.0,0.0,0.0,11.1,0.3,241.2,0.0,308.0,-0.0,0.01,1.0,0.0,48.0,0.0,29.88,153.0,0.0,0.0,241.0,0.0,0.0,0.0,0.0,0.0,0.0,0.0,0.0,0.0,0.0,0.0,0.0,0.0,0.0,0.0,0.0,0.0,0.0,0.0,0.0,0.0,0.0,0.0,0.0,74.0,800.0,800.0,13.0,1.4,0.0,1.4,25.8,0.0,0.0,38.1,0.0,0.0,-0.4,0.6,0.2,-10.0,0.0,0.0,25.8,2.0,0.0,0.0,0.0,0.653,0.702,74.1,0.0,0.0,0.0,,0.0,800.0,55.4,57.2,0.0,0.0,0.0,0.0,129.2,987.8,125.6,923.0,125.6,950.0,129.2,915.8,0.0,0.0,56.3,127.4,104.0,32.9,0.050555555555555555,3.8793333333333333,0.0,242.6,2026-01-04 14:43:52-08:00,127.39999999999999,72.0,0.8999999999999986,0.48,0.48,True
164.06,2.0,10.0,2026-01-04 22:46:36,37.08165,-121.59958,314.0,0.0,337.8,-12.6,0.0,0.0,0.0,0.0,0.0,11.1,0.3,241.2,0.0,308.0,-0.0,0.01,1.0,0.0,18.0,0.0,29.88,154.0,0.0,0.0,241.0,0.0,0.0,0.0,0.0,0.0,0.0,0.0,0.0,0.0,0.0,0.0,0.0,0.0,0.0,0.0,0.0,0.0,0.0,0.0,0.0,0.0,0.0,0.0,0.0,74.0,788.0,788.0,13.1,1.4,0.0,1.4,25.8,0.0,0.0,38.1,0.0,0.0,-0.4,0.6,0.2,-10.0,0.0,0.0,25.8,2.0,0.0,0.0,0.0,0.653,0.702,73.9,0.0,0.0,0.0,,0.0,788.0,55.4,57.2,0.0,0.0,0.0,0.0,131.0,991.4,125.6,923.0,125.6,951.8,129.2,917.6,0.0,0.0,56.3,127.85,104.45,32.9,0.050944444444444445,3.8793333333333333,0.0,242.6,2026-01-04 14:43:52-08:00,127.85,72.44999999999999,0.8999999999999986,0.48,0.48,True
165.06,2.0,10.0,2026-01-04 22:46:37,37.08165,-121.59958,313.0,0.0,337.8,-12.6,0.0,0.0,0.0,0.0,0.0,11.1,0.2,241.3,0.0,308.0,-0.0,0.01,1.0,0.0,27.0,0.0,29.88,154.0,0.0,0.0,241.0,0.0,0.0,0.0,0.0,0.0,0.0,0.0,0.0,0.0,0.0,0.0,0.0,0.0,0.0,0.0,0.0,0.0,0.0,0.0,0.0,0.0,0.0,0.0,0.0,74.0,794.0,794.0,13.2,1.4,0.0,1.4,25.8,0.0,0.0,38.1,0.0,0.0,-0.4,0.6,0.2,-10.0,0.0,0.0,25.8,2.0,0.0,0.0,0.0,0.653,0.702,74.0,0.0,0.0,0.0,,0.0,794.0,55.4,57.2,0.0,0.0,0.0,0.0,131.0,989.6,127.4,923.0,127.4,951.8,129.2,917.6,0.0,0.0,56.48,128.75,105.35,33.08,0.051333333333333335,3.8793333333333333,0.0,242.6,2026-01-04 14:43:52-08:00,128.75,73.35,1.0799999999999983,0.48,0.48,True
166.06,2.0,10.0,2026-01-04 22:46:38,37.08165,-121.59958,313.0,0.0,337.8,-12.6,0.0,0.0,0.0,0.0,0.0,11.1,0.2,241.3,0.0,310.0,0.0,0.0,1.0,0.0,65.0,0.0,29.88,156.0,0.0,0.0,241.0,0.0,0.0,0.0,0.0,0.0,0.0,0.0,0.0,0.0,0.0,0.0,0.0,0.0,0.0,0.0,0.0,0.0,0.0,0.0,0.0,0.0,0.0,0.0,0.0,74.0,786.0,786.0,13.2,1.4,0.0,1.4,25.8,0.0,0.0,38.1,0.0,0.0,-0.4,0.6,0.2,-10.0,0.0,0.0,25.8,2.0,0.0,0.0,0.0,0.653,0.702,73.9,0.0,0.0,0.0,,0.0,786.0,55.4,57.2,0.0,0.0,0.0,0.0,132.8,991.4,127.4,924.8,127.4,955.4,131.0,919.4,0.0,0.0,56.48,129.65,106.25,33.08,0.051722222222222225,3.8793333333333333,0.0,242.6,2026-01-04 14:43:52-08:00,129.64999999999998,74.24999999999997,1.0799999999999983,0.48,0.48,True
167.06,2.0,10.0,2026-01-04 22:46:39,37.08165,-121.59958,314.0,0.0,337.8,-12.6,0.0,0.0,0.0,0.0,0.0,11.1,0.2,241.3,0.0,311.0,-0.0,0.01,1.0,0.0,22.0,0.0,29.88,158.0,0.0,0.0,241.0,0.0,0.0,0.0,0.0,0.0,0.0,0.0,0.0,0.0,0.0,0.0,0.0,0.0,0.0,0.0,0.0,0.0,0.0,0.0,0.0,0.0,0.0,0.0,0.0,74.0,790.0,790.0,13.3,1.4,0.0,1.4,25.8,0.0,0.0,38.1,0.0,0.0,-0.4,0.6,0.2,-10.0,0.0,0.0,25.8,2.0,0.0,0.0,0.0,0.653,0.702,73.8,0.0,0.0,0.0,,0.0,790.0,55.4,57.2,0.0,0.0,0.0,0.0,132.8,991.4,129.2,924.8,129.2,955.4,131.0,919.4,0.0,0.0,56.48,130.55,107.15,33.08,0.05211111111111111,3.8793333333333333,0.0,242.6,2026-01-04 14:43:52-08:00,130.55,75.15,1.0799999999999983,0.48,0.48,True
168.06,2.0,10.0,2026-01-04 22:46:40,37.08165,-121.59958,311.0,0.1,337.8,-12.6,0.0,0.0,0.0,0.0,0.0,11.1,0.2,241.3,0.0,312.0,-0.0,0.0,1.0,0.0,76.0,0.0,29.88,158.0,0.0,0.0,241.0,0.0,0.0,0.0,0.0,0.0,0.0,0.0,0.0,0.0,0.0,0.0,0.0,0.0,0.0,0.0,0.0,0.0,0.0,0.0,0.0,0.0,0.0,0.0,0.0,74.0,794.0,794.0,13.2,1.4,0.0,1.4,25.8,0.0,0.0,38.1,0.0,0.0,-0.4,0.6,0.2,-10.0,0.0,0.0,25.8,2.0,0.0,0.0,0.0,0.653,0.702,74.0,0.0,0.0,0.0,,0.0,794.0,55.4,57.2,0.0,0.0,0.0,0.0,134.6,989.6,129.2,924.8,129.2,955.4,132.8,919.4,0.0,0.0,56.48,131.45,108.05,33.08,0.0525,3.9636666666666667,0.07142857142857144,242.6,2026-01-04 14:43:52-08:00,131.45,76.04999999999998,1.0799999999999983,0.48,0.48,True
169.06,2.0,10.0,2026-01-04 22:46:41,37.08165,-121.59958,310.0,0.1,337.8,-12.6,0.0,0.0,0.0,0.0,0.0,11.1,0.2,241.3,0.0,312.0,-0.0,0.0,1.0,0.0,57.0,0.0,29.88,160.0,0.0,0.0,241.0,0.0,0.0,0.0,0.0,0.0,0.0,0.0,0.0,0.0,0.0,0.0,0.0,0.0,0.0,0.0,0.0,0.0,0.0,0.0,0.0,0.0,0.0,0.0,0.0,74.0,787.0,787.0,13.2,1.4,0.0,1.4,25.8,0.0,0.0,38.1,0.0,0.0,-0.4,0.6,0.2,-10.0,0.0,0.0,25.8,2.0,0.0,0.0,0.0,0.653,0.702,73.9,0.0,0.0,0.0,,0.0,787.0,55.4,57.2,0.0,0.0,0.0,0.0,134.6,991.4,131.0,923.0,129.2,955.4,132.8,919.4,0.0,0.0,56.66,131.9,108.5,33.26,0.05288888888888889,4.132333333333333,0.07142857142857144,242.6,2026-01-04 14:43:52-08:00,131.9,76.5,1.259999999999998,0.48,0.48,True
170.06,2.0,10.0,2026-01-04 22:46:42,37.08165,-121.59958,309.0,0.1,337.8,-12.6,0.0,0.0,0.0,0.0,0.0,11.1,0.2,241.3,0.0,312.0,-0.0,0.0,1.0,0.0,14.0,0.0,29.88,160.0,0.0,0.0,241.0,0.0,0.0,0.0,0.0,0.0,0.0,0.0,0.0,0.0,0.0,0.0,0.0,0.0,0.0,0.0,0.0,0.0,0.0,0.0,0.0,0.0,0.0,0.0,0.0,74.0,796.0,796.0,13.3,1.4,0.0,1.4,25.8,0.0,0.0,38.1,0.0,0.0,-0.4,0.6,0.2,-10.0,0.0,0.0,25.8,2.0,0.0,0.0,0.0,0.653,0.702,73.9,0.0,0.0,0.0,,0.0,796.0,55.4,57.2,0.0,0.0,0.0,0.0,136.4,989.6,131.0,924.8,131.0,959.0,134.6,919.4,0.0,0.0,56.66,133.25,109.85,33.26,0.05327777777777778,4.301,0.07142857142857144,242.6,2026-01-04 14:43:52-08:00,133.25,77.85,1.259999999999998,0.48,0.48,True
171.06,2.0,10.0,2026-01-04 22:46:43,37.08165,-121.59958,309.0,0.0,337.8,-12.6,0.0,0.0,0.0,0.0,0.0,11.1,0.3,241.3,0.0,312.0,0.0,0.0,1.0,0.0,34.0,0.0,29.88,160.0,0.0,0.0,241.0,0.0,0.0,0.0,0.0,0.0,0.0,0.0,0.0,0.0,0.0,0.0,0.0,0.0,0.0,0.0,0.0,0.0,0.0,0.0,0.0,0.0,0.0,0.0,0.0,74.0,796.0,796.0,13.2,1.4,0.0,1.4,25.8,0.0,0.0,38.1,0.0,0.0,-0.4,0.6,0.2,-10.0,0.0,0.0,25.8,2.0,0.0,0.0,0.0,0.653,0.702,73.8,0.0,0.0,0.0,,0.0,796.0,55.4,57.2,0.0,0.0,0.0,0.0,136.4,991.4,132.8,924.8,131.0,960.8,134.6,919.4,0.0,0.0,56.66,133.7,110.3,33.26,0.05366666666666667,4.3853333333333335,0.0,242.6,2026-01-04 14:43:52-08:00,133.70000000000002,78.30000000000001,1.259999999999998,0.48,0.48,True
172.06,2.0,10.0,2026-01-04 22:46:44,37.08165,-121.59958,308.0,0.0,337.8,-12.6,0.0,0.0,0.0,0.0,0.0,11.1,0.2,241.3,0.0,314.0,-0.0,0.01,1.0,0.0,46.0,0.0,29.88,162.0,0.0,0.0,241.0,0.0,0.0,0.0,0.0,0.0,0.0,0.0,0.0,0.0,0.0,0.0,0.0,0.0,0.0,0.0,0.0,0.0,0.0,0.0,0.0,0.0,0.0,0.0,0.0,74.0,808.0,808.0,13.1,1.3,0.0,1.3,25.8,0.0,0.0,38.1,0.0,0.0,-0.4,0.6,0.2,-10.0,0.0,0.0,25.8,2.0,0.0,0.0,0.0,0.653,0.703,73.9,0.0,0.0,0.0,,0.0,808.0,55.4,57.2,0.0,0.0,0.0,0.0,138.2,993.2,132.8,923.0,132.8,960.8,136.4,919.4,0.0,0.0,56.66,135.05,111.65,33.26,0.05404166666666667,4.3853333333333335,0.0,242.6,2026-01-04 14:43:52-08:00,135.05,79.65,1.259999999999998,0.48,0.48,True
173.06,2.0,10.0,2026-01-04 22:46:45,37.08165,-121.59958,306.0,0.1,337.8,-12.6,0.0,0.0,0.0,0.0,0.0,11.1,0.2,241.2,0.0,314.0,-0.0,0.01,1.0,0.0,34.0,0.0,29.88,162.0,0.0,0.0,241.0,0.0,0.0,0.0,0.0,0.0,0.0,0.0,0.0,0.0,0.0,0.0,0.0,0.0,0.0,0.0,0.0,0.0,0.0,0.0,0.0,0.0,0.0,0.0,0.0,74.0,798.0,798.0,13.0,1.3,0.0,1.3,25.8,0.0,0.0,38.1,0.0,0.0,-0.4,0.6,0.2,-10.0,0.0,0.0,25.8,2.0,0.0,0.0,0.0,0.653,0.702,73.9,0.0,0.0,0.0,,0.0,798.0,55.4,57.2,0.0,0.0,0.0,0.0,138.2,991.4,134.6,924.8,132.8,962.6,136.4,921.2,0.0,0.0,56.84,135.5,112.1,33.44,0.05440277777777778,4.469666666666667,0.07692307692307693,242.6,2026-01-04 14:43:52-08:00,135.5,80.1,1.4400000000000048,0.48,0.48,True
174.06,2.0,10.0,2026-01-04 22:46:46,37.08165,-121.59958,307.0,0.0,337.8,-12.6,0.0,0.0,0.0,0.0,0.0,11.1,0.2,241.3,0.0,315.0,-0.0,0.01,1.0,0.0,50.0,0.0,29.88,163.0,0.0,0.0,241.0,0.0,0.0,0.0,0.0,0.0,0.0,0.0,0.0,0.0,0.0,0.0,0.0,0.0,0.0,0.0,0.0,0.0,0.0,0.0,0.0,0.0,0.0,0.0,0.0,74.0,795.0,795.0,13.1,1.3,0.0,1.3,25.9,0.0,0.0,38.1,0.0,0.0,-0.4,0.6,0.2,-10.0,0.0,0.0,25.9,2.0,0.0,0.0,0.0,0.653,0.702,73.8,0.0,0.0,0.0,,0.0,795.0,55.4,57.2,0.0,0.0,0.0,0.0,140.0,991.4,134.6,923.0,134.6,964.4,138.2,921.2,0.0,0.0,56.84,136.85,113.45,33.44,0.05476388888888889,4.554,0.0,242.6,2026-01-04 14:43:52-08:00,136.85,81.44999999999999,1.4400000000000048,0.48,0.48,True
175.06,2.0,10.0,2026-01-04 22:46:47,37.08165,-121.59958,306.0,0.0,337.8,-12.6,0.0,0.0,0.0,0.0,0.0,11.1,0.2,241.3,0.0,315.0,0.0,0.01,0.9,0.0,3.0,0.0,29.88,163.0,0.0,0.0,241.0,0.0,0.0,0.0,0.0,0.0,0.0,0.0,0.0,0.0,0.0,0.0,0.0,0.0,0.0,0.0,0.0,0.0,0.0,0.0,0.0,0.0,0.0,0.0,0.0,74.0,800.0,800.0,13.1,1.3,0.0,1.3,25.8,0.0,0.0,38.1,0.0,0.0,-0.4,0.6,0.2,-10.0,0.0,0.0,25.8,2.0,0.0,0.0,0.0,0.653,0.702,73.8,0.0,0.0,0.0,,0.0,800.0,55.4,57.2,0.0,0.0,0.0,0.0,140.0,993.2,134.6,924.8,134.6,966.2,138.2,921.2,0.0,0.0,56.84,136.85,113.45,33.44,0.055125,4.554,0.0,242.6,2026-01-04 14:43:52-08:00,136.85,81.44999999999999,1.4400000000000048,0.48,0.48,True
176.06,2.0,10.0,2026-01-04 22:46:48,37.08164,-121.59958,305.0,0.0,337.8,-12.6,0.0,0.0,0.0,0.0,0.0,11.1,0.3,241.3,0.0,315.0,0.0,0.01,1.0,0.0,14.0,0.0,29.88,163.0,0.0,0.0,241.0,0.0,0.0,0.0,0.0,0.0,0.0,0.0,0.0,0.0,0.0,0.0,0.0,0.0,0.0,0.0,0.0,0.0,0.0,0.0,0.0,0.0,0.0,0.0,0.0,74.0,811.0,811.0,13.0,1.3,0.0,1.3,25.8,0.0,0.0,38.1,0.0,0.0,-0.4,0.6,0.2,-10.0,0.0,0.0,25.8,2.0,0.0,0.0,0.0,0.653,0.702,73.9,0.0,0.0,0.0,,0.0,811.0,55.4,57.2,0.0,0.0,0.0,0.0,141.8,993.2,136.4,923.0,136.4,968.0,138.2,921.2,0.0,0.0,56.84,138.2,114.8,33.44,0.05548611111111111,4.554,0.0,242.6,2026-01-04 14:43:52-08:00,138.2,82.79999999999998,1.4400000000000048,0.48,0.48,True
177.06,2.0,10.0,2026-01-04 22:46:49,37.08165,-121.59958,298.0,0.0,337.8,-12.6,0.0,0.0,0.0,0.0,0.0,11.1,0.3,241.3,0.0,315.0,0.0,0.0,1.0,0.0,13.0,0.0,29.88,171.0,0.0,0.0,241.0,0.0,0.0,0.0,0.0,0.0,0.0,0.0,0.0,0.0,0.0,0.0,0.0,0.0,0.0,0.0,0.0,0.0,0.0,0.0,0.0,0.0,0.0,0.0,0.0,74.0,808.0,808.0,13.0,1.3,0.0,1.3,25.8,0.0,0.0,38.1,0.0,0.0,-0.4,0.6,0.2,-10.0,0.0,0.0,25.8,2.0,0.0,0.0,0.0,0.653,0.702,73.9,0.0,0.0,0.0,,0.0,808.0,55.4,57.2,0.0,0.0,0.0,0.0,141.8,993.2,136.4,923.0,136.4,969.8,140.0,923.0,0.0,0.0,56.84,138.65,115.25,33.44,0.05584722222222222,4.554,0.0,242.6,2026-01-04 14:43:52-08:00,138.64999999999998,83.24999999999997,1.4400000000000048,0.48,0.48,True
178.06,2.0,10.0,2026-01-04 22:46:50,37.08165,-121.59958,297.0,0.0,337.8,-12.6,0.0,0.0,0.0,0.0,0.0,11.1,0.3,241.3,0.0,316.0,-0.0,0.01,1.0,0.0,16.0,0.0,29.88,171.0,0.0,0.0,241.0,0.0,0.0,0.0,0.0,0.0,0.0,0.0,0.0,0.0,0.0,0.0,0.0,0.0,0.0,0.0,0.0,0.0,0.0,0.0,0.0,0.0,0.0,0.0,0.0,74.0,795.0,795.0,12.9,1.3,0.0,1.3,25.8,0.0,0.0,38.1,0.0,0.0,-0.4,0.6,0.2,-10.0,0.0,0.0,25.8,2.0,0.0,0.0,0.0,0.653,0.702,73.9,0.0,0.0,0.0,,0.0,795.0,55.4,57.2,0.0,0.0,0.0,0.0,141.8,995.0,138.2,923.0,138.2,973.4,140.0,923.0,0.0,0.0,57.02,139.55,116.15,33.62,0.05620833333333333,4.554,0.0,242.6,2026-01-04 14:43:52-08:00,139.55,84.15,1.6200000000000045,0.48,0.48,True
179.06,2.0,10.0,2026-01-04 22:46:51,37.08165,-121.59958,298.0,0.0,337.8,-12.6,0.0,0.0,0.0,0.0,0.0,11.1,0.3,241.3,0.0,316.0,-0.0,0.01,1.0,0.0,23.0,0.0,29.88,171.0,0.0,0.0,241.0,0.0,0.0,0.0,0.0,0.0,0.0,0.0,0.0,0.0,0.0,0.0,0.0,0.0,0.0,0.0,0.0,0.0,0.0,0.0,0.0,0.0,0.0,0.0,0.0,74.0,793.0,793.0,13.0,1.3,0.0,1.3,25.8,0.0,0.0,38.1,0.0,0.0,-0.4,0.6,0.2,-10.0,0.0,0.0,25.8,2.0,0.0,0.0,0.0,0.653,0.703,73.7,0.0,0.0,0.0,,0.0,793.0,55.4,57.2,0.0,0.0,0.0,0.0,143.6,995.0,138.2,923.0,138.2,975.2,141.8,923.0,0.0,0.0,57.02,140.45,117.05,33.62,0.05656944444444444,4.554,0.0,242.6,2026-01-04 14:43:52-08:00,140.45,85.04999999999998,1.6200000000000045,0.48,0.48,True
180.06,2.0,10.0,2026-01-04 22:46:52,37.08165,-121.59958,297.0,0.0,337.8,-12.6,0.0,0.0,0.0,0.0,0.0,11.1,0.2,241.3,0.0,317.0,-0.0,0.0,1.0,0.0,8.0,0.0,29.88,175.0,0.0,0.0,241.0,0.0,0.0,0.0,0.0,0.0,0.0,0.0,0.0,0.0,0.0,0.0,0.0,0.0,0.0,0.0,0.0,0.0,0.0,0.0,0.0,0.0,0.0,0.0,0.0,73.0,783.0,783.0,12.9,1.3,0.0,1.3,25.9,0.0,0.0,38.1,0.0,0.0,-0.4,0.6,0.2,-10.0,0.0,0.0,25.9,2.0,0.0,0.0,0.0,0.653,0.702,73.4,0.0,0.0,0.0,,0.0,783.0,55.4,57.2,0.0,0.0,0.0,0.0,145.4,993.2,140.0,924.8,140.0,977.0,141.8,921.2,0.0,0.0,57.02,141.8,118.4,33.62,0.056930555555555554,4.554,0.0,242.6,2026-01-04 14:43:52-08:00,141.8,86.4,1.6200000000000045,0.48,0.48,True
181.06,2.0,10.0,2026-01-04 22:46:53,37.08165,-121.59958,296.0,0.0,337.8,-12.6,0.0,0.0,0.0,0.0,0.0,11.2,0.2,241.3,0.0,317.0,-0.0,0.01,1.0,0.0,38.0,0.0,29.88,175.0,0.0,0.0,241.0,0.0,0.0,0.0,0.0,0.0,0.0,0.0,0.0,0.0,0.0,0.0,0.0,0.0,0.0,0.0,0.0,0.0,0.0,0.0,0.0,0.0,0.0,0.0,0.0,73.0,769.0,769.0,12.9,1.3,0.0,1.3,25.9,0.0,0.0,38.1,0.0,0.0,-0.4,0.6,0.2,-10.0,0.0,0.0,25.9,2.0,0.0,0.0,0.0,0.653,0.702,73.2,0.0,0.0,0.0,,0.0,769.0,55.4,57.2,0.0,0.0,0.0,0.0,145.4,996.8,140.0,924.8,140.0,977.0,141.8,923.0,0.0,0.0,57.02,141.8,118.4,33.62,0.057291666666666664,4.554,0.0,242.6,2026-01-04 14:43:52-08:00,141.8,86.4,1.6200000000000045,0.48,0.48,True
182.06,2.0,10.0,2026-01-04 22:46:54,37.08165,-121.59957,295.0,0.0,337.8,-12.6,0.0,0.0,0.0,0.0,0.0,11.1,0.2,241.3,0.0,317.0,-0.0,0.01,1.0,0.0,1.0,0.0,29.88,175.0,0.0,0.0,241.0,0.0,0.0,0.0,0.0,0.0,0.0,0.0,0.0,0.0,0.0,0.0,0.0,0.0,0.0,0.0,0.0,0.0,0.0,0.0,0.0,0.0,0.0,0.0,0.0,73.0,740.0,740.0,13.1,1.3,0.0,1.3,25.9,0.0,0.0,38.1,0.0,0.0,-0.4,0.6,0.2,-10.0,0.0,0.0,25.9,2.0,0.0,0.0,0.0,0.653,0.702,72.5,0.0,0.0,0.0,,0.0,740.0,55.4,57.2,0.0,0.0,0.0,0.0,145.4,996.8,141.8,924.8,140.0,977.0,143.6,923.0,0.0,0.0,57.2,142.7,119.3,33.8,0.057652777777777775,4.554,0.0,242.6,2026-01-04 14:43:52-08:00,142.70000000000002,87.30000000000001,1.8000000000000043,0.48,0.48,True
183.06,2.0,10.0,2026-01-04 22:46:55,37.08165,-121.59957,295.0,0.0,337.8,-12.6,0.0,0.0,0.0,0.0,0.0,11.1,0.2,241.3,0.0,317.0,-0.0,0.01,1.0,0.0,9.0,0.0,29.88,175.0,0.0,0.0,241.0,0.0,0.0,0.0,0.0,0.0,0.0,0.0,0.0,0.0,0.0,0.0,0.0,0.0,0.0,0.0,0.0,0.0,0.0,0.0,0.0,0.0,0.0,0.0,0.0,72.0,739.0,739.0,13.3,1.2,0.0,1.2,25.9,0.0,0.0,38.1,0.0,0.0,-0.4,0.6,0.2,-10.0,0.0,0.0,25.9,2.0,0.0,0.0,0.0,0.653,0.702,72.2,0.0,0.0,0.0,,0.0,739.0,55.4,57.2,0.0,0.0,0.0,0.0,147.2,996.8,141.8,924.8,141.8,975.2,143.6,924.8,0.0,0.0,57.2,143.6,120.2,33.8,0.058,4.554,0.0,242.6,2026-01-04 14:43:52-08:00,143.6,88.19999999999999,1.8000000000000043,0.48,0.48,True
184.06,2.0,10.0,2026-01-04 22:46:56,37.08164,-121.59957,294.0,0.0,337.8,-12.6,0.0,0.0,0.0,0.0,0.0,11.1,0.2,241.3,0.0,317.0,-0.0,0.01,1.0,0.0,-6.0,0.0,29.88,175.0,0.0,0.0,241.0,0.0,0.0,0.0,0.0,0.0,0.0,0.0,0.0,0.0,0.0,0.0,0.0,0.0,0.0,0.0,0.0,0.0,0.0,0.0,0.0,0.0,0.0,0.0,0.0,72.0,742.0,742.0,13.4,1.2,0.0,1.2,25.9,0.0,0.0,38.1,0.0,0.0,-0.4,0.6,0.2,-10.0,0.0,0.0,25.9,2.0,0.0,0.0,0.0,0.653,0.702,72.0,0.0,0.0,0.0,,0.0,742.0,55.4,57.2,0.0,0.0,0.0,0.0,147.2,998.6,141.8,926.6,141.8,975.2,145.4,923.0,0.0,0.0,57.2,144.05,120.65,33.8,0.058333333333333334,4.554,0.0,242.6,2026-01-04 14:43:52-08:00,144.05,88.65,1.8000000000000043,0.48,0.48,True
185.06,2.0,10.0,2026-01-04 22:46:57,37.08165,-121.59958,292.0,0.1,337.8,-12.6,0.0,0.0,0.0,0.0,0.0,11.1,0.2,241.3,0.0,317.0,-0.0,0.01,1.0,0.0,20.0,0.0,29.88,175.0,0.0,0.0,241.0,0.0,0.0,0.0,0.0,0.0,0.0,0.0,0.0,0.0,0.0,0.0,0.0,0.0,0.0,0.0,0.0,0.0,0.0,0.0,0.0,0.0,0.0,0.0,0.0,72.0,741.0,741.0,13.5,1.2,0.0,1.2,25.8,0.0,0.0,38.1,0.0,0.0,-0.4,0.6,0.2,-10.0,0.0,0.0,25.8,2.0,0.0,0.0,0.0,0.653,0.702,71.8,0.0,0.0,0.0,,0.0,741.0,55.4,57.2,0.0,0.0,0.0,0.0,149.0,998.6,143.6,928.4,143.6,977.0,145.4,923.0,0.0,0.0,57.2,145.4,122.0,33.8,0.058666666666666666,4.638333333333334,0.08333333333333334,242.6,2026-01-04 14:43:52-08:00,145.4,90.0,1.8000000000000043,0.48,0.48,True
186.06,2.0,10.0,2026-01-04 22:46:58,37.08164,-121.59957,292.0,0.0,337.8,-12.6,0.0,0.0,0.0,0.0,0.0,11.1,0.2,241.3,0.0,317.0,-0.0,0.0,1.0,0.0,3.0,0.0,29.88,175.0,0.0,0.0,241.0,0.0,0.0,0.0,0.0,0.0,0.0,0.0,0.0,0.0,0.0,0.0,0.0,0.0,0.0,0.0,0.0,0.0,0.0,0.0,0.0,0.0,0.0,0.0,0.0,72.0,750.0,750.0,13.7,1.2,0.0,1.2,25.8,0.0,0.0,38.1,0.0,0.0,-0.4,0.6,0.2,-10.0,0.0,0.0,25.8,2.0,0.0,0.0,0.0,0.653,0.702,71.8,0.0,0.0,0.0,,0.0,750.0,55.4,57.2,0.0,0.0,0.0,0.0,149.0,998.6,143.6,928.4,143.6,977.0,147.2,923.0,0.0,0.0,57.2,145.85,122.45,33.8,0.059,4.722666666666666,0.0,242.6,2026-01-04 14:43:52-08:00,145.85,90.44999999999999,1.8000000000000043,0.48,0.48,True
187.06,2.0,10.0,2026-01-04 22:46:59,37.08164,-121.59957,291.0,0.1,337.8,-12.6,0.0,0.0,0.0,0.0,0.0,11.1,0.3,241.3,0.0,317.0,-0.0,0.01,1.0,0.0,-47.0,0.0,29.88,175.0,0.0,0.0,241.0,0.0,0.0,0.0,0.0,0.0,0.0,0.0,0.0,0.0,0.0,0.0,0.0,0.0,0.0,0.0,0.0,0.0,0.0,0.0,0.0,0.0,0.0,0.0,0.0,72.0,744.0,744.0,13.5,1.2,0.0,1.2,25.9,0.0,0.0,38.1,0.0,0.0,-0.4,0.6,0.2,-10.0,0.0,0.0,25.9,2.0,0.0,0.0,0.0,0.653,0.702,72.1,0.0,0.0,0.0,,0.0,744.0,55.4,57.2,0.0,0.0,0.0,0.0,150.8,998.6,145.4,930.2,145.4,977.0,147.2,923.0,0.0,0.0,57.379999999999995,147.2,123.8,33.98,0.059333333333333335,4.8069999999999995,0.08333333333333334,242.6,2026-01-04 14:43:52-08:00,147.2,91.79999999999998,1.9799999999999969,0.48,0.48,True
188.06,2.0,10.0,2026-01-04 22:47:00,37.08164,-121.59957,291.0,0.1,337.8,-12.6,0.0,0.0,0.0,0.0,0.0,11.2,0.3,241.3,0.0,317.0,0.0,0.0,1.0,0.0,-45.0,0.0,29.88,175.0,0.0,0.0,241.0,0.0,0.0,0.0,0.0,0.0,0.0,0.0,0.0,0.0,0.0,0.0,0.0,0.0,0.0,0.0,0.0,0.0,0.0,0.0,0.0,0.0,0.0,0.0,0.0,72.0,747.0,747.0,13.5,1.2,0.0,1.2,25.9,0.0,0.0,38.1,0.0,0.0,-0.4,0.6,0.2,-10.0,0.0,0.0,25.9,2.0,0.0,0.0,0.0,0.653,0.702,72.0,0.0,0.0,0.0,,0.0,747.0,55.4,57.2,0.0,0.0,0.0,0.0,150.8,1002.2,145.4,930.2,145.4,977.0,147.2,923.0,0.0,0.0,57.379999999999995,147.2,123.8,33.98,0.059666666666666666,4.975666666666666,0.08333333333333334,242.6,2026-01-04 14:43:52-08:00,147.2,91.79999999999998,1.9799999999999969,0.48,0.48,True
189.06,2.0,10.0,2026-01-04 22:47:01,37.08164,-121.59956,280.0,0.1,337.8,-12.6,0.0,0.0,0.0,0.0,0.0,11.2,0.3,241.3,0.0,317.0,0.0,0.0,1.0,0.0,-33.0,0.0,29.88,175.0,0.0,0.0,241.0,0.0,0.0,0.0,0.0,0.0,0.0,0.0,0.0,0.0,0.0,0.0,0.0,0.0,0.0,0.0,0.0,0.0,0.0,0.0,0.0,0.0,0.0,0.0,0.0,72.0,754.0,754.0,13.5,1.2,0.0,1.2,25.9,0.0,0.0,38.1,0.0,0.0,-0.4,0.6,0.2,-10.0,0.0,0.0,25.9,2.0,0.0,0.0,0.0,0.653,0.702,71.9,0.0,0.0,0.0,,0.0,754.0,55.4,57.2,0.0,0.0,0.0,0.0,150.8,1002.2,145.4,930.2,145.4,978.8,149.0,923.0,0.0,0.0,57.379999999999995,147.65,124.25,33.98,0.06,5.144333333333333,0.08333333333333334,242.6,2026-01-04 14:43:52-08:00,147.64999999999998,92.24999999999997,1.9799999999999969,0.48,0.48,True
190.06,2.0,10.0,2026-01-04 22:47:02,37.08164,-121.59956,280.0,0.0,337.8,-12.6,0.0,0.0,0.0,0.0,0.0,11.2,0.3,241.3,0.0,317.0,-0.0,0.0,0.9,0.0,-11.0,0.0,29.88,175.0,0.0,0.0,241.0,0.0,0.0,0.0,0.0,0.0,0.0,0.0,0.0,0.0,0.0,0.0,0.0,0.0,0.0,0.0,0.0,0.0,0.0,0.0,0.0,0.0,0.0,0.0,0.0,72.0,754.0,754.0,13.3,1.2,0.0,1.2,25.8,0.0,0.0,38.1,0.0,0.0,-0.4,0.6,0.2,-10.0,0.0,0.0,25.8,2.0,0.0,0.0,0.0,0.653,0.702,72.1,0.0,0.0,0.0,,0.0,754.0,55.4,57.2,0.0,0.0,0.0,0.0,152.6,1002.2,147.2,932.0,147.2,978.8,149.0,923.0,0.0,0.0,57.379999999999995,149.0,125.6,33.98,0.060333333333333336,5.228666666666666,0.0,242.6,2026-01-04 14:43:52-08:00,149.0,93.6,1.9799999999999969,0.48,0.48,True
191.06,2.0,10.0,2026-01-04 22:47:03,37.08164,-121.59956,282.0,0.1,337.8,-12.6,0.0,0.0,0.0,0.0,0.0,11.2,0.3,241.3,0.0,317.0,-0.0,0.01,1.0,0.0,-23.0,0.0,29.88,175.0,0.0,0.0,241.0,0.0,0.0,0.0,0.0,0.0,0.0,0.0,0.0,0.0,0.0,0.0,0.0,0.0,0.0,0.0,0.0,0.0,0.0,0.0,0.0,0.0,0.0,0.0,0.0,72.0,739.0,739.0,13.4,1.2,0.0,1.2,25.9,0.0,0.0,38.1,0.0,0.0,-0.4,0.6,0.2,-10.0,0.0,0.0,25.9,2.0,0.0,0.0,0.0,0.653,0.702,71.9,0.0,0.0,0.0,,0.0,739.0,55.4,57.2,0.0,0.0,0.0,0.0,152.6,1004.0,147.2,932.0,147.2,980.6,150.8,923.0,0.0,0.0,57.56,149.45,126.05,34.16,0.06066666666666667,5.313,0.08333333333333334,242.6,2026-01-04 14:43:52-08:00,149.45,94.04999999999998,2.1600000000000037,0.48,0.48,True
192.06,2.0,10.0,2026-01-04 22:47:04,37.08164,-121.59956,283.0,0.1,337.8,-12.6,0.0,0.0,0.0,0.0,0.0,11.1,0.3,241.3,0.0,317.0,0.0,0.0,1.0,0.0,-7.0,0.0,29.88,175.0,0.0,0.0,241.0,0.0,0.0,0.0,0.0,0.0,0.0,0.0,0.0,0.0,0.0,0.0,0.0,0.0,0.0,0.0,0.0,0.0,0.0,0.0,0.0,0.0,0.0,0.0,0.0,72.0,748.0,748.0,13.5,1.2,0.0,1.2,25.9,0.0,0.0,38.1,0.0,0.0,-0.4,0.6,0.2,-10.0,0.0,0.0,25.9,2.0,0.0,0.0,0.0,0.653,0.702,71.8,0.0,0.0,0.0,,0.0,748.0,55.4,57.2,0.0,0.0,0.0,0.0,154.4,1002.2,149.0,933.8,149.0,980.6,150.8,924.8,0.0,0.0,57.56,150.8,127.4,34.16,0.061,5.4816666666666665,0.08333333333333334,242.6,2026-01-04 14:43:52-08:00,150.8,95.4,2.1600000000000037,0.48,0.48,True
193.06,2.0,10.0,2026-01-04 22:47:05,37.08163,-121.59956,283.0,0.2,337.8,-12.6,0.0,0.0,0.0,0.0,0.0,11.2,0.3,241.4,0.0,317.0,0.0,0.01,1.0,0.0,-48.0,0.0,29.88,175.0,0.0,0.0,241.0,0.0,0.0,0.0,0.0,0.0,0.0,0.0,0.0,0.0,0.0,0.0,0.0,0.0,0.0,0.0,0.0,0.0,0.0,0.0,0.0,0.0,0.0,0.0,0.0,74.0,1112.0,1112.0,15.5,1.4,0.0,1.4,25.5,0.0,0.0,38.1,0.0,0.0,-0.4,0.6,0.2,-10.0,0.0,0.0,25.5,2.0,0.0,0.0,0.0,0.667,0.703,73.7,0.0,0.0,0.0,,0.0,1112.0,55.4,57.2,0.0,0.0,0.0,0.0,154.4,1005.8,149.0,935.6,149.0,986.0,152.6,928.4,0.0,0.0,57.56,151.25,127.85,34.16,0.06136111111111111,5.734666666666667,0.14285714285714288,242.6,2026-01-04 14:43:52-08:00,151.25,95.85,2.1600000000000037,0.48,0.48,True
194.06,2.0,10.0,2026-01-04 22:47:06,37.08163,-121.59957,284.0,0.6,337.8,-12.6,0.0,0.0,0.0,0.0,0.0,11.3,0.3,241.7,0.0,317.0,0.1,0.0,0.9,0.0,2.0,0.0,29.88,175.0,0.0,0.0,241.0,0.0,0.0,0.0,0.0,0.0,0.0,0.0,0.0,0.0,0.0,0.0,0.0,0.0,0.0,0.0,0.0,0.0,0.0,0.0,0.0,0.0,0.0,0.0,0.0,75.0,1059.0,1059.0,13.7,1.7,0.0,1.7,25.6,0.0,0.0,38.1,0.0,0.0,-0.4,0.6,0.2,-10.0,0.0,0.0,25.6,2.0,0.0,0.0,0.0,0.662,0.703,75.0,0.0,0.0,0.0,,0.0,1059.0,55.4,57.2,0.0,0.0,0.0,0.0,154.4,1013.0,150.8,946.4,150.8,989.6,152.6,935.6,0.0,0.0,57.56,152.15,128.75,34.16,0.06179166666666667,6.409333333333333,0.35294117647058826,242.6,2026-01-04 14:43:52-08:00,152.15,96.75,2.1600000000000037,0.48,0.48,True
195.06,2.0,10.0,2026-01-04 22:47:07,37.08163,-121.59957,285.0,1.1,332.8,-12.6,0.0,0.0,0.0,0.0,0.0,11.4,0.4,241.2,0.0,317.0,-0.4,0.02,1.0,0.0,9.0,0.0,29.88,175.0,0.0,0.0,241.0,0.0,0.0,0.0,0.0,0.0,0.0,0.0,0.0,0.0,0.0,0.0,0.0,0.0,0.0,0.0,0.0,0.0,0.0,0.0,0.0,0.0,0.0,0.0,0.0,75.0,1062.0,1062.0,13.4,1.9,0.0,1.9,25.6,0.0,0.0,38.1,0.0,0.0,-0.4,0.6,0.2,-10.0,0.0,0.0,25.6,2.0,0.0,0.0,0.0,0.658,0.703,75.5,0.0,0.0,0.0,,0.0,1062.0,55.4,57.2,0.0,0.0,0.0,0.0,156.2,1016.6,150.8,953.6,150.8,989.6,154.4,939.2,0.0,0.0,57.74,153.05,129.65,34.34,0.06229166666666667,7.843,0.5789473684210527,242.6,2026-01-04 14:43:52-08:00,153.05,97.65,2.3400000000000034,0.48,0.48,True
196.06,2.0,10.0,2026-01-04 22:47:08,37.08163,-121.59958,286.0,1.1,292.6,-12.6,0.0,0.0,0.0,0.0,0.0,11.6,0.4,241.9,0.0,317.0,0.2,0.0,1.0,0.0,-6.0,0.0,29.88,175.0,0.0,0.0,241.0,0.0,0.0,0.0,0.0,0.0,0.0,0.0,0.0,0.0,0.0,0.0,0.0,0.0,0.0,0.0,0.0,0.0,0.0,0.0,0.0,0.0,0.0,0.0,0.0,75.0,836.0,836.0,11.8,1.9,0.0,1.9,26.0,0.0,0.0,38.1,0.0,0.0,-0.4,0.6,0.2,-10.0,0.0,0.0,26.0,2.0,0.0,0.0,0.0,0.663,0.703,74.9,0.0,0.0,0.0,,0.0,836.0,55.4,57.2,0.0,0.0,0.0,0.0,156.2,1014.8,152.6,955.4,152.6,989.6,154.4,942.8,0.0,0.0,57.74,153.95,130.55,34.34,0.06281944444444444,9.698333333333332,0.5789473684210527,242.6,2026-01-04 14:43:52-08:00,153.95,98.54999999999998,2.3400000000000034,0.48,0.48,True
197.06,2.0,10.0,2026-01-04 22:47:09,37.08163,-121.59959,286.0,1.0,281.7,-12.6,0.0,0.0,0.0,0.0,0.0,11.7,0.4,242.4,0.0,317.0,0.3,0.0,1.1,0.0,-25.0,0.0,29.88,175.0,0.0,0.0,241.0,0.0,0.0,0.0,0.0,0.0,0.0,0.0,0.0,0.0,0.0,0.0,0.0,0.0,0.0,0.0,0.0,0.0,0.0,0.0,0.0,0.0,0.0,0.0,0.0,73.0,758.0,758.0,12.6,1.8,0.0,1.8,25.8,0.0,0.0,38.1,0.0,0.0,-0.4,0.6,0.2,-10.0,0.0,0.0,25.8,2.0,0.0,0.0,0.0,0.659,0.703,73.3,0.0,0.0,0.0,,0.0,758.0,55.4,57.2,0.0,0.0,0.0,0.0,158.0,1018.4,152.6,953.6,152.6,986.0,156.2,941.0,0.0,0.0,57.74,154.85,131.45,34.34,0.06333333333333334,11.469333333333333,0.5555555555555556,242.6,2026-01-04 14:43:52-08:00,154.85,99.44999999999999,2.3400000000000034,0.48,0.48,True
198.06,2.0,10.0,2026-01-04 22:47:10,37.08163,-121.59959,286.0,0.3,280.8,-12.6,0.0,0.0,0.0,0.0,0.0,11.4,0.3,242.3,0.0,317.0,0.2,0.0,0.9,0.0,-33.0,0.0,29.88,175.0,0.0,0.0,241.0,0.0,0.0,0.0,0.0,0.0,0.0,0.0,0.0,0.0,0.0,0.0,0.0,0.0,0.0,0.0,0.0,0.0,0.0,0.0,0.0,0.0,0.0,0.0,0.0,72.0,748.0,748.0,13.2,1.6,0.0,1.6,25.9,0.0,0.0,38.1,0.0,0.0,-0.4,0.6,0.2,-10.0,0.0,0.0,25.9,2.0,0.0,0.0,0.0,0.665,0.703,72.2,0.0,0.0,0.0,,0.0,748.0,55.4,57.2,0.0,0.0,0.0,0.0,158.0,1018.4,154.4,953.6,154.4,984.2,156.2,939.2,0.0,0.0,57.74,155.75,132.35,34.34,0.06380555555555556,12.565666666666665,0.18749999999999997,242.6,2026-01-04 14:43:52-08:00,155.75,100.35,2.3400000000000034,0.48,0.48,True
199.06,2.0,10.0,2026-01-04 22:47:11,37.08162,-121.59959,287.0,0.1,280.8,-12.6,0.0,0.0,0.0,0.0,0.0,11.2,0.3,242.1,0.0,317.0,0.0,0.0,1.0,0.0,-42.0,0.0,29.88,175.0,0.0,0.0,241.0,0.0,0.0,0.0,0.0,0.0,0.0,0.0,0.0,0.0,0.0,0.0,0.0,0.0,0.0,0.0,0.0,0.0,0.0,0.0,0.0,0.0,0.0,0.0,0.0,72.0,761.0,761.0,13.3,1.5,0.0,1.5,25.8,0.0,0.0,38.1,0.0,0.0,-0.4,0.6,0.2,-10.0,0.0,0.0,25.8,2.0,0.0,0.0,0.0,0.662,0.703,71.9,0.0,0.0,0.0,,0.0,761.0,55.4,57.2,0.0,0.0,0.0,0.0,159.8,1018.4,154.4,953.6,154.4,980.6,156.2,939.2,0.0,0.0,57.92,156.2,132.8,34.52,0.0642361111111111,12.902999999999999,0.06666666666666667,242.6,2026-01-04 14:43:52-08:00,156.2,100.79999999999998,2.520000000000003,0.48,0.48,True
200.06,2.0,10.0,2026-01-04 22:47:12,37.08162,-121.59959,287.0,0.0,280.8,-12.6,0.0,0.0,0.0,0.0,0.0,11.1,0.2,241.9,0.0,317.0,-0.0,0.01,1.0,0.0,-27.0,0.0,29.88,175.0,0.0,0.0,241.0,0.0,0.0,0.0,0.0,0.0,0.0,0.0,0.0,0.0,0.0,0.0,0.0,0.0,0.0,0.0,0.0,0.0,0.0,0.0,0.0,0.0,0.0,0.0,0.0,71.0,746.0,746.0,13.5,1.5,0.0,1.5,25.8,0.0,0.0,38.1,0.0,0.0,-0.4,0.6,0.2,-10.0,0.0,0.0,25.8,2.0,0.0,0.0,0.0,0.662,0.703,71.3,0.0,0.0,0.0,,0.0,746.0,55.4,57.2,0.0,0.0,0.0,0.0,159.8,1018.4,154.4,953.6,156.2,980.6,156.2,939.2,0.0,0.0,57.92,156.65,133.25,34.52,0.06465277777777778,12.987333333333332,0.0,242.6,2026-01-04 14:43:52-08:00,156.64999999999998,101.24999999999997,2.520000000000003,0.48,0.48,True
201.06,2.0,10.0,2026-01-04 22:47:13,37.08162,-121.59959,288.0,0.1,280.8,-12.6,0.0,0.0,0.0,0.0,0.0,11.1,0.2,241.8,0.0,317.0,0.0,0.01,1.0,0.0,-8.0,0.0,29.88,176.0,0.0,0.0,241.0,0.0,0.0,0.0,0.0,0.0,0.0,0.0,0.0,0.0,0.0,0.0,0.0,0.0,0.0,0.0,0.0,0.0,0.0,0.0,0.0,0.0,0.0,0.0,0.0,71.0,753.0,753.0,13.6,1.4,0.0,1.4,25.8,0.0,0.0,38.1,0.0,0.0,-0.4,0.6,0.2,-10.0,0.0,0.0,25.8,2.0,0.0,0.0,0.0,0.662,0.703,71.4,0.0,0.0,0.0,,0.0,753.0,55.4,57.2,0.0,0.0,0.0,0.0,161.6,1020.2,156.2,951.8,156.2,980.6,158.0,937.4,0.0,0.0,57.92,158.0,134.6,34.52,0.06505555555555556,13.071666666666665,0.07142857142857144,242.6,2026-01-04 14:43:52-08:00,158.0,102.6,2.520000000000003,0.48,0.48,True
202.06,2.0,9.0,2026-01-04 22:47:14,37.08162,-121.59959,287.0,0.0,280.8,-12.6,0.0,0.0,0.0,0.0,0.0,11.1,0.2,241.7,0.0,317.0,-0.0,0.01,1.0,0.0,-40.0,0.0,29.88,176.0,0.0,0.0,241.0,0.0,0.0,0.0,0.0,0.0,0.0,0.0,0.0,0.0,0.0,0.0,0.0,0.0,0.0,0.0,0.0,0.0,0.0,0.0,0.0,0.0,0.0,0.0,0.0,72.0,744.0,744.0,13.4,1.4,0.0,1.4,25.9,0.0,0.0,38.1,0.0,0.0,-0.4,0.6,0.2,-10.0,0.0,0.0,25.9,2.0,0.0,0.0,0.0,0.66,0.703,71.5,0.0,0.0,0.0,,0.0,744.0,55.4,57.2,0.0,0.0,0.0,0.0,161.6,1020.2,156.2,951.8,156.2,978.8,158.0,937.4,0.0,0.0,57.92,158.0,134.6,34.52,0.06544444444444444,13.155999999999999,0.0,242.6,2026-01-04 14:43:52-08:00,158.0,102.6,2.520000000000003,0.48,0.48,True
203.06,2.0,9.0,2026-01-04 22:47:15,37.08163,-121.59959,288.0,0.0,280.8,-12.6,0.0,0.0,0.0,0.0,0.0,11.1,0.2,241.7,0.0,316.0,-0.0,0.01,1.0,0.0,-60.0,0.0,29.88,176.0,0.0,0.0,241.0,0.0,0.0,0.0,0.0,0.0,0.0,0.0,0.0,0.0,0.0,0.0,0.0,0.0,0.0,0.0,0.0,0.0,0.0,0.0,0.0,0.0,0.0,0.0,0.0,72.0,762.0,762.0,13.4,1.4,0.0,1.4,25.8,0.0,0.0,38.1,0.0,0.0,-0.4,0.6,0.2,-10.0,0.0,0.0,25.8,2.0,0.0,0.0,0.0,0.66,0.703,71.6,0.0,0.0,0.0,,0.0,762.0,55.4,57.2,0.0,0.0,0.0,0.0,161.6,1022.0,156.2,951.8,156.2,977.0,159.8,935.6,0.0,0.0,58.1,158.45,135.05,34.7,0.06583333333333333,13.155999999999999,0.0,242.6,2026-01-04 14:43:52-08:00,158.45,103.04999999999998,2.700000000000003,0.48,0.48,True
204.06,2.0,9.0,2026-01-04 22:47:16,37.08163,-121.59959,290.0,0.0,280.8,-12.6,0.0,0.0,0.0,0.0,0.0,11.2,0.2,241.7,0.0,315.0,-0.0,0.0,1.0,0.0,-45.0,0.0,29.88,174.0,0.0,0.0,241.0,0.0,0.0,0.0,0.0,0.0,0.0,0.0,0.0,0.0,0.0,0.0,0.0,0.0,0.0,0.0,0.0,0.0,0.0,0.0,0.0,0.0,0.0,0.0,0.0,71.0,738.0,738.0,13.6,1.4,0.0,1.4,25.8,0.0,0.0,38.1,0.0,0.0,-0.4,0.6,0.2,-10.0,0.0,0.0,25.8,2.0,0.0,0.0,0.0,0.66,0.703,71.3,0.0,0.0,0.0,,0.0,738.0,55.4,57.2,0.0,0.0,0.0,0.0,163.4,1023.8,158.0,951.8,158.0,977.0,159.8,935.6,0.0,0.0,58.1,159.8,136.4,34.7,0.06622222222222222,13.155999999999999,0.0,242.6,2026-01-04 14:43:52-08:00,159.8,104.4,2.700000000000003,0.48,0.48,True
205.06,2.0,9.0,2026-01-04 22:47:17,37.08163,-121.59959,290.0,0.0,280.8,-12.6,0.0,0.0,0.0,0.0,0.0,11.2,0.3,241.8,0.0,315.0,-0.0,0.01,1.0,0.0,-16.0,0.0,29.88,174.0,0.0,0.0,241.0,0.0,0.0,0.0,0.0,0.0,0.0,0.0,0.0,0.0,0.0,0.0,0.0,0.0,0.0,0.0,0.0,0.0,0.0,0.0,0.0,0.0,0.0,0.0,0.0,71.0,761.0,761.0,13.5,1.3,0.0,1.3,25.9,0.0,0.0,38.1,0.0,0.0,-0.4,0.6,0.2,-10.0,0.0,0.0,25.9,2.0,0.0,0.0,0.0,0.66,0.703,71.3,0.0,0.0,0.0,,0.0,761.0,55.4,59.0,0.0,0.0,0.0,0.0,163.4,1022.0,158.0,951.8,158.0,978.8,161.6,935.6,0.0,0.0,58.1,160.25,136.85,34.7,0.06659722222222222,13.155999999999999,0.0,242.6,2026-01-04 14:43:52-08:00,160.25,104.85,2.700000000000003,0.48,0.48,True
206.06,2.0,9.0,2026-01-04 22:47:18,37.08162,-121.5996,285.0,0.0,280.8,-12.6,0.0,0.0,0.0,0.0,0.0,11.2,0.2,241.8,0.0,315.0,-0.0,0.01,1.0,0.0,-16.0,0.0,29.88,174.0,0.0,0.0,241.0,0.0,0.0,0.0,0.0,0.0,0.0,0.0,0.0,0.0,0.0,0.0,0.0,0.0,0.0,0.0,0.0,0.0,0.0,0.0,0.0,0.0,0.0,0.0,0.0,72.0,757.0,757.0,13.3,1.3,0.0,1.3,25.9,0.0,0.0,38.1,0.0,0.0,-0.4,0.6,0.2,-10.0,0.0,0.0,25.9,2.0,0.0,0.0,0.0,0.659,0.703,71.6,0.0,0.0,0.0,,0.0,757.0,55.4,59.0,0.0,0.0,0.0,0.0,165.2,1022.0,159.8,950.0,159.8,978.8,161.6,933.8,0.0,0.0,58.1,161.6,138.2,34.7,0.06695833333333333,13.155999999999999,0.0,242.6,2026-01-04 14:43:52-08:00,161.6,106.19999999999999,2.700000000000003,0.48,0.48,True
207.06,2.0,9.0,2026-01-04 22:47:19,37.0816,-121.59959,294.0,0.0,280.8,-12.6,0.0,0.0,0.0,0.0,0.0,11.2,0.2,241.8,0.0,315.0,-0.0,0.01,1.0,0.0,-22.0,0.0,29.88,183.0,0.0,0.0,241.0,0.0,0.0,0.0,0.0,0.0,0.0,0.0,0.0,0.0,0.0,0.0,0.0,0.0,0.0,0.0,0.0,0.0,0.0,0.0,0.0,0.0,0.0,0.0,0.0,71.0,750.0,750.0,13.4,1.3,0.0,1.3,25.8,0.0,0.0,38.1,0.0,0.0,-0.4,0.6,0.2,-10.0,0.0,0.0,25.8,2.0,0.0,0.0,0.0,0.659,0.702,71.4,0.0,0.0,0.0,,0.0,750.0,55.4,59.0,0.0,0.0,0.0,0.0,165.2,1020.2,159.8,950.0,159.8,978.8,161.6,933.8,0.0,0.0,58.1,161.6,138.2,34.7,0.06731944444444445,13.155999999999999,0.0,242.6,2026-01-04 14:43:52-08:00,161.6,106.19999999999999,2.700000000000003,0.48,0.48,True
208.06,2.0,9.0,2026-01-04 22:47:20,37.08161,-121.59959,295.0,0.1,280.8,-12.6,0.0,0.0,0.0,0.0,0.0,11.2,0.2,241.8,0.0,314.0,-0.0,0.01,1.0,0.0,-5.0,0.0,29.88,182.0,0.0,0.0,241.0,0.0,0.0,0.0,0.0,0.0,0.0,0.0,0.0,0.0,0.0,0.0,0.0,0.0,0.0,0.0,0.0,0.0,0.0,0.0,0.0,0.0,0.0,0.0,0.0,71.0,757.0,757.0,13.4,1.3,0.0,1.3,25.9,0.0,0.0,38.1,0.0,0.0,-0.4,0.6,0.2,-10.0,0.0,0.0,25.9,2.0,0.0,0.0,0.0,0.659,0.703,71.4,0.0,0.0,0.0,,0.0,757.0,55.4,59.0,0.0,0.0,0.0,0.0,165.2,1022.0,159.8,951.8,161.6,978.8,161.6,933.8,0.0,0.0,58.28,162.05,138.65,34.88,0.06768055555555555,13.240333333333332,0.07692307692307693,242.6,2026-01-04 14:43:52-08:00,162.05,106.65,2.8800000000000026,0.48,0.48,True
209.06,2.0,9.0,2026-01-04 22:47:21,37.0816,-121.59959,296.0,0.0,280.8,-12.6,0.0,0.0,0.0,0.0,0.0,11.2,0.2,241.8,0.0,314.0,-0.0,0.01,1.0,0.0,-22.0,0.0,29.88,182.0,0.0,0.0,241.0,0.0,0.0,0.0,0.0,0.0,0.0,0.0,0.0,0.0,0.0,0.0,0.0,0.0,0.0,0.0,0.0,0.0,0.0,0.0,0.0,0.0,0.0,0.0,0.0,71.0,760.0,760.0,13.4,1.3,0.0,1.3,25.9,0.0,0.0,38.1,0.0,0.0,-0.4,0.6,0.2,-10.0,0.0,0.0,25.9,2.0,0.0,0.0,0.0,0.659,0.703,71.4,0.0,0.0,0.0,,0.0,760.0,55.4,59.0,0.0,0.0,0.0,0.0,167.0,1022.0,161.6,950.0,161.6,980.6,163.4,932.0,0.0,0.0,58.28,163.4,140.0,34.88,0.06804166666666667,13.324666666666666,0.0,242.6,2026-01-04 14:43:52-08:00,163.4,108.0,2.8800000000000026,0.48,0.48,True
210.06,2.0,10.0,2026-01-04 22:47:22,37.08161,-121.5996,287.0,0.0,280.8,-12.6,0.0,0.0,0.0,0.0,0.0,11.2,0.2,241.8,0.0,313.0,-0.0,0.01,1.0,0.0,-38.0,0.0,29.88,181.0,0.0,0.0,241.0,0.0,0.0,0.0,0.0,0.0,0.0,0.0,0.0,0.0,0.0,0.0,0.0,0.0,0.0,0.0,0.0,0.0,0.0,0.0,0.0,0.0,0.0,0.0,0.0,71.0,742.0,742.0,13.6,1.3,0.0,1.3,25.8,0.0,0.0,38.1,0.0,0.0,-0.4,0.6,0.2,-10.0,0.0,0.0,25.8,2.0,0.0,0.0,0.0,0.659,0.703,71.1,0.0,0.0,0.0,,0.0,742.0,55.4,59.0,0.0,0.0,0.0,0.0,167.0,1022.0,161.6,950.0,161.6,978.8,163.4,932.0,0.0,0.0,58.28,163.4,140.0,34.88,0.06840277777777778,13.324666666666666,0.0,242.6,2026-01-04 14:43:52-08:00,163.4,108.0,2.8800000000000026,0.48,0.48,True
211.06,2.0,10.0,2026-01-04 22:47:23,37.08161,-121.5996,287.0,0.0,280.8,-12.6,0.0,0.0,0.0,0.0,0.0,11.2,0.2,241.9,0.0,313.0,-0.0,0.0,1.0,0.0,-18.0,0.0,29.88,181.0,0.0,0.0,241.0,0.0,0.0,0.0,0.0,0.0,0.0,0.0,0.0,0.0,0.0,0.0,0.0,0.0,0.0,0.0,0.0,0.0,0.0,0.0,0.0,0.0,0.0,0.0,0.0,71.0,763.0,763.0,13.6,1.3,0.0,1.3,25.8,0.0,0.0,38.1,0.0,0.0,-0.4,0.6,0.2,-10.0,0.0,0.0,25.8,2.0,0.0,0.0,0.0,0.659,0.702,71.1,0.0,0.0,0.0,,0.0,763.0,55.4,59.0,0.0,0.0,0.0,0.0,168.8,1020.2,163.4,950.0,163.4,978.8,165.2,932.0,0.0,0.0,58.28,165.2,141.8,34.88,0.06876388888888889,13.324666666666666,0.0,242.6,2026-01-04 14:43:52-08:00,165.2,109.79999999999998,2.8800000000000026,0.48,0.48,True
212.06,2.0,10.0,2026-01-04 22:47:24,37.08161,-121.5996,287.0,0.1,280.8,-12.6,0.0,0.0,0.0,0.0,0.0,11.2,0.2,241.9,0.0,313.0,0.0,0.0,1.0,0.0,-13.0,0.0,29.88,181.0,0.0,0.0,241.0,0.0,0.0,0.0,0.0,0.0,0.0,0.0,0.0,0.0,0.0,0.0,0.0,0.0,0.0,0.0,0.0,0.0,0.0,0.0,0.0,0.0,0.0,0.0,0.0,71.0,752.0,752.0,13.6,1.3,0.0,1.3,25.9,0.0,0.0,38.1,0.0,0.0,-0.4,0.6,0.2,-10.0,0.0,0.0,25.9,2.0,0.0,0.0,0.0,0.658,0.703,71.1,0.0,0.0,0.0,,0.0,752.0,55.4,59.0,0.0,0.0,0.0,0.0,168.8,1022.0,163.4,950.0,163.4,977.0,165.2,932.0,0.0,0.0,58.459999999999994,165.2,141.8,35.06,0.069125,13.408999999999999,0.07692307692307693,242.6,2026-01-04 14:43:52-08:00,165.2,109.79999999999998,3.059999999999995,0.48,0.48,True
213.06,2.0,10.0,2026-01-04 22:47:25,37.08161,-121.5996,287.0,0.1,280.8,-12.6,0.0,0.0,0.0,0.0,0.0,11.2,0.3,241.9,0.0,312.0,0.0,0.01,1.0,0.0,-22.0,0.0,29.88,181.0,0.0,0.0,241.0,0.0,0.0,0.0,0.0,0.0,0.0,0.0,0.0,0.0,0.0,0.0,0.0,0.0,0.0,0.0,0.0,0.0,0.0,0.0,0.0,0.0,0.0,0.0,0.0,71.0,749.0,749.0,13.6,1.3,0.0,1.3,25.9,0.0,0.0,38.1,0.0,0.0,-0.4,0.6,0.2,-10.0,0.0,0.0,25.9,2.0,0.0,0.0,0.0,0.658,0.703,71.0,0.0,0.0,0.0,,0.0,749.0,55.4,59.0,0.0,0.0,0.0,0.0,168.8,1023.8,165.2,950.0,165.2,978.8,165.2,930.2,0.0,0.0,58.459999999999994,166.1,142.7,35.06,0.06948611111111111,13.577666666666666,0.07692307692307693,242.6,2026-01-04 14:43:52-08:00,166.1,110.69999999999999,3.059999999999995,0.48,0.48,True
214.06,2.0,10.0,2026-01-04 22:47:26,37.08161,-121.5996,287.0,0.0,280.8,-12.6,0.0,0.0,0.0,0.0,0.0,11.2,0.3,241.9,0.0,312.0,-0.0,0.01,1.0,0.0,-18.0,0.0,29.88,180.0,0.0,0.0,241.0,0.0,0.0,0.0,0.0,0.0,0.0,0.0,0.0,0.0,0.0,0.0,0.0,0.0,0.0,0.0,0.0,0.0,0.0,0.0,0.0,0.0,0.0,0.0,0.0,71.0,758.0,758.0,13.6,1.2,0.0,1.2,25.8,0.0,0.0,38.1,0.0,0.0,-0.4,0.6,0.2,-10.0,0.0,0.0,25.8,2.0,0.0,0.0,0.0,0.658,0.703,71.0,0.0,0.0,0.0,,0.0,758.0,55.4,59.0,0.0,0.0,0.0,0.0,170.6,1023.8,165.2,950.0,165.2,978.8,167.0,930.2,0.0,0.0,58.459999999999994,167.0,143.6,35.06,0.06983333333333333,13.661999999999999,0.0,242.6,2026-01-04 14:43:52-08:00,167.0,111.6,3.059999999999995,0.48,0.48,True
215.06,2.0,10.0,2026-01-04 22:47:27,37.08161,-121.5996,287.0,0.0,280.8,-12.6,0.0,0.0,0.0,0.0,0.0,11.2,0.3,241.9,0.0,312.0,-0.0,0.0,1.0,0.0,-11.0,0.0,29.88,180.0,0.0,0.0,241.0,0.0,0.0,0.0,0.0,0.0,0.0,0.0,0.0,0.0,0.0,0.0,0.0,0.0,0.0,0.0,0.0,0.0,0.0,0.0,0.0,0.0,0.0,0.0,0.0,71.0,765.0,765.0,13.5,1.2,0.0,1.2,25.8,0.0,0.0,38.1,0.0,0.0,-0.4,0.6,0.2,-10.0,0.0,0.0,25.8,2.0,0.0,0.0,0.0,0.658,0.703,71.1,0.0,0.0,0.0,,0.0,765.0,55.4,59.0,0.0,0.0,0.0,0.0,170.6,1023.8,165.2,950.0,165.2,978.8,167.0,928.4,0.0,0.0,58.459999999999994,167.0,143.6,35.06,0.07016666666666667,13.661999999999999,0.0,242.6,2026-01-04 14:43:52-08:00,167.0,111.6,3.059999999999995,0.48,0.48,True
216.06,2.0,10.0,2026-01-04 22:47:28,37.08161,-121.59961,286.0,0.0,280.8,-12.6,0.0,0.0,0.0,0.0,0.0,11.2,0.2,241.9,0.0,312.0,-0.0,0.0,1.0,0.0,-5.0,0.0,29.88,180.0,0.0,0.0,241.0,0.0,0.0,0.0,0.0,0.0,0.0,0.0,0.0,0.0,0.0,0.0,0.0,0.0,0.0,0.0,0.0,0.0,0.0,0.0,0.0,0.0,0.0,0.0,0.0,71.0,769.0,769.0,13.4,1.2,0.0,1.2,25.9,0.0,0.0,38.1,0.0,0.0,-0.4,0.6,0.2,-10.0,0.0,0.0,25.9,2.0,0.0,0.0,0.0,0.662,0.703,71.5,0.0,0.0,0.0,,0.0,769.0,55.4,59.0,0.0,0.0,0.0,0.0,170.6,1022.0,165.2,951.8,167.0,978.8,167.0,930.2,0.0,0.0,58.64,167.45,144.05,35.24,0.07050000000000001,13.661999999999999,0.0,242.6,2026-01-04 14:43:52-08:00,167.45,112.04999999999998,3.240000000000002,0.48,0.48,True
217.06,2.0,10.0,2026-01-04 22:47:29,37.08161,-121.59961,285.0,0.1,280.8,-12.6,0.0,0.0,0.0,0.0,0.0,11.3,0.3,241.9,0.0,312.0,0.0,0.01,1.0,0.0,16.0,0.0,29.88,181.0,0.0,0.0,241.0,0.0,0.0,0.0,0.0,0.0,0.0,0.0,0.0,0.0,0.0,0.0,0.0,0.0,0.0,0.0,0.0,0.0,0.0,0.0,0.0,0.0,0.0,0.0,0.0,71.0,756.0,756.0,13.4,1.3,0.0,1.3,25.8,0.0,0.0,38.1,0.0,0.0,-0.4,0.6,0.2,-10.0,0.0,0.0,25.8,2.0,0.0,0.0,0.0,0.659,0.702,71.2,0.0,0.0,0.0,,0.0,756.0,55.4,59.0,0.0,0.0,0.0,0.0,172.4,1023.8,167.0,951.8,167.0,978.8,168.8,930.2,0.0,0.0,58.64,168.8,145.4,35.24,0.07084722222222223,13.746333333333332,0.07692307692307693,242.6,2026-01-04 14:43:52-08:00,168.8,113.4,3.240000000000002,0.48,0.48,True
218.06,2.0,10.0,2026-01-04 22:47:30,37.08164,-121.5996,292.0,0.0,280.8,-12.6,0.0,0.0,0.0,0.0,0.0,11.3,0.3,242.0,0.0,312.0,-0.0,0.01,1.0,0.0,27.0,0.0,29.88,181.0,0.0,0.0,241.0,0.0,0.0,0.0,0.0,0.0,0.0,0.0,0.0,0.0,0.0,0.0,0.0,0.0,0.0,0.0,0.0,0.0,0.0,0.0,0.0,0.0,0.0,0.0,0.0,71.0,783.0,783.0,13.4,1.3,0.0,1.3,25.9,0.0,0.0,38.1,0.0,0.0,-0.4,0.6,0.2,-10.0,0.0,0.0,25.9,2.0,0.0,0.0,0.0,0.658,0.702,71.4,0.0,0.0,0.0,,0.0,783.0,55.4,59.0,0.0,0.0,0.0,0.0,172.4,1023.8,167.0,950.0,168.8,980.6,168.8,930.2,0.0,0.0,58.64,169.25,145.85,35.24,0.07120833333333333,13.830666666666666,0.0,242.6,2026-01-04 14:43:52-08:00,169.25,113.85,3.240000000000002,0.48,0.48,True
219.06,2.0,10.0,2026-01-04 22:47:31,37.08164,-121.59961,300.0,0.1,280.8,-12.6,0.0,0.0,0.0,0.0,0.0,11.3,0.2,241.9,0.0,312.0,-0.0,0.0,1.0,0.0,33.0,0.0,29.88,180.0,0.0,0.0,241.0,0.0,0.0,0.0,0.0,0.0,0.0,0.0,0.0,0.0,0.0,0.0,0.0,0.0,0.0,0.0,0.0,0.0,0.0,0.0,0.0,0.0,0.0,0.0,0.0,72.0,799.0,799.0,13.2,1.3,0.0,1.3,25.9,0.0,0.0,38.1,0.0,0.0,-0.4,0.6,0.2,-10.0,0.0,0.0,25.9,2.0,0.0,0.0,0.0,0.657,0.702,72.0,0.0,0.0,0.0,,0.0,799.0,55.4,59.0,0.0,0.0,0.0,0.0,174.2,1022.0,168.8,951.8,168.8,982.4,168.8,930.2,0.0,0.0,58.64,170.15,146.75,35.24,0.07156944444444445,13.915,0.07692307692307693,242.6,2026-01-04 14:43:52-08:00,170.15,114.75,3.240000000000002,0.48,0.48,True
220.06,2.0,10.0,2026-01-04 22:47:32,37.08165,-121.5997,200.0,0.0,280.8,-12.6,0.0,0.0,0.0,0.0,0.0,11.3,0.2,241.9,0.0,312.0,-0.1,0.01,1.0,0.0,20.0,0.0,29.88,180.0,0.0,0.0,241.0,0.0,0.0,0.0,0.0,0.0,0.0,0.0,0.0,0.0,0.0,0.0,0.0,0.0,0.0,0.0,0.0,0.0,0.0,0.0,0.0,0.0,0.0,0.0,0.0,72.0,802.0,802.0,13.0,1.3,0.0,1.3,25.9,0.0,0.0,38.1,0.0,0.0,-0.4,0.6,0.2,-10.0,0.0,0.0,25.9,2.0,0.0,0.0,0.0,0.657,0.703,72.4,0.0,0.0,0.0,,0.0,802.0,55.4,59.0,0.0,0.0,0.0,0.0,174.2,1023.8,168.8,950.0,170.6,982.4,170.6,930.2,0.0,0.0,58.82,171.05,147.65,35.42,0.07193055555555555,13.999333333333333,0.0,242.6,2026-01-04 14:43:52-08:00,171.05,115.65,3.4200000000000017,0.48,0.48,True
221.06,2.0,10.0,2026-01-04 22:47:33,37.08165,-121.5997,199.0,0.1,280.8,-12.6,0.0,0.0,0.0,0.0,0.0,11.2,0.3,241.9,0.0,312.0,-0.0,0.01,1.0,0.0,17.0,0.0,29.88,180.0,0.0,0.0,241.0,0.0,0.0,0.0,0.0,0.0,0.0,0.0,0.0,0.0,0.0,0.0,0.0,0.0,0.0,0.0,0.0,0.0,0.0,0.0,0.0,0.0,0.0,0.0,0.0,72.0,800.0,800.0,12.8,1.2,0.0,1.2,25.9,0.0,0.0,38.1,0.0,0.0,-0.4,0.6,0.2,-10.0,0.0,0.0,25.9,2.0,0.0,0.0,0.0,0.657,0.703,72.4,0.0,0.0,0.0,,0.0,800.0,55.4,59.0,0.0,0.0,0.0,0.0,176.0,1023.8,168.8,950.0,170.6,984.2,170.6,930.2,0.0,0.0,58.82,171.5,148.1,35.42,0.07227777777777777,14.083666666666666,0.08333333333333334,242.6,2026-01-04 14:43:52-08:00,171.5,116.1,3.4200000000000017,0.48,0.48,True
222.06,1.0,10.0,2026-01-04 22:47:34,37.08163,-121.59961,302.0,0.0,280.8,-12.6,0.0,0.0,0.0,0.0,0.0,11.2,0.3,241.8,0.0,312.0,-0.0,0.01,1.0,0.0,15.0,0.0,29.88,181.0,0.0,0.0,241.0,0.0,0.0,0.0,0.0,0.0,0.0,0.0,0.0,0.0,0.0,0.0,0.0,0.0,0.0,0.0,0.0,0.0,0.0,0.0,0.0,0.0,0.0,0.0,0.0,74.0,931.0,931.0,13.1,1.3,0.0,1.3,25.8,0.0,0.0,38.1,0.0,0.0,-0.4,0.6,0.2,-10.0,0.0,0.0,25.8,2.0,0.0,0.0,0.0,0.665,0.703,73.6,0.0,0.0,0.0,,0.0,931.0,55.4,59.0,0.0,0.0,0.0,0.0,176.0,1022.0,170.6,950.0,170.6,987.8,170.6,930.2,0.0,0.0,58.82,171.95,148.55,35.42,0.072625,14.168,0.0,242.6,2026-01-04 14:43:52-08:00,171.95,116.54999999999998,3.4200000000000017,0.48,0.48,True
223.06,1.0,10.0,2026-01-04 22:47:35,37.08163,-121.59961,302.0,0.1,280.8,-12.6,0.0,0.0,0.0,0.0,0.0,11.2,0.3,241.8,0.0,312.0,-0.0,0.0,1.0,0.0,22.0,0.0,29.88,181.0,0.0,0.0,241.0,0.0,0.0,0.0,0.0,0.0,0.0,0.0,0.0,0.0,0.0,0.0,0.0,0.0,0.0,0.0,0.0,0.0,0.0,0.0,0.0,0.0,0.0,0.0,0.0,75.0,975.0,975.0,12.9,1.4,0.0,1.4,25.8,0.0,0.0,38.1,0.0,0.0,-0.4,0.6,0.2,-10.0,0.0,0.0,25.8,2.0,0.0,0.0,0.0,0.659,0.703,74.9,0.0,0.0,0.0,,0.0,975.0,55.4,59.0,0.0,0.0,0.0,0.0,176.0,1025.6,170.6,951.8,172.4,989.6,172.4,933.8,0.0,0.0,58.82,172.85,149.45,35.42,0.073,14.252333333333333,0.07142857142857144,242.6,2026-01-04 14:43:52-08:00,172.85,117.44999999999999,3.4200000000000017,0.48,0.48,True
224.06,1.0,10.0,2026-01-04 22:47:36,37.08163,-121.59961,302.0,0.0,280.8,-12.6,0.0,0.0,0.0,0.0,0.0,11.2,0.3,241.8,0.0,312.0,-0.0,0.0,1.0,0.0,45.0,0.0,29.88,181.0,0.0,0.0,241.0,0.0,0.0,0.0,0.0,0.0,0.0,0.0,0.0,0.0,0.0,0.0,0.0,0.0,0.0,0.0,0.0,0.0,0.0,0.0,0.0,0.0,0.0,0.0,0.0,76.0,1174.0,1174.0,13.7,1.6,0.0,1.6,25.6,0.0,0.0,38.1,0.0,0.0,-0.4,0.6,0.2,-10.0,0.0,0.0,25.6,2.0,0.0,0.0,0.0,0.657,0.703,75.8,0.0,0.0,0.0,,0.0,1174.0,55.4,59.0,0.0,0.0,0.0,0.0,177.8,1031.0,172.4,955.4,172.4,991.4,172.4,939.2,0.0,0.0,59.0,173.75,150.35,35.6,0.07341666666666667,14.336666666666666,0.0,242.6,2026-01-04 14:43:52-08:00,173.75,118.35,3.6000000000000014,0.48,0.48,True
225.06,1.0,10.0,2026-01-04 22:47:37,37.08163,-121.59961,302.0,0.0,280.8,-12.6,0.0,0.0,0.0,0.0,0.0,11.2,0.3,241.8,0.0,312.0,-0.0,0.0,0.9,0.0,62.0,0.0,29.88,181.0,0.0,0.0,241.0,0.0,0.0,0.0,0.0,0.0,0.0,0.0,0.0,0.0,0.0,0.0,0.0,0.0,0.0,0.0,0.0,0.0,0.0,0.0,0.0,0.0,0.0,0.0,0.0,76.0,1259.0,1259.0,13.8,2.0,0.0,2.0,25.6,0.0,0.0,38.1,0.0,0.0,-0.4,0.6,0.2,-10.0,0.0,0.0,25.6,2.0,0.0,0.0,0.0,0.657,0.703,76.3,0.0,0.0,0.0,,0.0,1259.0,55.4,59.0,0.0,0.0,0.0,0.0,177.8,1038.2,172.4,964.4,174.2,1000.4,174.2,946.4,0.0,0.0,59.0,174.65,151.25,35.6,0.07391666666666667,14.336666666666666,0.0,242.6,2026-01-04 14:43:52-08:00,174.64999999999998,119.24999999999997,3.6000000000000014,0.48,0.48,True
226.06,1.0,10.0,2026-01-04 22:47:38,37.08163,-121.59961,301.0,0.0,280.8,-12.6,0.0,0.0,0.0,0.0,0.0,11.2,0.3,241.8,0.0,312.0,-0.0,0.01,1.0,0.0,46.0,0.0,29.88,181.0,0.0,0.0,241.0,0.0,0.0,0.0,0.0,0.0,0.0,0.0,0.0,0.0,0.0,0.0,0.0,0.0,0.0,0.0,0.0,0.0,0.0,0.0,0.0,0.0,0.0,0.0,0.0,77.0,1423.0,1423.0,15.0,2.4,0.0,2.4,25.5,0.0,0.0,38.1,0.0,0.0,-0.4,0.6,0.2,-10.0,0.0,0.0,25.5,2.0,0.0,0.0,0.0,0.656,0.703,76.5,0.0,0.0,0.0,,0.0,1423.0,55.4,59.0,0.0,0.0,0.0,0.0,179.6,1050.8,174.2,975.2,174.2,1009.4,174.2,957.2,0.0,0.0,59.0,175.55,152.15,35.6,0.07452777777777778,14.336666666666666,0.0,242.6,2026-01-04 14:43:52-08:00,175.54999999999998,120.14999999999998,3.6000000000000014,0.48,0.48,True
227.06,1.0,10.0,2026-01-04 22:47:39,37.08164,-121.59961,301.0,0.0,280.8,-12.6,0.0,0.0,0.0,0.0,0.0,11.2,0.3,241.8,0.0,312.0,-0.0,0.0,1.0,0.0,8.0,0.0,29.88,181.0,0.0,0.0,241.0,0.0,0.0,0.0,0.0,0.0,0.0,0.0,0.0,0.0,0.0,0.0,0.0,0.0,0.0,0.0,0.0,0.0,0.0,0.0,0.0,0.0,0.0,0.0,0.0,76.0,1557.0,1557.0,15.3,2.8,0.0,2.8,25.5,0.0,0.0,38.1,0.0,0.0,-0.4,0.6,0.2,-10.0,0.0,0.0,25.5,2.0,0.0,0.0,0.0,0.662,0.703,76.5,0.0,0.0,0.0,,0.0,1557.0,55.4,59.0,0.0,0.0,0.0,0.0,179.6,1077.8,174.2,989.6,176.0,1023.8,176.0,969.8,0.0,0.0,59.0,176.45,153.05,35.6,0.07525,14.336666666666666,0.0,242.6,2026-01-04 14:43:52-08:00,176.45000000000002,121.05000000000001,3.6000000000000014,0.48,0.48,True
228.06,1.0,10.0,2026-01-04 22:47:40,37.08164,-121.59962,302.0,0.0,280.8,-12.6,0.0,0.0,0.0,0.0,0.0,11.2,0.4,241.9,0.0,312.0,-0.0,0.01,1.0,0.0,45.0,0.0,29.88,181.0,0.0,0.0,241.0,0.0,0.0,0.0,0.0,0.0,0.0,0.0,0.0,0.0,0.0,0.0,0.0,0.0,0.0,0.0,0.0,0.0,0.0,0.0,0.0,0.0,0.0,0.0,0.0,76.0,1604.0,1604.0,15.4,3.3,0.0,3.3,25.4,0.0,0.0,38.1,0.0,0.0,-0.4,0.6,0.2,-10.0,0.0,0.0,25.4,2.0,0.0,0.0,0.0,0.667,0.703,76.3,0.0,0.0,0.0,,0.0,1604.0,55.4,59.0,0.0,0.0,0.0,0.0,181.4,1106.6,176.0,1002.2,176.0,1038.2,176.0,978.8,0.0,0.0,59.18,177.35,153.95,35.78,0.07609722222222222,14.336666666666666,0.0,242.6,2026-01-04 14:43:52-08:00,177.35,121.94999999999999,3.780000000000001,0.48,0.48,True
229.06,1.0,10.0,2026-01-04 22:47:41,37.08164,-121.59962,302.0,0.2,280.8,-12.6,0.0,0.0,0.0,0.0,0.0,11.2,0.3,241.8,0.0,313.0,-0.1,0.01,1.0,0.0,92.0,0.0,29.88,181.0,0.0,0.0,241.0,0.0,0.0,0.0,0.0,0.0,0.0,0.0,0.0,0.0,0.0,0.0,0.0,0.0,0.0,0.0,0.0,0.0,0.0,0.0,0.0,0.0,0.0,0.0,0.0,76.0,1772.0,1772.0,16.4,3.8,0.0,3.8,25.3,0.0,0.0,38.1,0.0,0.0,-0.4,0.6,0.2,-10.0,0.0,0.0,25.3,2.0,0.0,0.0,0.0,0.667,0.703,76.2,0.0,0.0,8.0,R,0.0,1772.0,55.4,59.0,0.0,0.0,0.0,0.0,183.2,1121.0,177.8,1016.6,177.8,1052.6,177.8,991.4,0.0,0.0,59.18,179.15,155.75,35.78,0.07708333333333334,14.505333333333333,0.052631578947368425,242.6,2026-01-04 14:43:52-08:00,179.15000000000003,123.75000000000003,3.780000000000001,0.48,0.48,True
230.06,1.0,10.0,2026-01-04 22:47:42,37.08163,-121.59962,303.0,0.1,280.8,-12.6,0.0,0.0,0.0,0.0,0.0,11.2,0.4,241.8,0.0,314.0,-0.1,0.01,0.9,0.0,75.0,0.0,29.88,181.0,0.0,0.0,241.0,0.0,0.0,0.0,0.0,0.0,0.0,0.0,0.0,0.0,0.0,0.0,0.0,0.0,0.0,0.0,0.0,0.0,0.0,0.0,0.0,0.0,0.0,0.0,0.0,76.0,1786.0,1786.0,16.5,4.3,0.0,4.3,25.4,0.0,0.0,38.1,0.0,0.0,-0.4,0.6,0.2,-10.0,0.0,0.0,25.4,2.0,0.0,0.0,0.0,0.66,0.703,76.1,0.0,0.0,12.0,R,0.0,1786.0,55.4,59.0,0.0,0.0,0.0,0.0,183.2,1131.8,179.6,1029.2,179.6,1065.2,179.6,1004.0,0.0,0.0,59.18,180.5,157.1,35.78,0.07820833333333334,14.758333333333333,0.023255813953488375,242.6,2026-01-04 14:43:52-08:00,180.5,125.1,3.780000000000001,0.48,0.48,True
231.06,1.0,10.0,2026-01-04 22:47:43,37.08163,-121.59962,303.0,0.0,280.8,-12.6,0.0,0.0,0.0,0.0,0.0,11.1,0.4,241.7,0.0,315.0,-0.0,0.01,1.0,0.0,38.0,0.0,29.88,184.0,0.0,0.0,241.0,0.0,0.0,0.0,0.0,0.0,0.0,0.0,0.0,0.0,0.0,0.0,0.0,0.0,0.0,0.0,0.0,0.0,0.0,0.0,0.0,0.0,0.0,0.0,0.0,76.0,1798.0,1798.0,16.5,4.6,0.0,4.6,25.4,0.0,0.0,38.1,0.0,0.0,-0.4,0.6,0.2,-10.0,0.0,0.0,25.4,2.0,0.0,0.0,0.0,0.664,0.703,76.0,0.0,0.0,14.0,R,0.0,1798.0,55.4,59.0,0.0,0.0,0.0,0.0,185.0,1140.8,179.6,1040.0,179.6,1077.8,181.4,1016.6,0.0,0.0,59.36,181.4,158.0,35.96,0.07944444444444444,14.842666666666666,0.0,242.6,2026-01-04 14:43:52-08:00,181.4,126.0,3.960000000000001,0.48,0.48,True
232.06,1.0,10.0,2026-01-04 22:47:44,37.08163,-121.59962,303.0,0.0,280.8,-12.6,0.0,0.0,0.0,0.0,0.0,11.1,0.5,241.8,0.0,315.0,0.0,0.0,1.0,0.0,20.0,0.0,29.88,184.0,0.0,0.0,241.0,0.0,0.0,0.0,0.0,0.0,0.0,0.0,0.0,0.0,0.0,0.0,0.0,0.0,0.0,0.0,0.0,0.0,0.0,0.0,0.0,0.0,0.0,0.0,0.0,76.0,1799.0,1799.0,16.4,4.9,0.0,4.9,25.4,0.0,0.0,38.1,0.0,0.0,-0.4,0.6,0.2,-10.0,0.0,0.0,25.4,2.0,0.0,0.0,0.0,0.662,0.703,75.9,0.0,0.0,15.0,R,0.0,1799.0,55.4,59.0,0.0,0.0,0.0,0.0,186.8,1149.8,181.4,1050.8,181.4,1088.6,183.2,1025.6,0.0,0.0,59.36,183.2,159.8,35.96,0.08076388888888889,14.842666666666666,0.0,242.6,2026-01-04 14:43:52-08:00,183.2,127.79999999999998,3.960000000000001,0.48,0.48,True
233.06,1.0,10.0,2026-01-04 22:47:45,37.08163,-121.59962,304.0,0.0,280.8,-12.6,0.0,0.0,0.0,0.0,0.0,11.1,0.4,241.7,0.0,315.0,-0.0,0.0,1.0,0.0,39.0,0.0,29.88,186.0,0.0,0.0,241.0,0.0,0.0,0.0,0.0,0.0,0.0,0.0,0.0,0.0,0.0,0.0,0.0,0.0,0.0,0.0,0.0,0.0,0.0,0.0,0.0,0.0,0.0,0.0,0.0,76.0,1796.0,1796.0,16.4,5.1,0.0,5.1,25.4,0.0,0.0,38.1,0.0,0.0,-0.4,0.6,0.2,-10.0,0.0,0.0,25.4,2.0,0.0,0.0,0.0,0.67,0.703,75.8,0.0,0.0,15.0,R,0.0,1796.0,55.4,59.0,0.0,0.0,0.0,0.0,188.6,1157.0,183.2,1059.8,183.2,1097.6,183.2,1036.4,0.0,0.0,59.540000000000006,184.55,161.15,36.14,0.08215277777777778,14.842666666666666,0.0,242.6,2026-01-04 14:43:52-08:00,184.54999999999998,129.14999999999998,4.140000000000008,0.48,0.48,True
234.06,1.0,10.0,2026-01-04 22:47:46,37.08163,-121.59961,303.0,0.0,280.8,-12.6,0.0,0.0,0.0,0.0,0.0,11.1,0.4,241.7,0.0,315.0,-0.0,0.0,1.0,0.0,21.0,0.0,29.88,186.0,0.0,0.0,241.0,0.0,0.0,0.0,0.0,0.0,0.0,0.0,0.0,0.0,0.0,0.0,0.0,0.0,0.0,0.0,0.0,0.0,0.0,0.0,0.0,0.0,0.0,0.0,0.0,76.0,1788.0,1788.0,16.5,5.2,0.0,5.2,25.4,0.0,0.0,38.1,0.0,0.0,-0.4,0.6,0.2,-10.0,0.0,0.0,25.4,2.0,0.0,0.0,0.0,0.667,0.703,75.8,0.0,0.0,15.0,R,0.0,1788.0,55.4,59.0,0.0,0.0,0.0,0.0,190.4,1162.4,185.0,1068.8,183.2,1106.6,185.0,1045.4,0.0,0.0,59.540000000000006,185.9,162.5,36.14,0.08358333333333333,14.842666666666666,0.0,242.6,2026-01-04 14:43:52-08:00,185.9,130.5,4.140000000000008,0.48,0.48,True
235.06,1.0,10.0,2026-01-04 22:47:47,37.08163,-121.59961,303.0,0.0,280.8,-12.6,0.0,0.0,0.0,0.0,0.0,11.1,0.5,241.7,0.0,315.0,-0.1,0.01,0.9,0.0,-10.0,0.0,29.88,186.0,0.0,0.0,241.0,0.0,0.0,0.0,0.0,0.0,0.0,0.0,0.0,0.0,0.0,0.0,0.0,0.0,0.0,0.0,0.0,0.0,0.0,0.0,0.0,0.0,0.0,0.0,0.0,76.0,1802.0,1802.0,16.5,5.3,0.0,5.3,25.4,0.0,0.0,38.1,0.0,0.0,-0.4,0.6,0.2,-9.0,0.0,0.0,25.4,2.0,0.0,0.0,0.0,0.664,0.703,75.8,0.0,0.0,15.0,R,0.0,1802.0,55.4,59.0,0.0,0.0,0.0,0.0,190.4,1169.6,185.0,1076.0,185.0,1115.6,186.8,1052.6,0.0,0.0,59.72,186.8,163.4,36.32,0.08504166666666667,14.842666666666666,0.0,242.6,2026-01-04 14:43:52-08:00,186.79999999999998,131.39999999999998,4.32,0.48,0.48,True
236.06,1.0,10.0,2026-01-04 22:47:48,37.08163,-121.59961,303.0,0.1,280.8,-12.6,0.0,0.0,0.0,0.0,0.0,11.1,0.4,241.7,0.0,315.0,-0.0,0.01,1.0,0.0,0.0,0.0,29.88,194.0,0.0,0.0,241.0,0.0,0.0,0.0,0.0,0.0,0.0,0.0,0.0,0.0,0.0,0.0,0.0,0.0,0.0,0.0,0.0,0.0,0.0,0.0,0.0,0.0,0.0,0.0,0.0,69.0,1705.0,1705.0,16.4,5.4,0.0,5.4,25.4,0.0,0.0,38.1,0.0,0.0,-0.4,0.6,0.2,-10.0,0.0,0.0,25.4,2.0,0.0,0.0,0.0,0.667,0.703,69.3,0.0,0.0,15.0,R,0.0,1705.0,55.4,59.0,0.0,0.0,0.0,0.0,192.2,1176.8,186.8,1085.0,186.8,1122.8,188.6,1061.6,0.0,0.0,59.72,188.6,165.2,36.32,0.08652777777777777,14.927,0.018518518518518517,242.6,2026-01-04 14:43:52-08:00,188.60000000000002,133.20000000000002,4.32,0.48,0.48,True
237.06,1.0,10.0,2026-01-04 22:47:49,37.08163,-121.59962,299.0,0.1,280.8,-12.6,0.0,0.0,0.0,0.0,0.0,11.1,0.4,241.7,0.0,315.0,-0.0,0.01,0.9,0.0,-48.0,0.0,29.88,194.0,0.0,0.0,241.0,0.0,0.0,0.0,0.0,0.0,0.0,0.0,0.0,0.0,0.0,0.0,0.0,0.0,0.0,0.0,0.0,0.0,0.0,0.0,0.0,0.0,0.0,0.0,0.0,72.0,1475.0,1475.0,18.9,5.5,0.0,5.5,25.2,0.0,0.0,38.1,0.0,0.0,-0.4,0.6,0.2,-10.0,0.0,0.0,25.2,2.0,0.0,0.0,0.0,0.658,0.703,72.1,0.0,0.0,14.0,R,0.0,1475.0,55.4,59.0,0.0,0.0,0.0,0.0,194.0,1175.0,188.6,1085.0,186.8,1124.6,190.4,1061.6,0.0,0.0,59.9,189.95,166.55,36.5,0.08804166666666667,15.095666666666666,0.018181818181818184,242.6,2026-01-04 14:43:52-08:00,189.95000000000002,134.55,4.5,0.48,0.48,True
238.06,1.0,10.0,2026-01-04 22:47:50,37.08162,-121.59962,300.0,0.0,280.8,-12.6,0.0,0.0,0.0,0.0,0.0,11.1,0.3,241.7,0.0,315.0,-0.0,0.01,1.1,0.0,8.0,0.0,29.88,194.0,0.0,0.0,241.0,0.0,0.0,0.0,0.0,0.0,0.0,0.0,0.0,0.0,0.0,0.0,0.0,0.0,0.0,0.0,0.0,0.0,0.0,0.0,0.0,0.0,0.0,0.0,0.0,75.0,1667.0,1667.0,18.7,5.6,0.0,5.6,25.3,0.0,0.0,38.1,0.0,0.0,-0.4,0.6,0.2,-9.0,0.0,0.0,25.3,2.0,0.0,0.0,0.0,0.659,0.703,74.8,0.0,0.0,18.0,R,0.0,1667.0,55.4,59.0,0.0,0.0,0.0,0.0,194.0,1169.6,190.4,1085.0,188.6,1119.2,190.4,1061.6,0.0,0.0,59.9,190.85,167.45,36.5,0.08958333333333333,15.18,0.0,242.6,2026-01-04 14:43:52-08:00,190.85,135.45,4.5,0.48,0.48,True
239.06,1.0,10.0,2026-01-04 22:47:51,37.08162,-121.59962,300.0,0.0,280.8,-12.6,0.0,0.0,0.0,0.0,0.0,11.1,0.3,241.7,0.0,315.0,-0.0,0.0,1.0,0.0,37.0,0.0,29.88,195.0,0.0,0.0,241.0,0.0,0.0,0.0,0.0,0.0,0.0,0.0,0.0,0.0,0.0,0.0,0.0,0.0,0.0,0.0,0.0,0.0,0.0,0.0,0.0,0.0,0.0,0.0,0.0,76.0,1790.0,1790.0,17.2,5.6,0.0,5.6,25.4,0.0,0.0,38.1,0.0,0.0,-0.4,0.6,0.2,-9.0,0.0,0.0,25.4,2.0,0.0,0.0,0.0,0.659,0.703,75.7,0.0,0.0,19.0,R,0.0,1790.0,55.4,60.8,0.0,0.0,0.0,0.0,195.8,1171.4,190.4,1088.6,190.4,1122.8,192.2,1067.0,0.0,0.0,59.9,192.2,168.8,36.5,0.0911388888888889,15.18,0.0,242.6,2026-01-04 14:43:52-08:00,192.2,136.79999999999998,4.5,0.48,0.48,True
240.06,1.0,10.0,2026-01-04 22:47:52,37.08162,-121.59962,301.0,0.0,280.8,-12.6,0.0,0.0,0.0,0.0,0.0,11.0,0.4,241.7,0.0,315.0,-0.1,0.01,1.1,0.0,42.0,0.0,29.88,194.0,0.0,0.0,241.0,0.0,0.0,0.0,0.0,0.0,0.0,0.0,0.0,0.0,0.0,0.0,0.0,0.0,0.0,0.0,0.0,0.0,0.0,0.0,0.0,0.0,0.0,0.0,0.0,76.0,1809.0,1809.0,16.7,5.6,0.0,5.6,25.4,0.0,0.0,38.1,0.0,0.0,-0.4,0.6,0.2,-9.0,0.0,0.0,25.4,2.0,0.0,0.0,0.0,0.663,0.703,76.0,0.0,0.0,18.0,R,0.0,1809.0,55.4,60.8,0.0,0.0,0.0,0.0,197.6,1176.8,192.2,1094.0,190.4,1128.2,194.0,1072.4,0.0,0.0,60.08,193.55,170.15,36.68,0.09269444444444444,15.18,0.0,242.6,2026-01-04 14:43:52-08:00,193.54999999999998,138.14999999999998,4.68,0.48,0.48,True
241.06,1.0,10.0,2026-01-04 22:47:53,37.08162,-121.59962,301.0,0.1,280.8,-12.6,0.0,0.0,0.0,0.0,0.0,11.0,0.4,241.6,0.0,316.0,-0.1,0.01,1.0,0.0,36.0,0.0,29.88,194.0,0.0,0.0,241.0,0.0,0.0,0.0,0.0,0.0,0.0,0.0,0.0,0.0,0.0,0.0,0.0,0.0,0.0,0.0,0.0,0.0,0.0,0.0,0.0,0.0,0.0,0.0,0.0,76.0,1813.0,1813.0,16.6,5.7,0.0,5.7,25.4,0.0,0.0,38.1,0.0,0.0,-0.4,0.6,0.2,-9.0,0.0,0.0,25.4,2.0,0.0,0.0,0.0,0.663,0.703,75.6,0.0,0.0,17.0,R,0.0,1813.0,55.4,60.8,0.0,0.0,0.0,0.0,199.4,1182.2,192.2,1099.4,192.2,1133.6,195.8,1079.6,0.0,0.0,60.08,194.9,171.5,36.68,0.09426388888888888,15.264333333333333,0.017543859649122806,242.6,2026-01-04 14:43:52-08:00,194.9,139.5,4.68,0.48,0.48,True
242.06,1.0,10.0,2026-01-04 22:47:54,37.08162,-121.59961,302.0,0.1,280.8,-12.6,0.0,0.0,0.0,0.0,0.0,11.0,0.4,241.6,0.0,316.0,-0.0,0.01,1.0,0.0,-13.0,0.0,29.88,194.0,0.0,0.0,241.0,0.0,0.0,0.0,0.0,0.0,0.0,0.0,0.0,0.0,0.0,0.0,0.0,0.0,0.0,0.0,0.0,0.0,0.0,0.0,0.0,0.0,0.0,0.0,0.0,71.0,1374.0,1374.0,18.5,5.7,0.0,5.7,25.1,0.0,0.0,38.1,0.0,0.0,-0.4,0.6,0.2,-9.0,0.0,0.0,25.1,2.0,0.0,0.0,0.0,0.656,0.703,70.6,0.0,0.0,14.0,R,0.0,1374.0,55.4,60.8,0.0,0.0,0.0,0.0,199.4,1184.0,194.0,1101.2,194.0,1137.2,195.8,1079.6,0.0,0.0,60.26,195.8,172.4,36.86,0.09584722222222222,15.433,0.017543859649122806,242.6,2026-01-04 14:43:52-08:00,195.79999999999998,140.39999999999998,4.859999999999999,0.48,0.48,True
243.06,1.0,10.0,2026-01-04 22:47:55,37.08162,-121.59961,302.0,0.1,280.8,-12.6,0.0,0.0,0.0,0.0,0.0,11.1,0.3,241.6,0.0,316.0,-0.0,0.01,1.0,0.0,-20.0,0.0,29.88,196.0,0.0,0.0,241.0,0.0,0.0,0.0,0.0,0.0,0.0,0.0,0.0,0.0,0.0,0.0,0.0,0.0,0.0,0.0,0.0,0.0,0.0,0.0,0.0,0.0,0.0,0.0,0.0,75.0,1503.0,1503.0,19.9,5.7,0.0,5.7,25.2,0.0,0.0,38.1,0.0,0.0,-0.4,0.6,0.2,-10.0,0.0,0.0,25.2,2.0,0.0,0.0,0.0,0.657,0.703,74.5,0.0,0.0,18.0,R,0.0,1503.0,55.4,60.8,0.0,0.0,0.0,0.0,201.2,1176.8,195.8,1095.8,194.0,1130.0,197.6,1076.0,0.0,0.0,60.26,197.15,173.75,36.86,0.09743055555555556,15.601666666666667,0.017543859649122806,242.6,2026-01-04 14:43:52-08:00,197.15000000000003,141.75000000000003,4.859999999999999,0.48,0.48,True
244.06,1.0,10.0,2026-01-04 22:47:56,37.08162,-121.59961,302.0,0.1,280.8,-12.6,0.0,0.0,0.0,0.0,0.0,11.1,0.4,241.6,0.0,316.0,-0.0,0.0,1.1,0.0,38.0,0.0,29.88,196.0,0.0,0.0,241.0,0.0,0.0,0.0,0.0,0.0,0.0,0.0,0.0,0.0,0.0,0.0,0.0,0.0,0.0,0.0,0.0,0.0,0.0,0.0,0.0,0.0,0.0,0.0,0.0,76.0,1731.0,1731.0,18.3,5.7,0.0,5.7,25.4,0.0,0.0,38.1,0.0,0.0,-0.4,0.6,0.2,-10.0,0.0,0.0,25.4,2.0,0.0,0.0,0.0,0.659,0.703,75.7,0.0,0.0,21.0,R,0.0,1731.0,55.4,60.8,0.0,0.0,0.0,0.0,203.0,1173.2,195.8,1095.8,195.8,1128.2,199.4,1076.0,0.0,0.0,60.440000000000005,198.5,175.1,37.04,0.09901388888888889,15.770333333333333,0.017543859649122806,242.6,2026-01-04 14:43:52-08:00,198.5,143.1,5.040000000000006,0.48,0.48,True
245.06,1.0,10.0,2026-01-04 22:47:57,37.08162,-121.59961,302.0,0.1,280.8,-12.6,0.0,0.0,0.0,0.0,0.0,11.1,0.5,241.7,0.0,317.0,-0.0,0.01,1.0,0.0,43.0,0.0,29.88,196.0,0.0,0.0,241.0,0.0,0.0,0.0,0.0,0.0,0.0,0.0,0.0,0.0,0.0,0.0,0.0,0.0,0.0,0.0,0.0,0.0,0.0,0.0,0.0,0.0,0.0,0.0,0.0,76.0,1813.0,1813.0,17.0,5.7,0.0,5.7,25.4,0.0,0.0,38.1,0.0,0.0,-0.4,0.6,0.2,-10.0,0.0,0.0,25.4,2.0,0.0,0.0,0.0,0.659,0.702,76.1,0.0,0.0,20.0,R,0.0,1813.0,55.4,60.8,0.0,0.0,0.0,0.0,203.0,1176.8,197.6,1099.4,195.8,1130.0,199.4,1079.6,0.0,0.0,60.440000000000005,198.95,175.55,37.04,0.10059722222222223,15.939,0.017543859649122806,242.6,2026-01-04 14:43:52-08:00,198.95000000000002,143.55,5.040000000000006,0.48,0.48,True
246.06,1.0,10.0,2026-01-04 22:47:58,37.08162,-121.59961,302.0,0.0,280.8,-12.6,0.0,0.0,0.0,0.0,0.0,11.1,0.4,241.7,0.0,317.0,-0.0,0.0,1.0,0.0,26.0,0.0,29.88,197.0,0.0,0.0,241.0,0.0,0.0,0.0,0.0,0.0,0.0,0.0,0.0,0.0,0.0,0.0,0.0,0.0,0.0,0.0,0.0,0.0,0.0,0.0,0.0,0.0,0.0,0.0,0.0,76.0,1826.0,1826.0,16.6,5.7,0.0,5.7,25.4,0.0,0.0,38.1,0.0,0.0,-0.4,0.6,0.2,-10.0,0.0,0.0,25.4,2.0,0.0,0.0,0.0,0.658,0.703,76.2,0.0,0.0,18.0,R,0.0,1826.0,55.4,60.8,0.0,0.0,0.0,0.0,204.8,1185.8,197.6,1104.8,197.6,1139.0,201.2,1086.8,0.0,0.0,60.440000000000005,200.3,176.9,37.04,0.10218055555555555,16.023333333333333,0.0,242.6,2026-01-04 14:43:52-08:00,200.3,144.9,5.040000000000006,0.48,0.48,True
247.06,1.0,10.0,2026-01-04 22:47:59,37.08162,-121.59961,303.0,0.0,280.8,-12.6,0.0,0.0,0.0,0.0,0.0,11.1,0.5,241.7,0.0,318.0,-0.0,0.01,1.0,0.0,53.0,0.0,29.88,197.0,0.0,0.0,241.0,0.0,0.0,0.0,0.0,0.0,0.0,0.0,0.0,0.0,0.0,0.0,0.0,0.0,0.0,0.0,0.0,0.0,0.0,0.0,0.0,0.0,0.0,0.0,0.0,76.0,1821.0,1821.0,16.5,5.7,0.0,5.7,25.4,0.0,0.0,38.1,0.0,0.0,-0.4,0.6,0.2,-9.0,0.0,0.0,25.4,2.0,0.0,0.0,0.0,0.662,0.703,76.2,0.0,0.0,17.0,R,0.0,1821.0,55.4,60.8,0.0,0.0,0.0,0.0,206.6,1191.2,199.4,1110.2,199.4,1146.2,201.2,1092.2,0.0,0.0,60.62,201.65,178.25,37.22,0.10376388888888889,16.023333333333333,0.0,242.6,2026-01-04 14:43:52-08:00,201.65,146.25,5.219999999999999,0.48,0.48,True
248.06,1.0,10.0,2026-01-04 22:48:00,37.08162,-121.59961,303.0,0.0,280.8,-12.6,0.0,0.0,0.0,0.0,0.0,11.2,0.5,241.7,0.0,318.0,-0.0,0.01,1.0,0.0,26.0,0.0,29.88,197.0,0.0,0.0,241.0,0.0,0.0,0.0,0.0,0.0,0.0,0.0,0.0,0.0,0.0,0.0,0.0,0.0,0.0,0.0,0.0,0.0,0.0,0.0,0.0,0.0,0.0,0.0,0.0,76.0,1820.0,1820.0,16.4,5.7,0.0,5.7,25.4,0.0,0.0,38.1,0.0,0.0,-0.4,0.6,0.2,-9.0,0.0,0.0,25.4,2.0,0.0,0.0,0.0,0.658,0.703,76.2,0.0,0.0,16.0,R,0.0,1820.0,55.4,60.8,0.0,0.0,0.0,0.0,206.6,1194.8,199.4,1115.6,199.4,1149.8,203.0,1097.6,0.0,0.0,60.62,202.1,178.7,37.22,0.10534722222222222,16.023333333333333,0.0,242.6,2026-01-04 14:43:52-08:00,202.1,146.7,5.219999999999999,0.48,0.48,True
249.06,1.0,10.0,2026-01-04 22:48:01,37.08162,-121.59961,305.0,0.1,280.8,-12.6,0.0,0.0,0.0,0.0,0.0,11.3,0.5,241.8,0.0,318.0,-0.0,0.01,1.0,0.0,15.0,0.0,29.88,199.0,0.0,0.0,241.0,0.0,0.0,0.0,0.0,0.0,0.0,0.0,0.0,0.0,0.0,0.0,0.0,0.0,0.0,0.0,0.0,0.0,0.0,0.0,0.0,0.0,0.0,0.0,0.0,76.0,1712.0,1712.0,16.7,5.7,0.0,5.7,25.4,0.0,0.0,38.1,0.0,0.0,-0.4,0.6,0.2,-10.0,0.0,0.0,25.4,2.0,0.0,0.0,0.0,0.663,0.703,76.2,0.0,0.0,15.0,R,0.0,1712.0,55.4,60.8,0.0,0.0,0.0,0.0,208.4,1207.4,201.2,1124.6,201.2,1160.6,204.8,1104.8,0.0,0.0,60.8,203.9,180.5,37.4,0.10693055555555556,16.107666666666667,0.017543859649122806,242.6,2026-01-04 14:43:52-08:00,203.9,148.5,5.399999999999999,0.48,0.48,True
250.06,1.0,10.0,2026-01-04 22:48:02,37.08162,-121.59961,305.0,0.0,280.8,-12.6,0.0,0.0,0.0,0.0,0.0,11.2,0.5,241.8,0.0,319.0,-0.0,0.0,1.0,0.0,37.0,0.0,29.88,199.0,0.0,0.0,241.0,0.0,0.0,0.0,0.0,0.0,0.0,0.0,0.0,0.0,0.0,0.0,0.0,0.0,0.0,0.0,0.0,0.0,0.0,0.0,0.0,0.0,0.0,0.0,0.0,76.0,1683.0,1683.0,17.2,5.7,0.0,5.7,25.3,0.0,0.0,38.1,0.0,0.0,-0.4,0.6,0.2,-10.0,0.0,0.0,25.3,2.0,0.0,0.0,0.0,0.663,0.703,76.2,0.0,0.0,15.0,R,0.0,1683.0,55.4,60.8,0.0,0.0,0.0,0.0,210.2,1223.6,203.0,1135.4,201.2,1173.2,204.8,1113.8,0.0,0.0,60.8,204.8,181.4,37.4,0.10851388888888888,16.192,0.0,242.6,2026-01-04 14:43:52-08:00,204.8,149.4,5.399999999999999,0.48,0.48,True
251.06,1.0,10.0,2026-01-04 22:48:03,37.08162,-121.59961,307.0,0.1,280.8,-12.6,0.0,0.0,0.0,0.0,0.0,11.2,0.5,241.7,0.0,320.0,-0.0,0.0,1.0,0.0,36.0,0.0,29.88,199.0,0.0,0.0,241.0,0.0,0.0,0.0,0.0,0.0,0.0,0.0,0.0,0.0,0.0,0.0,0.0,0.0,0.0,0.0,0.0,0.0,0.0,0.0,0.0,0.0,0.0,0.0,0.0,76.0,1662.0,1662.0,17.4,5.7,0.0,5.7,25.3,0.0,0.0,38.1,0.0,0.0,-0.4,0.6,0.2,-9.0,0.0,0.0,25.3,2.0,0.0,0.0,0.0,0.668,0.702,76.3,0.0,0.0,15.0,R,0.0,1662.0,55.4,60.8,0.0,0.0,0.0,0.0,210.2,1239.8,203.0,1142.6,203.0,1182.2,206.6,1122.8,0.0,0.0,60.98,205.7,182.3,37.580000000000005,0.11009722222222222,16.276333333333334,0.017543859649122806,242.6,2026-01-04 14:43:52-08:00,205.7,150.29999999999998,5.579999999999998,0.48,0.48,True
252.06,1.0,10.0,2026-01-04 22:48:04,37.08161,-121.5996,285.0,0.1,280.8,-12.6,0.0,0.0,0.0,0.0,0.0,11.1,0.4,241.7,0.0,320.0,-0.0,-0.0,1.1,0.0,38.0,0.0,29.88,201.0,0.0,0.0,241.0,0.0,0.0,0.0,0.0,0.0,0.0,0.0,0.0,0.0,0.0,0.0,0.0,0.0,0.0,0.0,0.0,0.0,0.0,0.0,0.0,0.0,0.0,0.0,0.0,76.0,1781.0,1781.0,17.4,5.8,0.0,5.8,25.4,0.0,0.0,38.1,0.0,0.0,-0.4,0.6,0.2,-9.0,0.0,0.0,25.4,2.0,0.0,0.0,0.0,0.663,0.703,76.4,0.0,0.0,17.0,R,0.0,1781.0,55.4,60.8,0.0,0.0,0.0,0.0,210.2,1245.2,203.0,1148.0,203.0,1187.6,206.6,1126.4,0.0,0.0,60.98,205.7,182.3,37.580000000000005,0.11169444444444444,16.445,0.017241379310344827,242.6,2026-01-04 14:43:52-08:00,205.7,150.29999999999998,5.579999999999998,0.48,0.48,True
253.06,1.0,10.0,2026-01-04 22:48:05,37.08161,-121.5996,285.0,0.1,280.8,-12.6,0.0,0.0,0.0,0.0,0.0,11.1,0.4,241.8,0.0,322.0,-0.0,0.0,1.0,0.0,54.0,0.0,29.88,201.0,0.0,0.0,241.0,0.0,0.0,0.0,0.0,0.0,0.0,0.0,0.0,0.0,0.0,0.0,0.0,0.0,0.0,0.0,0.0,0.0,0.0,0.0,0.0,0.0,0.0,0.0,0.0,76.0,1804.0,1804.0,16.8,5.8,0.0,5.8,25.4,0.0,0.0,38.1,0.0,0.0,-0.4,0.6,0.2,-9.0,0.0,0.0,25.4,2.0,0.0,0.0,0.0,0.659,0.703,76.5,0.0,0.0,17.0,R,0.0,1804.0,55.4,60.8,0.0,0.0,0.0,0.0,212.0,1239.8,203.0,1148.0,204.8,1185.8,206.6,1126.4,0.0,0.0,61.16,206.6,183.2,37.76,0.11330555555555555,16.613666666666667,0.017241379310344827,242.6,2026-01-04 14:43:52-08:00,206.6,151.2,5.759999999999998,0.48,0.48,True
254.06,1.0,10.0,2026-01-04 22:48:06,37.08161,-121.5996,285.0,0.0,280.8,-12.6,0.0,0.0,0.0,0.0,0.0,11.1,0.4,241.6,0.0,322.0,-0.1,0.0,0.8,0.0,32.0,0.0,29.88,201.0,0.0,0.0,241.0,0.0,0.0,0.0,0.0,0.0,0.0,0.0,0.0,0.0,0.0,0.0,0.0,0.0,0.0,0.0,0.0,0.0,0.0,0.0,0.0,0.0,0.0,0.0,0.0,76.0,1773.0,1773.0,16.7,5.8,0.0,5.8,25.4,0.0,0.0,38.1,0.0,0.0,-0.4,0.6,0.2,-10.0,0.0,0.0,25.4,2.0,0.0,0.0,0.0,0.673,0.703,76.5,0.0,0.0,17.0,R,0.0,1773.0,55.4,60.8,0.0,0.0,0.0,0.0,213.8,1238.0,204.8,1148.0,204.8,1185.8,208.4,1128.2,0.0,0.0,61.16,207.95,184.55,37.76,0.11491666666666667,16.698,0.0,242.6,2026-01-04 14:43:52-08:00,207.95,152.54999999999998,5.759999999999998,0.48,0.48,True
255.06,1.0,10.0,2026-01-04 22:48:07,37.08161,-121.5996,285.0,0.1,280.8,-12.6,0.0,0.0,0.0,0.0,0.0,11.1,0.4,241.6,0.0,322.0,-0.0,0.0,1.0,0.0,49.0,0.0,29.88,203.0,0.0,0.0,241.0,0.0,0.0,0.0,0.0,0.0,0.0,0.0,0.0,0.0,0.0,0.0,0.0,0.0,0.0,0.0,0.0,0.0,0.0,0.0,0.0,0.0,0.0,0.0,0.0,77.0,1649.0,1649.0,17.3,5.8,0.0,5.8,25.3,0.0,0.0,38.1,0.0,0.0,-0.4,0.6,0.2,-3.0,0.0,0.0,25.3,2.0,0.0,0.0,0.0,0.667,0.703,76.5,0.0,0.0,15.0,R,0.0,1649.0,55.4,60.8,0.0,0.0,0.0,0.0,213.8,1250.6,206.6,1158.8,206.6,1196.6,208.4,1137.2,0.0,0.0,61.34,208.85,185.45,37.94,0.11652777777777777,16.782333333333334,0.017241379310344827,242.6,2026-01-04 14:43:52-08:00,208.85000000000002,153.45000000000002,5.940000000000005,0.48,0.48,True
256.06,1.0,10.0,2026-01-04 22:48:08,37.08161,-121.5996,285.0,0.0,280.8,-12.6,0.0,0.0,0.0,0.0,0.0,11.2,0.4,241.7,0.0,323.0,0.0,0.0,1.0,0.0,43.0,0.0,29.88,203.0,0.0,0.0,241.0,0.0,0.0,0.0,0.0,0.0,0.0,0.0,0.0,0.0,0.0,0.0,0.0,0.0,0.0,0.0,0.0,0.0,0.0,0.0,0.0,0.0,0.0,0.0,0.0,77.0,1645.0,1645.0,17.6,5.7,0.0,5.7,25.3,0.0,0.0,38.1,0.0,0.0,-0.4,0.6,0.2,-3.0,0.0,0.0,25.3,2.0,0.0,0.0,0.0,0.67,0.703,76.6,0.0,0.0,16.0,R,0.0,1645.0,55.4,60.8,0.0,0.0,0.0,0.0,215.6,1263.2,206.6,1167.8,206.6,1207.4,210.2,1142.6,0.0,0.0,61.34,209.75,186.35,37.94,0.118125,16.866666666666667,0.0,242.6,2026-01-04 14:43:52-08:00,209.75,154.35,5.940000000000005,0.48,0.48,True
257.06,1.0,10.0,2026-01-04 22:48:09,37.08161,-121.5996,286.0,0.1,280.8,-12.6,0.0,0.0,0.0,0.0,0.0,11.1,0.4,241.7,0.0,325.0,-0.0,0.0,0.9,0.0,47.0,0.0,29.88,203.0,0.0,0.0,241.0,0.0,0.0,0.0,0.0,0.0,0.0,0.0,0.0,0.0,0.0,0.0,0.0,0.0,0.0,0.0,0.0,0.0,0.0,0.0,0.0,0.0,0.0,0.0,0.0,77.0,1632.0,1632.0,17.7,5.7,0.0,5.7,25.3,0.0,0.0,38.1,0.0,0.0,-0.4,0.6,0.2,-3.0,0.0,0.0,25.3,2.0,0.0,0.0,0.0,0.668,0.703,76.6,0.0,0.0,16.0,R,0.0,1632.0,55.4,60.8,0.0,0.0,0.0,0.0,215.6,1275.8,208.4,1175.0,208.4,1214.6,210.2,1148.0,0.0,0.0,61.52,210.65,187.25,38.12,0.11970833333333333,16.951,0.017543859649122806,242.6,2026-01-04 14:43:52-08:00,210.65,155.25,6.1200000000000045,0.48,0.48,True
258.06,1.0,10.0,2026-01-04 22:48:10,37.08161,-121.5996,285.0,0.0,280.8,-12.6,0.0,0.0,0.0,0.0,0.0,11.0,0.5,241.6,0.0,326.0,-0.0,0.01,0.9,0.0,51.0,0.0,29.88,210.0,0.0,0.0,241.0,0.0,0.0,0.0,0.0,0.0,0.0,0.0,0.0,0.0,0.0,0.0,0.0,0.0,0.0,0.0,0.0,0.0,0.0,0.0,0.0,0.0,0.0,0.0,0.0,77.0,1806.0,1806.0,17.2,5.8,0.0,5.8,25.4,0.0,0.0,38.1,0.0,0.0,-0.4,0.6,0.2,-3.0,0.0,0.0,25.4,2.0,0.0,0.0,0.0,0.669,0.703,76.7,0.0,0.0,18.0,R,0.0,1806.0,55.4,60.8,0.0,0.0,0.0,0.0,217.4,1270.4,208.4,1175.0,208.4,1212.8,212.0,1146.2,0.0,0.0,61.52,211.55,188.15,38.12,0.12130555555555556,17.035333333333334,0.0,242.6,2026-01-04 14:43:52-08:00,211.54999999999998,156.14999999999998,6.1200000000000045,0.48,0.48,True
259.06,1.0,10.0,2026-01-04 22:48:11,37.08161,-121.5996,286.0,0.0,280.8,-12.6,0.0,0.0,0.0,0.0,0.0,11.0,0.4,241.5,0.0,326.0,-0.1,0.0,1.0,0.0,20.0,0.0,29.88,210.0,0.0,0.0,241.0,0.0,0.0,0.0,0.0,0.0,0.0,0.0,0.0,0.0,0.0,0.0,0.0,0.0,0.0,0.0,0.0,0.0,0.0,0.0,0.0,0.0,0.0,0.0,0.0,77.0,1816.0,1816.0,16.7,5.8,0.0,5.8,25.4,0.0,0.0,38.1,0.0,0.0,-0.4,0.6,0.2,-3.0,0.0,0.0,25.4,2.0,0.0,0.0,0.0,0.665,0.703,76.7,0.0,0.0,18.0,R,0.0,1816.0,55.4,60.8,0.0,0.0,0.0,0.0,219.2,1261.4,208.4,1173.2,210.2,1209.2,213.8,1146.2,0.0,0.0,61.52,212.9,189.5,38.12,0.12291666666666666,17.035333333333334,0.0,242.6,2026-01-04 14:43:52-08:00,212.89999999999998,157.49999999999997,6.1200000000000045,0.48,0.48,True
260.06,1.0,10.0,2026-01-04 22:48:12,37.08161,-121.5996,286.0,0.0,280.8,-12.6,0.0,0.0,0.0,0.0,0.0,11.1,0.5,241.6,0.0,327.0,-0.0,0.0,1.0,0.0,67.0,0.0,29.88,210.0,0.0,0.0,241.0,0.0,0.0,0.0,0.0,0.0,0.0,0.0,0.0,0.0,0.0,0.0,0.0,0.0,0.0,0.0,0.0,0.0,0.0,0.0,0.0,0.0,0.0,0.0,0.0,77.0,1826.0,1826.0,16.7,5.7,0.0,5.7,25.4,0.0,0.0,38.1,0.0,0.0,-0.4,0.6,0.2,-3.0,0.0,0.0,25.4,2.0,0.0,0.0,0.0,0.658,0.703,76.8,0.0,0.0,17.0,R,0.0,1826.0,55.4,60.8,0.0,0.0,0.0,0.0,219.2,1259.6,210.2,1171.4,210.2,1209.2,213.8,1146.2,0.0,0.0,61.7,213.35,189.95,38.3,0.12451388888888888,17.035333333333334,0.0,242.6,2026-01-04 14:43:52-08:00,213.35000000000002,157.95000000000002,6.300000000000004,0.48,0.48,True
261.06,1.0,10.0,2026-01-04 22:48:13,37.08161,-121.5996,286.0,0.1,280.8,-12.6,0.0,0.0,0.0,0.0,0.0,11.2,0.5,241.7,0.0,327.0,-0.0,0.0,1.0,0.0,16.0,0.0,29.88,210.0,0.0,0.0,241.0,0.0,0.0,0.0,0.0,0.0,0.0,0.0,0.0,0.0,0.0,0.0,0.0,0.0,0.0,0.0,0.0,0.0,0.0,0.0,0.0,0.0,0.0,0.0,0.0,77.0,1834.0,1834.0,16.6,5.7,0.0,5.7,25.4,0.0,0.0,38.0,0.0,0.0,-0.4,0.6,0.2,-3.0,0.0,0.0,25.4,2.0,0.0,0.0,0.0,0.664,0.703,76.8,0.0,0.0,17.0,R,0.0,1834.0,55.4,62.6,0.0,0.0,0.0,0.0,221.0,1256.0,212.0,1171.4,212.0,1207.4,215.6,1148.0,0.0,0.0,61.7,215.15,191.75,38.3,0.12609722222222222,17.119666666666667,0.017543859649122806,242.6,2026-01-04 14:43:52-08:00,215.15,159.75,6.300000000000004,0.48,0.48,True
262.06,1.0,10.0,2026-01-04 22:48:14,37.0816,-121.5996,286.0,0.1,280.8,-12.6,0.0,0.0,0.0,0.0,0.0,11.2,0.5,241.8,0.0,327.0,0.0,0.01,0.9,0.0,-21.0,0.0,29.88,210.0,0.0,0.0,241.0,0.0,0.0,0.0,0.0,0.0,0.0,0.0,0.0,0.0,0.0,0.0,0.0,0.0,0.0,0.0,0.0,0.0,0.0,0.0,0.0,0.0,0.0,0.0,0.0,77.0,1843.0,1843.0,16.5,5.7,0.0,5.7,25.4,0.0,0.0,38.0,0.0,0.0,-0.4,0.6,0.2,-3.0,0.0,0.0,25.4,2.0,0.0,0.0,0.0,0.662,0.703,76.7,0.0,0.0,17.0,R,0.0,1843.0,55.4,62.6,0.0,0.0,0.0,0.0,222.8,1254.2,212.0,1169.6,213.8,1205.6,215.6,1148.0,0.0,0.0,61.88,216.05,192.65,38.48,0.12768055555555555,17.288333333333334,0.017543859649122806,242.6,2026-01-04 14:43:52-08:00,216.05,160.65,6.480000000000004,0.48,0.48,True
263.06,1.0,10.0,2026-01-04 22:48:15,37.08161,-121.5996,286.0,0.0,280.8,-12.6,0.0,0.0,0.0,0.0,0.0,11.2,0.5,241.8,0.0,327.0,-0.0,0.01,1.0,0.0,9.0,0.0,29.88,210.0,0.0,0.0,241.0,0.0,0.0,0.0,0.0,0.0,0.0,0.0,0.0,0.0,0.0,0.0,0.0,0.0,0.0,0.0,0.0,0.0,0.0,0.0,0.0,0.0,0.0,0.0,0.0,77.0,1830.0,1830.0,16.5,5.7,0.0,5.7,25.4,0.0,0.0,38.0,0.0,0.0,-0.4,0.6,0.2,-3.0,0.0,0.0,25.4,2.0,0.0,0.0,0.0,0.66,0.703,76.7,0.0,0.0,17.0,R,0.0,1830.0,55.4,62.6,0.0,0.0,0.0,0.0,222.8,1250.6,213.8,1169.6,213.8,1207.4,217.4,1148.0,0.0,0.0,61.88,216.95,193.55,38.48,0.1292638888888889,17.372666666666667,0.0,242.6,2026-01-04 14:43:52-08:00,216.95,161.54999999999998,6.480000000000004,0.48,0.48,True
264.06,1.0,10.0,2026-01-04 22:48:16,37.08161,-121.59959,287.0,0.0,280.8,-12.6,0.0,0.0,0.0,0.0,0.0,11.2,0.5,241.9,0.0,327.0,0.0,0.01,0.9,0.0,20.0,0.0,29.88,210.0,0.0,0.0,241.0,0.0,0.0,0.0,0.0,0.0,0.0,0.0,0.0,0.0,0.0,0.0,0.0,0.0,0.0,0.0,0.0,0.0,0.0,0.0,0.0,0.0,0.0,0.0,0.0,77.0,1821.0,1821.0,16.4,5.7,0.0,5.7,25.4,0.0,0.0,38.0,0.0,0.0,-0.4,0.6,0.2,-3.0,0.0,0.0,25.4,2.0,0.0,0.0,0.0,0.665,0.703,76.8,0.0,0.0,16.0,R,0.0,1821.0,55.4,62.6,0.0,0.0,0.0,0.0,224.6,1248.8,213.8,1169.6,215.6,1207.4,219.2,1149.8,0.0,0.0,62.059999999999995,218.3,194.9,38.66,0.13084722222222223,17.372666666666667,0.0,242.6,2026-01-04 14:43:52-08:00,218.29999999999998,162.89999999999998,6.659999999999997,0.48,0.48,True
265.06,1.0,10.0,2026-01-04 22:48:17,37.08161,-121.59959,288.0,0.1,280.8,-12.6,0.0,0.0,0.0,0.0,0.0,11.2,0.5,241.8,0.0,327.0,-0.0,0.01,0.9,0.0,-2.0,0.0,29.88,212.0,0.0,0.0,241.0,0.0,0.0,0.0,0.0,0.0,0.0,0.0,0.0,0.0,0.0,0.0,0.0,0.0,0.0,0.0,0.0,0.0,0.0,0.0,0.0,0.0,0.0,0.0,0.0,77.0,1774.0,1774.0,16.2,5.7,0.0,5.7,25.5,0.0,0.0,38.0,0.0,0.0,-0.4,0.6,0.2,-3.0,0.0,0.0,25.5,2.0,0.0,0.0,0.0,0.659,0.703,76.9,0.0,0.0,16.0,R,0.0,1774.0,55.4,62.6,0.0,0.0,0.0,0.0,224.6,1247.0,215.6,1169.6,215.6,1207.4,219.2,1149.8,0.0,0.0,62.059999999999995,218.75,195.35,38.66,0.13243055555555555,17.457,0.017543859649122806,242.6,2026-01-04 14:43:52-08:00,218.75,163.35,6.659999999999997,0.48,0.48,True
266.06,1.0,10.0,2026-01-04 22:48:18,37.0816,-121.59959,288.0,0.1,280.8,-12.6,0.0,0.0,0.0,0.0,0.0,11.2,0.4,241.8,0.0,327.0,-0.0,0.0,1.0,0.0,5.0,0.0,29.88,212.0,0.0,0.0,241.0,0.0,0.0,0.0,0.0,0.0,0.0,0.0,0.0,0.0,0.0,0.0,0.0,0.0,0.0,0.0,0.0,0.0,0.0,0.0,0.0,0.0,0.0,0.0,0.0,77.0,1408.0,1408.0,14.2,5.3,0.0,5.3,25.8,0.0,0.0,38.0,0.0,0.0,-0.4,0.6,0.2,-3.0,0.0,0.0,25.8,2.0,0.0,0.0,0.0,0.662,0.703,76.9,0.0,0.0,0.0,,0.0,1408.0,55.4,62.6,0.0,0.0,0.0,0.0,226.4,1250.6,215.6,1167.8,217.4,1202.0,221.0,1146.2,0.0,0.0,62.24,220.1,196.7,38.84,0.13395833333333332,17.625666666666667,0.01886792452830189,242.6,2026-01-04 14:43:52-08:00,220.1,164.7,6.840000000000003,0.48,0.48,True
267.06,1.0,10.0,2026-01-04 22:48:19,37.08159,-121.59959,296.0,0.0,280.8,-12.6,0.0,0.0,0.0,0.0,0.0,11.3,0.4,241.8,0.0,327.0,-0.0,0.01,1.0,0.0,-33.0,0.0,29.88,212.0,0.0,0.0,241.0,0.0,0.0,0.0,0.0,0.0,0.0,0.0,0.0,0.0,0.0,0.0,0.0,0.0,0.0,0.0,0.0,0.0,0.0,0.0,0.0,0.0,0.0,0.0,0.0,76.0,1086.0,1086.0,12.8,4.7,0.0,4.7,25.9,0.0,0.0,38.0,0.0,0.0,-0.4,0.6,0.2,-3.0,0.0,0.0,25.9,2.0,0.0,0.0,0.0,0.658,0.703,76.2,0.0,0.0,0.0,,0.0,1086.0,55.4,62.6,0.0,0.0,0.0,0.0,226.4,1250.6,217.4,1164.2,217.4,1193.0,221.0,1142.6,0.0,0.0,62.24,220.55,197.15,38.84,0.13534722222222223,17.71,0.0,242.6,2026-01-04 14:43:52-08:00,220.54999999999998,165.14999999999998,6.840000000000003,0.48,0.48,True
268.06,1.0,10.0,2026-01-04 22:48:20,37.08159,-121.59959,297.0,0.0,280.8,-12.6,0.0,0.0,0.0,0.0,0.0,11.3,0.4,241.8,0.0,327.0,-0.0,0.0,1.0,0.0,-68.0,0.0,29.88,220.0,0.0,0.0,241.0,0.0,0.0,0.0,0.0,0.0,0.0,0.0,0.0,0.0,0.0,0.0,0.0,0.0,0.0,0.0,0.0,0.0,0.0,0.0,0.0,0.0,0.0,0.0,0.0,72.0,838.0,838.0,11.5,3.9,0.0,3.9,26.0,0.0,0.0,38.0,0.0,0.0,-0.4,0.6,0.2,-3.0,0.0,0.0,26.0,2.0,0.0,0.0,0.0,0.658,0.703,72.0,0.0,0.0,0.0,,0.0,838.0,55.4,62.6,0.0,0.0,0.0,0.0,228.2,1241.6,217.4,1148.0,217.4,1178.6,221.0,1130.0,0.0,0.0,62.42,221.0,197.6,39.02,0.13654166666666667,17.71,0.0,242.6,2026-01-04 14:43:52-08:00,221.0,165.6,7.020000000000003,0.48,0.48,True
269.06,1.0,10.0,2026-01-04 22:48:21,37.08159,-121.59959,298.0,0.0,280.8,-12.6,0.0,0.0,0.0,0.0,0.0,11.3,0.4,241.8,0.0,327.0,0.0,0.01,1.0,0.0,-55.0,0.0,29.88,220.0,0.0,0.0,241.0,0.0,0.0,0.0,0.0,0.0,0.0,0.0,0.0,0.0,0.0,0.0,0.0,0.0,0.0,0.0,0.0,0.0,0.0,0.0,0.0,0.0,0.0,0.0,0.0,70.0,829.0,829.0,12.1,3.3,0.0,3.3,26.0,0.0,0.0,38.0,0.0,0.0,-0.4,0.6,0.2,-3.0,0.0,0.0,26.0,2.0,0.0,0.0,0.0,0.658,0.703,69.8,0.0,0.0,0.0,,0.0,829.0,55.4,62.6,0.0,0.0,0.0,0.0,228.2,1227.2,217.4,1133.6,219.2,1162.4,221.0,1117.4,0.0,0.0,62.42,221.45,198.05,39.02,0.13754166666666667,17.71,0.0,242.6,2026-01-04 14:43:52-08:00,221.45,166.04999999999998,7.020000000000003,0.48,0.48,True
270.06,1.0,10.0,2026-01-04 22:48:22,37.08159,-121.59959,297.0,0.1,280.8,-12.6,0.0,0.0,0.0,0.0,0.0,11.3,0.4,241.8,0.0,327.0,-0.0,0.0,1.0,0.0,1.0,0.0,29.88,220.0,0.0,0.0,241.0,0.0,0.0,0.0,0.0,0.0,0.0,0.0,0.0,0.0,0.0,0.0,0.0,0.0,0.0,0.0,0.0,0.0,0.0,0.0,0.0,0.0,0.0,0.0,0.0,69.0,842.0,842.0,12.2,2.8,0.0,2.8,26.0,0.0,0.0,38.0,0.0,0.0,-0.4,0.6,0.2,-3.0,0.0,0.0,26.0,2.0,0.0,0.0,0.0,0.656,0.703,69.0,0.0,0.0,0.0,,0.0,842.0,55.4,62.6,0.0,0.0,0.0,0.0,228.2,1216.4,217.4,1121.0,219.2,1149.8,221.0,1106.6,0.0,0.0,62.6,221.45,198.05,39.2,0.1383888888888889,17.794333333333334,0.03571428571428572,242.6,2026-01-04 14:43:52-08:00,221.45,166.04999999999998,7.200000000000003,0.48,0.48,True
271.06,1.0,10.0,2026-01-04 22:48:23,37.08159,-121.59959,297.0,0.0,280.8,-12.6,0.0,0.0,0.0,0.0,0.0,11.3,0.3,241.8,0.0,327.0,-0.0,0.01,1.0,0.0,22.0,0.0,29.88,212.0,0.0,0.0,241.0,0.0,0.0,0.0,0.0,0.0,0.0,0.0,0.0,0.0,0.0,0.0,0.0,0.0,0.0,0.0,0.0,0.0,0.0,0.0,0.0,0.0,0.0,0.0,0.0,69.0,841.0,841.0,12.3,2.4,0.0,2.4,25.9,0.0,0.0,38.0,0.0,0.0,-0.4,0.6,0.2,-3.0,0.0,0.0,25.9,2.0,0.0,0.0,0.0,0.656,0.703,68.8,0.0,0.0,0.0,,0.0,841.0,55.4,62.6,0.0,0.0,0.0,0.0,228.2,1205.6,217.4,1108.4,219.2,1137.2,221.0,1095.8,0.0,0.0,62.6,221.45,198.05,39.2,0.1391111111111111,17.878666666666668,0.0,242.6,2026-01-04 14:43:52-08:00,221.45,166.04999999999998,7.200000000000003,0.48,0.48,True
272.06,1.0,10.0,2026-01-04 22:48:24,37.08159,-121.59959,298.0,0.0,280.8,-12.6,0.0,0.0,0.0,0.0,0.0,11.3,0.3,241.8,0.0,327.0,-0.0,0.0,1.0,0.0,11.0,0.0,29.88,212.0,0.0,0.0,241.0,0.0,0.0,0.0,0.0,0.0,0.0,0.0,0.0,0.0,0.0,0.0,0.0,0.0,0.0,0.0,0.0,0.0,0.0,0.0,0.0,0.0,0.0,0.0,0.0,69.0,836.0,836.0,12.2,2.2,0.0,2.2,25.9,0.0,0.0,38.0,0.0,0.0,-0.4,0.6,0.2,-3.0,0.0,0.0,25.9,2.0,0.0,0.0,0.0,0.656,0.703,69.0,0.0,0.0,0.0,,0.0,836.0,55.4,62.6,0.0,0.0,0.0,0.0,230.0,1194.8,217.4,1097.6,219.2,1128.2,221.0,1085.0,0.0,0.0,62.6,221.9,198.5,39.2,0.13974999999999999,17.878666666666668,0.0,242.6,2026-01-04 14:43:52-08:00,221.9,166.5,7.200000000000003,0.48,0.48,True
273.06,1.0,10.0,2026-01-04 22:48:25,37.08159,-121.59959,298.0,0.1,280.8,-12.6,0.0,0.0,0.0,0.0,0.0,11.3,0.3,241.7,0.0,327.0,-0.0,0.0,1.0,0.0,14.0,0.0,29.88,212.0,0.0,0.0,241.0,0.0,0.0,0.0,0.0,0.0,0.0,0.0,0.0,0.0,0.0,0.0,0.0,0.0,0.0,0.0,0.0,0.0,0.0,0.0,0.0,0.0,0.0,0.0,0.0,69.0,850.0,850.0,12.2,1.9,0.0,1.9,26.0,0.0,0.0,38.0,0.0,0.0,-0.4,0.6,0.2,-3.0,0.0,0.0,26.0,2.0,0.0,0.0,0.0,0.654,0.703,69.1,0.0,0.0,0.0,,0.0,850.0,55.4,62.6,0.0,0.0,0.0,0.0,230.0,1185.8,217.4,1086.8,221.0,1121.0,221.0,1074.2,0.0,0.0,62.78,222.35,198.95,39.38,0.14031944444444444,17.963,0.052631578947368425,242.6,2026-01-04 14:43:52-08:00,222.35,166.95,7.380000000000003,0.48,0.48,True
274.06,1.0,10.0,2026-01-04 22:48:26,37.08158,-121.59959,298.0,0.0,280.8,-12.6,0.0,0.0,0.0,0.0,0.0,11.3,0.4,241.8,0.0,327.0,-0.0,0.0,1.0,0.0,12.0,0.0,29.88,221.0,0.0,0.0,241.0,0.0,0.0,0.0,0.0,0.0,0.0,0.0,0.0,0.0,0.0,0.0,0.0,0.0,0.0,0.0,0.0,0.0,0.0,0.0,0.0,0.0,0.0,0.0,0.0,69.0,834.0,834.0,12.1,1.8,0.0,1.8,25.9,0.0,0.0,38.0,0.0,0.0,-0.4,0.6,0.2,-3.0,0.0,0.0,25.9,2.0,0.0,0.0,0.0,0.654,0.703,69.1,0.0,0.0,0.0,,0.0,834.0,55.4,62.6,0.0,0.0,0.0,0.0,230.0,1173.2,219.2,1079.6,221.0,1112.0,222.8,1067.0,0.0,0.0,62.78,223.25,199.85,39.38,0.14083333333333334,18.04733333333333,0.0,242.6,2026-01-04 14:43:52-08:00,223.25,167.85,7.380000000000003,0.48,0.48,True
275.06,1.0,10.0,2026-01-04 22:48:27,37.08159,-121.59959,296.0,0.1,280.8,-12.6,0.0,0.0,0.0,0.0,0.0,11.3,0.4,241.8,0.0,327.0,-0.0,0.0,1.0,0.0,8.0,0.0,29.88,220.0,0.0,0.0,241.0,0.0,0.0,0.0,0.0,0.0,0.0,0.0,0.0,0.0,0.0,0.0,0.0,0.0,0.0,0.0,0.0,0.0,0.0,0.0,0.0,0.0,0.0,0.0,0.0,69.0,840.0,840.0,12.2,1.6,0.0,1.6,25.9,0.0,0.0,38.0,0.0,0.0,-0.4,0.6,0.2,-3.0,0.0,0.0,25.9,2.0,0.0,0.0,0.0,0.654,0.702,68.9,0.0,0.0,0.0,,0.0,840.0,55.4,62.6,0.0,0.0,0.0,0.0,231.8,1164.2,219.2,1070.6,221.0,1106.6,222.8,1059.8,0.0,0.0,62.78,223.7,200.3,39.38,0.14130555555555555,18.131666666666664,0.0625,242.6,2026-01-04 14:43:52-08:00,223.7,168.29999999999998,7.380000000000003,0.48,0.48,True
276.06,1.0,10.0,2026-01-04 22:48:28,37.08159,-121.59959,297.0,0.0,280.8,-12.6,0.0,0.0,0.0,0.0,0.0,11.3,0.3,241.8,0.0,327.0,0.0,0.01,1.0,0.0,5.0,0.0,29.88,220.0,0.0,0.0,241.0,0.0,0.0,0.0,0.0,0.0,0.0,0.0,0.0,0.0,0.0,0.0,0.0,0.0,0.0,0.0,0.0,0.0,0.0,0.0,0.0,0.0,0.0,0.0,0.0,69.0,854.0,854.0,12.2,1.5,0.0,1.5,26.0,0.0,0.0,38.0,0.0,0.0,-0.4,0.6,0.2,-3.0,0.0,0.0,26.0,2.0,0.0,0.0,0.0,0.654,0.703,69.2,0.0,0.0,0.0,,0.0,854.0,55.4,62.6,0.0,0.0,0.0,0.0,231.8,1153.4,219.2,1061.6,221.0,1099.4,222.8,1052.6,0.0,0.0,62.78,223.7,200.3,39.38,0.14173611111111112,18.215999999999998,0.0,242.6,2026-01-04 14:43:52-08:00,223.7,168.29999999999998,7.380000000000003,0.48,0.48,True
277.06,1.0,10.0,2026-01-04 22:48:29,37.08159,-121.59959,297.0,0.1,280.8,-12.6,0.0,0.0,0.0,0.0,0.0,11.3,0.3,241.8,0.0,327.0,-0.0,0.01,1.0,0.0,0.0,0.0,29.88,220.0,0.0,0.0,241.0,0.0,0.0,0.0,0.0,0.0,0.0,0.0,0.0,0.0,0.0,0.0,0.0,0.0,0.0,0.0,0.0,0.0,0.0,0.0,0.0,0.0,0.0,0.0,0.0,69.0,839.0,839.0,12.1,1.5,0.0,1.5,25.9,0.0,0.0,38.0,0.0,0.0,-0.4,0.6,0.2,-3.0,0.0,0.0,25.9,2.0,0.0,0.0,0.0,0.653,0.703,69.0,0.0,0.0,0.0,,0.0,839.0,55.4,62.6,0.0,0.0,0.0,0.0,231.8,1148.0,219.2,1054.4,221.0,1094.0,222.8,1045.4,0.0,0.0,62.959999999999994,223.7,200.3,39.56,0.14215277777777777,18.30033333333333,0.06666666666666667,242.6,2026-01-04 14:43:52-08:00,223.7,168.29999999999998,7.559999999999995,0.48,0.48,True
278.06,1.0,10.0,2026-01-04 22:48:30,37.08159,-121.59959,297.0,0.1,280.8,-12.6,0.0,0.0,0.0,0.0,0.0,11.3,0.3,241.8,0.0,327.0,-0.0,0.01,1.0,0.0,35.0,0.0,29.88,221.0,0.0,0.0,241.0,0.0,0.0,0.0,0.0,0.0,0.0,0.0,0.0,0.0,0.0,0.0,0.0,0.0,0.0,0.0,0.0,0.0,0.0,0.0,0.0,0.0,0.0,0.0,0.0,69.0,837.0,837.0,12.3,1.4,0.0,1.4,26.0,0.0,0.0,38.0,0.0,0.0,-0.4,0.6,0.2,-3.0,0.0,0.0,26.0,2.0,0.0,0.0,0.0,0.653,0.703,68.8,0.0,0.0,0.0,,0.0,837.0,55.4,62.6,0.0,0.0,0.0,0.0,231.8,1140.8,219.2,1049.0,222.8,1088.6,222.8,1040.0,0.0,0.0,62.959999999999994,224.15,200.75,39.56,0.14255555555555555,18.468999999999998,0.07142857142857144,242.6,2026-01-04 14:43:52-08:00,224.14999999999998,168.74999999999997,7.559999999999995,0.48,0.48,True
279.06,1.0,10.0,2026-01-04 22:48:31,37.08159,-121.59959,297.0,0.1,280.8,-12.6,0.0,0.0,0.0,0.0,0.0,11.3,0.3,241.8,0.0,327.0,-0.0,0.01,1.0,0.0,-25.0,0.0,29.88,221.0,0.0,0.0,241.0,0.0,0.0,0.0,0.0,0.0,0.0,0.0,0.0,0.0,0.0,0.0,0.0,0.0,0.0,0.0,0.0,0.0,0.0,0.0,0.0,0.0,0.0,0.0,0.0,69.0,832.0,832.0,12.2,1.4,0.0,1.4,25.9,0.0,0.0,38.0,0.0,0.0,-0.4,0.6,0.2,-3.0,0.0,0.0,25.9,2.0,0.0,0.0,0.0,0.654,0.703,68.8,0.0,0.0,0.0,,0.0,832.0,55.4,62.6,0.0,0.0,0.0,0.0,231.8,1133.6,219.2,1043.6,222.8,1083.2,222.8,1034.6,0.0,0.0,62.959999999999994,224.15,200.75,39.56,0.14294444444444443,18.637666666666664,0.07142857142857144,242.6,2026-01-04 14:43:52-08:00,224.14999999999998,168.74999999999997,7.559999999999995,0.48,0.48,True
280.06,1.0,10.0,2026-01-04 22:48:32,37.08158,-121.59959,296.0,0.1,280.8,-12.6,0.0,0.0,0.0,0.0,0.0,11.3,0.3,241.8,0.0,327.0,-0.0,0.01,1.0,0.0,-2.0,0.0,29.88,221.0,0.0,0.0,241.0,0.0,0.0,0.0,0.0,0.0,0.0,0.0,0.0,0.0,0.0,0.0,0.0,0.0,0.0,0.0,0.0,0.0,0.0,0.0,0.0,0.0,0.0,0.0,0.0,69.0,844.0,844.0,12.3,1.3,0.0,1.3,26.0,0.0,0.0,38.0,0.0,0.0,-0.4,0.6,0.2,-3.0,0.0,0.0,26.0,2.0,0.0,0.0,0.0,0.653,0.703,68.8,0.0,0.0,0.0,,0.0,844.0,55.4,62.6,0.0,0.0,0.0,0.0,233.6,1130.0,221.0,1036.4,222.8,1079.6,224.6,1029.2,0.0,0.0,63.14,225.5,202.1,39.74,0.14331944444444444,18.80633333333333,0.07692307692307693,242.6,2026-01-04 14:43:52-08:00,225.5,170.1,7.740000000000002,0.48,0.48,True
281.06,1.0,10.0,2026-01-04 22:48:33,37.08158,-121.59959,297.0,0.0,280.8,-12.6,0.0,0.0,0.0,0.0,0.0,11.3,0.3,241.8,0.0,327.0,-0.0,0.01,1.0,0.0,18.0,0.0,29.88,221.0,0.0,0.0,241.0,0.0,0.0,0.0,0.0,0.0,0.0,0.0,0.0,0.0,0.0,0.0,0.0,0.0,0.0,0.0,0.0,0.0,0.0,0.0,0.0,0.0,0.0,0.0,0.0,69.0,825.0,825.0,12.2,1.3,0.0,1.3,25.9,0.0,0.0,38.0,0.0,0.0,-0.4,0.6,0.2,-3.0,0.0,0.0,25.9,2.0,0.0,0.0,0.0,0.653,0.703,68.7,0.0,0.0,0.0,,0.0,825.0,55.4,62.6,0.0,0.0,0.0,0.0,233.6,1124.6,221.0,1031.0,224.6,1077.8,224.6,1023.8,0.0,0.0,63.14,225.95,202.55,39.74,0.14368055555555556,18.890666666666664,0.0,242.6,2026-01-04 14:43:52-08:00,225.95000000000002,170.55,7.740000000000002,0.48,0.48,True
282.06,1.0,10.0,2026-01-04 22:48:34,37.08158,-121.59959,296.0,0.1,280.8,-12.6,0.0,0.0,0.0,0.0,0.0,11.3,0.3,241.8,0.0,327.0,-0.0,0.01,1.0,0.0,16.0,0.0,29.88,221.0,0.0,0.0,241.0,0.0,0.0,0.0,0.0,0.0,0.0,0.0,0.0,0.0,0.0,0.0,0.0,0.0,0.0,0.0,0.0,0.0,0.0,0.0,0.0,0.0,0.0,0.0,0.0,69.0,836.0,836.0,12.3,1.3,0.0,1.3,25.9,0.0,0.0,38.0,0.0,0.0,-0.4,0.6,0.2,-3.0,0.0,0.0,25.9,2.0,0.0,0.0,0.0,0.653,0.703,68.5,0.0,0.0,0.0,,0.0,836.0,55.4,62.6,0.0,0.0,0.0,0.0,233.6,1121.0,221.0,1027.4,224.6,1074.2,224.6,1018.4,0.0,0.0,63.14,225.95,202.55,39.74,0.14404166666666668,18.974999999999998,0.07692307692307693,242.6,2026-01-04 14:43:52-08:00,225.95000000000002,170.55,7.740000000000002,0.48,0.48,True
283.06,1.0,10.0,2026-01-04 22:48:35,37.08158,-121.59959,296.0,0.0,280.8,-12.6,0.0,0.0,0.0,0.0,0.0,11.3,0.3,241.8,0.0,327.0,-0.0,0.01,1.0,0.0,8.0,0.0,29.88,221.0,0.0,0.0,241.0,0.0,0.0,0.0,0.0,0.0,0.0,0.0,0.0,0.0,0.0,0.0,0.0,0.0,0.0,0.0,0.0,0.0,0.0,0.0,0.0,0.0,0.0,0.0,0.0,69.0,846.0,846.0,12.3,1.2,0.0,1.2,25.9,0.0,0.0,38.0,0.0,0.0,-0.4,0.6,0.2,-3.0,0.0,0.0,25.9,2.0,0.0,0.0,0.0,0.653,0.703,68.6,0.0,0.0,0.0,,0.0,846.0,55.4,62.6,0.0,0.0,0.0,0.0,235.4,1115.6,221.0,1022.0,224.6,1072.4,224.6,1014.8,0.0,0.0,63.32,226.4,203.0,39.919999999999995,0.1443888888888889,19.05933333333333,0.0,242.6,2026-01-04 14:43:52-08:00,226.4,171.0,7.920000000000002,0.48,0.48,True
284.06,1.0,10.0,2026-01-04 22:48:36,37.08158,-121.59959,296.0,0.0,280.8,-12.6,0.0,0.0,0.0,0.0,0.0,11.3,0.3,241.8,0.0,327.0,-0.0,0.0,1.0,0.0,-12.0,0.0,29.88,221.0,0.0,0.0,241.0,0.0,0.0,0.0,0.0,0.0,0.0,0.0,0.0,0.0,0.0,0.0,0.0,0.0,0.0,0.0,0.0,0.0,0.0,0.0,0.0,0.0,0.0,0.0,0.0,68.0,828.0,828.0,12.2,1.2,0.0,1.2,25.9,0.0,0.0,38.0,0.0,0.0,-0.4,0.6,0.2,-3.0,0.0,0.0,25.9,2.0,0.0,0.0,0.0,0.653,0.703,68.4,0.0,0.0,0.0,,0.0,828.0,55.4,62.6,0.0,0.0,0.0,0.0,235.4,1112.0,221.0,1016.6,224.6,1070.6,224.6,1011.2,0.0,0.0,63.32,226.4,203.0,39.919999999999995,0.14472222222222222,19.05933333333333,0.0,242.6,2026-01-04 14:43:52-08:00,226.4,171.0,7.920000000000002,0.48,0.48,True
285.06,1.0,10.0,2026-01-04 22:48:37,37.08158,-121.5996,295.0,0.1,280.8,-12.6,0.0,0.0,0.0,0.0,0.0,11.2,0.3,241.8,0.0,327.0,-0.0,0.01,1.0,0.0,16.0,0.0,29.88,221.0,0.0,0.0,241.0,0.0,0.0,0.0,0.0,0.0,0.0,0.0,0.0,0.0,0.0,0.0,0.0,0.0,0.0,0.0,0.0,0.0,0.0,0.0,0.0,0.0,0.0,0.0,0.0,68.0,834.0,834.0,12.3,1.2,0.0,1.2,25.9,0.0,0.0,38.0,0.0,0.0,-0.4,0.6,0.2,-3.0,0.0,0.0,25.9,2.0,0.0,0.0,0.0,0.653,0.703,68.4,0.0,0.0,0.0,,0.0,834.0,55.4,62.6,0.0,0.0,0.0,0.0,235.4,1108.4,221.0,1014.8,226.4,1067.0,224.6,1005.8,0.0,0.0,63.32,226.85,203.45,39.919999999999995,0.14505555555555555,19.143666666666665,0.08333333333333334,242.6,2026-01-04 14:43:52-08:00,226.85,171.45,7.920000000000002,0.48,0.48,True
286.06,1.0,10.0,2026-01-04 22:48:38,37.08158,-121.5996,295.0,0.0,280.8,-12.6,0.0,0.0,0.0,0.0,0.0,11.3,0.3,241.8,0.0,327.0,-0.0,0.0,1.0,0.0,-19.0,0.0,29.88,221.0,0.0,0.0,241.0,0.0,0.0,0.0,0.0,0.0,0.0,0.0,0.0,0.0,0.0,0.0,0.0,0.0,0.0,0.0,0.0,0.0,0.0,0.0,0.0,0.0,0.0,0.0,0.0,68.0,845.0,845.0,12.3,1.2,0.0,1.2,26.0,0.0,0.0,38.0,0.0,0.0,-0.4,0.6,0.2,-3.0,0.0,0.0,26.0,2.0,0.0,0.0,0.0,0.653,0.703,68.5,0.0,0.0,0.0,,0.0,845.0,55.4,62.6,0.0,0.0,0.0,0.0,235.4,1104.8,222.8,1011.2,226.4,1065.2,224.6,1002.2,0.0,0.0,63.5,227.3,203.9,40.1,0.1453888888888889,19.227999999999998,0.0,242.6,2026-01-04 14:43:52-08:00,227.29999999999998,171.89999999999998,8.100000000000001,0.48,0.48,True
287.06,1.0,10.0,2026-01-04 22:48:39,37.08158,-121.5996,296.0,0.1,280.8,-12.6,0.0,0.0,0.0,0.0,0.0,11.3,0.3,241.8,0.0,327.0,-0.0,0.0,1.0,0.0,-1.0,0.0,29.88,221.0,0.0,0.0,241.0,0.0,0.0,0.0,0.0,0.0,0.0,0.0,0.0,0.0,0.0,0.0,0.0,0.0,0.0,0.0,0.0,0.0,0.0,0.0,0.0,0.0,0.0,0.0,0.0,68.0,831.0,831.0,12.2,1.2,0.0,1.2,26.0,0.0,0.0,38.0,0.0,0.0,-0.4,0.6,0.2,-3.0,0.0,0.0,26.0,2.0,0.0,0.0,0.0,0.653,0.703,68.4,0.0,0.0,0.0,,0.0,831.0,55.4,62.6,0.0,0.0,0.0,0.0,237.2,1099.4,222.8,1007.6,226.4,1065.2,226.4,1000.4,0.0,0.0,63.5,228.2,204.8,40.1,0.14572222222222223,19.31233333333333,0.08333333333333334,242.6,2026-01-04 14:43:52-08:00,228.2,172.79999999999998,8.100000000000001,0.48,0.48,True
288.06,1.0,10.0,2026-01-04 22:48:40,37.08158,-121.5996,297.0,0.0,280.8,-12.6,0.0,0.0,0.0,0.0,0.0,11.3,0.3,241.8,0.0,327.0,-0.0,0.0,1.0,0.0,-11.0,0.0,29.88,221.0,0.0,0.0,241.0,0.0,0.0,0.0,0.0,0.0,0.0,0.0,0.0,0.0,0.0,0.0,0.0,0.0,0.0,0.0,0.0,0.0,0.0,0.0,0.0,0.0,0.0,0.0,0.0,68.0,842.0,842.0,12.3,1.2,0.0,1.2,26.0,0.0,0.0,38.0,0.0,0.0,-0.4,0.6,0.2,-3.0,0.0,0.0,26.0,2.0,0.0,0.0,0.0,0.653,0.702,68.4,0.0,0.0,0.0,,0.0,842.0,55.4,64.4,0.0,0.0,0.0,0.0,237.2,1097.6,222.8,1005.8,228.2,1065.2,226.4,998.6,0.0,0.0,63.5,228.65,205.25,40.1,0.14605555555555555,19.396666666666665,0.0,242.6,2026-01-04 14:43:52-08:00,228.65000000000003,173.25000000000003,8.100000000000001,0.48,0.48,True
289.06,1.0,10.0,2026-01-04 22:48:41,37.08158,-121.5996,296.0,0.1,280.8,-12.6,0.0,0.0,0.0,0.0,0.0,11.3,0.3,241.8,0.0,327.0,-0.0,0.01,1.0,0.0,2.0,0.0,29.88,221.0,0.0,0.0,241.0,0.0,0.0,0.0,0.0,0.0,0.0,0.0,0.0,0.0,0.0,0.0,0.0,0.0,0.0,0.0,0.0,0.0,0.0,0.0,0.0,0.0,0.0,0.0,0.0,69.0,833.0,833.0,12.1,1.2,0.0,1.2,26.0,0.0,0.0,38.0,0.0,0.0,-0.4,0.6,0.2,-3.0,0.0,0.0,26.0,2.0,0.0,0.0,0.0,0.653,0.702,68.6,0.0,0.0,0.0,,0.0,833.0,55.4,64.4,0.0,0.0,0.0,0.0,237.2,1090.4,222.8,1002.2,228.2,1068.8,226.4,996.8,0.0,0.0,63.68,228.65,205.25,40.28,0.14638888888888887,19.480999999999998,0.08333333333333334,242.6,2026-01-04 14:43:52-08:00,228.65000000000003,173.25000000000003,8.280000000000001,0.48,0.48,True
290.06,1.0,10.0,2026-01-04 22:48:42,37.08158,-121.5996,296.0,0.0,280.8,-12.6,0.0,0.0,0.0,0.0,0.0,11.3,0.4,241.8,0.0,327.0,0.0,0.01,1.0,0.0,7.0,0.0,29.88,221.0,0.0,0.0,241.0,0.0,0.0,0.0,0.0,0.0,0.0,0.0,0.0,0.0,0.0,0.0,0.0,0.0,0.0,0.0,0.0,0.0,0.0,0.0,0.0,0.0,0.0,0.0,0.0,68.0,830.0,830.0,12.3,1.1,0.0,1.1,26.0,0.0,0.0,38.0,0.0,0.0,-0.4,0.6,0.2,-3.0,0.0,0.0,26.0,2.0,0.0,0.0,0.0,0.653,0.703,68.2,0.0,0.0,0.0,,0.0,830.0,55.4,64.4,0.0,0.0,0.0,0.0,237.2,1086.8,224.6,1002.2,228.2,1072.4,226.4,995.0,0.0,0.0,63.68,229.1,205.7,40.28,0.14670833333333333,19.56533333333333,0.0,242.6,2026-01-04 14:43:52-08:00,229.10000000000002,173.70000000000002,8.280000000000001,0.48,0.48,True
291.06,1.0,10.0,2026-01-04 22:48:43,37.08158,-121.5996,296.0,0.0,280.8,-12.6,0.0,0.0,0.0,0.0,0.0,11.2,0.3,241.7,0.0,327.0,-0.0,0.01,1.0,0.0,12.0,0.0,29.88,221.0,0.0,0.0,241.0,0.0,0.0,0.0,0.0,0.0,0.0,0.0,0.0,0.0,0.0,0.0,0.0,0.0,0.0,0.0,0.0,0.0,0.0,0.0,0.0,0.0,0.0,0.0,0.0,68.0,842.0,842.0,12.4,1.1,0.0,1.1,26.0,0.0,0.0,38.0,0.0,0.0,-0.4,0.6,0.2,-3.0,0.0,0.0,26.0,2.0,0.0,0.0,0.0,0.653,0.702,68.2,0.0,0.0,0.0,,0.0,842.0,55.4,64.4,0.0,0.0,0.0,0.0,239.0,1081.4,224.6,1002.2,228.2,1077.8,228.2,993.2,0.0,0.0,63.68,230.0,206.6,40.28,0.1470138888888889,19.56533333333333,0.0,242.6,2026-01-04 14:43:52-08:00,230.0,174.6,8.280000000000001,0.48,0.48,True
292.06,1.0,10.0,2026-01-04 22:48:44,37.08158,-121.5996,296.0,0.0,280.8,-12.6,0.0,0.0,0.0,0.0,0.0,11.3,0.3,241.7,0.0,327.0,-0.0,0.01,1.0,0.0,-14.0,0.0,29.88,221.0,0.0,0.0,241.0,0.0,0.0,0.0,0.0,0.0,0.0,0.0,0.0,0.0,0.0,0.0,0.0,0.0,0.0,0.0,0.0,0.0,0.0,0.0,0.0,0.0,0.0,0.0,0.0,68.0,848.0,848.0,12.3,1.1,0.0,1.1,26.0,0.0,0.0,38.0,0.0,0.0,-0.4,0.6,0.2,-3.0,0.0,0.0,26.0,2.0,0.0,0.0,0.0,0.653,0.703,68.3,0.0,0.0,0.0,,0.0,848.0,55.4,64.4,0.0,0.0,0.0,0.0,239.0,1077.8,224.6,1002.2,228.2,1077.8,228.2,993.2,0.0,0.0,63.86,230.0,206.6,40.46,0.14731944444444445,19.56533333333333,0.0,242.6,2026-01-04 14:43:52-08:00,230.0,174.6,8.46,0.48,0.48,True
293.06,1.0,10.0,2026-01-04 22:48:45,37.08158,-121.59959,336.0,0.0,280.8,-12.6,0.0,0.0,0.0,0.0,0.0,11.3,0.3,241.7,0.0,327.0,-0.0,0.01,1.0,0.0,3.0,0.0,29.88,223.0,0.0,0.0,241.0,0.0,0.0,0.0,0.0,0.0,0.0,0.0,0.0,0.0,0.0,0.0,0.0,0.0,0.0,0.0,0.0,0.0,0.0,0.0,0.0,0.0,0.0,0.0,0.0,68.0,837.0,837.0,12.3,1.1,0.0,1.1,26.0,0.0,0.0,38.0,0.0,0.0,-0.4,0.6,0.2,-3.0,0.0,0.0,26.0,2.0,0.0,0.0,0.0,0.653,0.703,68.2,0.0,0.0,0.0,,0.0,837.0,55.4,64.4,0.0,0.0,0.0,0.0,239.0,1076.0,224.6,1000.4,230.0,1081.4,228.2,991.4,0.0,0.0,63.86,230.45,207.05,40.46,0.147625,19.56533333333333,0.0,242.6,2026-01-04 14:43:52-08:00,230.45,175.04999999999998,8.46,0.48,0.48,True
294.06,1.0,10.0,2026-01-04 22:48:46,37.08156,-121.5996,329.0,0.0,280.8,-12.6,0.0,0.0,0.0,0.0,0.0,11.2,0.3,241.8,0.0,327.0,-0.0,0.0,1.0,0.0,-33.0,0.0,29.88,223.0,0.0,0.0,241.0,0.0,0.0,0.0,0.0,0.0,0.0,0.0,0.0,0.0,0.0,0.0,0.0,0.0,0.0,0.0,0.0,0.0,0.0,0.0,0.0,0.0,0.0,0.0,0.0,68.0,816.0,816.0,12.3,1.1,0.0,1.1,26.0,0.0,0.0,38.0,0.0,0.0,-0.4,0.6,0.2,-3.0,0.0,0.0,26.0,2.0,0.0,0.0,0.0,0.653,0.703,67.9,0.0,0.0,0.0,,0.0,816.0,55.4,64.4,0.0,0.0,0.0,0.0,240.8,1072.4,226.4,1002.2,230.0,1085.0,228.2,991.4,0.0,0.0,63.86,231.35,207.95,40.46,0.14793055555555557,19.56533333333333,0.0,242.6,2026-01-04 14:43:52-08:00,231.35000000000002,175.95000000000002,8.46,0.48,0.48,True
295.06,1.0,10.0,2026-01-04 22:48:47,37.08156,-121.5996,329.0,0.0,280.8,-12.6,0.0,0.0,0.0,0.0,0.0,11.3,0.3,241.7,0.0,327.0,-0.0,0.01,1.0,0.0,-23.0,0.0,29.88,223.0,0.0,0.0,241.0,0.0,0.0,0.0,0.0,0.0,0.0,0.0,0.0,0.0,0.0,0.0,0.0,0.0,0.0,0.0,0.0,0.0,0.0,0.0,0.0,0.0,0.0,0.0,0.0,68.0,835.0,835.0,12.3,1.1,0.0,1.1,26.0,0.0,0.0,38.0,0.0,0.0,-0.4,0.6,0.2,-3.0,0.0,0.0,26.0,2.0,0.0,0.0,0.0,0.653,0.703,68.0,0.0,0.0,0.0,,0.0,835.0,55.4,64.4,0.0,0.0,0.0,0.0,240.8,1068.8,226.4,1000.4,230.0,1086.8,228.2,991.4,0.0,0.0,64.04,231.35,207.95,40.64,0.1482361111111111,19.56533333333333,0.0,242.6,2026-01-04 14:43:52-08:00,231.35000000000002,175.95000000000002,8.640000000000008,0.48,0.48,True
296.06,1.0,10.0,2026-01-04 22:48:48,37.08156,-121.5996,330.0,0.0,280.8,-12.6,0.0,0.0,0.0,0.0,0.0,11.2,0.3,241.8,0.0,327.0,-0.0,0.01,1.0,0.0,19.0,0.0,29.88,231.0,0.0,0.0,241.0,0.0,0.0,0.0,0.0,0.0,0.0,0.0,0.0,0.0,0.0,0.0,0.0,0.0,0.0,0.0,0.0,0.0,0.0,0.0,0.0,0.0,0.0,0.0,0.0,68.0,767.0,767.0,12.4,1.1,0.0,1.1,25.7,0.0,0.0,38.0,0.0,0.0,-0.4,0.6,0.2,-3.0,0.0,0.0,25.7,2.0,0.0,0.0,0.0,0.653,0.703,67.9,0.0,0.0,0.0,,0.0,767.0,55.4,64.4,0.0,0.0,0.0,0.0,240.8,1068.8,226.4,998.6,231.8,1088.6,230.0,989.6,0.0,0.0,64.04,232.25,208.85,40.64,0.14854166666666666,19.56533333333333,0.0,242.6,2026-01-04 14:43:52-08:00,232.25,176.85,8.640000000000008,0.48,0.48,True
297.06,1.0,10.0,2026-01-04 22:48:49,37.08155,-121.5996,340.0,0.1,280.8,-12.6,0.0,0.0,0.0,0.0,0.0,11.3,0.3,241.8,0.0,327.0,-0.0,0.0,1.0,0.0,12.0,0.0,29.88,231.0,0.0,0.0,241.0,0.0,0.0,0.0,0.0,0.0,0.0,0.0,0.0,0.0,0.0,0.0,0.0,0.0,0.0,0.0,0.0,0.0,0.0,0.0,0.0,0.0,0.0,0.0,0.0,65.0,580.0,580.0,14.5,1.1,0.0,1.1,26.8,0.0,0.0,38.0,0.0,0.0,-0.4,0.6,0.2,-3.0,0.0,0.0,26.8,2.0,0.0,0.0,0.0,0.653,0.703,65.2,0.0,0.0,0.0,,0.0,580.0,55.4,64.4,0.0,0.0,0.0,0.0,240.8,1043.6,226.4,998.6,231.8,1076.0,230.0,986.0,0.0,0.0,64.04,232.25,208.85,40.64,0.14884722222222221,19.649666666666665,0.09090909090909091,242.6,2026-01-04 14:43:52-08:00,232.25,176.85,8.640000000000008,0.48,0.48,True
298.06,1.0,10.0,2026-01-04 22:48:50,37.08155,-121.5996,341.0,0.0,280.8,-12.6,0.0,0.0,0.0,0.0,0.0,11.3,0.3,241.7,0.0,327.0,-0.0,0.01,1.0,0.0,-20.0,0.0,29.88,231.0,0.0,0.0,241.0,0.0,0.0,0.0,0.0,0.0,0.0,0.0,0.0,0.0,0.0,0.0,0.0,0.0,0.0,0.0,0.0,0.0,0.0,0.0,0.0,0.0,0.0,0.0,0.0,56.0,98.0,98.0,24.7,1.0,0.0,1.0,26.7,0.0,0.0,38.0,0.0,0.0,-0.4,0.6,0.2,-3.0,0.0,0.0,26.7,2.0,0.0,0.0,0.0,0.658,0.703,55.8,0.0,0.0,0.0,,0.0,98.0,57.2,64.4,0.0,0.0,0.0,0.0,242.6,1000.4,226.4,968.0,231.8,1031.0,230.0,955.4,0.0,0.0,64.04,232.7,207.5,38.84,0.14913888888888888,19.733999999999998,0.0,242.6,2026-01-04 14:43:52-08:00,232.70000000000002,175.5,6.840000000000003,0.48,0.48,True
299.06,1.0,10.0,2026-01-04 22:48:51,37.08156,-121.5996,341.0,0.1,280.8,-12.6,0.0,0.0,0.0,0.0,0.0,11.3,0.3,241.7,0.0,327.0,-0.0,0.01,1.0,0.0,2.0,0.0,29.88,232.0,0.0,0.0,241.0,0.0,0.0,0.0,0.0,0.0,0.0,0.0,0.0,0.0,0.0,0.0,0.0,0.0,0.0,0.0,0.0,0.0,0.0,0.0,0.0,0.0,0.0,0.0,0.0,45.0,98.0,98.0,29.2,1.0,0.0,1.0,26.5,0.0,0.0,38.0,0.0,0.0,-0.4,0.6,0.2,-3.0,0.0,0.0,26.5,2.0,0.0,0.0,0.0,0.657,0.703,45.1,0.0,0.0,0.0,,0.0,98.0,57.2,64.4,0.0,0.0,0.0,0.0,242.6,986.0,226.4,944.6,231.8,1009.4,230.0,926.6,0.0,0.0,64.22,232.7,207.5,39.02,0.14941666666666667,19.81833333333333,0.1,242.6,2026-01-04 14:43:52-08:00,232.70000000000002,175.5,7.019999999999996,0.48,0.48,True
300.06,1.0,10.0,2026-01-04 22:48:52,37.08156,-121.5996,340.0,0.0,280.8,-12.6,0.0,0.0,0.0,0.0,0.0,11.4,0.4,241.8,0.0,327.0,-0.0,0.01,1.0,0.0,9.0,0.0,29.88,231.0,0.0,0.0,241.0,0.0,0.0,0.0,0.0,0.0,0.0,0.0,0.0,0.0,0.0,0.0,0.0,0.0,0.0,0.0,0.0,0.0,0.0,0.0,0.0,0.0,0.0,0.0,0.0,37.0,0.0,0.0,29.7,1.0,0.0,1.0,26.4,0.0,0.0,38.0,0.0,0.0,-0.4,0.6,0.2,-3.0,0.0,0.0,26.4,2.0,0.0,0.0,0.0,0.656,0.703,37.4,0.0,0.0,0.0,,0.0,0.0,57.2,64.4,0.0,0.0,0.0,0.0,242.6,973.4,226.4,930.2,231.8,993.2,230.0,912.2,0.0,0.0,64.22,232.7,207.5,39.02,0.14969444444444444,19.902666666666665,0.0,242.6,2026-01-04 14:43:52-08:00,232.70000000000002,175.5,7.019999999999996,0.48,0.48,True
301.06,1.0,10.0,2026-01-04 22:48:53,37.08156,-121.5996,340.0,0.0,280.8,-12.6,0.0,0.0,0.0,0.0,0.0,11.3,0.3,241.8,0.0,327.0,0.0,0.01,1.0,0.0,-14.0,0.0,29.88,231.0,0.0,0.0,241.0,0.0,0.0,0.0,0.0,0.0,0.0,0.0,0.0,0.0,0.0,0.0,0.0,0.0,0.0,0.0,0.0,0.0,0.0,0.0,0.0,0.0,0.0,0.0,0.0,32.0,0.0,0.0,29.8,0.0,0.0,0.0,26.3,0.0,0.0,38.0,0.0,0.0,-0.4,0.6,0.2,-3.0,0.0,0.0,26.3,2.0,0.0,0.0,0.0,0.656,0.703,31.9,0.0,0.0,0.0,,0.0,0.0,57.2,64.4,0.0,0.0,0.0,0.0,242.6,960.8,226.4,914.0,231.8,975.2,230.0,896.0,0.0,0.0,64.22,232.7,207.5,39.02,0.14983333333333335,19.902666666666665,0.0,242.6,2026-01-04 14:43:52-08:00,232.70000000000002,175.5,7.019999999999996,0.48,0.48,True
302.06,1.0,10.0,2026-01-04 22:48:54,37.08156,-121.5996,340.0,0.0,280.8,-12.6,0.0,0.0,0.0,0.0,0.0,11.3,0.3,241.8,0.0,327.0,0.0,0.01,1.0,0.0,5.0,0.0,29.88,231.0,0.0,0.0,241.0,0.0,0.0,0.0,0.0,0.0,0.0,0.0,0.0,0.0,0.0,0.0,0.0,0.0,0.0,0.0,0.0,0.0,0.0,0.0,0.0,0.0,0.0,0.0,0.0,28.0,0.0,0.0,30.0,0.0,0.0,0.0,26.2,0.0,0.0,38.0,0.0,0.0,-0.4,0.6,0.2,-3.0,0.0,0.0,26.2,2.0,0.0,0.0,0.0,0.656,0.703,27.9,0.0,0.0,0.0,,0.0,0.0,57.2,64.4,0.0,0.0,0.0,0.0,242.6,948.2,226.4,899.6,231.8,959.0,228.2,881.6,0.0,0.0,64.22,232.25,207.05,39.02,0.14983333333333335,19.902666666666665,0.0,242.6,2026-01-04 14:43:52-08:00,232.25,175.05,7.019999999999996,0.48,0.48,True
303.06,1.0,10.0,2026-01-04 22:48:55,37.08156,-121.5996,341.0,0.0,280.8,-12.6,0.0,0.0,0.0,0.0,0.0,11.3,0.3,241.9,0.0,327.0,0.0,0.01,1.0,0.0,-1.0,0.0,29.88,232.0,0.0,0.0,241.0,0.0,0.0,0.0,0.0,0.0,0.0,0.0,0.0,0.0,0.0,0.0,0.0,0.0,0.0,0.0,0.0,0.0,0.0,0.0,0.0,0.0,0.0,0.0,0.0,25.0,0.0,0.0,30.0,0.0,0.0,0.0,26.1,0.0,0.0,38.0,0.0,0.0,-0.4,0.6,0.2,-3.0,0.0,0.0,26.1,2.0,0.0,0.0,0.0,0.656,0.703,24.8,0.0,0.0,0.0,,0.0,0.0,57.2,64.4,0.0,0.0,0.0,0.0,242.6,937.4,226.4,883.4,231.8,942.8,228.2,867.2,0.0,0.0,64.22,232.25,207.05,39.02,0.14983333333333335,19.902666666666665,0.0,242.6,2026-01-04 14:43:52-08:00,232.25,175.05,7.019999999999996,0.48,0.48,True
304.06,1.0,10.0,2026-01-04 22:48:56,37.08156,-121.5996,341.0,0.0,280.8,-12.6,0.0,0.0,0.0,0.0,0.0,11.4,0.3,241.9,0.0,327.0,0.0,0.01,1.0,0.0,7.0,0.0,29.88,231.0,0.0,0.0,241.0,0.0,0.0,0.0,0.0,0.0,0.0,0.0,0.0,0.0,0.0,0.0,0.0,0.0,0.0,0.0,0.0,0.0,0.0,0.0,0.0,0.0,0.0,0.0,0.0,22.0,0.0,0.0,30.0,0.0,0.0,0.0,26.0,0.0,0.0,38.0,0.0,0.0,-0.4,0.6,0.2,-3.0,0.0,0.0,26.0,2.0,0.0,0.0,0.0,0.656,0.703,22.3,0.0,0.0,0.0,,0.0,0.0,57.2,64.4,0.0,0.0,0.0,0.0,242.6,926.6,226.4,869.0,231.8,926.6,228.2,852.8,0.0,0.0,64.22,232.25,207.05,39.02,0.14983333333333335,19.902666666666665,0.0,242.6,2026-01-04 14:43:52-08:00,232.25,175.05,7.019999999999996,0.48,0.48,True
305.06,1.0,10.0,2026-01-04 22:48:57,37.08156,-121.5996,341.0,0.0,280.8,-12.6,0.0,0.0,0.0,0.0,0.0,11.4,0.3,241.8,0.0,327.0,-0.0,0.01,1.0,0.0,-5.0,0.0,29.88,231.0,0.0,0.0,241.0,0.0,0.0,0.0,0.0,0.0,0.0,0.0,0.0,0.0,0.0,0.0,0.0,0.0,0.0,0.0,0.0,0.0,0.0,0.0,0.0,0.0,0.0,0.0,0.0,20.0,0.0,0.0,30.0,0.0,0.0,0.0,25.9,0.0,0.0,38.0,0.0,0.0,-0.4,0.6,0.2,-3.0,0.0,0.0,25.9,2.0,0.0,0.0,0.0,0.656,0.703,20.3,0.0,0.0,0.0,,0.0,0.0,57.2,64.4,0.0,0.0,0.0,0.0,242.6,914.0,226.4,856.4,231.8,912.2,228.2,840.2,0.0,0.0,64.4,232.25,207.05,39.2,0.14983333333333335,19.902666666666665,0.0,242.6,2026-01-04 14:43:52-08:00,232.25,175.05,7.200000000000003,0.48,0.48,True
306.06,1.0,10.0,2026-01-04 22:48:58,37.08156,-121.5996,343.0,0.0,280.8,-12.6,0.0,0.0,0.0,0.0,0.0,11.4,0.3,241.8,0.0,327.0,-0.0,0.01,1.0,0.0,-35.0,0.0,29.88,231.0,0.0,0.0,241.0,0.0,0.0,0.0,0.0,0.0,0.0,0.0,0.0,0.0,0.0,0.0,0.0,0.0,0.0,0.0,0.0,0.0,0.0,0.0,0.0,0.0,0.0,0.0,0.0,19.0,0.0,0.0,30.0,0.0,0.0,0.0,25.8,0.0,0.0,38.0,0.0,0.0,-0.4,0.6,0.2,-3.0,0.0,0.0,25.8,2.0,0.0,0.0,0.0,0.656,0.703,18.6,0.0,0.0,0.0,,0.0,0.0,57.2,64.4,0.0,0.0,0.0,0.0,242.6,905.0,226.4,843.8,231.8,897.8,228.2,827.6,0.0,0.0,64.4,232.25,207.05,39.2,0.14983333333333335,19.902666666666665,0.0,242.6,2026-01-04 14:43:52-08:00,232.25,175.05,7.200000000000003,0.48,0.48,True
307.06,1.0,10.0,2026-01-04 22:48:59,37.08156,-121.5996,343.0,0.0,280.8,-12.6,0.0,0.0,0.0,0.0,0.0,11.4,0.3,241.8,0.0,327.0,-0.0,0.01,1.0,0.0,-1.0,0.0,29.88,231.0,0.0,0.0,241.0,0.0,0.0,0.0,0.0,0.0,0.0,0.0,0.0,0.0,0.0,0.0,0.0,0.0,0.0,0.0,0.0,0.0,0.0,0.0,0.0,0.0,0.0,0.0,0.0,17.0,0.0,0.0,30.0,0.0,0.0,0.0,25.7,0.0,0.0,38.0,0.0,0.0,-0.4,0.6,0.2,-3.0,0.0,0.0,25.7,2.0,0.0,0.0,0.0,0.654,0.703,17.2,0.0,0.0,0.0,,0.0,0.0,57.2,64.4,0.0,0.0,0.0,0.0,242.6,894.2,224.6,831.2,231.8,883.4,228.2,815.0,0.0,0.0,64.4,231.8,206.6,39.2,0.14983333333333335,19.902666666666665,0.0,242.6,2026-01-04 14:43:52-08:00,231.8,174.60000000000002,7.200000000000003,0.48,0.48,True
308.06,1.0,10.0,2026-01-04 22:49:00,37.08156,-121.5996,343.0,0.0,280.8,-12.6,0.0,0.0,0.0,0.0,0.0,11.3,0.3,241.8,0.0,327.0,-0.0,0.01,1.0,0.0,-18.0,0.0,29.88,231.0,0.0,0.0,241.0,0.0,0.0,0.0,0.0,0.0,0.0,0.0,0.0,0.0,0.0,0.0,0.0,0.0,0.0,0.0,0.0,0.0,0.0,0.0,0.0,0.0,0.0,0.0,0.0,16.0,0.0,0.0,30.0,0.0,0.0,0.0,25.6,0.0,0.0,38.0,0.0,0.0,-0.4,0.6,0.2,-3.0,0.0,0.0,25.6,2.0,0.0,0.0,0.0,0.654,0.703,15.9,0.0,0.0,0.0,,0.0,0.0,57.2,64.4,0.0,0.0,0.0,0.0,242.6,885.2,224.6,818.6,231.8,869.0,228.2,800.6,0.0,0.0,64.4,231.8,206.6,39.2,0.14983333333333335,19.902666666666665,0.0,242.6,2026-01-04 14:43:52-08:00,231.8,174.60000000000002,7.200000000000003,0.48,0.48,True
309.06,1.0,10.0,2026-01-04 22:49:01,37.08156,-121.5996,346.0,0.0,280.8,-12.6,0.0,0.0,0.0,0.0,0.0,11.3,0.3,241.8,0.0,327.0,-0.0,0.01,1.0,0.0,-52.0,0.0,29.88,231.0,0.0,0.0,241.0,0.0,0.0,0.0,0.0,0.0,0.0,0.0,0.0,0.0,0.0,0.0,0.0,0.0,0.0,0.0,0.0,0.0,0.0,0.0,0.0,0.0,0.0,0.0,0.0,15.0,0.0,0.0,30.0,0.0,0.0,0.0,25.6,0.0,0.0,38.0,0.0,0.0,-0.4,0.6,0.2,-3.0,0.0,0.0,25.6,2.0,0.0,0.0,0.0,0.654,0.703,14.8,0.0,0.0,0.0,,0.0,0.0,57.2,64.4,0.0,0.0,0.0,0.0,242.6,876.2,224.6,806.0,231.8,856.4,228.2,789.8,0.0,0.0,64.4,231.8,206.6,39.2,0.14983333333333335,19.902666666666665,0.0,242.6,2026-01-04 14:43:52-08:00,231.8,174.60000000000002,7.200000000000003,0.48,0.48,True
310.06,1.0,10.0,2026-01-04 22:49:02,37.08156,-121.5996,346.0,0.0,280.8,-12.6,0.0,0.0,0.0,0.0,0.0,11.3,0.3,241.8,0.0,327.0,-0.0,0.01,1.0,0.0,-15.0,0.0,29.88,232.0,0.0,0.0,241.0,0.0,0.0,0.0,0.0,0.0,0.0,0.0,0.0,0.0,0.0,0.0,0.0,0.0,0.0,0.0,0.0,0.0,0.0,0.0,0.0,0.0,0.0,0.0,0.0,14.0,0.0,0.0,30.0,0.0,0.0,0.0,25.5,0.0,0.0,38.0,0.0,0.0,-0.4,0.6,0.2,-3.0,0.0,0.0,25.5,2.0,0.0,0.0,0.0,0.656,0.703,13.9,0.0,0.0,0.0,,0.0,0.0,57.2,64.4,0.0,0.0,0.0,0.0,242.6,867.2,224.6,795.2,233.6,843.8,228.2,777.2,0.0,0.0,64.4,232.25,207.05,39.2,0.14983333333333335,19.902666666666665,0.0,242.6,2026-01-04 14:43:52-08:00,232.25,175.05,7.200000000000003,0.48,0.48,True
311.06,1.0,10.0,2026-01-04 22:49:03,37.08157,-121.5996,346.0,0.1,280.8,-12.6,0.0,0.0,0.0,0.0,0.0,11.3,0.3,241.8,0.0,327.0,-0.0,0.0,1.0,0.0,-8.0,0.0,29.88,232.0,0.0,0.0,241.0,0.0,0.0,0.0,0.0,0.0,0.0,0.0,0.0,0.0,0.0,0.0,0.0,0.0,0.0,0.0,0.0,0.0,0.0,0.0,0.0,0.0,0.0,0.0,0.0,13.0,0.0,0.0,30.0,0.0,0.0,0.0,25.4,0.0,0.0,38.0,0.0,0.0,-0.4,0.6,0.2,-3.0,0.0,0.0,25.4,2.0,0.0,0.0,0.0,0.654,0.703,13.0,0.0,0.0,0.0,,0.0,0.0,57.2,64.4,0.0,0.0,0.0,0.0,242.6,854.6,224.6,784.4,233.6,831.2,228.2,766.4,0.0,0.0,64.4,232.25,207.05,39.2,0.14983333333333335,19.987,0.0,242.6,2026-01-04 14:43:52-08:00,232.25,175.05,7.200000000000003,0.48,0.48,True
312.06,1.0,10.0,2026-01-04 22:49:04,37.08157,-121.5996,346.0,0.0,280.8,-12.6,0.0,0.0,0.0,0.0,0.0,11.3,0.2,241.8,0.0,327.0,-0.0,0.01,1.0,0.0,-22.0,0.0,29.88,232.0,0.0,0.0,241.0,0.0,0.0,0.0,0.0,0.0,0.0,0.0,0.0,0.0,0.0,0.0,0.0,0.0,0.0,0.0,0.0,0.0,0.0,0.0,0.0,0.0,0.0,0.0,0.0,12.0,0.0,0.0,30.0,0.0,0.0,0.0,25.3,0.0,0.0,38.0,0.0,0.0,-0.4,0.6,0.2,-3.0,0.0,0.0,25.3,2.0,0.0,0.0,0.0,0.654,0.703,12.2,0.0,0.0,0.0,,0.0,0.0,57.2,64.4,0.0,0.0,0.0,0.0,242.6,847.4,224.6,773.6,233.6,820.4,228.2,755.6,0.0,0.0,64.4,232.25,207.05,39.2,0.14983333333333335,20.07133333333333,0.0,242.6,2026-01-04 14:43:52-08:00,232.25,175.05,7.200000000000003,0.48,0.48,True
313.06,1.0,10.0,2026-01-04 22:49:05,37.08157,-121.5996,346.0,0.0,280.8,-12.6,0.0,0.0,0.0,0.0,0.0,11.3,0.3,241.8,0.0,326.0,-0.0,0.01,1.0,0.0,-29.0,0.0,29.88,232.0,0.0,0.0,241.0,0.0,0.0,0.0,0.0,0.0,0.0,0.0,0.0,0.0,0.0,0.0,0.0,0.0,0.0,0.0,0.0,0.0,0.0,0.0,0.0,0.0,0.0,0.0,0.0,12.0,0.0,0.0,30.0,0.0,0.0,0.0,25.2,0.0,0.0,38.0,3.2,0.0,12.7,0.6,0.2,-3.0,0.0,0.0,25.2,2.0,0.0,0.0,0.0,0.654,0.703,11.6,0.0,0.0,0.0,,0.0,0.0,57.2,64.4,0.0,0.0,0.0,0.0,242.6,836.6,224.6,764.6,233.6,809.6,228.2,744.8,0.0,0.0,64.4,232.25,207.05,39.2,0.14983333333333335,20.07133333333333,0.0,242.6,2026-01-04 14:43:52-08:00,232.25,175.05,7.200000000000003,0.48,0.48,True
314.06,1.0,10.0,2026-01-04 22:49:06,37.08157,-121.5996,346.0,0.0,280.8,-12.6,0.0,0.0,0.0,0.0,0.0,11.3,0.2,241.8,0.0,326.0,-0.0,0.01,1.0,0.0,-5.0,0.0,29.88,232.0,0.0,0.0,241.0,0.0,0.0,0.0,0.0,0.0,0.0,0.0,0.0,0.0,0.0,0.0,0.0,0.0,0.0,0.0,0.0,0.0,0.0,0.0,0.0,0.0,0.0,0.0,0.0,11.0,0.0,0.0,30.0,0.0,0.0,0.0,25.2,0.0,0.0,38.0,0.5,0.0,10.4,0.6,0.2,-3.0,0.0,0.0,25.2,2.0,0.0,0.0,0.0,0.654,0.703,10.9,0.0,0.0,0.0,,0.0,0.0,57.2,64.4,0.0,0.0,0.0,0.0,242.6,827.6,224.6,753.8,233.6,798.8,228.2,734.0,0.0,0.0,64.58,232.25,207.05,39.38,0.14983333333333335,20.07133333333333,0.0,242.6,2026-01-04 14:43:52-08:00,232.25,175.05,7.3799999999999955,0.48,0.48,True
315.06,1.0,10.0,2026-01-04 22:49:07,37.08157,-121.5996,346.0,0.0,280.8,-12.6,0.0,0.0,0.0,0.0,0.0,11.3,0.2,241.8,0.0,326.0,-0.0,0.0,1.0,0.0,-26.0,0.0,29.88,232.0,0.0,0.0,241.0,0.0,0.0,0.0,0.0,0.0,0.0,0.0,0.0,0.0,0.0,0.0,0.0,0.0,0.0,0.0,0.0,0.0,0.0,0.0,0.0,0.0,0.0,0.0,0.0,10.0,0.0,0.0,30.0,0.0,0.0,0.0,25.1,0.0,0.0,38.0,0.1,0.0,9.0,0.6,0.2,-3.0,1.0,0.0,25.1,2.0,0.0,0.0,0.0,0.654,0.703,10.4,0.0,0.0,0.0,,0.0,0.0,57.2,64.4,0.0,0.0,0.0,0.0,242.6,818.6,224.6,744.8,233.6,786.2,228.2,725.0,0.0,0.0,64.58,232.25,207.05,39.38,0.14983333333333335,20.07133333333333,0.0,242.6,2026-01-04 14:43:52-08:00,232.25,175.05,7.3799999999999955,0.48,0.48,True
316.06,1.0,10.0,2026-01-04 22:49:08,37.08157,-121.5996,346.0,0.0,280.8,-12.6,0.0,0.0,0.0,0.0,0.0,11.3,0.2,241.8,0.0,326.0,-0.0,0.01,1.0,0.0,-3.0,0.0,29.88,231.0,0.0,0.0,241.0,0.0,0.0,0.0,0.0,0.0,0.0,0.0,0.0,0.0,0.0,0.0,0.0,0.0,0.0,0.0,0.0,0.0,0.0,0.0,0.0,0.0,0.0,0.0,0.0,10.0,0.0,0.0,30.0,0.0,0.0,0.0,25.0,0.0,0.0,38.0,0.1,0.0,8.1,0.6,0.2,-3.0,2.3,0.0,25.0,2.0,0.0,0.0,0.0,0.654,0.703,9.8,0.0,0.0,0.0,,0.0,0.0,57.2,64.4,0.0,0.0,0.0,0.0,242.6,811.4,224.6,735.8,233.6,777.2,226.4,716.0,0.0,0.0,64.58,231.8,206.6,39.38,0.14983333333333335,20.07133333333333,0.0,242.6,2026-01-04 14:43:52-08:00,231.8,174.60000000000002,7.3799999999999955,0.48,0.48,True
317.06,1.0,10.0,2026-01-04 22:49:09,37.08157,-121.5996,347.0,0.0,280.8,-12.6,0.0,0.0,0.0,0.0,0.0,11.3,0.2,241.8,0.0,326.0,-0.0,0.0,1.0,0.0,-48.0,0.0,29.88,231.0,0.0,0.0,241.0,0.0,0.0,0.0,0.0,0.0,0.0,0.0,0.0,0.0,0.0,0.0,0.0,0.0,0.0,0.0,0.0,0.0,0.0,0.0,0.0,0.0,0.0,0.0,0.0,9.0,0.0,0.0,30.0,0.0,0.0,0.0,25.0,0.0,0.0,38.0,0.1,0.0,7.6,0.6,0.2,-3.0,3.6,0.0,25.0,2.0,0.0,0.0,0.0,0.654,0.703,9.3,0.0,0.0,0.0,,0.0,0.0,57.2,64.4,0.0,0.0,0.0,0.0,242.6,804.2,224.6,726.8,233.6,768.2,226.4,705.2,0.0,0.0,64.58,231.8,206.6,39.38,0.14983333333333335,20.07133333333333,0.0,242.6,2026-01-04 14:43:52-08:00,231.8,174.60000000000002,7.3799999999999955,0.48,0.48,True
318.06,1.0,10.0,2026-01-04 22:49:10,37.08157,-121.59959,346.0,0.0,280.8,-12.6,0.0,0.0,0.0,0.0,0.0,11.3,0.2,241.8,0.0,325.0,-0.0,0.01,1.0,0.0,-18.0,0.0,29.88,231.0,0.0,0.0,241.0,0.0,0.0,0.0,0.0,0.0,0.0,0.0,0.0,0.0,0.0,0.0,0.0,0.0,0.0,0.0,0.0,0.0,0.0,0.0,0.0,0.0,0.0,0.0,0.0,9.0,0.0,0.0,30.0,0.0,0.0,0.0,24.9,0.0,0.0,38.0,0.0,0.0,7.4,0.6,0.2,-3.0,5.1,0.0,24.9,2.0,0.0,0.0,0.0,0.654,0.703,8.9,0.0,0.0,0.0,,0.0,0.0,57.2,64.4,0.0,0.0,0.0,0.0,242.6,797.0,224.6,717.8,233.6,759.2,226.4,698.0,0.0,0.0,64.58,231.8,206.6,39.38,0.14983333333333335,20.07133333333333,0.0,242.6,2026-01-04 14:43:52-08:00,231.8,174.60000000000002,7.3799999999999955,0.48,0.48,True
319.06,1.0,10.0,2026-01-04 22:49:11,37.08157,-121.59959,346.0,0.0,280.8,-12.6,0.0,0.0,0.0,0.0,0.0,11.3,0.3,241.8,0.0,325.0,-0.0,0.0,1.0,0.0,-12.0,0.0,29.88,229.0,0.0,0.0,241.0,0.0,0.0,0.0,0.0,0.0,0.0,0.0,0.0,0.0,0.0,0.0,0.0,0.0,0.0,0.0,0.0,0.0,0.0,0.0,0.0,0.0,0.0,0.0,0.0,8.0,0.0,0.0,30.0,0.0,0.0,0.0,24.8,0.0,0.0,38.0,0.0,0.0,7.2,0.6,0.2,-3.0,6.5,0.0,24.8,2.0,0.0,0.0,0.0,0.654,0.703,8.5,0.0,0.0,0.0,,0.0,0.0,57.2,64.4,0.0,0.0,0.0,0.0,242.6,789.8,224.6,708.8,233.6,748.4,226.4,689.0,0.0,0.0,64.58,231.8,206.6,39.38,0.14983333333333335,20.07133333333333,0.0,242.6,2026-01-04 14:43:52-08:00,231.8,174.60000000000002,7.3799999999999955,0.48,0.48,True
320.06,1.0,10.0,2026-01-04 22:49:12,37.08157,-121.59959,346.0,0.1,280.8,-12.6,0.0,0.0,0.0,0.0,0.0,11.3,0.2,241.8,0.0,324.0,-0.0,0.01,1.0,0.0,-39.0,0.0,29.88,229.0,0.0,0.0,241.0,0.0,0.0,0.0,0.0,0.0,0.0,0.0,0.0,0.0,0.0,0.0,0.0,0.0,0.0,0.0,0.0,0.0,0.0,0.0,0.0,0.0,0.0,0.0,0.0,8.0,0.0,0.0,30.0,0.0,0.0,0.0,24.8,0.0,0.0,38.0,0.0,0.0,7.1,0.6,0.2,-3.0,7.9,0.0,24.8,2.0,0.0,0.0,0.0,0.654,0.703,8.1,0.0,0.0,0.0,,0.0,0.0,57.2,64.4,0.0,0.0,0.0,0.0,242.6,784.4,224.6,699.8,233.6,741.2,226.4,680.0,0.0,0.0,64.58,231.8,206.6,39.38,0.14983333333333335,20.155666666666665,0.0,242.6,2026-01-04 14:43:52-08:00,231.8,174.60000000000002,7.3799999999999955,0.48,0.48,True
321.06,1.0,10.0,2026-01-04 22:49:13,37.08158,-121.59959,346.0,0.0,280.8,-12.6,0.0,0.0,0.0,0.0,0.0,11.3,0.3,241.7,0.0,322.0,-0.0,0.0,1.0,0.0,-43.0,0.0,29.88,229.0,0.0,0.0,241.0,0.0,0.0,0.0,0.0,0.0,0.0,0.0,0.0,0.0,0.0,0.0,0.0,0.0,0.0,0.0,0.0,0.0,0.0,0.0,0.0,0.0,0.0,0.0,0.0,8.0,0.0,0.0,30.0,0.0,0.0,0.0,24.7,0.0,0.0,38.0,0.0,0.0,7.0,0.6,0.2,-3.0,9.3,0.0,24.7,2.0,4.99,0.0,0.0,0.654,0.703,7.7,0.0,0.0,0.0,,0.0,0.0,57.2,64.4,0.0,0.0,0.0,0.0,242.6,777.2,224.6,692.6,233.6,730.4,226.4,672.8,0.0,0.0,64.58,231.8,206.6,39.38,0.14983333333333335,20.24,0.0,242.6,2026-01-04 14:43:52-08:00,231.8,174.60000000000002,7.3799999999999955,0.48,0.48,True
322.06,1.0,10.0,2026-01-04 22:49:14,37.08158,-121.59959,345.0,0.0,280.8,-12.6,0.0,0.0,0.0,0.0,0.0,11.3,0.3,241.8,0.0,322.0,-0.0,0.01,1.0,0.0,-23.0,0.0,29.88,226.0,0.0,0.0,241.0,0.0,0.0,0.0,0.0,0.0,0.0,0.0,0.0,0.0,0.0,0.0,0.0,0.0,0.0,0.0,0.0,0.0,0.0,0.0,0.0,0.0,0.0,0.0,0.0,7.0,0.0,0.0,30.0,0.0,0.0,0.0,24.7,0.0,0.0,38.0,0.0,0.0,7.0,0.6,0.2,-3.0,10.7,0.0,24.7,2.0,4.998,0.0,0.0,0.654,0.703,7.3,0.0,0.0,0.0,,0.0,0.0,57.2,64.4,0.0,0.0,0.0,0.0,242.6,771.8,224.6,685.4,233.6,723.2,226.4,663.8,0.0,0.0,64.75999999999999,231.8,206.6,39.56,0.14983333333333335,20.24,0.0,242.6,2026-01-04 14:43:52-08:00,231.8,174.60000000000002,7.559999999999988,0.48,0.48,True
323.06,1.0,10.0,2026-01-04 22:49:15,37.08158,-121.59959,344.0,0.1,280.8,-12.6,0.0,0.0,0.0,0.0,0.0,11.3,0.2,241.7,0.0,322.0,-0.0,0.0,1.0,0.0,-62.0,0.0,29.88,226.0,0.0,0.0,241.0,0.0,0.0,0.0,0.0,0.0,0.0,0.0,0.0,0.0,0.0,0.0,0.0,0.0,0.0,0.0,0.0,0.0,0.0,0.0,0.0,0.0,0.0,0.0,0.0,7.0,0.0,0.0,30.0,0.0,0.0,0.0,24.6,0.0,0.0,38.0,0.0,0.0,7.0,0.6,0.2,-3.0,12.0,0.0,24.6,2.0,4.998,0.0,0.0,0.654,0.703,7.0,0.0,0.0,0.0,,0.0,0.0,57.2,64.4,0.0,0.0,0.0,0.0,242.6,762.8,224.6,678.2,233.6,716.0,226.4,656.6,0.0,0.0,64.75999999999999,231.8,206.6,39.56,0.14983333333333335,20.324333333333332,0.0,242.6,2026-01-04 14:43:52-08:00,231.8,174.60000000000002,7.559999999999988,0.48,0.48,True
324.06,1.0,10.0,2026-01-04 22:49:16,37.08158,-121.59959,345.0,0.1,280.8,-12.6,0.0,0.0,0.0,0.0,0.0,11.3,0.3,241.7,0.0,321.0,-0.0,0.0,1.0,0.0,-22.0,0.0,29.88,226.0,0.0,0.0,241.0,0.0,0.0,0.0,0.0,0.0,0.0,0.0,0.0,0.0,0.0,0.0,0.0,0.0,0.0,0.0,0.0,0.0,0.0,0.0,0.0,0.0,0.0,0.0,0.0,7.0,0.0,0.0,30.0,0.0,0.0,0.0,24.6,0.0,0.0,38.0,0.0,0.0,7.0,0.6,0.2,-3.0,13.2,0.0,24.6,2.0,4.998,0.0,0.0,0.654,0.703,6.7,0.0,0.0,0.0,,0.0,0.0,57.2,64.4,0.0,0.0,0.0,0.0,242.6,755.6,224.6,671.0,233.6,708.8,226.4,649.4,0.0,0.0,64.75999999999999,231.8,206.6,39.56,0.14983333333333335,20.493,0.0,242.6,2026-01-04 14:43:52-08:00,231.8,174.60000000000002,7.559999999999988,0.48,0.48,True
325.06,1.0,10.0,2026-01-04 22:49:17,37.08158,-121.59959,345.0,0.0,280.8,-12.6,0.0,0.0,0.0,0.0,0.0,11.3,0.3,241.7,0.0,320.0,-0.0,0.01,1.0,0.0,-19.0,0.0,29.88,224.0,0.0,0.0,241.0,0.0,0.0,0.0,0.0,0.0,0.0,0.0,0.0,0.0,0.0,0.0,0.0,0.0,0.0,0.0,0.0,0.0,0.0,0.0,0.0,0.0,0.0,0.0,0.0,6.0,0.0,0.0,30.0,0.0,0.0,0.0,24.5,0.0,0.0,38.0,0.0,0.0,7.0,0.6,0.2,-3.0,14.4,0.0,24.5,2.0,4.998,0.0,0.0,0.654,0.703,6.4,0.0,0.0,0.0,,0.0,0.0,57.2,64.4,0.0,0.0,0.0,0.0,242.6,750.2,224.6,665.6,233.6,701.6,226.4,642.2,0.0,0.0,64.75999999999999,231.8,206.6,39.56,0.14983333333333335,20.577333333333332,0.0,242.6,2026-01-04 14:43:52-08:00,231.8,174.60000000000002,7.559999999999988,0.48,0.48,True
326.06,1.0,10.0,2026-01-04 22:49:18,37.08158,-121.59959,345.0,0.1,280.8,-12.6,0.0,0.0,0.0,0.0,0.0,11.4,0.3,241.7,0.0,320.0,0.0,0.01,1.0,0.0,2.0,0.0,29.88,224.0,0.0,0.0,241.0,0.0,0.0,0.0,0.0,0.0,0.0,0.0,0.0,0.0,0.0,0.0,0.0,0.0,0.0,0.0,0.0,0.0,0.0,0.0,0.0,0.0,0.0,0.0,0.0,6.0,0.0,0.0,30.0,0.0,0.0,0.0,24.4,0.0,0.0,38.0,0.0,0.0,7.0,0.6,0.2,-3.0,15.5,0.0,24.4,2.0,4.998,0.0,0.0,0.654,0.703,6.2,0.0,0.0,0.0,,0.0,0.0,57.2,64.4,0.0,0.0,0.0,0.0,242.6,744.8,224.6,658.4,233.6,694.4,226.4,635.0,0.0,0.0,64.75999999999999,231.8,206.6,39.56,0.14983333333333335,20.661666666666665,0.0,242.6,2026-01-04 14:43:52-08:00,231.8,174.60000000000002,7.559999999999988,0.48,0.48,True
327.06,1.0,10.0,2026-01-04 22:49:19,37.0816,-121.59959,346.0,0.0,280.8,-12.6,0.0,0.0,0.0,0.0,0.0,11.4,0.2,241.8,0.0,320.0,0.0,0.01,1.0,0.0,-8.0,0.0,29.88,224.0,0.0,0.0,241.0,0.0,0.0,0.0,0.0,0.0,0.0,0.0,0.0,0.0,0.0,0.0,0.0,0.0,0.0,0.0,0.0,0.0,0.0,0.0,0.0,0.0,0.0,0.0,0.0,6.0,0.0,0.0,30.0,0.0,0.0,0.0,24.4,0.0,0.0,38.0,0.0,0.0,7.0,0.6,0.2,-3.0,16.6,0.0,24.4,2.0,4.998,0.0,0.0,0.654,0.703,5.9,0.0,0.0,0.0,,0.0,0.0,57.2,64.4,0.0,0.0,0.0,0.0,242.6,739.4,224.6,653.0,233.6,687.2,226.4,629.6,0.0,0.0,64.75999999999999,231.8,206.6,39.56,0.14983333333333335,20.746,0.0,242.6,2026-01-04 14:43:52-08:00,231.8,174.60000000000002,7.559999999999988,0.48,0.48,True
328.06,1.0,10.0,2026-01-04 22:49:20,37.08159,-121.59967,279.0,0.1,280.8,-12.6,0.0,0.0,0.0,0.0,0.0,11.3,0.3,241.8,0.0,320.0,-0.0,0.01,1.0,0.0,-8.0,0.0,29.88,223.0,0.0,0.0,241.0,0.0,0.0,0.0,0.0,0.0,0.0,0.0,0.0,0.0,0.0,0.0,0.0,0.0,0.0,0.0,0.0,0.0,0.0,0.0,0.0,0.0,0.0,0.0,0.0,6.0,0.0,0.0,30.0,0.0,0.0,0.0,24.3,0.0,0.0,38.0,0.0,0.0,7.0,0.6,0.2,-3.0,17.6,0.0,24.3,2.0,4.998,0.0,0.0,0.662,0.703,5.7,0.0,0.0,0.0,,0.0,0.0,57.2,64.4,0.0,0.0,0.0,0.0,242.6,732.2,224.6,647.6,233.6,680.0,226.4,622.4,0.0,0.0,64.75999999999999,231.8,206.6,39.56,0.14983333333333335,20.830333333333332,0.0,242.6,2026-01-04 14:43:52-08:00,231.8,174.60000000000002,7.559999999999988,0.48,0.48,True
329.06,1.0,10.0,2026-01-04 22:49:21,37.0816,-121.59968,279.0,0.0,280.8,-12.6,0.0,0.0,0.0,0.0,0.0,11.4,0.2,241.8,0.0,320.0,-0.0,0.0,1.0,0.0,-16.0,0.0,29.88,223.0,0.0,0.0,241.0,0.0,0.0,0.0,0.0,0.0,0.0,0.0,0.0,0.0,0.0,0.0,0.0,0.0,0.0,0.0,0.0,0.0,0.0,0.0,0.0,0.0,0.0,0.0,0.0,5.0,0.0,0.0,30.0,0.0,0.0,0.0,24.3,0.0,0.0,38.0,0.0,0.0,7.0,0.6,0.2,-3.0,18.6,0.0,24.3,2.0,4.998,0.0,0.0,0.657,0.703,5.5,0.0,0.0,0.0,,0.0,0.0,57.2,64.4,0.0,0.0,0.0,0.0,242.6,728.6,224.6,640.4,235.4,674.6,226.4,617.0,0.0,0.0,64.75999999999999,232.25,207.05,39.56,0.14983333333333335,20.914666666666665,0.0,242.6,2026-01-04 14:43:52-08:00,232.25,175.05,7.559999999999988,0.48,0.48,True
330.06,1.0,10.0,2026-01-04 22:49:22,37.0816,-121.59968,279.0,0.0,280.8,-12.6,0.0,0.0,0.0,0.0,0.0,11.4,0.2,241.7,0.0,320.0,-0.0,0.0,1.0,0.0,-33.0,0.0,29.88,223.0,0.0,0.0,241.0,0.0,0.0,0.0,0.0,0.0,0.0,0.0,0.0,0.0,0.0,0.0,0.0,0.0,0.0,0.0,0.0,0.0,0.0,0.0,0.0,0.0,0.0,0.0,0.0,5.0,0.0,0.0,30.0,0.0,0.0,0.0,24.2,0.0,0.0,38.0,0.0,0.0,7.0,0.6,0.2,-3.0,19.5,0.0,24.2,2.0,4.998,0.0,0.0,0.656,0.703,5.2,0.0,0.0,0.0,,0.0,0.0,57.2,64.4,0.0,0.0,0.0,0.0,242.6,721.4,222.8,635.0,235.4,667.4,226.4,609.8,0.0,0.0,64.75999999999999,231.8,206.6,39.56,0.14983333333333335,20.914666666666665,0.0,242.6,2026-01-04 14:43:52-08:00,231.8,174.60000000000002,7.559999999999988,0.48,0.48,True
331.06,1.0,10.0,2026-01-04 22:49:23,37.0816,-121.59968,280.0,0.0,280.8,-12.6,0.0,0.0,0.0,0.0,0.0,11.3,0.3,241.8,0.0,319.0,-0.0,0.0,1.0,0.0,-19.0,0.0,29.88,224.0,0.0,0.0,241.0,0.0,0.0,0.0,0.0,0.0,0.0,0.0,0.0,0.0,0.0,0.0,0.0,0.0,0.0,0.0,0.0,0.0,0.0,0.0,0.0,0.0,0.0,0.0,0.0,5.0,0.0,0.0,30.0,0.0,0.0,0.0,24.2,0.0,0.0,38.0,0.0,0.0,7.0,0.6,0.2,-3.0,20.4,0.0,24.2,2.0,4.998,0.0,0.0,0.656,0.703,5.0,0.0,0.0,0.0,,0.0,0.0,57.2,64.4,0.0,0.0,0.0,0.0,242.6,716.0,222.8,629.6,235.4,662.0,226.4,604.4,0.0,0.0,64.94,231.8,206.6,39.74,0.14983333333333335,20.914666666666665,0.0,242.6,2026-01-04 14:43:52-08:00,231.8,174.60000000000002,7.739999999999995,0.48,0.48,True
332.06,1.0,10.0,2026-01-04 22:49:24,37.0816,-121.59968,280.0,0.1,280.8,-12.6,0.0,0.0,0.0,0.0,0.0,11.3,0.3,241.8,0.0,319.0,-0.0,0.0,1.0,0.0,-7.0,0.0,29.88,224.0,0.0,0.0,241.0,0.0,0.0,0.0,0.0,0.0,0.0,0.0,0.0,0.0,0.0,0.0,0.0,0.0,0.0,0.0,0.0,0.0,0.0,0.0,0.0,0.0,0.0,0.0,0.0,5.0,0.0,0.0,30.0,0.0,0.0,0.0,24.1,0.0,0.0,38.0,0.0,0.0,7.0,0.6,0.2,-3.0,21.2,0.0,24.1,2.0,4.998,0.0,0.0,0.656,0.703,4.8,0.0,0.0,0.0,,0.0,0.0,57.2,64.4,0.0,0.0,0.0,0.0,242.6,708.8,222.8,624.2,235.4,656.6,226.4,599.0,0.0,0.0,64.94,231.8,206.6,39.74,0.14983333333333335,20.999,0.0,242.6,2026-01-04 14:43:52-08:00,231.8,174.60000000000002,7.739999999999995,0.48,0.48,True
333.06,1.0,10.0,2026-01-04 22:49:25,37.08159,-121.5996,293.0,0.0,280.8,-12.6,0.0,0.0,0.0,0.0,0.0,11.4,0.3,241.8,0.0,319.0,-0.0,0.0,1.0,0.0,-3.0,0.0,29.88,224.0,0.0,0.0,241.0,0.0,0.0,0.0,0.0,0.0,0.0,0.0,0.0,0.0,0.0,0.0,0.0,0.0,0.0,0.0,0.0,0.0,0.0,0.0,0.0,0.0,0.0,0.0,0.0,5.0,0.0,0.0,30.0,0.0,0.0,0.0,24.1,0.0,0.0,38.0,0.0,0.0,7.0,0.6,0.2,-3.0,22.0,0.0,24.1,2.0,4.998,0.0,0.0,0.656,0.703,4.6,0.0,0.0,0.0,,0.0,0.0,57.2,64.4,0.0,0.0,0.0,0.0,242.6,703.4,222.8,618.8,235.4,651.2,224.6,593.6,0.0,0.0,64.94,231.35,206.15,39.74,0.14983333333333335,21.083333333333332,0.0,242.6,2026-01-04 14:43:52-08:00,231.35,174.14999999999998,7.739999999999995,0.48,0.48,True
334.06,1.0,10.0,2026-01-04 22:49:26,37.08159,-121.5996,294.0,0.0,280.8,-12.6,0.0,0.0,0.0,0.0,0.0,11.3,0.3,241.8,0.0,319.0,-0.0,0.01,1.0,0.0,-22.0,0.0,29.88,221.0,0.0,0.0,241.0,0.0,0.0,0.0,0.0,0.0,0.0,0.0,0.0,0.0,0.0,0.0,0.0,0.0,0.0,0.0,0.0,0.0,0.0,0.0,0.0,0.0,0.0,0.0,0.0,5.0,0.0,0.0,30.0,0.0,0.0,0.0,24.1,0.0,0.0,38.0,0.0,0.0,7.0,0.6,0.2,-3.0,22.8,0.0,24.1,2.0,4.998,0.0,0.0,0.656,0.703,4.5,0.0,0.0,0.0,,0.0,0.0,57.2,64.4,0.0,0.0,0.0,0.0,242.6,696.2,222.8,613.4,235.4,645.8,224.6,588.2,0.0,0.0,64.94,231.35,206.15,39.74,0.14983333333333335,21.083333333333332,0.0,242.6,2026-01-04 14:43:52-08:00,231.35,174.14999999999998,7.739999999999995,0.48,0.48,True
335.06,1.0,10.0,2026-01-04 22:49:27,37.08159,-121.5996,295.0,0.0,280.8,-12.6,0.0,0.0,0.0,0.0,0.0,11.3,0.3,241.8,0.0,319.0,0.0,0.01,1.0,0.0,-14.0,0.0,29.88,224.0,0.0,0.0,241.0,0.0,0.0,0.0,0.0,0.0,0.0,0.0,0.0,0.0,0.0,0.0,0.0,0.0,0.0,0.0,0.0,0.0,0.0,0.0,0.0,0.0,0.0,0.0,0.0,4.0,0.0,0.0,30.0,0.0,0.0,0.0,24.0,0.0,0.0,38.0,0.0,0.0,7.0,0.6,0.2,-3.0,23.5,0.0,24.0,2.0,4.998,0.0,0.0,0.654,0.703,4.3,0.0,0.0,0.0,,0.0,0.0,57.2,64.4,0.0,0.0,0.0,0.0,242.6,690.8,222.8,608.0,235.4,640.4,224.6,582.8,0.0,0.0,64.94,231.35,206.15,39.74,0.14983333333333335,21.083333333333332,0.0,242.6,2026-01-04 14:43:52-08:00,231.35,174.14999999999998,7.739999999999995,0.48,0.48,True
336.06,1.0,10.0,2026-01-04 22:49:28,37.08159,-121.59961,297.0,0.0,280.8,-12.6,0.0,0.0,0.0,0.0,0.0,11.3,0.3,241.7,0.0,319.0,-0.0,0.01,1.0,0.0,5.0,0.0,29.88,224.0,0.0,0.0,241.0,0.0,0.0,0.0,0.0,0.0,0.0,0.0,0.0,0.0,0.0,0.0,0.0,0.0,0.0,0.0,0.0,0.0,0.0,0.0,0.0,0.0,0.0,0.0,0.0,4.0,0.0,0.0,30.0,0.0,0.0,0.0,24.0,0.0,0.0,38.0,0.0,0.0,7.1,0.6,0.2,-3.0,24.2,0.0,24.0,2.0,4.998,0.0,0.0,0.656,0.703,4.1,0.0,0.0,0.0,,0.0,0.0,57.2,64.4,0.0,0.0,0.0,0.0,242.6,687.2,222.8,602.6,235.4,635.0,224.6,577.4,0.0,0.0,64.94,231.35,206.15,39.74,0.14983333333333335,21.083333333333332,0.0,242.6,2026-01-04 14:43:52-08:00,231.35,174.14999999999998,7.739999999999995,0.48,0.48,True
337.06,1.0,10.0,2026-01-04 22:49:29,37.08159,-121.59961,298.0,0.0,280.8,-12.6,0.0,0.0,0.0,0.0,0.0,11.3,0.2,241.7,0.0,319.0,-0.0,0.01,1.0,0.0,-15.0,0.0,29.88,224.0,0.0,0.0,241.0,0.0,0.0,0.0,0.0,0.0,0.0,0.0,0.0,0.0,0.0,0.0,0.0,0.0,0.0,0.0,0.0,0.0,0.0,0.0,0.0,0.0,0.0,0.0,0.0,4.0,0.0,0.0,30.0,0.0,0.0,0.0,23.9,0.0,0.0,38.0,0.0,0.0,7.1,0.6,0.2,-3.0,24.8,0.0,23.9,2.0,4.998,0.0,0.0,0.654,0.703,4.0,0.0,0.0,0.0,,0.0,0.0,57.2,64.4,0.0,0.0,0.0,0.0,242.6,681.8,222.8,597.2,235.4,629.6,224.6,572.0,0.0,0.0,64.94,231.35,206.15,39.74,0.14983333333333335,21.083333333333332,0.0,242.6,2026-01-04 14:43:52-08:00,231.35,174.14999999999998,7.739999999999995,0.48,0.48,True
338.06,1.0,10.0,2026-01-04 22:49:30,37.08159,-121.59961,299.0,0.0,280.8,-12.6,0.0,0.0,0.0,0.0,0.0,11.3,0.2,241.7,0.0,319.0,-0.0,0.0,1.0,0.0,-18.0,0.0,29.88,224.0,0.0,0.0,241.0,0.0,0.0,0.0,0.0,0.0,0.0,0.0,0.0,0.0,0.0,0.0,0.0,0.0,0.0,0.0,0.0,0.0,0.0,0.0,0.0,0.0,0.0,0.0,0.0,0.0,0.0,0.0,0.0,0.0,0.0,0.0,0.0,0.0,0.0,0.0,0.0,0.0,0.0,0.0,0.0,0.0,0.0,0.0,0.0,0.0,0.0,0.0,0.0,0.0,0.0,0.0,0.0,0.0,0.0,,0.0,0.0,57.2,0.0,0.0,0.0,0.0,0.0,32.0,0.0,32.0,0.0,32.0,0.0,32.0,0.0,0.0,0.0,32.0,32.0,6.800000000000001,6.800000000000001,0.14983333333333335,21.083333333333332,0.0,242.6,2026-01-04 14:43:52-08:00,32.0,-25.200000000000003,-25.200000000000003,0.48,0.48,True
