Session Time,GPS Fix Quality,Number of Satellites,GPS Date & Time,Latitude (deg),Longitude (deg),GPS Altitude (feet),Ground Speed (knots),Ground Track (deg),Mag Var (deg),Cross Track Error (NM),Destination Waypoint ID,Range to Destination (NM),Bearing to Destination (deg),System Time,Pitch (deg),Roll (deg),Magnetic Heading (deg),Indicated Airspeed (knots),Pressure Altitude (ft),Turn Rate (deg/s),Lateral Accel (g),Vertical Accel(g),Angle of Attack (%),Vertical Speed (ft/min),OAT (deg C),True Airspeed (knots),Barometer Setting (inHg),Density Altitude (ft),Wind Direction (deg),Wind Speed (knots),Heading Bug (deg),Altitude Bug (ft),Airspeed Bug (knots),Vertical Speed Bug (ft/min),Course (deg),CDI Source Type,CDI Source Port,CDI Scale (NM),CDI Deflection (%),Glideslope (%),AP Engaged,AP Roll Mode,AP Roll Force,AP Roll Position (steps),AP Roll Slip (bool),AP Pitch Force,AP Pitch Position (steps),AP Pitch Slip (bool),AP Yaw Force,AP Yaw Position,AP Yaw Slip (bool),Transponder Status,Transponder Reply (bool),Transponder Identing (bool),Transponder Code (octal),Oil Pressure (PSI),Oil Temp (deg C),RPM L,RPM R,Manifold Pressure (inHg),Fuel Flow 1 (gal/hr),Fuel Flow 2 (gal/hr),Total Fuel Flow (gal/hr),Fuel Pressure (PSI),Fuel Level L (gal),Fuel Level R (gal),Fuel Remaining (gal),Volts 1,Volts 2,Amps,Hobbs Time,Tach Time,Thermocouple 1 (deg C),Thermocouple 2 (deg C),Thermocouple 3 (deg C),Thermocouple 4 (deg C),CHT 4 (deg C),EGT 4 (deg C),CHT 3 (deg C),EGT 3 (deg C),CHT 2 (deg C),EGT 2 (deg C),CHT 1 (deg C),EGT 1 (deg C),Thermocouple 13 (deg C),Thermocouple 14 (deg C),ELEV POSITION (%),CO PPM PRESSURE (PSI),GP Input 3,FUEL PRESSURE (PSI),AILERN POSITION (%),CANOPY CONTACT (V),GP Input 7,GP Input 8,LEFT LEVEL (Sensor V),RIGHT LEVEL (Sensor V),OIL PRESSURE (PSI),OIL TEMPERATURE (deg C),GP Input 13,Contacts,Percent Power,EGT Leaning State,Unnamed: 103,OAT (deg F),Oil Temp (deg F),Thermocouple 1 (deg F),Thermocouple 2 (deg F),Thermocouple 3 (deg F),Thermocouple 4 (deg F),CHT 4 (deg F),EGT 4 (deg F),CHT 3 (deg F),EGT 3 (deg F),CHT 2 (deg F),EGT 2 (deg F),CHT 1 (deg F),EGT 1 (deg F),Thermocouple 13 (deg F),Thermocouple 14 (deg F),OIL TEMPERATURE (deg F),RPM,AVG_CHT,CHT_Delta_T,OIL_Delta_T,Fuel Flow Integral,Distance Traveled,MPG,CAS (knots),Corrected TAS (knots),Max CHT,Engine Run,Flight ID
6.06,1,8,2026-08-14 15:27:13,37.08168,-121.59961,297.0,0.0,169.2,-12.6,0.0,,0.0,0.0,0.0,10.4,-2.1,16.0,0.0,194.0,0.0,-0.04,1.0,99.0,-76.0,18.0,0.0,30.01,645.0,0.0,0.0,308.0,0.0,0.0,0.0,0.0,0.0,0.0,0.0,0.0,0.0,0.0,0.0,0.0,0.0,0.0,0.0,0.0,0.0,0.0,0.0,0.0,0.0,0.0,0.0,0.0,0.0,19.0,0.0,0.0,30.1,0.0,0.0,0.0,0.0,0.0,0.0,10.6,0.0,0.0,-0.7,37.3,32.4,0.0,0.0,0.0,0.0,19.0,19.0,19.0,19.0,19.0,19.0,19.0,19.0,0.0,0.0,-95.0,254.5,0.0,0.0,-26.0,4.998,0.0,0.0,2.003,1.716,0.0,18.9,0.0,0.0,0.0,,0.0,64.4,66.2,0.0,0.0,0.0,0.0,66.2,66.2,66.2,66.2,66.2,66.2,66.2,66.2,0.0,0.0,66.02,0.0,66.2,1.7999999999999972,1.6199999999999903,0.0,0.0,0.0,0.48,0.48,343.4,True,2026-08-14 08:27:13-07:00
7.06,1,9,2026-08-14 15:27:14,37.08173,-121.59964,328.0,0.0,169.2,-12.6,0.0,,0.0,0.0,0.0,10.4,-2.0,16.1,0.0,194.0,0.0,-0.03,1.0,99.0,-94.0,18.0,0.0,30.01,645.0,0.0,0.0,308.0,0.0,0.0,0.0,0.0,0.0,0.0,0.0,0.0,0.0,0.0,0.0,0.0,0.0,0.0,0.0,0.0,0.0,0.0,0.0,0.0,0.0,0.0,0.0,0.0,0.0,19.0,0.0,0.0,30.1,0.0,0.0,0.0,0.0,0.0,0.0,10.6,0.0,0.0,-0.7,37.3,32.4,0.0,0.0,0.0,0.0,19.0,19.0,19.0,19.0,19.0,19.0,19.0,19.0,0.0,0.0,-95.0,254.5,0.0,0.0,-26.0,4.998,0.0,0.0,2.003,1.716,0.0,18.8,0.0,0.0,0.0,,0.0,64.4,66.2,0.0,0.0,0.0,0.0,66.2,66.2,66.2,66.2,66.2,66.2,66.2,66.2,0.0,0.0,65.84,0.0,66.2,1.7999999999999972,1.4399999999999977,0.0,0.0,0.0,0.48,0.48,343.4,True,2026-08-14 08:27:13-07:00
8.06,1,9,2026-08-14 15:27:15,37.08173,-121.59963,327.0,0.0,169.2,-12.6,0.0,,0.0,0.0,0.0,10.4,-2.0,16.1,0.0,192.0,0.0,-0.03,1.0,99.0,-104.0,18.0,0.0,30.01,644.0,0.0,0.0,308.0,0.0,0.0,0.0,0.0,0.0,0.0,0.0,0.0,0.0,0.0,0.0,0.0,0.0,0.0,0.0,0.0,0.0,0.0,0.0,0.0,0.0,0.0,0.0,0.0,0.0,19.0,0.0,0.0,30.1,0.0,0.0,0.0,0.0,0.0,0.0,10.6,0.0,0.0,-0.7,37.3,32.4,0.0,0.0,0.0,0.0,19.0,19.0,19.0,19.0,19.0,19.0,19.0,19.0,0.0,0.0,-95.0,254.5,0.0,0.0,-26.0,4.998,0.0,0.0,2.003,1.716,0.0,18.8,0.0,0.0,0.0,,0.0,64.4,66.2,0.0,0.0,0.0,0.0,66.2,66.2,66.2,66.2,66.2,66.2,66.2,66.2,0.0,0.0,65.84,0.0,66.2,1.7999999999999972,1.4399999999999977,0.0,0.0,0.0,0.48,0.48,343.4,True,2026-08-14 08:27:13-07:00
9.06,1,9,2026-08-14 15:27:16,37.08172,-121.59963,328.0,0.0,169.2,-12.6,0.0,,0.0,0.0,0.0,10.4,-2.0,16.1,0.0,190.0,0.0,-0.03,1.0,99.0,-108.0,18.0,0.0,30.01,642.0,0.0,0.0,308.0,0.0,0.0,0.0,0.0,0.0,0.0,0.0,0.0,0.0,0.0,0.0,0.0,0.0,0.0,0.0,0.0,0.0,0.0,0.0,0.0,0.0,0.0,0.0,0.0,0.0,19.0,0.0,0.0,30.1,0.0,0.0,0.0,0.0,0.0,0.0,10.6,0.0,0.0,-0.7,37.3,32.4,0.0,0.0,0.0,0.0,19.0,19.0,19.0,19.0,19.0,19.0,19.0,19.0,0.0,0.0,-95.0,254.5,0.0,0.0,-26.0,4.998,0.0,0.0,2.003,1.715,0.0,18.8,0.0,0.0,0.0,,0.0,64.4,66.2,0.0,0.0,0.0,0.0,66.2,66.2,66.2,66.2,66.2,66.2,66.2,66.2,0.0,0.0,65.84,0.0,66.2,1.7999999999999972,1.4399999999999977,0.0,0.0,0.0,0.48,0.48,343.4,True,2026-08-14 08:27:13-07:00
10.06,1,9,2026-08-14 15:27:17,37.08172,-121.59963,327.0,0.0,169.2,-12.6,0.0,,0.0,0.0,0.0,10.4,-1.9,16.1,0.0,189.0,0.0,-0.03,1.0,99.0,-115.0,18.0,0.0,30.01,638.0,0.0,0.0,308.0,0.0,0.0,0.0,0.0,0.0,0.0,0.0,0.0,0.0,0.0,0.0,0.0,0.0,0.0,0.0,0.0,0.0,0.0,0.0,0.0,0.0,0.0,0.0,0.0,0.0,19.0,0.0,0.0,30.1,0.0,0.0,0.0,0.0,0.0,0.0,10.6,0.0,0.0,-0.7,37.3,32.4,0.0,0.0,0.0,0.0,19.0,19.0,19.0,19.0,19.0,19.0,19.0,19.0,0.0,0.0,-95.0,254.5,0.0,0.0,-26.0,4.998,0.0,0.0,2.003,1.716,0.0,18.8,0.0,0.0,0.0,,0.0,64.4,66.2,0.0,0.0,0.0,0.0,66.2,66.2,66.2,66.2,66.2,66.2,66.2,66.2,0.0,0.0,65.84,0.0,66.2,1.7999999999999972,1.4399999999999977,0.0,0.0,0.0,0.48,0.48,343.4,True,2026-08-14 08:27:13-07:00
11.06,1,9,2026-08-14 15:27:18,37.08172,-121.59963,327.0,0.0,169.2,-12.6,0.0,,0.0,0.0,0.0,10.4,-1.9,16.2,0.0,189.0,0.0,-0.04,1.0,99.0,-75.0,18.0,0.0,30.01,638.0,0.0,0.0,308.0,0.0,0.0,0.0,0.0,0.0,0.0,0.0,0.0,0.0,0.0,0.0,0.0,0.0,0.0,0.0,0.0,0.0,0.0,0.0,0.0,0.0,0.0,0.0,0.0,0.0,19.0,0.0,0.0,30.1,0.0,0.0,0.0,0.0,0.0,0.0,10.6,0.0,0.0,-0.7,37.3,32.4,0.0,0.0,0.0,0.0,19.0,19.0,19.0,19.0,19.0,19.0,19.0,19.0,0.0,0.0,-95.0,254.5,0.0,0.0,-26.0,4.998,0.0,0.0,2.003,1.716,0.0,18.8,0.0,0.0,0.0,,0.0,64.4,66.2,0.0,0.0,0.0,0.0,66.2,66.2,66.2,66.2,66.2,66.2,66.2,66.2,0.0,0.0,65.84,0.0,66.2,1.7999999999999972,1.4399999999999977,0.0,0.0,0.0,0.48,0.48,343.4,True,2026-08-14 08:27:13-07:00
12.06,1,9,2026-08-14 15:27:19,37.08172,-121.59962,327.0,0.0,169.2,-12.6,0.0,,0.0,0.0,0.0,10.4,-2.0,16.2,0.0,186.0,0.0,-0.04,1.0,99.0,-102.0,18.0,0.0,30.01,636.0,0.0,0.0,308.0,0.0,0.0,0.0,0.0,0.0,0.0,0.0,0.0,0.0,0.0,0.0,0.0,0.0,0.0,0.0,0.0,0.0,0.0,0.0,0.0,0.0,0.0,0.0,0.0,0.0,19.0,0.0,0.0,30.1,0.0,0.0,0.0,0.0,0.0,0.0,10.6,0.0,0.0,-0.7,37.3,32.4,0.0,0.0,0.0,0.0,19.0,19.0,19.0,19.0,19.0,19.0,19.0,19.0,0.0,0.0,-95.0,254.5,0.0,0.0,-25.0,4.998,0.0,0.0,2.003,1.716,0.0,18.8,0.0,0.0,0.0,,0.0,64.4,66.2,0.0,0.0,0.0,0.0,66.2,66.2,66.2,66.2,66.2,66.2,66.2,66.2,0.0,0.0,65.84,0.0,66.2,1.7999999999999972,1.4399999999999977,0.0,0.0,0.0,0.48,0.48,343.4,True,2026-08-14 08:27:13-07:00
13.06,1,9,2026-08-14 15:27:20,37.08171,-121.59962,328.0,0.0,169.2,-12.6,0.0,,0.0,0.0,0.0,10.5,-2.0,16.1,0.0,185.0,0.0,-0.04,1.0,99.0,-98.0,18.0,0.0,30.01,636.0,0.0,0.0,308.0,0.0,0.0,0.0,0.0,0.0,0.0,0.0,0.0,0.0,0.0,0.0,0.0,0.0,0.0,0.0,0.0,0.0,0.0,0.0,0.0,0.0,0.0,0.0,0.0,0.0,19.0,0.0,0.0,30.1,0.0,0.0,0.0,0.0,0.0,0.0,10.6,0.0,0.0,-0.7,37.3,32.4,0.0,0.0,0.0,0.0,19.0,19.0,19.0,19.0,19.0,19.0,19.0,19.0,0.0,0.0,-95.0,254.5,0.0,0.0,-26.0,4.998,0.0,0.0,2.003,1.716,0.0,18.8,0.0,0.0,0.0,,0.0,64.4,66.2,0.0,0.0,0.0,0.0,66.2,66.2,66.2,66.2,66.2,66.2,66.2,66.2,0.0,0.0,65.84,0.0,66.2,1.7999999999999972,1.4399999999999977,0.0,0.0,0.0,0.48,0.48,343.4,True,2026-08-14 08:27:13-07:00
14.06,1,9,2026-08-14 15:27:21,37.08171,-121.59962,328.0,0.0,169.2,-12.6,0.0,,0.0,0.0,0.0,10.5,-2.0,16.1,0.0,184.0,0.0,-0.04,1.0,99.0,-95.0,18.0,0.0,30.01,636.0,0.0,0.0,308.0,0.0,0.0,0.0,0.0,0.0,0.0,0.0,0.0,0.0,0.0,0.0,0.0,0.0,0.0,0.0,0.0,0.0,0.0,0.0,0.0,0.0,0.0,0.0,0.0,0.0,19.0,0.0,0.0,30.1,0.0,0.0,0.0,0.0,0.0,0.0,10.6,0.0,0.0,-0.7,37.3,32.4,0.0,0.0,0.0,0.0,19.0,19.0,19.0,19.0,19.0,19.0,19.0,19.0,0.0,0.0,-95.0,254.5,0.0,0.0,-26.0,4.998,0.0,0.0,2.003,1.716,0.0,18.7,0.0,0.0,0.0,,0.0,64.4,66.2,0.0,0.0,0.0,0.0,66.2,66.2,66.2,66.2,66.2,66.2,66.2,66.2,0.0,0.0,65.66,0.0,66.2,1.7999999999999972,1.259999999999991,0.0,0.0,0.0,0.48,0.48,343.4,True,2026-08-14 08:27:13-07:00
15.06,1,9,2026-08-14 15:27:22,37.08171,-121.59962,328.0,0.0,169.2,-12.6,0.0,,0.0,0.0,0.0,10.5,-2.0,16.1,0.0,182.0,0.0,-0.04,1.0,99.0,-95.0,18.0,0.0,30.01,631.0,0.0,0.0,308.0,0.0,0.0,0.0,0.0,0.0,0.0,0.0,0.0,0.0,0.0,0.0,0.0,0.0,0.0,0.0,0.0,0.0,0.0,0.0,0.0,0.0,0.0,0.0,0.0,0.0,19.0,0.0,0.0,30.1,0.0,0.0,0.0,0.0,0.0,0.0,10.6,0.0,0.0,-0.7,37.3,32.4,0.0,0.0,0.0,0.0,19.0,19.0,19.0,19.0,19.0,19.0,19.0,19.0,0.0,0.0,-95.0,254.5,0.0,0.0,-26.0,4.998,0.0,0.0,2.003,1.716,0.0,18.7,0.0,0.0,0.0,,0.0,64.4,66.2,0.0,0.0,0.0,0.0,66.2,66.2,66.2,66.2,66.2,66.2,66.2,66.2,0.0,0.0,65.66,0.0,66.2,1.7999999999999972,1.259999999999991,0.0,0.0,0.0,0.48,0.48,343.4,True,2026-08-14 08:27:13-07:00
16.06,1,9,2026-08-14 15:27:23,37.08171,-121.59962,328.0,0.0,169.2,-12.6,0.0,,0.0,0.0,0.0,10.5,-2.0,16.1,0.0,180.0,0.0,-0.04,1.0,99.0,-96.0,18.0,0.0,30.01,631.0,0.0,0.0,308.0,0.0,0.0,0.0,0.0,0.0,0.0,0.0,0.0,0.0,0.0,0.0,0.0,0.0,0.0,0.0,0.0,0.0,0.0,0.0,0.0,0.0,0.0,0.0,0.0,0.0,19.0,0.0,0.0,30.1,0.0,0.0,0.0,0.0,0.0,0.0,10.6,0.0,0.0,-0.7,37.3,32.4,0.0,0.0,0.0,0.0,19.0,19.0,19.0,19.0,19.0,19.0,19.0,19.0,0.0,0.0,-95.0,254.5,0.0,0.0,-25.0,4.998,0.0,0.0,2.003,1.716,0.0,18.7,0.0,0.0,0.0,,0.0,64.4,66.2,0.0,0.0,0.0,0.0,66.2,66.2,66.2,66.2,66.2,66.2,66.2,66.2,0.0,0.0,65.66,0.0,66.2,1.7999999999999972,1.259999999999991,0.0,0.0,0.0,0.48,0.48,343.4,True,2026-08-14 08:27:13-07:00
17.06,1,9,2026-08-14 15:27:24,37.08171,-121.59962,328.0,0.0,169.2,-12.6,0.0,,0.0,0.0,0.0,10.4,-2.0,16.2,0.0,179.0,0.1,-0.04,1.0,99.0,-96.0,18.0,0.0,30.01,631.0,0.0,0.0,308.0,0.0,0.0,0.0,0.0,0.0,0.0,0.0,0.0,0.0,0.0,0.0,0.0,0.0,0.0,0.0,0.0,0.0,0.0,0.0,0.0,0.0,0.0,0.0,0.0,0.0,19.0,0.0,0.0,30.1,0.0,0.0,0.0,0.0,0.0,0.0,10.6,0.0,0.0,-0.7,37.3,32.4,0.0,0.0,0.0,0.0,19.0,19.0,19.0,19.0,19.0,19.0,19.0,19.0,0.0,0.0,-95.0,254.5,0.0,0.0,-25.0,4.998,0.0,0.0,2.003,1.716,0.0,18.7,0.0,0.0,0.0,,0.0,64.4,66.2,0.0,0.0,0.0,0.0,66.2,66.2,66.2,66.2,66.2,66.2,66.2,66.2,0.0,0.0,65.66,0.0,66.2,1.7999999999999972,1.259999999999991,0.0,0.0,0.0,0.48,0.48,343.4,True,2026-08-14 08:27:13-07:00
18.06,1,9,2026-08-14 15:27:25,37.08171,-121.59962,328.0,0.0,169.2,-12.6,0.0,,0.0,0.0,0.0,10.5,-2.0,16.1,0.0,176.0,0.0,-0.04,1.0,99.0,-105.0,18.0,0.0,30.01,626.0,0.0,0.0,308.0,0.0,0.0,0.0,0.0,0.0,0.0,0.0,0.0,0.0,0.0,0.0,0.0,0.0,0.0,0.0,0.0,0.0,0.0,0.0,0.0,0.0,0.0,0.0,0.0,0.0,19.0,0.0,0.0,30.1,0.0,0.0,0.0,0.0,0.0,0.0,10.6,0.0,0.0,-0.7,37.3,32.4,0.0,0.0,0.0,0.0,19.0,19.0,19.0,19.0,19.0,19.0,19.0,19.0,0.0,0.0,-95.0,254.5,0.0,0.0,-25.0,4.998,0.0,0.0,2.003,1.716,0.0,18.7,0.0,0.0,0.0,,0.0,64.4,66.2,0.0,0.0,0.0,0.0,66.2,66.2,66.2,66.2,66.2,66.2,66.2,66.2,0.0,0.0,65.66,0.0,66.2,1.7999999999999972,1.259999999999991,0.0,0.0,0.0,0.48,0.48,343.4,True,2026-08-14 08:27:13-07:00
19.06,1,9,2026-08-14 15:27:26,37.08171,-121.59962,328.0,0.1,169.2,-12.6,0.0,,0.0,0.0,0.0,10.4,-2.0,16.1,0.0,176.0,0.0,-0.04,1.0,99.0,-72.0,18.0,0.0,30.01,626.0,0.0,0.0,308.0,0.0,0.0,0.0,0.0,0.0,0.0,0.0,0.0,0.0,0.0,0.0,0.0,0.0,0.0,0.0,0.0,0.0,0.0,0.0,0.0,0.0,0.0,0.0,0.0,0.0,19.0,0.0,0.0,30.1,0.0,0.0,0.0,0.0,0.0,0.0,10.6,0.0,0.0,-0.7,37.3,32.4,0.0,0.0,0.0,0.0,19.0,19.0,19.0,19.0,19.0,19.0,19.0,19.0,0.0,0.0,-95.0,254.5,0.0,0.0,-25.0,4.998,0.0,0.0,2.003,1.716,0.0,18.7,0.0,0.0,0.0,,0.0,64.4,66.2,0.0,0.0,0.0,0.0,66.2,66.2,66.2,66.2,66.2,66.2,66.2,66.2,0.0,0.0,65.66,0.0,66.2,1.7999999999999972,1.259999999999991,0.0,0.08433333333333333,0.0,0.48,0.48,343.4,True,2026-08-14 08:27:13-07:00
20.06,1,9,2026-08-14 15:27:27,37.08171,-121.59962,327.0,0.0,169.2,-12.6,0.0,,0.0,0.0,0.0,10.4,-2.0,16.2,0.0,176.0,0.1,-0.04,1.0,99.0,-45.0,18.0,0.0,30.01,626.0,0.0,0.0,308.0,0.0,0.0,0.0,0.0,0.0,0.0,0.0,0.0,0.0,0.0,0.0,0.0,0.0,0.0,0.0,0.0,0.0,0.0,0.0,0.0,0.0,0.0,0.0,0.0,0.0,19.0,0.0,0.0,30.1,0.0,0.0,0.0,0.0,0.0,0.0,10.6,0.0,0.0,-0.7,37.3,32.4,0.0,0.0,0.0,0.0,19.0,19.0,19.0,19.0,19.0,19.0,19.0,19.0,0.0,0.0,-95.0,254.5,0.0,0.0,-25.0,4.998,0.0,0.0,2.003,1.716,0.0,18.7,0.0,0.0,0.0,,0.0,64.4,66.2,0.0,0.0,0.0,0.0,66.2,66.2,66.2,66.2,66.2,66.2,66.2,66.2,0.0,0.0,65.66,0.0,66.2,1.7999999999999972,1.259999999999991,0.0,0.16866666666666666,0.0,0.48,0.48,343.4,True,2026-08-14 08:27:13-07:00
21.06,1,9,2026-08-14 15:27:28,37.08171,-121.59963,327.0,0.0,169.2,-12.6,0.0,,0.0,0.0,0.0,10.4,-2.0,16.2,0.0,176.0,0.0,-0.04,1.0,99.0,-21.0,18.0,0.0,30.01,624.0,0.0,0.0,308.0,0.0,0.0,0.0,0.0,0.0,0.0,0.0,0.0,0.0,0.0,0.0,0.0,0.0,0.0,0.0,0.0,0.0,0.0,0.0,0.0,0.0,0.0,0.0,0.0,0.0,19.0,0.0,0.0,30.1,0.0,0.0,0.0,0.0,0.0,0.0,10.6,0.0,0.0,-0.7,37.3,32.4,0.0,0.0,0.0,0.0,19.0,19.0,19.0,19.0,19.0,19.0,19.0,19.0,0.0,0.0,-95.0,254.5,0.0,0.0,-25.0,4.998,0.0,0.0,2.003,1.715,0.0,18.7,0.0,0.0,0.0,,0.0,64.4,66.2,0.0,0.0,0.0,0.0,66.2,66.2,66.2,66.2,66.2,66.2,66.2,66.2,0.0,0.0,65.66,0.0,66.2,1.7999999999999972,1.259999999999991,0.0,0.16866666666666666,0.0,0.48,0.48,343.4,True,2026-08-14 08:27:13-07:00
22.06,1,9,2026-08-14 15:27:29,37.08171,-121.59963,327.0,0.0,169.2,-12.6,0.0,,0.0,0.0,0.0,10.4,-2.0,16.2,0.0,176.0,0.0,-0.04,1.0,99.0,-11.0,18.0,0.0,30.01,624.0,0.0,0.0,308.0,0.0,0.0,0.0,0.0,0.0,0.0,0.0,0.0,0.0,0.0,0.0,0.0,0.0,0.0,0.0,0.0,0.0,0.0,0.0,0.0,0.0,0.0,0.0,0.0,0.0,19.0,0.0,0.0,30.1,0.0,0.0,0.0,0.0,0.0,0.0,10.6,0.0,0.0,-0.7,37.3,32.4,0.0,0.0,0.0,0.0,19.0,19.0,19.0,19.0,19.0,19.0,19.0,19.0,0.0,0.0,-95.0,254.5,0.0,0.0,-25.0,4.998,0.0,0.0,2.003,1.715,0.0,18.7,0.0,0.0,0.0,,0.0,64.4,66.2,0.0,0.0,0.0,0.0,66.2,66.2,66.2,66.2,66.2,66.2,66.2,66.2,0.0,0.0,65.66,0.0,66.2,1.7999999999999972,1.259999999999991,0.0,0.16866666666666666,0.0,0.48,0.48,343.4,True,2026-08-14 08:27:13-07:00
23.06,1,9,2026-08-14 15:27:30,37.08171,-121.59963,327.0,0.1,169.2,-12.6,0.0,,0.0,0.0,0.0,10.4,-2.0,16.2,0.0,175.0,0.1,-0.04,1.0,99.0,-72.0,18.0,0.0,30.01,624.0,0.0,0.0,308.0,0.0,0.0,0.0,0.0,0.0,0.0,0.0,0.0,0.0,0.0,0.0,0.0,0.0,0.0,0.0,0.0,0.0,0.0,0.0,0.0,0.0,0.0,0.0,0.0,0.0,19.0,0.0,0.0,30.1,0.0,0.0,0.0,0.0,0.0,0.0,10.6,0.0,0.0,-0.7,37.3,32.4,0.0,0.0,0.0,0.0,19.0,19.0,19.0,19.0,19.0,19.0,19.0,19.0,0.0,0.0,-95.0,254.5,0.0,0.0,-25.0,4.998,0.0,0.0,2.003,1.716,0.0,18.7,0.0,0.0,0.0,,0.0,64.4,66.2,0.0,0.0,0.0,0.0,66.2,66.2,66.2,66.2,66.2,66.2,66.2,66.2,0.0,0.0,65.66,0.0,66.2,1.7999999999999972,1.259999999999991,0.0,0.253,0.0,0.48,0.48,343.4,True,2026-08-14 08:27:13-07:00
24.06,1,9,2026-08-14 15:27:31,37.08171,-121.59963,326.0,0.0,169.2,-12.6,0.0,,0.0,0.0,0.0,10.4,-2.0,16.2,0.0,173.0,0.1,-0.04,1.0,99.0,-55.0,18.0,0.0,30.01,620.0,0.0,0.0,308.0,0.0,0.0,0.0,0.0,0.0,0.0,0.0,0.0,0.0,0.0,0.0,0.0,0.0,0.0,0.0,0.0,0.0,0.0,0.0,0.0,0.0,0.0,0.0,0.0,0.0,19.0,0.0,0.0,30.1,0.0,0.0,0.0,0.0,0.0,0.0,10.6,0.0,0.0,-0.7,37.3,32.4,0.0,0.0,0.0,0.0,19.0,19.0,19.0,19.0,19.0,19.0,19.0,19.0,0.0,0.0,-95.0,254.5,0.0,0.0,-25.0,4.998,0.0,0.0,2.003,1.716,0.0,18.7,0.0,0.0,0.0,,0.0,64.4,66.2,0.0,0.0,0.0,0.0,66.2,66.2,66.2,66.2,66.2,66.2,66.2,66.2,0.0,0.0,65.66,0.0,66.2,1.7999999999999972,1.259999999999991,0.0,0.3373333333333333,0.0,0.48,0.48,343.4,True,2026-08-14 08:27:13-07:00
25.06,1,9,2026-08-14 15:27:32,37.08171,-121.59963,326.0,0.0,169.2,-12.6,0.0,,0.0,0.0,0.0,10.4,-2.0,16.2,0.0,173.0,0.1,-0.04,1.0,99.0,-53.0,18.0,0.0,30.01,620.0,0.0,0.0,308.0,0.0,0.0,0.0,0.0,0.0,0.0,0.0,0.0,0.0,0.0,0.0,0.0,0.0,0.0,0.0,0.0,0.0,0.0,0.0,0.0,0.0,0.0,0.0,0.0,0.0,19.0,0.0,0.0,30.1,0.0,0.0,0.0,0.0,0.0,0.0,10.6,0.0,0.0,-0.7,37.3,32.4,0.0,0.0,0.0,0.0,19.0,19.0,19.0,19.0,19.0,19.0,19.0,19.0,0.0,0.0,-95.0,254.5,0.0,0.0,-25.0,4.998,0.0,0.0,2.003,1.716,0.0,18.7,0.0,0.0,0.0,,0.0,64.4,66.2,0.0,0.0,0.0,0.0,66.2,66.2,66.2,66.2,66.2,66.2,66.2,66.2,0.0,0.0,65.66,0.0,66.2,1.7999999999999972,1.259999999999991,0.0,0.3373333333333333,0.0,0.48,0.48,343.4,True,2026-08-14 08:27:13-07:00
26.06,1,9,2026-08-14 15:27:33,37.08171,-121.59964,325.0,0.0,169.2,-12.6,0.0,,0.0,0.0,0.0,10.5,-2.1,16.1,0.0,172.0,0.0,-0.04,1.0,99.0,-25.0,18.0,0.0,30.01,620.0,0.0,0.0,308.0,0.0,0.0,0.0,0.0,0.0,0.0,0.0,0.0,0.0,0.0,0.0,0.0,0.0,0.0,0.0,0.0,0.0,0.0,0.0,0.0,0.0,0.0,0.0,0.0,0.0,19.0,0.0,0.0,30.1,0.0,0.0,0.0,0.0,0.0,0.0,10.6,0.0,0.0,-0.7,37.3,32.4,0.0,0.0,0.0,0.0,19.0,19.0,19.0,19.0,19.0,19.0,19.0,19.0,0.0,0.0,-95.0,254.5,0.0,0.0,-25.0,4.998,0.0,0.0,2.003,1.716,0.0,18.7,0.0,0.0,0.0,,0.0,64.4,66.2,0.0,0.0,0.0,0.0,66.2,66.2,66.2,66.2,66.2,66.2,66.2,66.2,0.0,0.0,65.66,0.0,66.2,1.7999999999999972,1.259999999999991,0.0,0.3373333333333333,0.0,0.48,0.48,343.4,True,2026-08-14 08:27:13-07:00
27.06,1,9,2026-08-14 15:27:34,37.08171,-121.59964,325.0,0.0,169.2,-12.6,0.0,,0.0,0.0,0.0,10.4,-2.1,16.1,0.0,172.0,0.0,-0.04,1.0,99.0,-29.0,18.0,0.0,30.01,619.0,0.0,0.0,308.0,0.0,0.0,0.0,0.0,0.0,0.0,0.0,0.0,0.0,0.0,0.0,0.0,0.0,0.0,0.0,0.0,0.0,0.0,0.0,0.0,0.0,0.0,0.0,0.0,0.0,19.0,0.0,0.0,30.1,0.0,0.0,0.0,0.0,0.0,0.0,10.6,0.0,0.0,-0.7,37.3,32.4,0.0,0.0,0.0,0.0,19.0,19.0,19.0,19.0,19.0,19.0,19.0,19.0,0.0,0.0,-95.0,254.5,0.0,0.0,-25.0,4.998,0.0,0.0,2.003,1.716,0.0,18.7,0.0,0.0,0.0,,0.0,64.4,66.2,0.0,0.0,0.0,0.0,66.2,66.2,66.2,66.2,66.2,66.2,66.2,66.2,0.0,0.0,65.66,0.0,66.2,1.7999999999999972,1.259999999999991,0.0,0.3373333333333333,0.0,0.48,0.48,343.4,True,2026-08-14 08:27:13-07:00
28.06,1,9,2026-08-14 15:27:35,37.08171,-121.59964,325.0,0.0,169.2,-12.6,0.0,,0.0,0.0,0.0,10.5,-2.0,16.1,0.0,172.0,0.0,-0.04,1.0,99.0,-30.0,18.0,0.0,30.01,619.0,0.0,0.0,308.0,0.0,0.0,0.0,0.0,0.0,0.0,0.0,0.0,0.0,0.0,0.0,0.0,0.0,0.0,0.0,0.0,0.0,0.0,0.0,0.0,0.0,0.0,0.0,0.0,0.0,19.0,0.0,0.0,30.1,0.0,0.0,0.0,0.0,0.0,0.0,10.6,0.0,0.0,-0.7,37.3,32.4,0.0,0.0,0.0,0.0,19.0,19.0,19.0,19.0,19.0,19.0,19.0,19.0,0.0,0.0,-95.0,254.5,0.0,0.0,-25.0,4.998,0.0,0.0,2.003,1.716,0.0,18.7,0.0,0.0,0.0,,0.0,64.4,66.2,0.0,0.0,0.0,0.0,66.2,66.2,66.2,66.2,66.2,66.2,66.2,66.2,0.0,0.0,65.66,0.0,66.2,1.7999999999999972,1.259999999999991,0.0,0.3373333333333333,0.0,0.48,0.48,343.4,True,2026-08-14 08:27:13-07:00
29.06,1,10,2026-08-14 15:27:36,37.08168,-121.59961,333.0,0.0,169.2,-12.6,0.0,,0.0,0.0,0.0,10.5,-2.0,16.1,0.0,172.0,0.0,-0.03,1.0,99.0,-8.0,18.0,0.0,30.01,619.0,0.0,0.0,308.0,0.0,0.0,0.0,0.0,0.0,0.0,0.0,0.0,0.0,0.0,0.0,0.0,0.0,0.0,0.0,0.0,0.0,0.0,0.0,0.0,0.0,0.0,0.0,0.0,0.0,19.0,0.0,0.0,30.1,0.0,0.0,0.0,0.0,0.0,0.0,10.6,0.0,0.0,-0.7,37.3,32.4,0.0,0.0,0.0,0.0,19.0,19.0,19.0,19.0,19.0,19.0,19.0,19.0,0.0,0.0,-94.0,254.5,0.0,0.0,-25.0,4.998,0.0,0.0,2.003,1.716,0.0,18.7,0.0,0.0,0.0,,0.0,64.4,66.2,0.0,0.0,0.0,0.0,66.2,66.2,66.2,66.2,66.2,66.2,66.2,66.2,0.0,0.0,65.66,0.0,66.2,1.7999999999999972,1.259999999999991,0.0,0.3373333333333333,0.0,0.48,0.48,343.4,True,2026-08-14 08:27:13-07:00
30.06,1,10,2026-08-14 15:27:37,37.08168,-121.59962,333.0,0.0,169.2,-12.6,0.0,,0.0,0.0,0.0,10.5,-2.0,16.1,0.0,172.0,0.0,-0.03,1.0,99.0,12.0,18.0,0.0,30.01,619.0,0.0,0.0,308.0,0.0,0.0,0.0,0.0,0.0,0.0,0.0,0.0,0.0,0.0,0.0,0.0,0.0,0.0,0.0,0.0,0.0,0.0,0.0,0.0,0.0,0.0,0.0,0.0,0.0,19.0,0.0,0.0,30.1,0.0,0.0,0.0,0.0,0.0,0.0,10.6,0.0,0.0,-0.7,37.3,32.4,0.0,0.0,0.0,0.0,19.0,19.0,19.0,19.0,19.0,19.0,19.0,19.0,0.0,0.0,-94.0,254.5,0.0,0.0,-25.0,4.998,0.0,0.0,2.003,1.716,0.0,18.7,0.0,0.0,0.0,,0.0,64.4,66.2,0.0,0.0,0.0,0.0,66.2,66.2,66.2,66.2,66.2,66.2,66.2,66.2,0.0,0.0,65.66,0.0,66.2,1.7999999999999972,1.259999999999991,0.0,0.3373333333333333,0.0,0.48,0.48,343.4,True,2026-08-14 08:27:13-07:00
31.06,1,10,2026-08-14 15:27:38,37.08168,-121.59962,333.0,0.0,169.2,-12.6,0.0,,0.0,0.0,0.0,10.5,-2.0,16.1,0.0,172.0,0.0,-0.03,1.0,99.0,-5.0,18.0,0.0,30.01,619.0,0.0,0.0,308.0,0.0,0.0,0.0,0.0,0.0,0.0,0.0,0.0,0.0,0.0,0.0,0.0,0.0,0.0,0.0,0.0,0.0,0.0,0.0,0.0,0.0,0.0,0.0,0.0,0.0,19.0,0.0,0.0,30.1,0.0,0.0,0.0,0.0,0.0,0.0,10.6,0.0,0.0,-0.7,37.3,32.4,0.0,0.0,0.0,0.0,19.0,19.0,19.0,19.0,19.0,19.0,19.0,19.0,0.0,0.0,-94.0,254.5,0.0,0.0,-25.0,4.998,0.0,0.0,2.003,1.716,0.0,18.7,0.0,0.0,0.0,,0.0,64.4,66.2,0.0,0.0,0.0,0.0,66.2,66.2,66.2,66.2,66.2,66.2,66.2,66.2,0.0,0.0,65.66,0.0,66.2,1.7999999999999972,1.259999999999991,0.0,0.3373333333333333,0.0,0.48,0.48,343.4,True,2026-08-14 08:27:13-07:00
32.06,1,10,2026-08-14 15:27:39,37.08167,-121.59962,333.0,0.0,169.2,-12.6,0.0,,0.0,0.0,0.0,10.5,-2.1,16.1,0.0,171.0,0.0,-0.04,1.0,99.0,-36.0,18.0,0.0,30.01,619.0,0.0,0.0,308.0,0.0,0.0,0.0,0.0,0.0,0.0,0.0,0.0,0.0,0.0,0.0,0.0,0.0,0.0,0.0,0.0,0.0,0.0,0.0,0.0,0.0,0.0,0.0,0.0,0.0,19.0,0.0,0.0,30.1,0.0,0.0,0.0,0.0,0.0,0.0,10.6,0.0,0.0,-0.7,37.3,32.4,0.0,0.0,0.0,0.0,19.0,19.0,19.0,19.0,19.0,19.0,19.0,19.0,0.0,0.0,-94.0,254.5,0.0,0.0,-25.0,4.998,0.0,0.0,2.003,1.716,0.0,18.7,0.0,0.0,0.0,,0.0,64.4,66.2,0.0,0.0,0.0,0.0,66.2,66.2,66.2,66.2,66.2,66.2,66.2,66.2,0.0,0.0,65.66,0.0,66.2,1.7999999999999972,1.259999999999991,0.0,0.3373333333333333,0.0,0.48,0.48,343.4,True,2026-08-14 08:27:13-07:00
33.06,1,10,2026-08-14 15:27:40,37.08167,-121.59962,333.0,0.2,169.2,-12.6,0.0,,0.0,0.0,0.0,10.5,-2.1,16.1,0.0,171.0,0.0,-0.04,1.0,99.0,-42.0,18.0,0.0,30.01,617.0,0.0,0.0,308.0,0.0,0.0,0.0,0.0,0.0,0.0,0.0,0.0,0.0,0.0,0.0,0.0,0.0,0.0,0.0,0.0,0.0,0.0,0.0,0.0,0.0,0.0,0.0,0.0,0.0,19.0,0.0,0.0,30.1,0.0,0.0,0.0,0.0,0.0,0.0,10.6,0.0,0.0,-0.7,37.3,32.4,0.0,0.0,0.0,0.0,19.0,19.0,19.0,19.0,19.0,19.0,19.0,19.0,0.0,0.0,-94.0,254.5,0.0,0.0,-25.0,4.998,0.0,0.0,2.003,1.716,0.0,18.7,0.0,0.0,0.0,,0.0,64.4,66.2,0.0,0.0,0.0,0.0,66.2,66.2,66.2,66.2,66.2,66.2,66.2,66.2,0.0,0.0,65.66,0.0,66.2,1.7999999999999972,1.259999999999991,0.0,0.506,0.0,0.48,0.48,343.4,True,2026-08-14 08:27:13-07:00
34.06,1,10,2026-08-14 15:27:41,37.08167,-121.59962,333.0,0.0,169.2,-12.6,0.0,,0.0,0.0,0.0,10.5,-2.1,16.0,0.0,171.0,0.0,-0.04,1.0,99.0,-41.0,18.0,0.0,30.01,617.0,0.0,0.0,308.0,0.0,0.0,0.0,0.0,0.0,0.0,0.0,0.0,0.0,0.0,0.0,0.0,0.0,0.0,0.0,0.0,0.0,0.0,0.0,0.0,0.0,0.0,0.0,0.0,0.0,19.0,0.0,0.0,30.1,0.0,0.0,0.0,0.0,0.0,0.0,10.6,0.0,0.0,-0.7,37.3,32.4,0.0,0.0,0.0,0.0,19.0,19.0,19.0,19.0,19.0,19.0,19.0,19.0,0.0,0.0,-94.0,254.5,0.0,0.0,-25.0,4.998,0.0,0.0,2.003,1.716,0.0,18.7,0.0,0.0,0.0,,0.0,64.4,66.2,0.0,0.0,0.0,0.0,66.2,66.2,66.2,66.2,66.2,66.2,66.2,66.2,0.0,0.0,65.66,0.0,66.2,1.7999999999999972,1.259999999999991,0.0,0.6746666666666666,0.0,0.48,0.48,343.4,True,2026-08-14 08:27:13-07:00
35.06,1,10,2026-08-14 15:27:42,37.08167,-121.59962,329.0,0.0,169.2,-12.6,0.0,,0.0,0.0,0.0,10.5,-2.1,16.0,0.0,171.0,0.0,-0.04,1.0,99.0,-15.0,18.0,0.0,30.01,617.0,0.0,0.0,308.0,0.0,0.0,0.0,0.0,0.0,0.0,0.0,0.0,0.0,0.0,0.0,0.0,0.0,0.0,0.0,0.0,0.0,0.0,0.0,0.0,0.0,0.0,0.0,0.0,0.0,19.0,0.0,0.0,30.1,0.0,0.0,0.0,0.0,0.0,0.0,10.6,0.0,0.0,-0.7,37.3,32.4,0.0,0.0,0.0,0.0,19.0,19.0,19.0,19.0,19.0,19.0,19.0,19.0,0.0,0.0,-94.0,254.5,0.0,0.0,-25.0,4.998,0.0,0.0,2.003,1.716,0.0,18.7,0.0,0.0,0.0,,0.0,64.4,66.2,0.0,0.0,0.0,0.0,66.2,66.2,66.2,66.2,66.2,66.2,66.2,66.2,0.0,0.0,65.66,0.0,66.2,1.7999999999999972,1.259999999999991,0.0,0.6746666666666666,0.0,0.48,0.48,343.4,True,2026-08-14 08:27:13-07:00
36.06,1,10,2026-08-14 15:27:43,37.08167,-121.59962,332.0,0.0,169.2,-12.6,0.0,,0.0,0.0,0.0,10.5,-2.1,16.0,0.0,171.0,0.0,-0.03,1.0,99.0,-44.0,18.0,0.0,30.01,617.0,0.0,0.0,308.0,0.0,0.0,0.0,0.0,0.0,0.0,0.0,0.0,0.0,0.0,0.0,0.0,0.0,0.0,0.0,0.0,0.0,0.0,0.0,0.0,0.0,0.0,0.0,0.0,0.0,19.0,0.0,0.0,30.1,0.0,0.0,0.0,0.0,0.0,0.0,10.6,0.0,0.0,-0.7,37.3,32.4,0.0,0.0,0.0,0.0,19.0,19.0,19.0,19.0,19.0,19.0,19.0,19.0,0.0,0.0,-95.0,254.5,0.0,0.0,-25.0,4.998,0.0,0.0,2.003,1.716,0.0,18.7,0.0,0.0,0.0,,0.0,64.4,66.2,0.0,0.0,0.0,0.0,66.2,66.2,66.2,66.2,66.2,66.2,66.2,66.2,0.0,0.0,65.66,0.0,66.2,1.7999999999999972,1.259999999999991,0.0,0.6746666666666666,0.0,0.48,0.48,343.4,True,2026-08-14 08:27:13-07:00
37.06,1,10,2026-08-14 15:27:44,37.08167,-121.59962,332.0,0.0,169.2,-12.6,0.0,,0.0,0.0,0.0,10.5,-2.1,16.0,0.0,169.0,0.0,-0.04,1.0,99.0,-22.0,18.0,0.0,30.01,617.0,0.0,0.0,308.0,0.0,0.0,0.0,0.0,0.0,0.0,0.0,0.0,0.0,0.0,0.0,0.0,0.0,0.0,0.0,0.0,0.0,0.0,0.0,0.0,0.0,0.0,0.0,0.0,0.0,19.0,0.0,0.0,30.1,0.0,0.0,0.0,0.0,0.0,0.0,10.6,0.0,0.0,-0.7,37.3,32.4,0.0,0.0,0.0,0.0,19.0,19.0,19.0,19.0,19.0,19.0,19.0,19.0,0.0,0.0,-95.0,254.5,0.0,0.0,-25.0,4.998,0.0,0.0,2.003,1.716,0.0,18.7,0.0,0.0,0.0,,0.0,64.4,66.2,0.0,0.0,0.0,0.0,66.2,66.2,66.2,66.2,66.2,66.2,66.2,66.2,0.0,0.0,65.66,0.0,66.2,1.7999999999999972,1.259999999999991,0.0,0.6746666666666666,0.0,0.48,0.48,343.4,True,2026-08-14 08:27:13-07:00
38.06,1,10,2026-08-14 15:27:45,37.08167,-121.59962,333.0,0.0,169.2,-12.6,0.0,,0.0,0.0,0.0,10.5,-2.0,16.1,0.0,169.0,0.1,-0.04,1.0,99.0,-31.0,18.0,0.0,30.01,617.0,0.0,0.0,308.0,0.0,0.0,0.0,0.0,0.0,0.0,0.0,0.0,0.0,0.0,0.0,0.0,0.0,0.0,0.0,0.0,0.0,0.0,0.0,0.0,0.0,0.0,0.0,0.0,0.0,19.0,0.0,0.0,30.1,0.0,0.0,0.0,0.0,0.0,0.0,10.6,0.0,0.0,-0.7,37.3,32.4,0.0,0.0,0.0,0.0,19.0,19.0,19.0,19.0,19.0,19.0,19.0,19.0,0.0,0.0,-95.0,254.5,0.0,0.0,-25.0,4.998,0.0,0.0,2.003,1.716,0.0,18.7,0.0,0.0,0.0,,0.0,64.4,66.2,0.0,0.0,0.0,0.0,66.2,66.2,66.2,66.2,66.2,66.2,66.2,66.2,0.0,0.0,65.66,0.0,66.2,1.7999999999999972,1.259999999999991,0.0,0.6746666666666666,0.0,0.48,0.48,343.4,True,2026-08-14 08:27:13-07:00
39.06,1,10,2026-08-14 15:27:46,37.08167,-121.59962,333.0,0.1,169.2,-12.6,0.0,,0.0,0.0,0.0,10.5,-2.0,16.1,0.0,169.0,0.1,-0.04,1.0,99.0,-18.0,18.0,0.0,30.01,615.0,0.0,0.0,308.0,0.0,0.0,0.0,0.0,0.0,0.0,0.0,0.0,0.0,0.0,0.0,0.0,0.0,0.0,0.0,0.0,0.0,0.0,0.0,0.0,0.0,0.0,0.0,0.0,0.0,19.0,0.0,0.0,30.1,0.0,0.0,0.0,0.0,0.0,0.0,10.6,0.0,0.0,-0.7,37.3,32.4,0.0,0.0,0.0,0.0,19.0,19.0,19.0,19.0,19.0,19.0,19.0,19.0,0.0,0.0,-95.0,254.5,0.0,0.0,-25.0,4.998,0.0,0.0,2.003,1.716,0.0,18.7,0.0,0.0,0.0,,0.0,64.4,66.2,0.0,0.0,0.0,0.0,66.2,66.2,66.2,66.2,66.2,66.2,66.2,66.2,0.0,0.0,65.66,0.0,66.2,1.7999999999999972,1.259999999999991,0.0,0.759,0.0,0.48,0.48,343.4,True,2026-08-14 08:27:13-07:00
40.06,1,10,2026-08-14 15:27:47,37.08167,-121.59962,333.0,0.0,169.2,-12.6,0.0,,0.0,0.0,0.0,10.5,-2.0,16.1,0.0,169.0,0.0,-0.04,1.0,99.0,-15.0,18.0,0.0,30.01,615.0,0.0,0.0,308.0,0.0,0.0,0.0,0.0,0.0,0.0,0.0,0.0,0.0,0.0,0.0,0.0,0.0,0.0,0.0,0.0,0.0,0.0,0.0,0.0,0.0,0.0,0.0,0.0,0.0,19.0,0.0,0.0,30.1,0.0,0.0,0.0,0.0,0.0,0.0,10.6,0.0,0.0,-0.7,37.3,32.4,0.0,0.0,0.0,0.0,19.0,19.0,19.0,19.0,19.0,19.0,19.0,19.0,0.0,0.0,-95.0,254.5,0.0,0.0,-25.0,4.998,0.0,0.0,2.003,1.716,0.0,18.7,0.0,0.0,0.0,,0.0,64.4,66.2,0.0,0.0,0.0,0.0,66.2,66.2,66.2,66.2,66.2,66.2,66.2,66.2,0.0,0.0,65.66,0.0,66.2,1.7999999999999972,1.259999999999991,0.0,0.8433333333333333,0.0,0.48,0.48,343.4,True,2026-08-14 08:27:13-07:00
41.06,1,10,2026-08-14 15:27:48,37.08167,-121.59962,334.0,0.0,169.2,-12.6,0.0,,0.0,0.0,0.0,10.5,-2.0,16.0,0.0,169.0,0.0,-0.04,1.0,99.0,-18.0,18.0,0.0,30.01,615.0,0.0,0.0,308.0,0.0,0.0,0.0,0.0,0.0,0.0,0.0,0.0,0.0,0.0,0.0,0.0,0.0,0.0,0.0,0.0,0.0,0.0,0.0,0.0,0.0,0.0,0.0,0.0,0.0,19.0,0.0,0.0,30.1,0.0,0.0,0.0,0.0,0.0,0.0,10.6,0.0,0.0,-0.7,37.3,32.4,0.0,0.0,0.0,0.0,19.0,19.0,19.0,19.0,19.0,19.0,19.0,19.0,0.0,0.0,-95.0,254.5,0.0,0.0,-25.0,4.998,0.0,0.0,2.003,1.716,0.0,18.7,0.0,0.0,0.0,,0.0,64.4,66.2,0.0,0.0,0.0,0.0,66.2,66.2,66.2,66.2,66.2,66.2,66.2,66.2,0.0,0.0,65.66,0.0,66.2,1.7999999999999972,1.259999999999991,0.0,0.8433333333333333,0.0,0.48,0.48,343.4,True,2026-08-14 08:27:13-07:00
42.06,1,10,2026-08-14 15:27:49,37.08167,-121.59962,334.0,0.0,169.2,-12.6,0.0,,0.0,0.0,0.0,10.5,-2.1,16.0,0.0,167.0,0.0,-0.04,1.0,99.0,-82.0,18.0,0.0,30.01,613.0,0.0,0.0,308.0,0.0,0.0,0.0,0.0,0.0,0.0,0.0,0.0,0.0,0.0,0.0,0.0,0.0,0.0,0.0,0.0,0.0,0.0,0.0,0.0,0.0,0.0,0.0,0.0,0.0,19.0,0.0,0.0,30.1,0.0,0.0,0.0,0.0,0.0,0.0,10.6,0.0,0.0,-0.7,37.3,32.4,0.0,0.0,0.0,0.0,19.0,19.0,19.0,19.0,19.0,19.0,19.0,19.0,0.0,0.0,-95.0,243.0,0.0,0.0,-25.0,4.998,0.0,0.0,2.003,1.716,0.0,18.7,0.0,0.0,0.0,,0.0,64.4,66.2,0.0,0.0,0.0,0.0,66.2,66.2,66.2,66.2,66.2,66.2,66.2,66.2,0.0,0.0,65.66,0.0,66.2,1.7999999999999972,1.259999999999991,0.0,0.8433333333333333,0.0,0.48,0.48,343.4,True,2026-08-14 08:27:13-07:00
43.06,1,10,2026-08-14 15:27:50,37.08167,-121.59962,334.0,0.0,169.2,-12.6,0.0,,0.0,0.0,0.0,10.5,-2.0,16.1,0.0,165.0,0.0,-0.04,1.0,99.0,-87.0,18.0,0.0,30.01,613.0,0.0,0.0,308.0,0.0,0.0,0.0,0.0,0.0,0.0,0.0,0.0,0.0,0.0,0.0,0.0,0.0,0.0,0.0,0.0,0.0,0.0,0.0,0.0,0.0,0.0,0.0,0.0,0.0,19.0,0.0,0.0,30.1,0.0,0.0,0.0,0.0,0.0,0.0,10.6,0.0,0.0,-0.7,37.3,32.4,0.0,0.0,0.0,0.0,19.0,19.0,19.0,19.0,19.0,19.0,19.0,19.0,0.0,0.0,-94.0,189.1,0.0,0.0,-25.0,4.998,0.0,0.0,2.003,1.716,0.0,18.7,0.0,0.0,0.0,,0.0,64.4,66.2,0.0,0.0,0.0,0.0,66.2,66.2,66.2,66.2,66.2,66.2,66.2,66.2,0.0,0.0,65.66,0.0,66.2,1.7999999999999972,1.259999999999991,0.0,0.8433333333333333,0.0,0.48,0.48,343.4,True,2026-08-14 08:27:13-07:00
44.06,1,10,2026-08-14 15:27:51,37.08167,-121.59962,335.0,0.0,169.2,-12.6,0.0,,0.0,0.0,0.0,10.5,-2.0,16.1,0.0,165.0,0.1,-0.04,1.0,99.0,-56.0,18.0,0.0,30.01,613.0,0.0,0.0,308.0,0.0,0.0,0.0,0.0,0.0,0.0,0.0,0.0,0.0,0.0,0.0,0.0,0.0,0.0,0.0,0.0,0.0,0.0,0.0,0.0,0.0,0.0,0.0,0.0,0.0,19.0,0.0,0.0,30.1,0.0,0.0,0.0,0.0,0.0,0.0,10.6,0.0,0.0,-0.7,37.3,32.4,0.0,0.0,0.0,0.0,19.0,19.0,19.0,19.0,19.0,19.0,19.0,19.0,0.0,0.0,-95.0,147.2,0.0,0.0,-25.0,4.998,0.0,0.0,2.003,1.715,0.0,18.7,0.0,0.0,0.0,,0.0,64.4,66.2,0.0,0.0,0.0,0.0,66.2,66.2,66.2,66.2,66.2,66.2,66.2,66.2,0.0,0.0,65.66,0.0,66.2,1.7999999999999972,1.259999999999991,0.0,0.8433333333333333,0.0,0.48,0.48,343.4,True,2026-08-14 08:27:13-07:00
45.06,1,10,2026-08-14 15:27:52,37.08167,-121.59961,335.0,0.1,169.2,-12.6,0.0,,0.0,0.0,0.0,10.4,-2.0,16.1,0.0,164.0,0.0,-0.04,1.0,99.0,-58.0,18.0,0.0,30.01,608.0,0.0,0.0,308.0,0.0,0.0,0.0,0.0,0.0,0.0,0.0,0.0,0.0,0.0,0.0,0.0,0.0,0.0,0.0,0.0,0.0,0.0,0.0,0.0,0.0,0.0,0.0,0.0,0.0,19.0,0.0,0.0,30.1,0.0,0.0,0.0,0.0,0.0,0.0,10.6,0.0,0.0,-0.7,37.3,32.4,0.0,0.0,0.0,0.0,19.0,19.0,19.0,19.0,19.0,19.0,19.0,19.0,0.0,0.0,-94.0,114.6,0.0,0.0,-25.0,4.998,0.0,0.0,2.003,1.716,0.0,18.7,0.0,0.0,0.0,,0.0,64.4,66.2,0.0,0.0,0.0,0.0,66.2,66.2,66.2,66.2,66.2,66.2,66.2,66.2,0.0,0.0,65.66,0.0,66.2,1.7999999999999972,1.259999999999991,0.0,0.9276666666666666,0.0,0.48,0.48,343.4,True,2026-08-14 08:27:13-07:00
46.06,1,10,2026-08-14 15:27:53,37.08166,-121.59961,335.0,0.1,169.2,-12.6,0.0,,0.0,0.0,0.0,10.5,-2.1,16.1,0.0,162.0,0.0,-0.04,1.0,99.0,-92.0,18.0,0.0,30.01,608.0,0.0,0.0,308.0,0.0,0.0,0.0,0.0,0.0,0.0,0.0,0.0,0.0,0.0,0.0,0.0,0.0,0.0,0.0,0.0,0.0,0.0,0.0,0.0,0.0,0.0,0.0,0.0,0.0,19.0,0.0,0.0,30.1,0.0,0.0,0.0,0.0,0.0,0.0,10.6,0.0,0.0,-0.7,37.3,32.4,0.0,0.0,0.0,0.0,19.0,19.0,19.0,19.0,19.0,19.0,19.0,19.0,0.0,0.0,-94.0,89.3,0.0,0.0,-25.0,4.998,0.0,0.0,2.003,1.715,0.0,18.7,0.0,0.0,0.0,,0.0,64.4,66.2,0.0,0.0,0.0,0.0,66.2,66.2,66.2,66.2,66.2,66.2,66.2,66.2,0.0,0.0,65.66,0.0,66.2,1.7999999999999972,1.259999999999991,0.0,1.0963333333333334,0.0,0.48,0.48,343.4,True,2026-08-14 08:27:13-07:00
47.06,1,10,2026-08-14 15:27:54,37.08166,-121.59961,335.0,0.0,169.2,-12.6,0.0,,0.0,0.0,0.0,10.5,-2.0,16.0,0.0,162.0,0.0,-0.04,1.0,99.0,-68.0,18.0,0.0,30.01,608.0,0.0,0.0,308.0,0.0,0.0,0.0,0.0,0.0,0.0,0.0,0.0,0.0,0.0,0.0,0.0,0.0,0.0,0.0,0.0,0.0,0.0,0.0,0.0,0.0,0.0,0.0,0.0,0.0,19.0,0.0,0.0,30.1,0.0,0.0,0.0,0.0,0.0,0.0,10.6,0.0,0.0,-0.7,37.3,32.4,0.0,0.0,0.0,0.0,19.0,19.0,19.0,19.0,19.0,19.0,19.0,19.0,0.0,0.0,-94.0,69.6,0.0,0.0,-25.0,4.998,0.0,0.0,2.003,1.716,0.0,18.7,0.0,0.0,0.0,,0.0,64.4,66.2,0.0,0.0,0.0,0.0,66.2,66.2,66.2,66.2,66.2,66.2,66.2,66.2,0.0,0.0,65.66,0.0,66.2,1.7999999999999972,1.259999999999991,0.0,1.1806666666666665,0.0,0.48,0.48,343.4,True,2026-08-14 08:27:13-07:00
48.06,1,10,2026-08-14 15:27:55,37.08166,-121.59961,335.0,0.0,169.2,-12.6,0.0,,0.0,0.0,0.0,10.5,-2.1,16.0,0.0,162.0,0.0,-0.04,1.0,99.0,-44.0,18.0,0.0,30.01,605.0,0.0,0.0,308.0,0.0,0.0,0.0,0.0,0.0,0.0,0.0,0.0,0.0,0.0,0.0,0.0,0.0,0.0,0.0,0.0,0.0,0.0,0.0,0.0,0.0,0.0,0.0,0.0,0.0,19.0,0.0,0.0,30.1,0.0,0.0,0.0,0.0,0.0,0.0,10.6,0.0,0.0,-0.7,37.3,32.4,0.0,0.0,0.0,0.0,19.0,19.0,19.0,19.0,19.0,19.0,19.0,19.0,0.0,0.0,-94.0,54.3,0.0,0.0,-25.0,4.998,0.0,0.0,2.003,1.716,0.0,18.7,0.0,0.0,0.0,,0.0,64.4,66.2,0.0,0.0,0.0,0.0,66.2,66.2,66.2,66.2,66.2,66.2,66.2,66.2,0.0,0.0,65.66,0.0,66.2,1.7999999999999972,1.259999999999991,0.0,1.1806666666666665,0.0,0.48,0.48,343.4,True,2026-08-14 08:27:13-07:00
49.06,1,10,2026-08-14 15:27:56,37.08166,-121.59961,335.0,0.0,169.2,-12.6,0.0,,0.0,0.0,0.0,10.5,-2.1,16.0,0.0,161.0,0.0,-0.04,1.0,99.0,-51.0,18.0,0.0,30.01,605.0,0.0,0.0,308.0,0.0,0.0,0.0,0.0,0.0,0.0,0.0,0.0,0.0,0.0,0.0,0.0,0.0,0.0,0.0,0.0,0.0,0.0,0.0,0.0,0.0,0.0,0.0,0.0,0.0,19.0,0.0,0.0,30.1,0.0,0.0,0.0,0.0,0.0,0.0,10.6,0.0,0.0,-0.7,37.3,32.4,0.0,0.0,0.0,0.0,19.0,19.0,19.0,19.0,19.0,19.0,19.0,19.0,0.0,0.0,-94.0,42.4,0.0,0.0,-25.0,4.998,0.0,0.0,2.003,1.715,0.0,18.7,0.0,0.0,0.0,,0.0,64.4,66.2,0.0,0.0,0.0,0.0,66.2,66.2,66.2,66.2,66.2,66.2,66.2,66.2,0.0,0.0,65.66,0.0,66.2,1.7999999999999972,1.259999999999991,0.0,1.1806666666666665,0.0,0.48,0.48,343.4,True,2026-08-14 08:27:13-07:00
50.06,1,10,2026-08-14 15:27:57,37.08166,-121.59961,335.0,0.0,169.2,-12.6,0.0,,0.0,0.0,0.0,10.5,-2.1,16.0,0.0,159.0,0.0,-0.04,1.0,99.0,-72.0,18.0,0.0,30.01,605.0,0.0,0.0,308.0,0.0,0.0,0.0,0.0,0.0,0.0,0.0,0.0,0.0,0.0,0.0,0.0,0.0,0.0,0.0,0.0,0.0,0.0,0.0,0.0,0.0,0.0,0.0,0.0,0.0,19.0,0.0,0.0,30.1,0.0,0.0,0.0,0.0,0.0,0.0,10.6,0.0,0.0,-0.7,37.3,32.4,0.0,0.0,0.0,0.0,19.0,19.0,19.0,19.0,19.0,19.0,19.0,19.0,0.0,0.0,-94.0,33.2,0.0,0.0,-25.0,4.998,0.0,0.0,2.003,1.716,0.0,18.7,0.0,0.0,0.0,,0.0,64.4,66.2,0.0,0.0,0.0,0.0,66.2,66.2,66.2,66.2,66.2,66.2,66.2,66.2,0.0,0.0,65.66,0.0,66.2,1.7999999999999972,1.259999999999991,0.0,1.1806666666666665,0.0,0.48,0.48,343.4,True,2026-08-14 08:27:13-07:00
51.06,1,10,2026-08-14 15:27:58,37.08166,-121.59961,335.0,0.0,169.2,-12.6,0.0,,0.0,0.0,0.0,10.5,-2.1,16.0,0.0,158.0,0.0,-0.04,1.0,99.0,-58.0,18.0,0.0,30.01,601.0,0.0,0.0,308.0,0.0,0.0,0.0,0.0,0.0,0.0,0.0,0.0,0.0,0.0,0.0,0.0,0.0,0.0,0.0,0.0,0.0,0.0,0.0,0.0,0.0,0.0,0.0,0.0,0.0,19.0,0.0,0.0,30.1,0.0,0.0,0.0,0.0,0.0,0.0,10.6,0.0,0.0,-0.7,37.3,32.4,0.0,0.0,0.0,0.0,19.0,19.0,19.0,19.0,19.0,19.0,19.0,19.0,0.0,0.0,-94.0,26.0,0.0,0.0,-25.0,4.998,0.0,0.0,2.003,1.715,0.0,18.7,0.0,0.0,0.0,,0.0,64.4,66.2,0.0,0.0,0.0,0.0,66.2,66.2,66.2,66.2,66.2,66.2,66.2,66.2,0.0,0.0,65.66,0.0,66.2,1.7999999999999972,1.259999999999991,0.0,1.1806666666666665,0.0,0.48,0.48,343.4,True,2026-08-14 08:27:13-07:00
52.06,1,10,2026-08-14 15:27:59,37.08166,-121.59961,336.0,0.0,169.2,-12.6,0.0,,0.0,0.0,0.0,10.5,-2.0,16.0,0.0,158.0,0.1,-0.04,1.0,99.0,-49.0,18.0,0.0,30.01,601.0,0.0,0.0,308.0,0.0,0.0,0.0,0.0,0.0,0.0,0.0,0.0,0.0,0.0,0.0,0.0,0.0,0.0,0.0,0.0,0.0,0.0,0.0,0.0,0.0,0.0,0.0,0.0,0.0,19.0,0.0,0.0,30.1,0.0,0.0,0.0,0.0,0.0,0.0,10.6,0.0,0.0,-0.7,37.3,32.4,0.0,0.0,0.0,0.0,19.0,19.0,19.0,19.0,19.0,19.0,19.0,19.0,0.0,0.0,-95.0,20.4,0.0,0.0,-25.0,4.998,0.0,0.0,2.003,1.715,0.0,18.7,0.0,0.0,0.0,,0.0,64.4,66.2,0.0,0.0,0.0,0.0,66.2,66.2,66.2,66.2,66.2,66.2,66.2,66.2,0.0,0.0,65.66,0.0,66.2,1.7999999999999972,1.259999999999991,0.0,1.1806666666666665,0.0,0.48,0.48,343.4,True,2026-08-14 08:27:13-07:00
53.06,1,10,2026-08-14 15:28:00,37.08166,-121.59961,336.0,0.0,169.2,-12.6,0.0,,0.0,0.0,0.0,10.5,-2.0,16.1,0.0,157.0,0.1,-0.04,1.0,99.0,-52.0,18.0,0.0,30.01,601.0,0.0,0.0,308.0,0.0,0.0,0.0,0.0,0.0,0.0,0.0,0.0,0.0,0.0,0.0,0.0,0.0,0.0,0.0,0.0,0.0,0.0,0.0,0.0,0.0,0.0,0.0,0.0,0.0,19.0,0.0,0.0,30.1,0.0,0.0,0.0,26.0,0.0,0.0,10.6,0.0,0.0,-0.6,37.3,32.4,0.0,0.0,0.0,0.0,19.0,19.0,19.0,19.0,19.0,19.0,19.0,19.0,0.0,0.0,-95.0,16.1,0.0,26.0,-25.0,4.998,0.0,0.0,2.003,1.715,0.0,18.7,0.0,0.0,0.0,,0.0,64.4,66.2,0.0,0.0,0.0,0.0,66.2,66.2,66.2,66.2,66.2,66.2,66.2,66.2,0.0,0.0,65.66,0.0,66.2,1.7999999999999972,1.259999999999991,0.0,1.1806666666666665,0.0,0.48,0.48,343.4,True,2026-08-14 08:27:13-07:00
54.06,1,10,2026-08-14 15:28:01,37.08165,-121.59961,335.0,0.0,169.2,-12.6,0.0,,0.0,0.0,0.0,10.5,-2.1,16.0,0.0,156.0,0.0,-0.04,1.0,99.0,-58.0,19.0,0.0,30.01,599.0,0.0,0.0,308.0,0.0,0.0,0.0,0.0,0.0,0.0,0.0,0.0,0.0,0.0,0.0,0.0,0.0,0.0,0.0,0.0,0.0,0.0,0.0,0.0,0.0,0.0,0.0,0.0,0.0,19.0,0.0,0.0,30.1,0.0,0.0,0.0,31.6,0.0,0.0,10.6,0.0,0.0,-0.6,37.3,32.4,0.0,0.0,0.0,0.0,19.0,19.0,19.0,19.0,19.0,19.0,19.0,19.0,0.0,0.0,-95.0,12.7,0.0,31.6,-25.0,4.998,0.0,0.0,2.003,1.716,0.0,18.7,0.0,0.0,0.0,,0.0,66.2,66.2,0.0,0.0,0.0,0.0,66.2,66.2,66.2,66.2,66.2,66.2,66.2,66.2,0.0,0.0,65.66,0.0,66.2,0.0,-0.5400000000000063,0.0,1.1806666666666665,0.0,0.48,0.48,343.4,True,2026-08-14 08:27:13-07:00
55.06,1,10,2026-08-14 15:28:02,37.08165,-121.59961,335.0,0.0,169.2,-12.6,0.0,,0.0,0.0,0.0,10.5,-2.1,16.0,0.0,156.0,0.1,-0.04,1.0,99.0,-49.0,19.0,0.0,30.01,599.0,0.0,0.0,308.0,0.0,0.0,0.0,0.0,0.0,0.0,0.0,0.0,0.0,0.0,0.0,0.0,0.0,0.0,0.0,0.0,0.0,0.0,0.0,0.0,0.0,0.0,0.0,0.0,0.0,19.0,0.0,0.0,30.1,0.0,0.0,0.0,32.1,0.0,0.0,10.6,0.0,0.0,-0.6,37.3,32.4,0.0,0.0,0.0,0.0,19.0,19.0,19.0,19.0,19.0,19.0,19.0,19.0,0.0,0.0,-95.0,10.1,0.0,32.1,-25.0,4.998,0.0,0.0,2.003,1.716,0.0,18.7,0.0,0.0,0.0,,0.0,66.2,66.2,0.0,0.0,0.0,0.0,66.2,66.2,66.2,66.2,66.2,66.2,66.2,66.2,0.0,0.0,65.66,0.0,66.2,0.0,-0.5400000000000063,0.0,1.1806666666666665,0.0,0.48,0.48,343.4,True,2026-08-14 08:27:13-07:00
56.06,1,10,2026-08-14 15:28:03,37.08165,-121.59961,335.0,0.0,169.2,-12.6,0.0,,0.0,0.0,0.0,10.5,-2.1,16.0,0.0,156.0,0.1,-0.04,1.0,99.0,-30.0,18.0,0.0,30.01,599.0,0.0,0.0,308.0,0.0,0.0,0.0,0.0,0.0,0.0,0.0,0.0,0.0,0.0,0.0,0.0,0.0,0.0,0.0,0.0,0.0,0.0,0.0,0.0,0.0,0.0,0.0,0.0,0.0,19.0,0.0,0.0,30.1,0.3,0.0,0.3,32.2,0.0,0.0,10.6,0.0,0.0,-0.6,37.3,32.4,0.0,0.0,0.0,0.0,19.0,19.0,19.0,19.0,19.0,19.0,19.0,19.0,0.0,0.0,-94.0,8.1,0.0,32.2,-25.0,4.998,0.0,0.0,2.003,1.716,0.0,18.7,0.0,0.0,0.0,,0.0,64.4,66.2,0.0,0.0,0.0,0.0,66.2,66.2,66.2,66.2,66.2,66.2,66.2,66.2,0.0,0.0,65.66,0.0,66.2,1.7999999999999972,1.259999999999991,4.1666666666666665e-05,1.1806666666666665,0.0,0.48,0.48,343.4,True,2026-08-14 08:27:13-07:00
57.06,1,10,2026-08-14 15:28:04,37.08165,-121.59961,335.0,0.0,169.2,-12.6,0.0,,0.0,0.0,0.0,10.5,-2.1,16.0,0.0,155.0,0.1,-0.04,1.0,99.0,-36.0,18.0,0.0,30.01,597.0,0.0,0.0,308.0,0.0,0.0,0.0,0.0,0.0,0.0,0.0,0.0,0.0,0.0,0.0,0.0,0.0,0.0,0.0,0.0,0.0,0.0,0.0,0.0,0.0,0.0,0.0,0.0,0.0,19.0,0.0,0.0,30.1,1.1,0.0,1.1,31.9,0.0,0.0,10.6,0.0,0.0,-0.5,37.3,32.4,0.0,0.0,0.0,0.0,19.0,19.0,19.0,19.0,19.0,19.0,19.0,19.0,0.0,0.0,-94.0,6.5,0.0,31.9,-25.0,4.998,0.0,0.0,2.003,1.715,0.0,18.7,0.0,0.0,0.0,,0.0,64.4,66.2,0.0,0.0,0.0,0.0,66.2,66.2,66.2,66.2,66.2,66.2,66.2,66.2,0.0,0.0,65.66,0.0,66.2,1.7999999999999972,1.259999999999991,0.00023611111111111112,1.1806666666666665,0.0,0.48,0.48,343.4,True,2026-08-14 08:27:13-07:00
58.06,1,10,2026-08-14 15:28:05,37.08165,-121.59961,336.0,0.0,169.2,-12.6,0.0,,0.0,0.0,0.0,10.5,-2.1,16.0,0.0,155.0,0.1,-0.04,1.0,99.0,18.0,18.0,0.0,30.01,598.0,0.0,0.0,308.0,0.0,0.0,0.0,0.0,0.0,0.0,0.0,0.0,0.0,0.0,0.0,0.0,0.0,0.0,0.0,0.0,0.0,0.0,0.0,0.0,0.0,0.0,0.0,0.0,0.0,19.0,0.0,0.0,30.1,1.7,0.0,1.7,31.9,0.0,0.0,10.6,0.0,0.0,-0.5,37.3,32.4,0.0,0.0,0.0,0.0,19.0,19.0,19.0,19.0,19.0,19.0,19.0,19.0,0.0,0.0,-94.0,5.3,0.0,31.9,-25.0,4.998,0.0,0.0,2.003,1.715,0.0,18.7,0.0,0.0,0.0,,0.0,64.4,66.2,0.0,0.0,0.0,0.0,66.2,66.2,66.2,66.2,66.2,66.2,66.2,66.2,0.0,0.0,65.66,0.0,66.2,1.7999999999999972,1.259999999999991,0.000625,1.1806666666666665,0.0,0.48,0.48,343.4,True,2026-08-14 08:27:13-07:00
59.06,1,10,2026-08-14 15:28:06,37.08165,-121.59961,336.0,0.0,169.2,-12.6,0.0,,0.0,0.0,0.0,10.5,-2.1,16.0,0.0,155.0,0.1,-0.04,1.0,99.0,56.0,18.0,0.0,30.01,598.0,0.0,0.0,308.0,0.0,0.0,0.0,0.0,0.0,0.0,0.0,0.0,0.0,0.0,0.0,0.0,0.0,0.0,0.0,0.0,0.0,0.0,0.0,0.0,0.0,0.0,0.0,0.0,0.0,19.0,0.0,0.0,30.1,2.2,0.0,2.2,31.9,0.0,0.0,10.6,0.0,0.0,-0.5,37.3,32.4,0.0,0.0,0.0,0.0,19.0,19.0,19.0,19.0,19.0,19.0,19.0,19.0,0.0,0.0,-94.0,4.3,0.0,31.9,-25.0,4.998,0.0,0.0,2.003,1.716,0.0,18.7,0.0,0.0,0.0,,0.0,64.4,66.2,0.0,0.0,0.0,0.0,66.2,66.2,66.2,66.2,66.2,66.2,66.2,66.2,0.0,0.0,65.66,0.0,66.2,1.7999999999999972,1.259999999999991,0.0011666666666666665,1.1806666666666665,0.0,0.48,0.48,343.4,True,2026-08-14 08:27:13-07:00
60.06,1,10,2026-08-14 15:28:07,37.08165,-121.59961,336.0,0.0,169.2,-12.6,0.0,,0.0,0.0,0.0,10.5,-2.1,16.0,0.0,155.0,0.1,-0.04,1.0,99.0,22.0,18.0,0.0,30.01,598.0,0.0,0.0,308.0,0.0,0.0,0.0,0.0,0.0,0.0,0.0,0.0,0.0,0.0,0.0,0.0,0.0,0.0,0.0,0.0,0.0,0.0,0.0,0.0,0.0,0.0,0.0,0.0,0.0,19.0,0.0,0.0,30.1,2.5,0.0,2.5,31.9,0.0,0.0,10.6,0.0,0.0,-0.5,37.3,32.4,0.0,0.0,0.0,0.0,19.0,19.0,19.0,19.0,19.0,19.0,19.0,19.0,0.0,0.0,-94.0,3.6,0.0,31.9,-25.0,4.998,0.0,0.0,2.003,1.716,0.0,18.7,0.0,0.0,0.0,,0.0,64.4,66.2,0.0,0.0,0.0,0.0,66.2,66.2,66.2,66.2,66.2,66.2,66.2,66.2,0.0,0.0,65.66,0.0,66.2,1.7999999999999972,1.259999999999991,0.0018194444444444445,1.1806666666666665,0.0,0.48,0.48,343.4,True,2026-08-14 08:27:13-07:00
61.06,1,10,2026-08-14 15:28:08,37.08165,-121.5996,336.0,0.0,169.2,-12.6,0.0,,0.0,0.0,0.0,10.5,-2.1,15.9,0.0,155.0,0.0,-0.04,1.0,99.0,-4.0,18.0,0.0,30.01,598.0,0.0,0.0,308.0,0.0,0.0,0.0,0.0,0.0,0.0,0.0,0.0,0.0,0.0,0.0,0.0,0.0,0.0,0.0,0.0,0.0,0.0,0.0,0.0,0.0,0.0,0.0,0.0,0.0,19.0,0.0,0.0,30.1,2.6,0.0,2.6,33.5,0.0,0.0,10.5,0.0,0.0,-0.5,37.3,32.4,0.0,0.0,0.0,0.0,19.0,19.0,19.0,19.0,19.0,19.0,19.0,19.0,0.0,0.0,-94.0,3.0,0.0,33.5,-25.0,4.998,0.0,0.0,2.003,1.715,0.0,18.7,0.0,0.0,0.0,,0.0,64.4,66.2,0.0,0.0,0.0,0.0,66.2,66.2,66.2,66.2,66.2,66.2,66.2,66.2,0.0,0.0,65.66,0.0,66.2,1.7999999999999972,1.259999999999991,0.002527777777777778,1.1806666666666665,0.0,0.48,0.48,343.4,True,2026-08-14 08:27:13-07:00
62.06,1,10,2026-08-14 15:28:09,37.08165,-121.5996,335.0,0.0,169.2,-12.6,0.0,,0.0,0.0,0.0,10.5,-2.1,15.9,0.0,155.0,0.1,-0.04,1.0,99.0,1.0,19.0,0.0,30.01,598.0,0.0,0.0,308.0,0.0,0.0,0.0,0.0,0.0,0.0,0.0,0.0,0.0,0.0,0.0,0.0,0.0,0.0,0.0,0.0,0.0,0.0,0.0,0.0,0.0,0.0,0.0,0.0,0.0,19.0,0.0,0.0,30.1,2.0,0.0,2.0,32.3,0.0,0.0,10.5,0.0,0.0,-0.6,37.3,32.4,0.0,0.0,0.0,0.0,19.0,19.0,19.0,19.0,19.0,19.0,19.0,19.0,0.0,0.0,-94.0,2.6,0.0,32.3,-25.0,4.998,0.0,0.0,2.003,1.716,0.0,18.7,0.0,0.0,0.0,,0.0,66.2,66.2,0.0,0.0,0.0,0.0,66.2,66.2,66.2,66.2,66.2,66.2,66.2,66.2,0.0,0.0,65.66,0.0,66.2,0.0,-0.5400000000000063,0.0031666666666666666,1.1806666666666665,0.0,0.48,0.48,343.4,True,2026-08-14 08:27:13-07:00
63.06,1,10,2026-08-14 15:28:10,37.08165,-121.5996,335.0,0.0,169.2,-12.6,0.0,,0.0,0.0,0.0,10.5,-2.1,15.9,0.0,155.0,0.0,-0.04,1.0,99.0,-12.0,18.0,0.0,30.01,598.0,0.0,0.0,308.0,0.0,0.0,0.0,0.0,0.0,0.0,0.0,0.0,0.0,0.0,0.0,0.0,0.0,0.0,0.0,0.0,0.0,0.0,0.0,0.0,0.0,0.0,0.0,0.0,0.0,19.0,0.0,0.0,30.1,2.0,0.0,2.0,31.9,0.0,0.0,10.5,0.0,0.0,-0.6,37.3,32.4,0.0,0.0,0.0,0.0,19.0,19.0,19.0,19.0,19.0,19.0,19.0,19.0,0.0,0.0,-94.0,2.2,0.0,31.9,-25.0,4.998,0.0,0.0,2.003,1.715,0.0,18.7,0.0,0.0,0.0,,0.0,64.4,66.2,0.0,0.0,0.0,0.0,66.2,66.2,66.2,66.2,66.2,66.2,66.2,66.2,0.0,0.0,65.66,0.0,66.2,1.7999999999999972,1.259999999999991,0.0037222222222222223,1.1806666666666665,0.0,0.48,0.48,343.4,True,2026-08-14 08:27:13-07:00
64.06,1,10,2026-08-14 15:28:11,37.08164,-121.5996,335.0,0.1,169.2,-12.6,0.0,,0.0,0.0,0.0,10.5,-2.1,15.9,0.0,155.0,0.0,-0.04,1.0,99.0,-18.0,18.0,0.0,30.01,607.0,0.0,0.0,308.0,0.0,0.0,0.0,0.0,0.0,0.0,0.0,0.0,0.0,0.0,0.0,0.0,0.0,0.0,0.0,0.0,0.0,0.0,0.0,0.0,0.0,0.0,0.0,0.0,0.0,19.0,0.0,0.0,30.1,2.0,0.0,2.0,31.6,0.0,0.0,10.5,0.0,0.0,-0.6,37.3,32.4,0.0,0.0,0.0,0.0,20.0,19.0,20.0,19.0,20.0,19.0,20.0,19.0,0.0,0.0,-94.0,1.9,0.0,31.6,-25.0,4.998,0.0,0.0,2.003,1.715,0.0,18.7,0.0,0.0,0.0,,0.0,64.4,66.2,0.0,0.0,0.0,0.0,68.0,66.2,68.0,66.2,68.0,66.2,68.0,66.2,0.0,0.0,65.66,0.0,68.0,3.5999999999999943,1.259999999999991,0.004277777777777778,1.265,0.05,0.48,0.48,343.4,True,2026-08-14 08:27:13-07:00
65.06,1,10,2026-08-14 15:28:12,37.08164,-121.5996,335.0,0.0,169.2,-12.6,0.0,,0.0,0.0,0.0,10.5,-2.1,15.9,0.0,155.0,0.0,-0.04,1.0,99.0,-4.0,19.0,0.0,30.01,607.0,0.0,0.0,308.0,0.0,0.0,0.0,0.0,0.0,0.0,0.0,0.0,0.0,0.0,0.0,0.0,0.0,0.0,0.0,0.0,0.0,0.0,0.0,0.0,0.0,0.0,0.0,0.0,0.0,19.0,0.0,0.0,30.1,0.0,0.0,0.0,31.4,0.0,0.0,10.5,0.0,0.0,-0.7,37.3,32.4,0.0,0.0,0.0,0.0,19.0,19.0,19.0,19.0,19.0,19.0,19.0,19.0,0.0,0.0,-94.0,1.7,0.0,31.4,-25.0,4.998,0.0,0.0,2.003,1.715,0.0,18.7,0.0,0.0,0.0,,0.0,66.2,66.2,0.0,0.0,0.0,0.0,66.2,66.2,66.2,66.2,66.2,66.2,66.2,66.2,0.0,0.0,65.66,0.0,66.2,0.0,-0.5400000000000063,0.004555555555555556,1.3493333333333333,0.0,0.48,0.48,343.4,True,2026-08-14 08:27:13-07:00
66.06,1,10,2026-08-14 15:28:13,37.08162,-121.5996,344.0,0.0,169.2,-12.6,0.0,,0.0,0.0,0.0,10.5,-2.1,15.9,0.0,155.0,0.0,-0.04,1.0,99.0,5.0,19.0,0.0,30.01,607.0,0.0,0.0,308.0,0.0,0.0,0.0,0.0,0.0,0.0,0.0,0.0,0.0,0.0,0.0,0.0,0.0,0.0,0.0,0.0,0.0,0.0,0.0,0.0,0.0,0.0,0.0,0.0,0.0,19.0,0.0,0.0,30.1,0.0,0.0,0.0,31.2,0.0,0.0,10.5,0.0,0.0,-0.7,37.3,32.4,0.0,0.0,0.0,0.0,20.0,19.0,20.0,19.0,20.0,19.0,20.0,19.0,0.0,0.0,-94.0,1.6,0.0,31.2,-25.0,4.998,0.0,0.0,2.003,1.715,0.0,18.7,0.0,0.0,0.0,,0.0,66.2,66.2,0.0,0.0,0.0,0.0,68.0,66.2,68.0,66.2,68.0,66.2,68.0,66.2,0.0,0.0,65.66,0.0,68.0,1.7999999999999972,-0.5400000000000063,0.004555555555555556,1.3493333333333333,0.0,0.48,0.48,343.4,True,2026-08-14 08:27:13-07:00
67.06,1,10,2026-08-14 15:28:14,37.08161,-121.59959,336.0,0.0,169.2,-12.6,0.0,,0.0,0.0,0.0,10.4,-2.1,16.0,0.0,155.0,0.0,-0.04,1.0,99.0,28.0,19.0,0.0,30.01,598.0,0.0,0.0,308.0,0.0,0.0,0.0,0.0,0.0,0.0,0.0,0.0,0.0,0.0,0.0,0.0,0.0,0.0,0.0,0.0,0.0,0.0,0.0,0.0,0.0,0.0,0.0,0.0,0.0,19.0,0.0,0.0,30.1,0.0,0.0,0.0,31.0,0.0,0.0,10.5,0.0,0.0,-0.7,37.3,32.4,0.0,0.0,0.0,0.0,20.0,19.0,20.0,19.0,20.0,19.0,20.0,19.0,0.0,0.0,-94.0,1.4,0.0,31.0,-25.0,4.998,0.0,0.0,2.003,1.715,0.0,18.7,0.0,0.0,0.0,,0.0,66.2,66.2,0.0,0.0,0.0,0.0,68.0,66.2,68.0,66.2,68.0,66.2,68.0,66.2,0.0,0.0,65.66,0.0,68.0,1.7999999999999972,-0.5400000000000063,0.004555555555555556,1.3493333333333333,0.0,0.48,0.48,343.4,True,2026-08-14 08:27:13-07:00
68.06,1,10,2026-08-14 15:28:15,37.08161,-121.59959,336.0,0.0,169.2,-12.6,0.0,,0.0,0.0,0.0,10.5,-2.1,16.0,0.0,155.0,0.1,-0.04,1.0,99.0,17.0,19.0,0.0,30.01,598.0,0.0,0.0,308.0,0.0,0.0,0.0,0.0,0.0,0.0,0.0,0.0,0.0,0.0,0.0,0.0,0.0,0.0,0.0,0.0,0.0,0.0,0.0,0.0,0.0,0.0,0.0,0.0,0.0,19.0,0.0,0.0,30.1,0.0,0.0,0.0,30.8,0.0,0.0,10.5,0.0,0.0,-0.7,37.3,32.4,0.0,0.0,0.0,0.0,20.0,19.0,20.0,19.0,20.0,19.0,20.0,19.0,0.0,0.0,-94.0,1.3,0.0,30.8,-25.0,4.998,0.0,0.0,2.003,1.715,0.0,18.7,0.0,0.0,0.0,,0.0,66.2,66.2,0.0,0.0,0.0,0.0,68.0,66.2,68.0,66.2,68.0,66.2,68.0,66.2,0.0,0.0,65.66,0.0,68.0,1.7999999999999972,-0.5400000000000063,0.004555555555555556,1.3493333333333333,0.0,0.48,0.48,343.4,True,2026-08-14 08:27:13-07:00
69.06,1,10,2026-08-14 15:28:16,37.08161,-121.59959,335.0,0.0,169.2,-12.6,0.13,KTCY,37.2,11.7,0.0,10.5,-2.1,16.0,0.0,155.0,0.0,-0.04,1.0,99.0,8.0,19.0,0.0,30.01,598.0,0.0,0.0,308.0,0.0,0.0,0.0,359.0,0.0,0.0,5.0,3.0,0.0,0.0,0.0,0.0,0.0,0.0,0.0,0.0,0.0,0.0,0.0,0.0,0.0,0.0,0.0,0.0,0.0,19.0,0.0,0.0,30.1,0.0,0.0,0.0,30.7,0.0,0.0,10.5,0.0,0.0,-0.7,37.3,32.4,0.0,0.0,0.0,0.0,20.0,19.0,20.0,19.0,20.0,19.0,20.0,19.0,0.0,0.0,-94.0,1.3,0.0,30.7,-25.0,4.998,0.0,0.0,2.003,1.715,0.0,18.7,0.0,0.0,0.0,,0.0,66.2,66.2,0.0,0.0,0.0,0.0,68.0,66.2,68.0,66.2,68.0,66.2,68.0,66.2,0.0,0.0,65.66,0.0,68.0,1.7999999999999972,-0.5400000000000063,0.004555555555555556,1.3493333333333333,0.0,0.48,0.48,343.4,True,2026-08-14 08:27:13-07:00
70.06,1,10,2026-08-14 15:28:17,37.08161,-121.59959,334.0,0.0,169.2,-12.6,0.13,KTCY,37.2,11.7,0.0,10.5,-2.1,16.0,0.0,155.0,0.1,-0.04,1.0,99.0,6.0,19.0,0.0,30.01,607.0,0.0,0.0,308.0,0.0,0.0,0.0,359.0,0.0,0.0,5.0,3.0,0.0,0.0,0.0,0.0,0.0,0.0,0.0,0.0,0.0,0.0,0.0,0.0,0.0,0.0,0.0,0.0,0.0,19.0,0.0,0.0,30.1,0.0,0.0,0.0,30.5,0.0,0.0,10.5,0.0,0.0,-0.7,37.3,32.4,0.0,0.0,0.0,0.0,20.0,19.0,20.0,19.0,20.0,19.0,20.0,19.0,0.0,0.0,-94.0,1.2,0.0,30.5,-25.0,4.998,0.0,0.0,2.003,1.715,0.0,18.7,0.0,0.0,0.0,,0.0,66.2,66.2,0.0,0.0,0.0,0.0,68.0,66.2,68.0,66.2,68.0,66.2,68.0,66.2,0.0,0.0,65.66,0.0,68.0,1.7999999999999972,-0.5400000000000063,0.004555555555555556,1.3493333333333333,0.0,0.48,0.48,343.4,True,2026-08-14 08:27:13-07:00
71.06,1,10,2026-08-14 15:28:18,37.08161,-121.59959,334.0,0.1,169.2,-12.6,0.13,KTCY,37.2,11.7,0.0,10.5,-2.1,16.0,0.0,155.0,0.1,-0.04,1.0,99.0,22.0,19.0,0.0,30.01,607.0,0.0,0.0,308.0,0.0,0.0,0.0,359.0,0.0,0.0,5.0,3.0,0.0,0.0,0.0,0.0,0.0,0.0,0.0,0.0,0.0,0.0,0.0,0.0,0.0,0.0,0.0,0.0,0.0,19.0,0.0,0.0,30.1,0.0,0.0,0.0,30.3,0.0,0.0,10.5,0.0,0.0,-0.7,37.3,32.4,0.0,0.0,0.0,0.0,20.0,19.0,20.0,19.0,20.0,19.0,20.0,19.0,0.0,0.0,-94.0,1.1,0.0,30.3,-25.0,4.998,0.0,0.0,2.003,1.715,0.0,18.7,0.0,0.0,0.0,,0.0,66.2,66.2,0.0,0.0,0.0,0.0,68.0,66.2,68.0,66.2,68.0,66.2,68.0,66.2,0.0,0.0,65.66,0.0,68.0,1.7999999999999972,-0.5400000000000063,0.004555555555555556,1.4336666666666666,0.0,0.48,0.48,343.4,True,2026-08-14 08:27:13-07:00
72.06,1,10,2026-08-14 15:28:19,37.08161,-121.59959,333.0,0.0,169.2,-12.6,0.13,KTCY,37.2,11.7,0.0,10.5,-2.1,16.0,0.0,155.0,0.1,-0.04,1.0,99.0,8.0,19.0,0.0,30.01,607.0,0.0,0.0,308.0,0.0,0.0,0.0,359.0,0.0,0.0,5.0,3.0,0.0,0.0,0.0,0.0,0.0,0.0,0.0,0.0,0.0,0.0,0.0,0.0,0.0,0.0,0.0,0.0,0.0,19.0,0.0,0.0,30.1,0.0,0.0,0.0,30.2,0.0,0.0,10.5,0.0,0.0,-0.7,37.3,32.4,0.0,0.0,0.0,0.0,20.0,19.0,20.0,19.0,20.0,19.0,20.0,19.0,0.0,0.0,-94.0,1.1,0.0,30.2,-25.0,4.998,0.0,0.0,2.003,1.715,0.0,18.7,0.0,0.0,0.0,,0.0,66.2,66.2,0.0,0.0,0.0,0.0,68.0,66.2,68.0,66.2,68.0,66.2,68.0,66.2,0.0,0.0,65.66,0.0,68.0,1.7999999999999972,-0.5400000000000063,0.004555555555555556,1.518,0.0,0.48,0.48,343.4,True,2026-08-14 08:27:13-07:00
73.06,1,10,2026-08-14 15:28:20,37.08161,-121.59959,333.0,0.0,169.2,-12.6,0.13,KTCY,37.2,11.7,0.0,10.5,-2.1,16.0,0.0,155.0,0.1,-0.04,1.0,99.0,5.0,19.0,0.0,30.01,608.0,0.0,0.0,308.0,0.0,0.0,0.0,359.0,0.0,0.0,5.0,3.0,0.0,0.0,0.0,0.0,0.0,0.0,0.0,0.0,0.0,0.0,0.0,0.0,0.0,0.0,0.0,0.0,0.0,19.0,0.0,0.0,30.1,0.0,0.0,0.0,30.0,0.0,0.0,10.5,0.0,0.0,-0.7,37.3,32.4,0.0,0.0,0.0,0.0,20.0,19.0,20.0,19.0,20.0,19.0,20.0,19.0,0.0,0.0,-94.0,1.1,0.0,30.0,-25.0,4.998,0.0,0.0,2.003,1.715,0.0,18.7,0.0,0.0,0.0,,0.0,66.2,66.2,0.0,0.0,0.0,0.0,68.0,66.2,68.0,66.2,68.0,66.2,68.0,66.2,0.0,0.0,65.66,0.0,68.0,1.7999999999999972,-0.5400000000000063,0.004555555555555556,1.518,0.0,0.48,0.48,343.4,True,2026-08-14 08:27:13-07:00
74.06,1,10,2026-08-14 15:28:21,37.08161,-121.59959,332.0,0.0,169.2,-12.6,0.13,KTCY,37.2,11.7,0.0,10.6,-2.1,16.0,0.0,155.0,0.0,-0.04,1.0,99.0,-13.0,19.0,0.0,30.01,607.0,0.0,0.0,308.0,0.0,0.0,0.0,359.0,0.0,0.0,5.0,3.0,0.0,0.0,0.0,0.0,0.0,0.0,0.0,0.0,0.0,0.0,0.0,0.0,0.0,0.0,0.0,0.0,0.0,19.0,0.0,0.0,30.1,0.0,0.0,0.0,29.9,0.0,0.0,10.5,0.0,0.0,-0.7,37.3,32.4,0.0,0.0,0.0,0.0,20.0,19.0,20.0,19.0,20.0,19.0,20.0,19.0,0.0,0.0,-94.0,1.0,0.0,29.9,-25.0,4.998,0.0,0.0,2.003,1.715,0.0,18.7,0.0,0.0,0.0,,0.0,66.2,66.2,0.0,0.0,0.0,0.0,68.0,66.2,68.0,66.2,68.0,66.2,68.0,66.2,0.0,0.0,65.66,0.0,68.0,1.7999999999999972,-0.5400000000000063,0.004555555555555556,1.518,0.0,0.48,0.48,343.4,True,2026-08-14 08:27:13-07:00
75.06,1,10,2026-08-14 15:28:22,37.08161,-121.59959,331.0,0.0,169.2,-12.6,0.13,KTCY,37.2,11.7,0.0,10.5,-2.1,15.9,0.0,155.0,0.0,-0.04,1.0,99.0,2.0,19.0,0.0,30.01,607.0,0.0,0.0,308.0,0.0,0.0,0.0,359.0,0.0,0.0,5.0,3.0,0.0,0.0,0.0,0.0,0.0,0.0,0.0,0.0,0.0,0.0,0.0,0.0,0.0,0.0,0.0,0.0,0.0,19.0,0.0,0.0,30.1,0.0,0.0,0.0,29.7,0.0,0.0,10.5,0.0,0.0,-0.7,37.3,32.4,0.0,0.0,0.0,0.0,20.0,19.0,20.0,19.0,20.0,19.0,20.0,19.0,0.0,0.0,-94.0,1.0,0.0,29.7,-25.0,4.998,0.0,0.0,2.003,1.715,0.0,18.7,0.0,0.0,0.0,,0.0,66.2,66.2,0.0,0.0,0.0,0.0,68.0,66.2,68.0,66.2,68.0,66.2,68.0,66.2,0.0,0.0,65.66,0.0,68.0,1.7999999999999972,-0.5400000000000063,0.004555555555555556,1.518,0.0,0.48,0.48,343.4,True,2026-08-14 08:27:13-07:00
76.06,1,10,2026-08-14 15:28:23,37.08161,-121.59959,331.0,0.0,169.2,-12.6,0.13,KTCY,37.2,11.7,0.0,10.5,-2.1,15.9,0.0,155.0,0.0,-0.04,1.0,99.0,-11.0,19.0,0.0,30.01,607.0,0.0,0.0,308.0,0.0,0.0,0.0,359.0,0.0,0.0,5.0,3.0,0.0,0.0,0.0,0.0,0.0,0.0,0.0,0.0,0.0,0.0,0.0,0.0,0.0,0.0,0.0,0.0,0.0,19.0,0.0,0.0,30.1,0.0,0.0,0.0,29.6,0.0,0.0,10.5,0.0,0.0,-0.7,37.3,32.4,0.0,0.0,0.0,0.0,20.0,19.0,20.0,19.0,20.0,19.0,20.0,19.0,0.0,0.0,-94.0,1.0,0.0,29.6,-25.0,4.998,0.0,0.0,2.003,1.715,0.0,18.7,0.0,0.0,0.0,,0.0,66.2,66.2,0.0,0.0,0.0,0.0,68.0,66.2,68.0,66.2,68.0,66.2,68.0,66.2,0.0,0.0,65.66,0.0,68.0,1.7999999999999972,-0.5400000000000063,0.004555555555555556,1.518,0.0,0.48,0.48,343.4,True,2026-08-14 08:27:13-07:00
77.06,1,10,2026-08-14 15:28:24,37.08161,-121.59959,330.0,0.0,169.2,-12.6,0.13,KTCY,37.2,11.7,0.0,10.5,-2.1,15.9,0.0,155.0,0.1,-0.04,1.0,99.0,-7.0,19.0,0.0,30.01,608.0,0.0,0.0,308.0,0.0,0.0,0.0,359.0,0.0,0.0,5.0,3.0,0.0,0.0,0.0,0.0,0.0,0.0,0.0,0.0,0.0,0.0,0.0,0.0,0.0,0.0,0.0,0.0,0.0,19.0,0.0,0.0,30.1,0.0,0.0,0.0,29.4,0.0,0.0,10.5,0.0,0.0,-0.7,37.3,32.4,0.0,0.0,0.0,0.0,20.0,19.0,20.0,20.0,20.0,19.0,20.0,20.0,0.0,0.0,-94.0,1.0,0.0,29.4,-25.0,4.998,0.0,0.0,2.003,1.715,0.0,18.7,0.0,0.0,0.0,,0.0,66.2,66.2,0.0,0.0,0.0,0.0,68.0,66.2,68.0,68.0,68.0,66.2,68.0,68.0,0.0,0.0,65.66,0.0,68.0,1.7999999999999972,-0.5400000000000063,0.004555555555555556,1.518,0.0,0.48,0.48,343.4,True,2026-08-14 08:27:13-07:00
78.06,1,10,2026-08-14 15:28:25,37.08161,-121.59959,330.0,0.0,169.2,-12.6,0.13,KTCY,37.2,11.7,0.0,10.5,-2.1,15.9,0.0,155.0,0.1,-0.04,1.0,99.0,-11.0,19.0,0.0,30.01,608.0,0.0,0.0,308.0,0.0,0.0,0.0,359.0,0.0,0.0,5.0,3.0,0.0,0.0,0.0,0.0,0.0,0.0,0.0,0.0,0.0,0.0,0.0,0.0,0.0,0.0,0.0,0.0,0.0,19.0,0.0,0.0,30.1,0.0,0.0,0.0,29.3,0.0,0.0,10.5,0.0,0.0,-0.7,37.3,32.4,0.0,0.0,0.0,0.0,20.0,19.0,20.0,20.0,20.0,19.0,20.0,20.0,0.0,0.0,-94.0,1.0,0.0,29.3,-25.0,4.998,0.0,0.0,2.003,1.715,0.0,18.7,0.0,0.0,0.0,,0.0,66.2,66.2,0.0,0.0,0.0,0.0,68.0,66.2,68.0,68.0,68.0,66.2,68.0,68.0,0.0,0.0,65.66,0.0,68.0,1.7999999999999972,-0.5400000000000063,0.004555555555555556,1.518,0.0,0.48,0.48,343.4,True,2026-08-14 08:27:13-07:00
79.06,1,10,2026-08-14 15:28:26,37.08161,-121.59959,329.0,0.0,169.2,-12.6,0.13,KTCY,37.2,11.7,0.0,10.5,-2.1,15.9,0.0,155.0,0.1,-0.04,1.0,99.0,5.0,19.0,0.0,30.01,608.0,0.0,0.0,308.0,0.0,0.0,0.0,359.0,0.0,0.0,5.0,3.0,0.0,0.0,0.0,0.0,0.0,0.0,0.0,0.0,0.0,0.0,0.0,0.0,0.0,0.0,0.0,0.0,0.0,19.0,0.0,0.0,30.1,0.0,0.0,0.0,29.2,0.0,0.0,10.5,0.0,0.0,-0.7,37.3,32.4,0.0,0.0,0.0,0.0,20.0,19.0,20.0,19.0,20.0,19.0,20.0,19.0,0.0,0.0,-94.0,1.0,0.0,29.2,-25.0,4.998,0.0,0.0,2.003,1.715,0.0,18.7,0.0,0.0,0.0,,0.0,66.2,66.2,0.0,0.0,0.0,0.0,68.0,66.2,68.0,66.2,68.0,66.2,68.0,66.2,0.0,0.0,65.66,0.0,68.0,1.7999999999999972,-0.5400000000000063,0.004555555555555556,1.518,0.0,0.48,0.48,343.4,True,2026-08-14 08:27:13-07:00
80.06,1,10,2026-08-14 15:28:27,37.08161,-121.59959,329.0,0.0,169.2,-12.6,0.13,KTCY,37.2,11.7,0.0,10.5,-2.2,15.9,0.0,155.0,0.0,-0.04,0.9,99.0,-15.0,19.0,0.0,30.01,608.0,0.0,0.0,308.0,0.0,0.0,0.0,359.0,0.0,0.0,5.0,3.0,0.0,0.0,0.0,0.0,0.0,0.0,0.0,0.0,0.0,0.0,0.0,0.0,0.0,0.0,0.0,0.0,0.0,17.0,382.0,382.0,29.5,0.0,0.0,0.0,29.3,0.0,0.0,10.5,0.0,0.0,-0.7,37.3,32.4,0.0,0.0,0.0,0.0,19.0,25.0,19.0,20.0,19.0,19.0,19.0,19.0,0.0,0.0,-39.0,1.0,0.0,29.3,-25.0,4.998,0.0,0.0,2.003,1.716,0.0,16.6,0.0,0.0,0.0,,0.0,66.2,62.6,0.0,0.0,0.0,0.0,66.2,77.0,66.2,68.0,66.2,66.2,66.2,66.2,0.0,0.0,61.88,382.0,66.2,0.0,-4.32,0.004555555555555556,1.518,0.0,0.48,0.48,343.4,True,2026-08-14 08:27:13-07:00
81.06,1,10,2026-08-14 15:28:28,37.08161,-121.59959,328.0,0.0,169.2,-12.6,0.13,KTCY,37.2,11.7,0.0,10.5,-2.2,15.9,0.0,155.0,0.0,-0.04,1.0,99.0,-37.0,19.0,0.0,30.01,608.0,0.0,0.0,308.0,0.0,0.0,0.0,359.0,0.0,0.0,5.0,3.0,0.0,0.0,0.0,0.0,0.0,0.0,0.0,0.0,0.0,0.0,0.0,0.0,0.0,0.0,0.0,0.0,6.0,19.0,978.0,978.0,19.0,1.1,0.0,1.1,23.9,0.0,0.0,10.5,0.0,0.0,-0.7,37.3,32.4,0.0,0.0,0.0,0.0,20.0,82.0,20.0,71.0,20.0,73.0,20.0,68.0,0.0,0.0,-40.0,1.0,0.0,23.9,-26.0,4.998,0.0,0.0,2.003,1.719,5.8,18.7,0.0,0.0,0.0,,0.0,66.2,66.2,0.0,0.0,0.0,0.0,68.0,179.6,68.0,159.8,68.0,163.4,68.0,154.4,0.0,0.0,65.66,978.0,68.0,1.7999999999999972,-0.5400000000000063,0.0047083333333333335,1.518,0.0,0.48,0.48,343.4,True,2026-08-14 08:27:13-07:00
82.06,1,10,2026-08-14 15:28:29,37.08161,-121.59959,328.0,0.0,169.2,-12.6,0.13,KTCY,37.2,11.7,0.0,10.5,-2.1,15.9,0.0,155.0,0.0,-0.04,1.0,99.0,4.0,19.0,0.0,30.01,608.0,0.0,0.0,308.0,0.0,0.0,0.0,359.0,0.0,0.0,5.0,3.0,0.0,0.0,0.0,0.0,0.0,0.0,0.0,0.0,0.0,0.0,0.0,0.0,0.0,0.0,0.0,0.0,7.0,19.0,1080.0,1080.0,15.7,1.6,0.0,1.6,24.3,0.0,0.0,10.5,0.0,0.0,-0.7,37.3,32.4,0.0,0.0,0.0,0.0,20.0,135.0,20.0,124.0,20.0,128.0,20.0,119.0,0.0,0.0,-40.0,1.0,0.0,24.3,-26.0,4.998,0.0,0.0,2.003,1.719,6.7,18.7,0.0,0.0,0.0,,0.0,66.2,66.2,0.0,0.0,0.0,0.0,68.0,275.0,68.0,255.2,68.0,262.4,68.0,246.2,0.0,0.0,65.66,1080.0,68.0,1.7999999999999972,-0.5400000000000063,0.005083333333333334,1.518,0.0,0.48,0.48,343.4,True,2026-08-14 08:27:13-07:00
83.06,1,10,2026-08-14 15:28:30,37.08161,-121.59959,327.0,0.0,169.2,-12.6,0.13,KTCY,37.2,11.7,0.0,10.5,-2.1,15.9,0.0,155.0,0.0,-0.04,1.0,99.0,-8.0,19.0,0.0,30.01,608.0,0.0,0.0,308.0,0.0,0.0,0.0,359.0,0.0,0.0,5.0,3.0,0.0,0.0,0.0,0.0,0.0,0.0,0.0,0.0,0.0,0.0,0.0,0.0,0.0,0.0,0.0,0.0,9.0,19.0,1099.0,1099.0,14.8,1.9,0.0,1.9,24.6,0.0,0.0,10.5,0.0,0.0,-0.7,37.3,32.4,0.0,0.0,0.0,0.0,20.0,181.0,20.0,170.0,20.0,178.0,21.0,164.0,0.0,0.0,-40.0,1.0,0.0,24.6,-26.0,4.998,0.0,0.0,2.003,1.72,9.3,18.7,0.0,0.0,0.0,,0.0,66.2,66.2,0.0,0.0,0.0,0.0,68.0,357.8,68.0,338.0,68.0,352.4,69.8,327.2,0.0,0.0,65.66,1099.0,68.45,2.25,-0.5400000000000063,0.005569444444444445,1.518,0.0,0.48,0.48,343.4,True,2026-08-14 08:27:13-07:00
84.06,1,10,2026-08-14 15:28:31,37.08161,-121.59959,327.0,0.0,169.2,-12.6,0.13,KTCY,37.2,11.7,0.0,10.5,-2.1,16.0,0.0,155.0,0.1,-0.04,0.9,99.0,-7.0,19.0,0.0,30.01,608.0,0.0,0.0,308.0,0.0,0.0,0.0,359.0,0.0,0.0,5.0,3.0,0.0,0.0,0.0,0.0,0.0,0.0,0.0,0.0,0.0,0.0,0.0,0.0,0.0,0.0,0.0,0.0,13.0,19.0,1041.0,1041.0,14.6,2.1,0.0,2.1,24.9,0.0,0.0,10.5,0.0,0.0,-0.7,37.3,32.4,0.0,0.0,0.0,0.0,20.0,225.0,21.0,208.0,21.0,221.0,21.0,206.0,0.0,0.0,-39.0,1.0,0.0,24.9,-26.0,4.998,0.0,0.0,2.003,1.72,12.9,18.8,0.0,0.0,0.0,,0.0,66.2,66.2,0.0,0.0,0.0,0.0,68.0,437.0,69.8,406.4,69.8,429.8,69.8,402.8,0.0,0.0,65.84,1041.0,69.35,3.1499999999999915,-0.35999999999999943,0.006125,1.518,0.0,0.48,0.48,343.4,True,2026-08-14 08:27:13-07:00
85.06,1,10,2026-08-14 15:28:32,37.08161,-121.59959,326.0,0.0,169.2,-12.6,0.13,KTCY,37.2,11.7,0.0,10.5,-2.1,16.0,0.0,155.0,0.1,-0.03,1.0,99.0,-50.0,19.0,0.0,30.01,608.0,0.0,0.0,308.0,0.0,0.0,0.0,359.0,0.0,0.0,5.0,3.0,0.0,0.0,0.0,0.0,0.0,0.0,0.0,0.0,0.0,0.0,0.0,0.0,0.0,0.0,0.0,0.0,17.0,19.0,1052.0,1052.0,15.2,2.2,0.0,2.2,25.1,0.0,0.0,10.5,0.0,0.0,-0.7,37.3,32.4,0.0,0.0,0.0,0.0,21.0,262.0,21.0,240.0,21.0,260.0,21.0,250.0,0.0,0.0,-39.0,1.0,0.0,25.1,-26.0,4.998,0.0,0.0,2.003,1.715,17.4,18.8,0.0,0.0,0.0,,0.0,66.2,66.2,0.0,0.0,0.0,0.0,69.8,503.6,69.8,464.0,69.8,500.0,69.8,482.0,0.0,0.0,65.84,1052.0,69.8,3.5999999999999943,-0.35999999999999943,0.006722222222222222,1.518,0.0,0.48,0.48,343.4,True,2026-08-14 08:27:13-07:00
86.06,1,10,2026-08-14 15:28:33,37.08161,-121.59959,326.0,0.1,169.2,-12.6,0.13,KTCY,37.2,11.7,0.0,10.5,-2.1,16.0,0.0,155.0,0.0,-0.03,1.0,99.0,-65.0,19.0,0.0,30.01,608.0,0.0,0.0,308.0,0.0,0.0,0.0,359.0,0.0,0.0,5.0,3.0,0.0,0.0,0.0,0.0,0.0,0.0,0.0,0.0,0.0,0.0,0.0,0.0,0.0,0.0,0.0,0.0,23.0,19.0,1092.0,1092.0,15.0,2.3,0.0,2.3,25.2,0.0,0.0,10.5,0.0,0.0,-0.7,37.3,32.4,0.0,0.0,0.0,0.0,21.0,295.0,21.0,269.0,21.0,314.0,22.0,288.0,0.0,0.0,-39.0,1.0,0.0,25.2,-26.0,4.998,0.0,0.0,2.003,1.709,23.2,18.8,0.0,0.0,0.0,,0.0,66.2,66.2,0.0,0.0,0.0,0.0,69.8,563.0,69.8,516.2,69.8,597.2,71.6,550.4,0.0,0.0,65.84,1092.0,70.25,4.049999999999997,-0.35999999999999943,0.007347222222222222,1.6023333333333332,0.04347826086956522,0.48,0.48,343.4,True,2026-08-14 08:27:13-07:00
87.06,1,10,2026-08-14 15:28:34,37.08161,-121.59959,325.0,0.0,169.2,-12.6,0.13,KTCY,37.2,11.7,0.0,10.5,-2.1,16.0,0.0,155.0,0.0,-0.04,1.0,99.0,-41.0,19.0,0.0,30.01,608.0,0.0,0.0,308.0,0.0,0.0,0.0,359.0,0.0,0.0,5.0,3.0,0.0,0.0,0.0,0.0,0.0,0.0,0.0,0.0,0.0,0.0,0.0,0.0,0.0,0.0,0.0,0.0,30.0,19.0,1089.0,1089.0,14.8,2.3,0.0,2.3,25.3,0.0,0.0,10.5,0.0,0.0,-0.7,37.3,32.4,0.0,0.0,0.0,0.0,22.0,329.0,22.0,299.0,21.0,355.0,22.0,320.0,0.0,0.0,-39.0,0.0,0.0,25.3,-26.0,4.998,0.0,0.0,2.003,1.703,30.2,18.8,0.0,0.0,0.0,,0.0,66.2,66.2,0.0,0.0,0.0,0.0,71.6,624.2,71.6,570.2,69.8,671.0,71.6,608.0,0.0,0.0,65.84,1089.0,71.14999999999999,4.949999999999989,-0.35999999999999943,0.00798611111111111,1.6866666666666665,0.0,0.48,0.48,343.4,True,2026-08-14 08:27:13-07:00
88.06,1,10,2026-08-14 15:28:35,37.08161,-121.59959,325.0,0.0,169.2,-12.6,0.13,KTCY,37.2,11.7,0.0,10.5,-2.1,16.0,0.0,155.0,0.0,-0.04,1.0,99.0,-41.0,19.0,0.0,30.01,608.0,0.0,0.0,308.0,0.0,0.0,0.0,359.0,0.0,0.0,5.0,3.0,0.0,0.0,0.0,0.0,0.0,0.0,0.0,0.0,0.0,0.0,0.0,0.0,0.0,0.0,0.0,0.0,38.0,19.0,1091.0,1091.0,14.7,2.3,0.0,2.3,25.4,0.0,0.0,10.5,0.0,0.0,-0.7,37.3,32.4,0.0,0.0,0.0,0.0,22.0,356.0,22.0,326.0,22.0,392.0,23.0,351.0,0.0,0.0,-39.0,0.0,0.0,25.4,-26.0,4.998,0.0,0.0,2.003,1.688,38.5,18.8,0.0,0.0,0.0,,0.0,66.2,66.2,0.0,0.0,0.0,0.0,71.6,672.8,71.6,618.8,71.6,737.6,73.4,663.8,0.0,0.0,65.84,1091.0,72.05,5.849999999999994,-0.35999999999999943,0.008625,1.6866666666666665,0.0,0.48,0.48,343.4,True,2026-08-14 08:27:13-07:00
89.06,1,10,2026-08-14 15:28:36,37.08161,-121.59959,323.0,0.0,169.2,-12.6,0.13,KTCY,37.2,11.7,0.0,10.4,-2.1,16.0,0.0,155.0,0.0,-0.04,1.0,99.0,-42.0,19.0,0.0,30.01,608.0,0.0,0.0,308.0,0.0,0.0,0.0,359.0,0.0,0.0,5.0,3.0,0.0,0.0,0.0,0.0,0.0,0.0,0.0,0.0,0.0,0.0,0.0,0.0,0.0,0.0,0.0,0.0,48.0,19.0,1093.0,1093.0,14.5,2.4,0.0,2.4,25.5,0.0,0.0,10.5,0.0,0.0,-0.7,37.3,32.4,0.0,0.0,0.0,0.0,23.0,379.0,23.0,350.0,22.0,422.0,23.0,379.0,0.0,0.0,-39.0,0.0,0.0,25.5,-26.0,4.998,0.0,0.0,2.003,1.686,47.6,18.9,0.0,0.0,0.0,,0.0,66.2,66.2,0.0,0.0,0.0,0.0,73.4,714.2,73.4,662.0,71.6,791.6,73.4,714.2,0.0,0.0,66.02,1093.0,72.95,6.75,-0.18000000000000682,0.009277777777777777,1.6866666666666665,0.0,0.48,0.48,343.4,True,2026-08-14 08:27:13-07:00
90.06,1,10,2026-08-14 15:28:37,37.08162,-121.59959,323.0,0.0,169.2,-12.6,0.13,KTCY,37.2,11.7,0.0,10.5,-2.1,16.1,0.0,154.0,0.1,-0.04,1.0,99.0,-41.0,19.0,0.0,30.01,608.0,0.0,0.0,308.0,0.0,0.0,0.0,359.0,0.0,0.0,5.0,3.0,0.0,0.0,0.0,0.0,0.0,0.0,0.0,0.0,0.0,0.0,0.0,0.0,0.0,0.0,0.0,0.0,57.0,19.0,1108.0,1108.0,14.6,2.5,0.0,2.5,25.6,0.0,0.0,10.5,0.0,0.0,-0.5,37.3,32.4,0.0,0.0,0.0,0.0,23.0,400.0,23.0,370.0,23.0,448.0,24.0,404.0,0.0,0.0,-39.0,0.0,0.0,25.6,-26.0,4.998,0.0,0.0,2.003,1.692,56.6,19.0,0.0,0.0,0.0,,0.0,66.2,66.2,0.0,0.0,0.0,0.0,73.4,752.0,73.4,698.0,73.4,838.4,75.2,759.2,0.0,0.0,66.2,1108.0,73.85000000000001,7.650000000000006,0.0,0.009958333333333333,1.6866666666666665,0.0,0.48,0.48,343.4,True,2026-08-14 08:27:13-07:00
91.06,1,10,2026-08-14 15:28:38,37.08162,-121.59959,322.0,0.0,169.2,-12.6,0.13,KTCY,37.2,11.7,0.0,10.5,-2.1,16.0,0.0,153.0,0.0,-0.04,1.0,99.0,-40.0,19.0,0.0,30.01,608.0,0.0,0.0,308.0,0.0,0.0,0.0,359.0,0.0,0.0,5.0,3.0,0.0,0.0,0.0,0.0,0.0,0.0,0.0,0.0,0.0,0.0,0.0,0.0,0.0,0.0,0.0,0.0,64.0,20.0,1059.0,1059.0,14.7,2.5,0.0,2.5,25.6,0.0,0.0,10.5,0.0,0.0,23.3,37.3,32.4,0.0,0.0,0.0,0.0,24.0,418.0,24.0,389.0,23.0,469.0,25.0,424.0,0.0,0.0,-39.0,0.0,0.0,25.6,-26.0,4.998,0.0,0.0,2.003,1.682,64.1,19.9,0.0,0.0,0.0,,0.0,66.2,68.0,0.0,0.0,0.0,0.0,75.2,784.4,75.2,732.2,73.4,876.2,77.0,795.2,0.0,0.0,67.82,1059.0,75.2,9.0,1.6199999999999903,0.010652777777777778,1.6866666666666665,0.0,0.48,0.48,343.4,True,2026-08-14 08:27:13-07:00
92.06,1,10,2026-08-14 15:28:39,37.08161,-121.59959,317.0,0.0,169.2,-12.6,0.13,KTCY,37.2,11.7,0.0,10.4,-2.1,15.9,0.0,153.0,0.0,-0.04,1.0,99.0,-32.0,19.0,0.0,30.01,606.0,0.0,0.0,308.0,0.0,0.0,0.0,359.0,0.0,0.0,5.0,3.0,0.0,0.0,0.0,0.0,0.0,0.0,0.0,0.0,0.0,0.0,0.0,0.0,0.0,0.0,0.0,0.0,70.0,20.0,1069.0,1069.0,14.9,2.5,0.0,2.5,25.6,0.0,0.0,10.5,0.0,0.0,38.9,37.3,32.4,0.0,0.0,0.0,0.0,24.0,433.0,25.0,406.0,24.0,487.0,25.0,444.0,0.0,0.0,-39.0,0.0,0.0,25.6,-26.0,4.998,0.0,0.0,2.003,1.698,69.5,19.9,0.0,0.0,0.0,,0.0,66.2,68.0,0.0,0.0,0.0,0.0,75.2,811.4,77.0,762.8,75.2,908.6,77.0,831.2,0.0,0.0,67.82,1069.0,76.1,9.899999999999991,1.6199999999999903,0.011347222222222222,1.6866666666666665,0.0,0.48,0.48,343.4,True,2026-08-14 08:27:13-07:00
93.06,1,10,2026-08-14 15:28:40,37.08161,-121.59959,316.0,0.0,169.2,-12.6,0.13,KTCY,37.2,11.7,0.0,10.4,-2.1,15.9,0.0,153.0,0.0,-0.04,1.0,99.0,-22.0,19.0,0.0,30.01,606.0,0.0,0.0,308.0,0.0,0.0,0.0,359.0,0.0,0.0,5.0,3.0,0.0,0.0,0.0,0.0,0.0,0.0,0.0,-31.0,0.0,0.0,0.0,0.0,0.0,0.0,0.0,0.0,73.0,20.0,1048.0,1048.0,15.0,2.5,0.0,2.5,25.6,0.0,0.0,10.5,0.0,0.0,48.2,37.3,32.4,0.0,0.0,0.0,0.0,25.0,445.0,25.0,420.0,24.0,505.0,26.0,463.0,0.0,0.0,-39.0,0.0,0.0,25.6,-26.0,4.998,0.0,0.0,2.003,1.693,73.0,19.9,0.0,0.0,0.0,,0.0,66.2,68.0,0.0,0.0,0.0,0.0,77.0,833.0,77.0,788.0,75.2,941.0,78.8,865.4,0.0,0.0,67.82,1048.0,77.0,10.799999999999997,1.6199999999999903,0.012041666666666668,1.6866666666666665,0.0,0.48,0.48,343.4,True,2026-08-14 08:27:13-07:00
94.06,1,10,2026-08-14 15:28:41,37.08161,-121.59959,315.0,0.0,169.2,-12.6,0.13,KTCY,37.2,11.7,0.0,10.4,-2.1,15.9,0.0,153.0,0.0,-0.04,0.9,99.0,-24.0,19.0,0.0,30.01,606.0,0.0,0.0,308.0,0.0,0.0,0.0,359.0,0.0,0.0,5.0,3.0,0.0,0.0,0.0,0.0,0.0,0.0,0.0,-33.0,0.0,0.0,0.0,0.0,0.0,0.0,0.0,0.0,75.0,20.0,1085.0,1085.0,15.0,2.5,0.0,2.5,25.7,0.0,0.0,10.5,0.0,0.0,51.1,37.3,32.4,0.0,0.0,0.0,0.0,25.0,457.0,26.0,432.0,24.0,518.0,27.0,478.0,0.0,0.0,-39.0,0.0,0.0,25.7,-26.0,4.998,0.0,0.0,2.003,1.686,75.0,19.8,0.0,0.0,0.0,,0.0,66.2,68.0,0.0,0.0,0.0,0.0,77.0,854.6,78.8,809.6,75.2,964.4,80.6,892.4,0.0,0.0,67.64,1085.0,77.9,11.700000000000003,1.4399999999999977,0.012736111111111111,1.6866666666666665,0.0,0.48,0.48,343.4,True,2026-08-14 08:27:13-07:00
95.06,1,10,2026-08-14 15:28:42,37.08161,-121.59959,315.0,0.0,169.2,-12.6,0.13,KTCY,37.2,11.7,0.0,10.4,-2.0,15.9,0.0,153.0,0.0,-0.04,1.0,99.0,-15.0,19.0,0.0,30.01,606.0,0.0,0.0,308.0,0.0,0.0,0.0,359.0,0.0,0.0,5.0,3.0,0.0,0.0,0.0,0.0,0.0,0.0,0.0,-38.0,0.0,0.0,0.0,0.0,0.0,0.0,0.0,0.0,76.0,20.0,1089.0,1089.0,14.9,2.5,0.0,2.5,25.7,0.0,0.0,10.5,0.0,0.0,48.2,37.3,32.4,0.0,0.0,0.0,0.0,26.0,467.0,26.0,443.0,25.0,530.0,27.0,491.0,0.0,0.0,-39.0,0.0,0.0,25.7,-26.0,4.998,0.0,0.0,2.003,1.685,76.1,19.7,0.0,0.0,0.0,,0.0,66.2,68.0,0.0,0.0,0.0,0.0,78.8,872.6,78.8,829.4,77.0,986.0,80.6,915.8,0.0,0.0,67.46,1089.0,78.8,12.599999999999994,1.259999999999991,0.013430555555555555,1.6866666666666665,0.0,0.48,0.48,343.4,True,2026-08-14 08:27:13-07:00
96.06,1,10,2026-08-14 15:28:43,37.08161,-121.59957,300.0,0.0,169.2,-12.6,0.13,KTCY,37.2,11.7,0.0,10.3,-2.1,15.9,0.0,153.0,0.0,-0.04,1.0,99.0,5.0,19.0,0.0,30.01,606.0,0.0,0.0,308.0,0.0,0.0,0.0,359.0,0.0,0.0,5.0,3.0,0.0,0.0,0.0,0.0,0.0,0.0,0.0,-40.0,0.0,0.0,0.0,0.0,3.0,0.0,0.0,1200.0,77.0,20.0,1106.0,1106.0,14.8,2.5,0.0,2.5,25.7,0.0,0.0,10.5,0.0,0.0,43.3,37.3,32.4,0.0,0.0,0.0,0.0,26.0,476.0,26.0,452.0,25.0,538.0,27.0,503.0,0.0,0.0,-39.0,0.0,0.0,25.7,-26.0,4.998,0.0,0.0,2.003,1.707,76.8,19.6,0.0,0.0,0.0,,0.0,66.2,68.0,0.0,0.0,0.0,0.0,78.8,888.8,78.8,845.6,77.0,1000.4,80.6,937.4,0.0,0.0,67.28,1106.0,78.8,12.599999999999994,1.0799999999999983,0.014125,1.6866666666666665,0.0,0.48,0.48,343.4,True,2026-08-14 08:27:13-07:00
97.06,1,10,2026-08-14 15:28:44,37.08161,-121.59958,299.0,0.0,169.2,-12.6,0.13,KTCY,37.2,11.7,0.0,10.4,-2.1,16.0,0.0,153.0,0.0,-0.04,1.0,99.0,32.0,19.0,0.0,30.01,606.0,0.0,0.0,308.0,0.0,0.0,0.0,359.0,0.0,0.0,5.0,3.0,0.0,0.0,0.0,0.0,0.0,0.0,0.0,-45.0,0.0,0.0,0.0,0.0,1.0,1.0,0.0,1200.0,77.0,20.0,1112.0,1112.0,14.6,2.6,0.0,2.6,25.8,0.0,0.0,10.5,0.0,0.0,38.1,37.3,32.4,0.0,0.0,0.0,0.0,27.0,484.0,27.0,462.0,26.0,545.0,28.0,513.0,0.0,0.0,-39.0,0.0,0.0,25.8,-26.0,4.998,0.0,0.0,2.003,1.715,77.2,19.5,0.0,0.0,0.0,,0.0,66.2,68.0,0.0,0.0,0.0,0.0,80.6,903.2,80.6,863.6,78.8,1013.0,82.4,955.4,0.0,0.0,67.1,1112.0,80.6,14.399999999999991,0.8999999999999915,0.014833333333333334,1.6866666666666665,0.0,0.48,0.48,343.4,True,2026-08-14 08:27:13-07:00
98.06,1,10,2026-08-14 15:28:45,37.08161,-121.59957,300.0,0.0,169.2,-12.6,0.13,KTCY,37.2,11.7,0.0,10.3,-2.1,16.0,0.0,153.0,0.0,-0.03,1.0,99.0,43.0,19.0,0.0,30.01,606.0,0.0,0.0,308.0,0.0,0.0,0.0,359.0,0.0,0.0,5.0,3.0,0.0,0.0,0.0,0.0,0.0,0.0,0.0,-48.0,0.0,0.0,0.0,0.0,1.0,0.0,0.0,1200.0,77.0,19.0,1123.0,1123.0,14.5,2.6,0.0,2.6,25.8,0.0,0.0,10.5,0.0,0.0,33.1,37.3,32.4,0.0,0.0,0.0,0.0,27.0,491.0,28.0,470.0,26.0,554.0,29.0,522.0,0.0,0.0,-39.0,0.0,0.0,25.8,-26.0,4.998,0.0,0.0,2.003,1.714,77.4,19.4,0.0,0.0,0.0,,0.0,66.2,66.2,0.0,0.0,0.0,0.0,80.6,915.8,82.4,878.0,78.8,1029.2,84.2,971.6,0.0,0.0,66.92,1123.0,81.5,15.299999999999997,0.7199999999999989,0.015555555555555555,1.6866666666666665,0.0,0.48,0.48,343.4,True,2026-08-14 08:27:13-07:00
99.06,1,10,2026-08-14 15:28:46,37.08161,-121.59957,299.0,0.0,169.2,-12.6,0.13,KTCY,37.2,11.7,0.0,10.4,-2.1,16.0,0.0,153.0,0.0,-0.04,1.0,99.0,57.0,19.0,0.0,30.01,607.0,0.0,0.0,308.0,0.0,0.0,0.0,359.0,0.0,0.0,5.0,3.0,0.0,0.0,0.0,0.0,0.0,0.0,0.0,-49.0,0.0,0.0,0.0,0.0,1.0,0.0,0.0,1200.0,78.0,19.0,1131.0,1131.0,14.4,2.6,0.0,2.6,25.7,0.0,0.0,10.5,0.0,0.0,28.8,37.3,32.4,0.0,0.0,0.0,0.0,28.0,497.0,28.0,478.0,27.0,559.0,29.0,529.0,0.0,0.0,-39.0,0.0,0.0,25.7,-26.0,4.998,0.0,0.0,2.003,1.72,77.6,19.4,0.0,0.0,0.0,,0.0,66.2,66.2,0.0,0.0,0.0,0.0,82.4,926.6,82.4,892.4,80.6,1038.2,84.2,984.2,0.0,0.0,66.92,1131.0,82.4,16.200000000000003,0.7199999999999989,0.01627777777777778,1.6866666666666665,0.0,0.48,0.48,343.4,True,2026-08-14 08:27:13-07:00
100.06,1,10,2026-08-14 15:28:47,37.08161,-121.59958,299.0,0.0,169.2,-12.6,0.13,KTCY,37.2,11.7,0.0,10.4,-2.2,16.0,0.0,153.0,0.0,-0.04,1.0,99.0,25.0,19.0,0.0,30.01,607.0,0.0,0.0,308.0,0.0,0.0,0.0,359.0,0.0,0.0,5.0,3.0,0.0,0.0,0.0,0.0,1.0,0.0,0.0,-42.0,0.0,0.0,0.0,0.0,0.0,0.0,0.0,0.0,78.0,19.0,1142.0,1142.0,14.3,2.6,0.0,2.6,25.8,0.0,0.0,10.5,0.0,0.0,25.0,37.3,32.4,0.0,0.0,0.0,0.0,28.0,503.0,29.0,487.0,27.0,565.0,30.0,533.0,0.0,0.0,-39.0,0.0,0.0,25.8,-26.0,4.998,0.0,0.0,2.003,1.729,77.6,19.3,0.0,0.0,0.0,,0.0,66.2,66.2,0.0,0.0,0.0,0.0,82.4,937.4,84.2,908.6,80.6,1049.0,86.0,991.4,0.0,0.0,66.74000000000001,1142.0,83.30000000000001,17.10000000000001,0.5400000000000063,0.017,1.6866666666666665,0.0,0.48,0.48,343.4,True,2026-08-14 08:27:13-07:00
101.06,1,10,2026-08-14 15:28:48,37.08161,-121.59958,298.0,0.0,169.2,-12.6,0.13,KTCY,37.2,11.7,0.0,10.4,-2.2,16.0,0.0,153.0,0.0,-0.04,1.0,99.0,25.0,19.0,0.0,30.01,607.0,0.0,0.0,308.0,0.0,0.0,0.0,359.0,0.0,0.0,5.0,3.0,0.0,0.0,0.0,0.0,3.0,0.0,0.0,13.0,0.0,0.0,0.0,0.0,0.0,0.0,0.0,0.0,78.0,19.0,1143.0,1143.0,14.2,2.7,0.0,2.7,25.8,0.0,0.0,10.5,0.0,0.0,21.9,37.3,32.4,0.0,0.0,0.0,0.0,29.0,508.0,29.0,495.0,28.0,567.0,30.0,537.0,0.0,0.0,-39.0,0.0,0.0,25.8,-26.0,4.998,0.0,0.0,2.003,1.722,77.6,19.3,0.0,0.0,0.0,,0.0,66.2,66.2,0.0,0.0,0.0,0.0,84.2,946.4,84.2,923.0,82.4,1052.6,86.0,998.6,0.0,0.0,66.74000000000001,1143.0,84.2,18.0,0.5400000000000063,0.017736111111111112,1.6866666666666665,0.0,0.48,0.48,343.4,True,2026-08-14 08:27:13-07:00
102.06,1,10,2026-08-14 15:28:49,37.08161,-121.59958,298.0,0.0,169.2,-12.6,0.13,KTCY,37.2,11.7,0.0,10.4,-2.1,16.0,0.0,153.0,0.0,-0.03,0.9,99.0,4.0,19.0,0.0,30.01,607.0,0.0,0.0,308.0,0.0,0.0,0.0,359.0,0.0,0.0,5.0,3.0,0.0,0.0,0.0,0.0,3.0,0.0,0.0,-42.0,0.0,0.0,0.0,0.0,0.0,0.0,0.0,0.0,78.0,19.0,1119.0,1119.0,14.1,2.7,0.0,2.7,25.8,0.0,0.0,10.5,0.0,0.0,19.4,37.3,32.4,0.0,0.0,0.0,0.0,29.0,511.0,29.0,500.0,28.0,569.0,31.0,541.0,0.0,0.0,-39.0,0.0,0.0,25.8,-26.0,4.998,0.0,0.0,2.003,1.718,77.7,19.3,0.0,0.0,0.0,,0.0,66.2,66.2,0.0,0.0,0.0,0.0,84.2,951.8,84.2,932.0,82.4,1056.2,87.8,1005.8,0.0,0.0,66.74000000000001,1119.0,84.64999999999999,18.44999999999999,0.5400000000000063,0.018486111111111113,1.6866666666666665,0.0,0.48,0.48,343.4,True,2026-08-14 08:27:13-07:00
103.06,1,10,2026-08-14 15:28:50,37.08161,-121.59958,299.0,0.0,169.2,-12.6,0.13,KTCY,37.2,11.7,0.0,10.4,-2.1,16.0,0.0,153.0,0.0,-0.04,1.0,99.0,5.0,19.0,0.0,30.01,607.0,0.0,0.0,308.0,0.0,0.0,0.0,359.0,0.0,0.0,5.0,3.0,0.0,0.0,0.0,0.0,3.0,0.0,0.0,-46.0,0.0,0.0,0.0,0.0,0.0,0.0,0.0,0.0,78.0,19.0,1115.0,1115.0,13.9,2.7,0.0,2.7,25.8,0.0,0.0,10.5,0.0,0.0,17.6,37.3,32.4,0.0,0.0,0.0,0.0,30.0,514.0,30.0,505.0,29.0,570.0,31.0,545.0,0.0,0.0,-39.0,0.0,0.0,25.8,-26.0,4.998,0.0,0.0,2.003,1.713,77.7,19.3,0.0,0.0,0.0,,0.0,66.2,66.2,0.0,0.0,0.0,0.0,86.0,957.2,86.0,941.0,84.2,1058.0,87.8,1013.0,0.0,0.0,66.74000000000001,1115.0,86.0,19.799999999999997,0.5400000000000063,0.01923611111111111,1.6866666666666665,0.0,0.48,0.48,343.4,True,2026-08-14 08:27:13-07:00
104.06,1,10,2026-08-14 15:28:51,37.08161,-121.59958,299.0,0.0,169.2,-12.6,0.13,KTCY,37.2,11.7,0.0,10.4,-2.1,16.0,0.0,153.0,0.0,-0.04,1.0,99.0,-22.0,19.0,0.0,30.01,607.0,0.0,0.0,308.0,0.0,0.0,0.0,359.0,0.0,0.0,5.0,3.0,0.0,0.0,0.0,0.0,6.0,0.0,0.0,-47.0,0.0,0.0,0.0,0.0,0.0,0.0,0.0,0.0,78.0,19.0,1110.0,1110.0,13.9,2.7,0.0,2.7,25.8,0.0,0.0,10.5,0.0,0.0,16.1,37.3,32.4,0.0,0.0,0.0,0.0,30.0,518.0,31.0,508.0,29.0,570.0,32.0,549.0,0.0,0.0,-39.0,0.0,0.0,25.8,-26.0,4.998,0.0,0.0,2.003,1.707,77.7,19.3,0.0,0.0,0.0,,0.0,66.2,66.2,0.0,0.0,0.0,0.0,86.0,964.4,87.8,946.4,84.2,1058.0,89.6,1020.2,0.0,0.0,66.74000000000001,1110.0,86.9,20.700000000000003,0.5400000000000063,0.01998611111111111,1.6866666666666665,0.0,0.48,0.48,343.4,True,2026-08-14 08:27:13-07:00
105.06,1,10,2026-08-14 15:28:52,37.08161,-121.59958,299.0,0.0,169.2,-12.6,0.13,KTCY,37.2,11.7,0.0,10.4,-2.1,16.1,0.0,153.0,0.0,-0.04,1.0,99.0,-10.0,19.0,0.0,30.01,606.0,0.0,0.0,308.0,0.0,0.0,0.0,359.0,0.0,0.0,5.0,3.0,0.0,0.0,0.0,0.0,6.0,0.0,0.0,-48.0,0.0,0.0,0.0,0.0,0.0,0.0,0.0,0.0,78.0,19.0,1113.0,1113.0,13.9,2.7,0.0,2.7,25.8,0.0,0.0,10.5,0.0,0.0,14.8,37.3,32.4,0.0,0.0,0.0,0.0,31.0,519.0,31.0,512.0,30.0,572.0,33.0,551.0,0.0,0.0,-39.0,0.0,0.0,25.8,-26.0,4.998,0.0,0.0,2.003,1.708,77.7,19.3,0.0,0.0,0.0,,0.0,66.2,66.2,0.0,0.0,0.0,0.0,87.8,966.2,87.8,953.6,86.0,1061.6,91.4,1023.8,0.0,0.0,66.74000000000001,1113.0,88.25,22.049999999999997,0.5400000000000063,0.02073611111111111,1.6866666666666665,0.0,0.48,0.48,343.4,True,2026-08-14 08:27:13-07:00
106.06,1,10,2026-08-14 15:28:53,37.08161,-121.59958,299.0,0.0,169.2,-12.6,0.13,KTCY,37.2,11.7,0.0,10.4,-2.1,16.1,0.0,153.0,0.1,-0.04,1.0,99.0,8.0,19.0,0.0,30.01,607.0,0.0,0.0,308.0,0.0,0.0,0.0,359.0,0.0,0.0,5.0,3.0,0.0,0.0,0.0,0.0,6.0,0.0,0.0,-49.0,0.0,0.0,0.0,0.0,0.0,0.0,0.0,0.0,78.0,19.0,1116.0,1116.0,13.8,2.7,0.0,2.7,25.8,0.0,0.0,10.5,0.0,0.0,13.7,37.3,32.4,0.0,0.0,0.0,0.0,31.0,521.0,32.0,515.0,30.0,572.0,33.0,552.0,0.0,0.0,-39.0,0.0,0.0,25.8,-26.0,4.998,0.0,0.0,2.003,1.714,77.8,19.3,0.0,0.0,0.0,,0.0,66.2,66.2,0.0,0.0,0.0,0.0,87.8,969.8,89.6,959.0,86.0,1061.6,91.4,1025.6,0.0,0.0,66.74000000000001,1116.0,88.7,22.5,0.5400000000000063,0.021486111111111112,1.6866666666666665,0.0,0.48,0.48,343.4,True,2026-08-14 08:27:13-07:00
107.06,1,10,2026-08-14 15:28:54,37.08161,-121.59958,298.0,0.0,169.2,-12.6,0.13,KTCY,37.2,11.7,0.0,10.4,-2.1,16.1,0.0,153.0,0.0,-0.04,1.0,99.0,3.0,19.0,0.0,30.01,607.0,0.0,0.0,308.0,0.0,0.0,0.0,359.0,0.0,0.0,5.0,3.0,0.0,0.0,0.0,0.0,6.0,0.0,0.0,-51.0,0.0,0.0,0.0,0.0,0.0,0.0,0.0,0.0,78.0,19.0,1117.0,1117.0,13.8,2.7,0.0,2.7,25.8,0.0,0.0,10.5,0.0,0.0,12.7,37.3,32.4,0.0,0.0,0.0,0.0,32.0,523.0,32.0,518.0,31.0,572.0,34.0,554.0,0.0,0.0,-39.0,0.0,0.0,25.8,-26.0,4.998,0.0,0.0,2.003,1.718,77.8,19.3,0.0,0.0,0.0,,0.0,66.2,66.2,0.0,0.0,0.0,0.0,89.6,973.4,89.6,964.4,87.8,1061.6,93.2,1029.2,0.0,0.0,66.74000000000001,1117.0,90.05000000000001,23.85000000000001,0.5400000000000063,0.022236111111111113,1.6866666666666665,0.0,0.48,0.48,343.4,True,2026-08-14 08:27:13-07:00
108.06,1,10,2026-08-14 15:28:55,37.08161,-121.59958,298.0,0.0,169.2,-12.6,0.13,KTCY,37.2,11.7,0.0,10.4,-2.1,16.1,0.0,153.0,0.0,-0.04,1.0,99.0,5.0,19.0,0.0,30.01,607.0,0.0,0.0,308.0,0.0,0.0,0.0,359.0,0.0,0.0,5.0,3.0,0.0,0.0,0.0,0.0,6.0,0.0,0.0,-51.0,0.0,0.0,0.0,0.0,0.0,0.0,0.0,0.0,78.0,19.0,1117.0,1117.0,13.8,2.6,0.0,2.6,25.8,0.0,0.0,10.5,0.0,0.0,11.8,37.3,32.4,0.0,0.0,0.0,0.0,33.0,524.0,33.0,521.0,31.0,573.0,35.0,556.0,0.0,0.0,-39.0,0.0,0.0,25.8,-26.0,4.998,0.0,0.0,2.003,1.722,77.8,19.3,0.0,0.0,0.0,,0.0,66.2,66.2,0.0,0.0,0.0,0.0,91.4,975.2,91.4,969.8,87.8,1063.4,95.0,1032.8,0.0,0.0,66.74000000000001,1117.0,91.4,25.200000000000003,0.5400000000000063,0.022972222222222224,1.6866666666666665,0.0,0.48,0.48,343.4,True,2026-08-14 08:27:13-07:00
109.06,1,10,2026-08-14 15:28:56,37.08161,-121.59959,298.0,0.0,169.2,-12.6,0.13,KTCY,37.2,11.7,0.0,10.4,-2.1,16.1,0.0,153.0,0.1,-0.03,1.0,99.0,25.0,19.0,0.0,30.01,606.0,0.0,0.0,308.0,0.0,0.0,0.0,359.0,0.0,0.0,5.0,3.0,0.0,0.0,0.0,0.0,6.0,0.0,0.0,-52.0,0.0,0.0,0.0,0.0,0.0,0.0,0.0,0.0,78.0,19.0,1115.0,1115.0,13.8,2.6,0.0,2.6,25.8,0.0,0.0,10.5,0.0,0.0,10.9,37.3,32.4,0.0,0.0,0.0,0.0,33.0,526.0,33.0,524.0,32.0,574.0,35.0,558.0,0.0,0.0,-39.0,0.0,0.0,25.8,-26.0,4.998,0.0,0.0,2.003,1.721,77.8,19.3,0.0,0.0,0.0,,0.0,66.2,66.2,0.0,0.0,0.0,0.0,91.4,978.8,91.4,975.2,89.6,1065.2,95.0,1036.4,0.0,0.0,66.74000000000001,1115.0,91.85,25.64999999999999,0.5400000000000063,0.023694444444444445,1.6866666666666665,0.0,0.48,0.48,343.4,True,2026-08-14 08:27:13-07:00
110.06,1,10,2026-08-14 15:28:57,37.08161,-121.59959,298.0,0.0,169.2,-12.6,0.13,KTCY,37.2,11.7,0.0,10.4,-2.1,16.1,0.0,153.0,0.0,-0.04,1.0,99.0,38.0,19.0,0.0,30.01,606.0,0.0,0.0,308.0,0.0,0.0,0.0,359.0,0.0,0.0,5.0,3.0,0.0,0.0,0.0,0.0,6.0,0.0,0.0,-52.0,0.0,0.0,0.0,0.0,0.0,0.0,0.0,0.0,78.0,19.0,1119.0,1119.0,13.8,2.7,0.0,2.7,25.8,0.0,0.0,10.5,0.0,0.0,10.1,37.3,32.4,0.0,0.0,0.0,0.0,34.0,527.0,34.0,526.0,32.0,575.0,36.0,559.0,0.0,0.0,-39.0,0.0,0.0,25.8,-26.0,4.998,0.0,0.0,2.003,1.727,77.7,19.3,0.0,0.0,0.0,,0.0,66.2,66.2,0.0,0.0,0.0,0.0,93.2,980.6,93.2,978.8,89.6,1067.0,96.8,1038.2,0.0,0.0,66.74000000000001,1119.0,93.19999999999999,26.999999999999986,0.5400000000000063,0.024430555555555556,1.6866666666666665,0.0,0.48,0.48,343.4,True,2026-08-14 08:27:13-07:00
111.06,1,10,2026-08-14 15:28:58,37.08161,-121.59959,297.0,0.1,169.2,-12.6,0.13,KTCY,37.2,11.7,0.0,10.4,-2.1,16.1,0.0,153.0,0.0,-0.04,1.0,99.0,30.0,19.0,0.0,30.01,606.0,0.0,0.0,308.0,0.0,0.0,0.0,359.0,0.0,0.0,5.0,3.0,0.0,0.0,0.0,0.0,6.0,0.0,0.0,-54.0,0.0,0.0,0.0,0.0,0.0,0.0,0.0,0.0,78.0,19.0,1114.0,1114.0,13.7,2.7,0.0,2.7,25.8,0.0,0.0,10.5,0.0,0.0,9.6,37.3,32.4,0.0,0.0,0.0,0.0,35.0,528.0,35.0,528.0,33.0,575.0,36.0,561.0,0.0,0.0,-39.0,0.0,0.0,25.8,-26.0,4.998,0.0,0.0,2.003,1.724,77.7,19.3,0.0,0.0,0.0,,0.0,66.2,66.2,0.0,0.0,0.0,0.0,95.0,982.4,95.0,982.4,91.4,1067.0,96.8,1041.8,0.0,0.0,66.74000000000001,1114.0,94.55,28.349999999999994,0.5400000000000063,0.025180555555555557,1.771,0.037037037037037035,0.48,0.48,343.4,True,2026-08-14 08:27:13-07:00
112.06,1,10,2026-08-14 15:28:59,37.08161,-121.59959,297.0,0.0,169.2,-12.6,0.13,KTCY,37.2,11.7,0.0,10.4,-2.1,16.1,0.0,153.0,0.0,-0.04,1.0,99.0,28.0,19.0,0.0,30.01,606.0,0.0,0.0,308.0,0.0,0.0,0.0,359.0,0.0,0.0,5.0,3.0,0.0,0.0,0.0,0.0,6.0,0.0,0.0,-55.0,0.0,0.0,0.0,0.0,0.0,0.0,0.0,0.0,78.0,19.0,1107.0,1107.0,13.7,2.6,0.0,2.6,25.8,0.0,0.0,10.5,0.0,0.0,9.1,37.3,32.4,0.0,0.0,0.0,0.0,35.0,529.0,35.0,530.0,33.0,575.0,37.0,563.0,0.0,0.0,-39.0,0.0,0.0,25.8,-26.0,4.998,0.0,0.0,2.003,1.718,77.7,19.3,0.0,0.0,0.0,,0.0,66.2,66.2,0.0,0.0,0.0,0.0,95.0,984.2,95.0,986.0,91.4,1067.0,98.6,1045.4,0.0,0.0,66.74000000000001,1107.0,95.0,28.799999999999997,0.5400000000000063,0.025916666666666668,1.8553333333333333,0.0,0.48,0.48,343.4,True,2026-08-14 08:27:13-07:00
113.06,1,10,2026-08-14 15:29:00,37.08161,-121.59959,297.0,0.1,169.2,-12.6,0.13,KTCY,37.2,11.7,0.0,10.4,-2.2,16.0,0.0,153.0,0.0,-0.03,1.0,99.0,0.0,19.0,0.0,30.01,606.0,0.0,0.0,308.0,0.0,0.0,0.0,359.0,0.0,0.0,5.0,3.0,0.0,0.0,0.0,0.0,6.0,0.0,0.0,-55.0,0.0,0.0,0.0,0.0,0.0,0.0,0.0,0.0,78.0,19.0,1117.0,1117.0,13.8,2.6,0.0,2.6,25.8,0.0,0.0,10.5,0.0,0.0,8.7,37.3,32.4,0.0,0.0,0.0,0.0,35.0,529.0,35.0,533.0,34.0,575.0,37.0,564.0,0.0,0.0,-39.0,0.0,0.0,25.8,-26.0,4.998,0.0,0.0,2.003,1.72,77.8,19.3,0.0,0.0,0.0,,0.0,66.2,66.2,0.0,0.0,0.0,0.0,95.0,984.2,95.0,991.4,93.2,1067.0,98.6,1047.2,0.0,0.0,66.74000000000001,1117.0,95.45,29.25,0.5400000000000063,0.02663888888888889,1.9396666666666667,0.038461538461538464,0.48,0.48,343.4,True,2026-08-14 08:27:13-07:00
114.06,1,10,2026-08-14 15:29:01,37.08161,-121.59959,297.0,0.0,169.2,-12.6,0.13,KTCY,37.2,11.7,0.0,10.4,-2.1,16.0,0.0,153.0,0.0,-0.04,1.0,99.0,22.0,19.0,0.0,30.01,606.0,0.0,0.0,308.0,0.0,0.0,0.0,359.0,0.0,0.0,5.0,3.0,0.0,0.0,0.0,0.0,6.0,0.0,0.0,-56.0,0.0,0.0,0.0,0.0,0.0,0.0,0.0,0.0,78.0,19.0,1109.0,1109.0,13.7,2.6,0.0,2.6,25.8,0.0,0.0,10.5,0.0,0.0,8.3,37.3,32.4,0.0,0.0,0.0,0.0,36.0,531.0,36.0,534.0,35.0,575.0,38.0,565.0,0.0,0.0,-39.0,0.0,0.0,25.8,-26.0,4.998,0.0,0.0,2.003,1.718,77.8,19.3,0.0,0.0,0.0,,0.0,66.2,66.2,0.0,0.0,0.0,0.0,96.8,987.8,96.8,993.2,95.0,1067.0,100.4,1049.0,0.0,0.0,66.74000000000001,1109.0,97.25,31.049999999999997,0.5400000000000063,0.027361111111111114,2.024,0.0,0.48,0.48,343.4,True,2026-08-14 08:27:13-07:00
115.06,1,10,2026-08-14 15:29:02,37.08161,-121.59959,296.0,0.0,169.2,-12.6,0.13,KTCY,37.2,11.7,0.0,10.4,-2.1,16.0,0.0,153.0,0.0,-0.04,1.0,99.0,44.0,19.0,0.0,30.01,606.0,0.0,0.0,308.0,0.0,0.0,0.0,359.0,0.0,0.0,5.0,3.0,0.0,0.0,0.0,0.0,6.0,0.0,0.0,-56.0,0.0,0.0,0.0,0.0,0.0,0.0,0.0,0.0,78.0,19.0,1118.0,1118.0,13.8,2.6,0.0,2.6,25.8,0.0,0.0,10.5,0.0,0.0,7.9,37.3,32.4,0.0,0.0,0.0,0.0,36.0,532.0,36.0,536.0,35.0,575.0,39.0,566.0,0.0,0.0,-39.0,0.0,0.0,25.8,-26.0,4.998,0.0,0.0,2.003,1.716,77.8,19.3,0.0,0.0,0.0,,0.0,66.2,66.2,0.0,0.0,0.0,0.0,96.8,989.6,96.8,996.8,95.0,1067.0,102.2,1050.8,0.0,0.0,66.74000000000001,1118.0,97.7,31.5,0.5400000000000063,0.028083333333333335,2.024,0.0,0.48,0.48,343.4,True,2026-08-14 08:27:13-07:00
116.06,1,10,2026-08-14 15:29:03,37.08161,-121.59959,296.0,0.0,169.2,-12.6,0.13,KTCY,37.2,11.7,0.0,10.4,-2.1,15.9,0.0,153.0,0.0,-0.04,0.9,99.0,9.0,19.0,0.0,30.01,606.0,0.0,0.0,308.0,0.0,0.0,0.0,359.0,0.0,0.0,5.0,3.0,0.0,0.0,0.0,0.0,6.0,0.0,0.0,13.0,0.0,0.0,0.0,0.0,0.0,0.0,0.0,0.0,78.0,19.0,1111.0,1111.0,13.8,2.6,0.0,2.6,25.8,0.0,0.0,10.5,0.0,0.0,7.8,37.3,32.4,0.0,0.0,0.0,0.0,37.0,534.0,37.0,537.0,36.0,576.0,39.0,568.0,0.0,0.0,-39.0,0.0,0.0,25.8,-26.0,4.998,0.0,0.0,2.003,1.715,77.8,19.4,0.0,0.0,0.0,,0.0,66.2,66.2,0.0,0.0,0.0,0.0,98.6,993.2,98.6,998.6,96.8,1068.8,102.2,1054.4,0.0,0.0,66.92,1111.0,99.05000000000001,32.85000000000001,0.7199999999999989,0.028805555555555556,2.024,0.0,0.48,0.48,343.4,True,2026-08-14 08:27:13-07:00
117.06,1,10,2026-08-14 15:29:04,37.08161,-121.59959,297.0,0.1,169.2,-12.6,0.13,KTCY,37.2,11.7,0.0,10.5,-2.2,16.0,0.0,153.0,0.1,-0.04,1.0,99.0,51.0,19.0,0.0,30.01,606.0,0.0,0.0,308.0,0.0,0.0,0.0,359.0,0.0,0.0,5.0,3.0,0.0,0.0,0.0,0.0,6.0,0.0,0.0,13.0,0.0,0.0,0.0,0.0,0.0,0.0,0.0,0.0,78.0,19.0,1047.0,1047.0,13.7,2.6,0.0,2.6,25.8,0.0,0.0,10.5,0.0,0.0,7.8,37.3,32.4,0.0,0.0,0.0,0.0,38.0,535.0,37.0,539.0,36.0,576.0,40.0,570.0,0.0,0.0,-39.0,0.0,0.0,25.8,-26.0,4.998,0.0,0.0,2.003,1.714,77.7,19.4,0.0,0.0,0.0,,0.0,66.2,66.2,0.0,0.0,0.0,0.0,100.4,995.0,98.6,1002.2,96.8,1068.8,104.0,1058.0,0.0,0.0,66.92,1047.0,99.94999999999999,33.749999999999986,0.7199999999999989,0.029527777777777778,2.1083333333333334,0.038461538461538464,0.48,0.48,343.4,True,2026-08-14 08:27:13-07:00
118.06,1,10,2026-08-14 15:29:05,37.08161,-121.59959,297.0,0.1,169.2,-12.6,0.13,KTCY,37.2,11.7,0.0,10.5,-2.1,15.9,0.0,154.0,0.0,-0.04,0.9,99.0,36.0,19.0,0.0,30.01,606.0,0.0,0.0,308.0,0.0,0.0,0.0,359.0,0.0,0.0,5.0,3.0,0.0,0.0,0.0,0.0,4.0,0.0,0.0,13.0,0.0,0.0,0.0,0.0,0.0,0.0,0.0,0.0,77.0,19.0,966.0,966.0,13.8,2.6,0.0,2.6,25.8,0.0,0.0,10.5,0.0,0.0,7.8,37.3,32.4,0.0,0.0,0.0,0.0,38.0,535.0,38.0,541.0,37.0,571.0,40.0,569.0,0.0,0.0,-39.0,0.0,0.0,25.8,-26.0,4.998,0.0,0.0,2.003,1.678,76.9,19.4,0.0,0.0,0.0,,0.0,66.2,66.2,0.0,0.0,0.0,0.0,100.4,995.0,100.4,1005.8,98.6,1059.8,104.0,1056.2,0.0,0.0,66.92,966.0,100.85,34.64999999999999,0.7199999999999989,0.030250000000000003,2.2769999999999997,0.038461538461538464,0.48,0.48,343.4,True,2026-08-14 08:27:13-07:00
119.06,1,10,2026-08-14 15:29:06,37.08162,-121.59959,295.0,0.6,169.2,-12.6,0.13,KTCY,37.2,11.7,0.0,10.6,-2.2,16.1,0.0,154.0,0.2,-0.04,0.9,99.0,1.0,19.0,0.0,30.01,606.0,0.0,0.0,308.0,0.0,0.0,0.0,359.0,0.0,0.0,5.0,3.0,0.0,0.0,0.0,0.0,4.0,0.0,0.0,10.0,0.0,0.0,0.0,0.0,0.0,0.0,0.0,0.0,76.0,19.0,975.0,975.0,13.9,2.6,0.0,2.6,25.8,0.0,0.0,10.5,0.0,0.0,7.6,37.3,32.4,0.0,0.0,0.0,0.0,39.0,536.0,39.0,542.0,37.0,566.0,41.0,566.0,0.0,0.0,-39.0,0.0,0.0,25.8,-26.0,4.998,0.0,0.0,2.045,1.7,76.4,19.4,0.0,0.0,0.0,,0.0,66.2,66.2,0.0,0.0,0.0,0.0,102.2,996.8,102.2,1007.6,98.6,1050.8,105.8,1050.8,0.0,0.0,66.92,975.0,102.19999999999999,35.999999999999986,0.7199999999999989,0.030972222222222224,2.8673333333333333,0.23076923076923075,0.48,0.48,343.4,True,2026-08-14 08:27:13-07:00
120.06,1,10,2026-08-14 15:29:07,37.08162,-121.59959,295.0,0.1,169.2,-12.6,0.13,KTCY,37.2,11.7,0.0,10.6,-2.1,16.1,0.0,154.0,0.1,-0.04,1.0,99.0,16.0,19.0,0.0,30.01,606.0,0.0,0.0,308.0,0.0,0.0,0.0,359.0,0.0,0.0,5.0,3.0,0.0,0.0,0.0,0.0,4.0,0.0,0.0,9.0,0.0,0.0,0.0,0.0,0.0,0.0,0.0,0.0,76.0,19.0,991.0,991.0,14.2,2.5,0.0,2.5,25.8,0.0,0.0,10.5,0.0,0.0,7.5,37.3,32.4,0.0,0.0,0.0,0.0,39.0,536.0,39.0,542.0,38.0,562.0,42.0,564.0,0.0,0.0,-39.0,0.0,0.0,25.8,-26.0,4.998,0.0,0.0,2.003,1.718,76.1,19.4,0.0,0.0,0.0,,0.0,66.2,66.2,0.0,0.0,0.0,0.0,102.2,996.8,102.2,1007.6,100.4,1043.6,107.6,1047.2,0.0,0.0,66.92,991.0,103.1,36.89999999999999,0.7199999999999989,0.03168055555555556,3.4576666666666664,0.04,0.48,0.48,343.4,True,2026-08-14 08:27:13-07:00
121.06,1,10,2026-08-14 15:29:08,37.08162,-121.59959,296.0,0.3,169.2,-12.6,0.13,KTCY,37.2,11.7,0.0,10.7,-1.9,16.7,0.0,154.0,0.4,-0.03,0.9,99.0,15.0,19.0,0.0,30.01,607.0,0.0,0.0,308.0,0.0,0.0,0.0,359.0,0.0,0.0,5.0,3.0,0.0,0.0,0.0,0.0,4.0,0.0,0.0,13.0,0.0,0.0,0.0,0.0,0.0,0.0,0.0,0.0,77.0,19.0,1155.0,1155.0,14.4,2.6,0.0,2.6,25.8,0.0,0.0,10.5,0.0,0.0,7.3,37.3,32.4,0.0,0.0,0.0,0.0,40.0,538.0,39.0,543.0,38.0,565.0,42.0,568.0,0.0,0.0,-39.0,0.0,0.0,25.8,-26.0,4.998,0.0,0.0,1.946,1.671,77.0,19.4,0.0,0.0,0.0,,0.0,66.2,66.2,0.0,0.0,0.0,0.0,104.0,1000.4,102.2,1009.4,100.4,1049.0,107.6,1054.4,0.0,0.0,66.92,1155.0,103.55,37.349999999999994,0.7199999999999989,0.03238888888888889,3.795,0.11538461538461538,0.48,0.48,343.4,True,2026-08-14 08:27:13-07:00
122.06,1,10,2026-08-14 15:29:09,37.08163,-121.59959,295.0,1.3,134.1,-12.6,0.13,KTCY,37.2,11.7,0.0,11.2,-0.9,18.4,0.0,155.0,1.1,-0.02,1.0,99.0,41.0,19.0,0.0,30.01,607.0,0.0,0.0,308.0,0.0,0.0,0.0,359.0,0.0,0.0,5.0,3.0,0.0,0.0,0.0,0.0,4.0,0.0,0.0,13.0,0.0,0.0,0.0,0.0,1.0,0.0,0.0,1200.0,78.0,19.0,1130.0,1130.0,13.8,2.6,0.0,2.6,25.8,0.0,0.0,10.5,0.0,0.0,7.2,37.3,32.4,0.0,0.0,0.0,0.0,40.0,540.0,40.0,546.0,39.0,569.0,43.0,571.0,0.0,0.0,-39.0,0.0,0.0,25.8,-26.0,4.998,0.0,0.0,1.912,1.617,77.7,19.5,0.0,0.0,0.0,,0.0,66.2,66.2,0.0,0.0,0.0,0.0,104.0,1004.0,104.0,1014.8,102.2,1056.2,109.4,1059.8,0.0,0.0,67.1,1130.0,104.9,38.7,0.8999999999999915,0.03311111111111111,5.144333333333333,0.5,0.48,0.48,343.4,True,2026-08-14 08:27:13-07:00
123.06,1,10,2026-08-14 15:29:10,37.08163,-121.59959,294.0,1.3,48.9,-12.6,0.13,KTCY,37.2,11.7,0.0,11.7,0.1,21.5,0.0,155.0,2.4,0.0,1.2,99.0,17.0,19.0,0.0,30.01,607.0,0.0,0.0,308.0,0.0,0.0,0.0,359.0,0.0,0.0,5.0,3.0,0.0,0.0,0.0,0.0,4.0,0.0,0.0,13.0,0.0,0.0,0.0,0.0,1.0,0.0,0.0,1200.0,78.0,19.0,1123.0,1123.0,13.7,2.6,0.0,2.6,25.8,0.0,0.0,10.5,0.0,0.0,7.0,37.3,32.4,0.0,0.0,0.0,0.0,41.0,542.0,41.0,548.0,39.0,571.0,43.0,573.0,0.0,0.0,-39.0,0.0,0.0,25.8,-26.0,4.998,0.0,0.0,1.89,1.729,77.8,19.5,0.0,0.0,0.0,,0.0,66.2,66.2,0.0,0.0,0.0,0.0,105.8,1007.6,105.8,1018.4,102.2,1059.8,109.4,1063.4,0.0,0.0,67.1,1123.0,105.80000000000001,39.60000000000001,0.8999999999999915,0.03383333333333333,7.337,0.5,0.48,0.48,343.4,True,2026-08-14 08:27:13-07:00
124.06,1,10,2026-08-14 15:29:11,37.08164,-121.59959,294.0,2.7,25.3,-12.6,0.13,KTCY,37.2,11.7,0.0,11.6,1.0,27.9,0.0,156.0,4.7,0.01,0.9,99.0,23.0,19.0,0.0,30.01,608.0,0.0,0.0,308.0,0.0,0.0,0.0,359.0,0.0,0.0,5.0,3.0,0.0,0.0,0.0,0.0,4.0,0.0,0.0,13.0,0.0,0.0,0.0,0.0,1.0,0.0,0.0,1200.0,78.0,19.0,1102.0,1102.0,13.7,2.6,0.0,2.6,25.8,0.0,0.0,10.5,0.0,0.0,7.0,37.3,32.4,0.0,0.0,0.0,0.0,42.0,543.0,41.0,550.0,40.0,573.0,44.0,575.0,0.0,0.0,-39.0,0.0,0.0,25.8,-26.0,4.998,0.0,0.0,1.888,1.758,77.7,19.5,0.0,0.0,0.0,,0.0,66.2,66.2,0.0,0.0,0.0,0.0,107.6,1009.4,105.8,1022.0,104.0,1063.4,111.2,1067.0,0.0,0.0,67.1,1102.0,107.15,40.95,0.8999999999999915,0.034555555555555555,10.710333333333333,1.0384615384615385,0.48,0.48,343.4,True,2026-08-14 08:27:13-07:00
125.06,1,10,2026-08-14 15:29:12,37.08165,-121.59958,294.0,2.6,42.6,-12.6,0.13,KTCY,37.2,11.7,0.0,12.0,0.6,36.7,0.0,156.0,7.1,-0.01,1.1,99.0,-3.0,19.0,0.0,30.01,608.0,0.0,0.0,308.0,0.0,0.0,0.0,359.0,0.0,0.0,5.0,3.0,0.0,0.0,0.0,0.0,4.0,0.0,0.0,13.0,0.0,0.0,0.0,0.0,1.0,0.0,0.0,1200.0,78.0,20.0,1097.0,1097.0,13.6,2.6,0.0,2.6,25.8,0.0,0.0,10.5,0.0,0.0,6.9,37.3,32.4,0.0,0.0,0.0,0.0,42.0,543.0,42.0,550.0,41.0,575.0,45.0,576.0,0.0,0.0,-39.0,0.0,0.0,25.8,-26.0,4.998,0.0,0.0,1.826,1.788,77.6,19.5,0.0,0.0,0.0,,0.0,66.2,68.0,0.0,0.0,0.0,0.0,107.6,1009.4,107.6,1022.0,105.8,1067.0,113.0,1068.8,0.0,0.0,67.1,1097.0,108.5,42.3,0.8999999999999915,0.03527777777777778,15.18,1.0,0.48,0.48,343.4,True,2026-08-14 08:27:13-07:00
126.06,1,10,2026-08-14 15:29:13,37.08167,-121.59959,299.0,3.3,45.2,-12.6,0.13,KTCY,37.2,11.7,0.0,11.6,0.3,45.6,0.0,156.0,8.4,-0.04,0.9,99.0,3.0,19.0,0.0,30.01,608.0,0.0,0.0,308.0,0.0,0.0,0.0,359.0,0.0,0.0,5.0,3.0,0.0,0.0,0.0,0.0,4.0,0.0,0.0,13.0,0.0,0.0,0.0,0.0,1.0,0.0,0.0,1200.0,78.0,20.0,1096.0,1096.0,13.7,2.6,0.0,2.6,25.8,0.0,0.0,10.5,0.0,0.0,6.8,37.3,32.4,0.0,0.0,0.0,0.0,43.0,543.0,42.0,552.0,41.0,576.0,45.0,577.0,0.0,0.0,-39.0,0.0,0.0,25.8,-26.0,4.998,0.0,0.0,1.827,1.754,77.6,19.5,0.0,0.0,0.0,,0.0,66.2,68.0,0.0,0.0,0.0,0.0,109.4,1009.4,107.6,1025.6,105.8,1068.8,113.0,1070.6,0.0,0.0,67.1,1096.0,108.94999999999999,42.749999999999986,0.8999999999999915,0.036000000000000004,20.155666666666665,1.2692307692307692,0.48,0.48,343.4,True,2026-08-14 08:27:13-07:00
127.06,1,10,2026-08-14 15:29:14,37.08167,-121.59956,293.0,4.0,62.8,-12.6,0.13,KTCY,37.2,11.7,0.0,11.6,0.2,50.1,0.0,156.0,6.4,-0.03,0.9,99.0,5.0,19.0,0.0,30.01,609.0,0.0,0.0,308.0,0.0,0.0,0.0,359.0,0.0,0.0,5.0,3.0,0.0,0.0,0.0,0.0,4.0,0.0,0.0,12.0,0.0,0.0,0.0,0.0,1.0,0.0,0.0,1200.0,77.0,20.0,1057.0,1057.0,13.6,2.6,0.0,2.6,25.8,0.0,0.0,10.5,0.0,0.0,6.7,37.3,32.4,0.0,0.0,0.0,0.0,43.0,543.0,43.0,553.0,42.0,575.0,46.0,577.0,0.0,0.0,-39.0,0.0,0.0,25.8,-26.0,4.998,0.0,0.0,1.871,1.696,77.4,19.5,0.0,0.0,0.0,,0.0,66.2,68.0,0.0,0.0,0.0,0.0,109.4,1009.4,109.4,1027.4,107.6,1067.0,114.8,1070.6,0.0,0.0,67.1,1057.0,110.29999999999998,44.09999999999998,0.8999999999999915,0.036722222222222226,26.311999999999998,1.5384615384615383,0.48,0.48,343.4,True,2026-08-14 08:27:13-07:00
128.06,1,10,2026-08-14 15:29:15,37.08168,-121.59954,294.0,4.5,62.4,-12.6,0.13,KTCY,37.2,11.7,0.0,11.7,0.1,53.3,0.0,156.0,4.5,-0.02,1.1,99.0,-35.0,19.0,0.0,30.01,609.0,0.0,0.0,308.0,0.0,0.0,0.0,359.0,0.0,0.0,5.0,3.0,0.0,0.0,0.0,0.0,4.0,0.0,0.0,12.0,0.0,0.0,0.0,0.0,1.0,0.0,0.0,1200.0,77.0,20.0,1042.0,1042.0,13.8,2.6,0.0,2.6,25.8,0.0,0.0,10.5,0.0,0.0,6.7,37.3,32.4,0.0,0.0,0.0,0.0,44.0,543.0,43.0,555.0,43.0,573.0,47.0,577.0,0.0,0.0,-39.0,0.0,0.0,25.8,-26.0,4.998,0.0,0.0,1.863,1.74,77.1,19.6,0.0,0.0,0.0,,0.0,66.2,68.0,0.0,0.0,0.0,0.0,111.2,1009.4,109.4,1031.0,109.4,1063.4,116.6,1070.6,0.0,0.0,67.28,1042.0,111.64999999999999,45.44999999999999,1.0799999999999983,0.03744444444444445,33.480333333333334,1.7307692307692306,0.48,0.48,343.4,True,2026-08-14 08:27:13-07:00
129.06,1,10,2026-08-14 15:29:16,37.08168,-121.59952,295.0,5.0,64.5,-12.6,0.13,KTCY,37.2,11.7,0.0,11.7,0.1,56.9,0.0,156.0,3.9,-0.02,1.0,99.0,-14.0,19.0,0.0,30.01,609.0,0.0,0.0,308.0,0.0,0.0,0.0,359.0,0.0,0.0,5.0,3.0,0.0,0.0,0.0,0.0,4.0,0.0,0.0,12.0,0.0,0.0,0.0,0.0,1.0,0.0,0.0,1200.0,77.0,20.0,1027.0,1027.0,13.9,2.6,0.0,2.6,25.8,0.0,0.0,10.5,0.0,0.0,6.7,37.3,32.4,0.0,0.0,0.0,0.0,45.0,544.0,44.0,557.0,43.0,572.0,48.0,576.0,0.0,0.0,-39.0,0.0,0.0,25.8,-26.0,4.998,0.0,0.0,1.827,1.743,76.8,19.6,0.0,0.0,0.0,,0.0,66.2,68.0,0.0,0.0,0.0,0.0,113.0,1011.2,111.2,1034.6,109.4,1061.6,118.4,1068.8,0.0,0.0,67.28,1027.0,113.0,46.8,1.0799999999999983,0.03816666666666667,41.492,1.923076923076923,0.48,0.48,343.4,True,2026-08-14 08:27:13-07:00
130.06,1,10,2026-08-14 15:29:17,37.08169,-121.59949,295.0,5.6,74.9,-12.6,0.13,KTCY,37.2,11.7,0.0,11.4,0.5,59.8,0.0,156.0,3.4,-0.01,1.0,99.0,-22.0,19.0,0.0,30.01,609.0,0.0,0.0,308.0,0.0,0.0,0.0,359.0,0.0,0.0,5.0,3.0,0.0,0.0,0.0,0.0,4.0,0.0,0.0,12.0,0.0,0.0,0.0,0.0,1.0,0.0,0.0,1200.0,77.0,20.0,1012.0,1012.0,14.0,2.6,0.0,2.6,25.8,0.0,0.0,10.5,0.0,0.0,6.6,37.3,32.4,0.0,0.0,0.0,0.0,45.0,544.0,45.0,558.0,44.0,571.0,48.0,575.0,0.0,0.0,-39.0,0.0,0.0,25.8,-26.0,4.998,0.0,0.0,1.827,1.753,76.6,19.6,0.0,0.0,0.0,,0.0,66.2,68.0,0.0,0.0,0.0,0.0,113.0,1011.2,113.0,1036.4,111.2,1059.8,118.4,1067.0,0.0,0.0,67.28,1012.0,113.9,47.7,1.0799999999999983,0.03888888888888889,50.43133333333333,2.1538461538461537,0.48,0.48,343.4,True,2026-08-14 08:27:13-07:00
131.06,1,10,2026-08-14 15:29:18,37.0817,-121.59946,295.0,6.2,80.9,-12.6,0.13,KTCY,37.2,11.7,0.0,11.2,0.9,58.7,0.0,156.0,1.1,-0.01,1.1,99.0,-1.0,19.0,0.0,30.01,608.0,0.0,0.0,308.0,0.0,0.0,0.0,359.0,0.0,0.0,5.0,3.0,0.0,0.0,0.0,0.0,4.0,0.0,0.0,12.0,0.0,0.0,0.0,0.0,1.0,0.0,0.0,1200.0,76.0,20.0,1000.0,1000.0,13.9,2.6,0.0,2.6,25.8,0.0,0.0,10.5,0.0,0.0,6.5,37.3,32.4,0.0,0.0,0.0,0.0,45.0,546.0,45.0,558.0,44.0,571.0,48.0,575.0,0.0,0.0,-39.0,0.0,0.0,25.8,-26.0,4.998,0.0,0.0,1.827,1.766,76.5,19.6,0.0,0.0,0.0,,0.0,66.2,68.0,0.0,0.0,0.0,0.0,113.0,1014.8,113.0,1036.4,111.2,1059.8,118.4,1067.0,0.0,0.0,67.28,1000.0,113.9,47.7,1.0799999999999983,0.03961111111111111,60.382666666666665,2.3846153846153846,0.48,0.48,343.4,True,2026-08-14 08:27:13-07:00
132.06,1,10,2026-08-14 15:29:19,37.08171,-121.59942,295.0,6.3,72.9,-12.6,0.13,KTCY,37.2,11.7,0.0,11.1,0.9,57.1,0.0,156.0,-0.7,0.02,0.9,99.0,-32.0,18.0,0.0,30.01,608.0,0.0,0.0,308.0,0.0,0.0,0.0,359.0,0.0,0.0,5.0,3.0,0.0,0.0,0.0,0.0,4.0,0.0,0.0,11.0,0.0,0.0,0.0,0.0,1.0,0.0,0.0,1200.0,76.0,20.0,941.0,941.0,13.9,2.5,0.0,2.5,25.8,0.0,0.0,10.5,0.0,0.0,6.4,37.3,32.4,0.0,0.0,0.0,0.0,46.0,547.0,46.0,558.0,45.0,568.0,49.0,572.0,0.0,0.0,-39.0,0.0,0.0,25.8,-26.0,4.998,0.0,0.0,1.827,1.808,75.6,19.6,0.0,0.0,0.0,,0.0,64.4,68.0,0.0,0.0,0.0,0.0,114.8,1016.6,114.8,1036.4,113.0,1054.4,120.2,1061.6,0.0,0.0,67.28,941.0,115.7,51.3,2.8799999999999955,0.04031944444444445,70.92433333333334,2.52,0.48,0.48,343.4,True,2026-08-14 08:27:13-07:00
133.06,1,10,2026-08-14 15:29:20,37.08172,-121.59939,296.0,6.6,75.8,-12.6,0.12,KTCY,37.2,11.7,0.0,11.3,0.3,55.8,0.0,156.0,-1.0,0.01,0.9,99.0,-9.0,19.0,0.0,30.01,608.0,0.0,0.0,308.0,0.0,0.0,0.0,359.0,0.0,0.0,5.0,2.0,0.0,0.0,0.0,0.0,4.0,0.0,0.0,11.0,0.0,0.0,0.0,0.0,1.0,0.0,0.0,1200.0,75.0,20.0,926.0,926.0,14.1,2.4,0.0,2.4,25.8,0.0,0.0,10.5,0.0,0.0,6.4,37.3,32.4,0.0,0.0,0.0,0.0,46.0,547.0,46.0,559.0,45.0,566.0,50.0,570.0,0.0,0.0,-39.0,0.0,0.0,25.8,-26.0,4.998,0.0,0.0,1.697,1.793,75.0,19.6,0.0,0.0,0.0,,0.0,66.2,68.0,0.0,0.0,0.0,0.0,114.8,1016.6,114.8,1038.2,113.0,1050.8,122.0,1058.0,0.0,0.0,67.28,926.0,116.15,49.95,1.0799999999999983,0.041,81.80333333333333,2.75,0.48,0.48,343.4,True,2026-08-14 08:27:13-07:00
134.06,1,10,2026-08-14 15:29:21,37.08173,-121.59935,295.0,6.8,69.9,-12.6,0.12,KTCY,37.2,11.7,0.0,11.4,-0.1,54.7,0.0,156.0,-1.2,0.01,1.0,99.0,12.0,18.0,0.0,30.01,608.0,0.0,0.0,308.0,0.0,0.0,0.0,359.0,0.0,0.0,5.0,2.0,0.0,0.0,0.0,0.0,4.0,0.0,0.0,11.0,0.0,0.0,0.0,0.0,1.0,0.0,0.0,1200.0,74.0,20.0,884.0,884.0,14.1,2.4,0.0,2.4,25.8,0.0,0.0,10.5,0.0,0.0,6.4,37.3,32.4,0.0,0.0,0.0,0.0,47.0,546.0,47.0,559.0,46.0,564.0,50.0,566.0,0.0,0.0,-39.0,0.0,0.0,25.8,-26.0,4.998,0.0,0.0,1.699,1.849,74.2,19.7,0.0,0.0,0.0,,0.0,64.4,68.0,0.0,0.0,0.0,0.0,116.6,1014.8,116.6,1038.2,114.8,1047.2,122.0,1050.8,0.0,0.0,67.46,884.0,117.5,53.099999999999994,3.059999999999988,0.04166666666666667,93.104,2.8333333333333335,0.48,0.48,343.4,True,2026-08-14 08:27:13-07:00
135.06,1,10,2026-08-14 15:29:22,37.08174,-121.5993,293.0,6.9,66.4,-12.6,0.12,KTCY,37.2,11.7,0.0,11.5,-0.6,55.0,0.0,156.0,-0.4,-0.01,1.0,99.0,-5.0,18.0,0.0,30.01,608.0,0.0,0.0,308.0,0.0,0.0,0.0,359.0,0.0,0.0,5.0,2.0,0.0,0.0,0.0,0.0,4.0,0.0,0.0,11.0,0.0,0.0,0.0,0.0,1.0,0.0,0.0,1200.0,73.0,20.0,852.0,852.0,14.1,2.2,0.0,2.2,25.9,0.0,0.0,10.5,0.0,0.0,6.4,37.3,32.4,0.0,0.0,0.0,0.0,48.0,545.0,47.0,559.0,46.0,561.0,51.0,565.0,0.0,0.0,-39.0,0.0,0.0,25.9,-26.0,4.998,0.0,0.0,1.703,1.848,73.0,19.7,0.0,0.0,0.0,,0.0,64.4,68.0,0.0,0.0,0.0,0.0,118.4,1013.0,116.6,1038.2,114.8,1041.8,123.8,1049.0,0.0,0.0,67.46,852.0,118.4,54.0,3.059999999999988,0.042305555555555555,104.65766666666667,3.1363636363636362,0.48,0.48,343.4,True,2026-08-14 08:27:13-07:00
136.06,1,10,2026-08-14 15:29:23,37.08175,-121.59927,295.0,6.8,68.7,-12.6,0.12,KTCY,37.2,11.7,0.0,11.6,-0.7,55.0,0.0,156.0,-0.2,-0.0,0.9,99.0,-5.0,18.0,0.0,30.01,608.0,0.0,0.0,308.0,0.0,0.0,0.0,359.0,0.0,0.0,5.0,2.0,0.0,0.0,0.0,0.0,4.0,0.0,0.0,11.0,0.0,0.0,0.0,0.0,1.0,0.0,0.0,1200.0,71.0,20.0,765.0,765.0,14.2,2.1,0.0,2.1,25.9,0.0,0.0,10.5,0.0,0.0,6.4,37.3,32.4,0.0,0.0,0.0,0.0,48.0,543.0,48.0,559.0,47.0,559.0,51.0,562.0,0.0,0.0,-39.0,0.0,0.0,25.9,-26.0,4.998,0.0,0.0,1.731,1.849,71.3,19.7,0.0,0.0,0.0,,0.0,64.4,68.0,0.0,0.0,0.0,0.0,118.4,1009.4,118.4,1038.2,116.6,1038.2,123.8,1043.6,0.0,0.0,67.46,765.0,119.29999999999998,54.89999999999998,3.059999999999988,0.04290277777777778,116.21133333333333,3.2380952380952377,0.48,0.48,343.4,True,2026-08-14 08:27:13-07:00
137.06,1,10,2026-08-14 15:29:24,37.08176,-121.59924,296.0,6.7,79.9,-12.6,0.12,KTCY,37.2,11.7,0.0,11.5,-1.4,55.3,0.0,156.0,0.1,-0.03,1.0,99.0,-3.0,18.0,0.0,30.01,598.0,0.0,0.0,308.0,0.0,0.0,0.0,359.0,0.0,0.0,5.0,2.0,0.0,0.0,0.0,0.0,4.0,0.0,0.0,11.0,0.0,0.0,0.0,0.0,1.0,0.0,0.0,1200.0,70.0,20.0,744.0,744.0,14.5,2.0,0.0,2.0,25.9,0.0,0.0,10.5,0.0,0.0,6.4,37.3,32.4,0.0,0.0,0.0,0.0,48.0,541.0,48.0,559.0,48.0,557.0,52.0,560.0,0.0,0.0,-38.0,0.0,0.0,25.9,-26.0,4.998,0.0,0.0,1.765,1.84,70.0,19.7,0.0,0.0,0.0,,0.0,64.4,68.0,0.0,0.0,0.0,0.0,118.4,1005.8,118.4,1038.2,118.4,1034.6,125.6,1040.0,0.0,0.0,67.46,744.0,120.19999999999999,55.79999999999998,3.059999999999988,0.043472222222222225,127.59633333333332,3.35,0.48,0.48,343.4,True,2026-08-14 08:27:13-07:00
138.06,1,10,2026-08-14 15:29:25,37.08178,-121.5992,296.0,6.5,69.4,-12.6,0.12,KTCY,37.2,11.7,0.0,11.3,-1.4,54.0,0.0,156.0,-0.7,-0.02,1.1,99.0,-18.0,18.0,0.0,30.01,598.0,0.0,0.0,308.0,0.0,0.0,0.0,359.0,0.0,0.0,5.0,2.0,0.0,0.0,0.0,0.0,4.0,0.0,0.0,11.0,0.0,0.0,0.0,0.0,1.0,0.0,0.0,1200.0,69.0,20.0,702.0,702.0,15.0,2.0,0.0,2.0,25.9,0.0,0.0,10.5,0.0,0.0,6.3,37.3,32.4,0.0,0.0,0.0,0.0,49.0,539.0,48.0,559.0,48.0,555.0,52.0,558.0,0.0,0.0,-39.0,0.0,0.0,25.9,-26.0,4.998,0.0,0.0,1.769,1.787,68.7,19.7,0.0,0.0,0.0,,0.0,64.4,68.0,0.0,0.0,0.0,0.0,120.2,1002.2,118.4,1038.2,118.4,1031.0,125.6,1036.4,0.0,0.0,67.46,702.0,120.64999999999999,56.249999999999986,3.059999999999988,0.044027777777777784,138.72833333333332,3.25,0.48,0.48,343.4,True,2026-08-14 08:27:13-07:00
139.06,1,10,2026-08-14 15:29:26,37.08184,-121.59918,329.0,6.3,69.0,-12.6,0.12,KTCY,37.2,11.7,0.0,11.1,-1.3,52.9,0.0,156.0,-1.0,-0.02,1.0,99.0,-13.0,18.0,0.0,30.01,598.0,0.0,0.0,308.0,0.0,0.0,0.0,359.0,0.0,0.0,5.0,2.0,0.0,0.0,0.0,0.0,4.0,0.0,0.0,11.0,0.0,0.0,0.0,0.0,1.0,0.0,0.0,1200.0,68.0,20.0,724.0,724.0,15.1,1.9,0.0,1.9,25.9,0.0,0.0,10.5,0.0,0.0,6.2,37.3,32.4,0.0,0.0,0.0,0.0,49.0,538.0,49.0,558.0,48.0,551.0,53.0,555.0,0.0,0.0,-38.0,0.0,0.0,25.9,-26.0,4.998,0.0,0.0,1.827,1.787,68.0,19.7,0.0,0.0,0.0,,0.0,64.4,68.0,0.0,0.0,0.0,0.0,120.2,1000.4,120.2,1036.4,118.4,1023.8,127.4,1031.0,0.0,0.0,67.46,724.0,121.55,57.14999999999999,3.059999999999988,0.044569444444444446,149.523,3.3157894736842106,0.48,0.48,343.4,True,2026-08-14 08:27:13-07:00
140.06,1,10,2026-08-14 15:29:27,37.08186,-121.59915,329.0,6.3,67.3,-12.6,0.12,KTCY,37.2,11.7,0.0,11.0,-1.4,51.6,0.0,156.0,-1.2,-0.02,1.0,99.0,-16.0,18.0,0.0,30.01,598.0,0.0,0.0,308.0,0.0,0.0,0.0,359.0,0.0,0.0,5.0,2.0,0.0,0.0,0.0,0.0,4.0,0.0,0.0,11.0,0.0,0.0,0.0,0.0,1.0,0.0,0.0,1200.0,67.0,20.0,699.0,699.0,15.1,1.8,0.0,1.8,25.9,0.0,0.0,10.5,0.0,0.0,6.2,37.3,32.4,0.0,0.0,0.0,0.0,50.0,536.0,49.0,557.0,49.0,550.0,53.0,554.0,0.0,0.0,-38.0,0.0,0.0,25.9,-26.0,4.998,0.0,0.0,1.827,1.787,67.4,19.8,0.0,0.0,0.0,,0.0,64.4,68.0,0.0,0.0,0.0,0.0,122.0,996.8,120.2,1034.6,120.2,1022.0,127.4,1029.2,0.0,0.0,67.64,699.0,122.45,58.05,3.239999999999995,0.045083333333333336,160.149,3.5,0.48,0.48,343.4,True,2026-08-14 08:27:13-07:00
141.06,1,10,2026-08-14 15:29:28,37.08187,-121.59912,331.0,5.4,66.2,-12.6,0.11,KTCY,37.1,11.7,0.0,11.3,-1.4,51.7,0.0,156.0,-0.5,-0.02,1.0,99.0,-42.0,18.0,0.0,30.01,598.0,0.0,0.0,308.0,0.0,0.0,0.0,359.0,0.0,0.0,5.0,2.0,0.0,0.0,0.0,0.0,4.0,0.0,0.0,11.0,0.0,0.0,0.0,0.0,1.0,0.0,0.0,1200.0,67.0,20.0,694.0,694.0,15.2,1.8,0.0,1.8,25.9,0.0,0.0,10.5,0.0,0.0,6.2,37.3,32.4,0.0,0.0,0.0,0.0,50.0,535.0,50.0,555.0,49.0,547.0,54.0,552.0,0.0,0.0,-39.0,0.0,0.0,25.9,-26.0,4.998,0.0,0.0,1.902,1.772,66.9,19.8,0.0,0.0,0.0,,0.0,64.4,68.0,0.0,0.0,0.0,0.0,122.0,995.0,122.0,1031.0,120.2,1016.6,129.2,1025.6,0.0,0.0,67.64,694.0,123.35,58.94999999999999,3.239999999999995,0.04558333333333334,170.016,3.0,0.48,0.48,343.4,True,2026-08-14 08:27:13-07:00
142.06,1,10,2026-08-14 15:29:29,37.08187,-121.59909,332.0,5.0,66.4,-12.6,0.11,KTCY,37.1,11.7,0.0,11.4,-1.4,51.4,0.0,156.0,-0.3,-0.03,1.0,99.0,-54.0,18.0,0.0,30.01,598.0,0.0,0.0,308.0,0.0,0.0,0.0,359.0,0.0,0.0,5.0,2.0,0.0,0.0,0.0,0.0,4.0,0.0,0.0,11.0,0.0,0.0,0.0,0.0,1.0,0.0,0.0,1200.0,67.0,20.0,701.0,701.0,15.3,1.8,0.0,1.8,26.0,0.0,0.0,10.5,0.0,0.0,6.1,37.3,32.4,0.0,0.0,0.0,0.0,50.0,535.0,50.0,554.0,50.0,546.0,54.0,550.0,0.0,0.0,-38.0,0.0,0.0,26.0,-26.0,4.998,0.0,0.0,1.888,1.771,66.5,19.8,0.0,0.0,0.0,,0.0,64.4,68.0,0.0,0.0,0.0,0.0,122.0,995.0,122.0,1029.2,122.0,1014.8,129.2,1022.0,0.0,0.0,67.64,701.0,123.8,59.39999999999999,3.239999999999995,0.04608333333333334,178.78666666666666,2.7777777777777777,0.48,0.48,343.4,True,2026-08-14 08:27:13-07:00
143.06,1,10,2026-08-14 15:29:30,37.08188,-121.59907,331.0,4.3,68.5,-12.6,0.11,KTCY,37.1,11.6,0.0,11.1,-1.4,50.6,0.0,156.0,-0.5,-0.03,1.0,99.0,-5.0,18.0,0.0,30.01,598.0,0.0,0.0,308.0,0.0,0.0,0.0,359.0,0.0,0.0,5.0,2.0,0.0,0.0,0.0,0.0,4.0,0.0,0.0,12.0,0.0,0.0,0.0,0.0,1.0,0.0,0.0,1200.0,67.0,20.0,699.0,699.0,15.2,1.7,0.0,1.7,25.9,0.0,0.0,10.5,0.0,0.0,6.0,37.3,32.4,0.0,0.0,0.0,0.0,51.0,534.0,51.0,552.0,51.0,545.0,55.0,548.0,0.0,0.0,-38.0,0.0,0.0,25.9,-26.0,4.998,0.0,0.0,1.945,1.825,66.5,19.8,0.0,0.0,0.0,,0.0,64.4,68.0,0.0,0.0,0.0,0.0,123.8,993.2,123.8,1025.6,123.8,1013.0,131.0,1018.4,0.0,0.0,67.64,699.0,125.60000000000001,61.2,3.239999999999995,0.04656944444444445,186.62966666666665,2.5294117647058822,0.48,0.48,343.4,True,2026-08-14 08:27:13-07:00
144.06,1,10,2026-08-14 15:29:31,37.08189,-121.59904,328.0,3.3,71.9,-12.6,0.11,KTCY,37.1,11.6,0.0,10.9,-2.0,50.0,0.0,156.0,-0.4,-0.03,0.9,99.0,-9.0,18.0,0.0,30.01,598.0,0.0,0.0,308.0,0.0,0.0,0.0,359.0,0.0,0.0,5.0,2.0,0.0,0.0,0.0,0.0,4.0,0.0,0.0,12.0,0.0,0.0,0.0,0.0,1.0,0.0,0.0,1200.0,66.0,20.0,691.0,691.0,15.4,1.7,0.0,1.7,25.9,0.0,0.0,10.5,0.0,0.0,6.0,37.3,32.4,0.0,0.0,0.0,0.0,51.0,534.0,51.0,550.0,51.0,544.0,55.0,549.0,0.0,0.0,-39.0,0.0,0.0,25.9,-26.0,4.998,0.0,0.0,1.947,1.859,66.2,19.8,0.0,0.0,0.0,,0.0,64.4,68.0,0.0,0.0,0.0,0.0,123.8,993.2,123.8,1022.0,123.8,1011.2,131.0,1020.2,0.0,0.0,67.64,691.0,125.60000000000001,61.2,3.239999999999995,0.04704166666666667,193.039,1.9411764705882353,0.48,0.48,343.4,True,2026-08-14 08:27:13-07:00
145.06,1,10,2026-08-14 15:29:32,37.08189,-121.59903,330.0,2.2,68.6,-12.6,0.11,KTCY,37.1,11.6,0.0,10.9,-1.6,51.0,0.0,156.0,0.5,-0.03,1.0,99.0,-15.0,18.0,0.0,30.01,598.0,0.0,0.0,308.0,0.0,0.0,0.0,359.0,0.0,0.0,5.0,2.0,0.0,0.0,0.0,0.0,4.0,0.0,0.0,12.0,0.0,0.0,0.0,0.0,1.0,0.0,0.0,1200.0,66.0,20.0,700.0,700.0,15.4,1.7,0.0,1.7,25.9,0.0,0.0,10.5,0.0,0.0,5.9,37.3,32.4,0.0,0.0,0.0,0.0,51.0,533.0,51.0,550.0,51.0,543.0,56.0,548.0,0.0,0.0,-39.0,0.0,0.0,25.9,-26.0,4.998,0.0,0.0,1.995,1.893,66.1,19.8,0.0,0.0,0.0,,0.0,64.4,68.0,0.0,0.0,0.0,0.0,123.8,991.4,123.8,1022.0,123.8,1009.4,132.8,1018.4,0.0,0.0,67.64,700.0,126.05000000000001,61.650000000000006,3.239999999999995,0.04751388888888889,197.67733333333334,1.2941176470588236,0.48,0.48,343.4,True,2026-08-14 08:27:13-07:00
146.06,1,10,2026-08-14 15:29:33,37.0819,-121.59902,331.0,1.2,64.4,-12.6,0.11,KTCY,37.1,11.6,0.0,10.9,-1.6,51.7,0.0,156.0,0.8,-0.04,1.0,99.0,-13.0,18.0,0.0,30.01,598.0,0.0,0.0,308.0,0.0,0.0,0.0,359.0,0.0,0.0,5.0,2.0,0.0,0.0,0.0,0.0,4.0,0.0,0.0,8.0,0.0,0.0,0.0,0.0,1.0,0.0,0.0,1200.0,66.0,20.0,713.0,713.0,15.4,1.7,0.0,1.7,25.9,0.0,0.0,10.5,0.0,0.0,5.8,37.3,32.4,0.0,0.0,0.0,0.0,52.0,532.0,52.0,550.0,52.0,542.0,56.0,545.0,0.0,0.0,-38.0,0.0,0.0,25.9,-26.0,4.998,0.0,0.0,2.024,1.82,66.3,19.8,0.0,0.0,0.0,,0.0,64.4,68.0,0.0,0.0,0.0,0.0,125.6,989.6,125.6,1022.0,125.6,1007.6,132.8,1013.0,0.0,0.0,67.64,713.0,127.4,63.0,3.239999999999995,0.04798611111111111,200.54466666666667,0.7058823529411765,0.48,0.48,343.4,True,2026-08-14 08:27:13-07:00
147.06,1,10,2026-08-14 15:29:34,37.0819,-121.59901,330.0,0.5,64.8,-12.6,0.11,KTCY,37.1,11.6,0.0,10.3,-1.6,52.5,0.0,156.0,0.6,-0.03,1.0,99.0,-23.0,18.0,0.0,30.01,598.0,0.0,0.0,308.0,0.0,0.0,0.0,359.0,0.0,0.0,5.0,2.0,0.0,0.0,0.0,0.0,4.0,0.0,0.0,-6.0,0.0,0.0,0.0,0.0,1.0,0.0,0.0,1200.0,66.0,20.0,694.0,694.0,15.3,1.7,0.0,1.7,25.9,0.0,0.0,10.5,0.0,0.0,5.8,37.3,32.4,0.0,0.0,0.0,0.0,52.0,533.0,52.0,550.0,52.0,541.0,57.0,545.0,0.0,0.0,-39.0,0.0,0.0,25.9,-26.0,4.998,0.0,0.0,2.02,1.753,66.4,19.9,0.0,0.0,0.0,,0.0,64.4,68.0,0.0,0.0,0.0,0.0,125.6,991.4,125.6,1022.0,125.6,1005.8,134.6,1013.0,0.0,0.0,67.82,694.0,127.85,63.44999999999999,3.4199999999999875,0.04845833333333333,201.97833333333332,0.29411764705882354,0.48,0.48,343.4,True,2026-08-14 08:27:13-07:00
148.06,1,10,2026-08-14 15:29:35,37.08191,-121.59901,329.0,0.1,64.8,-12.6,0.11,KTCY,37.1,11.6,0.0,10.1,-1.6,53.0,0.0,156.0,0.2,-0.03,0.9,99.0,-6.0,18.0,0.0,30.01,598.0,0.0,0.0,308.0,0.0,0.0,0.0,359.0,0.0,0.0,5.0,2.0,0.0,0.0,0.0,0.0,4.0,0.0,0.0,-10.0,0.0,0.0,0.0,0.0,1.0,0.0,0.0,1200.0,66.0,20.0,694.0,694.0,15.3,1.7,0.0,1.7,25.9,0.0,0.0,10.5,0.0,0.0,5.8,37.3,32.4,0.0,0.0,0.0,0.0,53.0,533.0,53.0,550.0,53.0,541.0,57.0,544.0,0.0,0.0,-38.0,0.0,0.0,25.9,-26.0,4.998,0.0,0.0,1.943,1.7,66.3,19.9,0.0,0.0,0.0,,0.0,64.4,68.0,0.0,0.0,0.0,0.0,127.4,991.4,127.4,1022.0,127.4,1005.8,134.6,1011.2,0.0,0.0,67.82,694.0,129.2,64.79999999999998,3.4199999999999875,0.04893055555555556,202.48433333333332,0.05882352941176471,0.48,0.48,343.4,True,2026-08-14 08:27:13-07:00
149.06,1,10,2026-08-14 15:29:36,37.0819,-121.59901,330.0,0.0,64.8,-12.6,0.11,KTCY,37.1,11.6,0.0,10.0,-1.6,53.5,0.0,156.0,0.1,-0.03,1.0,99.0,12.0,18.0,0.0,30.01,598.0,0.0,0.0,308.0,0.0,0.0,0.0,359.0,0.0,0.0,5.0,2.0,0.0,0.0,0.0,0.0,4.0,0.0,0.0,13.0,0.0,0.0,0.0,0.0,1.0,0.0,0.0,1200.0,66.0,20.0,698.0,698.0,15.5,1.7,0.0,1.7,25.9,0.0,0.0,10.5,0.0,0.0,5.7,37.3,32.4,0.0,0.0,0.0,0.0,53.0,533.0,53.0,550.0,53.0,540.0,58.0,543.0,0.0,0.0,-38.0,0.0,0.0,25.9,-26.0,4.998,0.0,0.0,1.959,1.719,66.2,19.9,0.0,0.0,0.0,,0.0,64.4,68.0,0.0,0.0,0.0,0.0,127.4,991.4,127.4,1022.0,127.4,1004.0,136.4,1009.4,0.0,0.0,67.82,698.0,129.65,65.25,3.4199999999999875,0.04940277777777778,202.56866666666664,0.0,0.48,0.48,343.4,True,2026-08-14 08:27:13-07:00
150.06,1,10,2026-08-14 15:29:37,37.0819,-121.59901,329.0,0.0,64.8,-12.6,0.11,KTCY,37.1,11.6,0.0,10.1,-1.6,53.6,0.0,156.0,0.1,-0.03,0.9,99.0,15.0,18.0,0.0,30.04,598.0,0.0,0.0,308.0,0.0,0.0,0.0,359.0,0.0,0.0,5.0,2.0,0.0,0.0,0.0,0.0,4.0,0.0,0.0,13.0,0.0,0.0,0.0,0.0,1.0,0.0,0.0,1200.0,66.0,20.0,718.0,718.0,15.3,1.7,0.0,1.7,26.0,0.0,0.0,10.5,0.0,0.0,5.6,37.3,32.4,0.0,0.0,0.0,0.0,54.0,532.0,54.0,550.0,54.0,541.0,58.0,542.0,0.0,0.0,-38.0,0.0,0.0,26.0,-26.0,4.998,0.0,0.0,1.949,1.759,66.4,19.9,0.0,0.0,0.0,,0.0,64.4,68.0,0.0,0.0,0.0,0.0,129.2,989.6,129.2,1022.0,129.2,1005.8,136.4,1007.6,0.0,0.0,67.82,718.0,131.0,66.6,3.4199999999999875,0.049875,202.56866666666664,0.0,0.48,0.48,343.4,True,2026-08-14 08:27:13-07:00
151.06,1,10,2026-08-14 15:29:38,37.0819,-121.59901,329.0,0.0,64.8,-12.6,0.11,KTCY,37.1,11.6,0.0,10.3,-1.6,53.6,0.0,156.0,0.0,-0.03,0.9,99.0,-13.0,18.0,0.0,30.07,598.0,0.0,0.0,308.0,0.0,0.0,0.0,359.0,0.0,0.0,5.0,2.0,0.0,0.0,0.0,0.0,4.0,0.0,0.0,13.0,0.0,0.0,0.0,0.0,1.0,0.0,0.0,1200.0,67.0,20.0,711.0,711.0,15.3,1.6,0.0,1.6,26.0,0.0,0.0,10.5,0.0,0.0,5.6,37.3,32.4,0.0,0.0,0.0,0.0,54.0,531.0,54.0,550.0,54.0,541.0,59.0,542.0,0.0,0.0,-38.0,0.0,0.0,26.0,-26.0,4.998,0.0,0.0,1.947,1.775,66.5,19.9,0.0,0.0,0.0,,0.0,64.4,68.0,0.0,0.0,0.0,0.0,129.2,987.8,129.2,1022.0,129.2,1005.8,138.2,1007.6,0.0,0.0,67.82,711.0,131.45,67.04999999999998,3.4199999999999875,0.050333333333333334,202.56866666666664,0.0,0.48,0.48,343.4,True,2026-08-14 08:27:13-07:00
152.06,1,10,2026-08-14 15:29:39,37.0819,-121.59901,328.0,0.0,64.8,-12.6,0.11,KTCY,37.1,11.6,0.0,10.5,-1.6,53.5,0.0,156.0,0.0,-0.03,1.0,99.0,-2.0,18.0,0.0,30.06,597.0,0.0,0.0,308.0,0.0,0.0,0.0,359.0,0.0,0.0,5.0,2.0,0.0,0.0,0.0,0.0,4.0,0.0,0.0,13.0,0.0,0.0,0.0,0.0,1.0,0.0,0.0,1200.0,67.0,20.0,726.0,726.0,15.2,1.6,0.0,1.6,26.0,0.0,0.0,10.5,0.0,0.0,5.6,37.3,32.4,0.0,0.0,0.0,0.0,55.0,532.0,55.0,550.0,55.0,541.0,59.0,541.0,0.0,0.0,-38.0,0.0,0.0,26.0,-26.0,4.998,0.0,0.0,1.947,1.715,66.6,19.9,0.0,0.0,0.0,,0.0,64.4,68.0,0.0,0.0,0.0,0.0,131.0,989.6,131.0,1022.0,131.0,1005.8,138.2,1005.8,0.0,0.0,67.82,726.0,132.8,68.4,3.4199999999999875,0.05077777777777778,202.56866666666664,0.0,0.48,0.48,343.4,True,2026-08-14 08:27:13-07:00
153.06,1,10,2026-08-14 15:29:40,37.0819,-121.59901,328.0,0.0,64.8,-12.6,0.11,KTCY,37.1,11.6,0.0,10.6,-1.7,53.4,0.0,156.0,0.1,-0.03,1.0,99.0,-12.0,18.0,0.0,30.06,597.0,0.0,0.0,308.0,0.0,0.0,0.0,359.0,0.0,0.0,5.0,2.0,0.0,0.0,0.0,0.0,4.0,0.0,0.0,13.0,0.0,0.0,0.0,0.0,1.0,0.0,0.0,1200.0,67.0,20.0,719.0,719.0,15.2,1.6,0.0,1.6,25.9,0.0,0.0,10.5,0.0,0.0,5.6,37.3,32.4,0.0,0.0,0.0,0.0,55.0,532.0,55.0,550.0,55.0,541.0,60.0,540.0,0.0,0.0,-38.0,0.0,0.0,25.9,-26.0,4.998,0.0,0.0,1.947,1.715,66.6,20.0,0.0,0.0,0.0,,0.0,64.4,68.0,0.0,0.0,0.0,0.0,131.0,989.6,131.0,1022.0,131.0,1005.8,140.0,1004.0,0.0,0.0,68.0,719.0,133.25,68.85,3.5999999999999943,0.051222222222222225,202.56866666666664,0.0,0.48,0.48,343.4,True,2026-08-14 08:27:13-07:00
154.06,1,10,2026-08-14 15:29:41,37.0819,-121.59901,328.0,0.1,64.8,-12.6,0.11,KTCY,37.1,11.6,0.0,10.7,-1.6,53.1,0.0,156.0,-0.0,-0.02,1.0,99.0,-15.0,18.0,0.0,30.06,597.0,0.0,0.0,308.0,0.0,0.0,0.0,359.0,0.0,0.0,5.0,2.0,0.0,0.0,0.0,0.0,4.0,0.0,0.0,13.0,0.0,0.0,0.0,0.0,1.0,0.0,0.0,1200.0,67.0,20.0,715.0,715.0,15.1,1.6,0.0,1.6,25.9,0.0,0.0,10.5,0.0,0.0,5.5,37.3,32.4,0.0,0.0,0.0,0.0,56.0,532.0,55.0,550.0,56.0,540.0,60.0,540.0,0.0,0.0,-38.0,0.0,0.0,25.9,-26.0,4.998,0.0,0.0,1.943,1.715,66.6,20.0,0.0,0.0,0.0,,0.0,64.4,68.0,0.0,0.0,0.0,0.0,132.8,989.6,131.0,1022.0,132.8,1004.0,140.0,1004.0,0.0,0.0,68.0,715.0,134.15,69.75,3.5999999999999943,0.051666666666666666,202.653,0.0625,0.48,0.48,343.4,True,2026-08-14 08:27:13-07:00
155.06,1,10,2026-08-14 15:29:42,37.0819,-121.59901,327.0,0.0,64.8,-12.6,0.11,KTCY,37.1,11.6,0.0,10.7,-1.7,53.1,0.0,156.0,0.0,-0.03,1.0,99.0,0.0,18.0,0.0,30.06,597.0,0.0,0.0,308.0,0.0,0.0,0.0,359.0,0.0,0.0,5.0,2.0,0.0,0.0,0.0,0.0,4.0,0.0,0.0,13.0,0.0,0.0,0.0,0.0,1.0,0.0,0.0,1200.0,67.0,20.0,870.0,870.0,15.6,1.6,0.0,1.6,25.6,0.0,0.0,10.5,0.0,0.0,5.4,37.3,32.4,0.0,0.0,0.0,0.0,56.0,533.0,56.0,550.0,56.0,541.0,61.0,540.0,0.0,0.0,-38.0,0.0,0.0,25.6,-26.0,4.998,0.0,0.0,1.923,1.715,67.1,20.0,0.0,0.0,0.0,,0.0,64.4,68.0,0.0,0.0,0.0,0.0,132.8,991.4,132.8,1022.0,132.8,1005.8,141.8,1004.0,0.0,0.0,68.0,870.0,135.05,70.65,3.5999999999999943,0.052111111111111115,202.7373333333333,0.0,0.48,0.48,343.4,True,2026-08-14 08:27:13-07:00
156.06,1,10,2026-08-14 15:29:43,37.0819,-121.59901,327.0,0.3,64.8,-12.6,0.11,KTCY,37.1,11.6,0.0,10.9,-1.7,53.0,0.0,156.0,0.0,-0.03,1.0,99.0,16.0,18.0,0.0,30.06,597.0,0.0,0.0,308.0,0.0,0.0,0.0,359.0,0.0,0.0,5.0,2.0,0.0,0.0,0.0,0.0,4.0,0.0,0.0,13.0,0.0,0.0,0.0,0.0,1.0,0.0,0.0,1200.0,71.0,20.0,1251.0,1251.0,15.9,1.9,0.0,1.9,25.5,0.0,0.0,10.5,0.0,0.0,5.3,37.3,32.4,0.0,0.0,0.0,0.0,56.0,536.0,56.0,551.0,57.0,548.0,61.0,548.0,0.0,0.0,-38.0,0.0,0.0,25.5,-26.0,4.998,0.0,0.0,1.888,1.699,71.3,20.0,0.0,0.0,0.0,,0.0,64.4,68.0,0.0,0.0,0.0,0.0,132.8,996.8,132.8,1023.8,134.6,1018.4,141.8,1018.4,0.0,0.0,68.0,1251.0,135.5,71.1,3.5999999999999943,0.052597222222222226,202.99033333333333,0.15789473684210525,0.48,0.48,343.4,True,2026-08-14 08:27:13-07:00
157.06,1,10,2026-08-14 15:29:44,37.0819,-121.59901,327.0,1.6,67.9,-12.6,0.11,KTCY,37.1,11.6,0.0,11.5,-1.6,52.3,0.0,156.0,-0.2,-0.03,0.9,99.0,-6.0,18.0,0.0,30.06,597.0,0.0,0.0,308.0,0.0,0.0,0.0,359.0,0.0,0.0,5.0,2.0,0.0,0.0,0.0,0.0,4.0,0.0,0.0,12.0,0.0,0.0,0.0,0.0,1.0,0.0,0.0,1200.0,75.0,20.0,1057.0,1057.0,13.9,2.2,0.0,2.2,25.8,0.0,0.0,10.5,0.0,0.0,5.3,37.3,32.4,0.0,0.0,0.0,0.0,57.0,548.0,57.0,561.0,58.0,561.0,62.0,561.0,0.0,0.0,-38.0,0.0,0.0,25.8,-26.0,4.998,0.0,0.0,1.874,1.716,74.6,20.0,0.0,0.0,0.0,,0.0,64.4,68.0,0.0,0.0,0.0,0.0,134.6,1018.4,134.6,1041.8,136.4,1041.8,143.6,1041.8,0.0,0.0,68.0,1057.0,137.3,72.9,3.5999999999999943,0.05316666666666667,204.59266666666664,0.7272727272727273,0.48,0.48,343.4,True,2026-08-14 08:27:13-07:00
158.06,1,10,2026-08-14 15:29:45,37.0819,-121.599,326.0,2.0,75.4,-12.6,0.11,KTCY,37.1,11.6,0.0,12.0,-1.6,49.1,0.0,156.0,-1.4,-0.03,0.9,99.0,-11.0,18.0,0.0,30.06,597.0,0.0,0.0,308.0,0.0,0.0,0.0,359.0,0.0,0.0,5.0,2.0,0.0,0.0,0.0,0.0,4.0,0.0,0.0,12.0,0.0,0.0,0.0,0.0,1.0,0.0,0.0,1200.0,76.0,20.0,1080.0,1080.0,13.9,2.2,0.0,2.2,25.8,0.0,0.0,10.5,0.0,0.0,5.4,37.3,32.4,0.0,0.0,0.0,0.0,58.0,550.0,57.0,562.0,58.0,563.0,63.0,563.0,0.0,0.0,-38.0,0.0,0.0,25.8,-26.0,4.998,0.0,0.0,1.888,1.74,75.7,20.0,0.0,0.0,0.0,,0.0,64.4,68.0,0.0,0.0,0.0,0.0,136.4,1022.0,134.6,1043.6,136.4,1045.4,145.4,1045.4,0.0,0.0,68.0,1080.0,138.2,73.79999999999998,3.5999999999999943,0.05377777777777778,207.62866666666665,0.9090909090909091,0.48,0.48,343.4,True,2026-08-14 08:27:13-07:00
159.06,1,10,2026-08-14 15:29:46,37.08191,-121.59898,325.0,2.4,69.9,-12.6,0.11,KTCY,37.1,11.6,0.0,12.1,-1.5,44.2,0.0,156.0,-3.2,-0.02,1.0,99.0,-8.0,18.0,0.0,30.06,597.0,0.0,0.0,308.0,0.0,0.0,0.0,359.0,0.0,0.0,5.0,2.0,0.0,0.0,0.0,0.0,4.0,0.0,0.0,12.0,0.0,0.0,0.0,0.0,1.0,0.0,0.0,1200.0,77.0,20.0,1130.0,1130.0,13.7,2.3,0.0,2.3,25.8,0.0,0.0,10.5,0.0,0.0,5.4,37.3,32.4,0.0,0.0,0.0,0.0,58.0,553.0,58.0,564.0,59.0,567.0,63.0,568.0,0.0,0.0,-38.0,0.0,0.0,25.8,-26.0,4.998,0.0,0.0,1.888,1.722,76.8,20.1,0.0,0.0,0.0,,0.0,64.4,68.0,0.0,0.0,0.0,0.0,136.4,1027.4,136.4,1047.2,138.2,1052.6,145.4,1054.4,0.0,0.0,68.18,1130.0,139.1,74.69999999999999,3.780000000000001,0.05440277777777778,211.33933333333331,1.0434782608695652,0.48,0.48,343.4,True,2026-08-14 08:27:13-07:00
160.06,1,10,2026-08-14 15:29:47,37.08191,-121.59897,325.0,2.8,68.6,-12.6,0.11,KTCY,37.1,11.6,0.0,11.7,-1.4,37.2,0.0,156.0,-5.3,-0.01,0.8,99.0,-8.0,18.0,0.0,30.06,597.0,0.0,0.0,308.0,0.0,0.0,0.0,359.0,0.0,0.0,5.0,2.0,0.0,0.0,0.0,0.0,4.0,0.0,0.0,12.0,0.0,0.0,0.0,0.0,1.0,0.0,0.0,1200.0,77.0,20.0,1131.0,1131.0,13.7,2.4,0.0,2.4,25.8,0.0,0.0,10.5,0.0,0.0,5.4,37.3,32.4,0.0,0.0,0.0,0.0,59.0,561.0,58.0,567.0,59.0,574.0,64.0,578.0,0.0,0.0,-38.0,0.0,0.0,25.8,-26.0,4.998,0.0,0.0,1.887,1.73,77.4,20.1,0.0,0.0,0.0,,0.0,64.4,68.0,0.0,0.0,0.0,0.0,138.2,1041.8,136.4,1052.6,138.2,1065.2,147.2,1072.4,0.0,0.0,68.18,1131.0,140.0,75.6,3.780000000000001,0.05505555555555556,215.72466666666665,1.1666666666666667,0.48,0.48,343.4,True,2026-08-14 08:27:13-07:00
161.06,1,10,2026-08-14 15:29:48,37.08192,-121.59895,326.0,3.6,61.1,-12.6,0.11,KTCY,37.1,11.6,0.0,11.7,-1.0,28.9,0.0,156.0,-7.1,0.0,1.0,99.0,-11.0,18.0,0.0,30.06,588.0,0.0,0.0,308.0,0.0,0.0,0.0,359.0,0.0,0.0,5.0,2.0,0.0,0.0,0.0,0.0,4.0,0.0,0.0,12.0,0.0,0.0,0.0,0.0,1.0,0.0,0.0,1200.0,78.0,20.0,1192.0,1192.0,13.6,2.4,0.0,2.4,25.8,0.0,0.0,10.5,0.0,0.0,5.3,37.3,32.4,0.0,0.0,0.0,0.0,59.0,565.0,59.0,569.0,60.0,583.0,65.0,582.0,0.0,0.0,-38.0,0.0,0.0,25.8,-26.0,4.998,0.0,0.0,1.79,1.716,78.0,20.1,0.0,0.0,0.0,,0.0,64.4,68.0,0.0,0.0,0.0,0.0,138.2,1049.0,138.2,1056.2,140.0,1081.4,149.0,1079.6,0.0,0.0,68.18,1192.0,141.35,76.94999999999999,3.780000000000001,0.05572222222222222,221.12199999999999,1.5,0.48,0.48,343.4,True,2026-08-14 08:27:13-07:00
162.06,1,10,2026-08-14 15:29:49,37.08193,-121.59893,326.0,4.7,49.7,-12.6,0.11,KTCY,37.1,11.6,0.0,11.3,-0.5,18.6,0.0,156.0,-8.9,0.02,1.1,99.0,-5.0,18.0,0.0,30.06,588.0,0.0,0.0,308.0,0.0,0.0,0.0,359.0,0.0,0.0,5.0,2.0,0.0,0.0,0.0,0.0,4.0,0.0,0.0,12.0,0.0,0.0,0.0,0.0,1.0,0.0,0.0,1200.0,78.0,20.0,1163.0,1163.0,13.6,2.5,0.0,2.5,25.8,0.0,0.0,10.5,0.0,0.0,5.3,37.3,32.4,0.0,0.0,0.0,0.0,60.0,567.0,59.0,571.0,60.0,588.0,65.0,585.0,0.0,0.0,-38.0,0.0,0.0,25.8,-26.0,4.998,0.0,0.0,1.764,1.724,78.4,20.1,0.0,0.0,0.0,,0.0,64.4,68.0,0.0,0.0,0.0,0.0,140.0,1052.6,138.2,1059.8,140.0,1090.4,149.0,1085.0,0.0,0.0,68.18,1163.0,141.8,77.4,3.780000000000001,0.05640277777777778,228.12166666666667,1.8800000000000001,0.48,0.48,343.4,True,2026-08-14 08:27:13-07:00
163.06,1,10,2026-08-14 15:29:50,37.08194,-121.59892,325.0,5.2,44.0,-12.6,0.1,KTCY,37.1,11.6,0.0,11.3,-0.9,6.7,0.0,156.0,-10.7,0.04,0.8,99.0,-19.0,18.0,0.0,30.06,588.0,0.0,0.0,308.0,0.0,0.0,0.0,359.0,0.0,0.0,5.0,2.0,0.0,0.0,0.0,0.0,4.0,0.0,0.0,12.0,0.0,0.0,0.0,0.0,1.0,0.0,0.0,1200.0,78.0,20.0,1026.0,1026.0,13.3,2.5,0.0,2.5,25.8,0.0,0.0,10.5,0.0,0.0,5.5,37.3,32.4,0.0,0.0,0.0,0.0,60.0,568.0,60.0,573.0,61.0,588.0,66.0,586.0,0.0,0.0,-38.0,0.0,0.0,25.8,-26.0,4.998,0.0,0.0,1.764,1.848,77.8,20.2,0.0,0.0,0.0,,0.0,64.4,68.0,0.0,0.0,0.0,0.0,140.0,1054.4,140.0,1063.4,141.8,1090.4,150.8,1086.8,0.0,0.0,68.36,1026.0,143.15,78.75,3.9599999999999937,0.05709722222222222,236.47066666666666,2.08,0.48,0.48,343.4,True,2026-08-14 08:27:13-07:00
164.06,1,10,2026-08-14 15:29:51,37.08196,-121.59889,325.0,5.7,27.0,-12.6,0.1,KTCY,37.1,11.6,0.0,11.5,-0.5,354.1,0.0,156.0,-11.9,0.05,0.9,99.0,-31.0,18.0,0.0,30.06,588.0,0.0,0.0,308.0,0.0,0.0,0.0,359.0,0.0,0.0,5.0,2.0,0.0,0.0,0.0,0.0,4.0,0.0,0.0,12.0,0.0,0.0,0.0,0.0,1.0,0.0,0.0,1200.0,77.0,20.0,1052.0,1052.0,13.6,2.5,0.0,2.5,25.8,0.0,0.0,10.5,0.0,0.0,5.4,37.3,32.4,0.0,0.0,0.0,0.0,61.0,567.0,61.0,573.0,62.0,587.0,66.0,587.0,0.0,0.0,-38.0,0.0,0.0,25.8,-26.0,4.998,0.0,0.0,1.663,1.847,76.8,20.2,0.0,0.0,0.0,,0.0,64.4,68.0,0.0,0.0,0.0,0.0,141.8,1052.6,141.8,1063.4,143.6,1088.6,150.8,1088.6,0.0,0.0,68.36,1052.0,144.5,80.1,3.9599999999999937,0.05779166666666667,245.66299999999998,2.2800000000000002,0.48,0.48,343.4,True,2026-08-14 08:27:13-07:00
165.06,1,10,2026-08-14 15:29:52,37.08198,-121.59888,324.0,4.4,23.9,-12.6,0.1,KTCY,37.1,11.6,0.0,11.2,-0.8,340.5,0.0,156.0,-13.0,0.05,1.0,99.0,5.0,18.0,0.0,30.06,588.0,0.0,0.0,308.0,0.0,0.0,0.0,359.0,0.0,0.0,5.0,2.0,0.0,0.0,0.0,0.0,4.0,0.0,0.0,12.0,0.0,0.0,0.0,0.0,1.0,0.0,0.0,1200.0,77.0,20.0,1025.0,1025.0,13.4,2.4,0.0,2.4,25.8,0.0,0.0,10.5,0.0,0.0,5.4,37.3,32.4,0.0,0.0,0.0,0.0,62.0,567.0,61.0,574.0,62.0,586.0,67.0,588.0,0.0,0.0,-38.0,0.0,0.0,25.8,-26.0,4.998,0.0,0.0,1.663,1.907,76.7,20.2,0.0,0.0,0.0,,0.0,64.4,68.0,0.0,0.0,0.0,0.0,143.6,1052.6,141.8,1065.2,143.6,1086.8,152.6,1090.4,0.0,0.0,68.36,1025.0,145.4,81.0,3.9599999999999937,0.058472222222222224,254.18066666666667,1.8333333333333335,0.48,0.48,343.4,True,2026-08-14 08:27:13-07:00
166.06,1,10,2026-08-14 15:29:53,37.08201,-121.59888,322.0,6.7,359.6,-12.6,0.1,KTCY,37.1,11.6,0.0,11.6,-0.8,327.2,0.0,156.0,-13.4,0.07,1.1,99.0,-12.0,18.0,0.0,30.06,588.0,0.0,0.0,308.0,0.0,0.0,0.0,359.0,0.0,0.0,5.0,2.0,0.0,0.0,0.0,0.0,4.0,0.0,0.0,12.0,0.0,0.0,0.0,0.0,1.0,0.0,0.0,1200.0,75.0,20.0,960.0,960.0,13.4,2.4,0.0,2.4,25.8,0.0,0.0,10.5,0.0,0.0,5.4,37.3,32.4,0.0,0.0,0.0,0.0,62.0,566.0,62.0,574.0,63.0,584.0,67.0,587.0,0.0,0.0,-38.0,0.0,0.0,25.8,-26.0,4.998,0.0,0.0,1.625,1.968,75.5,20.2,0.0,0.0,0.0,,0.0,64.4,68.0,0.0,0.0,0.0,0.0,143.6,1050.8,143.6,1065.2,145.4,1083.2,152.6,1088.6,0.0,0.0,68.36,960.0,146.3,81.9,3.9599999999999937,0.059138888888888894,263.54166666666663,2.791666666666667,0.48,0.48,343.4,True,2026-08-14 08:27:13-07:00
167.06,1,10,2026-08-14 15:29:54,37.08204,-121.59888,321.0,6.2,342.9,-12.6,0.1,KTCY,37.1,11.6,0.0,11.3,-1.0,318.0,0.0,156.0,-11.4,0.08,0.8,99.0,-5.0,18.0,0.0,30.06,588.0,0.0,0.0,308.0,0.0,0.0,0.0,359.0,0.0,0.0,5.0,2.0,0.0,0.0,0.0,0.0,4.0,0.0,0.0,12.0,0.0,0.0,0.0,0.0,1.0,0.0,0.0,1200.0,74.0,20.0,916.0,916.0,13.4,2.3,0.0,2.3,25.9,0.0,0.0,10.5,0.0,0.0,5.3,37.3,32.4,0.0,0.0,0.0,0.0,63.0,565.0,62.0,574.0,63.0,582.0,68.0,585.0,0.0,0.0,-38.0,0.0,0.0,25.9,-26.0,4.998,0.0,0.0,1.575,2.058,74.5,20.3,0.0,0.0,0.0,,0.0,64.4,68.0,0.0,0.0,0.0,0.0,145.4,1049.0,143.6,1065.2,145.4,1079.6,154.4,1085.0,0.0,0.0,68.54,916.0,147.2,82.79999999999998,4.140000000000001,0.05979166666666667,274.42066666666665,2.695652173913044,0.48,0.48,343.4,True,2026-08-14 08:27:13-07:00
168.06,1,10,2026-08-14 15:29:55,37.08206,-121.59889,321.0,6.3,333.8,-12.6,0.11,KTCY,37.1,11.6,0.0,11.2,-0.6,316.0,0.0,156.0,-6.2,0.02,1.0,99.0,6.0,18.0,0.0,30.06,588.0,0.0,0.0,308.0,0.0,0.0,0.0,359.0,0.0,0.0,5.0,2.0,0.0,0.0,0.0,0.0,4.0,0.0,0.0,11.0,0.0,0.0,0.0,0.0,1.0,0.0,0.0,1200.0,73.0,20.0,866.0,866.0,13.4,2.2,0.0,2.2,25.9,0.0,0.0,10.5,0.0,0.0,5.3,37.3,32.4,0.0,0.0,0.0,0.0,63.0,563.0,63.0,572.0,64.0,579.0,69.0,583.0,0.0,0.0,-38.0,0.0,0.0,25.9,-26.0,4.998,0.0,0.0,1.576,2.026,72.9,20.3,0.0,0.0,0.0,,0.0,64.4,68.0,0.0,0.0,0.0,0.0,145.4,1045.4,145.4,1061.6,147.2,1074.2,156.2,1081.4,0.0,0.0,68.54,866.0,148.54999999999998,84.14999999999998,4.140000000000001,0.06041666666666667,284.96233333333333,2.8636363636363633,0.48,0.48,343.4,True,2026-08-14 08:27:13-07:00
169.06,1,10,2026-08-14 15:29:56,37.08209,-121.59891,320.0,6.4,330.9,-12.6,0.11,KTCY,37.1,11.6,0.0,11.2,-0.6,315.6,0.0,156.0,-3.0,0.01,1.2,99.0,8.0,18.0,0.0,30.06,588.0,0.0,0.0,308.0,0.0,0.0,0.0,359.0,0.0,0.0,5.0,2.0,0.0,0.0,0.0,0.0,4.0,0.0,0.0,10.0,0.0,0.0,0.0,0.0,1.0,0.0,0.0,1200.0,72.0,20.0,829.0,829.0,13.6,2.1,0.0,2.1,25.9,0.0,0.0,10.5,0.0,0.0,5.3,37.3,32.4,0.0,0.0,0.0,0.0,64.0,561.0,63.0,570.0,64.0,577.0,69.0,581.0,0.0,0.0,-38.0,0.0,0.0,25.9,-26.0,4.998,0.0,0.0,1.626,2.029,71.7,20.3,0.0,0.0,0.0,,0.0,64.4,68.0,0.0,0.0,0.0,0.0,147.2,1041.8,145.4,1058.0,147.2,1070.6,156.2,1077.8,0.0,0.0,68.54,829.0,149.0,84.6,4.140000000000001,0.06101388888888889,295.67266666666666,3.0476190476190474,0.48,0.48,343.4,True,2026-08-14 08:27:13-07:00
170.06,1,10,2026-08-14 15:29:57,37.08211,-121.59893,320.0,6.0,326.4,-12.6,0.11,KTCY,37.1,11.6,0.0,11.1,-0.7,322.2,0.0,156.0,2.3,-0.03,1.0,99.0,24.0,18.0,0.0,30.06,586.0,0.0,0.0,308.0,0.0,0.0,0.0,359.0,0.0,0.0,5.0,2.0,0.0,0.0,0.0,0.0,4.0,0.0,0.0,10.0,0.0,0.0,0.0,0.0,1.0,0.0,0.0,1200.0,70.0,20.0,788.0,788.0,13.8,2.0,0.0,2.0,25.9,0.0,0.0,10.5,0.0,0.0,5.3,37.3,32.4,0.0,0.0,0.0,0.0,64.0,559.0,64.0,570.0,65.0,574.0,70.0,578.0,0.0,0.0,-38.0,0.0,0.0,25.9,-26.0,4.998,0.0,0.0,1.671,2.054,70.3,20.3,0.0,0.0,0.0,,0.0,64.4,68.0,0.0,0.0,0.0,0.0,147.2,1038.2,147.2,1058.0,149.0,1065.2,158.0,1072.4,0.0,0.0,68.54,788.0,150.35,85.94999999999999,4.140000000000001,0.06158333333333334,306.13,3.0,0.48,0.48,343.4,True,2026-08-14 08:27:13-07:00
171.06,1,10,2026-08-14 15:29:58,37.08213,-121.59895,317.0,5.8,334.3,-12.6,0.11,KTCY,37.1,11.6,0.0,11.4,-1.1,330.4,0.0,156.0,5.9,-0.06,1.0,99.0,49.0,18.0,0.0,30.06,586.0,0.0,0.0,308.0,0.0,0.0,0.0,359.0,0.0,0.0,5.0,2.0,0.0,0.0,0.0,0.0,4.0,0.0,0.0,10.0,0.0,0.0,0.0,0.0,1.0,0.0,0.0,1200.0,70.0,20.0,897.0,897.0,14.1,1.9,0.0,1.9,25.9,0.0,0.0,10.5,0.0,0.0,5.2,37.3,32.4,0.0,0.0,0.0,0.0,65.0,558.0,64.0,568.0,65.0,574.0,70.0,577.0,0.0,0.0,-38.0,0.0,0.0,25.9,-26.0,4.998,0.0,0.0,1.699,1.96,70.5,20.3,0.0,0.0,0.0,,0.0,64.4,68.0,0.0,0.0,0.0,0.0,149.0,1036.4,147.2,1054.4,149.0,1065.2,158.0,1070.6,0.0,0.0,68.54,897.0,150.8,86.4,4.140000000000001,0.062125,316.0813333333333,3.0526315789473686,0.48,0.48,343.4,True,2026-08-14 08:27:13-07:00
172.06,1,10,2026-08-14 15:29:59,37.08216,-121.59896,317.0,5.5,341.3,-12.6,0.11,KTCY,37.1,11.6,0.0,11.6,-1.1,339.8,0.0,156.0,7.9,-0.06,1.0,99.0,37.0,18.0,0.0,30.06,586.0,0.0,0.0,308.0,0.0,0.0,0.0,359.0,0.0,0.0,5.0,2.0,0.0,0.0,0.0,0.0,4.0,0.0,0.0,10.0,0.0,0.0,0.0,0.0,1.0,0.0,0.0,1200.0,71.0,20.0,958.0,958.0,14.0,1.9,0.0,1.9,25.8,0.0,0.0,10.5,0.0,0.0,5.2,37.3,32.4,0.0,0.0,0.0,0.0,65.0,558.0,65.0,567.0,66.0,574.0,70.0,577.0,0.0,0.0,-38.0,0.0,0.0,25.8,-26.0,4.998,0.0,0.0,1.764,1.855,71.4,20.4,0.0,0.0,0.0,,0.0,64.4,68.0,0.0,0.0,0.0,0.0,149.0,1036.4,149.0,1052.6,150.8,1065.2,158.0,1070.6,0.0,0.0,68.72,958.0,151.7,87.29999999999998,4.319999999999993,0.06265277777777778,325.611,2.8947368421052633,0.48,0.48,343.4,True,2026-08-14 08:27:13-07:00
173.06,1,10,2026-08-14 15:30:00,37.08218,-121.59897,316.0,5.3,347.2,-12.6,0.11,KTCY,37.1,11.6,0.0,11.7,-0.8,353.4,0.0,156.0,11.0,-0.07,1.0,99.0,30.0,18.0,0.0,30.06,578.0,0.0,0.0,308.0,0.0,0.0,0.0,359.0,0.0,0.0,5.0,2.0,0.0,0.0,0.0,0.0,4.0,0.0,0.0,10.0,0.0,0.0,0.0,0.0,1.0,0.0,0.0,1200.0,73.0,20.0,1011.0,1011.0,14.0,1.9,0.0,1.9,25.8,0.0,0.0,10.5,0.0,0.0,5.1,37.3,32.4,0.0,0.0,0.0,0.0,66.0,555.0,65.0,567.0,66.0,574.0,71.0,576.0,0.0,0.0,-38.0,0.0,0.0,25.8,-26.0,4.998,0.0,0.0,1.829,1.785,73.2,20.4,0.0,0.0,0.0,,0.0,64.4,68.0,0.0,0.0,0.0,0.0,150.8,1031.0,149.0,1052.6,150.8,1065.2,159.8,1068.8,0.0,0.0,68.72,1011.0,152.60000000000002,88.20000000000002,4.319999999999993,0.06318055555555556,334.719,2.7894736842105265,0.48,0.48,343.4,True,2026-08-14 08:27:13-07:00
174.06,1,10,2026-08-14 15:30:01,37.0822,-121.59897,316.0,5.1,1.2,-12.6,0.11,KTCY,37.1,11.6,0.0,11.6,-1.0,9.1,0.0,156.0,13.9,-0.1,1.1,99.0,32.0,18.0,0.0,30.06,578.0,0.0,0.0,308.0,0.0,0.0,0.0,359.0,0.0,0.0,5.0,2.0,0.0,0.0,0.0,0.0,4.0,0.0,0.0,10.0,0.0,0.0,0.0,0.0,1.0,0.0,0.0,1200.0,74.0,20.0,983.0,983.0,13.7,2.0,0.0,2.0,25.9,0.0,0.0,10.5,0.0,0.0,5.1,37.3,32.4,0.0,0.0,0.0,0.0,66.0,557.0,65.0,568.0,67.0,574.0,72.0,578.0,0.0,0.0,-38.0,0.0,0.0,25.9,-26.0,4.998,0.0,0.0,1.907,1.753,74.2,20.4,0.0,0.0,0.0,,0.0,64.4,68.0,0.0,0.0,0.0,0.0,150.8,1034.6,149.0,1054.4,152.6,1065.2,161.6,1072.4,0.0,0.0,68.72,983.0,153.5,89.1,4.319999999999993,0.06372222222222222,343.48966666666666,2.55,0.48,0.48,343.4,True,2026-08-14 08:27:13-07:00
175.06,1,10,2026-08-14 15:30:02,37.08223,-121.59896,315.0,5.5,17.1,-12.6,0.11,KTCY,37.1,11.6,0.0,11.2,-1.1,23.7,0.0,156.0,14.5,-0.1,1.0,99.0,19.0,18.0,0.0,30.06,578.0,0.0,0.0,308.0,0.0,0.0,0.0,359.0,0.0,0.0,5.0,2.0,0.0,0.0,0.0,0.0,4.0,0.0,0.0,10.0,0.0,0.0,0.0,0.0,1.0,0.0,0.0,1200.0,74.0,20.0,931.0,931.0,13.6,2.0,0.0,2.0,25.9,0.0,0.0,10.5,0.0,0.0,5.1,37.3,32.4,0.0,0.0,0.0,0.0,67.0,558.0,66.0,569.0,67.0,572.0,72.0,578.0,0.0,0.0,-38.0,0.0,0.0,25.9,-26.0,4.998,0.0,0.0,1.949,1.625,73.8,20.4,0.0,0.0,0.0,,0.0,64.4,68.0,0.0,0.0,0.0,0.0,152.6,1036.4,150.8,1056.2,152.6,1061.6,161.6,1072.4,0.0,0.0,68.72,931.0,154.4,90.0,4.319999999999993,0.06427777777777778,352.429,2.75,0.48,0.48,343.4,True,2026-08-14 08:27:13-07:00
176.06,1,10,2026-08-14 15:30:03,37.08225,-121.59895,314.0,5.6,33.8,-12.6,0.11,KTCY,37.1,11.6,0.0,11.1,-1.1,36.7,0.0,156.0,13.9,-0.11,1.1,99.0,32.0,18.0,0.0,30.06,577.0,0.0,0.0,308.0,0.0,0.0,0.0,359.0,0.0,0.0,5.0,2.0,0.0,0.0,0.0,0.0,4.0,0.0,0.0,10.0,0.0,0.0,0.0,0.0,1.0,0.0,0.0,1200.0,73.0,20.0,882.0,882.0,13.5,2.0,0.0,2.0,25.9,0.0,0.0,10.5,0.0,0.0,5.1,37.3,32.4,0.0,0.0,0.0,0.0,67.0,557.0,67.0,569.0,68.0,572.0,73.0,576.0,0.0,0.0,-38.0,0.0,0.0,25.9,-26.0,4.998,0.0,0.0,2.063,1.621,73.0,20.4,0.0,0.0,0.0,,0.0,64.4,68.0,0.0,0.0,0.0,0.0,152.6,1034.6,152.6,1056.2,154.4,1061.6,163.4,1068.8,0.0,0.0,68.72,882.0,155.75,91.35,4.319999999999993,0.06483333333333334,361.78999999999996,2.8,0.48,0.48,343.4,True,2026-08-14 08:27:13-07:00
177.06,1,10,2026-08-14 15:30:04,37.08226,-121.59893,316.0,5.2,54.1,-12.6,0.11,KTCY,37.1,11.6,0.0,11.3,-1.2,41.0,0.0,157.0,8.7,-0.05,0.7,99.0,18.0,18.0,0.0,30.06,578.0,0.0,0.0,308.0,0.0,0.0,0.0,359.0,0.0,0.0,5.0,2.0,0.0,0.0,0.0,0.0,4.0,0.0,0.0,10.0,0.0,0.0,0.0,0.0,1.0,0.0,0.0,1200.0,72.0,20.0,870.0,870.0,13.7,1.9,0.0,1.9,25.9,0.0,0.0,10.5,0.0,0.0,5.1,37.3,32.4,0.0,0.0,0.0,0.0,68.0,556.0,67.0,568.0,68.0,570.0,73.0,575.0,0.0,0.0,-38.0,0.0,0.0,25.9,-26.0,4.998,0.0,0.0,2.126,1.583,72.0,20.5,0.0,0.0,0.0,,0.0,64.4,68.0,0.0,0.0,0.0,0.0,154.4,1032.8,152.6,1054.4,154.4,1058.0,163.4,1067.0,0.0,0.0,68.9,870.0,156.2,91.79999999999998,4.5,0.065375,370.89799999999997,2.736842105263158,0.48,0.48,343.4,True,2026-08-14 08:27:13-07:00
178.06,1,10,2026-08-14 15:30:05,37.08228,-121.5989,316.0,5.3,53.9,-12.6,0.11,KTCY,37.1,11.6,0.0,11.2,-1.2,46.5,0.0,157.0,6.5,-0.05,1.0,99.0,35.0,18.0,0.0,30.06,578.0,0.0,0.0,308.0,0.0,0.0,0.0,359.0,0.0,0.0,5.0,2.0,0.0,0.0,0.0,0.0,4.0,0.0,0.0,10.0,0.0,0.0,0.0,0.0,1.0,0.0,0.0,1200.0,71.0,20.0,863.0,863.0,13.8,1.9,0.0,1.9,25.9,0.0,0.0,10.5,0.0,0.0,5.1,37.3,32.4,0.0,0.0,0.0,0.0,68.0,555.0,67.0,568.0,69.0,569.0,74.0,574.0,0.0,0.0,-38.0,0.0,0.0,25.9,-26.0,4.998,0.0,0.0,2.092,1.646,71.3,20.5,0.0,0.0,0.0,,0.0,64.4,68.0,0.0,0.0,0.0,0.0,154.4,1031.0,152.6,1054.4,156.2,1056.2,165.2,1065.2,0.0,0.0,68.9,863.0,157.1,92.69999999999999,4.5,0.06590277777777778,379.753,2.7894736842105265,0.48,0.48,343.4,True,2026-08-14 08:27:13-07:00
179.06,1,10,2026-08-14 15:30:06,37.08229,-121.59888,316.0,5.5,60.8,-12.6,0.0,E16,0.1,113.0,0.0,11.3,-1.1,50.6,0.0,157.0,5.2,-0.05,1.0,99.0,26.0,18.0,0.0,30.06,578.0,0.0,0.0,308.0,0.0,0.0,0.0,100.0,0.0,0.0,5.0,0.0,0.0,0.0,0.0,0.0,4.0,0.0,0.0,10.0,0.0,0.0,0.0,0.0,1.0,0.0,0.0,1200.0,71.0,21.0,860.0,860.0,13.8,1.8,0.0,1.8,25.9,0.0,0.0,10.5,0.0,0.0,5.1,37.3,32.4,0.0,0.0,0.0,0.0,69.0,555.0,68.0,568.0,69.0,568.0,74.0,573.0,0.0,0.0,-38.0,0.0,0.0,25.9,-26.0,4.998,0.0,0.0,2.059,1.635,71.1,20.5,0.0,0.0,0.0,,0.0,64.4,69.8,0.0,0.0,0.0,0.0,156.2,1031.0,154.4,1054.4,156.2,1054.4,165.2,1063.4,0.0,0.0,68.9,860.0,158.0,93.6,4.5,0.06641666666666667,388.861,3.0555555555555554,0.48,0.48,343.4,True,2026-08-14 08:27:13-07:00
180.06,1,10,2026-08-14 15:30:07,37.0823,-121.59885,316.0,5.5,65.5,-12.6,0.0,E16,0.1,113.7,0.0,11.5,-0.8,52.5,0.0,157.0,3.4,-0.03,0.9,99.0,18.0,18.0,0.0,30.06,579.0,0.0,0.0,308.0,0.0,0.0,0.0,100.0,0.0,0.0,5.0,0.0,0.0,0.0,0.0,0.0,4.0,0.0,0.0,10.0,0.0,0.0,0.0,0.0,1.0,0.0,0.0,1200.0,71.0,21.0,858.0,858.0,13.8,1.8,0.0,1.8,25.9,0.0,0.0,10.5,0.0,0.0,5.1,37.3,32.4,0.0,0.0,0.0,0.0,69.0,554.0,68.0,568.0,70.0,567.0,75.0,571.0,0.0,0.0,-38.0,0.0,0.0,25.9,-26.0,4.998,0.0,0.0,2.059,1.672,70.8,20.5,0.0,0.0,0.0,,0.0,64.4,69.8,0.0,0.0,0.0,0.0,156.2,1029.2,154.4,1054.4,158.0,1052.6,167.0,1059.8,0.0,0.0,68.9,858.0,158.89999999999998,94.49999999999997,4.5,0.06691666666666667,398.13766666666663,3.0555555555555554,0.48,0.48,343.4,True,2026-08-14 08:27:13-07:00
181.06,1,10,2026-08-14 15:30:08,37.08231,-121.59882,315.0,5.4,68.5,-12.6,0.0,E16,0.1,114.2,0.0,11.6,-0.7,52.9,0.0,158.0,1.8,-0.03,0.9,99.0,30.0,18.0,0.0,30.06,579.0,0.0,0.0,308.0,0.0,0.0,0.0,100.0,0.0,0.0,5.0,0.0,0.0,0.0,0.0,0.0,4.0,0.0,0.0,10.0,0.0,0.0,0.0,0.0,1.0,0.0,0.0,1200.0,71.0,21.0,855.0,855.0,13.9,1.8,0.0,1.8,25.9,0.0,0.0,10.5,0.0,0.0,5.1,37.3,32.4,0.0,0.0,0.0,0.0,70.0,553.0,69.0,568.0,71.0,566.0,75.0,571.0,0.0,0.0,-38.0,0.0,0.0,25.9,-26.0,4.998,0.0,0.0,2.059,1.725,70.5,20.5,0.0,0.0,0.0,,0.0,64.4,69.8,0.0,0.0,0.0,0.0,158.0,1027.4,156.2,1054.4,159.8,1050.8,167.0,1059.8,0.0,0.0,68.9,855.0,160.25,95.85,4.5,0.06741666666666667,407.33,3.0,0.48,0.48,343.4,True,2026-08-14 08:27:13-07:00
182.06,1,10,2026-08-14 15:30:09,37.08232,-121.59879,315.0,5.4,69.4,-12.6,0.0,KCVH,14.5,141.3,0.0,11.7,-0.7,52.5,0.0,160.0,0.4,-0.01,1.0,99.0,51.0,18.0,0.0,30.06,579.0,0.0,0.0,308.0,0.0,0.0,0.0,128.0,0.0,0.0,5.0,0.0,0.0,0.0,0.0,0.0,4.0,0.0,0.0,10.0,0.0,0.0,0.0,0.0,1.0,0.0,0.0,1200.0,70.0,21.0,848.0,848.0,13.8,1.8,0.0,1.8,25.9,0.0,0.0,10.5,0.0,0.0,5.0,37.3,32.4,0.0,0.0,0.0,0.0,70.0,552.0,69.0,568.0,71.0,565.0,76.0,571.0,0.0,0.0,-38.0,0.0,0.0,25.9,-26.0,4.998,0.0,0.0,1.946,1.716,70.4,20.6,0.0,0.0,0.0,,0.0,64.4,69.8,0.0,0.0,0.0,0.0,158.0,1025.6,156.2,1054.4,159.8,1049.0,168.8,1059.8,0.0,0.0,69.08,848.0,160.7,96.29999999999998,4.679999999999993,0.06791666666666667,416.438,3.0,0.48,0.48,343.4,True,2026-08-14 08:27:13-07:00
183.06,1,10,2026-08-14 15:30:10,37.0823,-121.59875,298.0,5.5,68.3,-12.6,0.0,KCVH,14.5,141.3,0.0,11.5,-0.8,52.2,0.0,161.0,0.1,-0.01,1.0,99.0,58.0,18.0,0.0,30.06,582.0,0.0,0.0,308.0,0.0,0.0,0.0,128.0,0.0,0.0,5.0,0.0,0.0,0.0,0.0,0.0,4.0,0.0,0.0,10.0,0.0,0.0,0.0,0.0,1.0,0.0,0.0,1200.0,70.0,21.0,864.0,864.0,13.9,1.7,0.0,1.7,25.8,0.0,0.0,10.5,0.0,0.0,5.0,37.3,32.4,0.0,0.0,0.0,0.0,71.0,553.0,70.0,568.0,71.0,564.0,76.0,570.0,0.0,0.0,-38.0,0.0,0.0,25.8,-26.0,4.998,0.0,0.0,1.947,1.722,70.3,20.6,0.0,0.0,0.0,,0.0,64.4,69.8,0.0,0.0,0.0,0.0,159.8,1027.4,158.0,1054.4,159.8,1047.2,168.8,1058.0,0.0,0.0,69.08,864.0,161.60000000000002,97.20000000000002,4.679999999999993,0.06840277777777778,425.63033333333334,3.235294117647059,0.48,0.48,343.4,True,2026-08-14 08:27:13-07:00
184.06,1,10,2026-08-14 15:30:11,37.08231,-121.59872,298.0,5.8,67.8,-12.6,0.0,KCVH,14.5,141.3,0.0,11.4,-0.9,51.8,0.0,162.0,-0.1,-0.01,0.9,99.0,60.0,18.0,0.0,30.06,582.0,0.0,0.0,308.0,0.0,0.0,0.0,128.0,0.0,0.0,5.0,0.0,0.0,0.0,0.0,0.0,4.0,0.0,0.0,10.0,0.0,0.0,0.0,0.0,1.0,0.0,0.0,1200.0,72.0,21.0,1084.0,1084.0,14.5,1.9,0.0,1.9,25.8,0.0,0.0,10.5,0.0,0.0,5.0,37.3,32.4,0.0,0.0,0.0,0.0,71.0,554.0,70.0,568.0,72.0,567.0,77.0,572.0,0.0,0.0,-38.0,0.0,0.0,25.8,-26.0,4.998,0.0,0.0,1.838,1.718,72.4,20.6,0.0,0.0,0.0,,0.0,64.4,69.8,0.0,0.0,0.0,0.0,159.8,1029.2,158.0,1054.4,161.6,1052.6,170.6,1061.6,0.0,0.0,69.08,1084.0,162.5,98.1,4.679999999999993,0.06890277777777779,435.15999999999997,3.0526315789473686,0.48,0.48,343.4,True,2026-08-14 08:27:13-07:00
185.06,1,10,2026-08-14 15:30:12,37.08232,-121.59869,298.0,6.4,67.1,-12.6,0.0,KCVH,14.5,141.3,0.0,11.6,-0.9,51.4,0.0,162.0,-0.1,-0.01,1.0,99.0,33.0,18.0,0.0,30.06,582.0,0.0,0.0,308.0,0.0,0.0,0.0,128.0,0.0,0.0,5.0,0.0,0.0,0.0,0.0,0.0,4.0,0.0,0.0,10.0,0.0,0.0,0.0,0.0,1.0,0.0,0.0,1200.0,75.0,21.0,1066.0,1066.0,13.9,2.0,0.0,2.0,25.8,0.0,0.0,10.5,0.0,0.0,5.0,37.3,32.4,0.0,0.0,0.0,0.0,72.0,557.0,71.0,570.0,73.0,569.0,77.0,575.0,0.0,0.0,-38.0,0.0,0.0,25.8,-26.0,4.998,0.0,0.0,1.827,1.722,74.6,20.6,0.0,0.0,0.0,,0.0,64.4,69.8,0.0,0.0,0.0,0.0,161.6,1034.6,159.8,1058.0,163.4,1056.2,170.6,1067.0,0.0,0.0,69.08,1066.0,163.85,99.44999999999999,4.679999999999993,0.06944444444444445,445.44866666666667,3.2,0.48,0.48,343.4,True,2026-08-14 08:27:13-07:00
186.06,1,10,2026-08-14 15:30:13,37.08234,-121.59865,298.0,6.9,67.4,-12.6,0.0,KCVH,14.5,141.3,0.0,11.5,-0.6,51.2,0.0,163.0,-0.1,-0.01,1.0,99.0,38.0,18.0,0.0,30.06,585.0,0.0,0.0,308.0,0.0,0.0,0.0,128.0,0.0,0.0,5.0,0.0,0.0,0.0,0.0,0.0,4.0,0.0,0.0,9.0,0.0,0.0,0.0,0.0,1.0,0.0,0.0,1200.0,75.0,21.0,1050.0,1050.0,13.8,2.1,0.0,2.1,25.8,0.0,0.0,10.5,0.0,0.0,5.0,37.3,32.4,0.0,0.0,0.0,0.0,72.0,559.0,71.0,572.0,73.0,570.0,78.0,577.0,0.0,0.0,-38.0,0.0,0.0,25.8,-26.0,4.998,0.0,0.0,1.827,1.716,75.4,20.7,0.0,0.0,0.0,,0.0,64.4,69.8,0.0,0.0,0.0,0.0,161.6,1038.2,159.8,1061.6,163.4,1058.0,172.4,1070.6,0.0,0.0,69.25999999999999,1050.0,164.3,99.9,4.859999999999985,0.07001388888888889,456.66499999999996,3.2857142857142856,0.48,0.48,343.4,True,2026-08-14 08:27:13-07:00
187.06,1,10,2026-08-14 15:30:14,37.08235,-121.59861,298.0,7.4,67.0,-12.6,0.01,KCVH,14.5,141.3,0.0,11.4,-0.7,50.8,0.0,163.0,-0.2,-0.01,0.9,99.0,50.0,18.0,0.0,30.06,585.0,0.0,0.0,308.0,0.0,0.0,0.0,128.0,0.0,0.0,5.0,0.0,0.0,0.0,0.0,0.0,4.0,0.0,0.0,9.0,0.0,0.0,0.0,0.0,1.0,0.0,0.0,1200.0,76.0,21.0,1053.0,1053.0,13.7,2.2,0.0,2.2,25.8,0.0,0.0,10.5,0.0,0.0,5.0,37.3,32.4,0.0,0.0,0.0,0.0,73.0,560.0,71.0,572.0,74.0,571.0,78.0,580.0,0.0,0.0,-38.0,0.0,0.0,25.8,-26.0,4.998,0.0,0.0,1.827,1.743,75.7,20.7,0.0,0.0,0.0,,0.0,64.4,69.8,0.0,0.0,0.0,0.0,163.4,1040.0,159.8,1061.6,165.2,1059.8,172.4,1076.0,0.0,0.0,69.25999999999999,1053.0,165.20000000000002,100.80000000000001,4.859999999999985,0.07061111111111111,468.7246666666666,3.3636363636363633,0.48,0.48,343.4,True,2026-08-14 08:27:13-07:00
188.06,1,10,2026-08-14 15:30:15,37.08236,-121.59857,297.0,7.9,66.8,-12.6,0.01,KCVH,14.5,141.3,0.0,11.2,-0.8,50.2,0.0,165.0,-0.4,-0.02,0.9,99.0,49.0,18.0,0.0,30.06,585.0,0.0,0.0,308.0,0.0,0.0,0.0,128.0,0.0,0.0,5.0,0.0,0.0,0.0,0.0,0.0,4.0,0.0,0.0,9.0,0.0,0.0,0.0,0.0,1.0,0.0,0.0,1200.0,76.0,21.0,1048.0,1048.0,13.7,2.2,0.0,2.2,25.8,0.0,0.0,10.5,0.0,0.0,5.0,37.3,32.4,0.0,0.0,0.0,0.0,73.0,561.0,72.0,573.0,74.0,572.0,79.0,582.0,0.0,0.0,-38.0,0.0,0.0,25.8,-26.0,4.998,0.0,0.0,1.796,1.753,75.9,20.7,0.0,0.0,0.0,,0.0,64.4,69.8,0.0,0.0,0.0,0.0,163.4,1041.8,161.6,1063.4,165.2,1061.6,174.2,1079.6,0.0,0.0,69.25999999999999,1048.0,166.1,101.69999999999999,4.859999999999985,0.07122222222222223,481.62766666666664,3.590909090909091,0.48,0.48,343.4,True,2026-08-14 08:27:13-07:00
189.06,1,10,2026-08-14 15:30:16,37.08237,-121.59853,299.0,8.4,66.8,-12.6,0.01,KCVH,14.5,141.3,0.0,11.3,-1.2,46.9,0.0,166.0,-1.9,-0.01,1.0,99.0,40.0,18.0,0.0,30.06,588.0,0.0,0.0,308.0,0.0,0.0,0.0,128.0,0.0,0.0,5.0,0.0,0.0,0.0,0.0,0.0,4.0,0.0,0.0,9.0,0.0,0.0,0.0,0.0,1.0,0.0,0.0,1200.0,76.0,21.0,1036.0,1036.0,13.7,2.3,0.0,2.3,25.8,0.0,0.0,10.5,0.0,0.0,5.1,37.3,32.4,0.0,0.0,0.0,0.0,74.0,562.0,72.0,573.0,75.0,573.0,79.0,585.0,0.0,0.0,-38.0,0.0,0.0,25.8,-26.0,4.998,0.0,0.0,1.764,1.752,75.7,20.7,0.0,0.0,0.0,,0.0,64.4,69.8,0.0,0.0,0.0,0.0,165.2,1043.6,161.6,1063.4,167.0,1063.4,174.2,1085.0,0.0,0.0,69.25999999999999,1036.0,167.0,102.6,4.859999999999985,0.07184722222222223,495.37399999999997,3.6521739130434785,0.48,0.48,343.4,True,2026-08-14 08:27:13-07:00
190.06,1,10,2026-08-14 15:30:17,37.08239,-121.59848,299.0,8.6,67.1,-12.6,0.01,KCVH,14.5,141.3,0.0,10.9,-1.2,36.4,0.0,166.0,-6.5,0.03,0.9,99.0,52.0,18.0,0.0,30.06,588.0,0.0,0.0,308.0,0.0,0.0,0.0,128.0,0.0,0.0,5.0,0.0,0.0,0.0,0.0,0.0,6.0,0.0,0.0,9.0,0.0,0.0,0.0,0.0,1.0,0.0,0.0,1200.0,76.0,21.0,1045.0,1045.0,13.6,2.3,0.0,2.3,25.8,0.0,0.0,10.5,0.0,0.0,5.0,37.3,32.4,0.0,0.0,0.0,0.0,74.0,564.0,73.0,574.0,75.0,574.0,80.0,586.0,0.0,0.0,-38.0,0.0,0.0,25.8,-26.0,4.998,0.0,0.0,1.829,1.786,75.7,20.8,0.0,0.0,0.0,,0.0,64.4,69.8,0.0,0.0,0.0,0.0,165.2,1047.2,163.4,1065.2,167.0,1065.2,176.0,1086.8,0.0,0.0,69.44,1045.0,167.89999999999998,103.49999999999997,5.039999999999992,0.07248611111111111,509.71066666666667,3.739130434782609,0.48,0.48,343.4,True,2026-08-14 08:27:13-07:00
191.06,1,10,2026-08-14 15:30:18,37.08241,-121.59843,299.0,8.9,54.3,-12.6,0.02,KCVH,14.5,141.3,0.0,11.0,-1.0,19.7,0.0,167.0,-12.6,0.1,0.9,99.0,29.0,18.0,0.0,30.06,588.0,0.0,0.0,308.0,0.0,0.0,0.0,128.0,0.0,0.0,5.0,0.0,0.0,0.0,0.0,0.0,7.0,0.0,0.0,9.0,0.0,0.0,0.0,0.0,1.0,0.0,0.0,1200.0,76.0,21.0,1041.0,1041.0,13.5,2.3,0.0,2.3,25.8,0.0,0.0,10.5,0.0,0.0,5.0,37.3,32.4,0.0,0.0,0.0,0.0,74.0,564.0,74.0,575.0,76.0,575.0,81.0,587.0,0.0,0.0,-38.0,0.0,0.0,25.8,-26.0,4.998,0.0,0.0,1.703,1.833,75.7,20.8,0.0,0.0,0.0,,0.0,64.4,69.8,0.0,0.0,0.0,0.0,165.2,1047.2,165.2,1067.0,168.8,1067.0,177.8,1088.6,0.0,0.0,69.44,1041.0,169.25,104.85,5.039999999999992,0.073125,524.4689999999999,3.8695652173913047,0.48,0.48,343.4,True,2026-08-14 08:27:13-07:00
192.06,1,10,2026-08-14 15:30:19,37.08244,-121.5984,299.0,8.8,37.5,-12.6,0.02,KCVH,14.5,141.3,0.0,11.0,-0.4,1.2,0.0,167.0,-16.2,0.12,1.1,99.0,4.0,18.0,0.0,30.06,589.0,0.0,0.0,308.0,0.0,0.0,0.0,128.0,0.0,0.0,5.0,0.0,0.0,0.0,0.0,0.0,9.0,0.0,0.0,10.0,0.0,0.0,0.0,0.0,1.0,0.0,0.0,1200.0,76.0,21.0,1048.0,1048.0,13.5,2.4,0.0,2.4,25.8,0.0,0.0,10.5,0.0,0.0,5.0,37.3,32.4,0.0,0.0,0.0,0.0,75.0,566.0,74.0,577.0,76.0,576.0,81.0,587.0,0.0,0.0,-38.0,0.0,0.0,25.8,-26.0,4.998,0.0,0.0,1.625,1.91,75.6,20.8,0.0,0.0,0.0,,0.0,64.4,69.8,0.0,0.0,0.0,0.0,167.0,1050.8,165.2,1070.6,168.8,1068.8,177.8,1088.6,0.0,0.0,69.44,1048.0,169.7,105.29999999999998,5.039999999999992,0.07377777777777778,539.396,3.666666666666667,0.48,0.48,343.4,True,2026-08-14 08:27:13-07:00
193.06,1,10,2026-08-14 15:30:20,37.08247,-121.59837,299.0,8.9,19.6,-12.6,0.02,KCVH,14.5,141.4,0.0,10.6,0.2,339.5,0.0,167.0,-19.6,0.17,1.0,99.0,-3.0,18.0,0.0,30.06,589.0,0.0,0.0,308.0,0.0,0.0,0.0,128.0,0.0,0.0,5.0,0.0,0.0,0.0,0.0,0.0,10.0,0.0,0.0,10.0,0.0,0.0,0.0,0.0,1.0,0.0,0.0,1200.0,76.0,21.0,1024.0,1024.0,13.5,2.4,0.0,2.4,25.8,0.0,0.0,10.5,0.0,0.0,5.0,37.3,32.4,0.0,0.0,0.0,0.0,76.0,567.0,74.0,578.0,77.0,577.0,82.0,588.0,0.0,0.0,-38.0,0.0,0.0,25.8,-26.0,4.998,0.0,0.0,1.576,2.037,75.5,20.8,0.0,0.0,0.0,,0.0,64.4,69.8,0.0,0.0,0.0,0.0,168.8,1052.6,165.2,1072.4,170.6,1070.6,179.6,1090.4,0.0,0.0,69.44,1024.0,171.05,106.65,5.039999999999992,0.07444444444444445,554.323,3.7083333333333335,0.48,0.48,343.4,True,2026-08-14 08:27:13-07:00
194.06,1,10,2026-08-14 15:30:21,37.08252,-121.59837,299.0,9.0,353.0,-12.6,0.02,KCVH,14.5,141.4,0.0,10.9,0.5,323.6,0.0,167.0,-18.3,0.18,0.9,99.0,12.0,18.0,0.0,30.06,589.0,0.0,0.0,308.0,0.0,0.0,0.0,128.0,0.0,0.0,5.0,0.0,0.0,0.0,0.0,0.0,10.0,0.0,0.0,10.0,0.0,0.0,0.0,0.0,1.0,0.0,0.0,1200.0,75.0,21.0,1006.0,1006.0,13.4,2.3,0.0,2.3,25.8,0.0,0.0,10.5,0.0,0.0,4.9,37.3,32.4,0.0,0.0,0.0,0.0,76.0,567.0,75.0,578.0,77.0,578.0,82.0,587.0,0.0,0.0,-38.0,0.0,0.0,25.8,-26.0,4.998,0.0,0.0,1.415,2.178,75.0,20.9,0.0,0.0,0.0,,0.0,64.4,69.8,0.0,0.0,0.0,0.0,168.8,1052.6,167.0,1072.4,170.6,1072.4,179.6,1088.6,0.0,0.0,69.62,1006.0,171.5,107.1,5.219999999999999,0.07509722222222222,569.4186666666667,3.91304347826087,0.48,0.48,343.4,True,2026-08-14 08:27:13-07:00
195.06,1,10,2026-08-14 15:30:22,37.08256,-121.59839,297.0,9.2,338.6,-12.6,0.02,KCVH,14.5,141.4,0.0,11.2,0.9,319.4,0.0,167.0,-10.5,0.08,1.0,99.0,25.0,18.0,0.0,30.06,581.0,0.0,0.0,308.0,0.0,0.0,0.0,128.0,0.0,0.0,5.0,0.0,0.0,0.0,0.0,0.0,10.0,0.0,0.0,9.0,0.0,0.0,0.0,0.0,1.0,0.0,0.0,1200.0,75.0,21.0,948.0,948.0,13.4,2.3,0.0,2.3,25.8,0.0,0.0,10.5,0.0,0.0,4.9,37.3,32.4,0.0,0.0,0.0,0.0,76.0,566.0,75.0,579.0,78.0,578.0,83.0,586.0,0.0,0.0,-38.0,0.0,0.0,25.8,-26.0,4.998,0.0,0.0,1.333,2.229,74.5,20.9,0.0,0.0,0.0,,0.0,64.4,69.8,0.0,0.0,0.0,0.0,168.8,1050.8,167.0,1074.2,172.4,1072.4,181.4,1086.8,0.0,0.0,69.62,948.0,172.39999999999998,107.99999999999997,5.219999999999999,0.07573611111111112,584.7673333333333,4.0,0.48,0.48,343.4,True,2026-08-14 08:27:13-07:00
196.06,1,10,2026-08-14 15:30:23,37.0826,-121.59841,297.0,9.5,333.9,-12.6,0.02,KCVH,14.5,141.4,0.0,11.3,0.9,320.3,0.0,167.0,-3.8,0.01,0.9,99.0,28.0,18.0,0.0,30.06,581.0,0.0,0.0,308.0,0.0,0.0,0.0,128.0,0.0,0.0,5.0,0.0,0.0,0.0,0.0,0.0,10.0,0.0,0.0,8.0,0.0,0.0,0.0,0.0,1.0,0.0,0.0,1200.0,74.0,21.0,993.0,993.0,13.6,2.3,0.0,2.3,25.8,0.0,0.0,10.5,0.0,0.0,4.9,37.3,32.4,0.0,0.0,0.0,0.0,77.0,560.0,76.0,579.0,78.0,578.0,83.0,586.0,0.0,0.0,-38.0,0.0,0.0,25.8,-26.0,4.998,0.0,0.0,1.364,2.225,74.2,20.9,0.0,0.0,0.0,,0.0,64.4,69.8,0.0,0.0,0.0,0.0,170.6,1040.0,168.8,1074.2,172.4,1072.4,181.4,1086.8,0.0,0.0,69.62,993.0,173.3,108.9,5.219999999999999,0.076375,600.5376666666666,4.130434782608696,0.48,0.48,343.4,True,2026-08-14 08:27:13-07:00
197.06,1,10,2026-08-14 15:30:24,37.08264,-121.59843,297.0,9.7,335.9,-12.6,0.02,KCVH,14.5,141.4,0.0,11.3,0.8,319.9,0.0,167.0,-1.7,0.01,1.0,99.0,15.0,18.0,0.0,30.06,581.0,0.0,0.0,308.0,0.0,0.0,0.0,128.0,0.0,0.0,5.0,0.0,0.0,0.0,0.0,0.0,8.0,0.0,0.0,14.0,0.0,0.0,0.0,0.0,1.0,0.0,0.0,1200.0,74.0,21.0,998.0,998.0,13.5,2.2,0.0,2.2,25.8,0.0,0.0,10.5,0.0,0.0,4.9,37.3,32.4,0.0,0.0,0.0,0.0,77.0,562.0,76.0,580.0,79.0,578.0,84.0,586.0,0.0,0.0,-38.0,0.0,0.0,25.8,-26.0,4.998,0.0,0.0,1.475,2.131,73.9,21.0,0.0,0.0,0.0,,0.0,64.4,69.8,0.0,0.0,0.0,0.0,170.6,1043.6,168.8,1076.0,174.2,1072.4,183.2,1086.8,0.0,0.0,69.8,998.0,174.20000000000002,109.80000000000001,5.3999999999999915,0.077,616.7296666666666,4.409090909090908,0.48,0.48,343.4,True,2026-08-14 08:27:13-07:00
198.06,1,10,2026-08-14 15:30:25,37.08268,-121.59846,297.0,10.0,334.7,-12.6,0.03,KCVH,14.5,141.4,0.0,11.3,0.7,319.7,0.0,168.0,-1.0,0.01,1.1,99.0,42.0,18.0,0.0,30.06,582.0,0.0,0.0,308.0,0.0,0.0,0.0,128.0,0.0,0.0,5.0,1.0,0.0,0.0,0.0,0.0,8.0,0.0,0.0,10.0,0.0,0.0,0.0,0.0,1.0,0.0,0.0,1200.0,74.0,21.0,970.0,970.0,13.5,2.2,0.0,2.2,25.8,0.0,0.0,10.5,0.0,0.0,4.9,37.3,32.4,0.0,0.0,0.0,0.0,78.0,562.0,77.0,581.0,79.0,577.0,84.0,586.0,0.0,0.0,-38.0,0.0,0.0,25.8,-26.0,4.998,0.0,0.0,1.526,2.094,73.7,21.0,0.0,0.0,0.0,,0.0,64.4,69.8,0.0,0.0,0.0,0.0,172.4,1043.6,170.6,1077.8,174.2,1070.6,183.2,1086.8,0.0,0.0,69.8,970.0,175.1,110.69999999999999,5.3999999999999915,0.07761111111111112,633.3433333333332,4.545454545454545,0.48,0.48,343.4,True,2026-08-14 08:27:13-07:00
199.06,1,10,2026-08-14 15:30:26,37.08272,-121.59848,297.0,10.3,333.3,-12.6,0.03,KCVH,14.5,141.4,0.0,11.4,0.4,321.4,0.0,170.0,0.3,-0.01,1.0,99.0,35.0,18.0,0.0,30.06,582.0,0.0,0.0,308.0,0.0,0.0,0.0,128.0,0.0,0.0,5.0,1.0,0.0,0.0,0.0,0.0,8.0,0.0,0.0,9.0,0.0,0.0,0.0,0.0,1.0,0.0,0.0,1200.0,74.0,21.0,980.0,980.0,13.6,2.2,0.0,2.2,25.8,0.0,0.0,10.5,0.0,0.0,4.9,37.3,32.4,0.0,0.0,0.0,0.0,78.0,563.0,77.0,581.0,80.0,577.0,85.0,585.0,0.0,0.0,-38.0,0.0,0.0,25.8,-26.0,4.998,0.0,0.0,1.573,2.065,73.5,21.0,0.0,0.0,0.0,,0.0,64.4,69.8,0.0,0.0,0.0,0.0,172.4,1045.4,170.6,1077.8,176.0,1070.6,185.0,1085.0,0.0,0.0,69.8,980.0,176.0,111.6,5.3999999999999915,0.07822222222222222,650.463,4.681818181818182,0.48,0.48,343.4,True,2026-08-14 08:27:13-07:00
200.06,1,10,2026-08-14 15:30:27,37.08276,-121.59851,296.0,10.5,335.3,-12.6,0.03,KCVH,14.5,141.4,0.0,11.5,0.3,323.4,0.0,170.0,1.0,-0.02,0.9,99.0,18.0,18.0,0.0,30.06,582.0,0.0,0.0,308.0,0.0,0.0,0.0,128.0,0.0,0.0,5.0,1.0,0.0,0.0,0.0,0.0,8.0,0.0,0.0,9.0,0.0,0.0,0.0,0.0,1.0,0.0,0.0,1200.0,73.0,21.0,982.0,982.0,13.6,2.1,0.0,2.1,25.8,0.0,0.0,10.5,0.0,0.0,4.9,37.3,32.4,0.0,0.0,0.0,0.0,79.0,563.0,78.0,581.0,80.0,577.0,85.0,584.0,0.0,0.0,-38.0,0.0,0.0,25.8,-26.0,4.998,0.0,0.0,1.611,1.997,73.4,21.0,0.0,0.0,0.0,,0.0,64.4,69.8,0.0,0.0,0.0,0.0,174.2,1045.4,172.4,1077.8,176.0,1070.6,185.0,1083.2,0.0,0.0,69.8,982.0,176.89999999999998,112.49999999999997,5.3999999999999915,0.07881944444444444,668.0043333333333,5.0,0.48,0.48,343.4,True,2026-08-14 08:27:13-07:00
201.06,1,10,2026-08-14 15:30:28,37.08281,-121.59853,298.0,10.7,337.5,-12.6,0.03,KCVH,14.5,141.4,0.0,11.4,0.0,323.5,0.0,170.0,0.5,-0.01,0.9,99.0,16.0,18.0,0.0,30.06,583.0,0.0,0.0,308.0,0.0,0.0,0.0,128.0,0.0,0.0,5.0,1.0,0.0,0.0,0.0,0.0,8.0,0.0,0.0,9.0,0.0,0.0,0.0,0.0,1.0,0.0,0.0,1200.0,73.0,21.0,977.0,977.0,13.6,2.1,0.0,2.1,25.8,0.0,0.0,10.5,0.0,0.0,4.9,37.3,32.4,0.0,0.0,0.0,0.0,79.0,564.0,78.0,581.0,81.0,577.0,86.0,583.0,0.0,0.0,-38.0,0.0,0.0,25.8,-26.0,4.998,0.0,0.0,1.644,1.91,73.4,21.1,0.0,0.0,0.0,,0.0,64.4,69.8,0.0,0.0,0.0,0.0,174.2,1047.2,172.4,1077.8,177.8,1070.6,186.8,1081.4,0.0,0.0,69.98,977.0,177.8,113.4,5.579999999999998,0.07940277777777778,685.8829999999999,5.095238095238095,0.48,0.48,343.4,True,2026-08-14 08:27:13-07:00
202.06,1,10,2026-08-14 15:30:29,37.08286,-121.59856,298.0,11.0,336.7,-12.6,0.03,KCVH,14.5,141.4,0.0,11.3,0.1,323.2,0.0,170.0,-0.1,-0.0,0.9,99.0,11.0,18.0,0.0,30.06,583.0,0.0,0.0,308.0,0.0,0.0,0.0,128.0,0.0,0.0,5.0,1.0,0.0,0.0,0.0,0.0,8.0,0.0,0.0,12.0,0.0,0.0,0.0,0.0,1.0,0.0,0.0,1200.0,73.0,21.0,973.0,973.0,13.5,2.1,0.0,2.1,25.8,0.0,0.0,10.5,0.0,0.0,4.9,37.3,32.4,0.0,0.0,0.0,0.0,80.0,564.0,79.0,580.0,81.0,577.0,86.0,583.0,0.0,0.0,-38.0,0.0,0.0,25.8,-26.0,4.998,0.0,0.0,1.663,1.909,73.3,21.1,0.0,0.0,0.0,,0.0,64.4,69.8,0.0,0.0,0.0,0.0,176.0,1047.2,174.2,1076.0,177.8,1070.6,186.8,1081.4,0.0,0.0,69.98,973.0,178.7,114.29999999999998,5.579999999999998,0.07998611111111112,704.1833333333333,5.238095238095238,0.48,0.48,343.4,True,2026-08-14 08:27:13-07:00
203.06,1,10,2026-08-14 15:30:30,37.0829,-121.59858,297.0,11.2,335.9,-12.6,0.03,KCVH,14.5,141.4,0.0,11.5,0.2,323.1,0.0,170.0,-0.1,0.0,1.0,99.0,10.0,18.0,0.0,30.06,583.0,0.0,0.0,308.0,0.0,0.0,0.0,128.0,0.0,0.0,5.0,1.0,0.0,0.0,0.0,0.0,8.0,0.0,0.0,12.0,0.0,0.0,0.0,0.0,1.0,0.0,0.0,1200.0,73.0,21.0,966.0,966.0,13.6,2.1,0.0,2.1,25.8,0.0,0.0,10.5,0.0,0.0,4.9,37.3,32.4,0.0,0.0,0.0,0.0,80.0,565.0,79.0,580.0,82.0,577.0,87.0,583.0,0.0,0.0,-38.0,0.0,0.0,25.8,-26.0,4.998,0.0,0.0,1.699,1.88,73.0,21.1,0.0,0.0,0.0,,0.0,64.4,69.8,0.0,0.0,0.0,0.0,176.0,1049.0,174.2,1076.0,179.6,1070.6,188.6,1081.4,0.0,0.0,69.98,966.0,179.6,115.19999999999999,5.579999999999998,0.08056944444444444,722.9053333333333,5.333333333333333,0.48,0.48,343.4,True,2026-08-14 08:27:13-07:00
204.06,1,10,2026-08-14 15:30:31,37.08295,-121.5986,297.0,11.4,336.2,-12.6,0.03,KCVH,14.5,141.4,0.0,11.7,-0.1,323.1,0.0,170.0,-0.1,0.0,0.9,99.0,-12.0,18.0,0.0,30.06,583.0,0.0,0.0,308.0,0.0,0.0,0.0,128.0,0.0,0.0,5.0,1.0,0.0,0.0,0.0,0.0,8.0,0.0,0.0,11.0,0.0,0.0,0.0,0.0,1.0,0.0,0.0,1200.0,73.0,21.0,977.0,977.0,13.7,2.1,0.0,2.1,25.8,0.0,0.0,10.5,0.0,0.0,4.9,37.3,32.4,0.0,0.0,0.0,0.0,81.0,564.0,79.0,580.0,82.0,577.0,87.0,582.0,0.0,0.0,-38.0,0.0,0.0,25.8,-26.0,4.998,0.0,0.0,1.699,1.851,73.1,21.1,0.0,0.0,0.0,,0.0,64.4,69.8,0.0,0.0,0.0,0.0,177.8,1047.2,174.2,1076.0,179.6,1070.6,188.6,1079.6,0.0,0.0,69.98,977.0,180.05,115.65,5.579999999999998,0.08115277777777778,741.9646666666666,5.428571428571429,0.48,0.48,343.4,True,2026-08-14 08:27:13-07:00
205.06,1,10,2026-08-14 15:30:32,37.083,-121.59863,297.0,11.7,336.0,-12.6,0.03,KCVH,14.5,141.4,0.0,11.6,0.1,324.0,0.0,170.0,0.4,-0.01,1.0,99.0,-2.0,18.0,0.0,30.06,583.0,0.0,0.0,308.0,0.0,0.0,0.0,128.0,0.0,0.0,5.0,1.0,0.0,0.0,0.0,0.0,8.0,0.0,0.0,11.0,0.0,0.0,0.0,0.0,1.0,0.0,0.0,1200.0,73.0,21.0,984.0,984.0,13.5,2.1,0.0,2.1,25.8,0.0,0.0,10.5,0.0,0.0,4.9,37.3,32.4,0.0,0.0,0.0,0.0,81.0,564.0,80.0,581.0,83.0,576.0,88.0,581.0,0.0,0.0,-38.0,0.0,0.0,25.8,-26.0,4.998,0.0,0.0,1.7,1.849,73.2,21.2,0.0,0.0,0.0,,0.0,64.4,69.8,0.0,0.0,0.0,0.0,177.8,1047.2,176.0,1077.8,181.4,1068.8,190.4,1077.8,0.0,0.0,70.16,984.0,181.39999999999998,116.99999999999997,5.759999999999991,0.08173611111111112,761.4456666666666,5.571428571428571,0.48,0.48,343.4,True,2026-08-14 08:27:13-07:00
206.06,1,10,2026-08-14 15:30:33,37.08305,-121.59866,297.0,11.9,337.2,-12.6,0.03,KCVH,14.5,141.4,0.0,11.5,-0.1,324.4,0.0,170.0,0.5,-0.02,1.0,99.0,1.0,18.0,0.0,30.06,583.0,0.0,0.0,308.0,0.0,0.0,0.0,128.0,0.0,0.0,5.0,1.0,0.0,0.0,0.0,0.0,8.0,0.0,0.0,11.0,0.0,0.0,0.0,0.0,1.0,0.0,0.0,1200.0,73.0,21.0,964.0,964.0,13.5,2.1,0.0,2.1,25.8,0.0,0.0,10.5,0.0,0.0,4.8,37.3,32.4,0.0,0.0,0.0,0.0,82.0,564.0,80.0,582.0,83.0,576.0,88.0,580.0,0.0,0.0,-38.0,0.0,0.0,25.8,-26.0,4.998,0.0,0.0,1.699,1.798,73.1,21.2,0.0,0.0,0.0,,0.0,64.4,69.8,0.0,0.0,0.0,0.0,179.6,1047.2,176.0,1079.6,181.4,1068.8,190.4,1076.0,0.0,0.0,70.16,964.0,181.85,117.44999999999999,5.759999999999991,0.08231944444444445,781.3483333333332,5.666666666666667,0.48,0.48,343.4,True,2026-08-14 08:27:13-07:00
207.06,1,10,2026-08-14 15:30:34,37.0831,-121.59869,295.0,12.1,337.7,-12.6,0.03,KCVH,14.5,141.4,0.0,11.4,-0.3,322.8,0.0,170.0,-0.7,0.01,1.0,99.0,-11.0,18.0,0.0,30.06,583.0,0.0,0.0,308.0,0.0,0.0,0.0,128.0,0.0,0.0,5.0,1.0,0.0,0.0,0.0,0.0,8.0,0.0,0.0,10.0,0.0,0.0,0.0,0.0,1.0,0.0,0.0,1200.0,72.0,21.0,908.0,908.0,13.4,2.0,0.0,2.0,25.8,0.0,0.0,10.5,0.0,0.0,4.9,37.3,32.4,0.0,0.0,0.0,0.0,82.0,564.0,81.0,581.0,83.0,575.0,89.0,580.0,0.0,0.0,-38.0,0.0,0.0,25.8,-26.0,4.998,0.0,0.0,1.765,1.794,72.2,21.2,0.0,0.0,0.0,,0.0,64.4,69.8,0.0,0.0,0.0,0.0,179.6,1047.2,177.8,1077.8,181.4,1067.0,192.2,1076.0,0.0,0.0,70.16,908.0,182.75000000000003,118.35000000000002,5.759999999999991,0.08288888888888889,801.5883333333333,6.05,0.48,0.48,343.4,True,2026-08-14 08:27:13-07:00
208.06,1,10,2026-08-14 15:30:35,37.08315,-121.59872,294.0,12.2,336.0,-12.6,0.03,KCVH,14.5,141.4,0.0,11.3,-0.4,321.8,0.0,170.0,-0.9,0.01,1.0,99.0,6.0,18.0,0.0,30.06,583.0,0.0,0.0,308.0,0.0,0.0,0.0,128.0,0.0,0.0,5.0,1.0,0.0,0.0,0.0,0.0,7.0,0.0,0.0,7.0,0.0,0.0,0.0,0.0,1.0,0.0,0.0,1200.0,71.0,21.0,901.0,901.0,13.4,1.9,0.0,1.9,25.9,0.0,0.0,10.5,0.0,0.0,4.9,37.3,32.4,0.0,0.0,0.0,0.0,83.0,562.0,81.0,580.0,84.0,574.0,89.0,580.0,0.0,0.0,-38.0,0.0,0.0,25.9,-26.0,4.998,0.0,0.0,1.764,1.797,71.4,21.2,0.0,0.0,0.0,,0.0,64.4,69.8,0.0,0.0,0.0,0.0,181.4,1043.6,177.8,1076.0,183.2,1065.2,192.2,1076.0,0.0,0.0,70.16,901.0,183.65,119.25,5.759999999999991,0.08343055555555556,822.0813333333333,6.421052631578947,0.48,0.48,343.4,True,2026-08-14 08:27:13-07:00
209.06,1,10,2026-08-14 15:30:36,37.08321,-121.59875,294.0,12.3,335.1,-12.6,0.03,KCVH,14.5,141.4,0.0,11.3,-0.5,321.1,0.0,170.0,-0.7,-0.0,1.0,99.0,2.0,18.0,0.0,30.06,583.0,0.0,0.0,308.0,0.0,0.0,0.0,128.0,0.0,0.0,5.0,1.0,0.0,0.0,0.0,0.0,5.0,0.0,0.0,4.0,0.0,0.0,0.0,0.0,1.0,0.0,0.0,1200.0,71.0,21.0,876.0,876.0,13.5,1.9,0.0,1.9,25.8,0.0,0.0,10.5,0.0,0.0,4.9,37.3,32.4,0.0,0.0,0.0,0.0,83.0,561.0,81.0,580.0,85.0,573.0,90.0,579.0,0.0,0.0,-38.0,0.0,0.0,25.8,-26.0,4.998,0.0,0.0,1.764,1.844,70.9,21.3,0.0,0.0,0.0,,0.0,64.4,69.8,0.0,0.0,0.0,0.0,181.4,1041.8,177.8,1076.0,185.0,1063.4,194.0,1074.2,0.0,0.0,70.34,876.0,184.54999999999998,120.14999999999998,5.939999999999998,0.08395833333333333,842.7429999999999,6.473684210526317,0.48,0.48,343.4,True,2026-08-14 08:27:13-07:00
210.06,1,10,2026-08-14 15:30:37,37.08326,-121.59878,294.0,12.3,334.3,-12.6,0.03,KCVH,14.5,141.4,0.0,11.4,-0.0,321.2,0.0,170.0,-0.3,0.0,1.0,99.0,-2.0,18.0,0.0,30.06,583.0,0.0,0.0,308.0,0.0,0.0,0.0,128.0,0.0,0.0,5.0,1.0,0.0,0.0,0.0,0.0,5.0,0.0,0.0,7.0,0.0,0.0,0.0,0.0,1.0,0.0,0.0,1200.0,70.0,21.0,885.0,885.0,13.7,1.9,0.0,1.9,25.9,0.0,0.0,10.5,0.0,0.0,4.9,37.3,32.4,0.0,0.0,0.0,0.0,83.0,561.0,82.0,579.0,85.0,573.0,90.0,579.0,0.0,0.0,-38.0,0.0,0.0,25.9,-26.0,4.998,0.0,0.0,1.764,1.852,70.4,21.3,0.0,0.0,0.0,,0.0,64.4,69.8,0.0,0.0,0.0,0.0,181.4,1041.8,179.6,1074.2,185.0,1063.4,194.0,1074.2,0.0,0.0,70.34,885.0,185.0,120.6,5.939999999999998,0.08448611111111111,863.4889999999999,6.473684210526317,0.48,0.48,343.4,True,2026-08-14 08:27:13-07:00
211.06,1,10,2026-08-14 15:30:38,37.08331,-121.59881,294.0,12.3,334.5,-12.6,0.04,KCVH,14.6,141.4,0.0,11.4,-0.0,322.4,0.0,170.0,0.6,-0.01,1.0,99.0,-8.0,18.0,0.0,30.06,583.0,0.0,0.0,308.0,0.0,0.0,0.0,128.0,0.0,0.0,5.0,1.0,0.0,0.0,0.0,0.0,4.0,0.0,0.0,6.0,0.0,0.0,0.0,0.0,1.0,0.0,0.0,1200.0,70.0,21.0,875.0,875.0,13.8,1.8,0.0,1.8,25.9,0.0,0.0,10.5,0.0,0.0,4.9,37.3,32.4,0.0,0.0,0.0,0.0,84.0,561.0,82.0,578.0,85.0,572.0,90.0,579.0,0.0,0.0,-38.0,0.0,0.0,25.9,-17.0,4.998,0.0,0.0,1.764,1.857,70.0,21.3,0.0,0.0,0.0,,0.0,64.4,69.8,0.0,0.0,0.0,0.0,183.2,1041.8,179.6,1072.4,185.0,1061.6,194.0,1074.2,0.0,0.0,70.34,875.0,185.45,121.04999999999998,5.939999999999998,0.085,884.2349999999999,6.833333333333334,0.48,0.48,343.4,True,2026-08-14 08:27:13-07:00
212.06,1,10,2026-08-14 15:30:39,37.08336,-121.59884,294.0,12.3,336.0,-12.6,0.04,KCVH,14.6,141.4,0.0,11.4,-0.1,322.0,0.0,170.0,0.2,-0.0,1.0,99.0,-22.0,18.0,0.0,30.06,583.0,0.0,0.0,308.0,0.0,0.0,0.0,128.0,0.0,0.0,5.0,1.0,0.0,0.0,0.0,0.0,4.0,0.0,0.0,6.0,0.0,0.0,0.0,0.0,1.0,0.0,0.0,1200.0,70.0,21.0,880.0,880.0,13.9,1.8,0.0,1.8,25.8,0.0,0.0,10.5,0.0,0.0,4.9,37.3,32.4,0.0,0.0,0.0,0.0,84.0,561.0,83.0,577.0,86.0,572.0,91.0,579.0,0.0,0.0,-38.0,0.0,0.0,25.8,-5.0,4.998,0.0,0.0,1.764,1.797,69.9,21.3,0.0,0.0,0.0,,0.0,64.4,69.8,0.0,0.0,0.0,0.0,183.2,1041.8,181.4,1070.6,186.8,1061.6,195.8,1074.2,0.0,0.0,70.34,880.0,186.8,122.4,5.939999999999998,0.0855,904.981,6.833333333333334,0.48,0.48,343.4,True,2026-08-14 08:27:13-07:00
213.06,1,10,2026-08-14 15:30:40,37.08341,-121.59887,296.0,12.2,334.7,-12.6,0.04,KCVH,14.6,141.4,0.0,11.5,-0.1,321.7,0.0,170.0,-0.2,0.0,0.9,99.0,-29.0,18.0,0.0,30.06,583.0,0.0,0.0,308.0,0.0,0.0,0.0,128.0,0.0,0.0,5.0,1.0,0.0,0.0,0.0,0.0,4.0,0.0,0.0,6.0,0.0,0.0,0.0,0.0,1.0,0.0,0.0,1200.0,70.0,21.0,881.0,881.0,13.8,1.8,0.0,1.8,25.9,0.0,0.0,10.5,0.0,0.0,4.9,37.3,32.4,0.0,0.0,0.0,0.0,85.0,561.0,83.0,577.0,86.0,572.0,91.0,578.0,0.0,0.0,-38.0,0.0,0.0,25.9,2.0,4.998,0.0,0.0,1.764,1.801,69.9,21.4,0.0,0.0,0.0,,0.0,64.4,69.8,0.0,0.0,0.0,0.0,185.0,1041.8,181.4,1070.6,186.8,1061.6,195.8,1072.4,0.0,0.0,70.52,881.0,187.25,122.85,6.11999999999999,0.08600000000000001,925.6426666666666,6.777777777777777,0.48,0.48,343.4,True,2026-08-14 08:27:13-07:00
214.06,1,10,2026-08-14 15:30:41,37.08346,-121.59889,296.0,12.2,334.7,-12.6,0.04,KCVH,14.6,141.4,0.0,11.5,0.1,321.4,0.0,170.0,-0.3,0.01,1.0,99.0,-25.0,18.0,0.0,30.06,582.0,0.0,0.0,308.0,0.0,0.0,0.0,128.0,0.0,0.0,5.0,1.0,0.0,0.0,0.0,0.0,4.0,0.0,0.0,6.0,0.0,0.0,0.0,0.0,1.0,0.0,0.0,1200.0,70.0,21.0,890.0,890.0,13.7,1.8,0.0,1.8,25.9,0.0,0.0,10.5,0.0,0.0,4.9,37.3,32.4,0.0,0.0,0.0,0.0,85.0,560.0,84.0,578.0,87.0,572.0,92.0,578.0,0.0,0.0,-15.0,0.0,0.0,25.9,4.0,4.998,0.0,0.0,1.765,1.84,69.8,21.4,0.0,0.0,0.0,,0.0,64.4,69.8,0.0,0.0,0.0,0.0,185.0,1040.0,183.2,1072.4,188.6,1061.6,197.6,1072.4,0.0,0.0,70.52,890.0,188.6,124.19999999999999,6.11999999999999,0.08650000000000001,946.2199999999999,6.777777777777777,0.48,0.48,343.4,True,2026-08-14 08:27:13-07:00
215.06,1,10,2026-08-14 15:30:42,37.08351,-121.59892,296.0,12.0,334.4,-12.6,0.04,KCVH,14.6,141.4,0.0,11.6,0.2,324.0,0.0,170.0,1.2,-0.02,1.0,99.0,12.0,18.0,0.0,30.06,582.0,0.0,0.0,308.0,0.0,0.0,0.0,128.0,0.0,0.0,5.0,1.0,0.0,0.0,0.0,0.0,4.0,0.0,0.0,6.0,0.0,0.0,0.0,0.0,1.0,0.0,0.0,1200.0,70.0,21.0,875.0,875.0,13.7,1.7,0.0,1.7,25.9,0.0,0.0,10.5,0.0,0.0,4.9,37.3,32.4,0.0,0.0,0.0,0.0,86.0,559.0,84.0,578.0,87.0,572.0,92.0,578.0,0.0,0.0,-7.0,0.0,0.0,25.9,4.0,4.998,0.0,0.0,1.764,1.852,69.7,21.4,0.0,0.0,0.0,,0.0,64.4,69.8,0.0,0.0,0.0,0.0,186.8,1038.2,183.2,1072.4,188.6,1061.6,197.6,1072.4,0.0,0.0,70.52,875.0,189.05,124.65,6.11999999999999,0.08698611111111111,966.6286666666666,7.0588235294117645,0.48,0.48,343.4,True,2026-08-14 08:27:13-07:00
216.06,1,10,2026-08-14 15:30:43,37.08356,-121.59895,293.0,12.1,338.5,-12.6,0.04,KCVH,14.6,141.4,0.0,11.6,-0.1,323.3,0.0,171.0,0.4,-0.0,1.0,99.0,2.0,18.0,0.0,30.06,582.0,0.0,0.0,308.0,0.0,0.0,0.0,128.0,0.0,0.0,5.0,1.0,0.0,0.0,0.0,0.0,5.0,0.0,0.0,6.0,0.0,0.0,0.0,0.0,1.0,0.0,0.0,1200.0,70.0,21.0,862.0,862.0,13.8,1.7,0.0,1.7,25.8,0.0,0.0,10.5,0.0,0.0,4.9,37.3,32.4,0.0,0.0,0.0,0.0,86.0,559.0,84.0,577.0,88.0,572.0,93.0,577.0,0.0,0.0,-4.0,0.0,0.0,25.8,5.0,4.998,0.0,0.0,1.765,1.797,69.6,21.4,0.0,0.0,0.0,,0.0,64.4,69.8,0.0,0.0,0.0,0.0,186.8,1038.2,183.2,1070.6,190.4,1061.6,199.4,1070.6,0.0,0.0,70.52,862.0,189.95,125.54999999999998,6.11999999999999,0.08745833333333333,986.953,7.117647058823529,0.48,0.48,343.4,True,2026-08-14 08:27:13-07:00
217.06,1,10,2026-08-14 15:30:44,37.08361,-121.59898,293.0,11.9,336.0,-12.6,0.04,KCVH,14.6,141.4,0.0,11.5,-0.2,322.2,0.0,171.0,-0.6,0.01,1.0,99.0,-38.0,18.0,0.0,30.06,583.0,0.0,0.0,308.0,0.0,0.0,0.0,128.0,0.0,0.0,5.0,1.0,0.0,0.0,0.0,0.0,5.0,0.0,0.0,6.0,0.0,0.0,0.0,0.0,1.0,0.0,0.0,1200.0,69.0,21.0,878.0,878.0,13.8,1.7,0.0,1.7,25.9,0.0,0.0,10.5,0.0,0.0,4.9,37.3,32.4,0.0,0.0,0.0,0.0,86.0,559.0,85.0,577.0,88.0,572.0,93.0,577.0,0.0,0.0,-13.0,0.0,0.0,25.9,5.0,4.998,0.0,0.0,1.764,1.818,69.4,21.5,0.0,0.0,0.0,,0.0,64.4,69.8,0.0,0.0,0.0,0.0,186.8,1038.2,185.0,1070.6,190.4,1061.6,199.4,1070.6,0.0,0.0,70.7,878.0,190.39999999999998,125.99999999999997,6.299999999999997,0.08793055555555555,1007.193,7.0,0.48,0.48,343.4,True,2026-08-14 08:27:13-07:00
218.06,1,10,2026-08-14 15:30:45,37.08366,-121.59901,293.0,11.9,334.9,-12.6,0.04,KCVH,14.6,141.4,0.0,11.6,0.1,322.7,0.0,171.0,-0.1,0.0,1.0,99.0,-1.0,18.0,0.0,30.06,583.0,0.0,0.0,308.0,0.0,0.0,0.0,128.0,0.0,0.0,5.0,1.0,0.0,0.0,0.0,0.0,5.0,0.0,0.0,6.0,0.0,0.0,0.0,0.0,1.0,0.0,0.0,1200.0,70.0,21.0,872.0,872.0,13.9,1.7,0.0,1.7,25.9,0.0,0.0,10.5,0.0,0.0,4.9,37.3,32.4,0.0,0.0,0.0,0.0,87.0,560.0,85.0,577.0,88.0,571.0,93.0,578.0,0.0,0.0,-21.0,0.0,0.0,25.9,5.0,4.998,0.0,0.0,1.764,1.851,69.5,21.5,0.0,0.0,0.0,,0.0,64.4,69.8,0.0,0.0,0.0,0.0,188.6,1040.0,185.0,1070.6,190.4,1059.8,199.4,1072.4,0.0,0.0,70.7,872.0,190.85,126.44999999999999,6.299999999999997,0.08840277777777777,1027.2643333333333,7.0,0.48,0.48,343.4,True,2026-08-14 08:27:13-07:00
219.06,1,10,2026-08-14 15:30:46,37.08372,-121.59903,291.0,11.9,336.5,-12.6,0.04,KCVH,14.6,141.4,0.0,11.6,-0.0,323.5,0.0,171.0,0.4,-0.01,1.0,99.0,-15.0,18.0,0.0,30.06,583.0,0.0,0.0,308.0,0.0,0.0,0.0,128.0,0.0,0.0,5.0,1.0,0.0,0.0,0.0,0.0,5.0,0.0,0.0,6.0,0.0,0.0,0.0,0.0,1.0,0.0,0.0,1200.0,70.0,22.0,875.0,875.0,13.8,1.7,0.0,1.7,25.8,0.0,0.0,10.5,0.0,0.0,4.8,37.3,32.4,0.0,0.0,0.0,0.0,87.0,559.0,86.0,576.0,89.0,571.0,94.0,578.0,0.0,0.0,-22.0,0.0,0.0,25.8,4.0,4.998,0.0,0.0,1.764,1.849,69.6,21.5,0.0,0.0,0.0,,0.0,64.4,71.6,0.0,0.0,0.0,0.0,188.6,1038.2,186.8,1068.8,192.2,1059.8,201.2,1072.4,0.0,0.0,70.7,875.0,192.20000000000002,127.80000000000001,6.299999999999997,0.088875,1047.3356666666666,7.0,0.48,0.48,343.4,True,2026-08-14 08:27:13-07:00
220.06,1,10,2026-08-14 15:30:47,37.08377,-121.59906,290.0,11.9,336.8,-12.6,0.04,KCVH,14.6,141.4,0.0,11.5,0.0,324.2,0.0,171.0,0.6,-0.01,1.0,99.0,-28.0,18.0,0.0,30.06,574.0,0.0,0.0,308.0,0.0,0.0,0.0,128.0,0.0,0.0,5.0,1.0,0.0,0.0,0.0,0.0,5.0,0.0,0.0,6.0,0.0,0.0,0.0,0.0,1.0,0.0,0.0,1200.0,69.0,22.0,886.0,886.0,13.7,1.7,0.0,1.7,25.9,0.0,0.0,10.5,0.0,0.0,4.8,37.3,32.4,0.0,0.0,0.0,0.0,88.0,558.0,86.0,577.0,89.0,571.0,94.0,577.0,0.0,0.0,-22.0,0.0,0.0,25.9,5.0,4.998,0.0,0.0,1.764,1.804,69.5,21.5,0.0,0.0,0.0,,0.0,64.4,71.6,0.0,0.0,0.0,0.0,190.4,1036.4,186.8,1070.6,192.2,1059.8,201.2,1070.6,0.0,0.0,70.7,886.0,192.65,128.25,6.299999999999997,0.08934722222222223,1067.407,7.0,0.48,0.48,343.4,True,2026-08-14 08:27:13-07:00
221.06,1,10,2026-08-14 15:30:48,37.08382,-121.59909,291.0,12.0,337.4,-12.6,0.04,KCVH,14.6,141.4,0.0,11.5,0.1,324.8,0.0,171.0,0.6,-0.01,0.9,99.0,-55.0,18.0,0.0,30.06,574.0,0.0,0.0,308.0,0.0,0.0,0.0,128.0,0.0,0.0,5.0,1.0,0.0,0.0,0.0,0.0,5.0,0.0,0.0,6.0,0.0,0.0,0.0,0.0,1.0,0.0,0.0,1200.0,70.0,22.0,880.0,880.0,13.8,1.7,0.0,1.7,25.9,0.0,0.0,10.5,0.0,0.0,4.8,37.3,32.4,0.0,0.0,0.0,0.0,88.0,558.0,86.0,576.0,90.0,572.0,95.0,577.0,0.0,0.0,-22.0,0.0,0.0,25.9,5.0,4.998,0.0,0.0,1.764,1.803,69.5,21.6,0.0,0.0,0.0,,0.0,64.4,71.6,0.0,0.0,0.0,0.0,190.4,1036.4,186.8,1068.8,194.0,1061.6,203.0,1070.6,0.0,0.0,70.88,880.0,193.54999999999998,129.14999999999998,6.47999999999999,0.08981944444444445,1087.5626666666667,7.0588235294117645,0.48,0.48,343.4,True,2026-08-14 08:27:13-07:00
222.06,1,10,2026-08-14 15:30:49,37.08387,-121.59911,290.0,12.0,338.3,-12.6,0.05,KCVH,14.6,141.5,0.0,11.5,-0.2,324.6,0.0,171.0,0.3,-0.02,1.0,99.0,-41.0,18.0,0.0,30.06,574.0,0.0,0.0,308.0,0.0,0.0,0.0,128.0,0.0,0.0,5.0,1.0,0.0,0.0,0.0,0.0,5.0,0.0,0.0,6.0,0.0,0.0,0.0,0.0,1.0,0.0,0.0,1200.0,69.0,22.0,873.0,873.0,13.8,1.7,0.0,1.7,25.8,0.0,0.0,10.5,0.0,0.0,4.8,37.3,32.4,0.0,0.0,0.0,0.0,88.0,557.0,87.0,576.0,90.0,572.0,95.0,577.0,0.0,0.0,-22.0,0.0,0.0,25.8,5.0,4.998,0.0,0.0,1.764,1.788,69.4,21.6,0.0,0.0,0.0,,0.0,64.4,71.6,0.0,0.0,0.0,0.0,190.4,1034.6,188.6,1068.8,194.0,1061.6,203.0,1070.6,0.0,0.0,70.88,873.0,194.0,129.6,6.47999999999999,0.09029166666666667,1107.8026666666667,7.0588235294117645,0.48,0.48,343.4,True,2026-08-14 08:27:13-07:00
223.06,1,10,2026-08-14 15:30:50,37.08392,-121.59914,290.0,12.0,337.5,-12.6,0.05,KCVH,14.6,141.5,0.0,11.4,-0.3,322.7,0.0,171.0,-0.9,0.01,1.0,99.0,-63.0,18.0,0.0,30.06,574.0,0.0,0.0,308.0,0.0,0.0,0.0,128.0,0.0,0.0,5.0,1.0,0.0,0.0,0.0,0.0,5.0,0.0,0.0,6.0,0.0,0.0,0.0,0.0,1.0,0.0,0.0,1200.0,69.0,22.0,867.0,867.0,13.8,1.7,0.0,1.7,25.9,0.0,0.0,10.5,0.0,0.0,4.8,37.3,32.4,0.0,0.0,0.0,0.0,89.0,558.0,87.0,577.0,91.0,572.0,95.0,577.0,0.0,0.0,-22.0,0.0,0.0,25.9,5.0,4.998,0.0,0.0,1.764,1.787,69.2,21.6,0.0,0.0,0.0,,0.0,64.4,71.6,0.0,0.0,0.0,0.0,192.2,1036.4,188.6,1070.6,195.8,1061.6,203.0,1070.6,0.0,0.0,70.88,867.0,194.89999999999998,130.49999999999997,6.47999999999999,0.0907638888888889,1128.0426666666665,7.0588235294117645,0.48,0.48,343.4,True,2026-08-14 08:27:13-07:00
224.06,1,10,2026-08-14 15:30:51,37.08397,-121.59917,290.0,11.9,335.9,-12.6,0.05,KCVH,14.6,141.5,0.0,11.5,-0.0,321.8,0.0,171.0,-1.0,0.02,1.0,99.0,-74.0,18.0,0.0,30.06,574.0,0.0,0.0,308.0,0.0,0.0,0.0,128.0,0.0,0.0,5.0,1.0,0.0,0.0,0.0,0.0,5.0,0.0,0.0,6.0,0.0,0.0,0.0,0.0,1.0,0.0,0.0,1200.0,69.0,22.0,868.0,868.0,13.9,1.7,0.0,1.7,25.9,0.0,0.0,10.5,0.0,0.0,4.8,37.3,32.4,0.0,0.0,0.0,0.0,89.0,559.0,88.0,576.0,91.0,572.0,96.0,577.0,0.0,0.0,-22.0,0.0,0.0,25.9,5.0,4.998,0.0,0.0,1.765,1.838,69.2,21.6,0.0,0.0,0.0,,0.0,64.4,71.6,0.0,0.0,0.0,0.0,192.2,1038.2,190.4,1068.8,195.8,1061.6,204.8,1070.6,0.0,0.0,70.88,868.0,195.8,131.4,6.47999999999999,0.09123611111111112,1148.1983333333333,7.0,0.48,0.48,343.4,True,2026-08-14 08:27:13-07:00
225.06,1,10,2026-08-14 15:30:52,37.08402,-121.5992,292.0,11.9,334.5,-12.6,0.05,KCVH,14.6,141.5,0.0,11.5,0.0,321.6,0.0,171.0,-0.5,0.01,1.0,99.0,-39.0,18.0,0.0,30.06,574.0,0.0,0.0,308.0,0.0,0.0,0.0,128.0,0.0,0.0,5.0,1.0,0.0,0.0,0.0,0.0,5.0,0.0,0.0,5.0,0.0,0.0,0.0,0.0,1.0,0.0,0.0,1200.0,69.0,22.0,871.0,871.0,13.8,1.7,0.0,1.7,25.9,0.0,0.0,10.5,0.0,0.0,4.8,37.3,32.4,0.0,0.0,0.0,0.0,90.0,559.0,88.0,577.0,92.0,571.0,96.0,577.0,0.0,0.0,-22.0,0.0,0.0,25.9,5.0,4.998,0.0,0.0,1.704,1.851,69.2,21.7,0.0,0.0,0.0,,0.0,64.4,71.6,0.0,0.0,0.0,0.0,194.0,1038.2,190.4,1070.6,197.6,1059.8,204.8,1070.6,0.0,0.0,71.06,871.0,196.7,132.29999999999998,6.659999999999997,0.09170833333333334,1168.2696666666666,7.0,0.48,0.48,343.4,True,2026-08-14 08:27:13-07:00
226.06,2,10,2026-08-14 15:30:53,37.08407,-121.59923,292.0,11.8,334.8,-12.6,0.05,KCVH,14.6,141.5,0.0,11.4,-0.1,321.9,0.0,171.0,-0.1,-0.0,0.9,99.0,-16.0,18.0,0.0,30.06,572.0,0.0,0.0,308.0,0.0,0.0,0.0,128.0,0.0,0.0,5.0,1.0,0.0,0.0,0.0,0.0,5.0,0.0,0.0,5.0,0.0,0.0,0.0,0.0,1.0,0.0,0.0,1200.0,69.0,22.0,883.0,883.0,13.8,1.7,0.0,1.7,25.9,0.0,0.0,10.5,0.0,0.0,4.8,37.3,32.4,0.0,0.0,0.0,0.0,90.0,559.0,88.0,576.0,92.0,571.0,97.0,577.0,0.0,0.0,-22.0,0.0,0.0,25.9,5.0,4.998,0.0,0.0,1.699,1.848,69.3,21.7,0.0,0.0,0.0,,0.0,64.4,71.6,0.0,0.0,0.0,0.0,194.0,1038.2,190.4,1068.8,197.6,1059.8,206.6,1070.6,0.0,0.0,71.06,883.0,197.15,132.75,6.659999999999997,0.09218055555555556,1188.2566666666667,6.9411764705882355,0.48,0.48,343.4,True,2026-08-14 08:27:13-07:00
227.06,2,10,2026-08-14 15:30:54,37.08412,-121.59925,292.0,11.8,334.7,-12.6,0.05,KCVH,14.6,141.5,0.0,11.6,0.0,322.8,0.0,171.0,0.4,-0.01,1.0,99.0,-60.0,18.0,0.0,30.06,572.0,0.0,0.0,308.0,0.0,0.0,0.0,128.0,0.0,0.0,5.0,1.0,0.0,0.0,0.0,0.0,5.0,0.0,0.0,4.0,0.0,0.0,0.0,0.0,1.0,0.0,0.0,1200.0,69.0,22.0,857.0,857.0,13.7,1.7,0.0,1.7,25.9,0.0,0.0,10.5,0.0,0.0,4.8,37.3,32.4,0.0,0.0,0.0,0.0,90.0,560.0,89.0,576.0,93.0,572.0,97.0,577.0,0.0,0.0,-22.0,0.0,0.0,25.9,5.0,4.998,0.0,0.0,1.748,1.848,69.1,21.7,0.0,0.0,0.0,,0.0,64.4,71.6,0.0,0.0,0.0,0.0,194.0,1040.0,192.2,1068.8,199.4,1061.6,206.6,1070.6,0.0,0.0,71.06,857.0,198.05,133.65,6.659999999999997,0.09265277777777778,1208.1593333333333,6.9411764705882355,0.48,0.48,343.4,True,2026-08-14 08:27:13-07:00
228.06,2,10,2026-08-14 15:30:55,37.08417,-121.59928,292.0,11.8,335.9,-12.6,0.05,KCVH,14.6,141.5,0.0,11.5,0.1,323.5,0.0,171.0,0.6,-0.01,1.0,99.0,-32.0,18.0,0.0,30.06,572.0,0.0,0.0,308.0,0.0,0.0,0.0,128.0,0.0,0.0,5.0,1.0,0.0,0.0,0.0,0.0,5.0,0.0,0.0,4.0,0.0,0.0,0.0,0.0,1.0,0.0,0.0,1200.0,69.0,22.0,860.0,860.0,13.8,1.7,0.0,1.7,25.9,0.0,0.0,10.5,0.0,0.0,4.8,37.3,32.4,0.0,0.0,0.0,0.0,91.0,561.0,89.0,577.0,93.0,571.0,97.0,577.0,0.0,0.0,-22.0,0.0,0.0,25.9,5.0,4.998,0.0,0.0,1.764,1.855,68.5,21.7,0.0,0.0,0.0,,0.0,64.4,71.6,0.0,0.0,0.0,0.0,195.8,1041.8,192.2,1070.6,199.4,1059.8,206.6,1070.6,0.0,0.0,71.06,860.0,198.5,134.1,6.659999999999997,0.093125,1228.062,6.9411764705882355,0.48,0.48,343.4,True,2026-08-14 08:27:13-07:00
229.06,2,10,2026-08-14 15:30:56,37.08422,-121.59931,292.0,11.8,336.6,-12.6,0.05,KCVH,14.6,141.5,0.0,11.6,0.1,324.0,0.0,171.0,0.6,-0.01,1.0,99.0,-14.0,18.0,0.0,30.06,572.0,0.0,0.0,308.0,0.0,0.0,0.0,128.0,0.0,0.0,5.0,1.0,0.0,0.0,0.0,0.0,5.0,0.0,0.0,4.0,0.0,0.0,0.0,0.0,1.0,0.0,0.0,1200.0,69.0,22.0,852.0,852.0,14.0,1.7,0.0,1.7,25.9,0.0,0.0,10.5,0.0,0.0,4.8,37.3,32.4,0.0,0.0,0.0,0.0,91.0,560.0,89.0,575.0,93.0,570.0,98.0,577.0,0.0,0.0,-22.0,0.0,0.0,25.9,5.0,4.998,0.0,0.0,1.764,1.803,68.6,21.8,0.0,0.0,0.0,,0.0,64.4,71.6,0.0,0.0,0.0,0.0,195.8,1040.0,192.2,1067.0,199.4,1058.0,208.4,1070.6,0.0,0.0,71.24000000000001,852.0,198.95,134.54999999999998,6.840000000000003,0.09359722222222222,1247.9646666666665,6.9411764705882355,0.48,0.48,343.4,True,2026-08-14 08:27:13-07:00
230.06,2,10,2026-08-14 15:30:57,37.08427,-121.59933,293.0,11.8,337.1,-12.6,0.05,KCVH,14.6,141.5,0.0,11.6,-0.1,323.6,0.0,171.0,0.1,-0.0,1.0,99.0,-36.0,18.0,0.0,30.06,572.0,0.0,0.0,308.0,0.0,0.0,0.0,128.0,0.0,0.0,5.0,1.0,0.0,0.0,0.0,0.0,5.0,0.0,0.0,5.0,0.0,0.0,0.0,0.0,1.0,0.0,0.0,1200.0,68.0,22.0,851.0,851.0,14.0,1.7,0.0,1.7,26.0,0.0,0.0,10.5,0.0,0.0,4.8,37.3,32.4,0.0,0.0,0.0,0.0,92.0,560.0,90.0,576.0,94.0,569.0,98.0,576.0,0.0,0.0,-22.0,0.0,0.0,26.0,5.0,4.998,0.0,0.0,1.765,1.812,68.3,21.8,0.0,0.0,0.0,,0.0,64.4,71.6,0.0,0.0,0.0,0.0,197.6,1040.0,194.0,1068.8,201.2,1056.2,208.4,1068.8,0.0,0.0,71.24000000000001,851.0,200.3,135.9,6.840000000000003,0.09406944444444444,1267.8673333333334,6.9411764705882355,0.48,0.48,343.4,True,2026-08-14 08:27:13-07:00
231.06,2,10,2026-08-14 15:30:58,37.08432,-121.59937,291.0,11.8,336.7,-12.6,0.05,KCVH,14.6,141.5,0.0,11.6,-0.3,323.2,0.0,170.0,-0.2,-0.0,0.9,99.0,-48.0,18.0,0.0,30.06,571.0,0.0,0.0,308.0,0.0,0.0,0.0,128.0,0.0,0.0,5.0,1.0,0.0,0.0,0.0,0.0,5.0,0.0,0.0,5.0,0.0,0.0,0.0,0.0,1.0,0.0,0.0,1200.0,68.0,22.0,849.0,849.0,13.9,1.7,0.0,1.7,26.0,0.0,0.0,10.5,0.0,0.0,4.8,37.3,32.4,0.0,0.0,0.0,0.0,92.0,560.0,90.0,577.0,94.0,568.0,99.0,575.0,0.0,0.0,-22.0,0.0,0.0,26.0,5.0,4.998,0.0,0.0,1.764,1.81,68.3,21.8,0.0,0.0,0.0,,0.0,64.4,71.6,0.0,0.0,0.0,0.0,197.6,1040.0,194.0,1070.6,201.2,1054.4,210.2,1067.0,0.0,0.0,71.24000000000001,849.0,200.75,136.35,6.840000000000003,0.09454166666666666,1287.77,6.9411764705882355,0.48,0.48,343.4,True,2026-08-14 08:27:13-07:00
232.06,2,10,2026-08-14 15:30:59,37.08437,-121.59939,290.0,11.8,336.3,-12.6,0.05,KCVH,14.6,141.5,0.0,11.6,-0.2,323.2,0.0,170.0,-0.1,-0.0,1.0,99.0,-29.0,18.0,0.0,30.06,571.0,0.0,0.0,308.0,0.0,0.0,0.0,128.0,0.0,0.0,5.0,1.0,0.0,0.0,0.0,0.0,5.0,0.0,0.0,5.0,0.0,0.0,0.0,0.0,1.0,0.0,0.0,1200.0,68.0,22.0,838.0,838.0,13.8,1.7,0.0,1.7,26.0,0.0,0.0,10.5,0.0,0.0,4.8,37.3,32.4,0.0,0.0,0.0,0.0,92.0,560.0,91.0,577.0,95.0,568.0,99.0,573.0,0.0,0.0,-22.0,0.0,0.0,26.0,5.0,4.998,0.0,0.0,1.764,1.805,68.2,21.8,0.0,0.0,0.0,,0.0,64.4,71.6,0.0,0.0,0.0,0.0,197.6,1040.0,195.8,1070.6,203.0,1054.4,210.2,1063.4,0.0,0.0,71.24000000000001,838.0,201.65,137.25,6.840000000000003,0.09501388888888888,1307.6726666666666,6.9411764705882355,0.48,0.48,343.4,True,2026-08-14 08:27:13-07:00
233.06,2,10,2026-08-14 15:31:00,37.08442,-121.59942,290.0,11.7,336.2,-12.6,0.06,KCVH,14.6,141.5,0.0,11.4,-0.0,323.8,0.0,169.0,0.3,-0.01,1.0,99.0,-32.0,18.0,0.0,30.06,570.0,0.0,0.0,308.0,0.0,0.0,0.0,128.0,0.0,0.0,5.0,1.0,0.0,0.0,0.0,0.0,5.0,0.0,0.0,5.0,0.0,0.0,0.0,0.0,1.0,0.0,0.0,1200.0,68.0,22.0,844.0,844.0,13.8,1.6,0.0,1.6,26.0,0.0,0.0,10.5,0.0,0.0,4.8,37.3,32.4,0.0,0.0,0.0,0.0,93.0,560.0,91.0,578.0,95.0,567.0,99.0,572.0,0.0,0.0,-22.0,0.0,0.0,26.0,5.0,4.998,0.0,0.0,1.764,1.797,68.0,21.9,0.0,0.0,0.0,,0.0,64.4,71.6,0.0,0.0,0.0,0.0,199.4,1040.0,195.8,1072.4,203.0,1052.6,210.2,1061.6,0.0,0.0,71.42,844.0,202.1,137.7,7.019999999999996,0.09547222222222222,1327.491,7.312499999999999,0.48,0.48,343.4,True,2026-08-14 08:27:13-07:00
234.06,2,10,2026-08-14 15:31:01,37.08447,-121.59944,290.0,11.7,337.0,-12.6,0.05,KCVH,14.6,141.5,0.0,11.4,-0.2,323.8,0.0,169.0,0.2,-0.01,1.0,99.0,-25.0,18.0,0.0,30.06,570.0,0.0,0.0,308.0,0.0,0.0,0.0,128.0,0.0,0.0,5.0,1.0,0.0,0.0,0.0,0.0,5.0,0.0,0.0,5.0,0.0,0.0,0.0,0.0,1.0,0.0,0.0,1200.0,68.0,22.0,830.0,830.0,13.8,1.6,0.0,1.6,26.0,0.0,0.0,10.5,0.0,0.0,4.8,37.3,32.4,0.0,0.0,0.0,0.0,93.0,561.0,91.0,578.0,95.0,567.0,100.0,572.0,0.0,0.0,-22.0,0.0,0.0,26.0,5.0,4.998,0.0,0.0,1.764,1.809,67.8,21.9,0.0,0.0,0.0,,0.0,64.4,71.6,0.0,0.0,0.0,0.0,199.4,1041.8,195.8,1072.4,203.0,1052.6,212.0,1061.6,0.0,0.0,71.42,830.0,202.54999999999998,138.14999999999998,7.019999999999996,0.09591666666666666,1347.225,7.312499999999999,0.48,0.48,343.4,True,2026-08-14 08:27:13-07:00
235.06,2,10,2026-08-14 15:31:02,37.08452,-121.59947,290.0,11.7,336.8,-12.6,0.05,KCVH,14.6,141.5,0.0,11.4,-0.2,322.5,0.0,169.0,-0.6,0.01,1.1,99.0,-2.0,18.0,0.0,30.06,570.0,0.0,0.0,308.0,0.0,0.0,0.0,128.0,0.0,0.0,5.0,1.0,0.0,0.0,0.0,0.0,5.0,0.0,0.0,5.0,0.0,0.0,0.0,0.0,1.0,0.0,0.0,1200.0,68.0,22.0,833.0,833.0,14.0,1.6,0.0,1.6,26.0,0.0,0.0,10.5,0.0,0.0,4.8,37.3,32.4,0.0,0.0,0.0,0.0,93.0,561.0,92.0,577.0,96.0,567.0,100.0,572.0,0.0,0.0,-22.0,0.0,0.0,26.0,5.0,4.998,0.0,0.0,1.765,1.796,67.7,21.9,0.0,0.0,0.0,,0.0,64.4,71.6,0.0,0.0,0.0,0.0,199.4,1041.8,197.6,1070.6,204.8,1052.6,212.0,1061.6,0.0,0.0,71.42,833.0,203.45,139.04999999999998,7.019999999999996,0.09636111111111112,1366.9589999999998,7.312499999999999,0.48,0.48,343.4,True,2026-08-14 08:27:13-07:00
236.06,2,10,2026-08-14 15:31:03,37.08457,-121.59949,290.0,11.6,335.5,-12.6,0.06,KCVH,14.6,141.5,0.0,11.4,-0.1,321.7,0.0,169.0,-0.8,0.02,1.0,99.0,-7.0,18.0,0.0,30.06,561.0,0.0,0.0,308.0,0.0,0.0,0.0,128.0,0.0,0.0,5.0,1.0,0.0,0.0,0.0,0.0,5.0,0.0,0.0,5.0,0.0,0.0,0.0,0.0,1.0,0.0,0.0,1200.0,67.0,22.0,809.0,809.0,13.8,1.6,0.0,1.6,26.0,0.0,0.0,10.5,0.0,0.0,4.8,37.3,32.4,0.0,0.0,0.0,0.0,94.0,560.0,92.0,577.0,96.0,566.0,101.0,572.0,0.0,0.0,-22.0,0.0,0.0,26.0,5.0,4.998,0.0,0.0,1.764,1.847,67.2,21.9,0.0,0.0,0.0,,0.0,64.4,71.6,0.0,0.0,0.0,0.0,201.2,1040.0,197.6,1070.6,204.8,1050.8,213.8,1061.6,0.0,0.0,71.42,809.0,204.35000000000002,139.95000000000002,7.019999999999996,0.09680555555555556,1386.6086666666665,7.249999999999999,0.48,0.48,343.4,True,2026-08-14 08:27:13-07:00
237.06,2,10,2026-08-14 15:31:04,37.08462,-121.59953,291.0,11.4,334.5,-12.6,0.06,KCVH,14.6,141.5,0.0,11.4,-0.1,322.0,0.0,169.0,-0.2,-0.0,0.9,99.0,2.0,18.0,0.0,30.06,561.0,0.0,0.0,308.0,0.0,0.0,0.0,128.0,0.0,0.0,5.0,1.0,0.0,0.0,0.0,0.0,5.0,0.0,0.0,5.0,0.0,0.0,0.0,0.0,1.0,0.0,0.0,1200.0,67.0,22.0,804.0,804.0,13.8,1.6,0.0,1.6,26.0,0.0,0.0,10.5,0.0,0.0,4.8,37.3,32.4,0.0,0.0,0.0,0.0,94.0,560.0,92.0,577.0,97.0,565.0,101.0,571.0,0.0,0.0,-22.0,0.0,0.0,26.0,5.0,4.998,0.0,0.0,1.764,1.852,66.9,22.0,0.0,0.0,0.0,,0.0,64.4,71.6,0.0,0.0,0.0,0.0,201.2,1040.0,197.6,1070.6,206.6,1049.0,213.8,1059.8,0.0,0.0,71.6,804.0,204.8,140.4,7.199999999999989,0.09725,1406.0053333333333,7.125,0.48,0.48,343.4,True,2026-08-14 08:27:13-07:00
238.06,2,10,2026-08-14 15:31:05,37.08466,-121.59956,292.0,11.3,334.9,-12.6,0.06,KCVH,14.6,141.5,0.0,11.6,0.1,322.4,0.0,169.0,0.2,-0.01,1.0,99.0,-13.0,18.0,0.0,30.06,561.0,0.0,0.0,308.0,0.0,0.0,0.0,128.0,0.0,0.0,5.0,1.0,0.0,0.0,0.0,0.0,5.0,0.0,0.0,5.0,0.0,0.0,0.0,0.0,1.0,0.0,0.0,1200.0,67.0,22.0,806.0,806.0,13.9,1.6,0.0,1.6,26.0,0.0,0.0,10.5,0.0,0.0,4.8,37.3,32.4,0.0,0.0,0.0,0.0,95.0,560.0,93.0,577.0,97.0,565.0,101.0,570.0,0.0,0.0,-22.0,0.0,0.0,26.0,5.0,4.998,0.0,0.0,1.764,1.848,66.7,22.0,0.0,0.0,0.0,,0.0,64.4,71.6,0.0,0.0,0.0,0.0,203.0,1040.0,199.4,1070.6,206.6,1049.0,213.8,1058.0,0.0,0.0,71.6,806.0,205.7,141.29999999999998,7.199999999999989,0.09769444444444444,1425.149,7.0625,0.48,0.48,343.4,True,2026-08-14 08:27:13-07:00
239.06,2,10,2026-08-14 15:31:06,37.08471,-121.59958,292.0,11.2,335.5,-12.6,0.06,KCVH,14.6,141.5,0.0,11.4,0.3,322.9,0.0,169.0,0.3,-0.0,1.0,99.0,5.0,18.0,0.0,30.06,561.0,0.0,0.0,308.0,0.0,0.0,0.0,128.0,0.0,0.0,5.0,1.0,0.0,0.0,0.0,0.0,5.0,0.0,0.0,5.0,0.0,0.0,0.0,0.0,1.0,0.0,0.0,1200.0,67.0,22.0,805.0,805.0,14.0,1.6,0.0,1.6,26.0,0.0,0.0,10.5,0.0,0.0,4.8,37.3,32.4,0.0,0.0,0.0,0.0,95.0,560.0,93.0,576.0,97.0,565.0,102.0,569.0,0.0,0.0,-22.0,0.0,0.0,26.0,5.0,4.998,0.0,0.0,1.764,1.848,66.6,22.0,0.0,0.0,0.0,,0.0,64.4,71.6,0.0,0.0,0.0,0.0,203.0,1040.0,199.4,1068.8,206.6,1049.0,215.6,1056.2,0.0,0.0,71.6,805.0,206.15,141.75,7.199999999999989,0.09813888888888889,1444.124,6.999999999999999,0.48,0.48,343.4,True,2026-08-14 08:27:13-07:00
240.06,2,10,2026-08-14 15:31:07,37.08476,-121.59961,292.0,11.1,336.1,-12.6,0.06,KCVH,14.6,141.5,0.0,11.5,0.3,323.6,0.0,169.0,0.6,0.0,1.0,99.0,12.0,18.0,0.0,30.06,561.0,0.0,0.0,308.0,0.0,0.0,0.0,128.0,0.0,0.0,5.0,1.0,0.0,0.0,0.0,0.0,5.0,0.0,0.0,5.0,0.0,0.0,0.0,0.0,1.0,0.0,0.0,1200.0,66.0,22.0,798.0,798.0,14.1,1.5,0.0,1.5,26.0,0.0,0.0,10.5,0.0,0.0,4.8,37.3,32.4,0.0,0.0,0.0,0.0,95.0,561.0,93.0,577.0,98.0,565.0,102.0,568.0,0.0,0.0,-22.0,0.0,0.0,26.0,5.0,4.998,0.0,0.0,1.764,1.848,66.3,22.0,0.0,0.0,0.0,,0.0,64.4,71.6,0.0,0.0,0.0,0.0,203.0,1041.8,199.4,1070.6,208.4,1049.0,215.6,1054.4,0.0,0.0,71.6,798.0,206.6,142.2,7.199999999999989,0.09856944444444445,1462.9303333333332,7.3999999999999995,0.48,0.48,343.4,True,2026-08-14 08:27:13-07:00
241.06,2,10,2026-08-14 15:31:08,37.0848,-121.59963,292.0,11.1,337.0,-12.6,0.06,KCVH,14.6,141.5,0.0,11.5,0.0,324.7,0.0,169.0,0.9,-0.01,1.1,99.0,7.0,18.0,0.0,30.06,561.0,0.0,0.0,308.0,0.0,0.0,0.0,128.0,0.0,0.0,5.0,1.0,0.0,0.0,0.0,0.0,5.0,0.0,0.0,5.0,0.0,0.0,0.0,0.0,1.0,0.0,0.0,1200.0,66.0,22.0,808.0,808.0,14.1,1.5,0.0,1.5,26.0,0.0,0.0,10.5,0.0,0.0,4.8,37.3,32.4,0.0,0.0,0.0,0.0,95.0,560.0,94.0,577.0,98.0,564.0,102.0,567.0,0.0,0.0,-22.0,0.0,0.0,26.0,5.0,4.998,0.0,0.0,1.764,1.835,66.4,22.0,0.0,0.0,0.0,,0.0,64.4,71.6,0.0,0.0,0.0,0.0,203.0,1040.0,201.2,1070.6,208.4,1047.2,215.6,1052.6,0.0,0.0,71.6,808.0,207.05,142.65,7.199999999999989,0.09898611111111111,1481.6523333333332,7.3999999999999995,0.48,0.48,343.4,True,2026-08-14 08:27:13-07:00
242.06,2,10,2026-08-14 15:31:09,37.08485,-121.59966,292.0,11.0,337.8,-12.6,0.06,KCVH,14.6,141.5,0.0,11.4,0.0,325.8,0.0,169.0,1.0,-0.01,0.9,99.0,26.0,18.0,0.0,30.06,560.0,0.0,0.0,308.0,0.0,0.0,0.0,128.0,0.0,0.0,5.0,1.0,0.0,0.0,0.0,0.0,5.0,0.0,0.0,5.0,0.0,0.0,0.0,0.0,1.0,0.0,0.0,1200.0,66.0,22.0,782.0,782.0,13.9,1.5,0.0,1.5,26.0,0.0,0.0,10.5,0.0,0.0,4.8,37.3,32.4,0.0,0.0,0.0,0.0,96.0,559.0,94.0,577.0,98.0,564.0,103.0,567.0,0.0,0.0,-22.0,0.0,0.0,26.0,5.0,4.998,0.0,0.0,1.764,1.796,66.4,22.1,0.0,0.0,0.0,,0.0,64.4,71.6,0.0,0.0,0.0,0.0,204.8,1038.2,201.2,1070.6,208.4,1047.2,217.4,1052.6,0.0,0.0,71.78,782.0,207.95,143.54999999999998,7.3799999999999955,0.09940277777777778,1500.29,7.333333333333333,0.48,0.48,343.4,True,2026-08-14 08:27:13-07:00
243.06,2,10,2026-08-14 15:31:10,37.0849,-121.59968,290.0,10.8,338.6,-12.6,0.06,KCVH,14.7,141.5,0.0,11.3,0.7,328.7,0.0,169.0,1.9,0.0,0.9,99.0,28.0,18.0,0.0,30.06,560.0,0.0,0.0,308.0,0.0,0.0,0.0,128.0,0.0,0.0,5.0,1.0,0.0,0.0,0.0,0.0,5.0,0.0,0.0,5.0,0.0,0.0,0.0,0.0,1.0,0.0,0.0,1200.0,66.0,22.0,765.0,765.0,14.4,1.5,0.0,1.5,26.0,0.0,0.0,10.5,0.0,0.0,4.8,37.3,32.4,0.0,0.0,0.0,0.0,96.0,561.0,94.0,578.0,99.0,563.0,103.0,565.0,0.0,0.0,-22.0,0.0,0.0,26.0,5.0,4.998,0.0,0.0,1.764,1.84,65.6,22.1,0.0,0.0,0.0,,0.0,64.4,71.6,0.0,0.0,0.0,0.0,204.8,1041.8,201.2,1072.4,210.2,1045.4,217.4,1049.0,0.0,0.0,71.78,765.0,208.39999999999998,143.99999999999997,7.3799999999999955,0.09981944444444445,1518.6746666666666,7.2,0.48,0.48,343.4,True,2026-08-14 08:27:13-07:00
244.06,2,10,2026-08-14 15:31:11,37.08495,-121.5997,290.0,10.7,342.4,-12.6,0.06,KCVH,14.7,141.5,0.0,11.2,1.1,335.6,0.0,169.0,4.8,-0.06,1.0,99.0,16.0,18.0,0.0,30.06,560.0,0.0,0.0,308.0,0.0,0.0,0.0,128.0,0.0,0.0,5.0,1.0,0.0,0.0,0.0,0.0,5.0,0.0,0.0,4.0,0.0,0.0,0.0,0.0,1.0,0.0,0.0,1200.0,65.0,22.0,789.0,789.0,14.5,1.5,0.0,1.5,26.0,0.0,0.0,10.5,0.0,0.0,4.8,37.3,32.4,0.0,0.0,0.0,0.0,97.0,561.0,95.0,578.0,99.0,563.0,103.0,564.0,0.0,0.0,-22.0,0.0,0.0,26.0,5.0,4.998,0.0,0.0,1.821,1.793,65.5,22.1,0.0,0.0,0.0,,0.0,64.4,71.6,0.0,0.0,0.0,0.0,206.6,1041.8,203.0,1072.4,210.2,1045.4,217.4,1047.2,0.0,0.0,71.78,789.0,209.3,144.9,7.3799999999999955,0.10023611111111111,1536.8063333333332,7.133333333333333,0.48,0.48,343.4,True,2026-08-14 08:27:13-07:00
245.06,2,10,2026-08-14 15:31:12,37.085,-121.59972,290.0,10.6,348.5,-12.6,0.06,KCVH,14.7,141.5,0.0,11.3,1.3,341.1,0.0,169.0,5.3,-0.03,1.1,99.0,34.0,18.0,0.0,30.06,560.0,0.0,0.0,308.0,0.0,0.0,0.0,128.0,0.0,0.0,5.0,1.0,0.0,0.0,0.0,0.0,4.0,0.0,0.0,4.0,0.0,0.0,0.0,0.0,1.0,0.0,0.0,1200.0,66.0,22.0,781.0,781.0,14.4,1.5,0.0,1.5,26.0,0.0,0.0,10.5,0.0,0.0,4.8,37.3,32.4,0.0,0.0,0.0,0.0,97.0,561.0,95.0,577.0,99.0,563.0,104.0,564.0,0.0,0.0,-22.0,0.0,0.0,26.0,5.0,4.998,0.0,0.0,1.871,1.75,65.6,22.1,0.0,0.0,0.0,,0.0,64.4,71.6,0.0,0.0,0.0,0.0,206.6,1041.8,203.0,1070.6,210.2,1045.4,219.2,1047.2,0.0,0.0,71.78,781.0,209.75,145.35,7.3799999999999955,0.10065277777777779,1554.7693333333332,7.066666666666666,0.48,0.48,343.4,True,2026-08-14 08:27:13-07:00
246.06,2,10,2026-08-14 15:31:13,37.08504,-121.59972,288.0,10.3,353.6,-12.6,0.07,KCVH,14.7,141.5,0.0,10.8,0.7,349.7,0.0,169.0,7.1,-0.05,0.9,99.0,32.0,18.0,0.0,30.06,560.0,0.0,0.0,308.0,0.0,0.0,0.0,128.0,0.0,0.0,5.0,1.0,0.0,0.0,0.0,0.0,4.0,0.0,0.0,4.0,0.0,0.0,0.0,0.0,1.0,0.0,0.0,1200.0,65.0,22.0,770.0,770.0,14.3,1.5,0.0,1.5,26.0,0.0,0.0,10.5,0.0,0.0,4.8,37.3,32.4,0.0,0.0,0.0,0.0,97.0,562.0,95.0,577.0,100.0,564.0,104.0,563.0,0.0,0.0,-22.0,0.0,0.0,26.0,5.0,4.998,0.0,0.0,1.888,1.758,65.4,22.2,0.0,0.0,0.0,,0.0,64.4,71.6,0.0,0.0,0.0,0.0,206.6,1043.6,203.0,1070.6,212.0,1047.2,219.2,1045.4,0.0,0.0,71.96,770.0,210.20000000000002,145.8,7.559999999999988,0.10106944444444445,1572.395,6.866666666666667,0.48,0.48,343.4,True,2026-08-14 08:27:13-07:00
247.06,2,10,2026-08-14 15:31:14,37.08509,-121.59972,288.0,10.2,2.4,-12.6,0.07,KCVH,14.7,141.5,0.0,10.9,0.7,0.5,0.0,169.0,9.3,-0.08,1.1,99.0,-13.0,18.0,0.0,30.06,560.0,0.0,0.0,308.0,0.0,0.0,0.0,128.0,0.0,0.0,5.0,1.0,0.0,0.0,0.0,0.0,4.0,0.0,0.0,4.0,0.0,0.0,0.0,0.0,1.0,0.0,0.0,1200.0,65.0,22.0,763.0,763.0,14.4,1.5,0.0,1.5,26.0,0.0,0.0,10.5,0.0,0.0,4.7,37.3,32.4,0.0,0.0,0.0,0.0,97.0,561.0,95.0,578.0,100.0,564.0,104.0,561.0,0.0,0.0,-22.0,0.0,0.0,26.0,5.0,4.998,0.0,0.0,1.948,1.733,65.3,22.2,0.0,0.0,0.0,,0.0,64.4,71.6,0.0,0.0,0.0,0.0,206.6,1041.8,203.0,1072.4,212.0,1047.2,219.2,1041.8,0.0,0.0,71.96,763.0,210.20000000000002,145.8,7.559999999999988,0.10148611111111111,1589.6833333333332,6.8,0.48,0.48,343.4,True,2026-08-14 08:27:13-07:00
248.06,2,10,2026-08-14 15:31:15,37.08514,-121.59972,288.0,9.6,11.7,-12.6,0.07,KCVH,14.7,141.6,0.0,11.2,-0.2,13.3,0.0,169.0,11.5,-0.13,1.0,99.0,-3.0,18.0,0.0,30.06,551.0,0.0,0.0,308.0,0.0,0.0,0.0,128.0,0.0,0.0,5.0,1.0,0.0,0.0,0.0,0.0,4.0,0.0,0.0,4.0,0.0,0.0,0.0,0.0,1.0,0.0,0.0,1200.0,65.0,22.0,763.0,763.0,14.7,1.5,0.0,1.5,25.9,0.0,0.0,10.5,0.0,0.0,4.8,37.3,32.4,0.0,0.0,0.0,0.0,98.0,562.0,96.0,580.0,101.0,564.0,105.0,561.0,0.0,0.0,-22.0,0.0,0.0,25.9,5.0,4.998,0.0,0.0,2.061,1.676,64.9,22.2,0.0,0.0,0.0,,0.0,64.4,71.6,0.0,0.0,0.0,0.0,208.4,1043.6,204.8,1076.0,213.8,1047.2,221.0,1041.8,0.0,0.0,71.96,763.0,212.0,147.6,7.559999999999988,0.10190277777777779,1606.3813333333333,6.3999999999999995,0.48,0.48,343.4,True,2026-08-14 08:27:13-07:00
249.06,2,10,2026-08-14 15:31:16,37.08518,-121.5997,289.0,9.2,31.6,-12.6,0.07,KCVH,14.7,141.6,0.0,11.2,-0.1,15.4,0.0,169.0,7.1,-0.12,0.8,99.0,8.0,18.0,0.0,30.06,551.0,0.0,0.0,308.0,0.0,0.0,0.0,128.0,0.0,0.0,5.0,1.0,0.0,0.0,0.0,0.0,5.0,0.0,0.0,4.0,0.0,0.0,0.0,0.0,1.0,0.0,0.0,1200.0,65.0,22.0,768.0,768.0,14.7,1.5,0.0,1.5,25.9,0.0,0.0,10.4,0.0,0.0,4.7,37.3,32.4,0.0,0.0,0.0,0.0,98.0,562.0,96.0,580.0,101.0,564.0,105.0,561.0,0.0,0.0,-22.0,0.0,0.0,25.9,5.0,4.998,0.0,0.0,2.26,1.571,64.8,22.2,0.0,0.0,0.0,,0.0,64.4,71.6,0.0,0.0,0.0,0.0,208.4,1043.6,204.8,1076.0,213.8,1047.2,221.0,1041.8,0.0,0.0,71.96,768.0,212.0,147.6,7.559999999999988,0.10231944444444445,1622.2359999999999,6.133333333333333,0.48,0.48,343.4,True,2026-08-14 08:27:13-07:00
250.06,2,10,2026-08-14 15:31:17,37.08521,-121.59967,290.0,8.8,29.0,-12.6,0.07,KCVH,14.7,141.6,0.0,11.6,0.1,7.2,0.0,169.0,-2.0,0.05,1.0,99.0,1.0,18.0,0.0,30.06,551.0,0.0,0.0,308.0,0.0,0.0,0.0,128.0,0.0,0.0,5.0,1.0,0.0,0.0,0.0,0.0,6.0,0.0,0.0,4.0,0.0,0.0,0.0,0.0,1.0,0.0,0.0,1200.0,65.0,22.0,773.0,773.0,14.7,1.5,0.0,1.5,25.9,0.0,0.0,10.4,0.0,0.0,4.8,37.3,32.4,0.0,0.0,0.0,0.0,98.0,563.0,96.0,579.0,101.0,564.0,105.0,561.0,0.0,0.0,-22.0,0.0,0.0,25.9,5.0,4.998,0.0,0.0,2.104,1.584,64.7,22.3,0.0,0.0,0.0,,0.0,64.4,71.6,0.0,0.0,0.0,0.0,208.4,1045.4,204.8,1074.2,213.8,1047.2,221.0,1041.8,0.0,0.0,72.14,773.0,212.0,147.6,7.739999999999995,0.10273611111111111,1637.416,5.866666666666667,0.48,0.48,343.4,True,2026-08-14 08:27:13-07:00
251.06,2,10,2026-08-14 15:31:18,37.08525,-121.59965,289.0,8.7,20.5,-12.6,0.08,KCVH,14.7,141.6,0.0,11.3,-0.5,1.3,0.0,169.0,-4.7,0.05,1.0,99.0,-8.0,18.0,0.0,30.06,560.0,0.0,0.0,308.0,0.0,0.0,0.0,128.0,0.0,0.0,5.0,2.0,0.0,0.0,0.0,0.0,6.0,0.0,0.0,4.0,0.0,0.0,0.0,0.0,1.0,0.0,0.0,1200.0,65.0,22.0,794.0,794.0,14.5,1.5,0.0,1.5,26.0,0.0,0.0,10.4,0.0,0.0,4.7,37.3,32.4,0.0,0.0,0.0,0.0,99.0,562.0,97.0,578.0,102.0,564.0,106.0,560.0,0.0,0.0,-22.0,0.0,0.0,26.0,5.0,4.998,0.0,0.0,1.942,1.663,64.9,22.3,0.0,0.0,0.0,,0.0,64.4,71.6,0.0,0.0,0.0,0.0,210.2,1043.6,206.6,1072.4,215.6,1047.2,222.8,1040.0,0.0,0.0,72.14,794.0,213.8,149.4,7.739999999999995,0.10315277777777777,1652.1743333333334,5.8,0.48,0.48,343.4,True,2026-08-14 08:27:13-07:00
252.06,2,10,2026-08-14 15:31:19,37.08529,-121.59963,290.0,8.6,14.8,-12.6,0.08,KCVH,14.7,141.6,0.0,11.6,0.2,358.4,0.0,169.0,-3.8,0.04,1.0,99.0,-7.0,18.0,0.0,30.06,560.0,0.0,0.0,308.0,0.0,0.0,0.0,128.0,0.0,0.0,5.0,2.0,0.0,0.0,0.0,0.0,6.0,0.0,0.0,4.0,0.0,0.0,0.0,0.0,1.0,0.0,0.0,1200.0,65.0,22.0,751.0,751.0,14.6,1.5,0.0,1.5,25.9,0.0,0.0,10.4,0.0,0.0,4.7,37.3,32.4,0.0,0.0,0.0,0.0,99.0,564.0,97.0,579.0,102.0,564.0,106.0,559.0,0.0,0.0,-22.0,0.0,0.0,25.9,5.0,4.998,0.0,0.0,1.902,1.724,64.7,22.3,0.0,0.0,0.0,,0.0,64.4,71.6,0.0,0.0,0.0,0.0,210.2,1047.2,206.6,1074.2,215.6,1047.2,222.8,1038.2,0.0,0.0,72.14,751.0,213.8,149.4,7.739999999999995,0.10356944444444445,1666.764,5.733333333333333,0.48,0.48,343.4,True,2026-08-14 08:27:13-07:00
253.06,2,10,2026-08-14 15:31:20,37.08532,-121.59962,290.0,7.9,10.0,-12.6,0.08,KCVH,14.7,141.6,0.0,11.6,0.4,3.0,0.0,169.0,0.8,-0.02,1.0,99.0,16.0,18.0,0.0,30.06,560.0,0.0,0.0,308.0,0.0,0.0,0.0,128.0,0.0,0.0,5.0,2.0,0.0,0.0,0.0,0.0,5.0,0.0,0.0,4.0,0.0,0.0,0.0,0.0,1.0,0.0,0.0,1200.0,64.0,22.0,761.0,761.0,14.7,1.5,0.0,1.5,25.9,0.0,0.0,10.4,0.0,0.0,4.8,37.3,32.4,0.0,0.0,0.0,0.0,99.0,565.0,97.0,579.0,102.0,564.0,106.0,558.0,0.0,0.0,-22.0,0.0,0.0,25.9,5.0,4.998,0.0,0.0,1.888,1.832,64.4,22.3,0.0,0.0,0.0,,0.0,64.4,71.6,0.0,0.0,0.0,0.0,210.2,1049.0,206.6,1074.2,215.6,1047.2,222.8,1036.4,0.0,0.0,72.14,761.0,213.8,149.4,7.739999999999995,0.10398611111111111,1680.6789999999999,5.266666666666667,0.48,0.48,343.4,True,2026-08-14 08:27:13-07:00
254.06,2,10,2026-08-14 15:31:21,37.08536,-121.59962,290.0,7.3,14.4,-12.6,0.08,KCVH,14.7,141.6,0.0,11.6,0.3,13.5,0.0,169.0,6.3,-0.04,1.1,99.0,-28.0,18.0,0.0,30.06,550.0,0.0,0.0,308.0,0.0,0.0,0.0,128.0,0.0,0.0,5.0,2.0,0.0,0.0,0.0,0.0,4.0,0.0,0.0,4.0,0.0,0.0,0.0,0.0,1.0,0.0,0.0,1200.0,64.0,22.0,754.0,754.0,14.9,1.5,0.0,1.5,25.9,0.0,0.0,10.4,0.0,0.0,4.7,37.3,32.4,0.0,0.0,0.0,0.0,100.0,567.0,98.0,579.0,103.0,565.0,107.0,558.0,0.0,0.0,-22.0,0.0,0.0,25.9,5.0,4.998,0.0,0.0,1.958,2.053,64.3,22.4,0.0,0.0,0.0,,0.0,64.4,71.6,0.0,0.0,0.0,0.0,212.0,1052.6,208.4,1074.2,217.4,1049.0,224.6,1036.4,0.0,0.0,72.32,754.0,215.6,151.2,7.9199999999999875,0.10440277777777777,1693.4976666666666,4.866666666666666,0.48,0.48,343.4,True,2026-08-14 08:27:13-07:00
255.06,2,10,2026-08-14 15:31:22,37.08539,-121.5996,289.0,6.5,26.3,-12.6,0.08,KCVH,14.7,141.6,0.0,11.3,0.4,29.9,0.0,169.0,12.4,-0.09,1.0,99.0,-17.0,18.0,0.0,30.06,550.0,0.0,0.0,308.0,0.0,0.0,0.0,128.0,0.0,0.0,5.0,2.0,0.0,0.0,0.0,0.0,3.0,0.0,0.0,4.0,0.0,0.0,0.0,0.0,1.0,0.0,0.0,1200.0,64.0,22.0,824.0,824.0,15.0,1.5,0.0,1.5,25.8,0.0,0.0,10.4,0.0,0.0,4.7,37.3,32.4,0.0,0.0,0.0,0.0,100.0,567.0,98.0,579.0,103.0,566.0,107.0,558.0,0.0,0.0,-22.0,0.0,0.0,25.8,5.0,4.998,0.0,0.0,1.89,1.779,64.4,22.4,0.0,0.0,0.0,,0.0,64.4,71.6,0.0,0.0,0.0,0.0,212.0,1052.6,208.4,1074.2,217.4,1050.8,224.6,1036.4,0.0,0.0,72.32,824.0,215.6,151.2,7.9199999999999875,0.10481944444444445,1705.1356666666666,4.333333333333333,0.48,0.48,343.4,True,2026-08-14 08:27:13-07:00
256.06,2,10,2026-08-14 15:31:23,37.08542,-121.59959,290.0,6.4,39.4,-12.6,0.09,KCVH,14.7,141.6,0.0,11.2,0.3,45.9,0.0,169.0,14.8,-0.1,1.0,99.0,15.0,18.0,0.0,30.06,550.0,0.0,0.0,308.0,0.0,0.0,0.0,128.0,0.0,0.0,5.0,2.0,0.0,0.0,0.0,0.0,2.0,0.0,0.0,4.0,0.0,0.0,0.0,0.0,1.0,0.0,0.0,1200.0,66.0,22.0,876.0,876.0,14.3,1.5,0.0,1.5,25.9,0.0,0.0,10.4,0.0,0.0,4.6,37.3,32.4,0.0,0.0,0.0,0.0,100.0,567.0,98.0,579.0,104.0,569.0,108.0,562.0,0.0,0.0,-22.0,0.0,0.0,25.9,5.0,4.998,0.0,0.0,2.083,1.781,66.4,22.4,0.0,0.0,0.0,,0.0,64.4,71.6,0.0,0.0,0.0,0.0,212.0,1052.6,208.4,1074.2,219.2,1056.2,226.4,1043.6,0.0,0.0,72.32,876.0,216.5,152.1,7.9199999999999875,0.10523611111111111,1716.0146666666667,4.266666666666667,0.48,0.48,343.4,True,2026-08-14 08:27:13-07:00
257.06,2,10,2026-08-14 15:31:24,37.08543,-121.59956,290.0,5.8,53.6,-12.6,0.09,KCVH,14.7,141.6,0.0,11.2,0.4,61.3,0.0,169.0,15.4,-0.08,1.0,99.0,7.0,18.0,0.0,30.06,550.0,0.0,0.0,308.0,0.0,0.0,0.0,128.0,0.0,0.0,5.0,2.0,0.0,0.0,0.0,0.0,2.0,0.0,0.0,2.0,0.0,0.0,0.0,0.0,1.0,0.0,0.0,1200.0,67.0,22.0,882.0,882.0,14.1,1.5,0.0,1.5,25.9,0.0,0.0,10.4,0.0,0.0,4.6,37.3,32.4,0.0,0.0,0.0,0.0,101.0,567.0,98.0,578.0,104.0,569.0,108.0,564.0,0.0,0.0,-22.0,0.0,0.0,25.9,5.0,4.998,0.0,0.0,2.083,1.718,67.3,22.4,0.0,0.0,0.0,,0.0,64.4,71.6,0.0,0.0,0.0,0.0,213.8,1052.6,208.4,1072.4,219.2,1056.2,226.4,1047.2,0.0,0.0,72.32,882.0,216.95,152.54999999999998,7.9199999999999875,0.10565277777777778,1726.3033333333333,3.8666666666666667,0.48,0.48,343.4,True,2026-08-14 08:27:13-07:00
258.06,2,10,2026-08-14 15:31:25,37.08545,-121.59953,291.0,5.1,64.8,-12.6,0.09,KCVH,14.7,141.6,0.0,11.0,1.0,75.9,0.0,169.0,15.1,-0.06,0.8,99.0,21.0,18.0,0.0,30.06,550.0,0.0,0.0,308.0,0.0,0.0,0.0,128.0,0.0,0.0,5.0,2.0,0.0,0.0,0.0,0.0,2.0,0.0,0.0,2.0,0.0,0.0,0.0,0.0,1.0,0.0,0.0,1200.0,68.0,22.0,876.0,876.0,14.0,1.6,0.0,1.6,25.9,0.0,0.0,10.4,0.0,0.0,4.6,37.3,32.4,0.0,0.0,0.0,0.0,101.0,566.0,99.0,578.0,104.0,569.0,108.0,566.0,0.0,0.0,-22.0,0.0,0.0,25.9,5.0,4.998,0.0,0.0,2.111,1.652,67.7,22.5,0.0,0.0,0.0,,0.0,64.4,71.6,0.0,0.0,0.0,0.0,213.8,1050.8,210.2,1072.4,219.2,1056.2,226.4,1050.8,0.0,0.0,72.5,876.0,217.39999999999998,152.99999999999997,8.099999999999994,0.10608333333333334,1735.4956666666667,3.1874999999999996,0.48,0.48,343.4,True,2026-08-14 08:27:13-07:00
259.06,2,10,2026-08-14 15:31:26,37.08545,-121.59951,291.0,4.3,81.3,-12.6,0.09,KCVH,14.7,141.6,0.0,10.8,0.4,90.2,0.0,169.0,14.7,-0.05,1.0,99.0,-5.0,18.0,0.0,30.06,550.0,0.0,0.0,308.0,0.0,0.0,0.0,128.0,0.0,0.0,5.0,2.0,0.0,0.0,0.0,0.0,2.0,0.0,0.0,2.0,0.0,0.0,0.0,0.0,1.0,0.0,0.0,1200.0,68.0,23.0,891.0,891.0,13.9,1.5,0.0,1.5,25.8,0.0,0.0,10.4,0.0,0.0,4.6,37.3,32.4,0.0,0.0,0.0,0.0,101.0,565.0,99.0,578.0,105.0,571.0,109.0,568.0,0.0,0.0,-22.0,0.0,0.0,25.8,5.0,4.998,0.0,0.0,2.159,1.669,68.1,22.5,0.0,0.0,0.0,,0.0,64.4,73.4,0.0,0.0,0.0,0.0,213.8,1049.0,210.2,1072.4,221.0,1059.8,228.2,1054.4,0.0,0.0,72.5,891.0,218.3,153.9,8.099999999999994,0.1065138888888889,1743.423,2.8666666666666667,0.48,0.48,343.4,True,2026-08-14 08:27:13-07:00
260.06,2,10,2026-08-14 15:31:27,37.08545,-121.59949,291.0,3.5,91.0,-12.6,0.09,KCVH,14.7,141.6,0.0,10.6,0.2,105.6,0.0,169.0,15.2,-0.06,0.9,99.0,-10.0,18.0,0.0,30.06,550.0,0.0,0.0,308.0,0.0,0.0,0.0,128.0,0.0,0.0,5.0,2.0,0.0,0.0,0.0,0.0,2.0,0.0,0.0,0.0,0.0,0.0,0.0,0.0,1.0,0.0,0.0,1200.0,69.0,23.0,927.0,927.0,13.8,1.6,0.0,1.6,25.9,0.0,0.0,10.4,0.0,0.0,4.6,37.3,32.4,0.0,0.0,0.0,0.0,102.0,565.0,100.0,578.0,105.0,573.0,109.0,569.0,0.0,0.0,-22.0,0.0,0.0,25.9,5.0,4.998,0.0,0.0,2.159,1.661,68.7,22.5,0.0,0.0,0.0,,0.0,64.4,73.4,0.0,0.0,0.0,0.0,215.6,1049.0,212.0,1072.4,221.0,1063.4,228.2,1056.2,0.0,0.0,72.5,927.0,219.20000000000002,154.8,8.099999999999994,0.10694444444444445,1750.001,2.1875,0.48,0.48,343.4,True,2026-08-14 08:27:13-07:00
261.06,2,10,2026-08-14 15:31:28,37.08545,-121.59946,292.0,3.1,106.8,-12.6,0.09,KCVH,14.7,141.6,0.0,10.6,0.3,119.2,0.0,169.0,14.4,-0.04,1.0,99.0,11.0,18.0,0.0,30.06,550.0,0.0,0.0,308.0,0.0,0.0,0.0,128.0,0.0,0.0,5.0,2.0,0.0,0.0,0.0,0.0,2.0,0.0,0.0,0.0,0.0,0.0,0.0,0.0,1.0,0.0,0.0,1200.0,69.0,23.0,908.0,908.0,13.7,1.6,0.0,1.6,25.8,0.0,0.0,10.4,0.0,0.0,4.6,37.3,32.4,0.0,0.0,0.0,0.0,102.0,565.0,100.0,577.0,105.0,575.0,109.0,571.0,0.0,0.0,-22.0,0.0,0.0,25.8,5.0,4.998,0.0,0.0,2.145,1.619,69.2,22.6,0.0,0.0,0.0,,0.0,64.4,73.4,0.0,0.0,0.0,0.0,215.6,1049.0,212.0,1070.6,221.0,1067.0,228.2,1059.8,0.0,0.0,72.68,908.0,219.20000000000002,154.8,8.280000000000001,0.1073888888888889,1755.567,1.9375,0.48,0.48,343.4,True,2026-08-14 08:27:13-07:00
262.06,2,10,2026-08-14 15:31:29,37.08544,-121.59945,292.0,2.6,121.8,-12.6,0.09,KCVH,14.7,141.6,0.0,10.6,-0.6,130.4,0.0,169.0,13.0,-0.1,1.0,99.0,5.0,18.0,0.0,30.06,550.0,0.0,0.0,308.0,0.0,0.0,0.0,128.0,0.0,0.0,5.0,2.0,0.0,0.0,0.0,0.0,2.0,0.0,0.0,0.0,0.0,0.0,0.0,0.0,1.0,0.0,0.0,1200.0,69.0,23.0,821.0,821.0,13.5,1.6,0.0,1.6,25.9,0.0,0.0,10.4,0.0,0.0,4.7,37.3,32.4,0.0,0.0,0.0,0.0,102.0,565.0,100.0,578.0,106.0,577.0,110.0,571.0,0.0,0.0,-22.0,0.0,0.0,25.9,5.0,4.998,0.0,0.0,2.25,1.783,68.8,22.6,0.0,0.0,0.0,,0.0,64.4,73.4,0.0,0.0,0.0,0.0,215.6,1049.0,212.0,1072.4,222.8,1070.6,230.0,1059.8,0.0,0.0,72.68,821.0,220.1,155.7,8.280000000000001,0.10783333333333334,1760.374,1.625,0.48,0.48,343.4,True,2026-08-14 08:27:13-07:00
263.06,2,10,2026-08-14 15:31:30,37.08543,-121.59944,291.0,0.8,152.4,-12.6,0.09,KCVH,14.7,141.6,0.0,10.3,-0.7,130.0,0.0,169.0,5.3,-0.03,1.0,99.0,-3.0,18.0,0.0,30.06,550.0,0.0,0.0,308.0,0.0,0.0,0.0,128.0,0.0,0.0,5.0,2.0,0.0,0.0,0.0,0.0,2.0,0.0,0.0,-1.0,0.0,0.0,0.0,0.0,1.0,0.0,0.0,1200.0,67.0,23.0,829.0,829.0,13.7,1.6,0.0,1.6,25.9,0.0,0.0,10.4,0.0,0.0,4.7,37.3,32.4,0.0,0.0,0.0,0.0,103.0,565.0,101.0,579.0,106.0,575.0,110.0,570.0,0.0,0.0,-22.0,0.0,0.0,25.9,5.0,4.998,0.0,0.0,2.26,2.063,67.3,22.6,0.0,0.0,0.0,,0.0,64.4,73.4,0.0,0.0,0.0,0.0,217.4,1049.0,213.8,1074.2,222.8,1067.0,230.0,1058.0,0.0,0.0,72.68,829.0,221.0,156.6,8.280000000000001,0.10827777777777778,1763.2413333333332,0.5,0.48,0.48,343.4,True,2026-08-14 08:27:13-07:00
264.06,2,10,2026-08-14 15:31:31,37.08543,-121.59944,291.0,0.2,152.4,-12.6,0.09,KCVH,14.7,141.6,0.0,10.4,-0.8,130.0,0.0,169.0,2.0,-0.02,1.0,99.0,16.0,18.0,0.0,30.06,550.0,0.0,0.0,308.0,0.0,0.0,0.0,128.0,0.0,0.0,5.0,2.0,0.0,0.0,0.0,0.0,2.0,0.0,0.0,-8.0,0.0,0.0,0.0,0.0,1.0,0.0,0.0,1200.0,67.0,23.0,793.0,793.0,13.9,1.6,0.0,1.6,25.8,0.0,0.0,10.4,0.0,0.0,4.7,37.3,32.4,0.0,0.0,0.0,0.0,103.0,564.0,101.0,578.0,106.0,579.0,110.0,569.0,0.0,0.0,-23.0,0.0,0.0,25.8,5.0,4.998,0.0,0.0,1.936,1.67,66.6,22.6,0.0,0.0,0.0,,0.0,64.4,73.4,0.0,0.0,0.0,0.0,217.4,1047.2,213.8,1072.4,222.8,1074.2,230.0,1056.2,0.0,0.0,72.68,793.0,221.0,156.6,8.280000000000001,0.10872222222222222,1764.0846666666666,0.125,0.48,0.48,343.4,True,2026-08-14 08:27:13-07:00
265.06,2,10,2026-08-14 15:31:32,37.08543,-121.59944,292.0,0.2,152.4,-12.6,0.09,KCVH,14.7,141.6,0.0,10.2,-0.8,130.1,0.0,169.0,0.7,-0.02,1.0,99.0,25.0,18.0,0.0,30.06,549.0,0.0,0.0,308.0,0.0,0.0,0.0,128.0,0.0,0.0,5.0,2.0,0.0,0.0,0.0,0.0,2.0,0.0,0.0,-24.0,0.0,0.0,0.0,0.0,1.0,0.0,0.0,1200.0,66.0,23.0,814.0,814.0,14.0,1.5,0.0,1.5,25.8,0.0,0.0,10.4,0.0,0.0,4.7,37.3,32.4,0.0,0.0,0.0,0.0,103.0,563.0,101.0,578.0,107.0,579.0,110.0,567.0,0.0,0.0,-22.0,0.0,0.0,25.8,5.0,4.998,0.0,0.0,1.917,1.619,66.2,22.7,0.0,0.0,0.0,,0.0,64.4,73.4,0.0,0.0,0.0,0.0,217.4,1045.4,213.8,1072.4,224.6,1074.2,230.0,1052.6,0.0,0.0,72.86,814.0,221.45000000000002,157.05,8.459999999999994,0.10915277777777778,1764.422,0.13333333333333333,0.48,0.48,343.4,True,2026-08-14 08:27:13-07:00
266.06,2,10,2026-08-14 15:31:33,37.08543,-121.59944,292.0,0.0,152.4,-12.6,0.09,KCVH,14.7,141.6,0.0,10.2,-0.8,130.2,0.0,169.0,0.3,-0.02,1.0,99.0,29.0,18.0,0.0,30.06,549.0,0.0,0.0,308.0,0.0,0.0,0.0,128.0,0.0,0.0,5.0,2.0,0.0,0.0,0.0,0.0,2.0,0.0,0.0,-29.0,0.0,0.0,0.0,0.0,1.0,0.0,0.0,1200.0,66.0,23.0,807.0,807.0,14.0,1.5,0.0,1.5,25.9,0.0,0.0,10.4,0.0,0.0,4.7,37.3,32.4,0.0,0.0,0.0,0.0,104.0,562.0,102.0,579.0,107.0,578.0,111.0,567.0,0.0,0.0,-22.0,0.0,0.0,25.9,5.0,4.998,0.0,0.0,2.003,1.671,65.9,22.7,0.0,0.0,0.0,,0.0,64.4,73.4,0.0,0.0,0.0,0.0,219.2,1043.6,215.6,1074.2,224.6,1072.4,231.8,1052.6,0.0,0.0,72.86,807.0,222.8,158.4,8.459999999999994,0.10956944444444444,1764.5906666666665,0.0,0.48,0.48,343.4,True,2026-08-14 08:27:13-07:00
267.06,2,10,2026-08-14 15:31:34,37.08544,-121.59944,291.0,0.0,152.4,-12.6,0.09,KCVH,14.7,141.6,0.0,10.1,-0.8,130.4,0.0,169.0,0.1,-0.02,1.0,99.0,28.0,18.0,0.0,30.06,549.0,0.0,0.0,308.0,0.0,0.0,0.0,128.0,0.0,0.0,5.0,2.0,0.0,0.0,0.0,0.0,2.0,0.0,0.0,-30.0,0.0,0.0,0.0,0.0,1.0,0.0,0.0,1200.0,66.0,23.0,814.0,814.0,14.1,1.5,0.0,1.5,25.9,0.0,0.0,10.4,0.0,0.0,4.7,37.3,32.4,0.0,0.0,0.0,0.0,104.0,562.0,102.0,579.0,108.0,577.0,111.0,566.0,0.0,0.0,-22.0,0.0,0.0,25.9,5.0,4.998,0.0,0.0,2.003,1.752,65.8,22.7,0.0,0.0,0.0,,0.0,64.4,73.4,0.0,0.0,0.0,0.0,219.2,1043.6,215.6,1074.2,226.4,1070.6,231.8,1050.8,0.0,0.0,72.86,814.0,223.25,158.85,8.459999999999994,0.10998611111111112,1764.5906666666665,0.0,0.48,0.48,343.4,True,2026-08-14 08:27:13-07:00
268.06,2,10,2026-08-14 15:31:35,37.08544,-121.59944,291.0,0.0,152.4,-12.6,0.09,KCVH,14.7,141.6,0.0,10.1,-0.9,130.6,0.0,169.0,0.1,-0.02,1.0,99.0,25.0,18.0,0.0,30.06,549.0,0.0,0.0,308.0,0.0,0.0,0.0,128.0,0.0,0.0,5.0,2.0,0.0,0.0,0.0,0.0,2.0,0.0,0.0,-32.0,0.0,0.0,0.0,0.0,1.0,0.0,0.0,1200.0,66.0,23.0,803.0,803.0,14.0,1.5,0.0,1.5,25.8,0.0,0.0,10.4,0.0,0.0,4.7,37.3,32.4,0.0,0.0,0.0,0.0,104.0,561.0,102.0,579.0,108.0,575.0,112.0,566.0,0.0,0.0,-22.0,0.0,0.0,25.8,5.0,4.998,0.0,0.0,1.948,1.752,65.7,22.8,0.0,0.0,0.0,,0.0,64.4,73.4,0.0,0.0,0.0,0.0,219.2,1041.8,215.6,1074.2,226.4,1067.0,233.6,1050.8,0.0,0.0,73.04,803.0,223.7,159.29999999999998,8.64,0.11040277777777778,1764.5906666666665,0.0,0.48,0.48,343.4,True,2026-08-14 08:27:13-07:00
269.06,2,10,2026-08-14 15:31:36,37.08544,-121.59945,292.0,0.0,152.4,-12.6,0.09,KCVH,14.7,141.6,0.0,10.1,-0.9,130.8,0.0,169.0,0.1,-0.01,1.0,99.0,42.0,18.0,0.0,30.06,549.0,0.0,0.0,308.0,0.0,0.0,0.0,128.0,0.0,0.0,5.0,2.0,0.0,0.0,0.0,0.0,3.0,0.0,0.0,13.0,0.0,0.0,0.0,0.0,1.0,0.0,0.0,1200.0,67.0,23.0,901.0,901.0,14.2,1.6,0.0,1.6,25.7,0.0,0.0,10.4,0.0,0.0,4.6,37.3,32.4,0.0,0.0,0.0,0.0,105.0,560.0,102.0,580.0,108.0,576.0,112.0,566.0,0.0,0.0,-22.0,0.0,0.0,25.7,5.0,4.998,0.0,0.0,1.947,1.788,66.6,22.8,0.0,0.0,0.0,,0.0,64.4,73.4,0.0,0.0,0.0,0.0,221.0,1040.0,215.6,1076.0,226.4,1068.8,233.6,1050.8,0.0,0.0,73.04,901.0,224.15,159.75,8.64,0.11083333333333334,1764.5906666666665,0.0,0.48,0.48,343.4,True,2026-08-14 08:27:13-07:00
270.06,2,10,2026-08-14 15:31:37,37.08544,-121.59945,292.0,0.0,152.4,-12.6,0.09,KCVH,14.7,141.6,0.0,10.0,-0.9,130.8,0.0,169.0,0.1,-0.02,1.0,99.0,49.0,18.0,0.0,30.06,549.0,0.0,0.0,308.0,0.0,0.0,0.0,128.0,0.0,0.0,5.0,2.0,0.0,0.0,0.0,0.0,3.0,0.0,0.0,12.0,0.0,0.0,0.0,0.0,1.0,0.0,0.0,1200.0,74.0,23.0,1554.0,1554.0,17.9,2.3,0.0,2.3,25.1,0.0,0.0,10.4,0.0,0.0,4.5,37.3,32.4,0.0,0.0,0.0,0.0,105.0,565.0,103.0,583.0,108.0,581.0,112.0,573.0,0.0,0.0,-22.0,0.0,0.0,25.1,5.0,4.998,0.0,0.0,1.924,1.788,74.0,22.8,0.0,0.0,0.0,R,0.0,64.4,73.4,0.0,0.0,0.0,0.0,221.0,1049.0,217.4,1081.4,226.4,1077.8,233.6,1063.4,0.0,0.0,73.04,1554.0,224.6,160.2,8.64,0.111375,1764.5906666666665,0.0,0.48,0.48,343.4,True,2026-08-14 08:27:13-07:00
271.06,2,10,2026-08-14 15:31:38,37.08544,-121.59945,292.0,0.1,152.4,-12.6,0.09,KCVH,14.7,141.6,0.0,9.9,-1.0,130.9,0.0,170.0,0.1,-0.02,1.0,99.0,67.0,18.0,0.0,30.06,542.0,0.0,0.0,308.0,0.0,0.0,0.0,128.0,0.0,0.0,5.0,2.0,0.0,0.0,0.0,0.0,3.0,0.0,0.0,8.0,0.0,0.0,0.0,0.0,1.0,0.0,0.0,1200.0,80.0,23.0,1754.0,1754.0,17.9,3.2,0.0,3.2,25.2,0.0,0.0,10.4,0.0,0.0,4.2,37.3,32.4,0.0,0.0,0.0,0.0,105.0,575.0,103.0,591.0,109.0,591.0,113.0,585.0,0.0,0.0,-22.0,0.0,0.0,25.2,5.0,4.998,0.0,0.0,1.89,1.791,80.3,22.8,0.0,0.0,9.0,R,0.0,64.4,73.4,0.0,0.0,0.0,0.0,221.0,1067.0,217.4,1095.8,228.2,1095.8,235.4,1085.0,0.0,0.0,73.04,1754.0,225.5,161.1,8.64,0.11213888888888889,1764.675,0.03125,0.48,0.48,343.4,True,2026-08-14 08:27:13-07:00
272.06,2,10,2026-08-14 15:31:39,37.08544,-121.59945,293.0,0.1,152.4,-12.6,0.09,KCVH,14.7,141.6,0.0,10.0,-1.0,130.9,0.0,171.0,0.1,-0.02,1.0,99.0,55.0,18.0,0.0,30.06,543.0,0.0,0.0,308.0,0.0,0.0,0.0,128.0,0.0,0.0,5.0,2.0,0.0,0.0,0.0,0.0,3.0,0.0,0.0,6.0,0.0,0.0,0.0,0.0,1.0,0.0,0.0,1200.0,83.0,23.0,1817.0,1817.0,17.8,3.9,0.0,3.9,25.2,0.0,0.0,10.4,0.0,0.0,4.1,37.3,32.4,0.0,0.0,0.0,0.0,106.0,594.0,104.0,600.0,110.0,608.0,113.0,601.0,0.0,0.0,-22.0,0.0,0.0,25.2,5.0,4.998,0.0,0.0,1.888,1.79,83.0,22.9,0.0,0.0,17.0,R,0.0,64.4,73.4,0.0,0.0,0.0,0.0,222.8,1101.2,219.2,1112.0,230.0,1126.4,235.4,1113.8,0.0,0.0,73.22,1817.0,226.84999999999997,162.44999999999996,8.819999999999993,0.113125,1764.8436666666666,0.025641025641025644,0.48,0.48,343.4,True,2026-08-14 08:27:13-07:00
273.06,2,10,2026-08-14 15:31:40,37.08544,-121.59945,293.0,0.0,152.4,-12.6,0.09,KCVH,14.7,141.6,0.0,10.0,-1.0,130.9,0.0,171.0,0.0,-0.02,0.9,99.0,55.0,18.0,0.0,30.06,543.0,0.0,0.0,308.0,0.0,0.0,0.0,128.0,0.0,0.0,5.0,2.0,0.0,0.0,0.0,0.0,3.0,0.0,0.0,5.0,0.0,0.0,0.0,0.0,1.0,0.0,0.0,1200.0,84.0,23.0,1931.0,1931.0,18.3,4.6,0.0,4.6,25.1,0.0,0.0,10.4,0.0,0.0,4.1,37.3,32.4,0.0,0.0,0.0,0.0,107.0,603.0,104.0,608.0,110.0,618.0,114.0,613.0,0.0,0.0,-23.0,0.0,0.0,25.1,5.0,4.998,0.0,0.0,1.89,1.798,84.1,22.9,0.0,0.0,21.0,R,0.0,64.4,73.4,0.0,0.0,0.0,0.0,224.6,1117.4,219.2,1126.4,230.0,1144.4,237.2,1135.4,0.0,0.0,73.22,1931.0,227.75,163.35,8.819999999999993,0.11430555555555556,1764.9279999999999,0.0,0.48,0.48,343.4,True,2026-08-14 08:27:13-07:00
274.06,2,10,2026-08-14 15:31:41,37.08544,-121.59945,293.0,0.1,152.4,-12.6,0.09,KCVH,14.7,141.6,0.0,10.0,-1.0,131.0,0.0,173.0,0.1,-0.02,0.9,99.0,59.0,18.0,0.0,30.06,543.0,0.0,0.0,308.0,0.0,0.0,0.0,128.0,0.0,0.0,5.0,2.0,0.0,0.0,0.0,0.0,3.0,0.0,0.0,3.0,0.0,0.0,0.0,0.0,1.0,0.0,0.0,1200.0,84.0,23.0,1994.0,1994.0,18.5,5.2,0.0,5.2,25.2,0.0,0.0,10.4,0.0,0.0,4.1,37.3,32.4,0.0,0.0,0.0,0.0,107.0,610.0,105.0,615.0,111.0,626.0,115.0,622.0,0.0,0.0,-22.0,0.0,0.0,25.2,5.0,4.998,0.0,0.0,1.949,1.899,84.4,23.0,0.0,0.0,26.0,R,0.0,64.4,73.4,0.0,0.0,0.0,0.0,224.6,1130.0,221.0,1139.0,231.8,1158.8,239.0,1151.6,0.0,0.0,73.4,1994.0,229.1,164.7,9.0,0.11566666666666667,1765.0123333333333,0.019230769230769232,0.48,0.48,343.4,True,2026-08-14 08:27:13-07:00
275.06,2,10,2026-08-14 15:31:42,37.08544,-121.59945,293.0,0.0,152.4,-12.6,0.09,KCVH,14.7,141.6,0.0,9.9,-0.9,131.0,0.0,173.0,0.1,-0.01,1.0,99.0,38.0,18.0,0.0,30.06,544.0,0.0,0.0,308.0,0.0,0.0,0.0,128.0,0.0,0.0,5.0,2.0,0.0,0.0,0.0,0.0,3.0,0.0,0.0,2.0,0.0,0.0,0.0,0.0,1.0,0.0,0.0,1200.0,84.0,23.0,1992.0,1992.0,18.6,5.7,0.0,5.7,25.2,0.0,0.0,10.4,0.0,0.0,4.1,37.3,32.4,0.0,0.0,0.0,0.0,108.0,616.0,106.0,621.0,111.0,634.0,115.0,630.0,0.0,0.0,-22.0,0.0,0.0,25.2,5.0,4.998,0.0,0.0,1.904,1.904,84.4,23.1,0.0,0.0,29.0,R,0.0,64.4,73.4,0.0,0.0,0.0,0.0,226.4,1140.8,222.8,1149.8,231.8,1173.2,239.0,1166.0,0.0,0.0,73.58,1992.0,230.0,165.6,9.179999999999993,0.11718055555555555,1765.0966666666666,0.0,0.48,0.48,343.4,True,2026-08-14 08:27:13-07:00
276.06,2,10,2026-08-14 15:31:43,37.08543,-121.59945,298.0,0.1,152.4,-12.6,0.09,KCVH,14.7,141.6,0.0,10.0,-1.0,131.0,0.0,173.0,0.1,-0.02,1.0,99.0,24.0,18.0,0.0,30.06,544.0,0.0,0.0,308.0,0.0,0.0,0.0,128.0,0.0,0.0,5.0,2.0,0.0,0.0,0.0,0.0,3.0,0.0,0.0,1.0,0.0,0.0,0.0,0.0,1.0,0.0,0.0,1200.0,84.0,23.0,1994.0,1994.0,18.6,6.1,0.0,6.1,25.2,0.0,0.0,10.4,0.0,0.0,4.1,37.3,32.4,0.0,0.0,0.0,0.0,109.0,621.0,106.0,626.0,112.0,639.0,116.0,637.0,0.0,0.0,-22.0,0.0,0.0,25.2,5.0,4.998,0.0,0.0,1.89,1.841,84.3,23.1,0.0,0.0,30.0,R,0.0,64.4,73.4,0.0,0.0,0.0,0.0,228.2,1149.8,222.8,1158.8,233.6,1182.2,240.8,1178.6,0.0,0.0,73.58,1994.0,231.35000000000002,166.95000000000002,9.179999999999993,0.11881944444444445,1765.181,0.01639344262295082,0.48,0.48,343.4,True,2026-08-14 08:27:13-07:00
277.06,2,10,2026-08-14 15:31:44,37.08543,-121.59945,298.0,0.1,152.4,-12.6,0.09,KCVH,14.7,141.6,0.0,9.9,-1.0,131.0,0.0,174.0,0.0,-0.02,1.0,99.0,24.0,18.0,0.0,30.06,544.0,0.0,0.0,308.0,0.0,0.0,0.0,128.0,0.0,0.0,5.0,2.0,0.0,0.0,0.0,0.0,3.0,0.0,0.0,3.0,0.0,0.0,0.0,0.0,1.0,0.0,0.0,1200.0,84.0,23.0,1995.0,1995.0,18.6,6.4,0.0,6.4,25.2,0.0,0.0,10.4,0.0,0.0,4.1,37.3,32.4,0.0,0.0,0.0,0.0,110.0,625.0,107.0,631.0,113.0,644.0,117.0,643.0,0.0,0.0,-22.0,0.0,0.0,25.2,5.0,4.998,0.0,0.0,1.888,1.807,84.3,23.2,0.0,0.0,30.0,R,0.0,64.4,73.4,0.0,0.0,0.0,0.0,230.0,1157.0,224.6,1167.8,235.4,1191.2,242.6,1189.4,0.0,0.0,73.75999999999999,1995.0,233.15,168.75,9.359999999999985,0.12055555555555555,1765.3496666666665,0.015625,0.48,0.48,343.4,True,2026-08-14 08:27:13-07:00
278.06,2,10,2026-08-14 15:31:45,37.08543,-121.59945,298.0,0.1,152.4,-12.6,0.09,KCVH,14.7,141.6,0.0,9.9,-1.0,131.0,0.0,174.0,0.0,-0.02,1.0,99.0,35.0,18.0,0.0,30.06,545.0,0.0,0.0,308.0,0.0,0.0,0.0,128.0,0.0,0.0,5.0,2.0,0.0,0.0,0.0,0.0,3.0,0.0,0.0,1.0,0.0,0.0,0.0,0.0,1.0,0.0,0.0,1200.0,84.0,23.0,1946.0,1946.0,18.7,6.6,0.0,6.6,25.2,0.0,0.0,10.4,0.0,0.0,4.1,37.3,32.4,0.0,0.0,0.0,0.0,110.0,634.0,108.0,638.0,113.0,653.0,118.0,652.0,0.0,0.0,-22.0,0.0,0.0,25.2,5.0,4.998,0.0,0.0,1.89,1.796,84.2,23.2,0.0,0.0,29.0,R,0.0,64.4,73.4,0.0,0.0,0.0,0.0,230.0,1173.2,226.4,1180.4,235.4,1207.4,244.4,1205.6,0.0,0.0,73.75999999999999,1946.0,234.05,169.65,9.359999999999985,0.12236111111111111,1765.5183333333332,0.015151515151515154,0.48,0.48,343.4,True,2026-08-14 08:27:13-07:00
279.06,2,10,2026-08-14 15:31:46,37.08543,-121.59945,297.0,0.1,152.4,-12.6,0.09,KCVH,14.7,141.6,0.0,9.9,-1.1,131.1,0.0,175.0,0.0,-0.02,1.0,99.0,45.0,18.0,0.0,30.06,545.0,0.0,0.0,308.0,0.0,0.0,0.0,128.0,0.0,0.0,5.0,2.0,0.0,0.0,0.0,0.0,3.0,0.0,0.0,0.0,0.0,0.0,0.0,0.0,1.0,0.0,0.0,1200.0,84.0,23.0,1997.0,1997.0,18.7,6.7,0.0,6.7,25.2,0.0,0.0,10.4,0.0,0.0,4.1,37.3,32.4,0.0,0.0,0.0,0.0,111.0,638.0,108.0,642.0,114.0,655.0,118.0,656.0,0.0,0.0,-22.0,0.0,0.0,25.2,5.0,4.998,0.0,0.0,1.89,1.807,84.3,23.3,0.0,0.0,30.0,R,0.0,64.4,73.4,0.0,0.0,0.0,0.0,231.8,1180.4,226.4,1187.6,237.2,1211.0,244.4,1212.8,0.0,0.0,73.94,1997.0,234.95,170.54999999999998,9.539999999999992,0.12420833333333334,1765.687,0.014925373134328358,0.48,0.48,343.4,True,2026-08-14 08:27:13-07:00
280.06,2,10,2026-08-14 15:31:47,37.08544,-121.59945,297.0,0.1,152.4,-12.6,0.09,KCVH,14.7,141.6,0.0,9.9,-1.0,131.1,0.0,176.0,0.0,-0.01,1.0,99.0,13.0,18.0,0.0,30.06,545.0,0.0,0.0,308.0,0.0,0.0,0.0,128.0,0.0,0.0,5.0,2.0,0.0,0.0,0.0,0.0,3.0,0.0,0.0,4.0,0.0,0.0,0.0,0.0,1.0,0.0,0.0,1200.0,84.0,23.0,1861.0,1861.0,18.9,6.9,0.0,6.9,25.1,0.0,0.0,10.4,0.0,0.0,4.2,37.3,32.4,0.0,0.0,0.0,0.0,112.0,645.0,109.0,651.0,114.0,661.0,119.0,665.0,0.0,0.0,-22.0,0.0,0.0,25.1,5.0,4.998,0.0,0.0,1.887,1.803,84.2,23.4,0.0,0.0,29.0,R,0.0,64.4,73.4,0.0,0.0,0.0,0.0,233.6,1193.0,228.2,1203.8,237.2,1221.8,246.2,1229.0,0.0,0.0,74.12,1861.0,236.29999999999998,171.89999999999998,9.719999999999999,0.12609722222222222,1765.8556666666666,0.014492753623188406,0.48,0.48,343.4,True,2026-08-14 08:27:13-07:00
281.06,2,10,2026-08-14 15:31:48,37.08544,-121.59945,296.0,0.1,152.4,-12.6,0.09,KCVH,14.7,141.6,0.0,9.8,-1.0,131.1,0.0,176.0,0.0,-0.01,1.0,99.0,36.0,18.0,0.0,30.06,547.0,0.0,0.0,308.0,0.0,0.0,0.0,128.0,0.0,0.0,5.0,2.0,0.0,0.0,0.0,0.0,2.0,0.0,0.0,2.0,0.0,0.0,0.0,0.0,1.0,0.0,0.0,1200.0,84.0,23.0,2003.0,2003.0,19.0,7.0,0.0,7.0,25.2,0.0,0.0,10.4,0.0,0.0,4.1,37.3,32.4,0.0,0.0,0.0,0.0,112.0,646.0,110.0,653.0,115.0,664.0,120.0,670.0,0.0,0.0,-22.0,0.0,0.0,25.2,5.0,4.998,0.0,0.0,1.93,1.791,84.5,23.4,0.0,0.0,31.0,R,0.0,64.4,73.4,0.0,0.0,0.0,0.0,233.6,1194.8,230.0,1207.4,239.0,1227.2,248.0,1238.0,0.0,0.0,74.12,2003.0,237.65,173.25,9.719999999999999,0.12802777777777777,1766.0243333333333,0.014285714285714287,0.48,0.48,343.4,True,2026-08-14 08:27:13-07:00
282.06,2,10,2026-08-14 15:31:49,37.08544,-121.59945,296.0,0.0,152.4,-12.6,0.09,KCVH,14.7,141.6,0.0,9.9,-1.0,131.1,0.0,176.0,0.0,-0.02,1.0,99.0,45.0,18.0,0.0,30.06,547.0,0.0,0.0,308.0,0.0,0.0,0.0,128.0,0.0,0.0,5.0,2.0,0.0,0.0,0.0,0.0,2.0,0.0,0.0,0.0,0.0,0.0,0.0,0.0,1.0,0.0,0.0,1200.0,85.0,23.0,1999.0,1999.0,18.8,7.0,0.0,7.0,25.2,0.0,0.0,10.4,0.0,0.0,4.1,37.3,32.4,0.0,0.0,0.0,0.0,113.0,647.0,110.0,655.0,115.0,665.0,120.0,671.0,0.0,0.0,-22.0,0.0,0.0,25.2,5.0,4.998,0.0,0.0,1.89,1.797,84.6,23.5,0.0,0.0,31.0,R,0.0,64.4,73.4,0.0,0.0,0.0,0.0,235.4,1196.6,230.0,1211.0,239.0,1229.0,248.0,1239.8,0.0,0.0,74.3,1999.0,238.1,173.7,9.899999999999991,0.1299722222222222,1766.1086666666665,0.0,0.48,0.48,343.4,True,2026-08-14 08:27:13-07:00
283.06,2,10,2026-08-14 15:31:50,37.08544,-121.59945,296.0,0.1,152.4,-12.6,0.09,KCVH,14.7,141.6,0.0,9.9,-1.0,131.2,0.0,178.0,0.1,-0.02,0.9,99.0,24.0,18.0,0.0,30.06,547.0,0.0,0.0,308.0,0.0,0.0,0.0,128.0,0.0,0.0,5.0,2.0,0.0,0.0,0.0,0.0,2.0,0.0,0.0,11.0,0.0,0.0,0.0,0.0,1.0,0.0,0.0,1200.0,79.0,24.0,1704.0,1704.0,19.4,7.1,0.0,7.1,25.0,0.0,0.0,10.4,0.0,0.0,4.2,37.3,32.4,0.0,0.0,0.0,0.0,113.0,647.0,111.0,654.0,116.0,665.0,121.0,672.0,0.0,0.0,-22.0,0.0,0.0,25.0,5.0,4.998,0.0,0.0,1.89,1.825,79.0,23.6,0.0,0.0,29.0,R,0.0,64.4,75.2,0.0,0.0,0.0,0.0,235.4,1196.6,231.8,1209.2,240.8,1229.0,249.8,1241.6,0.0,0.0,74.48,1704.0,239.45000000000002,175.05,10.079999999999998,0.13193055555555555,1766.193,0.014084507042253523,0.48,0.48,343.4,True,2026-08-14 08:27:13-07:00
284.06,2,10,2026-08-14 15:31:51,37.08544,-121.59945,295.0,0.0,152.4,-12.6,0.09,KCVH,14.7,141.6,0.0,9.9,-0.9,131.2,0.0,178.0,0.1,-0.02,0.9,99.0,16.0,18.0,0.0,30.06,550.0,0.0,0.0,308.0,0.0,0.0,0.0,128.0,0.0,0.0,5.0,2.0,0.0,0.0,0.0,0.0,2.0,0.0,0.0,12.0,0.0,0.0,0.0,0.0,1.0,0.0,0.0,1200.0,83.0,24.0,1951.0,1951.0,19.9,7.1,0.0,7.1,25.2,0.0,0.0,10.4,0.0,0.0,4.2,37.4,32.4,0.0,0.0,0.0,0.0,114.0,645.0,112.0,653.0,117.0,665.0,122.0,672.0,0.0,0.0,-22.0,0.0,0.0,25.2,5.0,4.998,0.0,0.0,1.84,1.735,83.0,23.6,0.0,0.0,31.0,R,0.0,64.4,75.2,0.0,0.0,0.0,0.0,237.2,1193.0,233.6,1207.4,242.6,1229.0,251.6,1241.6,0.0,0.0,74.48,1951.0,241.25,176.85,10.079999999999998,0.1339027777777778,1766.2773333333332,0.0,0.48,0.48,343.4,True,2026-08-14 08:27:13-07:00
285.06,2,10,2026-08-14 15:31:52,37.08544,-121.59946,297.0,0.1,152.4,-12.6,0.09,KCVH,14.7,141.6,0.0,9.8,-0.9,131.1,0.0,178.0,0.0,-0.02,1.0,99.0,25.0,18.0,0.0,30.06,550.0,0.0,0.0,308.0,0.0,0.0,0.0,128.0,0.0,0.0,5.0,2.0,0.0,0.0,0.0,0.0,2.0,0.0,0.0,10.0,0.0,0.0,0.0,0.0,1.0,0.0,0.0,1200.0,84.0,24.0,2006.0,2006.0,19.0,7.2,0.0,7.2,25.2,0.0,0.0,10.4,0.0,0.0,4.1,37.4,32.4,0.0,0.0,0.0,0.0,115.0,646.0,112.0,654.0,117.0,666.0,122.0,673.0,0.0,0.0,-22.0,0.0,0.0,25.2,5.0,4.998,0.0,0.0,1.888,1.755,84.2,23.6,0.0,0.0,32.0,R,0.0,64.4,75.2,0.0,0.0,0.0,0.0,239.0,1194.8,233.6,1209.2,242.6,1230.8,251.6,1243.4,0.0,0.0,74.48,2006.0,241.7,177.29999999999998,10.079999999999998,0.1358888888888889,1766.3616666666667,0.01388888888888889,0.48,0.48,343.4,True,2026-08-14 08:27:13-07:00
286.06,2,10,2026-08-14 15:31:53,37.08543,-121.59945,297.0,0.1,152.4,-12.6,0.09,KCVH,14.7,141.6,0.0,9.9,-1.0,131.1,0.0,178.0,0.0,-0.02,1.0,99.0,4.0,18.0,0.0,30.06,550.0,0.0,0.0,308.0,0.0,0.0,0.0,128.0,0.0,0.0,5.0,2.0,0.0,0.0,0.0,0.0,2.0,0.0,0.0,12.0,0.0,0.0,0.0,0.0,1.0,0.0,0.0,1200.0,80.0,24.0,1668.0,1668.0,20.3,7.2,0.0,7.2,24.9,0.0,0.0,10.4,0.0,0.0,4.2,37.4,32.4,0.0,0.0,0.0,0.0,115.0,645.0,113.0,653.0,118.0,665.0,123.0,672.0,0.0,0.0,-22.0,0.0,0.0,24.9,5.0,4.998,0.0,0.0,1.931,1.807,80.3,23.7,0.0,0.0,29.0,R,0.0,64.4,75.2,0.0,0.0,0.0,0.0,239.0,1193.0,235.4,1207.4,244.4,1229.0,253.4,1241.6,0.0,0.0,74.66,1668.0,243.05,178.65,10.259999999999991,0.1378888888888889,1766.5303333333334,0.01388888888888889,0.48,0.48,343.4,True,2026-08-14 08:27:13-07:00
287.06,2,10,2026-08-14 15:31:54,37.08543,-121.59945,297.0,0.1,152.4,-12.6,0.09,KCVH,14.7,141.6,0.0,9.9,-1.0,131.1,0.0,179.0,0.0,-0.01,0.9,99.0,44.0,18.0,0.0,30.06,550.0,0.0,0.0,308.0,0.0,0.0,0.0,128.0,0.0,0.0,5.0,2.0,0.0,0.0,0.0,0.0,2.0,0.0,0.0,12.0,0.0,0.0,0.0,0.0,1.0,0.0,0.0,1200.0,84.0,24.0,1956.0,1956.0,19.9,7.2,0.0,7.2,25.1,0.0,0.0,10.4,0.0,0.0,4.2,37.4,32.4,0.0,0.0,0.0,0.0,116.0,643.0,113.0,651.0,118.0,664.0,124.0,673.0,0.0,0.0,-22.0,0.0,0.0,25.1,5.0,4.998,0.0,0.0,1.887,1.849,83.6,23.8,0.0,0.0,32.0,R,0.0,64.4,75.2,0.0,0.0,0.0,0.0,240.8,1189.4,235.4,1203.8,244.4,1227.2,255.2,1243.4,0.0,0.0,74.84,1956.0,243.95,179.54999999999998,10.439999999999998,0.1398888888888889,1766.6989999999998,0.01388888888888889,0.48,0.48,343.4,True,2026-08-14 08:27:13-07:00
288.06,2,10,2026-08-14 15:31:55,37.08543,-121.59945,297.0,0.1,152.4,-12.6,0.09,KCVH,14.7,141.6,0.0,9.9,-1.0,131.2,0.0,180.0,0.0,-0.02,1.1,99.0,26.0,18.0,0.0,30.06,550.0,0.0,0.0,308.0,0.0,0.0,0.0,128.0,0.0,0.0,5.0,2.0,0.0,0.0,0.0,0.0,2.0,0.0,0.0,10.0,0.0,0.0,0.0,0.0,1.0,0.0,0.0,1200.0,85.0,24.0,2002.0,2002.0,19.0,7.2,0.0,7.2,25.2,0.0,0.0,10.4,0.0,0.0,4.1,37.4,32.4,0.0,0.0,0.0,0.0,117.0,644.0,114.0,653.0,119.0,665.0,124.0,674.0,0.0,0.0,-22.0,0.0,0.0,25.2,5.0,4.998,0.0,0.0,1.888,1.763,84.8,23.8,0.0,0.0,33.0,R,0.0,64.4,75.2,0.0,0.0,0.0,0.0,242.6,1191.2,237.2,1207.4,246.2,1229.0,255.2,1245.2,0.0,0.0,74.84,2002.0,245.29999999999998,180.89999999999998,10.439999999999998,0.1418888888888889,1766.8676666666665,0.01388888888888889,0.48,0.48,343.4,True,2026-08-14 08:27:13-07:00
289.06,2,10,2026-08-14 15:31:56,37.08543,-121.59945,297.0,0.1,152.4,-12.6,0.09,KCVH,14.7,141.6,0.0,9.9,-0.9,131.3,0.0,180.0,0.1,-0.01,1.0,99.0,31.0,18.0,0.0,30.06,550.0,0.0,0.0,308.0,0.0,0.0,0.0,128.0,0.0,0.0,5.0,2.0,0.0,0.0,0.0,0.0,2.0,0.0,0.0,8.0,0.0,0.0,0.0,0.0,1.0,0.0,0.0,1200.0,85.0,24.0,2006.0,2006.0,18.8,7.2,0.0,7.2,25.2,0.0,0.0,10.4,0.0,0.0,4.1,37.4,32.4,0.0,0.0,0.0,0.0,117.0,646.0,114.0,655.0,120.0,667.0,125.0,675.0,0.0,0.0,-22.0,0.0,0.0,25.2,5.0,4.998,0.0,0.0,1.888,1.792,85.3,23.8,0.0,0.0,32.0,R,0.0,64.4,75.2,0.0,0.0,0.0,0.0,242.6,1194.8,237.2,1211.0,248.0,1232.6,257.0,1247.0,0.0,0.0,74.84,2006.0,246.20000000000002,181.8,10.439999999999998,0.1438888888888889,1767.0363333333332,0.01388888888888889,0.48,0.48,343.4,True,2026-08-14 08:27:13-07:00
290.06,2,10,2026-08-14 15:31:57,37.08543,-121.59945,297.0,0.1,152.4,-12.6,0.09,KCVH,14.7,141.6,0.0,9.9,-0.9,131.2,0.0,180.0,0.0,-0.02,0.9,99.0,24.0,18.0,0.0,30.06,552.0,0.0,0.0,308.0,0.0,0.0,0.0,128.0,0.0,0.0,5.0,2.0,0.0,0.0,0.0,0.0,2.0,0.0,0.0,7.0,0.0,0.0,0.0,0.0,1.0,0.0,0.0,1200.0,85.0,24.0,2004.0,2004.0,18.8,7.2,0.0,7.2,25.2,0.0,0.0,10.4,0.0,0.0,4.1,37.4,32.4,0.0,0.0,0.0,0.0,118.0,647.0,115.0,656.0,120.0,667.0,126.0,676.0,0.0,0.0,-22.0,0.0,0.0,25.2,5.0,4.998,0.0,0.0,1.888,1.814,85.4,23.9,0.0,0.0,32.0,R,0.0,64.4,75.2,0.0,0.0,0.0,0.0,244.4,1196.6,239.0,1212.8,248.0,1232.6,258.8,1248.8,0.0,0.0,75.02,2004.0,247.54999999999998,183.14999999999998,10.61999999999999,0.1458888888888889,1767.205,0.01388888888888889,0.48,0.48,343.4,True,2026-08-14 08:27:13-07:00
291.06,2,10,2026-08-14 15:31:58,37.08543,-121.59945,298.0,0.1,152.4,-12.6,0.09,KCVH,14.7,141.6,0.0,9.9,-0.8,131.3,0.0,182.0,0.1,-0.01,0.9,99.0,62.0,18.0,0.0,30.06,552.0,0.0,0.0,308.0,0.0,0.0,0.0,128.0,0.0,0.0,5.0,2.0,0.0,0.0,0.0,0.0,2.0,0.0,0.0,5.0,0.0,0.0,0.0,0.0,1.0,0.0,0.0,1200.0,85.0,24.0,2006.0,2006.0,18.6,7.3,0.0,7.3,25.2,0.0,0.0,10.4,0.0,0.0,4.1,37.4,32.4,0.0,0.0,0.0,0.0,118.0,649.0,116.0,657.0,121.0,669.0,126.0,678.0,0.0,0.0,-22.0,0.0,0.0,25.2,5.0,4.998,0.0,0.0,1.89,1.797,85.4,24.0,0.0,0.0,31.0,R,0.0,64.4,75.2,0.0,0.0,0.0,0.0,244.4,1200.2,240.8,1214.6,249.8,1236.2,258.8,1252.4,0.0,0.0,75.2,2006.0,248.45000000000002,184.05,10.799999999999997,0.14790277777777777,1767.3736666666666,0.013698630136986302,0.48,0.48,343.4,True,2026-08-14 08:27:13-07:00
292.06,2,10,2026-08-14 15:31:59,37.08543,-121.59945,298.0,0.1,152.4,-12.6,0.09,KCVH,14.7,141.6,0.0,9.9,-0.9,131.3,0.0,182.0,0.1,-0.01,1.0,99.0,51.0,18.0,0.0,30.06,552.0,0.0,0.0,308.0,0.0,0.0,0.0,128.0,0.0,0.0,5.0,2.0,0.0,0.0,0.0,0.0,2.0,0.0,0.0,6.0,0.0,0.0,0.0,0.0,1.0,0.0,0.0,1200.0,85.0,24.0,2001.0,2001.0,18.6,7.3,0.0,7.3,25.2,0.0,0.0,10.4,0.0,0.0,4.1,37.4,32.4,0.0,0.0,0.0,0.0,119.0,651.0,116.0,658.0,122.0,670.0,127.0,680.0,0.0,0.0,-22.0,0.0,0.0,25.2,5.0,4.998,0.0,0.0,1.89,1.802,85.5,24.0,0.0,0.0,31.0,R,0.0,64.4,75.2,0.0,0.0,0.0,0.0,246.2,1203.8,240.8,1216.4,251.6,1238.0,260.6,1256.0,0.0,0.0,75.2,2001.0,249.8,185.4,10.799999999999997,0.14993055555555557,1767.5423333333333,0.013698630136986302,0.48,0.48,343.4,True,2026-08-14 08:27:13-07:00
293.06,2,10,2026-08-14 15:32:00,37.08543,-121.59945,298.0,0.1,152.4,-12.6,0.09,KCVH,14.7,141.6,0.0,9.9,-0.9,131.2,0.0,183.0,0.0,-0.01,1.0,99.0,-2.0,18.0,0.0,30.06,547.0,0.0,0.0,308.0,0.0,0.0,0.0,128.0,0.0,0.0,5.0,2.0,0.0,0.0,0.0,0.0,2.0,0.0,0.0,7.0,0.0,0.0,0.0,0.0,1.0,0.0,0.0,1200.0,86.0,24.0,2010.0,2010.0,18.6,7.3,0.0,7.3,25.2,0.0,0.0,10.4,0.0,0.0,4.1,37.4,32.4,0.0,0.0,0.0,0.0,119.0,652.0,117.0,660.0,122.0,671.0,127.0,680.0,0.0,0.0,-22.0,0.0,0.0,25.2,5.0,4.998,0.0,0.0,1.888,1.803,85.6,24.1,0.0,0.0,31.0,R,0.0,64.4,75.2,0.0,0.0,0.0,0.0,246.2,1205.6,242.6,1220.0,251.6,1239.8,260.6,1256.0,0.0,0.0,75.38,2010.0,250.25,185.85,10.97999999999999,0.15195833333333333,1767.711,0.013698630136986302,0.48,0.48,343.4,True,2026-08-14 08:27:13-07:00
294.06,2,10,2026-08-14 15:32:01,37.08543,-121.59945,298.0,0.0,152.4,-12.6,0.09,KCVH,14.7,141.6,0.0,9.9,-0.9,131.1,0.0,183.0,0.0,-0.02,0.9,99.0,-9.0,18.0,0.0,30.06,547.0,0.0,0.0,308.0,0.0,0.0,0.0,128.0,0.0,0.0,5.0,2.0,0.0,0.0,0.0,0.0,2.0,0.0,0.0,9.0,0.0,0.0,0.0,0.0,1.0,0.0,0.0,1200.0,85.0,24.0,1555.0,1555.0,16.3,7.0,0.0,7.0,25.7,0.0,0.0,10.4,0.0,0.0,4.1,37.4,32.4,0.0,0.0,0.0,0.0,120.0,653.0,118.0,660.0,123.0,672.0,128.0,681.0,0.0,0.0,-22.0,0.0,0.0,25.7,5.0,4.998,0.0,0.0,1.888,1.796,85.1,24.2,0.0,0.0,0.0,,0.0,64.4,75.2,0.0,0.0,0.0,0.0,248.0,1207.4,244.4,1220.0,253.4,1241.6,262.4,1257.8,0.0,0.0,75.56,1555.0,252.04999999999998,187.64999999999998,11.159999999999997,0.15394444444444444,1767.7953333333332,0.0,0.48,0.48,343.4,True,2026-08-14 08:27:13-07:00
295.06,2,10,2026-08-14 15:32:02,37.08543,-121.59945,298.0,0.1,152.4,-12.6,0.09,KCVH,14.7,141.6,0.0,10.0,-0.9,131.2,0.0,183.0,0.0,-0.02,1.0,99.0,3.0,18.0,0.0,30.06,547.0,0.0,0.0,308.0,0.0,0.0,0.0,128.0,0.0,0.0,5.0,2.0,0.0,0.0,0.0,0.0,2.0,0.0,0.0,0.0,0.0,0.0,0.0,0.0,1.0,0.0,0.0,1200.0,76.0,24.0,857.0,857.0,11.8,5.8,0.0,5.8,26.0,0.0,0.0,10.4,0.0,0.0,4.4,37.4,32.4,0.0,0.0,0.0,0.0,120.0,634.0,118.0,649.0,123.0,662.0,129.0,668.0,0.0,0.0,-22.0,0.0,0.0,26.0,5.0,4.998,0.0,0.0,1.89,1.76,76.1,24.2,0.0,0.0,0.0,,0.0,64.4,75.2,0.0,0.0,0.0,0.0,248.0,1173.2,244.4,1200.2,253.4,1223.6,264.2,1234.4,0.0,0.0,75.56,857.0,252.5,188.1,11.159999999999997,0.15572222222222223,1767.8796666666667,0.017241379310344827,0.48,0.48,343.4,True,2026-08-14 08:27:13-07:00
296.06,2,10,2026-08-14 15:32:03,37.08543,-121.59945,298.0,0.1,152.4,-12.6,0.09,KCVH,14.7,141.6,0.0,10.1,-0.9,131.2,0.0,183.0,0.1,-0.02,1.0,99.0,-35.0,18.0,0.0,30.06,546.0,0.0,0.0,308.0,0.0,0.0,0.0,128.0,0.0,0.0,5.0,2.0,0.0,0.0,0.0,0.0,2.0,0.0,0.0,-14.0,0.0,0.0,0.0,0.0,1.0,0.0,0.0,1200.0,69.0,24.0,823.0,823.0,13.2,4.8,0.0,4.8,25.9,0.0,0.0,10.4,0.0,0.0,4.6,37.4,32.4,0.0,0.0,0.0,0.0,121.0,629.0,118.0,645.0,123.0,654.0,129.0,659.0,0.0,0.0,-22.0,0.0,0.0,25.9,5.0,4.998,0.0,0.0,1.888,1.75,69.5,24.3,0.0,0.0,0.0,,0.0,64.4,75.2,0.0,0.0,0.0,0.0,249.8,1164.2,244.4,1193.0,253.4,1209.2,264.2,1218.2,0.0,0.0,75.74000000000001,823.0,252.95,188.54999999999998,11.340000000000003,0.15719444444444444,1768.0483333333332,0.020833333333333336,0.48,0.48,343.4,True,2026-08-14 08:27:13-07:00
297.06,2,10,2026-08-14 15:32:04,37.08543,-121.59945,298.0,0.1,152.4,-12.6,0.09,KCVH,14.7,141.6,0.0,10.0,-1.0,131.2,0.0,183.0,0.1,-0.02,1.0,99.0,5.0,18.0,0.0,30.06,547.0,0.0,0.0,308.0,0.0,0.0,0.0,128.0,0.0,0.0,5.0,2.0,0.0,0.0,0.0,0.0,2.0,0.0,0.0,-16.0,0.0,0.0,0.0,0.0,1.0,0.0,0.0,1200.0,66.0,24.0,821.0,821.0,13.7,4.0,0.0,4.0,25.9,0.0,0.0,10.4,0.0,0.0,4.6,37.4,32.4,0.0,0.0,0.0,0.0,121.0,625.0,118.0,642.0,124.0,645.0,129.0,652.0,0.0,0.0,-22.0,0.0,0.0,25.9,5.0,4.998,0.0,0.0,1.888,1.79,66.5,24.3,0.0,0.0,0.0,,0.0,64.4,75.2,0.0,0.0,0.0,0.0,249.8,1157.0,244.4,1187.6,255.2,1193.0,264.2,1205.6,0.0,0.0,75.74000000000001,821.0,253.39999999999998,188.99999999999997,11.340000000000003,0.15841666666666668,1768.2169999999999,0.025,0.48,0.48,343.4,True,2026-08-14 08:27:13-07:00
298.06,2,10,2026-08-14 15:32:05,37.08543,-121.59945,298.0,0.0,152.4,-12.6,0.09,KCVH,14.7,141.6,0.0,10.1,-1.0,131.3,0.0,183.0,0.0,-0.02,1.0,99.0,5.0,18.0,0.0,30.06,547.0,0.0,0.0,308.0,0.0,0.0,0.0,128.0,0.0,0.0,5.0,2.0,0.0,0.0,0.0,0.0,2.0,0.0,0.0,-39.0,0.0,0.0,0.0,0.0,1.0,0.0,0.0,1200.0,65.0,24.0,806.0,806.0,13.8,3.5,0.0,3.5,25.9,0.0,0.0,10.4,0.0,0.0,4.7,37.4,32.4,0.0,0.0,0.0,0.0,121.0,621.0,118.0,638.0,124.0,638.0,129.0,645.0,0.0,0.0,-22.0,0.0,0.0,25.9,5.0,4.998,0.0,0.0,1.888,1.787,65.2,24.3,0.0,0.0,0.0,,0.0,64.4,75.2,0.0,0.0,0.0,0.0,249.8,1149.8,244.4,1180.4,255.2,1180.4,264.2,1193.0,0.0,0.0,75.74000000000001,806.0,253.39999999999998,188.99999999999997,11.340000000000003,0.15945833333333334,1768.3013333333333,0.0,0.48,0.48,343.4,True,2026-08-14 08:27:13-07:00
299.06,2,10,2026-08-14 15:32:06,37.08543,-121.59946,298.0,0.2,152.4,-12.6,0.09,KCVH,14.7,141.6,0.0,10.1,-1.1,131.2,0.0,183.0,-0.0,-0.01,1.0,99.0,1.0,18.0,0.0,30.06,547.0,0.0,0.0,308.0,0.0,0.0,0.0,128.0,0.0,0.0,5.0,2.0,0.0,0.0,0.0,0.0,2.0,0.0,0.0,-41.0,0.0,0.0,0.0,0.0,1.0,0.0,0.0,1200.0,64.0,24.0,794.0,794.0,14.1,3.0,0.0,3.0,25.8,0.0,0.0,10.4,0.0,0.0,4.7,37.4,32.4,0.0,0.0,0.0,0.0,121.0,618.0,119.0,635.0,124.0,632.0,129.0,640.0,0.0,0.0,-22.0,0.0,0.0,25.8,5.0,4.998,0.0,0.0,1.888,1.788,64.3,24.3,0.0,0.0,0.0,,0.0,64.4,75.2,0.0,0.0,0.0,0.0,249.8,1144.4,246.2,1175.0,255.2,1169.6,264.2,1184.0,0.0,0.0,75.74000000000001,794.0,253.84999999999997,189.44999999999996,11.340000000000003,0.16036111111111112,1768.47,0.06666666666666667,0.48,0.48,343.4,True,2026-08-14 08:27:13-07:00
300.06,2,10,2026-08-14 15:32:07,37.08543,-121.59946,298.0,0.2,152.4,-12.6,0.09,KCVH,14.7,141.6,0.0,10.1,-1.1,131.3,0.0,183.0,0.1,-0.02,1.0,99.0,-5.0,18.0,0.0,30.06,546.0,0.0,0.0,308.0,0.0,0.0,0.0,128.0,0.0,0.0,5.0,2.0,0.0,0.0,0.0,0.0,2.0,0.0,0.0,-41.0,0.0,0.0,0.0,0.0,1.0,0.0,0.0,1200.0,64.0,24.0,884.0,884.0,14.3,2.7,0.0,2.7,25.7,0.0,0.0,10.4,0.0,0.0,4.6,37.4,32.4,0.0,0.0,0.0,0.0,121.0,616.0,119.0,632.0,124.0,625.0,129.0,634.0,0.0,0.0,-22.0,0.0,0.0,25.7,5.0,4.998,0.0,0.0,1.888,1.75,64.0,24.3,0.0,0.0,0.0,,0.0,64.4,75.2,0.0,0.0,0.0,0.0,249.8,1140.8,246.2,1169.6,255.2,1157.0,264.2,1173.2,0.0,0.0,75.74000000000001,884.0,253.84999999999997,189.44999999999996,11.340000000000003,0.16115277777777778,1768.8073333333332,0.07407407407407407,0.48,0.48,343.4,True,2026-08-14 08:27:13-07:00
301.06,2,10,2026-08-14 15:32:08,37.08543,-121.59945,298.0,0.4,152.4,-12.6,0.09,KCVH,14.7,141.6,0.0,10.1,-1.1,131.5,0.0,183.0,0.2,-0.02,1.0,99.0,15.0,18.0,0.0,30.06,546.0,0.0,0.0,308.0,0.0,0.0,0.0,128.0,0.0,0.0,5.0,2.0,0.0,0.0,0.0,0.0,2.0,0.0,0.0,-41.0,0.0,0.0,0.0,0.0,1.0,0.0,0.0,1200.0,67.0,24.0,1050.0,1050.0,14.6,2.6,0.0,2.6,25.6,0.0,0.0,10.4,0.0,0.0,4.5,37.4,32.4,0.0,0.0,0.0,0.0,122.0,613.0,119.0,629.0,125.0,623.0,130.0,631.0,0.0,0.0,-22.0,0.0,0.0,25.6,5.0,4.998,0.0,0.0,1.888,1.75,66.9,24.4,0.0,0.0,0.0,,0.0,64.4,75.2,0.0,0.0,0.0,0.0,251.6,1135.4,246.2,1164.2,257.0,1153.4,266.0,1167.8,0.0,0.0,75.92,1050.0,255.20000000000002,190.8,11.519999999999996,0.1618888888888889,1769.3133333333333,0.15384615384615385,0.48,0.48,343.4,True,2026-08-14 08:27:13-07:00
302.06,2,10,2026-08-14 15:32:09,37.08543,-121.59945,298.0,0.7,152.4,-12.6,0.09,KCVH,14.7,141.6,0.0,10.3,-1.1,132.2,0.0,183.0,0.5,-0.02,1.0,99.0,11.0,18.0,0.0,30.06,546.0,0.0,0.0,308.0,0.0,0.0,0.0,128.0,0.0,0.0,5.0,2.0,0.0,0.0,0.0,0.0,2.0,0.0,0.0,-41.0,0.0,0.0,0.0,0.0,1.0,0.0,0.0,1200.0,71.0,24.0,1190.0,1190.0,14.6,2.7,0.0,2.7,25.5,0.0,0.0,10.4,0.0,0.0,4.5,37.4,32.4,0.0,0.0,0.0,0.0,122.0,613.0,119.0,628.0,125.0,621.0,130.0,631.0,0.0,0.0,-22.0,0.0,0.0,25.5,5.0,4.998,0.0,0.0,1.888,1.776,71.2,24.4,0.0,0.0,0.0,,0.0,64.4,75.2,0.0,0.0,0.0,0.0,251.6,1135.4,246.2,1162.4,257.0,1149.8,266.0,1167.8,0.0,0.0,75.92,1190.0,255.20000000000002,190.8,11.519999999999996,0.162625,1770.241,0.25925925925925924,0.48,0.48,343.4,True,2026-08-14 08:27:13-07:00
303.06,2,10,2026-08-14 15:32:10,37.08543,-121.59945,295.0,0.8,152.4,-12.6,0.09,KCVH,14.7,141.6,0.0,10.4,-0.9,133.3,0.0,183.0,1.0,-0.02,1.0,99.0,12.0,18.0,0.0,30.06,546.0,0.0,0.0,308.0,0.0,0.0,0.0,128.0,0.0,0.0,5.0,2.0,0.0,0.0,0.0,0.0,2.0,0.0,0.0,-41.0,0.0,0.0,0.0,0.0,1.0,0.0,0.0,1200.0,74.0,24.0,1222.0,1222.0,14.5,2.8,0.0,2.8,25.5,0.0,0.0,10.4,0.0,0.0,4.5,37.4,32.4,0.0,0.0,0.0,0.0,122.0,614.0,119.0,629.0,125.0,623.0,130.0,631.0,0.0,0.0,-22.0,0.0,0.0,25.5,5.0,4.998,0.0,0.0,1.888,1.753,74.3,24.5,0.0,0.0,0.0,,0.0,64.4,75.2,0.0,0.0,0.0,0.0,251.6,1137.2,246.2,1164.2,257.0,1153.4,266.0,1167.8,0.0,0.0,76.1,1222.0,255.20000000000002,190.8,11.699999999999989,0.1633888888888889,1771.5059999999999,0.28571428571428575,0.48,0.48,343.4,True,2026-08-14 08:27:13-07:00
304.06,2,10,2026-08-14 15:32:11,37.08542,-121.59944,280.0,1.3,147.8,-12.6,0.09,KCVH,14.7,141.6,0.0,10.6,-0.8,135.1,0.0,183.0,1.5,-0.01,1.0,99.0,-11.0,18.0,0.0,30.06,546.0,0.0,0.0,308.0,0.0,0.0,0.0,128.0,0.0,0.0,5.0,2.0,0.0,0.0,0.0,0.0,1.0,0.0,0.0,12.0,0.0,0.0,0.0,0.0,1.0,0.0,0.0,1200.0,76.0,25.0,1216.0,1216.0,14.3,2.8,0.0,2.8,33.0,0.0,0.0,10.4,0.0,0.0,5.7,37.4,32.4,0.0,0.0,0.0,0.0,122.0,615.0,120.0,629.0,125.0,624.0,130.0,631.0,0.0,0.0,-22.0,0.0,0.0,33.0,5.0,4.998,0.0,0.0,1.888,1.758,75.6,24.6,0.0,0.0,0.0,,0.0,64.4,77.0,0.0,0.0,0.0,0.0,251.6,1139.0,248.0,1164.2,257.0,1155.2,266.0,1167.8,0.0,0.0,76.28,1216.0,255.65,191.25,11.879999999999995,0.16416666666666666,1773.277,0.46428571428571436,0.48,0.48,343.4,True,2026-08-14 08:27:13-07:00
305.06,2,10,2026-08-14 15:32:12,37.08541,-121.59943,280.0,1.6,142.1,-12.6,0.09,KCVH,14.7,141.6,0.0,10.9,-0.5,137.8,0.0,183.0,2.3,-0.01,1.0,99.0,-11.0,18.0,0.0,30.06,546.0,0.0,0.0,308.0,0.0,0.0,0.0,128.0,0.0,0.0,5.0,2.0,0.0,0.0,0.0,0.0,1.0,0.0,0.0,-8.0,0.0,0.0,0.0,0.0,1.0,0.0,0.0,1200.0,76.0,25.0,1216.0,1216.0,14.1,2.9,0.0,2.9,33.5,0.0,0.0,10.4,0.0,0.0,6.8,37.4,32.4,0.0,0.0,0.0,0.0,122.0,616.0,120.0,629.0,126.0,625.0,131.0,631.0,0.0,0.0,-22.0,0.0,0.0,33.5,5.0,4.998,0.0,0.0,1.888,1.792,76.0,24.6,0.0,0.0,0.0,,0.0,64.4,77.0,0.0,0.0,0.0,0.0,251.6,1140.8,248.0,1164.2,258.8,1157.0,267.8,1167.8,0.0,0.0,76.28,1216.0,256.55,192.15,11.879999999999995,0.16495833333333335,1775.7226666666666,0.5517241379310345,0.48,0.48,343.4,True,2026-08-14 08:27:13-07:00
306.06,2,10,2026-08-14 15:32:13,37.08541,-121.59943,279.0,2.3,153.6,-12.6,0.09,KCVH,14.7,141.6,0.0,11.3,-0.8,138.3,0.0,184.0,1.6,-0.03,1.0,99.0,15.0,18.0,0.0,30.06,546.0,0.0,0.0,308.0,0.0,0.0,0.0,128.0,0.0,0.0,5.0,2.0,0.0,0.0,0.0,0.0,2.0,0.0,0.0,-12.0,0.0,0.0,0.0,0.0,1.0,0.0,0.0,1200.0,76.0,25.0,1207.0,1207.0,14.2,2.9,0.0,2.9,33.6,0.0,0.0,10.4,0.0,0.0,7.7,37.4,32.4,0.0,0.0,0.0,0.0,123.0,617.0,120.0,629.0,126.0,626.0,131.0,631.0,0.0,0.0,-22.0,0.0,0.0,33.6,5.0,4.998,0.0,0.0,1.758,1.721,76.0,24.7,0.0,0.0,0.0,,0.0,64.4,77.0,0.0,0.0,0.0,0.0,253.4,1142.6,248.0,1164.2,258.8,1158.8,267.8,1167.8,0.0,0.0,76.46,1207.0,257.0,192.6,12.059999999999988,0.16576388888888888,1779.0116666666665,0.793103448275862,0.48,0.48,343.4,True,2026-08-14 08:27:13-07:00
307.06,2,10,2026-08-14 15:32:14,37.0854,-121.59943,279.0,2.6,158.7,-12.6,0.09,KCVH,14.7,141.6,0.0,10.3,-1.1,134.0,0.0,184.0,-1.8,-0.03,1.0,99.0,26.0,18.0,0.0,30.06,546.0,0.0,0.0,308.0,0.0,0.0,0.0,128.0,0.0,0.0,5.0,2.0,0.0,0.0,0.0,0.0,3.0,0.0,0.0,-12.0,0.0,0.0,0.0,0.0,1.0,0.0,0.0,1200.0,76.0,25.0,1208.0,1208.0,14.2,3.0,0.0,3.0,33.6,0.0,0.0,10.4,0.0,0.0,8.6,37.4,32.4,0.0,0.0,0.0,0.0,123.0,619.0,121.0,630.0,126.0,626.0,131.0,631.0,0.0,0.0,-22.0,0.0,0.0,33.6,5.0,4.998,0.0,0.0,1.888,1.79,75.8,24.7,0.0,0.0,0.0,,0.0,64.4,77.0,0.0,0.0,0.0,0.0,253.4,1146.2,249.8,1166.0,258.8,1158.8,267.8,1167.8,0.0,0.0,76.46,1208.0,257.45000000000005,193.05000000000004,12.059999999999988,0.16658333333333333,1783.144,0.8666666666666667,0.48,0.48,343.4,True,2026-08-14 08:27:13-07:00
308.06,2,10,2026-08-14 15:32:15,37.08538,-121.59942,279.0,3.0,158.6,-12.6,0.09,KCVH,14.7,141.6,0.0,10.0,-1.1,126.1,0.0,185.0,-5.5,0.0,1.0,99.0,32.0,18.0,0.0,30.06,546.0,0.0,0.0,308.0,0.0,0.0,0.0,128.0,0.0,0.0,5.0,2.0,0.0,0.0,0.0,0.0,5.0,0.0,0.0,-12.0,0.0,0.0,0.0,0.0,1.0,0.0,0.0,1200.0,76.0,25.0,1191.0,1191.0,14.3,3.0,0.0,3.0,33.6,0.0,0.0,10.4,0.0,0.0,9.3,37.4,32.4,0.0,0.0,0.0,0.0,123.0,620.0,121.0,630.0,127.0,626.0,131.0,631.0,0.0,0.0,-22.0,0.0,0.0,33.6,5.0,4.998,0.0,0.0,1.713,1.76,75.6,24.9,0.0,0.0,0.0,,0.0,64.4,77.0,0.0,0.0,0.0,0.0,253.4,1148.0,249.8,1166.0,260.6,1158.8,267.8,1167.8,0.0,0.0,76.82,1191.0,257.90000000000003,193.50000000000003,12.419999999999987,0.16741666666666666,1787.8666666666666,1.0,0.48,0.48,343.4,True,2026-08-14 08:27:13-07:00
309.06,2,10,2026-08-14 15:32:16,37.08537,-121.59941,280.0,3.0,152.9,-12.6,0.09,KCVH,14.7,141.6,0.0,9.9,-1.0,116.0,0.0,186.0,-8.3,0.01,0.9,99.0,53.0,18.0,0.0,30.06,549.0,0.0,0.0,308.0,0.0,0.0,0.0,128.0,0.0,0.0,5.0,2.0,0.0,0.0,0.0,0.0,6.0,0.0,0.0,-12.0,0.0,0.0,0.0,0.0,1.0,0.0,0.0,1200.0,75.0,25.0,1146.0,1146.0,14.1,3.0,0.0,3.0,33.6,0.0,0.0,10.4,0.0,0.0,9.5,37.4,32.4,0.0,0.0,0.0,0.0,123.0,620.0,121.0,631.0,127.0,625.0,132.0,631.0,0.0,0.0,-22.0,0.0,0.0,33.6,5.0,4.998,0.0,0.0,1.827,1.853,75.0,24.9,0.0,0.0,0.0,,0.0,64.4,77.0,0.0,0.0,0.0,0.0,253.4,1148.0,249.8,1167.8,260.6,1157.0,269.6,1167.8,0.0,0.0,76.82,1146.0,258.35,193.95000000000002,12.419999999999987,0.16825,1792.9266666666665,1.0,0.48,0.48,343.4,True,2026-08-14 08:27:13-07:00
310.06,2,10,2026-08-14 15:32:17,37.08536,-121.5994,280.0,2.6,143.5,-12.6,0.09,KCVH,14.7,141.6,0.0,10.0,-1.6,105.5,0.0,187.0,-9.8,-0.0,1.0,99.0,10.0,18.0,0.0,30.06,549.0,0.0,0.0,308.0,0.0,0.0,0.0,128.0,0.0,0.0,5.0,2.0,0.0,0.0,0.0,0.0,6.0,0.0,0.0,-12.0,0.0,0.0,0.0,0.0,1.0,0.0,0.0,1200.0,74.0,25.0,1113.0,1113.0,14.1,3.0,0.0,3.0,33.7,0.0,0.0,10.4,0.0,0.0,9.7,37.4,32.4,0.0,0.0,0.0,0.0,123.0,621.0,121.0,631.0,127.0,624.0,132.0,629.0,0.0,0.0,-22.0,0.0,0.0,33.7,5.0,4.998,0.0,0.0,1.827,1.909,73.8,24.9,0.0,0.0,0.0,,0.0,64.4,77.0,0.0,0.0,0.0,0.0,253.4,1149.8,249.8,1167.8,260.6,1155.2,269.6,1164.2,0.0,0.0,76.82,1113.0,258.35,193.95000000000002,12.419999999999987,0.16908333333333334,1797.6493333333333,0.8666666666666667,0.48,0.48,343.4,True,2026-08-14 08:27:13-07:00
311.06,2,10,2026-08-14 15:32:18,37.08535,-121.5994,281.0,3.3,133.5,-12.6,0.09,KCVH,14.7,141.6,0.0,10.3,-0.4,94.2,0.0,187.0,-10.5,0.01,1.0,99.0,5.0,18.0,0.0,30.06,549.0,0.0,0.0,308.0,0.0,0.0,0.0,128.0,0.0,0.0,5.0,2.0,0.0,0.0,0.0,0.0,6.0,0.0,0.0,-12.0,0.0,0.0,0.0,0.0,1.0,0.0,0.0,1200.0,73.0,25.0,1128.0,1128.0,14.3,3.0,0.0,3.0,33.7,0.0,0.0,10.4,0.0,0.0,10.0,37.4,32.4,0.0,0.0,0.0,0.0,124.0,621.0,122.0,631.0,127.0,622.0,132.0,629.0,0.0,0.0,-22.0,0.0,0.0,33.7,5.0,4.998,0.0,0.0,1.729,1.786,73.3,24.9,0.0,0.0,0.0,,0.0,64.4,77.0,0.0,0.0,0.0,0.0,255.2,1149.8,251.6,1167.8,260.6,1151.6,269.6,1164.2,0.0,0.0,76.82,1128.0,259.25,194.85,12.419999999999987,0.16991666666666666,1802.625,1.0999999999999999,0.48,0.48,343.4,True,2026-08-14 08:27:13-07:00
312.06,2,10,2026-08-14 15:32:19,37.08534,-121.59937,281.0,4.1,108.6,-12.6,0.09,KCVH,14.7,141.6,0.0,10.3,-0.6,86.9,0.0,187.0,-9.0,0.03,1.0,99.0,-6.0,18.0,0.0,30.06,551.0,0.0,0.0,308.0,0.0,0.0,0.0,128.0,0.0,0.0,5.0,2.0,0.0,0.0,0.0,0.0,6.0,0.0,0.0,-12.0,0.0,0.0,0.0,0.0,1.0,0.0,0.0,1200.0,73.0,25.0,1140.0,1140.0,14.3,2.9,0.0,2.9,33.8,0.0,0.0,10.4,0.0,0.0,10.1,37.4,32.4,0.0,0.0,0.0,0.0,124.0,621.0,122.0,631.0,128.0,621.0,133.0,628.0,0.0,0.0,-22.0,0.0,0.0,33.8,5.0,4.998,0.0,0.0,1.663,1.892,73.3,24.9,0.0,0.0,0.0,,0.0,64.4,77.0,0.0,0.0,0.0,0.0,255.2,1149.8,251.6,1167.8,262.4,1149.8,271.4,1162.4,0.0,0.0,76.82,1140.0,260.15,195.74999999999997,12.419999999999987,0.17073611111111112,1808.8656666666666,1.4137931034482758,0.48,0.48,343.4,True,2026-08-14 08:27:13-07:00
313.06,2,10,2026-08-14 15:32:20,37.08533,-121.59935,281.0,5.0,107.2,-12.6,0.09,KCVH,14.7,141.6,0.0,10.1,-0.7,79.7,0.0,187.0,-7.4,-0.01,1.0,99.0,11.0,18.0,0.0,30.06,551.0,0.0,0.0,308.0,0.0,0.0,0.0,128.0,0.0,0.0,5.0,2.0,0.0,0.0,0.0,0.0,7.0,0.0,0.0,-12.0,0.0,0.0,0.0,0.0,1.0,0.0,0.0,1200.0,75.0,25.0,1313.0,1313.0,15.0,3.0,0.0,3.0,33.2,0.0,0.0,10.4,0.0,0.0,9.6,37.4,32.4,0.0,0.0,0.0,0.0,124.0,621.0,122.0,630.0,128.0,621.0,133.0,628.0,0.0,0.0,-22.0,0.0,0.0,33.2,5.0,4.998,0.0,0.0,1.67,1.885,74.5,25.0,0.0,0.0,0.0,,0.0,64.4,77.0,0.0,0.0,0.0,0.0,255.2,1149.8,251.6,1166.0,262.4,1149.8,271.4,1162.4,0.0,0.0,77.0,1313.0,260.15,195.74999999999997,12.599999999999994,0.17155555555555554,1816.54,1.6666666666666667,0.48,0.48,343.4,True,2026-08-14 08:27:13-07:00
314.06,2,10,2026-08-14 15:32:21,37.08533,-121.59932,281.0,6.1,97.0,-12.6,0.09,KCVH,14.7,141.6,0.0,10.2,0.1,68.5,0.0,187.0,-9.7,0.06,0.9,99.0,-25.0,18.0,0.0,30.06,551.0,0.0,0.0,308.0,0.0,0.0,0.0,128.0,0.0,0.0,5.0,2.0,0.0,0.0,0.0,0.0,7.0,0.0,0.0,-15.0,0.0,0.0,0.0,0.0,1.0,0.0,0.0,1200.0,78.0,25.0,1345.0,1345.0,15.4,3.2,0.0,3.2,33.3,0.0,0.0,10.4,0.0,0.0,9.0,37.4,32.4,0.0,0.0,0.0,0.0,124.0,623.0,122.0,631.0,128.0,624.0,133.0,632.0,0.0,0.0,-22.0,0.0,0.0,33.3,5.0,4.998,0.0,0.0,1.582,1.825,78.2,25.1,0.0,0.0,0.0,,0.0,64.4,77.0,0.0,0.0,0.0,0.0,255.2,1153.4,251.6,1167.8,262.4,1155.2,271.4,1169.6,0.0,0.0,77.18,1345.0,260.15,195.74999999999997,12.780000000000001,0.17241666666666666,1825.9009999999998,1.9062499999999998,0.48,0.48,343.4,True,2026-08-14 08:27:13-07:00
315.06,2,10,2026-08-14 15:32:22,37.08533,-121.59928,279.0,7.0,82.0,-12.6,0.09,KCVH,14.7,141.6,0.0,10.2,0.1,62.1,0.0,187.0,-8.1,0.06,1.0,99.0,-27.0,18.0,0.0,30.06,551.0,0.0,0.0,308.0,0.0,0.0,0.0,128.0,0.0,0.0,5.0,2.0,0.0,0.0,0.0,0.0,8.0,0.0,0.0,-4.0,0.0,0.0,0.0,0.0,1.0,0.0,0.0,1200.0,77.0,25.0,1234.0,1234.0,14.6,3.3,0.0,3.3,33.6,0.0,0.0,10.4,0.0,0.0,8.8,37.4,32.4,0.0,0.0,0.0,0.0,124.0,625.0,122.0,633.0,128.0,625.0,133.0,635.0,0.0,0.0,-22.0,0.0,0.0,33.6,5.0,4.998,0.0,0.0,1.624,1.99,77.4,25.1,0.0,0.0,0.0,,0.0,64.4,77.0,0.0,0.0,0.0,0.0,255.2,1157.0,251.6,1171.4,262.4,1157.0,271.4,1175.0,0.0,0.0,77.18,1234.0,260.15,195.74999999999997,12.780000000000001,0.17331944444444444,1836.9486666666667,2.121212121212121,0.48,0.48,343.4,True,2026-08-14 08:27:13-07:00
316.06,2,10,2026-08-14 15:32:23,37.08534,-121.59924,279.0,7.8,76.6,-12.6,0.09,KCVH,14.7,141.7,0.0,10.6,-0.1,58.6,0.0,187.0,-5.3,0.03,1.0,99.0,-10.0,18.0,0.0,30.06,551.0,0.0,0.0,308.0,0.0,0.0,0.0,128.0,0.0,0.0,5.0,2.0,0.0,0.0,0.0,0.0,8.0,0.0,0.0,10.0,0.0,0.0,0.0,0.0,1.0,0.0,0.0,1200.0,76.0,25.0,1197.0,1197.0,14.4,3.2,0.0,3.2,33.7,0.0,0.0,10.4,0.0,0.0,8.8,37.4,32.4,0.0,0.0,0.0,0.0,125.0,625.0,123.0,633.0,129.0,625.0,134.0,634.0,0.0,0.0,-22.0,0.0,0.0,33.7,5.0,4.998,0.0,0.0,1.61,1.97,76.2,25.1,0.0,0.0,0.0,,0.0,64.4,77.0,0.0,0.0,0.0,0.0,257.0,1157.0,253.4,1171.4,264.2,1157.0,273.2,1173.2,0.0,0.0,77.18,1197.0,261.95,197.54999999999998,12.780000000000001,0.17422222222222222,1849.4299999999998,2.4375,0.48,0.48,343.4,True,2026-08-14 08:27:13-07:00
317.06,2,10,2026-08-14 15:32:24,37.08535,-121.59919,279.0,8.5,72.9,-12.6,0.1,KCVH,14.7,141.7,0.0,10.7,0.1,55.8,0.0,187.0,-3.9,0.04,1.1,99.0,-4.0,18.0,0.0,30.06,551.0,0.0,0.0,308.0,0.0,0.0,0.0,128.0,0.0,0.0,5.0,2.0,0.0,0.0,0.0,0.0,8.0,0.0,0.0,7.0,0.0,0.0,0.0,0.0,1.0,0.0,0.0,1200.0,75.0,25.0,1174.0,1174.0,14.4,3.2,0.0,3.2,33.7,0.0,0.0,10.4,0.0,0.0,8.8,37.4,32.4,0.0,0.0,0.0,0.0,125.0,624.0,123.0,634.0,129.0,624.0,134.0,634.0,0.0,0.0,-22.0,0.0,0.0,33.7,5.0,4.998,0.0,0.0,1.625,1.969,75.1,25.2,0.0,0.0,0.0,,0.0,64.4,77.0,0.0,0.0,0.0,0.0,257.0,1155.2,253.4,1173.2,264.2,1155.2,273.2,1173.2,0.0,0.0,77.36,1174.0,261.95,197.54999999999998,12.959999999999994,0.1751111111111111,1863.1763333333333,2.65625,0.48,0.48,343.4,True,2026-08-14 08:27:13-07:00
318.06,2,10,2026-08-14 15:32:25,37.08536,-121.59914,279.0,8.4,66.7,-12.6,0.1,KCVH,14.7,141.7,0.0,10.7,0.1,63.0,0.0,187.0,2.1,-0.01,1.1,99.0,-32.0,18.0,0.0,30.06,551.0,0.0,0.0,308.0,0.0,0.0,0.0,128.0,0.0,0.0,5.0,2.0,0.0,0.0,0.0,0.0,5.0,0.0,0.0,5.0,0.0,0.0,0.0,0.0,1.0,0.0,0.0,1200.0,75.0,25.0,1171.0,1171.0,14.3,3.2,0.0,3.2,33.6,0.0,0.0,10.4,0.0,0.0,8.9,37.4,32.4,0.0,0.0,0.0,0.0,125.0,623.0,124.0,634.0,130.0,624.0,134.0,633.0,0.0,0.0,-22.0,0.0,0.0,33.6,5.0,4.998,0.0,0.0,1.663,2.095,74.6,25.2,0.0,0.0,0.0,,0.0,64.4,77.0,0.0,0.0,0.0,0.0,257.0,1153.4,255.2,1173.2,266.0,1155.2,273.2,1171.4,0.0,0.0,77.36,1171.0,262.85,198.45000000000002,12.959999999999994,0.176,1877.4286666666667,2.625,0.48,0.48,343.4,True,2026-08-14 08:27:13-07:00
319.06,2,10,2026-08-14 15:32:26,37.08537,-121.5991,279.0,8.4,74.3,-12.6,0.1,KCVH,14.7,141.7,0.0,11.4,-0.1,78.0,0.0,187.0,9.7,-0.1,1.1,99.0,-22.0,18.0,0.0,30.06,551.0,0.0,0.0,308.0,0.0,0.0,0.0,128.0,0.0,0.0,5.0,2.0,0.0,0.0,0.0,0.0,4.0,0.0,0.0,0.0,0.0,0.0,0.0,0.0,1.0,0.0,0.0,1200.0,74.0,25.0,1163.0,1163.0,14.2,3.1,0.0,3.1,33.6,0.0,0.0,10.4,0.0,0.0,8.6,37.4,32.4,0.0,0.0,0.0,0.0,125.0,623.0,124.0,633.0,130.0,623.0,134.0,632.0,0.0,0.0,-22.0,0.0,0.0,33.6,5.0,4.998,0.0,0.0,1.73,2.035,74.3,25.3,0.0,0.0,0.0,,0.0,64.4,77.0,0.0,0.0,0.0,0.0,257.0,1153.4,255.2,1171.4,266.0,1153.4,273.2,1169.6,0.0,0.0,77.54,1163.0,262.85,198.45000000000002,13.14,0.176875,1891.5966666666666,2.709677419354839,0.48,0.48,343.4,True,2026-08-14 08:27:13-07:00
320.06,2,10,2026-08-14 15:32:27,37.08538,-121.59905,279.0,8.4,91.3,-12.6,0.1,KCVH,14.7,141.7,0.0,11.5,0.4,93.8,0.0,187.0,13.6,-0.11,0.8,99.0,12.0,18.0,0.0,30.06,551.0,0.0,0.0,308.0,0.0,0.0,0.0,128.0,0.0,0.0,5.0,2.0,0.0,0.0,0.0,0.0,1.0,0.0,0.0,0.0,0.0,0.0,0.0,0.0,1.0,0.0,0.0,1200.0,74.0,25.0,1164.0,1164.0,14.1,3.1,0.0,3.1,33.6,0.0,0.0,10.4,0.0,0.0,8.5,37.4,32.4,0.0,0.0,0.0,0.0,126.0,623.0,124.0,633.0,130.0,622.0,135.0,631.0,0.0,0.0,-22.0,0.0,0.0,33.6,5.0,4.998,0.0,0.0,1.78,1.787,74.1,25.3,0.0,0.0,0.0,,0.0,64.4,77.0,0.0,0.0,0.0,0.0,258.8,1153.4,255.2,1171.4,266.0,1151.6,275.0,1167.8,0.0,0.0,77.54,1164.0,263.75,199.35,13.14,0.17773611111111112,1905.7646666666667,2.709677419354839,0.48,0.48,343.4,True,2026-08-14 08:27:13-07:00
321.06,2,10,2026-08-14 15:32:28,37.08537,-121.59901,281.0,8.4,106.0,-12.6,0.1,KCVH,14.7,141.7,0.0,11.3,0.7,109.7,0.0,187.0,15.1,-0.12,1.0,99.0,-2.0,18.0,0.0,30.06,551.0,0.0,0.0,308.0,0.0,0.0,0.0,128.0,0.0,0.0,5.0,2.0,0.0,0.0,0.0,0.0,0.0,0.0,0.0,-2.0,0.0,0.0,0.0,0.0,1.0,0.0,0.0,1200.0,74.0,25.0,1138.0,1138.0,14.3,3.1,0.0,3.1,33.6,0.0,0.0,10.4,0.0,0.0,8.5,37.4,32.4,0.0,0.0,0.0,0.0,126.0,624.0,124.0,633.0,130.0,622.0,135.0,631.0,0.0,0.0,-22.0,0.0,0.0,33.6,5.0,4.998,0.0,0.0,1.909,1.733,73.7,25.3,0.0,0.0,0.0,,0.0,64.4,77.0,0.0,0.0,0.0,0.0,258.8,1155.2,255.2,1171.4,266.0,1151.6,275.0,1167.8,0.0,0.0,77.54,1138.0,263.75,199.35,13.14,0.1785972222222222,1919.9326666666666,2.709677419354839,0.48,0.48,343.4,True,2026-08-14 08:27:13-07:00
322.06,2,10,2026-08-14 15:32:29,37.08535,-121.59896,281.0,8.7,122.9,-12.6,0.11,KCVH,14.7,141.7,0.0,11.3,-0.3,124.7,0.0,187.0,15.1,-0.12,0.9,99.0,-6.0,18.0,0.0,30.06,551.0,0.0,0.0,308.0,0.0,0.0,0.0,128.0,0.0,0.0,5.0,2.0,0.0,0.0,0.0,0.0,2.0,0.0,0.0,-7.0,0.0,0.0,0.0,0.0,1.0,0.0,0.0,1200.0,73.0,25.0,1138.0,1138.0,14.5,3.1,0.0,3.1,33.6,0.0,0.0,10.4,0.0,0.0,8.6,37.4,32.4,0.0,0.0,0.0,0.0,126.0,624.0,124.0,634.0,131.0,622.0,135.0,630.0,0.0,0.0,-22.0,0.0,0.0,33.6,5.0,4.998,0.0,0.0,1.963,1.671,73.3,25.4,0.0,0.0,0.0,,0.0,64.4,77.0,0.0,0.0,0.0,0.0,258.8,1155.2,255.2,1173.2,267.8,1151.6,275.0,1166.0,0.0,0.0,77.72,1138.0,264.2,199.79999999999998,13.319999999999993,0.17945833333333333,1934.3536666666666,2.8064516129032255,0.48,0.48,343.4,True,2026-08-14 08:27:13-07:00
323.06,2,10,2026-08-14 15:32:30,37.08533,-121.59892,281.0,9.1,138.9,-12.6,0.11,KCVH,14.6,141.7,0.0,11.1,-0.7,136.7,0.0,187.0,13.5,-0.14,0.9,99.0,-40.0,18.0,0.0,30.06,550.0,0.0,0.0,308.0,0.0,0.0,0.0,128.0,0.0,0.0,5.0,2.0,0.0,0.0,0.0,0.0,3.0,0.0,0.0,-26.0,0.0,0.0,0.0,0.0,1.0,0.0,0.0,1200.0,73.0,25.0,1136.0,1136.0,14.4,3.1,0.0,3.1,33.6,0.0,0.0,10.4,0.0,0.0,8.7,37.4,32.4,0.0,0.0,0.0,0.0,127.0,625.0,125.0,635.0,131.0,621.0,136.0,629.0,0.0,0.0,-22.0,0.0,0.0,33.6,5.0,4.998,0.0,0.0,2.003,1.622,73.3,25.5,0.0,0.0,0.0,,0.0,64.4,77.0,0.0,0.0,0.0,0.0,260.6,1157.0,257.0,1175.0,267.8,1149.8,276.8,1164.2,0.0,0.0,77.9,1136.0,265.55,201.15,13.5,0.18031944444444445,1949.365,2.9354838709677415,0.48,0.48,343.4,True,2026-08-14 08:27:13-07:00
324.06,2,10,2026-08-14 15:32:31,37.08529,-121.59889,281.0,9.5,152.7,-12.6,0.11,KCVH,14.6,141.7,0.0,11.1,-1.0,141.2,0.0,187.0,8.5,-0.09,1.0,99.0,-12.0,18.0,0.0,30.06,550.0,0.0,0.0,308.0,0.0,0.0,0.0,128.0,0.0,0.0,5.0,2.0,0.0,0.0,0.0,0.0,4.0,0.0,0.0,-49.0,0.0,0.0,0.0,0.0,1.0,0.0,0.0,1200.0,73.0,26.0,1139.0,1139.0,14.5,3.0,0.0,3.0,33.5,0.0,0.0,10.4,0.0,0.0,8.6,37.4,32.4,0.0,0.0,0.0,0.0,127.0,627.0,125.0,635.0,131.0,620.0,136.0,628.0,0.0,0.0,-22.0,0.0,0.0,33.5,5.0,4.998,0.0,0.0,2.092,1.569,73.1,25.6,0.0,0.0,0.0,,0.0,64.4,78.8,0.0,0.0,0.0,0.0,260.6,1160.6,257.0,1175.0,267.8,1148.0,276.8,1162.4,0.0,0.0,78.08,1139.0,265.55,201.15,13.679999999999993,0.18116666666666667,1965.051,3.1666666666666665,0.48,0.48,343.4,True,2026-08-14 08:27:13-07:00
325.06,2,10,2026-08-14 15:32:32,37.08525,-121.59887,281.0,10.2,156.7,-12.6,0.11,KCVH,14.6,141.7,0.0,11.2,-0.9,140.2,0.0,187.0,2.8,-0.01,1.0,99.0,-6.0,18.0,0.0,30.06,550.0,0.0,0.0,308.0,0.0,0.0,0.0,128.0,0.0,0.0,5.0,2.0,0.0,0.0,0.0,0.0,4.0,0.0,0.0,-50.0,0.0,0.0,0.0,0.0,1.0,0.0,0.0,1200.0,73.0,26.0,1149.0,1149.0,14.5,3.0,0.0,3.0,33.7,0.0,0.0,10.4,0.0,0.0,8.4,37.4,32.4,0.0,0.0,0.0,0.0,127.0,626.0,125.0,637.0,131.0,618.0,136.0,628.0,0.0,0.0,-22.0,0.0,0.0,33.7,5.0,4.998,0.0,0.0,2.109,1.52,73.1,25.5,0.0,0.0,0.0,,0.0,64.4,78.8,0.0,0.0,0.0,0.0,260.6,1158.8,257.0,1178.6,267.8,1144.4,276.8,1162.4,0.0,0.0,77.9,1149.0,265.55,201.15,13.5,0.182,1981.6646666666666,3.4,0.48,0.48,343.4,True,2026-08-14 08:27:13-07:00
326.06,2,10,2026-08-14 15:32:33,37.08521,-121.59885,282.0,10.8,154.2,-12.6,0.11,KCVH,14.6,141.7,0.0,11.3,-0.7,139.0,0.0,187.0,0.2,0.0,0.9,99.0,-18.0,18.0,0.0,30.06,541.0,0.0,0.0,308.0,0.0,0.0,0.0,128.0,0.0,0.0,5.0,2.0,0.0,0.0,0.0,0.0,5.0,0.0,0.0,-52.0,0.0,0.0,0.0,0.0,1.0,0.0,0.0,1200.0,73.0,26.0,1272.0,1272.0,15.0,3.1,0.0,3.1,33.2,0.0,0.0,10.4,0.0,0.0,8.5,37.4,32.4,0.0,0.0,0.0,0.0,127.0,626.0,125.0,637.0,132.0,618.0,137.0,629.0,0.0,0.0,-22.0,0.0,0.0,33.2,5.0,4.998,0.0,0.0,2.051,1.615,73.4,25.6,0.0,0.0,0.0,,0.0,64.4,78.8,0.0,0.0,0.0,0.0,260.6,1158.8,257.0,1178.6,269.6,1144.4,278.6,1164.2,0.0,0.0,78.08,1272.0,266.45000000000005,202.05000000000004,13.679999999999993,0.18284722222222222,1999.3746666666666,3.4838709677419355,0.48,0.48,343.4,True,2026-08-14 08:27:13-07:00
327.06,2,10,2026-08-14 15:32:34,37.08516,-121.59882,280.0,12.1,152.2,-12.6,0.1,KCVH,14.6,141.7,0.0,11.3,-0.6,140.4,0.0,187.0,0.7,-0.02,1.0,99.0,-14.0,18.0,0.0,30.06,541.0,0.0,0.0,308.0,0.0,0.0,0.0,128.0,0.0,0.0,5.0,2.0,0.0,0.0,0.0,0.0,8.0,0.0,0.0,-60.0,0.0,0.0,0.0,0.0,1.0,0.0,0.0,1200.0,80.0,26.0,1643.0,1643.0,17.3,3.5,0.0,3.5,32.1,0.0,0.0,10.4,0.0,0.0,8.5,37.4,32.4,0.0,0.0,0.0,0.0,127.0,628.0,125.0,637.0,132.0,622.0,137.0,633.0,0.0,0.0,-22.0,0.0,0.0,32.1,5.0,4.998,0.0,0.0,1.887,1.621,79.7,25.6,0.0,0.0,0.0,R,0.0,64.4,78.8,0.0,0.0,0.0,0.0,260.6,1162.4,257.0,1178.6,269.6,1151.6,278.6,1171.4,0.0,0.0,78.08,1643.0,266.45000000000005,202.05000000000004,13.679999999999993,0.1837638888888889,2018.687,3.457142857142857,0.48,0.48,343.4,True,2026-08-14 08:27:13-07:00
328.06,2,10,2026-08-14 15:32:35,37.0851,-121.59878,280.0,15.4,155.1,-12.6,0.1,KCVH,14.6,141.7,0.0,11.5,-0.5,141.2,0.0,187.0,0.9,-0.03,1.0,99.0,-11.0,18.0,0.0,30.06,541.0,0.0,0.0,308.0,0.0,0.0,0.0,128.0,0.0,0.0,5.0,2.0,0.0,0.0,0.0,0.0,6.0,0.0,0.0,-68.0,0.0,0.0,0.0,0.0,1.0,0.0,0.0,1200.0,87.0,26.0,2282.0,2282.0,21.3,4.7,0.0,4.7,30.7,0.0,0.0,10.4,0.0,0.0,8.3,37.4,32.4,0.0,0.0,0.0,0.0,128.0,634.0,126.0,642.0,132.0,633.0,137.0,642.0,0.0,0.0,-22.0,0.0,0.0,30.7,5.0,4.998,0.0,0.0,1.729,1.414,86.6,25.7,0.0,0.0,19.0,L,0.0,64.4,78.8,0.0,0.0,0.0,0.0,262.4,1173.2,258.8,1187.6,269.6,1171.4,278.6,1187.6,0.0,0.0,78.25999999999999,2282.0,267.35,202.95000000000002,13.859999999999985,0.18490277777777778,2041.8786666666665,3.276595744680851,0.48,0.48,343.4,True,2026-08-14 08:27:13-07:00
329.06,2,10,2026-08-14 15:32:36,37.08503,-121.59873,280.0,21.8,154.6,-12.6,0.1,KCVH,14.6,141.7,0.0,13.3,-0.1,141.1,25.3,187.0,0.5,-0.01,1.2,84.0,-61.0,18.0,25.5,30.06,541.0,0.0,0.0,308.0,0.0,0.0,0.0,128.0,0.0,0.0,5.0,2.0,0.0,0.0,0.0,0.0,2.0,0.0,0.0,-76.0,0.0,0.0,0.0,0.0,1.0,0.0,0.0,1200.0,88.0,26.0,2773.0,2773.0,27.3,7.0,0.0,7.0,28.3,0.0,0.0,10.4,0.0,0.0,8.1,37.4,32.4,0.0,0.0,0.0,0.0,128.0,654.0,126.0,656.0,133.0,649.0,137.0,657.0,0.0,0.0,-22.0,0.0,0.0,28.3,5.0,4.998,0.0,0.0,1.555,1.046,88.0,25.9,0.0,0.0,36.0,L,0.0,64.4,78.8,0.0,0.0,0.0,0.0,262.4,1209.2,258.8,1212.8,271.4,1200.2,278.6,1214.6,0.0,0.0,78.62,2773.0,267.79999999999995,203.39999999999995,14.219999999999999,0.1865277777777778,2073.250666666667,3.1142857142857143,25.78,26.0,343.4,True,2026-08-14 08:27:13-07:00
330.06,2,10,2026-08-14 15:32:37,37.08492,-121.59867,280.0,29.8,156.1,-12.6,0.1,KCVH,14.6,141.7,0.0,14.1,-0.6,139.5,32.8,187.0,-0.1,0.01,0.8,68.0,-107.0,18.0,33.1,30.06,541.0,0.0,0.0,308.0,0.0,0.0,0.0,128.0,0.0,0.0,5.0,2.0,-99.0,0.0,0.0,0.0,1.0,0.0,0.0,-89.0,0.0,0.0,0.0,0.0,3.0,0.0,0.0,1200.0,88.0,26.0,2689.0,2689.0,29.3,9.2,0.0,9.2,28.1,0.0,0.0,10.4,0.0,0.0,7.8,37.4,32.4,0.0,0.0,0.0,0.0,129.0,679.0,127.0,677.0,134.0,670.0,138.0,678.0,0.0,0.0,-22.0,0.0,0.0,28.1,5.0,4.998,0.0,0.0,1.526,1.094,87.7,25.9,0.0,0.0,55.0,L,0.0,64.4,78.8,0.0,0.0,0.0,0.0,264.2,1254.2,260.6,1250.6,273.2,1238.0,280.4,1252.4,0.0,0.0,78.62,2689.0,269.59999999999997,205.19999999999996,14.219999999999999,0.18877777777777777,2116.7666666666664,3.239130434782609,33.279999999999994,33.57,343.4,True,2026-08-14 08:27:13-07:00
331.06,2,10,2026-08-14 15:32:38,37.08477,-121.59859,280.0,37.0,155.1,-12.6,0.1,KCVH,14.6,141.7,0.0,8.7,-0.6,139.4,40.1,186.0,0.3,-0.05,0.9,33.0,-63.0,18.0,40.5,30.06,541.0,0.0,0.0,308.0,0.0,0.0,0.0,128.0,0.0,0.0,5.0,2.0,-99.0,0.0,0.0,0.0,2.0,0.0,0.0,-117.0,0.0,0.0,0.0,0.0,3.0,1.0,0.0,1200.0,87.0,26.0,2700.0,2700.0,29.6,10.9,0.0,10.9,28.1,0.0,0.0,10.4,0.0,0.0,7.8,37.4,32.4,0.0,0.0,0.0,0.0,130.0,695.0,128.0,690.0,134.0,684.0,139.0,691.0,0.0,0.0,-22.0,0.0,0.0,28.1,5.0,4.998,0.0,0.0,1.526,1.486,87.4,26.0,0.0,0.0,73.0,L,0.0,64.4,78.8,0.0,0.0,0.0,0.0,266.0,1283.0,262.4,1274.0,273.2,1263.2,282.2,1275.8,0.0,0.0,78.8,2700.0,270.95,206.54999999999998,14.399999999999991,0.19156944444444446,2173.101333333333,3.3944954128440368,40.58,40.93,343.4,True,2026-08-14 08:27:13-07:00
332.06,2,10,2026-08-14 15:32:39,37.0846,-121.5985,280.0,43.9,154.9,-12.6,0.1,KCVH,14.6,141.7,0.0,9.3,-0.2,138.8,46.3,185.0,-0.3,0.01,1.0,28.0,-92.0,18.0,46.7,30.06,538.0,0.0,0.0,308.0,0.0,0.0,0.0,128.0,0.0,0.0,5.0,2.0,-99.0,0.0,0.0,0.0,4.0,0.0,0.0,-111.0,0.0,0.0,0.0,0.0,3.0,1.0,0.0,1200.0,87.0,26.0,2700.0,2700.0,29.6,12.2,0.0,12.2,28.1,0.0,0.0,10.3,0.0,0.0,7.9,37.4,32.4,0.0,0.0,0.0,0.0,131.0,709.0,129.0,702.0,135.0,696.0,140.0,702.0,0.0,0.0,-22.0,0.0,0.0,28.1,5.0,4.998,0.0,0.0,1.653,1.501,87.3,26.1,0.0,0.0,87.0,P,0.0,64.4,78.8,0.0,0.0,0.0,0.0,267.8,1308.2,264.2,1295.6,275.0,1284.8,284.0,1295.6,0.0,0.0,78.98,2700.0,272.75,208.35,14.579999999999998,0.19477777777777777,2241.3269999999998,3.598360655737705,46.779999999999994,47.18,343.4,True,2026-08-14 08:27:13-07:00
333.06,2,10,2026-08-14 15:32:40,37.0844,-121.59838,282.0,50.7,155.4,-12.6,0.09,KCVH,14.6,141.6,0.0,8.2,-0.3,139.0,52.5,184.0,0.2,-0.02,1.0,20.0,-103.0,18.0,53.0,30.06,538.0,0.0,0.0,308.0,0.0,0.0,0.0,128.0,0.0,0.0,5.0,2.0,-99.0,0.0,0.0,0.0,6.0,0.0,0.0,-104.0,0.0,0.0,0.0,0.0,3.0,1.0,0.0,1200.0,87.0,26.0,2703.0,2703.0,29.7,13.3,0.0,13.3,28.1,0.0,0.0,10.3,0.0,0.0,8.0,37.4,32.4,0.0,0.0,0.0,0.0,132.0,719.0,130.0,711.0,136.0,706.0,141.0,712.0,0.0,0.0,-22.0,0.0,0.0,28.1,5.0,4.998,0.0,0.0,1.665,1.6,87.1,26.3,0.0,0.0,97.0,R,0.0,64.4,78.8,0.0,0.0,0.0,0.0,269.6,1326.2,266.0,1311.8,276.8,1302.8,285.8,1313.6,0.0,0.0,79.34,2703.0,274.55,210.15,14.939999999999998,0.19831944444444444,2321.106333333333,3.81203007518797,52.98,53.43,343.4,True,2026-08-14 08:27:13-07:00
334.06,2,10,2026-08-14 15:32:41,37.08418,-121.59825,281.0,57.0,155.4,-12.6,0.09,KCVH,14.6,141.6,0.0,7.3,-0.7,138.5,58.5,183.0,-0.1,-0.01,0.9,14.0,-88.0,18.0,59.0,30.06,538.0,0.0,0.0,308.0,0.0,0.0,0.0,128.0,0.0,0.0,5.0,2.0,-99.0,0.0,0.0,0.0,6.0,0.0,0.0,-102.0,0.0,0.0,0.0,0.0,3.0,1.0,0.0,1200.0,87.0,27.0,2716.0,2716.0,29.7,14.1,0.0,14.1,28.1,0.0,0.0,10.3,0.0,0.0,7.9,37.4,32.4,0.0,0.0,0.0,0.0,133.0,728.0,131.0,720.0,137.0,713.0,143.0,719.0,0.0,0.0,-22.0,0.0,0.0,28.1,5.0,4.998,0.0,0.0,1.664,1.638,87.1,26.5,0.0,0.0,101.0,R,0.0,64.4,80.6,0.0,0.0,0.0,0.0,271.4,1342.4,267.8,1328.0,278.6,1315.4,289.4,1326.2,0.0,0.0,79.7,2716.0,276.79999999999995,212.39999999999995,15.299999999999997,0.202125,2411.9333333333334,4.042553191489362,58.98,59.48,343.4,True,2026-08-14 08:27:13-07:00
335.06,2,10,2026-08-14 15:32:42,37.08393,-121.59811,281.0,63.1,155.1,-12.6,0.09,KCVH,14.6,141.6,0.0,8.3,-0.7,138.6,63.5,181.0,0.0,-0.0,0.9,19.0,-95.0,18.0,64.1,30.06,533.0,0.0,0.0,308.0,0.0,0.0,0.0,128.0,0.0,0.0,5.0,2.0,-99.0,0.0,0.0,0.0,6.0,0.0,0.0,-91.0,0.0,0.0,0.0,0.0,3.0,1.0,0.0,1200.0,88.0,27.0,2707.0,2707.0,29.7,14.6,0.0,14.6,28.2,0.0,0.0,10.3,0.0,0.0,7.7,37.4,32.4,0.0,0.0,0.0,0.0,134.0,735.0,132.0,726.0,138.0,720.0,143.0,726.0,0.0,0.0,-22.0,0.0,0.0,28.2,5.0,4.998,0.0,0.0,1.631,1.687,87.5,26.6,0.0,0.0,103.0,R,0.0,64.4,80.6,0.0,0.0,0.0,0.0,273.2,1355.0,269.6,1338.8,280.4,1328.0,289.4,1338.8,0.0,0.0,79.88,2707.0,278.15,213.74999999999997,15.47999999999999,0.2061111111111111,2513.2176666666664,4.321917808219179,63.98,64.52,343.4,True,2026-08-14 08:27:13-07:00
336.06,2,10,2026-08-14 15:32:43,37.08364,-121.59794,282.0,68.9,155.4,-12.6,0.08,KCVH,14.5,141.6,0.0,8.9,-1.1,139.4,69.5,178.0,0.6,-0.03,1.2,21.0,-125.0,18.0,70.1,30.06,533.0,0.0,0.0,308.0,0.0,0.0,0.0,128.0,0.0,0.0,5.0,2.0,-99.0,0.0,0.0,0.0,3.0,0.0,0.0,-84.0,0.0,0.0,0.0,0.0,3.0,0.0,0.0,1200.0,88.0,27.0,2712.0,2712.0,29.8,15.1,0.0,15.1,28.2,0.0,0.0,10.3,0.0,0.0,7.7,37.4,32.4,0.0,0.0,0.0,0.0,135.0,742.0,133.0,732.0,139.0,726.0,145.0,731.0,0.0,0.0,-22.0,0.0,0.0,28.2,5.0,4.998,0.0,0.0,1.67,1.736,87.8,26.7,0.0,0.0,103.0,R,0.0,64.4,80.6,0.0,0.0,0.0,0.0,275.0,1367.6,271.4,1349.6,282.2,1338.8,293.0,1347.8,0.0,0.0,80.06,2712.0,280.4,215.99999999999997,15.659999999999997,0.21023611111111112,2624.5376666666666,4.562913907284769,69.98,70.57,343.4,True,2026-08-14 08:27:13-07:00
337.06,2,10,2026-08-14 15:32:44,37.08335,-121.59777,284.0,73.9,155.4,-12.6,0.08,KCVH,14.5,141.6,0.0,8.1,0.1,139.1,74.6,177.0,0.1,-0.02,0.9,8.0,-56.0,18.0,75.3,30.06,533.0,0.0,0.0,308.0,0.0,0.0,0.0,128.0,0.0,0.0,5.0,2.0,-99.0,0.0,0.0,0.0,2.0,0.0,0.0,-88.0,0.0,0.0,0.0,0.0,3.0,1.0,0.0,1200.0,88.0,27.0,2707.0,2707.0,30.0,15.5,0.0,15.5,28.2,0.0,0.0,10.3,0.0,0.0,7.8,37.4,32.4,0.0,0.0,0.0,0.0,136.0,746.0,134.0,738.0,139.0,732.0,145.0,736.0,0.0,0.0,-22.0,0.0,0.0,28.2,5.0,4.998,0.0,0.0,1.643,1.707,87.8,26.8,0.0,0.0,104.0,R,0.0,64.4,80.6,0.0,0.0,0.0,0.0,276.8,1374.8,273.2,1360.4,282.2,1349.6,293.0,1356.8,0.0,0.0,80.24000000000001,2707.0,281.3,216.9,15.840000000000003,0.2144861111111111,2744.9656666666665,4.767741935483872,75.08,75.71,343.4,True,2026-08-14 08:27:13-07:00
338.06,2,10,2026-08-14 15:32:45,37.08303,-121.59759,287.0,78.3,155.5,-12.6,0.07,KCVH,14.5,141.6,0.0,6.5,-1.5,139.0,80.2,177.0,-0.9,0.01,1.0,3.0,-5.0,18.0,80.9,30.06,528.0,0.0,0.0,308.0,0.0,0.0,0.0,128.0,0.0,0.0,5.0,1.0,-99.0,0.0,0.0,0.0,2.0,0.0,0.0,-90.0,0.0,0.0,0.0,0.0,3.0,1.0,0.0,1200.0,88.0,27.0,2714.0,2714.0,30.0,15.8,0.0,15.8,28.2,0.0,0.0,10.3,0.0,0.0,8.0,37.4,32.4,0.0,0.0,0.0,0.0,137.0,752.0,135.0,742.0,140.0,735.0,146.0,741.0,0.0,0.0,-22.0,0.0,0.0,28.2,5.0,4.998,0.0,0.0,1.676,1.752,88.1,27.0,0.0,0.0,105.0,R,0.0,64.4,80.6,0.0,0.0,0.0,0.0,278.6,1385.6,275.0,1367.6,284.0,1355.0,294.8,1365.8,0.0,0.0,80.6,2714.0,283.1,218.70000000000002,16.19999999999999,0.21883333333333332,2873.321,4.955696202531645,80.68,81.36,343.4,True,2026-08-14 08:27:13-07:00
339.06,2,10,2026-08-14 15:32:46,37.08269,-121.5974,289.0,82.5,155.9,-12.6,0.06,KCVH,14.5,141.5,0.0,6.4,0.0,137.8,83.3,177.0,-1.7,0.03,0.9,0.0,128.0,18.0,84.1,30.06,528.0,0.0,0.0,308.0,0.0,0.0,0.0,128.0,0.0,0.0,5.0,1.0,-99.0,0.0,0.0,0.0,1.0,0.0,0.0,-90.0,0.0,0.0,0.0,0.0,3.0,0.0,0.0,1200.0,88.0,27.0,2716.0,2716.0,30.0,16.0,0.0,16.0,28.2,0.0,0.0,10.3,0.0,0.0,7.9,37.4,32.4,0.0,0.0,0.0,0.0,138.0,756.0,136.0,745.0,141.0,739.0,147.0,744.0,0.0,0.0,-22.0,0.0,0.0,28.2,5.0,4.998,0.0,0.0,1.664,1.722,88.4,27.2,0.0,0.0,105.0,R,0.0,64.4,80.6,0.0,0.0,0.0,0.0,280.4,1392.8,276.8,1373.0,285.8,1362.2,296.6,1371.2,0.0,0.0,80.96,2716.0,284.9,220.49999999999997,16.559999999999988,0.22325,3008.9289999999996,5.15625,83.78,84.48,343.4,True,2026-08-14 08:27:13-07:00
340.06,2,10,2026-08-14 15:32:47,37.08233,-121.59719,292.0,86.4,155.3,-12.6,0.06,KCVH,14.5,141.5,0.0,6.6,-1.9,140.2,85.8,179.0,0.4,0.01,1.0,2.0,132.0,18.0,86.6,30.06,528.0,0.0,0.0,308.0,0.0,0.0,0.0,128.0,0.0,0.0,5.0,1.0,-99.0,0.0,0.0,0.0,-3.0,0.0,0.0,-90.0,0.0,0.0,0.0,0.0,3.0,1.0,0.0,1200.0,88.0,27.0,2712.0,2712.0,30.0,16.1,0.0,16.1,28.3,0.0,0.0,10.3,0.0,0.0,7.6,37.4,32.4,0.0,0.0,0.0,0.0,139.0,760.0,137.0,748.0,142.0,741.0,148.0,747.0,0.0,0.0,-22.0,0.0,0.0,28.3,5.0,4.998,0.0,0.0,1.664,1.821,88.4,27.3,0.0,0.0,105.0,R,0.0,64.4,80.6,0.0,0.0,0.0,0.0,282.2,1400.0,278.6,1378.4,287.6,1365.8,298.4,1376.6,0.0,0.0,81.14,2712.0,286.7,222.29999999999998,16.739999999999995,0.22770833333333335,3151.368,5.366459627329192,86.28,87.01,343.4,True,2026-08-14 08:27:13-07:00
341.06,2,10,2026-08-14 15:32:48,37.08195,-121.59698,298.0,90.2,155.8,-12.6,0.05,KCVH,14.4,141.5,0.0,7.1,-0.8,141.0,92.0,182.0,0.5,-0.0,1.2,0.0,171.0,18.0,92.9,30.06,534.0,0.0,0.0,308.0,0.0,0.0,0.0,128.0,0.0,0.0,5.0,1.0,-99.0,0.0,0.0,0.0,1.0,0.0,0.0,-91.0,0.0,0.0,0.0,0.0,3.0,1.0,0.0,1200.0,88.0,27.0,2708.0,2708.0,30.0,16.2,0.0,16.2,28.3,0.0,0.0,10.3,0.0,0.0,7.7,37.4,32.4,0.0,0.0,0.0,0.0,140.0,763.0,138.0,751.0,143.0,742.0,149.0,748.0,0.0,0.0,-22.0,0.0,0.0,28.3,5.0,4.998,0.0,0.0,1.73,1.755,88.4,27.4,0.0,0.0,105.0,R,0.0,64.4,80.6,0.0,0.0,0.0,0.0,284.0,1405.4,280.4,1383.8,289.4,1367.6,300.2,1378.4,0.0,0.0,81.32,2708.0,288.5,224.1,16.919999999999987,0.23219444444444445,3300.3006666666665,5.567901234567902,92.48,93.27,343.4,True,2026-08-14 08:27:13-07:00
342.06,2,10,2026-08-14 15:32:49,37.08157,-121.59676,305.0,93.2,155.9,-12.6,0.05,KCVH,14.4,141.5,0.0,7.2,-1.7,142.0,94.9,188.0,0.7,-0.0,1.0,0.0,230.0,18.0,95.8,30.06,534.0,0.0,0.0,308.0,0.0,0.0,0.0,128.0,0.0,0.0,5.0,1.0,-99.0,0.0,0.0,0.0,1.0,0.0,0.0,-92.0,0.0,0.0,0.0,0.0,3.0,0.0,0.0,1200.0,89.0,28.0,2715.0,2715.0,30.1,16.3,0.0,16.3,28.3,0.0,0.0,10.3,0.0,0.0,7.8,37.4,32.4,0.0,0.0,0.0,0.0,141.0,765.0,138.0,753.0,144.0,744.0,150.0,750.0,0.0,0.0,-22.0,0.0,0.0,28.3,5.0,4.998,0.0,0.0,1.814,1.765,88.6,27.5,0.0,0.0,105.0,R,0.0,64.4,82.4,0.0,0.0,0.0,0.0,285.8,1409.0,280.4,1387.4,291.2,1371.2,302.0,1382.0,0.0,0.0,81.5,2715.0,289.85,225.45000000000002,17.099999999999994,0.23670833333333333,3454.968,5.717791411042945,95.38000000000001,96.2,343.4,True,2026-08-14 08:27:13-07:00
343.06,2,10,2026-08-14 15:32:50,37.08117,-121.59654,316.0,95.8,155.6,-12.6,0.04,KCVH,14.4,141.4,0.0,7.2,-2.6,143.2,98.2,197.0,0.9,-0.03,1.0,0.0,360.0,18.0,99.1,30.06,543.0,0.0,0.0,308.0,0.0,0.0,0.0,128.0,0.0,0.0,5.0,1.0,-99.0,0.0,0.0,0.0,2.0,0.0,0.0,-92.0,0.0,0.0,0.0,0.0,3.0,1.0,0.0,1200.0,89.0,28.0,2705.0,2705.0,30.1,16.4,0.0,16.4,28.3,0.0,0.0,10.3,0.0,0.0,8.0,37.4,32.4,0.0,0.0,0.0,0.0,142.0,768.0,139.0,755.0,144.0,746.0,151.0,753.0,0.0,0.0,-22.0,0.0,0.0,28.3,5.0,4.998,0.0,0.0,1.765,1.785,88.8,27.7,0.0,0.0,105.0,R,0.0,64.4,82.4,0.0,0.0,0.0,0.0,287.6,1414.4,282.2,1391.0,291.2,1374.8,303.8,1387.4,0.0,0.0,81.86,2705.0,291.20000000000005,226.80000000000004,17.459999999999994,0.24125,3614.3579999999997,5.841463414634147,98.68,99.55,343.4,True,2026-08-14 08:27:13-07:00
344.06,2,10,2026-08-14 15:32:51,37.08076,-121.59631,329.0,98.0,156.2,-12.6,0.03,KCVH,14.4,141.4,0.0,8.7,3.8,142.6,99.0,208.0,-0.1,0.01,1.1,0.0,468.0,18.0,99.9,30.06,557.0,0.0,0.0,308.0,0.0,0.0,0.0,128.0,0.0,0.0,5.0,1.0,-99.0,0.0,0.0,0.0,-3.0,0.0,0.0,-92.0,0.0,0.0,0.0,0.0,3.0,1.0,0.0,1200.0,89.0,28.0,2705.0,2705.0,30.1,16.5,0.0,16.5,28.4,0.0,0.0,10.3,0.0,0.0,8.0,37.4,32.4,0.0,0.0,0.0,0.0,143.0,770.0,140.0,757.0,145.0,747.0,151.0,755.0,0.0,0.0,-22.0,0.0,0.0,28.4,5.0,4.998,0.0,0.0,1.761,1.796,89.0,27.9,0.0,0.0,105.0,R,0.0,64.4,82.4,0.0,0.0,0.0,0.0,289.4,1418.0,284.0,1394.6,293.0,1376.6,303.8,1391.0,0.0,0.0,82.22,2705.0,292.54999999999995,228.14999999999995,17.819999999999993,0.24581944444444445,3777.796,5.9393939393939394,99.48,100.37,343.4,True,2026-08-14 08:27:13-07:00
345.06,2,10,2026-08-14 15:32:52,37.08034,-121.59608,345.0,99.4,156.9,-12.6,0.03,KCVH,14.3,141.4,0.0,10.4,0.8,144.4,100.9,221.0,0.9,-0.0,1.0,0.0,592.0,18.0,101.9,30.06,573.0,0.0,0.0,308.0,0.0,0.0,0.0,128.0,0.0,0.0,5.0,1.0,-99.0,0.0,0.0,0.0,-2.0,0.0,0.0,-92.0,0.0,0.0,0.0,0.0,3.0,1.0,0.0,1200.0,89.0,28.0,2704.0,2704.0,30.1,16.5,0.0,16.5,28.3,0.0,0.0,10.3,0.0,0.0,7.8,37.4,32.4,0.0,0.0,0.0,0.0,144.0,770.0,141.0,758.0,146.0,750.0,152.0,756.0,0.0,0.0,-22.0,0.0,0.0,28.3,5.0,4.998,0.0,0.0,1.903,1.799,88.8,28.0,0.0,0.0,105.0,R,0.0,64.4,82.4,0.0,0.0,0.0,0.0,291.2,1418.0,285.8,1396.4,294.8,1382.0,305.6,1392.8,0.0,0.0,82.4,2704.0,294.35,229.95000000000002,18.0,0.25040277777777775,3944.2699999999995,6.024242424242424,101.38000000000001,102.31,343.4,True,2026-08-14 08:27:13-07:00
346.06,2,10,2026-08-14 15:32:53,37.07991,-121.59586,366.0,100.6,157.5,-12.6,0.02,KCVH,14.3,141.4,0.0,9.3,-4.5,144.3,102.1,237.0,0.5,-0.04,0.8,0.0,740.0,18.0,103.2,30.06,592.0,0.0,0.0,308.0,0.0,0.0,0.0,128.0,0.0,0.0,5.0,0.0,-99.0,0.0,0.0,0.0,0.0,0.0,0.0,-95.0,0.0,0.0,0.0,0.0,3.0,1.0,0.0,1200.0,89.0,28.0,2708.0,2708.0,30.1,16.5,0.0,16.5,28.6,0.0,0.0,10.3,0.0,0.0,7.7,37.4,32.5,0.0,0.0,0.0,0.0,145.0,770.0,142.0,760.0,147.0,750.0,153.0,756.0,0.0,0.0,-22.0,0.0,0.0,28.6,5.0,4.998,0.0,0.0,1.851,1.757,89.2,28.0,0.0,0.0,105.0,R,0.0,64.4,82.4,0.0,0.0,0.0,0.0,293.0,1418.0,287.6,1400.0,296.6,1382.0,307.4,1392.8,0.0,0.0,82.4,2708.0,296.15,231.74999999999997,18.0,0.25498611111111114,4112.9366666666665,6.096969696969697,102.58,103.56,343.4,True,2026-08-14 08:27:13-07:00
347.06,2,10,2026-08-14 15:32:54,37.07948,-121.59563,385.0,102.2,157.4,-12.6,0.01,KCVH,14.3,141.3,0.0,8.4,-3.7,143.2,103.6,255.0,-0.5,-0.01,1.0,0.0,860.0,18.0,104.7,30.06,614.0,0.0,0.0,308.0,0.0,0.0,0.0,128.0,0.0,0.0,5.0,0.0,-99.0,0.0,0.0,0.0,1.0,0.0,0.0,-94.0,0.0,0.0,0.0,0.0,3.0,1.0,0.0,1200.0,89.0,28.0,2707.0,2707.0,30.1,16.5,0.0,16.5,28.6,0.0,0.0,10.3,0.0,0.0,7.8,37.4,32.5,0.0,0.0,0.0,0.0,145.0,771.0,142.0,762.0,147.0,752.0,154.0,757.0,0.0,0.0,-22.0,0.0,0.0,28.6,5.0,4.998,0.0,0.0,1.798,1.757,89.4,28.2,0.0,0.0,105.0,R,0.0,64.4,82.4,0.0,0.0,0.0,0.0,293.0,1419.8,287.6,1403.6,296.6,1385.6,309.2,1394.6,0.0,0.0,82.75999999999999,2707.0,296.6,232.20000000000002,18.359999999999985,0.25956944444444446,4283.964666666667,6.193939393939394,104.08,105.1,343.4,True,2026-08-14 08:27:13-07:00
348.06,2,10,2026-08-14 15:32:55,37.07904,-121.59541,403.0,103.8,157.0,-12.6,0.0,KCVH,14.2,141.3,0.0,7.1,-0.9,144.6,106.9,272.0,0.4,-0.03,0.8,0.0,940.0,18.0,108.0,30.06,641.0,0.0,0.0,308.0,0.0,0.0,0.0,128.0,0.0,0.0,5.0,0.0,-99.0,0.0,0.0,0.0,1.0,0.0,0.0,-95.0,0.0,0.0,0.0,0.0,3.0,0.0,0.0,1200.0,90.0,28.0,2716.0,2716.0,30.1,16.5,0.0,16.5,28.5,0.0,0.0,10.3,0.0,0.0,8.0,37.4,32.5,0.0,0.0,0.0,0.0,146.0,770.0,143.0,763.0,148.0,754.0,154.0,757.0,0.0,0.0,-22.0,0.0,0.0,28.5,5.0,4.998,0.0,0.0,1.832,1.781,89.6,28.3,0.0,0.0,105.0,R,0.0,64.4,82.4,0.0,0.0,0.0,0.0,294.8,1418.0,289.4,1405.4,298.4,1389.2,309.2,1394.6,0.0,0.0,82.94,2716.0,297.95,233.54999999999998,18.539999999999992,0.2641527777777778,4457.691333333333,6.290909090909091,107.38000000000001,108.47,343.4,True,2026-08-14 08:27:13-07:00
349.06,2,10,2026-08-14 15:32:56,37.07859,-121.59517,418.0,105.7,157.5,-12.6,-0.01,KCVH,14.2,141.3,0.0,8.0,-1.1,144.7,107.4,289.0,0.3,-0.04,1.3,0.0,942.0,18.0,108.6,30.06,656.0,0.0,0.0,308.0,0.0,0.0,0.0,128.0,0.0,0.0,5.0,0.0,-99.0,0.0,0.0,0.0,0.0,0.0,0.0,-94.0,0.0,0.0,0.0,0.0,3.0,1.0,0.0,1200.0,90.0,28.0,2711.0,2711.0,30.1,16.5,0.0,16.5,28.6,0.0,0.0,10.3,0.0,0.0,8.0,37.4,32.5,0.0,0.0,0.0,0.0,147.0,772.0,144.0,764.0,149.0,754.0,155.0,757.0,0.0,0.0,-22.0,0.0,0.0,28.6,5.0,4.998,0.0,0.0,1.831,1.78,89.7,28.5,0.0,0.0,105.0,R,0.0,64.4,82.4,0.0,0.0,0.0,0.0,296.6,1421.6,291.2,1407.2,300.2,1389.2,311.0,1394.6,0.0,0.0,83.3,2711.0,299.75,235.35,18.89999999999999,0.2687361111111111,4634.3696666666665,6.406060606060606,107.88000000000001,109.01,343.4,True,2026-08-14 08:27:13-07:00
350.06,2,10,2026-08-14 15:32:57,37.07814,-121.59494,434.0,107.0,157.8,-12.6,-0.01,KCVH,14.2,141.2,0.0,7.6,-1.7,144.8,108.6,304.0,0.1,-0.02,0.9,0.0,933.0,18.0,109.9,30.06,675.0,0.0,0.0,308.0,0.0,0.0,0.0,128.0,0.0,0.0,5.0,0.0,-99.0,0.0,0.0,0.0,0.0,0.0,0.0,-94.0,0.0,0.0,0.0,0.0,3.0,0.0,0.0,1200.0,90.0,29.0,2711.0,2711.0,30.1,16.6,0.0,16.6,28.6,0.0,0.0,10.3,0.0,0.0,7.8,37.4,32.5,0.0,0.0,0.0,0.0,148.0,772.0,144.0,765.0,149.0,755.0,156.0,757.0,0.0,0.0,-22.0,0.0,0.0,28.6,5.0,4.998,0.0,0.0,1.821,1.758,89.7,28.6,0.0,0.0,105.0,R,0.0,64.4,84.2,0.0,0.0,0.0,0.0,298.4,1421.6,291.2,1409.0,300.2,1391.0,312.8,1394.6,0.0,0.0,83.48,2711.0,300.65,236.24999999999997,19.08,0.2733333333333333,4813.746666666666,6.44578313253012,109.08,110.25,343.4,True,2026-08-14 08:27:13-07:00
351.06,2,10,2026-08-14 15:32:58,37.07767,-121.5947,449.0,108.5,158.1,-12.6,-0.02,KCVH,14.2,141.2,0.0,7.4,-1.6,144.9,110.1,321.0,0.0,-0.01,0.8,0.0,953.0,18.0,111.4,30.06,695.0,0.0,0.0,308.0,0.0,0.0,0.0,128.0,0.0,0.0,5.0,0.0,-99.0,0.0,0.0,0.0,1.0,0.0,0.0,-94.0,0.0,0.0,0.0,0.0,3.0,0.0,0.0,1200.0,90.0,29.0,2707.0,2707.0,30.0,16.6,0.0,16.6,28.6,0.0,0.0,10.3,0.0,0.0,7.7,37.4,32.5,0.0,0.0,0.0,0.0,149.0,773.0,145.0,765.0,150.0,756.0,156.0,759.0,0.0,0.0,-22.0,0.0,0.0,28.6,5.0,4.998,0.0,0.0,1.92,1.77,89.8,28.6,0.0,0.0,105.0,R,0.0,64.4,84.2,0.0,0.0,0.0,0.0,300.2,1423.4,293.0,1409.0,302.0,1392.8,312.8,1398.2,0.0,0.0,83.48,2707.0,302.0,237.6,19.08,0.27794444444444444,4995.485,6.536144578313253,110.58,111.8,343.4,True,2026-08-14 08:27:13-07:00
352.06,2,10,2026-08-14 15:32:59,37.07721,-121.59447,464.0,110.0,158.2,-12.6,-0.03,KCVH,14.1,141.2,0.0,7.7,-1.1,144.9,110.9,337.0,0.2,-0.03,1.1,0.0,964.0,18.0,112.3,30.06,716.0,0.0,0.0,308.0,0.0,0.0,0.0,128.0,0.0,0.0,5.0,-1.0,-99.0,0.0,0.0,0.0,0.0,0.0,0.0,-94.0,0.0,0.0,0.0,0.0,3.0,1.0,0.0,1200.0,90.0,29.0,2682.0,2682.0,30.1,16.5,0.0,16.5,28.6,0.0,0.0,10.3,0.0,0.0,7.8,37.4,32.5,0.0,0.0,0.0,0.0,149.0,774.0,146.0,765.0,151.0,755.0,157.0,759.0,0.0,0.0,-22.0,0.0,0.0,28.6,5.0,4.998,0.0,0.0,1.967,1.737,89.8,28.7,0.0,0.0,105.0,R,0.0,64.4,84.2,0.0,0.0,0.0,0.0,300.2,1425.2,294.8,1409.0,303.8,1391.0,314.6,1398.2,0.0,0.0,83.66,2682.0,303.35,238.95000000000002,19.25999999999999,0.2825416666666667,5179.753333333333,6.666666666666667,111.38000000000001,112.64,343.4,True,2026-08-14 08:27:13-07:00
353.06,2,10,2026-08-14 15:33:00,37.07673,-121.59423,481.0,111.0,158.3,-12.6,-0.04,KCVH,14.1,141.1,0.0,7.4,-1.0,145.3,113.0,353.0,0.1,-0.03,1.1,0.0,953.0,18.0,114.4,30.06,735.0,0.0,0.0,308.0,0.0,0.0,0.0,128.0,0.0,0.0,5.0,-1.0,-99.0,0.0,0.0,0.0,0.0,0.0,0.0,-95.0,0.0,0.0,0.0,0.0,3.0,1.0,0.0,1200.0,90.0,29.0,2603.0,2603.0,30.0,16.5,0.0,16.5,28.7,0.0,0.0,10.2,0.0,0.0,8.0,37.4,32.5,0.0,0.0,0.0,0.0,150.0,772.0,146.0,764.0,151.0,754.0,158.0,757.0,0.0,0.0,-22.0,0.0,0.0,28.7,5.0,4.998,0.0,0.0,1.925,1.763,89.7,28.8,0.0,0.0,104.0,R,0.0,64.4,84.2,0.0,0.0,0.0,0.0,302.0,1421.6,294.8,1407.2,303.8,1389.2,316.4,1394.6,0.0,0.0,83.84,2603.0,304.25,239.85,19.439999999999998,0.287125,5366.13,6.7272727272727275,113.48,114.8,343.4,True,2026-08-14 08:27:13-07:00
354.06,2,10,2026-08-14 15:33:01,37.07625,-121.59399,499.0,112.2,158.6,-12.6,-0.05,KCVH,14.1,141.1,0.0,6.2,-0.8,145.6,114.5,368.0,0.1,-0.01,0.9,0.0,937.0,18.0,115.9,30.06,754.0,0.0,0.0,308.0,0.0,0.0,0.0,128.0,0.0,0.0,5.0,-1.0,-99.0,0.0,0.0,0.0,0.0,0.0,0.0,-95.0,0.0,0.0,0.0,0.0,3.0,1.0,0.0,1200.0,90.0,29.0,2549.0,2549.0,30.0,16.4,0.0,16.4,28.9,0.0,0.0,10.2,0.0,0.0,8.1,37.4,32.5,0.0,0.0,0.0,0.0,151.0,769.0,147.0,761.0,152.0,752.0,159.0,754.0,0.0,0.0,-22.0,0.0,0.0,28.9,5.0,4.998,0.0,0.0,1.829,1.654,90.0,29.0,0.0,0.0,102.0,R,0.0,64.4,84.2,0.0,0.0,0.0,0.0,303.8,1416.2,296.6,1401.8,305.6,1385.6,318.2,1389.2,0.0,0.0,84.2,2549.0,306.05,241.65,19.799999999999997,0.2916944444444444,5554.362,6.8414634146341475,114.98,116.35,343.4,True,2026-08-14 08:27:13-07:00
355.06,2,10,2026-08-14 15:33:02,37.07576,-121.59375,514.0,113.5,158.7,-12.6,-0.06,KCVH,14.0,141.0,0.0,6.2,-2.0,145.1,115.5,384.0,-0.2,0.0,1.0,0.0,947.0,18.0,116.9,30.06,773.0,0.0,0.0,308.0,0.0,0.0,0.0,128.0,0.0,0.0,5.0,-1.0,-99.0,0.0,0.0,0.0,0.0,0.0,0.0,-95.0,0.0,0.0,0.0,0.0,3.0,1.0,0.0,1200.0,90.0,29.0,2505.0,2505.0,30.0,16.3,0.0,16.3,29.0,0.0,0.0,10.2,0.0,0.0,7.8,37.4,32.5,0.0,0.0,0.0,0.0,151.0,764.0,147.0,757.0,153.0,748.0,159.0,750.0,0.0,0.0,-22.0,0.0,0.0,29.0,5.0,4.998,0.0,0.0,1.934,1.669,90.0,29.1,0.0,0.0,101.0,R,0.0,64.4,84.2,0.0,0.0,0.0,0.0,303.8,1407.2,296.6,1394.6,307.4,1378.4,318.2,1382.0,0.0,0.0,84.38000000000001,2505.0,306.5,242.1,19.980000000000004,0.2962361111111111,5744.702333333333,6.963190184049079,115.98,117.39,343.4,True,2026-08-14 08:27:13-07:00
356.06,2,10,2026-08-14 15:33:03,37.07527,-121.59351,528.0,114.4,158.4,-12.6,-0.07,KCVH,14.0,141.0,0.0,6.2,-2.8,145.1,116.1,399.0,-0.3,0.0,1.1,0.0,905.0,18.0,117.6,30.06,792.0,0.0,0.0,308.0,0.0,0.0,0.0,128.0,0.0,0.0,5.0,-1.0,-99.0,0.0,0.0,0.0,1.0,0.0,0.0,-95.0,0.0,0.0,0.0,0.0,3.0,1.0,0.0,1200.0,90.0,29.0,2508.0,2508.0,30.0,16.2,0.0,16.2,29.0,0.0,0.0,10.2,0.0,0.0,7.8,37.4,32.5,0.0,0.0,0.0,0.0,152.0,761.0,148.0,752.0,153.0,745.0,160.0,746.0,0.0,0.0,-22.0,0.0,0.0,29.0,5.0,4.998,0.0,0.0,1.947,1.726,90.1,29.1,0.0,0.0,100.0,R,0.0,64.4,84.2,0.0,0.0,0.0,0.0,305.6,1401.8,298.4,1385.6,307.4,1373.0,320.0,1374.8,0.0,0.0,84.38000000000001,2508.0,307.85,243.45000000000002,19.980000000000004,0.30075,5936.898,7.061728395061729,116.58,118.03,343.4,True,2026-08-14 08:27:13-07:00
357.06,2,10,2026-08-14 15:33:04,37.07478,-121.59327,545.0,115.2,158.1,-12.6,-0.08,KCVH,14.0,141.0,0.0,6.3,0.1,145.4,116.3,413.0,0.0,0.02,1.1,0.0,908.0,18.0,117.8,30.06,810.0,0.0,0.0,308.0,0.0,0.0,0.0,128.0,0.0,0.0,5.0,-2.0,-99.0,0.0,0.0,0.0,2.0,0.0,0.0,-95.0,0.0,0.0,0.0,0.0,3.0,1.0,0.0,1200.0,90.0,29.0,2503.0,2503.0,30.0,16.2,0.0,16.2,29.0,0.0,0.0,10.2,0.0,0.0,7.8,37.4,32.5,0.0,0.0,0.0,0.0,152.0,758.0,149.0,750.0,154.0,742.0,160.0,742.0,0.0,0.0,-22.0,0.0,0.0,29.0,5.0,4.998,0.0,0.0,1.89,1.765,90.3,29.2,0.0,0.0,100.0,R,0.0,64.4,84.2,0.0,0.0,0.0,0.0,305.6,1396.4,300.2,1382.0,309.2,1367.6,320.0,1367.6,0.0,0.0,84.56,2503.0,308.75,244.35,20.159999999999997,0.30525,6130.527333333333,7.111111111111112,116.78,118.27,343.4,True,2026-08-14 08:27:13-07:00
358.06,2,10,2026-08-14 15:33:05,37.07428,-121.59302,563.0,116.0,158.2,-12.6,-0.09,KCVH,14.0,140.9,0.0,7.3,-1.5,144.1,115.7,430.0,-0.3,-0.01,1.1,0.0,918.0,18.0,117.3,30.06,830.0,0.0,0.0,308.0,0.0,0.0,0.0,128.0,0.0,0.0,5.0,-2.0,-99.0,0.0,0.0,0.0,1.0,0.0,0.0,-95.0,0.0,0.0,0.0,0.0,3.0,0.0,0.0,1200.0,90.0,29.0,2501.0,2501.0,30.0,16.1,0.0,16.1,29.0,0.0,0.0,10.2,0.0,0.0,8.0,37.4,32.5,0.0,0.0,0.0,0.0,153.0,755.0,149.0,747.0,154.0,738.0,161.0,739.0,0.0,0.0,-23.0,0.0,0.0,29.0,5.0,4.998,0.0,0.0,1.891,1.837,90.3,29.2,0.0,0.0,99.0,R,0.0,64.4,84.2,0.0,0.0,0.0,0.0,307.4,1391.0,300.2,1376.6,309.2,1360.4,321.8,1362.2,0.0,0.0,84.56,2501.0,309.65,245.24999999999997,20.159999999999997,0.3097361111111111,6325.505999999999,7.204968944099378,116.18,117.7,343.4,True,2026-08-14 08:27:13-07:00
359.06,2,10,2026-08-14 15:33:06,37.07378,-121.59277,580.0,116.8,158.0,-12.6,-0.1,KCVH,13.9,140.9,0.0,6.7,-2.1,144.1,117.3,445.0,-0.6,0.02,0.9,0.0,927.0,18.0,118.9,30.06,849.0,0.0,0.0,308.0,0.0,0.0,0.0,128.0,0.0,0.0,5.0,-2.0,-99.0,0.0,0.0,0.0,1.0,0.0,0.0,-96.0,0.0,0.0,0.0,0.0,3.0,1.0,0.0,1200.0,90.0,29.0,2507.0,2507.0,30.0,16.1,0.0,16.1,29.0,0.0,0.0,10.2,0.0,0.0,8.1,37.4,32.5,0.0,0.0,0.0,0.0,154.0,751.0,150.0,745.0,155.0,736.0,161.0,736.0,0.0,0.0,-30.0,0.0,0.0,29.0,5.0,4.998,0.0,0.0,1.881,1.794,90.3,29.4,0.0,0.0,99.0,R,0.0,64.4,84.2,0.0,0.0,0.0,0.0,309.2,1383.8,302.0,1373.0,311.0,1356.8,321.8,1356.8,0.0,0.0,84.91999999999999,2507.0,311.0,246.6,20.519999999999982,0.3142083333333333,6521.834,7.254658385093167,117.78,119.35,343.4,True,2026-08-14 08:27:13-07:00
360.06,2,10,2026-08-14 15:33:07,37.07328,-121.59251,597.0,117.7,157.9,-12.6,-0.11,KCVH,13.9,140.8,0.0,5.5,-0.9,144.2,119.6,462.0,-0.0,-0.01,1.0,0.0,939.0,18.0,121.3,30.06,869.0,0.0,0.0,308.0,0.0,0.0,0.0,128.0,0.0,0.0,5.0,-2.0,-99.0,0.0,0.0,0.0,1.0,0.0,0.0,-96.0,0.0,0.0,0.0,0.0,3.0,1.0,0.0,1200.0,91.0,30.0,2505.0,2505.0,30.0,16.0,0.0,16.0,29.1,0.0,0.0,10.2,0.0,0.0,7.9,37.4,32.5,0.0,0.0,0.0,0.0,154.0,749.0,150.0,744.0,156.0,735.0,162.0,735.0,0.0,0.0,-30.0,0.0,0.0,29.1,5.0,4.998,0.0,0.0,1.827,1.836,90.6,29.5,0.0,0.0,99.0,R,0.0,64.4,86.0,0.0,0.0,0.0,0.0,309.2,1380.2,302.0,1371.2,312.8,1355.0,323.6,1355.0,0.0,0.0,85.1,2505.0,311.90000000000003,247.50000000000003,20.69999999999999,0.31866666666666665,6719.595666666666,7.35625,120.08,121.72,343.4,True,2026-08-14 08:27:13-07:00
361.06,2,10,2026-08-14 15:33:08,37.07277,-121.59225,610.0,118.9,157.7,-12.6,-0.12,KCVH,13.9,140.8,0.0,4.4,-2.1,144.2,119.8,476.0,-0.1,-0.03,0.9,0.0,911.0,18.0,121.5,30.06,887.0,0.0,0.0,308.0,0.0,0.0,0.0,128.0,0.0,0.0,5.0,-2.0,-99.0,0.0,0.0,0.0,1.0,0.0,0.0,-95.0,0.0,0.0,0.0,0.0,3.0,1.0,0.0,1200.0,91.0,29.0,2499.0,2499.0,30.0,16.0,0.0,16.0,29.1,0.0,0.0,10.2,0.0,0.0,7.8,37.4,32.5,0.0,0.0,0.0,0.0,155.0,748.0,151.0,743.0,156.0,735.0,162.0,734.0,0.0,0.0,-30.0,0.0,0.0,29.1,5.0,4.998,0.0,0.0,1.763,1.874,90.6,29.5,0.0,0.0,99.0,R,0.0,64.4,84.2,0.0,0.0,0.0,0.0,311.0,1378.4,303.8,1369.4,312.8,1355.0,323.6,1353.2,0.0,0.0,85.1,2499.0,312.8,248.4,20.69999999999999,0.3231111111111111,6919.128333333333,7.43125,120.28,121.95,343.4,True,2026-08-14 08:27:13-07:00
362.06,2,10,2026-08-14 15:33:09,37.07226,-121.592,621.0,119.9,157.8,-12.6,-0.12,KCVH,13.8,140.8,0.0,5.0,-1.4,144.1,121.2,488.0,-0.6,0.04,0.8,0.0,825.0,18.0,123.0,30.06,899.0,0.0,0.0,308.0,0.0,0.0,0.0,128.0,0.0,0.0,5.0,-2.0,-99.0,0.0,0.0,0.0,2.0,0.0,0.0,-95.0,0.0,0.0,0.0,0.0,3.0,1.0,0.0,1200.0,91.0,30.0,2508.0,2508.0,30.0,16.0,0.0,16.0,29.0,0.0,0.0,10.2,0.0,0.0,7.8,37.4,32.5,0.0,0.0,0.0,0.0,155.0,747.0,151.0,742.0,157.0,733.0,163.0,733.0,0.0,0.0,-30.0,0.0,0.0,29.0,5.0,4.998,0.0,0.0,1.84,2.023,90.6,29.6,0.0,0.0,99.0,R,0.0,64.4,86.0,0.0,0.0,0.0,0.0,311.0,1376.6,303.8,1367.6,314.6,1351.4,325.4,1351.4,0.0,0.0,85.28,2508.0,313.7,249.29999999999998,20.879999999999995,0.32755555555555554,7120.516333333333,7.49375,121.68,123.4,343.4,True,2026-08-14 08:27:13-07:00
363.06,2,10,2026-08-14 15:33:10,37.07174,-121.59173,633.0,120.9,157.6,-12.6,-0.13,KCVH,13.8,140.7,0.0,4.6,1.3,144.8,122.0,500.0,1.0,-0.02,0.8,0.0,797.0,18.0,123.8,30.06,916.0,0.0,0.0,308.0,0.0,0.0,0.0,128.0,0.0,0.0,5.0,-3.0,-99.0,0.0,0.0,0.0,0.0,0.0,0.0,-96.0,0.0,0.0,0.0,0.0,3.0,1.0,0.0,1200.0,91.0,30.0,2500.0,2500.0,30.0,16.0,0.0,16.0,29.1,0.0,0.0,10.2,0.0,0.0,8.0,37.4,32.5,0.0,0.0,0.0,0.0,156.0,746.0,151.0,741.0,157.0,732.0,163.0,732.0,0.0,0.0,-30.0,0.0,0.0,29.1,5.0,4.998,0.0,0.0,1.891,1.968,90.6,29.6,0.0,0.0,99.0,R,0.0,64.4,86.0,0.0,0.0,0.0,0.0,312.8,1374.8,303.8,1365.8,314.6,1349.6,325.4,1349.6,0.0,0.0,85.28,2500.0,314.15,249.74999999999997,20.879999999999995,0.332,7323.590999999999,7.55625,122.48,124.24,343.4,True,2026-08-14 08:27:13-07:00
364.06,2,10,2026-08-14 15:33:11,37.07122,-121.59146,644.0,122.0,157.7,-12.6,-0.14,KCVH,13.8,140.7,0.0,4.2,-0.7,143.4,123.8,512.0,-0.1,0.0,1.0,0.0,764.0,18.0,125.6,30.06,930.0,0.0,0.0,308.0,0.0,0.0,0.0,128.0,0.0,0.0,5.0,-3.0,-99.0,0.0,0.0,0.0,1.0,0.0,0.0,-96.0,0.0,0.0,0.0,0.0,3.0,1.0,0.0,1200.0,91.0,30.0,2505.0,2505.0,30.0,15.9,0.0,15.9,29.0,0.0,0.0,10.2,0.0,0.0,8.0,37.4,32.5,0.0,0.0,0.0,0.0,156.0,745.0,152.0,739.0,158.0,731.0,163.0,731.0,0.0,0.0,-30.0,0.0,0.0,29.0,5.0,4.998,0.0,0.0,1.864,2.041,90.6,29.8,0.0,0.0,99.0,R,0.0,64.4,86.0,0.0,0.0,0.0,0.0,312.8,1373.0,305.6,1362.2,316.4,1347.8,325.4,1347.8,0.0,0.0,85.64,2505.0,315.05,250.65,21.239999999999995,0.33643055555555557,7528.4366666666665,7.672955974842767,124.28,126.09,343.4,True,2026-08-14 08:27:13-07:00
365.06,2,10,2026-08-14 15:33:12,37.07069,-121.59119,657.0,123.1,157.4,-12.6,-0.15,KCVH,13.7,140.6,0.0,4.0,-1.5,143.9,124.1,523.0,0.4,-0.03,0.8,0.0,723.0,18.0,126.0,30.06,935.0,0.0,0.0,308.0,0.0,0.0,0.0,128.0,0.0,0.0,5.0,-3.0,-99.0,0.0,0.0,0.0,1.0,0.0,0.0,-96.0,0.0,0.0,0.0,0.0,3.0,1.0,0.0,1200.0,91.0,30.0,2500.0,2500.0,30.0,15.9,0.0,15.9,29.1,0.0,0.0,10.2,0.0,0.0,7.9,37.4,32.5,0.0,0.0,0.0,0.0,157.0,746.0,152.0,739.0,158.0,731.0,164.0,730.0,0.0,0.0,-30.0,0.0,0.0,29.1,5.0,4.998,0.0,0.0,1.827,2.0,90.6,29.9,0.0,0.0,99.0,R,0.0,64.4,86.0,0.0,0.0,0.0,0.0,314.6,1374.8,305.6,1362.2,316.4,1347.8,327.2,1346.0,0.0,0.0,85.82,2500.0,315.95,251.54999999999998,21.419999999999987,0.34084722222222225,7735.1376666666665,7.742138364779874,124.58,126.42,343.4,True,2026-08-14 08:27:13-07:00
366.06,2,10,2026-08-14 15:33:13,37.07017,-121.59092,664.0,124.3,157.6,-12.6,-0.16,KCVH,13.7,140.6,0.0,3.9,1.0,141.8,124.1,532.0,-0.9,0.03,0.9,0.0,638.0,18.0,125.9,30.06,946.0,0.0,0.0,308.0,0.0,0.0,0.0,128.0,0.0,0.0,5.0,-3.0,-99.0,0.0,0.0,0.0,1.0,0.0,0.0,-96.0,0.0,0.0,0.0,0.0,3.0,0.0,0.0,1200.0,91.0,30.0,2504.0,2504.0,30.0,15.9,0.0,15.9,29.0,0.0,0.0,10.2,0.0,0.0,7.7,37.4,32.5,0.0,0.0,0.0,0.0,157.0,745.0,153.0,738.0,159.0,730.0,164.0,729.0,0.0,0.0,-30.0,0.0,0.0,29.0,4.0,4.998,0.0,0.0,1.864,2.012,90.6,29.9,0.0,0.0,99.0,R,0.0,64.4,86.0,0.0,0.0,0.0,0.0,314.6,1373.0,307.4,1360.4,318.2,1346.0,327.2,1344.2,0.0,0.0,85.82,2504.0,316.85,252.45000000000002,21.419999999999987,0.34526388888888887,7943.778333333333,7.817610062893081,124.58,126.44,343.4,True,2026-08-14 08:27:13-07:00
367.06,2,10,2026-08-14 15:33:14,37.06964,-121.59064,672.0,125.5,157.5,-12.6,-0.17,KCVH,13.7,140.6,0.0,3.7,0.7,142.4,125.7,541.0,-0.1,0.01,1.0,0.0,611.0,18.0,127.7,30.06,957.0,0.0,0.0,308.0,0.0,0.0,0.0,128.0,0.0,0.0,5.0,-3.0,-99.0,0.0,0.0,0.0,0.0,0.0,0.0,-96.0,0.0,0.0,0.0,0.0,3.0,0.0,0.0,1200.0,90.0,30.0,2509.0,2509.0,30.0,15.9,0.0,15.9,29.0,0.0,0.0,10.2,0.0,0.0,7.8,37.4,32.5,0.0,0.0,0.0,0.0,158.0,745.0,153.0,738.0,159.0,729.0,165.0,728.0,0.0,0.0,-30.0,0.0,0.0,29.0,5.0,4.998,0.0,0.0,1.984,1.895,90.5,30.0,0.0,0.0,99.0,R,0.0,64.4,86.0,0.0,0.0,0.0,0.0,316.4,1373.0,307.4,1360.4,318.2,1344.2,329.0,1342.4,0.0,0.0,86.0,2509.0,317.75,253.35,21.599999999999994,0.34968055555555555,8154.442999999999,7.8930817610062896,126.18,128.08,343.4,True,2026-08-14 08:27:13-07:00
368.06,2,10,2026-08-14 15:33:15,37.0691,-121.59036,680.0,126.7,157.3,-12.6,-0.18,KCVH,13.6,140.5,0.0,3.2,-2.4,143.1,126.7,550.0,0.5,-0.01,1.0,0.0,559.0,18.0,128.6,30.06,967.0,0.0,0.0,308.0,0.0,0.0,0.0,128.0,0.0,0.0,5.0,-4.0,-99.0,0.0,0.0,0.0,-5.0,0.0,0.0,-96.0,0.0,0.0,0.0,0.0,3.0,1.0,0.0,1200.0,90.0,30.0,2500.0,2500.0,30.0,15.9,0.0,15.9,29.1,0.0,0.0,10.2,0.0,0.0,7.9,37.4,32.5,0.0,0.0,0.0,0.0,158.0,744.0,153.0,737.0,160.0,729.0,165.0,728.0,0.0,0.0,-30.0,0.0,0.0,29.1,5.0,4.998,0.0,0.0,1.919,1.87,90.4,30.1,0.0,0.0,99.0,R,0.0,64.4,86.0,0.0,0.0,0.0,0.0,316.4,1371.2,307.4,1358.6,320.0,1344.2,329.0,1342.4,0.0,0.0,86.18,2500.0,318.2,253.79999999999998,21.78,0.35409722222222223,8367.131666666666,7.968553459119497,127.18,129.12,343.4,True,2026-08-14 08:27:13-07:00
369.06,2,10,2026-08-14 15:33:16,37.06855,-121.59008,687.0,127.8,156.7,-12.6,-0.19,KCVH,13.6,140.5,0.0,3.4,-11.7,141.9,128.0,555.0,-0.4,-0.04,1.0,0.0,475.0,18.0,130.0,30.06,974.0,0.0,0.0,308.0,0.0,0.0,0.0,128.0,0.0,0.0,5.0,-4.0,-99.0,0.0,0.0,0.0,-4.0,0.0,0.0,-96.0,0.0,0.0,0.0,0.0,3.0,1.0,0.0,1200.0,90.0,30.0,2506.0,2506.0,30.0,15.9,0.0,15.9,29.0,0.0,0.0,10.2,0.0,0.0,8.1,37.4,32.5,0.0,0.0,0.0,0.0,159.0,744.0,154.0,736.0,160.0,729.0,165.0,728.0,0.0,0.0,-30.0,0.0,0.0,29.0,5.0,4.998,0.0,0.0,1.89,1.892,90.4,30.3,0.0,0.0,99.0,R,0.0,64.4,86.0,0.0,0.0,0.0,0.0,318.2,1371.2,309.2,1356.8,320.0,1344.2,329.0,1342.4,0.0,0.0,86.53999999999999,2506.0,319.1,254.70000000000002,22.139999999999986,0.3585138888888889,8581.76,8.037735849056604,128.48,130.45,343.4,True,2026-08-14 08:27:13-07:00
370.06,2,10,2026-08-14 15:33:17,37.06801,-121.58978,695.0,129.0,155.1,-12.6,-0.2,KCVH,13.6,140.4,0.0,3.0,-15.5,138.1,128.1,563.0,-2.4,-0.01,1.0,0.0,465.0,18.0,130.1,30.06,983.0,0.0,0.0,308.0,0.0,0.0,0.0,128.0,0.0,0.0,5.0,-4.0,-99.0,0.0,0.0,0.0,0.0,0.0,0.0,-96.0,0.0,0.0,0.0,0.0,3.0,1.0,0.0,1200.0,90.0,30.0,2499.0,2499.0,30.0,15.9,0.0,15.9,29.0,0.0,0.0,10.2,0.0,0.0,7.9,37.4,32.5,0.0,0.0,0.0,0.0,159.0,744.0,154.0,736.0,161.0,727.0,166.0,729.0,0.0,0.0,-30.0,0.0,0.0,29.0,5.0,4.998,0.0,0.0,1.946,1.965,90.5,30.5,0.0,0.0,99.0,R,0.0,64.4,86.0,0.0,0.0,0.0,0.0,318.2,1371.2,309.2,1356.8,321.8,1340.6,330.8,1344.2,0.0,0.0,86.9,2499.0,320.0,255.6,22.5,0.36293055555555553,8798.328,8.11320754716981,128.57999999999998,130.57,343.4,True,2026-08-14 08:27:13-07:00
371.06,2,10,2026-08-14 15:33:18,37.06747,-121.58945,702.0,130.1,152.8,-12.6,-0.21,KCVH,13.5,140.4,0.0,3.2,-14.9,136.0,129.8,572.0,-2.3,-0.02,1.0,0.0,482.0,18.0,131.9,30.06,994.0,0.0,0.0,308.0,0.0,0.0,0.0,128.0,0.0,0.0,5.0,-4.0,-99.0,0.0,0.0,0.0,0.0,0.0,0.0,-96.0,0.0,0.0,0.0,0.0,3.0,1.0,0.0,1200.0,91.0,30.0,2509.0,2509.0,30.0,15.9,0.0,15.9,29.0,0.0,0.0,10.2,0.0,0.0,7.7,37.4,32.5,0.0,0.0,0.0,0.0,160.0,743.0,155.0,736.0,161.0,728.0,166.0,729.0,0.0,0.0,-30.0,0.0,0.0,29.0,5.0,4.998,0.0,0.0,1.971,1.908,90.5,30.5,0.0,0.0,99.0,R,0.0,64.4,86.0,0.0,0.0,0.0,0.0,320.0,1369.4,311.0,1356.8,321.8,1342.4,330.8,1344.2,0.0,0.0,86.9,2509.0,320.9,256.5,22.5,0.3673472222222222,9016.835666666666,8.182389937106917,130.28,132.32,343.4,True,2026-08-14 08:27:13-07:00
372.06,2,10,2026-08-14 15:33:19,37.06694,-121.58909,711.0,131.1,150.4,-12.6,-0.21,KCVH,13.5,140.4,0.0,3.5,-14.8,133.7,131.4,580.0,-2.3,-0.02,1.1,0.0,482.0,18.0,133.5,30.06,1004.0,0.0,0.0,308.0,0.0,0.0,0.0,128.0,0.0,0.0,5.0,-4.0,-99.0,0.0,0.0,0.0,0.0,0.0,0.0,-96.0,0.0,0.0,0.0,0.0,3.0,1.0,0.0,1200.0,91.0,31.0,2508.0,2508.0,30.0,15.9,0.0,15.9,29.0,0.0,0.0,10.2,0.0,0.0,7.8,37.4,32.5,0.0,0.0,0.0,0.0,160.0,742.0,155.0,735.0,161.0,727.0,167.0,729.0,0.0,0.0,-30.0,0.0,0.0,29.0,5.0,4.998,0.0,0.0,2.015,1.923,90.6,30.6,0.0,0.0,99.0,R,0.0,64.4,87.8,0.0,0.0,0.0,0.0,320.0,1367.6,311.0,1355.0,321.8,1340.6,332.6,1344.2,0.0,0.0,87.08000000000001,2508.0,321.35,256.95000000000005,22.680000000000007,0.3717638888888889,9237.114333333333,8.245283018867925,131.88,133.96,343.4,True,2026-08-14 08:27:13-07:00
373.06,2,10,2026-08-14 15:33:20,37.06642,-121.5887,720.0,131.9,148.3,-12.6,-0.22,KCVH,13.5,140.4,0.0,3.6,-15.0,132.2,132.3,589.0,-1.9,-0.01,1.0,0.0,504.0,18.0,134.5,30.06,1016.0,0.0,0.0,308.0,0.0,0.0,0.0,128.0,0.0,0.0,5.0,-4.0,-99.0,0.0,0.0,0.0,0.0,0.0,0.0,-96.0,0.0,0.0,0.0,0.0,3.0,1.0,0.0,1200.0,91.0,31.0,2498.0,2498.0,30.0,15.9,0.0,15.9,29.0,0.0,0.0,10.2,0.0,0.0,7.9,37.4,32.5,0.0,0.0,0.0,0.0,160.0,742.0,155.0,734.0,162.0,726.0,167.0,728.0,0.0,0.0,-30.0,0.0,0.0,29.0,5.0,4.998,0.0,0.0,1.96,1.964,90.7,30.7,0.0,0.0,99.0,R,0.0,64.4,87.8,0.0,0.0,0.0,0.0,320.0,1367.6,311.0,1353.2,323.6,1338.8,332.6,1342.4,0.0,0.0,87.26,2498.0,321.8,257.4,22.86,0.3761805555555556,9458.911,8.29559748427673,132.78,134.9,343.4,True,2026-08-14 08:27:13-07:00
374.06,2,10,2026-08-14 15:33:21,37.0659,-121.58829,729.0,132.7,146.2,-12.6,-0.22,KCVH,13.4,140.3,0.0,3.5,-12.8,130.0,132.8,598.0,-1.9,-0.03,1.2,0.0,524.0,18.0,134.9,30.06,1027.0,0.0,0.0,308.0,0.0,0.0,0.0,128.0,0.0,0.0,5.0,-4.0,-99.0,0.0,0.0,0.0,5.0,0.0,0.0,-96.0,0.0,0.0,0.0,0.0,3.0,1.0,0.0,1200.0,91.0,31.0,2504.0,2504.0,30.0,15.9,0.0,15.9,29.0,0.0,0.0,10.2,0.0,0.0,8.1,37.4,32.5,0.0,0.0,0.0,0.0,161.0,741.0,156.0,734.0,162.0,727.0,167.0,728.0,0.0,0.0,-30.0,0.0,0.0,29.0,5.0,4.998,0.0,0.0,1.958,2.052,90.6,30.8,0.0,0.0,99.0,R,0.0,64.4,87.8,0.0,0.0,0.0,0.0,321.8,1365.8,312.8,1353.2,323.6,1340.6,332.6,1342.4,0.0,0.0,87.44,2504.0,322.7,258.29999999999995,23.039999999999992,0.38059722222222225,9682.056999999999,8.345911949685533,133.28,135.43,343.4,True,2026-08-14 08:27:13-07:00
375.06,2,10,2026-08-14 15:33:22,37.06539,-121.58784,741.0,133.4,144.5,-12.6,-0.23,KCVH,13.4,140.3,0.0,3.1,-4.6,130.1,135.1,608.0,-1.0,0.02,1.0,0.0,541.0,18.0,137.4,30.06,1039.0,0.0,0.0,308.0,0.0,0.0,0.0,128.0,0.0,0.0,5.0,-5.0,-99.0,0.0,0.0,0.0,0.0,0.0,0.0,-96.0,0.0,0.0,0.0,0.0,3.0,1.0,0.0,1200.0,91.0,31.0,2503.0,2503.0,30.0,15.9,0.0,15.9,29.1,0.0,0.0,10.2,0.0,0.0,8.0,37.4,32.5,0.0,0.0,0.0,0.0,161.0,741.0,156.0,733.0,163.0,727.0,167.0,728.0,0.0,0.0,-30.0,0.0,0.0,29.1,4.0,4.998,0.0,0.0,1.89,1.978,90.7,31.1,0.0,0.0,100.0,R,0.0,64.4,87.8,0.0,0.0,0.0,0.0,321.8,1365.8,312.8,1351.4,325.4,1340.6,332.6,1342.4,0.0,0.0,87.98,2503.0,323.15,258.75,23.58,0.3850138888888889,9906.467999999999,8.38993710691824,135.57999999999998,137.79,343.4,True,2026-08-14 08:27:13-07:00
376.06,2,10,2026-08-14 15:33:23,37.06489,-121.58739,749.0,134.0,144.5,-12.6,-0.23,KCVH,13.3,140.3,0.0,3.6,-2.6,128.1,135.2,616.0,-1.3,0.01,1.2,0.0,523.0,18.0,137.4,30.06,1049.0,0.0,0.0,308.0,0.0,0.0,0.0,128.0,0.0,0.0,5.0,-5.0,-99.0,0.0,0.0,0.0,1.0,0.0,0.0,-96.0,0.0,0.0,0.0,0.0,3.0,1.0,0.0,1200.0,91.0,31.0,2507.0,2507.0,30.0,15.9,0.0,15.9,29.0,0.0,0.0,10.1,0.0,0.0,7.8,37.4,32.5,0.0,0.0,0.0,0.0,162.0,740.0,156.0,732.0,163.0,727.0,168.0,727.0,0.0,0.0,-30.0,0.0,0.0,29.0,4.0,4.998,0.0,0.0,2.046,2.028,90.9,31.1,0.0,0.0,100.0,R,0.0,64.4,87.8,0.0,0.0,0.0,0.0,323.6,1364.0,312.8,1349.6,325.4,1340.6,334.4,1340.6,0.0,0.0,87.98,2507.0,324.04999999999995,259.65,23.58,0.38943055555555556,10131.975333333332,8.427672955974842,135.67999999999998,137.91,343.4,True,2026-08-14 08:27:13-07:00
377.06,2,10,2026-08-14 15:33:24,37.06438,-121.58694,761.0,134.5,143.7,-12.6,-0.23,KCVH,13.3,140.3,0.0,4.2,-0.4,129.4,135.5,627.0,0.0,-0.03,1.1,0.0,558.0,18.0,137.7,30.06,1062.0,0.0,0.0,308.0,0.0,0.0,0.0,128.0,0.0,0.0,5.0,-5.0,-99.0,0.0,0.0,0.0,1.0,0.0,0.0,-96.0,0.0,0.0,0.0,0.0,3.0,1.0,0.0,1200.0,91.0,31.0,2500.0,2500.0,30.0,15.9,0.0,15.9,29.1,0.0,0.0,10.1,0.0,0.0,7.8,37.4,32.5,0.0,0.0,0.0,0.0,162.0,739.0,156.0,732.0,164.0,726.0,168.0,726.0,0.0,0.0,-30.0,0.0,0.0,29.1,4.0,4.998,0.0,0.0,2.052,1.836,90.7,31.2,0.0,0.0,100.0,R,0.0,64.4,87.8,0.0,0.0,0.0,0.0,323.6,1362.2,312.8,1349.6,327.2,1338.8,334.4,1338.8,0.0,0.0,88.16,2500.0,324.5,260.1,23.75999999999999,0.39384722222222224,10358.410333333333,8.459119496855346,135.98,138.25,343.4,True,2026-08-14 08:27:13-07:00
378.06,2,10,2026-08-14 15:33:25,37.06388,-121.58648,774.0,134.6,143.8,-12.6,-0.23,KCVH,13.3,140.3,0.0,4.4,0.1,129.5,135.5,639.0,0.2,-0.02,1.1,0.0,630.0,18.0,137.8,30.06,1077.0,0.0,0.0,308.0,0.0,0.0,0.0,128.0,0.0,0.0,5.0,-5.0,-99.0,0.0,0.0,0.0,1.0,0.0,0.0,-96.0,0.0,0.0,0.0,0.0,3.0,0.0,0.0,1200.0,91.0,31.0,2502.0,2502.0,30.0,15.9,0.0,15.9,29.0,0.0,0.0,10.1,0.0,0.0,7.9,37.4,32.5,0.0,0.0,0.0,0.0,162.0,738.0,157.0,732.0,164.0,727.0,168.0,726.0,0.0,0.0,-30.0,0.0,0.0,29.0,4.0,4.998,0.0,0.0,2.037,1.921,90.6,31.3,0.0,0.0,100.0,R,0.0,64.4,87.8,0.0,0.0,0.0,0.0,323.6,1360.4,314.6,1349.6,327.2,1340.6,334.4,1338.8,0.0,0.0,88.34,2502.0,324.95,260.54999999999995,23.939999999999998,0.3982638888888889,10585.351333333332,8.465408805031446,135.98,138.28,343.4,True,2026-08-14 08:27:13-07:00
379.06,2,10,2026-08-14 15:33:26,37.06339,-121.58602,805.0,134.6,144.0,-12.6,-0.23,KCVH,13.2,140.3,0.0,4.6,0.1,129.9,135.7,653.0,0.3,-0.02,1.0,0.0,700.0,18.0,138.1,30.06,1094.0,0.0,0.0,308.0,0.0,0.0,0.0,128.0,0.0,0.0,5.0,-5.0,-99.0,0.0,0.0,0.0,0.0,0.0,0.0,-96.0,0.0,0.0,0.0,0.0,3.0,0.0,0.0,1200.0,91.0,31.0,2500.0,2500.0,30.0,15.9,0.0,15.9,29.0,0.0,0.0,10.1,0.0,0.0,9.1,37.4,32.5,0.0,0.0,0.0,0.0,163.0,739.0,157.0,732.0,164.0,726.0,168.0,727.0,0.0,0.0,-30.0,0.0,0.0,29.0,4.0,4.998,0.0,0.0,2.004,1.969,90.7,31.5,0.0,0.0,100.0,R,0.0,64.4,87.8,0.0,0.0,0.0,0.0,325.4,1362.2,314.6,1349.6,327.2,1338.8,334.4,1340.6,0.0,0.0,88.7,2500.0,325.4,261.0,24.299999999999997,0.40268055555555554,10812.376666666665,8.465408805031446,136.17999999999998,138.52,343.4,True,2026-08-14 08:27:13-07:00
380.06,2,10,2026-08-14 15:33:27,37.06288,-121.58556,822.0,134.8,144.2,-12.6,-0.23,KCVH,13.2,140.3,0.0,4.8,0.3,129.9,135.2,667.0,0.0,-0.01,1.1,0.0,771.0,18.0,137.6,30.06,1112.0,75.0,5.0,308.0,0.0,0.0,0.0,128.0,0.0,0.0,5.0,-5.0,-99.0,0.0,0.0,0.0,1.0,0.0,0.0,-96.0,0.0,0.0,0.0,0.0,3.0,1.0,0.0,1200.0,91.0,32.0,2500.0,2500.0,30.0,15.9,0.0,15.9,29.1,0.0,0.0,10.1,0.0,0.0,9.9,37.4,32.5,0.0,0.0,0.0,0.0,163.0,738.0,157.0,731.0,165.0,726.0,169.0,726.0,0.0,0.0,-30.0,0.0,0.0,29.1,4.0,4.998,0.0,0.0,2.003,1.93,90.8,31.7,0.0,0.0,99.0,R,0.0,64.4,89.6,0.0,0.0,0.0,0.0,325.4,1360.4,314.6,1347.8,329.0,1338.8,336.2,1338.8,0.0,0.0,89.06,2500.0,326.3,261.9,24.659999999999997,0.4070972222222222,11039.570666666667,8.477987421383649,135.67999999999998,138.04,343.4,True,2026-08-14 08:27:13-07:00
381.06,2,10,2026-08-14 15:33:28,37.06237,-121.58511,837.0,134.9,144.2,-12.6,-0.24,KCVH,13.2,140.3,0.0,4.8,1.2,130.2,136.4,682.0,0.3,-0.02,0.9,0.0,840.0,18.0,138.8,30.06,1131.0,76.0,5.0,308.0,0.0,0.0,0.0,128.0,0.0,0.0,5.0,-5.0,-99.0,0.0,0.0,0.0,0.0,0.0,0.0,-96.0,0.0,0.0,0.0,0.0,3.0,1.0,0.0,1200.0,91.0,32.0,2501.0,2501.0,30.0,15.9,0.0,15.9,29.1,0.0,0.0,10.1,0.0,0.0,9.2,37.4,32.5,0.0,0.0,0.0,0.0,163.0,738.0,158.0,731.0,165.0,726.0,169.0,726.0,0.0,0.0,-30.0,0.0,0.0,29.1,4.0,4.998,0.0,0.0,2.03,1.934,90.6,31.8,0.0,0.0,99.0,R,0.0,64.4,89.6,0.0,0.0,0.0,0.0,325.4,1360.4,316.4,1347.8,329.0,1338.8,336.2,1338.8,0.0,0.0,89.24,2501.0,326.75,262.35,24.83999999999999,0.4115138888888889,11267.017666666667,8.484276729559749,136.88,139.3,343.4,True,2026-08-14 08:27:13-07:00
382.06,2,10,2026-08-14 15:33:29,37.06187,-121.58466,852.0,134.8,144.5,-12.6,-0.24,KCVH,13.1,140.2,0.0,4.4,-0.9,130.0,136.4,699.0,0.1,-0.03,1.0,0.0,887.0,18.0,138.8,30.06,1151.0,77.0,5.0,308.0,0.0,0.0,0.0,128.0,0.0,0.0,5.0,-5.0,-99.0,0.0,0.0,0.0,0.0,0.0,0.0,-96.0,0.0,0.0,0.0,0.0,3.0,1.0,0.0,1200.0,90.0,32.0,2499.0,2499.0,30.0,15.9,0.0,15.9,29.2,0.0,0.0,10.1,0.0,0.0,8.6,37.4,32.5,0.0,0.0,0.0,0.0,164.0,738.0,158.0,731.0,165.0,726.0,169.0,725.0,0.0,0.0,-30.0,0.0,0.0,29.2,4.0,4.998,0.0,0.0,2.003,1.902,90.4,31.8,0.0,0.0,99.0,R,0.0,64.4,89.6,0.0,0.0,0.0,0.0,327.2,1360.4,316.4,1347.8,329.0,1338.8,336.2,1337.0,0.0,0.0,89.24,2499.0,327.2,262.79999999999995,24.83999999999999,0.4159305555555556,11494.464666666667,8.477987421383649,136.88,139.34,343.4,True,2026-08-14 08:27:13-07:00
383.06,2,10,2026-08-14 15:33:30,37.06136,-121.58421,868.0,134.7,144.5,-12.6,-0.24,KCVH,13.1,140.2,0.0,4.7,-1.9,129.9,136.0,714.0,-0.4,-0.01,0.9,0.0,884.0,18.0,138.4,30.06,1169.0,77.0,5.0,308.0,0.0,0.0,0.0,128.0,0.0,0.0,5.0,-5.0,-99.0,0.0,0.0,0.0,0.0,0.0,0.0,-96.0,0.0,0.0,0.0,0.0,3.0,0.0,0.0,1200.0,90.0,32.0,2502.0,2502.0,29.9,15.9,0.0,15.9,29.1,0.0,0.0,10.1,0.0,0.0,8.4,37.4,32.5,0.0,0.0,0.0,0.0,164.0,737.0,158.0,730.0,166.0,725.0,169.0,725.0,0.0,0.0,-30.0,0.0,0.0,29.1,4.0,4.998,0.0,0.0,2.053,1.849,90.4,32.0,0.0,0.0,99.0,R,0.0,64.4,89.6,0.0,0.0,0.0,0.0,327.2,1358.6,316.4,1346.0,330.8,1337.0,336.2,1337.0,0.0,0.0,89.6,2502.0,327.65,263.25,25.19999999999999,0.4203472222222222,11721.742999999999,8.471698113207546,136.48,138.97,343.4,True,2026-08-14 08:27:13-07:00
384.06,2,10,2026-08-14 15:33:31,37.06085,-121.58375,885.0,134.8,144.4,-12.6,-0.24,KCVH,13.0,140.2,0.0,4.9,-1.5,130.0,136.3,731.0,-0.0,-0.04,1.0,0.0,930.0,17.0,138.9,30.06,1190.0,77.0,5.0,308.0,0.0,0.0,0.0,128.0,0.0,0.0,5.0,-5.0,-99.0,0.0,0.0,0.0,0.0,0.0,0.0,-96.0,0.0,0.0,0.0,0.0,3.0,0.0,0.0,1200.0,90.0,32.0,2501.0,2501.0,29.9,15.9,0.0,15.9,29.2,0.0,0.0,10.1,0.0,0.0,8.4,37.4,32.5,0.0,0.0,0.0,0.0,164.0,737.0,158.0,730.0,166.0,724.0,170.0,725.0,0.0,0.0,-30.0,0.0,0.0,29.2,4.0,4.998,0.0,0.0,2.019,1.892,90.3,32.1,0.0,0.0,99.0,R,0.0,62.6,89.6,0.0,0.0,0.0,0.0,327.2,1358.6,316.4,1346.0,330.8,1335.2,338.0,1337.0,0.0,0.0,89.78,2501.0,328.09999999999997,265.49999999999994,27.18,0.4247638888888889,11949.021333333332,8.477987421383649,136.78,139.08,343.4,True,2026-08-14 08:27:13-07:00
385.06,2,10,2026-08-14 15:33:32,37.06034,-121.5833,902.0,134.6,144.2,-12.6,-0.25,KCVH,13.0,140.2,0.0,4.2,-0.4,130.6,137.8,746.0,0.1,-0.01,0.9,0.0,916.0,17.0,140.4,30.06,1201.0,79.0,5.0,308.0,0.0,0.0,0.0,128.0,0.0,0.0,5.0,-5.0,-99.0,0.0,0.0,0.0,0.0,0.0,0.0,-96.0,0.0,0.0,0.0,0.0,3.0,1.0,0.0,1200.0,90.0,32.0,2505.0,2505.0,29.9,15.9,0.0,15.9,29.2,0.0,0.0,10.1,0.0,0.0,8.3,37.4,32.5,0.0,0.0,0.0,0.0,165.0,737.0,159.0,730.0,166.0,724.0,170.0,725.0,0.0,0.0,-30.0,0.0,0.0,29.2,4.0,4.998,0.0,0.0,1.974,1.904,90.5,32.4,0.0,0.0,99.0,R,0.0,62.6,89.6,0.0,0.0,0.0,0.0,329.0,1358.6,318.2,1346.0,330.8,1335.2,338.0,1337.0,0.0,0.0,90.32,2505.0,329.0,266.4,27.71999999999999,0.42918055555555557,12176.215333333332,8.465408805031446,138.28,140.65,343.4,True,2026-08-14 08:27:13-07:00
386.06,2,10,2026-08-14 15:33:33,37.05983,-121.58284,918.0,134.8,144.5,-12.6,-0.25,KCVH,13.0,140.2,0.0,3.8,0.8,130.7,136.7,761.0,0.2,0.0,0.9,0.0,920.0,17.0,139.3,30.06,1218.0,81.0,5.0,308.0,0.0,0.0,0.0,128.0,0.0,0.0,5.0,-5.0,-99.0,0.0,0.0,0.0,0.0,0.0,0.0,-97.0,0.0,0.0,0.0,0.0,3.0,1.0,0.0,1200.0,90.0,32.0,2498.0,2498.0,29.9,15.9,0.0,15.9,29.1,0.0,0.0,10.1,0.0,0.0,7.9,37.4,32.5,0.0,0.0,0.0,0.0,165.0,737.0,159.0,730.0,166.0,723.0,170.0,724.0,0.0,0.0,-31.0,0.0,0.0,29.1,4.0,4.998,0.0,0.0,2.001,1.978,90.4,32.5,0.0,0.0,99.0,R,0.0,62.6,89.6,0.0,0.0,0.0,0.0,329.0,1358.6,318.2,1346.0,330.8,1333.4,338.0,1335.2,0.0,0.0,90.5,2498.0,329.0,266.4,27.9,0.43359722222222224,12403.409333333333,8.477987421383649,137.17999999999998,139.57,343.4,True,2026-08-14 08:27:13-07:00
387.06,2,10,2026-08-14 15:33:34,37.05932,-121.58238,935.0,135.1,144.7,-12.6,-0.25,KCVH,12.9,140.2,0.0,3.2,-2.7,130.5,135.8,778.0,-0.2,-0.0,1.0,0.0,937.0,17.0,138.4,30.06,1237.0,81.0,5.0,308.0,0.0,0.0,0.0,128.0,0.0,0.0,5.0,-5.0,-99.0,0.0,0.0,0.0,0.0,0.0,0.0,-97.0,0.0,0.0,0.0,0.0,3.0,1.0,0.0,1200.0,90.0,33.0,2504.0,2504.0,29.9,15.9,0.0,15.9,29.1,0.0,0.0,10.1,0.0,0.0,7.9,37.4,32.5,0.0,0.0,0.0,0.0,165.0,737.0,159.0,729.0,167.0,722.0,170.0,722.0,0.0,0.0,-31.0,0.0,0.0,29.1,4.0,4.998,0.0,0.0,2.054,1.924,90.3,32.5,0.0,0.0,99.0,R,0.0,62.6,91.4,0.0,0.0,0.0,0.0,329.0,1358.6,318.2,1344.2,332.6,1331.6,338.0,1331.6,0.0,0.0,90.5,2504.0,329.45,266.84999999999997,27.9,0.43801388888888887,12631.025,8.49685534591195,136.28,138.69,343.4,True,2026-08-14 08:27:13-07:00
388.06,2,10,2026-08-14 15:33:35,37.05881,-121.58193,949.0,135.5,144.4,-12.6,-0.25,KCVH,12.9,140.2,0.0,3.8,-1.3,131.1,135.5,793.0,0.2,-0.03,1.1,0.0,930.0,17.0,138.2,30.06,1257.0,81.0,5.0,308.0,0.0,0.0,0.0,128.0,0.0,0.0,5.0,-5.0,-99.0,0.0,0.0,0.0,0.0,0.0,0.0,-97.0,0.0,0.0,0.0,0.0,3.0,1.0,0.0,1200.0,90.0,33.0,2486.0,2486.0,29.9,15.9,0.0,15.9,29.2,0.0,0.0,10.1,0.0,0.0,7.9,37.4,32.5,0.0,0.0,0.0,0.0,165.0,736.0,159.0,729.0,167.0,722.0,170.0,722.0,0.0,0.0,-31.0,0.0,0.0,29.2,4.0,4.998,0.0,0.0,2.053,1.827,90.4,32.6,0.0,0.0,99.0,R,0.0,62.6,91.4,0.0,0.0,0.0,0.0,329.0,1356.8,318.2,1344.2,332.6,1331.6,338.0,1331.6,0.0,0.0,90.68,2486.0,329.45,266.84999999999997,28.080000000000005,0.44243055555555555,12859.231,8.522012578616351,135.98,138.43,343.4,True,2026-08-14 08:27:13-07:00
389.06,2,10,2026-08-14 15:33:36,37.0583,-121.58147,962.0,135.8,144.5,-12.6,-0.25,KCVH,12.9,140.2,0.0,3.8,-2.2,130.3,136.8,807.0,-0.4,-0.02,1.0,0.0,895.0,17.0,139.5,30.06,1274.0,81.0,5.0,308.0,0.0,0.0,0.0,128.0,0.0,0.0,5.0,-5.0,-99.0,0.0,0.0,0.0,0.0,0.0,0.0,-97.0,0.0,0.0,0.0,0.0,3.0,1.0,0.0,1200.0,90.0,33.0,2500.0,2500.0,29.8,15.8,0.0,15.8,29.1,0.0,0.0,10.1,0.0,0.0,8.1,37.4,32.5,0.0,0.0,0.0,0.0,166.0,735.0,160.0,729.0,167.0,722.0,170.0,721.0,0.0,0.0,-31.0,0.0,0.0,29.1,4.0,4.998,0.0,0.0,2.004,1.881,90.1,32.8,0.0,0.0,99.0,R,0.0,62.6,91.4,0.0,0.0,0.0,0.0,330.8,1355.0,320.0,1344.2,332.6,1331.6,338.0,1329.8,0.0,0.0,91.03999999999999,2500.0,330.35,267.75,28.43999999999999,0.44683333333333336,13088.027333333332,8.594936708860759,137.28,139.78,343.4,True,2026-08-14 08:27:13-07:00
390.06,2,10,2026-08-14 15:33:37,37.05779,-121.58102,977.0,136.1,144.4,-12.6,-0.26,KCVH,12.8,140.2,0.0,4.0,-1.2,130.3,137.8,822.0,-0.2,-0.01,1.0,0.0,884.0,17.0,140.5,30.06,1292.0,82.0,5.0,308.0,0.0,0.0,0.0,128.0,0.0,0.0,5.0,-5.0,-99.0,0.0,0.0,0.0,-1.0,0.0,0.0,-97.0,0.0,0.0,0.0,0.0,3.0,0.0,0.0,1200.0,90.0,33.0,2503.0,2503.0,29.8,15.8,0.0,15.8,29.1,0.0,0.0,10.1,0.0,0.0,8.1,37.4,32.5,0.0,0.0,0.0,0.0,166.0,735.0,160.0,729.0,168.0,722.0,171.0,721.0,0.0,0.0,-31.0,0.0,0.0,29.1,4.0,4.998,0.0,0.0,2.003,1.967,90.2,33.0,0.0,0.0,99.0,R,0.0,62.6,91.4,0.0,0.0,0.0,0.0,330.8,1355.0,320.0,1344.2,334.4,1331.6,339.8,1329.8,0.0,0.0,91.4,2503.0,331.25,268.65,28.800000000000004,0.45122222222222225,13317.329666666667,8.61392405063291,138.28,140.84,343.4,True,2026-08-14 08:27:13-07:00
391.06,2,10,2026-08-14 15:33:38,37.05728,-121.58056,992.0,136.4,144.4,-12.6,-0.26,KCVH,12.8,140.1,0.0,4.0,-2.9,129.8,136.9,836.0,-0.2,-0.03,0.8,0.0,857.0,17.0,139.6,30.06,1309.0,81.0,5.0,308.0,0.0,0.0,0.0,128.0,0.0,0.0,5.0,-5.0,-99.0,0.0,0.0,0.0,0.0,0.0,0.0,-97.0,0.0,0.0,0.0,0.0,3.0,1.0,0.0,1200.0,90.0,33.0,2505.0,2505.0,29.8,15.8,0.0,15.8,29.2,0.0,0.0,10.1,0.0,0.0,7.8,37.4,32.5,0.0,0.0,0.0,0.0,166.0,734.0,160.0,729.0,168.0,722.0,171.0,720.0,0.0,0.0,-31.0,0.0,0.0,29.2,4.0,4.998,0.0,0.0,2.003,1.926,90.3,33.2,0.0,0.0,99.0,R,0.0,62.6,91.4,0.0,0.0,0.0,0.0,330.8,1353.2,320.0,1344.2,334.4,1331.6,339.8,1328.0,0.0,0.0,91.76,2505.0,331.25,268.65,29.160000000000004,0.45561111111111113,13547.137999999999,8.632911392405063,137.38,139.96,343.4,True,2026-08-14 08:27:13-07:00
392.06,2,10,2026-08-14 15:33:39,37.05676,-121.5801,1004.0,136.8,144.2,-12.6,-0.26,KCVH,12.7,140.1,0.0,3.6,-0.7,130.1,137.0,849.0,0.1,-0.02,0.9,0.0,840.0,17.0,139.9,30.06,1326.0,81.0,5.0,308.0,0.0,0.0,0.0,128.0,0.0,0.0,5.0,-5.0,-99.0,0.0,0.0,0.0,0.0,0.0,0.0,-97.0,0.0,0.0,0.0,0.0,3.0,1.0,0.0,1200.0,90.0,33.0,2500.0,2500.0,29.8,15.8,0.0,15.8,29.2,0.0,0.0,10.1,0.0,0.0,7.8,37.4,32.5,0.0,0.0,0.0,0.0,166.0,734.0,160.0,728.0,168.0,722.0,171.0,720.0,0.0,0.0,-32.0,0.0,0.0,29.2,4.0,4.998,0.0,0.0,1.973,2.002,90.2,33.2,0.0,0.0,99.0,R,0.0,62.6,91.4,0.0,0.0,0.0,0.0,330.8,1353.2,320.0,1342.4,334.4,1331.6,339.8,1328.0,0.0,0.0,91.76,2500.0,331.25,268.65,29.160000000000004,0.46,13777.536666666665,8.658227848101266,137.48,140.1,343.4,True,2026-08-14 08:27:13-07:00
393.06,2,10,2026-08-14 15:33:40,37.05624,-121.57964,1012.0,137.5,144.5,-12.6,-0.26,KCVH,12.7,140.1,0.0,3.2,-1.4,129.7,136.7,860.0,-0.3,0.03,0.7,0.0,770.0,17.0,139.5,30.06,1340.0,80.0,5.0,308.0,0.0,0.0,0.0,128.0,0.0,0.0,5.0,-5.0,-99.0,0.0,0.0,0.0,0.0,0.0,0.0,-97.0,0.0,0.0,0.0,0.0,3.0,0.0,0.0,1200.0,90.0,33.0,2496.0,2496.0,29.8,15.8,0.0,15.8,29.1,0.0,0.0,10.1,0.0,0.0,7.9,37.4,32.5,0.0,0.0,0.0,0.0,166.0,734.0,160.0,728.0,168.0,722.0,171.0,720.0,0.0,0.0,-32.0,0.0,0.0,29.1,4.0,4.998,0.0,0.0,2.036,1.987,90.3,33.3,0.0,0.0,99.0,R,0.0,62.6,91.4,0.0,0.0,0.0,0.0,330.8,1353.2,320.0,1342.4,334.4,1331.6,339.8,1328.0,0.0,0.0,91.94,2496.0,331.25,268.65,29.339999999999996,0.4643888888888889,14008.863,8.70253164556962,137.17999999999998,139.82,343.4,True,2026-08-14 08:27:13-07:00
394.06,2,10,2026-08-14 15:33:41,37.05573,-121.57918,1018.0,138.2,144.6,-12.6,-0.26,KCVH,12.7,140.1,0.0,3.4,-2.9,128.4,136.6,869.0,-0.4,0.01,0.9,0.0,641.0,17.0,139.4,30.06,1350.0,77.0,5.0,308.0,0.0,0.0,0.0,128.0,0.0,0.0,5.0,-5.0,-99.0,0.0,0.0,0.0,0.0,0.0,0.0,-96.0,0.0,0.0,0.0,0.0,3.0,0.0,0.0,1200.0,90.0,33.0,2496.0,2496.0,29.8,15.8,0.0,15.8,29.1,0.0,0.0,10.1,0.0,0.0,8.0,37.4,32.5,0.0,0.0,0.0,0.0,167.0,733.0,161.0,727.0,168.0,722.0,171.0,720.0,0.0,0.0,-32.0,0.0,0.0,29.1,4.0,4.998,0.0,0.0,2.153,1.921,90.2,33.5,0.0,0.0,99.0,R,0.0,62.6,91.4,0.0,0.0,0.0,0.0,332.6,1351.4,321.8,1340.6,334.4,1331.6,339.8,1328.0,0.0,0.0,92.3,2496.0,332.15,269.54999999999995,29.699999999999996,0.4687777777777778,14241.369999999999,8.746835443037973,137.07999999999998,139.74,343.4,True,2026-08-14 08:27:13-07:00
395.06,2,10,2026-08-14 15:33:42,37.05521,-121.5787,1024.0,138.9,143.9,-12.6,-0.26,KCVH,12.6,140.1,0.0,3.6,1.2,129.0,137.8,875.0,0.7,-0.05,1.1,0.0,554.0,17.0,140.7,30.06,1358.0,76.0,5.0,308.0,0.0,0.0,0.0,128.0,0.0,0.0,5.0,-5.0,-99.0,0.0,0.0,0.0,0.0,0.0,0.0,-96.0,0.0,0.0,0.0,0.0,3.0,1.0,0.0,1200.0,90.0,34.0,2496.0,2496.0,29.8,15.8,0.0,15.8,29.1,0.0,0.0,10.1,0.0,0.0,8.1,37.4,32.5,0.0,0.0,0.0,0.0,167.0,734.0,161.0,726.0,169.0,722.0,171.0,719.0,0.0,0.0,-32.0,0.0,0.0,29.1,4.0,4.998,0.0,0.0,2.131,1.849,90.2,33.7,0.0,0.0,99.0,R,0.0,62.6,93.2,0.0,0.0,0.0,0.0,332.6,1353.2,321.8,1338.8,336.2,1331.6,339.8,1326.2,0.0,0.0,92.66,2496.0,332.6,270.0,30.059999999999995,0.4731666666666667,14475.057666666666,8.791139240506329,138.28,140.98,343.4,True,2026-08-14 08:27:13-07:00
396.06,2,10,2026-08-14 15:33:43,37.05468,-121.57823,1033.0,139.5,144.1,-12.6,-0.27,KCVH,12.6,140.1,0.0,3.8,-1.0,128.0,138.3,882.0,-0.1,-0.02,1.0,0.0,488.0,17.0,141.2,30.06,1366.0,74.0,6.0,308.0,0.0,0.0,0.0,128.0,0.0,0.0,5.0,-5.0,-99.0,0.0,0.0,0.0,0.0,0.0,0.0,-96.0,0.0,0.0,0.0,0.0,3.0,1.0,0.0,1200.0,90.0,34.0,2495.0,2495.0,29.8,15.8,0.0,15.8,29.0,0.0,0.0,10.1,0.0,0.0,7.8,37.4,32.5,0.0,0.0,0.0,0.0,167.0,733.0,161.0,726.0,169.0,721.0,171.0,719.0,0.0,0.0,-32.0,0.0,0.0,29.0,4.0,4.998,0.0,0.0,2.034,1.864,90.1,33.9,0.0,0.0,99.0,R,0.0,62.6,93.2,0.0,0.0,0.0,0.0,332.6,1351.4,321.8,1338.8,336.2,1329.8,339.8,1326.2,0.0,0.0,93.02,2495.0,332.6,270.0,30.419999999999995,0.47755555555555557,14709.841666666665,8.829113924050633,138.78,141.5,343.4,True,2026-08-14 08:27:13-07:00
397.06,2,10,2026-08-14 15:33:44,37.05415,-121.57776,1041.0,140.0,144.1,-12.6,-0.27,KCVH,12.6,140.1,0.0,2.8,-1.2,128.3,139.5,888.0,-0.1,-0.02,0.9,0.0,458.0,17.0,142.4,30.06,1369.0,72.0,6.0,308.0,0.0,0.0,0.0,128.0,0.0,0.0,5.0,-5.0,-99.0,0.0,0.0,0.0,0.0,0.0,0.0,-97.0,0.0,0.0,0.0,0.0,3.0,1.0,0.0,1200.0,90.0,34.0,2499.0,2499.0,29.8,15.8,0.0,15.8,29.1,0.0,0.0,10.1,0.0,0.0,7.7,37.4,32.5,0.0,0.0,0.0,0.0,167.0,732.0,161.0,727.0,169.0,721.0,172.0,719.0,0.0,0.0,-32.0,0.0,0.0,29.1,4.0,4.998,0.0,0.0,2.001,1.921,90.0,33.9,0.0,0.0,99.0,R,0.0,62.6,93.2,0.0,0.0,0.0,0.0,332.6,1349.6,321.8,1340.6,336.2,1329.8,341.6,1326.2,0.0,0.0,93.02,2499.0,333.04999999999995,270.44999999999993,30.419999999999995,0.48194444444444445,14945.553333333333,8.860759493670885,139.98,142.74,343.4,True,2026-08-14 08:27:13-07:00
398.06,2,10,2026-08-14 15:33:45,37.05363,-121.57729,1046.0,140.8,144.1,-12.6,-0.27,KCVH,12.5,140.1,0.0,2.3,-0.3,128.7,139.6,894.0,-0.0,0.01,1.0,0.0,403.0,17.0,142.6,30.06,1370.0,71.0,6.0,308.0,0.0,0.0,0.0,128.0,0.0,0.0,5.0,-5.0,-99.0,0.0,0.0,0.0,-1.0,0.0,0.0,-97.0,0.0,0.0,0.0,0.0,3.0,1.0,0.0,1200.0,90.0,34.0,2496.0,2496.0,29.8,15.8,0.0,15.8,29.0,0.0,0.0,10.1,0.0,0.0,7.8,37.4,32.5,0.0,0.0,0.0,0.0,168.0,732.0,162.0,727.0,169.0,720.0,172.0,719.0,0.0,0.0,-32.0,0.0,0.0,29.0,4.0,4.998,0.0,0.0,2.035,1.967,89.9,34.0,0.0,0.0,99.0,R,0.0,62.6,93.2,0.0,0.0,0.0,0.0,334.4,1349.6,323.6,1340.6,336.2,1328.0,341.6,1326.2,0.0,0.0,93.2,2496.0,333.95,271.34999999999997,30.6,0.48633333333333334,15182.361333333332,8.91139240506329,140.07999999999998,142.86,343.4,True,2026-08-14 08:27:13-07:00
399.06,2,10,2026-08-14 15:33:46,37.0531,-121.57681,1052.0,141.6,144.2,-12.6,-0.27,KCVH,12.5,140.0,0.0,1.8,-1.5,128.7,140.6,899.0,0.0,-0.01,1.0,0.0,351.0,17.0,143.5,30.06,1376.0,70.0,6.0,308.0,0.0,0.0,0.0,128.0,0.0,0.0,5.0,-5.0,-99.0,0.0,0.0,0.0,0.0,0.0,0.0,-97.0,0.0,0.0,0.0,0.0,3.0,1.0,0.0,1200.0,90.0,34.0,2504.0,2504.0,29.8,15.8,0.0,15.8,29.0,0.0,0.0,10.0,0.0,0.0,8.0,37.4,32.5,0.0,0.0,0.0,0.0,168.0,733.0,162.0,727.0,170.0,720.0,172.0,719.0,0.0,0.0,-32.0,0.0,0.0,29.0,4.0,4.998,0.0,0.0,2.122,1.921,90.0,34.2,0.0,0.0,99.0,R,0.0,62.6,93.2,0.0,0.0,0.0,0.0,334.4,1351.4,323.6,1340.6,338.0,1328.0,341.6,1326.2,0.0,0.0,93.56,2504.0,334.4,271.79999999999995,30.96,0.4907222222222222,15420.518666666665,8.962025316455696,141.07999999999998,143.89,343.4,True,2026-08-14 08:27:13-07:00
400.06,2,10,2026-08-14 15:33:47,37.05257,-121.57632,1055.0,142.4,143.9,-12.6,-0.27,KCVH,12.4,140.0,0.0,1.4,-0.5,129.3,142.7,902.0,0.3,-0.03,1.0,0.0,295.0,17.0,145.8,30.06,1380.0,70.0,6.0,308.0,0.0,0.0,0.0,128.0,0.0,0.0,5.0,-5.0,-99.0,0.0,0.0,0.0,0.0,0.0,0.0,-97.0,0.0,0.0,0.0,0.0,3.0,1.0,0.0,1200.0,90.0,34.0,2498.0,2498.0,29.8,15.8,0.0,15.8,28.9,0.0,0.0,10.0,0.0,0.0,8.1,37.4,32.5,0.0,0.0,0.0,0.0,168.0,733.0,162.0,728.0,170.0,721.0,172.0,718.0,0.0,0.0,-32.0,0.0,0.0,28.9,4.0,4.998,0.0,0.0,2.111,1.914,89.8,34.4,0.0,0.0,99.0,R,0.0,62.6,93.2,0.0,0.0,0.0,0.0,334.4,1351.4,323.6,1342.4,338.0,1329.8,341.6,1324.4,0.0,0.0,93.91999999999999,2498.0,334.4,271.79999999999995,31.319999999999986,0.4951111111111111,15660.025333333333,9.012658227848101,143.17999999999998,146.04,343.4,True,2026-08-14 08:27:13-07:00
401.06,2,10,2026-08-14 15:33:48,37.05203,-121.57584,1058.0,143.0,143.9,-12.6,-0.28,KCVH,12.4,140.0,0.0,1.2,-1.4,129.4,142.8,906.0,0.0,-0.03,1.0,0.0,266.0,17.0,145.9,30.06,1385.0,70.0,6.0,308.0,0.0,0.0,0.0,128.0,0.0,0.0,5.0,-6.0,-99.0,0.0,0.0,0.0,0.0,0.0,0.0,-97.0,0.0,0.0,0.0,0.0,3.0,1.0,0.0,1200.0,90.0,35.0,2498.0,2498.0,29.8,15.8,0.0,15.8,29.0,0.0,0.0,10.0,0.0,0.0,7.9,37.4,32.5,0.0,0.0,0.0,0.0,168.0,734.0,162.0,727.0,170.0,721.0,172.0,719.0,0.0,0.0,-32.0,0.0,0.0,29.0,4.0,4.998,0.0,0.0,2.032,1.926,89.8,34.6,0.0,0.0,99.0,R,0.0,62.6,95.0,0.0,0.0,0.0,0.0,334.4,1353.2,323.6,1340.6,338.0,1329.8,341.6,1326.2,0.0,0.0,94.28,2498.0,334.4,271.79999999999995,31.68,0.4995,15900.712666666666,9.050632911392405,143.28,146.16,343.4,True,2026-08-14 08:27:13-07:00
402.06,2,10,2026-08-14 15:33:49,37.05149,-121.57535,1063.0,143.7,143.8,-12.6,-0.28,KCVH,12.4,140.0,0.0,1.4,-1.9,129.4,142.9,910.0,-0.1,-0.03,1.0,0.0,263.0,17.0,146.0,30.06,1391.0,70.0,6.0,308.0,0.0,0.0,0.0,128.0,0.0,0.0,5.0,-6.0,-99.0,0.0,0.0,0.0,0.0,0.0,0.0,-97.0,0.0,0.0,0.0,0.0,3.0,1.0,0.0,1200.0,90.0,35.0,2497.0,2497.0,29.8,15.8,0.0,15.8,28.9,0.0,0.0,10.0,0.0,0.0,7.7,37.4,32.5,0.0,0.0,0.0,0.0,168.0,733.0,162.0,727.0,170.0,721.0,172.0,720.0,0.0,0.0,-32.0,0.0,0.0,28.9,4.0,4.998,0.0,0.0,2.064,1.951,89.9,34.6,0.0,0.0,99.0,R,0.0,62.6,95.0,0.0,0.0,0.0,0.0,334.4,1351.4,323.6,1340.6,338.0,1329.8,341.6,1328.0,0.0,0.0,94.28,2497.0,334.4,271.79999999999995,31.68,0.5038888888888889,16142.496333333333,9.094936708860759,143.38,146.27,343.4,True,2026-08-14 08:27:13-07:00
403.06,2,10,2026-08-14 15:33:50,37.05096,-121.57485,1068.0,144.2,143.5,-12.6,-0.28,KCVH,12.3,140.0,0.0,1.4,0.6,130.1,143.2,915.0,0.2,-0.02,0.9,0.0,265.0,17.0,146.3,30.06,1397.0,70.0,6.0,308.0,0.0,0.0,0.0,128.0,0.0,0.0,5.0,-6.0,-99.0,0.0,0.0,0.0,0.0,0.0,0.0,-97.0,0.0,0.0,0.0,0.0,3.0,1.0,0.0,1200.0,90.0,35.0,2495.0,2495.0,29.8,15.8,0.0,15.8,28.9,0.0,0.0,10.0,0.0,0.0,7.8,37.4,32.5,0.0,0.0,0.0,0.0,169.0,733.0,163.0,727.0,171.0,721.0,172.0,720.0,0.0,0.0,-32.0,0.0,0.0,28.9,4.0,4.998,0.0,0.0,2.063,1.967,89.9,34.7,0.0,0.0,99.0,R,0.0,62.6,95.0,0.0,0.0,0.0,0.0,336.2,1351.4,325.4,1340.6,339.8,1329.8,341.6,1328.0,0.0,0.0,94.46000000000001,2495.0,335.75,273.15,31.860000000000007,0.5082777777777778,16385.291999999998,9.126582278481012,143.67999999999998,146.59,343.4,True,2026-08-14 08:27:13-07:00
404.06,2,10,2026-08-14 15:33:51,37.05042,-121.57436,1073.0,144.8,143.8,-12.6,-0.28,KCVH,12.3,140.0,0.0,1.6,-0.7,129.7,143.3,919.0,-0.1,-0.01,1.0,0.0,271.0,17.0,146.4,30.06,1402.0,70.0,6.0,308.0,0.0,0.0,0.0,128.0,0.0,0.0,5.0,-6.0,-99.0,0.0,0.0,0.0,0.0,0.0,0.0,-97.0,0.0,0.0,0.0,0.0,3.0,0.0,0.0,1200.0,90.0,35.0,2488.0,2488.0,29.8,15.7,0.0,15.7,29.5,0.0,0.0,10.0,0.0,0.0,7.9,37.4,32.5,0.0,0.0,0.0,0.0,169.0,734.0,163.0,726.0,171.0,720.0,172.0,720.0,0.0,0.0,-32.0,0.0,0.0,29.5,4.0,4.998,0.0,0.0,2.101,2.004,89.7,34.8,0.0,0.0,99.0,R,0.0,62.6,95.0,0.0,0.0,0.0,0.0,336.2,1353.2,325.4,1338.8,339.8,1328.0,341.6,1328.0,0.0,0.0,94.64,2488.0,335.75,273.15,32.04,0.5126527777777777,16629.015333333333,9.222929936305734,143.78,146.7,343.4,True,2026-08-14 08:27:13-07:00
405.06,2,10,2026-08-14 15:33:52,37.04988,-121.57386,1076.0,144.7,143.7,-12.6,-0.28,KCVH,12.2,140.0,0.0,1.8,-0.4,130.1,143.0,926.0,0.4,-0.05,0.9,0.0,316.0,17.0,146.1,30.06,1410.0,70.0,5.0,308.0,0.0,0.0,0.0,128.0,0.0,0.0,5.0,-6.0,-99.0,0.0,0.0,0.0,0.0,0.0,0.0,-97.0,0.0,0.0,0.0,0.0,3.0,1.0,0.0,1200.0,90.0,35.0,2474.0,2474.0,27.1,15.0,0.0,15.0,30.7,0.0,0.0,10.0,0.0,0.0,8.1,37.4,32.5,0.0,0.0,0.0,0.0,169.0,734.0,163.0,726.0,171.0,720.0,172.0,720.0,0.0,0.0,-32.0,0.0,0.0,30.7,4.0,4.998,0.0,0.0,2.191,2.03,89.7,35.1,0.0,0.0,94.0,R,0.0,62.6,95.0,0.0,0.0,0.0,0.0,336.2,1353.2,325.4,1338.8,339.8,1328.0,341.6,1328.0,0.0,0.0,95.18,2474.0,335.75,273.15,32.580000000000005,0.5169166666666667,16873.160333333333,9.646666666666667,143.48,146.41,343.4,True,2026-08-14 08:27:13-07:00
406.06,2,10,2026-08-14 15:33:53,37.04934,-121.57337,1081.0,143.9,143.9,-12.6,-0.28,KCVH,12.2,140.0,0.0,1.6,-1.6,130.0,143.5,932.0,-0.2,-0.02,0.9,0.0,331.0,17.0,146.6,30.06,1417.0,70.0,5.0,308.0,0.0,0.0,0.0,128.0,0.0,0.0,5.0,-6.0,-99.0,0.0,0.0,0.0,0.0,0.0,0.0,-97.0,0.0,0.0,0.0,0.0,3.0,1.0,0.0,1200.0,90.0,35.0,2493.0,2493.0,23.8,14.1,0.0,14.1,31.2,0.0,0.0,10.0,0.0,0.0,8.0,37.4,32.5,0.0,0.0,0.0,0.0,169.0,732.0,163.0,724.0,171.0,719.0,172.0,719.0,0.0,0.0,-32.0,0.0,0.0,31.2,4.0,4.998,0.0,0.0,2.208,1.995,89.6,35.3,0.0,0.0,82.0,R,0.0,62.6,95.0,0.0,0.0,0.0,0.0,336.2,1349.6,325.4,1335.2,339.8,1326.2,341.6,1326.2,0.0,0.0,95.53999999999999,2493.0,335.75,273.15,32.93999999999999,0.5209583333333333,17116.546333333332,10.205673758865249,143.98,146.94,343.4,True,2026-08-14 08:27:13-07:00
407.06,2,10,2026-08-14 15:33:54,37.0488,-121.57288,1087.0,143.0,144.0,-12.6,-0.29,KCVH,12.2,139.9,0.0,1.4,-1.8,130.6,142.7,937.0,0.2,-0.05,1.1,0.0,310.0,17.0,145.8,30.06,1422.0,71.0,5.0,308.0,0.0,0.0,0.0,128.0,0.0,0.0,5.0,-6.0,-99.0,0.0,0.0,0.0,0.0,0.0,0.0,-97.0,0.0,0.0,0.0,0.0,3.0,1.0,0.0,1200.0,89.0,35.0,2502.0,2502.0,22.6,13.3,0.0,13.3,31.3,0.0,0.0,10.0,0.0,0.0,7.8,37.4,32.5,0.0,0.0,0.0,0.0,169.0,727.0,163.0,720.0,171.0,716.0,173.0,717.0,0.0,0.0,-32.0,0.0,0.0,31.3,4.0,4.998,0.0,0.0,2.262,1.959,89.4,35.3,0.0,0.0,71.0,R,0.0,62.6,95.0,0.0,0.0,0.0,0.0,336.2,1340.6,325.4,1328.0,339.8,1320.8,343.4,1322.6,0.0,0.0,95.53999999999999,2502.0,336.2,273.59999999999997,32.93999999999999,0.5247638888888889,17358.498666666666,10.75187969924812,143.17999999999998,146.14,343.4,True,2026-08-14 08:27:13-07:00
408.06,2,10,2026-08-14 15:33:55,37.04827,-121.5724,1091.0,142.1,144.0,-12.6,-0.29,KCVH,12.1,139.9,0.0,1.0,-2.6,130.9,142.5,941.0,-0.2,-0.03,0.9,0.0,288.0,17.0,145.7,30.06,1428.0,73.0,5.0,308.0,0.0,0.0,0.0,128.0,0.0,0.0,5.0,-6.0,-99.0,0.0,0.0,0.0,0.0,0.0,0.0,-97.0,0.0,0.0,0.0,0.0,3.0,1.0,0.0,1200.0,89.0,35.0,2497.0,2497.0,22.3,12.7,0.0,12.7,31.3,0.0,0.0,10.0,0.0,0.0,7.9,37.4,32.5,0.0,0.0,0.0,0.0,169.0,723.0,163.0,717.0,171.0,712.0,173.0,714.0,0.0,0.0,-32.0,0.0,0.0,31.3,4.0,4.998,0.0,0.0,2.263,2.003,89.4,35.4,0.0,0.0,66.0,R,0.0,62.6,95.0,0.0,0.0,0.0,0.0,336.2,1333.4,325.4,1322.6,339.8,1313.6,343.4,1317.2,0.0,0.0,95.72,2497.0,336.2,273.59999999999997,33.12,0.528375,17598.932999999997,11.188976377952756,142.98,145.94,343.4,True,2026-08-14 08:27:13-07:00
409.06,2,10,2026-08-14 15:33:56,37.04774,-121.57191,1094.0,141.3,144.1,-12.6,-0.29,KCVH,12.1,139.9,0.0,0.7,-1.8,131.4,142.2,946.0,-0.1,-0.03,1.0,0.0,291.0,17.0,145.3,30.06,1428.0,75.0,5.0,308.0,0.0,0.0,0.0,128.0,0.0,0.0,5.0,-6.0,-99.0,0.0,0.0,0.0,-1.0,0.0,0.0,-97.0,0.0,0.0,0.0,0.0,3.0,0.0,0.0,1200.0,89.0,36.0,2494.0,2494.0,22.2,12.2,0.0,12.2,31.3,0.0,0.0,10.0,0.0,0.0,7.9,37.4,32.5,0.0,0.0,0.0,0.0,169.0,720.0,164.0,714.0,171.0,708.0,172.0,712.0,0.0,0.0,-32.0,0.0,0.0,31.3,4.0,4.998,0.0,0.0,2.285,2.018,89.4,35.5,0.0,0.0,64.0,R,0.0,62.6,96.8,0.0,0.0,0.0,0.0,336.2,1328.0,327.2,1317.2,339.8,1306.4,341.6,1313.6,0.0,0.0,95.9,2494.0,336.20000000000005,273.6,33.300000000000004,0.5318333333333334,17837.933666666664,11.581967213114755,142.67999999999998,145.65,343.4,True,2026-08-14 08:27:13-07:00
410.06,2,10,2026-08-14 15:33:57,37.04721,-121.57143,1097.0,140.5,143.9,-12.6,-0.29,KCVH,12.0,139.9,0.0,0.5,-2.9,131.7,140.8,950.0,0.1,-0.05,0.9,0.0,275.0,17.0,143.9,30.06,1428.0,78.0,5.0,308.0,0.0,0.0,0.0,128.0,0.0,0.0,5.0,-6.0,-99.0,0.0,0.0,0.0,0.0,0.0,0.0,-97.0,0.0,0.0,0.0,0.0,3.0,1.0,0.0,1200.0,90.0,36.0,2495.0,2495.0,22.1,11.8,0.0,11.8,31.4,0.0,0.0,10.0,0.0,0.0,8.0,37.4,32.5,0.0,0.0,0.0,0.0,169.0,716.0,164.0,712.0,171.0,705.0,172.0,710.0,0.0,0.0,-32.0,0.0,0.0,31.4,4.0,4.998,0.0,0.0,2.258,2.019,89.6,35.7,0.0,0.0,63.0,R,0.0,62.6,96.8,0.0,0.0,0.0,0.0,336.2,1320.8,327.2,1313.6,339.8,1301.0,341.6,1310.0,0.0,0.0,96.26,2495.0,336.20000000000005,273.6,33.660000000000004,0.5351666666666667,18075.585,11.906779661016948,141.28,144.23,343.4,True,2026-08-14 08:27:13-07:00
411.06,2,10,2026-08-14 15:33:58,37.04668,-121.57095,1101.0,139.9,143.7,-12.6,-0.29,KCVH,12.0,139.9,0.0,0.4,-1.3,132.0,140.4,952.0,0.3,-0.05,0.9,0.0,219.0,17.0,143.5,30.06,1431.0,81.0,4.0,308.0,0.0,0.0,0.0,128.0,0.0,0.0,5.0,-6.0,-99.0,0.0,0.0,0.0,0.0,0.0,0.0,-97.0,0.0,0.0,0.0,0.0,3.0,1.0,0.0,1200.0,90.0,36.0,2496.0,2496.0,22.1,11.5,0.0,11.5,31.2,0.0,0.0,10.0,0.0,0.0,7.9,37.4,32.5,0.0,0.0,0.0,0.0,169.0,714.0,164.0,710.0,171.0,703.0,172.0,708.0,0.0,0.0,-32.0,0.0,0.0,31.2,4.0,4.998,0.0,0.0,2.169,2.023,89.6,36.0,0.0,0.0,62.0,R,0.0,62.6,96.8,0.0,0.0,0.0,0.0,336.2,1317.2,327.2,1310.0,339.8,1297.4,341.6,1306.4,0.0,0.0,96.8,2496.0,336.20000000000005,273.6,34.199999999999996,0.5384027777777778,18312.055666666667,12.165217391304349,140.88,143.83,343.4,True,2026-08-14 08:27:13-07:00
412.06,2,10,2026-08-14 15:33:59,37.04616,-121.57048,1101.0,139.4,144.0,-12.6,-0.3,KCVH,12.0,139.9,0.0,0.6,-3.9,130.9,139.7,954.0,-0.7,-0.01,1.1,0.0,171.0,17.0,142.8,30.06,1433.0,82.0,4.0,308.0,0.0,0.0,0.0,128.0,0.0,0.0,5.0,-6.0,-99.0,0.0,0.0,0.0,0.0,0.0,0.0,-96.0,0.0,0.0,0.0,0.0,3.0,1.0,0.0,1200.0,89.0,36.0,2498.0,2498.0,21.9,11.3,0.0,11.3,31.3,0.0,0.0,10.0,0.0,0.0,7.7,37.4,32.5,0.0,0.0,0.0,0.0,170.0,712.0,164.0,708.0,171.0,701.0,172.0,706.0,0.0,0.0,-31.0,0.0,0.0,31.3,4.0,4.998,0.0,0.0,2.208,2.028,89.5,36.0,0.0,0.0,62.0,R,0.0,62.6,96.8,0.0,0.0,0.0,0.0,338.0,1313.6,327.2,1306.4,339.8,1293.8,341.6,1302.8,0.0,0.0,96.8,2498.0,336.65000000000003,274.05,34.199999999999996,0.5415694444444444,18547.598666666665,12.336283185840708,140.17999999999998,143.12,343.4,True,2026-08-14 08:27:13-07:00
413.06,2,10,2026-08-14 15:34:00,37.04564,-121.57001,1101.0,138.8,143.8,-12.6,-0.3,KCVH,11.9,139.9,0.0,0.7,-2.4,131.6,140.6,955.0,0.1,-0.03,1.1,0.0,108.0,17.0,143.7,30.06,1434.0,86.0,4.0,308.0,0.0,0.0,0.0,128.0,0.0,0.0,5.0,-6.0,-99.0,0.0,0.0,0.0,0.0,0.0,0.0,-96.0,0.0,0.0,0.0,0.0,3.0,1.0,0.0,1200.0,89.0,36.0,2499.0,2499.0,21.9,11.1,0.0,11.1,31.2,0.0,0.0,10.0,0.0,0.0,7.7,37.4,32.5,0.0,0.0,0.0,0.0,170.0,710.0,164.0,706.0,171.0,700.0,172.0,705.0,0.0,0.0,-31.0,0.0,0.0,31.2,4.0,4.998,0.0,0.0,2.305,2.026,89.4,36.1,0.0,0.0,61.0,R,0.0,62.6,96.8,0.0,0.0,0.0,0.0,338.0,1310.0,327.2,1302.8,339.8,1292.0,341.6,1301.0,0.0,0.0,96.98,2499.0,336.65000000000003,274.05,34.38,0.5446805555555556,18782.214,12.504504504504506,141.07999999999998,144.04,343.4,True,2026-08-14 08:27:13-07:00
414.06,2,10,2026-08-14 15:34:01,37.04512,-121.56953,1104.0,138.2,143.8,-12.6,-0.3,KCVH,11.9,139.9,0.0,1.0,-0.2,131.6,138.4,956.0,0.1,-0.03,1.0,0.0,115.0,17.0,141.5,30.06,1436.0,88.0,4.0,308.0,3500.0,0.0,0.0,128.0,0.0,0.0,5.0,-6.0,-99.0,3.0,2.0,0.0,0.0,0.0,0.0,-96.0,0.0,0.0,0.0,0.0,3.0,1.0,0.0,1200.0,89.0,36.0,2491.0,2491.0,21.9,11.0,0.0,11.0,31.2,0.0,0.0,10.0,0.0,0.0,7.9,37.4,32.5,0.0,0.0,0.0,0.0,170.0,708.0,164.0,705.0,171.0,698.0,172.0,704.0,0.0,0.0,-31.0,0.0,0.0,31.2,4.0,4.998,0.0,0.0,2.33,1.967,89.5,36.3,0.0,0.0,61.0,R,0.0,62.6,96.8,0.0,0.0,0.0,0.0,338.0,1306.4,327.2,1301.0,339.8,1288.4,341.6,1299.2,0.0,0.0,97.34,2491.0,336.65000000000003,274.05,34.74,0.54775,19015.817333333332,12.563636363636363,138.88,141.8,343.4,True,2026-08-14 08:27:13-07:00
415.06,2,10,2026-08-14 15:34:02,37.0446,-121.56906,1108.0,137.6,143.9,-12.6,-0.3,KCVH,11.9,139.8,0.0,1.4,-2.2,131.5,137.7,960.0,0.1,-0.03,1.0,0.0,140.0,17.0,140.7,30.06,1441.0,0.0,0.0,308.0,3500.0,0.0,0.0,128.0,0.0,0.0,5.0,-6.0,-99.0,3.0,2.0,0.0,-1.0,0.0,0.0,-96.0,0.0,0.0,0.0,0.0,3.0,1.0,0.0,1200.0,89.0,36.0,2493.0,2493.0,21.9,10.9,0.0,10.9,31.3,0.0,0.0,10.0,0.0,0.0,8.1,37.4,32.5,0.0,0.0,0.0,0.0,170.0,706.0,164.0,703.0,171.0,697.0,172.0,703.0,0.0,0.0,-31.0,0.0,0.0,31.3,4.0,4.998,0.0,0.0,2.262,1.949,89.4,36.5,0.0,0.0,61.0,R,0.0,62.6,96.8,0.0,0.0,0.0,0.0,338.0,1302.8,327.2,1297.4,339.8,1286.6,341.6,1297.4,0.0,0.0,97.7,2493.0,336.65000000000003,274.05,35.1,0.5507916666666667,19248.408666666666,12.623853211009173,138.17999999999998,141.09,343.4,True,2026-08-14 08:27:13-07:00
416.06,2,10,2026-08-14 15:34:03,37.04409,-121.5686,1111.0,137.0,143.9,-12.6,-0.3,KCVH,11.8,139.8,0.0,1.6,-3.9,131.0,137.1,963.0,-0.2,-0.02,1.0,0.0,175.0,17.0,140.2,30.06,1445.0,0.0,0.0,308.0,3400.0,0.0,0.0,128.0,0.0,0.0,5.0,-6.0,-99.0,3.0,2.0,0.0,0.0,0.0,0.0,-96.0,0.0,0.0,0.0,0.0,3.0,1.0,0.0,1200.0,89.0,37.0,2495.0,2495.0,21.9,10.8,0.0,10.8,31.3,0.0,0.0,10.0,0.0,0.0,8.1,37.4,32.5,0.0,0.0,0.0,0.0,170.0,704.0,164.0,702.0,171.0,696.0,172.0,701.0,0.0,0.0,-31.0,0.0,0.0,31.3,4.0,4.998,0.0,0.0,2.261,1.941,89.5,36.7,0.0,0.0,61.0,R,0.0,62.6,98.6,0.0,0.0,0.0,0.0,338.0,1299.2,327.2,1295.6,339.8,1284.8,341.6,1293.8,0.0,0.0,98.06,2495.0,336.65000000000003,274.05,35.46,0.5538055555555556,19479.987999999998,12.685185185185185,137.57999999999998,140.49,343.4,True,2026-08-14 08:27:13-07:00
417.06,2,10,2026-08-14 15:34:04,37.04358,-121.56813,1113.0,136.4,143.6,-12.6,-0.3,KCVH,11.8,139.8,0.0,1.5,-3.8,130.5,137.4,966.0,-0.2,-0.03,1.1,0.0,188.0,17.0,140.5,30.06,1447.0,0.0,0.0,308.0,3400.0,0.0,0.0,128.0,0.0,0.0,5.0,-6.0,-99.0,3.0,2.0,0.0,0.0,0.0,0.0,-96.0,0.0,0.0,0.0,0.0,3.0,1.0,0.0,1200.0,89.0,37.0,2493.0,2493.0,21.9,10.8,0.0,10.8,31.2,0.0,0.0,10.0,0.0,0.0,7.8,37.4,32.5,0.0,0.0,0.0,0.0,170.0,702.0,164.0,701.0,171.0,695.0,172.0,701.0,0.0,0.0,-31.0,0.0,0.0,31.2,4.0,4.998,0.0,0.0,2.208,1.936,89.3,36.8,0.0,0.0,61.0,R,0.0,62.6,98.6,0.0,0.0,0.0,0.0,338.0,1295.6,327.2,1293.8,339.8,1283.0,341.6,1293.8,0.0,0.0,98.24,2493.0,336.65000000000003,274.05,35.63999999999999,0.5568055555555556,19710.555333333334,12.62962962962963,137.88,140.8,343.4,True,2026-08-14 08:27:13-07:00
418.06,2,10,2026-08-14 15:34:05,37.04307,-121.56766,1117.0,135.8,143.3,-12.6,-0.31,KCVH,11.7,139.8,0.0,1.2,-4.2,130.2,136.5,971.0,-0.4,-0.04,0.9,0.0,224.0,17.0,139.6,30.06,1447.0,0.0,0.0,308.0,3500.0,0.0,0.0,128.0,0.0,0.0,5.0,-6.0,-99.0,3.0,2.0,0.0,0.0,0.0,0.0,-96.0,0.0,0.0,0.0,0.0,3.0,1.0,0.0,1200.0,89.0,37.0,2490.0,2490.0,21.9,10.7,0.0,10.7,31.3,0.0,0.0,10.0,0.0,0.0,7.9,37.4,32.5,0.0,0.0,0.0,0.0,170.0,702.0,165.0,700.0,171.0,694.0,172.0,700.0,0.0,0.0,-31.0,0.0,0.0,31.3,4.0,4.998,0.0,0.0,2.208,1.965,89.4,36.9,0.0,0.0,61.0,R,0.0,62.6,98.6,0.0,0.0,0.0,0.0,338.0,1295.6,329.0,1292.0,339.8,1281.2,341.6,1292.0,0.0,0.0,98.41999999999999,2490.0,337.1,274.5,35.819999999999986,0.5597916666666667,19940.110666666664,12.691588785046731,136.98,139.9,343.4,True,2026-08-14 08:27:13-07:00
419.06,2,10,2026-08-14 15:34:06,37.04257,-121.56719,1121.0,135.4,143.0,-12.6,-0.31,KCVH,11.7,139.8,0.0,1.3,-2.9,130.3,135.8,975.0,-0.2,-0.03,1.0,0.0,231.0,17.0,138.9,30.06,1449.0,0.0,0.0,308.0,3500.0,0.0,0.0,128.0,0.0,0.0,5.0,-6.0,-99.0,3.0,2.0,0.0,0.0,0.0,0.0,-97.0,0.0,0.0,0.0,0.0,3.0,1.0,0.0,1200.0,90.0,37.0,2495.0,2495.0,21.9,10.7,0.0,10.7,31.3,0.0,0.0,10.0,0.0,0.0,8.4,37.4,32.5,0.0,0.0,0.0,0.0,170.0,701.0,165.0,699.0,171.0,694.0,172.0,699.0,0.0,0.0,-31.0,0.0,0.0,31.3,4.0,4.998,0.0,0.0,2.181,1.969,89.5,37.1,0.0,0.0,61.0,R,0.0,62.6,98.6,0.0,0.0,0.0,0.0,338.0,1293.8,329.0,1290.2,339.8,1281.2,341.6,1290.2,0.0,0.0,98.78,2495.0,337.1,274.5,36.18,0.562763888888889,20168.822666666667,12.654205607476637,136.28,139.19,343.4,True,2026-08-14 08:27:13-07:00
420.06,2,10,2026-08-14 15:34:07,37.04207,-121.56673,1124.0,135.0,143.0,-12.6,-0.31,KCVH,11.7,139.8,0.0,1.3,-2.1,130.2,135.1,979.0,0.0,-0.03,0.9,0.0,218.0,17.0,138.2,30.06,1453.0,0.0,0.0,130.0,3500.0,0.0,0.0,128.0,0.0,0.0,5.0,-6.0,-99.0,3.0,0.0,0.0,-1.0,0.0,0.0,-97.0,0.0,0.0,0.0,0.0,3.0,1.0,0.0,1200.0,90.0,37.0,2492.0,2492.0,21.9,10.6,0.0,10.6,31.3,0.0,0.0,10.0,0.0,0.0,8.7,37.4,32.5,0.0,0.0,0.0,0.0,170.0,700.0,165.0,698.0,171.0,693.0,172.0,698.0,0.0,0.0,-31.0,0.0,0.0,31.3,4.0,4.998,0.0,0.0,2.164,1.998,89.7,37.2,0.0,0.0,61.0,R,0.0,62.6,98.6,0.0,0.0,0.0,0.0,338.0,1292.0,329.0,1288.4,339.8,1279.4,341.6,1288.4,0.0,0.0,98.96000000000001,2492.0,337.1,274.5,36.36000000000001,0.5657222222222222,20396.859999999997,12.735849056603774,135.57999999999998,138.49,343.4,True,2026-08-14 08:27:13-07:00
421.06,2,10,2026-08-14 15:34:08,37.04157,-121.56625,1126.0,134.8,142.8,-12.6,-0.31,KCVH,11.6,139.8,0.0,1.4,-1.4,130.1,133.7,981.0,0.5,-0.05,0.9,0.0,187.0,17.0,136.7,30.06,1456.0,0.0,0.0,130.0,3500.0,0.0,0.0,128.0,0.0,0.0,5.0,-6.0,-99.0,3.0,0.0,0.0,-1.0,0.0,0.0,-97.0,0.0,0.0,0.0,0.0,3.0,1.0,0.0,1200.0,90.0,37.0,2492.0,2492.0,21.9,10.6,0.0,10.6,31.3,0.0,0.0,10.0,0.0,0.0,8.8,37.4,32.5,0.0,0.0,0.0,0.0,170.0,699.0,165.0,697.0,171.0,692.0,172.0,698.0,0.0,0.0,-31.0,0.0,0.0,31.3,4.0,4.998,0.0,0.0,2.178,2.023,89.6,37.5,0.0,0.0,61.0,R,0.0,62.6,98.6,0.0,0.0,0.0,0.0,338.0,1290.2,329.0,1286.6,339.8,1277.6,341.6,1288.4,0.0,0.0,99.5,2492.0,337.1,274.5,36.9,0.5686666666666667,20624.391333333333,12.716981132075473,134.17999999999998,137.06,343.4,True,2026-08-14 08:27:13-07:00
422.06,2,10,2026-08-14 15:34:09,37.04107,-121.56579,1125.0,134.8,143.0,-12.6,-0.31,KCVH,11.6,139.8,0.0,1.4,-1.8,128.7,134.0,982.0,-0.3,-0.02,1.0,0.0,122.0,17.0,137.0,30.06,1457.0,0.0,0.0,130.0,3500.0,0.0,0.0,128.0,0.0,0.0,5.0,-6.0,-99.0,3.0,0.0,0.0,2.0,0.0,0.0,-97.0,0.0,0.0,0.0,0.0,3.0,1.0,0.0,1200.0,90.0,38.0,2496.0,2496.0,21.9,10.6,0.0,10.6,31.3,0.0,0.0,10.0,0.0,0.0,8.7,37.4,32.5,0.0,0.0,0.0,0.0,170.0,699.0,165.0,696.0,171.0,692.0,172.0,698.0,0.0,0.0,-31.0,0.0,0.0,31.3,4.0,4.998,0.0,0.0,2.206,2.028,89.6,37.5,0.0,0.0,61.0,R,0.0,62.6,100.4,0.0,0.0,0.0,0.0,338.0,1290.2,329.0,1284.8,339.8,1277.6,341.6,1288.4,0.0,0.0,99.5,2496.0,337.1,274.5,36.9,0.5716111111111111,20851.753999999997,12.716981132075473,134.48,137.37,343.4,True,2026-08-14 08:27:13-07:00
423.06,2,10,2026-08-14 15:34:10,37.04057,-121.56531,1125.0,134.8,142.9,-12.6,-0.31,KCVH,11.5,139.8,0.0,1.1,-1.2,128.4,133.8,982.0,-0.0,-0.03,0.9,0.0,58.0,17.0,136.7,30.06,1457.0,0.0,0.0,130.0,3500.0,0.0,0.0,128.0,0.0,0.0,5.0,-6.0,-99.0,3.0,0.0,0.0,1.0,0.0,0.0,-96.0,0.0,0.0,0.0,0.0,3.0,1.0,0.0,1200.0,90.0,38.0,2493.0,2493.0,21.9,10.6,0.0,10.6,31.4,0.0,0.0,10.0,0.0,0.0,8.8,37.4,32.5,0.0,0.0,0.0,0.0,170.0,698.0,165.0,695.0,171.0,691.0,172.0,697.0,0.0,0.0,-31.0,0.0,0.0,31.4,4.0,4.998,0.0,0.0,2.209,1.969,89.6,37.6,0.0,0.0,61.0,R,0.0,62.6,100.4,0.0,0.0,0.0,0.0,338.0,1288.4,329.0,1283.0,339.8,1275.8,341.6,1286.6,0.0,0.0,99.68,2493.0,337.1,274.5,37.080000000000005,0.5745555555555556,21079.116666666665,12.716981132075473,134.28,137.17,343.4,True,2026-08-14 08:27:13-07:00
424.06,2,10,2026-08-14 15:34:11,37.04008,-121.56484,1121.0,135.1,142.9,-12.6,-0.31,KCVH,11.5,139.7,0.0,0.9,-0.6,128.2,133.4,982.0,-0.0,-0.03,1.0,0.0,-49.0,17.0,136.4,30.06,1457.0,0.0,0.0,130.0,3500.0,0.0,0.0,128.0,0.0,0.0,5.0,-6.0,-99.0,3.0,0.0,0.0,1.0,0.0,0.0,-95.0,0.0,0.0,0.0,0.0,3.0,1.0,0.0,1200.0,90.0,38.0,2491.0,2491.0,21.9,10.6,0.0,10.6,31.4,0.0,0.0,10.0,0.0,0.0,8.9,37.4,32.5,0.0,0.0,0.0,0.0,170.0,698.0,165.0,694.0,171.0,691.0,172.0,696.0,0.0,0.0,-31.0,0.0,0.0,31.4,4.0,4.998,0.0,0.0,2.208,1.979,89.8,37.7,0.0,0.0,61.0,R,0.0,62.6,100.4,0.0,0.0,0.0,0.0,338.0,1288.4,329.0,1281.2,339.8,1275.8,341.6,1284.8,0.0,0.0,99.86,2491.0,337.1,274.5,37.26,0.5775,21306.732333333333,12.745283018867925,133.88,136.76,343.4,True,2026-08-14 08:27:13-07:00
425.06,2,10,2026-08-14 15:34:12,37.03957,-121.56437,1115.0,135.4,143.0,-12.6,-0.31,KCVH,11.5,139.7,0.0,1.0,-0.2,128.2,134.2,982.0,0.1,-0.02,1.1,0.0,-122.0,17.0,137.2,30.06,1456.0,0.0,0.0,130.0,3500.0,0.0,0.0,128.0,0.0,0.0,5.0,-6.0,-99.0,3.0,0.0,0.0,1.0,0.0,0.0,-95.0,0.0,0.0,0.0,0.0,3.0,1.0,0.0,1200.0,90.0,38.0,2496.0,2496.0,21.9,10.6,0.0,10.6,31.4,0.0,0.0,10.0,0.0,0.0,9.1,37.4,32.5,0.0,0.0,0.0,0.0,170.0,698.0,165.0,694.0,171.0,690.0,172.0,695.0,0.0,0.0,-31.0,0.0,0.0,31.4,4.0,4.998,0.0,0.0,2.197,1.968,89.5,37.9,0.0,0.0,61.0,R,0.0,62.6,100.4,0.0,0.0,0.0,0.0,338.0,1288.4,329.0,1281.2,339.8,1274.0,341.6,1283.0,0.0,0.0,100.22,2496.0,337.1,274.5,37.62,0.5804444444444444,21534.854,12.773584905660378,134.67999999999998,137.57,343.4,True,2026-08-14 08:27:13-07:00
426.06,2,10,2026-08-14 15:34:13,37.03907,-121.5639,1112.0,135.6,143.2,-12.6,-0.32,KCVH,11.4,139.7,0.0,0.9,0.1,128.4,134.7,977.0,0.2,-0.03,1.0,0.0,-216.0,17.0,137.7,30.06,1456.0,0.0,0.0,130.0,3500.0,0.0,0.0,128.0,0.0,0.0,5.0,-6.0,-99.0,3.0,0.0,0.0,1.0,0.0,0.0,-94.0,0.0,0.0,0.0,0.0,3.0,1.0,0.0,1200.0,90.0,38.0,2496.0,2496.0,21.8,10.6,0.0,10.6,31.3,0.0,0.0,10.0,0.0,0.0,9.1,37.4,32.5,0.0,0.0,0.0,0.0,170.0,697.0,165.0,694.0,171.0,690.0,172.0,695.0,0.0,0.0,-31.0,0.0,0.0,31.3,4.0,4.998,0.0,0.0,2.189,2.025,89.7,38.2,0.0,0.0,61.0,R,0.0,62.6,100.4,0.0,0.0,0.0,0.0,338.0,1286.6,329.0,1281.2,339.8,1274.0,341.6,1283.0,0.0,0.0,100.76,2496.0,337.1,274.5,38.160000000000004,0.5833888888888888,21763.39733333333,12.79245283018868,135.17999999999998,138.07,343.4,True,2026-08-14 08:27:13-07:00
427.06,2,10,2026-08-14 15:34:14,37.03857,-121.56343,1107.0,135.7,143.4,-12.6,-0.32,KCVH,11.4,139.7,0.0,1.0,0.2,129.0,134.9,973.0,0.4,-0.03,1.0,0.0,-235.0,17.0,137.9,30.06,1454.0,0.0,0.0,130.0,3500.0,0.0,0.0,128.0,0.0,0.0,5.0,-6.0,-99.0,3.0,0.0,0.0,1.0,0.0,0.0,-94.0,0.0,0.0,0.0,0.0,3.0,1.0,0.0,1200.0,90.0,38.0,2498.0,2498.0,21.9,10.6,0.0,10.6,31.3,0.0,0.0,10.0,0.0,0.0,8.8,37.4,32.5,0.0,0.0,0.0,0.0,170.0,697.0,165.0,694.0,171.0,689.0,172.0,694.0,0.0,0.0,-31.0,0.0,0.0,31.3,4.0,4.998,0.0,0.0,2.183,1.978,89.7,38.3,0.0,0.0,61.0,R,0.0,62.6,100.4,0.0,0.0,0.0,0.0,338.0,1286.6,329.0,1281.2,339.8,1272.2,341.6,1281.2,0.0,0.0,100.94,2498.0,337.1,274.5,38.339999999999996,0.5863333333333334,21992.193666666666,12.80188679245283,135.38,138.27,343.4,True,2026-08-14 08:27:13-07:00
428.06,2,10,2026-08-14 15:34:15,37.03806,-121.56297,1105.0,135.6,143.6,-12.6,-0.32,KCVH,11.4,139.7,0.0,1.1,0.7,129.6,135.0,970.0,0.4,-0.03,1.0,0.0,-202.0,17.0,138.0,30.06,1451.0,0.0,0.0,129.0,3500.0,0.0,0.0,128.0,0.0,0.0,5.0,-6.0,-99.0,3.0,0.0,0.0,0.0,0.0,0.0,-96.0,0.0,0.0,0.0,0.0,3.0,1.0,0.0,1200.0,90.0,38.0,2496.0,2496.0,21.9,10.6,0.0,10.6,31.3,0.0,0.0,10.0,0.0,0.0,8.8,37.4,32.5,0.0,0.0,0.0,0.0,170.0,697.0,165.0,693.0,171.0,690.0,172.0,694.0,0.0,0.0,-31.0,0.0,0.0,31.3,4.0,4.998,0.0,0.0,2.163,2.007,89.6,38.3,0.0,0.0,61.0,R,0.0,62.6,100.4,0.0,0.0,0.0,0.0,338.0,1286.6,329.0,1279.4,339.8,1274.0,341.6,1281.2,0.0,0.0,100.94,2496.0,337.1,274.5,38.339999999999996,0.5892777777777778,22220.989999999998,12.79245283018868,135.48,138.36,343.4,True,2026-08-14 08:27:13-07:00
429.06,2,10,2026-08-14 15:34:16,37.03756,-121.5625,1103.0,135.3,143.9,-12.6,-0.32,KCVH,11.3,139.7,0.0,1.0,0.0,130.1,135.7,969.0,0.3,-0.03,1.0,0.0,-148.0,17.0,138.7,30.06,1449.0,0.0,0.0,128.0,3500.0,0.0,0.0,128.0,0.0,0.0,5.0,-6.0,-99.0,3.0,0.0,0.0,-1.0,0.0,0.0,-95.0,0.0,0.0,0.0,0.0,3.0,1.0,0.0,1200.0,90.0,38.0,2496.0,2496.0,21.9,10.6,0.0,10.6,31.3,0.0,0.0,10.0,0.0,0.0,9.0,37.4,32.5,0.0,0.0,0.0,0.0,170.0,697.0,165.0,693.0,171.0,689.0,172.0,694.0,0.0,0.0,-31.0,0.0,0.0,31.3,4.0,4.998,0.0,0.0,2.161,2.029,89.6,38.5,0.0,0.0,61.0,R,0.0,62.6,100.4,0.0,0.0,0.0,0.0,338.0,1286.6,329.0,1279.4,339.8,1272.2,341.6,1281.2,0.0,0.0,101.3,2496.0,337.1,274.5,38.699999999999996,0.5922222222222222,22449.448999999997,12.764150943396228,136.17999999999998,139.07,343.4,True,2026-08-14 08:27:13-07:00
430.06,2,10,2026-08-14 15:34:17,37.03705,-121.56204,1104.0,135.0,144.0,-12.6,-0.32,KCVH,11.3,139.7,0.0,1.0,-1.0,130.3,134.9,969.0,-0.1,-0.03,1.0,0.0,-88.0,17.0,137.9,30.06,1438.0,0.0,0.0,128.0,3500.0,0.0,0.0,128.0,0.0,0.0,5.0,-6.0,-99.0,3.0,0.0,0.0,1.0,0.0,0.0,-95.0,0.0,0.0,0.0,0.0,3.0,1.0,0.0,1200.0,90.0,39.0,2495.0,2495.0,21.9,10.6,0.0,10.6,31.3,0.0,0.0,9.9,0.0,0.0,9.1,37.4,32.5,0.0,0.0,0.0,0.0,170.0,697.0,165.0,693.0,171.0,689.0,172.0,694.0,0.0,0.0,-31.0,0.0,0.0,31.3,4.0,4.998,0.0,0.0,2.172,2.028,89.6,38.6,0.0,0.0,61.0,R,0.0,62.6,102.2,0.0,0.0,0.0,0.0,338.0,1286.6,329.0,1279.4,339.8,1272.2,341.6,1281.2,0.0,0.0,101.48,2495.0,337.1,274.5,38.88,0.5951666666666666,22677.402,12.735849056603774,135.38,138.26,343.4,True,2026-08-14 08:27:13-07:00
431.06,2,10,2026-08-14 15:34:18,37.03654,-121.56158,1106.0,134.7,143.9,-12.6,-0.32,KCVH,11.2,139.7,0.0,1.1,-0.1,131.2,134.7,969.0,0.4,-0.03,0.9,0.0,-35.0,17.0,137.7,30.06,1438.0,0.0,0.0,128.0,3500.0,0.0,0.0,128.0,0.0,0.0,5.0,-6.0,-99.0,3.0,0.0,0.0,-3.0,0.0,0.0,-95.0,0.0,0.0,0.0,0.0,3.0,0.0,0.0,1200.0,90.0,39.0,2495.0,2495.0,21.9,10.6,0.0,10.6,31.4,0.0,0.0,9.9,0.0,0.0,9.1,37.4,32.5,0.0,0.0,0.0,0.0,170.0,697.0,165.0,693.0,171.0,689.0,172.0,693.0,0.0,0.0,-31.0,0.0,0.0,31.4,4.0,4.998,0.0,0.0,2.208,2.024,89.6,38.9,0.0,0.0,61.0,R,0.0,62.6,102.2,0.0,0.0,0.0,0.0,338.0,1286.6,329.0,1279.4,339.8,1272.2,341.6,1279.4,0.0,0.0,102.02,2495.0,337.1,274.5,39.419999999999995,0.5981111111111111,22904.849,12.70754716981132,135.17999999999998,138.05,343.4,True,2026-08-14 08:27:13-07:00
432.06,2,10,2026-08-14 15:34:19,37.03604,-121.56113,1107.0,134.3,144.1,-12.6,-0.32,KCVH,11.2,139.6,0.0,1.4,-2.7,130.7,133.8,969.0,0.1,-0.04,1.0,0.0,4.0,17.0,136.8,30.06,1438.0,0.0,0.0,128.0,3500.0,0.0,0.0,128.0,0.0,0.0,5.0,-6.0,-99.0,3.0,0.0,0.0,1.0,0.0,0.0,-96.0,0.0,0.0,0.0,0.0,3.0,1.0,0.0,1200.0,89.0,39.0,2495.0,2495.0,21.9,10.6,0.0,10.6,31.2,0.0,0.0,9.9,0.0,0.0,8.9,37.4,32.5,0.0,0.0,0.0,0.0,170.0,697.0,165.0,693.0,171.0,689.0,172.0,693.0,0.0,0.0,-31.0,0.0,0.0,31.2,4.0,4.998,0.0,0.0,2.195,1.975,89.5,39.0,0.0,0.0,61.0,R,0.0,62.6,102.2,0.0,0.0,0.0,0.0,338.0,1286.6,329.0,1279.4,339.8,1272.2,341.6,1279.4,0.0,0.0,102.2,2495.0,337.1,274.5,39.6,0.6010555555555556,23131.705666666665,12.669811320754718,134.28,137.13,343.4,True,2026-08-14 08:27:13-07:00
433.06,2,10,2026-08-14 15:34:20,37.03553,-121.56067,1109.0,134.0,143.9,-12.6,-0.33,KCVH,11.2,139.6,0.0,1.4,-2.1,130.6,133.4,969.0,-0.1,-0.01,0.9,0.0,46.0,17.0,136.3,30.06,1429.0,0.0,0.0,128.0,3500.0,0.0,0.0,128.0,0.0,0.0,5.0,-7.0,-99.0,3.0,0.0,0.0,0.0,0.0,0.0,-95.0,0.0,0.0,0.0,0.0,3.0,1.0,0.0,1200.0,89.0,39.0,2495.0,2495.0,22.0,10.6,0.0,10.6,31.3,0.0,0.0,9.9,0.0,0.0,8.9,37.4,32.5,0.0,0.0,0.0,0.0,170.0,696.0,166.0,693.0,171.0,689.0,171.0,693.0,0.0,0.0,-31.0,0.0,0.0,31.3,4.0,4.998,0.0,0.0,2.192,1.985,89.4,39.0,0.0,0.0,61.0,R,0.0,62.6,102.2,0.0,0.0,0.0,0.0,338.0,1284.8,330.8,1279.4,339.8,1272.2,339.8,1279.4,0.0,0.0,102.2,2495.0,337.1,274.5,39.6,0.604,23357.971999999998,12.641509433962264,133.88,136.72,343.4,True,2026-08-14 08:27:13-07:00
434.06,2,10,2026-08-14 15:34:21,37.03503,-121.56022,1110.0,133.8,143.8,-12.6,-0.33,KCVH,11.1,139.6,0.0,1.5,-2.4,130.0,133.4,969.0,-0.1,-0.03,1.0,0.0,55.0,17.0,136.3,30.06,1429.0,0.0,0.0,128.0,3500.0,0.0,0.0,128.0,0.0,0.0,5.0,-7.0,-99.0,3.0,0.0,0.0,0.0,0.0,0.0,-95.0,0.0,0.0,0.0,0.0,3.0,1.0,0.0,1200.0,89.0,39.0,2494.0,2494.0,22.0,10.6,0.0,10.6,23.4,0.0,0.0,9.9,0.0,0.0,8.2,37.4,32.5,0.0,0.0,0.0,0.0,170.0,696.0,166.0,693.0,171.0,689.0,171.0,693.0,0.0,0.0,-31.0,0.0,0.0,23.4,4.0,4.998,0.0,0.0,2.167,1.968,89.4,39.0,0.0,0.0,61.0,R,0.0,62.6,102.2,0.0,0.0,0.0,0.0,338.0,1284.8,330.8,1279.4,339.8,1272.2,339.8,1279.4,0.0,0.0,102.2,2494.0,337.1,274.5,39.6,0.6069444444444445,23583.816666666666,12.622641509433963,133.88,136.72,343.4,True,2026-08-14 08:27:13-07:00
435.06,2,10,2026-08-14 15:34:22,37.03453,-121.55975,1111.0,133.8,143.5,-12.6,-0.33,KCVH,11.1,139.6,0.0,1.3,-2.7,129.8,132.8,969.0,-0.1,-0.04,1.0,0.0,65.0,17.0,135.7,30.06,1429.0,0.0,0.0,128.0,3500.0,0.0,0.0,128.0,0.0,0.0,5.0,-7.0,-99.0,3.0,0.0,0.0,0.0,0.0,0.0,-94.0,0.0,0.0,0.0,0.0,3.0,1.0,0.0,1200.0,89.0,39.0,2492.0,2492.0,22.0,10.6,0.0,10.6,24.0,0.0,0.0,9.9,0.0,0.0,7.3,37.4,32.5,0.0,0.0,0.0,0.0,170.0,696.0,166.0,693.0,171.0,688.0,171.0,693.0,0.0,0.0,-31.0,0.0,0.0,24.0,4.0,4.998,0.0,0.0,2.184,1.969,89.3,39.2,0.0,0.0,62.0,R,0.0,62.6,102.2,0.0,0.0,0.0,0.0,338.0,1284.8,330.8,1279.4,339.8,1270.4,339.8,1279.4,0.0,0.0,102.56,2492.0,337.1,274.5,39.96,0.6098888888888889,23809.492666666665,12.622641509433963,133.28,136.11,343.4,True,2026-08-14 08:27:13-07:00
436.06,2,10,2026-08-14 15:34:23,37.03403,-121.5593,1109.0,133.8,143.4,-12.6,-0.33,KCVH,11.1,139.6,0.0,1.2,-2.3,129.5,133.1,969.0,-0.5,-0.02,1.0,0.0,14.0,17.0,136.0,30.06,1429.0,0.0,0.0,128.0,3500.0,0.0,0.0,129.0,0.0,0.0,5.0,-7.0,-99.0,3.0,0.0,0.0,0.0,0.0,0.0,-94.0,0.0,0.0,0.0,0.0,3.0,1.0,0.0,1200.0,89.0,39.0,2490.0,2490.0,22.2,10.6,0.0,10.6,24.1,0.0,0.0,9.9,0.0,0.0,6.8,37.4,32.5,0.0,0.0,0.0,0.0,170.0,696.0,166.0,693.0,171.0,687.0,171.0,693.0,0.0,0.0,-31.0,0.0,0.0,24.1,4.0,4.998,0.0,0.0,2.167,2.013,89.2,39.4,0.0,0.0,62.0,R,0.0,62.6,102.2,0.0,0.0,0.0,0.0,338.0,1284.8,330.8,1279.4,339.8,1268.6,339.8,1279.4,0.0,0.0,102.91999999999999,2490.0,337.1,274.5,40.319999999999986,0.6128333333333333,24035.168666666665,12.622641509433963,133.57999999999998,136.42,343.4,True,2026-08-14 08:27:13-07:00
437.06,2,10,2026-08-14 15:34:24,37.03354,-121.55883,1108.0,133.8,143.3,-12.6,-0.33,KCVH,11.0,139.6,0.0,1.3,-2.4,129.6,133.0,969.0,-0.1,-0.03,1.1,0.0,-39.0,17.0,135.9,30.06,1429.0,0.0,0.0,128.0,3500.0,0.0,0.0,129.0,0.0,0.0,5.0,-7.0,-99.0,3.0,0.0,0.0,0.0,0.0,0.0,-94.0,0.0,0.0,0.0,0.0,3.0,1.0,0.0,1200.0,89.0,40.0,2494.0,2494.0,22.2,10.6,0.0,10.6,24.2,0.0,0.0,9.9,0.0,0.0,6.2,37.4,32.5,0.0,0.0,0.0,0.0,170.0,696.0,166.0,692.0,171.0,687.0,171.0,693.0,0.0,0.0,-31.0,0.0,0.0,24.2,4.0,4.998,0.0,0.0,2.157,1.967,89.3,39.6,0.0,0.0,62.0,R,0.0,62.6,104.0,0.0,0.0,0.0,0.0,338.0,1284.8,330.8,1277.6,339.8,1268.6,339.8,1279.4,0.0,0.0,103.28,2494.0,337.1,274.5,40.68,0.6157777777777778,24260.844666666664,12.622641509433963,133.48,136.32,343.4,True,2026-08-14 08:27:13-07:00
438.06,2,10,2026-08-14 15:34:25,37.03304,-121.55836,1107.0,133.8,143.1,-12.6,-0.33,KCVH,11.0,139.6,0.0,1.5,-2.8,129.5,132.7,969.0,-0.1,-0.03,1.1,0.0,-40.0,17.0,135.6,30.06,1429.0,0.0,0.0,128.0,3500.0,0.0,0.0,129.0,0.0,0.0,5.0,-7.0,-99.0,3.0,0.0,0.0,1.0,0.0,0.0,-95.0,0.0,0.0,0.0,0.0,3.0,1.0,0.0,1200.0,89.0,40.0,2493.0,2493.0,22.2,10.6,0.0,10.6,24.2,0.0,0.0,9.9,0.0,0.0,5.9,37.4,32.5,0.0,0.0,0.0,0.0,170.0,695.0,166.0,693.0,171.0,687.0,171.0,693.0,0.0,0.0,-32.0,0.0,0.0,24.2,4.0,4.998,0.0,0.0,2.158,1.987,89.2,39.6,0.0,0.0,63.0,R,0.0,62.6,104.0,0.0,0.0,0.0,0.0,338.0,1283.0,330.8,1279.4,339.8,1268.6,339.8,1279.4,0.0,0.0,103.28,2493.0,337.1,274.5,40.68,0.6187222222222223,24486.520666666664,12.622641509433963,133.17999999999998,136.01,343.4,True,2026-08-14 08:27:13-07:00
439.06,2,10,2026-08-14 15:34:26,37.03255,-121.5579,1108.0,133.7,142.8,-12.6,-0.33,KCVH,11.0,139.6,0.0,1.6,-1.9,129.9,133.2,969.0,0.1,-0.02,1.0,0.0,22.0,17.0,136.1,30.06,1429.0,0.0,0.0,128.0,3500.0,0.0,0.0,129.0,0.0,0.0,5.0,-7.0,-99.0,3.0,0.0,0.0,-1.0,0.0,0.0,-96.0,0.0,0.0,0.0,0.0,3.0,1.0,0.0,1200.0,89.0,40.0,2497.0,2497.0,22.2,10.7,0.0,10.7,24.3,0.0,0.0,9.9,0.0,0.0,5.8,37.4,32.5,0.0,0.0,0.0,0.0,170.0,695.0,166.0,693.0,171.0,687.0,171.0,693.0,0.0,0.0,-32.0,0.0,0.0,24.3,4.0,4.998,0.0,0.0,2.159,2.004,89.2,39.7,0.0,0.0,63.0,R,0.0,62.6,104.0,0.0,0.0,0.0,0.0,338.0,1283.0,330.8,1279.4,339.8,1268.6,339.8,1279.4,0.0,0.0,103.46000000000001,2497.0,337.1,274.5,40.86000000000001,0.6216805555555556,24712.11233333333,12.495327102803738,133.67999999999998,136.52,343.4,True,2026-08-14 08:27:13-07:00
440.06,2,10,2026-08-14 15:34:27,37.03205,-121.55743,1110.0,133.6,142.8,-12.6,-0.33,KCVH,10.9,139.5,0.0,1.3,-3.4,129.1,133.0,969.0,-0.2,-0.03,0.9,0.0,24.0,17.0,135.9,30.06,1429.0,0.0,0.0,128.0,3500.0,0.0,0.0,129.0,0.0,0.0,5.0,-7.0,-99.0,3.0,0.0,0.0,2.0,0.0,0.0,-94.0,0.0,0.0,0.0,0.0,3.0,1.0,0.0,1200.0,89.0,40.0,2494.0,2494.0,22.2,10.7,0.0,10.7,24.3,0.0,0.0,9.9,0.0,0.0,5.9,37.4,32.5,0.0,0.0,0.0,0.0,170.0,695.0,166.0,692.0,171.0,687.0,171.0,693.0,0.0,0.0,-31.0,0.0,0.0,24.3,4.0,4.998,0.0,0.0,2.159,1.968,89.0,39.9,0.0,0.0,63.0,R,0.0,62.6,104.0,0.0,0.0,0.0,0.0,338.0,1283.0,330.8,1277.6,339.8,1268.6,339.8,1279.4,0.0,0.0,103.82,2494.0,337.1,274.5,41.21999999999999,0.6246527777777778,24937.535333333333,12.485981308411215,133.48,136.32,343.4,True,2026-08-14 08:27:13-07:00
441.06,2,10,2026-08-14 15:34:28,37.03156,-121.55697,1108.0,133.5,142.4,-12.6,-0.34,KCVH,10.9,139.5,0.0,1.0,-3.2,129.2,133.5,969.0,-0.3,-0.02,1.0,0.0,49.0,17.0,136.5,30.06,1428.0,0.0,0.0,128.0,3500.0,0.0,0.0,129.0,0.0,0.0,5.0,-7.0,-99.0,3.0,0.0,0.0,1.0,0.0,0.0,-94.0,0.0,0.0,0.0,0.0,3.0,1.0,0.0,1200.0,89.0,40.0,2497.0,2497.0,22.2,10.7,0.0,10.7,24.3,0.0,0.0,9.9,0.0,0.0,5.9,37.4,32.5,0.0,0.0,0.0,0.0,170.0,695.0,166.0,692.0,171.0,687.0,171.0,693.0,0.0,0.0,-31.0,0.0,0.0,24.3,4.0,4.998,0.0,0.0,2.159,1.947,88.8,40.1,0.0,0.0,63.0,R,0.0,62.6,104.0,0.0,0.0,0.0,0.0,338.0,1283.0,330.8,1277.6,339.8,1268.6,339.8,1279.4,0.0,0.0,104.18,2497.0,337.1,274.5,41.580000000000005,0.627625,25162.789666666664,12.476635514018692,133.98,136.83,343.4,True,2026-08-14 08:27:13-07:00
442.06,2,10,2026-08-14 15:34:29,37.03107,-121.5565,1109.0,133.4,142.1,-12.6,-0.34,KCVH,10.8,139.5,0.0,1.0,-3.3,129.0,133.3,969.0,-0.4,-0.02,1.0,0.0,23.0,17.0,136.2,30.06,1428.0,0.0,0.0,128.0,3500.0,0.0,0.0,129.0,0.0,0.0,5.0,-7.0,-99.0,3.0,0.0,0.0,2.0,0.0,0.0,-94.0,0.0,0.0,0.0,0.0,3.0,1.0,0.0,1200.0,89.0,40.0,2493.0,2493.0,22.2,10.7,0.0,10.7,24.3,0.0,0.0,9.9,0.0,0.0,5.7,37.4,32.5,0.0,0.0,0.0,0.0,170.0,695.0,166.0,692.0,171.0,687.0,171.0,692.0,0.0,0.0,-31.0,0.0,0.0,24.3,4.0,4.998,0.0,0.0,2.128,1.996,88.8,40.3,0.0,0.0,63.0,R,0.0,62.6,104.0,0.0,0.0,0.0,0.0,338.0,1283.0,330.8,1277.6,339.8,1268.6,339.8,1277.6,0.0,0.0,104.53999999999999,2493.0,337.1,274.5,41.93999999999999,0.6305972222222223,25387.87533333333,12.46728971962617,133.78,136.62,343.4,True,2026-08-14 08:27:13-07:00
443.06,2,10,2026-08-14 15:34:30,37.03059,-121.55602,1111.0,133.1,141.9,-12.6,-0.34,KCVH,10.8,139.5,0.0,1.5,-1.9,129.4,132.5,969.0,-0.5,0.0,1.0,0.0,63.0,17.0,135.4,30.06,1428.0,0.0,0.0,128.0,3500.0,0.0,0.0,129.0,0.0,0.0,5.0,-7.0,-99.0,3.0,0.0,0.0,0.0,0.0,0.0,-95.0,0.0,0.0,0.0,0.0,3.0,1.0,0.0,1200.0,89.0,40.0,2490.0,2490.0,22.2,10.7,0.0,10.7,24.3,0.0,0.0,9.9,0.0,0.0,5.6,37.4,32.5,0.0,0.0,0.0,0.0,170.0,695.0,166.0,692.0,171.0,687.0,171.0,693.0,0.0,0.0,-31.0,0.0,0.0,24.3,4.0,4.998,0.0,0.0,2.108,1.975,88.8,40.2,0.0,0.0,63.0,R,0.0,62.6,104.0,0.0,0.0,0.0,0.0,338.0,1283.0,330.8,1277.6,339.8,1268.6,339.8,1279.4,0.0,0.0,104.36,2490.0,337.1,274.5,41.76,0.6335694444444444,25612.623666666666,12.439252336448599,132.98,135.81,343.4,True,2026-08-14 08:27:13-07:00
444.06,2,10,2026-08-14 15:34:31,37.0301,-121.55555,1114.0,132.9,141.8,-12.6,-0.34,KCVH,10.8,139.5,0.0,1.6,-1.9,129.5,132.4,970.0,-0.1,-0.0,0.9,0.0,92.0,17.0,135.3,30.06,1420.0,0.0,0.0,128.0,3500.0,0.0,0.0,129.0,0.0,0.0,5.0,-7.0,-99.0,3.0,0.0,0.0,0.0,0.0,0.0,-96.0,0.0,0.0,0.0,0.0,3.0,1.0,0.0,1200.0,89.0,40.0,2495.0,2495.0,22.2,10.7,0.0,10.7,24.3,0.0,0.0,9.9,0.0,0.0,5.6,37.4,32.5,0.0,0.0,0.0,0.0,169.0,694.0,166.0,691.0,171.0,688.0,171.0,693.0,0.0,0.0,-31.0,0.0,0.0,24.3,4.0,4.998,0.0,0.0,2.109,2.039,88.8,40.4,0.0,0.0,63.0,R,0.0,62.6,104.0,0.0,0.0,0.0,0.0,336.2,1281.2,330.8,1275.8,339.8,1270.4,339.8,1279.4,0.0,0.0,104.72,2495.0,336.65000000000003,274.05,42.12,0.6365416666666667,25836.95033333333,12.420560747663552,132.88,135.71,343.4,True,2026-08-14 08:27:13-07:00
445.06,2,10,2026-08-14 15:34:32,37.02962,-121.55507,1115.0,132.7,141.6,-12.6,-0.34,KCVH,10.7,139.5,0.0,1.5,-2.9,128.9,131.3,973.0,-0.2,-0.02,0.9,0.0,108.0,17.0,134.2,30.06,1420.0,0.0,0.0,128.0,3500.0,0.0,0.0,129.0,0.0,0.0,5.0,-7.0,-99.0,3.0,0.0,0.0,2.0,0.0,0.0,-95.0,0.0,0.0,0.0,0.0,3.0,1.0,0.0,1200.0,89.0,40.0,2493.0,2493.0,22.2,10.7,0.0,10.7,24.3,0.0,0.0,9.9,0.0,0.0,5.8,37.4,32.5,0.0,0.0,0.0,0.0,169.0,694.0,166.0,691.0,170.0,688.0,171.0,692.0,0.0,0.0,-31.0,0.0,0.0,24.3,4.0,4.998,0.0,0.0,2.111,2.052,88.7,40.5,0.0,0.0,63.0,R,0.0,62.6,104.0,0.0,0.0,0.0,0.0,336.2,1281.2,330.8,1275.8,338.0,1270.4,339.8,1277.6,0.0,0.0,104.9,2493.0,336.2,273.59999999999997,42.300000000000004,0.6395138888888889,26060.939666666665,12.401869158878505,131.78,134.59,343.4,True,2026-08-14 08:27:13-07:00
446.06,2,10,2026-08-14 15:34:33,37.02914,-121.5546,1116.0,132.7,141.1,-12.6,-0.34,KCVH,10.7,139.5,0.0,1.5,-1.9,129.0,131.7,975.0,0.1,-0.01,0.9,0.0,128.0,17.0,134.6,30.06,1420.0,0.0,0.0,128.0,3500.0,0.0,0.0,129.0,0.0,0.0,5.0,-7.0,-99.0,3.0,0.0,0.0,-1.0,0.0,0.0,-95.0,0.0,0.0,0.0,0.0,3.0,1.0,0.0,1200.0,89.0,41.0,2492.0,2492.0,22.2,10.7,0.0,10.7,24.4,0.0,0.0,9.9,0.0,0.0,5.9,37.4,32.5,0.0,0.0,0.0,0.0,169.0,694.0,166.0,692.0,170.0,688.0,171.0,693.0,0.0,0.0,-31.0,0.0,0.0,24.4,4.0,4.998,0.0,0.0,2.111,2.094,88.7,40.7,0.0,0.0,63.0,R,0.0,62.6,105.8,0.0,0.0,0.0,0.0,336.2,1281.2,330.8,1277.6,338.0,1270.4,339.8,1279.4,0.0,0.0,105.26,2492.0,336.2,273.59999999999997,42.660000000000004,0.6424861111111111,26284.76033333333,12.401869158878505,132.17999999999998,135.0,343.4,True,2026-08-14 08:27:13-07:00
447.06,2,10,2026-08-14 15:34:34,37.02866,-121.55411,1117.0,132.7,140.9,-12.6,-0.34,KCVH,10.7,139.5,0.0,1.4,-3.2,127.7,130.9,977.0,-0.2,-0.04,1.0,0.0,99.0,17.0,133.8,30.06,1428.0,0.0,0.0,128.0,3500.0,0.0,0.0,129.0,0.0,0.0,5.0,-7.0,-99.0,3.0,0.0,0.0,2.0,0.0,0.0,-95.0,0.0,0.0,0.0,0.0,3.0,1.0,0.0,1200.0,89.0,41.0,2491.0,2491.0,22.2,10.7,0.0,10.7,24.4,0.0,0.0,9.9,0.0,0.0,5.7,37.4,32.5,0.0,0.0,0.0,0.0,169.0,694.0,166.0,692.0,170.0,688.0,171.0,693.0,0.0,0.0,-31.0,0.0,0.0,24.4,4.0,4.998,0.0,0.0,2.063,2.124,88.7,40.9,0.0,0.0,63.0,R,0.0,62.6,105.8,0.0,0.0,0.0,0.0,336.2,1281.2,330.8,1277.6,338.0,1270.4,339.8,1279.4,0.0,0.0,105.61999999999999,2491.0,336.2,273.59999999999997,43.01999999999999,0.6454583333333334,26508.581,12.401869158878505,131.38,134.19,343.4,True,2026-08-14 08:27:13-07:00
448.06,2,10,2026-08-14 15:34:35,37.02818,-121.55363,1116.0,133.0,140.7,-12.6,-0.34,KCVH,10.6,139.5,0.0,1.5,-1.5,127.2,131.5,977.0,-0.9,0.04,1.0,0.0,28.0,17.0,134.4,30.06,1428.0,0.0,0.0,128.0,3500.0,0.0,0.0,129.0,0.0,0.0,5.0,-7.0,-99.0,3.0,0.0,0.0,2.0,0.0,0.0,-94.0,0.0,0.0,0.0,0.0,3.0,1.0,0.0,1200.0,89.0,41.0,2491.0,2491.0,22.2,10.7,0.0,10.7,24.4,0.0,0.0,9.9,0.0,0.0,5.5,37.4,32.5,0.0,0.0,0.0,0.0,169.0,694.0,166.0,692.0,170.0,688.0,171.0,693.0,0.0,0.0,-31.0,0.0,0.0,24.4,4.0,4.998,0.0,0.0,2.062,2.141,89.0,40.9,0.0,0.0,63.0,R,0.0,62.6,105.8,0.0,0.0,0.0,0.0,336.2,1281.2,330.8,1277.6,338.0,1270.4,339.8,1279.4,0.0,0.0,105.61999999999999,2491.0,336.2,273.59999999999997,43.01999999999999,0.6484305555555555,26732.654666666665,12.429906542056075,131.98,134.8,343.4,True,2026-08-14 08:27:13-07:00
449.06,2,10,2026-08-14 15:34:36,37.02771,-121.55314,1114.0,133.1,140.9,-12.6,-0.34,KCVH,10.6,139.5,0.0,1.5,-1.4,127.5,131.4,977.0,-0.0,-0.01,1.0,0.0,-6.0,17.0,134.2,30.06,1428.0,0.0,0.0,128.0,3500.0,0.0,0.0,129.0,0.0,0.0,5.0,-7.0,-99.0,3.0,0.0,0.0,0.0,0.0,0.0,-94.0,0.0,0.0,0.0,0.0,3.0,1.0,0.0,1200.0,89.0,41.0,2493.0,2493.0,22.2,10.7,0.0,10.7,24.4,0.0,0.0,9.9,0.0,0.0,5.6,37.4,32.5,0.0,0.0,0.0,0.0,169.0,695.0,166.0,691.0,170.0,688.0,171.0,693.0,0.0,0.0,-31.0,0.0,0.0,24.4,4.0,4.998,0.0,0.0,2.152,2.054,89.0,41.0,0.0,0.0,63.0,R,0.0,62.6,105.8,0.0,0.0,0.0,0.0,336.2,1283.0,330.8,1275.8,338.0,1270.4,339.8,1279.4,0.0,0.0,105.8,2493.0,336.2,273.59999999999997,43.199999999999996,0.6514027777777778,26957.065666666665,12.439252336448599,131.88,134.7,343.4,True,2026-08-14 08:27:13-07:00
450.06,2,10,2026-08-14 15:34:37,37.02723,-121.55265,1112.0,133.4,140.4,-12.6,-0.34,KCVH,10.5,139.5,0.0,1.4,-1.6,128.7,131.7,977.0,0.7,-0.05,1.0,0.0,-41.0,17.0,134.6,30.06,1427.0,0.0,0.0,128.0,3500.0,0.0,0.0,129.0,0.0,0.0,5.0,-7.0,-99.0,3.0,0.0,0.0,-1.0,0.0,0.0,-94.0,0.0,0.0,0.0,0.0,3.0,1.0,0.0,1200.0,89.0,41.0,2494.0,2494.0,22.2,10.7,0.0,10.7,24.4,0.0,0.0,9.9,0.0,0.0,5.7,37.4,32.5,0.0,0.0,0.0,0.0,169.0,695.0,166.0,691.0,170.0,688.0,171.0,693.0,0.0,0.0,-31.0,0.0,0.0,24.4,4.0,4.998,0.0,0.0,2.111,2.04,89.0,41.1,0.0,0.0,63.0,R,0.0,62.6,105.8,0.0,0.0,0.0,0.0,336.2,1283.0,330.8,1275.8,338.0,1270.4,339.8,1279.4,0.0,0.0,105.98,2494.0,336.2,273.59999999999997,43.38,0.654375,27181.814,12.46728971962617,132.17999999999998,135.01,343.4,True,2026-08-14 08:27:13-07:00
451.06,2,10,2026-08-14 15:34:38,37.02675,-121.55216,1110.0,133.6,140.7,-12.6,-0.34,KCVH,10.5,139.5,0.0,1.3,-2.2,128.4,131.5,977.0,-0.1,0.01,1.0,0.0,-122.0,17.0,134.4,30.06,1427.0,0.0,0.0,128.0,3500.0,0.0,0.0,129.0,0.0,0.0,5.0,-7.0,-99.0,3.0,0.0,0.0,1.0,0.0,0.0,-94.0,0.0,0.0,0.0,0.0,3.0,1.0,0.0,1200.0,89.0,41.0,2494.0,2494.0,22.2,10.7,0.0,10.7,24.4,0.0,0.0,9.9,0.0,0.0,5.9,37.4,32.5,0.0,0.0,0.0,0.0,169.0,695.0,166.0,691.0,170.0,688.0,171.0,692.0,0.0,0.0,-31.0,0.0,0.0,24.4,4.0,4.998,0.0,0.0,2.0,2.13,88.8,41.3,0.0,0.0,63.0,R,0.0,62.6,105.8,0.0,0.0,0.0,0.0,336.2,1283.0,330.8,1275.8,338.0,1270.4,339.8,1277.6,0.0,0.0,106.34,2494.0,336.2,273.59999999999997,43.74,0.6573472222222222,27406.983999999997,12.485981308411215,131.98,134.8,343.4,True,2026-08-14 08:27:13-07:00
452.06,2,10,2026-08-14 15:34:39,37.02627,-121.55167,1108.0,133.9,140.9,-12.6,-0.34,KCVH,10.5,139.5,0.0,1.5,-2.9,128.2,131.2,977.0,-0.2,0.0,1.1,0.0,-76.0,17.0,134.1,30.06,1427.0,0.0,0.0,128.0,3500.0,0.0,0.0,129.0,0.0,0.0,5.0,-7.0,-99.0,3.0,0.0,0.0,3.0,0.0,0.0,-94.0,0.0,0.0,0.0,0.0,3.0,1.0,0.0,1200.0,89.0,42.0,2497.0,2497.0,22.2,10.7,0.0,10.7,24.4,0.0,0.0,9.9,0.0,0.0,5.7,37.4,32.5,0.0,0.0,0.0,0.0,169.0,695.0,166.0,691.0,170.0,688.0,171.0,692.0,0.0,0.0,-31.0,0.0,0.0,24.4,4.0,4.998,0.0,0.0,2.0,2.098,88.9,41.6,0.0,0.0,63.0,R,0.0,62.6,107.6,0.0,0.0,0.0,0.0,336.2,1283.0,330.8,1275.8,338.0,1270.4,339.8,1277.6,0.0,0.0,106.88000000000001,2497.0,336.2,273.59999999999997,44.28000000000001,0.6603194444444445,27632.575666666664,12.514018691588786,131.67999999999998,134.5,343.4,True,2026-08-14 08:27:13-07:00
453.06,2,10,2026-08-14 15:34:40,37.02579,-121.55118,1106.0,134.0,140.4,-12.6,-0.34,KCVH,10.4,139.5,0.0,1.6,-1.7,128.9,131.5,977.0,0.6,-0.03,1.0,0.0,-56.0,17.0,134.3,30.06,1417.0,0.0,0.0,128.0,3500.0,0.0,0.0,129.0,0.0,0.0,5.0,-7.0,-99.0,3.0,0.0,0.0,-2.0,0.0,0.0,-95.0,0.0,0.0,0.0,0.0,3.0,1.0,0.0,1200.0,89.0,42.0,2495.0,2495.0,22.2,10.7,0.0,10.7,24.4,0.0,0.0,9.9,0.0,0.0,5.5,37.4,32.5,0.0,0.0,0.0,0.0,169.0,695.0,166.0,691.0,170.0,688.0,171.0,692.0,0.0,0.0,-31.0,0.0,0.0,24.4,4.0,4.998,0.0,0.0,2.058,2.079,89.0,41.6,0.0,0.0,63.0,R,0.0,62.6,107.6,0.0,0.0,0.0,0.0,336.2,1283.0,330.8,1275.8,338.0,1270.4,339.8,1277.6,0.0,0.0,106.88000000000001,2495.0,336.2,273.59999999999997,44.28000000000001,0.6632916666666667,27858.504666666664,12.52336448598131,131.98,134.8,343.4,True,2026-08-14 08:27:13-07:00
454.06,2,10,2026-08-14 15:34:41,37.02531,-121.55069,1106.0,134.1,140.4,-12.6,-0.34,KCVH,10.4,139.5,0.0,1.6,-2.3,127.9,131.8,977.0,-0.3,0.01,1.1,0.0,-45.0,17.0,134.6,30.06,1417.0,0.0,0.0,128.0,3500.0,0.0,0.0,129.0,0.0,0.0,5.0,-7.0,-99.0,3.0,0.0,0.0,0.0,0.0,0.0,-95.0,0.0,0.0,0.0,0.0,3.0,1.0,0.0,1200.0,89.0,42.0,2497.0,2497.0,22.2,10.7,0.0,10.7,24.4,0.0,0.0,9.9,0.0,0.0,5.6,37.4,32.5,0.0,0.0,0.0,0.0,170.0,695.0,167.0,692.0,170.0,688.0,171.0,692.0,0.0,0.0,-31.0,0.0,0.0,24.4,4.0,4.998,0.0,0.0,2.059,2.123,88.7,41.7,0.0,0.0,63.0,R,0.0,62.6,107.6,0.0,0.0,0.0,0.0,338.0,1283.0,332.6,1277.6,338.0,1270.4,339.8,1277.6,0.0,0.0,107.06,2497.0,337.1,274.5,44.46,0.6662638888888889,28084.602333333332,12.532710280373832,132.28,135.11,343.4,True,2026-08-14 08:27:13-07:00
455.06,2,10,2026-08-14 15:34:42,37.02483,-121.55019,1105.0,134.2,140.2,-12.6,-0.33,KCVH,10.4,139.5,0.0,1.7,-2.5,127.6,130.9,977.0,-0.2,-0.01,1.0,0.0,-35.0,17.0,133.8,30.06,1417.0,0.0,0.0,128.0,3500.0,0.0,0.0,129.0,0.0,0.0,5.0,-7.0,-99.0,3.0,0.0,0.0,1.0,0.0,0.0,-95.0,0.0,0.0,0.0,0.0,3.0,1.0,0.0,1200.0,89.0,42.0,2496.0,2496.0,22.2,10.7,0.0,10.7,24.4,0.0,0.0,9.9,0.0,0.0,5.7,37.4,32.5,0.0,0.0,0.0,0.0,169.0,695.0,167.0,691.0,170.0,688.0,171.0,692.0,0.0,0.0,-31.0,0.0,0.0,24.4,4.0,4.998,0.0,0.0,2.059,2.08,88.8,41.8,0.0,0.0,63.0,R,0.0,62.6,107.6,0.0,0.0,0.0,0.0,336.2,1283.0,332.6,1275.8,338.0,1270.4,339.8,1277.6,0.0,0.0,107.24,2496.0,336.65,274.04999999999995,44.63999999999999,0.6692361111111111,28310.868666666665,12.542056074766355,131.38,134.19,343.4,True,2026-08-14 08:27:13-07:00
456.06,2,10,2026-08-14 15:34:43,37.02436,-121.54969,1106.0,134.4,139.8,-12.6,-0.33,KCVH,10.3,139.5,0.0,1.7,-2.1,127.5,130.9,977.0,-0.0,-0.02,1.0,0.0,-32.0,17.0,133.7,30.06,1417.0,0.0,0.0,128.0,3500.0,0.0,0.0,129.0,0.0,0.0,5.0,-7.0,-99.0,3.0,0.0,0.0,0.0,0.0,0.0,-95.0,0.0,0.0,0.0,0.0,3.0,1.0,0.0,1200.0,89.0,42.0,2498.0,2498.0,22.2,10.7,0.0,10.7,24.5,0.0,0.0,9.9,0.0,0.0,5.8,37.4,32.5,0.0,0.0,0.0,0.0,169.0,695.0,167.0,691.0,170.0,688.0,171.0,692.0,0.0,0.0,-31.0,0.0,0.0,24.5,4.0,4.998,0.0,0.0,2.059,2.083,88.8,42.0,0.0,0.0,63.0,R,0.0,62.6,107.6,0.0,0.0,0.0,0.0,336.2,1283.0,332.6,1275.8,338.0,1270.4,339.8,1277.6,0.0,0.0,107.6,2498.0,336.65,274.04999999999995,44.99999999999999,0.6722083333333333,28537.388,12.560747663551403,131.38,134.19,343.4,True,2026-08-14 08:27:13-07:00
457.06,2,10,2026-08-14 15:34:44,37.02388,-121.54919,1104.0,134.5,139.7,-12.6,-0.33,KCVH,10.3,139.5,0.0,1.6,-2.4,126.7,130.9,976.0,-0.3,-0.01,0.7,0.0,-36.0,17.0,133.8,30.06,1417.0,0.0,0.0,128.0,3500.0,0.0,0.0,129.0,0.0,0.0,5.0,-7.0,-99.0,3.0,0.0,0.0,1.0,0.0,0.0,-94.0,0.0,0.0,0.0,0.0,3.0,1.0,0.0,1200.0,88.0,42.0,2500.0,2500.0,22.2,10.7,0.0,10.7,24.5,0.0,0.0,9.9,0.0,0.0,5.8,37.4,32.5,0.0,0.0,0.0,0.0,169.0,695.0,167.0,691.0,170.0,688.0,171.0,693.0,0.0,0.0,-31.0,0.0,0.0,24.5,4.0,4.998,0.0,0.0,2.058,2.13,88.1,42.3,0.0,0.0,63.0,R,0.0,62.6,107.6,0.0,0.0,0.0,0.0,336.2,1283.0,332.6,1275.8,338.0,1270.4,339.8,1279.4,0.0,0.0,108.14,2500.0,336.65,274.04999999999995,45.54,0.6751805555555556,28764.16033333333,12.570093457943926,131.38,134.19,343.4,True,2026-08-14 08:27:13-07:00
458.06,2,10,2026-08-14 15:34:45,37.0234,-121.54868,1100.0,134.6,139.4,-12.6,-0.33,KCVH,10.2,139.5,0.0,1.6,-0.9,127.0,131.1,974.0,0.1,-0.0,1.1,0.0,-68.0,17.0,134.0,30.06,1417.0,0.0,0.0,128.0,3500.0,0.0,0.0,129.0,0.0,0.0,5.0,-7.0,-99.0,3.0,0.0,0.0,-2.0,0.0,0.0,-94.0,0.0,0.0,0.0,0.0,3.0,1.0,0.0,1200.0,88.0,42.0,2494.0,2494.0,22.2,10.7,0.0,10.7,24.4,0.0,0.0,9.9,0.0,0.0,5.6,37.4,32.5,0.0,0.0,0.0,0.0,169.0,695.0,167.0,692.0,170.0,687.0,171.0,692.0,0.0,0.0,-31.0,0.0,0.0,24.4,4.0,4.998,0.0,0.0,1.989,2.162,87.9,42.3,0.0,0.0,63.0,R,0.0,62.6,107.6,0.0,0.0,0.0,0.0,336.2,1283.0,332.6,1277.6,338.0,1268.6,339.8,1277.6,0.0,0.0,108.14,2494.0,336.65,274.04999999999995,45.54,0.6781527777777778,28991.101333333332,12.57943925233645,131.57999999999998,134.39,343.4,True,2026-08-14 08:27:13-07:00
459.06,2,10,2026-08-14 15:34:46,37.02293,-121.54818,1100.0,134.8,139.4,-12.6,-0.33,KCVH,10.2,139.5,0.0,1.5,-2.5,126.0,130.9,973.0,-0.4,-0.01,1.0,0.0,-69.0,17.0,133.7,30.06,1412.0,0.0,0.0,128.0,3500.0,0.0,0.0,129.0,0.0,0.0,5.0,-7.0,-99.0,3.0,0.0,0.0,2.0,0.0,0.0,-93.0,0.0,0.0,0.0,0.0,3.0,1.0,0.0,1200.0,88.0,42.0,2495.0,2495.0,22.2,10.7,0.0,10.7,24.5,0.0,0.0,9.9,0.0,0.0,5.6,37.4,32.5,0.0,0.0,0.0,0.0,169.0,694.0,167.0,692.0,170.0,687.0,170.0,693.0,0.0,0.0,-31.0,0.0,0.0,24.5,4.0,4.998,0.0,0.0,2.059,2.126,88.0,42.3,0.0,0.0,63.0,R,0.0,62.6,107.6,0.0,0.0,0.0,0.0,336.2,1281.2,332.6,1277.6,338.0,1268.6,338.0,1279.4,0.0,0.0,108.14,2495.0,336.2,273.59999999999997,45.54,0.681125,29218.29533333333,12.598130841121497,131.38,134.18,343.4,True,2026-08-14 08:27:13-07:00
460.06,2,10,2026-08-14 15:34:47,37.02246,-121.54767,1099.0,135.0,139.1,-12.6,-0.33,KCVH,10.2,139.5,0.0,1.5,-1.0,126.2,131.5,972.0,-0.3,-0.01,1.0,0.0,-68.0,17.0,134.4,30.06,1410.0,0.0,0.0,128.0,3500.0,0.0,0.0,129.0,0.0,0.0,5.0,-7.0,-99.0,3.0,0.0,0.0,0.0,0.0,0.0,-93.0,0.0,0.0,0.0,0.0,3.0,1.0,0.0,1200.0,88.0,42.0,2492.0,2492.0,22.2,10.7,0.0,10.7,24.5,0.0,0.0,9.9,0.0,0.0,5.7,37.4,32.5,0.0,0.0,0.0,0.0,169.0,695.0,167.0,692.0,170.0,687.0,170.0,692.0,0.0,0.0,-31.0,0.0,0.0,24.5,4.0,4.998,0.0,0.0,2.069,2.123,88.0,42.5,0.0,0.0,63.0,R,0.0,62.6,107.6,0.0,0.0,0.0,0.0,336.2,1283.0,332.6,1277.6,338.0,1268.6,338.0,1277.6,0.0,0.0,108.5,2492.0,336.2,273.59999999999997,45.9,0.6840972222222222,29445.826666666664,12.616822429906543,131.98,134.79,343.4,True,2026-08-14 08:27:13-07:00
461.06,2,10,2026-08-14 15:34:48,37.02198,-121.54716,1100.0,135.0,139.1,-12.6,-0.33,KCVH,10.1,139.5,0.0,1.5,-1.4,126.4,131.1,971.0,-0.2,-0.0,1.1,0.0,-55.0,17.0,134.0,30.06,1409.0,0.0,0.0,128.0,3500.0,0.0,0.0,129.0,0.0,0.0,5.0,-7.0,-99.0,3.0,0.0,0.0,1.0,0.0,0.0,-94.0,0.0,0.0,0.0,0.0,3.0,1.0,0.0,1200.0,88.0,43.0,2495.0,2495.0,22.2,10.7,0.0,10.7,24.5,0.0,0.0,9.9,0.0,0.0,5.7,37.4,32.5,0.0,0.0,0.0,0.0,169.0,694.0,167.0,692.0,170.0,688.0,170.0,692.0,0.0,0.0,-31.0,0.0,0.0,24.5,4.0,4.998,0.0,0.0,2.076,2.106,88.0,42.6,0.0,0.0,63.0,R,0.0,62.6,109.4,0.0,0.0,0.0,0.0,336.2,1281.2,332.6,1277.6,338.0,1270.4,338.0,1277.6,0.0,0.0,108.68,2495.0,336.2,273.59999999999997,46.080000000000005,0.6870694444444444,29673.526666666665,12.616822429906543,131.57999999999998,134.38,343.4,True,2026-08-14 08:27:13-07:00
462.06,2,10,2026-08-14 15:34:49,37.02151,-121.54665,1101.0,135.0,139.0,-12.6,-0.33,KCVH,10.1,139.5,0.0,1.7,-0.7,126.5,131.0,971.0,-0.0,-0.01,1.1,0.0,-2.0,17.0,133.9,30.06,1409.0,0.0,0.0,128.0,3500.0,0.0,0.0,129.0,0.0,0.0,5.0,-7.0,-99.0,3.0,0.0,0.0,0.0,0.0,0.0,-95.0,0.0,0.0,0.0,0.0,3.0,1.0,0.0,1200.0,88.0,43.0,2494.0,2494.0,22.2,10.7,0.0,10.7,24.5,0.0,0.0,9.9,0.0,0.0,5.8,37.4,32.5,0.0,0.0,0.0,0.0,169.0,694.0,167.0,692.0,170.0,688.0,170.0,692.0,0.0,0.0,-31.0,0.0,0.0,24.5,4.0,4.998,0.0,0.0,2.061,2.078,87.9,42.9,0.0,0.0,63.0,R,0.0,62.6,109.4,0.0,0.0,0.0,0.0,336.2,1281.2,332.6,1277.6,338.0,1270.4,338.0,1277.6,0.0,0.0,109.22,2494.0,336.2,273.59999999999997,46.62,0.6900416666666667,29901.226666666666,12.616822429906543,131.48,134.28,343.4,True,2026-08-14 08:27:13-07:00
463.06,2,10,2026-08-14 15:34:50,37.02104,-121.54613,1102.0,135.0,139.1,-12.6,-0.32,KCVH,10.1,139.5,0.0,1.9,-1.2,126.3,131.1,971.0,-0.2,-0.0,1.1,0.0,32.0,17.0,133.9,30.06,1409.0,0.0,0.0,128.0,3500.0,0.0,0.0,129.0,0.0,0.0,5.0,-6.0,-99.0,3.0,0.0,0.0,1.0,0.0,0.0,-95.0,0.0,0.0,0.0,0.0,3.0,1.0,0.0,1200.0,88.0,43.0,2498.0,2498.0,22.2,10.7,0.0,10.7,24.5,0.0,0.0,9.8,0.0,0.0,5.5,37.4,32.5,0.0,0.0,0.0,0.0,169.0,694.0,167.0,692.0,170.0,688.0,170.0,692.0,0.0,0.0,-31.0,0.0,0.0,24.5,4.0,4.998,0.0,0.0,2.059,2.076,88.0,42.9,0.0,0.0,63.0,R,0.0,62.6,109.4,0.0,0.0,0.0,0.0,336.2,1281.2,332.6,1277.6,338.0,1270.4,338.0,1277.6,0.0,0.0,109.22,2498.0,336.2,273.59999999999997,46.62,0.6930138888888889,30128.926666666663,12.616822429906543,131.57999999999998,134.38,343.4,True,2026-08-14 08:27:13-07:00
464.06,2,10,2026-08-14 15:34:51,37.02057,-121.54562,1104.0,134.9,138.9,-12.6,-0.32,KCVH,10.0,139.5,0.0,1.3,-0.2,127.1,132.5,971.0,0.4,-0.02,0.9,0.0,11.0,17.0,135.4,30.05,1399.0,0.0,0.0,128.0,3500.0,0.0,0.0,129.0,0.0,0.0,5.0,-6.0,-99.0,3.0,0.0,0.0,-2.0,0.0,0.0,-94.0,0.0,0.0,0.0,0.0,3.0,1.0,0.0,1200.0,88.0,43.0,2501.0,2501.0,22.2,10.7,0.0,10.7,24.5,0.0,0.0,9.8,0.0,0.0,5.5,37.4,32.5,0.0,0.0,0.0,0.0,169.0,695.0,167.0,692.0,170.0,688.0,170.0,692.0,0.0,0.0,-31.0,0.0,0.0,24.5,4.0,4.998,0.0,0.0,2.068,2.094,87.8,43.0,0.0,0.0,63.0,R,0.0,62.6,109.4,0.0,0.0,0.0,0.0,336.2,1283.0,332.6,1277.6,338.0,1270.4,338.0,1277.6,0.0,0.0,109.4,2501.0,336.2,273.59999999999997,46.800000000000004,0.6959861111111111,30356.54233333333,12.60747663551402,132.98,135.81,343.4,True,2026-08-14 08:27:13-07:00
465.06,2,10,2026-08-14 15:34:52,37.02009,-121.54511,1105.0,134.7,139.1,-12.6,-0.32,KCVH,10.0,139.5,0.0,1.5,-3.1,126.6,130.7,971.0,-0.4,-0.01,1.0,0.0,65.0,17.0,133.6,30.05,1399.0,0.0,0.0,128.0,3500.0,0.0,0.0,129.0,0.0,0.0,5.0,-6.0,-99.0,3.0,0.0,0.0,6.0,0.0,0.0,-93.0,0.0,0.0,0.0,0.0,3.0,1.0,0.0,1200.0,88.0,43.0,2494.0,2494.0,22.2,10.7,0.0,10.7,24.4,0.0,0.0,9.8,0.0,0.0,5.7,37.4,32.5,0.0,0.0,0.0,0.0,169.0,695.0,167.0,692.0,170.0,688.0,170.0,692.0,0.0,0.0,-31.0,0.0,0.0,24.4,4.0,4.998,0.0,0.0,2.057,2.122,87.9,43.1,0.0,0.0,63.0,R,0.0,62.6,109.4,0.0,0.0,0.0,0.0,336.2,1283.0,332.6,1277.6,338.0,1270.4,338.0,1277.6,0.0,0.0,109.58000000000001,2494.0,336.2,273.59999999999997,46.98000000000001,0.6989583333333333,30583.905,12.588785046728972,131.17999999999998,133.97,343.4,True,2026-08-14 08:27:13-07:00
466.06,2,10,2026-08-14 15:34:53,37.01962,-121.5446,1108.0,134.6,138.9,-12.6,-0.32,KCVH,9.9,139.5,0.0,1.9,-0.2,126.9,130.5,971.0,-0.0,-0.01,1.0,0.0,95.0,17.0,133.3,30.05,1399.0,0.0,0.0,128.0,3500.0,0.0,0.0,129.0,0.0,0.0,5.0,-6.0,-99.0,3.0,0.0,0.0,0.0,0.0,0.0,-95.0,0.0,0.0,0.0,0.0,3.0,1.0,0.0,1200.0,88.0,43.0,2493.0,2493.0,22.2,10.7,0.0,10.7,24.5,0.0,0.0,9.8,0.0,0.0,5.8,37.4,32.5,0.0,0.0,0.0,0.0,169.0,694.0,167.0,692.0,170.0,687.0,170.0,693.0,0.0,0.0,-31.0,0.0,0.0,24.5,4.0,4.998,0.0,0.0,2.059,2.124,87.6,43.3,0.0,0.0,63.0,R,0.0,62.6,109.4,0.0,0.0,0.0,0.0,336.2,1281.2,332.6,1277.6,338.0,1268.6,338.0,1279.4,0.0,0.0,109.94,2493.0,336.2,273.59999999999997,47.339999999999996,0.7019305555555556,30811.014666666666,12.57943925233645,130.98,133.77,343.4,True,2026-08-14 08:27:13-07:00
467.06,2,10,2026-08-14 15:34:54,37.01915,-121.54409,1111.0,134.4,138.8,-12.6,-0.32,KCVH,9.9,139.5,0.0,1.9,-0.1,127.1,130.7,972.0,0.3,-0.03,0.9,0.0,127.0,17.0,133.5,30.05,1399.0,0.0,0.0,128.0,3500.0,0.0,0.0,129.0,0.0,0.0,5.0,-6.0,-99.0,3.0,0.0,0.0,-1.0,0.0,0.0,-96.0,0.0,0.0,0.0,0.0,3.0,1.0,0.0,1200.0,88.0,44.0,2490.0,2490.0,22.2,10.7,0.0,10.7,24.4,0.0,0.0,9.8,0.0,0.0,5.7,37.4,32.5,0.0,0.0,0.0,0.0,169.0,694.0,167.0,692.0,170.0,687.0,170.0,693.0,0.0,0.0,-31.0,0.0,0.0,24.4,4.0,4.998,0.0,0.0,2.015,2.15,87.6,43.6,0.0,0.0,63.0,R,0.0,62.6,111.2,0.0,0.0,0.0,0.0,336.2,1281.2,332.6,1277.6,338.0,1268.6,338.0,1279.4,0.0,0.0,110.48,2490.0,336.2,273.59999999999997,47.88,0.7049027777777778,31037.871333333333,12.560747663551403,131.17999999999998,133.97,343.4,True,2026-08-14 08:27:13-07:00
468.06,2,10,2026-08-14 15:34:55,37.01868,-121.54358,1114.0,134.3,138.9,-12.6,-0.32,KCVH,9.9,139.5,0.0,1.4,0.1,127.0,130.9,975.0,0.1,-0.0,1.0,0.0,150.0,17.0,133.7,30.05,1399.0,0.0,0.0,128.0,3500.0,0.0,0.0,129.0,0.0,0.0,5.0,-6.0,-99.0,3.0,0.0,0.0,-1.0,0.0,0.0,-94.0,0.0,0.0,0.0,0.0,3.0,1.0,0.0,1200.0,86.0,44.0,2495.0,2495.0,22.2,10.7,0.0,10.7,24.5,0.0,0.0,9.8,0.0,0.0,5.6,37.4,32.5,0.0,0.0,0.0,0.0,169.0,695.0,167.0,692.0,170.0,688.0,170.0,693.0,0.0,0.0,-31.0,0.0,0.0,24.5,4.0,4.998,0.0,0.0,1.969,2.169,85.8,43.7,0.0,0.0,63.0,R,0.0,62.6,111.2,0.0,0.0,0.0,0.0,336.2,1283.0,332.6,1277.6,338.0,1270.4,338.0,1279.4,0.0,0.0,110.66,2495.0,336.2,273.59999999999997,48.059999999999995,0.707875,31264.475,12.55140186915888,131.38,134.19,343.4,True,2026-08-14 08:27:13-07:00
469.06,2,10,2026-08-14 15:34:56,37.01822,-121.54307,1115.0,134.5,139.1,-12.6,-0.32,KCVH,9.8,139.5,0.0,1.1,-1.1,126.4,131.4,978.0,-0.2,-0.01,0.9,0.0,158.0,17.0,134.2,30.05,1399.0,0.0,0.0,128.0,3500.0,0.0,0.0,129.0,0.0,0.0,5.0,-6.0,-99.0,3.0,0.0,0.0,2.0,0.0,0.0,-93.0,0.0,0.0,0.0,0.0,3.0,1.0,0.0,1200.0,85.0,44.0,2494.0,2494.0,22.2,10.7,0.0,10.7,24.5,0.0,0.0,9.8,0.0,0.0,5.6,37.4,32.5,0.0,0.0,0.0,0.0,169.0,694.0,167.0,692.0,170.0,687.0,170.0,693.0,0.0,0.0,-31.0,0.0,0.0,24.5,4.0,4.998,0.0,0.0,2.03,2.12,85.1,43.7,0.0,0.0,63.0,R,0.0,62.6,111.2,0.0,0.0,0.0,0.0,336.2,1281.2,332.6,1277.6,338.0,1268.6,338.0,1279.4,0.0,0.0,110.66,2494.0,336.2,273.59999999999997,48.059999999999995,0.7108472222222222,31491.162999999997,12.570093457943926,131.88,134.7,343.4,True,2026-08-14 08:27:13-07:00
470.06,2,10,2026-08-14 15:34:57,37.01775,-121.54256,1116.0,134.6,138.9,-12.6,-0.31,KCVH,9.8,139.5,0.0,1.1,-0.7,126.8,131.1,980.0,0.1,-0.01,1.1,0.0,138.0,17.0,134.0,30.05,1401.0,0.0,0.0,128.0,3500.0,0.0,0.0,129.0,0.0,0.0,5.0,-6.0,-99.0,3.0,0.0,0.0,0.0,0.0,0.0,-93.0,0.0,0.0,0.0,0.0,3.0,1.0,0.0,1200.0,85.0,44.0,2492.0,2492.0,22.2,10.7,0.0,10.7,24.4,0.0,0.0,9.8,0.0,0.0,5.7,37.4,32.5,0.0,0.0,0.0,0.0,169.0,694.0,167.0,693.0,170.0,687.0,170.0,693.0,0.0,0.0,-31.0,0.0,0.0,24.4,4.0,4.998,0.0,0.0,2.059,2.079,84.8,43.8,0.0,0.0,63.0,R,0.0,62.6,111.2,0.0,0.0,0.0,0.0,336.2,1281.2,332.6,1279.4,338.0,1268.6,338.0,1279.4,0.0,0.0,110.84,2492.0,336.2,273.59999999999997,48.24,0.7138194444444445,31718.104,12.57943925233645,131.57999999999998,134.4,343.4,True,2026-08-14 08:27:13-07:00
471.06,2,10,2026-08-14 15:34:58,37.01727,-121.54205,1118.0,134.6,138.9,-12.6,-0.31,KCVH,9.8,139.5,0.0,1.4,-0.5,127.1,131.9,981.0,0.3,-0.01,1.0,0.0,88.0,17.0,134.7,30.05,1402.0,0.0,0.0,128.0,3500.0,0.0,0.0,129.0,0.0,0.0,5.0,-6.0,-99.0,3.0,0.0,0.0,-1.0,0.0,0.0,-95.0,0.0,0.0,0.0,0.0,3.0,1.0,0.0,1200.0,85.0,44.0,2499.0,2499.0,22.2,10.7,0.0,10.7,24.4,0.0,0.0,9.8,0.0,0.0,5.8,37.4,32.5,0.0,0.0,0.0,0.0,169.0,694.0,167.0,693.0,170.0,687.0,170.0,693.0,0.0,0.0,-31.0,0.0,0.0,24.4,4.0,4.998,0.0,0.0,2.059,2.1,85.0,44.0,0.0,0.0,63.0,R,0.0,62.6,111.2,0.0,0.0,0.0,0.0,336.2,1281.2,332.6,1279.4,338.0,1268.6,338.0,1279.4,0.0,0.0,111.2,2499.0,336.2,273.59999999999997,48.6,0.7167916666666667,31945.12933333333,12.57943925233645,132.38,135.22,343.4,True,2026-08-14 08:27:13-07:00
472.06,2,10,2026-08-14 15:34:59,37.0168,-121.54153,1121.0,134.5,138.8,-12.6,-0.31,KCVH,9.7,139.5,0.0,1.3,-1.3,126.7,132.0,983.0,-0.0,-0.01,1.0,0.0,116.0,17.0,134.9,30.05,1404.0,0.0,0.0,128.0,3500.0,0.0,0.0,129.0,0.0,0.0,5.0,-6.0,-99.0,3.0,0.0,0.0,1.0,0.0,0.0,-96.0,0.0,0.0,0.0,0.0,3.0,1.0,0.0,1200.0,85.0,44.0,2494.0,2494.0,22.2,10.7,0.0,10.7,24.4,0.0,0.0,9.8,0.0,0.0,5.8,37.4,32.5,0.0,0.0,0.0,0.0,169.0,694.0,167.0,693.0,170.0,688.0,170.0,693.0,0.0,0.0,-31.0,0.0,0.0,24.4,4.0,4.998,0.0,0.0,2.059,2.084,85.0,44.3,0.0,0.0,63.0,R,0.0,62.6,111.2,0.0,0.0,0.0,0.0,336.2,1281.2,332.6,1279.4,338.0,1270.4,338.0,1279.4,0.0,0.0,111.74,2494.0,336.2,273.59999999999997,49.13999999999999,0.7197638888888889,32172.07033333333,12.570093457943926,132.48,135.33,343.4,True,2026-08-14 08:27:13-07:00
473.06,2,10,2026-08-14 15:35:00,37.01633,-121.54102,1125.0,134.4,138.6,-12.6,-0.31,KCVH,9.7,139.5,0.0,0.9,-1.2,126.7,131.8,985.0,-0.1,-0.01,1.0,0.0,119.0,17.0,134.7,30.05,1407.0,0.0,0.0,128.0,3500.0,0.0,0.0,129.0,0.0,0.0,5.0,-6.0,-99.0,3.0,0.0,0.0,1.0,0.0,0.0,-94.0,0.0,0.0,0.0,0.0,3.0,1.0,0.0,1200.0,85.0,44.0,2496.0,2496.0,22.2,10.7,0.0,10.7,24.5,0.0,0.0,9.8,0.0,0.0,5.5,37.4,32.5,0.0,0.0,0.0,0.0,169.0,693.0,167.0,692.0,170.0,688.0,170.0,693.0,0.0,0.0,-31.0,0.0,0.0,24.5,4.0,4.998,0.0,0.0,2.059,2.08,84.9,44.4,0.0,0.0,63.0,R,0.0,62.6,111.2,0.0,0.0,0.0,0.0,336.2,1279.4,332.6,1277.6,338.0,1270.4,338.0,1279.4,0.0,0.0,111.91999999999999,2496.0,336.2,273.59999999999997,49.319999999999986,0.7227361111111111,32398.842666666664,12.560747663551403,132.28,135.13,343.4,True,2026-08-14 08:27:13-07:00
474.06,2,10,2026-08-14 15:35:01,37.01587,-121.54051,1127.0,134.4,138.5,-12.6,-0.31,KCVH,9.7,139.5,0.0,0.9,-1.2,126.6,131.8,988.0,-0.2,-0.01,0.9,0.0,127.0,17.0,134.7,30.05,1408.0,0.0,0.0,128.0,3500.0,0.0,0.0,129.0,0.0,0.0,5.0,-6.0,-99.0,3.0,0.0,0.0,1.0,0.0,0.0,-94.0,0.0,0.0,0.0,0.0,3.0,1.0,0.0,1200.0,85.0,44.0,2497.0,2497.0,22.2,10.7,0.0,10.7,24.5,0.0,0.0,9.8,0.0,0.0,5.5,37.4,32.5,0.0,0.0,0.0,0.0,169.0,694.0,167.0,692.0,170.0,687.0,170.0,693.0,0.0,0.0,-31.0,0.0,0.0,24.5,4.0,4.998,0.0,0.0,2.059,2.085,84.8,44.4,0.0,0.0,63.0,R,0.0,62.6,111.2,0.0,0.0,0.0,0.0,336.2,1281.2,332.6,1277.6,338.0,1268.6,338.0,1279.4,0.0,0.0,111.91999999999999,2497.0,336.2,273.59999999999997,49.319999999999986,0.7257083333333333,32625.530666666666,12.560747663551403,132.28,135.14,343.4,True,2026-08-14 08:27:13-07:00
475.06,2,10,2026-08-14 15:35:02,37.0154,-121.53999,1127.0,134.5,138.5,-12.6,-0.3,KCVH,9.6,139.5,0.0,0.8,-0.8,126.3,131.8,989.0,-0.4,-0.01,0.9,0.0,107.0,17.0,134.6,30.05,1411.0,0.0,0.0,128.0,3500.0,0.0,0.0,129.0,0.0,0.0,5.0,-6.0,-99.0,3.0,0.0,0.0,1.0,0.0,0.0,-93.0,0.0,0.0,0.0,0.0,3.0,1.0,0.0,1200.0,85.0,45.0,2496.0,2496.0,22.2,10.7,0.0,10.7,24.4,0.0,0.0,9.8,0.0,0.0,5.5,37.4,32.5,0.0,0.0,0.0,0.0,169.0,694.0,167.0,692.0,170.0,688.0,170.0,692.0,0.0,0.0,-31.0,0.0,0.0,24.4,4.0,4.998,0.0,0.0,2.059,2.083,84.7,44.5,0.0,0.0,63.0,R,0.0,62.6,113.0,0.0,0.0,0.0,0.0,336.2,1281.2,332.6,1277.6,338.0,1270.4,338.0,1277.6,0.0,0.0,112.1,2496.0,336.2,273.59999999999997,49.49999999999999,0.7286805555555556,32852.303,12.570093457943926,132.28,135.14,343.4,True,2026-08-14 08:27:13-07:00
476.06,2,10,2026-08-14 15:35:03,37.01493,-121.53948,1127.0,134.6,138.4,-12.6,-0.3,KCVH,9.6,139.5,0.0,0.8,-0.3,126.5,131.7,989.0,-0.0,-0.01,1.0,0.0,66.0,17.0,134.5,30.05,1411.0,0.0,0.0,128.0,3500.0,0.0,0.0,129.0,0.0,0.0,5.0,-6.0,-99.0,3.0,0.0,0.0,0.0,0.0,0.0,-94.0,0.0,0.0,0.0,0.0,3.0,1.0,0.0,1200.0,85.0,45.0,2494.0,2494.0,22.2,10.7,0.0,10.7,24.5,0.0,0.0,9.8,0.0,0.0,5.7,37.4,32.5,0.0,0.0,0.0,0.0,169.0,693.0,167.0,691.0,170.0,687.0,170.0,693.0,0.0,0.0,-31.0,0.0,0.0,24.5,4.0,4.998,0.0,0.0,2.059,2.083,84.5,44.6,0.0,0.0,63.0,R,0.0,62.6,113.0,0.0,0.0,0.0,0.0,336.2,1279.4,332.6,1275.8,338.0,1268.6,338.0,1279.4,0.0,0.0,112.28,2494.0,336.2,273.59999999999997,49.68,0.7316527777777778,33079.244,12.57943925233645,132.17999999999998,135.04,343.4,True,2026-08-14 08:27:13-07:00
477.06,2,10,2026-08-14 15:35:04,37.01447,-121.53896,1126.0,134.7,138.5,-12.6,-0.3,KCVH,9.5,139.5,0.0,1.0,-1.1,126.0,131.5,989.0,-0.2,-0.02,1.0,0.0,38.0,17.0,134.4,30.05,1411.0,0.0,0.0,128.0,3500.0,0.0,0.0,129.0,0.0,0.0,5.0,-6.0,-99.0,3.0,0.0,0.0,2.0,0.0,0.0,-94.0,0.0,0.0,0.0,0.0,3.0,1.0,0.0,1200.0,85.0,45.0,2493.0,2493.0,22.2,10.7,0.0,10.7,24.5,0.0,0.0,9.8,0.0,0.0,5.7,37.4,32.5,0.0,0.0,0.0,0.0,169.0,693.0,167.0,691.0,170.0,687.0,170.0,693.0,0.0,0.0,-31.0,0.0,0.0,24.5,4.0,4.998,0.0,0.0,2.059,2.089,84.6,44.9,0.0,0.0,63.0,R,0.0,62.6,113.0,0.0,0.0,0.0,0.0,336.2,1279.4,332.6,1275.8,338.0,1268.6,338.0,1279.4,0.0,0.0,112.82,2493.0,336.2,273.59999999999997,50.21999999999999,0.734625,33306.35366666666,12.588785046728972,131.98,134.83,343.4,True,2026-08-14 08:27:13-07:00
478.06,2,10,2026-08-14 15:35:05,37.014,-121.53844,1124.0,134.9,138.5,-12.6,-0.3,KCVH,9.5,139.5,0.0,1.2,-0.3,126.0,132.0,990.0,-0.2,-0.0,1.0,0.0,25.0,17.0,134.9,30.05,1412.0,0.0,0.0,128.0,3500.0,0.0,0.0,129.0,0.0,0.0,5.0,-6.0,-99.0,3.0,0.0,0.0,1.0,0.0,0.0,-95.0,0.0,0.0,0.0,0.0,3.0,1.0,0.0,1200.0,85.0,45.0,2495.0,2495.0,22.2,10.7,0.0,10.7,24.4,0.0,0.0,9.8,0.0,0.0,5.5,37.4,32.5,0.0,0.0,0.0,0.0,169.0,694.0,167.0,691.0,170.0,687.0,170.0,694.0,0.0,0.0,-31.0,0.0,0.0,24.4,4.0,4.998,0.0,0.0,2.059,2.085,84.5,45.0,0.0,0.0,63.0,R,0.0,62.6,113.0,0.0,0.0,0.0,0.0,336.2,1281.2,332.6,1275.8,338.0,1268.6,338.0,1281.2,0.0,0.0,113.0,2495.0,336.2,273.59999999999997,50.4,0.7375972222222222,33533.71633333333,12.60747663551402,132.48,135.35,343.4,True,2026-08-14 08:27:13-07:00
479.06,2,10,2026-08-14 15:35:06,37.01353,-121.53793,1123.0,135.0,138.7,-12.6,-0.3,KCVH,9.5,139.5,0.0,1.0,-0.1,126.3,132.4,990.0,0.1,-0.01,1.0,0.0,-23.0,17.0,135.3,30.05,1412.0,0.0,0.0,128.0,3500.0,0.0,0.0,129.0,0.0,0.0,5.0,-6.0,-99.0,3.0,0.0,0.0,0.0,0.0,0.0,-95.0,0.0,0.0,0.0,0.0,3.0,1.0,0.0,1200.0,84.0,45.0,2495.0,2495.0,22.2,10.7,0.0,10.7,24.5,0.0,0.0,9.8,0.0,0.0,5.5,37.4,32.5,0.0,0.0,0.0,0.0,169.0,694.0,167.0,691.0,170.0,687.0,170.0,694.0,0.0,0.0,-31.0,0.0,0.0,24.5,4.0,4.998,0.0,0.0,2.059,2.1,84.5,45.0,0.0,0.0,63.0,R,0.0,62.6,113.0,0.0,0.0,0.0,0.0,336.2,1281.2,332.6,1275.8,338.0,1268.6,338.0,1281.2,0.0,0.0,113.0,2495.0,336.2,273.59999999999997,50.4,0.7405694444444444,33761.331999999995,12.616822429906543,132.88,135.76,343.4,True,2026-08-14 08:27:13-07:00
480.06,2,10,2026-08-14 15:35:07,37.01306,-121.53741,1122.0,135.0,138.8,-12.5,-0.3,KCVH,9.4,139.5,0.0,0.9,-0.3,126.4,132.6,990.0,0.1,-0.01,1.0,0.0,-25.0,17.0,135.4,30.05,1412.0,0.0,0.0,128.0,3500.0,0.0,0.0,129.0,0.0,0.0,5.0,-6.0,-99.0,3.0,0.0,0.0,1.0,0.0,0.0,-94.0,0.0,0.0,0.0,0.0,3.0,1.0,0.0,1200.0,85.0,45.0,2495.0,2495.0,22.2,10.7,0.0,10.7,24.5,0.0,0.0,9.8,0.0,0.0,5.5,37.4,32.5,0.0,0.0,0.0,0.0,169.0,694.0,168.0,691.0,170.0,687.0,170.0,694.0,0.0,0.0,-31.0,0.0,0.0,24.5,4.0,4.998,0.0,0.0,2.059,2.094,84.8,45.1,0.0,0.0,63.0,R,0.0,62.6,113.0,0.0,0.0,0.0,0.0,336.2,1281.2,334.4,1275.8,338.0,1268.6,338.0,1281.2,0.0,0.0,113.18,2495.0,336.65,274.04999999999995,50.580000000000005,0.7435416666666667,33989.032,12.616822429906543,133.07999999999998,135.96,343.4,True,2026-08-14 08:27:13-07:00
481.06,2,10,2026-08-14 15:35:08,37.01259,-121.5369,1121.0,135.1,138.8,-12.5,-0.29,KCVH,9.4,139.5,0.0,0.9,-0.3,126.7,132.7,990.0,0.2,-0.01,1.0,0.0,-82.0,17.0,135.6,30.05,1412.0,0.0,0.0,128.0,3500.0,0.0,0.0,129.0,0.0,0.0,5.0,-6.0,-99.0,3.0,0.0,0.0,1.0,0.0,0.0,-94.0,0.0,0.0,0.0,0.0,3.0,1.0,0.0,1200.0,85.0,45.0,2494.0,2494.0,22.2,10.7,0.0,10.7,24.4,0.0,0.0,9.8,0.0,0.0,5.6,37.4,32.5,0.0,0.0,0.0,0.0,169.0,694.0,168.0,691.0,169.0,686.0,170.0,694.0,0.0,0.0,-31.0,0.0,0.0,24.4,4.0,4.998,0.0,0.0,2.059,2.087,85.2,45.2,0.0,0.0,63.0,R,0.0,62.6,113.0,0.0,0.0,0.0,0.0,336.2,1281.2,334.4,1275.8,336.2,1266.8,338.0,1281.2,0.0,0.0,113.36,2494.0,336.2,273.59999999999997,50.76,0.7465138888888889,34216.81633333333,12.626168224299066,133.17999999999998,136.06,343.4,True,2026-08-14 08:27:13-07:00
482.06,2,10,2026-08-14 15:35:09,37.01212,-121.53639,1120.0,135.1,138.9,-12.5,-0.29,KCVH,9.4,139.5,0.0,0.9,-0.1,126.7,132.9,990.0,0.1,-0.0,1.0,0.0,-52.0,17.0,135.8,30.05,1412.0,0.0,0.0,128.0,3500.0,0.0,0.0,129.0,0.0,0.0,5.0,-6.0,-99.0,3.0,0.0,0.0,0.0,0.0,0.0,-94.0,0.0,0.0,0.0,0.0,3.0,1.0,0.0,1200.0,85.0,46.0,2498.0,2498.0,22.2,10.7,0.0,10.7,24.4,0.0,0.0,9.8,0.0,0.0,5.8,37.4,32.5,0.0,0.0,0.0,0.0,169.0,694.0,168.0,691.0,169.0,685.0,170.0,693.0,0.0,0.0,-31.0,0.0,0.0,24.4,4.0,4.998,0.0,0.0,2.059,2.097,85.1,45.5,0.0,0.0,63.0,R,0.0,62.6,114.8,0.0,0.0,0.0,0.0,336.2,1281.2,334.4,1275.8,336.2,1265.0,338.0,1279.4,0.0,0.0,113.9,2498.0,336.2,273.59999999999997,51.300000000000004,0.7494861111111111,34444.685,12.626168224299066,133.38,136.27,343.4,True,2026-08-14 08:27:13-07:00
483.06,2,10,2026-08-14 15:35:10,37.01165,-121.53587,1119.0,135.1,138.8,-12.5,-0.29,KCVH,9.3,139.5,0.0,1.0,-0.5,126.8,132.2,990.0,0.3,-0.02,1.0,0.0,-30.0,17.0,135.1,30.05,1412.0,0.0,0.0,128.0,3500.0,0.0,0.0,129.0,0.0,0.0,5.0,-6.0,-99.0,3.0,0.0,0.0,1.0,0.0,0.0,-94.0,0.0,0.0,0.0,0.0,3.0,1.0,0.0,1200.0,85.0,46.0,2490.0,2490.0,22.2,10.7,0.0,10.7,24.5,0.0,0.0,9.8,0.0,0.0,5.6,37.4,32.5,0.0,0.0,0.0,0.0,169.0,693.0,168.0,691.0,169.0,685.0,170.0,693.0,0.0,0.0,-31.0,0.0,0.0,24.5,4.0,4.998,0.0,0.0,2.059,2.092,85.2,45.6,0.0,0.0,63.0,R,0.0,62.6,114.8,0.0,0.0,0.0,0.0,336.2,1279.4,334.4,1275.8,336.2,1265.0,338.0,1279.4,0.0,0.0,114.08000000000001,2490.0,336.2,273.59999999999997,51.48000000000001,0.7524583333333333,34672.55366666667,12.626168224299066,132.67999999999998,135.55,343.4,True,2026-08-14 08:27:13-07:00
484.06,2,10,2026-08-14 15:35:11,37.01118,-121.53536,1119.0,135.1,138.6,-12.5,-0.29,KCVH,9.3,139.5,0.0,1.2,-0.5,126.6,132.8,990.0,0.2,-0.0,1.0,0.0,-15.0,17.0,135.7,30.05,1412.0,0.0,0.0,128.0,3500.0,0.0,0.0,129.0,0.0,0.0,5.0,-6.0,-99.0,3.0,0.0,0.0,1.0,0.0,0.0,-95.0,0.0,0.0,0.0,0.0,3.0,1.0,0.0,1200.0,85.0,46.0,2494.0,2494.0,22.2,10.7,0.0,10.7,24.5,0.0,0.0,9.8,0.0,0.0,5.4,37.4,32.5,0.0,0.0,0.0,0.0,169.0,692.0,168.0,691.0,169.0,685.0,170.0,693.0,0.0,0.0,-31.0,0.0,0.0,24.5,4.0,4.998,0.0,0.0,2.059,2.096,85.3,45.5,0.0,0.0,63.0,R,0.0,62.6,114.8,0.0,0.0,0.0,0.0,336.2,1277.6,334.4,1275.8,336.2,1265.0,338.0,1279.4,0.0,0.0,113.9,2494.0,336.2,273.59999999999997,51.300000000000004,0.7554305555555556,34900.42233333333,12.626168224299066,133.28,136.16,343.4,True,2026-08-14 08:27:13-07:00
485.06,2,10,2026-08-14 15:35:12,37.01071,-121.53484,1120.0,135.1,138.6,-12.5,-0.29,KCVH,9.2,139.5,0.0,1.2,-1.0,125.9,132.3,990.0,-0.0,-0.01,0.9,0.0,-38.0,17.0,135.2,30.05,1412.0,0.0,0.0,128.0,3500.0,0.0,0.0,129.0,0.0,0.0,5.0,-6.0,-99.0,3.0,0.0,0.0,2.0,0.0,0.0,-95.0,0.0,0.0,0.0,0.0,3.0,1.0,0.0,1200.0,85.0,46.0,2491.0,2491.0,22.2,10.7,0.0,10.7,24.5,0.0,0.0,9.8,0.0,0.0,5.6,37.4,32.5,0.0,0.0,0.0,0.0,169.0,693.0,168.0,690.0,169.0,686.0,170.0,694.0,0.0,0.0,-31.0,0.0,0.0,24.5,4.0,4.998,0.0,0.0,2.107,2.09,85.4,45.6,0.0,0.0,63.0,R,0.0,62.6,114.8,0.0,0.0,0.0,0.0,336.2,1279.4,334.4,1274.0,336.2,1266.8,338.0,1281.2,0.0,0.0,114.08000000000001,2491.0,336.2,273.59999999999997,51.48000000000001,0.7584027777777778,35128.291,12.626168224299066,132.78,135.65,343.4,True,2026-08-14 08:27:13-07:00
486.06,2,10,2026-08-14 15:35:13,37.01024,-121.53432,1120.0,135.2,138.4,-12.5,-0.29,KCVH,9.2,139.5,0.0,1.1,-0.4,125.7,131.4,990.0,-0.0,-0.02,1.0,0.0,-8.0,17.0,134.3,30.05,1410.0,0.0,0.0,128.0,3500.0,0.0,0.0,129.0,0.0,0.0,5.0,-6.0,-99.0,3.0,0.0,0.0,1.0,0.0,0.0,-94.0,0.0,0.0,0.0,0.0,3.0,1.0,0.0,1200.0,85.0,46.0,2490.0,2490.0,22.2,10.7,0.0,10.7,24.5,0.0,0.0,9.8,0.0,0.0,5.7,37.4,32.5,0.0,0.0,0.0,0.0,169.0,693.0,168.0,691.0,169.0,686.0,170.0,693.0,0.0,0.0,-31.0,0.0,0.0,24.5,4.0,4.998,0.0,0.0,2.092,2.074,85.4,45.8,0.0,0.0,63.0,R,0.0,62.6,114.8,0.0,0.0,0.0,0.0,336.2,1279.4,334.4,1275.8,336.2,1266.8,338.0,1279.4,0.0,0.0,114.44,2490.0,336.2,273.59999999999997,51.839999999999996,0.761375,35356.244,12.63551401869159,131.88,134.73,343.4,True,2026-08-14 08:27:13-07:00
487.06,2,10,2026-08-14 15:35:14,37.00977,-121.53381,1119.0,135.4,138.4,-12.5,-0.28,KCVH,9.2,139.5,0.0,1.3,-0.8,125.2,131.0,990.0,-0.2,-0.01,1.0,0.0,-38.0,17.0,133.8,30.05,1410.0,0.0,0.0,128.0,3500.0,0.0,0.0,129.0,0.0,0.0,5.0,-6.0,-99.0,3.0,0.0,0.0,2.0,0.0,0.0,-95.0,0.0,0.0,0.0,0.0,3.0,1.0,0.0,1200.0,86.0,46.0,2494.0,2494.0,22.2,10.7,0.0,10.7,24.6,0.0,0.0,9.8,0.0,0.0,5.8,37.4,32.5,0.0,0.0,0.0,0.0,169.0,693.0,168.0,691.0,169.0,686.0,170.0,693.0,0.0,0.0,-32.0,0.0,0.0,24.6,4.0,4.998,0.0,0.0,2.059,2.075,85.7,46.0,0.0,0.0,63.0,R,0.0,62.6,114.8,0.0,0.0,0.0,0.0,336.2,1279.4,334.4,1275.8,336.2,1266.8,338.0,1279.4,0.0,0.0,114.8,2494.0,336.2,273.59999999999997,52.199999999999996,0.7643472222222222,35584.45,12.654205607476637,131.48,134.33,343.4,True,2026-08-14 08:27:13-07:00
488.06,2,10,2026-08-14 15:35:15,37.0093,-121.53327,1079.0,135.8,138.5,-12.5,-0.28,KCVH,9.1,139.6,0.0,1.2,-0.9,124.2,131.4,990.0,-0.7,0.01,1.1,0.0,-43.0,17.0,134.3,30.05,1410.0,0.0,0.0,128.0,3500.0,0.0,0.0,129.0,0.0,0.0,5.0,-6.0,-99.0,3.0,0.0,0.0,4.0,0.0,0.0,-94.0,0.0,0.0,0.0,0.0,3.0,1.0,0.0,1200.0,86.0,46.0,2494.0,2494.0,22.2,10.7,0.0,10.7,24.5,0.0,0.0,9.8,0.0,0.0,5.6,37.4,32.5,0.0,0.0,0.0,0.0,169.0,692.0,168.0,691.0,169.0,686.0,170.0,693.0,0.0,0.0,-31.0,0.0,0.0,24.5,4.0,4.998,0.0,0.0,2.058,2.098,85.7,46.1,0.0,0.0,63.0,R,0.0,62.6,114.8,0.0,0.0,0.0,0.0,336.2,1277.6,334.4,1275.8,336.2,1266.8,338.0,1279.4,0.0,0.0,114.98,2494.0,336.2,273.59999999999997,52.38,0.7673194444444444,35813.162,12.691588785046731,131.88,134.73,343.4,True,2026-08-14 08:27:13-07:00
489.06,2,10,2026-08-14 15:35:16,37.00883,-121.53275,1076.0,136.2,138.4,-12.5,-0.28,KCVH,9.1,139.6,0.0,0.8,1.8,125.7,131.0,990.0,0.5,-0.03,0.9,0.0,-47.0,17.0,133.8,30.05,1402.0,0.0,0.0,128.0,3500.0,0.0,0.0,129.0,0.0,0.0,5.0,-6.0,-99.0,3.0,0.0,0.0,-3.0,0.0,0.0,-93.0,0.0,0.0,0.0,0.0,3.0,0.0,0.0,1200.0,86.0,46.0,2489.0,2489.0,22.2,10.7,0.0,10.7,24.5,0.0,0.0,9.8,0.0,0.0,5.4,37.4,32.5,0.0,0.0,0.0,0.0,169.0,693.0,168.0,692.0,169.0,686.0,170.0,694.0,0.0,0.0,-31.0,0.0,0.0,24.5,4.0,4.998,0.0,0.0,2.075,2.043,85.8,46.0,0.0,0.0,63.0,R,0.0,62.6,114.8,0.0,0.0,0.0,0.0,336.2,1279.4,334.4,1277.6,336.2,1266.8,338.0,1281.2,0.0,0.0,114.8,2489.0,336.2,273.59999999999997,52.199999999999996,0.7702916666666667,36042.54866666666,12.728971962616821,131.48,134.33,343.4,True,2026-08-14 08:27:13-07:00
490.06,2,10,2026-08-14 15:35:17,37.00836,-121.53223,1072.0,136.5,139.0,-12.5,-0.28,KCVH,9.0,139.6,0.0,1.2,1.6,125.9,132.8,990.0,0.1,0.03,1.0,0.0,-52.0,17.0,135.7,30.05,1402.0,0.0,0.0,128.0,3500.0,0.0,0.0,129.0,0.0,0.0,5.0,-6.0,-99.0,3.0,0.0,0.0,-2.0,0.0,0.0,-94.0,0.0,0.0,0.0,0.0,3.0,1.0,0.0,1200.0,86.0,46.0,2488.0,2488.0,22.2,10.7,0.0,10.7,24.5,0.0,0.0,9.8,0.0,0.0,5.6,37.4,32.5,0.0,0.0,0.0,0.0,169.0,694.0,168.0,692.0,169.0,686.0,170.0,694.0,0.0,0.0,-31.0,0.0,0.0,24.5,4.0,4.998,0.0,0.0,2.057,2.163,85.6,46.1,0.0,0.0,63.0,R,0.0,62.6,114.8,0.0,0.0,0.0,0.0,336.2,1281.2,334.4,1277.6,336.2,1266.8,338.0,1281.2,0.0,0.0,114.98,2488.0,336.2,273.59999999999997,52.38,0.7732638888888889,36272.52566666666,12.757009345794394,133.28,136.16,343.4,True,2026-08-14 08:27:13-07:00
491.06,2,10,2026-08-14 15:35:18,37.00788,-121.53172,1069.0,136.8,139.4,-12.5,-0.28,KCVH,9.0,139.6,0.0,1.1,0.4,126.5,132.5,988.0,0.6,-0.01,0.7,0.0,-78.0,17.0,135.4,30.05,1402.0,0.0,0.0,128.0,3500.0,0.0,0.0,129.0,0.0,0.0,5.0,-6.0,-99.0,3.0,0.0,0.0,0.0,0.0,0.0,-94.0,0.0,0.0,0.0,0.0,3.0,1.0,0.0,1200.0,86.0,46.0,2493.0,2493.0,22.2,10.7,0.0,10.7,24.5,0.0,0.0,9.8,0.0,0.0,5.7,37.4,32.5,0.0,0.0,0.0,0.0,169.0,695.0,168.0,692.0,169.0,687.0,170.0,693.0,0.0,0.0,-31.0,0.0,0.0,24.5,4.0,4.998,0.0,0.0,2.08,2.078,85.8,46.2,0.0,0.0,63.0,R,0.0,62.6,114.8,0.0,0.0,0.0,0.0,336.2,1283.0,334.4,1277.6,336.2,1268.6,338.0,1279.4,0.0,0.0,115.16,2493.0,336.2,273.59999999999997,52.559999999999995,0.7762361111111111,36503.00866666666,12.785046728971965,132.98,135.85,343.4,True,2026-08-14 08:27:13-07:00
492.06,2,10,2026-08-14 15:35:19,37.0074,-121.5312,1065.0,137.0,139.5,-12.5,-0.28,KCVH,9.0,139.6,0.0,1.7,-0.8,126.7,133.4,986.0,0.3,-0.02,1.3,0.0,-107.0,17.0,136.3,30.05,1398.0,0.0,0.0,128.0,3500.0,0.0,0.0,129.0,0.0,0.0,5.0,-6.0,-99.0,3.0,0.0,0.0,2.0,0.0,0.0,-94.0,0.0,0.0,0.0,0.0,3.0,1.0,0.0,1200.0,86.0,46.0,2501.0,2501.0,22.2,10.7,0.0,10.7,24.5,0.0,0.0,9.8,0.0,0.0,5.9,37.4,32.5,0.0,0.0,0.0,0.0,169.0,694.0,168.0,692.0,169.0,686.0,170.0,693.0,0.0,0.0,-31.0,0.0,0.0,24.5,4.0,4.998,0.0,0.0,2.113,2.026,86.0,46.4,0.0,0.0,63.0,R,0.0,62.6,114.8,0.0,0.0,0.0,0.0,336.2,1281.2,334.4,1277.6,336.2,1266.8,338.0,1279.4,0.0,0.0,115.52,2501.0,336.2,273.59999999999997,52.919999999999995,0.7792083333333333,36733.91333333333,12.803738317757011,133.88,136.77,343.4,True,2026-08-14 08:27:13-07:00
493.06,2,10,2026-08-14 15:35:20,37.00692,-121.53069,1062.0,137.3,139.4,-12.5,-0.27,KCVH,8.9,139.6,0.0,1.9,0.5,127.0,132.5,981.0,0.4,-0.01,1.0,0.0,-178.0,17.0,135.4,30.05,1398.0,0.0,0.0,128.0,3500.0,0.0,0.0,129.0,0.0,0.0,5.0,-5.0,-99.0,3.0,0.0,0.0,-1.0,0.0,0.0,-94.0,0.0,0.0,0.0,0.0,3.0,1.0,0.0,1200.0,86.0,47.0,2495.0,2495.0,22.2,10.7,0.0,10.7,24.5,0.0,0.0,9.8,0.0,0.0,5.8,37.4,32.5,0.0,0.0,0.0,0.0,169.0,694.0,168.0,691.0,169.0,686.0,170.0,693.0,0.0,0.0,-31.0,0.0,0.0,24.5,4.0,4.998,0.0,0.0,2.059,2.076,86.0,46.6,0.0,0.0,63.0,R,0.0,62.6,116.6,0.0,0.0,0.0,0.0,336.2,1281.2,334.4,1275.8,336.2,1266.8,338.0,1279.4,0.0,0.0,115.88000000000001,2495.0,336.2,273.59999999999997,53.28000000000001,0.7821805555555555,36965.23966666666,12.831775700934582,132.98,135.84,343.4,True,2026-08-14 08:27:13-07:00
494.06,2,10,2026-08-14 15:35:21,37.00643,-121.53017,1059.0,137.3,139.6,-12.5,-0.27,KCVH,8.9,139.6,0.0,1.8,-0.4,127.1,132.6,978.0,0.3,-0.01,1.0,0.0,-172.0,17.0,135.5,30.05,1395.0,0.0,0.0,128.0,3500.0,0.0,0.0,129.0,0.0,0.0,5.0,-5.0,-99.0,3.0,0.0,0.0,1.0,0.0,0.0,-94.0,0.0,0.0,0.0,0.0,3.0,1.0,0.0,1200.0,86.0,47.0,2492.0,2492.0,22.2,10.7,0.0,10.7,24.5,0.0,0.0,9.8,0.0,0.0,5.5,37.4,32.5,0.0,0.0,0.0,0.0,169.0,693.0,168.0,691.0,169.0,686.0,170.0,693.0,0.0,0.0,-31.0,0.0,0.0,24.5,4.0,4.998,0.0,0.0,2.074,2.092,85.9,46.5,0.0,0.0,63.0,R,0.0,62.6,116.6,0.0,0.0,0.0,0.0,336.2,1279.4,334.4,1275.8,336.2,1266.8,338.0,1279.4,0.0,0.0,115.7,2492.0,336.2,273.59999999999997,53.1,0.7851527777777778,37196.818999999996,12.831775700934582,133.07999999999998,135.93,343.4,True,2026-08-14 08:27:13-07:00
495.06,2,10,2026-08-14 15:35:22,37.00595,-121.52966,1059.0,137.3,139.6,-12.5,-0.27,KCVH,8.9,139.6,0.0,1.9,-0.9,126.7,132.5,976.0,-0.1,-0.01,1.1,0.0,-152.0,17.0,135.4,30.05,1393.0,0.0,0.0,128.0,3500.0,0.0,0.0,129.0,0.0,0.0,5.0,-5.0,-99.0,3.0,0.0,0.0,2.0,0.0,0.0,-93.0,0.0,0.0,0.0,0.0,3.0,1.0,0.0,1200.0,86.0,47.0,2496.0,2496.0,22.2,10.7,0.0,10.7,24.4,0.0,0.0,9.8,0.0,0.0,5.6,37.4,32.5,0.0,0.0,0.0,0.0,169.0,693.0,168.0,691.0,169.0,686.0,170.0,693.0,0.0,0.0,-31.0,0.0,0.0,24.4,4.0,4.998,0.0,0.0,2.104,2.076,85.8,46.6,0.0,0.0,63.0,R,0.0,62.6,116.6,0.0,0.0,0.0,0.0,336.2,1279.4,334.4,1275.8,336.2,1266.8,338.0,1279.4,0.0,0.0,115.88000000000001,2496.0,336.2,273.59999999999997,53.28000000000001,0.788125,37428.39833333333,12.831775700934582,132.98,135.82,343.4,True,2026-08-14 08:27:13-07:00
496.06,2,10,2026-08-14 15:35:23,37.00546,-121.52914,1058.0,137.3,139.5,-12.5,-0.27,KCVH,8.8,139.6,0.0,2.0,-0.6,127.0,132.6,974.0,0.1,-0.02,1.0,0.0,-158.0,17.0,135.4,30.05,1390.0,0.0,0.0,128.0,3500.0,0.0,0.0,129.0,0.0,0.0,5.0,-5.0,-99.0,3.0,0.0,0.0,1.0,0.0,0.0,-93.0,0.0,0.0,0.0,0.0,3.0,1.0,0.0,1200.0,86.0,47.0,2495.0,2495.0,22.2,10.7,0.0,10.7,24.5,0.0,0.0,9.8,0.0,0.0,5.6,37.4,32.5,0.0,0.0,0.0,0.0,169.0,694.0,168.0,692.0,169.0,686.0,170.0,693.0,0.0,0.0,-31.0,0.0,0.0,24.5,4.0,4.998,0.0,0.0,2.111,2.087,86.1,46.7,0.0,0.0,63.0,R,0.0,62.6,116.6,0.0,0.0,0.0,0.0,336.2,1281.2,334.4,1277.6,336.2,1266.8,338.0,1279.4,0.0,0.0,116.06,2495.0,336.2,273.59999999999997,53.46,0.7910972222222222,37659.977666666666,12.831775700934582,133.07999999999998,135.92,343.4,True,2026-08-14 08:27:13-07:00
497.06,2,10,2026-08-14 15:35:24,37.00497,-121.52863,1058.0,137.2,139.6,-12.5,-0.27,KCVH,8.8,139.6,0.0,2.1,-0.3,127.1,132.8,970.0,-0.2,-0.0,1.1,0.0,-165.0,17.0,135.7,30.05,1386.0,0.0,0.0,128.0,3500.0,0.0,0.0,129.0,0.0,0.0,5.0,-5.0,-99.0,3.0,0.0,0.0,1.0,0.0,0.0,-93.0,0.0,0.0,0.0,0.0,3.0,1.0,0.0,1200.0,86.0,47.0,2492.0,2492.0,22.2,10.7,0.0,10.7,24.4,0.0,0.0,9.7,0.0,0.0,5.8,37.4,32.5,0.0,0.0,0.0,0.0,169.0,693.0,168.0,692.0,169.0,686.0,169.0,693.0,0.0,0.0,-31.0,0.0,0.0,24.4,4.0,4.998,0.0,0.0,2.112,2.084,86.0,46.8,0.0,0.0,63.0,R,0.0,62.6,116.6,0.0,0.0,0.0,0.0,336.2,1279.4,334.4,1277.6,336.2,1266.8,336.2,1279.4,0.0,0.0,116.24,2492.0,335.75,273.15,53.63999999999999,0.7940694444444445,37891.47266666666,12.822429906542055,133.28,136.11,343.4,True,2026-08-14 08:27:13-07:00
498.06,2,10,2026-08-14 15:35:25,37.00449,-121.52811,1059.0,136.9,139.7,-12.5,-0.27,KCVH,8.7,139.6,0.0,2.1,-0.7,127.6,132.5,969.0,0.1,-0.01,1.1,0.0,-95.0,17.0,135.3,30.05,1385.0,0.0,0.0,128.0,3500.0,0.0,0.0,129.0,0.0,0.0,5.0,-5.0,-99.0,3.0,0.0,0.0,1.0,0.0,0.0,-93.0,0.0,0.0,0.0,0.0,3.0,1.0,0.0,1200.0,86.0,47.0,2495.0,2495.0,22.2,10.7,0.0,10.7,24.5,0.0,0.0,9.7,0.0,0.0,5.7,37.4,32.5,0.0,0.0,0.0,0.0,169.0,693.0,168.0,692.0,169.0,687.0,169.0,694.0,0.0,0.0,-31.0,0.0,0.0,24.5,4.0,4.998,0.0,0.0,2.112,2.079,86.1,47.1,0.0,0.0,63.0,R,0.0,62.6,116.6,0.0,0.0,0.0,0.0,336.2,1279.4,334.4,1277.6,336.2,1268.6,336.2,1281.2,0.0,0.0,116.78,2495.0,335.75,273.15,54.18,0.7970416666666666,38122.63033333333,12.794392523364488,132.98,135.81,343.4,True,2026-08-14 08:27:13-07:00
499.06,2,10,2026-08-14 15:35:26,37.00401,-121.5276,1061.0,136.6,139.6,-12.5,-0.27,KCVH,8.7,139.6,0.0,2.3,-0.7,127.7,132.0,969.0,0.1,-0.02,1.0,0.0,-10.0,17.0,134.8,30.05,1385.0,0.0,0.0,128.0,3500.0,0.0,0.0,129.0,0.0,0.0,5.0,-5.0,-99.0,3.0,0.0,0.0,1.0,0.0,0.0,-94.0,0.0,0.0,0.0,0.0,3.0,1.0,0.0,1200.0,86.0,47.0,2493.0,2493.0,22.2,10.7,0.0,10.7,24.5,0.0,0.0,9.7,0.0,0.0,5.4,37.4,32.5,0.0,0.0,0.0,0.0,169.0,693.0,168.0,692.0,169.0,687.0,169.0,694.0,0.0,0.0,-31.0,0.0,0.0,24.5,4.0,4.998,0.0,0.0,2.111,2.09,86.2,47.0,0.0,0.0,62.0,R,0.0,62.6,116.6,0.0,0.0,0.0,0.0,336.2,1279.4,334.4,1277.6,336.2,1268.6,336.2,1281.2,0.0,0.0,116.6,2493.0,335.75,273.15,53.99999999999999,0.8000138888888889,38353.282,12.766355140186917,132.48,135.29,343.4,True,2026-08-14 08:27:13-07:00
500.06,2,10,2026-08-14 15:35:27,37.00352,-121.52709,1066.0,136.3,139.6,-12.5,-0.27,KCVH,8.7,139.6,0.0,2.6,-0.8,127.7,130.8,969.0,-0.0,-0.01,1.0,0.0,53.0,17.0,133.6,30.05,1385.0,0.0,0.0,128.0,3500.0,0.0,0.0,129.0,0.0,0.0,5.0,-5.0,-99.0,3.0,0.0,0.0,1.0,0.0,0.0,-95.0,0.0,0.0,0.0,0.0,3.0,1.0,0.0,1200.0,86.0,47.0,2490.0,2490.0,22.2,10.7,0.0,10.7,24.5,0.0,0.0,9.7,0.0,0.0,5.5,37.4,32.5,0.0,0.0,0.0,0.0,169.0,693.0,168.0,691.0,169.0,688.0,169.0,694.0,0.0,0.0,-31.0,0.0,0.0,24.5,4.0,4.998,0.0,0.0,2.107,2.09,86.3,47.1,0.0,0.0,62.0,R,0.0,62.6,116.6,0.0,0.0,0.0,0.0,336.2,1279.4,334.4,1275.8,336.2,1270.4,336.2,1281.2,0.0,0.0,116.78,2490.0,335.75,273.15,54.18,0.8029861111111111,38583.42766666666,12.738317757009348,131.28,134.07,343.4,True,2026-08-14 08:27:13-07:00
501.06,2,10,2026-08-14 15:35:28,37.00304,-121.52658,1066.0,135.9,139.6,-12.5,-0.26,KCVH,8.6,139.6,0.0,2.8,-0.9,127.5,130.8,970.0,-0.0,-0.02,1.0,0.0,152.0,17.0,133.6,30.05,1376.0,0.0,0.0,128.0,3500.0,0.0,0.0,129.0,0.0,0.0,5.0,-5.0,-99.0,3.0,0.0,0.0,2.0,0.0,0.0,-95.0,0.0,0.0,0.0,0.0,3.0,1.0,0.0,1200.0,86.0,47.0,2491.0,2491.0,22.2,10.7,0.0,10.7,24.5,0.0,0.0,9.7,0.0,0.0,5.6,37.4,32.5,0.0,0.0,0.0,0.0,169.0,694.0,168.0,692.0,169.0,687.0,169.0,694.0,0.0,0.0,-31.0,0.0,0.0,24.5,4.0,4.998,0.0,0.0,2.061,2.089,86.3,47.2,0.0,0.0,62.0,R,0.0,62.6,116.6,0.0,0.0,0.0,0.0,336.2,1281.2,334.4,1277.6,336.2,1268.6,336.2,1281.2,0.0,0.0,116.96000000000001,2491.0,335.75,273.15,54.36000000000001,0.8059583333333333,38812.983,12.700934579439254,131.28,134.07,343.4,True,2026-08-14 08:27:13-07:00
502.06,2,10,2026-08-14 15:35:29,37.00256,-121.52608,1070.0,135.6,139.6,-12.5,-0.26,KCVH,8.6,139.6,0.0,2.5,-0.6,127.7,130.6,973.0,-0.0,-0.01,1.0,0.0,148.0,17.0,133.4,30.05,1376.0,0.0,0.0,128.0,3500.0,0.0,0.0,129.0,0.0,0.0,5.0,-5.0,-99.0,3.0,0.0,0.0,1.0,0.0,0.0,-95.0,0.0,0.0,0.0,0.0,3.0,1.0,0.0,1200.0,86.0,47.0,2492.0,2492.0,22.2,10.7,0.0,10.7,24.5,0.0,0.0,9.7,0.0,0.0,5.8,37.4,32.5,0.0,0.0,0.0,0.0,169.0,693.0,168.0,692.0,169.0,687.0,169.0,694.0,0.0,0.0,-31.0,0.0,0.0,24.5,4.0,4.998,0.0,0.0,2.057,2.095,86.4,47.3,0.0,0.0,62.0,R,0.0,62.6,116.6,0.0,0.0,0.0,0.0,336.2,1279.4,334.4,1277.6,336.2,1268.6,336.2,1281.2,0.0,0.0,117.14,2492.0,335.75,273.15,54.54,0.8089305555555556,39041.948,12.672897196261683,131.07999999999998,133.87,343.4,True,2026-08-14 08:27:13-07:00
503.06,2,10,2026-08-14 15:35:30,37.00209,-121.52557,1073.0,135.5,139.6,-12.5,-0.26,KCVH,8.6,139.6,0.0,2.2,-1.0,127.6,130.3,976.0,0.0,-0.01,0.9,0.0,166.0,17.0,133.1,30.05,1376.0,0.0,0.0,128.0,3500.0,0.0,0.0,129.0,0.0,0.0,5.0,-5.0,-99.0,3.0,0.0,0.0,1.0,0.0,0.0,-93.0,0.0,0.0,0.0,0.0,3.0,1.0,0.0,1200.0,86.0,48.0,2492.0,2492.0,22.2,10.7,0.0,10.7,24.5,0.0,0.0,9.7,0.0,0.0,5.7,37.4,32.5,0.0,0.0,0.0,0.0,169.0,693.0,168.0,692.0,169.0,687.0,169.0,694.0,0.0,0.0,-31.0,0.0,0.0,24.5,4.0,4.998,0.0,0.0,2.058,2.098,86.5,47.6,0.0,0.0,62.0,R,0.0,62.6,118.4,0.0,0.0,0.0,0.0,336.2,1279.4,334.4,1277.6,336.2,1268.6,336.2,1281.2,0.0,0.0,117.68,2492.0,335.75,273.15,55.080000000000005,0.8119027777777778,39270.575666666664,12.66355140186916,130.78,133.58,343.4,True,2026-08-14 08:27:13-07:00
504.06,2,10,2026-08-14 15:35:31,37.00161,-121.52506,1074.0,135.4,139.6,-12.5,-0.26,KCVH,8.5,139.6,0.0,2.2,-1.1,127.3,130.2,978.0,-0.2,-0.01,1.0,0.0,127.0,17.0,133.0,30.05,1384.0,0.0,0.0,128.0,3500.0,0.0,0.0,129.0,0.0,0.0,5.0,-5.0,-99.0,3.0,0.0,0.0,2.0,0.0,0.0,-93.0,0.0,0.0,0.0,0.0,3.0,1.0,0.0,1200.0,86.0,48.0,2491.0,2491.0,22.2,10.7,0.0,10.7,24.5,0.0,0.0,9.7,0.0,0.0,5.4,37.4,32.5,0.0,0.0,0.0,0.0,169.0,694.0,168.0,691.0,169.0,687.0,169.0,694.0,0.0,0.0,-31.0,0.0,0.0,24.5,4.0,4.998,0.0,0.0,2.059,2.079,86.2,47.6,0.0,0.0,62.0,R,0.0,62.6,118.4,0.0,0.0,0.0,0.0,336.2,1281.2,334.4,1275.8,336.2,1268.6,336.2,1281.2,0.0,0.0,117.68,2491.0,335.75,273.15,55.080000000000005,0.814875,39499.03466666667,12.654205607476637,130.67999999999998,133.48,343.4,True,2026-08-14 08:27:13-07:00
505.06,2,10,2026-08-14 15:35:32,37.00113,-121.52455,1075.0,135.3,139.6,-12.5,-0.26,KCVH,8.5,139.6,0.0,2.2,-0.2,127.9,130.0,979.0,0.1,-0.0,1.0,0.0,125.0,16.0,132.8,30.05,1384.0,0.0,0.0,128.0,3500.0,0.0,0.0,129.0,0.0,0.0,5.0,-5.0,-99.0,3.0,0.0,0.0,0.0,0.0,0.0,-94.0,0.0,0.0,0.0,0.0,3.0,1.0,0.0,1200.0,86.0,48.0,2491.0,2491.0,22.2,10.7,0.0,10.7,24.5,0.0,0.0,9.7,0.0,0.0,5.5,37.4,32.5,0.0,0.0,0.0,0.0,169.0,693.0,168.0,691.0,169.0,687.0,169.0,694.0,0.0,0.0,-31.0,0.0,0.0,24.5,4.0,4.998,0.0,0.0,2.059,2.08,86.4,47.7,0.0,0.0,62.0,R,0.0,60.8,118.4,0.0,0.0,0.0,0.0,336.2,1279.4,334.4,1275.8,336.2,1268.6,336.2,1281.2,0.0,0.0,117.86,2491.0,335.75,274.95,57.06,0.8178472222222222,39727.325,12.644859813084114,130.48,133.05,343.4,True,2026-08-14 08:27:13-07:00
506.06,2,10,2026-08-14 15:35:33,37.00065,-121.52405,1077.0,135.2,139.7,-12.5,-0.26,KCVH,8.4,139.6,0.0,2.1,-1.4,127.4,130.1,983.0,-0.0,-0.02,1.0,0.0,153.0,16.0,132.9,30.05,1384.0,0.0,0.0,128.0,3500.0,0.0,0.0,129.0,0.0,0.0,5.0,-5.0,-99.0,3.0,0.0,0.0,2.0,0.0,0.0,-94.0,0.0,0.0,0.0,0.0,3.0,1.0,0.0,1200.0,86.0,48.0,2490.0,2490.0,22.2,10.7,0.0,10.7,24.5,0.0,0.0,9.7,0.0,0.0,5.6,37.4,32.5,0.0,0.0,0.0,0.0,169.0,693.0,168.0,691.0,169.0,687.0,169.0,694.0,0.0,0.0,-31.0,0.0,0.0,24.5,4.0,4.998,0.0,0.0,2.059,2.076,86.3,47.8,0.0,0.0,62.0,R,0.0,60.8,118.4,0.0,0.0,0.0,0.0,336.2,1279.4,334.4,1275.8,336.2,1268.6,336.2,1281.2,0.0,0.0,118.03999999999999,2490.0,335.75,274.95,57.239999999999995,0.8208194444444444,39955.44666666666,12.63551401869159,130.57999999999998,133.16,343.4,True,2026-08-14 08:27:13-07:00
507.06,2,10,2026-08-14 15:35:34,37.00018,-121.52354,1079.0,135.2,139.5,-12.5,-0.26,KCVH,8.4,139.6,0.0,1.9,-0.5,127.7,130.3,985.0,0.0,-0.01,1.0,0.0,164.0,16.0,133.1,30.05,1381.0,0.0,0.0,128.0,3500.0,0.0,0.0,129.0,0.0,0.0,5.0,-5.0,-99.0,3.0,0.0,0.0,0.0,0.0,0.0,-94.0,0.0,0.0,0.0,0.0,3.0,1.0,0.0,1200.0,86.0,48.0,2493.0,2493.0,22.2,10.7,0.0,10.7,24.5,0.0,0.0,9.7,0.0,0.0,5.8,37.4,32.5,0.0,0.0,0.0,0.0,169.0,693.0,168.0,691.0,169.0,688.0,169.0,693.0,0.0,0.0,-31.0,0.0,0.0,24.5,4.0,4.998,0.0,0.0,2.059,2.063,86.3,47.9,0.0,0.0,62.0,R,0.0,60.8,118.4,0.0,0.0,0.0,0.0,336.2,1279.4,334.4,1275.8,336.2,1270.4,336.2,1279.4,0.0,0.0,118.22,2493.0,335.75,274.95,57.42,0.8237916666666667,40183.484,12.63551401869159,130.78,133.37,343.4,True,2026-08-14 08:27:13-07:00
508.06,2,10,2026-08-14 15:35:35,36.99969,-121.52304,1086.0,135.0,139.5,-12.5,-0.26,KCVH,8.4,139.6,0.0,2.2,-1.3,127.4,129.7,988.0,-0.2,-0.01,1.0,0.0,146.0,16.0,132.5,30.05,1386.0,0.0,0.0,128.0,3500.0,0.0,0.0,129.0,0.0,0.0,5.0,-5.0,-99.0,3.0,0.0,0.0,2.0,0.0,0.0,-95.0,0.0,0.0,0.0,0.0,3.0,1.0,0.0,1200.0,86.0,48.0,2492.0,2492.0,22.2,10.7,0.0,10.7,24.5,0.0,0.0,9.7,0.0,0.0,5.7,37.4,32.5,0.0,0.0,0.0,0.0,169.0,693.0,168.0,691.0,169.0,688.0,169.0,694.0,0.0,0.0,-31.0,0.0,0.0,24.5,4.0,4.998,0.0,0.0,2.059,2.076,86.3,48.2,0.0,0.0,62.0,R,0.0,60.8,118.4,0.0,0.0,0.0,0.0,336.2,1279.4,334.4,1275.8,336.2,1270.4,336.2,1281.2,0.0,0.0,118.76,2492.0,335.75,274.95,57.96000000000001,0.8267638888888889,40411.352666666666,12.616822429906543,130.17999999999998,132.76,343.4,True,2026-08-14 08:27:13-07:00
509.06,2,10,2026-08-14 15:35:36,36.99922,-121.52254,1088.0,134.9,139.4,-12.5,-0.26,KCVH,8.3,139.6,0.0,2.0,-1.0,127.4,129.9,990.0,-0.1,-0.02,1.0,0.0,148.0,16.0,132.6,30.05,1386.0,0.0,0.0,128.0,3500.0,0.0,0.0,129.0,0.0,0.0,5.0,-5.0,-99.0,3.0,0.0,0.0,1.0,0.0,0.0,-95.0,0.0,0.0,0.0,0.0,3.0,1.0,0.0,1200.0,86.0,48.0,2491.0,2491.0,22.2,10.7,0.0,10.7,24.5,0.0,0.0,9.7,0.0,0.0,5.5,37.4,32.5,0.0,0.0,0.0,0.0,169.0,693.0,168.0,691.0,169.0,688.0,169.0,694.0,0.0,0.0,-31.0,0.0,0.0,24.5,4.0,4.998,0.0,0.0,2.059,2.08,86.3,48.3,0.0,0.0,62.0,R,0.0,60.8,118.4,0.0,0.0,0.0,0.0,336.2,1279.4,334.4,1275.8,336.2,1270.4,336.2,1281.2,0.0,0.0,118.94,2491.0,335.75,274.95,58.14,0.8297361111111111,40638.96833333333,12.60747663551402,130.38,132.97,343.4,True,2026-08-14 08:27:13-07:00
510.06,2,10,2026-08-14 15:35:37,36.99874,-121.52203,1091.0,134.9,139.4,-12.5,-0.26,KCVH,8.3,139.6,0.0,1.7,-0.6,127.4,130.0,992.0,-0.3,-0.0,0.9,0.0,114.0,16.0,132.8,30.05,1386.0,0.0,0.0,128.0,3500.0,0.0,0.0,129.0,0.0,0.0,5.0,-5.0,-99.0,3.0,0.0,0.0,1.0,0.0,0.0,-94.0,0.0,0.0,0.0,0.0,3.0,1.0,0.0,1200.0,86.0,48.0,2492.0,2492.0,22.2,10.7,0.0,10.7,24.5,0.0,0.0,9.7,0.0,0.0,5.4,37.4,32.5,0.0,0.0,0.0,0.0,169.0,693.0,168.0,691.0,169.0,687.0,169.0,694.0,0.0,0.0,-31.0,0.0,0.0,24.5,4.0,4.998,0.0,0.0,2.059,2.079,86.1,48.2,0.0,0.0,62.0,R,0.0,60.8,118.4,0.0,0.0,0.0,0.0,336.2,1279.4,334.4,1275.8,336.2,1268.6,336.2,1281.2,0.0,0.0,118.76,2492.0,335.75,274.95,57.96000000000001,0.8327083333333334,40866.49966666666,12.60747663551402,130.48,133.08,343.4,True,2026-08-14 08:27:13-07:00
511.06,2,10,2026-08-14 15:35:38,36.99827,-121.52152,1093.0,134.9,139.5,-12.5,-0.25,KCVH,8.3,139.6,0.0,1.2,-0.7,127.6,130.2,993.0,-0.0,-0.0,0.9,0.0,103.0,16.0,133.0,30.05,1392.0,0.0,0.0,128.0,3500.0,0.0,0.0,129.0,0.0,0.0,5.0,-5.0,-99.0,3.0,0.0,0.0,1.0,0.0,0.0,-93.0,0.0,0.0,0.0,0.0,3.0,1.0,0.0,1200.0,86.0,48.0,2490.0,2490.0,22.2,10.7,0.0,10.7,24.5,0.0,0.0,9.7,0.0,0.0,5.5,37.4,32.5,0.0,0.0,0.0,0.0,169.0,694.0,168.0,691.0,169.0,687.0,169.0,694.0,0.0,0.0,-31.0,0.0,0.0,24.5,4.0,4.998,0.0,0.0,2.059,2.08,85.8,48.3,0.0,0.0,62.0,R,0.0,60.8,118.4,0.0,0.0,0.0,0.0,336.2,1281.2,334.4,1275.8,336.2,1268.6,336.2,1281.2,0.0,0.0,118.94,2490.0,335.75,274.95,58.14,0.8356805555555555,41094.030999999995,12.60747663551402,130.67999999999998,133.28,343.4,True,2026-08-14 08:27:13-07:00
512.06,2,10,2026-08-14 15:35:39,36.9978,-121.52101,1094.0,135.1,139.4,-12.5,-0.25,KCVH,8.2,139.6,0.0,1.2,-0.8,127.7,130.1,995.0,0.2,-0.02,1.0,0.0,103.0,16.0,132.9,30.05,1392.0,0.0,0.0,128.0,3500.0,0.0,0.0,129.0,0.0,0.0,5.0,-5.0,-99.0,3.0,0.0,0.0,0.0,0.0,0.0,-93.0,0.0,0.0,0.0,0.0,3.0,0.0,0.0,1200.0,86.0,48.0,2491.0,2491.0,22.2,10.7,0.0,10.7,24.5,0.0,0.0,9.7,0.0,0.0,5.6,37.4,32.5,0.0,0.0,0.0,0.0,169.0,694.0,168.0,691.0,169.0,687.0,169.0,694.0,0.0,0.0,-31.0,0.0,0.0,24.5,4.0,4.998,0.0,0.0,2.097,2.08,85.8,48.5,0.0,0.0,62.0,R,0.0,60.8,118.4,0.0,0.0,0.0,0.0,336.2,1281.2,334.4,1275.8,336.2,1268.6,336.2,1281.2,0.0,0.0,119.3,2491.0,335.75,274.95,58.5,0.8386527777777776,41321.730999999985,12.626168224299066,130.57999999999998,133.19,343.4,True,2026-08-14 08:27:13-07:00
513.06,2,10,2026-08-14 15:35:40,36.99732,-121.52051,1099.0,135.3,139.4,-12.5,-0.25,KCVH,8.2,139.6,0.0,1.5,-1.0,127.2,129.9,997.0,-0.1,-0.01,0.9,0.0,92.0,16.0,132.7,30.05,1392.0,0.0,0.0,128.0,3500.0,0.0,0.0,129.0,0.0,0.0,5.0,-5.0,-99.0,3.0,0.0,0.0,1.0,0.0,0.0,-94.0,0.0,0.0,0.0,0.0,3.0,1.0,0.0,1200.0,86.0,49.0,2492.0,2492.0,22.2,10.7,0.0,10.7,24.5,0.0,0.0,9.7,0.0,0.0,5.7,37.4,32.5,0.0,0.0,0.0,0.0,169.0,693.0,168.0,691.0,169.0,686.0,169.0,694.0,0.0,0.0,-31.0,0.0,0.0,24.5,4.0,4.998,0.0,0.0,2.059,2.079,85.8,48.8,0.0,0.0,62.0,R,0.0,60.8,120.2,0.0,0.0,0.0,0.0,336.2,1279.4,334.4,1275.8,336.2,1266.8,336.2,1281.2,0.0,0.0,119.84,2492.0,335.75,274.95,59.040000000000006,0.8416249999999998,41549.76833333332,12.644859813084114,130.38,132.99,343.4,True,2026-08-14 08:27:13-07:00
514.06,2,10,2026-08-14 15:35:41,36.99686,-121.51998,1090.0,135.4,139.2,-12.5,-0.25,KCVH,8.1,139.6,0.0,1.5,-0.4,127.3,130.4,998.0,0.2,-0.0,0.9,0.0,96.0,16.0,133.3,30.05,1399.0,0.0,0.0,128.0,3500.0,0.0,0.0,129.0,0.0,0.0,5.0,-5.0,-99.0,3.0,0.0,0.0,-1.0,0.0,0.0,-95.0,0.0,0.0,0.0,0.0,3.0,1.0,0.0,1200.0,86.0,49.0,2494.0,2494.0,22.2,10.7,0.0,10.7,24.5,0.0,0.0,9.7,0.0,0.0,5.5,37.4,32.5,0.0,0.0,0.0,0.0,169.0,693.0,168.0,691.0,169.0,687.0,169.0,694.0,0.0,0.0,-31.0,0.0,0.0,24.5,4.0,4.998,0.0,0.0,2.059,2.08,85.8,48.8,0.0,0.0,62.0,R,0.0,60.8,120.2,0.0,0.0,0.0,0.0,336.2,1279.4,334.4,1275.8,336.2,1268.6,336.2,1281.2,0.0,0.0,119.84,2494.0,335.75,274.95,59.040000000000006,0.844597222222222,41778.05866666665,12.654205607476637,130.88,133.5,343.4,True,2026-08-14 08:27:13-07:00
515.06,2,10,2026-08-14 15:35:42,36.99636,-121.51949,1117.0,135.5,139.2,-12.5,-0.25,KCVH,8.1,139.6,0.0,1.3,-1.2,127.0,130.5,998.0,0.2,-0.02,1.0,0.0,37.0,16.0,133.3,30.05,1399.0,0.0,0.0,128.0,3500.0,0.0,0.0,129.0,0.0,0.0,5.0,-5.0,-99.0,3.0,0.0,0.0,0.0,0.0,0.0,-94.0,0.0,0.0,0.0,0.0,3.0,1.0,0.0,1200.0,86.0,49.0,2493.0,2493.0,22.1,10.7,0.0,10.7,24.5,0.0,0.0,9.7,0.0,0.0,5.4,37.4,32.5,0.0,0.0,0.0,0.0,169.0,693.0,168.0,691.0,169.0,686.0,169.0,695.0,0.0,0.0,-31.0,0.0,0.0,24.5,4.0,4.998,0.0,0.0,2.059,2.08,85.5,48.8,0.0,0.0,62.0,R,0.0,60.8,120.2,0.0,0.0,0.0,0.0,336.2,1279.4,334.4,1275.8,336.2,1266.8,336.2,1283.0,0.0,0.0,119.84,2493.0,335.75,274.95,59.040000000000006,0.8475694444444443,42006.51766666665,12.66355140186916,130.98,133.6,343.4,True,2026-08-14 08:27:13-07:00
516.06,2,10,2026-08-14 15:35:43,36.99589,-121.51897,1116.0,135.7,139.1,-12.5,-0.25,KCVH,8.1,139.6,0.0,1.2,-1.8,126.3,130.4,998.0,-0.5,0.0,1.0,0.0,-11.0,16.0,133.2,30.05,1399.0,0.0,0.0,128.0,3500.0,0.0,0.0,129.0,0.0,0.0,5.0,-5.0,-99.0,3.0,0.0,0.0,3.0,0.0,0.0,-92.0,0.0,0.0,0.0,0.0,3.0,1.0,0.0,1200.0,85.0,49.0,2491.0,2491.0,22.2,10.7,0.0,10.7,24.4,0.0,0.0,9.7,0.0,0.0,5.5,37.4,32.5,0.0,0.0,0.0,0.0,169.0,692.0,168.0,690.0,169.0,687.0,169.0,695.0,0.0,0.0,-31.0,0.0,0.0,24.4,4.0,4.998,0.0,0.0,2.059,2.094,85.4,48.9,0.0,0.0,62.0,R,0.0,60.8,120.2,0.0,0.0,0.0,0.0,336.2,1277.6,334.4,1274.0,336.2,1268.6,336.2,1283.0,0.0,0.0,120.02,2491.0,335.75,274.95,59.22,0.8505416666666665,42235.22966666665,12.682242990654206,130.88,133.5,343.4,True,2026-08-14 08:27:13-07:00
517.06,2,10,2026-08-14 15:35:44,36.99541,-121.51846,1114.0,135.9,138.9,-12.5,-0.24,KCVH,8.0,139.6,0.0,1.4,-1.1,126.8,131.6,998.0,0.0,-0.01,1.1,0.0,-46.0,16.0,134.5,30.05,1399.0,0.0,0.0,128.0,3500.0,0.0,0.0,129.0,0.0,0.0,5.0,-5.0,-99.0,3.0,0.0,0.0,1.0,0.0,0.0,-95.0,0.0,0.0,0.0,0.0,3.0,1.0,0.0,1200.0,86.0,49.0,2497.0,2497.0,22.2,10.7,0.0,10.7,24.4,0.0,0.0,9.7,0.0,0.0,5.7,37.4,32.5,0.0,0.0,0.0,0.0,169.0,693.0,168.0,691.0,169.0,687.0,169.0,694.0,0.0,0.0,-31.0,0.0,0.0,24.4,4.0,4.998,0.0,0.0,2.111,2.083,85.6,49.0,0.0,0.0,62.0,R,0.0,60.8,120.2,0.0,0.0,0.0,0.0,336.2,1279.4,334.4,1275.8,336.2,1268.6,336.2,1281.2,0.0,0.0,120.2,2497.0,335.75,274.95,59.400000000000006,0.8535138888888887,42464.27899999998,12.700934579439254,132.07999999999998,134.72,343.4,True,2026-08-14 08:27:13-07:00
518.06,2,10,2026-08-14 15:35:45,36.99494,-121.51794,1113.0,135.9,138.7,-12.5,-0.24,KCVH,8.0,139.6,0.0,1.1,-1.5,126.7,131.7,998.0,-0.0,-0.02,1.0,0.0,-57.0,16.0,134.6,30.05,1399.0,0.0,0.0,128.0,3500.0,0.0,0.0,129.0,0.0,0.0,5.0,-5.0,-99.0,3.0,0.0,0.0,2.0,0.0,0.0,-94.0,0.0,0.0,0.0,0.0,3.0,1.0,0.0,1200.0,86.0,49.0,2496.0,2496.0,22.1,10.7,0.0,10.7,24.4,0.0,0.0,9.7,0.0,0.0,5.7,37.4,32.5,0.0,0.0,0.0,0.0,169.0,693.0,168.0,690.0,169.0,687.0,169.0,694.0,0.0,0.0,-31.0,0.0,0.0,24.4,4.0,4.998,0.0,0.0,2.107,2.04,86.3,49.3,0.0,0.0,62.0,R,0.0,60.8,120.2,0.0,0.0,0.0,0.0,336.2,1279.4,334.4,1274.0,336.2,1268.6,336.2,1281.2,0.0,0.0,120.74,2496.0,335.75,274.95,59.94,0.856486111111111,42693.49699999998,12.700934579439254,132.17999999999998,134.83,343.4,True,2026-08-14 08:27:13-07:00
519.06,2,10,2026-08-14 15:35:46,36.99447,-121.51742,1112.0,135.9,138.5,-12.5,-0.24,KCVH,8.0,139.6,0.0,0.9,-0.7,127.1,132.2,998.0,0.0,-0.01,1.1,0.0,-32.0,16.0,135.1,30.05,1399.0,0.0,0.0,128.0,3500.0,0.0,0.0,129.0,0.0,0.0,5.0,-5.0,-99.0,3.0,0.0,0.0,1.0,0.0,0.0,-94.0,0.0,0.0,0.0,0.0,3.0,1.0,0.0,1200.0,86.0,49.0,2494.0,2494.0,22.1,10.7,0.0,10.7,24.5,0.0,0.0,9.7,0.0,0.0,5.5,37.4,32.5,0.0,0.0,0.0,0.0,169.0,693.0,168.0,690.0,169.0,687.0,169.0,694.0,0.0,0.0,-31.0,0.0,0.0,24.5,4.0,4.998,0.0,0.0,2.058,2.084,86.1,49.4,0.0,0.0,62.0,R,0.0,60.8,120.2,0.0,0.0,0.0,0.0,336.2,1279.4,334.4,1274.0,336.2,1268.6,336.2,1281.2,0.0,0.0,120.91999999999999,2494.0,335.75,274.95,60.11999999999999,0.8594583333333331,42922.71499999998,12.700934579439254,132.67999999999998,135.34,343.4,True,2026-08-14 08:27:13-07:00
520.06,2,10,2026-08-14 15:35:47,36.994,-121.5169,1113.0,136.0,138.4,-12.5,-0.24,KCVH,7.9,139.6,0.0,0.8,-1.7,127.0,131.6,998.0,-0.1,-0.03,1.0,0.0,-8.0,16.0,134.4,30.05,1399.0,0.0,0.0,128.0,3500.0,0.0,0.0,129.0,0.0,0.0,5.0,-5.0,-99.0,3.0,0.0,0.0,3.0,0.0,0.0,-94.0,0.0,0.0,0.0,0.0,3.0,1.0,0.0,1200.0,86.0,49.0,2490.0,2490.0,22.2,10.7,0.0,10.7,24.4,0.0,0.0,9.7,0.0,0.0,5.4,37.4,32.5,0.0,0.0,0.0,0.0,169.0,693.0,168.0,691.0,169.0,687.0,169.0,693.0,0.0,0.0,-31.0,0.0,0.0,24.4,4.0,4.998,0.0,0.0,2.059,2.081,85.8,49.4,0.0,0.0,62.0,R,0.0,60.8,120.2,0.0,0.0,0.0,0.0,336.2,1279.4,334.4,1275.8,336.2,1268.6,336.2,1279.4,0.0,0.0,120.91999999999999,2490.0,335.75,274.95,60.11999999999999,0.8624305555555554,43152.017333333315,12.710280373831777,132.07999999999998,134.72,343.4,True,2026-08-14 08:27:13-07:00
521.06,2,10,2026-08-14 15:35:48,36.99352,-121.51637,1116.0,136.0,138.2,-12.5,-0.24,KCVH,7.9,139.6,0.0,1.2,-0.6,127.0,131.5,998.0,-0.1,0.0,0.9,0.0,45.0,16.0,134.3,30.05,1399.0,0.0,0.0,128.0,3500.0,0.0,0.0,129.0,0.0,0.0,5.0,-5.0,-99.0,3.0,0.0,0.0,1.0,0.0,0.0,-95.0,0.0,0.0,0.0,0.0,3.0,1.0,0.0,1200.0,86.0,50.0,2494.0,2494.0,22.2,10.7,0.0,10.7,24.4,0.0,0.0,9.7,0.0,0.0,5.6,37.4,32.5,0.0,0.0,0.0,0.0,169.0,693.0,168.0,691.0,169.0,686.0,169.0,693.0,0.0,0.0,-31.0,0.0,0.0,24.4,4.0,4.998,0.0,0.0,2.057,2.102,85.8,49.5,0.0,0.0,62.0,R,0.0,60.8,122.0,0.0,0.0,0.0,0.0,336.2,1279.4,334.4,1275.8,336.2,1266.8,336.2,1279.4,0.0,0.0,121.1,2494.0,335.75,274.95,60.3,0.8654027777777776,43381.40399999998,12.710280373831777,131.98,134.62,343.4,True,2026-08-14 08:27:13-07:00
522.06,2,10,2026-08-14 15:35:49,36.99305,-121.51585,1117.0,136.0,138.2,-12.5,-0.24,KCVH,7.8,139.6,0.0,1.0,-0.8,126.8,131.7,998.0,0.0,-0.02,0.9,0.0,54.0,16.0,134.5,30.05,1399.0,0.0,0.0,128.0,3500.0,0.0,0.0,129.0,0.0,0.0,5.0,-5.0,-99.0,3.0,0.0,0.0,1.0,0.0,0.0,-95.0,0.0,0.0,0.0,0.0,3.0,1.0,0.0,1200.0,86.0,50.0,2491.0,2491.0,22.2,10.7,0.0,10.7,24.5,0.0,0.0,9.7,0.0,0.0,5.7,37.4,32.5,0.0,0.0,0.0,0.0,169.0,693.0,168.0,691.0,169.0,686.0,169.0,694.0,0.0,0.0,-31.0,0.0,0.0,24.5,4.0,4.998,0.0,0.0,2.058,2.096,85.8,49.6,0.0,0.0,62.0,R,0.0,60.8,122.0,0.0,0.0,0.0,0.0,336.2,1279.4,334.4,1275.8,336.2,1266.8,336.2,1281.2,0.0,0.0,121.28,2491.0,335.75,274.95,60.480000000000004,0.8683749999999998,43610.79066666665,12.710280373831777,132.17999999999998,134.83,343.4,True,2026-08-14 08:27:13-07:00
523.06,2,10,2026-08-14 15:35:50,36.99258,-121.51533,1118.0,136.1,138.1,-12.5,-0.23,KCVH,7.8,139.6,0.0,0.5,0.2,127.5,131.9,998.0,0.2,0.01,0.9,0.0,35.0,16.0,134.8,30.05,1399.0,0.0,0.0,128.0,3500.0,0.0,0.0,129.0,0.0,0.0,5.0,-5.0,-99.0,3.0,0.0,0.0,0.0,0.0,0.0,-94.0,0.0,0.0,0.0,0.0,3.0,1.0,0.0,1200.0,86.0,50.0,2492.0,2492.0,22.2,10.7,0.0,10.7,24.5,0.0,0.0,9.7,0.0,0.0,7.1,37.4,32.5,0.0,0.0,0.0,0.0,169.0,693.0,168.0,691.0,169.0,686.0,169.0,694.0,0.0,0.0,-31.0,0.0,0.0,24.5,4.0,4.998,0.0,0.0,2.061,2.163,85.9,49.9,0.0,0.0,62.0,R,0.0,60.8,122.0,0.0,0.0,0.0,0.0,336.2,1279.4,334.4,1275.8,336.2,1266.8,336.2,1281.2,0.0,0.0,121.82,2492.0,335.75,274.95,61.019999999999996,0.871347222222222,43840.26166666665,12.7196261682243,132.38,135.03,343.4,True,2026-08-14 08:27:13-07:00
524.06,2,10,2026-08-14 15:35:51,36.99212,-121.5148,1117.0,136.4,138.3,-12.5,-0.23,KCVH,7.8,139.6,0.0,0.5,-1.2,127.2,131.4,998.0,0.0,-0.01,1.0,0.0,50.0,16.0,134.2,30.05,1399.0,0.0,0.0,128.0,3500.0,0.0,0.0,129.0,0.0,0.0,5.0,-5.0,-99.0,3.0,0.0,0.0,2.0,0.0,0.0,-93.0,0.0,0.0,0.0,0.0,3.0,0.0,0.0,1200.0,86.0,50.0,2492.0,2492.0,22.2,10.7,0.0,10.7,24.5,0.0,0.0,9.7,0.0,0.0,7.8,37.4,32.5,0.0,0.0,0.0,0.0,169.0,693.0,168.0,691.0,169.0,686.0,169.0,694.0,0.0,0.0,-31.0,0.0,0.0,24.5,4.0,4.998,0.0,0.0,2.095,2.095,85.9,50.1,0.0,0.0,62.0,R,0.0,60.8,122.0,0.0,0.0,0.0,0.0,336.2,1279.4,334.4,1275.8,336.2,1266.8,336.2,1281.2,0.0,0.0,122.18,2492.0,335.75,274.95,61.38000000000001,0.8743194444444443,44070.069999999985,12.747663551401871,131.88,134.52,343.4,True,2026-08-14 08:27:13-07:00
525.06,2,10,2026-08-14 15:35:52,36.99164,-121.51427,1118.0,136.6,138.1,-12.5,-0.23,KCVH,7.7,139.6,0.0,0.6,-1.0,127.2,131.4,998.0,-0.0,-0.01,1.0,0.0,32.0,16.0,134.2,30.05,1399.0,0.0,0.0,128.0,3500.0,0.0,0.0,129.0,0.0,0.0,5.0,-5.0,-99.0,3.0,0.0,0.0,2.0,0.0,0.0,-93.0,0.0,0.0,0.0,0.0,3.0,1.0,0.0,1200.0,86.0,50.0,2492.0,2492.0,22.2,10.7,0.0,10.7,24.5,0.0,0.0,9.7,0.0,0.0,8.1,37.4,32.5,0.0,0.0,0.0,0.0,169.0,693.0,168.0,691.0,169.0,686.0,169.0,694.0,0.0,0.0,-31.0,0.0,0.0,24.5,4.0,4.998,0.0,0.0,2.112,2.083,85.8,50.0,0.0,0.0,62.0,R,0.0,60.8,122.0,0.0,0.0,0.0,0.0,336.2,1279.4,334.4,1275.8,336.2,1266.8,336.2,1281.2,0.0,0.0,122.0,2492.0,335.75,274.95,61.2,0.8772916666666665,44300.29999999998,12.766355140186917,131.88,134.52,343.4,True,2026-08-14 08:27:13-07:00
526.06,2,10,2026-08-14 15:35:53,36.99117,-121.51375,1116.0,136.8,138.0,-12.5,-0.23,KCVH,7.7,139.6,0.0,0.7,-1.0,127.0,131.3,998.0,-0.2,-0.02,1.0,0.0,-50.0,16.0,134.1,30.05,1389.0,0.0,0.0,128.0,3500.0,0.0,0.0,129.0,0.0,0.0,5.0,-5.0,-99.0,3.0,0.0,0.0,2.0,0.0,0.0,-94.0,0.0,0.0,0.0,0.0,3.0,1.0,0.0,1200.0,86.0,50.0,2492.0,2492.0,22.2,10.7,0.0,10.7,24.5,0.0,0.0,9.7,0.0,0.0,8.6,37.4,32.5,0.0,0.0,0.0,0.0,169.0,693.0,168.0,691.0,169.0,686.0,169.0,694.0,0.0,0.0,-31.0,0.0,0.0,24.5,4.0,4.998,0.0,0.0,2.096,2.076,85.6,50.1,0.0,0.0,62.0,R,0.0,60.8,122.0,0.0,0.0,0.0,0.0,336.2,1279.4,334.4,1275.8,336.2,1266.8,336.2,1281.2,0.0,0.0,122.18,2492.0,335.75,274.95,61.38000000000001,0.8802638888888887,44530.86733333331,12.785046728971965,131.78,134.42,343.4,True,2026-08-14 08:27:13-07:00
527.06,2,10,2026-08-14 15:35:54,36.9907,-121.51322,1116.0,137.0,137.9,-12.5,-0.23,KCVH,7.7,139.6,0.0,0.8,-0.5,126.9,131.2,998.0,-0.2,-0.0,0.9,0.0,-106.0,16.0,134.0,30.05,1389.0,0.0,0.0,128.0,3500.0,0.0,0.0,129.0,0.0,0.0,5.0,-5.0,-99.0,3.0,0.0,0.0,1.0,0.0,0.0,-94.0,0.0,0.0,0.0,0.0,3.0,1.0,0.0,1200.0,85.0,50.0,2494.0,2494.0,22.2,10.7,0.0,10.7,24.5,0.0,0.0,9.7,0.0,0.0,9.0,37.4,32.5,0.0,0.0,0.0,0.0,169.0,693.0,168.0,691.0,169.0,686.0,169.0,693.0,0.0,0.0,-31.0,0.0,0.0,24.5,4.0,4.998,0.0,0.0,2.059,2.098,85.4,50.2,0.0,0.0,62.0,R,0.0,60.8,122.0,0.0,0.0,0.0,0.0,336.2,1279.4,334.4,1275.8,336.2,1266.8,336.2,1279.4,0.0,0.0,122.36,2494.0,335.75,274.95,61.56,0.8832361111111109,44761.77199999998,12.803738317757011,131.67999999999998,134.32,343.4,True,2026-08-14 08:27:13-07:00
528.06,2,10,2026-08-14 15:35:55,36.99023,-121.51269,1115.0,137.3,137.9,-12.5,-0.22,KCVH,7.6,139.7,0.0,0.9,-0.4,126.8,131.3,998.0,0.2,-0.02,1.0,0.0,-38.0,16.0,134.1,30.05,1389.0,0.0,0.0,128.0,3500.0,0.0,0.0,129.0,0.0,0.0,5.0,-4.0,-99.0,3.0,0.0,0.0,0.0,0.0,0.0,-94.0,0.0,0.0,0.0,0.0,3.0,1.0,0.0,1200.0,85.0,50.0,2492.0,2492.0,22.2,10.7,0.0,10.7,24.5,0.0,0.0,9.7,0.0,0.0,7.8,37.4,32.5,0.0,0.0,0.0,0.0,169.0,692.0,168.0,691.0,169.0,686.0,169.0,693.0,0.0,0.0,-31.0,0.0,0.0,24.5,4.0,4.998,0.0,0.0,2.059,2.095,85.3,50.3,0.0,0.0,62.0,R,0.0,60.8,122.0,0.0,0.0,0.0,0.0,336.2,1277.6,334.4,1275.8,336.2,1266.8,336.2,1279.4,0.0,0.0,122.53999999999999,2492.0,335.75,274.95,61.739999999999995,0.8862083333333332,44993.09833333332,12.831775700934582,131.78,134.42,343.4,True,2026-08-14 08:27:13-07:00
529.06,2,10,2026-08-14 15:35:56,36.98976,-121.51215,1114.0,137.5,137.9,-12.5,-0.22,KCVH,7.6,139.7,0.0,1.1,-0.6,126.4,131.4,998.0,-0.1,-0.01,0.9,0.0,-39.0,16.0,134.3,30.05,1389.0,0.0,0.0,128.0,3500.0,0.0,0.0,129.0,0.0,0.0,5.0,-4.0,-99.0,3.0,0.0,0.0,2.0,0.0,0.0,-94.0,0.0,0.0,0.0,0.0,3.0,1.0,0.0,1200.0,85.0,51.0,2494.0,2494.0,22.2,10.7,0.0,10.7,24.5,0.0,0.0,9.7,0.0,0.0,6.8,37.4,32.5,0.0,0.0,0.0,0.0,169.0,692.0,168.0,691.0,169.0,685.0,169.0,693.0,0.0,0.0,-31.0,0.0,0.0,24.5,4.0,4.998,0.0,0.0,2.09,2.09,85.2,50.5,0.0,0.0,62.0,R,0.0,60.8,123.8,0.0,0.0,0.0,0.0,336.2,1277.6,334.4,1275.8,336.2,1265.0,336.2,1279.4,0.0,0.0,122.9,2494.0,335.75,274.95,62.10000000000001,0.8891805555555554,45224.84633333332,12.850467289719626,131.88,134.52,343.4,True,2026-08-14 08:27:13-07:00
530.06,2,10,2026-08-14 15:35:57,36.98928,-121.51162,1111.0,137.7,137.8,-12.5,-0.22,KCVH,7.5,139.7,0.0,1.2,-0.7,126.3,132.0,998.0,-0.1,-0.0,0.9,0.0,-65.0,16.0,134.8,30.05,1389.0,0.0,0.0,128.0,3500.0,0.0,0.0,129.0,0.0,0.0,5.0,-4.0,-99.0,3.0,0.0,0.0,2.0,0.0,0.0,-95.0,0.0,0.0,0.0,0.0,3.0,1.0,0.0,1200.0,85.0,50.0,2493.0,2493.0,22.2,10.7,0.0,10.7,24.5,0.0,0.0,9.7,0.0,0.0,6.2,37.4,32.5,0.0,0.0,0.0,0.0,169.0,692.0,168.0,690.0,169.0,685.0,169.0,693.0,0.0,0.0,-31.0,0.0,0.0,24.5,4.0,4.998,0.0,0.0,2.063,2.09,85.2,50.4,0.0,0.0,62.0,R,0.0,60.8,122.0,0.0,0.0,0.0,0.0,336.2,1277.6,334.4,1274.0,336.2,1265.0,336.2,1279.4,0.0,0.0,122.72,2493.0,335.75,274.95,61.92,0.8921527777777776,45456.93166666665,12.869158878504672,132.48,135.13,343.4,True,2026-08-14 08:27:13-07:00
531.06,2,10,2026-08-14 15:35:58,36.98882,-121.51109,1107.0,138.0,137.8,-12.5,-0.22,KCVH,7.5,139.7,0.0,1.0,-1.0,126.2,131.7,997.0,-0.0,-0.02,1.0,0.0,-93.0,16.0,134.5,30.05,1389.0,0.0,0.0,128.0,3500.0,0.0,0.0,129.0,0.0,0.0,5.0,-4.0,-99.0,3.0,0.0,0.0,2.0,0.0,0.0,-94.0,0.0,0.0,0.0,0.0,3.0,1.0,0.0,1200.0,85.0,51.0,2490.0,2490.0,22.2,10.7,0.0,10.7,24.5,0.0,0.0,9.6,0.0,0.0,6.1,37.4,32.5,0.0,0.0,0.0,0.0,169.0,692.0,168.0,691.0,169.0,685.0,169.0,693.0,0.0,0.0,-31.0,0.0,0.0,24.5,4.0,4.998,0.0,0.0,2.111,2.081,85.1,50.6,0.0,0.0,62.0,R,0.0,60.8,123.8,0.0,0.0,0.0,0.0,336.2,1277.6,334.4,1275.8,336.2,1265.0,336.2,1279.4,0.0,0.0,123.08000000000001,2490.0,335.75,274.95,62.280000000000015,0.8951249999999998,45689.43866666665,12.897196261682243,132.17999999999998,134.82,343.4,True,2026-08-14 08:27:13-07:00
532.06,2,10,2026-08-14 15:35:59,36.98834,-121.51054,1105.0,138.2,137.7,-12.5,-0.21,KCVH,7.5,139.7,0.0,1.1,-0.2,126.5,132.1,997.0,0.1,-0.01,1.0,0.0,-89.0,16.0,134.9,30.05,1387.0,0.0,0.0,128.0,3500.0,0.0,0.0,129.0,0.0,0.0,5.0,-4.0,-99.0,3.0,0.0,0.0,1.0,0.0,0.0,-94.0,0.0,0.0,0.0,0.0,3.0,1.0,0.0,1200.0,85.0,51.0,2494.0,2494.0,22.2,10.7,0.0,10.7,24.5,0.0,0.0,9.6,0.0,0.0,6.0,37.4,32.5,0.0,0.0,0.0,0.0,169.0,692.0,168.0,691.0,169.0,685.0,169.0,693.0,0.0,0.0,-31.0,0.0,0.0,24.5,4.0,4.998,0.0,0.0,2.106,2.081,85.2,50.6,0.0,0.0,62.0,R,0.0,60.8,123.8,0.0,0.0,0.0,0.0,336.2,1277.6,334.4,1275.8,336.2,1265.0,336.2,1279.4,0.0,0.0,123.08000000000001,2494.0,335.75,274.95,62.280000000000015,0.898097222222222,45922.36733333331,12.91588785046729,132.57999999999998,135.23,343.4,True,2026-08-14 08:27:13-07:00
533.06,2,10,2026-08-14 15:36:00,36.98786,-121.51001,1105.0,138.3,137.8,-12.5,-0.21,KCVH,7.4,139.7,0.0,1.1,-0.9,126.4,133.3,995.0,0.0,-0.02,1.3,0.0,-88.0,16.0,136.1,30.05,1387.0,0.0,0.0,128.0,3500.0,0.0,0.0,129.0,0.0,0.0,5.0,-4.0,-99.0,3.0,0.0,0.0,2.0,0.0,0.0,-94.0,0.0,0.0,0.0,0.0,3.0,1.0,0.0,1200.0,85.0,51.0,2498.0,2498.0,22.2,10.7,0.0,10.7,24.5,0.0,0.0,9.6,0.0,0.0,6.0,37.4,32.5,0.0,0.0,0.0,0.0,169.0,692.0,168.0,691.0,169.0,685.0,169.0,694.0,0.0,0.0,-31.0,0.0,0.0,24.5,4.0,4.998,0.0,0.0,2.104,2.089,84.9,50.8,0.0,0.0,62.0,R,0.0,60.8,123.8,0.0,0.0,0.0,0.0,336.2,1277.6,334.4,1275.8,336.2,1265.0,336.2,1281.2,0.0,0.0,123.44,2498.0,335.75,274.95,62.64,0.9010694444444443,46155.548999999985,12.925233644859816,133.78,136.45,343.4,True,2026-08-14 08:27:13-07:00
534.06,2,10,2026-08-14 15:36:01,36.98739,-121.50948,1103.0,138.3,137.8,-12.5,-0.21,KCVH,7.4,139.7,0.0,0.5,-0.2,126.8,134.7,992.0,0.1,-0.02,1.2,0.0,-121.0,16.0,137.6,30.05,1387.0,0.0,0.0,128.0,3500.0,0.0,0.0,129.0,0.0,0.0,5.0,-4.0,-99.0,3.0,0.0,0.0,1.0,0.0,0.0,-93.0,0.0,0.0,0.0,0.0,3.0,1.0,0.0,1200.0,85.0,51.0,2496.0,2496.0,22.2,10.7,0.0,10.7,24.5,0.0,0.0,9.6,0.0,0.0,5.8,37.4,32.5,0.0,0.0,0.0,0.0,169.0,692.0,168.0,692.0,169.0,686.0,169.0,693.0,0.0,0.0,-31.0,0.0,0.0,24.5,4.0,4.998,0.0,0.0,2.107,2.096,84.9,51.1,0.0,0.0,63.0,R,0.0,60.8,123.8,0.0,0.0,0.0,0.0,336.2,1277.6,334.4,1277.6,336.2,1266.8,336.2,1279.4,0.0,0.0,123.98,2496.0,335.75,274.95,63.18000000000001,0.9040416666666665,46388.81499999998,12.925233644859816,135.17999999999998,137.87,343.4,True,2026-08-14 08:27:13-07:00
535.06,2,10,2026-08-14 15:36:02,36.98691,-121.50893,1102.0,138.2,137.8,-12.5,-0.21,KCVH,7.3,139.7,0.0,0.4,-0.4,127.7,134.6,991.0,0.1,-0.02,1.0,0.0,-115.0,16.0,137.4,30.05,1381.0,0.0,0.0,128.0,3500.0,0.0,0.0,129.0,0.0,0.0,5.0,-4.0,-99.0,3.0,0.0,0.0,1.0,0.0,0.0,-93.0,0.0,0.0,0.0,0.0,3.0,1.0,0.0,1200.0,85.0,51.0,2496.0,2496.0,22.2,10.7,0.0,10.7,24.4,0.0,0.0,9.6,0.0,0.0,5.5,37.4,32.5,0.0,0.0,0.0,0.0,169.0,692.0,168.0,692.0,169.0,686.0,169.0,693.0,0.0,0.0,-31.0,0.0,0.0,24.4,4.0,4.998,0.0,0.0,2.098,2.075,84.8,51.0,0.0,0.0,63.0,R,0.0,60.8,123.8,0.0,0.0,0.0,0.0,336.2,1277.6,334.4,1277.6,336.2,1266.8,336.2,1279.4,0.0,0.0,123.8,2496.0,335.75,274.95,63.0,0.9070138888888887,46621.99666666665,12.91588785046729,135.07999999999998,137.77,343.4,True,2026-08-14 08:27:13-07:00
536.06,2,10,2026-08-14 15:36:03,36.98644,-121.5084,1103.0,137.9,137.9,-12.5,-0.2,KCVH,7.3,139.7,0.0,0.8,-1.1,128.0,134.0,990.0,-0.1,-0.02,1.0,0.0,-61.0,16.0,136.8,30.05,1381.0,0.0,0.0,128.0,3500.0,0.0,0.0,129.0,0.0,0.0,5.0,-4.0,-99.0,3.0,0.0,0.0,3.0,0.0,0.0,-94.0,0.0,0.0,0.0,0.0,3.0,1.0,0.0,1200.0,85.0,51.0,2491.0,2491.0,22.2,10.7,0.0,10.7,24.5,0.0,0.0,9.6,0.0,0.0,5.5,37.4,32.5,0.0,0.0,0.0,0.0,169.0,692.0,168.0,692.0,169.0,686.0,169.0,693.0,0.0,0.0,-31.0,0.0,0.0,24.5,4.0,4.998,0.0,0.0,2.063,2.09,84.6,51.0,0.0,0.0,63.0,R,0.0,60.8,123.8,0.0,0.0,0.0,0.0,336.2,1277.6,334.4,1277.6,336.2,1266.8,336.2,1279.4,0.0,0.0,123.8,2491.0,335.75,274.95,63.0,0.9099861111111109,46854.840999999986,12.887850467289722,134.48,137.15,343.4,True,2026-08-14 08:27:13-07:00
537.06,2,10,2026-08-14 15:36:04,36.98597,-121.50787,1107.0,137.6,137.9,-12.5,-0.2,KCVH,7.3,139.7,0.0,1.4,-1.4,128.1,132.6,990.0,0.0,-0.03,1.0,0.0,42.0,16.0,135.4,30.05,1381.0,0.0,0.0,128.0,3500.0,0.0,0.0,129.0,0.0,0.0,5.0,-4.0,-99.0,3.0,0.0,0.0,3.0,0.0,0.0,-96.0,0.0,0.0,0.0,0.0,3.0,1.0,0.0,1200.0,84.0,51.0,2486.0,2486.0,22.3,10.7,0.0,10.7,24.5,0.0,0.0,9.6,0.0,0.0,5.6,37.4,32.5,0.0,0.0,0.0,0.0,169.0,692.0,168.0,692.0,169.0,686.0,169.0,693.0,0.0,0.0,-31.0,0.0,0.0,24.5,4.0,4.998,0.0,0.0,2.111,2.076,84.3,51.1,0.0,0.0,63.0,R,0.0,60.8,123.8,0.0,0.0,0.0,0.0,336.2,1277.6,334.4,1277.6,336.2,1266.8,336.2,1279.4,0.0,0.0,123.98,2486.0,335.75,274.95,63.18000000000001,0.9129583333333332,47087.17933333332,12.85981308411215,133.07999999999998,135.73,343.4,True,2026-08-14 08:27:13-07:00
538.06,2,10,2026-08-14 15:36:05,36.98549,-121.50734,1111.0,137.3,137.9,-12.5,-0.2,KCVH,7.2,139.8,0.0,1.7,-0.2,128.2,131.7,990.0,0.0,-0.02,0.8,0.0,88.0,16.0,134.5,30.05,1379.0,0.0,0.0,128.0,3500.0,0.0,0.0,129.0,0.0,0.0,5.0,-4.0,-99.0,3.0,0.0,0.0,0.0,0.0,0.0,-96.0,0.0,0.0,0.0,0.0,3.0,1.0,0.0,1200.0,84.0,51.0,2489.0,2489.0,22.3,10.7,0.0,10.7,24.5,0.0,0.0,9.6,0.0,0.0,5.8,37.4,32.5,0.0,0.0,0.0,0.0,169.0,692.0,168.0,691.0,169.0,686.0,169.0,692.0,0.0,0.0,-31.0,0.0,0.0,24.5,4.0,4.998,0.0,0.0,2.064,2.064,84.4,51.3,0.0,0.0,63.0,R,0.0,60.8,123.8,0.0,0.0,0.0,0.0,336.2,1277.6,334.4,1275.8,336.2,1266.8,336.2,1277.6,0.0,0.0,124.34,2489.0,335.75,274.95,63.540000000000006,0.9159305555555554,47319.01166666665,12.831775700934582,132.17999999999998,134.81,343.4,True,2026-08-14 08:27:13-07:00
539.06,2,10,2026-08-14 15:36:06,36.98502,-121.50681,1112.0,137.2,138.0,-12.5,-0.2,KCVH,7.2,139.8,0.0,1.4,0.1,128.0,131.5,990.0,0.2,-0.01,0.9,0.0,119.0,16.0,134.3,30.05,1379.0,0.0,0.0,128.0,3500.0,0.0,0.0,129.0,0.0,0.0,5.0,-4.0,-99.0,3.0,0.0,0.0,-1.0,0.0,0.0,-95.0,0.0,0.0,0.0,0.0,3.0,1.0,0.0,1200.0,84.0,52.0,2483.0,2483.0,22.3,10.7,0.0,10.7,24.5,0.0,0.0,9.6,0.0,0.0,5.7,37.4,32.5,0.0,0.0,0.0,0.0,169.0,693.0,168.0,691.0,169.0,686.0,169.0,692.0,0.0,0.0,-31.0,0.0,0.0,24.5,4.0,4.998,0.0,0.0,2.029,2.179,84.2,51.6,0.0,0.0,63.0,R,0.0,60.8,125.6,0.0,0.0,0.0,0.0,336.2,1279.4,334.4,1275.8,336.2,1266.8,336.2,1277.6,0.0,0.0,124.88000000000001,2483.0,335.75,274.95,64.08000000000001,0.9189027777777776,47550.50666666665,12.822429906542055,131.98,134.6,343.4,True,2026-08-14 08:27:13-07:00
540.06,2,10,2026-08-14 15:36:07,36.98455,-121.50628,1111.0,137.4,138.1,-12.5,-0.2,KCVH,7.2,139.8,0.0,1.1,-1.2,127.3,132.7,990.0,0.1,-0.0,1.0,0.0,68.0,16.0,135.5,30.05,1379.0,0.0,0.0,128.0,3500.0,0.0,0.0,129.0,0.0,0.0,5.0,-4.0,-99.0,3.0,0.0,0.0,1.0,0.0,0.0,-94.0,0.0,0.0,0.0,0.0,3.0,0.0,0.0,1200.0,84.0,51.0,2498.0,2498.0,22.3,10.7,0.0,10.7,24.5,0.0,0.0,9.6,0.0,0.0,5.5,37.4,32.5,0.0,0.0,0.0,0.0,169.0,693.0,168.0,691.0,169.0,686.0,169.0,692.0,0.0,0.0,-31.0,0.0,0.0,24.5,4.0,4.998,0.0,0.0,2.067,2.131,84.4,51.5,0.0,0.0,63.0,R,0.0,60.8,123.8,0.0,0.0,0.0,0.0,336.2,1279.4,334.4,1275.8,336.2,1266.8,336.2,1277.6,0.0,0.0,124.7,2498.0,335.75,274.95,63.900000000000006,0.9218749999999998,47782.08599999998,12.841121495327105,133.17999999999998,135.83,343.4,True,2026-08-14 08:27:13-07:00
541.06,2,10,2026-08-14 15:36:08,36.98408,-121.50574,1108.0,137.6,137.9,-12.5,-0.19,KCVH,7.1,139.8,0.0,1.0,-2.0,126.8,131.8,990.0,0.0,-0.03,1.0,0.0,32.0,16.0,134.6,30.05,1379.0,0.0,0.0,128.0,3500.0,0.0,0.0,129.0,0.0,0.0,5.0,-4.0,-99.0,3.0,0.0,0.0,4.0,0.0,0.0,-93.0,0.0,0.0,0.0,0.0,3.0,0.0,0.0,1200.0,84.0,52.0,2487.0,2487.0,22.2,10.7,0.0,10.7,24.4,0.0,0.0,9.6,0.0,0.0,5.5,37.4,32.5,0.0,0.0,0.0,0.0,169.0,692.0,168.0,691.0,169.0,687.0,169.0,692.0,0.0,0.0,-31.0,0.0,0.0,24.4,4.0,4.998,0.0,0.0,2.123,2.078,84.2,51.5,0.0,0.0,63.0,R,0.0,60.8,125.6,0.0,0.0,0.0,0.0,336.2,1277.6,334.4,1275.8,336.2,1268.6,336.2,1277.6,0.0,0.0,124.7,2487.0,335.75,274.95,63.900000000000006,0.924847222222222,48014.00266666665,12.85981308411215,132.28,134.91,343.4,True,2026-08-14 08:27:13-07:00
542.06,2,10,2026-08-14 15:36:09,36.9836,-121.50521,1106.0,137.9,137.6,-12.5,-0.19,KCVH,7.1,139.8,0.0,1.3,-1.3,126.3,132.6,990.0,-0.2,-0.02,1.1,0.0,-24.0,16.0,135.4,30.05,1379.0,0.0,0.0,128.0,3500.0,0.0,0.0,129.0,0.0,0.0,5.0,-4.0,-99.0,3.0,0.0,0.0,2.0,0.0,0.0,-95.0,0.0,0.0,0.0,0.0,3.0,1.0,0.0,1200.0,84.0,52.0,2491.0,2491.0,22.2,10.7,0.0,10.7,24.5,0.0,0.0,9.6,0.0,0.0,5.6,37.4,32.5,0.0,0.0,0.0,0.0,169.0,692.0,168.0,691.0,169.0,687.0,169.0,692.0,0.0,0.0,-31.0,0.0,0.0,24.5,4.0,4.998,0.0,0.0,2.113,2.084,84.0,51.6,0.0,0.0,63.0,R,0.0,60.8,125.6,0.0,0.0,0.0,0.0,336.2,1277.6,334.4,1275.8,336.2,1268.6,336.2,1277.6,0.0,0.0,124.88000000000001,2491.0,335.75,274.95,64.08000000000001,0.9278194444444443,48246.340999999986,12.887850467289722,133.07999999999998,135.73,343.4,True,2026-08-14 08:27:13-07:00
543.06,2,10,2026-08-14 15:36:10,36.98313,-121.50468,1103.0,137.9,137.5,-12.5,-0.19,KCVH,7.0,139.8,0.0,1.2,-0.8,126.8,133.3,990.0,0.1,-0.01,1.1,0.0,-59.0,16.0,136.2,30.05,1379.0,0.0,0.0,128.0,3500.0,0.0,0.0,129.0,0.0,0.0,5.0,-4.0,-99.0,3.0,0.0,0.0,0.0,0.0,0.0,-95.0,0.0,0.0,0.0,0.0,3.0,1.0,0.0,1200.0,84.0,52.0,2488.0,2488.0,22.2,10.7,0.0,10.7,24.5,0.0,0.0,9.6,0.0,0.0,5.8,37.4,32.5,0.0,0.0,0.0,0.0,169.0,691.0,168.0,691.0,169.0,687.0,169.0,692.0,0.0,0.0,-31.0,0.0,0.0,24.5,4.0,4.998,0.0,0.0,2.078,2.094,83.9,51.8,0.0,0.0,63.0,R,0.0,60.8,125.6,0.0,0.0,0.0,0.0,336.2,1275.8,334.4,1275.8,336.2,1268.6,336.2,1277.6,0.0,0.0,125.24,2488.0,335.75,274.95,64.44,0.9307916666666665,48478.932333333316,12.887850467289722,133.78,136.44,343.4,True,2026-08-14 08:27:13-07:00
544.06,2,10,2026-08-14 15:36:11,36.98266,-121.50414,1103.0,137.9,137.6,-12.5,-0.19,KCVH,7.0,139.8,0.0,1.3,-1.1,126.8,133.4,990.0,-0.1,-0.01,1.0,0.0,-73.0,16.0,136.2,30.05,1379.0,0.0,0.0,128.0,3500.0,0.0,0.0,129.0,0.0,0.0,5.0,-4.0,-99.0,3.0,0.0,0.0,2.0,0.0,0.0,-95.0,0.0,0.0,0.0,0.0,3.0,1.0,0.0,1200.0,84.0,52.0,2492.0,2492.0,22.2,10.7,0.0,10.7,24.4,0.0,0.0,9.6,0.0,0.0,5.7,37.4,32.5,0.0,0.0,0.0,0.0,169.0,692.0,168.0,690.0,169.0,686.0,169.0,692.0,0.0,0.0,-31.0,0.0,0.0,24.4,4.0,4.998,0.0,0.0,2.102,2.107,84.1,52.1,0.0,0.0,63.0,R,0.0,60.8,125.6,0.0,0.0,0.0,0.0,336.2,1277.6,334.4,1274.0,336.2,1266.8,336.2,1277.6,0.0,0.0,125.78,2492.0,335.75,274.95,64.98,0.9337638888888887,48711.52366666665,12.887850467289722,133.88,136.54,343.4,True,2026-08-14 08:27:13-07:00
545.06,2,10,2026-08-14 15:36:12,36.98219,-121.50359,1104.0,137.7,137.4,-12.5,-0.18,KCVH,7.0,139.8,0.0,1.0,-1.4,127.0,134.0,990.0,-0.0,-0.02,1.0,0.0,-38.0,16.0,136.9,30.05,1379.0,0.0,0.0,128.0,3500.0,0.0,0.0,129.0,0.0,0.0,5.0,-4.0,-99.0,3.0,0.0,0.0,2.0,0.0,0.0,-95.0,0.0,0.0,0.0,0.0,3.0,1.0,0.0,1200.0,84.0,52.0,2491.0,2491.0,22.3,10.7,0.0,10.7,24.5,0.0,0.0,9.6,0.0,0.0,5.5,37.4,32.5,0.0,0.0,0.0,0.0,169.0,692.0,168.0,690.0,169.0,686.0,169.0,693.0,0.0,0.0,-31.0,0.0,0.0,24.5,4.0,4.998,0.0,0.0,2.113,2.119,83.7,52.1,0.0,0.0,63.0,R,0.0,60.8,125.6,0.0,0.0,0.0,0.0,336.2,1277.6,334.4,1274.0,336.2,1266.8,336.2,1279.4,0.0,0.0,125.78,2491.0,335.75,274.95,64.98,0.9367361111111109,48943.94633333332,12.869158878504672,134.48,137.15,343.4,True,2026-08-14 08:27:13-07:00
546.06,2,10,2026-08-14 15:36:13,36.98172,-121.50306,1106.0,137.5,137.3,-12.5,-0.18,KCVH,6.9,139.8,0.0,0.9,-0.6,127.2,133.9,990.0,-0.2,-0.01,0.9,0.0,22.0,16.0,136.7,30.05,1379.0,0.0,0.0,128.0,3500.0,0.0,0.0,129.0,0.0,0.0,5.0,-4.0,-99.0,3.0,0.0,0.0,2.0,0.0,0.0,-95.0,0.0,0.0,0.0,0.0,3.0,1.0,0.0,1200.0,84.0,52.0,2490.0,2490.0,22.3,10.7,0.0,10.7,24.5,0.0,0.0,9.6,0.0,0.0,5.5,37.4,32.5,0.0,0.0,0.0,0.0,169.0,692.0,168.0,690.0,169.0,686.0,169.0,692.0,0.0,0.0,-31.0,0.0,0.0,24.5,4.0,4.998,0.0,0.0,2.111,2.075,83.9,52.1,0.0,0.0,63.0,R,0.0,60.8,125.6,0.0,0.0,0.0,0.0,336.2,1277.6,334.4,1274.0,336.2,1266.8,336.2,1277.6,0.0,0.0,125.78,2490.0,335.75,274.95,64.98,0.9397083333333331,49176.03166666665,12.850467289719626,134.38,137.05,343.4,True,2026-08-14 08:27:13-07:00
547.06,2,10,2026-08-14 15:36:14,36.98125,-121.50252,1107.0,137.3,137.2,-12.5,-0.18,KCVH,6.9,139.9,0.0,0.8,-0.7,127.8,133.5,990.0,0.2,-0.01,1.0,0.0,26.0,16.0,136.3,30.05,1379.0,0.0,0.0,128.0,3500.0,0.0,0.0,129.0,0.0,0.0,5.0,-4.0,-99.0,3.0,0.0,0.0,1.0,0.0,0.0,-94.0,0.0,0.0,0.0,0.0,3.0,1.0,0.0,1200.0,84.0,52.0,2492.0,2492.0,22.3,10.7,0.0,10.7,24.5,0.0,0.0,9.6,0.0,0.0,5.6,37.4,32.5,0.0,0.0,0.0,0.0,169.0,692.0,169.0,690.0,169.0,686.0,169.0,692.0,0.0,0.0,-31.0,0.0,0.0,24.5,4.0,4.998,0.0,0.0,2.112,2.112,83.6,52.2,0.0,0.0,63.0,R,0.0,60.8,125.6,0.0,0.0,0.0,0.0,336.2,1277.6,336.2,1274.0,336.2,1266.8,336.2,1277.6,0.0,0.0,125.96000000000001,2492.0,336.2,275.4,65.16000000000001,0.9426805555555554,49407.77966666665,12.831775700934582,133.98,136.64,343.4,True,2026-08-14 08:27:13-07:00
548.06,2,10,2026-08-14 15:36:15,36.98078,-121.50198,1107.0,137.2,137.2,-12.5,-0.18,KCVH,6.8,139.9,0.0,1.1,-1.1,127.3,133.7,990.0,-0.2,-0.01,1.1,0.0,54.0,16.0,136.5,30.05,1379.0,0.0,0.0,128.0,3500.0,0.0,0.0,129.0,0.0,0.0,5.0,-4.0,-99.0,3.0,0.0,0.0,2.0,0.0,0.0,-95.0,0.0,0.0,0.0,0.0,3.0,1.0,0.0,1200.0,84.0,52.0,2496.0,2496.0,22.2,10.7,0.0,10.7,24.5,0.0,0.0,9.6,0.0,0.0,5.8,37.4,32.5,0.0,0.0,0.0,0.0,169.0,691.0,169.0,691.0,169.0,686.0,169.0,692.0,0.0,0.0,-31.0,0.0,0.0,24.5,4.0,4.998,0.0,0.0,2.111,2.076,83.5,52.4,0.0,0.0,63.0,R,0.0,60.8,125.6,0.0,0.0,0.0,0.0,336.2,1275.8,336.2,1275.8,336.2,1266.8,336.2,1277.6,0.0,0.0,126.32,2496.0,336.2,275.4,65.52,0.9456527777777776,49639.27466666665,12.822429906542055,134.17999999999998,136.85,343.4,True,2026-08-14 08:27:13-07:00
549.06,2,10,2026-08-14 15:36:16,36.98032,-121.50144,1110.0,137.0,137.1,-12.5,-0.17,KCVH,6.8,139.9,0.0,1.0,-0.1,127.8,134.2,991.0,-0.1,-0.01,1.1,0.0,90.0,16.0,137.1,30.05,1379.0,0.0,0.0,128.0,3500.0,0.0,0.0,129.0,0.0,0.0,5.0,-3.0,-99.0,3.0,0.0,0.0,1.0,0.0,0.0,-95.0,0.0,0.0,0.0,0.0,3.0,1.0,0.0,1200.0,83.0,53.0,2492.0,2492.0,22.2,10.8,0.0,10.8,24.4,0.0,0.0,9.6,0.0,0.0,5.7,37.4,32.5,0.0,0.0,0.0,0.0,169.0,691.0,169.0,690.0,169.0,686.0,169.0,693.0,0.0,0.0,-31.0,0.0,0.0,24.4,4.0,4.998,0.0,0.0,2.111,2.128,83.3,52.7,0.0,0.0,63.0,R,0.0,60.8,127.4,0.0,0.0,0.0,0.0,336.2,1275.8,336.2,1274.0,336.2,1266.8,336.2,1279.4,0.0,0.0,126.86,2492.0,336.2,275.4,66.06,0.9486388888888887,49870.51666666665,12.685185185185185,134.67999999999998,137.36,343.4,True,2026-08-14 08:27:13-07:00
550.06,2,10,2026-08-14 15:36:17,36.97985,-121.50091,1111.0,136.7,137.2,-12.5,-0.17,KCVH,6.8,139.9,0.0,1.0,-0.8,127.7,133.2,992.0,0.0,-0.02,1.0,0.0,80.0,16.0,136.1,30.05,1382.0,0.0,0.0,128.0,3500.0,0.0,0.0,129.0,0.0,0.0,5.0,-3.0,-99.0,3.0,0.0,0.0,2.0,0.0,0.0,-95.0,0.0,0.0,0.0,0.0,3.0,1.0,0.0,1200.0,83.0,53.0,2491.0,2491.0,22.3,10.7,0.0,10.7,24.5,0.0,0.0,9.6,0.0,0.0,5.4,37.4,32.5,0.0,0.0,0.0,0.0,169.0,690.0,169.0,690.0,169.0,686.0,169.0,693.0,0.0,0.0,-31.0,0.0,0.0,24.5,4.0,4.998,0.0,0.0,2.08,2.108,83.3,52.7,0.0,0.0,63.0,R,0.0,60.8,127.4,0.0,0.0,0.0,0.0,336.2,1274.0,336.2,1274.0,336.2,1266.8,336.2,1279.4,0.0,0.0,126.86,2491.0,336.2,275.4,66.06,0.9516249999999998,50101.336999999985,12.775700934579438,133.67999999999998,136.34,343.4,True,2026-08-14 08:27:13-07:00
551.06,2,10,2026-08-14 15:36:18,36.97939,-121.50037,1112.0,136.5,137.2,-12.5,-0.17,KCVH,6.7,139.9,0.0,0.9,-0.2,128.0,134.1,996.0,-0.0,-0.01,0.9,0.0,131.0,16.0,136.9,30.05,1382.0,0.0,0.0,128.0,3500.0,0.0,0.0,129.0,0.0,0.0,5.0,-3.0,-99.0,3.0,0.0,0.0,1.0,0.0,0.0,-96.0,0.0,0.0,0.0,0.0,3.0,1.0,0.0,1200.0,83.0,53.0,2493.0,2493.0,22.3,10.7,0.0,10.7,24.5,0.0,0.0,9.6,0.0,0.0,5.4,37.4,32.5,0.0,0.0,0.0,0.0,169.0,691.0,169.0,690.0,169.0,686.0,169.0,693.0,0.0,0.0,-31.0,0.0,0.0,24.5,4.0,4.998,0.0,0.0,2.1,2.101,83.3,52.7,0.0,0.0,63.0,R,0.0,60.8,127.4,0.0,0.0,0.0,0.0,336.2,1275.8,336.2,1274.0,336.2,1266.8,336.2,1279.4,0.0,0.0,126.86,2493.0,336.2,275.4,66.06,0.954597222222222,50331.73566666665,12.757009345794394,134.57999999999998,137.27,343.4,True,2026-08-14 08:27:13-07:00
552.06,2,10,2026-08-14 15:36:19,36.97892,-121.49984,1114.0,136.3,137.4,-12.5,-0.17,KCVH,6.7,139.9,0.0,0.8,-0.5,128.2,133.7,997.0,0.1,-0.01,1.0,0.0,113.0,16.0,136.6,30.05,1382.0,232.0,5.0,128.0,3500.0,0.0,0.0,129.0,0.0,0.0,5.0,-3.0,-99.0,3.0,0.0,0.0,0.0,0.0,0.0,-95.0,0.0,0.0,0.0,0.0,3.0,1.0,0.0,1200.0,83.0,53.0,2492.0,2492.0,22.2,10.7,0.0,10.7,24.5,0.0,0.0,9.6,0.0,0.0,5.5,37.4,32.5,0.0,0.0,0.0,0.0,169.0,691.0,169.0,690.0,169.0,686.0,169.0,692.0,0.0,0.0,-31.0,0.0,0.0,24.5,4.0,4.998,0.0,0.0,2.111,2.129,83.3,52.8,0.0,0.0,63.0,R,0.0,60.8,127.4,0.0,0.0,0.0,0.0,336.2,1275.8,336.2,1274.0,336.2,1266.8,336.2,1277.6,0.0,0.0,127.03999999999999,2492.0,336.2,275.4,66.24,0.9575694444444443,50561.796999999984,12.738317757009348,134.17999999999998,136.86,343.4,True,2026-08-14 08:27:13-07:00
553.06,2,10,2026-08-14 15:36:20,36.97845,-121.49931,1113.0,136.2,137.4,-12.5,-0.16,KCVH,6.7,139.9,0.0,0.6,-1.0,128.1,133.6,997.0,0.1,-0.01,1.0,0.0,94.0,16.0,136.5,30.05,1387.0,230.0,5.0,128.0,3500.0,0.0,0.0,129.0,0.0,0.0,5.0,-3.0,-99.0,3.0,0.0,0.0,1.0,0.0,0.0,-93.0,0.0,0.0,0.0,0.0,3.0,1.0,0.0,1200.0,83.0,53.0,2491.0,2491.0,22.2,10.7,0.0,10.7,24.5,0.0,0.0,9.6,0.0,0.0,5.7,37.4,32.5,0.0,0.0,0.0,0.0,169.0,691.0,169.0,691.0,169.0,686.0,169.0,693.0,0.0,0.0,-31.0,0.0,0.0,24.5,4.0,4.998,0.0,0.0,2.111,2.115,83.2,52.9,0.0,0.0,63.0,R,0.0,60.8,127.4,0.0,0.0,0.0,0.0,336.2,1275.8,336.2,1275.8,336.2,1266.8,336.2,1279.4,0.0,0.0,127.22,2491.0,336.2,275.4,66.42,0.9605416666666665,50791.60533333332,12.728971962616821,134.07999999999998,136.76,343.4,True,2026-08-14 08:27:13-07:00
554.06,2,10,2026-08-14 15:36:21,36.97799,-121.49877,1112.0,136.3,137.4,-12.5,-0.16,KCVH,6.6,140.0,0.0,0.9,-1.2,127.7,133.7,998.0,-0.0,-0.01,1.0,0.0,42.0,16.0,136.6,30.05,1387.0,229.0,5.0,128.0,3500.0,0.0,0.0,129.0,0.0,0.0,5.0,-3.0,-99.0,3.0,0.0,0.0,1.0,0.0,0.0,-95.0,0.0,0.0,0.0,0.0,3.0,1.0,0.0,1200.0,83.0,53.0,2493.0,2493.0,22.2,10.7,0.0,10.7,24.5,0.0,0.0,9.6,0.0,0.0,5.7,37.4,32.5,0.0,0.0,0.0,0.0,169.0,692.0,169.0,691.0,169.0,686.0,169.0,693.0,0.0,0.0,-31.0,0.0,0.0,24.5,4.0,4.998,0.0,0.0,2.111,2.126,83.1,53.2,0.0,0.0,63.0,R,0.0,60.8,127.4,0.0,0.0,0.0,0.0,336.2,1277.6,336.2,1275.8,336.2,1266.8,336.2,1279.4,0.0,0.0,127.76,2493.0,336.2,275.4,66.96000000000001,0.9635138888888887,51021.41366666665,12.738317757009348,134.17999999999998,136.87,343.4,True,2026-08-14 08:27:13-07:00
555.06,2,10,2026-08-14 15:36:22,36.97753,-121.49824,1110.0,136.2,137.2,-12.5,-0.16,KCVH,6.6,140.0,0.0,0.9,-1.2,127.5,134.1,998.0,-0.0,-0.01,1.0,0.0,5.0,16.0,137.0,30.05,1387.0,228.0,5.0,128.0,3500.0,0.0,0.0,129.0,0.0,0.0,5.0,-3.0,-99.0,3.0,0.0,0.0,1.0,0.0,0.0,-96.0,0.0,0.0,0.0,0.0,3.0,1.0,0.0,1200.0,83.0,53.0,2493.0,2493.0,22.2,10.7,0.0,10.7,24.5,0.0,0.0,9.6,0.0,0.0,5.4,37.4,32.5,0.0,0.0,0.0,0.0,169.0,693.0,169.0,691.0,168.0,686.0,169.0,693.0,0.0,0.0,-31.0,0.0,0.0,24.5,4.0,4.998,0.0,0.0,2.111,2.128,83.4,53.3,0.0,0.0,63.0,R,0.0,60.8,127.4,0.0,0.0,0.0,0.0,336.2,1279.4,336.2,1275.8,334.4,1266.8,336.2,1279.4,0.0,0.0,127.94,2493.0,335.75,274.95,67.14,0.9664861111111109,51251.22199999998,12.728971962616821,134.57999999999998,137.27,343.4,True,2026-08-14 08:27:13-07:00
556.06,2,10,2026-08-14 15:36:23,36.97706,-121.4977,1110.0,136.2,137.2,-12.5,-0.15,KCVH,6.5,140.0,0.0,0.8,-1.3,127.4,134.2,998.0,-0.1,-0.01,1.0,0.0,-25.0,16.0,137.0,30.05,1389.0,226.0,5.0,128.0,3500.0,0.0,0.0,129.0,0.0,0.0,5.0,-3.0,-99.0,3.0,0.0,0.0,1.0,0.0,0.0,-95.0,0.0,0.0,0.0,0.0,3.0,1.0,0.0,1200.0,83.0,53.0,2494.0,2494.0,22.2,10.7,0.0,10.7,24.5,0.0,0.0,9.6,0.0,0.0,5.4,37.4,32.5,0.0,0.0,0.0,0.0,169.0,692.0,169.0,691.0,168.0,687.0,169.0,693.0,0.0,0.0,-31.0,0.0,0.0,24.5,4.0,4.998,0.0,0.0,2.111,2.097,83.2,53.2,0.0,0.0,63.0,R,0.0,60.8,127.4,0.0,0.0,0.0,0.0,336.2,1277.6,336.2,1275.8,334.4,1268.6,336.2,1279.4,0.0,0.0,127.76,2494.0,335.75,274.95,66.96000000000001,0.9694583333333332,51480.94599999998,12.728971962616821,134.67999999999998,137.38,343.4,True,2026-08-14 08:27:13-07:00
557.06,2,10,2026-08-14 15:36:24,36.9766,-121.49716,1110.0,136.2,137.0,-12.5,-0.15,KCVH,6.5,140.0,0.0,0.8,-0.8,127.4,133.9,998.0,0.0,-0.01,1.0,0.0,-19.0,16.0,136.8,30.05,1389.0,225.0,6.0,128.0,3500.0,0.0,0.0,129.0,0.0,0.0,5.0,-3.0,-99.0,3.0,0.0,0.0,0.0,0.0,0.0,-95.0,0.0,0.0,0.0,0.0,3.0,1.0,0.0,1200.0,83.0,53.0,2492.0,2492.0,22.2,10.7,0.0,10.7,24.5,0.0,0.0,9.6,0.0,0.0,5.4,37.4,32.5,0.0,0.0,0.0,0.0,169.0,692.0,169.0,691.0,168.0,687.0,169.0,693.0,0.0,0.0,-31.0,0.0,0.0,24.5,4.0,4.998,0.0,0.0,2.111,2.09,83.1,53.3,0.0,0.0,63.0,R,0.0,60.8,127.4,0.0,0.0,0.0,0.0,336.2,1277.6,336.2,1275.8,334.4,1268.6,336.2,1279.4,0.0,0.0,127.94,2492.0,335.75,274.95,67.14,0.9724305555555554,51710.669999999984,12.728971962616821,134.38,137.07,343.4,True,2026-08-14 08:27:13-07:00
558.06,2,10,2026-08-14 15:36:25,36.97614,-121.49663,1109.0,136.3,137.1,-12.5,-0.15,KCVH,6.5,140.0,0.0,1.0,-2.0,126.8,134.1,998.0,-0.2,-0.02,1.2,0.0,-25.0,16.0,136.9,30.05,1389.0,224.0,6.0,128.0,3500.0,0.0,0.0,129.0,0.0,0.0,5.0,-3.0,-99.0,3.0,0.0,0.0,3.0,0.0,0.0,-96.0,0.0,0.0,0.0,0.0,3.0,1.0,0.0,1200.0,83.0,53.0,2494.0,2494.0,22.2,10.7,0.0,10.7,24.5,0.0,0.0,9.6,0.0,0.0,5.6,37.4,32.5,0.0,0.0,0.0,0.0,169.0,692.0,169.0,691.0,168.0,687.0,169.0,692.0,0.0,0.0,-31.0,0.0,0.0,24.5,4.0,4.998,0.0,0.0,2.111,2.108,83.2,53.4,0.0,0.0,63.0,R,0.0,60.8,127.4,0.0,0.0,0.0,0.0,336.2,1277.6,336.2,1275.8,334.4,1268.6,336.2,1277.6,0.0,0.0,128.12,2494.0,335.75,274.95,67.32000000000001,0.9754027777777776,51940.47833333332,12.738317757009348,134.57999999999998,137.27,343.4,True,2026-08-14 08:27:13-07:00
559.06,2,10,2026-08-14 15:36:26,36.97568,-121.49609,1108.0,136.4,136.8,-12.5,-0.15,KCVH,6.4,140.1,0.0,0.6,-0.8,127.2,133.2,998.0,0.3,-0.03,0.8,0.0,-5.0,16.0,136.0,30.05,1389.0,224.0,6.0,128.0,3500.0,0.0,0.0,129.0,0.0,0.0,5.0,-3.0,-99.0,3.0,0.0,0.0,-1.0,0.0,0.0,-95.0,0.0,0.0,0.0,0.0,3.0,1.0,0.0,1200.0,83.0,54.0,2487.0,2487.0,22.2,10.7,0.0,10.7,24.5,0.0,0.0,9.6,0.0,0.0,5.8,37.4,32.5,0.0,0.0,0.0,0.0,169.0,692.0,169.0,691.0,168.0,687.0,169.0,692.0,0.0,0.0,-31.0,0.0,0.0,24.5,4.0,4.998,0.0,0.0,2.111,2.119,83.3,53.7,0.0,0.0,63.0,R,0.0,60.8,129.2,0.0,0.0,0.0,0.0,336.2,1277.6,336.2,1275.8,334.4,1268.6,336.2,1277.6,0.0,0.0,128.66,2487.0,335.75,274.95,67.86,0.9783749999999998,52170.45533333332,12.747663551401871,133.67999999999998,136.36,343.4,True,2026-08-14 08:27:13-07:00
560.06,2,10,2026-08-14 15:36:27,36.97521,-121.49555,1106.0,136.6,136.9,-12.5,-0.14,KCVH,6.4,140.1,0.0,0.7,-1.5,126.2,133.3,998.0,-0.4,0.0,1.0,0.0,-49.0,16.0,136.2,30.05,1389.0,223.0,6.0,128.0,3500.0,0.0,0.0,129.0,0.0,0.0,5.0,-3.0,-99.0,3.0,0.0,0.0,3.0,0.0,0.0,-95.0,0.0,0.0,0.0,0.0,3.0,1.0,0.0,1200.0,83.0,54.0,2490.0,2490.0,22.3,10.7,0.0,10.7,24.5,0.0,0.0,9.6,0.0,0.0,5.6,37.4,32.5,0.0,0.0,0.0,0.0,169.0,692.0,169.0,691.0,168.0,687.0,169.0,692.0,0.0,0.0,-31.0,0.0,0.0,24.5,4.0,4.998,0.0,0.0,2.115,2.104,83.2,53.8,0.0,0.0,63.0,R,0.0,60.8,129.2,0.0,0.0,0.0,0.0,336.2,1277.6,336.2,1275.8,334.4,1268.6,336.2,1277.6,0.0,0.0,128.84,2490.0,335.75,274.95,68.04,0.981347222222222,52400.68533333331,12.766355140186917,133.78,136.46,343.4,True,2026-08-14 08:27:13-07:00
561.06,2,10,2026-08-14 15:36:28,36.97475,-121.49501,1105.0,136.9,136.8,-12.5,-0.14,KCVH,6.4,140.1,0.0,0.8,-1.5,125.9,133.5,998.0,-0.2,-0.01,1.0,0.0,-85.0,16.0,136.4,30.05,1389.0,223.0,5.0,128.0,3500.0,0.0,0.0,129.0,0.0,0.0,5.0,-3.0,-99.0,3.0,0.0,0.0,3.0,0.0,0.0,-95.0,0.0,0.0,0.0,0.0,3.0,0.0,0.0,1200.0,83.0,54.0,2493.0,2493.0,22.2,10.7,0.0,10.7,24.4,0.0,0.0,9.6,0.0,0.0,5.5,37.4,32.5,0.0,0.0,0.0,0.0,169.0,692.0,169.0,691.0,168.0,687.0,169.0,692.0,0.0,0.0,-31.0,0.0,0.0,24.4,4.0,4.998,0.0,0.0,2.098,2.09,83.1,53.7,0.0,0.0,63.0,R,0.0,60.8,129.2,0.0,0.0,0.0,0.0,336.2,1277.6,336.2,1275.8,334.4,1268.6,336.2,1277.6,0.0,0.0,128.66,2493.0,335.75,274.95,67.86,0.9843194444444443,52631.336999999985,12.794392523364488,133.98,136.66,343.4,True,2026-08-14 08:27:13-07:00
562.06,2,10,2026-08-14 15:36:29,36.97429,-121.49447,1103.0,137.0,136.7,-12.5,-0.14,KCVH,6.3,140.1,0.0,0.8,-0.9,125.9,134.0,997.0,-0.1,-0.01,1.0,0.0,-107.0,16.0,136.9,30.05,1389.0,223.0,5.0,128.0,3500.0,0.0,0.0,129.0,0.0,0.0,5.0,-3.0,-99.0,3.0,0.0,0.0,1.0,0.0,0.0,-95.0,0.0,0.0,0.0,0.0,3.0,1.0,0.0,1200.0,83.0,54.0,2495.0,2495.0,22.2,10.7,0.0,10.7,24.5,0.0,0.0,9.6,0.0,0.0,5.5,37.4,32.5,0.0,0.0,0.0,0.0,169.0,692.0,169.0,690.0,168.0,687.0,169.0,692.0,0.0,0.0,-31.0,0.0,0.0,24.5,4.0,4.998,0.0,0.0,2.147,2.078,83.0,53.8,0.0,0.0,63.0,R,0.0,60.8,129.2,0.0,0.0,0.0,0.0,336.2,1277.6,336.2,1274.0,334.4,1268.6,336.2,1277.6,0.0,0.0,128.84,2495.0,335.75,274.95,68.04,0.9872916666666665,52862.32599999999,12.803738317757011,134.48,137.17,343.4,True,2026-08-14 08:27:13-07:00
563.06,2,10,2026-08-14 15:36:30,36.97383,-121.49393,1099.0,137.3,136.6,-12.5,-0.13,KCVH,6.3,140.1,0.0,0.8,-0.9,126.2,133.8,995.0,0.2,-0.01,1.0,0.0,-117.0,16.0,136.7,30.05,1389.0,223.0,5.0,128.0,3500.0,0.0,0.0,129.0,0.0,0.0,5.0,-3.0,-99.0,3.0,0.0,0.0,2.0,0.0,0.0,-94.0,0.0,0.0,0.0,0.0,3.0,1.0,0.0,1200.0,83.0,54.0,2494.0,2494.0,22.2,10.7,0.0,10.7,24.5,0.0,0.0,9.6,0.0,0.0,5.7,37.4,32.5,0.0,0.0,0.0,0.0,169.0,691.0,169.0,690.0,168.0,687.0,169.0,692.0,0.0,0.0,-31.0,0.0,0.0,24.5,4.0,4.998,0.0,0.0,2.113,2.111,83.1,53.9,0.0,0.0,63.0,R,0.0,60.8,129.2,0.0,0.0,0.0,0.0,336.2,1275.8,336.2,1274.0,334.4,1268.6,336.2,1277.6,0.0,0.0,129.01999999999998,2494.0,335.75,274.95,68.21999999999998,0.9902638888888887,53093.65233333332,12.831775700934582,134.28,136.96,343.4,True,2026-08-14 08:27:13-07:00
564.06,1,10,2026-08-14 15:36:31,36.97337,-121.49338,1098.0,137.4,136.8,-12.5,-0.13,KCVH,6.2,140.2,0.0,0.7,-0.5,125.9,135.4,993.0,-0.3,0.01,1.0,0.0,-100.0,16.0,138.3,30.05,1389.0,222.0,5.0,128.0,3500.0,0.0,0.0,129.0,0.0,0.0,5.0,-3.0,-99.0,3.0,0.0,0.0,2.0,0.0,0.0,-95.0,0.0,0.0,0.0,0.0,3.0,1.0,0.0,1200.0,83.0,54.0,2494.0,2494.0,22.2,10.7,0.0,10.7,24.4,0.0,0.0,9.5,0.0,0.0,5.7,37.4,32.5,0.0,0.0,0.0,0.0,169.0,692.0,169.0,691.0,168.0,686.0,169.0,691.0,0.0,0.0,-31.0,0.0,0.0,24.4,4.0,4.998,0.0,0.0,2.111,2.134,83.0,54.2,0.0,0.0,63.0,R,0.0,60.8,129.2,0.0,0.0,0.0,0.0,336.2,1277.6,336.2,1275.8,334.4,1266.8,336.2,1275.8,0.0,0.0,129.56,2494.0,335.75,274.95,68.76,0.9932361111111109,53325.315999999984,12.841121495327105,135.88,138.59,343.4,True,2026-08-14 08:27:13-07:00
565.06,2,10,2026-08-14 15:36:32,36.9729,-121.49284,1097.0,137.5,136.8,-12.5,-0.13,KCVH,6.2,140.2,0.0,0.6,-0.6,126.2,134.8,993.0,-0.1,-0.02,1.0,0.0,-75.0,16.0,137.7,30.05,1383.0,222.0,5.0,128.0,3500.0,0.0,0.0,129.0,0.0,0.0,5.0,-3.0,-99.0,3.0,0.0,0.0,3.0,0.0,0.0,-94.0,0.0,0.0,0.0,0.0,3.0,1.0,0.0,1200.0,83.0,54.0,2491.0,2491.0,22.2,10.7,0.0,10.7,24.5,0.0,0.0,9.5,0.0,0.0,5.5,37.4,32.5,0.0,0.0,0.0,0.0,169.0,692.0,169.0,691.0,169.0,686.0,169.0,691.0,0.0,0.0,-31.0,0.0,0.0,24.5,4.0,4.998,0.0,0.0,2.111,2.102,83.0,54.3,0.0,0.0,63.0,R,0.0,60.8,129.2,0.0,0.0,0.0,0.0,336.2,1277.6,336.2,1275.8,336.2,1266.8,336.2,1275.8,0.0,0.0,129.74,2491.0,336.2,275.4,68.94000000000001,0.9962083333333331,53557.148333333316,12.850467289719626,135.28,137.98,343.4,True,2026-08-14 08:27:13-07:00
566.06,2,10,2026-08-14 15:36:33,36.97243,-121.49229,1097.0,137.5,136.9,-12.5,-0.12,KCVH,6.2,140.2,0.0,1.0,0.2,126.6,134.6,993.0,0.0,-0.02,1.0,0.0,-60.0,16.0,137.5,30.05,1383.0,221.0,5.0,128.0,3500.0,0.0,0.0,129.0,0.0,0.0,5.0,-2.0,-99.0,3.0,0.0,0.0,1.0,0.0,0.0,-95.0,0.0,0.0,0.0,0.0,3.0,1.0,0.0,1200.0,83.0,54.0,2491.0,2491.0,22.2,10.7,0.0,10.7,24.5,0.0,0.0,9.5,0.0,0.0,5.4,37.4,32.5,0.0,0.0,0.0,0.0,169.0,691.0,169.0,691.0,169.0,686.0,169.0,691.0,0.0,0.0,-31.0,0.0,0.0,24.5,4.0,4.998,0.0,0.0,2.139,2.076,83.2,54.2,0.0,0.0,63.0,R,0.0,60.8,129.2,0.0,0.0,0.0,0.0,336.2,1275.8,336.2,1275.8,336.2,1266.8,336.2,1275.8,0.0,0.0,129.56,2491.0,336.2,275.4,68.76,0.9991805555555554,53789.06499999998,12.850467289719626,135.07999999999998,137.77,343.4,True,2026-08-14 08:27:13-07:00
567.06,2,10,2026-08-14 15:36:34,36.97197,-121.49175,1097.0,137.4,137.1,-12.5,-0.12,KCVH,6.1,140.2,0.0,1.0,0.2,126.7,134.8,992.0,-0.1,-0.01,1.0,0.0,-35.0,16.0,137.7,30.05,1384.0,221.0,5.0,128.0,3500.0,0.0,0.0,129.0,0.0,0.0,5.0,-2.0,-99.0,3.0,0.0,0.0,2.0,0.0,0.0,-95.0,0.0,0.0,0.0,0.0,3.0,1.0,0.0,1200.0,83.0,54.0,2490.0,2490.0,22.2,10.7,0.0,10.7,24.5,0.0,0.0,9.5,0.0,0.0,5.5,37.4,32.5,0.0,0.0,0.0,0.0,169.0,691.0,169.0,691.0,169.0,686.0,169.0,691.0,0.0,0.0,-31.0,0.0,0.0,24.5,4.0,4.998,0.0,0.0,2.111,2.124,83.0,54.3,0.0,0.0,63.0,R,0.0,60.8,129.2,0.0,0.0,0.0,0.0,336.2,1275.8,336.2,1275.8,336.2,1266.8,336.2,1275.8,0.0,0.0,129.74,2490.0,336.2,275.4,68.94000000000001,1.0021527777777777,54020.89733333332,12.841121495327105,135.28,137.97,343.4,True,2026-08-14 08:27:13-07:00
568.06,2,10,2026-08-14 15:36:35,36.9715,-121.49121,1098.0,137.3,137.2,-12.5,-0.12,KCVH,6.1,140.2,0.0,0.9,0.2,127.2,134.9,992.0,0.4,-0.02,1.0,0.0,25.0,16.0,137.8,30.05,1384.0,220.0,5.0,128.0,3500.0,0.0,0.0,129.0,0.0,0.0,5.0,-2.0,-99.0,3.0,0.0,0.0,0.0,0.0,0.0,-95.0,0.0,0.0,0.0,0.0,3.0,1.0,0.0,1200.0,83.0,54.0,2493.0,2493.0,22.3,10.7,0.0,10.7,24.4,0.0,0.0,9.5,0.0,0.0,5.6,37.4,32.5,0.0,0.0,0.0,0.0,169.0,691.0,169.0,691.0,169.0,686.0,169.0,691.0,0.0,0.0,-31.0,0.0,0.0,24.4,4.0,4.998,0.0,0.0,2.111,2.129,83.0,54.3,0.0,0.0,63.0,R,0.0,60.8,129.2,0.0,0.0,0.0,0.0,336.2,1275.8,336.2,1275.8,336.2,1266.8,336.2,1275.8,0.0,0.0,129.74,2493.0,336.2,275.4,68.94000000000001,1.0051249999999998,54252.56099999998,12.831775700934582,135.38,138.08,343.4,True,2026-08-14 08:27:13-07:00
569.06,2,10,2026-08-14 15:36:36,36.97104,-121.49068,1099.0,137.2,137.4,-12.5,-0.12,KCVH,6.1,140.3,0.0,0.8,-0.4,127.1,135.3,992.0,0.1,-0.02,1.0,0.0,38.0,16.0,138.2,30.05,1384.0,219.0,5.0,128.0,3500.0,0.0,0.0,129.0,0.0,0.0,5.0,-2.0,-99.0,3.0,0.0,0.0,2.0,0.0,0.0,-95.0,0.0,0.0,0.0,0.0,3.0,1.0,0.0,1200.0,83.0,55.0,2495.0,2495.0,22.3,10.7,0.0,10.7,24.5,0.0,0.0,9.5,0.0,0.0,5.6,37.4,32.5,0.0,0.0,0.0,0.0,169.0,691.0,169.0,691.0,169.0,686.0,169.0,691.0,0.0,0.0,-31.0,0.0,0.0,24.5,4.0,4.998,0.0,0.0,2.111,2.13,83.2,54.5,0.0,0.0,63.0,R,0.0,60.8,131.0,0.0,0.0,0.0,0.0,336.2,1275.8,336.2,1275.8,336.2,1266.8,336.2,1275.8,0.0,0.0,130.1,2495.0,336.2,275.4,69.3,1.008097222222222,54484.05599999998,12.822429906542055,135.78,138.48,343.4,True,2026-08-14 08:27:13-07:00
570.06,2,10,2026-08-14 15:36:37,36.97057,-121.49014,1100.0,137.2,137.5,-12.5,-0.11,KCVH,6.0,140.3,0.0,0.5,0.4,127.7,135.3,992.0,0.2,-0.01,1.0,0.0,15.0,16.0,138.2,30.05,1383.0,218.0,5.0,128.0,3500.0,0.0,0.0,129.0,0.0,0.0,5.0,-2.0,-99.0,3.0,0.0,0.0,0.0,0.0,0.0,-94.0,0.0,0.0,0.0,0.0,3.0,1.0,0.0,1200.0,83.0,55.0,2492.0,2492.0,22.3,10.7,0.0,10.7,24.5,0.0,0.0,9.5,0.0,0.0,5.5,37.4,32.5,0.0,0.0,0.0,0.0,169.0,691.0,169.0,691.0,169.0,686.0,169.0,692.0,0.0,0.0,-31.0,0.0,0.0,24.5,4.0,4.998,0.0,0.0,2.111,2.122,83.2,54.8,0.0,0.0,63.0,R,0.0,60.8,131.0,0.0,0.0,0.0,0.0,336.2,1275.8,336.2,1275.8,336.2,1266.8,336.2,1277.6,0.0,0.0,130.64,2492.0,336.2,275.4,69.83999999999999,1.0110694444444444,54715.46666666665,12.822429906542055,135.78,138.48,343.4,True,2026-08-14 08:27:13-07:00
571.06,1,10,2026-08-14 15:36:38,36.9701,-121.48961,1101.0,137.0,137.7,-12.5,-0.11,KCVH,6.0,140.3,0.0,0.6,-0.8,127.5,135.4,992.0,0.1,-0.01,1.0,0.0,41.0,16.0,138.3,30.05,1383.0,217.0,5.0,128.0,3500.0,0.0,0.0,129.0,0.0,0.0,5.0,-2.0,-99.0,3.0,0.0,0.0,2.0,0.0,0.0,-96.0,0.0,0.0,0.0,0.0,3.0,1.0,0.0,1200.0,83.0,55.0,2492.0,2492.0,22.3,10.8,0.0,10.8,24.5,0.0,0.0,9.5,0.0,0.0,5.4,37.4,32.5,0.0,0.0,0.0,0.0,169.0,691.0,169.0,691.0,169.0,685.0,169.0,692.0,0.0,0.0,-31.0,0.0,0.0,24.5,4.0,4.998,0.0,0.0,2.063,2.135,83.1,54.6,0.0,0.0,63.0,R,0.0,60.8,131.0,0.0,0.0,0.0,0.0,336.2,1275.8,336.2,1275.8,336.2,1265.0,336.2,1277.6,0.0,0.0,130.28,2492.0,336.2,275.4,69.48,1.0140555555555553,54946.70866666665,12.685185185185185,135.88,138.59,343.4,True,2026-08-14 08:27:13-07:00
572.06,2,10,2026-08-14 15:36:39,36.96963,-121.48907,1101.0,137.0,137.6,-12.5,-0.11,KCVH,5.9,140.3,0.0,0.6,-0.3,127.8,135.7,992.0,0.3,-0.03,1.0,0.0,62.0,16.0,138.6,30.05,1383.0,216.0,5.0,128.0,3500.0,0.0,0.0,129.0,0.0,0.0,5.0,-2.0,-99.0,3.0,0.0,0.0,-1.0,0.0,0.0,-95.0,0.0,0.0,0.0,0.0,3.0,1.0,0.0,1200.0,83.0,55.0,2496.0,2496.0,22.3,10.7,0.0,10.7,24.5,0.0,0.0,9.5,0.0,0.0,5.5,37.4,32.5,0.0,0.0,0.0,0.0,169.0,691.0,169.0,691.0,169.0,685.0,169.0,692.0,0.0,0.0,-31.0,0.0,0.0,24.5,4.0,4.998,0.0,0.0,2.112,2.13,83.1,54.7,0.0,0.0,63.0,R,0.0,60.8,131.0,0.0,0.0,0.0,0.0,336.2,1275.8,336.2,1275.8,336.2,1265.0,336.2,1277.6,0.0,0.0,130.46,2496.0,336.2,275.4,69.66000000000001,1.0170416666666664,55177.781999999985,12.803738317757011,136.17999999999998,138.89,343.4,True,2026-08-14 08:27:13-07:00
573.06,2,10,2026-08-14 15:36:40,36.96917,-121.48854,1119.0,136.9,137.6,-12.5,-0.11,KCVH,5.9,140.3,0.0,0.6,-0.9,127.6,135.5,992.0,-0.1,-0.01,1.0,0.0,71.0,16.0,138.4,30.05,1393.0,215.0,5.0,128.0,3500.0,0.0,0.0,129.0,0.0,0.0,5.0,-2.0,-99.0,3.0,0.0,0.0,2.0,0.0,0.0,-95.0,0.0,0.0,0.0,0.0,3.0,1.0,0.0,1200.0,83.0,55.0,2492.0,2492.0,22.3,10.7,0.0,10.7,24.4,0.0,0.0,9.5,0.0,0.0,5.6,37.4,32.5,0.0,0.0,0.0,0.0,169.0,690.0,169.0,692.0,169.0,685.0,169.0,691.0,0.0,0.0,-31.0,0.0,0.0,24.4,4.0,4.998,0.0,0.0,2.111,2.13,83.0,54.7,0.0,0.0,63.0,R,0.0,60.8,131.0,0.0,0.0,0.0,0.0,336.2,1274.0,336.2,1277.6,336.2,1265.0,336.2,1275.8,0.0,0.0,130.46,2492.0,336.2,275.4,69.66000000000001,1.0200138888888888,55408.770999999986,12.794392523364488,135.98,138.69,343.4,True,2026-08-14 08:27:13-07:00
574.06,2,10,2026-08-14 15:36:41,36.9687,-121.48801,1120.0,136.7,137.7,-12.5,-0.1,KCVH,5.9,140.3,0.0,0.8,-0.7,127.6,135.1,992.0,-0.0,-0.01,1.0,0.0,91.0,16.0,138.0,30.05,1392.0,214.0,5.0,128.0,3500.0,0.0,0.0,129.0,0.0,0.0,5.0,-2.0,-99.0,3.0,0.0,0.0,1.0,0.0,0.0,-97.0,0.0,0.0,0.0,0.0,3.0,1.0,0.0,1200.0,83.0,55.0,2489.0,2489.0,22.3,10.7,0.0,10.7,24.4,0.0,0.0,9.5,0.0,0.0,5.7,37.4,32.5,0.0,0.0,0.0,0.0,169.0,690.0,169.0,691.0,169.0,684.0,169.0,691.0,0.0,0.0,-31.0,0.0,0.0,24.4,4.0,4.998,0.0,0.0,2.111,2.126,83.0,54.9,0.0,0.0,63.0,R,0.0,60.8,131.0,0.0,0.0,0.0,0.0,336.2,1274.0,336.2,1275.8,336.2,1263.2,336.2,1275.8,0.0,0.0,130.82,2489.0,336.2,275.4,70.02,1.022986111111111,55639.50699999998,12.775700934579438,135.57999999999998,138.28,343.4,True,2026-08-14 08:27:13-07:00
575.06,2,10,2026-08-14 15:36:42,36.96823,-121.48748,1122.0,136.7,137.7,-12.5,-0.1,KCVH,5.8,140.4,0.0,0.9,-1.7,127.0,134.6,994.0,-0.0,-0.03,1.0,0.0,102.0,16.0,137.5,30.05,1392.0,214.0,5.0,128.0,3500.0,0.0,0.0,129.0,0.0,0.0,5.0,-2.0,-99.0,3.0,0.0,0.0,3.0,0.0,0.0,-95.0,0.0,0.0,0.0,0.0,3.0,1.0,0.0,1200.0,83.0,55.0,2491.0,2491.0,22.3,10.7,0.0,10.7,24.5,0.0,0.0,9.5,0.0,0.0,5.6,37.4,32.5,0.0,0.0,0.0,0.0,169.0,690.0,169.0,690.0,169.0,685.0,169.0,691.0,0.0,0.0,-31.0,0.0,0.0,24.5,4.0,4.998,0.0,0.0,2.111,2.095,83.0,55.2,0.0,0.0,63.0,R,0.0,60.8,131.0,0.0,0.0,0.0,0.0,336.2,1274.0,336.2,1274.0,336.2,1265.0,336.2,1275.8,0.0,0.0,131.36,2491.0,336.2,275.4,70.56000000000002,1.025958333333333,55870.074333333316,12.775700934579438,135.07999999999998,137.77,343.4,True,2026-08-14 08:27:13-07:00
576.06,2,10,2026-08-14 15:36:43,36.96776,-121.48695,1122.0,136.8,137.5,-12.5,-0.1,KCVH,5.8,140.4,0.0,0.8,-0.0,127.3,134.2,994.0,0.1,0.0,0.9,0.0,18.0,16.0,137.1,30.05,1392.0,214.0,5.0,128.0,3500.0,0.0,0.0,129.0,0.0,0.0,5.0,-2.0,-99.0,3.0,0.0,0.0,-1.0,0.0,0.0,-95.0,0.0,0.0,0.0,0.0,3.0,0.0,0.0,1200.0,83.0,55.0,2487.0,2487.0,22.3,10.7,0.0,10.7,24.5,0.0,0.0,9.5,0.0,0.0,5.4,37.4,32.5,0.0,0.0,0.0,0.0,169.0,690.0,169.0,690.0,169.0,685.0,169.0,691.0,0.0,0.0,-31.0,0.0,0.0,24.5,4.0,4.998,0.0,0.0,2.111,2.128,82.9,55.0,0.0,0.0,63.0,R,0.0,60.8,131.0,0.0,0.0,0.0,0.0,336.2,1274.0,336.2,1274.0,336.2,1265.0,336.2,1275.8,0.0,0.0,131.0,2487.0,336.2,275.4,70.2,1.0289305555555555,56100.72599999998,12.785046728971965,134.67999999999998,137.37,343.4,True,2026-08-14 08:27:13-07:00
577.06,2,10,2026-08-14 15:36:44,36.96729,-121.48641,1121.0,137.0,137.7,-12.5,-0.1,KCVH,5.7,140.4,0.0,0.7,-1.3,126.4,134.1,994.0,-0.0,-0.01,1.0,0.0,8.0,16.0,137.0,30.05,1395.0,214.0,5.0,128.0,3500.0,0.0,0.0,129.0,0.0,0.0,5.0,-2.0,-99.0,3.0,0.0,0.0,1.0,0.0,0.0,-94.0,0.0,0.0,0.0,0.0,3.0,1.0,0.0,1200.0,83.0,55.0,2494.0,2494.0,22.3,10.7,0.0,10.7,24.5,0.0,0.0,9.5,0.0,0.0,5.5,37.4,32.5,0.0,0.0,0.0,0.0,169.0,690.0,169.0,690.0,169.0,685.0,169.0,690.0,0.0,0.0,-31.0,0.0,0.0,24.5,4.0,4.998,0.0,0.0,2.111,2.128,83.0,55.1,0.0,0.0,63.0,R,0.0,60.8,131.0,0.0,0.0,0.0,0.0,336.2,1274.0,336.2,1274.0,336.2,1265.0,336.2,1274.0,0.0,0.0,131.18,2494.0,336.2,275.4,70.38000000000001,1.0319027777777776,56331.63066666665,12.803738317757011,134.57999999999998,137.26,343.4,True,2026-08-14 08:27:13-07:00
578.06,2,10,2026-08-14 15:36:45,36.96682,-121.48588,1118.0,137.4,137.5,-12.5,-0.09,KCVH,5.7,140.4,0.0,0.9,-0.9,126.1,134.0,994.0,-0.1,-0.01,1.0,0.0,-42.0,16.0,136.8,30.05,1395.0,214.0,5.0,128.0,3500.0,0.0,0.0,129.0,0.0,0.0,5.0,-2.0,-99.0,3.0,0.0,0.0,1.0,0.0,0.0,-95.0,0.0,0.0,0.0,0.0,3.0,1.0,0.0,1200.0,83.0,55.0,2490.0,2490.0,22.2,10.7,0.0,10.7,24.5,0.0,0.0,9.5,0.0,0.0,5.5,37.4,32.5,0.0,0.0,0.0,0.0,169.0,690.0,169.0,690.0,168.0,685.0,169.0,691.0,0.0,0.0,-31.0,0.0,0.0,24.5,4.0,4.998,0.0,0.0,2.111,2.092,83.0,55.1,0.0,0.0,63.0,R,0.0,60.8,131.0,0.0,0.0,0.0,0.0,336.2,1274.0,336.2,1274.0,334.4,1265.0,336.2,1275.8,0.0,0.0,131.18,2490.0,335.75,274.95,70.38000000000001,1.0348749999999998,56563.04133333331,12.841121495327105,134.48,137.16,343.4,True,2026-08-14 08:27:13-07:00
579.06,2,10,2026-08-14 15:36:46,36.96635,-121.48534,1115.0,137.6,137.5,-12.5,-0.09,KCVH,5.7,140.4,0.0,1.0,-1.1,125.7,134.6,994.0,-0.1,-0.02,1.0,0.0,-94.0,16.0,137.5,30.05,1395.0,214.0,5.0,128.0,3500.0,0.0,0.0,129.0,0.0,0.0,5.0,-2.0,-99.0,3.0,0.0,0.0,2.0,0.0,0.0,-95.0,0.0,0.0,0.0,0.0,3.0,0.0,0.0,1200.0,83.0,55.0,2493.0,2493.0,22.3,10.7,0.0,10.7,24.5,0.0,0.0,9.5,0.0,0.0,5.7,37.4,32.5,0.0,0.0,0.0,0.0,169.0,690.0,169.0,690.0,168.0,685.0,169.0,691.0,0.0,0.0,-31.0,0.0,0.0,24.5,4.0,4.998,0.0,0.0,2.111,2.078,83.0,55.3,0.0,0.0,63.0,R,0.0,60.8,131.0,0.0,0.0,0.0,0.0,336.2,1274.0,336.2,1274.0,334.4,1265.0,336.2,1275.8,0.0,0.0,131.54,2493.0,335.75,274.95,70.74,1.0378472222222221,56794.957999999984,12.85981308411215,135.07999999999998,137.77,343.4,True,2026-08-14 08:27:13-07:00
580.06,2,10,2026-08-14 15:36:47,36.96589,-121.48481,1112.0,137.8,137.4,-12.5,-0.09,KCVH,5.6,140.5,0.0,0.9,0.0,126.0,134.7,994.0,0.1,-0.01,1.0,0.0,-95.0,16.0,137.6,30.05,1395.0,215.0,5.0,128.0,3500.0,0.0,0.0,129.0,0.0,0.0,5.0,-2.0,-99.0,3.0,0.0,0.0,-1.0,0.0,0.0,-95.0,0.0,0.0,0.0,0.0,3.0,1.0,0.0,1200.0,83.0,56.0,2490.0,2490.0,22.3,10.7,0.0,10.7,24.5,0.0,0.0,9.5,0.0,0.0,5.6,37.4,32.5,0.0,0.0,0.0,0.0,169.0,690.0,169.0,690.0,168.0,685.0,169.0,692.0,0.0,0.0,-31.0,0.0,0.0,24.5,4.0,4.998,0.0,0.0,2.111,2.115,83.3,55.6,0.0,0.0,63.0,R,0.0,60.8,132.8,0.0,0.0,0.0,0.0,336.2,1274.0,336.2,1274.0,334.4,1265.0,336.2,1277.6,0.0,0.0,132.08,2490.0,335.75,274.95,71.28000000000002,1.0408194444444443,57027.211999999985,12.878504672897199,135.17999999999998,137.88,343.4,True,2026-08-14 08:27:13-07:00
581.06,2,10,2026-08-14 15:36:48,36.96541,-121.48427,1110.0,138.0,137.6,-12.5,-0.09,KCVH,5.6,140.5,0.0,0.9,-0.8,125.8,134.4,992.0,-0.0,-0.02,1.0,0.0,-141.0,16.0,137.3,30.05,1395.0,215.0,5.0,128.0,3500.0,0.0,0.0,129.0,0.0,0.0,5.0,-2.0,-99.0,3.0,0.0,0.0,2.0,0.0,0.0,-94.0,0.0,0.0,0.0,0.0,3.0,1.0,0.0,1200.0,83.0,56.0,2489.0,2489.0,22.3,10.7,0.0,10.7,24.5,0.0,0.0,9.5,0.0,0.0,6.2,37.4,32.5,0.0,0.0,0.0,0.0,169.0,691.0,169.0,690.0,168.0,685.0,169.0,692.0,0.0,0.0,-31.0,0.0,0.0,24.5,4.0,4.998,0.0,0.0,2.111,2.123,83.0,55.6,0.0,0.0,63.0,R,0.0,60.8,132.8,0.0,0.0,0.0,0.0,336.2,1275.8,336.2,1274.0,334.4,1265.0,336.2,1277.6,0.0,0.0,132.08,2489.0,335.75,274.95,71.28000000000002,1.0437916666666665,57259.803333333315,12.897196261682243,134.88,137.57,343.4,True,2026-08-14 08:27:13-07:00
582.06,2,10,2026-08-14 15:36:49,36.96494,-121.48373,1107.0,138.3,137.5,-12.5,-0.08,KCVH,5.6,140.5,0.0,1.1,-0.7,125.8,134.1,990.0,-0.0,-0.02,1.0,0.0,-136.0,16.0,137.0,30.05,1395.0,216.0,4.0,128.0,3500.0,0.0,0.0,129.0,0.0,0.0,5.0,-2.0,-99.0,3.0,0.0,0.0,2.0,0.0,0.0,-94.0,0.0,0.0,0.0,0.0,3.0,0.0,0.0,1200.0,83.0,56.0,2492.0,2492.0,22.3,10.7,0.0,10.7,24.5,0.0,0.0,9.5,0.0,0.0,7.3,37.4,32.5,0.0,0.0,0.0,0.0,169.0,691.0,169.0,689.0,168.0,684.0,169.0,692.0,0.0,0.0,-31.0,0.0,0.0,24.5,4.0,4.998,0.0,0.0,2.078,2.13,83.0,55.6,0.0,0.0,63.0,R,0.0,60.8,132.8,0.0,0.0,0.0,0.0,336.2,1275.8,336.2,1272.2,334.4,1263.2,336.2,1277.6,0.0,0.0,132.08,2492.0,335.75,274.95,71.28000000000002,1.0467638888888886,57492.816333333314,12.925233644859816,134.57999999999998,137.25,343.4,True,2026-08-14 08:27:13-07:00
583.06,2,10,2026-08-14 15:36:50,36.96447,-121.48319,1104.0,138.5,137.6,-12.5,-0.08,KCVH,5.5,140.5,0.0,1.2,0.2,126.0,134.6,987.0,-0.0,-0.0,1.0,0.0,-160.0,16.0,137.5,30.05,1389.0,217.0,4.0,128.0,3500.0,0.0,0.0,129.0,0.0,0.0,5.0,-2.0,-99.0,3.0,0.0,0.0,1.0,0.0,0.0,-94.0,0.0,0.0,0.0,0.0,3.0,1.0,0.0,1200.0,83.0,56.0,2492.0,2492.0,22.3,10.7,0.0,10.7,24.5,0.0,0.0,9.5,0.0,0.0,8.0,37.4,32.5,0.0,0.0,0.0,0.0,169.0,691.0,169.0,689.0,168.0,684.0,169.0,691.0,0.0,0.0,-31.0,0.0,0.0,24.5,4.0,4.998,0.0,0.0,2.109,2.129,83.1,55.7,0.0,0.0,63.0,R,0.0,60.8,132.8,0.0,0.0,0.0,0.0,336.2,1275.8,336.2,1272.2,334.4,1263.2,336.2,1275.8,0.0,0.0,132.26,2492.0,335.75,274.95,71.46,1.049736111111111,57726.25099999998,12.94392523364486,135.07999999999998,137.76,343.4,True,2026-08-14 08:27:13-07:00
584.06,2,10,2026-08-14 15:36:51,36.96399,-121.48265,1102.0,138.6,137.8,-12.5,-0.08,KCVH,5.5,140.5,0.0,1.1,-0.1,126.2,134.4,984.0,0.2,-0.02,1.0,0.0,-167.0,16.0,137.2,30.05,1389.0,218.0,4.0,128.0,3500.0,0.0,0.0,129.0,0.0,0.0,5.0,-2.0,-99.0,3.0,0.0,0.0,1.0,0.0,0.0,-94.0,0.0,0.0,0.0,0.0,3.0,1.0,0.0,1200.0,83.0,56.0,2491.0,2491.0,22.3,10.7,0.0,10.7,24.5,0.0,0.0,9.5,0.0,0.0,8.6,37.4,32.5,0.0,0.0,0.0,0.0,169.0,691.0,169.0,690.0,168.0,684.0,169.0,691.0,0.0,0.0,-31.0,0.0,0.0,24.5,4.0,4.998,0.0,0.0,2.111,2.113,83.2,55.8,0.0,0.0,63.0,R,0.0,60.8,132.8,0.0,0.0,0.0,0.0,336.2,1275.8,336.2,1274.0,334.4,1263.2,336.2,1275.8,0.0,0.0,132.44,2491.0,335.75,274.95,71.64,1.0527083333333331,57959.93866666665,12.953271028037383,134.88,137.55,343.4,True,2026-08-14 08:27:13-07:00
585.06,2,10,2026-08-14 15:36:52,36.96352,-121.48212,1101.0,138.8,137.9,-12.5,-0.08,KCVH,5.4,140.6,0.0,1.3,-0.2,126.2,134.0,983.0,0.0,-0.01,1.0,0.0,-132.0,16.0,136.9,30.05,1389.0,220.0,4.0,128.0,3500.0,0.0,0.0,129.0,0.0,0.0,5.0,-2.0,-99.0,3.0,0.0,0.0,2.0,0.0,0.0,-94.0,0.0,0.0,0.0,0.0,3.0,1.0,0.0,1200.0,83.0,56.0,2488.0,2488.0,22.3,10.7,0.0,10.7,24.4,0.0,0.0,9.5,0.0,0.0,8.8,37.4,32.5,0.0,0.0,0.0,0.0,169.0,691.0,169.0,690.0,169.0,685.0,169.0,691.0,0.0,0.0,-31.0,0.0,0.0,24.4,4.0,4.998,0.0,0.0,2.111,2.126,83.0,56.1,0.0,0.0,63.0,R,0.0,60.8,132.8,0.0,0.0,0.0,0.0,336.2,1275.8,336.2,1274.0,336.2,1265.0,336.2,1275.8,0.0,0.0,132.98000000000002,2488.0,336.2,275.4,72.18000000000002,1.0556805555555553,58193.879333333316,12.971962616822433,134.48,137.14,343.4,True,2026-08-14 08:27:13-07:00
586.06,2,10,2026-08-14 15:36:53,36.96304,-121.48158,1100.0,138.9,138.0,-12.5,-0.07,KCVH,5.4,140.6,0.0,1.4,-0.1,126.5,134.1,981.0,0.1,-0.01,1.0,0.0,-120.0,16.0,137.0,30.05,1388.0,0.0,0.0,128.0,3500.0,0.0,0.0,129.0,0.0,0.0,5.0,-1.0,-99.0,3.0,0.0,0.0,1.0,0.0,0.0,-95.0,0.0,0.0,0.0,0.0,3.0,0.0,0.0,1200.0,83.0,56.0,2490.0,2490.0,22.3,10.7,0.0,10.7,24.5,0.0,0.0,9.5,0.0,0.0,7.8,37.4,32.5,0.0,0.0,0.0,0.0,169.0,691.0,169.0,690.0,169.0,685.0,169.0,691.0,0.0,0.0,-31.0,0.0,0.0,24.5,4.0,4.998,0.0,0.0,2.111,2.096,83.0,55.9,0.0,0.0,63.0,R,0.0,60.8,132.8,0.0,0.0,0.0,0.0,336.2,1275.8,336.2,1274.0,336.2,1265.0,336.2,1275.8,0.0,0.0,132.62,2490.0,336.2,275.4,71.82000000000001,1.0586527777777777,58428.07299999998,12.981308411214954,134.57999999999998,137.23,343.4,True,2026-08-14 08:27:13-07:00
587.06,2,10,2026-08-14 15:36:54,36.96256,-121.48104,1101.0,138.9,138.1,-12.5,-0.07,KCVH,5.4,140.6,0.0,1.6,0.2,126.7,133.9,980.0,0.1,-0.0,1.0,0.0,-65.0,16.0,136.7,30.05,1387.0,0.0,0.0,128.0,3500.0,0.0,0.0,129.0,0.0,0.0,5.0,-1.0,-99.0,3.0,0.0,0.0,1.0,0.0,0.0,-95.0,0.0,0.0,0.0,0.0,3.0,1.0,0.0,1200.0,83.0,56.0,2489.0,2489.0,22.3,10.7,0.0,10.7,24.4,0.0,0.0,9.5,0.0,0.0,6.8,37.4,32.5,0.0,0.0,0.0,0.0,169.0,690.0,169.0,690.0,169.0,685.0,169.0,692.0,0.0,0.0,-31.0,0.0,0.0,24.4,4.0,4.998,0.0,0.0,2.111,2.085,83.2,55.9,0.0,0.0,63.0,R,0.0,60.8,132.8,0.0,0.0,0.0,0.0,336.2,1274.0,336.2,1274.0,336.2,1265.0,336.2,1277.6,0.0,0.0,132.62,2489.0,336.2,275.4,71.82000000000001,1.0616249999999998,58662.35099999998,12.981308411214954,134.38,137.03,343.4,True,2026-08-14 08:27:13-07:00
588.06,2,10,2026-08-14 15:36:55,36.96208,-121.48051,1104.0,138.8,138.2,-12.5,-0.07,KCVH,5.3,140.6,0.0,1.5,0.0,126.9,134.1,980.0,0.2,-0.01,1.0,0.0,-31.0,17.0,137.0,30.05,1387.0,0.0,0.0,128.0,3500.0,0.0,0.0,129.0,0.0,0.0,5.0,-1.0,-99.0,3.0,0.0,0.0,0.0,0.0,0.0,-95.0,0.0,0.0,0.0,0.0,3.0,1.0,0.0,1200.0,83.0,56.0,2491.0,2491.0,22.3,10.7,0.0,10.7,24.4,0.0,0.0,9.5,0.0,0.0,6.4,37.4,32.5,0.0,0.0,0.0,0.0,169.0,691.0,169.0,690.0,169.0,685.0,169.0,692.0,0.0,0.0,-31.0,0.0,0.0,24.4,4.0,4.998,0.0,0.0,2.111,2.086,83.1,56.0,0.0,0.0,63.0,R,0.0,62.6,132.8,0.0,0.0,0.0,0.0,336.2,1275.8,336.2,1274.0,336.2,1265.0,336.2,1277.6,0.0,0.0,132.8,2491.0,336.2,273.59999999999997,70.20000000000002,1.064597222222222,58896.54466666665,12.971962616822433,134.57999999999998,137.47,343.4,True,2026-08-14 08:27:13-07:00
589.06,2,10,2026-08-14 15:36:56,36.9616,-121.47997,1105.0,138.8,138.3,-12.5,-0.07,KCVH,5.3,140.6,0.0,1.4,-0.6,126.9,133.6,980.0,-0.1,-0.02,1.0,0.0,42.0,17.0,136.4,30.05,1387.0,0.0,0.0,128.0,3500.0,0.0,0.0,129.0,0.0,0.0,5.0,-1.0,-99.0,3.0,0.0,0.0,3.0,0.0,0.0,-94.0,0.0,0.0,0.0,0.0,3.0,1.0,0.0,1200.0,83.0,56.0,2488.0,2488.0,22.2,10.7,0.0,10.7,24.4,0.0,0.0,9.5,0.0,0.0,6.1,37.4,32.5,0.0,0.0,0.0,0.0,169.0,690.0,169.0,691.0,169.0,685.0,169.0,693.0,0.0,0.0,-31.0,0.0,0.0,24.4,4.0,4.998,0.0,0.0,2.111,2.102,83.2,56.1,0.0,0.0,63.0,R,0.0,62.6,132.8,0.0,0.0,0.0,0.0,336.2,1274.0,336.2,1275.8,336.2,1265.0,336.2,1279.4,0.0,0.0,132.98000000000002,2488.0,336.2,273.59999999999997,70.38000000000002,1.0675694444444443,59130.65399999998,12.971962616822433,134.07999999999998,136.96,343.4,True,2026-08-14 08:27:13-07:00
590.06,2,10,2026-08-14 15:36:57,36.96112,-121.47944,1106.0,138.8,138.4,-12.5,-0.06,KCVH,5.2,140.6,0.0,1.4,0.3,127.4,133.7,980.0,-0.0,-0.0,1.0,0.0,62.0,17.0,136.5,30.05,1379.0,0.0,0.0,128.0,3500.0,0.0,0.0,129.0,0.0,0.0,5.0,-1.0,-99.0,3.0,0.0,0.0,1.0,0.0,0.0,-94.0,0.0,0.0,0.0,0.0,3.0,1.0,0.0,1200.0,83.0,56.0,2488.0,2488.0,22.3,10.7,0.0,10.7,24.4,0.0,0.0,9.5,0.0,0.0,6.0,37.4,32.5,0.0,0.0,0.0,0.0,169.0,690.0,169.0,691.0,168.0,685.0,169.0,693.0,0.0,0.0,-31.0,0.0,0.0,24.4,4.0,4.998,0.0,0.0,2.09,2.128,83.3,56.4,0.0,0.0,63.0,R,0.0,62.6,132.8,0.0,0.0,0.0,0.0,336.2,1274.0,336.2,1275.8,334.4,1265.0,336.2,1279.4,0.0,0.0,133.51999999999998,2488.0,335.75,273.15,70.91999999999999,1.0705416666666665,59364.763333333314,12.971962616822433,134.17999999999998,137.06,343.4,True,2026-08-14 08:27:13-07:00
591.06,2,10,2026-08-14 15:36:58,36.96064,-121.4789,1108.0,138.7,138.6,-12.5,-0.06,KCVH,5.2,140.7,0.0,1.3,0.0,127.7,134.4,980.0,0.3,-0.03,1.0,0.0,57.0,17.0,137.2,30.05,1379.0,0.0,0.0,128.0,3500.0,0.0,0.0,129.0,0.0,0.0,5.0,-1.0,-99.0,3.0,0.0,0.0,0.0,0.0,0.0,-94.0,0.0,0.0,0.0,0.0,3.0,1.0,0.0,1200.0,83.0,56.0,2493.0,2493.0,22.3,10.7,0.0,10.7,24.4,0.0,0.0,9.5,0.0,0.0,5.6,37.4,32.5,0.0,0.0,0.0,0.0,169.0,690.0,169.0,691.0,168.0,685.0,169.0,692.0,0.0,0.0,-31.0,0.0,0.0,24.4,4.0,4.998,0.0,0.0,2.101,2.115,83.3,56.4,0.0,0.0,63.0,R,0.0,62.6,132.8,0.0,0.0,0.0,0.0,336.2,1274.0,336.2,1275.8,334.4,1265.0,336.2,1277.6,0.0,0.0,133.51999999999998,2493.0,335.75,273.15,70.91999999999999,1.0735138888888887,59598.788333333316,12.962616822429906,134.88,137.77,343.4,True,2026-08-14 08:27:13-07:00
592.06,2,10,2026-08-14 15:36:59,36.96016,-121.47838,1110.0,138.6,138.7,-12.5,-0.06,KCVH,5.2,140.7,0.0,1.1,0.5,128.1,134.1,980.0,0.1,-0.02,1.0,0.0,79.0,17.0,137.0,30.05,1379.0,0.0,0.0,128.0,3500.0,0.0,0.0,129.0,0.0,0.0,5.0,-1.0,-99.0,3.0,0.0,0.0,-1.0,0.0,0.0,-94.0,0.0,0.0,0.0,0.0,3.0,1.0,0.0,1200.0,83.0,56.0,2490.0,2490.0,22.3,10.7,0.0,10.7,24.5,0.0,0.0,9.5,0.0,0.0,5.4,37.4,32.5,0.0,0.0,0.0,0.0,169.0,691.0,169.0,691.0,168.0,685.0,169.0,693.0,0.0,0.0,-31.0,0.0,0.0,24.5,4.0,4.998,0.0,0.0,2.111,2.124,83.0,56.3,0.0,0.0,63.0,R,0.0,62.6,132.8,0.0,0.0,0.0,0.0,336.2,1275.8,336.2,1275.8,334.4,1265.0,336.2,1279.4,0.0,0.0,133.34,2490.0,335.75,273.15,70.74000000000001,1.076486111111111,59832.64466666665,12.953271028037383,134.57999999999998,137.47,343.4,True,2026-08-14 08:27:13-07:00
593.06,2,10,2026-08-14 15:37:00,36.95967,-121.47785,1111.0,138.5,138.9,-12.5,-0.06,KCVH,5.1,140.7,0.0,1.3,0.1,128.8,133.9,980.0,0.3,-0.01,1.0,0.0,65.0,17.0,136.7,30.05,1387.0,0.0,0.0,128.0,3500.0,0.0,0.0,129.0,0.0,0.0,5.0,-1.0,-99.0,3.0,0.0,0.0,0.0,0.0,0.0,-95.0,0.0,0.0,0.0,0.0,3.0,1.0,0.0,1200.0,83.0,56.0,2491.0,2491.0,22.3,10.7,0.0,10.7,24.4,0.0,0.0,9.5,0.0,0.0,5.5,37.4,32.5,0.0,0.0,0.0,0.0,169.0,690.0,169.0,691.0,168.0,685.0,169.0,692.0,0.0,0.0,-31.0,0.0,0.0,24.4,4.0,4.998,0.0,0.0,2.061,2.129,83.3,56.4,0.0,0.0,63.0,R,0.0,62.6,132.8,0.0,0.0,0.0,0.0,336.2,1274.0,336.2,1275.8,334.4,1265.0,336.2,1277.6,0.0,0.0,133.51999999999998,2491.0,335.75,273.15,70.91999999999999,1.0794583333333332,60066.33233333332,12.94392523364486,134.38,137.26,343.4,True,2026-08-14 08:27:13-07:00
594.06,2,10,2026-08-14 15:37:01,36.95919,-121.47733,1115.0,138.2,139.1,-12.5,-0.06,KCVH,5.1,140.7,0.0,1.5,-1.7,128.3,134.8,982.0,0.0,-0.02,1.0,0.0,108.0,17.0,137.6,30.05,1387.0,0.0,0.0,128.0,3500.0,0.0,0.0,129.0,0.0,0.0,5.0,-1.0,-99.0,3.0,0.0,0.0,3.0,0.0,0.0,-96.0,0.0,0.0,0.0,0.0,3.0,1.0,0.0,1200.0,83.0,56.0,2494.0,2494.0,22.3,10.7,0.0,10.7,24.4,0.0,0.0,9.5,0.0,0.0,5.5,37.4,32.5,0.0,0.0,0.0,0.0,169.0,690.0,169.0,692.0,168.0,684.0,169.0,692.0,0.0,0.0,-31.0,0.0,0.0,24.4,4.0,4.998,0.0,0.0,2.111,2.125,83.4,56.5,0.0,0.0,63.0,R,0.0,62.6,132.8,0.0,0.0,0.0,0.0,336.2,1274.0,336.2,1277.6,334.4,1263.2,336.2,1277.6,0.0,0.0,133.7,2494.0,335.75,273.15,71.1,1.0824305555555553,60299.682666666646,12.91588785046729,135.28,138.19,343.4,True,2026-08-14 08:27:13-07:00
595.06,2,10,2026-08-14 15:37:02,36.95871,-121.47681,1118.0,137.9,139.0,-12.5,-0.06,KCVH,5.1,140.7,0.0,1.2,-0.7,128.8,134.3,987.0,-0.1,-0.01,1.0,0.0,179.0,17.0,137.2,30.05,1387.0,0.0,0.0,128.0,3500.0,0.0,0.0,129.0,0.0,0.0,5.0,-1.0,-99.0,3.0,0.0,0.0,0.0,0.0,0.0,-95.0,0.0,0.0,0.0,0.0,3.0,1.0,0.0,1200.0,83.0,57.0,2489.0,2489.0,22.2,10.7,0.0,10.7,24.4,0.0,0.0,9.5,0.0,0.0,5.5,37.4,32.5,0.0,0.0,0.0,0.0,169.0,690.0,169.0,691.0,168.0,684.0,169.0,692.0,0.0,0.0,-31.0,0.0,0.0,24.4,4.0,4.998,0.0,0.0,2.111,2.098,83.4,56.8,0.0,0.0,63.0,R,0.0,62.6,134.6,0.0,0.0,0.0,0.0,336.2,1274.0,336.2,1275.8,334.4,1263.2,336.2,1277.6,0.0,0.0,134.24,2489.0,335.75,273.15,71.64000000000001,1.0854027777777775,60532.52699999998,12.887850467289722,134.78,137.69,343.4,True,2026-08-14 08:27:13-07:00
596.06,2,10,2026-08-14 15:37:03,36.95823,-121.47628,1122.0,137.6,139.0,-12.5,-0.05,KCVH,5.0,140.7,0.0,1.2,-0.1,129.3,133.1,990.0,0.3,-0.02,1.0,0.0,188.0,17.0,136.0,30.05,1391.0,0.0,0.0,128.0,3500.0,0.0,0.0,129.0,0.0,0.0,5.0,-1.0,-98.0,3.0,0.0,0.0,-2.0,0.0,0.0,-95.0,0.0,0.0,0.0,0.0,3.0,0.0,0.0,1200.0,83.0,57.0,2489.0,2489.0,22.3,10.7,0.0,10.7,24.4,0.0,0.0,9.5,0.0,0.0,5.2,37.4,32.5,0.0,0.0,0.0,0.0,169.0,690.0,169.0,691.0,168.0,683.0,169.0,692.0,0.0,0.0,-31.0,0.0,0.0,24.4,4.0,4.998,0.0,0.0,2.111,2.075,83.0,56.8,0.0,0.0,63.0,R,0.0,62.6,134.6,0.0,0.0,0.0,0.0,336.2,1274.0,336.2,1275.8,334.4,1261.4,336.2,1277.6,0.0,0.0,134.24,2489.0,335.75,273.15,71.64000000000001,1.0883749999999999,60764.86533333331,12.85981308411215,133.57999999999998,136.47,343.4,True,2026-08-14 08:27:13-07:00
597.06,2,10,2026-08-14 15:37:04,36.95774,-121.47576,1125.0,137.4,139.1,-12.5,-0.05,KCVH,5.0,140.7,0.0,1.4,-2.2,128.6,132.9,993.0,-0.2,-0.01,1.0,0.0,192.0,17.0,135.8,30.05,1395.0,0.0,0.0,128.0,3500.0,0.0,0.0,129.0,0.0,0.0,5.0,-1.0,-96.0,3.0,0.0,0.0,3.0,0.0,0.0,-96.0,0.0,0.0,0.0,0.0,3.0,0.0,0.0,1200.0,83.0,57.0,2488.0,2488.0,22.3,10.7,0.0,10.7,24.5,0.0,0.0,9.5,0.0,0.0,5.1,37.4,32.5,0.0,0.0,0.0,0.0,169.0,690.0,169.0,691.0,168.0,684.0,169.0,692.0,0.0,0.0,-31.0,0.0,0.0,24.5,4.0,4.998,0.0,0.0,2.113,2.076,83.4,56.7,0.0,0.0,63.0,R,0.0,62.6,134.6,0.0,0.0,0.0,0.0,336.2,1274.0,336.2,1275.8,334.4,1263.2,336.2,1277.6,0.0,0.0,134.06,2488.0,335.75,273.15,71.46000000000001,1.091347222222222,60996.781999999985,12.841121495327105,133.38,136.27,343.4,True,2026-08-14 08:27:13-07:00
598.06,2,10,2026-08-14 15:37:05,36.95726,-121.47524,1128.0,137.3,138.8,-12.5,-0.05,KCVH,4.9,140.8,0.0,1.0,-0.1,128.8,134.5,997.0,0.4,-0.05,0.9,0.0,181.0,17.0,137.4,30.05,1399.0,0.0,0.0,128.0,3500.0,0.0,0.0,129.0,0.0,0.0,5.0,-1.0,-95.0,3.0,0.0,0.0,-4.0,0.0,0.0,-96.0,0.0,0.0,0.0,0.0,3.0,1.0,0.0,1200.0,83.0,57.0,2500.0,2500.0,22.3,10.7,0.0,10.7,24.5,0.0,0.0,9.4,0.0,0.0,5.2,37.4,32.5,0.0,0.0,0.0,0.0,169.0,690.0,169.0,691.0,168.0,685.0,169.0,692.0,0.0,0.0,-31.0,0.0,0.0,24.5,4.0,4.998,0.0,0.0,2.075,2.106,83.3,56.8,0.0,0.0,63.0,R,0.0,62.6,134.6,0.0,0.0,0.0,0.0,336.2,1274.0,336.2,1275.8,334.4,1265.0,336.2,1277.6,0.0,0.0,134.24,2500.0,335.75,273.15,71.64000000000001,1.0943194444444442,61228.44566666665,12.831775700934582,134.98,137.92,343.4,True,2026-08-14 08:27:13-07:00
599.06,2,10,2026-08-14 15:37:06,36.95678,-121.47472,1128.0,137.4,138.9,-12.5,-0.05,KCVH,4.9,140.8,0.0,0.5,-1.4,128.3,134.0,998.0,-0.4,0.01,1.0,0.0,155.0,17.0,136.9,30.05,1401.0,0.0,0.0,128.0,3500.0,0.0,0.0,129.0,0.0,0.0,5.0,-1.0,-94.0,3.0,0.0,0.0,0.0,0.0,0.0,-94.0,0.0,0.0,0.0,0.0,3.0,1.0,0.0,1200.0,83.0,57.0,2491.0,2491.0,22.2,10.7,0.0,10.7,24.4,0.0,0.0,9.4,0.0,0.0,5.3,37.4,32.5,0.0,0.0,0.0,0.0,169.0,690.0,169.0,691.0,168.0,685.0,169.0,692.0,0.0,0.0,-31.0,0.0,0.0,24.4,4.0,4.998,0.0,0.0,2.079,2.157,83.4,56.8,0.0,0.0,63.0,R,0.0,62.6,134.6,0.0,0.0,0.0,0.0,336.2,1274.0,336.2,1275.8,334.4,1265.0,336.2,1277.6,0.0,0.0,134.24,2491.0,335.75,273.15,71.64000000000001,1.0972916666666666,61460.10933333332,12.841121495327105,134.48,137.41,343.4,True,2026-08-14 08:27:13-07:00
600.06,2,10,2026-08-14 15:37:07,36.9563,-121.4742,1128.0,137.5,138.9,-12.5,-0.05,KCVH,4.9,140.8,0.0,0.6,-2.4,128.2,133.6,998.0,-0.1,-0.02,1.0,0.0,98.0,17.0,136.5,30.05,1401.0,0.0,0.0,128.0,3500.0,0.0,0.0,129.0,0.0,0.0,5.0,-1.0,-93.0,3.0,0.0,0.0,3.0,0.0,0.0,-95.0,0.0,0.0,0.0,0.0,3.0,1.0,0.0,1200.0,84.0,57.0,2491.0,2491.0,22.2,10.7,0.0,10.7,24.4,0.0,0.0,9.4,0.0,0.0,5.4,37.4,32.5,0.0,0.0,0.0,0.0,169.0,690.0,169.0,690.0,168.0,685.0,169.0,692.0,0.0,0.0,-31.0,0.0,0.0,24.4,4.0,4.998,0.0,0.0,2.111,2.112,83.6,57.1,0.0,0.0,63.0,R,0.0,62.6,134.6,0.0,0.0,0.0,0.0,336.2,1274.0,336.2,1274.0,334.4,1265.0,336.2,1277.6,0.0,0.0,134.78,2491.0,335.75,273.15,72.18,1.1002638888888887,61691.94166666665,12.850467289719626,134.07999999999998,137.0,343.4,True,2026-08-14 08:27:13-07:00
601.06,2,10,2026-08-14 15:37:08,36.95582,-121.47368,1128.0,137.7,138.8,-12.5,-0.05,KCVH,4.8,140.8,0.0,0.9,-0.9,128.2,133.4,998.0,-0.2,0.0,1.1,0.0,36.0,17.0,136.3,30.05,1401.0,0.0,0.0,128.0,3500.0,0.0,0.0,129.0,0.0,0.0,5.0,-1.0,-93.0,3.0,0.0,0.0,-1.0,0.0,0.0,-96.0,0.0,0.0,0.0,0.0,3.0,1.0,0.0,1200.0,83.0,57.0,2490.0,2490.0,22.2,10.7,0.0,10.7,24.4,0.0,0.0,9.4,0.0,0.0,5.2,37.4,32.5,0.0,0.0,0.0,0.0,169.0,690.0,169.0,690.0,168.0,684.0,169.0,692.0,0.0,0.0,-31.0,0.0,0.0,24.4,4.0,4.998,0.0,0.0,2.111,2.086,83.3,57.3,0.0,0.0,63.0,R,0.0,62.6,134.6,0.0,0.0,0.0,0.0,336.2,1274.0,336.2,1274.0,334.4,1263.2,336.2,1277.6,0.0,0.0,135.14,2490.0,335.75,273.15,72.53999999999999,1.1032361111111109,61924.02699999998,12.869158878504672,133.88,136.8,343.4,True,2026-08-14 08:27:13-07:00
602.06,2,10,2026-08-14 15:37:09,36.95534,-121.47315,1129.0,137.8,138.8,-12.5,-0.05,KCVH,4.8,140.8,0.0,0.9,-1.8,128.0,133.5,999.0,-0.1,-0.01,1.0,0.0,49.0,17.0,136.4,30.05,1411.0,0.0,0.0,128.0,3500.0,0.0,0.0,129.0,0.0,0.0,5.0,-1.0,-92.0,3.0,0.0,0.0,2.0,0.0,0.0,-96.0,0.0,0.0,0.0,0.0,3.0,1.0,0.0,1200.0,83.0,57.0,2491.0,2491.0,22.2,10.7,0.0,10.7,24.4,0.0,0.0,9.4,0.0,0.0,5.1,37.4,32.5,0.0,0.0,0.0,0.0,169.0,689.0,169.0,690.0,168.0,684.0,169.0,692.0,0.0,0.0,-31.0,0.0,0.0,24.4,4.0,4.998,0.0,0.0,2.111,2.1,83.4,57.1,0.0,0.0,63.0,R,0.0,62.6,134.6,0.0,0.0,0.0,0.0,336.2,1272.2,336.2,1274.0,334.4,1263.2,336.2,1277.6,0.0,0.0,134.78,2491.0,335.75,273.15,72.18,1.1062083333333332,62156.36533333331,12.878504672897199,133.98,136.9,343.4,True,2026-08-14 08:27:13-07:00
603.06,2,10,2026-08-14 15:37:10,36.95486,-121.47263,1130.0,138.0,138.8,-12.5,-0.04,KCVH,4.8,140.8,0.0,0.7,-1.9,127.7,134.7,1000.0,-0.3,-0.0,1.0,0.0,75.0,17.0,137.7,30.05,1411.0,0.0,0.0,128.0,3500.0,0.0,0.0,129.0,0.0,0.0,5.0,-1.0,-91.0,3.0,0.0,0.0,3.0,0.0,0.0,-96.0,0.0,0.0,0.0,0.0,3.0,1.0,0.0,1200.0,83.0,57.0,2498.0,2498.0,22.3,10.7,0.0,10.7,24.4,0.0,0.0,9.4,0.0,0.0,5.2,37.4,32.5,0.0,0.0,0.0,0.0,169.0,689.0,169.0,690.0,169.0,685.0,169.0,692.0,0.0,0.0,-31.0,0.0,0.0,24.4,4.0,4.998,0.0,0.0,2.158,2.076,83.4,57.2,0.0,0.0,63.0,R,0.0,62.6,134.6,0.0,0.0,0.0,0.0,336.2,1272.2,336.2,1274.0,336.2,1265.0,336.2,1277.6,0.0,0.0,134.96,2498.0,336.2,273.59999999999997,72.36000000000001,1.1091805555555554,62388.95666666665,12.897196261682243,135.17999999999998,138.13,343.4,True,2026-08-14 08:27:13-07:00
604.06,2,10,2026-08-14 15:37:11,36.95438,-121.4721,1130.0,138.2,138.8,-12.5,-0.04,KCVH,4.7,140.9,0.0,0.2,-2.7,127.4,134.9,1001.0,-0.2,-0.04,1.0,0.0,35.0,17.0,137.8,30.05,1411.0,0.0,0.0,128.0,3500.0,0.0,0.0,129.0,0.0,0.0,5.0,-1.0,-90.0,3.0,0.0,0.0,3.0,0.0,0.0,-94.0,0.0,0.0,0.0,0.0,3.0,1.0,0.0,1200.0,83.0,57.0,2491.0,2491.0,22.2,10.7,0.0,10.7,24.4,0.0,0.0,9.4,0.0,0.0,5.4,37.4,32.5,0.0,0.0,0.0,0.0,169.0,689.0,169.0,691.0,169.0,685.0,169.0,692.0,0.0,0.0,-31.0,0.0,0.0,24.4,4.0,4.998,0.0,0.0,2.177,1.927,83.4,57.3,0.0,0.0,63.0,R,0.0,62.6,134.6,0.0,0.0,0.0,0.0,336.2,1272.2,336.2,1275.8,336.2,1265.0,336.2,1277.6,0.0,0.0,135.14,2491.0,336.2,273.59999999999997,72.53999999999999,1.1121527777777775,62621.88533333332,12.91588785046729,135.38,138.34,343.4,True,2026-08-14 08:27:13-07:00
605.06,2,10,2026-08-14 15:37:12,36.9539,-121.47157,1128.0,138.2,138.6,-12.5,-0.04,KCVH,4.7,140.9,0.0,-0.1,-1.6,128.0,136.5,1001.0,-0.4,-0.03,1.1,0.0,-32.0,17.0,139.5,30.05,1414.0,0.0,0.0,128.0,3500.0,0.0,0.0,129.0,0.0,0.0,5.0,-1.0,-89.0,3.0,0.0,0.0,2.0,0.0,0.0,-95.0,0.0,0.0,0.0,0.0,3.0,1.0,0.0,1200.0,84.0,58.0,2496.0,2496.0,22.2,10.7,0.0,10.7,24.4,0.0,0.0,9.4,0.0,0.0,5.6,37.4,32.5,0.0,0.0,0.0,0.0,169.0,689.0,169.0,691.0,169.0,685.0,169.0,692.0,0.0,0.0,-31.0,0.0,0.0,24.4,4.0,4.998,0.0,0.0,2.081,2.12,83.5,57.5,0.0,0.0,63.0,R,0.0,62.6,136.4,0.0,0.0,0.0,0.0,336.2,1272.2,336.2,1275.8,336.2,1265.0,336.2,1277.6,0.0,0.0,135.5,2496.0,336.2,273.59999999999997,72.9,1.1151249999999997,62854.98266666665,12.91588785046729,136.98,139.97,343.4,True,2026-08-14 08:27:13-07:00
606.06,2,10,2026-08-14 15:37:13,36.95341,-121.47105,1129.0,138.3,138.6,-12.5,-0.04,KCVH,4.6,140.9,0.0,-0.1,-0.4,129.5,135.7,1001.0,0.6,-0.04,0.9,0.0,-13.0,17.0,138.7,30.05,1414.0,0.0,0.0,128.0,3500.0,0.0,0.0,129.0,0.0,0.0,5.0,-1.0,-88.0,3.0,0.0,0.0,-2.0,0.0,0.0,-94.0,0.0,0.0,0.0,0.0,3.0,1.0,0.0,1200.0,84.0,58.0,2497.0,2497.0,22.2,10.8,0.0,10.8,24.4,0.0,0.0,9.4,0.0,0.0,5.3,37.4,32.5,0.0,0.0,0.0,0.0,169.0,689.0,169.0,691.0,169.0,685.0,169.0,691.0,0.0,0.0,-31.0,0.0,0.0,24.4,4.0,4.998,0.0,0.0,2.054,2.172,83.6,57.7,0.0,0.0,63.0,R,0.0,62.6,136.4,0.0,0.0,0.0,0.0,336.2,1272.2,336.2,1275.8,336.2,1265.0,336.2,1275.8,0.0,0.0,135.86,2497.0,336.2,273.59999999999997,73.26000000000002,1.1181111111111108,63088.16433333331,12.805555555555555,136.17999999999998,139.15,343.4,True,2026-08-14 08:27:13-07:00
607.06,2,10,2026-08-14 15:37:14,36.95293,-121.47052,1130.0,138.2,139.1,-12.5,-0.04,KCVH,4.6,140.9,0.0,0.2,-1.5,128.3,136.4,1001.0,-0.8,0.01,1.0,0.0,8.0,17.0,139.4,30.05,1414.0,0.0,0.0,128.0,3500.0,0.0,0.0,129.0,0.0,0.0,5.0,-1.0,-88.0,3.0,0.0,0.0,2.0,0.0,0.0,-96.0,0.0,0.0,0.0,0.0,3.0,1.0,0.0,1200.0,83.0,58.0,2493.0,2493.0,22.2,10.8,0.0,10.8,24.4,0.0,0.0,9.4,0.0,0.0,5.2,37.4,32.5,0.0,0.0,0.0,0.0,169.0,690.0,169.0,691.0,169.0,685.0,169.0,691.0,0.0,0.0,-31.0,0.0,0.0,24.4,4.0,4.998,0.0,0.0,2.068,2.167,83.3,57.5,0.0,0.0,63.0,R,0.0,62.6,136.4,0.0,0.0,0.0,0.0,336.2,1274.0,336.2,1275.8,336.2,1265.0,336.2,1275.8,0.0,0.0,135.5,2493.0,336.2,273.59999999999997,72.9,1.121111111111111,63321.34599999998,12.796296296296294,136.88,139.87,343.4,True,2026-08-14 08:27:13-07:00
608.06,2,10,2026-08-14 15:37:15,36.95245,-121.46999,1132.0,138.0,139.1,-12.5,-0.03,KCVH,4.6,140.9,0.0,0.0,-1.9,129.1,136.0,1001.0,-0.1,-0.03,1.0,0.0,53.0,17.0,139.0,30.05,1414.0,0.0,0.0,128.0,3500.0,0.0,0.0,129.0,0.0,0.0,5.0,-1.0,-87.0,3.0,0.0,0.0,3.0,0.0,0.0,-96.0,0.0,0.0,0.0,0.0,3.0,1.0,0.0,1200.0,84.0,58.0,2487.0,2487.0,22.2,10.8,0.0,10.8,24.4,0.0,0.0,9.4,0.0,0.0,5.2,37.4,32.5,0.0,0.0,0.0,0.0,169.0,690.0,169.0,690.0,169.0,685.0,169.0,691.0,0.0,0.0,-31.0,0.0,0.0,24.4,4.0,4.998,0.0,0.0,2.147,2.126,83.6,57.6,0.0,0.0,63.0,R,0.0,62.6,136.4,0.0,0.0,0.0,0.0,336.2,1274.0,336.2,1274.0,336.2,1265.0,336.2,1275.8,0.0,0.0,135.68,2487.0,336.2,273.59999999999997,73.08000000000001,1.1241111111111108,63554.27466666665,12.777777777777777,136.48,139.46,343.4,True,2026-08-14 08:27:13-07:00
609.06,2,10,2026-08-14 15:37:16,36.95197,-121.46947,1133.0,138.0,139.2,-12.5,-0.03,KCVH,4.5,140.9,0.0,0.1,-0.7,129.5,135.8,1001.0,-0.1,-0.0,1.1,0.0,40.0,17.0,138.8,30.05,1414.0,0.0,0.0,128.0,3500.0,0.0,0.0,129.0,0.0,0.0,5.0,-1.0,-86.0,3.0,0.0,0.0,0.0,0.0,0.0,-95.0,0.0,0.0,0.0,0.0,3.0,1.0,0.0,1200.0,83.0,58.0,2488.0,2488.0,22.3,10.7,0.0,10.7,24.5,0.0,0.0,9.4,0.0,0.0,5.3,37.4,32.5,0.0,0.0,0.0,0.0,169.0,690.0,169.0,690.0,169.0,685.0,169.0,692.0,0.0,0.0,-31.0,0.0,0.0,24.5,4.0,4.998,0.0,0.0,2.12,2.081,83.4,57.7,0.0,0.0,63.0,R,0.0,62.6,136.4,0.0,0.0,0.0,0.0,336.2,1274.0,336.2,1274.0,336.2,1265.0,336.2,1277.6,0.0,0.0,135.86,2488.0,336.2,273.59999999999997,73.26000000000002,1.127097222222222,63787.03466666665,12.897196261682243,136.28,139.26,343.4,True,2026-08-14 08:27:13-07:00
610.06,2,10,2026-08-14 15:37:17,36.95148,-121.46896,1133.0,138.1,139.3,-12.5,-0.03,KCVH,4.5,141.0,0.0,0.2,-0.6,130.1,134.8,1001.0,1.0,-0.04,0.8,0.0,45.0,17.0,137.8,30.05,1416.0,0.0,0.0,128.0,3500.0,0.0,0.0,129.0,0.0,0.0,5.0,-1.0,-85.0,3.0,0.0,0.0,-3.0,0.0,0.0,-96.0,0.0,0.0,0.0,0.0,3.0,1.0,0.0,1200.0,83.0,58.0,2492.0,2492.0,22.2,10.7,0.0,10.7,24.4,0.0,0.0,9.4,0.0,0.0,5.5,37.4,32.5,0.0,0.0,0.0,0.0,169.0,690.0,169.0,690.0,169.0,685.0,169.0,692.0,0.0,0.0,-31.0,0.0,0.0,24.4,4.0,4.998,0.0,0.0,2.109,2.117,83.3,57.9,0.0,0.0,63.0,R,0.0,62.6,136.4,0.0,0.0,0.0,0.0,336.2,1274.0,336.2,1274.0,336.2,1265.0,336.2,1277.6,0.0,0.0,136.22,2492.0,336.2,273.59999999999997,73.62,1.1300694444444443,64019.87899999998,12.906542056074766,135.28,138.23,343.4,True,2026-08-14 08:27:13-07:00
611.06,2,10,2026-08-14 15:37:18,36.95099,-121.46844,1133.0,138.2,139.7,-12.5,-0.03,KCVH,4.4,141.0,0.0,0.5,-0.9,128.6,134.7,1002.0,-0.6,0.05,0.9,0.0,13.0,17.0,137.6,30.05,1417.0,0.0,0.0,128.0,3500.0,0.0,0.0,129.0,0.0,0.0,5.0,-1.0,-84.0,3.0,0.0,0.0,1.0,0.0,0.0,-97.0,0.0,0.0,0.0,0.0,3.0,1.0,0.0,1200.0,83.0,58.0,2483.0,2483.0,22.2,10.7,0.0,10.7,24.4,0.0,0.0,9.4,0.0,0.0,5.3,37.4,32.5,0.0,0.0,0.0,0.0,169.0,690.0,169.0,689.0,169.0,684.0,169.0,692.0,0.0,0.0,-31.0,0.0,0.0,24.4,4.0,4.998,0.0,0.0,2.112,2.129,83.0,58.1,0.0,0.0,63.0,R,0.0,62.6,136.4,0.0,0.0,0.0,0.0,336.2,1274.0,336.2,1272.2,336.2,1263.2,336.2,1277.6,0.0,0.0,136.57999999999998,2483.0,336.2,273.59999999999997,73.97999999999999,1.1330416666666665,64252.891999999985,12.91588785046729,135.17999999999998,138.14,343.4,True,2026-08-14 08:27:13-07:00
612.06,2,10,2026-08-14 15:37:19,36.9505,-121.46792,1130.0,138.5,139.5,-12.5,-0.03,KCVH,4.4,141.0,0.0,0.2,-1.9,128.6,135.5,1002.0,0.5,-0.08,1.2,0.0,-39.0,17.0,138.5,30.05,1417.0,0.0,0.0,128.0,3500.0,0.0,0.0,129.0,0.0,0.0,5.0,-1.0,-83.0,3.0,0.0,0.0,-2.0,0.0,0.0,-95.0,0.0,0.0,0.0,0.0,3.0,1.0,0.0,1200.0,83.0,58.0,2491.0,2491.0,22.2,10.7,0.0,10.7,24.4,0.0,0.0,9.4,0.0,0.0,5.2,37.4,32.5,0.0,0.0,0.0,0.0,169.0,690.0,169.0,690.0,169.0,685.0,169.0,692.0,0.0,0.0,-31.0,0.0,0.0,24.4,4.0,4.998,0.0,0.0,2.241,2.042,83.5,58.0,0.0,0.0,63.0,R,0.0,62.6,136.4,0.0,0.0,0.0,0.0,336.2,1274.0,336.2,1274.0,336.2,1265.0,336.2,1277.6,0.0,0.0,136.4,2491.0,336.2,273.59999999999997,73.80000000000001,1.1360138888888887,64486.24233333331,12.94392523364486,135.98,138.95,343.4,True,2026-08-14 08:27:13-07:00
613.06,2,10,2026-08-14 15:37:20,36.95002,-121.4674,1126.0,138.9,138.8,-12.5,-0.03,KCVH,4.4,141.0,0.0,0.2,-4.0,128.4,135.6,1002.0,-0.2,-0.03,1.1,0.0,-75.0,17.0,138.6,30.05,1417.0,0.0,0.0,128.0,3500.0,0.0,0.0,129.0,0.0,0.0,5.0,-1.0,-82.0,3.0,0.0,0.0,0.0,0.0,0.0,-95.0,0.0,0.0,0.0,0.0,3.0,1.0,0.0,1200.0,84.0,58.0,2488.0,2488.0,22.3,10.8,0.0,10.8,24.4,0.0,0.0,9.4,0.0,0.0,5.0,37.4,32.5,0.0,0.0,0.0,0.0,169.0,690.0,169.0,690.0,169.0,685.0,169.0,692.0,0.0,0.0,-31.0,0.0,0.0,24.4,4.0,4.998,0.0,0.0,2.147,2.13,83.5,58.0,0.0,0.0,63.0,R,0.0,62.6,136.4,0.0,0.0,0.0,0.0,336.2,1274.0,336.2,1274.0,336.2,1265.0,336.2,1277.6,0.0,0.0,136.4,2488.0,336.2,273.59999999999997,73.80000000000001,1.1389999999999998,64720.18299999998,12.86111111111111,136.07999999999998,139.05,343.4,True,2026-08-14 08:27:13-07:00
614.06,2,10,2026-08-14 15:37:21,36.94953,-121.46687,1122.0,139.3,138.9,-12.5,-0.03,KCVH,4.3,141.0,0.0,0.3,-2.9,126.3,137.1,1002.0,-1.0,0.01,1.0,0.0,-138.0,17.0,140.1,30.05,1426.0,0.0,0.0,128.0,3500.0,0.0,0.0,129.0,0.0,0.0,5.0,-1.0,-82.0,3.0,0.0,0.0,0.0,0.0,0.0,-95.0,0.0,0.0,0.0,0.0,3.0,1.0,0.0,1200.0,83.0,58.0,2505.0,2505.0,22.3,10.8,0.0,10.8,24.4,0.0,0.0,9.4,0.0,0.0,4.8,37.4,32.5,0.0,0.0,0.0,0.0,169.0,690.0,169.0,690.0,168.0,684.0,169.0,692.0,0.0,0.0,-31.0,0.0,0.0,24.4,4.0,4.998,0.0,0.0,2.153,2.126,83.1,58.0,0.0,0.0,63.0,R,0.0,62.6,136.4,0.0,0.0,0.0,0.0,336.2,1274.0,336.2,1274.0,334.4,1263.2,336.2,1277.6,0.0,0.0,136.4,2505.0,335.75,273.15,73.80000000000001,1.142,64954.79833333332,12.898148148148149,137.57999999999998,140.59,343.4,True,2026-08-14 08:27:13-07:00
615.06,2,10,2026-08-14 15:37:22,36.94905,-121.46633,1118.0,139.5,138.4,-12.5,-0.02,KCVH,4.3,141.0,0.0,0.5,-1.2,125.9,136.4,998.0,-0.4,-0.02,0.9,0.0,-189.0,17.0,139.4,30.05,1421.0,0.0,0.0,128.0,3500.0,0.0,0.0,129.0,0.0,0.0,5.0,0.0,-81.0,3.0,0.0,0.0,0.0,0.0,0.0,-95.0,0.0,0.0,0.0,0.0,3.0,1.0,0.0,1200.0,83.0,58.0,2487.0,2487.0,22.2,10.8,0.0,10.8,24.4,0.0,0.0,9.4,0.0,0.0,4.8,37.4,32.5,0.0,0.0,0.0,0.0,169.0,690.0,169.0,690.0,168.0,684.0,169.0,692.0,0.0,0.0,-31.0,0.0,0.0,24.4,4.0,4.998,0.0,0.0,2.227,2.097,83.5,58.2,0.0,0.0,63.0,R,0.0,62.6,136.4,0.0,0.0,0.0,0.0,336.2,1274.0,336.2,1274.0,334.4,1263.2,336.2,1277.6,0.0,0.0,136.76000000000002,2487.0,335.75,273.15,74.16000000000003,1.1449999999999998,65189.91966666665,12.916666666666666,136.88,139.86,343.4,True,2026-08-14 08:27:13-07:00
616.06,2,10,2026-08-14 15:37:23,36.94857,-121.4658,1114.0,139.6,138.1,-12.5,-0.02,KCVH,4.3,141.1,0.0,0.5,-0.4,126.0,137.2,995.0,-0.1,-0.03,1.0,0.0,-173.0,17.0,140.2,30.05,1421.0,0.0,0.0,128.0,3500.0,0.0,0.0,129.0,0.0,0.0,5.0,0.0,-81.0,3.0,0.0,0.0,0.0,0.0,0.0,-95.0,0.0,0.0,0.0,0.0,3.0,0.0,0.0,1200.0,83.0,58.0,2493.0,2493.0,22.3,10.7,0.0,10.7,24.4,0.0,0.0,9.4,0.0,0.0,4.5,37.4,32.5,0.0,0.0,0.0,0.0,169.0,690.0,169.0,690.0,168.0,683.0,169.0,692.0,0.0,0.0,-31.0,0.0,0.0,24.4,4.0,4.998,0.0,0.0,2.162,2.104,83.4,58.4,0.0,0.0,63.0,R,0.0,62.6,136.4,0.0,0.0,0.0,0.0,336.2,1274.0,336.2,1274.0,334.4,1261.4,336.2,1277.6,0.0,0.0,137.12,2493.0,335.75,273.15,74.52000000000001,1.147986111111111,65425.29399999998,13.046728971962617,137.67999999999998,140.67,343.4,True,2026-08-14 08:27:13-07:00
617.06,2,10,2026-08-14 15:37:24,36.94809,-121.46526,1111.0,139.7,138.2,-12.5,-0.02,KCVH,4.2,141.1,0.0,0.7,-0.3,125.9,137.5,991.0,0.1,-0.02,1.0,0.0,-215.0,17.0,140.5,30.05,1421.0,0.0,0.0,128.0,3500.0,0.0,0.0,129.0,0.0,0.0,5.0,0.0,-80.0,3.0,0.0,0.0,0.0,0.0,0.0,-95.0,0.0,0.0,0.0,0.0,3.0,1.0,0.0,1200.0,84.0,58.0,2491.0,2491.0,22.3,10.8,0.0,10.8,24.4,0.0,0.0,9.4,0.0,0.0,4.2,37.4,32.5,0.0,0.0,0.0,0.0,169.0,690.0,169.0,690.0,168.0,683.0,169.0,692.0,0.0,0.0,-31.0,0.0,0.0,24.4,4.0,4.998,0.0,0.0,2.158,2.094,83.5,58.2,0.0,0.0,63.0,R,0.0,62.6,136.4,0.0,0.0,0.0,0.0,336.2,1274.0,336.2,1274.0,334.4,1261.4,336.2,1277.6,0.0,0.0,136.76000000000002,2491.0,335.75,273.15,74.16000000000003,1.150972222222222,65660.83699999998,12.935185185185183,137.98,140.97,343.4,True,2026-08-14 08:27:13-07:00
618.06,2,10,2026-08-14 15:37:25,36.9476,-121.46472,1108.0,139.8,138.3,-12.5,-0.02,KCVH,4.2,141.1,0.0,1.0,-1.5,125.0,136.7,989.0,-0.3,-0.02,1.0,0.0,-176.0,17.0,139.7,30.05,1411.0,0.0,0.0,128.0,3500.0,0.0,0.0,129.0,0.0,0.0,5.0,0.0,-80.0,3.0,0.0,0.0,0.0,0.0,0.0,-95.0,0.0,0.0,0.0,0.0,3.0,0.0,0.0,1200.0,83.0,58.0,2490.0,2490.0,22.3,10.8,0.0,10.8,24.4,0.0,0.0,9.4,0.0,0.0,4.3,37.4,32.5,0.0,0.0,0.0,0.0,169.0,689.0,169.0,690.0,168.0,683.0,169.0,691.0,0.0,0.0,-31.0,0.0,0.0,24.4,4.0,4.998,0.0,0.0,2.206,2.086,83.3,58.3,0.0,0.0,63.0,R,0.0,62.6,136.4,0.0,0.0,0.0,0.0,336.2,1272.2,336.2,1274.0,334.4,1261.4,336.2,1275.8,0.0,0.0,136.94,2490.0,335.75,273.15,74.34,1.153972222222222,65896.54866666665,12.944444444444445,137.17999999999998,140.15,343.4,True,2026-08-14 08:27:13-07:00
619.06,2,10,2026-08-14 15:37:26,36.94712,-121.46419,1106.0,139.9,138.1,-12.5,-0.02,KCVH,4.1,141.1,0.0,1.4,-1.4,124.7,136.0,986.0,-0.1,-0.01,1.0,0.0,-173.0,17.0,138.9,30.05,1411.0,0.0,0.0,128.0,3500.0,0.0,0.0,129.0,0.0,0.0,5.0,0.0,-79.0,3.0,0.0,0.0,0.0,0.0,0.0,-95.0,0.0,0.0,0.0,0.0,3.0,1.0,0.0,1200.0,83.0,58.0,2488.0,2488.0,22.3,10.8,0.0,10.8,24.4,0.0,0.0,9.4,0.0,0.0,4.3,37.4,32.5,0.0,0.0,0.0,0.0,169.0,689.0,169.0,690.0,169.0,684.0,169.0,692.0,0.0,0.0,-31.0,0.0,0.0,24.4,4.0,4.998,0.0,0.0,2.159,2.094,83.3,58.3,0.0,0.0,63.0,R,0.0,62.6,136.4,0.0,0.0,0.0,0.0,336.2,1272.2,336.2,1274.0,336.2,1263.2,336.2,1277.6,0.0,0.0,136.94,2488.0,336.2,273.59999999999997,74.34,1.156972222222222,66132.42899999999,12.953703703703704,136.48,139.42,343.4,True,2026-08-14 08:27:13-07:00
620.06,2,10,2026-08-14 15:37:27,36.94664,-121.46365,1105.0,139.9,138.1,-12.5,-0.01,KCVH,4.1,141.2,0.0,1.3,-1.0,123.9,136.9,984.0,-0.0,-0.03,1.0,0.0,-149.0,17.0,139.9,30.05,1411.0,0.0,0.0,128.0,3500.0,0.0,0.0,129.0,0.0,0.0,5.0,0.0,-78.0,3.0,0.0,0.0,0.0,0.0,0.0,-95.0,0.0,0.0,0.0,0.0,3.0,1.0,0.0,1200.0,84.0,58.0,2492.0,2492.0,22.3,10.7,0.0,10.7,24.4,0.0,0.0,9.4,0.0,0.0,4.5,37.4,32.5,0.0,0.0,0.0,0.0,169.0,689.0,169.0,690.0,169.0,683.0,169.0,692.0,0.0,0.0,-31.0,0.0,0.0,24.4,4.0,4.998,0.0,0.0,2.172,2.084,83.5,58.5,0.0,0.0,63.0,R,0.0,62.6,136.4,0.0,0.0,0.0,0.0,336.2,1272.2,336.2,1274.0,336.2,1261.4,336.2,1277.6,0.0,0.0,137.3,2492.0,336.2,273.59999999999997,74.70000000000002,1.1599583333333332,66368.39366666664,13.074766355140188,137.38,140.34,343.4,True,2026-08-14 08:27:13-07:00
621.06,2,10,2026-08-14 15:37:28,36.94616,-121.4631,1105.0,139.9,137.9,-12.5,-0.01,KCVH,4.1,141.2,0.0,0.7,1.4,124.7,137.3,983.0,0.3,-0.04,1.0,0.0,-114.0,17.0,140.3,30.05,1405.0,0.0,0.0,128.0,3500.0,0.0,0.0,129.0,0.0,0.0,5.0,0.0,-78.0,3.0,0.0,0.0,0.0,0.0,0.0,-95.0,0.0,0.0,0.0,0.0,3.0,0.0,0.0,1200.0,83.0,59.0,2489.0,2489.0,22.3,10.7,0.0,10.7,24.4,0.0,0.0,9.4,0.0,0.0,4.4,37.4,32.5,0.0,0.0,0.0,0.0,169.0,689.0,169.0,690.0,169.0,683.0,169.0,691.0,0.0,0.0,-31.0,0.0,0.0,24.4,4.0,4.998,0.0,0.0,2.148,2.101,83.5,58.8,0.0,0.0,63.0,R,0.0,62.6,138.2,0.0,0.0,0.0,0.0,336.2,1272.2,336.2,1274.0,336.2,1261.4,336.2,1275.8,0.0,0.0,137.83999999999997,2489.0,336.2,273.59999999999997,75.23999999999998,1.1629305555555554,66604.35833333331,13.074766355140188,137.78,140.74,343.4,True,2026-08-14 08:27:13-07:00
622.06,2,10,2026-08-14 15:37:29,36.94567,-121.46256,1104.0,139.9,138.2,-12.5,-0.01,KCVH,4.0,141.2,0.0,0.7,1.7,125.2,137.2,983.0,0.1,-0.02,0.9,0.0,-51.0,17.0,140.1,30.05,1405.0,0.0,0.0,128.0,3500.0,0.0,0.0,129.0,0.0,0.0,5.0,0.0,-77.0,3.0,0.0,0.0,-1.0,0.0,0.0,-95.0,0.0,0.0,0.0,0.0,3.0,0.0,0.0,1200.0,83.0,59.0,2494.0,2494.0,22.3,10.7,0.0,10.7,24.4,0.0,0.0,9.4,0.0,0.0,4.2,37.4,32.5,0.0,0.0,0.0,0.0,169.0,689.0,169.0,690.0,169.0,682.0,169.0,691.0,0.0,0.0,-31.0,0.0,0.0,24.4,4.0,4.998,0.0,0.0,2.109,2.122,83.3,58.6,0.0,0.0,63.0,R,0.0,62.6,138.2,0.0,0.0,0.0,0.0,336.2,1272.2,336.2,1274.0,336.2,1259.6,336.2,1275.8,0.0,0.0,137.48,2494.0,336.2,273.59999999999997,74.88,1.1659027777777775,66840.32299999997,13.074766355140188,137.67999999999998,140.64,343.4,True,2026-08-14 08:27:13-07:00
623.06,2,10,2026-08-14 15:37:30,36.94519,-121.46203,1103.0,139.8,138.6,-12.5,-0.01,KCVH,4.0,141.3,0.0,0.7,1.7,126.1,136.0,982.0,0.5,-0.03,1.2,0.0,-98.0,17.0,139.0,30.05,1405.0,0.0,0.0,128.0,3500.0,0.0,0.0,129.0,0.0,0.0,5.0,0.0,-76.0,3.0,0.0,0.0,-2.0,0.0,0.0,-95.0,0.0,0.0,0.0,0.0,3.0,1.0,0.0,1200.0,83.0,59.0,2483.0,2483.0,22.3,10.7,0.0,10.7,24.4,0.0,0.0,9.4,0.0,0.0,4.2,37.4,32.5,0.0,0.0,0.0,0.0,169.0,689.0,169.0,690.0,168.0,682.0,169.0,692.0,0.0,0.0,-31.0,0.0,0.0,24.4,4.0,4.998,0.0,0.0,2.113,2.124,83.5,58.7,0.0,0.0,63.0,R,0.0,62.6,138.2,0.0,0.0,0.0,0.0,336.2,1272.2,336.2,1274.0,334.4,1259.6,336.2,1277.6,0.0,0.0,137.66000000000003,2483.0,335.75,273.15,75.06000000000003,1.1688749999999999,67076.20333333331,13.065420560747665,136.48,139.41,343.4,True,2026-08-14 08:27:13-07:00
624.06,2,10,2026-08-14 15:37:31,36.9447,-121.46149,1104.0,139.8,138.9,-12.5,-0.01,KCVH,3.9,141.3,0.0,1.0,0.2,126.3,135.9,981.0,0.5,-0.04,1.1,0.0,-72.0,17.0,138.8,30.05,1401.0,0.0,0.0,128.0,3500.0,0.0,0.0,129.0,0.0,0.0,5.0,0.0,-76.0,3.0,0.0,0.0,-1.0,0.0,0.0,-95.0,0.0,0.0,0.0,0.0,3.0,1.0,0.0,1200.0,83.0,59.0,2486.0,2486.0,22.3,10.7,0.0,10.7,24.4,0.0,0.0,9.4,0.0,0.0,4.3,37.4,32.5,0.0,0.0,0.0,0.0,169.0,689.0,169.0,690.0,168.0,682.0,169.0,692.0,0.0,0.0,-31.0,0.0,0.0,24.4,4.0,4.998,0.0,0.0,2.112,2.124,83.2,58.7,0.0,0.0,63.0,R,0.0,62.6,138.2,0.0,0.0,0.0,0.0,336.2,1272.2,336.2,1274.0,334.4,1259.6,336.2,1277.6,0.0,0.0,137.66000000000003,2486.0,335.75,273.15,75.06000000000003,1.171847222222222,67311.99933333331,13.065420560747665,136.38,139.31,343.4,True,2026-08-14 08:27:13-07:00
625.06,2,10,2026-08-14 15:37:32,36.94421,-121.46097,1104.0,139.8,138.9,-12.5,-0.0,KCVH,3.9,141.3,0.0,1.1,-0.6,126.2,136.8,981.0,0.1,-0.03,1.1,0.0,-10.0,17.0,139.8,30.05,1401.0,0.0,0.0,128.0,3500.0,0.0,0.0,129.0,0.0,0.0,5.0,0.0,-75.0,3.0,0.0,0.0,-1.0,0.0,0.0,-95.0,0.0,0.0,0.0,0.0,3.0,1.0,0.0,1200.0,83.0,59.0,2495.0,2495.0,22.3,10.7,0.0,10.7,24.4,0.0,0.0,9.4,0.0,0.0,4.5,37.4,32.5,0.0,0.0,0.0,0.0,169.0,689.0,169.0,690.0,168.0,682.0,169.0,692.0,0.0,0.0,-31.0,0.0,0.0,24.4,4.0,4.998,0.0,0.0,2.115,2.158,83.4,58.9,0.0,0.0,63.0,R,0.0,62.6,138.2,0.0,0.0,0.0,0.0,336.2,1272.2,336.2,1274.0,334.4,1259.6,336.2,1277.6,0.0,0.0,138.02,2495.0,335.75,273.15,75.42000000000002,1.1748194444444442,67547.79533333331,13.065420560747665,137.28,140.23,343.4,True,2026-08-14 08:27:13-07:00
626.06,2,10,2026-08-14 15:37:33,36.94372,-121.46044,1105.0,139.6,139.2,-12.5,-0.0,KCVH,3.9,141.3,0.0,1.1,-2.6,125.8,136.5,981.0,-0.5,-0.02,1.0,0.0,-15.0,17.0,139.4,30.05,1401.0,0.0,0.0,128.0,3500.0,0.0,0.0,129.0,0.0,0.0,5.0,0.0,-74.0,3.0,0.0,0.0,-1.0,0.0,0.0,-95.0,0.0,0.0,0.0,0.0,3.0,1.0,0.0,1200.0,83.0,59.0,2490.0,2490.0,22.3,10.7,0.0,10.7,24.4,0.0,0.0,9.4,0.0,0.0,5.8,37.4,32.5,0.0,0.0,0.0,0.0,169.0,689.0,169.0,690.0,168.0,682.0,169.0,692.0,0.0,0.0,-31.0,0.0,0.0,24.4,4.0,4.998,0.0,0.0,2.158,2.168,83.3,59.3,0.0,0.0,63.0,R,0.0,62.6,138.2,0.0,0.0,0.0,0.0,336.2,1272.2,336.2,1274.0,334.4,1259.6,336.2,1277.6,0.0,0.0,138.73999999999998,2490.0,335.75,273.15,76.13999999999999,1.1777916666666666,67783.42266666665,13.046728971962617,136.98,139.92,343.4,True,2026-08-14 08:27:13-07:00
627.06,2,10,2026-08-14 15:37:34,36.94323,-121.45992,1103.0,139.5,139.0,-12.5,-0.0,KCVH,3.8,141.4,0.0,0.9,-2.6,126.7,135.7,981.0,-0.1,-0.03,1.0,0.0,-23.0,17.0,138.7,30.05,1401.0,0.0,0.0,128.0,3500.0,0.0,0.0,129.0,0.0,0.0,5.0,0.0,-73.0,3.0,0.0,0.0,-1.0,0.0,0.0,-95.0,0.0,0.0,0.0,0.0,3.0,0.0,0.0,1200.0,83.0,59.0,2489.0,2489.0,22.3,10.7,0.0,10.7,24.4,0.0,0.0,9.4,0.0,0.0,6.5,37.4,32.5,0.0,0.0,0.0,0.0,169.0,689.0,169.0,690.0,168.0,683.0,169.0,692.0,0.0,0.0,-31.0,0.0,0.0,24.4,4.0,4.998,0.0,0.0,2.158,2.083,83.1,59.3,0.0,0.0,63.0,R,0.0,62.6,138.2,0.0,0.0,0.0,0.0,336.2,1272.2,336.2,1274.0,334.4,1261.4,336.2,1277.6,0.0,0.0,138.73999999999998,2489.0,335.75,273.15,76.13999999999999,1.1807638888888887,68018.79699999998,13.037383177570094,136.17999999999998,139.1,343.4,True,2026-08-14 08:27:13-07:00
628.06,2,10,2026-08-14 15:37:35,36.94274,-121.45938,1104.0,139.6,139.0,-12.5,0.0,KCVH,3.8,141.4,0.0,0.5,-1.5,126.9,137.0,980.0,0.2,-0.02,0.9,0.0,-20.0,17.0,140.0,30.05,1401.0,0.0,0.0,128.0,3500.0,0.0,0.0,129.0,0.0,0.0,5.0,0.0,-72.0,3.0,0.0,0.0,-1.0,0.0,0.0,-95.0,0.0,0.0,0.0,0.0,3.0,1.0,0.0,1200.0,83.0,60.0,2493.0,2493.0,22.3,10.7,0.0,10.7,24.2,0.0,0.0,9.4,0.0,0.0,7.0,37.4,32.5,0.0,0.0,0.0,0.0,169.0,689.0,169.0,690.0,168.0,682.0,169.0,691.0,0.0,0.0,-31.0,0.0,0.0,24.2,4.0,4.998,0.0,0.0,2.158,2.106,83.4,59.5,0.0,0.0,63.0,R,0.0,62.6,140.0,0.0,0.0,0.0,0.0,336.2,1272.2,336.2,1274.0,334.4,1259.6,336.2,1275.8,0.0,0.0,139.1,2493.0,335.75,273.15,76.5,1.1837361111111109,68254.17133333332,13.046728971962617,137.48,140.43,343.4,True,2026-08-14 08:27:13-07:00
629.06,2,10,2026-08-14 15:37:36,36.94225,-121.45885,1102.0,139.8,139.0,-12.5,0.0,KCVH,3.7,141.4,0.0,0.0,-2.7,126.7,136.5,980.0,-0.1,-0.01,0.9,0.0,-33.0,17.0,139.5,30.05,1401.0,0.0,0.0,128.0,3500.0,0.0,0.0,129.0,0.0,0.0,5.0,0.0,-72.0,3.0,0.0,0.0,-1.0,0.0,0.0,-95.0,0.0,0.0,0.0,0.0,3.0,1.0,0.0,1200.0,83.0,60.0,2487.0,2487.0,22.3,10.7,0.0,10.7,24.4,0.0,0.0,9.4,0.0,0.0,7.4,37.4,32.5,0.0,0.0,0.0,0.0,169.0,689.0,169.0,691.0,168.0,683.0,169.0,691.0,0.0,0.0,-31.0,0.0,0.0,24.4,4.0,4.998,0.0,0.0,2.153,2.09,83.3,59.7,0.0,0.0,63.0,R,0.0,62.6,140.0,0.0,0.0,0.0,0.0,336.2,1272.2,336.2,1275.8,334.4,1261.4,336.2,1275.8,0.0,0.0,139.46,2487.0,335.75,273.15,76.86000000000001,1.186708333333333,68489.79866666665,13.065420560747665,136.98,139.92,343.4,True,2026-08-14 08:27:13-07:00
630.06,2,10,2026-08-14 15:37:37,36.94176,-121.45832,1099.0,140.1,138.9,-12.5,0.0,KCVH,3.7,141.4,0.0,0.0,-1.7,126.4,136.5,979.0,-0.1,-0.02,1.0,0.0,-85.0,17.0,139.4,30.05,1398.0,0.0,0.0,128.0,3500.0,0.0,0.0,129.0,0.0,0.0,5.0,0.0,-71.0,3.0,0.0,0.0,0.0,0.0,0.0,-95.0,0.0,0.0,0.0,0.0,3.0,1.0,0.0,1200.0,83.0,60.0,2492.0,2492.0,22.3,10.8,0.0,10.8,24.4,0.0,0.0,9.4,0.0,0.0,6.3,37.4,32.5,0.0,0.0,0.0,0.0,169.0,689.0,169.0,691.0,168.0,683.0,169.0,691.0,0.0,0.0,-31.0,0.0,0.0,24.4,4.0,4.998,0.0,0.0,2.158,2.081,83.3,59.9,0.0,0.0,63.0,R,0.0,62.6,140.0,0.0,0.0,0.0,0.0,336.2,1272.2,336.2,1275.8,334.4,1261.4,336.2,1275.8,0.0,0.0,139.82,2492.0,335.75,273.15,77.22,1.1896944444444442,68725.84766666665,12.972222222222221,136.98,139.92,343.4,True,2026-08-14 08:27:13-07:00
631.06,2,10,2026-08-14 15:37:38,36.94128,-121.45779,1094.0,140.4,138.9,-12.5,0.01,KCVH,3.7,141.5,0.0,-0.1,1.1,126.3,136.9,974.0,0.1,-0.03,1.0,0.0,-141.0,17.0,139.8,30.05,1398.0,0.0,0.0,128.0,3500.0,0.0,0.0,129.0,0.0,0.0,5.0,0.0,-70.0,3.0,0.0,0.0,0.0,0.0,0.0,-95.0,0.0,0.0,0.0,0.0,3.0,0.0,0.0,1200.0,83.0,60.0,2490.0,2490.0,22.3,10.8,0.0,10.8,24.4,0.0,0.0,9.3,0.0,0.0,5.6,37.4,32.5,0.0,0.0,0.0,0.0,169.0,689.0,169.0,690.0,168.0,683.0,169.0,691.0,0.0,0.0,-31.0,0.0,0.0,24.4,4.0,4.998,0.0,0.0,2.151,2.092,83.2,60.2,0.0,0.0,63.0,R,0.0,62.6,140.0,0.0,0.0,0.0,0.0,336.2,1272.2,336.2,1274.0,334.4,1261.4,336.2,1275.8,0.0,0.0,140.36,2490.0,335.75,273.15,77.76000000000002,1.1926944444444443,68962.40266666665,13.0,137.38,140.31,343.4,True,2026-08-14 08:27:13-07:00
632.06,2,10,2026-08-14 15:37:39,36.94078,-121.45726,1088.0,140.8,139.0,-12.5,0.01,KCVH,3.6,141.5,0.0,-0.3,1.5,127.0,136.6,970.0,0.4,-0.02,0.9,0.0,-196.0,17.0,139.5,30.05,1397.0,0.0,0.0,128.0,3500.0,0.0,0.0,129.0,0.0,0.0,5.0,0.0,-70.0,3.0,0.0,0.0,-2.0,0.0,0.0,-95.0,0.0,0.0,0.0,0.0,3.0,0.0,0.0,1200.0,83.0,60.0,2488.0,2488.0,22.3,10.8,0.0,10.8,24.4,0.0,0.0,9.3,0.0,0.0,4.9,37.4,32.5,0.0,0.0,0.0,0.0,169.0,689.0,169.0,690.0,168.0,683.0,168.0,691.0,0.0,0.0,-31.0,0.0,0.0,24.4,4.0,4.998,0.0,0.0,2.123,2.118,83.0,60.3,0.0,0.0,63.0,R,0.0,62.6,140.0,0.0,0.0,0.0,0.0,336.2,1272.2,336.2,1274.0,334.4,1261.4,334.4,1275.8,0.0,0.0,140.54,2488.0,335.3,272.7,77.94,1.1956944444444442,69199.54799999998,13.037037037037038,137.07999999999998,140.0,343.4,True,2026-08-14 08:27:13-07:00
633.06,2,10,2026-08-14 15:37:40,36.94029,-121.45673,1082.0,141.1,139.4,-12.5,0.01,KCVH,3.6,141.5,0.0,-0.4,-1.0,126.3,137.6,965.0,0.1,-0.04,1.0,0.0,-247.0,17.0,140.5,30.05,1390.0,0.0,0.0,128.0,3500.0,0.0,0.0,129.0,0.0,0.0,5.0,0.0,-70.0,3.0,0.0,0.0,-1.0,0.0,0.0,-95.0,0.0,0.0,0.0,0.0,3.0,0.0,0.0,1200.0,83.0,60.0,2492.0,2492.0,22.3,10.8,0.0,10.8,24.4,0.0,0.0,9.3,0.0,0.0,4.6,37.4,32.5,0.0,0.0,0.0,0.0,169.0,689.0,169.0,691.0,168.0,683.0,168.0,691.0,0.0,0.0,-31.0,0.0,0.0,24.4,4.0,4.998,0.0,0.0,2.157,2.125,83.2,60.4,0.0,0.0,63.0,R,0.0,62.6,140.0,0.0,0.0,0.0,0.0,336.2,1272.2,336.2,1275.8,334.4,1261.4,334.4,1275.8,0.0,0.0,140.72,2492.0,335.3,272.7,78.12,1.1986944444444443,69437.28366666666,13.064814814814813,138.07999999999998,141.0,343.4,True,2026-08-14 08:27:13-07:00
634.06,2,10,2026-08-14 15:37:41,36.93979,-121.45619,1074.0,141.4,139.1,-12.5,0.01,KCVH,3.6,141.5,0.0,-0.6,1.4,127.7,138.1,959.0,0.8,-0.05,1.0,0.0,-296.0,17.0,141.0,30.05,1384.0,0.0,0.0,128.0,3500.0,0.0,0.0,129.0,0.0,0.0,5.0,0.0,-69.0,3.0,0.0,0.0,-1.0,0.0,0.0,-95.0,0.0,0.0,0.0,0.0,3.0,1.0,0.0,1200.0,83.0,60.0,2489.0,2489.0,22.3,10.8,0.0,10.8,24.4,0.0,0.0,9.3,0.0,0.0,4.6,37.4,32.5,0.0,0.0,0.0,0.0,169.0,689.0,169.0,690.0,168.0,683.0,168.0,691.0,0.0,0.0,-31.0,0.0,0.0,24.4,4.0,4.998,0.0,0.0,2.158,2.167,83.2,60.5,0.0,0.0,63.0,R,0.0,62.6,140.0,0.0,0.0,0.0,0.0,336.2,1272.2,336.2,1274.0,334.4,1261.4,334.4,1275.8,0.0,0.0,140.9,2489.0,335.3,272.7,78.30000000000001,1.2016944444444442,69675.52533333331,13.092592592592592,138.57999999999998,141.5,343.4,True,2026-08-14 08:27:13-07:00
635.06,2,10,2026-08-14 15:37:42,36.93929,-121.45566,1067.0,141.8,139.4,-12.5,0.01,KCVH,3.5,141.6,0.0,-0.6,-0.5,127.3,137.7,950.0,0.3,-0.03,1.0,0.0,-401.0,17.0,140.6,30.05,1372.0,0.0,0.0,128.0,3500.0,0.0,0.0,129.0,0.0,0.0,5.0,0.0,-69.0,3.0,0.0,0.0,-1.0,0.0,0.0,-95.0,0.0,0.0,0.0,0.0,3.0,1.0,0.0,1200.0,83.0,61.0,2488.0,2488.0,22.3,10.8,0.0,10.8,24.4,0.0,0.0,9.3,0.0,0.0,4.6,37.4,32.5,0.0,0.0,0.0,0.0,169.0,689.0,169.0,690.0,168.0,683.0,168.0,691.0,0.0,0.0,-31.0,0.0,0.0,24.4,4.0,4.998,0.0,0.0,2.075,2.217,83.1,60.6,0.0,0.0,63.0,R,0.0,62.6,141.8,0.0,0.0,0.0,0.0,336.2,1272.2,336.2,1274.0,334.4,1261.4,334.4,1275.8,0.0,0.0,141.07999999999998,2488.0,335.3,272.7,78.47999999999999,1.2046944444444443,69914.35733333332,13.12962962962963,138.17999999999998,141.07,343.4,True,2026-08-14 08:27:13-07:00
636.06,2,10,2026-08-14 15:37:43,36.93879,-121.45512,1059.0,142.2,139.3,-12.5,0.01,KCVH,3.5,141.6,0.0,-0.4,-1.1,127.1,137.5,944.0,0.2,-0.03,1.0,0.0,-386.0,17.0,140.4,30.05,1367.0,0.0,0.0,128.0,3500.0,0.0,0.0,129.0,0.0,0.0,5.0,0.0,-69.0,3.0,0.0,0.0,-1.0,0.0,0.0,-95.0,0.0,0.0,0.0,0.0,3.0,1.0,0.0,1200.0,83.0,61.0,2491.0,2491.0,22.3,10.8,0.0,10.8,24.4,0.0,0.0,9.3,0.0,0.0,4.5,37.4,32.5,0.0,0.0,0.0,0.0,169.0,689.0,169.0,690.0,168.0,684.0,168.0,692.0,0.0,0.0,-31.0,0.0,0.0,24.4,4.0,4.998,0.0,0.0,2.12,2.175,83.1,60.9,0.0,0.0,63.0,R,0.0,62.6,141.8,0.0,0.0,0.0,0.0,336.2,1272.2,336.2,1274.0,334.4,1263.2,334.4,1277.6,0.0,0.0,141.62,2491.0,335.3,272.7,79.02000000000001,1.2076944444444442,70153.86399999999,13.166666666666664,137.98,140.85,343.4,True,2026-08-14 08:27:13-07:00
637.06,2,10,2026-08-14 15:37:44,36.93829,-121.45459,1052.0,142.6,139.3,-12.5,0.01,KCVH,3.4,141.6,0.0,0.0,-2.8,126.4,137.3,935.0,-0.3,-0.02,1.1,0.0,-445.0,17.0,140.2,30.05,1357.0,0.0,0.0,128.0,3500.0,0.0,0.0,129.0,0.0,0.0,5.0,0.0,-69.0,3.0,0.0,0.0,-1.0,0.0,0.0,-95.0,0.0,0.0,0.0,0.0,3.0,0.0,0.0,1200.0,83.0,61.0,2487.0,2487.0,22.3,10.8,0.0,10.8,24.4,0.0,0.0,9.3,0.0,0.0,4.2,37.4,32.5,0.0,0.0,0.0,0.0,169.0,689.0,169.0,690.0,168.0,684.0,168.0,692.0,0.0,0.0,-31.0,0.0,0.0,24.4,4.0,4.998,0.0,0.0,2.17,2.164,83.0,61.0,0.0,0.0,63.0,R,0.0,62.6,141.8,0.0,0.0,0.0,0.0,336.2,1272.2,336.2,1274.0,334.4,1263.2,334.4,1277.6,0.0,0.0,141.8,2487.0,335.3,272.7,79.20000000000002,1.2106944444444443,70394.04533333331,13.203703703703702,137.78,140.62,343.4,True,2026-08-14 08:27:13-07:00
638.06,2,10,2026-08-14 15:37:45,36.93779,-121.45405,1046.0,143.0,139.0,-12.5,0.02,KCVH,3.4,141.6,0.0,0.3,-3.4,126.1,137.9,930.0,-0.3,-0.01,1.1,0.0,-380.0,17.0,140.8,30.05,1354.0,0.0,0.0,128.0,3500.0,0.0,0.0,129.0,0.0,0.0,5.0,0.0,-69.0,3.0,0.0,0.0,-1.0,0.0,0.0,-95.0,0.0,0.0,0.0,0.0,3.0,1.0,0.0,1200.0,83.0,61.0,2491.0,2491.0,22.3,10.8,0.0,10.8,24.4,0.0,0.0,9.3,0.0,0.0,4.2,37.4,32.5,0.0,0.0,0.0,0.0,169.0,689.0,169.0,690.0,168.0,683.0,168.0,691.0,0.0,0.0,-31.0,0.0,0.0,24.4,4.0,4.998,0.0,0.0,2.164,2.124,83.3,61.0,0.0,0.0,63.0,R,0.0,62.6,141.8,0.0,0.0,0.0,0.0,336.2,1272.2,336.2,1274.0,334.4,1261.4,334.4,1275.8,0.0,0.0,141.8,2491.0,335.3,272.7,79.20000000000002,1.2136944444444442,70634.90133333331,13.24074074074074,138.38,141.22,343.4,True,2026-08-14 08:27:13-07:00
639.06,2,10,2026-08-14 15:37:46,36.93729,-121.45351,1040.0,143.4,138.7,-12.5,0.02,KCVH,3.4,141.7,0.0,0.4,-4.1,125.3,138.4,924.0,-0.5,-0.02,1.0,0.0,-375.0,17.0,141.3,30.05,1351.0,0.0,0.0,128.0,3500.0,0.0,0.0,129.0,0.0,0.0,5.0,0.0,-69.0,3.0,0.0,0.0,1.0,0.0,0.0,-95.0,0.0,0.0,0.0,0.0,3.0,1.0,0.0,1200.0,83.0,61.0,2496.0,2496.0,22.3,10.8,0.0,10.8,24.4,0.0,0.0,9.3,0.0,0.0,4.2,37.4,32.5,0.0,0.0,0.0,0.0,169.0,689.0,169.0,690.0,168.0,684.0,168.0,692.0,0.0,0.0,-31.0,0.0,0.0,24.4,4.0,4.998,0.0,0.0,2.211,2.064,83.1,61.1,0.0,0.0,63.0,R,0.0,62.6,141.8,0.0,0.0,0.0,0.0,336.2,1272.2,336.2,1274.0,334.4,1263.2,334.4,1277.6,0.0,0.0,141.98,2496.0,335.3,272.7,79.38,1.2166944444444443,70876.43199999999,13.277777777777777,138.88,141.71,343.4,True,2026-08-14 08:27:13-07:00
640.06,2,10,2026-08-14 15:37:47,36.9368,-121.45296,1036.0,143.6,138.3,-12.5,0.02,KCVH,3.3,141.7,0.0,0.4,0.7,125.8,138.6,917.0,-0.1,-0.03,0.9,0.0,-404.0,17.0,141.5,30.05,1342.0,0.0,0.0,128.0,3500.0,0.0,0.0,129.0,0.0,0.0,5.0,0.0,-69.0,3.0,0.0,0.0,1.0,0.0,0.0,-95.0,0.0,0.0,0.0,0.0,3.0,1.0,0.0,1200.0,83.0,61.0,2491.0,2491.0,22.3,10.8,0.0,10.8,24.4,0.0,0.0,9.3,0.0,0.0,4.4,37.4,32.5,0.0,0.0,0.0,0.0,169.0,689.0,169.0,689.0,168.0,684.0,168.0,692.0,0.0,0.0,-31.0,0.0,0.0,24.4,4.0,4.998,0.0,0.0,2.249,2.062,83.2,61.2,0.0,0.0,63.0,R,0.0,62.6,141.8,0.0,0.0,0.0,0.0,336.2,1272.2,336.2,1272.2,334.4,1263.2,334.4,1277.6,0.0,0.0,142.16000000000003,2491.0,335.3,272.7,79.56000000000003,1.2196944444444442,71118.46866666665,13.296296296296294,139.07999999999998,141.9,343.4,True,2026-08-14 08:27:13-07:00
641.06,2,10,2026-08-14 15:37:48,36.9363,-121.45241,1031.0,143.7,138.5,-12.5,0.02,KCVH,3.3,141.8,0.0,0.5,1.8,126.0,138.5,912.0,-0.0,-0.01,0.9,0.0,-361.0,17.0,141.4,30.05,1336.0,0.0,0.0,128.0,3500.0,0.0,0.0,129.0,0.0,0.0,5.0,0.0,-68.0,3.0,0.0,0.0,1.0,0.0,0.0,-95.0,0.0,0.0,0.0,0.0,3.0,1.0,0.0,1200.0,83.0,61.0,2489.0,2489.0,22.3,10.8,0.0,10.8,24.4,0.0,0.0,9.3,0.0,0.0,4.4,37.4,32.5,0.0,0.0,0.0,0.0,169.0,689.0,169.0,690.0,168.0,684.0,168.0,692.0,0.0,0.0,-31.0,0.0,0.0,24.4,4.0,4.998,0.0,0.0,2.157,2.128,83.2,61.4,0.0,0.0,63.0,R,0.0,62.6,141.8,0.0,0.0,0.0,0.0,336.2,1272.2,336.2,1274.0,334.4,1263.2,334.4,1277.6,0.0,0.0,142.52,2489.0,335.3,272.7,79.92000000000002,1.2226944444444443,71360.75833333332,13.305555555555554,138.98,141.79,343.4,True,2026-08-14 08:27:13-07:00
642.06,2,10,2026-08-14 15:37:49,36.9358,-121.45186,1028.0,143.6,139.0,-12.5,0.02,KCVH,3.2,141.8,0.0,0.7,3.5,126.6,137.7,910.0,0.4,-0.01,1.0,0.0,-282.0,17.0,140.5,30.05,1333.0,0.0,0.0,128.0,3500.0,0.0,0.0,129.0,0.0,0.0,5.0,0.0,-68.0,3.0,0.0,0.0,0.0,0.0,0.0,-95.0,0.0,0.0,0.0,0.0,3.0,1.0,0.0,1200.0,83.0,62.0,2490.0,2490.0,22.3,10.8,0.0,10.8,24.4,0.0,0.0,9.3,0.0,0.0,4.2,37.4,32.5,0.0,0.0,0.0,0.0,169.0,690.0,169.0,690.0,168.0,684.0,169.0,692.0,0.0,0.0,-31.0,0.0,0.0,24.4,4.0,4.998,0.0,0.0,2.158,2.128,83.1,61.5,0.0,0.0,63.0,R,0.0,62.6,143.6,0.0,0.0,0.0,0.0,336.2,1274.0,336.2,1274.0,334.4,1263.2,336.2,1277.6,0.0,0.0,142.7,2490.0,335.75,273.15,80.1,1.2256944444444442,71603.04799999998,13.296296296296294,138.17999999999998,140.96,343.4,True,2026-08-14 08:27:13-07:00
643.06,2,10,2026-08-14 15:37:50,36.9353,-121.45132,1025.0,143.6,139.4,-12.5,0.02,KCVH,3.2,141.8,0.0,0.9,2.1,127.2,137.6,905.0,0.5,-0.03,1.0,0.0,-290.0,17.0,140.4,30.05,1327.0,0.0,0.0,128.0,3500.0,0.0,0.0,129.0,0.0,0.0,5.0,0.0,-67.0,3.0,0.0,0.0,-2.0,0.0,0.0,-95.0,0.0,0.0,0.0,0.0,3.0,1.0,0.0,1200.0,83.0,61.0,2493.0,2493.0,22.3,10.7,0.0,10.7,24.4,0.0,0.0,9.3,0.0,0.0,4.1,37.4,32.5,0.0,0.0,0.0,0.0,169.0,690.0,169.0,690.0,168.0,684.0,169.0,692.0,0.0,0.0,-31.0,0.0,0.0,24.4,4.0,4.998,0.0,0.0,2.161,2.103,83.0,61.5,0.0,0.0,63.0,R,0.0,62.6,141.8,0.0,0.0,0.0,0.0,336.2,1274.0,336.2,1274.0,334.4,1263.2,336.2,1277.6,0.0,0.0,142.7,2493.0,335.75,273.15,80.1,1.2286805555555553,71845.25333333331,13.420560747663552,138.07999999999998,140.85,343.4,True,2026-08-14 08:27:13-07:00
644.06,2,10,2026-08-14 15:37:51,36.93479,-121.45078,1022.0,143.6,139.8,-12.5,0.03,KCVH,3.2,141.9,0.0,1.0,1.7,127.9,137.2,901.0,0.6,-0.03,1.0,0.0,-258.0,17.0,140.0,30.05,1322.0,0.0,0.0,128.0,3500.0,0.0,0.0,129.0,0.0,0.0,5.0,1.0,-67.0,3.0,0.0,0.0,-2.0,0.0,0.0,-95.0,0.0,0.0,0.0,0.0,3.0,1.0,0.0,1200.0,83.0,62.0,2469.0,2469.0,22.1,10.7,0.0,10.7,24.4,0.0,0.0,9.3,0.0,0.0,4.2,37.5,32.5,0.0,0.0,0.0,0.0,169.0,690.0,169.0,689.0,168.0,684.0,169.0,692.0,0.0,0.0,-31.0,0.0,0.0,24.4,4.0,4.998,0.0,0.0,2.158,2.109,83.1,61.6,0.0,0.0,63.0,R,0.0,62.6,143.6,0.0,0.0,0.0,0.0,336.2,1274.0,336.2,1272.2,334.4,1263.2,336.2,1277.6,0.0,0.0,142.88,2469.0,335.75,273.15,80.28,1.2316527777777775,72087.45866666664,13.420560747663552,137.67999999999998,140.43,343.4,True,2026-08-14 08:27:13-07:00
645.06,2,10,2026-08-14 15:37:52,36.93428,-121.45025,1019.0,143.1,140.1,-12.5,0.03,KCVH,3.1,141.9,0.0,1.1,0.4,128.2,136.7,901.0,0.3,-0.02,1.0,0.0,-158.0,17.0,139.5,30.05,1322.0,0.0,0.0,128.0,3500.0,0.0,0.0,129.0,0.0,0.0,5.0,1.0,-66.0,3.0,0.0,0.0,-1.0,0.0,0.0,-95.0,0.0,0.0,0.0,0.0,3.0,1.0,0.0,1200.0,83.0,62.0,2486.0,2486.0,20.9,10.5,0.0,10.5,24.5,0.0,0.0,9.3,0.0,0.0,4.3,37.5,32.5,0.0,0.0,0.0,0.0,169.0,689.0,169.0,688.0,168.0,684.0,168.0,691.0,0.0,0.0,-31.0,0.0,0.0,24.5,4.0,4.998,0.0,0.0,2.168,2.142,83.2,61.7,0.0,0.0,59.0,R,0.0,62.6,143.6,0.0,0.0,0.0,0.0,336.2,1272.2,336.2,1270.4,334.4,1263.2,334.4,1275.8,0.0,0.0,143.06,2486.0,335.3,272.7,80.46000000000001,1.2345972222222221,72329.24233333331,13.628571428571428,137.17999999999998,139.92,343.4,True,2026-08-14 08:27:13-07:00
646.06,2,10,2026-08-14 15:37:53,36.93377,-121.44972,1018.0,142.7,140.4,-12.5,0.03,KCVH,3.1,141.9,0.0,1.1,0.2,128.3,136.6,901.0,0.3,-0.03,1.0,0.0,-118.0,17.0,139.4,30.05,1322.0,0.0,0.0,128.0,3500.0,0.0,0.0,129.0,0.0,0.0,5.0,1.0,-65.0,3.0,0.0,0.0,-1.0,0.0,0.0,-95.0,0.0,0.0,0.0,0.0,3.0,1.0,0.0,1200.0,83.0,62.0,2478.0,2478.0,20.0,10.3,0.0,10.3,24.6,0.0,0.0,9.3,0.0,0.0,4.4,37.5,32.5,0.0,0.0,0.0,0.0,169.0,687.0,169.0,687.0,168.0,684.0,168.0,691.0,0.0,0.0,-31.0,0.0,0.0,24.6,4.0,4.998,0.0,0.0,2.208,2.18,83.2,61.8,0.0,0.0,56.0,R,0.0,62.6,143.6,0.0,0.0,0.0,0.0,336.2,1268.6,336.2,1268.6,334.4,1263.2,334.4,1275.8,0.0,0.0,143.23999999999998,2478.0,335.3,272.7,80.63999999999999,1.2374861111111108,72570.26699999998,13.854368932038833,137.07999999999998,139.82,343.4,True,2026-08-14 08:27:13-07:00
647.06,2,10,2026-08-14 15:37:54,36.93326,-121.4492,1017.0,142.0,140.4,-12.5,0.03,KCVH,3.0,141.9,0.0,0.9,1.0,129.1,135.3,897.0,0.5,-0.04,1.0,0.0,-155.0,17.0,138.0,30.05,1318.0,0.0,0.0,128.0,3500.0,0.0,0.0,129.0,0.0,0.0,5.0,1.0,-65.0,3.0,0.0,0.0,-1.0,0.0,0.0,-95.0,0.0,0.0,0.0,0.0,3.0,1.0,0.0,1200.0,83.0,62.0,2480.0,2480.0,19.4,10.1,0.0,10.1,24.6,0.0,0.0,9.3,0.0,0.0,4.2,37.5,32.5,0.0,0.0,0.0,0.0,169.0,685.0,169.0,686.0,168.0,683.0,168.0,691.0,0.0,0.0,-31.0,0.0,0.0,24.6,4.0,4.998,0.0,0.0,2.208,2.164,83.2,62.0,0.0,0.0,52.0,R,0.0,62.6,143.6,0.0,0.0,0.0,0.0,336.2,1265.0,336.2,1266.8,334.4,1261.4,334.4,1275.8,0.0,0.0,143.6,2480.0,335.3,272.7,81.0,1.2403194444444443,72810.36399999999,14.05940594059406,135.78,138.48,343.4,True,2026-08-14 08:27:13-07:00
648.06,2,10,2026-08-14 15:37:55,36.93275,-121.44868,1015.0,141.4,140.6,-12.5,0.03,KCVH,3.0,141.9,0.0,0.8,-1.3,128.8,134.6,896.0,0.1,-0.04,1.0,0.0,-131.0,17.0,137.4,30.05,1316.0,0.0,0.0,128.0,3500.0,0.0,0.0,129.0,0.0,0.0,5.0,1.0,-64.0,3.0,0.0,0.0,-1.0,0.0,0.0,-95.0,0.0,0.0,0.0,0.0,3.0,0.0,0.0,1200.0,83.0,62.0,2483.0,2483.0,19.3,9.9,0.0,9.9,24.6,0.0,0.0,9.3,0.0,0.0,4.1,37.5,32.5,0.0,0.0,0.0,0.0,169.0,683.0,169.0,686.0,168.0,684.0,168.0,690.0,0.0,0.0,-31.0,0.0,0.0,24.6,4.0,4.998,0.0,0.0,2.207,2.137,83.0,61.9,0.0,0.0,50.0,R,0.0,62.6,143.6,0.0,0.0,0.0,0.0,336.2,1261.4,336.2,1266.8,334.4,1263.2,334.4,1274.0,0.0,0.0,143.42000000000002,2483.0,335.3,272.7,80.82000000000002,1.243097222222222,73049.36466666665,14.282828282828284,135.07999999999998,137.77,343.4,True,2026-08-14 08:27:13-07:00
649.06,2,10,2026-08-14 15:37:56,36.93224,-121.44816,1013.0,140.9,140.8,-12.5,0.03,KCVH,3.0,142.0,0.0,0.9,-0.9,129.0,134.1,894.0,-0.2,-0.01,1.0,0.0,-120.0,17.0,136.9,30.05,1314.0,0.0,0.0,128.0,3500.0,0.0,0.0,129.0,0.0,0.0,5.0,1.0,-63.0,3.0,0.0,0.0,0.0,0.0,0.0,-95.0,0.0,0.0,0.0,0.0,3.0,1.0,0.0,1200.0,83.0,62.0,2488.0,2488.0,19.3,9.8,0.0,9.8,24.6,0.0,0.0,9.3,0.0,0.0,4.2,37.5,32.5,0.0,0.0,0.0,0.0,169.0,682.0,168.0,686.0,168.0,684.0,168.0,690.0,0.0,0.0,-31.0,0.0,0.0,24.6,4.0,4.998,0.0,0.0,2.207,2.129,83.2,62.0,0.0,0.0,49.0,R,0.0,62.6,143.6,0.0,0.0,0.0,0.0,336.2,1259.6,334.4,1266.8,334.4,1263.2,334.4,1274.0,0.0,0.0,143.6,2488.0,334.84999999999997,272.24999999999994,81.0,1.2458333333333331,73287.43766666665,14.377551020408163,134.57999999999998,137.25,343.4,True,2026-08-14 08:27:13-07:00
650.06,2,10,2026-08-14 15:37:57,36.93174,-121.44765,1010.0,140.5,140.9,-12.5,0.03,KCVH,2.9,142.0,0.0,0.4,0.5,129.4,134.7,892.0,0.1,-0.02,1.0,0.0,-110.0,17.0,137.4,30.05,1312.0,0.0,0.0,128.0,3500.0,0.0,0.0,129.0,0.0,0.0,5.0,1.0,-63.0,3.0,0.0,0.0,0.0,0.0,0.0,-95.0,0.0,0.0,0.0,0.0,3.0,1.0,0.0,1200.0,83.0,62.0,2490.0,2490.0,19.3,9.7,0.0,9.7,24.6,0.0,0.0,9.3,0.0,0.0,4.3,37.5,32.5,0.0,0.0,0.0,0.0,168.0,680.0,168.0,685.0,168.0,684.0,168.0,690.0,0.0,0.0,-31.0,0.0,0.0,24.6,4.0,4.998,0.0,0.0,2.207,2.131,83.1,62.1,0.0,0.0,48.0,R,0.0,62.6,143.6,0.0,0.0,0.0,0.0,334.4,1256.0,334.4,1265.0,334.4,1263.2,334.4,1274.0,0.0,0.0,143.78,2490.0,334.4,271.79999999999995,81.18,1.2485416666666664,73524.75166666665,14.484536082474229,135.17999999999998,137.86,343.4,True,2026-08-14 08:27:13-07:00
651.06,2,10,2026-08-14 15:37:58,36.93123,-121.44714,1007.0,139.8,141.2,-12.5,0.03,KCVH,2.9,142.0,0.0,-0.5,0.5,130.4,135.8,889.0,0.4,-0.02,0.9,0.0,-138.0,17.0,138.5,30.05,1308.0,0.0,0.0,128.0,3500.0,0.0,0.0,129.0,0.0,0.0,5.0,1.0,-62.0,3.0,0.0,0.0,-1.0,0.0,0.0,-95.0,0.0,0.0,0.0,0.0,3.0,0.0,0.0,1200.0,83.0,62.0,2477.0,2477.0,18.0,9.4,0.0,9.4,24.8,0.0,0.0,9.3,0.0,0.0,4.5,37.5,32.5,0.0,0.0,0.0,0.0,168.0,679.0,168.0,684.0,168.0,684.0,168.0,691.0,0.0,0.0,-31.0,0.0,0.0,24.8,4.0,4.998,0.0,0.0,2.318,2.133,83.0,62.3,0.0,0.0,46.0,R,0.0,62.6,143.6,0.0,0.0,0.0,0.0,334.4,1254.2,334.4,1263.2,334.4,1263.2,334.4,1275.8,0.0,0.0,144.14,2477.0,334.4,271.79999999999995,81.53999999999999,1.2511944444444443,73761.13799999998,14.872340425531915,136.28,138.97,343.4,True,2026-08-14 08:27:13-07:00
652.06,2,10,2026-08-14 15:37:59,36.93073,-121.44664,1002.0,138.6,141.5,-12.5,0.03,KCVH,2.8,142.0,0.0,-0.8,-1.5,130.4,132.9,887.0,-0.1,-0.03,1.1,0.0,-160.0,17.0,135.5,30.05,1305.0,0.0,0.0,128.0,3500.0,0.0,0.0,129.0,0.0,0.0,5.0,1.0,-61.0,3.0,0.0,0.0,0.0,0.0,0.0,-95.0,0.0,0.0,0.0,0.0,3.0,0.0,0.0,1200.0,83.0,62.0,2483.0,2483.0,16.2,9.0,0.0,9.0,24.9,0.0,0.0,9.3,0.0,0.0,4.3,37.5,32.5,0.0,0.0,0.0,0.0,168.0,677.0,168.0,682.0,168.0,683.0,168.0,691.0,0.0,0.0,-31.0,0.0,0.0,24.9,4.0,4.998,0.0,0.0,2.346,2.169,82.8,62.4,0.0,0.0,40.0,R,0.0,62.6,143.6,0.0,0.0,0.0,0.0,334.4,1250.6,334.4,1259.6,334.4,1261.4,334.4,1275.8,0.0,0.0,144.32,2483.0,334.4,271.79999999999995,81.72,1.2537499999999997,73995.92199999998,15.399999999999999,133.38,136.01,343.4,True,2026-08-14 08:27:13-07:00
653.06,2,10,2026-08-14 15:38:00,36.93023,-121.44614,998.0,137.7,141.4,-12.5,0.03,KCVH,2.8,142.0,0.0,-0.1,-0.1,131.3,130.9,883.0,0.5,-0.06,1.1,0.0,-202.0,17.0,133.6,30.05,1300.0,0.0,0.0,128.0,3500.0,0.0,0.0,129.0,0.0,0.0,5.0,1.0,-61.0,3.0,0.0,0.0,-1.0,0.0,0.0,-95.0,0.0,0.0,0.0,0.0,3.0,1.0,0.0,1200.0,83.0,62.0,2477.0,2477.0,15.7,8.7,0.0,8.7,24.9,0.0,0.0,9.3,0.0,0.0,4.2,37.5,32.5,0.0,0.0,0.0,0.0,168.0,676.0,168.0,682.0,168.0,683.0,167.0,692.0,0.0,0.0,-30.0,0.0,0.0,24.9,4.0,4.998,0.0,0.0,2.316,2.163,82.9,62.4,0.0,0.0,35.0,R,0.0,62.6,143.6,0.0,0.0,0.0,0.0,334.4,1248.8,334.4,1259.6,334.4,1261.4,332.6,1277.6,0.0,0.0,144.32,2477.0,333.95,271.34999999999997,81.72,1.2562083333333331,74228.93499999998,15.827586206896552,131.38,133.96,343.4,True,2026-08-14 08:27:13-07:00
654.06,2,10,2026-08-14 15:38:01,36.92973,-121.44565,996.0,136.7,141.8,-12.5,0.03,KCVH,2.8,142.0,0.0,0.3,-2.4,131.1,131.0,878.0,-0.5,-0.02,1.1,0.0,-235.0,17.0,133.6,30.05,1294.0,0.0,0.0,128.0,3500.0,0.0,0.0,129.0,0.0,0.0,5.0,1.0,-61.0,3.0,0.0,0.0,-1.0,0.0,0.0,-95.0,0.0,0.0,0.0,0.0,3.0,1.0,0.0,1200.0,83.0,62.0,2487.0,2487.0,15.6,8.4,0.0,8.4,24.9,0.0,0.0,9.3,0.0,0.0,4.2,37.5,32.5,0.0,0.0,0.0,0.0,168.0,676.0,168.0,682.0,167.0,684.0,167.0,694.0,0.0,0.0,-30.0,0.0,0.0,24.9,3.0,4.998,0.0,0.0,2.317,2.178,83.0,62.5,0.0,0.0,32.0,R,0.0,62.6,143.6,0.0,0.0,0.0,0.0,334.4,1248.8,334.4,1259.6,332.6,1263.2,332.6,1281.2,0.0,0.0,144.5,2487.0,333.5,270.9,81.9,1.2585833333333332,74460.34566666665,16.273809523809522,131.48,134.05,343.4,True,2026-08-14 08:27:13-07:00
655.06,2,10,2026-08-14 15:38:02,36.92924,-121.44516,994.0,135.5,142.0,-12.5,0.03,KCVH,2.7,142.0,0.0,0.3,-2.4,131.7,129.7,875.0,-0.1,-0.02,1.0,0.0,-178.0,17.0,132.3,30.05,1291.0,0.0,0.0,128.0,3500.0,0.0,0.0,129.0,0.0,0.0,5.0,1.0,-60.0,3.0,0.0,0.0,-1.0,0.0,0.0,-95.0,0.0,0.0,0.0,0.0,3.0,0.0,0.0,1200.0,83.0,63.0,2483.0,2483.0,15.6,8.2,0.0,8.2,24.8,0.0,0.0,9.3,0.0,0.0,4.3,37.5,32.5,0.0,0.0,0.0,0.0,167.0,675.0,167.0,681.0,167.0,684.0,167.0,695.0,0.0,0.0,-30.0,0.0,0.0,24.8,3.0,4.998,0.0,0.0,2.312,2.129,82.8,62.6,0.0,0.0,31.0,R,0.0,62.6,145.4,0.0,0.0,0.0,0.0,332.6,1247.0,332.6,1257.8,332.6,1263.2,332.6,1283.0,0.0,0.0,144.68,2483.0,332.6,270.0,82.08000000000001,1.2608888888888887,74689.90099999998,16.52439024390244,130.17999999999998,132.72,343.4,True,2026-08-14 08:27:13-07:00
656.06,2,10,2026-08-14 15:38:03,36.92875,-121.44468,994.0,134.4,142.0,-12.5,0.03,KCVH,2.7,142.0,0.0,0.2,-1.1,132.1,129.0,874.0,0.3,-0.04,1.0,0.0,-143.0,17.0,131.6,30.05,1289.0,0.0,0.0,128.0,3500.0,0.0,0.0,129.0,0.0,0.0,5.0,1.0,-60.0,3.0,0.0,0.0,-1.0,0.0,0.0,-95.0,0.0,0.0,0.0,0.0,3.0,1.0,0.0,1200.0,83.0,63.0,2471.0,2471.0,15.4,8.0,0.0,8.0,24.9,0.0,0.0,9.3,0.0,0.0,4.4,37.5,32.5,0.0,0.0,0.0,0.0,167.0,675.0,167.0,680.0,167.0,684.0,166.0,695.0,0.0,0.0,-30.0,0.0,0.0,24.9,3.0,4.998,0.0,0.0,2.378,2.172,82.8,62.7,0.0,0.0,31.0,R,0.0,62.6,145.4,0.0,0.0,0.0,0.0,332.6,1247.0,332.6,1256.0,332.6,1263.2,330.8,1283.0,0.0,0.0,144.86,2471.0,332.15000000000003,269.55,82.26000000000002,1.2631388888888886,74917.51666666665,16.8,129.48,132.0,343.4,True,2026-08-14 08:27:13-07:00
657.06,2,10,2026-08-14 15:38:04,36.92825,-121.44421,991.0,132.9,142.0,-12.5,0.03,KCVH,2.7,142.0,0.0,0.1,-0.4,132.9,127.9,873.0,0.4,-0.02,1.0,0.0,-124.0,17.0,130.5,30.05,1287.0,0.0,0.0,128.0,3500.0,0.0,0.0,129.0,0.0,0.0,5.0,1.0,-59.0,3.0,0.0,0.0,-1.0,0.0,0.0,-95.0,0.0,0.0,0.0,0.0,3.0,1.0,0.0,1200.0,82.0,63.0,2477.0,2477.0,14.3,7.7,0.0,7.7,25.0,0.0,0.0,9.3,0.0,0.0,4.4,37.5,32.5,0.0,0.0,0.0,0.0,166.0,674.0,167.0,680.0,167.0,685.0,166.0,696.0,0.0,0.0,-30.0,0.0,0.0,25.0,3.0,4.998,0.0,0.0,2.344,2.224,82.4,62.9,0.0,0.0,28.0,R,0.0,62.6,145.4,0.0,0.0,0.0,0.0,330.8,1245.2,332.6,1256.0,332.6,1265.0,330.8,1284.8,0.0,0.0,145.22,2477.0,331.70000000000005,269.1,82.62,1.2653194444444442,75142.93966666664,17.25974025974026,128.38,130.88,343.4,True,2026-08-14 08:27:13-07:00
658.06,2,10,2026-08-14 15:38:05,36.92777,-121.44374,988.0,131.3,142.4,-12.5,0.03,KCVH,2.6,142.0,0.0,0.0,1.8,132.9,127.0,871.0,0.2,-0.01,1.0,0.0,-114.0,17.0,129.5,30.05,1286.0,0.0,0.0,128.0,3500.0,0.0,0.0,129.0,0.0,0.0,5.0,1.0,-58.0,3.0,0.0,0.0,-1.0,0.0,0.0,-95.0,0.0,0.0,0.0,0.0,3.0,1.0,0.0,1200.0,82.0,63.0,2483.0,2483.0,13.8,7.4,0.0,7.4,25.0,0.0,0.0,9.3,0.0,0.0,4.1,37.5,32.5,0.0,0.0,0.0,0.0,166.0,673.0,166.0,680.0,166.0,686.0,166.0,697.0,0.0,0.0,-30.0,0.0,0.0,25.0,3.0,4.998,0.0,0.0,2.324,2.178,82.2,62.9,0.0,0.0,25.0,R,0.0,62.6,145.4,0.0,0.0,0.0,0.0,330.8,1243.4,330.8,1256.0,330.8,1266.8,330.8,1286.6,0.0,0.0,145.22,2483.0,330.8,268.2,82.62,1.2674166666666664,75365.74833333331,17.743243243243246,127.48,129.96,343.4,True,2026-08-14 08:27:13-07:00
659.06,2,10,2026-08-14 15:38:06,36.92729,-121.44328,984.0,129.8,142.6,-12.5,0.03,KCVH,2.6,142.0,0.0,-0.2,-0.4,132.8,124.4,868.0,0.4,-0.05,0.9,0.0,-153.0,17.0,126.9,30.05,1281.0,0.0,0.0,128.0,3500.0,0.0,0.0,129.0,0.0,0.0,5.0,1.0,-58.0,3.0,0.0,0.0,-1.0,0.0,0.0,-95.0,0.0,0.0,0.0,0.0,3.0,1.0,0.0,1200.0,82.0,63.0,2484.0,2484.0,13.7,7.2,0.0,7.2,25.0,0.0,0.0,9.3,0.0,0.0,4.2,37.5,32.5,0.0,0.0,0.0,0.0,166.0,674.0,166.0,681.0,166.0,686.0,165.0,698.0,0.0,0.0,-30.0,0.0,0.0,25.0,3.0,4.998,0.0,0.0,2.356,2.177,82.1,63.0,0.0,0.0,23.0,R,0.0,62.6,145.4,0.0,0.0,0.0,0.0,330.8,1245.2,330.8,1257.8,330.8,1266.8,329.0,1288.4,0.0,0.0,145.4,2484.0,330.34999999999997,267.74999999999994,82.80000000000001,1.2694444444444442,75585.94266666665,18.02777777777778,124.88000000000001,127.3,343.4,True,2026-08-14 08:27:13-07:00
660.06,2,10,2026-08-14 15:38:07,36.92682,-121.44283,979.0,128.5,142.5,-12.5,0.03,KCVH,2.5,142.0,0.0,-0.4,-0.4,132.7,122.8,863.0,0.0,-0.02,0.9,0.0,-210.0,17.0,125.3,30.05,1275.0,0.0,0.0,128.0,3500.0,0.0,0.0,129.0,0.0,0.0,5.0,1.0,-57.0,3.0,0.0,0.0,1.0,0.0,0.0,-95.0,0.0,0.0,0.0,0.0,3.0,0.0,0.0,1200.0,82.0,63.0,2483.0,2483.0,13.7,7.0,0.0,7.0,25.0,0.0,0.0,9.3,0.0,0.0,4.3,37.5,32.5,0.0,0.0,0.0,0.0,165.0,674.0,166.0,680.0,166.0,685.0,165.0,698.0,0.0,0.0,-30.0,0.0,0.0,25.0,3.0,4.998,0.0,0.0,2.311,2.197,82.2,63.1,0.0,0.0,22.0,R,0.0,62.6,145.4,0.0,0.0,0.0,0.0,329.0,1245.2,330.8,1256.0,330.8,1265.0,329.0,1288.4,0.0,0.0,145.57999999999998,2483.0,329.9,267.29999999999995,82.97999999999999,1.2714166666666664,75803.77566666665,18.357142857142858,123.28,125.66,343.4,True,2026-08-14 08:27:13-07:00
661.06,2,10,2026-08-14 15:38:08,36.92635,-121.44237,935.0,127.4,142.7,-12.5,0.03,KCVH,2.5,142.0,0.0,-0.7,0.6,132.6,121.3,858.0,0.1,-0.02,0.9,0.0,-247.0,17.0,123.7,30.05,1269.0,0.0,0.0,128.0,3500.0,0.0,0.0,129.0,0.0,0.0,5.0,1.0,-57.0,3.0,0.0,0.0,0.0,0.0,0.0,-95.0,0.0,0.0,0.0,0.0,3.0,0.0,0.0,1200.0,82.0,63.0,2478.0,2478.0,13.6,6.9,0.0,6.9,25.0,0.0,0.0,9.3,0.0,0.0,4.5,37.5,32.5,0.0,0.0,0.0,0.0,165.0,674.0,165.0,680.0,165.0,685.0,165.0,699.0,0.0,0.0,-30.0,0.0,0.0,25.0,3.0,4.998,0.0,0.0,2.312,2.178,82.3,63.2,0.0,0.0,22.0,R,0.0,62.6,145.4,0.0,0.0,0.0,0.0,329.0,1245.2,329.0,1256.0,329.0,1265.0,329.0,1290.2,0.0,0.0,145.76000000000002,2478.0,329.0,266.4,83.16000000000003,1.273347222222222,76019.58466666665,18.463768115942027,121.78,124.12,343.4,True,2026-08-14 08:27:13-07:00
662.06,2,10,2026-08-14 15:38:09,36.92588,-121.44193,926.0,126.5,142.8,-12.5,0.02,KCVH,2.5,142.0,0.0,-1.0,-0.3,132.8,120.3,850.0,0.2,-0.03,1.0,0.0,-354.0,17.0,122.7,30.05,1259.0,0.0,0.0,128.0,3500.0,0.0,0.0,129.0,0.0,0.0,5.0,0.0,-57.0,3.0,0.0,0.0,0.0,0.0,0.0,-95.0,0.0,0.0,0.0,0.0,3.0,1.0,0.0,1200.0,82.0,63.0,2481.0,2481.0,13.6,6.8,0.0,6.8,25.0,0.0,0.0,9.3,0.0,0.0,4.4,37.5,32.5,0.0,0.0,0.0,0.0,164.0,673.0,165.0,680.0,165.0,685.0,164.0,699.0,0.0,0.0,-30.0,0.0,0.0,25.0,3.0,4.998,0.0,0.0,2.317,2.186,82.1,63.4,0.0,0.0,22.0,R,0.0,62.6,145.4,0.0,0.0,0.0,0.0,327.2,1243.4,329.0,1256.0,329.0,1265.0,327.2,1290.2,0.0,0.0,146.12,2481.0,328.1,265.5,83.52000000000001,1.2752499999999998,76233.70699999998,18.602941176470587,120.78,123.08,343.4,True,2026-08-14 08:27:13-07:00
663.06,2,10,2026-08-14 15:38:10,36.92541,-121.44148,919.0,125.8,142.8,-12.5,0.02,KCVH,2.4,142.0,0.0,-1.1,1.2,132.9,120.0,843.0,0.3,-0.03,1.0,0.0,-379.0,17.0,122.3,30.05,1251.0,0.0,0.0,128.0,3500.0,0.0,0.0,129.0,0.0,0.0,5.0,0.0,-57.0,3.0,0.0,0.0,-1.0,0.0,0.0,-95.0,0.0,0.0,0.0,0.0,3.0,1.0,0.0,1200.0,82.0,63.0,2480.0,2480.0,13.6,6.7,0.0,6.7,25.0,0.0,0.0,9.3,0.0,0.0,4.1,37.5,32.5,0.0,0.0,0.0,0.0,164.0,673.0,164.0,681.0,165.0,685.0,164.0,699.0,0.0,0.0,-30.0,0.0,0.0,25.0,3.0,4.998,0.0,0.0,2.3,2.184,82.2,63.5,0.0,0.0,22.0,R,0.0,62.6,145.4,0.0,0.0,0.0,0.0,327.2,1243.4,327.2,1257.8,329.0,1265.0,327.2,1290.2,0.0,0.0,146.3,2480.0,327.65000000000003,265.05,83.70000000000002,1.2771249999999998,76446.47999999998,18.776119402985074,120.48,122.76,343.4,True,2026-08-14 08:27:13-07:00
664.06,2,10,2026-08-14 15:38:11,36.92495,-121.44105,909.0,124.9,143.2,-12.5,0.02,KCVH,2.4,142.0,0.0,-0.7,-0.7,132.1,118.4,833.0,-0.2,-0.03,1.0,0.0,-463.0,17.0,120.7,30.05,1243.0,0.0,0.0,128.0,3500.0,0.0,0.0,129.0,0.0,0.0,5.0,0.0,-57.0,3.0,0.0,0.0,-1.0,0.0,0.0,-95.0,0.0,0.0,0.0,0.0,3.0,1.0,0.0,1200.0,82.0,64.0,2482.0,2482.0,13.4,6.7,0.0,6.7,25.0,0.0,0.0,9.3,0.0,0.0,4.2,37.5,32.5,0.0,0.0,0.0,0.0,164.0,673.0,164.0,682.0,165.0,685.0,164.0,700.0,0.0,0.0,-29.0,0.0,0.0,25.0,3.0,4.998,0.0,0.0,2.258,2.178,82.0,63.5,0.0,0.0,21.0,R,0.0,62.6,147.2,0.0,0.0,0.0,0.0,327.2,1243.4,327.2,1259.6,329.0,1265.0,327.2,1292.0,0.0,0.0,146.3,2482.0,327.65000000000003,265.05,83.70000000000002,1.278986111111111,76657.90366666665,18.64179104477612,118.88000000000001,121.11,343.4,True,2026-08-14 08:27:13-07:00
665.06,2,10,2026-08-14 15:38:12,36.92449,-121.44061,900.0,124.2,142.9,-12.5,0.02,KCVH,2.4,141.9,0.0,-0.5,-0.9,133.1,117.5,824.0,0.5,-0.04,0.9,0.0,-501.0,17.0,119.7,30.05,1230.0,0.0,0.0,128.0,3500.0,0.0,0.0,129.0,0.0,0.0,5.0,0.0,-58.0,3.0,0.0,0.0,-1.0,0.0,0.0,-95.0,0.0,0.0,0.0,0.0,3.0,0.0,0.0,1200.0,82.0,64.0,2464.0,2464.0,13.3,6.6,0.0,6.6,25.0,0.0,0.0,9.3,0.0,0.0,4.3,37.5,32.5,0.0,0.0,0.0,0.0,163.0,673.0,164.0,681.0,164.0,685.0,163.0,699.0,0.0,0.0,-28.0,0.0,0.0,25.0,3.0,4.998,0.0,0.0,2.26,2.179,82.1,63.6,0.0,0.0,21.0,R,0.0,62.6,147.2,0.0,0.0,0.0,0.0,325.4,1243.4,327.2,1257.8,327.2,1265.0,325.4,1290.2,0.0,0.0,146.48,2464.0,326.29999999999995,263.69999999999993,83.88,1.280833333333333,76867.97799999999,18.81818181818182,117.98,120.17,343.4,True,2026-08-14 08:27:13-07:00
666.06,2,10,2026-08-14 15:38:13,36.92403,-121.44019,894.0,123.0,143.4,-12.5,0.02,KCVH,2.3,141.9,0.0,-0.4,-2.4,131.6,117.4,815.0,-0.7,0.0,1.1,0.0,-528.0,17.0,119.7,30.05,1218.0,0.0,0.0,128.0,3500.0,0.0,0.0,129.0,0.0,0.0,5.0,0.0,-58.0,3.0,0.0,0.0,0.0,0.0,0.0,-94.0,0.0,0.0,0.0,0.0,3.0,1.0,0.0,1200.0,82.0,64.0,2486.0,2486.0,12.6,6.5,0.0,6.5,25.0,0.0,0.0,9.3,0.0,0.0,4.5,37.5,32.5,0.0,0.0,0.0,0.0,163.0,673.0,163.0,682.0,164.0,684.0,163.0,699.0,0.0,0.0,-27.0,0.0,0.0,25.0,3.0,4.998,0.0,0.0,2.316,2.174,82.0,63.7,0.0,0.0,19.0,R,0.0,62.6,147.2,0.0,0.0,0.0,0.0,325.4,1243.4,325.4,1259.6,327.2,1263.2,325.4,1290.2,0.0,0.0,146.66000000000003,2486.0,325.84999999999997,263.24999999999994,84.06000000000003,1.2826527777777776,77076.44999999998,18.923076923076923,117.88000000000001,120.05,343.4,True,2026-08-14 08:27:13-07:00
667.06,2,10,2026-08-14 15:38:14,36.92358,-121.43976,885.0,122.1,143.1,-12.5,0.02,KCVH,2.3,141.9,0.0,-0.5,-2.2,132.5,117.1,806.0,-0.1,-0.03,1.1,0.0,-528.0,17.0,119.4,30.05,1210.0,0.0,0.0,128.0,3500.0,0.0,0.0,129.0,0.0,0.0,5.0,0.0,-58.0,3.0,0.0,0.0,0.0,0.0,0.0,-94.0,0.0,0.0,0.0,0.0,3.0,0.0,0.0,1200.0,82.0,64.0,2482.0,2482.0,12.5,6.3,0.0,6.3,25.0,0.0,0.0,9.3,0.0,0.0,4.5,37.5,32.5,0.0,0.0,0.0,0.0,163.0,672.0,163.0,681.0,164.0,684.0,163.0,698.0,0.0,0.0,-24.0,0.0,0.0,25.0,3.0,4.998,0.0,0.0,2.336,2.177,81.8,63.9,0.0,0.0,17.0,R,0.0,62.6,147.2,0.0,0.0,0.0,0.0,325.4,1241.6,325.4,1257.8,327.2,1263.2,325.4,1288.4,0.0,0.0,147.02,2482.0,325.84999999999997,263.24999999999994,84.42000000000002,1.2844305555555553,77283.15099999998,19.38095238095238,117.58,119.72,343.4,True,2026-08-14 08:27:13-07:00
668.06,2,10,2026-08-14 15:38:15,36.92311,-121.43935,897.0,121.0,142.9,-12.5,0.02,KCVH,2.3,141.9,0.0,-0.6,-5.0,132.3,115.9,797.0,-0.8,-0.02,1.0,0.0,-525.0,17.0,118.0,30.05,1196.0,0.0,0.0,128.0,3500.0,0.0,0.0,129.0,0.0,0.0,5.0,0.0,-58.0,3.0,0.0,0.0,0.0,0.0,0.0,-94.0,0.0,0.0,0.0,0.0,3.0,0.0,0.0,1200.0,82.0,64.0,2479.0,2479.0,12.5,6.2,0.0,6.2,25.0,0.0,0.0,9.3,0.0,0.0,4.2,37.5,32.5,0.0,0.0,0.0,0.0,162.0,672.0,163.0,681.0,164.0,684.0,162.0,697.0,0.0,0.0,-24.0,0.0,0.0,25.0,3.0,4.998,0.0,0.0,2.275,2.195,81.8,63.9,0.0,0.0,16.0,R,0.0,62.6,147.2,0.0,0.0,0.0,0.0,323.6,1241.6,325.4,1257.8,327.2,1263.2,323.6,1286.6,0.0,0.0,147.02,2479.0,324.95,262.34999999999997,84.42000000000002,1.2861666666666665,77488.16533333331,19.516129032258064,116.38000000000001,118.48,343.4,True,2026-08-14 08:27:13-07:00
669.06,2,10,2026-08-14 15:38:16,36.92267,-121.43893,891.0,119.8,142.6,-12.5,0.02,KCVH,2.2,141.9,0.0,-0.2,-4.1,133.0,114.3,793.0,-0.2,-0.02,0.9,0.0,-428.0,17.0,116.4,30.05,1189.0,0.0,0.0,128.0,3500.0,0.0,0.0,129.0,0.0,0.0,5.0,0.0,-58.0,3.0,0.0,0.0,0.0,0.0,0.0,-94.0,0.0,0.0,0.0,0.0,3.0,1.0,0.0,1200.0,82.0,64.0,2486.0,2486.0,12.3,6.2,0.0,6.2,25.0,0.0,0.0,9.3,0.0,0.0,4.2,37.5,32.5,0.0,0.0,0.0,0.0,162.0,672.0,162.0,679.0,163.0,684.0,162.0,697.0,0.0,0.0,-24.0,0.0,0.0,25.0,3.0,4.998,0.0,0.0,2.307,2.144,81.8,64.0,0.0,0.0,15.0,R,0.0,62.6,147.2,0.0,0.0,0.0,0.0,323.6,1241.6,323.6,1254.2,325.4,1263.2,323.6,1286.6,0.0,0.0,147.2,2486.0,324.05,261.45,84.6,1.2878888888888886,77691.23999999998,19.32258064516129,114.78,116.84,343.4,True,2026-08-14 08:27:13-07:00
670.06,2,10,2026-08-14 15:38:17,36.92223,-121.43851,885.0,118.6,142.4,-12.5,0.02,KCVH,2.2,141.9,0.0,0.1,-2.8,132.4,112.6,787.0,-0.4,-0.01,1.0,0.0,-391.0,17.0,114.7,30.05,1184.0,0.0,0.0,128.0,3500.0,0.0,0.0,129.0,0.0,0.0,5.0,0.0,-58.0,3.0,0.0,0.0,0.0,0.0,0.0,-94.0,0.0,0.0,0.0,0.0,3.0,1.0,0.0,1200.0,82.0,64.0,2480.0,2480.0,12.2,6.1,0.0,6.1,25.0,0.0,0.0,9.3,0.0,0.0,4.3,37.5,32.5,0.0,0.0,0.0,0.0,161.0,672.0,162.0,679.0,163.0,684.0,161.0,696.0,0.0,0.0,-24.0,0.0,0.0,25.0,3.0,4.998,0.0,0.0,2.279,2.123,81.7,64.1,0.0,0.0,15.0,R,0.0,62.6,147.2,0.0,0.0,0.0,0.0,321.8,1241.6,323.6,1254.2,325.4,1263.2,321.8,1284.8,0.0,0.0,147.38,2480.0,323.15000000000003,260.55,84.78,1.289597222222222,77892.29066666665,19.442622950819672,113.08,115.1,343.4,True,2026-08-14 08:27:13-07:00
671.06,2,10,2026-08-14 15:38:18,36.92179,-121.4381,880.0,117.4,142.0,-12.5,0.02,KCVH,2.2,141.8,0.0,0.3,-2.4,132.9,111.2,782.0,0.2,-0.02,0.9,0.0,-354.0,17.0,113.2,30.05,1178.0,256.0,5.0,128.0,3500.0,0.0,0.0,129.0,0.0,0.0,5.0,0.0,-58.0,3.0,0.0,0.0,0.0,0.0,0.0,-94.0,0.0,0.0,0.0,0.0,3.0,1.0,0.0,1200.0,82.0,64.0,2481.0,2481.0,12.2,6.0,0.0,6.0,25.0,0.0,0.0,9.3,0.0,0.0,5.4,37.5,32.5,0.0,0.0,0.0,0.0,161.0,672.0,161.0,678.0,163.0,684.0,161.0,696.0,0.0,0.0,-24.0,0.0,0.0,25.0,3.0,4.998,0.0,0.0,2.261,2.158,81.7,64.2,0.0,0.0,15.0,R,0.0,62.6,147.2,0.0,0.0,0.0,0.0,321.8,1241.6,321.8,1252.4,325.4,1263.2,321.8,1284.8,0.0,0.0,147.56,2481.0,322.7,260.09999999999997,84.96000000000001,1.2912777777777775,78091.31733333331,19.566666666666666,111.68,113.67,343.4,True,2026-08-14 08:27:13-07:00
672.06,2,10,2026-08-14 15:38:19,36.92137,-121.43768,874.0,116.3,142.1,-12.5,0.02,KCVH,2.1,141.8,0.0,0.4,-3.1,131.1,109.9,777.0,-0.6,-0.01,1.0,0.0,-348.0,17.0,111.9,30.05,1173.0,258.0,5.0,128.0,3500.0,0.0,0.0,129.0,0.0,0.0,5.0,0.0,-57.0,3.0,0.0,0.0,0.0,0.0,0.0,-94.0,0.0,0.0,0.0,0.0,3.0,1.0,0.0,1200.0,82.0,64.0,2479.0,2479.0,12.2,6.0,0.0,6.0,25.0,0.0,0.0,9.3,0.0,0.0,6.4,37.5,32.5,0.0,0.0,0.0,0.0,161.0,672.0,161.0,679.0,162.0,683.0,161.0,696.0,0.0,0.0,-24.0,0.0,0.0,25.0,3.0,4.998,0.0,0.0,2.261,2.124,81.7,64.5,0.0,0.0,15.0,R,0.0,62.6,147.2,0.0,0.0,0.0,0.0,321.8,1241.6,321.8,1254.2,323.6,1261.4,321.8,1284.8,0.0,0.0,148.1,2479.0,322.25,259.65,85.5,1.2929444444444442,78288.40433333331,19.383333333333333,110.38000000000001,112.33,343.4,True,2026-08-14 08:27:13-07:00
673.06,2,10,2026-08-14 15:38:20,36.92095,-121.43726,867.0,115.3,141.7,-12.5,0.02,KCVH,2.1,141.8,0.0,0.3,-1.7,131.6,108.5,771.0,0.0,-0.04,1.0,0.0,-361.0,17.0,110.5,30.05,1162.0,258.0,5.0,128.0,3500.0,0.0,0.0,129.0,0.0,0.0,5.0,0.0,-57.0,3.0,0.0,0.0,0.0,0.0,0.0,-94.0,0.0,0.0,0.0,0.0,3.0,1.0,0.0,1200.0,82.0,65.0,2476.0,2476.0,12.2,6.0,0.0,6.0,25.0,0.0,0.0,9.3,0.0,0.0,6.7,37.5,32.5,0.0,0.0,0.0,0.0,160.0,671.0,161.0,679.0,162.0,683.0,160.0,696.0,0.0,0.0,-24.0,0.0,0.0,25.0,3.0,4.998,0.0,0.0,2.278,2.166,81.8,64.6,0.0,0.0,15.0,R,0.0,62.6,149.0,0.0,0.0,0.0,0.0,320.0,1239.8,321.8,1254.2,323.6,1261.4,320.0,1284.8,0.0,0.0,148.28,2476.0,321.35,258.75,85.68,1.294611111111111,78483.72033333332,19.216666666666665,108.98,110.9,343.4,True,2026-08-14 08:27:13-07:00
674.06,2,10,2026-08-14 15:38:21,36.92053,-121.43686,859.0,114.4,141.7,-12.5,0.01,KCVH,2.1,141.8,0.0,0.3,-4.0,130.6,108.0,764.0,-0.7,0.01,0.9,0.0,-373.0,17.0,110.0,30.05,1155.0,259.0,5.0,128.0,3500.0,0.0,0.0,129.0,0.0,0.0,5.0,0.0,-57.0,3.0,0.0,0.0,0.0,0.0,0.0,-94.0,0.0,0.0,0.0,0.0,3.0,1.0,0.0,1200.0,82.0,65.0,2489.0,2489.0,12.2,6.0,0.0,6.0,25.0,0.0,0.0,9.3,0.0,0.0,7.0,37.5,32.5,0.0,0.0,0.0,0.0,160.0,672.0,160.0,678.0,162.0,683.0,160.0,696.0,0.0,0.0,-24.0,0.0,0.0,25.0,3.0,4.998,0.0,0.0,2.261,2.178,81.6,64.6,0.0,0.0,15.0,R,0.0,62.6,149.0,0.0,0.0,0.0,0.0,320.0,1241.6,320.0,1252.4,323.6,1261.4,320.0,1284.8,0.0,0.0,148.28,2489.0,320.9,258.29999999999995,85.68,1.2962777777777776,78677.43399999998,19.066666666666666,108.48,110.37,343.4,True,2026-08-14 08:27:13-07:00
675.06,2,10,2026-08-14 15:38:22,36.92011,-121.43645,851.0,113.6,141.3,-12.5,0.02,KCVH,2.0,141.8,0.0,-0.2,-3.2,130.7,108.8,755.0,-0.0,-0.04,1.1,0.0,-464.0,17.0,110.8,30.05,1143.0,259.0,5.0,128.0,3500.0,0.0,0.0,129.0,0.0,0.0,5.0,0.0,-58.0,3.0,0.0,0.0,2.0,0.0,0.0,-93.0,0.0,0.0,0.0,0.0,3.0,0.0,0.0,1200.0,82.0,65.0,2484.0,2484.0,12.2,5.9,0.0,5.9,25.1,0.0,0.0,9.2,0.0,0.0,7.1,37.5,32.5,0.0,0.0,0.0,0.0,160.0,672.0,160.0,677.0,162.0,684.0,160.0,696.0,0.0,0.0,-24.0,0.0,0.0,25.1,3.0,4.998,0.0,0.0,2.255,2.178,81.8,64.6,0.0,0.0,15.0,R,0.0,62.6,149.0,0.0,0.0,0.0,0.0,320.0,1241.6,320.0,1250.6,323.6,1263.2,320.0,1284.8,0.0,0.0,148.28,2484.0,320.9,258.29999999999995,85.68,1.2979305555555554,78869.71399999998,19.25423728813559,109.28,111.17,343.4,True,2026-08-14 08:27:13-07:00
676.06,2,10,2026-08-14 15:38:23,36.9197,-121.43604,842.0,113.0,141.2,-12.5,0.02,KCVH,2.0,141.9,0.0,-0.3,-2.5,130.3,106.1,746.0,-0.6,0.01,0.9,0.0,-460.0,17.0,108.0,30.05,1136.0,261.0,5.0,128.0,3500.0,0.0,0.0,129.0,0.0,0.0,5.0,0.0,-58.0,3.0,0.0,0.0,1.0,0.0,0.0,-94.0,0.0,0.0,0.0,0.0,3.0,1.0,0.0,1200.0,81.0,65.0,2479.0,2479.0,12.2,5.9,0.0,5.9,25.1,0.0,0.0,9.2,0.0,0.0,6.1,37.5,32.5,0.0,0.0,0.0,0.0,159.0,672.0,160.0,678.0,161.0,684.0,159.0,696.0,0.0,0.0,-24.0,0.0,0.0,25.1,3.0,4.998,0.0,0.0,2.244,2.185,81.4,64.7,0.0,0.0,14.0,R,0.0,62.6,149.0,0.0,0.0,0.0,0.0,318.2,1241.6,320.0,1252.4,321.8,1263.2,318.2,1284.8,0.0,0.0,148.46,2479.0,319.55,256.95,85.86000000000001,1.2995694444444443,79060.81333333331,19.152542372881356,106.58,108.4,343.4,True,2026-08-14 08:27:13-07:00
677.06,2,10,2026-08-14 15:38:24,36.9193,-121.43563,833.0,112.2,141.0,-12.5,0.02,KCVH,2.0,141.9,0.0,-0.1,-1.0,130.6,104.9,739.0,0.4,-0.03,1.0,0.0,-465.0,17.0,106.7,30.05,1126.0,262.0,5.0,128.0,3500.0,0.0,0.0,129.0,0.0,0.0,5.0,0.0,-58.0,3.0,0.0,0.0,0.0,0.0,0.0,-94.0,0.0,0.0,0.0,0.0,3.0,1.0,0.0,1200.0,82.0,65.0,2479.0,2479.0,12.2,5.9,0.0,5.9,25.1,0.0,0.0,9.2,0.0,0.0,5.5,37.5,32.5,0.0,0.0,0.0,0.0,159.0,673.0,159.0,679.0,161.0,684.0,159.0,694.0,0.0,0.0,-24.0,0.0,0.0,25.1,3.0,4.998,0.0,0.0,2.252,2.126,81.6,64.9,0.0,0.0,14.0,R,0.0,62.6,149.0,0.0,0.0,0.0,0.0,318.2,1243.4,318.2,1254.2,321.8,1263.2,318.2,1281.2,0.0,0.0,148.82,2479.0,319.1,256.5,86.22,1.301208333333333,79250.73199999997,19.016949152542374,105.38000000000001,107.17,343.4,True,2026-08-14 08:27:13-07:00
678.06,2,10,2026-08-14 15:38:25,36.9189,-121.43522,824.0,111.7,141.0,-12.5,0.02,KCVH,1.9,141.9,0.0,0.2,-1.3,129.9,104.3,730.0,0.1,0.0,1.0,0.0,-494.0,17.0,106.1,30.05,1112.0,263.0,5.0,128.0,3500.0,0.0,0.0,129.0,0.0,0.0,5.0,0.0,-58.0,3.0,0.0,0.0,0.0,0.0,0.0,-93.0,0.0,0.0,0.0,0.0,3.0,1.0,0.0,1200.0,82.0,65.0,2482.0,2482.0,12.2,5.9,0.0,5.9,25.1,0.0,0.0,9.2,0.0,0.0,4.8,37.5,32.5,0.0,0.0,0.0,0.0,159.0,672.0,159.0,678.0,161.0,684.0,159.0,695.0,0.0,0.0,-24.0,0.0,0.0,25.1,3.0,4.998,0.0,0.0,2.234,2.17,81.6,65.0,0.0,0.0,14.0,R,0.0,62.6,149.0,0.0,0.0,0.0,0.0,318.2,1241.6,318.2,1252.4,321.8,1263.2,318.2,1283.0,0.0,0.0,149.0,2482.0,319.1,256.5,86.4,1.302847222222222,79439.55433333332,18.93220338983051,104.78,106.54,343.4,True,2026-08-14 08:27:13-07:00
679.06,2,10,2026-08-14 15:38:26,36.9185,-121.43481,813.0,111.2,140.9,-12.5,0.02,KCVH,1.9,141.9,0.0,0.1,-1.4,128.9,103.8,721.0,-0.1,-0.04,0.9,0.0,-528.0,17.0,105.6,30.05,1101.0,266.0,5.0,128.0,3500.0,0.0,0.0,129.0,0.0,0.0,5.0,0.0,-58.0,3.0,0.0,0.0,2.0,0.0,0.0,-93.0,0.0,0.0,0.0,0.0,3.0,1.0,0.0,1200.0,82.0,65.0,2475.0,2475.0,12.2,5.9,0.0,5.9,25.0,0.0,0.0,9.2,0.0,0.0,4.5,37.5,32.5,0.0,0.0,0.0,0.0,158.0,672.0,158.0,678.0,160.0,684.0,158.0,695.0,0.0,0.0,-24.0,0.0,0.0,25.0,3.0,4.998,0.0,0.0,2.222,2.124,81.6,65.0,0.0,0.0,14.0,R,0.0,62.6,149.0,0.0,0.0,0.0,0.0,316.4,1241.6,316.4,1252.4,320.0,1263.2,316.4,1283.0,0.0,0.0,149.0,2475.0,317.29999999999995,254.69999999999996,86.4,1.304486111111111,79627.53333333331,18.847457627118644,104.28,106.02,343.4,True,2026-08-14 08:27:13-07:00
680.06,2,10,2026-08-14 15:38:27,36.9181,-121.43441,801.0,110.8,140.7,-12.5,0.02,KCVH,1.9,141.9,0.0,-0.5,-3.4,128.0,104.7,711.0,-1.3,0.03,0.9,0.0,-544.0,17.0,106.5,30.05,1091.0,268.0,5.0,128.0,3500.0,0.0,0.0,129.0,0.0,0.0,5.0,0.0,-59.0,3.0,0.0,0.0,2.0,0.0,0.0,-91.0,0.0,0.0,0.0,0.0,3.0,1.0,0.0,1200.0,81.0,65.0,2488.0,2488.0,12.2,5.9,0.0,5.9,25.0,0.0,0.0,9.2,0.0,0.0,4.4,37.5,32.5,0.0,0.0,0.0,0.0,158.0,672.0,158.0,678.0,160.0,683.0,158.0,695.0,0.0,0.0,-24.0,0.0,0.0,25.0,3.0,4.998,0.0,0.0,2.227,2.137,81.5,65.1,0.0,0.0,15.0,R,0.0,62.6,149.0,0.0,0.0,0.0,0.0,316.4,1241.6,316.4,1252.4,320.0,1261.4,316.4,1283.0,0.0,0.0,149.18,2488.0,317.29999999999995,254.69999999999996,86.58000000000001,1.3061249999999998,79814.75333333331,18.779661016949152,105.18,106.91,343.4,True,2026-08-14 08:27:13-07:00
681.06,2,10,2026-08-14 15:38:28,36.91771,-121.43401,791.0,110.2,140.3,-12.5,0.02,KCVH,1.9,141.9,0.0,-0.3,-0.7,129.7,105.1,701.0,-0.1,0.02,1.1,0.0,-562.0,17.0,106.9,30.05,1080.0,268.0,5.0,128.0,3500.0,0.0,0.0,129.0,0.0,0.0,5.0,0.0,-59.0,3.0,0.0,0.0,2.0,0.0,0.0,-91.0,0.0,0.0,0.0,0.0,3.0,0.0,0.0,1200.0,82.0,65.0,2483.0,2483.0,12.2,5.9,0.0,5.9,25.0,0.0,0.0,9.2,0.0,0.0,4.5,37.5,32.5,0.0,0.0,0.0,0.0,158.0,671.0,158.0,679.0,160.0,684.0,158.0,696.0,0.0,0.0,-24.0,0.0,0.0,25.0,3.0,4.998,0.0,0.0,2.157,2.166,81.5,65.2,0.0,0.0,15.0,R,0.0,62.6,149.0,0.0,0.0,0.0,0.0,316.4,1239.8,316.4,1254.2,320.0,1263.2,316.4,1284.8,0.0,0.0,149.36,2483.0,317.29999999999995,254.69999999999996,86.76000000000002,1.3077638888888887,80001.12999999998,18.677966101694913,105.58,107.3,343.4,True,2026-08-14 08:27:13-07:00
682.06,2,10,2026-08-14 15:38:29,36.91731,-121.43359,783.0,109.6,140.4,-12.5,0.02,KCVH,1.8,142.0,0.0,-0.1,-1.1,129.4,103.5,691.0,0.0,-0.02,0.9,0.0,-566.0,17.0,105.2,30.05,1066.0,268.0,5.0,128.0,3500.0,0.0,0.0,129.0,0.0,0.0,5.0,0.0,-59.0,3.0,0.0,0.0,0.0,0.0,0.0,-92.0,0.0,0.0,0.0,0.0,3.0,0.0,0.0,1200.0,82.0,65.0,2481.0,2481.0,12.2,5.9,0.0,5.9,25.0,0.0,0.0,9.2,0.0,0.0,4.5,37.5,32.5,0.0,0.0,0.0,0.0,157.0,671.0,157.0,678.0,159.0,684.0,158.0,696.0,0.0,0.0,-24.0,0.0,0.0,25.0,3.0,4.998,0.0,0.0,2.158,2.175,81.5,65.4,0.0,0.0,14.0,R,0.0,62.6,149.0,0.0,0.0,0.0,0.0,314.6,1239.8,314.6,1252.4,318.2,1263.2,316.4,1284.8,0.0,0.0,149.72,2481.0,315.95,253.35,87.12,1.3094027777777777,80186.49466666665,18.576271186440675,103.98,105.65,343.4,True,2026-08-14 08:27:13-07:00
683.06,2,10,2026-08-14 15:38:30,36.91692,-121.4332,776.0,108.7,140.2,-12.5,0.02,KCVH,1.8,142.0,0.0,-0.2,0.1,130.1,102.8,684.0,-0.0,0.0,1.0,0.0,-534.0,17.0,104.5,30.05,1058.0,268.0,5.0,128.0,3500.0,0.0,0.0,129.0,0.0,0.0,5.0,0.0,-59.0,3.0,0.0,0.0,2.0,0.0,0.0,-92.0,0.0,0.0,0.0,0.0,3.0,1.0,0.0,1200.0,81.0,66.0,2476.0,2476.0,12.0,5.8,0.0,5.8,25.1,0.0,0.0,9.2,0.0,0.0,4.2,37.5,32.5,0.0,0.0,0.0,0.0,157.0,671.0,157.0,678.0,159.0,684.0,157.0,697.0,0.0,0.0,-24.0,0.0,0.0,25.1,3.0,4.998,0.0,0.0,2.214,2.184,81.5,65.6,0.0,0.0,14.0,R,0.0,62.6,150.8,0.0,0.0,0.0,0.0,314.6,1239.8,314.6,1252.4,318.2,1263.2,314.6,1286.6,0.0,0.0,150.07999999999998,2476.0,315.5,252.9,87.47999999999999,1.3110277777777777,80370.59433333331,18.74137931034483,103.28,104.93,343.4,True,2026-08-14 08:27:13-07:00
684.06,2,10,2026-08-14 15:38:31,36.91653,-121.4328,768.0,107.5,140.5,-12.5,0.02,KCVH,1.8,142.0,0.0,-0.2,-0.3,130.1,101.5,676.0,0.2,0.0,0.9,0.0,-511.0,17.0,103.2,30.05,1049.0,267.0,5.0,128.0,3500.0,0.0,0.0,129.0,0.0,0.0,5.0,0.0,-60.0,3.0,0.0,0.0,1.0,0.0,0.0,-92.0,0.0,0.0,0.0,0.0,3.0,1.0,0.0,1200.0,81.0,66.0,2477.0,2477.0,11.6,5.8,0.0,5.8,25.1,0.0,0.0,9.2,0.0,0.0,4.1,37.5,32.5,0.0,0.0,0.0,0.0,157.0,672.0,157.0,678.0,159.0,685.0,157.0,695.0,0.0,0.0,-24.0,0.0,0.0,25.1,3.0,4.998,0.0,0.0,2.158,2.227,81.4,65.5,0.0,0.0,13.0,R,0.0,62.6,150.8,0.0,0.0,0.0,0.0,314.6,1241.6,314.6,1252.4,318.2,1265.0,314.6,1283.0,0.0,0.0,149.9,2477.0,315.5,252.9,87.30000000000001,1.3126388888888887,80552.92299999998,18.53448275862069,101.98,103.59,343.4,True,2026-08-14 08:27:13-07:00
685.06,2,10,2026-08-14 15:38:32,36.91615,-121.4324,759.0,106.6,140.5,-12.5,0.02,KCVH,1.7,142.1,0.0,-0.0,0.9,129.9,100.4,668.0,0.0,-0.01,1.1,0.0,-507.0,17.0,102.0,30.05,1035.0,268.0,5.0,128.0,3500.0,0.0,0.0,129.0,0.0,0.0,5.0,0.0,-60.0,3.0,0.0,0.0,2.0,0.0,0.0,-92.0,0.0,0.0,0.0,0.0,3.0,1.0,0.0,1200.0,81.0,66.0,2475.0,2475.0,11.6,5.7,0.0,5.7,25.1,0.0,0.0,9.2,0.0,0.0,4.2,37.5,32.5,0.0,0.0,0.0,0.0,157.0,672.0,156.0,677.0,159.0,685.0,157.0,695.0,0.0,0.0,-24.0,0.0,0.0,25.1,3.0,4.998,0.0,0.0,2.197,2.178,81.0,65.7,0.0,0.0,12.0,R,0.0,62.6,150.8,0.0,0.0,0.0,0.0,314.6,1241.6,312.8,1250.6,318.2,1265.0,314.6,1283.0,0.0,0.0,150.26000000000002,2475.0,315.04999999999995,252.44999999999996,87.66000000000003,1.314236111111111,80733.48066666664,18.70175438596491,100.88000000000001,102.46,343.4,True,2026-08-14 08:27:13-07:00
686.06,2,10,2026-08-14 15:38:33,36.91577,-121.43201,750.0,105.6,140.7,-12.5,0.02,KCVH,1.7,142.1,0.0,0.0,1.5,130.4,99.9,659.0,0.2,-0.0,0.9,0.0,-524.0,17.0,101.5,30.05,1025.0,268.0,5.0,128.0,3500.0,0.0,0.0,129.0,0.0,0.0,5.0,0.0,-60.0,3.0,0.0,0.0,2.0,0.0,0.0,-92.0,0.0,0.0,0.0,0.0,3.0,1.0,0.0,1200.0,81.0,66.0,2483.0,2483.0,11.5,5.6,0.0,5.6,25.1,0.0,0.0,9.2,0.0,0.0,4.4,37.5,32.5,0.0,0.0,0.0,0.0,156.0,674.0,156.0,678.0,158.0,685.0,156.0,696.0,0.0,0.0,-24.0,0.0,0.0,25.1,3.0,4.998,0.0,0.0,2.185,2.256,81.4,65.8,0.0,0.0,11.0,R,0.0,62.6,150.8,0.0,0.0,0.0,0.0,312.8,1245.2,312.8,1252.4,316.4,1265.0,312.8,1284.8,0.0,0.0,150.44,2483.0,313.7,251.1,87.84,1.3158055555555555,80912.43599999999,18.857142857142858,100.38000000000001,101.94,343.4,True,2026-08-14 08:27:13-07:00
687.06,2,10,2026-08-14 15:38:34,36.91539,-121.43163,741.0,104.7,141.4,-12.5,0.02,KCVH,1.7,142.1,0.0,-0.3,2.5,131.0,98.1,651.0,0.5,0.01,1.0,0.0,-509.0,17.0,99.7,30.05,1016.0,268.0,5.0,128.0,3500.0,0.0,0.0,129.0,0.0,0.0,5.0,0.0,-60.0,3.0,0.0,0.0,-2.0,0.0,0.0,-92.0,0.0,0.0,0.0,0.0,3.0,0.0,0.0,1200.0,81.0,66.0,2468.0,2468.0,11.5,5.6,0.0,5.6,25.1,0.0,0.0,9.2,0.0,0.0,4.4,37.5,32.5,0.0,0.0,0.0,0.0,156.0,674.0,156.0,678.0,158.0,687.0,156.0,697.0,0.0,0.0,-24.0,0.0,0.0,25.1,3.0,4.998,0.0,0.0,2.158,2.218,81.1,66.0,0.0,0.0,11.0,R,0.0,62.6,150.8,0.0,0.0,0.0,0.0,312.8,1245.2,312.8,1252.4,316.4,1268.6,312.8,1286.6,0.0,0.0,150.8,2468.0,313.7,251.1,88.20000000000002,1.317361111111111,81089.78899999998,18.696428571428573,98.58,100.09,343.4,True,2026-08-14 08:27:13-07:00
688.06,2,10,2026-08-14 15:38:35,36.91502,-121.43126,731.0,103.9,141.9,-12.5,0.02,KCVH,1.6,142.1,0.0,-0.6,1.7,131.5,97.1,641.0,0.5,0.01,0.9,0.0,-544.0,17.0,98.6,30.05,1006.0,268.0,5.0,128.0,3500.0,0.0,0.0,129.0,0.0,0.0,5.0,0.0,-61.0,3.0,0.0,0.0,-2.0,0.0,0.0,-92.0,0.0,0.0,0.0,0.0,3.0,1.0,0.0,1200.0,81.0,66.0,2477.0,2477.0,11.2,5.5,0.0,5.5,25.2,0.0,0.0,9.2,0.0,0.0,4.2,37.5,32.5,0.0,0.0,0.0,0.0,156.0,674.0,155.0,679.0,158.0,687.0,156.0,696.0,0.0,0.0,-24.0,0.0,0.0,25.2,3.0,4.998,0.0,0.0,2.192,2.231,81.1,66.2,0.0,0.0,0.0,,0.0,62.6,150.8,0.0,0.0,0.0,0.0,312.8,1245.2,311.0,1254.2,316.4,1268.6,312.8,1284.8,0.0,0.0,151.16000000000003,2477.0,313.25,250.65,88.56000000000003,1.3189027777777775,81265.70833333331,18.89090909090909,97.58,99.06,343.4,True,2026-08-14 08:27:13-07:00
689.06,2,10,2026-08-14 15:38:36,36.91464,-121.43089,718.0,102.9,142.2,-12.5,0.02,KCVH,1.6,142.1,0.0,-0.2,1.3,132.4,97.2,632.0,0.9,-0.03,1.1,0.0,-559.0,17.0,98.8,30.05,992.0,268.0,5.0,128.0,3500.0,0.0,0.0,129.0,0.0,0.0,5.0,0.0,-61.0,3.0,0.0,0.0,1.0,0.0,0.0,-91.0,0.0,0.0,0.0,0.0,3.0,0.0,0.0,1200.0,81.0,66.0,2479.0,2479.0,10.9,5.4,0.0,5.4,25.1,0.0,0.0,9.2,0.0,0.0,4.1,37.5,32.5,0.0,0.0,0.0,0.0,155.0,676.0,155.0,679.0,158.0,687.0,156.0,697.0,0.0,0.0,-24.0,0.0,0.0,25.1,3.0,4.998,0.0,0.0,2.161,2.219,81.3,66.2,0.0,0.0,0.0,,0.0,62.6,150.8,0.0,0.0,0.0,0.0,311.0,1248.8,311.0,1254.2,316.4,1268.6,312.8,1286.6,0.0,0.0,151.16000000000003,2479.0,312.8,250.20000000000002,88.56000000000003,1.3204166666666666,81440.10966666664,19.055555555555554,97.68,99.15,343.4,True,2026-08-14 08:27:13-07:00
690.06,2,10,2026-08-14 15:38:37,36.91426,-121.43053,707.0,102.1,142.5,-12.5,0.02,KCVH,1.6,142.1,0.0,-0.7,-0.7,131.8,97.2,621.0,0.1,-0.01,1.0,0.0,-597.0,17.0,98.8,30.05,977.0,268.0,5.0,128.0,3500.0,0.0,0.0,129.0,0.0,0.0,5.0,0.0,-61.0,3.0,0.0,0.0,1.0,0.0,0.0,-91.0,0.0,0.0,0.0,0.0,3.0,1.0,0.0,1200.0,81.0,66.0,2478.0,2478.0,10.9,5.4,0.0,5.4,25.2,0.0,0.0,9.2,0.0,0.0,4.4,37.5,32.5,0.0,0.0,0.0,0.0,155.0,677.0,155.0,678.0,157.0,687.0,155.0,697.0,0.0,0.0,-24.0,0.0,0.0,25.2,3.0,4.998,0.0,0.0,2.209,2.222,81.3,66.3,0.0,0.0,0.0,,0.0,62.6,150.8,0.0,0.0,0.0,0.0,311.0,1250.6,311.0,1252.4,314.6,1268.6,311.0,1286.6,0.0,0.0,151.33999999999997,2478.0,311.9,249.29999999999998,88.73999999999998,1.3219166666666664,81612.99299999999,18.907407407407405,97.68,99.13,343.4,True,2026-08-14 08:27:13-07:00
691.06,2,10,2026-08-14 15:38:38,36.91389,-121.43018,698.0,101.1,142.4,-12.5,0.02,KCVH,1.6,142.1,0.0,-0.7,-3.9,131.6,96.5,614.0,-0.1,-0.04,1.1,0.0,-544.0,17.0,98.0,30.05,970.0,268.0,5.0,128.0,3500.0,0.0,0.0,129.0,0.0,0.0,5.0,0.0,-62.0,3.0,0.0,0.0,5.0,0.0,0.0,-93.0,0.0,0.0,0.0,0.0,3.0,1.0,0.0,1200.0,81.0,66.0,2445.0,2445.0,10.7,5.3,0.0,5.3,25.2,0.0,0.0,9.2,0.0,0.0,4.8,37.5,32.5,0.0,0.0,0.0,0.0,155.0,678.0,155.0,678.0,157.0,689.0,155.0,698.0,0.0,0.0,-24.0,0.0,0.0,25.2,3.0,4.998,0.0,0.0,2.208,2.222,80.9,66.4,0.0,0.0,0.0,,0.0,62.6,150.8,0.0,0.0,0.0,0.0,311.0,1252.4,311.0,1252.4,314.6,1272.2,311.0,1288.4,0.0,0.0,151.52,2445.0,311.9,249.29999999999998,88.92000000000002,1.3234027777777775,81784.35833333331,19.07547169811321,96.98,98.4,343.4,True,2026-08-14 08:27:13-07:00
692.06,2,10,2026-08-14 15:38:39,36.91352,-121.42982,692.0,99.2,142.1,-12.5,0.02,KCVH,1.5,142.1,0.0,-1.3,-0.8,131.7,94.6,607.0,-0.2,0.02,1.1,0.0,-471.0,17.0,96.1,30.05,963.0,267.0,5.0,128.0,3500.0,0.0,0.0,129.0,0.0,0.0,5.0,0.0,-62.0,3.0,0.0,0.0,0.0,0.0,0.0,-92.0,0.0,0.0,0.0,0.0,3.0,0.0,0.0,1200.0,78.0,67.0,2254.0,2254.0,9.3,4.9,0.0,4.9,25.4,0.0,0.0,9.2,0.0,0.0,5.1,37.5,32.5,0.0,0.0,0.0,0.0,155.0,687.0,154.0,687.0,157.0,692.0,155.0,698.0,0.0,0.0,-24.0,0.0,0.0,25.4,3.0,4.998,0.0,0.0,2.323,2.371,78.0,66.6,0.0,0.0,0.0,,0.0,62.6,152.6,0.0,0.0,0.0,0.0,311.0,1268.6,309.2,1268.6,314.6,1277.6,311.0,1288.4,0.0,0.0,151.88,2254.0,311.45,248.85,89.28,1.3248194444444443,81953.27799999998,20.24489795918367,95.08,96.46,343.4,True,2026-08-14 08:27:13-07:00
693.06,2,10,2026-08-14 15:38:40,36.91316,-121.42947,686.0,96.9,142.2,-12.5,0.02,KCVH,1.5,142.1,0.0,-2.6,1.2,132.7,92.0,602.0,0.7,-0.03,0.9,0.0,-410.0,17.0,93.5,30.05,954.0,266.0,5.0,128.0,3500.0,0.0,0.0,129.0,0.0,0.0,5.0,0.0,-62.0,3.0,0.0,0.0,2.0,0.0,0.0,-92.0,0.0,0.0,0.0,0.0,3.0,1.0,0.0,1200.0,77.0,67.0,2202.0,2202.0,9.3,4.6,0.0,4.6,25.4,0.0,0.0,9.2,0.0,0.0,5.2,37.5,32.6,0.0,0.0,0.0,0.0,154.0,696.0,154.0,694.0,157.0,694.0,155.0,696.0,0.0,0.0,-24.0,0.0,0.0,25.4,3.0,4.998,0.0,0.0,2.469,2.455,76.9,66.8,0.0,0.0,0.0,,0.0,62.6,152.6,0.0,0.0,0.0,0.0,309.2,1284.8,309.2,1281.2,314.6,1281.2,311.0,1284.8,0.0,0.0,152.23999999999998,2202.0,311.0,248.4,89.63999999999999,1.3261388888888888,82118.65566666664,21.06521739130435,92.48,93.82,343.4,True,2026-08-14 08:27:13-07:00
694.06,2,10,2026-08-14 15:38:41,36.91281,-121.42913,678.0,94.5,142.2,-12.5,0.02,KCVH,1.5,142.1,0.0,-3.5,0.4,132.8,90.3,596.0,0.2,-0.01,0.9,0.0,-396.0,17.0,91.7,30.05,948.0,265.0,5.0,128.0,3500.0,0.0,0.0,129.0,0.0,0.0,5.0,0.0,-62.0,3.0,0.0,0.0,2.0,0.0,0.0,-89.0,0.0,0.0,0.0,0.0,3.0,0.0,0.0,1200.0,76.0,67.0,2177.0,2177.0,9.1,4.3,0.0,4.3,25.4,0.0,0.0,9.2,0.0,0.0,5.0,37.5,32.6,0.0,0.0,0.0,0.0,154.0,702.0,153.0,700.0,156.0,695.0,154.0,695.0,0.0,0.0,-19.0,0.0,0.0,25.4,3.0,4.998,0.0,0.0,2.462,2.468,76.5,66.7,0.0,0.0,0.0,,0.0,62.6,152.6,0.0,0.0,0.0,0.0,309.2,1295.6,307.4,1292.0,312.8,1283.0,309.2,1283.0,0.0,0.0,152.06,2177.0,309.65,247.04999999999998,89.46000000000001,1.3273749999999997,82280.06966666665,21.976744186046513,90.78,92.08,343.4,True,2026-08-14 08:27:13-07:00
695.06,2,10,2026-08-14 15:38:42,36.91247,-121.4288,667.0,92.7,142.7,-12.5,0.02,KCVH,1.5,142.1,0.0,-3.3,-0.8,132.9,88.9,586.0,0.2,-0.02,1.0,0.0,-492.0,17.0,90.2,30.05,938.0,264.0,5.0,128.0,3500.0,0.0,0.0,129.0,0.0,0.0,5.0,0.0,-62.0,3.0,0.0,0.0,2.0,0.0,0.0,-88.0,0.0,0.0,0.0,0.0,3.0,1.0,0.0,1200.0,76.0,67.0,2136.0,2136.0,9.2,4.1,0.0,4.1,25.4,0.0,0.0,9.2,0.0,0.0,4.7,37.5,32.6,0.0,0.0,0.0,0.0,153.0,703.0,153.0,704.0,156.0,697.0,154.0,693.0,0.0,0.0,-14.0,0.0,0.0,25.4,3.0,4.998,0.0,0.0,2.427,2.361,75.7,66.7,0.0,0.0,0.0,,0.0,62.6,152.6,0.0,0.0,0.0,0.0,307.4,1297.4,307.4,1299.2,312.8,1286.6,309.2,1279.4,0.0,0.0,152.06,2136.0,309.2,246.6,89.46000000000001,1.3285416666666665,82437.94166666665,22.60975609756098,89.38000000000001,90.65,343.4,True,2026-08-14 08:27:13-07:00
696.06,2,10,2026-08-14 15:38:43,36.91213,-121.42848,655.0,90.9,142.7,-12.5,0.02,KCVH,1.4,142.1,0.0,-3.4,-1.0,132.6,87.0,575.0,-0.1,-0.01,1.0,0.0,-564.0,17.0,88.2,30.05,921.0,264.0,5.0,128.0,3500.0,0.0,0.0,129.0,0.0,0.0,5.0,0.0,-63.0,3.0,0.0,0.0,1.0,0.0,0.0,-88.0,0.0,0.0,0.0,0.0,3.0,1.0,0.0,1200.0,75.0,67.0,2097.0,2097.0,9.3,3.9,0.0,3.9,25.4,0.0,0.0,9.2,0.0,0.0,4.6,37.5,32.6,0.0,0.0,0.0,0.0,153.0,706.0,152.0,708.0,155.0,698.0,153.0,693.0,0.0,0.0,-14.0,0.0,0.0,25.4,3.0,4.998,0.0,0.0,2.413,2.332,75.1,66.8,0.0,0.0,0.0,,0.0,62.6,152.6,0.0,0.0,0.0,0.0,307.4,1302.8,305.6,1306.4,311.0,1288.4,307.4,1279.4,0.0,0.0,152.23999999999998,2097.0,307.85,245.25000000000003,89.63999999999999,1.3296527777777776,82592.77766666665,23.30769230769231,87.48,88.7,343.4,True,2026-08-14 08:27:13-07:00
697.06,2,10,2026-08-14 15:38:44,36.9118,-121.42816,641.0,89.5,142.5,-12.5,0.02,KCVH,1.4,142.1,0.0,-3.2,-1.9,132.9,85.3,562.0,0.1,-0.02,1.1,0.0,-660.0,17.0,86.5,30.05,909.0,263.0,5.0,128.0,3500.0,0.0,0.0,129.0,0.0,0.0,5.0,0.0,-63.0,3.0,0.0,0.0,3.0,0.0,0.0,-87.0,0.0,0.0,0.0,0.0,3.0,0.0,0.0,1200.0,75.0,67.0,2067.0,2067.0,9.5,3.8,0.0,3.8,25.4,0.0,0.0,9.2,0.0,0.0,4.6,37.5,32.6,0.0,0.0,0.0,0.0,153.0,710.0,152.0,712.0,155.0,699.0,153.0,694.0,0.0,0.0,-14.0,0.0,0.0,25.4,3.0,4.998,0.0,0.0,2.362,2.323,74.7,66.9,0.0,0.0,0.0,,0.0,62.6,152.6,0.0,0.0,0.0,0.0,307.4,1310.0,305.6,1313.6,311.0,1290.2,307.4,1281.2,0.0,0.0,152.42000000000002,2067.0,307.85,245.25000000000003,89.82000000000002,1.3307222222222221,82744.91499999998,23.55263157894737,85.78,86.96,343.4,True,2026-08-14 08:27:13-07:00
698.06,2,10,2026-08-14 15:38:45,36.91147,-121.42785,628.0,88.4,142.3,-12.5,0.02,KCVH,1.4,142.1,0.0,-2.9,0.1,132.9,84.3,550.0,0.3,-0.03,0.9,0.0,-695.0,17.0,85.5,30.05,891.0,262.0,5.0,128.0,3500.0,0.0,0.0,129.0,0.0,0.0,5.0,0.0,-64.0,3.0,0.0,0.0,3.0,0.0,0.0,-87.0,0.0,0.0,0.0,0.0,3.0,1.0,0.0,1200.0,75.0,67.0,2094.0,2094.0,9.8,3.8,0.0,3.8,25.3,0.0,0.0,9.2,0.0,0.0,4.4,37.5,32.6,0.0,0.0,0.0,0.0,152.0,709.0,151.0,712.0,155.0,698.0,153.0,695.0,0.0,0.0,-15.0,0.0,0.0,25.3,3.0,4.998,0.0,0.0,2.3,2.316,75.0,67.1,0.0,0.0,0.0,,0.0,62.6,152.6,0.0,0.0,0.0,0.0,305.6,1308.2,303.8,1313.6,311.0,1288.4,307.4,1283.0,0.0,0.0,152.78,2094.0,306.95000000000005,244.35000000000005,90.18,1.3317777777777775,82894.94399999997,23.263157894736846,84.78,85.92,343.4,True,2026-08-14 08:27:13-07:00
699.06,2,10,2026-08-14 15:38:46,36.91115,-121.42754,615.0,87.2,142.3,-12.5,0.01,KCVH,1.4,142.1,0.0,-2.6,-1.5,131.8,82.5,536.0,-0.5,-0.01,1.0,0.0,-727.0,17.0,83.7,30.05,878.0,263.0,5.0,128.0,3500.0,0.0,0.0,129.0,0.0,0.0,5.0,0.0,-65.0,3.0,0.0,0.0,6.0,0.0,0.0,-87.0,0.0,0.0,0.0,0.0,3.0,0.0,0.0,1200.0,75.0,67.0,2075.0,2075.0,9.9,3.8,0.0,3.8,25.3,0.0,0.0,9.2,0.0,0.0,4.1,37.5,32.6,0.0,0.0,0.0,0.0,152.0,708.0,151.0,711.0,155.0,698.0,152.0,695.0,0.0,0.0,-14.0,0.0,0.0,25.3,3.0,4.998,0.0,0.0,2.277,2.289,75.0,67.1,0.0,0.0,0.0,,0.0,62.6,152.6,0.0,0.0,0.0,0.0,305.6,1306.4,303.8,1311.8,311.0,1288.4,305.6,1283.0,0.0,0.0,152.78,2075.0,306.5,243.9,90.18,1.332833333333333,83043.03333333331,22.947368421052634,82.98,84.08,343.4,True,2026-08-14 08:27:13-07:00
700.06,2,10,2026-08-14 15:38:47,36.91083,-121.42724,602.0,86.3,142.1,-12.5,0.01,KCVH,1.3,142.1,0.0,-2.2,0.5,132.2,80.9,524.0,-0.1,-0.01,1.0,0.0,-737.0,17.0,82.0,30.05,860.0,263.0,5.0,128.0,3500.0,0.0,0.0,129.0,0.0,0.0,5.0,0.0,-66.0,3.0,0.0,0.0,5.0,0.0,0.0,-87.0,0.0,0.0,0.0,0.0,3.0,1.0,0.0,1200.0,75.0,67.0,2046.0,2046.0,10.1,3.7,0.0,3.7,25.3,0.0,0.0,9.2,0.0,0.0,4.2,37.5,32.6,0.0,0.0,0.0,0.0,152.0,709.0,150.0,710.0,154.0,697.0,152.0,695.0,0.0,0.0,-14.0,0.0,0.0,25.3,3.0,4.998,0.0,0.0,2.312,2.308,74.8,67.1,0.0,0.0,0.0,,0.0,62.6,152.6,0.0,0.0,0.0,0.0,305.6,1308.2,302.0,1310.0,309.2,1286.6,305.6,1283.0,0.0,0.0,152.78,2046.0,305.6,243.00000000000003,90.18,1.3338749999999997,83189.35166666665,23.324324324324323,81.38000000000001,82.44,343.4,True,2026-08-14 08:27:13-07:00
701.06,2,10,2026-08-14 15:38:48,36.91051,-121.42693,586.0,85.5,142.5,-12.5,0.01,KCVH,1.3,142.0,0.0,-2.0,-0.9,131.3,81.0,510.0,-0.5,0.01,1.0,0.0,-784.0,17.0,82.1,30.05,845.0,264.0,5.0,128.0,3500.0,0.0,0.0,129.0,0.0,0.0,5.0,0.0,-66.0,3.0,0.0,0.0,3.0,0.0,0.0,-87.0,0.0,0.0,0.0,0.0,3.0,1.0,0.0,1200.0,75.0,67.0,2123.0,2123.0,10.8,3.8,0.0,3.8,25.1,0.0,0.0,9.2,0.0,0.0,4.3,37.5,32.6,0.0,0.0,0.0,0.0,151.0,709.0,150.0,708.0,154.0,696.0,152.0,695.0,0.0,0.0,-14.0,0.0,0.0,25.1,3.0,4.998,0.0,0.0,2.241,2.295,75.4,67.2,0.0,0.0,0.0,,0.0,62.6,152.6,0.0,0.0,0.0,0.0,303.8,1308.2,302.0,1306.4,309.2,1284.8,305.6,1283.0,0.0,0.0,152.96,2123.0,305.15,242.54999999999998,90.36000000000001,1.3349166666666665,83334.23633333332,22.5,81.48,82.52,343.4,True,2026-08-14 08:27:13-07:00
702.06,2,10,2026-08-14 15:38:49,36.9102,-121.42663,572.0,85.1,142.2,-12.5,0.01,KCVH,1.3,142.1,0.0,-2.0,-1.4,132.0,80.2,494.0,0.0,-0.0,1.0,0.0,-859.0,17.0,81.3,30.05,820.0,264.0,5.0,128.0,3500.0,0.0,0.0,129.0,0.0,0.0,5.0,0.0,-68.0,3.0,0.0,0.0,4.0,0.0,0.0,-87.0,0.0,0.0,0.0,0.0,3.0,1.0,0.0,1200.0,78.0,67.0,2181.0,2181.0,11.3,4.0,0.0,4.0,25.1,0.0,0.0,9.2,0.0,0.0,4.4,37.5,32.6,0.0,0.0,0.0,0.0,151.0,703.0,150.0,703.0,154.0,697.0,151.0,696.0,0.0,0.0,-12.0,0.0,0.0,25.1,3.0,4.998,0.0,0.0,2.207,2.238,77.5,67.3,0.0,0.0,0.0,,0.0,62.6,152.6,0.0,0.0,0.0,0.0,303.8,1297.4,302.0,1297.4,309.2,1286.6,303.8,1284.8,0.0,0.0,153.14,2181.0,304.7,242.1,90.53999999999999,1.3359999999999999,83478.10899999998,21.275,80.68,81.69,343.4,True,2026-08-14 08:27:13-07:00
703.06,2,10,2026-08-14 15:38:50,36.90989,-121.42633,557.0,84.8,142.3,-12.5,0.01,KCVH,1.3,142.1,0.0,-1.8,-1.5,130.8,79.8,480.0,-0.7,-0.0,1.0,0.0,-848.0,17.0,80.8,30.05,807.0,266.0,5.0,128.0,3500.0,0.0,0.0,129.0,0.0,0.0,5.0,0.0,-68.0,3.0,0.0,0.0,4.0,0.0,0.0,-86.0,0.0,0.0,0.0,0.0,3.0,1.0,0.0,1200.0,78.0,68.0,2187.0,2187.0,11.4,4.1,0.0,4.1,25.1,0.0,0.0,9.2,0.0,0.0,4.3,37.5,32.6,0.0,0.0,0.0,0.0,151.0,697.0,150.0,699.0,154.0,695.0,151.0,695.0,0.0,0.0,-7.0,0.0,0.0,25.1,3.0,4.998,0.0,0.0,2.202,2.245,78.2,67.6,0.0,0.0,0.0,,0.0,62.6,154.4,0.0,0.0,0.0,0.0,303.8,1286.6,302.0,1290.2,309.2,1283.0,303.8,1283.0,0.0,0.0,153.68,2187.0,304.7,242.1,91.08000000000001,1.337125,83621.39133333332,20.682926829268293,80.28,81.26,343.4,True,2026-08-14 08:27:13-07:00
704.06,2,10,2026-08-14 15:38:51,36.90958,-121.42603,543.0,84.6,141.9,-12.5,0.01,KCVH,1.2,142.1,0.0,-1.7,-0.8,131.4,79.9,465.0,-0.4,0.02,1.1,0.0,-867.0,17.0,80.9,30.05,790.0,266.0,5.0,128.0,3500.0,0.0,0.0,129.0,0.0,0.0,5.0,0.0,-69.0,3.0,0.0,0.0,5.0,0.0,0.0,-86.0,0.0,0.0,0.0,0.0,3.0,1.0,0.0,1200.0,78.0,68.0,2185.0,2185.0,11.4,4.3,0.0,4.3,25.1,0.0,0.0,9.2,0.0,0.0,4.4,37.5,32.6,0.0,0.0,0.0,0.0,150.0,693.0,149.0,695.0,153.0,694.0,151.0,694.0,0.0,0.0,-7.0,0.0,0.0,25.1,3.0,4.998,0.0,0.0,2.209,2.269,78.2,67.6,0.0,0.0,0.0,,0.0,62.6,154.4,0.0,0.0,0.0,0.0,302.0,1279.4,300.2,1283.0,307.4,1281.2,303.8,1281.2,0.0,0.0,153.68,2185.0,303.35,240.75000000000003,91.08000000000001,1.3382916666666664,83764.25199999998,19.674418604651162,80.38000000000001,81.34,343.4,True,2026-08-14 08:27:13-07:00
705.06,2,10,2026-08-14 15:38:52,36.90928,-121.42573,529.0,84.2,142.0,-12.5,0.01,KCVH,1.2,142.1,0.0,-1.9,-0.4,131.7,78.6,454.0,0.4,-0.01,1.0,0.0,-809.0,17.0,79.6,30.05,774.0,267.0,5.0,128.0,3500.0,0.0,0.0,129.0,0.0,0.0,5.0,0.0,-70.0,3.0,0.0,0.0,3.0,0.0,0.0,-86.0,0.0,0.0,0.0,0.0,3.0,1.0,0.0,1200.0,78.0,68.0,2162.0,2162.0,11.5,4.4,0.0,4.4,25.1,0.0,0.0,9.2,0.0,0.0,5.0,37.5,32.6,0.0,0.0,0.0,0.0,150.0,688.0,149.0,691.0,153.0,693.0,151.0,693.0,0.0,0.0,-7.0,0.0,0.0,25.1,3.0,4.998,0.0,0.0,2.203,2.271,78.1,67.6,0.0,0.0,0.0,,0.0,62.6,154.4,0.0,0.0,0.0,0.0,302.0,1270.4,300.2,1275.8,307.4,1279.4,303.8,1279.4,0.0,0.0,153.68,2162.0,303.35,240.75000000000003,91.08000000000001,1.3395,83906.60666666664,19.136363636363637,79.08,80.01,343.4,True,2026-08-14 08:27:13-07:00
706.06,2,10,2026-08-14 15:38:53,36.90897,-121.42543,517.0,83.5,142.0,-12.5,0.01,KCVH,1.2,142.1,0.0,-1.8,-1.3,130.5,78.4,442.0,-0.5,-0.0,1.0,0.0,-754.0,17.0,79.3,30.05,760.0,268.0,5.0,128.0,3500.0,0.0,0.0,129.0,0.0,0.0,5.0,0.0,-71.0,3.0,0.0,0.0,3.0,0.0,0.0,-86.0,0.0,0.0,0.0,0.0,3.0,1.0,0.0,1200.0,78.0,68.0,2144.0,2144.0,11.6,4.5,0.0,4.5,25.1,0.0,0.0,9.2,0.0,0.0,5.4,37.5,32.6,0.0,0.0,0.0,0.0,150.0,686.0,149.0,689.0,153.0,693.0,151.0,693.0,0.0,0.0,-4.0,0.0,0.0,25.1,3.0,4.998,0.0,0.0,2.207,2.314,77.9,67.6,0.0,0.0,0.0,,0.0,62.6,154.4,0.0,0.0,0.0,0.0,302.0,1266.8,300.2,1272.2,307.4,1279.4,303.8,1279.4,0.0,0.0,153.68,2144.0,303.35,240.75000000000003,91.08000000000001,1.340736111111111,84048.03366666664,18.555555555555557,78.88000000000001,79.79,343.4,True,2026-08-14 08:27:13-07:00
707.06,2,10,2026-08-14 15:38:54,36.90866,-121.42513,506.0,82.5,141.6,-12.5,0.01,KCVH,1.2,142.1,0.0,-2.0,-0.4,131.3,77.6,431.0,-0.0,-0.01,1.0,0.0,-711.0,17.0,78.6,30.05,745.0,268.0,5.0,128.0,3500.0,0.0,0.0,129.0,0.0,0.0,5.0,0.0,-71.0,3.0,0.0,0.0,4.0,0.0,0.0,-86.0,0.0,0.0,0.0,0.0,3.0,1.0,0.0,1200.0,78.0,68.0,2136.0,2136.0,11.6,4.5,0.0,4.5,25.1,0.0,0.0,9.2,0.0,0.0,5.0,37.5,32.6,0.0,0.0,0.0,0.0,150.0,685.0,149.0,686.0,153.0,695.0,151.0,694.0,0.0,0.0,-4.0,0.0,0.0,25.1,3.0,4.998,0.0,0.0,2.207,2.383,77.9,67.7,0.0,0.0,0.0,,0.0,62.6,154.4,0.0,0.0,0.0,0.0,302.0,1265.0,300.2,1266.8,307.4,1283.0,303.8,1281.2,0.0,0.0,153.86,2136.0,303.35,240.75000000000003,91.26000000000002,1.3419861111111109,84188.02699999999,18.333333333333332,78.08,78.96,343.4,True,2026-08-14 08:27:13-07:00
708.06,2,10,2026-08-14 15:38:55,36.90836,-121.42484,495.0,81.8,141.9,-12.5,0.01,KCVH,1.1,142.1,0.0,-2.2,-0.9,131.1,76.9,420.0,-0.4,0.02,1.0,0.0,-704.0,17.0,77.9,30.05,740.0,269.0,5.0,128.0,3500.0,0.0,0.0,129.0,0.0,0.0,5.0,0.0,-72.0,3.0,0.0,0.0,3.0,0.0,0.0,-86.0,0.0,0.0,0.0,0.0,3.0,0.0,0.0,1200.0,78.0,68.0,2130.0,2130.0,11.7,4.6,0.0,4.6,25.1,0.0,0.0,9.2,0.0,0.0,4.7,37.5,32.6,0.0,0.0,0.0,0.0,150.0,685.0,148.0,684.0,153.0,695.0,151.0,693.0,0.0,0.0,-1.0,0.0,0.0,25.1,3.0,4.998,0.0,0.0,2.158,2.369,77.5,68.0,0.0,0.0,0.0,,0.0,62.6,154.4,0.0,0.0,0.0,0.0,302.0,1265.0,298.4,1263.2,307.4,1283.0,303.8,1279.4,0.0,0.0,154.4,2130.0,302.9,240.29999999999998,91.80000000000001,1.3432499999999998,84326.58666666664,17.782608695652176,77.38000000000001,78.24,343.4,True,2026-08-14 08:27:13-07:00
709.06,2,10,2026-08-14 15:38:56,36.90807,-121.42455,485.0,81.1,142.1,-12.5,0.01,KCVH,1.1,142.1,0.0,-2.3,-1.1,130.6,75.6,411.0,-0.3,-0.01,1.0,0.0,-644.0,17.0,76.5,30.05,729.0,271.0,5.0,128.0,3500.0,0.0,0.0,129.0,0.0,0.0,5.0,0.0,-72.0,3.0,0.0,0.0,3.0,0.0,0.0,-86.0,0.0,0.0,0.0,0.0,3.0,0.0,0.0,1200.0,78.0,68.0,2117.0,2117.0,11.8,4.6,0.0,4.6,25.2,0.0,0.0,9.2,0.0,0.0,5.5,37.5,32.6,0.0,0.0,0.0,0.0,149.0,682.0,148.0,682.0,152.0,695.0,150.0,693.0,0.0,0.0,-1.0,0.0,0.0,25.2,3.0,4.998,0.0,0.0,2.207,2.324,77.6,68.1,0.0,0.0,0.0,,0.0,62.6,154.4,0.0,0.0,0.0,0.0,300.2,1259.6,298.4,1259.6,305.6,1283.0,302.0,1279.4,0.0,0.0,154.57999999999998,2117.0,301.55,238.95000000000002,91.97999999999999,1.3445277777777775,84463.96566666664,17.630434782608695,76.08,76.91,343.4,True,2026-08-14 08:27:13-07:00
710.06,2,10,2026-08-14 15:38:57,36.90777,-121.42426,474.0,80.5,141.7,-12.5,0.01,KCVH,1.1,142.1,0.0,-2.1,-0.9,130.9,75.5,399.0,-0.3,0.01,1.0,0.0,-649.0,17.0,76.3,30.05,708.0,271.0,5.0,128.0,3500.0,0.0,0.0,129.0,0.0,0.0,5.0,0.0,-73.0,3.0,0.0,0.0,4.0,0.0,0.0,-85.0,0.0,0.0,0.0,0.0,3.0,1.0,0.0,1200.0,77.0,68.0,2107.0,2107.0,11.8,4.6,0.0,4.6,25.2,0.0,0.0,9.2,0.0,0.0,6.5,37.5,32.6,0.0,0.0,0.0,0.0,149.0,681.0,148.0,681.0,152.0,696.0,150.0,693.0,0.0,0.0,1.0,0.0,0.0,25.2,3.0,4.998,0.0,0.0,2.186,2.322,77.3,68.1,0.0,0.0,0.0,,0.0,62.6,154.4,0.0,0.0,0.0,0.0,300.2,1257.8,298.4,1257.8,305.6,1284.8,302.0,1279.4,0.0,0.0,154.57999999999998,2107.0,301.55,238.95000000000002,91.97999999999999,1.3458055555555553,84600.24833333331,17.5,75.98,76.8,343.4,True,2026-08-14 08:27:13-07:00
711.06,2,10,2026-08-14 15:38:58,36.90748,-121.42398,463.0,80.0,141.9,-12.5,0.01,KCVH,1.1,142.1,0.0,-1.8,1.0,130.9,74.3,388.0,0.3,-0.01,1.0,3.0,-670.0,17.0,75.1,30.05,695.0,272.0,5.0,128.0,3500.0,0.0,0.0,129.0,0.0,0.0,5.0,0.0,-74.0,3.0,0.0,0.0,2.0,0.0,0.0,-85.0,0.0,0.0,0.0,0.0,3.0,1.0,0.0,1200.0,77.0,68.0,2088.0,2088.0,11.9,4.7,0.0,4.7,25.1,0.0,0.0,9.2,0.0,0.0,7.1,37.5,32.6,0.0,0.0,0.0,0.0,149.0,681.0,148.0,680.0,152.0,696.0,150.0,694.0,0.0,0.0,4.0,0.0,0.0,25.1,3.0,4.998,0.0,0.0,2.158,2.318,77.0,68.2,0.0,0.0,0.0,,0.0,62.6,154.4,0.0,0.0,0.0,0.0,300.2,1257.8,298.4,1256.0,305.6,1284.8,302.0,1281.2,0.0,0.0,154.76000000000002,2088.0,301.55,238.95000000000002,92.16000000000003,1.347097222222222,84735.60333333332,17.02127659574468,74.78,75.57,343.4,True,2026-08-14 08:27:13-07:00
712.06,2,10,2026-08-14 15:38:59,36.90719,-121.4237,453.0,79.5,142.1,-12.5,0.01,KCVH,1.1,142.1,0.0,-1.7,0.4,130.9,73.1,377.0,0.2,0.01,1.0,4.0,-677.0,17.0,73.9,30.05,687.0,274.0,5.0,128.0,3500.0,0.0,0.0,129.0,0.0,0.0,5.0,0.0,-74.0,3.0,0.0,0.0,2.0,0.0,0.0,-85.0,0.0,0.0,0.0,0.0,3.0,1.0,0.0,1200.0,77.0,68.0,2076.0,2076.0,12.0,4.7,0.0,4.7,25.1,0.0,0.0,9.2,0.0,0.0,7.6,37.5,32.6,0.0,0.0,0.0,0.0,149.0,680.0,147.0,681.0,152.0,696.0,150.0,694.0,0.0,0.0,4.0,0.0,0.0,25.1,3.0,4.998,0.0,0.0,2.158,2.354,77.0,68.3,0.0,0.0,0.0,,0.0,62.6,154.4,0.0,0.0,0.0,0.0,300.2,1256.0,296.6,1257.8,305.6,1284.8,302.0,1281.2,0.0,0.0,154.94,2076.0,301.1,238.50000000000003,92.34,1.3484027777777776,84870.11499999998,16.914893617021274,73.58,74.34,343.4,True,2026-08-14 08:27:13-07:00
713.06,2,10,2026-08-14 15:39:00,36.9069,-121.42342,441.0,79.3,142.2,-12.5,0.01,KCVH,1.0,142.1,0.0,-1.5,-1.2,130.6,72.8,366.0,0.3,-0.0,1.0,4.0,-671.0,17.0,73.7,30.05,673.0,276.0,5.0,128.0,3500.0,0.0,0.0,129.0,0.0,0.0,5.0,0.0,-75.0,3.0,0.0,0.0,4.0,0.0,0.0,-84.0,0.0,0.0,0.0,0.0,3.0,0.0,0.0,1200.0,77.0,69.0,2069.0,2069.0,12.0,4.7,0.0,4.7,25.1,0.0,0.0,9.2,0.0,0.0,6.7,37.5,32.6,0.0,0.0,0.0,0.0,149.0,681.0,148.0,679.0,152.0,696.0,150.0,694.0,0.0,0.0,4.0,0.0,0.0,25.1,3.0,4.998,0.0,0.0,2.108,2.324,77.1,68.6,0.0,0.0,0.0,,0.0,62.6,156.2,0.0,0.0,0.0,0.0,300.2,1257.8,298.4,1254.2,305.6,1284.8,302.0,1281.2,0.0,0.0,155.48,2069.0,301.55,238.95000000000002,92.88,1.349708333333333,85004.03633333331,16.872340425531913,73.28,74.02,343.4,True,2026-08-14 08:27:13-07:00
714.06,2,10,2026-08-14 15:39:01,36.90661,-121.42313,431.0,78.9,141.9,-12.5,0.01,KCVH,1.0,142.1,0.0,-1.4,-0.4,129.9,73.6,355.0,-0.0,-0.01,1.0,4.0,-663.0,17.0,74.4,30.05,660.0,277.0,5.0,128.0,3500.0,0.0,0.0,129.0,0.0,0.0,5.0,0.0,-76.0,3.0,0.0,0.0,6.0,0.0,0.0,-84.0,0.0,0.0,0.0,0.0,3.0,1.0,0.0,1200.0,77.0,69.0,2083.0,2083.0,12.1,4.7,0.0,4.7,25.1,0.0,0.0,9.2,0.0,0.0,5.5,37.5,32.6,0.0,0.0,0.0,0.0,149.0,680.0,147.0,679.0,152.0,696.0,150.0,695.0,0.0,0.0,4.0,0.0,0.0,25.1,3.0,4.998,0.0,0.0,2.108,2.323,77.2,68.6,0.0,0.0,0.0,,0.0,62.6,156.2,0.0,0.0,0.0,0.0,300.2,1256.0,296.6,1254.2,305.6,1284.8,302.0,1283.0,0.0,0.0,155.48,2083.0,301.1,238.50000000000003,92.88,1.3510138888888887,85137.45166666665,16.78723404255319,74.08,74.82,343.4,True,2026-08-14 08:27:13-07:00
715.06,2,10,2026-08-14 15:39:02,36.90632,-121.42285,421.0,78.5,142.0,-12.5,0.01,KCVH,1.0,142.1,0.0,-1.5,-0.8,128.6,72.4,344.0,-1.0,0.01,1.0,1.0,-674.0,17.0,73.2,30.05,646.0,280.0,5.0,128.0,3500.0,0.0,0.0,129.0,0.0,0.0,5.0,0.0,0.0,3.0,0.0,0.0,6.0,0.0,0.0,-84.0,0.0,0.0,0.0,0.0,3.0,1.0,0.0,1200.0,77.0,69.0,2066.0,2066.0,12.2,4.7,0.0,4.7,25.1,0.0,0.0,9.2,0.0,0.0,4.9,37.5,32.6,0.0,0.0,0.0,0.0,149.0,679.0,147.0,678.0,152.0,697.0,150.0,697.0,0.0,0.0,4.0,0.0,0.0,25.1,3.0,4.998,0.0,0.0,2.122,2.305,76.9,68.6,0.0,0.0,0.0,,0.0,62.6,156.2,0.0,0.0,0.0,0.0,300.2,1254.2,296.6,1252.4,305.6,1286.6,302.0,1286.6,0.0,0.0,155.48,2066.0,301.1,238.50000000000003,92.88,1.3523194444444442,85270.19233333331,16.70212765957447,72.88000000000001,73.59,343.4,True,2026-08-14 08:27:13-07:00
716.06,2,10,2026-08-14 15:39:03,36.90604,-121.42258,411.0,78.1,141.6,-12.5,0.01,KCVH,1.0,142.1,0.0,-1.7,-0.3,129.4,73.6,334.0,-0.9,0.06,1.0,0.0,-647.0,17.0,74.4,30.05,633.0,282.0,5.0,128.0,3500.0,0.0,0.0,129.0,0.0,0.0,5.0,0.0,0.0,3.0,0.0,0.0,5.0,0.0,0.0,-83.0,0.0,0.0,0.0,0.0,3.0,0.0,0.0,1200.0,77.0,69.0,2067.0,2067.0,12.3,4.7,0.0,4.7,25.1,0.0,0.0,9.2,0.0,0.0,4.6,37.5,32.6,0.0,0.0,0.0,0.0,148.0,679.0,147.0,678.0,152.0,697.0,150.0,697.0,0.0,0.0,4.0,0.0,0.0,25.1,3.0,4.998,0.0,0.0,2.109,2.322,76.9,68.7,0.0,0.0,0.0,,0.0,62.6,156.2,0.0,0.0,0.0,0.0,298.4,1254.2,296.6,1252.4,305.6,1286.6,302.0,1286.6,0.0,0.0,155.66000000000003,2067.0,300.65,238.04999999999998,93.06000000000003,1.3536249999999999,85402.25833333332,16.617021276595743,74.08,74.79,343.4,True,2026-08-14 08:27:13-07:00
717.06,2,10,2026-08-14 15:39:04,36.90575,-121.42229,400.0,77.4,141.7,-12.5,0.01,KCVH,0.9,142.1,0.0,-2.1,0.9,130.9,73.2,324.0,0.9,-0.01,1.0,4.0,-617.0,17.0,74.0,30.05,621.0,281.0,5.0,128.0,3500.0,0.0,0.0,129.0,0.0,0.0,5.0,0.0,0.0,3.0,0.0,0.0,3.0,0.0,0.0,-83.0,0.0,0.0,0.0,0.0,3.0,1.0,0.0,1200.0,77.0,69.0,2075.0,2075.0,12.3,4.7,0.0,4.7,25.1,0.0,0.0,9.2,0.0,0.0,4.6,37.5,32.6,0.0,0.0,0.0,0.0,148.0,680.0,147.0,677.0,152.0,698.0,150.0,697.0,0.0,0.0,4.0,0.0,0.0,25.1,3.0,4.998,0.0,0.0,2.129,2.341,76.9,68.7,0.0,0.0,0.0,,0.0,62.6,156.2,0.0,0.0,0.0,0.0,298.4,1256.0,296.6,1250.6,305.6,1288.4,302.0,1286.6,0.0,0.0,155.66000000000003,2075.0,300.65,238.04999999999998,93.06000000000003,1.3549305555555553,85533.39666666665,16.46808510638298,73.68,74.37,343.4,True,2026-08-14 08:27:13-07:00
718.06,2,10,2026-08-14 15:39:05,36.90547,-121.42202,390.0,77.3,141.9,-12.5,0.01,KCVH,0.9,142.1,0.0,-2.1,1.0,129.8,71.3,312.0,-0.4,0.01,1.1,7.0,-642.0,17.0,72.0,30.05,607.0,283.0,5.0,128.0,3500.0,0.0,0.0,129.0,0.0,0.0,5.0,0.0,0.0,3.0,0.0,0.0,1.0,0.0,0.0,-84.0,0.0,0.0,0.0,0.0,3.0,1.0,0.0,1200.0,77.0,69.0,2050.0,2050.0,12.3,4.8,0.0,4.8,25.0,0.0,0.0,9.2,0.0,0.0,4.5,37.5,32.6,0.0,0.0,0.0,0.0,148.0,678.0,146.0,677.0,151.0,698.0,150.0,698.0,0.0,0.0,4.0,0.0,0.0,25.0,3.0,4.998,0.0,0.0,2.059,2.3,76.9,68.9,0.0,0.0,0.0,,0.0,62.6,156.2,0.0,0.0,0.0,0.0,298.4,1252.4,294.8,1250.6,303.8,1288.4,302.0,1288.4,0.0,0.0,156.02,2050.0,299.75,237.15,93.42000000000002,1.3562499999999997,85663.86033333332,16.104166666666668,71.78,72.44,343.4,True,2026-08-14 08:27:13-07:00
719.06,2,10,2026-08-14 15:39:06,36.90519,-121.42175,382.0,77.2,141.9,-12.5,0.01,KCVH,0.9,142.1,0.0,-2.2,-1.1,129.4,71.4,303.0,-0.6,0.03,0.9,0.0,-612.0,17.0,72.2,30.05,596.0,285.0,5.0,128.0,3500.0,0.0,0.0,129.0,0.0,0.0,5.0,0.0,0.0,3.0,0.0,0.0,8.0,0.0,0.0,-82.0,0.0,0.0,0.0,0.0,3.0,1.0,0.0,1200.0,77.0,69.0,2037.0,2037.0,12.4,4.7,0.0,4.7,25.0,0.0,0.0,9.2,0.0,0.0,4.2,37.5,32.6,0.0,0.0,0.0,0.0,148.0,677.0,146.0,677.0,152.0,698.0,150.0,699.0,0.0,0.0,4.0,0.0,0.0,25.0,3.0,4.998,0.0,0.0,2.112,2.399,76.7,69.0,0.0,0.0,0.0,,0.0,62.6,156.2,0.0,0.0,0.0,0.0,298.4,1250.6,294.8,1250.6,305.6,1288.4,302.0,1290.2,0.0,0.0,156.2,2037.0,300.20000000000005,237.60000000000005,93.6,1.3575694444444442,85794.15533333331,16.425531914893618,71.88000000000001,72.53,343.4,True,2026-08-14 08:27:13-07:00
720.06,2,10,2026-08-14 15:39:07,36.90491,-121.42147,371.0,76.8,141.5,-12.5,0.01,KCVH,0.9,142.1,0.0,-1.4,2.2,130.7,70.6,294.0,0.9,0.02,1.0,7.0,-571.0,17.0,71.3,30.05,585.0,285.0,5.0,128.0,3500.0,0.0,0.0,129.0,0.0,0.0,5.0,0.0,0.0,3.0,0.0,0.0,2.0,0.0,0.0,-83.0,0.0,0.0,0.0,0.0,3.0,1.0,0.0,1200.0,76.0,69.0,2018.0,2018.0,12.4,4.7,0.0,4.7,25.0,0.0,0.0,9.2,0.0,0.0,4.1,37.5,32.6,0.0,0.0,0.0,0.0,148.0,678.0,146.0,677.0,151.0,697.0,150.0,699.0,0.0,0.0,4.0,0.0,0.0,25.0,3.0,4.998,0.0,0.0,2.051,2.273,76.2,69.0,0.0,0.0,0.0,,0.0,62.6,156.2,0.0,0.0,0.0,0.0,298.4,1252.4,294.8,1250.6,303.8,1286.6,302.0,1290.2,0.0,0.0,156.2,2018.0,299.75,237.15,93.6,1.3588749999999998,85924.02866666665,16.340425531914892,71.08,71.71,343.4,True,2026-08-14 08:27:13-07:00
721.06,2,10,2026-08-14 15:39:08,36.90463,-121.4212,360.0,76.8,141.9,-12.5,0.01,KCVH,0.9,142.1,0.0,-1.3,0.1,128.9,70.1,285.0,0.0,-0.0,1.0,7.0,-597.0,17.0,70.8,30.05,573.0,288.0,5.0,128.0,3500.0,0.0,0.0,129.0,0.0,0.0,5.0,0.0,0.0,3.0,0.0,0.0,7.0,0.0,0.0,-83.0,0.0,0.0,0.0,0.0,3.0,1.0,0.0,1200.0,76.0,69.0,1996.0,1996.0,12.4,4.7,0.0,4.7,25.1,0.0,0.0,9.2,0.0,0.0,4.1,37.5,32.6,0.0,0.0,0.0,0.0,148.0,677.0,146.0,678.0,151.0,698.0,150.0,700.0,0.0,0.0,4.0,0.0,0.0,25.1,3.0,4.998,0.0,0.0,2.058,2.322,75.8,69.0,0.0,0.0,0.0,,0.0,62.6,156.2,0.0,0.0,0.0,0.0,298.4,1250.6,294.8,1252.4,303.8,1288.4,302.0,1292.0,0.0,0.0,156.2,1996.0,299.75,237.15,93.6,1.3601805555555553,86053.56466666664,16.340425531914892,70.58,71.19,343.4,True,2026-08-14 08:27:13-07:00
722.06,2,10,2026-08-14 15:39:09,36.90435,-121.42092,350.0,76.6,141.7,-12.5,0.01,KCVH,0.8,142.1,0.0,-1.7,-0.0,127.9,72.3,273.0,-0.9,0.04,1.0,4.0,-640.0,17.0,73.0,30.05,559.0,290.0,5.0,128.0,3500.0,0.0,0.0,129.0,0.0,0.0,5.0,0.0,0.0,3.0,0.0,0.0,5.0,0.0,0.0,-83.0,0.0,0.0,0.0,0.0,3.0,0.0,0.0,1200.0,76.0,69.0,2016.0,2016.0,12.3,4.6,0.0,4.6,24.9,0.0,0.0,9.2,0.0,0.0,4.2,37.5,32.6,0.0,0.0,0.0,0.0,148.0,677.0,146.0,678.0,151.0,697.0,150.0,700.0,0.0,0.0,4.0,0.0,0.0,24.9,3.0,4.998,0.0,0.0,2.068,2.373,75.8,69.1,0.0,0.0,0.0,,0.0,62.6,156.2,0.0,0.0,0.0,0.0,298.4,1250.6,294.8,1252.4,303.8,1286.6,302.0,1292.0,0.0,0.0,156.38,2016.0,299.75,237.15,93.78,1.361472222222222,86182.93199999999,16.652173913043477,72.78,73.39,343.4,True,2026-08-14 08:27:13-07:00
723.06,2,10,2026-08-14 15:39:10,36.90407,-121.42065,341.0,76.3,141.6,-12.5,0.01,KCVH,0.8,142.2,0.0,-2.3,2.2,129.2,72.1,265.0,0.3,0.02,1.0,4.0,-584.0,17.0,72.7,30.05,548.0,291.0,5.0,128.0,3500.0,0.0,0.0,129.0,0.0,0.0,5.0,0.0,0.0,3.0,0.0,0.0,1.0,0.0,0.0,-83.0,0.0,0.0,0.0,0.0,3.0,1.0,0.0,1200.0,76.0,69.0,2005.0,2005.0,12.2,4.6,0.0,4.6,25.0,0.0,0.0,9.2,0.0,0.0,4.3,37.5,32.6,0.0,0.0,0.0,0.0,148.0,678.0,146.0,680.0,151.0,697.0,150.0,701.0,0.0,0.0,4.0,0.0,0.0,25.0,3.0,4.998,0.0,0.0,2.069,2.369,75.9,69.3,0.0,0.0,0.0,,0.0,62.6,156.2,0.0,0.0,0.0,0.0,298.4,1252.4,294.8,1256.0,303.8,1286.6,302.0,1293.8,0.0,0.0,156.73999999999998,2005.0,299.75,237.15,94.13999999999999,1.36275,86311.87766666665,16.586956521739133,72.58,73.18,343.4,True,2026-08-14 08:27:13-07:00
724.06,2,10,2026-08-14 15:39:11,36.9038,-121.42037,332.0,75.8,141.7,-12.5,0.01,KCVH,0.8,142.2,0.0,-2.7,0.7,129.2,70.8,255.0,0.1,0.01,0.9,0.0,-583.0,17.0,71.5,30.05,537.0,292.0,5.0,128.0,3500.0,0.0,0.0,129.0,0.0,0.0,5.0,0.0,0.0,3.0,0.0,0.0,5.0,0.0,0.0,-84.0,0.0,0.0,0.0,0.0,3.0,0.0,0.0,1200.0,75.0,69.0,1947.0,1947.0,11.9,4.5,0.0,4.5,25.1,0.0,0.0,9.2,0.0,0.0,4.1,37.5,32.6,0.0,0.0,0.0,0.0,148.0,681.0,146.0,681.0,151.0,698.0,150.0,699.0,0.0,0.0,4.0,0.0,0.0,25.1,3.0,4.998,0.0,0.0,2.14,2.415,75.0,69.4,0.0,0.0,0.0,,0.0,62.6,156.2,0.0,0.0,0.0,0.0,298.4,1257.8,294.8,1257.8,303.8,1288.4,302.0,1290.2,0.0,0.0,156.92000000000002,1947.0,299.75,237.15,94.32000000000002,1.3640138888888886,86440.14866666665,16.844444444444445,71.28,71.86,343.4,True,2026-08-14 08:27:13-07:00
725.06,2,10,2026-08-14 15:39:12,36.90352,-121.4201,320.0,75.2,141.5,-12.5,0.01,KCVH,0.8,142.2,0.0,-3.0,1.2,129.4,70.5,244.0,0.1,0.01,1.0,4.0,-624.0,17.0,71.2,30.05,522.0,293.0,5.0,128.0,3500.0,0.0,0.0,129.0,0.0,0.0,5.0,0.0,0.0,3.0,0.0,0.0,6.0,0.0,0.0,-83.0,0.0,0.0,0.0,0.0,3.0,0.0,0.0,1200.0,74.0,69.0,1912.0,1912.0,11.9,4.4,0.0,4.4,25.1,0.0,0.0,9.2,0.0,0.0,4.0,37.5,32.6,0.0,0.0,0.0,0.0,147.0,684.0,145.0,683.0,151.0,697.0,149.0,697.0,0.0,0.0,4.0,0.0,0.0,25.1,3.0,4.998,0.0,0.0,2.019,2.369,73.9,69.3,0.0,0.0,0.0,,0.0,62.6,156.2,0.0,0.0,0.0,0.0,296.6,1263.2,293.0,1261.4,303.8,1286.6,300.2,1286.6,0.0,0.0,156.73999999999998,1912.0,298.4,235.79999999999998,94.13999999999999,1.3652499999999999,86567.49199999998,17.09090909090909,70.98,71.54,343.4,True,2026-08-14 08:27:13-07:00
726.06,2,10,2026-08-14 15:39:13,36.90325,-121.41984,307.0,75.0,141.5,-12.5,0.01,KCVH,0.8,142.2,0.0,-2.9,0.9,130.2,71.0,231.0,0.4,0.03,1.1,7.0,-667.0,17.0,71.6,30.05,507.0,292.0,4.0,128.0,3500.0,0.0,0.0,129.0,0.0,0.0,5.0,0.0,0.0,3.0,0.0,0.0,7.0,0.0,0.0,-83.0,0.0,0.0,0.0,0.0,3.0,1.0,0.0,1200.0,73.0,69.0,1905.0,1905.0,11.7,4.3,0.0,4.3,25.1,0.0,0.0,9.2,0.0,0.0,4.1,37.5,32.6,0.0,0.0,0.0,0.0,147.0,685.0,145.0,685.0,151.0,698.0,149.0,698.0,0.0,0.0,4.0,0.0,0.0,25.1,3.0,4.998,0.0,0.0,2.024,2.369,73.4,69.4,0.0,0.0,0.0,,0.0,62.6,156.2,0.0,0.0,0.0,0.0,296.6,1265.0,293.0,1265.0,303.8,1288.4,300.2,1288.4,0.0,0.0,156.92000000000002,1905.0,298.4,235.79999999999998,94.32000000000002,1.366458333333333,86694.16066666665,17.441860465116278,71.48,72.03,343.4,True,2026-08-14 08:27:13-07:00
727.06,2,10,2026-08-14 15:39:14,36.90298,-121.41956,295.0,74.7,141.8,-12.5,0.01,KCVH,0.7,142.2,0.0,-3.2,1.7,131.0,70.6,219.0,0.8,0.01,1.0,3.0,-687.0,17.0,71.2,30.05,496.0,291.0,4.0,128.0,3500.0,0.0,0.0,129.0,0.0,0.0,5.0,0.0,0.0,3.0,0.0,0.0,2.0,0.0,0.0,-83.0,0.0,0.0,0.0,0.0,3.0,1.0,0.0,1200.0,74.0,69.0,1898.0,1898.0,11.7,4.3,0.0,4.3,25.1,0.0,0.0,9.2,0.0,0.0,4.2,37.5,32.6,0.0,0.0,0.0,0.0,147.0,688.0,145.0,689.0,151.0,699.0,149.0,699.0,0.0,0.0,4.0,0.0,0.0,25.1,3.0,4.998,0.0,0.0,2.109,2.419,73.5,69.4,0.0,0.0,0.0,,0.0,62.6,156.2,0.0,0.0,0.0,0.0,296.6,1270.4,293.0,1272.2,303.8,1290.2,300.2,1290.2,0.0,0.0,156.92000000000002,1898.0,298.4,235.79999999999998,94.32000000000002,1.3676527777777776,86820.40766666665,17.372093023255815,71.08,71.61,343.4,True,2026-08-14 08:27:13-07:00
728.06,2,10,2026-08-14 15:39:15,36.90271,-121.4193,281.0,74.4,141.8,-12.5,0.01,KCVH,0.7,142.2,0.0,-2.5,-0.1,130.7,69.2,205.0,0.1,-0.0,1.0,10.0,-749.0,17.0,69.8,30.05,482.0,291.0,4.0,128.0,3500.0,0.0,0.0,129.0,0.0,0.0,5.0,0.0,0.0,3.0,0.0,0.0,6.0,0.0,0.0,-83.0,0.0,0.0,0.0,0.0,3.0,1.0,0.0,1200.0,73.0,70.0,1885.0,1885.0,11.8,4.2,0.0,4.2,25.1,0.0,0.0,9.2,0.0,0.0,4.2,37.5,32.6,0.0,0.0,0.0,0.0,147.0,691.0,145.0,690.0,150.0,699.0,149.0,700.0,0.0,0.0,4.0,0.0,0.0,25.1,3.0,4.998,0.0,0.0,2.057,2.389,73.3,69.6,0.0,0.0,0.0,,0.0,62.6,158.0,0.0,0.0,0.0,0.0,296.6,1275.8,293.0,1274.0,302.0,1290.2,300.2,1292.0,0.0,0.0,157.28,1885.0,297.95000000000005,235.35000000000005,94.68,1.3688333333333331,86946.14866666665,17.714285714285715,69.68,70.18,343.4,True,2026-08-14 08:27:13-07:00
729.06,2,10,2026-08-14 15:39:16,36.90243,-121.41904,269.0,74.2,142.0,-12.5,0.01,KCVH,0.7,142.2,0.0,-2.0,-0.2,129.1,69.2,193.0,-1.1,0.04,1.1,9.0,-747.0,17.0,69.8,30.05,463.0,293.0,4.0,128.0,3500.0,0.0,0.0,129.0,0.0,0.0,5.0,0.0,0.0,3.0,0.0,0.0,4.0,0.0,0.0,-83.0,0.0,0.0,0.0,0.0,3.0,0.0,0.0,1200.0,73.0,70.0,1878.0,1878.0,11.8,4.2,0.0,4.2,25.2,0.0,0.0,9.2,0.0,0.0,4.0,37.5,32.6,0.0,0.0,0.0,0.0,147.0,694.0,145.0,692.0,150.0,699.0,149.0,700.0,0.0,0.0,4.0,0.0,0.0,25.2,3.0,4.998,0.0,0.0,2.01,2.406,73.1,69.7,0.0,0.0,0.0,,0.0,62.6,158.0,0.0,0.0,0.0,0.0,296.6,1281.2,293.0,1277.6,302.0,1290.2,300.2,1292.0,0.0,0.0,157.46,1878.0,297.95000000000005,235.35000000000005,94.86000000000001,1.3699999999999999,87071.46799999998,17.666666666666668,69.68,70.17,343.4,True,2026-08-14 08:27:13-07:00
730.06,2,10,2026-08-14 15:39:17,36.90216,-121.41877,258.0,74.1,141.6,-12.5,0.01,KCVH,0.7,142.2,0.0,-2.1,-1.3,130.5,69.0,180.0,0.2,0.01,1.0,7.0,-767.0,17.0,69.6,30.05,454.0,293.0,4.0,128.0,3500.0,0.0,0.0,129.0,0.0,0.0,5.0,0.0,0.0,3.0,0.0,0.0,5.0,0.0,0.0,-82.0,0.0,0.0,0.0,0.0,3.0,1.0,0.0,1200.0,73.0,70.0,1880.0,1880.0,11.9,4.1,0.0,4.1,25.2,0.0,0.0,9.2,0.0,0.0,3.9,37.5,32.6,0.0,0.0,0.0,0.0,147.0,694.0,145.0,692.0,150.0,699.0,149.0,702.0,0.0,0.0,4.0,0.0,0.0,25.2,3.0,4.998,0.0,0.0,2.061,2.374,73.3,69.7,0.0,0.0,0.0,,0.0,62.6,158.0,0.0,0.0,0.0,0.0,296.6,1281.2,293.0,1277.6,302.0,1290.2,300.2,1295.6,0.0,0.0,157.46,1880.0,297.95000000000005,235.35000000000005,94.86000000000001,1.3711527777777777,87196.53433333331,18.073170731707318,69.48,69.95,343.4,True,2026-08-14 08:27:13-07:00
731.06,2,10,2026-08-14 15:39:18,36.90189,-121.4185,244.0,73.7,141.5,-12.5,0.01,KCVH,0.6,142.3,0.0,-1.8,-0.7,130.3,68.8,168.0,0.0,0.01,1.0,7.0,-741.0,17.0,69.4,30.05,440.0,292.0,4.0,128.0,3500.0,0.0,0.0,129.0,0.0,0.0,5.0,0.0,0.0,3.0,0.0,0.0,7.0,0.0,0.0,-81.0,0.0,0.0,0.0,0.0,3.0,0.0,0.0,1200.0,73.0,70.0,1876.0,1876.0,11.9,4.1,0.0,4.1,25.2,0.0,0.0,9.2,0.0,0.0,4.0,37.5,32.6,0.0,0.0,0.0,0.0,147.0,696.0,144.0,693.0,150.0,700.0,149.0,702.0,0.0,0.0,4.0,0.0,0.0,25.2,3.0,4.998,0.0,0.0,2.058,2.372,73.3,69.7,0.0,0.0,0.0,,0.0,62.6,158.0,0.0,0.0,0.0,0.0,296.6,1284.8,291.2,1279.4,302.0,1292.0,300.2,1295.6,0.0,0.0,157.46,1876.0,297.5,234.9,94.86000000000001,1.3722916666666665,87321.17899999997,17.975609756097562,69.28,69.73,343.4,True,2026-08-14 08:27:13-07:00
732.06,2,10,2026-08-14 15:39:19,36.90163,-121.41824,232.0,73.5,141.4,-12.5,0.01,KCVH,0.6,142.3,0.0,-0.3,0.9,131.3,67.6,156.0,0.5,0.01,1.1,13.0,-739.0,17.0,68.2,30.05,425.0,291.0,5.0,128.0,3500.0,0.0,0.0,129.0,0.0,0.0,5.0,0.0,0.0,3.0,0.0,0.0,4.0,0.0,0.0,-80.0,0.0,0.0,0.0,0.0,3.0,0.0,0.0,1200.0,73.0,70.0,1861.0,1861.0,11.9,4.1,0.0,4.1,25.2,0.0,0.0,9.2,0.0,0.0,4.1,37.5,32.6,0.0,0.0,0.0,0.0,146.0,697.0,144.0,694.0,150.0,700.0,149.0,701.0,0.0,0.0,4.0,0.0,0.0,25.2,3.0,4.998,0.0,0.0,2.058,2.361,73.0,69.8,0.0,0.0,0.0,,0.0,62.6,158.0,0.0,0.0,0.0,0.0,294.8,1286.6,291.2,1281.2,302.0,1292.0,300.2,1293.8,0.0,0.0,157.64,1861.0,297.05,234.45000000000002,95.03999999999999,1.3734305555555553,87445.31766666664,17.926829268292686,68.08,68.51,343.4,True,2026-08-14 08:27:13-07:00
733.06,2,10,2026-08-14 15:39:20,36.90136,-121.41798,220.0,72.9,141.9,-12.5,0.01,KCVH,0.6,142.3,0.0,1.9,0.6,130.7,67.3,144.0,-0.1,0.01,1.2,22.0,-740.0,17.0,67.8,30.05,410.0,291.0,5.0,128.0,3500.0,0.0,0.0,129.0,0.0,0.0,5.0,0.0,0.0,3.0,0.0,0.0,3.0,0.0,0.0,-79.0,0.0,0.0,0.0,0.0,3.0,1.0,0.0,1200.0,73.0,70.0,1836.0,1836.0,12.0,4.1,0.0,4.1,25.2,0.0,0.0,9.2,0.0,0.0,4.3,37.5,32.6,0.0,0.0,0.0,0.0,146.0,699.0,144.0,695.0,150.0,699.0,149.0,701.0,0.0,0.0,4.0,0.0,0.0,25.2,3.0,4.998,0.0,0.0,2.014,2.322,72.9,70.0,0.0,0.0,0.0,,0.0,62.6,158.0,0.0,0.0,0.0,0.0,294.8,1290.2,291.2,1283.0,302.0,1290.2,300.2,1293.8,0.0,0.0,158.0,1836.0,297.05,234.45000000000002,95.4,1.3745694444444443,87568.78166666665,17.780487804878053,67.78,68.19,343.4,True,2026-08-14 08:27:13-07:00
734.06,2,10,2026-08-14 15:39:21,36.9011,-121.41772,213.0,72.3,142.0,-12.5,0.01,KCVH,0.6,142.3,0.0,3.3,-2.4,130.5,67.2,135.0,-0.3,0.01,1.2,18.0,-651.0,17.0,67.7,30.05,399.0,292.0,5.0,128.0,3500.0,0.0,0.0,129.0,0.0,0.0,5.0,0.0,0.0,3.0,0.0,0.0,6.0,0.0,0.0,-79.0,0.0,0.0,0.0,0.0,3.0,0.0,0.0,1200.0,72.0,70.0,1780.0,1780.0,12.0,4.0,0.0,4.0,25.2,0.0,0.0,9.2,0.0,0.0,4.1,37.5,32.6,0.0,0.0,0.0,0.0,146.0,700.0,144.0,695.0,150.0,698.0,149.0,700.0,0.0,0.0,4.0,0.0,0.0,25.2,3.0,4.998,0.0,0.0,2.046,2.297,71.9,70.1,0.0,0.0,0.0,,0.0,62.6,158.0,0.0,0.0,0.0,0.0,294.8,1292.0,291.2,1283.0,302.0,1288.4,300.2,1292.0,0.0,0.0,158.18,1780.0,297.05,234.45000000000002,95.58000000000001,1.3756944444444443,87691.23366666665,18.075,67.68,68.08,343.4,True,2026-08-14 08:27:13-07:00
735.06,2,10,2026-08-14 15:39:22,36.90084,-121.41747,210.0,70.2,141.2,-12.5,0.01,KCVH,0.6,142.3,0.0,3.4,-0.7,131.7,63.6,129.0,0.5,-0.01,1.0,15.0,-543.0,17.0,64.1,30.05,391.0,290.0,5.0,128.0,3500.0,0.0,0.0,129.0,0.0,0.0,5.0,0.0,0.0,3.0,0.0,0.0,9.0,0.0,0.0,-74.0,0.0,0.0,0.0,0.0,3.0,0.0,0.0,1200.0,65.0,70.0,1473.0,1473.0,8.8,3.6,0.0,3.6,25.6,0.0,0.0,9.2,0.0,0.0,4.1,37.5,32.6,0.0,0.0,0.0,0.0,146.0,693.0,144.0,688.0,150.0,697.0,149.0,697.0,0.0,0.0,4.0,0.0,0.0,25.6,3.0,4.998,0.0,0.0,2.113,2.4,65.3,70.0,0.0,0.0,0.0,,0.0,62.6,158.0,0.0,0.0,0.0,0.0,294.8,1279.4,291.2,1270.4,302.0,1286.6,300.2,1286.6,0.0,0.0,158.0,1473.0,297.05,234.45000000000002,95.4,1.37675,87811.40866666664,19.5,64.08,64.45,343.4,True,2026-08-14 08:27:13-07:00
736.06,2,10,2026-08-14 15:39:23,36.90059,-121.41722,206.0,68.0,141.9,-12.5,0.01,KCVH,0.5,142.4,0.0,4.9,0.5,130.0,60.2,122.0,-0.6,-0.02,1.1,26.0,-494.0,17.0,60.6,30.05,383.0,292.0,5.0,128.0,3500.0,0.0,0.0,129.0,0.0,0.0,5.0,0.0,0.0,3.0,0.0,0.0,8.0,0.0,0.0,-76.0,0.0,0.0,0.0,0.0,3.0,1.0,0.0,1200.0,62.0,70.0,1380.0,1380.0,8.6,3.1,0.0,3.1,25.5,0.0,0.0,9.2,0.0,0.0,4.2,37.5,32.6,0.0,0.0,0.0,0.0,146.0,687.0,144.0,680.0,150.0,694.0,149.0,692.0,0.0,0.0,4.0,0.0,0.0,25.5,3.0,4.998,0.0,0.0,2.021,2.275,62.2,70.0,0.0,0.0,0.0,,0.0,62.6,158.0,0.0,0.0,0.0,0.0,294.8,1268.6,291.2,1256.0,302.0,1281.2,300.2,1277.6,0.0,0.0,158.0,1380.0,297.05,234.45000000000002,95.4,1.3776805555555554,87927.95733333331,21.93548387096774,60.68,61.02,343.4,True,2026-08-14 08:27:13-07:00
737.06,2,10,2026-08-14 15:39:24,36.90034,-121.41698,204.0,65.9,142.3,-12.5,0.01,KCVH,0.5,142.4,0.0,5.9,-0.2,128.4,58.2,116.0,-1.4,0.01,1.1,27.0,-434.0,17.0,58.6,30.05,376.0,295.0,5.0,128.0,3500.0,0.0,0.0,129.0,0.0,0.0,5.0,0.0,0.0,3.0,0.0,0.0,6.0,0.0,0.0,-68.0,0.0,0.0,0.0,0.0,3.0,1.0,0.0,1200.0,61.0,70.0,1337.0,1337.0,8.5,2.7,0.0,2.7,25.4,0.0,0.0,9.2,0.0,0.0,4.4,37.5,32.6,0.0,0.0,0.0,0.0,146.0,683.0,143.0,679.0,149.0,690.0,148.0,688.0,0.0,0.0,4.0,0.0,0.0,25.4,3.0,4.998,0.0,0.0,2.012,2.262,61.0,70.1,0.0,0.0,0.0,,0.0,62.6,158.0,0.0,0.0,0.0,0.0,294.8,1261.4,289.4,1254.2,300.2,1274.0,298.4,1270.4,0.0,0.0,158.18,1337.0,295.7,233.1,95.58000000000001,1.3784861111111109,88040.87966666665,24.40740740740741,58.68,59.01,343.4,True,2026-08-14 08:27:13-07:00
738.06,2,10,2026-08-14 15:39:25,36.9001,-121.41675,204.0,63.7,142.0,-12.5,0.01,KCVH,0.5,142.4,0.0,6.1,-2.0,129.3,56.4,115.0,-0.1,-0.01,1.0,32.0,-326.0,17.0,56.8,30.05,374.0,296.0,5.0,128.0,3500.0,0.0,0.0,129.0,0.0,0.0,5.0,0.0,0.0,3.0,0.0,0.0,9.0,0.0,0.0,-60.0,0.0,0.0,0.0,0.0,3.0,1.0,0.0,1200.0,61.0,70.0,1311.0,1311.0,8.6,2.5,0.0,2.5,25.4,0.0,0.0,9.2,0.0,0.0,4.6,37.5,32.6,0.0,0.0,0.0,0.0,146.0,678.0,143.0,678.0,149.0,685.0,148.0,683.0,0.0,0.0,4.0,0.0,0.0,25.4,3.0,4.998,0.0,0.0,1.978,2.271,60.5,70.1,0.0,0.0,0.0,,0.0,62.6,158.0,0.0,0.0,0.0,0.0,294.8,1252.4,289.4,1252.4,300.2,1265.0,298.4,1261.4,0.0,0.0,158.18,1311.0,295.7,233.1,95.58000000000001,1.3792083333333331,88150.17566666665,25.48,56.879999999999995,57.2,343.4,True,2026-08-14 08:27:13-07:00
739.06,2,10,2026-08-14 15:39:26,36.89988,-121.41653,204.0,61.7,142.4,-12.5,0.01,KCVH,0.5,142.4,0.0,6.3,-1.6,128.3,54.7,112.0,-0.5,0.0,1.0,32.0,-236.0,17.0,55.1,30.05,371.0,299.0,5.0,128.0,3500.0,0.0,0.0,129.0,0.0,0.0,5.0,0.0,0.0,3.0,0.0,0.0,10.0,0.0,0.0,-62.0,0.0,0.0,0.0,0.0,3.0,1.0,0.0,1200.0,60.0,70.0,1280.0,1280.0,8.8,2.3,0.0,2.3,25.4,0.0,0.0,9.2,0.0,0.0,4.6,37.5,32.6,0.0,0.0,0.0,0.0,145.0,673.0,143.0,677.0,149.0,679.0,148.0,677.0,0.0,0.0,4.0,0.0,0.0,25.4,3.0,4.998,0.0,0.0,2.0,2.242,59.7,70.2,0.0,0.0,0.0,,0.0,62.6,158.0,0.0,0.0,0.0,0.0,293.0,1243.4,289.4,1250.6,300.2,1254.2,298.4,1250.6,0.0,0.0,158.36,1280.0,295.25,232.65,95.76000000000002,1.3798749999999997,88255.92966666665,26.826086956521742,55.18,55.48,343.4,True,2026-08-14 08:27:13-07:00
740.06,2,10,2026-08-14 15:39:27,36.89965,-121.41631,204.0,59.4,141.8,-12.5,0.01,KCVH,0.5,142.4,0.0,6.4,-1.4,129.1,52.0,111.0,0.1,0.0,1.0,34.0,-180.0,17.0,52.4,30.05,369.0,300.0,5.0,128.0,3500.0,0.0,0.0,129.0,0.0,0.0,5.0,0.0,0.0,3.0,0.0,0.0,7.0,0.0,0.0,-72.0,0.0,0.0,0.0,0.0,3.0,1.0,0.0,1200.0,59.0,70.0,1258.0,1258.0,9.0,2.1,0.0,2.1,25.3,0.0,0.0,9.2,0.0,0.0,4.4,37.5,32.6,0.0,0.0,0.0,0.0,145.0,667.0,143.0,671.0,149.0,671.0,148.0,672.0,0.0,0.0,4.0,0.0,0.0,25.3,3.0,4.998,0.0,0.0,2.131,2.267,59.3,70.1,0.0,0.0,0.0,,0.0,62.6,158.0,0.0,0.0,0.0,0.0,293.0,1232.6,289.4,1239.8,300.2,1239.8,298.4,1241.6,0.0,0.0,158.18,1258.0,295.25,232.65,95.58000000000001,1.3804861111111109,88358.05733333332,28.285714285714285,52.48,52.77,343.4,True,2026-08-14 08:27:13-07:00
741.06,2,10,2026-08-14 15:39:28,36.89944,-121.41611,205.0,57.6,141.6,-12.5,0.01,KCVH,0.5,142.4,0.0,5.6,-1.7,129.7,50.1,110.0,0.4,-0.01,1.0,34.0,-73.0,17.0,50.5,30.05,368.0,301.0,5.0,128.0,3500.0,0.0,0.0,129.0,0.0,0.0,5.0,0.0,0.0,3.0,0.0,0.0,8.0,0.0,0.0,-83.0,0.0,0.0,0.0,0.0,3.0,0.0,0.0,1200.0,59.0,70.0,1229.0,1229.0,9.1,2.0,0.0,2.0,25.3,0.0,0.0,9.2,0.0,0.0,4.5,37.5,32.6,0.0,0.0,0.0,0.0,145.0,661.0,143.0,665.0,149.0,663.0,148.0,666.0,0.0,0.0,4.0,0.0,0.0,25.3,3.0,4.998,0.0,0.0,2.009,2.253,58.8,70.0,0.0,0.0,0.0,,0.0,62.6,158.0,0.0,0.0,0.0,0.0,293.0,1221.8,289.4,1229.0,300.2,1225.4,298.4,1230.8,0.0,0.0,158.0,1229.0,295.25,232.65,95.4,1.3810555555555553,88456.72733333331,28.8,50.58,50.86,343.4,True,2026-08-14 08:27:13-07:00
742.06,2,10,2026-08-14 15:39:29,36.89923,-121.4159,206.0,56.0,142.1,-12.5,0.01,KCVH,0.4,142.4,0.0,3.4,-1.5,129.8,50.0,110.0,0.3,-0.01,0.9,21.0,4.0,17.0,50.4,30.05,368.0,301.0,5.0,128.0,3500.0,0.0,0.0,129.0,0.0,0.0,5.0,0.0,0.0,3.0,0.0,0.0,8.0,0.0,0.0,-93.0,0.0,0.0,0.0,0.0,3.0,0.0,0.0,1200.0,59.0,70.0,1217.0,1217.0,9.2,1.9,0.0,1.9,25.4,0.0,0.0,9.2,0.0,0.0,4.7,37.5,32.6,0.0,0.0,0.0,0.0,145.0,656.0,142.0,663.0,149.0,656.0,148.0,661.0,0.0,0.0,4.0,0.0,0.0,25.4,3.0,4.998,0.0,0.0,2.128,2.223,58.7,70.0,0.0,0.0,0.0,,0.0,62.6,158.0,0.0,0.0,0.0,0.0,293.0,1212.8,287.6,1225.4,300.2,1212.8,298.4,1221.8,0.0,0.0,158.0,1217.0,294.79999999999995,232.19999999999996,95.4,1.381597222222222,88552.52999999998,29.47368421052632,50.48,50.76,343.4,True,2026-08-14 08:27:13-07:00
743.06,2,10,2026-08-14 15:39:12,36.89903,-121.4157,206.0,54.4,142.2,-12.5,0.01,KCVH,0.4,142.5,0.0,3.8,-1.2,130.1,49.8,110.0,0.3,-0.02,1.0,22.0,3.0,17.0,50.2,30.05,368.0,301.0,5.0,128.0,3500.0,0.0,0.0,129.0,0.0,0.0,5.0,0.0,0.0,3.0,0.0,0.0,7.0,0.0,0.0,-96.0,0.0,0.0,0.0,0.0,3.0,1.0,0.0,1200.0,58.0,70.0,1210.0,1210.0,9.3,1.8,0.0,1.8,25.4,0.0,0.0,9.2,0.0,0.0,4.7,37.5,32.6,0.0,0.0,0.0,0.0,145.0,651.0,142.0,660.0,149.0,648.0,147.0,656.0,0.0,0.0,4.0,0.0,0.0,25.4,3.0,4.998,0.0,0.0,2.094,2.19,58.2,70.0,0.0,0.0,0.0,,0.0,62.6,158.0,0.0,0.0,0.0,0.0,293.0,1203.8,287.6,1220.0,300.2,1198.4,296.6,1212.8,0.0,0.0,158.0,1210.0,294.35,231.75000000000003,95.4,1.3821111111111108,88645.63399999998,30.22222222222222,50.279999999999994,50.55,343.4,True,2026-08-14 08:27:13-07:00
744.06,2,10,2026-08-14 15:39:13,36.89883,-121.41552,206.0,52.7,142.0,-12.5,0.01,KCVH,0.4,142.5,0.0,3.0,-1.0,131.2,48.0,110.0,0.5,-0.03,1.0,23.0,38.0,17.0,48.3,30.05,358.0,301.0,5.0,128.0,3500.0,0.0,0.0,129.0,0.0,0.0,5.0,0.0,0.0,3.0,0.0,0.0,7.0,0.0,0.0,-100.0,0.0,0.0,0.0,0.0,3.0,0.0,0.0,1200.0,58.0,70.0,1186.0,1186.0,9.3,1.8,0.0,1.8,25.4,0.0,0.0,9.2,0.0,0.0,4.7,37.5,32.6,0.0,0.0,0.0,0.0,145.0,647.0,142.0,656.0,148.0,642.0,147.0,652.0,0.0,0.0,4.0,0.0,0.0,25.4,3.0,4.998,0.0,0.0,2.15,2.198,58.0,70.1,0.0,0.0,0.0,,0.0,62.6,158.0,0.0,0.0,0.0,0.0,293.0,1196.6,287.6,1212.8,298.4,1187.6,296.6,1205.6,0.0,0.0,158.18,1186.0,293.9,231.29999999999998,95.58000000000001,1.382611111111111,88735.95499999999,29.27777777777778,48.48,48.74,343.4,True,2026-08-14 08:27:13-07:00
745.06,2,10,2026-08-14 15:39:14,36.89864,-121.41534,206.0,51.1,143.1,-12.5,0.01,KCVH,0.4,142.5,0.0,2.1,-1.1,130.8,46.8,110.0,0.1,-0.03,1.0,13.0,60.0,17.0,47.1,30.05,358.0,301.0,5.0,128.0,3500.0,0.0,0.0,129.0,0.0,0.0,5.0,0.0,0.0,3.0,0.0,0.0,7.0,0.0,0.0,-104.0,0.0,0.0,0.0,0.0,3.0,1.0,0.0,1200.0,58.0,70.0,1186.0,1186.0,9.5,1.8,0.0,1.8,25.4,0.0,0.0,9.2,0.0,0.0,4.5,37.5,32.6,0.0,0.0,0.0,0.0,145.0,643.0,142.0,653.0,148.0,637.0,147.0,647.0,0.0,0.0,4.0,0.0,0.0,25.4,3.0,4.998,0.0,0.0,2.15,2.183,57.9,70.0,0.0,0.0,0.0,,0.0,62.6,158.0,0.0,0.0,0.0,0.0,293.0,1189.4,287.6,1207.4,298.4,1178.6,296.6,1196.6,0.0,0.0,158.0,1186.0,293.9,231.29999999999998,95.4,1.383111111111111,88823.49299999999,28.38888888888889,47.279999999999994,47.54,343.4,True,2026-08-14 08:27:13-07:00
746.06,2,10,2026-08-14 15:39:15,36.89846,-121.41516,207.0,49.6,142.0,-12.5,0.01,KCVH,0.4,142.5,0.0,5.0,-0.5,130.2,43.2,110.0,-0.7,0.05,1.0,26.0,45.0,17.0,43.5,30.05,358.0,301.0,5.0,128.0,3500.0,0.0,0.0,129.0,0.0,0.0,5.0,0.0,0.0,3.0,0.0,0.0,8.0,0.0,0.0,-111.0,0.0,0.0,0.0,0.0,3.0,0.0,0.0,1200.0,57.0,70.0,1145.0,1145.0,9.5,1.7,0.0,1.7,25.3,0.0,0.0,9.2,0.0,0.0,4.5,37.5,32.6,0.0,0.0,0.0,0.0,144.0,640.0,142.0,649.0,148.0,632.0,147.0,642.0,0.0,0.0,4.0,0.0,0.0,25.3,3.0,4.998,0.0,0.0,2.155,2.177,57.5,69.9,0.0,0.0,0.0,,0.0,62.6,158.0,0.0,0.0,0.0,0.0,291.2,1184.0,287.6,1200.2,298.4,1169.6,296.6,1187.6,0.0,0.0,157.82,1145.0,293.45,230.85,95.22,1.383597222222222,88908.41666666664,29.176470588235297,43.68,43.92,343.4,True,2026-08-14 08:27:13-07:00
747.06,2,10,2026-08-14 15:39:16,36.89828,-121.41499,206.0,48.2,142.3,-12.5,0.01,KCVH,0.4,142.4,0.0,5.3,-0.8,130.2,41.6,110.0,0.1,-0.04,1.0,30.0,-8.0,17.0,41.9,30.05,358.0,302.0,5.0,128.0,3500.0,0.0,0.0,129.0,0.0,0.0,5.0,0.0,0.0,3.0,0.0,0.0,8.0,0.0,0.0,-121.0,0.0,0.0,0.0,0.0,3.0,0.0,0.0,1200.0,57.0,70.0,1100.0,1100.0,9.9,1.7,0.0,1.7,25.3,0.0,0.0,9.2,0.0,0.0,4.5,37.5,32.6,0.0,0.0,0.0,0.0,144.0,637.0,141.0,646.0,148.0,626.0,147.0,636.0,0.0,0.0,4.0,0.0,0.0,25.3,3.0,4.998,0.0,0.0,2.059,2.125,56.6,69.9,0.0,0.0,0.0,,0.0,62.6,158.0,0.0,0.0,0.0,0.0,291.2,1178.6,285.8,1194.8,298.4,1158.8,296.6,1176.8,0.0,0.0,157.82,1100.0,293.0,230.4,95.22,1.3840694444444444,88990.89466666665,28.35294117647059,42.08,42.31,343.4,True,2026-08-14 08:27:13-07:00
748.06,2,10,2026-08-14 15:39:17,36.89811,-121.41482,206.0,46.8,142.0,-12.5,0.01,KCVH,0.4,142.5,0.0,5.2,-1.5,126.7,41.5,110.0,-1.8,0.07,1.0,29.0,39.0,17.0,41.8,30.05,358.0,302.0,5.0,128.0,3500.0,0.0,0.0,129.0,0.0,0.0,5.0,0.0,0.0,3.0,0.0,0.0,10.0,0.0,0.0,-127.0,0.0,0.0,0.0,0.0,3.0,1.0,0.0,1200.0,56.0,70.0,1077.0,1077.0,10.3,1.7,0.0,1.7,25.1,0.0,0.0,9.2,0.0,0.0,4.7,37.5,32.6,0.0,0.0,0.0,0.0,144.0,634.0,141.0,644.0,148.0,622.0,147.0,632.0,0.0,0.0,4.0,0.0,0.0,25.1,3.0,4.998,0.0,0.0,2.114,2.126,56.0,69.9,0.0,0.0,0.0,,0.0,62.6,158.0,0.0,0.0,0.0,0.0,291.2,1173.2,285.8,1191.2,298.4,1151.6,296.6,1169.6,0.0,0.0,157.82,1077.0,293.0,230.4,95.22,1.3845416666666666,89071.01133333331,27.52941176470588,41.98,42.21,343.4,True,2026-08-14 08:27:13-07:00
749.06,2,10,2026-08-14 15:39:18,36.89794,-121.41465,207.0,45.4,139.3,-12.5,0.01,KCVH,0.3,142.6,0.0,3.3,-1.1,128.2,41.0,110.0,-0.2,0.03,1.0,19.0,21.0,17.0,41.3,30.05,360.0,302.0,5.0,128.0,3500.0,0.0,0.0,129.0,0.0,0.0,5.0,0.0,0.0,3.0,0.0,0.0,11.0,0.0,0.0,-129.0,0.0,0.0,0.0,0.0,3.0,1.0,0.0,1200.0,56.0,70.0,1094.0,1094.0,10.4,1.7,0.0,1.7,25.0,0.0,0.0,9.2,0.0,0.0,4.6,37.5,32.6,0.0,0.0,0.0,0.0,144.0,633.0,142.0,643.0,148.0,617.0,147.0,628.0,0.0,0.0,4.0,0.0,0.0,25.0,3.0,4.998,0.0,0.0,2.063,2.224,56.1,70.0,0.0,0.0,0.0,,0.0,62.6,158.0,0.0,0.0,0.0,0.0,291.2,1171.4,287.6,1189.4,298.4,1142.6,296.6,1162.4,0.0,0.0,158.0,1094.0,293.45,230.85,95.4,1.3850138888888888,89148.76666666665,26.705882352941178,41.48,41.71,343.4,True,2026-08-14 08:27:13-07:00
750.06,2,10,2026-08-14 15:39:19,36.89778,-121.41448,207.0,44.0,141.1,-12.5,0.01,KCVH,0.3,142.6,0.0,6.4,-1.5,129.8,39.0,111.0,1.2,-0.09,1.0,33.0,-8.0,17.0,39.2,30.05,361.0,302.0,5.0,128.0,3500.0,0.0,0.0,129.0,0.0,0.0,5.0,0.0,0.0,3.0,0.0,0.0,11.0,0.0,0.0,-129.0,0.0,0.0,0.0,0.0,3.0,0.0,0.0,1200.0,56.0,70.0,1062.0,1062.0,10.5,1.6,0.0,1.6,25.0,0.0,0.0,9.2,0.0,0.0,4.4,37.5,32.6,0.0,0.0,0.0,0.0,144.0,631.0,141.0,640.0,148.0,613.0,147.0,623.0,0.0,0.0,4.0,0.0,0.0,25.0,3.0,4.998,0.0,0.0,2.002,2.218,55.9,70.0,0.0,0.0,0.0,,0.0,62.6,158.0,0.0,0.0,0.0,0.0,291.2,1167.8,285.8,1184.0,298.4,1135.4,296.6,1153.4,0.0,0.0,158.0,1062.0,293.0,230.4,95.4,1.385472222222222,89224.16066666665,27.5,39.48,39.7,343.4,True,2026-08-14 08:27:13-07:00
751.06,2,10,2026-08-14 15:39:20,36.89762,-121.41433,207.0,42.6,141.6,-12.5,0.01,KCVH,0.3,142.7,0.0,7.2,-1.9,128.5,37.2,111.0,-0.3,0.0,1.0,42.0,2.0,17.0,37.4,30.05,361.0,302.0,5.0,128.0,3500.0,0.0,0.0,129.0,0.0,0.0,5.0,0.0,0.0,3.0,0.0,0.0,11.0,0.0,0.0,-134.0,0.0,0.0,0.0,0.0,3.0,1.0,0.0,1200.0,55.0,70.0,1044.0,1044.0,10.7,1.6,0.0,1.6,25.0,0.0,0.0,9.2,0.0,0.0,4.4,37.5,32.6,0.0,0.0,0.0,0.0,144.0,629.0,141.0,639.0,148.0,609.0,147.0,619.0,0.0,0.0,4.0,0.0,0.0,25.0,3.0,4.998,0.0,0.0,2.002,2.075,55.4,69.9,0.0,0.0,0.0,,0.0,62.6,158.0,0.0,0.0,0.0,0.0,291.2,1164.2,285.8,1182.2,298.4,1128.2,296.6,1146.2,0.0,0.0,157.82,1044.0,293.0,230.4,95.22,1.3859166666666665,89297.19333333331,26.625,37.68,37.89,343.4,True,2026-08-14 08:27:13-07:00
752.06,2,10,2026-08-14 15:39:21,36.89747,-121.41418,208.0,41.4,141.0,-12.5,0.01,KCVH,0.3,142.7,0.0,6.7,-1.8,130.8,36.2,111.0,1.0,-0.06,1.0,42.0,25.0,17.0,36.4,30.05,361.0,302.0,5.0,128.0,3500.0,0.0,0.0,129.0,0.0,0.0,5.0,0.0,0.0,3.0,0.0,0.0,11.0,0.0,0.0,-143.0,0.0,0.0,0.0,0.0,3.0,0.0,0.0,1200.0,55.0,70.0,1034.0,1034.0,10.9,1.6,0.0,1.6,25.1,0.0,0.0,9.2,0.0,0.0,4.5,37.5,32.6,0.0,0.0,0.0,0.0,144.0,628.0,141.0,637.0,148.0,606.0,147.0,615.0,0.0,0.0,4.0,0.0,0.0,25.1,3.0,4.998,0.0,0.0,2.002,2.128,55.3,69.9,0.0,0.0,0.0,,0.0,62.6,158.0,0.0,0.0,0.0,0.0,291.2,1162.4,285.8,1178.6,298.4,1122.8,296.6,1139.0,0.0,0.0,157.82,1034.0,293.0,230.4,95.22,1.386361111111111,89368.03333333331,25.874999999999996,36.68,36.88,343.4,True,2026-08-14 08:27:13-07:00
753.06,2,10,2026-08-14 15:39:22,36.89732,-121.41403,208.0,40.0,143.6,-12.5,0.01,KCVH,0.3,142.8,0.0,6.8,-1.6,132.3,33.3,112.0,1.6,-0.1,1.0,39.0,28.0,17.0,33.5,30.05,362.0,302.0,5.0,128.0,3500.0,0.0,0.0,129.0,0.0,0.0,5.0,0.0,0.0,3.0,0.0,0.0,7.0,0.0,0.0,-199.0,0.0,0.0,0.0,0.0,3.0,1.0,0.0,1200.0,55.0,70.0,1010.0,1010.0,11.1,1.6,0.0,1.6,25.1,0.0,0.0,9.2,0.0,0.0,4.6,37.5,32.6,0.0,0.0,0.0,0.0,144.0,626.0,141.0,634.0,148.0,604.0,147.0,613.0,0.0,0.0,4.0,0.0,0.0,25.1,3.0,4.998,0.0,0.0,2.032,2.123,54.9,69.9,0.0,0.0,0.0,,0.0,62.6,158.0,0.0,0.0,0.0,0.0,291.2,1158.8,285.8,1173.2,298.4,1119.2,296.6,1135.4,0.0,0.0,157.82,1010.0,293.0,230.4,95.22,1.3868055555555554,89436.68066666665,25.0,33.779999999999994,33.97,343.4,True,2026-08-14 08:27:13-07:00
754.06,2,10,2026-08-14 15:39:23,36.89717,-121.41389,209.0,38.8,145.2,-12.5,0.01,KCVH,0.3,142.7,0.0,7.5,-1.5,129.8,31.6,112.0,-0.6,-0.0,1.0,45.0,12.0,17.0,31.8,30.05,362.0,302.0,5.0,128.0,3500.0,0.0,0.0,129.0,0.0,0.0,5.0,0.0,0.0,3.0,0.0,0.0,7.0,0.0,0.0,-199.0,0.0,0.0,0.0,0.0,3.0,0.0,0.0,1200.0,55.0,70.0,999.0,999.0,11.3,1.6,0.0,1.6,25.1,0.0,0.0,9.2,0.0,0.0,4.7,37.5,32.6,0.0,0.0,0.0,0.0,144.0,623.0,141.0,631.0,148.0,602.0,147.0,609.0,0.0,0.0,4.0,0.0,0.0,25.1,3.0,4.998,0.0,0.0,2.159,1.98,54.7,70.1,0.0,0.0,0.0,,0.0,62.6,158.0,0.0,0.0,0.0,0.0,291.2,1153.4,285.8,1167.8,298.4,1115.6,296.6,1128.2,0.0,0.0,158.18,999.0,293.0,230.4,95.58000000000001,1.3872499999999999,89503.13533333331,24.249999999999996,32.08,32.26,343.4,True,2026-08-14 08:27:13-07:00
755.06,2,10,2026-08-14 15:39:24,36.89703,-121.41376,209.0,37.7,142.0,-12.5,0.0,KCVH,0.3,142.7,0.0,11.6,-1.3,126.2,27.9,112.0,-2.7,0.12,1.1,76.0,-8.0,17.0,28.1,30.05,362.0,302.0,5.0,128.0,3500.0,0.0,0.0,129.0,0.0,0.0,5.0,0.0,0.0,3.0,0.0,0.0,8.0,0.0,0.0,-181.0,0.0,0.0,0.0,0.0,3.0,0.0,0.0,1200.0,56.0,70.0,1079.0,1079.0,11.9,1.6,0.0,1.6,24.7,0.0,0.0,9.2,0.0,0.0,4.4,37.5,32.6,0.0,0.0,0.0,0.0,144.0,619.0,141.0,628.0,147.0,599.0,147.0,608.0,0.0,0.0,4.0,0.0,0.0,24.7,3.0,4.998,0.0,0.0,2.108,1.906,56.2,70.1,0.0,0.0,0.0,,0.0,62.6,158.0,0.0,0.0,0.0,0.0,291.2,1146.2,285.8,1162.4,296.6,1110.2,296.6,1126.4,0.0,0.0,158.18,1079.0,292.55,229.95000000000002,95.58000000000001,1.3876944444444443,89567.65033333331,23.5625,28.38,28.54,343.4,True,2026-08-14 08:27:13-07:00
756.06,2,10,2026-08-14 15:39:25,36.8969,-121.41363,209.0,36.8,139.5,-12.5,0.01,KCVH,0.3,142.8,0.0,11.9,-1.7,125.3,28.0,112.0,-1.7,0.05,0.9,86.0,0.0,17.0,28.2,30.05,371.0,302.0,5.0,128.0,3500.0,0.0,0.0,129.0,0.0,0.0,5.0,0.0,0.0,3.0,0.0,0.0,8.0,0.0,0.0,6.0,0.0,0.0,0.0,0.0,3.0,0.0,0.0,1200.0,56.0,70.0,1023.0,1023.0,11.9,1.7,0.0,1.7,24.8,0.0,0.0,9.2,0.0,0.0,4.4,37.5,32.6,0.0,0.0,0.0,0.0,144.0,617.0,141.0,626.0,147.0,598.0,147.0,608.0,0.0,0.0,4.0,0.0,0.0,24.8,3.0,4.998,0.0,0.0,1.764,1.906,55.8,70.1,0.0,0.0,0.0,,0.0,62.6,158.0,0.0,0.0,0.0,0.0,291.2,1142.6,285.8,1158.8,296.6,1108.4,296.6,1126.4,0.0,0.0,158.18,1023.0,292.55,229.95000000000002,95.58000000000001,1.3881527777777776,89630.47866666665,21.64705882352941,28.48,28.64,343.4,True,2026-08-14 08:27:13-07:00
757.06,2,10,2026-08-14 15:39:26,36.89677,-121.41349,209.0,35.9,138.0,-12.5,0.01,KCVH,0.3,142.9,0.0,11.7,-1.2,129.0,28.9,112.0,1.3,-0.07,1.0,76.0,7.0,17.0,29.1,30.05,370.0,302.0,5.0,128.0,3500.0,0.0,0.0,129.0,0.0,0.0,5.0,0.0,0.0,3.0,0.0,0.0,2.0,0.0,0.0,14.0,0.0,0.0,0.0,0.0,3.0,1.0,0.0,1200.0,55.0,70.0,1009.0,1009.0,11.8,1.7,0.0,1.7,24.9,0.0,0.0,9.2,0.0,0.0,4.5,37.5,32.6,0.0,0.0,0.0,0.0,144.0,616.0,141.0,624.0,147.0,596.0,147.0,606.0,0.0,0.0,4.0,0.0,0.0,24.9,3.0,4.998,0.0,0.0,1.697,2.075,55.2,70.1,0.0,0.0,0.0,,0.0,62.6,158.0,0.0,0.0,0.0,0.0,291.2,1140.8,285.8,1155.2,296.6,1104.8,296.6,1122.8,0.0,0.0,158.18,1009.0,292.55,229.95000000000002,95.58000000000001,1.3886249999999998,89691.78899999998,21.11764705882353,29.38,29.54,343.4,True,2026-08-14 08:27:13-07:00
758.06,2,10,2026-08-14 15:39:27,36.89664,-121.41336,209.0,34.8,142.6,-12.5,0.01,KCVH,0.2,143.0,0.0,11.6,-1.8,129.9,27.7,112.0,1.5,-0.09,1.0,75.0,12.0,17.0,27.9,30.05,370.0,302.0,5.0,128.0,3500.0,0.0,0.0,129.0,0.0,0.0,5.0,0.0,0.0,3.0,0.0,0.0,2.0,0.0,0.0,12.0,0.0,0.0,0.0,0.0,3.0,1.0,0.0,1200.0,56.0,70.0,1063.0,1063.0,12.1,1.7,0.0,1.7,24.9,0.0,0.0,9.2,0.0,0.0,4.7,37.5,32.6,0.0,0.0,0.0,0.0,144.0,614.0,141.0,622.0,147.0,595.0,147.0,604.0,0.0,0.0,4.0,0.0,0.0,24.9,3.0,4.998,0.0,0.0,1.826,1.935,56.0,70.2,0.0,0.0,0.0,,0.0,62.6,158.0,0.0,0.0,0.0,0.0,291.2,1137.2,285.8,1151.6,296.6,1103.0,296.6,1119.2,0.0,0.0,158.36,1063.0,292.55,229.95000000000002,95.76000000000002,1.389097222222222,89751.41266666664,20.470588235294116,28.18,28.33,343.4,True,2026-08-14 08:27:13-07:00
759.06,2,10,2026-08-14 15:39:28,36.89652,-121.41324,209.0,34.1,142.6,-12.5,0.01,KCVH,0.2,143.1,0.0,11.7,-1.7,129.9,26.7,112.0,0.5,-0.03,1.0,81.0,-15.0,17.0,26.9,30.05,370.0,302.0,5.0,128.0,3500.0,0.0,0.0,129.0,0.0,0.0,5.0,0.0,0.0,3.0,0.0,0.0,2.0,0.0,0.0,12.0,0.0,0.0,0.0,0.0,3.0,1.0,0.0,1200.0,56.0,70.0,1067.0,1067.0,12.2,1.8,0.0,1.8,24.9,0.0,0.0,9.2,0.0,0.0,4.6,37.5,32.6,0.0,0.0,0.0,0.0,144.0,614.0,141.0,622.0,147.0,593.0,147.0,604.0,0.0,0.0,4.0,0.0,0.0,24.9,3.0,4.998,0.0,0.0,1.888,1.846,56.3,70.3,0.0,0.0,0.0,,0.0,62.6,158.0,0.0,0.0,0.0,0.0,291.2,1137.2,285.8,1151.6,296.6,1099.4,296.6,1119.2,0.0,0.0,158.54,1067.0,292.55,229.95000000000002,95.94,1.3895833333333332,89809.51833333331,18.944444444444446,27.18,27.33,343.4,True,2026-08-14 08:27:13-07:00
760.06,2,10,2026-08-14 15:39:29,36.8964,-121.41312,209.0,33.4,143.1,-12.5,0.01,KCVH,0.2,143.0,0.0,11.7,-1.8,129.6,25.2,112.0,0.1,-0.02,1.0,84.0,19.0,17.0,25.4,30.05,363.0,302.0,5.0,128.0,3500.0,0.0,0.0,129.0,0.0,0.0,5.0,0.0,0.0,3.0,0.0,0.0,2.0,0.0,0.0,12.0,0.0,0.0,0.0,0.0,3.0,0.0,0.0,1200.0,56.0,70.0,1056.0,1056.0,12.2,1.8,0.0,1.8,24.9,0.0,0.0,9.2,0.0,0.0,4.4,37.5,32.6,0.0,0.0,0.0,0.0,144.0,614.0,141.0,621.0,147.0,593.0,147.0,604.0,0.0,0.0,4.0,0.0,0.0,24.9,3.0,4.998,0.0,0.0,1.919,1.868,56.4,70.3,0.0,0.0,0.0,,0.0,62.6,158.0,0.0,0.0,0.0,0.0,291.2,1137.2,285.8,1149.8,296.6,1099.4,296.6,1119.2,0.0,0.0,158.54,1056.0,292.55,229.95000000000002,95.94,1.3900833333333331,89866.44333333331,18.555555555555554,25.68,25.82,343.4,True,2026-08-14 08:27:13-07:00
761.06,2,10,2026-08-14 15:39:30,36.89627,-121.41301,209.0,32.8,142.5,-12.5,0.01,KCVH,0.2,143.1,0.0,11.7,-1.7,129.6,27.1,112.0,-0.0,-0.02,1.1,80.0,-32.0,17.0,27.3,30.05,363.0,302.0,5.0,128.0,3500.0,0.0,0.0,129.0,0.0,0.0,5.0,0.0,0.0,3.0,0.0,0.0,2.0,0.0,0.0,10.0,0.0,0.0,0.0,0.0,3.0,0.0,0.0,1200.0,56.0,70.0,1073.0,1073.0,12.2,1.8,0.0,1.8,24.9,0.0,0.0,9.2,0.0,0.0,4.4,37.5,32.6,0.0,0.0,0.0,0.0,144.0,614.0,141.0,620.0,147.0,592.0,147.0,604.0,0.0,0.0,4.0,0.0,0.0,24.9,3.0,4.998,0.0,0.0,1.92,1.924,56.3,70.2,0.0,0.0,0.0,,0.0,62.6,158.0,0.0,0.0,0.0,0.0,291.2,1137.2,285.8,1148.0,296.6,1097.6,296.6,1119.2,0.0,0.0,158.36,1073.0,292.55,229.95000000000002,95.76000000000002,1.390583333333333,89922.27199999998,18.22222222222222,27.580000000000002,27.73,343.4,True,2026-08-14 08:27:13-07:00
762.06,2,10,2026-08-14 15:39:31,36.89615,-121.4129,210.0,32.1,142.8,-12.5,0.0,KCVH,0.2,143.1,0.0,11.5,-1.4,128.8,26.2,112.0,-0.5,0.0,1.0,82.0,9.0,17.0,26.4,30.05,363.0,302.0,5.0,128.0,3500.0,0.0,0.0,129.0,0.0,0.0,5.0,0.0,0.0,3.0,0.0,0.0,2.0,0.0,0.0,8.0,0.0,0.0,0.0,0.0,3.0,0.0,0.0,1200.0,58.0,70.0,1137.0,1137.0,12.4,1.9,0.0,1.9,24.9,0.0,0.0,9.2,0.0,0.0,4.6,37.5,32.6,0.0,0.0,0.0,0.0,144.0,613.0,141.0,620.0,147.0,593.0,147.0,604.0,0.0,0.0,4.0,0.0,0.0,24.9,3.0,4.998,0.0,0.0,1.888,1.909,57.8,70.3,0.0,0.0,0.0,,0.0,62.6,158.0,0.0,0.0,0.0,0.0,291.2,1135.4,285.8,1148.0,296.6,1099.4,296.6,1119.2,0.0,0.0,158.54,1137.0,292.55,229.95000000000002,95.94,1.391097222222222,89977.00433333332,16.894736842105264,26.68,26.83,343.4,True,2026-08-14 08:27:13-07:00
763.06,2,10,2026-08-14 15:39:32,36.89604,-121.41278,210.0,31.6,141.9,-12.5,0.01,KCVH,0.2,143.2,0.0,11.2,-1.3,128.9,26.2,112.0,-0.3,-0.01,0.9,78.0,-5.0,17.0,26.4,30.05,372.0,302.0,5.0,128.0,3500.0,0.0,0.0,129.0,0.0,0.0,5.0,0.0,0.0,3.0,0.0,0.0,2.0,0.0,0.0,8.0,0.0,0.0,0.0,0.0,3.0,1.0,0.0,1200.0,58.0,70.0,1172.0,1172.0,12.4,1.9,0.0,1.9,25.0,0.0,0.0,9.2,0.0,0.0,4.8,37.5,32.6,0.0,0.0,0.0,0.0,144.0,613.0,141.0,620.0,147.0,595.0,147.0,606.0,0.0,0.0,4.0,0.0,0.0,25.0,3.0,4.998,0.0,0.0,1.888,1.908,58.5,70.3,0.0,0.0,0.0,,0.0,62.6,158.0,0.0,0.0,0.0,0.0,291.2,1135.4,285.8,1148.0,296.6,1103.0,296.6,1122.8,0.0,0.0,158.54,1172.0,292.55,229.95000000000002,95.94,1.391625,90030.72466666665,16.63157894736842,26.68,26.83,343.4,True,2026-08-14 08:27:13-07:00
764.06,2,10,2026-08-14 15:39:33,36.89592,-121.41267,210.0,31.2,141.9,-12.5,0.0,KCVH,0.2,143.1,0.0,11.3,-1.3,128.9,25.4,112.0,-0.2,-0.01,1.0,83.0,-18.0,17.0,25.6,30.05,371.0,310.0,6.0,128.0,3500.0,0.0,0.0,129.0,0.0,0.0,5.0,0.0,0.0,3.0,0.0,0.0,2.0,0.0,0.0,7.0,0.0,0.0,0.0,0.0,3.0,0.0,0.0,1200.0,60.0,70.0,1189.0,1189.0,12.0,1.9,0.0,1.9,25.1,0.0,0.0,9.2,0.0,0.0,4.9,37.5,32.6,0.0,0.0,0.0,0.0,144.0,611.0,141.0,618.0,147.0,599.0,148.0,609.0,0.0,0.0,4.0,0.0,0.0,25.1,3.0,4.998,0.0,0.0,1.888,1.908,59.5,70.5,0.0,0.0,0.0,,0.0,62.6,158.0,0.0,0.0,0.0,0.0,291.2,1131.8,285.8,1144.4,296.6,1110.2,298.4,1128.2,0.0,0.0,158.9,1189.0,293.0,230.4,96.30000000000001,1.3921527777777776,90083.68599999999,16.42105263157895,25.88,26.02,343.4,True,2026-08-14 08:27:13-07:00
765.06,2,10,2026-08-14 15:39:34,36.89581,-121.41256,211.0,30.8,141.8,-12.5,0.0,KCVH,0.2,143.2,0.0,11.0,-1.2,129.1,27.0,112.0,0.0,-0.02,0.9,79.0,-8.0,17.0,27.2,30.05,371.0,310.0,6.0,128.0,3500.0,0.0,0.0,129.0,0.0,0.0,5.0,0.0,0.0,3.0,0.0,0.0,2.0,0.0,0.0,7.0,0.0,0.0,0.0,0.0,3.0,0.0,0.0,1200.0,58.0,71.0,1139.0,1139.0,11.8,1.9,0.0,1.9,25.1,0.0,0.0,9.2,0.0,0.0,4.8,37.5,32.6,0.0,0.0,0.0,0.0,144.0,610.0,141.0,618.0,147.0,601.0,148.0,611.0,0.0,0.0,4.0,0.0,0.0,25.1,3.0,4.998,0.0,0.0,1.887,1.914,58.5,70.6,0.0,0.0,0.0,,0.0,62.6,159.8,0.0,0.0,0.0,0.0,291.2,1130.0,285.8,1144.4,296.6,1113.8,298.4,1131.8,0.0,0.0,159.07999999999998,1139.0,293.0,230.4,96.47999999999999,1.3926805555555553,90135.97266666665,16.210526315789476,27.48,27.63,343.4,True,2026-08-14 08:27:13-07:00
766.06,2,10,2026-08-14 15:39:35,36.89569,-121.41245,211.0,30.3,142.2,-12.5,0.0,KCVH,0.2,143.3,0.0,10.7,-1.1,130.0,26.1,112.0,0.4,-0.05,1.1,77.0,-9.0,17.0,26.2,30.05,371.0,310.0,6.0,128.0,3500.0,0.0,0.0,129.0,0.0,0.0,5.0,0.0,0.0,3.0,0.0,0.0,2.0,0.0,0.0,7.0,0.0,0.0,0.0,0.0,3.0,0.0,0.0,1200.0,58.0,71.0,1100.0,1100.0,11.8,1.9,0.0,1.9,25.7,0.0,0.0,9.2,0.0,0.0,4.8,37.5,32.6,0.0,0.0,0.0,0.0,144.0,610.0,141.0,618.0,147.0,602.0,148.0,612.0,0.0,0.0,4.0,0.0,0.0,25.7,3.0,4.998,0.0,0.0,1.888,1.973,57.6,70.6,0.0,0.0,0.0,,0.0,62.6,159.8,0.0,0.0,0.0,0.0,291.2,1130.0,285.8,1144.4,296.6,1115.6,298.4,1133.6,0.0,0.0,159.07999999999998,1100.0,293.0,230.4,96.47999999999999,1.3932083333333332,90187.50033333332,15.947368421052632,26.580000000000002,26.73,343.4,True,2026-08-14 08:27:13-07:00
767.06,2,10,2026-08-14 15:39:36,36.89558,-121.41235,211.0,29.9,142.4,-12.5,0.0,KCVH,0.2,143.3,0.0,10.9,-1.3,129.8,24.9,112.0,-0.0,-0.02,1.0,77.0,0.0,17.0,25.1,30.05,372.0,310.0,6.0,128.0,3500.0,0.0,0.0,129.0,0.0,0.0,5.0,0.0,0.0,3.0,0.0,0.0,1.0,0.0,0.0,7.0,0.0,0.0,0.0,0.0,3.0,1.0,0.0,1200.0,57.0,71.0,1090.0,1090.0,12.0,1.9,0.0,1.9,32.1,0.0,0.0,9.2,0.0,0.0,5.7,37.5,32.6,0.0,0.0,0.0,0.0,144.0,610.0,142.0,618.0,147.0,602.0,148.0,613.0,0.0,0.0,4.0,0.0,0.0,32.1,3.0,4.998,0.0,0.0,1.888,1.909,57.2,70.5,0.0,0.0,0.0,,0.0,62.6,159.8,0.0,0.0,0.0,0.0,291.2,1130.0,287.6,1144.4,296.6,1115.6,298.4,1135.4,0.0,0.0,158.9,1090.0,293.45,230.85,96.30000000000001,1.3937361111111108,90238.26899999999,15.736842105263158,25.38,25.52,343.4,True,2026-08-14 08:27:13-07:00
768.06,2,10,2026-08-14 15:39:37,36.89548,-121.41224,211.0,29.5,142.5,-12.5,0.0,KCVH,0.2,143.4,0.0,10.9,-1.3,129.7,24.8,112.0,-0.1,-0.02,1.0,80.0,29.0,17.0,25.0,30.05,372.0,310.0,6.0,128.0,3500.0,0.0,0.0,129.0,0.0,0.0,5.0,0.0,0.0,3.0,0.0,0.0,1.0,0.0,0.0,6.0,0.0,0.0,0.0,0.0,3.0,1.0,0.0,1200.0,57.0,71.0,1095.0,1095.0,12.0,1.9,0.0,1.9,28.2,0.0,0.0,9.2,0.0,0.0,5.3,37.5,32.6,0.0,0.0,0.0,0.0,144.0,610.0,142.0,619.0,147.0,602.0,148.0,613.0,0.0,0.0,4.0,0.0,0.0,28.2,3.0,4.998,0.0,0.0,1.888,1.909,57.2,70.6,0.0,0.0,0.0,,0.0,62.6,159.8,0.0,0.0,0.0,0.0,291.2,1130.0,287.6,1146.2,296.6,1115.6,298.4,1135.4,0.0,0.0,159.07999999999998,1095.0,293.45,230.85,96.47999999999999,1.3942638888888887,90288.36299999998,15.526315789473685,25.28,25.42,343.4,True,2026-08-14 08:27:13-07:00
769.06,2,10,2026-08-14 15:39:38,36.89537,-121.41213,211.0,28.9,142.2,-12.5,0.0,KCVH,0.2,143.5,0.0,11.1,-1.0,130.0,24.3,114.0,0.2,-0.03,1.0,80.0,40.0,17.0,24.4,30.05,372.0,310.0,6.0,128.0,3500.0,0.0,0.0,129.0,0.0,0.0,5.0,0.0,0.0,3.0,0.0,0.0,1.0,0.0,0.0,4.0,0.0,0.0,0.0,0.0,1.0,0.0,0.0,1200.0,55.0,71.0,973.0,973.0,11.9,1.9,0.0,1.9,25.6,0.0,0.0,9.2,0.0,0.0,5.2,37.5,32.6,0.0,0.0,0.0,0.0,144.0,609.0,142.0,618.0,147.0,600.0,148.0,612.0,0.0,0.0,4.0,0.0,0.0,25.6,3.0,4.998,0.0,0.0,1.888,1.908,55.2,70.7,0.0,0.0,0.0,,0.0,62.6,159.8,0.0,0.0,0.0,0.0,291.2,1128.2,287.6,1144.4,296.6,1112.0,298.4,1133.6,0.0,0.0,159.26000000000002,973.0,293.45,230.85,96.66000000000003,1.3947916666666664,90337.61366666664,15.210526315789474,24.78,24.92,343.4,True,2026-08-14 08:27:13-07:00
770.06,2,10,2026-08-14 15:39:39,36.89526,-121.41203,212.0,28.3,142.8,-12.5,0.0,KCVH,0.1,143.6,0.0,11.3,-0.9,129.7,22.7,114.0,0.1,-0.02,1.0,85.0,29.0,17.0,22.8,30.05,374.0,310.0,6.0,128.0,3500.0,0.0,0.0,129.0,0.0,0.0,5.0,0.0,0.0,3.0,0.0,0.0,1.0,0.0,0.0,13.0,0.0,0.0,0.0,0.0,1.0,1.0,0.0,1200.0,54.0,71.0,934.0,934.0,11.9,1.8,0.0,1.8,24.1,0.0,0.0,9.2,0.0,0.0,4.9,37.5,32.6,0.0,0.0,0.0,0.0,144.0,606.0,142.0,616.0,147.0,597.0,148.0,608.0,0.0,0.0,4.0,0.0,0.0,24.1,3.0,4.998,0.0,0.0,1.888,1.908,53.9,70.8,0.0,0.0,0.0,,0.0,62.6,159.8,0.0,0.0,0.0,0.0,291.2,1122.8,287.6,1140.8,296.6,1106.6,298.4,1126.4,0.0,0.0,159.44,934.0,293.45,230.85,96.84,1.3953055555555554,90385.85233333331,15.722222222222221,23.18,23.31,343.4,True,2026-08-14 08:27:13-07:00
771.06,2,10,2026-08-14 15:39:40,36.89516,-121.41193,211.0,27.8,142.4,-12.5,0.0,KCVH,0.1,143.6,0.0,12.1,-0.8,128.8,21.3,115.0,-0.3,-0.0,1.0,91.0,28.0,17.0,21.5,30.05,374.0,310.0,6.0,128.0,3500.0,0.0,0.0,129.0,0.0,0.0,5.0,0.0,0.0,3.0,0.0,0.0,1.0,0.0,0.0,13.0,0.0,0.0,0.0,0.0,1.0,0.0,0.0,1200.0,54.0,71.0,927.0,927.0,12.1,1.7,0.0,1.7,24.2,0.0,0.0,9.2,0.0,0.0,4.7,37.5,32.6,0.0,0.0,0.0,0.0,144.0,603.0,142.0,614.0,147.0,594.0,148.0,605.0,0.0,0.0,4.0,0.0,0.0,24.2,3.0,4.998,0.0,0.0,1.888,1.909,53.5,70.7,0.0,0.0,0.0,,0.0,62.6,159.8,0.0,0.0,0.0,0.0,291.2,1117.4,287.6,1137.2,296.6,1101.2,298.4,1121.0,0.0,0.0,159.26000000000002,927.0,293.45,230.85,96.66000000000003,1.3957916666666665,90433.16333333332,16.35294117647059,21.78,21.9,343.4,True,2026-08-14 08:27:13-07:00
772.06,2,10,2026-08-14 15:39:41,36.89506,-121.41184,211.0,27.1,142.0,-12.5,0.0,KCVH,0.1,143.6,0.0,12.1,-0.8,127.9,21.1,116.0,-0.4,0.0,0.9,91.0,27.0,17.0,21.3,30.05,374.0,311.0,6.0,128.0,3500.0,0.0,0.0,129.0,0.0,0.0,5.0,0.0,0.0,3.0,0.0,0.0,1.0,0.0,0.0,11.0,0.0,0.0,0.0,0.0,1.0,0.0,0.0,1200.0,53.0,71.0,918.0,918.0,12.3,1.6,0.0,1.6,24.3,0.0,0.0,9.2,0.0,0.0,4.7,37.5,32.6,0.0,0.0,0.0,0.0,145.0,601.0,142.0,612.0,147.0,592.0,148.0,603.0,0.0,0.0,4.0,0.0,0.0,24.3,3.0,4.998,0.0,0.0,1.888,1.965,53.3,70.8,0.0,0.0,0.0,,0.0,62.6,159.8,0.0,0.0,0.0,0.0,293.0,1113.8,287.6,1133.6,296.6,1097.6,298.4,1117.4,0.0,0.0,159.44,918.0,293.9,231.29999999999998,96.84,1.3962499999999998,90479.46233333331,16.9375,21.580000000000002,21.7,343.4,True,2026-08-14 08:27:13-07:00
773.06,2,10,2026-08-14 15:39:42,36.89496,-121.41174,212.0,26.5,141.7,-12.5,0.0,KCVH,0.1,143.7,0.0,12.2,-0.6,127.4,20.1,116.0,-0.2,-0.0,0.9,89.0,22.0,17.0,20.3,30.05,376.0,311.0,6.0,128.0,3500.0,0.0,0.0,129.0,0.0,0.0,5.0,0.0,0.0,0.0,0.0,0.0,1.0,0.0,0.0,11.0,0.0,0.0,0.0,0.0,1.0,1.0,0.0,1200.0,53.0,71.0,921.0,921.0,12.4,1.6,0.0,1.6,24.4,0.0,0.0,9.2,0.0,0.0,4.8,37.5,32.6,0.0,0.0,0.0,0.0,145.0,598.0,142.0,611.0,147.0,590.0,148.0,601.0,0.0,0.0,4.0,0.0,0.0,24.4,3.0,4.998,0.0,0.0,1.888,1.964,53.3,70.9,0.0,0.0,0.0,,0.0,62.6,159.8,0.0,0.0,0.0,0.0,293.0,1108.4,287.6,1131.8,296.6,1094.0,298.4,1113.8,0.0,0.0,159.62,921.0,293.9,231.29999999999998,97.02000000000001,1.3966944444444442,90524.66499999998,16.5625,20.580000000000002,20.69,343.4,True,2026-08-14 08:27:13-07:00
774.06,2,10,2026-08-14 15:39:43,36.89487,-121.41165,212.0,25.6,141.7,-12.5,0.0,KCVH,0.1,143.8,0.0,12.2,-0.6,128.0,18.5,116.0,0.4,-0.04,1.0,94.0,43.0,17.0,18.7,30.05,376.0,312.0,6.0,128.0,3500.0,0.0,0.0,129.0,0.0,0.0,5.0,0.0,0.0,0.0,0.0,0.0,1.0,0.0,0.0,11.0,0.0,0.0,0.0,0.0,1.0,0.0,0.0,1200.0,53.0,71.0,916.0,916.0,12.5,1.5,0.0,1.5,24.4,0.0,0.0,9.2,0.0,0.0,4.9,37.5,32.6,0.0,0.0,0.0,0.0,145.0,597.0,142.0,608.0,147.0,587.0,149.0,598.0,0.0,0.0,4.0,0.0,0.0,24.4,3.0,4.998,0.0,0.0,1.888,2.024,53.5,71.0,0.0,0.0,0.0,,0.0,62.6,159.8,0.0,0.0,0.0,0.0,293.0,1106.6,287.6,1126.4,296.6,1088.6,300.2,1108.4,0.0,0.0,159.8,916.0,294.35,231.75000000000003,97.20000000000002,1.3971249999999997,90568.60266666664,17.066666666666666,18.98,19.09,343.4,True,2026-08-14 08:27:13-07:00
775.06,2,10,2026-08-14 15:39:44,36.89478,-121.41156,212.0,24.9,142.6,-12.5,0.0,KCVH,0.1,144.0,0.0,12.0,-1.1,124.7,0.0,116.0,-1.5,0.03,1.1,99.0,26.0,17.0,0.0,30.05,376.0,312.0,6.0,128.0,3500.0,0.0,0.0,129.0,0.0,0.0,5.0,0.0,0.0,0.0,0.0,0.0,1.0,0.0,0.0,11.0,0.0,0.0,0.0,0.0,1.0,1.0,0.0,1200.0,53.0,71.0,912.0,912.0,12.6,1.5,0.0,1.5,24.5,0.0,0.0,9.2,0.0,0.0,4.7,37.5,32.6,0.0,0.0,0.0,0.0,145.0,594.0,142.0,607.0,148.0,585.0,149.0,596.0,0.0,0.0,4.0,0.0,0.0,24.5,3.0,4.998,0.0,0.0,1.976,2.007,53.3,71.2,0.0,0.0,0.0,,0.0,62.6,159.8,0.0,0.0,0.0,0.0,293.0,1101.2,287.6,1124.6,298.4,1085.0,300.2,1104.8,0.0,0.0,160.16000000000003,912.0,294.79999999999995,232.19999999999996,97.56000000000003,1.3975416666666665,90611.19099999998,16.599999999999998,0.48,0.48,343.4,True,2026-08-14 08:27:13-07:00
776.06,2,10,2026-08-14 15:39:45,36.89469,-121.41148,212.0,23.3,138.9,-12.5,0.0,KCVH,0.1,144.2,0.0,11.8,-1.2,126.4,0.0,116.0,-0.1,-0.02,0.9,99.0,6.0,17.0,0.0,30.05,377.0,312.0,6.0,128.0,3500.0,0.0,0.0,129.0,0.0,0.0,5.0,0.0,0.0,0.0,0.0,0.0,1.0,0.0,0.0,11.0,0.0,0.0,0.0,0.0,1.0,0.0,0.0,1200.0,53.0,71.0,911.0,911.0,12.6,1.5,0.0,1.5,24.6,0.0,0.0,9.2,0.0,0.0,4.5,37.5,32.6,0.0,0.0,0.0,0.0,145.0,591.0,142.0,605.0,148.0,583.0,149.0,594.0,0.0,0.0,4.0,0.0,0.0,24.6,3.0,4.998,0.0,0.0,1.758,1.897,53.4,71.2,0.0,0.0,0.0,,0.0,62.6,159.8,0.0,0.0,0.0,0.0,293.0,1095.8,287.6,1121.0,298.4,1081.4,300.2,1101.2,0.0,0.0,160.16000000000003,911.0,294.79999999999995,232.19999999999996,97.56000000000003,1.3979583333333332,90651.83966666665,15.533333333333333,0.48,0.48,343.4,True,2026-08-14 08:27:13-07:00
777.06,2,10,2026-08-14 15:39:46,36.89461,-121.41139,213.0,23.1,140.7,-12.5,0.0,KCVH,0.1,144.4,0.0,11.9,-1.2,126.5,0.0,116.0,0.2,-0.02,1.0,99.0,-1.0,17.0,0.0,30.05,377.0,0.0,0.0,128.0,3500.0,0.0,0.0,129.0,0.0,0.0,5.0,0.0,0.0,0.0,0.0,0.0,1.0,0.0,0.0,11.0,0.0,0.0,0.0,0.0,1.0,0.0,0.0,1200.0,53.0,71.0,911.0,911.0,12.6,1.5,0.0,1.5,24.7,0.0,0.0,9.2,0.0,0.0,4.6,37.5,32.6,0.0,0.0,0.0,0.0,145.0,589.0,142.0,603.0,148.0,582.0,149.0,592.0,0.0,0.0,4.0,0.0,0.0,24.7,3.0,4.998,0.0,0.0,1.826,1.984,53.3,71.3,0.0,0.0,0.0,,0.0,62.6,159.8,0.0,0.0,0.0,0.0,293.0,1092.2,287.6,1117.4,298.4,1079.6,300.2,1097.6,0.0,0.0,160.33999999999997,911.0,294.79999999999995,232.19999999999996,97.73999999999998,1.3983749999999997,90690.97033333332,15.4,0.48,0.48,343.4,True,2026-08-14 08:27:13-07:00
778.06,2,10,2026-08-14 15:39:47,36.89452,-121.41131,213.0,22.7,141.2,-12.5,0.0,KCVH,0.1,144.6,0.0,11.9,-1.4,125.9,0.0,116.0,-0.1,-0.04,0.9,99.0,-5.0,17.0,0.0,30.05,377.0,0.0,0.0,128.0,3500.0,0.0,0.0,129.0,0.0,0.0,5.0,0.0,0.0,0.0,0.0,0.0,1.0,0.0,0.0,11.0,0.0,0.0,0.0,0.0,1.0,1.0,0.0,1200.0,53.0,71.0,911.0,911.0,12.7,1.4,0.0,1.4,24.8,0.0,0.0,9.2,0.0,0.0,4.8,37.5,32.6,0.0,0.0,0.0,0.0,145.0,588.0,142.0,603.0,148.0,580.0,149.0,591.0,0.0,0.0,4.0,0.0,0.0,24.8,3.0,4.998,0.0,0.0,1.887,1.958,53.1,71.3,0.0,0.0,0.0,,0.0,62.6,159.8,0.0,0.0,0.0,0.0,293.0,1090.4,287.6,1117.4,298.4,1076.0,300.2,1095.8,0.0,0.0,160.33999999999997,911.0,294.79999999999995,232.19999999999996,97.73999999999998,1.3987777777777777,90729.59499999999,16.214285714285715,0.48,0.48,343.4,True,2026-08-14 08:27:13-07:00
779.06,2,10,2026-08-14 15:39:48,36.89444,-121.41122,212.0,22.3,139.4,-12.5,0.0,KCVH,0.1,144.8,0.0,11.9,-1.7,121.9,0.0,117.0,-2.4,0.05,1.2,99.0,42.0,17.0,0.0,30.05,377.0,0.0,0.0,128.0,3500.0,0.0,0.0,129.0,0.0,0.0,5.0,0.0,0.0,0.0,0.0,0.0,1.0,0.0,0.0,11.0,0.0,0.0,0.0,0.0,1.0,0.0,0.0,1200.0,53.0,71.0,908.0,908.0,12.6,1.4,0.0,1.4,24.8,0.0,0.0,9.2,0.0,0.0,4.8,37.5,32.6,0.0,0.0,0.0,0.0,145.0,586.0,142.0,602.0,148.0,579.0,149.0,590.0,0.0,0.0,4.0,0.0,0.0,24.8,3.0,4.998,0.0,0.0,1.89,1.968,53.2,71.5,0.0,0.0,0.0,,0.0,62.6,159.8,0.0,0.0,0.0,0.0,293.0,1086.8,287.6,1115.6,298.4,1074.2,300.2,1094.0,0.0,0.0,160.7,908.0,294.79999999999995,232.19999999999996,98.1,1.3991666666666664,90767.54499999998,15.92857142857143,0.48,0.48,343.4,True,2026-08-14 08:27:13-07:00
780.06,2,10,2026-08-14 15:39:49,36.89437,-121.41113,212.0,21.8,136.1,-12.5,0.0,KCVH,0.1,145.8,0.0,11.9,-1.6,120.2,0.0,119.0,-2.1,0.03,1.0,99.0,25.0,17.0,0.0,30.05,377.0,0.0,0.0,128.0,3500.0,0.0,0.0,129.0,0.0,0.0,5.0,0.0,0.0,0.0,0.0,0.0,1.0,0.0,0.0,11.0,0.0,0.0,0.0,0.0,1.0,1.0,0.0,1200.0,54.0,72.0,949.0,949.0,12.7,1.4,0.0,1.4,24.9,0.0,0.0,9.2,0.0,0.0,4.7,37.5,32.6,0.0,0.0,0.0,0.0,145.0,585.0,142.0,601.0,148.0,579.0,149.0,589.0,0.0,0.0,4.0,0.0,0.0,24.9,3.0,4.998,0.0,0.0,1.775,2.017,54.0,71.7,0.0,0.0,0.0,,0.0,62.6,161.6,0.0,0.0,0.0,0.0,293.0,1085.0,287.6,1113.8,298.4,1074.2,300.2,1092.2,0.0,0.0,161.06,949.0,294.79999999999995,232.19999999999996,98.46000000000001,1.3995555555555554,90804.73599999998,15.571428571428573,0.48,0.48,343.4,True,2026-08-14 08:27:13-07:00
781.06,2,10,2026-08-14 15:39:50,36.89429,-121.41105,212.0,21.6,134.4,-12.5,0.0,KCVH,0.1,146.6,0.0,11.9,-1.6,118.3,0.0,119.0,-1.9,0.02,1.0,99.0,-10.0,17.0,0.0,30.05,382.0,0.0,0.0,128.0,3500.0,0.0,0.0,129.0,0.0,0.0,5.0,0.0,0.0,0.0,0.0,0.0,1.0,0.0,0.0,11.0,0.0,0.0,0.0,0.0,1.0,0.0,0.0,1200.0,54.0,72.0,940.0,940.0,12.5,1.4,0.0,1.4,24.9,0.0,0.0,9.2,0.0,0.0,4.6,37.5,32.6,0.0,0.0,0.0,0.0,145.0,584.0,142.0,600.0,148.0,579.0,149.0,589.0,0.0,0.0,4.0,0.0,0.0,24.9,3.0,4.998,0.0,0.0,1.764,2.023,54.2,71.6,0.0,0.0,0.0,,0.0,62.6,161.6,0.0,0.0,0.0,0.0,293.0,1083.2,287.6,1112.0,298.4,1074.2,300.2,1092.2,0.0,0.0,160.88,940.0,294.79999999999995,232.19999999999996,98.28,1.3999444444444442,90841.33666666664,15.42857142857143,0.48,0.48,343.4,True,2026-08-14 08:27:13-07:00
782.06,2,10,2026-08-14 15:39:51,36.89423,-121.41096,213.0,21.3,132.5,-12.5,0.01,KCVH,0.1,148.0,0.0,11.9,-1.7,116.3,0.0,119.0,-2.0,0.02,1.0,99.0,-8.0,17.0,0.0,30.05,382.0,0.0,0.0,128.0,3500.0,0.0,0.0,129.0,0.0,0.0,5.0,0.0,0.0,0.0,0.0,0.0,1.0,0.0,0.0,11.0,0.0,0.0,0.0,0.0,1.0,0.0,0.0,1200.0,54.0,72.0,942.0,942.0,12.6,1.4,0.0,1.4,25.0,0.0,0.0,9.2,0.0,0.0,4.7,37.5,32.6,0.0,0.0,0.0,0.0,146.0,583.0,142.0,600.0,148.0,580.0,149.0,589.0,0.0,0.0,4.0,0.0,0.0,25.0,3.0,4.998,0.0,0.0,1.763,2.021,54.2,71.7,0.0,0.0,0.0,,0.0,62.6,161.6,0.0,0.0,0.0,0.0,294.8,1081.4,287.6,1112.0,298.4,1076.0,300.2,1092.2,0.0,0.0,161.06,942.0,295.25,232.65,98.46000000000001,1.4003333333333332,90877.51566666664,15.214285714285715,0.48,0.48,343.4,True,2026-08-14 08:27:13-07:00
783.06,2,10,2026-08-14 15:39:52,36.89416,-121.41087,212.0,21.0,130.5,-12.5,0.01,KCVH,0.1,149.6,0.0,11.8,-1.8,113.9,0.0,119.0,-2.2,0.01,0.9,99.0,1.0,17.0,0.0,30.05,382.0,0.0,0.0,128.0,3500.0,0.0,0.0,129.0,0.0,0.0,5.0,0.0,0.0,0.0,0.0,0.0,1.0,0.0,0.0,11.0,0.0,0.0,0.0,0.0,1.0,1.0,0.0,1200.0,54.0,72.0,950.0,950.0,12.6,1.4,0.0,1.4,25.0,0.0,0.0,9.2,0.0,0.0,4.7,37.5,32.6,0.0,0.0,0.0,0.0,146.0,582.0,143.0,600.0,148.0,580.0,149.0,589.0,0.0,0.0,4.0,0.0,0.0,25.0,3.0,4.998,0.0,0.0,1.699,2.021,54.3,71.7,0.0,0.0,0.0,,0.0,62.6,161.6,0.0,0.0,0.0,0.0,294.8,1079.6,289.4,1112.0,298.4,1076.0,300.2,1092.2,0.0,0.0,161.06,950.0,295.7,233.1,98.46000000000001,1.400722222222222,90913.18866666665,15.000000000000002,0.48,0.48,343.4,True,2026-08-14 08:27:13-07:00
784.06,2,10,2026-08-14 15:39:53,36.8941,-121.41077,212.0,20.7,127.8,-12.5,0.01,KCVH,0.1,151.8,0.0,11.7,-1.7,110.8,0.0,119.0,-2.8,0.04,1.0,99.0,-8.0,17.0,0.0,30.05,380.0,0.0,0.0,128.0,3500.0,0.0,0.0,129.0,0.0,0.0,5.0,0.0,0.0,0.0,0.0,0.0,1.0,0.0,0.0,11.0,0.0,0.0,0.0,0.0,1.0,0.0,0.0,1200.0,54.0,72.0,946.0,946.0,12.6,1.4,0.0,1.4,25.0,0.0,0.0,9.2,0.0,0.0,5.5,37.5,32.6,0.0,0.0,0.0,0.0,146.0,581.0,143.0,599.0,148.0,580.0,150.0,589.0,0.0,0.0,4.0,0.0,0.0,25.0,3.0,4.998,0.0,0.0,1.698,2.076,54.2,71.9,0.0,0.0,0.0,,0.0,62.6,161.6,0.0,0.0,0.0,0.0,294.8,1077.8,289.4,1110.2,298.4,1076.0,302.0,1092.2,0.0,0.0,161.42000000000002,946.0,296.15,233.54999999999998,98.82000000000002,1.401111111111111,90948.35566666664,14.785714285714286,0.48,0.48,343.4,True,2026-08-14 08:27:13-07:00
785.06,2,10,2026-08-14 15:39:54,36.89405,-121.41068,213.0,20.5,124.9,-12.5,0.01,KCVH,0.0,154.6,0.0,11.6,-1.6,107.4,0.0,119.0,-3.1,0.03,0.9,99.0,-29.0,17.0,0.0,30.05,382.0,0.0,0.0,128.0,3500.0,0.0,0.0,129.0,0.0,0.0,5.0,0.0,0.0,0.0,0.0,0.0,1.0,0.0,0.0,11.0,0.0,0.0,0.0,0.0,1.0,1.0,0.0,1200.0,54.0,72.0,940.0,940.0,12.6,1.4,0.0,1.4,25.0,0.0,0.0,9.2,0.0,0.0,6.2,37.5,32.6,0.0,0.0,0.0,0.0,146.0,580.0,143.0,598.0,148.0,580.0,150.0,589.0,0.0,0.0,4.0,0.0,0.0,25.0,3.0,4.998,0.0,0.0,1.693,2.075,54.3,72.1,0.0,0.0,0.0,,0.0,62.6,161.6,0.0,0.0,0.0,0.0,294.8,1076.0,289.4,1108.4,298.4,1076.0,302.0,1092.2,0.0,0.0,161.78,940.0,296.15,233.54999999999998,99.18,1.4014999999999997,90983.10099999998,14.642857142857144,0.48,0.48,343.4,True,2026-08-14 08:27:13-07:00
786.06,2,10,2026-08-14 15:39:55,36.89399,-121.41058,212.0,20.3,121.6,-12.5,0.01,KCVH,0.0,158.8,0.0,11.4,-1.7,104.1,0.0,119.0,-3.3,0.03,1.0,99.0,-5.0,17.0,0.0,30.05,382.0,0.0,0.0,128.0,3500.0,0.0,0.0,129.0,0.0,0.0,5.0,0.0,0.0,0.0,0.0,0.0,1.0,0.0,0.0,11.0,0.0,0.0,0.0,0.0,1.0,0.0,0.0,1200.0,54.0,72.0,938.0,938.0,12.7,1.4,0.0,1.4,25.0,0.0,0.0,9.2,0.0,0.0,6.3,37.5,32.6,0.0,0.0,0.0,0.0,146.0,580.0,143.0,598.0,149.0,581.0,150.0,589.0,0.0,0.0,4.0,0.0,0.0,25.0,3.0,4.998,0.0,0.0,1.663,2.126,54.0,72.0,0.0,0.0,0.0,,0.0,62.6,161.6,0.0,0.0,0.0,0.0,294.8,1076.0,289.4,1108.4,300.2,1077.8,302.0,1092.2,0.0,0.0,161.6,938.0,296.6,234.00000000000003,99.0,1.4018888888888887,91017.50899999998,14.500000000000002,0.48,0.48,343.4,True,2026-08-14 08:27:13-07:00
787.06,2,10,2026-08-14 15:39:56,36.89395,-121.41048,212.0,20.2,118.0,-12.5,0.01,KCVH,0.0,164.7,0.0,11.6,-1.6,100.5,0.0,119.0,-3.5,0.04,1.2,99.0,46.0,17.0,0.0,30.05,382.0,0.0,0.0,128.0,3500.0,0.0,0.0,129.0,0.0,0.0,5.0,0.0,0.0,0.0,0.0,0.0,1.0,0.0,0.0,11.0,0.0,0.0,0.0,0.0,1.0,0.0,0.0,1200.0,54.0,72.0,934.0,934.0,12.7,1.5,0.0,1.5,25.1,0.0,0.0,9.1,0.0,0.0,6.5,37.5,32.6,0.0,0.0,0.0,0.0,146.0,579.0,143.0,598.0,149.0,582.0,150.0,588.0,0.0,0.0,4.0,0.0,0.0,25.1,3.0,4.998,0.0,0.0,1.627,2.195,53.9,72.1,0.0,0.0,0.0,,0.0,62.6,161.6,0.0,0.0,0.0,0.0,294.8,1074.2,289.4,1108.4,300.2,1079.6,302.0,1090.4,0.0,0.0,161.78,934.0,296.6,234.00000000000003,99.18,1.4022916666666665,91051.66399999998,13.466666666666667,0.48,0.48,343.4,True,2026-08-14 08:27:13-07:00
788.06,2,10,2026-08-14 15:39:57,36.89391,-121.41038,212.0,20.0,114.2,-12.5,0.02,KCVH,0.0,171.5,0.0,11.5,-0.1,97.9,0.0,120.0,-3.1,0.06,1.0,99.0,9.0,17.0,0.0,30.05,383.0,0.0,0.0,128.0,3500.0,0.0,0.0,129.0,0.0,0.0,5.0,0.0,0.0,0.0,0.0,0.0,1.0,0.0,0.0,10.0,0.0,0.0,0.0,0.0,1.0,1.0,0.0,1200.0,54.0,72.0,948.0,948.0,12.7,1.5,0.0,1.5,25.1,0.0,0.0,9.1,0.0,0.0,6.7,37.5,32.6,0.0,0.0,0.0,0.0,146.0,579.0,143.0,598.0,149.0,581.0,150.0,588.0,0.0,0.0,4.0,0.0,0.0,25.1,3.0,4.998,0.0,0.0,1.625,2.177,54.2,72.1,0.0,0.0,0.0,,0.0,62.6,161.6,0.0,0.0,0.0,0.0,294.8,1074.2,289.4,1108.4,300.2,1077.8,302.0,1090.4,0.0,0.0,161.78,948.0,296.6,234.00000000000003,99.18,1.4027083333333332,91085.56599999998,13.333333333333334,0.48,0.48,343.4,True,2026-08-14 08:27:13-07:00
789.06,2,10,2026-08-14 15:39:58,36.89387,-121.41027,213.0,19.7,113.0,-12.5,0.02,KCVH,0.0,180.3,0.0,11.8,-0.8,96.4,0.0,120.0,-2.1,0.01,1.2,99.0,16.0,17.0,0.0,30.05,383.0,0.0,0.0,128.0,3500.0,0.0,0.0,129.0,0.0,0.0,5.0,0.0,0.0,0.0,0.0,0.0,1.0,0.0,0.0,10.0,0.0,0.0,0.0,0.0,1.0,1.0,0.0,1200.0,54.0,72.0,949.0,949.0,12.7,1.5,0.0,1.5,25.1,0.0,0.0,9.1,0.0,0.0,6.9,37.5,32.6,0.0,0.0,0.0,0.0,147.0,578.0,143.0,598.0,149.0,581.0,150.0,588.0,0.0,0.0,4.0,0.0,0.0,25.1,3.0,4.998,0.0,0.0,1.625,2.225,54.2,72.2,0.0,0.0,0.0,,0.0,62.6,161.6,0.0,0.0,0.0,0.0,296.6,1072.4,289.4,1108.4,300.2,1077.8,302.0,1090.4,0.0,0.0,161.96,949.0,297.05,234.45000000000002,99.36000000000001,1.4031249999999997,91119.04633333332,13.133333333333333,0.48,0.48,343.4,True,2026-08-14 08:27:13-07:00
790.06,2,10,2026-08-14 15:39:59,36.89383,-121.41016,213.0,19.6,110.7,-12.5,0.02,KCVH,0.0,190.5,0.0,11.7,-0.8,94.4,0.0,120.0,-2.0,0.02,0.9,99.0,23.0,17.0,0.0,30.05,383.0,0.0,0.0,128.0,3500.0,0.0,0.0,129.0,0.0,0.0,5.0,0.0,0.0,0.0,0.0,0.0,1.0,0.0,0.0,10.0,0.0,0.0,0.0,0.0,1.0,0.0,0.0,1200.0,54.0,72.0,934.0,934.0,12.6,1.5,0.0,1.5,25.1,0.0,0.0,9.1,0.0,0.0,6.9,37.5,32.6,0.0,0.0,0.0,0.0,147.0,577.0,143.0,598.0,149.0,580.0,150.0,588.0,0.0,0.0,4.0,0.0,0.0,25.1,3.0,4.998,0.0,0.0,1.625,2.177,54.2,72.4,0.0,0.0,0.0,,0.0,62.6,161.6,0.0,0.0,0.0,0.0,296.6,1070.6,289.4,1108.4,300.2,1076.0,302.0,1090.4,0.0,0.0,162.32,934.0,297.05,234.45000000000002,99.72,1.4035416666666665,91152.18933333331,13.066666666666668,0.48,0.48,343.4,True,2026-08-14 08:27:13-07:00
791.06,2,10,2026-08-14 15:40:00,36.8938,-121.41006,213.0,19.4,109.0,-12.5,0.02,KCVH,0.0,201.3,0.0,11.6,-1.0,93.0,0.0,120.0,-1.7,0.01,1.0,99.0,-9.0,17.0,0.0,30.05,392.0,0.0,0.0,128.0,3500.0,0.0,0.0,129.0,0.0,0.0,5.0,0.0,0.0,0.0,0.0,0.0,1.0,0.0,0.0,10.0,0.0,0.0,0.0,0.0,1.0,0.0,0.0,1200.0,54.0,72.0,942.0,942.0,12.7,1.4,0.0,1.4,25.1,0.0,0.0,9.1,0.0,0.0,6.2,37.5,32.6,0.0,0.0,0.0,0.0,147.0,577.0,143.0,598.0,149.0,580.0,150.0,588.0,0.0,0.0,4.0,0.0,0.0,25.1,3.0,4.998,0.0,0.0,1.625,2.178,54.2,72.3,0.0,0.0,0.0,,0.0,62.6,161.6,0.0,0.0,0.0,0.0,296.6,1070.6,289.4,1108.4,300.2,1076.0,302.0,1090.4,0.0,0.0,162.14,942.0,297.05,234.45000000000002,99.53999999999999,1.4039444444444442,91185.07933333331,13.857142857142858,0.48,0.48,343.4,True,2026-08-14 08:27:13-07:00
792.06,2,10,2026-08-14 15:40:01,36.89377,-121.40995,213.0,19.2,107.6,-12.5,0.03,KCVH,0.0,211.7,0.0,11.5,-0.6,92.4,0.0,120.0,-1.2,0.03,1.1,99.0,-10.0,17.0,0.0,30.05,392.0,0.0,0.0,128.0,3500.0,0.0,0.0,129.0,0.0,0.0,5.0,1.0,0.0,0.0,0.0,0.0,1.0,0.0,0.0,10.0,0.0,0.0,0.0,0.0,1.0,0.0,0.0,1200.0,54.0,72.0,927.0,927.0,12.6,1.4,0.0,1.4,25.2,0.0,0.0,9.1,0.0,0.0,5.6,37.5,32.6,0.0,0.0,0.0,0.0,147.0,576.0,144.0,597.0,149.0,580.0,150.0,588.0,0.0,0.0,4.0,0.0,0.0,25.2,3.0,4.998,0.0,0.0,1.625,2.14,54.1,72.3,0.0,0.0,0.0,,0.0,62.6,161.6,0.0,0.0,0.0,0.0,296.6,1068.8,291.2,1106.6,300.2,1076.0,302.0,1090.4,0.0,0.0,162.14,927.0,297.5,234.9,99.53999999999999,1.4043333333333332,91217.63199999998,13.714285714285715,0.48,0.48,343.4,True,2026-08-14 08:27:13-07:00
793.06,2,10,2026-08-14 15:40:02,36.89375,-121.40984,214.0,19.0,108.2,-12.5,0.03,KCVH,0.0,221.4,0.0,11.4,-0.8,94.1,0.0,120.0,0.5,-0.05,1.0,99.0,-14.0,17.0,0.0,30.05,392.0,0.0,0.0,128.0,3500.0,0.0,0.0,129.0,0.0,0.0,5.0,1.0,0.0,0.0,0.0,0.0,1.0,0.0,0.0,10.0,0.0,0.0,0.0,0.0,1.0,0.0,0.0,1200.0,54.0,72.0,915.0,915.0,12.8,1.4,0.0,1.4,25.2,0.0,0.0,9.1,0.0,0.0,5.3,37.5,32.6,0.0,0.0,0.0,0.0,147.0,576.0,144.0,596.0,149.0,579.0,151.0,587.0,0.0,0.0,4.0,0.0,0.0,25.2,3.0,4.998,0.0,0.0,1.686,2.123,53.6,72.3,0.0,0.0,0.0,,0.0,62.6,161.6,0.0,0.0,0.0,0.0,296.6,1068.8,291.2,1104.8,300.2,1074.2,303.8,1088.6,0.0,0.0,162.14,915.0,297.95000000000005,235.35000000000005,99.53999999999999,1.404722222222222,91249.84733333331,13.571428571428573,0.48,0.48,343.4,True,2026-08-14 08:27:13-07:00
794.06,2,10,2026-08-14 15:40:03,36.89372,-121.40974,214.0,18.9,108.4,-12.5,0.03,KCVH,0.0,229.3,0.0,11.4,-0.9,94.0,0.0,120.0,0.2,-0.02,1.0,99.0,27.0,17.0,0.0,30.05,392.0,0.0,0.0,128.0,3500.0,0.0,0.0,129.0,0.0,0.0,5.0,1.0,0.0,0.0,0.0,0.0,1.0,0.0,0.0,10.0,0.0,0.0,0.0,0.0,1.0,1.0,0.0,1200.0,54.0,72.0,898.0,898.0,12.7,1.4,0.0,1.4,25.2,0.0,0.0,9.1,0.0,0.0,5.2,37.5,32.6,0.0,0.0,0.0,0.0,147.0,576.0,144.0,597.0,149.0,578.0,151.0,585.0,0.0,0.0,4.0,0.0,0.0,25.2,3.0,4.998,0.0,0.0,1.714,2.057,53.5,72.4,0.0,0.0,0.0,,0.0,62.6,161.6,0.0,0.0,0.0,0.0,296.6,1068.8,291.2,1106.6,300.2,1072.4,303.8,1085.0,0.0,0.0,162.32,898.0,297.95000000000005,235.35000000000005,99.72,1.405111111111111,91281.80966666665,13.5,0.48,0.48,343.4,True,2026-08-14 08:27:13-07:00
795.06,2,10,2026-08-14 15:40:04,36.89369,-121.40964,214.0,18.8,108.9,-12.5,0.03,KCVH,0.0,236.7,0.0,11.4,-1.0,94.3,0.0,121.0,0.2,-0.02,1.0,99.0,14.0,17.0,0.0,30.05,392.0,0.0,0.0,128.0,3500.0,0.0,0.0,129.0,0.0,0.0,5.0,1.0,0.0,0.0,0.0,0.0,1.0,0.0,0.0,10.0,0.0,0.0,0.0,0.0,1.0,0.0,0.0,1200.0,53.0,73.0,905.0,905.0,12.8,1.4,0.0,1.4,25.2,0.0,0.0,9.1,0.0,0.0,5.1,37.5,32.6,0.0,0.0,0.0,0.0,147.0,575.0,144.0,596.0,149.0,578.0,151.0,584.0,0.0,0.0,4.0,0.0,0.0,25.2,3.0,4.998,0.0,0.0,1.764,2.023,53.3,72.6,0.0,0.0,0.0,,0.0,62.6,163.4,0.0,0.0,0.0,0.0,296.6,1067.0,291.2,1104.8,300.2,1072.4,303.8,1083.2,0.0,0.0,162.68,905.0,297.95000000000005,235.35000000000005,100.08000000000001,1.4054999999999997,91313.60333333332,13.42857142857143,0.48,0.48,343.4,True,2026-08-14 08:27:13-07:00
796.06,2,10,2026-08-14 15:40:05,36.89367,-121.40954,214.0,18.6,108.9,-12.5,0.04,KCVH,0.0,242.3,0.0,11.4,-1.0,95.2,0.0,121.0,0.5,-0.02,1.0,99.0,5.0,17.0,0.0,30.05,392.0,0.0,0.0,128.0,3500.0,0.0,0.0,129.0,0.0,0.0,5.0,1.0,0.0,0.0,0.0,0.0,1.0,0.0,0.0,10.0,0.0,0.0,0.0,0.0,1.0,0.0,0.0,1200.0,53.0,73.0,908.0,908.0,12.8,1.4,0.0,1.4,25.2,0.0,0.0,9.1,0.0,0.0,4.7,37.5,32.6,0.0,0.0,0.0,0.0,148.0,575.0,144.0,596.0,150.0,577.0,151.0,583.0,0.0,0.0,4.0,0.0,0.0,25.2,3.0,4.998,0.0,0.0,1.764,2.023,53.4,72.6,0.0,0.0,0.0,,0.0,62.6,163.4,0.0,0.0,0.0,0.0,298.4,1067.0,291.2,1104.8,302.0,1070.6,303.8,1081.4,0.0,0.0,162.68,908.0,298.85,236.25000000000003,100.08000000000001,1.4058888888888887,91345.14399999999,13.285714285714288,0.48,0.48,343.4,True,2026-08-14 08:27:13-07:00
797.06,2,10,2026-08-14 15:40:06,36.89363,-121.40944,215.0,18.4,109.4,-12.5,0.04,KCVH,0.0,247.3,0.0,11.6,-0.4,99.3,0.0,121.0,2.4,-0.05,1.1,99.0,-24.0,17.0,0.0,30.05,393.0,0.0,0.0,128.0,3500.0,0.0,0.0,129.0,0.0,0.0,5.0,1.0,0.0,0.0,0.0,0.0,1.0,0.0,0.0,10.0,0.0,0.0,0.0,0.0,1.0,0.0,0.0,1200.0,53.0,73.0,900.0,900.0,12.8,1.4,0.0,1.4,25.2,0.0,0.0,9.1,0.0,0.0,4.7,37.5,32.6,0.0,0.0,0.0,0.0,148.0,573.0,144.0,596.0,150.0,576.0,151.0,583.0,0.0,0.0,4.0,0.0,0.0,25.2,3.0,4.998,0.0,0.0,1.829,1.964,53.4,72.5,0.0,0.0,0.0,,0.0,62.6,163.4,0.0,0.0,0.0,0.0,298.4,1063.4,291.2,1104.8,302.0,1068.8,303.8,1081.4,0.0,0.0,162.5,900.0,298.85,236.25000000000003,99.9,1.4062777777777775,91376.34733333331,13.142857142857142,0.48,0.48,343.4,True,2026-08-14 08:27:13-07:00
798.06,2,10,2026-08-14 15:40:07,36.8936,-121.40934,215.0,18.2,115.1,-12.5,0.04,KCVH,0.0,251.5,0.0,11.3,-0.4,104.0,0.0,121.0,4.0,-0.12,1.0,99.0,-24.0,17.0,0.0,30.05,393.0,0.0,0.0,128.0,3500.0,0.0,0.0,129.0,0.0,0.0,5.0,1.0,0.0,0.0,0.0,0.0,1.0,0.0,0.0,10.0,0.0,0.0,0.0,0.0,1.0,0.0,0.0,1200.0,53.0,73.0,897.0,897.0,12.9,1.4,0.0,1.4,25.2,0.0,0.0,9.1,0.0,0.0,4.7,37.5,32.6,0.0,0.0,0.0,0.0,148.0,574.0,144.0,596.0,150.0,575.0,151.0,583.0,0.0,0.0,4.0,0.0,0.0,25.2,3.0,4.998,0.0,0.0,1.938,1.891,53.3,72.6,0.0,0.0,0.0,,0.0,62.6,163.4,0.0,0.0,0.0,0.0,298.4,1065.2,291.2,1104.8,302.0,1067.0,303.8,1081.4,0.0,0.0,162.68,897.0,298.85,236.25000000000003,100.08000000000001,1.4066666666666665,91407.21333333332,13.0,0.48,0.48,343.4,True,2026-08-14 08:27:13-07:00
799.06,2,10,2026-08-14 15:40:08,36.89357,-121.40925,215.0,18.0,118.4,-12.5,0.05,KCVH,0.1,255.2,0.0,11.4,-0.6,105.9,0.0,121.0,2.9,-0.07,0.9,99.0,8.0,17.0,0.0,30.05,393.0,0.0,0.0,128.0,3500.0,0.0,0.0,129.0,0.0,0.0,5.0,1.0,0.0,0.0,0.0,0.0,1.0,0.0,0.0,10.0,0.0,0.0,0.0,0.0,1.0,1.0,0.0,1200.0,53.0,73.0,905.0,905.0,12.8,1.4,0.0,1.4,25.3,0.0,0.0,9.1,0.0,0.0,4.8,37.5,32.6,0.0,0.0,0.0,0.0,148.0,573.0,145.0,595.0,150.0,574.0,152.0,582.0,0.0,0.0,4.0,0.0,0.0,25.3,3.0,4.998,0.0,0.0,1.97,1.785,53.5,72.6,0.0,0.0,0.0,,0.0,62.6,163.4,0.0,0.0,0.0,0.0,298.4,1063.4,293.0,1103.0,302.0,1065.2,305.6,1079.6,0.0,0.0,162.68,905.0,299.75,237.15,100.08000000000001,1.4070555555555553,91437.74199999998,12.857142857142858,0.48,0.48,343.4,True,2026-08-14 08:27:13-07:00
800.06,2,10,2026-08-14 15:40:09,36.89352,-121.40916,215.0,18.0,120.5,-12.5,0.05,KCVH,0.1,259.2,0.0,11.3,-0.3,109.0,0.0,121.0,2.8,-0.06,1.0,99.0,-19.0,17.0,0.0,30.05,393.0,0.0,0.0,128.0,3500.0,0.0,0.0,129.0,0.0,0.0,5.0,1.0,0.0,0.0,0.0,0.0,1.0,0.0,0.0,10.0,0.0,0.0,0.0,0.0,1.0,0.0,0.0,1200.0,53.0,73.0,902.0,902.0,12.8,1.4,0.0,1.4,25.2,0.0,0.0,9.1,0.0,0.0,4.8,37.5,32.6,0.0,0.0,0.0,0.0,148.0,573.0,145.0,595.0,150.0,573.0,152.0,581.0,0.0,0.0,4.0,0.0,0.0,25.2,3.0,4.998,0.0,0.0,2.002,1.844,53.5,72.8,0.0,0.0,0.0,,0.0,62.6,163.4,0.0,0.0,0.0,0.0,298.4,1063.4,293.0,1103.0,302.0,1063.4,305.6,1077.8,0.0,0.0,163.04,902.0,299.75,237.15,100.44,1.4074444444444443,91468.10199999998,12.857142857142858,0.48,0.48,343.4,True,2026-08-14 08:27:13-07:00
801.06,2,10,2026-08-14 15:40:10,36.89348,-121.40907,216.0,17.8,124.4,-12.5,0.05,KCVH,0.1,262.6,0.0,11.4,-0.3,112.7,0.0,121.0,3.3,-0.06,1.0,99.0,10.0,17.0,0.0,30.05,393.0,0.0,0.0,128.0,3500.0,0.0,0.0,129.0,0.0,0.0,5.0,1.0,0.0,0.0,0.0,0.0,1.0,0.0,0.0,10.0,0.0,0.0,0.0,0.0,1.0,0.0,0.0,1200.0,53.0,73.0,888.0,888.0,12.9,1.4,0.0,1.4,25.3,0.0,0.0,9.1,0.0,0.0,4.6,37.5,32.6,0.0,0.0,0.0,0.0,148.0,573.0,145.0,595.0,150.0,572.0,152.0,581.0,0.0,0.0,4.0,0.0,0.0,25.3,3.0,4.998,0.0,0.0,2.002,1.786,53.2,72.8,0.0,0.0,0.0,,0.0,62.6,163.4,0.0,0.0,0.0,0.0,298.4,1063.4,293.0,1103.0,302.0,1061.6,305.6,1077.8,0.0,0.0,163.04,888.0,299.75,237.15,100.44,1.407833333333333,91498.29333333332,12.714285714285715,0.48,0.48,343.4,True,2026-08-14 08:27:13-07:00
802.06,2,10,2026-08-14 15:40:11,36.89343,-121.40899,216.0,17.7,128.1,-12.5,0.05,KCVH,0.1,265.8,0.0,11.5,-0.4,118.5,0.0,121.0,4.7,-0.1,0.8,99.0,12.0,17.0,0.0,30.05,393.0,0.0,0.0,128.0,3500.0,0.0,0.0,129.0,0.0,0.0,5.0,1.0,0.0,0.0,0.0,0.0,1.0,0.0,0.0,10.0,0.0,0.0,0.0,0.0,1.0,0.0,0.0,1200.0,53.0,73.0,872.0,872.0,13.0,1.4,0.0,1.4,25.3,0.0,0.0,9.1,0.0,0.0,4.7,37.5,32.6,0.0,0.0,0.0,0.0,149.0,575.0,145.0,596.0,150.0,573.0,152.0,581.0,0.0,0.0,4.0,0.0,0.0,25.3,3.0,4.998,0.0,0.0,2.058,1.749,52.7,72.7,0.0,0.0,0.0,,0.0,62.6,163.4,0.0,0.0,0.0,0.0,300.2,1067.0,293.0,1104.8,302.0,1063.4,305.6,1077.8,0.0,0.0,162.86,872.0,300.2,237.6,100.26000000000002,1.408222222222222,91528.23166666664,12.642857142857142,0.48,0.48,343.4,True,2026-08-14 08:27:13-07:00
803.06,2,10,2026-08-14 15:40:12,36.89338,-121.40891,215.0,17.5,133.7,-12.5,0.05,KCVH,0.1,268.8,0.0,11.5,-0.2,123.7,0.0,121.0,5.1,-0.11,1.0,99.0,-8.0,17.0,0.0,30.05,394.0,0.0,0.0,128.0,3500.0,0.0,0.0,129.0,0.0,0.0,5.0,1.0,0.0,0.0,0.0,0.0,1.0,0.0,0.0,10.0,0.0,0.0,0.0,0.0,1.0,0.0,0.0,1200.0,53.0,73.0,885.0,885.0,13.1,1.4,0.0,1.4,25.3,0.0,0.0,9.1,0.0,0.0,4.8,37.5,32.6,0.0,0.0,0.0,0.0,149.0,576.0,145.0,597.0,150.0,573.0,152.0,580.0,0.0,0.0,4.0,0.0,0.0,25.3,3.0,4.998,0.0,0.0,2.102,1.724,52.8,72.7,0.0,0.0,0.0,,0.0,62.6,163.4,0.0,0.0,0.0,0.0,300.2,1068.8,293.0,1106.6,302.0,1063.4,305.6,1076.0,0.0,0.0,162.86,885.0,300.2,237.6,100.26000000000002,1.4086111111111108,91557.91699999999,12.5,0.48,0.48,343.4,True,2026-08-14 08:27:13-07:00
804.06,2,10,2026-08-14 15:40:13,36.89331,-121.40884,215.0,17.3,139.5,-12.5,0.05,KCVH,0.1,272.0,0.0,11.4,-0.4,125.3,0.0,121.0,3.1,-0.05,1.0,99.0,-36.0,17.0,0.0,30.05,394.0,0.0,0.0,128.0,3500.0,0.0,0.0,129.0,0.0,0.0,5.0,1.0,0.0,0.0,0.0,0.0,1.0,0.0,0.0,10.0,0.0,0.0,0.0,0.0,1.0,1.0,0.0,1200.0,53.0,73.0,889.0,889.0,13.1,1.4,0.0,1.4,25.2,0.0,0.0,9.1,0.0,0.0,4.9,37.5,32.6,0.0,0.0,0.0,0.0,149.0,575.0,145.0,596.0,151.0,572.0,152.0,581.0,0.0,0.0,4.0,0.0,0.0,25.2,3.0,4.998,0.0,0.0,2.109,1.669,53.0,72.8,0.0,0.0,0.0,,0.0,62.6,163.4,0.0,0.0,0.0,0.0,300.2,1067.0,293.0,1104.8,303.8,1061.6,305.6,1077.8,0.0,0.0,163.04,889.0,300.65000000000003,238.05000000000004,100.44,1.4089999999999998,91587.26499999998,12.357142857142858,0.48,0.48,343.4,True,2026-08-14 08:27:13-07:00
805.06,2,10,2026-08-14 15:40:14,36.89325,-121.40878,215.0,17.2,140.2,-12.5,0.05,KCVH,0.1,274.6,0.0,11.5,-0.3,127.1,0.0,121.0,2.2,-0.04,1.0,99.0,15.0,17.0,0.0,30.05,395.0,0.0,0.0,128.0,3500.0,0.0,0.0,129.0,0.0,0.0,5.0,1.0,0.0,0.0,0.0,0.0,1.0,0.0,0.0,10.0,0.0,0.0,0.0,0.0,1.0,0.0,0.0,1200.0,53.0,73.0,902.0,902.0,13.1,1.4,0.0,1.4,25.2,0.0,0.0,9.1,0.0,0.0,4.9,37.5,32.6,0.0,0.0,0.0,0.0,149.0,575.0,145.0,597.0,151.0,573.0,152.0,581.0,0.0,0.0,4.0,0.0,0.0,25.2,3.0,4.998,0.0,0.0,2.109,1.667,53.1,72.9,0.0,0.0,0.0,,0.0,62.6,163.4,0.0,0.0,0.0,0.0,300.2,1067.0,293.0,1106.6,303.8,1063.4,305.6,1077.8,0.0,0.0,163.22,902.0,300.65000000000003,238.05000000000004,100.62,1.4093888888888888,91616.35999999999,12.285714285714286,0.48,0.48,343.4,True,2026-08-14 08:27:13-07:00
806.06,2,10,2026-08-14 15:40:15,36.89319,-121.40871,215.0,17.2,142.4,-12.5,0.05,KCVH,0.1,277.2,0.0,11.5,-0.4,127.3,0.0,121.0,1.1,-0.03,1.0,99.0,0.0,17.0,0.0,30.05,395.0,0.0,0.0,128.0,3500.0,0.0,0.0,129.0,0.0,0.0,5.0,1.0,0.0,0.0,0.0,0.0,1.0,0.0,0.0,10.0,0.0,0.0,0.0,0.0,1.0,0.0,0.0,1200.0,55.0,73.0,959.0,959.0,13.1,1.4,0.0,1.4,25.2,0.0,0.0,9.1,0.0,0.0,4.7,37.5,32.6,0.0,0.0,0.0,0.0,149.0,574.0,146.0,597.0,151.0,573.0,153.0,582.0,0.0,0.0,4.0,0.0,0.0,25.2,3.0,4.998,0.0,0.0,2.109,1.718,54.8,73.0,0.0,0.0,0.0,,0.0,62.6,163.4,0.0,0.0,0.0,0.0,300.2,1065.2,294.8,1106.6,303.8,1063.4,307.4,1079.6,0.0,0.0,163.4,959.0,301.55,238.95000000000002,100.80000000000001,1.4097777777777776,91645.37066666664,12.285714285714286,0.48,0.48,343.4,True,2026-08-14 08:27:13-07:00
807.06,2,10,2026-08-14 15:40:16,36.89313,-121.40865,215.0,17.2,141.3,-12.5,0.05,KCVH,0.1,279.8,0.0,11.5,-0.3,127.9,0.0,121.0,0.5,0.0,1.0,99.0,2.0,17.0,0.0,30.05,395.0,0.0,0.0,128.0,3500.0,0.0,0.0,129.0,0.0,0.0,5.0,1.0,0.0,0.0,0.0,0.0,1.0,0.0,0.0,10.0,0.0,0.0,0.0,0.0,1.0,0.0,0.0,1200.0,54.0,73.0,923.0,923.0,12.8,1.4,0.0,1.4,25.2,0.0,0.0,9.1,0.0,0.0,4.6,37.5,32.6,0.0,0.0,0.0,0.0,149.0,576.0,146.0,596.0,151.0,574.0,153.0,582.0,0.0,0.0,4.0,0.0,0.0,25.2,3.0,4.998,0.0,0.0,2.069,1.752,54.4,72.9,0.0,0.0,0.0,,0.0,62.6,163.4,0.0,0.0,0.0,0.0,300.2,1068.8,294.8,1104.8,303.8,1065.2,307.4,1079.6,0.0,0.0,163.22,923.0,301.55,238.95000000000002,100.62,1.4101666666666666,91674.38133333331,12.285714285714286,0.48,0.48,343.4,True,2026-08-14 08:27:13-07:00
808.06,2,10,2026-08-14 15:40:17,36.89307,-121.40859,215.0,17.1,142.9,-12.5,0.05,KCVH,0.1,281.7,0.0,11.3,-0.3,131.0,0.0,122.0,2.0,-0.07,1.0,99.0,25.0,17.0,0.0,30.05,395.0,0.0,0.0,128.0,3500.0,0.0,0.0,129.0,0.0,0.0,5.0,1.0,0.0,0.0,0.0,0.0,1.0,0.0,0.0,10.0,0.0,0.0,0.0,0.0,1.0,0.0,0.0,1200.0,54.0,73.0,904.0,904.0,12.9,1.4,0.0,1.4,25.2,0.0,0.0,9.1,0.0,0.0,4.7,37.5,32.6,0.0,0.0,0.0,0.0,150.0,575.0,146.0,597.0,151.0,574.0,153.0,583.0,0.0,0.0,4.0,0.0,0.0,25.2,3.0,4.998,0.0,0.0,2.002,1.803,53.5,72.9,0.0,0.0,0.0,,0.0,62.6,163.4,0.0,0.0,0.0,0.0,302.0,1067.0,294.8,1106.6,303.8,1065.2,307.4,1081.4,0.0,0.0,163.22,904.0,302.0,239.4,100.62,1.4105555555555553,91703.30766666665,12.214285714285715,0.48,0.48,343.4,True,2026-08-14 08:27:13-07:00
809.06,2,10,2026-08-14 15:40:18,36.89301,-121.40854,216.0,17.1,145.6,-12.5,0.05,KCVH,0.1,284.0,0.0,11.6,-0.9,129.2,0.0,122.0,-0.2,-0.0,1.0,99.0,-12.0,17.0,0.0,30.05,397.0,0.0,0.0,128.0,3500.0,0.0,0.0,129.0,0.0,0.0,5.0,1.0,0.0,0.0,0.0,0.0,1.0,0.0,0.0,10.0,0.0,0.0,0.0,0.0,1.0,0.0,0.0,1200.0,54.0,73.0,913.0,913.0,12.9,1.4,0.0,1.4,25.2,0.0,0.0,9.1,0.0,0.0,4.8,37.5,32.6,0.0,0.0,0.0,0.0,150.0,573.0,146.0,598.0,151.0,573.0,153.0,583.0,0.0,0.0,4.0,0.0,0.0,25.2,3.0,4.998,0.0,0.0,2.002,1.785,53.6,73.0,0.0,0.0,0.0,,0.0,62.6,163.4,0.0,0.0,0.0,0.0,302.0,1063.4,294.8,1108.4,303.8,1063.4,307.4,1081.4,0.0,0.0,163.4,913.0,302.0,239.4,100.80000000000001,1.4109444444444443,91732.14966666665,12.214285714285715,0.48,0.48,343.4,True,2026-08-14 08:27:13-07:00
810.06,2,10,2026-08-14 15:40:19,36.89294,-121.40848,216.0,16.9,142.7,-12.5,0.05,KCVH,0.1,286.1,0.0,11.5,-0.8,128.2,0.0,122.0,-1.0,0.0,1.0,99.0,-11.0,17.0,0.0,30.05,397.0,0.0,0.0,128.0,3500.0,0.0,0.0,129.0,0.0,0.0,5.0,1.0,0.0,0.0,0.0,0.0,1.0,0.0,0.0,10.0,0.0,0.0,0.0,0.0,1.0,0.0,0.0,1200.0,54.0,73.0,907.0,907.0,12.9,1.4,0.0,1.4,25.2,0.0,0.0,9.1,0.0,0.0,5.0,37.5,32.6,0.0,0.0,0.0,0.0,150.0,574.0,146.0,598.0,151.0,574.0,153.0,583.0,0.0,0.0,4.0,0.0,0.0,25.2,3.0,4.998,0.0,0.0,1.975,1.808,53.5,73.1,0.0,0.0,0.0,,0.0,62.6,163.4,0.0,0.0,0.0,0.0,302.0,1065.2,294.8,1108.4,303.8,1065.2,307.4,1081.4,0.0,0.0,163.57999999999998,907.0,302.0,239.4,100.97999999999999,1.411333333333333,91760.82299999997,12.071428571428571,0.48,0.48,343.4,True,2026-08-14 08:27:13-07:00
811.06,2,10,2026-08-14 15:40:20,36.89288,-121.40842,216.0,16.8,142.1,-12.5,0.05,KCVH,0.1,287.5,0.0,11.6,-0.4,127.4,0.0,122.0,-0.9,0.01,1.0,99.0,-32.0,17.0,0.0,30.05,397.0,0.0,0.0,128.0,3500.0,0.0,0.0,129.0,0.0,0.0,5.0,1.0,0.0,0.0,0.0,0.0,1.0,0.0,0.0,10.0,0.0,0.0,0.0,0.0,1.0,0.0,0.0,1200.0,54.0,73.0,946.0,946.0,13.1,1.4,0.0,1.4,25.2,0.0,0.0,9.1,0.0,0.0,4.7,37.5,32.6,0.0,0.0,0.0,0.0,150.0,573.0,146.0,597.0,152.0,574.0,153.0,582.0,0.0,0.0,4.0,0.0,0.0,25.2,3.0,4.998,0.0,0.0,1.902,1.909,53.9,73.2,0.0,0.0,0.0,,0.0,62.6,163.4,0.0,0.0,0.0,0.0,302.0,1063.4,294.8,1106.6,305.6,1065.2,307.4,1079.6,0.0,0.0,163.76000000000002,946.0,302.45,239.85,101.16000000000003,1.411722222222222,91789.24333333332,12.000000000000002,0.48,0.48,343.4,True,2026-08-14 08:27:13-07:00
812.06,2,10,2026-08-14 15:40:21,36.89282,-121.40836,216.0,16.9,141.1,-12.5,0.05,KCVH,0.1,289.2,0.0,11.5,-0.6,126.7,0.0,122.0,-0.8,0.01,1.1,99.0,-13.0,17.0,0.0,30.05,397.0,0.0,0.0,128.0,3500.0,0.0,0.0,129.0,0.0,0.0,5.0,1.0,0.0,0.0,0.0,0.0,1.0,0.0,0.0,10.0,0.0,0.0,0.0,0.0,1.0,0.0,0.0,1200.0,55.0,73.0,981.0,981.0,12.9,1.5,0.0,1.5,25.2,0.0,0.0,9.1,0.0,0.0,4.6,37.5,32.6,0.0,0.0,0.0,0.0,150.0,574.0,146.0,597.0,152.0,576.0,154.0,584.0,0.0,0.0,4.0,0.0,0.0,25.2,3.0,4.998,0.0,0.0,1.881,1.909,55.2,73.1,0.0,0.0,0.0,,0.0,62.6,163.4,0.0,0.0,0.0,0.0,302.0,1065.2,294.8,1106.6,305.6,1068.8,309.2,1083.2,0.0,0.0,163.57999999999998,981.0,302.9,240.29999999999998,100.97999999999999,1.4121249999999999,91817.66366666665,11.266666666666666,0.48,0.48,343.4,True,2026-08-14 08:27:13-07:00
813.06,2,10,2026-08-14 15:40:22,36.89276,-121.40829,216.0,16.9,140.5,-12.5,0.05,KCVH,0.1,290.6,0.0,11.6,-0.7,126.3,0.0,122.0,-0.6,0.01,1.0,99.0,-14.0,17.0,0.0,30.05,397.0,0.0,0.0,128.0,3500.0,0.0,0.0,129.0,0.0,0.0,5.0,1.0,0.0,0.0,0.0,0.0,1.0,0.0,0.0,10.0,0.0,0.0,0.0,0.0,1.0,0.0,0.0,1200.0,55.0,73.0,988.0,988.0,12.7,1.5,0.0,1.5,25.2,0.0,0.0,9.1,0.0,0.0,4.6,37.5,32.6,0.0,0.0,0.0,0.0,150.0,575.0,147.0,597.0,152.0,578.0,154.0,586.0,0.0,0.0,4.0,0.0,0.0,25.2,3.0,4.998,0.0,0.0,1.826,1.96,55.4,73.2,0.0,0.0,0.0,,0.0,62.6,163.4,0.0,0.0,0.0,0.0,302.0,1067.0,296.6,1106.6,305.6,1072.4,309.2,1086.8,0.0,0.0,163.76000000000002,988.0,303.35,240.75000000000003,101.16000000000003,1.4125416666666664,91846.16833333332,11.266666666666666,0.48,0.48,343.4,True,2026-08-14 08:27:13-07:00
814.06,2,10,2026-08-14 15:40:23,36.89269,-121.40823,216.0,17.1,140.7,-12.5,0.05,KCVH,0.1,291.8,0.0,11.7,-0.9,126.9,0.0,122.0,0.1,-0.01,1.0,99.0,7.0,17.0,0.0,30.05,397.0,0.0,0.0,128.0,3500.0,0.0,0.0,129.0,0.0,0.0,5.0,1.0,0.0,0.0,0.0,0.0,1.0,0.0,0.0,10.0,0.0,0.0,0.0,0.0,1.0,0.0,0.0,1200.0,56.0,73.0,1002.0,1002.0,12.6,1.5,0.0,1.5,25.2,0.0,0.0,9.1,0.0,0.0,4.8,37.5,32.6,0.0,0.0,0.0,0.0,151.0,576.0,147.0,597.0,152.0,579.0,154.0,586.0,0.0,0.0,4.0,0.0,0.0,25.2,3.0,4.998,0.0,0.0,1.866,1.98,55.7,73.2,0.0,0.0,0.0,,0.0,62.6,163.4,0.0,0.0,0.0,0.0,303.8,1068.8,296.6,1106.6,305.6,1074.2,309.2,1086.8,0.0,0.0,163.76000000000002,1002.0,303.8,241.20000000000002,101.16000000000003,1.412958333333333,91874.84166666665,11.4,0.48,0.48,343.4,True,2026-08-14 08:27:13-07:00
815.06,2,10,2026-08-14 15:40:24,36.89263,-121.40817,216.0,17.2,140.8,-12.5,0.05,KCVH,0.1,293.2,0.0,11.6,-0.5,127.3,0.0,122.0,0.2,-0.01,1.0,99.0,-12.0,17.0,0.0,30.05,406.0,0.0,0.0,128.0,3500.0,0.0,0.0,129.0,0.0,0.0,5.0,1.0,0.0,0.0,0.0,0.0,1.0,0.0,0.0,10.0,0.0,0.0,0.0,0.0,1.0,0.0,0.0,1200.0,56.0,73.0,1001.0,1001.0,12.5,1.5,0.0,1.5,25.2,0.0,0.0,9.1,0.0,0.0,4.9,37.5,32.6,0.0,0.0,0.0,0.0,151.0,576.0,147.0,595.0,152.0,580.0,154.0,587.0,0.0,0.0,4.0,0.0,0.0,25.2,3.0,4.998,0.0,0.0,1.89,1.965,55.9,73.3,0.0,0.0,0.0,,0.0,62.6,163.4,0.0,0.0,0.0,0.0,303.8,1068.8,296.6,1103.0,305.6,1076.0,309.2,1088.6,0.0,0.0,163.94,1001.0,303.8,241.20000000000002,101.34,1.4133749999999998,91903.76799999998,11.466666666666667,0.48,0.48,343.4,True,2026-08-14 08:27:13-07:00
816.06,2,10,2026-08-14 15:40:25,36.89257,-121.4081,217.0,17.3,141.2,-12.5,0.05,KCVH,0.1,294.3,0.0,11.6,-0.6,127.4,0.0,122.0,0.3,-0.03,0.9,99.0,-12.0,17.0,0.0,30.05,406.0,0.0,0.0,128.0,3500.0,0.0,0.0,129.0,0.0,0.0,5.0,1.0,0.0,0.0,0.0,0.0,1.0,0.0,0.0,10.0,0.0,0.0,0.0,0.0,1.0,0.0,0.0,1200.0,56.0,73.0,1001.0,1001.0,12.5,1.5,0.0,1.5,25.2,0.0,0.0,9.1,0.0,0.0,4.7,37.5,32.6,0.0,0.0,0.0,0.0,151.0,576.0,147.0,595.0,152.0,581.0,154.0,589.0,0.0,0.0,4.0,0.0,0.0,25.2,3.0,4.998,0.0,0.0,1.83,1.908,55.9,73.5,0.0,0.0,0.0,,0.0,62.6,163.4,0.0,0.0,0.0,0.0,303.8,1068.8,296.6,1103.0,305.6,1077.8,309.2,1092.2,0.0,0.0,164.3,1001.0,303.8,241.20000000000002,101.70000000000002,1.4137916666666666,91932.86299999998,11.533333333333333,0.48,0.48,343.4,True,2026-08-14 08:27:13-07:00
817.06,2,10,2026-08-14 15:40:26,36.89251,-121.40804,217.0,17.4,141.0,-12.5,0.05,KCVH,0.1,295.3,0.0,11.5,-0.8,126.9,0.0,122.0,-0.3,-0.01,1.0,99.0,18.0,17.0,0.0,30.05,406.0,0.0,0.0,128.0,3500.0,0.0,0.0,129.0,0.0,0.0,5.0,1.0,0.0,0.0,0.0,0.0,1.0,0.0,0.0,10.0,0.0,0.0,0.0,0.0,1.0,0.0,0.0,1200.0,55.0,73.0,963.0,963.0,12.4,1.5,0.0,1.5,25.3,0.0,0.0,9.1,0.0,0.0,4.5,37.5,32.6,0.0,0.0,0.0,0.0,151.0,577.0,147.0,595.0,152.0,581.0,154.0,589.0,0.0,0.0,4.0,0.0,0.0,25.3,3.0,4.998,0.0,0.0,1.826,1.908,55.2,73.3,0.0,0.0,0.0,,0.0,62.6,163.4,0.0,0.0,0.0,0.0,303.8,1070.6,296.6,1103.0,305.6,1077.8,309.2,1092.2,0.0,0.0,163.94,963.0,303.8,241.20000000000002,101.34,1.414208333333333,91962.12666666665,11.6,0.48,0.48,343.4,True,2026-08-14 08:27:13-07:00
818.06,2,10,2026-08-14 15:40:27,36.89244,-121.40798,217.0,17.4,140.8,-12.5,0.05,KCVH,0.1,296.3,0.0,11.5,-0.6,126.8,0.0,122.0,-0.2,-0.02,1.0,99.0,9.0,17.0,0.0,30.05,406.0,0.0,0.0,128.0,3500.0,0.0,0.0,129.0,0.0,0.0,5.0,1.0,0.0,0.0,0.0,0.0,1.0,0.0,0.0,10.0,0.0,0.0,0.0,0.0,1.0,0.0,0.0,1200.0,54.0,73.0,936.0,936.0,12.5,1.5,0.0,1.5,25.2,0.0,0.0,9.1,0.0,0.0,4.7,37.5,32.6,0.0,0.0,0.0,0.0,152.0,577.0,147.0,596.0,153.0,581.0,155.0,589.0,0.0,0.0,4.0,0.0,0.0,25.2,3.0,4.998,0.0,0.0,1.826,1.91,54.4,73.4,0.0,0.0,0.0,,0.0,62.6,163.4,0.0,0.0,0.0,0.0,305.6,1070.6,296.6,1104.8,307.4,1077.8,311.0,1092.2,0.0,0.0,164.12,936.0,305.15,242.54999999999998,101.52000000000001,1.4146249999999998,91991.47466666665,11.6,0.48,0.48,343.4,True,2026-08-14 08:27:13-07:00
819.06,2,10,2026-08-14 15:40:28,36.89238,-121.40792,217.0,17.1,139.9,-12.5,0.05,KCVH,0.1,297.2,0.0,11.3,-0.4,128.8,0.0,123.0,1.0,-0.02,1.0,99.0,22.0,17.0,0.0,30.05,406.0,0.0,0.0,128.0,3500.0,0.0,0.0,129.0,0.0,0.0,5.0,1.0,0.0,0.0,0.0,0.0,1.0,0.0,0.0,10.0,0.0,0.0,0.0,0.0,1.0,0.0,0.0,1200.0,54.0,73.0,926.0,926.0,12.7,1.5,0.0,1.5,25.2,0.0,0.0,9.1,0.0,0.0,4.8,37.5,32.6,0.0,0.0,0.0,0.0,152.0,576.0,147.0,596.0,153.0,580.0,155.0,589.0,0.0,0.0,4.0,0.0,0.0,25.2,3.0,4.998,0.0,0.0,1.826,2.023,54.1,73.4,0.0,0.0,0.0,,0.0,62.6,163.4,0.0,0.0,0.0,0.0,305.6,1068.8,296.6,1104.8,307.4,1076.0,311.0,1092.2,0.0,0.0,164.12,926.0,305.15,242.54999999999998,101.52000000000001,1.4150416666666665,92020.56966666665,11.4,0.48,0.48,343.4,True,2026-08-14 08:27:13-07:00
820.06,2,10,2026-08-14 15:40:29,36.89232,-121.40786,217.0,16.8,143.9,-12.5,0.05,KCVH,0.1,297.9,0.0,11.8,-0.6,129.7,0.0,124.0,1.2,-0.07,1.0,99.0,-5.0,17.0,0.0,30.05,406.0,0.0,0.0,128.0,3500.0,0.0,0.0,129.0,0.0,0.0,5.0,1.0,0.0,0.0,0.0,0.0,1.0,0.0,0.0,10.0,0.0,0.0,0.0,0.0,1.0,0.0,0.0,1200.0,54.0,74.0,932.0,932.0,12.7,1.5,0.0,1.5,25.2,0.0,0.0,9.1,0.0,0.0,5.0,37.5,32.6,0.0,0.0,0.0,0.0,152.0,576.0,148.0,597.0,153.0,579.0,155.0,589.0,0.0,0.0,4.0,0.0,0.0,25.2,3.0,4.998,0.0,0.0,1.891,1.974,54.2,73.6,0.0,0.0,0.0,,0.0,62.6,165.2,0.0,0.0,0.0,0.0,305.6,1068.8,298.4,1106.6,307.4,1074.2,311.0,1092.2,0.0,0.0,164.48,932.0,305.6,243.00000000000003,101.88,1.415458333333333,92049.15866666664,11.200000000000001,0.48,0.48,343.4,True,2026-08-14 08:27:13-07:00
821.06,2,10,2026-08-14 15:40:30,36.89226,-121.40781,218.0,16.4,143.1,-12.5,0.05,KCVH,0.1,298.8,0.0,11.7,-0.2,128.2,0.0,124.0,-0.7,0.01,1.0,99.0,-25.0,17.0,0.0,30.05,408.0,0.0,0.0,128.0,3500.0,0.0,0.0,129.0,0.0,0.0,5.0,1.0,0.0,0.0,0.0,0.0,1.0,0.0,0.0,10.0,0.0,0.0,0.0,0.0,1.0,0.0,0.0,1200.0,54.0,74.0,926.0,926.0,12.8,1.5,0.0,1.5,25.2,0.0,0.0,9.1,0.0,0.0,5.8,37.5,32.6,0.0,0.0,0.0,0.0,152.0,575.0,148.0,596.0,153.0,579.0,155.0,589.0,0.0,0.0,4.0,0.0,0.0,25.2,3.0,4.998,0.0,0.0,1.879,2.013,54.0,73.7,0.0,0.0,0.0,,0.0,62.6,165.2,0.0,0.0,0.0,0.0,305.6,1067.0,298.4,1104.8,307.4,1074.2,311.0,1092.2,0.0,0.0,164.66000000000003,926.0,305.6,243.00000000000003,102.06000000000003,1.4158749999999998,92077.1573333333,10.933333333333332,0.48,0.48,343.4,True,2026-08-14 08:27:13-07:00
822.06,2,10,2026-08-14 15:40:31,36.8922,-121.40775,218.0,16.4,142.7,-12.5,0.05,KCVH,0.1,299.5,0.0,11.4,-0.1,129.6,0.0,124.0,0.7,-0.06,1.0,99.0,4.0,17.0,0.0,30.05,409.0,0.0,0.0,128.0,3500.0,0.0,0.0,129.0,0.0,0.0,5.0,1.0,0.0,0.0,0.0,0.0,1.0,0.0,0.0,10.0,0.0,0.0,0.0,0.0,1.0,0.0,0.0,1200.0,54.0,74.0,922.0,922.0,12.9,1.5,0.0,1.5,25.2,0.0,0.0,9.1,0.0,0.0,6.1,37.5,32.6,0.0,0.0,0.0,0.0,152.0,575.0,148.0,596.0,153.0,577.0,155.0,588.0,0.0,0.0,4.0,0.0,0.0,25.2,3.0,4.998,0.0,0.0,1.798,2.031,54.0,73.6,0.0,0.0,0.0,,0.0,62.6,165.2,0.0,0.0,0.0,0.0,305.6,1067.0,298.4,1104.8,307.4,1070.6,311.0,1090.4,0.0,0.0,164.48,922.0,305.6,243.00000000000003,101.88,1.4162916666666665,92104.81866666664,10.933333333333332,0.48,0.48,343.4,True,2026-08-14 08:27:13-07:00
823.06,2,10,2026-08-14 15:40:32,36.89214,-121.40769,218.0,16.3,142.2,-12.5,0.05,KCVH,0.1,300.3,0.0,11.4,-0.8,127.7,0.0,124.0,-0.9,0.02,1.0,99.0,18.0,17.0,0.0,30.05,409.0,0.0,0.0,128.0,3500.0,0.0,0.0,129.0,0.0,0.0,5.0,1.0,0.0,0.0,0.0,0.0,1.0,0.0,0.0,10.0,0.0,0.0,0.0,0.0,1.0,0.0,0.0,1200.0,54.0,74.0,915.0,915.0,12.9,1.5,0.0,1.5,25.2,0.0,0.0,9.1,0.0,0.0,6.4,37.5,32.6,0.0,0.0,0.0,0.0,153.0,575.0,148.0,595.0,153.0,577.0,155.0,588.0,0.0,0.0,4.0,0.0,0.0,25.2,3.0,4.998,0.0,0.0,1.865,1.97,53.8,73.7,0.0,0.0,0.0,,0.0,62.6,165.2,0.0,0.0,0.0,0.0,307.4,1067.0,298.4,1103.0,307.4,1070.6,311.0,1090.4,0.0,0.0,164.66000000000003,915.0,306.04999999999995,243.44999999999996,102.06000000000003,1.4167083333333332,92132.39566666665,10.866666666666667,0.48,0.48,343.4,True,2026-08-14 08:27:13-07:00
824.06,2,10,2026-08-14 15:40:33,36.89208,-121.40763,218.0,16.3,142.1,-12.5,0.05,KCVH,0.1,300.9,0.0,11.3,-0.7,127.8,0.0,124.0,-0.4,-0.0,1.0,99.0,10.0,17.0,0.0,30.05,409.0,0.0,0.0,128.0,3500.0,0.0,0.0,129.0,0.0,0.0,5.0,1.0,0.0,0.0,0.0,0.0,1.0,0.0,0.0,10.0,0.0,0.0,0.0,0.0,1.0,0.0,0.0,1200.0,54.0,74.0,923.0,923.0,13.0,1.5,0.0,1.5,25.3,0.0,0.0,9.1,0.0,0.0,6.7,37.5,32.6,0.0,0.0,0.0,0.0,153.0,575.0,148.0,595.0,154.0,577.0,156.0,588.0,0.0,0.0,4.0,0.0,0.0,25.3,3.0,4.998,0.0,0.0,1.854,1.964,53.8,73.7,0.0,0.0,0.0,,0.0,62.6,165.2,0.0,0.0,0.0,0.0,307.4,1067.0,298.4,1103.0,309.2,1070.6,312.8,1090.4,0.0,0.0,164.66000000000003,923.0,306.95,244.35,102.06000000000003,1.4171249999999997,92159.8883333333,10.866666666666667,0.48,0.48,343.4,True,2026-08-14 08:27:13-07:00
825.06,2,10,2026-08-14 15:40:34,36.89202,-121.40758,218.0,16.3,141.9,-12.5,0.05,KCVH,0.2,301.6,0.0,11.5,-1.1,127.6,0.0,124.0,-0.2,-0.02,0.9,99.0,-12.0,17.0,0.0,30.05,408.0,0.0,0.0,128.0,3500.0,0.0,0.0,129.0,0.0,0.0,5.0,1.0,0.0,0.0,0.0,0.0,1.0,0.0,0.0,10.0,0.0,0.0,0.0,0.0,1.0,0.0,0.0,1200.0,54.0,74.0,914.0,914.0,12.9,1.5,0.0,1.5,25.3,0.0,0.0,9.1,0.0,0.0,7.0,37.5,32.6,0.0,0.0,0.0,0.0,153.0,574.0,148.0,596.0,154.0,577.0,156.0,587.0,0.0,0.0,4.0,0.0,0.0,25.3,3.0,4.998,0.0,0.0,1.826,1.958,53.9,73.8,0.0,0.0,0.0,,0.0,62.6,165.2,0.0,0.0,0.0,0.0,307.4,1065.2,298.4,1104.8,309.2,1070.6,312.8,1088.6,0.0,0.0,164.83999999999997,914.0,306.95,244.35,102.23999999999998,1.4175416666666665,92187.38099999998,10.866666666666667,0.48,0.48,343.4,True,2026-08-14 08:27:13-07:00
826.06,2,10,2026-08-14 15:40:35,36.89196,-121.40752,218.0,16.4,141.3,-12.5,0.05,KCVH,0.2,302.2,0.0,11.4,-0.3,127.1,0.0,124.0,-0.4,0.0,1.1,99.0,-35.0,17.0,0.0,30.05,409.0,0.0,0.0,128.0,3500.0,0.0,0.0,129.0,0.0,0.0,5.0,1.0,0.0,0.0,0.0,0.0,1.0,0.0,0.0,10.0,0.0,0.0,0.0,0.0,1.0,0.0,0.0,1200.0,54.0,74.0,911.0,911.0,13.0,1.5,0.0,1.5,25.2,0.0,0.0,9.1,0.0,0.0,6.5,37.5,32.6,0.0,0.0,0.0,0.0,153.0,574.0,149.0,596.0,154.0,576.0,156.0,588.0,0.0,0.0,4.0,0.0,0.0,25.2,3.0,4.998,0.0,0.0,1.826,1.967,53.7,73.8,0.0,0.0,0.0,,0.0,62.6,165.2,0.0,0.0,0.0,0.0,307.4,1065.2,300.2,1104.8,309.2,1068.8,312.8,1090.4,0.0,0.0,164.83999999999997,911.0,307.4,244.79999999999998,102.23999999999998,1.4179583333333332,92214.95799999998,10.933333333333332,0.48,0.48,343.4,True,2026-08-14 08:27:13-07:00
827.06,2,10,2026-08-14 15:40:36,36.8919,-121.40746,217.0,16.4,140.6,-12.5,0.05,KCVH,0.2,302.6,0.0,11.2,-0.8,126.7,0.0,124.0,-0.4,0.0,0.9,99.0,-5.0,17.0,0.0,30.05,409.0,0.0,0.0,128.0,3500.0,0.0,0.0,129.0,0.0,0.0,5.0,1.0,0.0,0.0,0.0,0.0,1.0,0.0,0.0,10.0,0.0,0.0,0.0,0.0,1.0,0.0,0.0,1200.0,54.0,74.0,913.0,913.0,13.1,1.5,0.0,1.5,25.2,0.0,0.0,9.1,0.0,0.0,5.6,37.5,32.6,0.0,0.0,0.0,0.0,153.0,575.0,149.0,596.0,154.0,576.0,156.0,589.0,0.0,0.0,4.0,0.0,0.0,25.2,3.0,4.998,0.0,0.0,1.826,1.965,53.6,73.7,0.0,0.0,0.0,,0.0,62.6,165.2,0.0,0.0,0.0,0.0,307.4,1067.0,300.2,1104.8,309.2,1068.8,312.8,1092.2,0.0,0.0,164.66000000000003,913.0,307.4,244.79999999999998,102.06000000000003,1.4183749999999997,92242.6193333333,10.933333333333332,0.48,0.48,343.4,True,2026-08-14 08:27:13-07:00
828.06,1,10,2026-08-14 15:40:37,36.89185,-121.40739,219.0,16.4,139.8,-12.5,0.05,KCVH,0.2,303.0,0.0,11.1,-0.4,126.9,0.0,124.0,-0.1,-0.02,0.9,99.0,0.0,17.0,0.0,30.05,409.0,0.0,0.0,128.0,3500.0,0.0,0.0,129.0,0.0,0.0,5.0,1.0,0.0,0.0,0.0,0.0,1.0,0.0,0.0,10.0,0.0,0.0,0.0,0.0,1.0,0.0,0.0,1200.0,55.0,74.0,970.0,970.0,13.2,1.5,0.0,1.5,25.2,0.0,0.0,9.1,0.0,0.0,5.2,37.5,32.6,0.0,0.0,0.0,0.0,153.0,574.0,149.0,596.0,154.0,576.0,156.0,589.0,0.0,0.0,4.0,0.0,0.0,25.2,3.0,4.998,0.0,0.0,1.805,1.98,54.9,73.8,0.0,0.0,0.0,,0.0,62.6,165.2,0.0,0.0,0.0,0.0,307.4,1065.2,300.2,1104.8,309.2,1068.8,312.8,1092.2,0.0,0.0,164.83999999999997,970.0,307.4,244.79999999999998,102.23999999999998,1.4187916666666665,92270.28066666664,10.933333333333332,0.48,0.48,343.4,True,2026-08-14 08:27:13-07:00
829.06,2,10,2026-08-14 15:40:38,36.89178,-121.40733,217.0,16.5,140.5,-12.5,0.05,KCVH,0.2,303.6,0.0,11.4,-0.8,128.8,0.0,124.0,1.1,-0.03,1.0,99.0,-9.0,17.0,0.0,30.05,409.0,0.0,0.0,128.0,3500.0,0.0,0.0,129.0,0.0,0.0,5.0,1.0,0.0,0.0,0.0,0.0,1.0,0.0,0.0,10.0,0.0,0.0,0.0,0.0,1.0,0.0,0.0,1200.0,55.0,74.0,974.0,974.0,12.9,1.5,0.0,1.5,25.3,0.0,0.0,9.1,0.0,0.0,5.1,37.5,32.6,0.0,0.0,0.0,0.0,154.0,574.0,149.0,596.0,154.0,578.0,156.0,589.0,0.0,0.0,4.0,0.0,0.0,25.3,3.0,4.998,0.0,0.0,1.731,2.014,55.2,73.8,0.0,0.0,0.0,,0.0,62.6,165.2,0.0,0.0,0.0,0.0,309.2,1065.2,300.2,1104.8,309.2,1072.4,312.8,1092.2,0.0,0.0,164.83999999999997,974.0,307.85,245.25000000000003,102.23999999999998,1.4192083333333332,92298.02633333331,11.0,0.48,0.48,343.4,True,2026-08-14 08:27:13-07:00
830.06,2,10,2026-08-14 15:40:39,36.89172,-121.40727,217.0,16.6,143.0,-12.5,0.05,KCVH,0.2,304.0,0.0,11.6,-0.4,131.0,0.0,124.0,1.8,-0.05,0.9,99.0,2.0,17.0,0.0,30.05,409.0,0.0,0.0,128.0,3500.0,0.0,0.0,129.0,0.0,0.0,5.0,1.0,0.0,0.0,0.0,0.0,1.0,0.0,0.0,10.0,0.0,0.0,0.0,0.0,1.0,0.0,0.0,1200.0,55.0,74.0,973.0,973.0,12.9,1.5,0.0,1.5,25.3,0.0,0.0,9.1,0.0,0.0,5.0,37.5,32.6,0.0,0.0,0.0,0.0,154.0,573.0,149.0,596.0,155.0,579.0,156.0,589.0,0.0,0.0,4.0,0.0,0.0,25.3,3.0,4.998,0.0,0.0,1.826,1.965,55.1,73.9,0.0,0.0,0.0,,0.0,62.6,165.2,0.0,0.0,0.0,0.0,309.2,1063.4,300.2,1104.8,311.0,1074.2,312.8,1092.2,0.0,0.0,165.02,973.0,308.3,245.70000000000002,102.42000000000002,1.419625,92325.94066666665,11.066666666666668,0.48,0.48,343.4,True,2026-08-14 08:27:13-07:00
831.06,2,10,2026-08-14 15:40:40,36.89166,-121.40722,217.0,16.5,145.2,-12.5,0.05,KCVH,0.2,304.6,0.0,11.8,-0.4,130.6,0.0,124.0,0.5,-0.01,0.9,99.0,-7.0,17.0,0.0,30.05,409.0,0.0,0.0,128.0,3500.0,0.0,0.0,129.0,0.0,0.0,5.0,1.0,0.0,0.0,0.0,0.0,1.0,0.0,0.0,10.0,0.0,0.0,0.0,0.0,1.0,0.0,0.0,1200.0,55.0,74.0,962.0,962.0,12.9,1.5,0.0,1.5,25.2,0.0,0.0,9.1,0.0,0.0,5.0,37.5,32.6,0.0,0.0,0.0,0.0,154.0,574.0,149.0,596.0,155.0,579.0,157.0,589.0,0.0,0.0,4.0,0.0,0.0,25.2,3.0,4.998,0.0,0.0,1.888,1.847,55.0,74.0,0.0,0.0,0.0,,0.0,62.6,165.2,0.0,0.0,0.0,0.0,309.2,1065.2,300.2,1104.8,311.0,1074.2,314.6,1092.2,0.0,0.0,165.2,962.0,308.75,246.15,102.6,1.4200416666666664,92353.85499999998,11.0,0.48,0.48,343.4,True,2026-08-14 08:27:13-07:00
832.06,2,10,2026-08-14 15:40:41,36.8916,-121.40717,217.0,16.5,143.8,-12.5,0.05,KCVH,0.2,305.0,0.0,11.3,-0.8,129.8,0.0,124.0,-0.4,-0.01,1.0,99.0,-8.0,17.0,0.0,30.05,419.0,0.0,0.0,128.0,3500.0,0.0,0.0,129.0,0.0,0.0,5.0,1.0,0.0,0.0,0.0,0.0,1.0,0.0,0.0,10.0,0.0,0.0,0.0,0.0,1.0,0.0,0.0,1200.0,55.0,74.0,962.0,962.0,12.8,1.5,0.0,1.5,25.2,0.0,0.0,9.1,0.0,0.0,4.7,37.5,32.6,0.0,0.0,0.0,0.0,154.0,575.0,149.0,597.0,155.0,581.0,157.0,589.0,0.0,0.0,4.0,0.0,0.0,25.2,3.0,4.998,0.0,0.0,1.827,1.91,54.8,73.9,0.0,0.0,0.0,,0.0,62.6,165.2,0.0,0.0,0.0,0.0,309.2,1067.0,300.2,1106.6,311.0,1077.8,314.6,1092.2,0.0,0.0,165.02,962.0,308.75,246.15,102.42000000000002,1.4204583333333332,92381.68499999998,11.0,0.48,0.48,343.4,True,2026-08-14 08:27:13-07:00
833.06,2,10,2026-08-14 15:40:42,36.89154,-121.40711,218.0,16.5,143.5,-12.5,0.05,KCVH,0.2,305.6,0.0,12.1,-1.0,127.9,0.0,124.0,-1.3,0.01,1.0,99.0,14.0,17.0,0.0,30.05,419.0,0.0,0.0,128.0,3500.0,0.0,0.0,129.0,0.0,0.0,5.0,1.0,0.0,0.0,0.0,0.0,1.0,0.0,0.0,10.0,0.0,0.0,0.0,0.0,1.0,0.0,0.0,1200.0,55.0,74.0,955.0,955.0,12.9,1.5,0.0,1.5,25.3,0.0,0.0,9.1,0.0,0.0,4.7,37.5,32.6,0.0,0.0,0.0,0.0,154.0,575.0,149.0,598.0,155.0,581.0,157.0,590.0,0.0,0.0,4.0,0.0,0.0,25.3,3.0,4.998,0.0,0.0,1.827,1.948,54.9,73.9,0.0,0.0,0.0,,0.0,62.6,165.2,0.0,0.0,0.0,0.0,309.2,1067.0,300.2,1108.4,311.0,1077.8,314.6,1094.0,0.0,0.0,165.02,955.0,308.75,246.15,102.42000000000002,1.4208749999999999,92409.51499999998,11.0,0.48,0.48,343.4,True,2026-08-14 08:27:13-07:00
834.06,2,10,2026-08-14 15:40:43,36.89148,-121.40705,218.0,16.3,141.1,-12.5,0.05,KCVH,0.2,305.9,0.0,11.5,-0.7,126.3,0.0,125.0,-1.5,0.02,1.2,99.0,22.0,17.0,0.0,30.05,419.0,0.0,0.0,128.0,3500.0,0.0,0.0,129.0,0.0,0.0,5.0,1.0,0.0,0.0,0.0,0.0,1.0,0.0,0.0,9.0,0.0,0.0,0.0,0.0,1.0,0.0,0.0,1200.0,55.0,74.0,965.0,965.0,12.8,1.5,0.0,1.5,25.3,0.0,0.0,9.1,0.0,0.0,4.8,37.5,32.6,0.0,0.0,0.0,0.0,155.0,576.0,150.0,597.0,155.0,582.0,157.0,590.0,0.0,0.0,4.0,0.0,0.0,25.3,3.0,4.998,0.0,0.0,1.826,1.943,55.0,73.9,0.0,0.0,0.0,,0.0,62.6,165.2,0.0,0.0,0.0,0.0,311.0,1068.8,302.0,1106.6,311.0,1079.6,314.6,1094.0,0.0,0.0,165.02,965.0,309.65,247.04999999999998,102.42000000000002,1.4212916666666664,92437.17633333331,10.866666666666667,0.48,0.48,343.4,True,2026-08-14 08:27:13-07:00
835.06,2,10,2026-08-14 15:40:44,36.89142,-121.40699,218.0,16.3,139.6,-12.5,0.05,KCVH,0.2,306.2,0.0,11.6,-0.8,125.2,0.0,126.0,-1.4,0.02,0.8,99.0,51.0,17.0,0.0,30.05,420.0,0.0,0.0,128.0,3500.0,0.0,0.0,129.0,0.0,0.0,5.0,1.0,0.0,0.0,0.0,0.0,1.0,0.0,0.0,10.0,0.0,0.0,0.0,0.0,1.0,0.0,0.0,1200.0,54.0,74.0,929.0,929.0,12.8,1.5,0.0,1.5,25.2,0.0,0.0,9.1,0.0,0.0,5.0,37.5,32.6,0.0,0.0,0.0,0.0,155.0,575.0,150.0,597.0,155.0,582.0,157.0,590.0,0.0,0.0,4.0,0.0,0.0,25.2,3.0,4.998,0.0,0.0,1.76,1.996,54.4,74.0,0.0,0.0,0.0,,0.0,62.6,165.2,0.0,0.0,0.0,0.0,311.0,1067.0,302.0,1106.6,311.0,1079.6,314.6,1094.0,0.0,0.0,165.2,929.0,309.65,247.04999999999998,102.6,1.4217083333333331,92464.66899999998,10.866666666666667,0.48,0.48,343.4,True,2026-08-14 08:27:13-07:00
836.06,2,10,2026-08-14 15:40:45,36.89137,-121.40693,219.0,16.2,139.3,-12.5,0.05,KCVH,0.2,306.5,0.0,11.0,-0.9,126.7,0.0,126.0,0.4,-0.04,1.1,99.0,3.0,17.0,0.0,30.05,420.0,0.0,0.0,128.0,3500.0,0.0,0.0,129.0,0.0,0.0,5.0,1.0,0.0,0.0,0.0,0.0,1.0,0.0,0.0,10.0,0.0,0.0,0.0,0.0,1.0,0.0,0.0,1200.0,54.0,74.0,903.0,903.0,12.7,1.5,0.0,1.5,25.2,0.0,0.0,9.1,0.0,0.0,4.9,37.5,32.6,0.0,0.0,0.0,0.0,155.0,575.0,150.0,597.0,155.0,580.0,157.0,589.0,0.0,0.0,4.0,0.0,0.0,25.2,3.0,4.998,0.0,0.0,1.763,2.014,53.6,74.1,0.0,0.0,0.0,,0.0,62.6,165.2,0.0,0.0,0.0,0.0,311.0,1067.0,302.0,1106.6,311.0,1076.0,314.6,1092.2,0.0,0.0,165.38,903.0,309.65,247.04999999999998,102.78,1.4221249999999999,92492.07733333332,10.799999999999999,0.48,0.48,343.4,True,2026-08-14 08:27:13-07:00
837.06,2,10,2026-08-14 15:40:46,36.89131,-121.40687,218.0,16.0,139.9,-12.5,0.05,KCVH,0.2,306.8,0.0,11.5,-0.4,126.6,0.0,126.0,0.1,0.01,1.1,99.0,2.0,17.0,0.0,30.05,420.0,0.0,0.0,128.0,3500.0,0.0,0.0,129.0,0.0,0.0,5.0,1.0,0.0,0.0,0.0,0.0,1.0,0.0,0.0,10.0,0.0,0.0,0.0,0.0,1.0,0.0,0.0,1200.0,53.0,74.0,881.0,881.0,12.9,1.5,0.0,1.5,25.2,0.0,0.0,9.1,0.0,0.0,4.8,37.5,32.6,0.0,0.0,0.0,0.0,155.0,575.0,150.0,599.0,156.0,580.0,158.0,587.0,0.0,0.0,4.0,0.0,0.0,25.2,3.0,4.998,0.0,0.0,1.825,2.052,53.1,74.1,0.0,0.0,0.0,,0.0,62.6,165.2,0.0,0.0,0.0,0.0,311.0,1067.0,302.0,1110.2,312.8,1076.0,316.4,1088.6,0.0,0.0,165.38,881.0,310.55,247.95000000000002,102.78,1.4225416666666664,92519.23266666665,10.666666666666666,0.48,0.48,343.4,True,2026-08-14 08:27:13-07:00
838.06,2,10,2026-08-14 15:40:47,36.89125,-121.40681,218.0,15.5,142.6,-12.5,0.05,KCVH,0.2,307.1,0.0,11.4,-0.6,126.3,0.0,126.0,-0.1,0.01,1.0,99.0,-19.0,17.0,0.0,30.05,422.0,0.0,0.0,128.0,3500.0,0.0,0.0,129.0,0.0,0.0,5.0,1.0,0.0,0.0,0.0,0.0,1.0,0.0,0.0,10.0,0.0,0.0,0.0,0.0,1.0,0.0,0.0,1200.0,53.0,74.0,883.0,883.0,13.0,1.4,0.0,1.4,25.2,0.0,0.0,9.1,0.0,0.0,4.8,37.5,32.6,0.0,0.0,0.0,0.0,155.0,576.0,150.0,599.0,156.0,579.0,158.0,586.0,0.0,0.0,4.0,0.0,0.0,25.2,3.0,4.998,0.0,0.0,1.877,1.974,53.0,74.1,0.0,0.0,0.0,,0.0,62.6,165.2,0.0,0.0,0.0,0.0,311.0,1068.8,302.0,1110.2,312.8,1074.2,316.4,1086.8,0.0,0.0,165.38,883.0,310.55,247.95000000000002,102.78,1.4229444444444443,92545.79766666665,11.071428571428573,0.48,0.48,343.4,True,2026-08-14 08:27:13-07:00
839.06,2,10,2026-08-14 15:40:48,36.8912,-121.40675,219.0,15.2,139.8,-12.5,0.05,KCVH,0.2,307.3,0.0,11.5,-0.7,127.4,0.0,126.0,0.4,-0.01,0.9,99.0,-12.0,17.0,0.0,30.05,422.0,0.0,0.0,128.0,3500.0,0.0,0.0,129.0,0.0,0.0,5.0,1.0,0.0,0.0,0.0,0.0,1.0,0.0,0.0,10.0,0.0,0.0,0.0,0.0,1.0,0.0,0.0,1200.0,53.0,74.0,886.0,886.0,13.0,1.4,0.0,1.4,25.2,0.0,0.0,9.1,0.0,0.0,4.8,37.5,32.6,0.0,0.0,0.0,0.0,155.0,575.0,150.0,600.0,156.0,579.0,158.0,584.0,0.0,0.0,4.0,0.0,0.0,25.2,3.0,4.998,0.0,0.0,1.826,1.936,53.1,74.1,0.0,0.0,0.0,,0.0,62.6,165.2,0.0,0.0,0.0,0.0,311.0,1067.0,302.0,1112.0,312.8,1074.2,316.4,1083.2,0.0,0.0,165.38,886.0,310.55,247.95000000000002,102.78,1.4233333333333331,92571.68799999998,10.857142857142858,0.48,0.48,343.4,True,2026-08-14 08:27:13-07:00
840.06,2,10,2026-08-14 15:40:49,36.89114,-121.4067,219.0,15.0,141.4,-12.5,0.05,KCVH,0.2,307.6,0.0,11.9,-0.7,128.4,0.0,126.0,0.8,-0.03,1.0,99.0,32.0,17.0,0.0,30.05,422.0,0.0,0.0,128.0,3500.0,0.0,0.0,129.0,0.0,0.0,5.0,1.0,0.0,0.0,0.0,0.0,1.0,0.0,0.0,10.0,0.0,0.0,0.0,0.0,1.0,0.0,0.0,1200.0,53.0,74.0,894.0,894.0,13.2,1.4,0.0,1.4,25.3,0.0,0.0,9.1,0.0,0.0,4.9,37.5,32.6,0.0,0.0,0.0,0.0,156.0,575.0,150.0,600.0,156.0,578.0,158.0,585.0,0.0,0.0,4.0,0.0,0.0,25.3,3.0,4.998,0.0,0.0,1.871,1.998,53.1,74.1,0.0,0.0,0.0,,0.0,62.6,165.2,0.0,0.0,0.0,0.0,312.8,1067.0,302.0,1112.0,312.8,1072.4,316.4,1085.0,0.0,0.0,165.38,894.0,311.0,248.4,102.78,1.4237222222222221,92597.15666666665,10.714285714285715,0.48,0.48,343.4,True,2026-08-14 08:27:13-07:00
841.06,2,10,2026-08-14 15:40:50,36.89109,-121.40665,219.0,14.6,143.7,-12.5,0.05,KCVH,0.2,307.8,0.0,11.5,-1.0,126.1,0.0,126.0,-0.8,-0.01,1.0,99.0,-14.0,17.0,0.0,30.05,422.0,0.0,0.0,128.0,3500.0,0.0,0.0,129.0,0.0,0.0,5.0,1.0,0.0,0.0,0.0,0.0,2.0,0.0,0.0,10.0,0.0,0.0,0.0,0.0,1.0,0.0,0.0,1200.0,53.0,74.0,883.0,883.0,13.2,1.4,0.0,1.4,25.2,0.0,0.0,9.1,0.0,0.0,5.0,37.5,32.6,0.0,0.0,0.0,0.0,156.0,574.0,150.0,600.0,156.0,579.0,158.0,585.0,0.0,0.0,4.0,0.0,0.0,25.2,3.0,4.998,0.0,0.0,1.956,1.969,53.0,74.3,0.0,0.0,0.0,,0.0,62.6,165.2,0.0,0.0,0.0,0.0,312.8,1065.2,302.0,1112.0,312.8,1074.2,316.4,1085.0,0.0,0.0,165.73999999999998,883.0,311.0,248.4,103.13999999999999,1.4241111111111109,92622.1193333333,10.428571428571429,0.48,0.48,343.4,True,2026-08-14 08:27:13-07:00
842.06,2,10,2026-08-14 15:40:51,36.89104,-121.40659,219.0,14.0,138.4,-12.5,0.05,KCVH,0.2,308.1,0.0,11.5,-1.1,120.1,0.0,126.0,-3.9,0.05,1.0,99.0,12.0,17.0,0.0,30.05,422.0,0.0,0.0,128.0,3500.0,0.0,0.0,129.0,0.0,0.0,5.0,1.0,0.0,0.0,0.0,0.0,2.0,0.0,0.0,10.0,0.0,0.0,0.0,0.0,1.0,0.0,0.0,1200.0,53.0,74.0,888.0,888.0,13.3,1.4,0.0,1.4,25.2,0.0,0.0,9.1,0.0,0.0,4.7,37.5,32.6,0.0,0.0,0.0,0.0,156.0,573.0,151.0,601.0,157.0,578.0,158.0,585.0,0.0,0.0,4.0,0.0,0.0,25.2,3.0,4.998,0.0,0.0,1.892,1.965,53.1,74.3,0.0,0.0,0.0,,0.0,62.6,165.2,0.0,0.0,0.0,0.0,312.8,1063.4,303.8,1113.8,314.6,1072.4,316.4,1085.0,0.0,0.0,165.73999999999998,888.0,311.9,249.29999999999998,103.13999999999999,1.4244999999999999,92646.23866666664,10.0,0.48,0.48,343.4,True,2026-08-14 08:27:13-07:00
843.06,2,10,2026-08-14 15:40:52,36.89099,-121.40655,221.0,13.6,134.9,-12.5,0.05,KCVH,0.2,308.3,0.0,11.2,-1.5,109.1,0.0,127.0,-7.8,0.09,0.8,99.0,27.0,17.0,0.0,30.05,423.0,0.0,0.0,128.0,3500.0,0.0,0.0,129.0,0.0,0.0,5.0,1.0,0.0,0.0,0.0,0.0,4.0,0.0,0.0,10.0,0.0,0.0,0.0,0.0,1.0,0.0,0.0,1200.0,53.0,74.0,901.0,901.0,13.2,1.4,0.0,1.4,25.2,0.0,0.0,9.1,0.0,0.0,4.7,37.5,32.6,0.0,0.0,0.0,0.0,156.0,573.0,151.0,601.0,157.0,578.0,159.0,584.0,0.0,0.0,4.0,0.0,0.0,25.2,3.0,4.998,0.0,0.0,1.826,2.02,53.2,74.2,0.0,0.0,0.0,,0.0,62.6,165.2,0.0,0.0,0.0,0.0,312.8,1063.4,303.8,1113.8,314.6,1072.4,318.2,1083.2,0.0,0.0,165.56,901.0,312.34999999999997,249.74999999999997,102.96000000000001,1.4248888888888886,92669.51466666664,9.714285714285715,0.48,0.48,343.4,True,2026-08-14 08:27:13-07:00
844.06,2,10,2026-08-14 15:40:53,36.89095,-121.40649,221.0,13.6,122.6,-12.5,0.05,KCVH,0.2,308.3,0.0,11.1,-1.3,94.5,0.0,129.0,-11.9,0.15,1.0,99.0,-14.0,17.0,0.0,30.05,426.0,0.0,0.0,128.0,3500.0,0.0,0.0,129.0,0.0,0.0,5.0,1.0,0.0,0.0,0.0,0.0,4.0,0.0,0.0,10.0,0.0,0.0,0.0,0.0,1.0,0.0,0.0,1200.0,53.0,74.0,906.0,906.0,13.2,1.4,0.0,1.4,25.2,0.0,0.0,9.1,0.0,0.0,4.7,37.5,32.6,0.0,0.0,0.0,0.0,156.0,572.0,151.0,601.0,157.0,577.0,159.0,584.0,0.0,0.0,4.0,0.0,0.0,25.2,3.0,4.998,0.0,0.0,1.716,2.069,53.4,74.2,0.0,0.0,0.0,,0.0,62.6,165.2,0.0,0.0,0.0,0.0,312.8,1061.6,303.8,1113.8,314.6,1070.6,318.2,1083.2,0.0,0.0,165.56,906.0,312.34999999999997,249.74999999999997,102.96000000000001,1.4252777777777776,92692.45333333331,9.714285714285715,0.48,0.48,343.4,True,2026-08-14 08:27:13-07:00
845.06,2,10,2026-08-14 15:40:54,36.89093,-121.40641,221.0,13.4,106.7,-12.5,0.05,KCVH,0.2,308.0,0.0,10.9,-0.9,82.5,0.0,129.0,-12.3,0.15,0.9,99.0,22.0,17.0,0.0,30.05,426.0,0.0,0.0,128.0,3500.0,0.0,0.0,129.0,0.0,0.0,5.0,1.0,0.0,0.0,0.0,0.0,4.0,0.0,0.0,11.0,0.0,0.0,0.0,0.0,1.0,0.0,0.0,1200.0,54.0,74.0,962.0,962.0,13.1,1.5,0.0,1.5,25.2,0.0,0.0,9.1,0.0,0.0,4.9,37.5,32.6,0.0,0.0,0.0,0.0,156.0,571.0,151.0,600.0,157.0,578.0,159.0,584.0,0.0,0.0,4.0,0.0,0.0,25.2,3.0,4.998,0.0,0.0,1.613,2.175,54.5,74.3,0.0,0.0,0.0,,0.0,62.6,165.2,0.0,0.0,0.0,0.0,312.8,1059.8,303.8,1112.0,314.6,1072.4,318.2,1083.2,0.0,0.0,165.73999999999998,962.0,312.34999999999997,249.74999999999997,103.13999999999999,1.4256805555555554,92715.22333333331,8.933333333333334,0.48,0.48,343.4,True,2026-08-14 08:27:13-07:00
846.06,2,10,2026-08-14 15:40:55,36.89091,-121.40633,218.0,13.4,96.0,-12.5,0.06,KCVH,0.2,307.6,0.0,10.9,-0.6,72.4,0.0,129.0,-11.0,0.12,0.8,99.0,-17.0,17.0,0.0,30.05,426.0,0.0,0.0,128.0,3500.0,0.0,0.0,129.0,0.0,0.0,5.0,1.0,0.0,0.0,0.0,0.0,4.0,0.0,0.0,10.0,0.0,0.0,0.0,0.0,1.0,0.0,0.0,1200.0,56.0,74.0,1006.0,1006.0,12.9,1.5,0.0,1.5,25.2,0.0,0.0,9.1,0.0,0.0,4.9,37.5,32.6,0.0,0.0,0.0,0.0,157.0,572.0,151.0,600.0,157.0,580.0,159.0,587.0,0.0,0.0,4.0,0.0,0.0,25.2,3.0,4.998,0.0,0.0,1.525,2.238,55.9,74.4,0.0,0.0,0.0,,0.0,62.6,165.2,0.0,0.0,0.0,0.0,314.6,1061.6,303.8,1112.0,314.6,1076.0,318.2,1088.6,0.0,0.0,165.92000000000002,1006.0,312.79999999999995,250.19999999999996,103.32000000000002,1.4260972222222221,92737.82466666665,8.933333333333334,0.48,0.48,343.4,True,2026-08-14 08:27:13-07:00
847.06,2,10,2026-08-14 15:40:56,36.89091,-121.40626,218.0,13.6,85.2,-12.5,0.06,KCVH,0.2,307.1,0.0,10.7,-0.3,63.6,0.0,129.0,-9.8,0.13,1.0,99.0,-46.0,17.0,0.0,30.05,436.0,0.0,0.0,128.0,3500.0,0.0,0.0,129.0,0.0,0.0,5.0,1.0,0.0,0.0,0.0,0.0,4.0,0.0,0.0,10.0,0.0,0.0,0.0,0.0,1.0,0.0,0.0,1200.0,56.0,74.0,1026.0,1026.0,12.9,1.5,0.0,1.5,25.2,0.0,0.0,9.1,0.0,0.0,4.5,37.5,32.6,0.0,0.0,0.0,0.0,157.0,573.0,151.0,600.0,157.0,582.0,159.0,589.0,0.0,0.0,4.0,0.0,0.0,25.2,3.0,4.998,0.0,0.0,1.416,2.28,56.4,74.3,0.0,0.0,0.0,,0.0,62.6,165.2,0.0,0.0,0.0,0.0,314.6,1063.4,303.8,1112.0,314.6,1079.6,318.2,1092.2,0.0,0.0,165.73999999999998,1026.0,312.79999999999995,250.19999999999996,103.13999999999999,1.4265138888888886,92760.59466666664,9.066666666666666,0.48,0.48,343.4,True,2026-08-14 08:27:13-07:00
848.06,2,10,2026-08-14 15:40:57,36.89093,-121.40618,218.0,13.8,77.4,-12.5,0.06,KCVH,0.2,306.4,0.0,10.8,-0.6,59.0,0.0,129.0,-6.8,0.06,1.0,99.0,-3.0,17.0,0.0,30.05,435.0,0.0,0.0,128.0,3500.0,0.0,0.0,129.0,0.0,0.0,5.0,1.0,0.0,0.0,0.0,0.0,4.0,0.0,0.0,10.0,0.0,0.0,0.0,0.0,1.0,0.0,0.0,1200.0,56.0,74.0,1026.0,1026.0,12.8,1.6,0.0,1.6,25.2,0.0,0.0,9.1,0.0,0.0,4.2,37.5,32.6,0.0,0.0,0.0,0.0,157.0,573.0,152.0,601.0,157.0,584.0,159.0,592.0,0.0,0.0,4.0,0.0,0.0,25.2,3.0,4.998,0.0,0.0,1.416,2.322,56.4,74.3,0.0,0.0,0.0,,0.0,62.6,165.2,0.0,0.0,0.0,0.0,314.6,1063.4,305.6,1113.8,314.6,1083.2,318.2,1097.6,0.0,0.0,165.73999999999998,1026.0,313.25,250.65,103.13999999999999,1.4269444444444443,92783.70199999998,8.625,0.48,0.48,343.4,True,2026-08-14 08:27:13-07:00
849.06,2,10,2026-08-14 15:40:58,36.89094,-121.4061,218.0,14.1,73.1,-12.5,0.07,KCVH,0.2,305.7,0.0,10.7,-0.4,55.2,0.0,129.0,-5.0,0.05,1.0,99.0,-14.0,17.0,0.0,30.05,435.0,0.0,0.0,128.0,3500.0,0.0,0.0,129.0,0.0,0.0,5.0,1.0,0.0,0.0,0.0,0.0,4.0,0.0,0.0,9.0,0.0,0.0,0.0,0.0,1.0,0.0,0.0,1200.0,56.0,74.0,995.0,995.0,12.7,1.6,0.0,1.6,25.2,0.0,0.0,9.1,0.0,0.0,4.1,37.5,32.6,0.0,0.0,0.0,0.0,157.0,573.0,152.0,601.0,158.0,585.0,160.0,593.0,0.0,0.0,4.0,0.0,0.0,25.2,3.0,4.998,0.0,0.0,1.415,2.322,55.8,74.4,0.0,0.0,0.0,,0.0,62.6,165.2,0.0,0.0,0.0,0.0,314.6,1063.4,305.6,1113.8,316.4,1085.0,320.0,1099.4,0.0,0.0,165.92000000000002,995.0,314.15,251.54999999999998,103.32000000000002,1.4273888888888886,92807.23099999999,8.8125,0.48,0.48,343.4,True,2026-08-14 08:27:13-07:00
850.06,2,10,2026-08-14 15:40:59,36.89096,-121.40602,218.0,14.2,69.1,-12.5,0.07,KCVH,0.2,304.9,0.0,10.9,-0.1,54.3,0.0,129.0,-2.7,0.03,1.0,99.0,-3.0,17.0,0.0,30.05,435.0,0.0,0.0,128.0,3500.0,0.0,0.0,129.0,0.0,0.0,5.0,1.0,0.0,0.0,0.0,0.0,4.0,0.0,0.0,8.0,0.0,0.0,0.0,0.0,1.0,0.0,0.0,1200.0,55.0,74.0,959.0,959.0,12.7,1.6,0.0,1.6,25.2,0.0,0.0,9.1,0.0,0.0,4.1,37.5,32.6,0.0,0.0,0.0,0.0,157.0,574.0,152.0,602.0,158.0,585.0,160.0,592.0,0.0,0.0,4.0,0.0,0.0,25.2,3.0,4.998,0.0,0.0,1.472,2.323,55.0,74.4,0.0,0.0,0.0,,0.0,62.6,165.2,0.0,0.0,0.0,0.0,314.6,1065.2,305.6,1115.6,316.4,1085.0,320.0,1097.6,0.0,0.0,165.92000000000002,959.0,314.15,251.54999999999998,103.32000000000002,1.427833333333333,92831.09733333331,8.874999999999998,0.48,0.48,343.4,True,2026-08-14 08:27:13-07:00
851.06,2,10,2026-08-14 15:41:00,36.89099,-121.40594,219.0,14.2,69.2,-12.5,0.07,KCVH,0.3,304.2,0.0,10.9,-0.6,55.0,0.0,129.0,-0.6,-0.02,1.0,99.0,13.0,17.0,0.0,30.05,436.0,0.0,0.0,128.0,3500.0,0.0,0.0,129.0,0.0,0.0,5.0,1.0,0.0,0.0,0.0,0.0,3.0,0.0,0.0,6.0,0.0,0.0,0.0,0.0,1.0,0.0,0.0,1200.0,55.0,74.0,948.0,948.0,12.7,1.5,0.0,1.5,25.2,0.0,0.0,9.1,0.0,0.0,4.0,37.5,32.6,0.0,0.0,0.0,0.0,158.0,574.0,152.0,602.0,158.0,584.0,160.0,591.0,0.0,0.0,4.0,0.0,0.0,25.2,3.0,4.998,0.0,0.0,1.522,2.269,54.6,74.4,0.0,0.0,0.0,,0.0,62.6,165.2,0.0,0.0,0.0,0.0,316.4,1065.2,305.6,1115.6,316.4,1083.2,320.0,1095.8,0.0,0.0,165.92000000000002,948.0,314.6,252.00000000000003,103.32000000000002,1.4282638888888888,92855.04799999998,9.466666666666667,0.48,0.48,343.4,True,2026-08-14 08:27:13-07:00
852.06,1,10,2026-08-14 15:41:01,36.89101,-121.40587,220.0,14.3,69.6,-12.5,0.08,KCVH,0.3,303.5,0.0,10.9,-0.8,55.0,0.0,129.0,-0.2,-0.02,1.0,99.0,-5.0,17.0,0.0,30.05,436.0,0.0,0.0,128.0,3500.0,0.0,0.0,129.0,0.0,0.0,5.0,2.0,0.0,0.0,0.0,0.0,2.0,0.0,0.0,6.0,0.0,0.0,0.0,0.0,1.0,0.0,0.0,1200.0,55.0,74.0,939.0,939.0,12.8,1.5,0.0,1.5,25.2,0.0,0.0,9.1,0.0,0.0,4.0,37.5,32.6,0.0,0.0,0.0,0.0,158.0,575.0,152.0,602.0,158.0,584.0,160.0,590.0,0.0,0.0,4.0,0.0,0.0,25.2,3.0,4.998,0.0,0.0,1.626,2.223,54.5,74.4,0.0,0.0,0.0,,0.0,62.6,165.2,0.0,0.0,0.0,0.0,316.4,1067.0,305.6,1115.6,316.4,1083.2,320.0,1094.0,0.0,0.0,165.92000000000002,939.0,314.6,252.00000000000003,103.32000000000002,1.4286805555555553,92879.08299999998,9.533333333333333,0.48,0.48,343.4,True,2026-08-14 08:27:13-07:00
853.06,2,10,2026-08-14 15:41:02,36.89103,-121.40579,219.0,14.4,69.6,-12.5,0.08,KCVH,0.3,302.8,0.0,11.0,-1.0,55.8,0.0,129.0,0.4,-0.03,0.9,99.0,-28.0,17.0,0.0,30.05,436.0,0.0,0.0,128.0,3500.0,0.0,0.0,129.0,0.0,0.0,5.0,2.0,0.0,0.0,0.0,0.0,2.0,0.0,0.0,6.0,0.0,0.0,0.0,0.0,1.0,0.0,0.0,1200.0,54.0,74.0,918.0,918.0,12.9,1.5,0.0,1.5,25.2,0.0,0.0,9.1,0.0,0.0,4.0,37.5,32.6,0.0,0.0,0.0,0.0,158.0,574.0,152.0,603.0,158.0,582.0,160.0,589.0,0.0,0.0,4.0,0.0,0.0,25.2,3.0,4.998,0.0,0.0,1.625,2.177,54.1,74.4,0.0,0.0,0.0,,0.0,62.6,165.2,0.0,0.0,0.0,0.0,316.4,1065.2,305.6,1117.4,316.4,1079.6,320.0,1092.2,0.0,0.0,165.92000000000002,918.0,314.6,252.00000000000003,103.32000000000002,1.429097222222222,92903.28666666665,9.6,0.48,0.48,343.4,True,2026-08-14 08:27:13-07:00
854.06,2,10,2026-08-14 15:41:03,36.89106,-121.40572,219.0,14.4,69.7,-12.5,0.08,KCVH,0.3,302.1,0.0,11.1,-1.1,58.5,0.0,129.0,1.5,-0.03,0.9,99.0,-22.0,17.0,0.0,30.05,436.0,0.0,0.0,128.0,3500.0,0.0,0.0,129.0,0.0,0.0,5.0,2.0,0.0,0.0,0.0,0.0,2.0,0.0,0.0,5.0,0.0,0.0,0.0,0.0,1.0,0.0,0.0,1200.0,54.0,74.0,901.0,901.0,12.8,1.5,0.0,1.5,25.2,0.0,0.0,9.1,0.0,0.0,4.0,37.5,32.6,0.0,0.0,0.0,0.0,158.0,574.0,153.0,601.0,159.0,580.0,160.0,589.0,0.0,0.0,4.0,0.0,0.0,25.2,3.0,4.998,0.0,0.0,1.663,2.126,53.7,74.4,0.0,0.0,0.0,,0.0,62.6,165.2,0.0,0.0,0.0,0.0,316.4,1065.2,307.4,1113.8,318.2,1076.0,320.0,1092.2,0.0,0.0,165.92000000000002,901.0,315.5,252.9,103.32000000000002,1.4295138888888888,92927.57466666665,9.6,0.48,0.48,343.4,True,2026-08-14 08:27:13-07:00
855.06,2,10,2026-08-14 15:41:04,36.89108,-121.40564,220.0,14.3,75.1,-12.5,0.09,KCVH,0.3,301.5,0.0,10.9,-0.7,62.1,0.0,129.0,3.0,-0.09,1.1,99.0,9.0,17.0,0.0,30.05,436.0,0.0,0.0,128.0,3500.0,0.0,0.0,129.0,0.0,0.0,5.0,2.0,0.0,0.0,0.0,0.0,1.0,0.0,0.0,5.0,0.0,0.0,0.0,0.0,1.0,0.0,0.0,1200.0,54.0,74.0,899.0,899.0,13.0,1.5,0.0,1.5,25.3,0.0,0.0,9.1,0.0,0.0,4.0,37.5,32.6,0.0,0.0,0.0,0.0,158.0,574.0,153.0,600.0,159.0,579.0,161.0,588.0,0.0,0.0,4.0,0.0,0.0,25.3,3.0,4.998,0.0,0.0,1.765,2.02,53.6,74.5,0.0,0.0,0.0,,0.0,62.6,165.2,0.0,0.0,0.0,0.0,316.4,1065.2,307.4,1112.0,318.2,1074.2,321.8,1090.4,0.0,0.0,166.1,899.0,315.95,253.35,103.5,1.4299305555555553,92951.7783333333,9.533333333333333,0.48,0.48,343.4,True,2026-08-14 08:27:13-07:00
856.06,2,10,2026-08-14 15:41:05,36.89109,-121.40556,220.0,14.0,74.3,-12.5,0.09,KCVH,0.3,300.8,0.0,11.2,-0.6,69.7,0.0,129.0,5.2,-0.09,1.1,99.0,-3.0,17.0,0.0,30.05,436.0,0.0,0.0,128.0,3500.0,0.0,0.0,129.0,0.0,0.0,5.0,2.0,0.0,0.0,0.0,0.0,0.0,0.0,0.0,4.0,0.0,0.0,0.0,0.0,1.0,0.0,0.0,1200.0,54.0,74.0,907.0,907.0,13.0,1.5,0.0,1.5,25.3,0.0,0.0,9.1,0.0,0.0,4.0,37.5,32.6,0.0,0.0,0.0,0.0,158.0,573.0,153.0,600.0,159.0,578.0,161.0,587.0,0.0,0.0,4.0,0.0,0.0,25.3,3.0,4.998,0.0,0.0,1.891,2.067,53.8,74.5,0.0,0.0,0.0,,0.0,62.6,165.2,0.0,0.0,0.0,0.0,316.4,1063.4,307.4,1112.0,318.2,1072.4,321.8,1088.6,0.0,0.0,166.1,907.0,315.95,253.35,103.5,1.430347222222222,92975.64466666665,9.333333333333334,0.48,0.48,343.4,True,2026-08-14 08:27:13-07:00
857.06,2,10,2026-08-14 15:41:06,36.8911,-121.40548,220.0,14.0,85.4,-12.5,0.09,KCVH,0.3,300.3,0.0,11.2,0.1,80.3,0.0,129.0,8.6,-0.13,0.9,99.0,-33.0,17.0,0.0,30.05,436.0,0.0,0.0,128.0,3500.0,0.0,0.0,129.0,0.0,0.0,5.0,2.0,0.0,0.0,0.0,0.0,0.0,0.0,0.0,3.0,0.0,0.0,0.0,0.0,1.0,0.0,0.0,1200.0,54.0,74.0,911.0,911.0,13.0,1.5,0.0,1.5,25.3,0.0,0.0,9.1,0.0,0.0,4.0,37.5,32.6,0.0,0.0,0.0,0.0,158.0,572.0,153.0,600.0,159.0,577.0,161.0,587.0,0.0,0.0,4.0,0.0,0.0,25.3,3.0,4.998,0.0,0.0,1.924,1.968,53.7,74.5,0.0,0.0,0.0,,0.0,62.6,165.2,0.0,0.0,0.0,0.0,316.4,1061.6,307.4,1112.0,318.2,1070.6,321.8,1088.6,0.0,0.0,166.1,911.0,315.95,253.35,103.5,1.4307638888888887,92999.25799999999,9.333333333333334,0.48,0.48,343.4,True,2026-08-14 08:27:13-07:00
858.06,2,10,2026-08-14 15:41:07,36.8911,-121.4054,220.0,13.8,95.3,-12.5,0.1,KCVH,0.3,299.9,0.0,11.1,-0.1,91.0,0.0,129.0,9.9,-0.15,1.0,99.0,-20.0,17.0,0.0,30.05,436.0,0.0,0.0,128.0,3500.0,0.0,0.0,129.0,0.0,0.0,5.0,2.0,0.0,0.0,0.0,0.0,0.0,0.0,0.0,3.0,0.0,0.0,0.0,0.0,1.0,0.0,0.0,1200.0,54.0,75.0,907.0,907.0,13.0,1.4,0.0,1.4,25.2,0.0,0.0,9.1,0.0,0.0,4.0,37.5,32.6,0.0,0.0,0.0,0.0,159.0,572.0,153.0,599.0,159.0,576.0,161.0,587.0,0.0,0.0,4.0,0.0,0.0,25.2,3.0,4.998,0.0,0.0,2.058,1.858,53.8,74.5,0.0,0.0,0.0,,0.0,62.6,167.0,0.0,0.0,0.0,0.0,318.2,1061.6,307.4,1110.2,318.2,1068.8,321.8,1088.6,0.0,0.0,166.1,907.0,316.4,253.79999999999998,103.5,1.4311666666666665,93022.70266666665,9.857142857142858,0.48,0.48,343.4,True,2026-08-14 08:27:13-07:00
859.06,2,10,2026-08-14 15:41:08,36.89109,-121.40532,220.0,13.8,106.5,-12.5,0.1,KCVH,0.3,299.6,0.0,10.7,-0.1,102.6,0.0,129.0,10.8,-0.14,1.1,99.0,-33.0,17.0,0.0,30.05,436.0,0.0,0.0,128.0,3500.0,0.0,0.0,129.0,0.0,0.0,5.0,2.0,0.0,0.0,0.0,0.0,-1.0,0.0,0.0,2.0,0.0,0.0,0.0,0.0,1.0,0.0,0.0,1200.0,54.0,75.0,911.0,911.0,13.0,1.4,0.0,1.4,25.3,0.0,0.0,9.1,0.0,0.0,4.0,37.5,32.6,0.0,0.0,0.0,0.0,159.0,571.0,153.0,597.0,159.0,575.0,161.0,587.0,0.0,0.0,4.0,0.0,0.0,25.3,3.0,4.998,0.0,0.0,2.058,1.746,53.8,74.5,0.0,0.0,0.0,,0.0,62.6,167.0,0.0,0.0,0.0,0.0,318.2,1059.8,307.4,1106.6,318.2,1067.0,321.8,1088.6,0.0,0.0,166.1,911.0,316.4,253.79999999999998,103.5,1.4315555555555555,93045.97866666665,9.857142857142858,0.48,0.48,343.4,True,2026-08-14 08:27:13-07:00
860.06,2,10,2026-08-14 15:41:09,36.89106,-121.40525,220.0,13.6,117.9,-12.5,0.1,KCVH,0.3,299.6,0.0,10.8,0.6,115.1,0.0,129.0,11.9,-0.15,1.0,99.0,-4.0,17.0,0.0,30.05,436.0,0.0,0.0,128.0,3500.0,0.0,0.0,129.0,0.0,0.0,5.0,2.0,0.0,0.0,0.0,0.0,-1.0,0.0,0.0,2.0,0.0,0.0,0.0,0.0,1.0,0.0,0.0,1200.0,54.0,75.0,903.0,903.0,13.0,1.4,0.0,1.4,25.2,0.0,0.0,9.1,0.0,0.0,4.0,37.5,32.6,0.0,0.0,0.0,0.0,159.0,571.0,153.0,597.0,159.0,575.0,161.0,586.0,0.0,0.0,4.0,0.0,0.0,25.2,3.0,4.998,0.0,0.0,2.153,1.689,53.7,74.6,0.0,0.0,0.0,,0.0,62.6,167.0,0.0,0.0,0.0,0.0,318.2,1059.8,307.4,1106.6,318.2,1067.0,321.8,1086.8,0.0,0.0,166.28,903.0,316.4,253.79999999999998,103.68,1.4319444444444442,93069.08599999998,9.714285714285715,0.48,0.48,343.4,True,2026-08-14 08:27:13-07:00
861.06,2,10,2026-08-14 15:41:10,36.89103,-121.40518,219.0,13.5,131.3,-12.5,0.1,KCVH,0.3,299.6,0.0,11.3,-0.5,123.9,0.0,129.0,10.3,-0.15,0.9,99.0,-5.0,17.0,0.0,30.05,436.0,0.0,0.0,128.0,3500.0,0.0,0.0,129.0,0.0,0.0,5.0,2.0,0.0,0.0,0.0,0.0,0.0,0.0,0.0,2.0,0.0,0.0,0.0,0.0,1.0,0.0,0.0,1200.0,54.0,75.0,905.0,905.0,13.0,1.4,0.0,1.4,25.3,0.0,0.0,9.1,0.0,0.0,4.0,37.5,32.6,0.0,0.0,0.0,0.0,159.0,570.0,153.0,596.0,160.0,574.0,161.0,585.0,0.0,0.0,4.0,0.0,0.0,25.3,3.0,4.998,0.0,0.0,2.207,1.575,53.8,74.6,0.0,0.0,0.0,,0.0,62.6,167.0,0.0,0.0,0.0,0.0,318.2,1058.0,307.4,1104.8,320.0,1065.2,321.8,1085.0,0.0,0.0,166.28,905.0,316.84999999999997,254.24999999999997,103.68,1.4323333333333332,93091.94033333332,9.642857142857144,0.48,0.48,343.4,True,2026-08-14 08:27:13-07:00
862.06,2,10,2026-08-14 15:41:11,36.89099,-121.40513,220.0,13.3,138.8,-12.5,0.11,KCVH,0.3,299.8,0.0,11.4,-1.3,126.3,0.0,129.0,5.7,-0.07,0.8,99.0,10.0,17.0,0.0,30.05,436.0,0.0,0.0,128.0,3500.0,0.0,0.0,129.0,0.0,0.0,5.0,2.0,0.0,0.0,0.0,0.0,0.0,0.0,0.0,2.0,0.0,0.0,0.0,0.0,1.0,0.0,0.0,1200.0,54.0,75.0,919.0,919.0,13.0,1.4,0.0,1.4,25.3,0.0,0.0,9.1,0.0,0.0,4.1,37.5,32.6,0.0,0.0,0.0,0.0,159.0,569.0,153.0,597.0,160.0,575.0,162.0,585.0,0.0,0.0,4.0,0.0,0.0,25.3,3.0,4.998,0.0,0.0,2.261,1.575,53.8,74.6,0.0,0.0,0.0,,0.0,62.6,167.0,0.0,0.0,0.0,0.0,318.2,1056.2,307.4,1106.6,320.0,1067.0,323.6,1085.0,0.0,0.0,166.28,919.0,317.3,254.70000000000002,103.68,1.432722222222222,93114.54166666664,9.500000000000002,0.48,0.48,343.4,True,2026-08-14 08:27:13-07:00
863.06,2,10,2026-08-14 15:41:12,36.89094,-121.40508,220.0,13.3,140.5,-12.5,0.1,KCVH,0.3,300.1,0.0,11.3,-1.1,127.9,0.0,129.0,3.0,-0.04,1.1,99.0,5.0,17.0,0.0,30.05,436.0,0.0,0.0,128.0,3500.0,0.0,0.0,129.0,0.0,0.0,5.0,2.0,0.0,0.0,0.0,0.0,0.0,0.0,0.0,2.0,0.0,0.0,0.0,0.0,1.0,0.0,0.0,1200.0,54.0,75.0,927.0,927.0,13.1,1.4,0.0,1.4,25.2,0.0,0.0,9.1,0.0,0.0,4.0,37.5,32.6,0.0,0.0,0.0,0.0,159.0,570.0,153.0,596.0,160.0,575.0,162.0,585.0,0.0,0.0,4.0,0.0,0.0,25.2,3.0,4.998,0.0,0.0,2.261,1.67,54.3,74.6,0.0,0.0,0.0,,0.0,62.6,167.0,0.0,0.0,0.0,0.0,318.2,1058.0,307.4,1104.8,320.0,1067.0,323.6,1085.0,0.0,0.0,166.28,927.0,317.3,254.70000000000002,103.68,1.433111111111111,93136.97433333332,9.500000000000002,0.48,0.48,343.4,True,2026-08-14 08:27:13-07:00
864.06,2,10,2026-08-14 15:41:13,36.89089,-121.40503,220.0,13.1,142.2,-12.5,0.1,KCVH,0.3,300.3,0.0,11.5,-0.9,131.3,0.0,129.0,2.9,-0.03,1.0,99.0,50.0,17.0,0.0,30.05,436.0,0.0,0.0,128.0,3500.0,0.0,0.0,129.0,0.0,0.0,5.0,2.0,0.0,0.0,0.0,0.0,0.0,0.0,0.0,2.0,0.0,0.0,0.0,0.0,1.0,0.0,0.0,1200.0,54.0,75.0,926.0,926.0,12.9,1.4,0.0,1.4,25.3,0.0,0.0,9.1,0.0,0.0,4.0,37.5,32.6,0.0,0.0,0.0,0.0,159.0,569.0,154.0,596.0,160.0,575.0,162.0,584.0,0.0,0.0,4.0,0.0,0.0,25.3,3.0,4.998,0.0,0.0,2.167,1.689,54.3,74.6,0.0,0.0,0.0,,0.0,62.6,167.0,0.0,0.0,0.0,0.0,318.2,1056.2,309.2,1104.8,320.0,1067.0,323.6,1083.2,0.0,0.0,166.28,926.0,317.75,255.15,103.68,1.4334999999999998,93159.23833333331,9.357142857142858,0.48,0.48,343.4,True,2026-08-14 08:27:13-07:00
865.06,2,10,2026-08-14 15:41:14,36.89084,-121.40498,221.0,13.0,145.8,-12.5,0.1,KCVH,0.3,300.6,0.0,11.3,-0.5,138.5,0.0,129.0,5.3,-0.08,0.9,99.0,5.0,17.0,0.0,30.05,436.0,0.0,0.0,128.0,3500.0,0.0,0.0,129.0,0.0,0.0,5.0,2.0,0.0,0.0,0.0,0.0,0.0,0.0,0.0,1.0,0.0,0.0,0.0,0.0,1.0,0.0,0.0,1200.0,54.0,75.0,921.0,921.0,12.9,1.4,0.0,1.4,25.3,0.0,0.0,9.1,0.0,0.0,4.0,37.5,32.6,0.0,0.0,0.0,0.0,159.0,569.0,154.0,595.0,160.0,575.0,162.0,585.0,0.0,0.0,4.0,0.0,0.0,25.3,3.0,4.998,0.0,0.0,2.158,1.666,54.2,74.6,0.0,0.0,0.0,,0.0,62.6,167.0,0.0,0.0,0.0,0.0,318.2,1056.2,309.2,1103.0,320.0,1067.0,323.6,1085.0,0.0,0.0,166.28,921.0,317.75,255.15,103.68,1.4338888888888888,93181.24933333331,9.285714285714286,0.48,0.48,343.4,True,2026-08-14 08:27:13-07:00
866.06,2,10,2026-08-14 15:41:15,36.89079,-121.40495,220.0,13.1,153.1,-12.5,0.1,KCVH,0.3,300.9,0.0,10.8,-0.5,146.4,0.0,129.0,6.8,-0.09,0.9,99.0,-22.0,17.0,0.0,30.05,436.0,0.0,0.0,128.0,3500.0,0.0,0.0,129.0,0.0,0.0,5.0,2.0,0.0,0.0,0.0,0.0,0.0,0.0,0.0,1.0,0.0,0.0,0.0,0.0,1.0,0.0,0.0,1200.0,54.0,75.0,916.0,916.0,12.9,1.4,0.0,1.4,25.2,0.0,0.0,9.1,0.0,0.0,4.0,37.5,32.6,0.0,0.0,0.0,0.0,160.0,570.0,154.0,595.0,160.0,576.0,162.0,585.0,0.0,0.0,4.0,0.0,0.0,25.2,3.0,4.998,0.0,0.0,2.158,1.676,53.9,74.6,0.0,0.0,0.0,,0.0,62.6,167.0,0.0,0.0,0.0,0.0,320.0,1058.0,309.2,1103.0,320.0,1068.8,323.6,1085.0,0.0,0.0,166.28,916.0,318.2,255.6,103.68,1.4342777777777775,93203.26033333331,9.357142857142858,0.48,0.48,343.4,True,2026-08-14 08:27:13-07:00
867.06,2,10,2026-08-14 15:41:16,36.89073,-121.40492,221.0,13.4,161.4,-12.5,0.1,KCVH,0.3,301.4,0.0,10.9,0.1,153.2,0.0,129.0,7.0,-0.1,1.0,99.0,-27.0,17.0,0.0,30.05,436.0,0.0,0.0,128.0,3500.0,0.0,0.0,129.0,0.0,0.0,5.0,2.0,0.0,0.0,0.0,0.0,0.0,0.0,0.0,1.0,0.0,0.0,0.0,0.0,1.0,0.0,0.0,1200.0,54.0,75.0,916.0,916.0,13.0,1.4,0.0,1.4,25.3,0.0,0.0,9.1,0.0,0.0,4.0,37.5,32.6,0.0,0.0,0.0,0.0,160.0,569.0,154.0,595.0,160.0,576.0,162.0,585.0,0.0,0.0,4.0,0.0,0.0,25.3,3.0,4.998,0.0,0.0,2.247,1.669,53.9,74.6,0.0,0.0,0.0,,0.0,62.6,167.0,0.0,0.0,0.0,0.0,320.0,1056.2,309.2,1103.0,320.0,1068.8,323.6,1085.0,0.0,0.0,166.28,916.0,318.2,255.6,103.68,1.4346666666666665,93225.60866666665,9.571428571428573,0.48,0.48,343.4,True,2026-08-14 08:27:13-07:00
868.06,2,10,2026-08-14 15:41:17,36.89067,-121.40491,221.0,13.3,170.0,-12.5,0.1,KCVH,0.3,301.8,0.0,11.3,-0.6,152.0,0.0,129.0,2.4,-0.02,1.0,99.0,-65.0,17.0,0.0,30.05,437.0,0.0,0.0,128.0,3500.0,0.0,0.0,129.0,0.0,0.0,5.0,2.0,0.0,0.0,0.0,0.0,2.0,0.0,0.0,2.0,0.0,0.0,0.0,0.0,1.0,0.0,0.0,1200.0,54.0,75.0,921.0,921.0,13.0,1.4,0.0,1.4,25.2,0.0,0.0,9.1,0.0,0.0,4.0,37.5,32.6,0.0,0.0,0.0,0.0,160.0,569.0,154.0,596.0,161.0,576.0,162.0,584.0,0.0,0.0,4.0,0.0,0.0,25.2,3.0,4.998,0.0,0.0,2.332,1.578,54.1,74.6,0.0,0.0,0.0,,0.0,62.6,167.0,0.0,0.0,0.0,0.0,320.0,1056.2,309.2,1104.8,321.8,1068.8,323.6,1083.2,0.0,0.0,166.28,921.0,318.65000000000003,256.05,103.68,1.4350555555555553,93248.12566666664,9.500000000000002,0.48,0.48,343.4,True,2026-08-14 08:27:13-07:00
869.06,2,10,2026-08-14 15:41:18,36.89061,-121.40488,220.0,13.3,164.8,-12.5,0.1,KCVH,0.3,302.3,0.0,11.5,-0.1,150.4,0.0,129.0,-0.3,0.03,0.8,99.0,-12.0,17.0,0.0,30.05,437.0,0.0,0.0,128.0,3500.0,0.0,0.0,129.0,0.0,0.0,5.0,2.0,0.0,0.0,0.0,0.0,3.0,0.0,0.0,2.0,0.0,0.0,0.0,0.0,1.0,0.0,0.0,1200.0,54.0,75.0,919.0,919.0,13.0,1.4,0.0,1.4,25.2,0.0,0.0,9.1,0.0,0.0,4.0,37.5,32.6,0.0,0.0,0.0,0.0,160.0,568.0,154.0,596.0,161.0,576.0,163.0,584.0,0.0,0.0,4.0,0.0,0.0,25.2,3.0,4.998,0.0,0.0,2.205,1.666,54.1,74.6,0.0,0.0,0.0,,0.0,62.6,167.0,0.0,0.0,0.0,0.0,320.0,1054.4,309.2,1104.8,321.8,1068.8,325.4,1083.2,0.0,0.0,166.28,919.0,319.1,256.5,103.68,1.4354444444444443,93270.55833333332,9.500000000000002,0.48,0.48,343.4,True,2026-08-14 08:27:13-07:00
870.06,2,10,2026-08-14 15:41:19,36.89055,-121.40487,221.0,13.5,164.4,-12.5,0.1,KCVH,0.3,302.8,0.0,11.6,-0.5,147.4,0.0,129.0,-1.9,0.02,1.1,99.0,-14.0,17.0,0.0,30.05,437.0,0.0,0.0,128.0,3500.0,0.0,0.0,129.0,0.0,0.0,5.0,2.0,0.0,0.0,0.0,0.0,4.0,0.0,0.0,2.0,0.0,0.0,0.0,0.0,1.0,0.0,0.0,1200.0,54.0,75.0,920.0,920.0,12.9,1.4,0.0,1.4,25.2,0.0,0.0,9.1,0.0,0.0,4.0,37.5,32.6,0.0,0.0,0.0,0.0,160.0,569.0,154.0,596.0,161.0,575.0,163.0,584.0,0.0,0.0,4.0,0.0,0.0,25.2,3.0,4.998,0.0,0.0,2.156,1.75,54.0,74.6,0.0,0.0,0.0,,0.0,62.6,167.0,0.0,0.0,0.0,0.0,320.0,1056.2,309.2,1104.8,321.8,1067.0,325.4,1083.2,0.0,0.0,166.28,920.0,319.1,256.5,103.68,1.435833333333333,93293.15966666664,9.642857142857144,0.48,0.48,343.4,True,2026-08-14 08:27:13-07:00
871.06,2,10,2026-08-14 15:41:20,36.89049,-121.40485,221.0,13.5,160.7,-12.5,0.1,KCVH,0.3,303.3,0.0,11.8,-1.1,142.0,0.0,129.0,-4.0,0.05,1.0,99.0,13.0,17.0,0.0,30.05,437.0,0.0,0.0,128.0,3500.0,0.0,0.0,129.0,0.0,0.0,5.0,2.0,0.0,0.0,0.0,0.0,5.0,0.0,0.0,2.0,0.0,0.0,0.0,0.0,1.0,0.0,0.0,1200.0,54.0,75.0,919.0,919.0,12.9,1.4,0.0,1.4,25.2,0.0,0.0,9.1,0.0,0.0,4.0,37.5,32.6,0.0,0.0,0.0,0.0,160.0,569.0,154.0,595.0,161.0,575.0,163.0,584.0,0.0,0.0,4.0,0.0,0.0,25.2,2.0,4.998,0.0,0.0,2.061,1.812,54.1,74.6,0.0,0.0,0.0,,0.0,62.6,167.0,0.0,0.0,0.0,0.0,320.0,1056.2,309.2,1103.0,321.8,1067.0,325.4,1083.2,0.0,0.0,166.28,919.0,319.1,256.5,103.68,1.436222222222222,93315.92966666665,9.642857142857144,0.48,0.48,343.4,True,2026-08-14 08:27:13-07:00
872.06,2,10,2026-08-14 15:41:21,36.89043,-121.40482,221.0,13.5,155.4,-12.5,0.1,KCVH,0.3,303.6,0.0,11.7,-1.1,139.2,0.0,129.0,-3.5,0.02,1.2,99.0,-6.0,17.0,0.0,30.05,437.0,0.0,0.0,128.0,3500.0,0.0,0.0,129.0,0.0,0.0,5.0,2.0,0.0,0.0,0.0,0.0,5.0,0.0,0.0,2.0,0.0,0.0,0.0,0.0,1.0,0.0,0.0,1200.0,54.0,75.0,917.0,917.0,12.9,1.4,0.0,1.4,25.2,0.0,0.0,9.1,0.0,0.0,4.0,37.5,32.6,0.0,0.0,0.0,0.0,160.0,567.0,155.0,597.0,161.0,575.0,163.0,584.0,0.0,0.0,4.0,0.0,0.0,25.2,2.0,4.998,0.0,0.0,1.945,1.913,54.0,74.7,0.0,0.0,0.0,,0.0,62.6,167.0,0.0,0.0,0.0,0.0,320.0,1052.6,311.0,1106.6,321.8,1067.0,325.4,1083.2,0.0,0.0,166.46,917.0,319.55,256.95,103.86000000000001,1.4366111111111108,93338.69966666665,9.642857142857144,0.48,0.48,343.4,True,2026-08-14 08:27:13-07:00
873.06,2,10,2026-08-14 15:41:22,36.89038,-121.40478,221.0,13.6,153.1,-12.5,0.09,KCVH,0.3,303.9,0.0,11.7,-1.0,134.2,0.0,129.0,-4.3,0.06,0.8,99.0,-18.0,17.0,0.0,30.05,437.0,0.0,0.0,128.0,3500.0,0.0,0.0,129.0,0.0,0.0,5.0,2.0,0.0,0.0,0.0,0.0,5.0,0.0,0.0,3.0,0.0,0.0,0.0,0.0,1.0,0.0,0.0,1200.0,54.0,75.0,919.0,919.0,13.0,1.4,0.0,1.4,25.2,0.0,0.0,9.1,0.0,0.0,4.0,37.5,32.6,0.0,0.0,0.0,0.0,160.0,567.0,155.0,597.0,161.0,575.0,163.0,585.0,0.0,0.0,4.0,0.0,0.0,25.2,2.0,4.998,0.0,0.0,1.887,1.967,54.0,74.7,0.0,0.0,0.0,,0.0,62.6,167.0,0.0,0.0,0.0,0.0,320.0,1052.6,311.0,1106.6,321.8,1067.0,325.4,1085.0,0.0,0.0,166.46,919.0,319.55,256.95,103.86000000000001,1.4369999999999998,93361.55399999997,9.714285714285715,0.48,0.48,343.4,True,2026-08-14 08:27:13-07:00
874.06,2,10,2026-08-14 15:41:23,36.89033,-121.40474,221.0,13.6,146.8,-12.5,0.09,KCVH,0.3,304.2,0.0,11.8,-0.9,133.1,0.0,129.0,-2.7,0.02,0.8,99.0,5.0,17.0,0.0,30.05,447.0,0.0,0.0,128.0,3500.0,0.0,0.0,129.0,0.0,0.0,5.0,2.0,0.0,0.0,0.0,0.0,5.0,0.0,0.0,3.0,0.0,0.0,0.0,0.0,1.0,0.0,0.0,1200.0,54.0,75.0,921.0,921.0,13.0,1.4,0.0,1.4,25.2,0.0,0.0,9.1,0.0,0.0,4.0,37.5,32.6,0.0,0.0,0.0,0.0,161.0,567.0,155.0,597.0,161.0,575.0,163.0,585.0,0.0,0.0,4.0,0.0,0.0,25.2,2.0,4.998,0.0,0.0,1.761,2.024,54.2,74.7,0.0,0.0,0.0,,0.0,62.6,167.0,0.0,0.0,0.0,0.0,321.8,1052.6,311.0,1106.6,321.8,1067.0,325.4,1085.0,0.0,0.0,166.46,921.0,320.0,257.4,103.86000000000001,1.4373888888888886,93384.49266666664,9.714285714285715,0.48,0.48,343.4,True,2026-08-14 08:27:13-07:00
875.06,2,10,2026-08-14 15:41:24,36.89027,-121.40469,221.0,13.7,147.0,-12.5,0.09,KCVH,0.3,304.4,0.0,11.6,-0.4,131.8,0.0,129.0,-1.7,0.01,1.2,99.0,1.0,17.0,0.0,30.05,445.0,0.0,0.0,128.0,3500.0,0.0,0.0,129.0,0.0,0.0,5.0,2.0,0.0,0.0,0.0,0.0,5.0,0.0,0.0,4.0,0.0,0.0,0.0,0.0,1.0,0.0,0.0,1200.0,54.0,75.0,925.0,925.0,13.0,1.4,0.0,1.4,25.2,0.0,0.0,9.1,0.0,0.0,4.0,37.5,32.6,0.0,0.0,0.0,0.0,161.0,567.0,155.0,596.0,161.0,575.0,163.0,585.0,0.0,0.0,4.0,0.0,0.0,25.2,2.0,4.998,0.0,0.0,1.797,2.006,54.2,74.7,0.0,0.0,0.0,,0.0,62.6,167.0,0.0,0.0,0.0,0.0,321.8,1052.6,311.0,1104.8,321.8,1067.0,325.4,1085.0,0.0,0.0,166.46,925.0,320.0,257.4,103.86000000000001,1.4377777777777776,93407.51566666664,9.785714285714286,0.48,0.48,343.4,True,2026-08-14 08:27:13-07:00
876.06,2,10,2026-08-14 15:41:25,36.89022,-121.40466,223.0,13.6,145.2,-12.5,0.09,KCVH,0.3,304.8,0.0,11.8,-0.7,130.4,0.0,129.0,-1.5,0.01,1.0,99.0,-2.0,17.0,0.0,30.05,445.0,0.0,0.0,128.0,3500.0,0.0,0.0,129.0,0.0,0.0,5.0,2.0,0.0,0.0,0.0,0.0,5.0,0.0,0.0,4.0,0.0,0.0,0.0,0.0,1.0,0.0,0.0,1200.0,54.0,75.0,921.0,921.0,13.0,1.4,0.0,1.4,25.2,0.0,0.0,9.1,0.0,0.0,4.0,37.5,32.6,0.0,0.0,0.0,0.0,161.0,567.0,155.0,595.0,162.0,576.0,163.0,586.0,0.0,0.0,4.0,0.0,0.0,25.2,2.0,4.998,0.0,0.0,1.79,2.028,54.2,74.7,0.0,0.0,0.0,,0.0,62.6,167.0,0.0,0.0,0.0,0.0,321.8,1052.6,311.0,1103.0,323.6,1068.8,325.4,1086.8,0.0,0.0,166.46,921.0,320.45,257.84999999999997,103.86000000000001,1.4381666666666664,93430.53866666665,9.714285714285715,0.48,0.48,343.4,True,2026-08-14 08:27:13-07:00
877.06,2,10,2026-08-14 15:41:26,36.89017,-121.40461,223.0,13.7,143.9,-12.5,0.09,KCVH,0.3,305.0,0.0,11.8,-0.7,129.0,0.0,129.0,-1.4,0.0,0.9,99.0,8.0,17.0,0.0,30.05,445.0,0.0,0.0,128.0,3500.0,0.0,0.0,129.0,0.0,0.0,5.0,2.0,0.0,0.0,0.0,0.0,5.0,0.0,0.0,3.0,0.0,0.0,0.0,0.0,1.0,0.0,0.0,1200.0,54.0,75.0,924.0,924.0,13.0,1.4,0.0,1.4,25.3,0.0,0.0,9.1,0.0,0.0,4.0,37.5,32.6,0.0,0.0,0.0,0.0,161.0,568.0,155.0,595.0,162.0,576.0,163.0,586.0,0.0,0.0,4.0,0.0,0.0,25.3,2.0,4.998,0.0,0.0,1.764,2.025,54.1,74.7,0.0,0.0,0.0,,0.0,62.6,167.0,0.0,0.0,0.0,0.0,321.8,1054.4,311.0,1103.0,323.6,1068.8,325.4,1086.8,0.0,0.0,166.46,924.0,320.45,257.84999999999997,103.86000000000001,1.4385555555555554,93453.56166666665,9.785714285714286,0.48,0.48,343.4,True,2026-08-14 08:27:13-07:00
878.06,2,10,2026-08-14 15:41:27,36.89011,-121.40456,222.0,13.8,143.0,-12.5,0.09,KCVH,0.3,305.2,0.0,11.7,-0.1,127.8,0.0,129.0,-1.3,0.01,1.3,99.0,5.0,17.0,0.0,30.05,447.0,0.0,0.0,128.0,3500.0,0.0,0.0,129.0,0.0,0.0,5.0,2.0,0.0,0.0,0.0,0.0,5.0,0.0,0.0,4.0,0.0,0.0,0.0,0.0,1.0,0.0,0.0,1200.0,54.0,75.0,922.0,922.0,13.0,1.4,0.0,1.4,25.2,0.0,0.0,9.1,0.0,0.0,4.0,37.5,32.6,0.0,0.0,0.0,0.0,161.0,568.0,155.0,595.0,162.0,576.0,164.0,586.0,0.0,0.0,4.0,0.0,0.0,25.2,2.0,4.998,0.0,0.0,1.738,2.023,54.1,74.7,0.0,0.0,0.0,,0.0,62.6,167.0,0.0,0.0,0.0,0.0,321.8,1054.4,311.0,1103.0,323.6,1068.8,327.2,1086.8,0.0,0.0,166.46,922.0,320.9,258.29999999999995,103.86000000000001,1.4389444444444444,93476.75333333331,9.857142857142858,0.48,0.48,343.4,True,2026-08-14 08:27:13-07:00
879.06,2,10,2026-08-14 15:41:28,36.89006,-121.40452,223.0,13.8,141.8,-12.5,0.09,KCVH,0.3,305.4,0.0,11.7,-0.7,126.8,0.0,129.0,-1.1,-0.0,1.0,99.0,-12.0,17.0,0.0,30.05,447.0,0.0,0.0,128.0,3500.0,0.0,0.0,129.0,0.0,0.0,5.0,2.0,0.0,0.0,0.0,0.0,4.0,0.0,0.0,4.0,0.0,0.0,0.0,0.0,1.0,0.0,0.0,1200.0,54.0,75.0,928.0,928.0,13.0,1.4,0.0,1.4,25.2,0.0,0.0,9.1,0.0,0.0,4.0,37.5,32.6,0.0,0.0,0.0,0.0,161.0,568.0,155.0,595.0,162.0,576.0,164.0,586.0,0.0,0.0,4.0,0.0,0.0,25.2,2.0,4.998,0.0,0.0,1.704,2.024,54.3,74.7,0.0,0.0,0.0,,0.0,62.6,167.0,0.0,0.0,0.0,0.0,321.8,1054.4,311.0,1103.0,323.6,1068.8,327.2,1086.8,0.0,0.0,166.46,928.0,320.9,258.29999999999995,103.86000000000001,1.4393333333333331,93500.02933333331,9.857142857142858,0.48,0.48,343.4,True,2026-08-14 08:27:13-07:00
880.06,2,10,2026-08-14 15:41:29,36.89001,-121.40446,223.0,13.9,141.5,-12.5,0.09,KCVH,0.3,305.6,0.0,11.7,-0.3,126.2,0.0,129.0,-0.9,0.0,0.9,99.0,-7.0,17.0,0.0,30.05,447.0,0.0,0.0,128.0,3500.0,0.0,0.0,129.0,0.0,0.0,5.0,2.0,0.0,0.0,0.0,0.0,4.0,0.0,0.0,4.0,0.0,0.0,0.0,0.0,1.0,0.0,0.0,1200.0,54.0,75.0,913.0,913.0,12.9,1.4,0.0,1.4,25.2,0.0,0.0,9.1,0.0,0.0,4.0,37.5,32.6,0.0,0.0,0.0,0.0,162.0,567.0,156.0,596.0,162.0,577.0,164.0,586.0,0.0,0.0,5.0,0.0,0.0,25.2,2.0,4.998,0.0,0.0,1.715,2.025,53.9,74.8,0.0,0.0,0.0,,0.0,62.6,167.0,0.0,0.0,0.0,0.0,323.6,1052.6,312.8,1104.8,323.6,1070.6,327.2,1086.8,0.0,0.0,166.64,913.0,321.79999999999995,259.19999999999993,104.03999999999999,1.4397222222222221,93523.38966666664,9.928571428571429,0.48,0.48,343.4,True,2026-08-14 08:27:13-07:00
881.06,2,10,2026-08-14 15:41:30,36.88997,-121.40441,223.0,13.9,140.6,-12.5,0.09,KCVH,0.3,305.7,0.0,11.8,-0.3,126.6,0.0,129.0,-0.2,-0.02,1.0,99.0,20.0,17.0,0.0,30.05,447.0,0.0,0.0,128.0,3500.0,0.0,0.0,129.0,0.0,0.0,5.0,2.0,0.0,0.0,0.0,0.0,4.0,0.0,0.0,4.0,0.0,0.0,0.0,0.0,1.0,0.0,0.0,1200.0,54.0,75.0,922.0,922.0,13.0,1.4,0.0,1.4,25.2,0.0,0.0,9.1,0.0,0.0,4.0,37.5,32.6,0.0,0.0,0.0,0.0,162.0,567.0,156.0,596.0,162.0,576.0,164.0,586.0,0.0,0.0,4.0,0.0,0.0,25.2,2.0,4.998,0.0,0.0,1.746,2.023,54.1,74.8,0.0,0.0,0.0,,0.0,62.6,167.0,0.0,0.0,0.0,0.0,323.6,1052.6,312.8,1104.8,323.6,1068.8,327.2,1086.8,0.0,0.0,166.64,922.0,321.79999999999995,259.19999999999993,104.03999999999999,1.440111111111111,93546.83433333332,9.928571428571429,0.48,0.48,343.4,True,2026-08-14 08:27:13-07:00
882.06,2,10,2026-08-14 15:41:31,36.88992,-121.40437,223.0,13.8,142.1,-12.5,0.09,KCVH,0.4,305.9,0.0,11.6,-0.7,126.4,0.0,129.0,-0.1,-0.02,0.8,99.0,12.0,17.0,0.0,30.05,447.0,0.0,0.0,128.0,3500.0,0.0,0.0,129.0,0.0,0.0,5.0,2.0,0.0,0.0,0.0,0.0,4.0,0.0,0.0,4.0,0.0,0.0,0.0,0.0,1.0,0.0,0.0,1200.0,54.0,75.0,905.0,905.0,12.9,1.4,0.0,1.4,25.2,0.0,0.0,9.1,0.0,0.0,4.1,37.5,32.6,0.0,0.0,0.0,0.0,162.0,567.0,156.0,597.0,163.0,575.0,164.0,585.0,0.0,0.0,4.0,0.0,0.0,25.2,2.0,4.998,0.0,0.0,1.829,1.991,53.7,74.8,0.0,0.0,0.0,,0.0,62.6,167.0,0.0,0.0,0.0,0.0,323.6,1052.6,312.8,1106.6,325.4,1067.0,327.2,1085.0,0.0,0.0,166.64,905.0,322.25,259.65,104.03999999999999,1.4405,93570.19466666665,9.857142857142858,0.48,0.48,343.4,True,2026-08-14 08:27:13-07:00
883.06,2,10,2026-08-14 15:41:32,36.88987,-121.40431,223.0,13.9,140.0,-12.5,0.09,KCVH,0.4,306.1,0.0,11.4,-0.5,126.3,0.0,129.0,-0.3,-0.01,0.8,99.0,22.0,17.0,0.0,30.05,447.0,0.0,0.0,128.0,3500.0,0.0,0.0,129.0,0.0,0.0,5.0,2.0,0.0,0.0,0.0,0.0,4.0,0.0,0.0,4.0,0.0,0.0,0.0,0.0,1.0,0.0,0.0,1200.0,54.0,75.0,916.0,916.0,13.1,1.4,0.0,1.4,25.2,0.0,0.0,9.1,0.0,0.0,4.0,37.5,32.6,0.0,0.0,0.0,0.0,162.0,567.0,156.0,596.0,163.0,576.0,164.0,585.0,0.0,0.0,4.0,0.0,0.0,25.2,2.0,4.998,0.0,0.0,1.826,2.023,53.8,74.8,0.0,0.0,0.0,,0.0,62.6,167.0,0.0,0.0,0.0,0.0,323.6,1052.6,312.8,1104.8,325.4,1068.8,327.2,1085.0,0.0,0.0,166.64,916.0,322.25,259.65,104.03999999999999,1.4408888888888887,93593.55499999998,9.928571428571429,0.48,0.48,343.4,True,2026-08-14 08:27:13-07:00
884.06,2,10,2026-08-14 15:41:33,36.88982,-121.40427,223.0,13.7,141.0,-12.5,0.09,KCVH,0.4,306.2,0.0,11.6,-0.3,127.5,0.0,129.0,0.6,-0.02,1.2,99.0,-4.0,17.0,0.0,30.05,447.0,0.0,0.0,128.0,3500.0,0.0,0.0,129.0,0.0,0.0,5.0,2.0,0.0,0.0,0.0,0.0,4.0,0.0,0.0,15.0,0.0,0.0,0.0,0.0,1.0,0.0,0.0,1200.0,54.0,75.0,911.0,911.0,13.0,1.4,0.0,1.4,25.2,0.0,0.0,9.1,0.0,0.0,4.0,37.5,32.6,0.0,0.0,0.0,0.0,162.0,566.0,156.0,596.0,163.0,575.0,164.0,586.0,0.0,0.0,4.0,0.0,0.0,25.2,2.0,4.998,0.0,0.0,1.804,2.023,53.8,74.8,0.0,0.0,0.0,,0.0,62.6,167.0,0.0,0.0,0.0,0.0,323.6,1050.8,312.8,1104.8,325.4,1067.0,327.2,1086.8,0.0,0.0,166.64,911.0,322.25,259.65,104.03999999999999,1.4412777777777777,93616.83099999998,9.785714285714286,0.48,0.48,343.4,True,2026-08-14 08:27:13-07:00
885.06,2,10,2026-08-14 15:41:34,36.88977,-121.40421,222.0,13.7,141.9,-12.5,0.09,KCVH,0.4,306.4,0.0,11.8,-0.2,128.2,0.0,129.0,0.6,0.01,0.8,99.0,-2.0,17.0,0.0,30.05,448.0,0.0,0.0,128.0,3500.0,0.0,0.0,129.0,0.0,0.0,5.0,2.0,0.0,0.0,0.0,0.0,4.0,0.0,0.0,12.0,0.0,0.0,0.0,0.0,1.0,0.0,0.0,1200.0,54.0,75.0,909.0,909.0,13.0,1.4,0.0,1.4,25.2,0.0,0.0,9.1,0.0,0.0,4.0,37.5,32.6,0.0,0.0,0.0,0.0,162.0,566.0,156.0,596.0,163.0,575.0,165.0,585.0,0.0,0.0,4.0,0.0,0.0,25.2,2.0,4.998,0.0,0.0,1.826,1.969,53.7,74.8,0.0,0.0,0.0,,0.0,62.6,167.0,0.0,0.0,0.0,0.0,323.6,1050.8,312.8,1104.8,325.4,1067.0,329.0,1085.0,0.0,0.0,166.64,909.0,322.70000000000005,260.1,104.03999999999999,1.4416666666666664,93639.93833333331,9.785714285714286,0.48,0.48,343.4,True,2026-08-14 08:27:13-07:00
886.06,2,10,2026-08-14 15:41:35,36.88972,-121.40416,222.0,13.6,143.4,-12.5,0.09,KCVH,0.4,306.5,0.0,11.7,-0.2,130.5,0.0,129.0,1.8,-0.06,1.0,99.0,-11.0,17.0,0.0,30.05,448.0,0.0,0.0,128.0,3500.0,0.0,0.0,129.0,0.0,0.0,5.0,2.0,0.0,0.0,0.0,0.0,4.0,0.0,0.0,10.0,0.0,0.0,0.0,0.0,1.0,0.0,0.0,1200.0,54.0,75.0,910.0,910.0,13.1,1.4,0.0,1.4,25.2,0.0,0.0,9.1,0.0,0.0,4.0,37.5,32.6,0.0,0.0,0.0,0.0,162.0,567.0,156.0,596.0,163.0,575.0,165.0,585.0,0.0,0.0,4.0,0.0,0.0,25.2,2.0,4.998,0.0,0.0,1.854,1.942,53.7,74.8,0.0,0.0,0.0,,0.0,62.6,167.0,0.0,0.0,0.0,0.0,323.6,1052.6,312.8,1104.8,325.4,1067.0,329.0,1085.0,0.0,0.0,166.64,910.0,322.70000000000005,260.1,104.03999999999999,1.4420555555555554,93662.96133333331,9.714285714285715,0.48,0.48,343.4,True,2026-08-14 08:27:13-07:00
887.06,2,10,2026-08-14 15:41:36,36.88967,-121.40412,223.0,13.6,143.7,-12.5,0.09,KCVH,0.4,306.7,0.0,11.7,-0.4,129.6,0.0,129.0,0.2,-0.01,0.9,99.0,9.0,18.0,0.0,30.05,448.0,0.0,0.0,128.0,3500.0,0.0,0.0,129.0,0.0,0.0,5.0,2.0,0.0,0.0,0.0,0.0,4.0,0.0,0.0,10.0,0.0,0.0,0.0,0.0,1.0,0.0,0.0,1200.0,54.0,75.0,921.0,921.0,13.1,1.4,0.0,1.4,25.2,0.0,0.0,9.1,0.0,0.0,4.0,37.5,32.6,0.0,0.0,0.0,0.0,162.0,567.0,157.0,595.0,163.0,575.0,165.0,584.0,0.0,0.0,4.0,0.0,0.0,25.2,2.0,4.998,0.0,0.0,1.887,1.909,54.0,74.9,0.0,0.0,0.0,,0.0,64.4,167.0,0.0,0.0,0.0,0.0,323.6,1052.6,314.6,1103.0,325.4,1067.0,329.0,1083.2,0.0,0.0,166.82,921.0,323.15,258.75,102.41999999999999,1.4424444444444442,93685.89999999998,9.714285714285715,0.48,0.48,343.4,True,2026-08-14 08:27:13-07:00
888.06,2,10,2026-08-14 15:41:37,36.88961,-121.40408,223.0,13.7,144.0,-12.5,0.09,KCVH,0.4,306.9,0.0,11.5,-0.4,128.7,0.0,129.0,-0.5,-0.0,1.0,99.0,37.0,17.0,0.0,30.05,448.0,0.0,0.0,128.0,3500.0,0.0,0.0,129.0,0.0,0.0,5.0,2.0,0.0,0.0,0.0,0.0,4.0,0.0,0.0,10.0,0.0,0.0,0.0,0.0,1.0,0.0,0.0,1200.0,54.0,75.0,905.0,905.0,12.9,1.4,0.0,1.4,25.2,0.0,0.0,9.1,0.0,0.0,4.0,37.5,32.6,0.0,0.0,0.0,0.0,163.0,566.0,157.0,596.0,163.0,574.0,165.0,584.0,0.0,0.0,4.0,0.0,0.0,25.2,2.0,4.998,0.0,0.0,1.826,1.964,53.7,74.9,0.0,0.0,0.0,,0.0,62.6,167.0,0.0,0.0,0.0,0.0,325.4,1050.8,314.6,1104.8,325.4,1065.2,329.0,1083.2,0.0,0.0,166.82,905.0,323.6,261.0,104.22,1.4428333333333332,93708.92299999998,9.785714285714286,0.48,0.48,343.4,True,2026-08-14 08:27:13-07:00
889.06,2,10,2026-08-14 15:41:38,36.88956,-121.40402,222.0,13.6,143.0,-12.5,0.09,KCVH,0.4,307.0,0.0,11.7,-0.3,127.2,0.0,129.0,-1.1,0.01,1.0,99.0,24.0,18.0,0.0,30.05,448.0,0.0,0.0,128.0,3500.0,0.0,0.0,129.0,0.0,0.0,5.0,2.0,0.0,0.0,0.0,0.0,4.0,0.0,0.0,10.0,0.0,0.0,0.0,0.0,1.0,0.0,0.0,1200.0,54.0,75.0,909.0,909.0,13.0,1.4,0.0,1.4,25.2,0.0,0.0,9.1,0.0,0.0,4.0,37.5,32.6,0.0,0.0,0.0,0.0,163.0,566.0,156.0,596.0,163.0,573.0,165.0,584.0,0.0,0.0,4.0,0.0,0.0,25.2,2.0,4.998,0.0,0.0,1.826,1.965,53.6,74.9,0.0,0.0,0.0,,0.0,64.4,167.0,0.0,0.0,0.0,0.0,325.4,1050.8,312.8,1104.8,325.4,1063.4,329.0,1083.2,0.0,0.0,166.82,909.0,323.15,258.75,102.41999999999999,1.443222222222222,93731.94599999998,9.714285714285715,0.48,0.48,343.4,True,2026-08-14 08:27:13-07:00
890.06,2,10,2026-08-14 15:41:39,36.88951,-121.40398,222.0,13.4,140.9,-12.5,0.09,KCVH,0.4,307.2,0.0,11.4,-0.3,126.5,0.0,129.0,-1.0,0.0,1.0,99.0,18.0,18.0,0.0,30.05,448.0,0.0,0.0,128.0,3500.0,0.0,0.0,129.0,0.0,0.0,5.0,2.0,0.0,0.0,0.0,0.0,4.0,0.0,0.0,10.0,0.0,0.0,0.0,0.0,1.0,0.0,0.0,1200.0,53.0,75.0,884.0,884.0,13.0,1.4,0.0,1.4,25.2,0.0,0.0,9.1,0.0,0.0,4.0,37.5,32.6,0.0,0.0,0.0,0.0,163.0,567.0,157.0,595.0,164.0,573.0,165.0,583.0,0.0,0.0,4.0,0.0,0.0,25.2,2.0,4.998,0.0,0.0,1.826,2.03,53.3,74.9,0.0,0.0,0.0,,0.0,64.4,167.0,0.0,0.0,0.0,0.0,325.4,1052.6,314.6,1103.0,327.2,1063.4,329.0,1081.4,0.0,0.0,166.82,884.0,324.05,259.65,102.41999999999999,1.443611111111111,93754.71599999999,9.571428571428573,0.48,0.48,343.4,True,2026-08-14 08:27:13-07:00
891.06,2,10,2026-08-14 15:41:40,36.88947,-121.40393,223.0,13.0,141.2,-12.5,0.09,KCVH,0.4,307.3,0.0,11.5,-0.2,126.1,0.0,129.0,-0.7,0.0,1.2,99.0,11.0,18.0,0.0,30.05,448.0,0.0,0.0,128.0,3500.0,0.0,0.0,129.0,0.0,0.0,5.0,2.0,0.0,0.0,0.0,0.0,4.0,0.0,0.0,10.0,0.0,0.0,0.0,0.0,1.0,0.0,0.0,1200.0,53.0,75.0,888.0,888.0,13.2,1.4,0.0,1.4,25.2,0.0,0.0,9.1,0.0,0.0,4.0,37.5,32.6,0.0,0.0,0.0,0.0,163.0,568.0,157.0,596.0,164.0,574.0,165.0,582.0,0.0,0.0,4.0,0.0,0.0,25.2,2.0,4.998,0.0,0.0,1.825,2.024,53.1,74.9,0.0,0.0,0.0,,0.0,64.4,167.0,0.0,0.0,0.0,0.0,325.4,1054.4,314.6,1104.8,327.2,1065.2,329.0,1079.6,0.0,0.0,166.82,888.0,324.05,259.65,102.41999999999999,1.4439999999999997,93776.97999999998,9.285714285714286,0.48,0.48,343.4,True,2026-08-14 08:27:13-07:00
892.06,2,10,2026-08-14 15:41:41,36.88942,-121.40388,223.0,12.4,141.1,-12.5,0.09,KCVH,0.4,307.5,0.0,11.4,-0.1,126.2,0.0,129.0,-0.3,-0.01,1.1,99.0,27.0,17.0,0.0,30.05,448.0,0.0,0.0,128.0,3500.0,0.0,0.0,129.0,0.0,0.0,5.0,2.0,0.0,0.0,0.0,0.0,4.0,0.0,0.0,9.0,0.0,0.0,0.0,0.0,1.0,0.0,0.0,1200.0,53.0,75.0,894.0,894.0,13.2,1.4,0.0,1.4,25.2,0.0,0.0,9.1,0.0,0.0,4.1,37.5,32.6,0.0,0.0,0.0,0.0,163.0,567.0,157.0,597.0,164.0,574.0,166.0,582.0,0.0,0.0,4.0,0.0,0.0,25.2,2.0,4.998,0.0,0.0,1.826,2.021,53.4,74.9,0.0,0.0,0.0,,0.0,62.6,167.0,0.0,0.0,0.0,0.0,325.4,1052.6,314.6,1106.6,327.2,1065.2,330.8,1079.6,0.0,0.0,166.82,894.0,324.5,261.9,104.22,1.4443888888888887,93798.40066666665,8.857142857142858,0.48,0.48,343.4,True,2026-08-14 08:27:13-07:00
893.06,2,10,2026-08-14 15:41:42,36.88938,-121.40384,223.0,11.7,141.3,-12.5,0.09,KCVH,0.4,307.5,0.0,11.3,-0.4,125.6,0.0,130.0,-0.5,-0.01,1.0,99.0,22.0,18.0,0.0,30.05,449.0,0.0,0.0,128.0,3500.0,0.0,0.0,129.0,0.0,0.0,5.0,2.0,0.0,0.0,0.0,0.0,4.0,0.0,0.0,8.0,0.0,0.0,0.0,0.0,1.0,0.0,0.0,1200.0,54.0,75.0,899.0,899.0,13.2,1.4,0.0,1.4,25.2,0.0,0.0,9.1,0.0,0.0,4.0,37.5,32.6,0.0,0.0,0.0,0.0,163.0,567.0,157.0,597.0,164.0,573.0,166.0,581.0,0.0,0.0,4.0,0.0,0.0,25.2,2.0,4.998,0.0,0.0,1.891,2.063,53.6,74.9,0.0,0.0,0.0,,0.0,64.4,167.0,0.0,0.0,0.0,0.0,325.4,1052.6,314.6,1106.6,327.2,1063.4,330.8,1077.8,0.0,0.0,166.82,899.0,324.5,260.1,102.41999999999999,1.4447777777777775,93818.72499999998,8.357142857142858,0.48,0.48,343.4,True,2026-08-14 08:27:13-07:00
894.06,2,10,2026-08-14 15:41:43,36.88934,-121.4038,223.0,11.0,139.0,-12.5,0.09,KCVH,0.4,307.7,0.0,11.3,-0.1,125.6,0.0,130.0,-0.5,0.02,1.1,99.0,-12.0,18.0,0.0,30.05,449.0,0.0,0.0,128.0,3500.0,0.0,0.0,129.0,0.0,0.0,5.0,2.0,0.0,0.0,0.0,0.0,3.0,0.0,0.0,8.0,0.0,0.0,0.0,0.0,1.0,0.0,0.0,1200.0,54.0,75.0,902.0,902.0,13.1,1.4,0.0,1.4,25.2,0.0,0.0,9.1,0.0,0.0,4.1,37.5,32.6,0.0,0.0,0.0,0.0,163.0,567.0,157.0,598.0,164.0,572.0,166.0,581.0,0.0,0.0,4.0,0.0,0.0,25.2,2.0,4.998,0.0,0.0,1.847,2.067,53.5,74.9,0.0,0.0,0.0,,0.0,64.4,167.0,0.0,0.0,0.0,0.0,325.4,1052.6,314.6,1108.4,327.2,1061.6,330.8,1077.8,0.0,0.0,166.82,902.0,324.5,260.1,102.41999999999999,1.4451666666666665,93837.86866666665,7.857142857142858,0.48,0.48,343.4,True,2026-08-14 08:27:13-07:00
895.06,2,10,2026-08-14 15:41:44,36.8893,-121.40376,223.0,11.1,139.8,-12.5,0.09,KCVH,0.4,307.7,0.0,11.7,-0.3,127.7,0.0,130.0,1.2,-0.03,0.9,99.0,-12.0,18.0,0.0,30.05,449.0,0.0,0.0,128.0,3500.0,0.0,0.0,129.0,0.0,0.0,5.0,2.0,0.0,0.0,0.0,0.0,3.0,0.0,0.0,8.0,0.0,0.0,0.0,0.0,1.0,0.0,0.0,1200.0,54.0,75.0,892.0,892.0,13.1,1.4,0.0,1.4,25.3,0.0,0.0,9.1,0.0,0.0,4.0,37.5,32.6,0.0,0.0,0.0,0.0,164.0,567.0,157.0,598.0,164.0,572.0,166.0,582.0,0.0,0.0,4.0,0.0,0.0,25.3,2.0,4.998,0.0,0.0,1.831,2.025,53.6,75.0,0.0,0.0,0.0,,0.0,64.4,167.0,0.0,0.0,0.0,0.0,327.2,1052.6,314.6,1108.4,327.2,1061.6,330.8,1079.6,0.0,0.0,167.0,892.0,324.95,260.54999999999995,102.6,1.4455555555555553,93856.50633333331,7.928571428571429,0.48,0.48,343.4,True,2026-08-14 08:27:13-07:00
896.06,2,10,2026-08-14 15:41:45,36.88926,-121.40372,223.0,11.2,142.5,-12.5,0.09,KCVH,0.4,307.9,0.0,11.6,-0.7,127.4,0.0,130.0,0.5,-0.02,1.0,99.0,10.0,18.0,0.0,30.05,458.0,0.0,0.0,128.0,3500.0,0.0,0.0,129.0,0.0,0.0,5.0,2.0,0.0,0.0,0.0,0.0,3.0,0.0,0.0,7.0,0.0,0.0,0.0,0.0,1.0,0.0,0.0,1200.0,53.0,75.0,890.0,890.0,13.1,1.4,0.0,1.4,25.2,0.0,0.0,9.1,0.0,0.0,4.1,37.5,32.6,0.0,0.0,0.0,0.0,164.0,567.0,157.0,597.0,164.0,572.0,166.0,581.0,0.0,0.0,4.0,0.0,0.0,25.2,2.0,4.998,0.0,0.0,1.824,1.954,53.4,75.0,0.0,0.0,0.0,,0.0,64.4,167.0,0.0,0.0,0.0,0.0,327.2,1052.6,314.6,1106.6,327.2,1061.6,330.8,1077.8,0.0,0.0,167.0,890.0,324.95,260.54999999999995,102.6,1.4459444444444443,93875.31266666665,8.0,0.48,0.48,343.4,True,2026-08-14 08:27:13-07:00
897.06,2,10,2026-08-14 15:41:46,36.88922,-121.40368,222.0,11.2,141.4,-12.5,0.09,KCVH,0.4,308.0,0.0,11.5,-0.5,126.1,0.0,130.0,-0.7,0.0,0.9,99.0,4.0,18.0,0.0,30.05,458.0,0.0,0.0,128.0,3500.0,0.0,0.0,129.0,0.0,0.0,5.0,2.0,0.0,0.0,0.0,0.0,3.0,0.0,0.0,8.0,0.0,0.0,0.0,0.0,1.0,0.0,0.0,1200.0,53.0,75.0,897.0,897.0,13.2,1.4,0.0,1.4,25.2,0.0,0.0,9.1,0.0,0.0,4.1,37.5,32.6,0.0,0.0,0.0,0.0,164.0,567.0,157.0,598.0,165.0,572.0,166.0,582.0,0.0,0.0,4.0,0.0,0.0,25.2,2.0,4.998,0.0,0.0,1.826,1.968,53.4,75.0,0.0,0.0,0.0,,0.0,64.4,167.0,0.0,0.0,0.0,0.0,327.2,1052.6,314.6,1108.4,329.0,1061.6,330.8,1079.6,0.0,0.0,167.0,897.0,325.4,261.0,102.6,1.4463333333333332,93894.20333333331,8.0,0.48,0.48,343.4,True,2026-08-14 08:27:13-07:00
898.06,2,10,2026-08-14 15:41:47,36.88918,-121.40363,222.0,10.7,140.3,-12.5,0.09,KCVH,0.4,308.0,0.0,11.2,-0.6,126.3,0.0,130.0,-0.4,-0.01,1.0,99.0,-9.0,18.0,0.0,30.05,458.0,0.0,0.0,128.0,3500.0,0.0,0.0,129.0,0.0,0.0,5.0,2.0,0.0,0.0,0.0,0.0,3.0,0.0,0.0,7.0,0.0,0.0,0.0,0.0,1.0,0.0,0.0,1200.0,54.0,75.0,903.0,903.0,13.2,1.4,0.0,1.4,25.2,0.0,0.0,9.1,0.0,0.0,4.0,37.5,32.6,0.0,0.0,0.0,0.0,164.0,566.0,158.0,598.0,165.0,572.0,166.0,582.0,0.0,0.0,4.0,0.0,0.0,25.2,2.0,4.998,0.0,0.0,1.89,2.024,53.6,75.0,0.0,0.0,0.0,,0.0,64.4,167.0,0.0,0.0,0.0,0.0,327.2,1050.8,316.4,1108.4,329.0,1061.6,330.8,1079.6,0.0,0.0,167.0,903.0,325.84999999999997,261.44999999999993,102.6,1.446722222222222,93912.6723333333,7.642857142857143,0.48,0.48,343.4,True,2026-08-14 08:27:13-07:00
899.06,2,10,2026-08-14 15:41:48,36.88914,-121.40359,222.0,10.1,140.6,-12.5,0.09,KCVH,0.4,308.1,0.0,11.3,-0.8,126.1,0.0,130.0,-0.3,-0.01,1.0,99.0,-6.0,18.0,0.0,30.05,458.0,0.0,0.0,128.0,3500.0,0.0,0.0,129.0,0.0,0.0,5.0,2.0,0.0,0.0,0.0,0.0,3.0,0.0,0.0,7.0,0.0,0.0,0.0,0.0,1.0,0.0,0.0,1200.0,54.0,75.0,909.0,909.0,13.1,1.4,0.0,1.4,25.2,0.0,0.0,9.1,0.0,0.0,4.1,37.5,32.6,0.0,0.0,0.0,0.0,164.0,566.0,158.0,597.0,165.0,571.0,166.0,582.0,0.0,0.0,4.0,0.0,0.0,25.2,2.0,4.998,0.0,0.0,1.951,2.062,53.8,75.0,0.0,0.0,0.0,,0.0,64.4,167.0,0.0,0.0,0.0,0.0,327.2,1050.8,316.4,1106.6,329.0,1059.8,330.8,1079.6,0.0,0.0,167.0,909.0,325.84999999999997,261.44999999999993,102.6,1.447111111111111,93930.21366666665,7.214285714285714,0.48,0.48,343.4,True,2026-08-14 08:27:13-07:00
900.06,2,10,2026-08-14 15:41:49,36.88911,-121.40356,222.0,9.4,140.7,-12.5,0.09,KCVH,0.4,308.2,0.0,11.3,-0.7,125.4,0.0,130.0,-0.5,-0.01,1.0,99.0,-14.0,18.0,0.0,30.05,458.0,0.0,0.0,128.0,3500.0,0.0,0.0,129.0,0.0,0.0,5.0,2.0,0.0,0.0,0.0,0.0,3.0,0.0,0.0,7.0,0.0,0.0,0.0,0.0,1.0,0.0,0.0,1200.0,54.0,75.0,891.0,891.0,13.0,1.4,0.0,1.4,25.2,0.0,0.0,9.1,0.0,0.0,4.1,37.5,32.6,0.0,0.0,0.0,0.0,164.0,565.0,158.0,597.0,165.0,571.0,166.0,581.0,0.0,0.0,4.0,0.0,0.0,25.2,2.0,4.998,0.0,0.0,1.923,2.008,53.6,75.0,0.0,0.0,0.0,,0.0,64.4,167.0,0.0,0.0,0.0,0.0,327.2,1049.0,316.4,1106.6,329.0,1059.8,330.8,1077.8,0.0,0.0,167.0,891.0,325.84999999999997,261.44999999999993,102.6,1.4474999999999998,93946.65866666664,6.714285714285715,0.48,0.48,343.4,True,2026-08-14 08:27:13-07:00
901.06,2,10,2026-08-14 15:41:50,36.88907,-121.40353,222.0,8.9,139.6,-12.5,0.09,KCVH,0.4,308.3,0.0,11.4,-0.8,124.5,0.0,130.0,-0.7,-0.01,1.0,99.0,-1.0,18.0,0.0,30.05,458.0,0.0,0.0,128.0,3500.0,0.0,0.0,129.0,0.0,0.0,5.0,2.0,0.0,0.0,0.0,0.0,3.0,0.0,0.0,7.0,0.0,0.0,0.0,0.0,1.0,0.0,0.0,1200.0,54.0,75.0,902.0,902.0,13.1,1.4,0.0,1.4,25.2,0.0,0.0,9.1,0.0,0.0,4.1,37.5,32.6,0.0,0.0,0.0,0.0,164.0,565.0,158.0,598.0,165.0,571.0,166.0,580.0,0.0,0.0,5.0,0.0,0.0,25.2,2.0,4.998,0.0,0.0,1.943,2.023,53.5,75.0,0.0,0.0,0.0,,0.0,64.4,167.0,0.0,0.0,0.0,0.0,327.2,1049.0,316.4,1108.4,329.0,1059.8,330.8,1076.0,0.0,0.0,167.0,902.0,325.84999999999997,261.44999999999993,102.6,1.4478888888888888,93962.09166666665,6.357142857142858,0.48,0.48,343.4,True,2026-08-14 08:27:13-07:00
902.06,2,10,2026-08-14 15:41:51,36.88905,-121.4035,222.0,7.8,138.9,-12.5,0.09,KCVH,0.4,308.3,0.0,11.1,-0.8,122.6,0.0,130.0,-1.3,-0.01,1.2,99.0,3.0,18.0,0.0,30.05,458.0,0.0,0.0,128.0,3500.0,0.0,0.0,129.0,0.0,0.0,5.0,2.0,0.0,0.0,0.0,0.0,3.0,0.0,0.0,7.0,0.0,0.0,0.0,0.0,1.0,0.0,0.0,1200.0,54.0,75.0,903.0,903.0,13.2,1.4,0.0,1.4,25.2,0.0,0.0,9.1,0.0,0.0,4.1,37.5,32.6,0.0,0.0,0.0,0.0,164.0,565.0,158.0,598.0,165.0,571.0,166.0,580.0,0.0,0.0,4.0,0.0,0.0,25.2,2.0,4.998,0.0,0.0,1.925,2.078,53.7,75.1,0.0,0.0,0.0,,0.0,64.4,167.0,0.0,0.0,0.0,0.0,327.2,1049.0,316.4,1108.4,329.0,1059.8,330.8,1076.0,0.0,0.0,167.18,903.0,325.84999999999997,261.44999999999993,102.78,1.4482777777777776,93976.17533333332,5.571428571428572,0.48,0.48,343.4,True,2026-08-14 08:27:13-07:00
903.06,2,10,2026-08-14 15:41:52,36.88902,-121.40347,224.0,6.8,138.2,-12.5,0.09,KCVH,0.4,308.4,0.0,11.4,-0.9,118.7,0.0,130.0,-2.9,0.0,0.9,99.0,5.0,18.0,0.0,30.05,458.0,0.0,0.0,128.0,3500.0,0.0,0.0,129.0,0.0,0.0,5.0,2.0,0.0,0.0,0.0,0.0,3.0,0.0,0.0,7.0,0.0,0.0,0.0,0.0,1.0,0.0,0.0,1200.0,54.0,75.0,906.0,906.0,13.1,1.4,0.0,1.4,25.2,0.0,0.0,9.1,0.0,0.0,4.1,37.5,32.6,0.0,0.0,0.0,0.0,164.0,563.0,158.0,598.0,165.0,571.0,167.0,580.0,0.0,0.0,4.0,0.0,0.0,25.2,2.0,4.998,0.0,0.0,1.829,2.021,53.8,75.1,0.0,0.0,0.0,,0.0,64.4,167.0,0.0,0.0,0.0,0.0,327.2,1045.4,316.4,1108.4,329.0,1059.8,332.6,1076.0,0.0,0.0,167.18,906.0,326.3,261.9,102.78,1.4486666666666665,93988.48799999998,4.857142857142858,0.48,0.48,343.4,True,2026-08-14 08:27:13-07:00
904.06,2,10,2026-08-14 15:41:53,36.889,-121.40344,224.0,6.2,134.4,-12.5,0.09,KCVH,0.4,308.5,0.0,11.4,-0.6,114.7,0.0,130.0,-3.6,0.01,1.0,99.0,-26.0,18.0,0.0,30.05,458.0,0.0,0.0,128.0,3500.0,0.0,0.0,129.0,0.0,0.0,5.0,2.0,0.0,0.0,0.0,0.0,3.0,0.0,0.0,7.0,0.0,0.0,0.0,0.0,1.0,0.0,0.0,1200.0,54.0,75.0,909.0,909.0,13.0,1.4,0.0,1.4,25.2,0.0,0.0,9.1,0.0,0.0,4.1,37.5,32.6,0.0,0.0,0.0,0.0,165.0,563.0,158.0,598.0,166.0,571.0,167.0,580.0,0.0,0.0,4.0,0.0,0.0,25.2,2.0,4.998,0.0,0.0,1.721,2.054,53.8,75.1,0.0,0.0,0.0,,0.0,64.4,167.0,0.0,0.0,0.0,0.0,329.0,1045.4,316.4,1108.4,330.8,1059.8,332.6,1076.0,0.0,0.0,167.18,909.0,327.20000000000005,262.80000000000007,102.78,1.4490555555555553,93999.45133333332,4.428571428571429,0.48,0.48,343.4,True,2026-08-14 08:27:13-07:00
905.06,2,10,2026-08-14 15:41:54,36.88898,-121.40342,223.0,5.3,132.1,-12.5,0.09,KCVH,0.4,308.4,0.0,11.2,-0.6,108.7,0.0,130.0,-4.8,-0.01,1.1,99.0,11.0,18.0,0.0,30.05,458.0,0.0,0.0,128.0,3500.0,0.0,0.0,129.0,0.0,0.0,5.0,2.0,0.0,0.0,0.0,0.0,4.0,0.0,0.0,7.0,0.0,0.0,0.0,0.0,1.0,0.0,0.0,1200.0,54.0,75.0,901.0,901.0,13.0,1.4,0.0,1.4,25.2,0.0,0.0,9.1,0.0,0.0,4.1,37.5,32.6,0.0,0.0,0.0,0.0,165.0,563.0,158.0,598.0,166.0,571.0,167.0,580.0,0.0,0.0,4.0,0.0,0.0,25.2,2.0,4.998,0.0,0.0,1.891,2.075,53.7,75.1,0.0,0.0,0.0,,0.0,64.4,167.0,0.0,0.0,0.0,0.0,329.0,1045.4,316.4,1108.4,330.8,1059.8,332.6,1076.0,0.0,0.0,167.18,901.0,327.20000000000005,262.80000000000007,102.78,1.4494444444444443,94009.14966666665,3.785714285714286,0.48,0.48,343.4,True,2026-08-14 08:27:13-07:00
906.06,2,10,2026-08-14 15:41:55,36.88897,-121.4034,221.0,4.4,126.2,-12.5,0.09,KCVH,0.4,308.5,0.0,11.1,-0.6,100.8,0.0,130.0,-6.7,0.03,1.0,99.0,30.0,18.0,0.0,30.05,458.0,0.0,0.0,128.0,3500.0,0.0,0.0,129.0,0.0,0.0,5.0,2.0,0.0,0.0,0.0,0.0,4.0,0.0,0.0,7.0,0.0,0.0,0.0,0.0,1.0,0.0,0.0,1200.0,54.0,75.0,902.0,902.0,13.1,1.4,0.0,1.4,25.2,0.0,0.0,9.1,0.0,0.0,4.0,37.5,32.6,0.0,0.0,0.0,0.0,165.0,563.0,158.0,597.0,166.0,571.0,167.0,580.0,0.0,0.0,4.0,0.0,0.0,25.2,2.0,4.998,0.0,0.0,1.735,2.075,53.7,75.1,0.0,0.0,0.0,,0.0,64.4,167.0,0.0,0.0,0.0,0.0,329.0,1045.4,316.4,1106.6,330.8,1059.8,332.6,1076.0,0.0,0.0,167.18,902.0,327.20000000000005,262.80000000000007,102.78,1.449833333333333,94017.32999999999,3.1428571428571432,0.48,0.48,343.4,True,2026-08-14 08:27:13-07:00
907.06,2,10,2026-08-14 15:41:56,36.88896,-121.40338,221.0,3.2,125.1,-12.5,0.09,KCVH,0.4,308.4,0.0,11.0,-0.3,92.5,0.0,130.0,-7.6,0.02,0.9,99.0,39.0,18.0,0.0,30.05,458.0,0.0,0.0,128.0,3500.0,0.0,0.0,129.0,0.0,0.0,5.0,2.0,0.0,0.0,0.0,0.0,4.0,0.0,0.0,7.0,0.0,0.0,0.0,0.0,1.0,0.0,0.0,1200.0,54.0,75.0,911.0,911.0,13.1,1.4,0.0,1.4,25.2,0.0,0.0,9.1,0.0,0.0,4.1,37.5,32.6,0.0,0.0,0.0,0.0,165.0,563.0,158.0,595.0,166.0,571.0,167.0,581.0,0.0,0.0,4.0,0.0,0.0,25.2,2.0,4.998,0.0,0.0,1.808,2.163,54.1,75.1,0.0,0.0,0.0,,0.0,64.4,167.0,0.0,0.0,0.0,0.0,329.0,1045.4,316.4,1103.0,330.8,1059.8,332.6,1077.8,0.0,0.0,167.18,911.0,327.20000000000005,262.80000000000007,102.78,1.450222222222222,94023.73933333332,2.285714285714286,0.48,0.48,343.4,True,2026-08-14 08:27:13-07:00
908.06,2,10,2026-08-14 15:41:57,36.88895,-121.40337,222.0,2.3,115.4,-12.5,0.09,KCVH,0.4,308.4,0.0,11.1,-0.2,85.4,0.0,131.0,-7.5,0.02,1.0,99.0,25.0,18.0,0.0,30.05,460.0,0.0,0.0,128.0,3500.0,0.0,0.0,129.0,0.0,0.0,5.0,2.0,0.0,0.0,0.0,0.0,4.0,0.0,0.0,8.0,0.0,0.0,0.0,0.0,1.0,0.0,0.0,1200.0,54.0,75.0,824.0,824.0,13.0,1.4,0.0,1.4,25.9,0.0,0.0,9.1,0.0,0.0,4.1,37.5,32.6,0.0,0.0,0.0,0.0,165.0,562.0,158.0,596.0,166.0,571.0,167.0,581.0,0.0,0.0,4.0,0.0,0.0,25.9,2.0,4.998,0.0,0.0,1.659,2.108,53.7,75.2,0.0,0.0,0.0,,0.0,64.4,167.0,0.0,0.0,0.0,0.0,329.0,1043.6,316.4,1104.8,330.8,1059.8,332.6,1077.8,0.0,0.0,167.36,824.0,327.20000000000005,262.80000000000007,102.96000000000001,1.4506111111111109,94028.37766666665,1.6428571428571428,0.48,0.48,343.4,True,2026-08-14 08:27:13-07:00
909.06,2,10,2026-08-14 15:41:58,36.88895,-121.40336,220.0,1.1,109.8,-12.5,0.09,KCVH,0.4,308.4,0.0,11.1,-0.5,82.9,0.0,131.0,-4.7,0.01,1.0,99.0,5.0,18.0,0.0,30.05,460.0,0.0,0.0,128.0,3500.0,0.0,0.0,129.0,0.0,0.0,5.0,2.0,0.0,0.0,0.0,0.0,4.0,0.0,0.0,8.0,0.0,0.0,0.0,0.0,1.0,0.0,0.0,1200.0,43.0,75.0,265.0,265.0,21.6,1.3,0.0,1.3,25.7,0.0,0.0,9.1,0.0,0.0,4.8,37.5,32.6,0.0,0.0,0.0,0.0,165.0,539.0,158.0,575.0,166.0,548.0,167.0,559.0,0.0,0.0,4.0,0.0,0.0,25.7,2.0,4.998,0.0,0.0,1.689,2.142,43.3,74.7,0.0,0.0,0.0,,0.0,64.4,167.0,0.0,0.0,0.0,0.0,329.0,1002.2,316.4,1067.0,330.8,1018.4,332.6,1038.2,0.0,0.0,166.46,265.0,327.20000000000005,262.80000000000007,102.06,1.4509861111111109,94031.24499999998,0.8461538461538461,0.48,0.48,343.4,True,2026-08-14 08:27:13-07:00
910.06,2,10,2026-08-14 15:41:59,36.88895,-121.40335,221.0,0.4,109.8,-12.5,0.09,KCVH,0.4,308.4,0.0,11.0,-0.7,82.8,0.0,131.0,-1.9,-0.01,1.0,99.0,-22.0,18.0,0.0,30.05,462.0,0.0,0.0,128.0,3500.0,0.0,0.0,129.0,0.0,0.0,5.0,2.0,0.0,0.0,0.0,0.0,4.0,0.0,0.0,8.0,0.0,0.0,0.0,0.0,1.0,0.0,0.0,1200.0,26.0,75.0,185.0,185.0,28.8,1.2,0.0,1.2,25.8,0.0,0.0,9.1,0.0,0.0,2.9,37.5,32.6,0.0,0.0,0.0,0.0,165.0,526.0,158.0,561.0,166.0,529.0,167.0,549.0,0.0,0.0,4.0,0.0,0.0,25.8,2.0,4.998,0.0,0.0,1.694,2.174,26.3,74.7,0.0,0.0,0.0,L,0.0,64.4,167.0,0.0,0.0,0.0,0.0,329.0,978.8,316.4,1041.8,330.8,984.2,332.6,1020.2,0.0,0.0,166.46,185.0,327.20000000000005,262.80000000000007,102.06,1.4513333333333331,94032.50999999998,0.33333333333333337,0.48,0.48,343.4,True,2026-08-14 08:27:13-07:00
911.06,2,10,2026-08-14 15:42:00,36.88895,-121.40335,221.0,0.0,109.8,-12.5,0.09,KCVH,0.4,308.4,0.0,11.0,-0.6,82.9,0.0,131.0,-0.7,-0.01,1.0,99.0,-8.0,18.0,0.0,30.05,462.0,0.0,0.0,128.0,3500.0,0.0,0.0,129.0,0.0,0.0,5.0,2.0,0.0,0.0,0.0,0.0,4.0,0.0,0.0,8.0,0.0,0.0,0.0,0.0,1.0,0.0,0.0,1200.0,17.0,75.0,0.0,0.0,29.8,1.2,0.0,1.2,25.6,0.0,0.0,9.1,0.0,0.0,1.8,37.5,32.6,0.0,0.0,0.0,0.0,165.0,520.0,158.0,554.0,166.0,520.0,167.0,541.0,0.0,0.0,4.0,0.0,0.0,25.6,2.0,4.998,0.0,0.0,1.81,2.17,17.0,74.7,0.0,0.0,6.0,L,0.0,64.4,167.0,0.0,0.0,0.0,0.0,329.0,968.0,316.4,1029.2,330.8,968.0,332.6,1005.8,0.0,0.0,166.46,0.0,327.20000000000005,262.80000000000007,102.06,1.4516666666666664,94032.84733333331,0.0,0.48,0.48,343.4,True,2026-08-14 08:27:13-07:00
912.06,2,10,2026-08-14 15:42:01,36.88895,-121.40335,221.0,0.0,109.8,-12.5,0.09,KCVH,0.4,308.4,0.0,10.9,-0.7,82.9,0.0,131.0,-0.2,-0.01,1.0,99.0,-12.0,18.0,0.0,30.05,462.0,0.0,0.0,128.0,3500.0,0.0,0.0,129.0,0.0,0.0,5.0,2.0,0.0,0.0,0.0,0.0,4.0,0.0,0.0,8.0,0.0,0.0,0.0,0.0,1.0,0.0,0.0,1200.0,6.0,75.0,0.0,0.0,29.9,0.0,0.0,0.0,25.5,0.0,0.0,9.1,0.0,0.0,1.1,37.5,32.6,0.0,0.0,0.0,0.0,165.0,513.0,158.0,547.0,166.0,512.0,167.0,533.0,0.0,0.0,4.0,0.0,0.0,25.5,2.0,4.998,0.0,0.0,1.864,2.076,5.7,74.7,0.0,0.0,0.0,,0.0,64.4,167.0,0.0,0.0,0.0,0.0,329.0,955.4,316.4,1016.6,330.8,953.6,332.6,991.4,0.0,0.0,166.46,0.0,327.20000000000005,262.80000000000007,102.06,1.451833333333333,94032.84733333331,0.0,0.48,0.48,343.4,True,2026-08-14 08:27:13-07:00
913.06,2,10,2026-08-14 15:42:02,36.88895,-121.40335,222.0,0.1,109.8,-12.5,0.09,KCVH,0.4,308.4,0.0,10.8,-0.7,83.1,0.0,131.0,-0.1,-0.01,1.0,99.0,-5.0,18.0,0.0,30.05,462.0,0.0,0.0,128.0,3500.0,0.0,0.0,129.0,0.0,0.0,5.0,2.0,0.0,0.0,0.0,0.0,4.0,0.0,0.0,8.0,0.0,0.0,0.0,0.0,1.0,0.0,0.0,1200.0,4.0,75.0,0.0,0.0,29.9,0.0,0.0,0.0,25.4,0.0,0.0,9.1,0.0,0.0,0.7,37.5,32.6,0.0,0.0,0.0,0.0,165.0,506.0,158.0,539.0,166.0,506.0,167.0,527.0,0.0,0.0,4.0,0.0,0.0,25.4,2.0,4.998,0.0,0.0,1.895,1.964,4.1,74.7,0.0,0.0,0.0,,0.0,64.4,167.0,0.0,0.0,0.0,0.0,329.0,942.8,316.4,1002.2,330.8,942.8,332.6,980.6,0.0,0.0,166.46,0.0,327.20000000000005,262.80000000000007,102.06,1.451833333333333,94032.93166666664,0.0,0.48,0.48,343.4,True,2026-08-14 08:27:13-07:00
914.06,2,10,2026-08-14 15:42:03,36.88895,-121.40335,222.0,0.0,109.8,-12.5,0.09,KCVH,0.4,308.4,0.0,10.9,-0.7,83.1,0.0,131.0,0.0,-0.01,1.0,99.0,5.0,18.0,0.0,30.05,462.0,0.0,0.0,128.0,3500.0,0.0,0.0,129.0,0.0,0.0,5.0,2.0,0.0,0.0,0.0,0.0,4.0,0.0,0.0,8.0,0.0,0.0,0.0,0.0,1.0,0.0,0.0,1200.0,3.0,75.0,0.0,0.0,30.1,0.0,0.0,0.0,25.2,0.0,0.0,9.1,0.0,0.0,0.4,37.5,32.6,0.0,0.0,0.0,0.0,165.0,500.0,158.0,531.0,166.0,498.0,167.0,520.0,0.0,0.0,4.0,0.0,0.0,25.2,2.0,4.998,0.0,0.0,1.821,1.964,3.0,74.7,0.0,0.0,0.0,,0.0,64.4,167.0,0.0,0.0,0.0,0.0,329.0,932.0,316.4,987.8,330.8,928.4,332.6,968.0,0.0,0.0,166.46,0.0,327.20000000000005,262.80000000000007,102.06,1.451833333333333,94033.01599999997,0.0,0.48,0.48,343.4,True,2026-08-14 08:27:13-07:00
915.06,2,10,2026-08-14 15:42:04,36.88894,-121.40335,223.0,0.1,109.8,-12.5,0.09,KCVH,0.4,308.4,0.0,11.0,-0.7,83.0,0.0,131.0,0.0,-0.01,1.0,99.0,28.0,18.0,0.0,30.05,462.0,0.0,0.0,128.0,3500.0,0.0,0.0,129.0,0.0,0.0,5.0,2.0,0.0,0.0,0.0,0.0,4.0,0.0,0.0,8.0,0.0,0.0,0.0,0.0,1.0,0.0,0.0,1200.0,2.0,75.0,0.0,0.0,30.1,0.0,0.0,0.0,25.1,0.0,0.0,9.1,0.0,0.0,0.2,37.5,32.6,0.0,0.0,0.0,0.0,165.0,493.0,158.0,524.0,166.0,492.0,166.0,512.0,0.0,0.0,4.0,0.0,0.0,25.1,2.0,4.998,0.0,0.0,1.826,1.964,1.7,74.7,0.0,0.0,0.0,,0.0,64.4,167.0,0.0,0.0,0.0,0.0,329.0,919.4,316.4,975.2,330.8,917.6,330.8,953.6,0.0,0.0,166.46,0.0,326.75,262.35,102.06,1.451833333333333,94033.1003333333,0.0,0.48,0.48,343.4,True,2026-08-14 08:27:13-07:00
916.06,2,10,2026-08-14 15:42:05,36.88894,-121.40336,223.0,0.0,109.8,-12.5,0.09,KCVH,0.4,308.4,0.0,11.1,-0.7,83.0,0.0,132.0,0.0,-0.01,1.0,99.0,15.0,18.0,0.0,30.05,463.0,0.0,0.0,128.0,3500.0,0.0,0.0,129.0,0.0,0.0,5.0,2.0,0.0,0.0,0.0,0.0,4.0,0.0,0.0,8.0,0.0,0.0,0.0,0.0,1.0,0.0,0.0,1200.0,1.0,75.0,0.0,0.0,30.1,0.0,0.0,0.0,25.0,0.0,0.0,9.1,0.0,0.0,0.1,37.5,32.6,0.0,0.0,0.0,0.0,165.0,487.0,158.0,517.0,166.0,486.0,166.0,505.0,0.0,0.0,4.0,0.0,0.0,25.0,2.0,4.998,0.0,0.0,1.826,1.964,1.4,74.7,0.0,0.0,0.0,,0.0,64.4,167.0,0.0,0.0,0.0,0.0,329.0,908.6,316.4,962.6,330.8,906.8,330.8,941.0,0.0,0.0,166.46,0.0,326.75,262.35,102.06,1.451833333333333,94033.18466666665,0.0,0.48,0.48,343.4,True,2026-08-14 08:27:13-07:00
917.06,2,10,2026-08-14 15:42:06,36.88894,-121.40336,223.0,0.1,109.8,-12.5,0.09,KCVH,0.4,308.4,0.0,11.1,-0.7,82.9,0.0,132.0,0.0,-0.01,1.0,99.0,8.0,18.0,0.0,30.05,463.0,0.0,0.0,128.0,3500.0,0.0,0.0,129.0,0.0,0.0,5.0,2.0,0.0,0.0,0.0,0.0,4.0,0.0,0.0,8.0,0.0,0.0,0.0,0.0,1.0,0.0,0.0,1200.0,1.0,75.0,0.0,0.0,30.1,0.0,0.0,0.0,24.9,0.0,0.0,9.1,0.0,0.0,-0.0,37.5,32.6,0.0,0.0,0.0,0.0,165.0,482.0,158.0,510.0,165.0,480.0,166.0,498.0,0.0,0.0,4.0,0.0,0.0,24.9,2.0,4.998,0.0,0.0,1.826,1.964,1.0,74.7,0.0,0.0,0.0,,0.0,64.4,167.0,0.0,0.0,0.0,0.0,329.0,899.6,316.4,950.0,329.0,896.0,330.8,928.4,0.0,0.0,166.46,0.0,326.29999999999995,261.9,102.06,1.451833333333333,94033.26899999999,0.0,0.48,0.48,343.4,True,2026-08-14 08:27:13-07:00
918.06,2,10,2026-08-14 15:42:07,36.88894,-121.40336,223.0,0.1,109.8,-12.5,0.09,KCVH,0.4,308.4,0.0,11.2,-0.7,82.8,0.0,132.0,0.0,-0.01,1.0,99.0,-8.0,18.0,0.0,30.05,463.0,0.0,0.0,128.0,3500.0,0.0,0.0,129.0,0.0,0.0,5.0,2.0,0.0,0.0,0.0,0.0,0.0,0.0,0.0,0.0,0.0,0.0,0.0,0.0,0.0,0.0,0.0,0.0,1.0,75.0,0.0,0.0,30.1,0.0,0.0,0.0,24.8,0.0,0.0,9.1,0.0,0.0,-0.2,37.5,32.6,0.0,0.0,0.0,0.0,165.0,476.0,158.0,503.0,165.0,473.0,166.0,492.0,0.0,0.0,4.0,0.0,0.0,24.8,2.0,4.998,0.0,0.0,1.826,1.964,0.8,74.7,0.0,0.0,0.0,,0.0,64.4,167.0,0.0,0.0,0.0,0.0,329.0,888.8,316.4,937.4,329.0,883.4,330.8,917.6,0.0,0.0,166.46,0.0,326.29999999999995,261.9,102.06,1.451833333333333,94033.43766666665,0.0,0.48,0.48,343.4,True,2026-08-14 08:27:13-07:00
919.06,2,10,2026-08-14 15:42:08,36.88894,-121.40336,223.0,0.0,109.8,-12.5,0.09,KCVH,0.4,308.4,0.0,11.3,-0.7,82.7,0.0,132.0,0.0,-0.01,1.0,99.0,2.0,18.0,0.0,30.05,472.0,0.0,0.0,128.0,3500.0,0.0,0.0,129.0,0.0,0.0,5.0,2.0,0.0,0.0,0.0,0.0,0.0,0.0,0.0,0.0,0.0,0.0,0.0,0.0,0.0,0.0,0.0,0.0,1.0,75.0,0.0,0.0,30.1,0.0,0.0,0.0,24.7,0.0,0.0,9.1,0.0,0.0,-0.2,37.5,32.6,0.0,0.0,0.0,0.0,165.0,471.0,158.0,496.0,165.0,468.0,166.0,485.0,0.0,0.0,4.0,0.0,0.0,24.7,2.0,4.998,0.0,0.0,1.826,1.964,0.6,74.7,0.0,0.0,0.0,,0.0,64.4,167.0,0.0,0.0,0.0,0.0,329.0,879.8,316.4,924.8,329.0,874.4,330.8,905.0,0.0,0.0,166.46,0.0,326.29999999999995,261.9,102.06,1.451833333333333,94033.52199999998,0.0,0.48,0.48,343.4,True,2026-08-14 08:27:13-07:00
920.06,2,10,2026-08-14 15:42:09,36.88894,-121.40336,223.0,0.1,109.8,-12.5,0.09,KCVH,0.4,308.4,0.0,11.3,-0.7,82.6,0.0,132.0,0.0,-0.01,1.0,99.0,14.0,18.0,0.0,30.05,471.0,0.0,0.0,128.0,3500.0,0.0,0.0,129.0,0.0,0.0,5.0,2.0,0.0,0.0,0.0,0.0,0.0,0.0,0.0,0.0,0.0,0.0,0.0,0.0,0.0,0.0,0.0,0.0,0.0,75.0,0.0,0.0,30.1,0.0,0.0,0.0,24.6,0.0,0.0,9.1,0.0,0.0,-0.3,37.5,32.6,0.0,0.0,0.0,0.0,164.0,465.0,158.0,490.0,165.0,463.0,166.0,479.0,0.0,0.0,4.0,0.0,0.0,24.6,2.0,4.998,0.0,0.0,1.826,1.963,0.4,74.7,0.0,0.0,0.0,,0.0,64.4,167.0,0.0,0.0,0.0,0.0,327.2,869.0,316.4,914.0,329.0,865.4,330.8,894.2,0.0,0.0,166.46,0.0,325.84999999999997,261.44999999999993,102.06,1.451833333333333,94033.60633333331,0.0,0.48,0.48,343.4,True,2026-08-14 08:27:13-07:00
921.06,2,10,2026-08-14 15:42:10,36.88895,-121.40336,222.0,0.0,109.8,-12.5,0.09,KCVH,0.4,308.4,0.0,11.3,-0.7,82.5,0.0,132.0,0.0,-0.01,1.0,99.0,-15.0,18.0,0.0,30.05,471.0,0.0,0.0,128.0,3500.0,0.0,0.0,129.0,0.0,0.0,5.0,2.0,0.0,0.0,0.0,0.0,0.0,0.0,0.0,0.0,0.0,0.0,0.0,0.0,0.0,0.0,0.0,0.0,0.0,75.0,0.0,0.0,30.1,0.0,0.0,0.0,24.5,0.0,0.0,9.1,0.0,0.0,-0.4,37.5,32.6,0.0,0.0,0.0,0.0,164.0,460.0,158.0,484.0,165.0,457.0,166.0,473.0,0.0,0.0,4.0,0.0,0.0,24.5,2.0,4.998,0.0,0.0,1.826,1.964,0.2,74.7,0.0,0.0,0.0,,0.0,64.4,167.0,0.0,0.0,0.0,0.0,327.2,860.0,316.4,903.2,329.0,854.6,330.8,883.4,0.0,0.0,166.46,0.0,325.84999999999997,261.44999999999993,102.06,1.451833333333333,94033.69066666665,0.0,0.48,0.48,343.4,True,2026-08-14 08:27:13-07:00
922.06,2,10,2026-08-14 15:42:11,36.88894,-121.40335,222.0,0.0,109.8,-12.5,0.09,KCVH,0.4,308.4,0.0,11.3,-0.7,82.5,0.0,132.0,0.0,-0.01,1.0,99.0,10.0,18.0,0.0,30.05,471.0,0.0,0.0,128.0,3500.0,0.0,0.0,129.0,0.0,0.0,5.0,2.0,0.0,0.0,0.0,0.0,0.0,0.0,0.0,0.0,0.0,0.0,0.0,0.0,0.0,0.0,0.0,0.0,0.0,75.0,0.0,0.0,30.1,0.0,0.0,0.0,24.4,0.0,0.0,9.1,0.0,0.0,-0.4,37.5,32.6,0.0,0.0,0.0,0.0,164.0,455.0,157.0,478.0,165.0,452.0,166.0,468.0,0.0,0.0,4.0,0.0,0.0,24.4,2.0,4.998,0.0,0.0,1.826,1.964,0.3,74.7,0.0,0.0,0.0,,0.0,64.4,167.0,0.0,0.0,0.0,0.0,327.2,851.0,314.6,892.4,329.0,845.6,330.8,874.4,0.0,0.0,166.46,0.0,325.4,261.0,102.06,1.451833333333333,94033.69066666665,0.0,0.48,0.48,343.4,True,2026-08-14 08:27:13-07:00
923.06,2,10,2026-08-14 15:42:12,36.88894,-121.40335,223.0,0.0,109.8,-12.5,0.09,KCVH,0.4,308.4,0.0,11.3,-0.7,82.5,0.0,132.0,0.0,-0.01,1.0,99.0,2.0,18.0,0.0,30.05,471.0,0.0,0.0,128.0,3500.0,0.0,0.0,129.0,0.0,0.0,5.0,2.0,0.0,0.0,0.0,0.0,0.0,0.0,0.0,0.0,0.0,0.0,0.0,0.0,0.0,0.0,0.0,0.0,0.0,75.0,0.0,0.0,30.1,0.0,0.0,0.0,24.3,0.0,0.0,9.1,0.0,0.0,-0.4,37.5,32.6,0.0,0.0,0.0,0.0,164.0,451.0,157.0,472.0,165.0,446.0,166.0,462.0,0.0,0.0,4.0,0.0,0.0,24.3,2.0,4.998,0.0,0.0,1.826,1.964,0.2,74.8,0.0,0.0,0.0,,0.0,64.4,167.0,0.0,0.0,0.0,0.0,327.2,843.8,314.6,881.6,329.0,834.8,330.8,863.6,0.0,0.0,166.64,0.0,325.4,261.0,102.23999999999998,1.451833333333333,94033.69066666665,0.0,0.48,0.48,343.4,True,2026-08-14 08:27:13-07:00
924.06,2,10,2026-08-14 15:42:13,36.88894,-121.40335,223.0,0.0,109.8,-12.5,0.09,KCVH,0.4,308.4,0.0,11.4,-0.8,82.5,0.0,133.0,0.0,-0.01,1.0,99.0,2.0,18.0,0.0,30.05,471.0,0.0,0.0,128.0,3500.0,0.0,0.0,129.0,0.0,0.0,5.0,2.0,0.0,0.0,0.0,0.0,0.0,0.0,0.0,0.0,0.0,0.0,0.0,0.0,0.0,0.0,0.0,0.0,0.0,75.0,0.0,0.0,30.1,0.0,0.0,0.0,24.2,0.0,0.0,9.1,0.0,0.0,-0.3,37.5,32.6,0.0,0.0,0.0,0.0,164.0,446.0,157.0,468.0,165.0,441.0,166.0,457.0,0.0,0.0,4.0,0.0,0.0,24.2,2.0,4.998,0.0,0.0,1.826,1.964,0.2,74.8,0.0,0.0,0.0,,0.0,64.4,167.0,0.0,0.0,0.0,0.0,327.2,834.8,314.6,874.4,329.0,825.8,330.8,854.6,0.0,0.0,166.64,0.0,325.4,261.0,102.23999999999998,1.451833333333333,94033.69066666665,0.0,0.48,0.48,343.4,True,2026-08-14 08:27:13-07:00
925.06,2,10,2026-08-14 15:42:14,36.88894,-121.40335,223.0,0.0,109.8,-12.5,0.09,KCVH,0.4,308.4,0.0,11.4,-0.7,82.5,0.0,133.0,0.0,-0.01,1.0,99.0,-14.0,18.0,0.0,30.05,471.0,0.0,0.0,128.0,3500.0,0.0,0.0,129.0,0.0,0.0,5.0,2.0,0.0,0.0,0.0,0.0,0.0,0.0,0.0,0.0,0.0,0.0,0.0,0.0,0.0,0.0,0.0,0.0,0.0,75.0,0.0,0.0,30.1,0.0,0.0,0.0,24.1,0.0,0.0,9.1,0.0,0.0,-0.3,37.5,32.6,0.0,0.0,0.0,0.0,164.0,442.0,157.0,463.0,165.0,437.0,165.0,451.0,0.0,0.0,4.0,0.0,0.0,24.1,2.0,4.998,0.0,0.0,1.826,1.964,0.1,74.8,0.0,0.0,0.0,,0.0,64.4,167.0,0.0,0.0,0.0,0.0,327.2,827.6,314.6,865.4,329.0,818.6,329.0,843.8,0.0,0.0,166.64,0.0,324.95,260.54999999999995,102.23999999999998,1.451833333333333,94033.69066666665,0.0,0.48,0.48,343.4,True,2026-08-14 08:27:13-07:00
926.06,2,10,2026-08-14 15:42:15,36.88894,-121.40335,223.0,0.0,109.8,-12.5,0.09,KCVH,0.4,308.4,0.0,11.4,-0.8,82.5,0.0,133.0,0.0,-0.01,1.0,99.0,-4.0,18.0,0.0,30.05,473.0,0.0,0.0,128.0,3500.0,0.0,0.0,129.0,0.0,0.0,5.0,2.0,0.0,0.0,0.0,0.0,0.0,0.0,0.0,0.0,0.0,0.0,0.0,0.0,0.0,0.0,0.0,0.0,0.0,75.0,0.0,0.0,30.1,0.0,0.0,0.0,24.0,0.0,0.0,9.1,0.0,0.0,-0.3,37.5,32.6,0.0,0.0,0.0,0.0,164.0,438.0,157.0,458.0,165.0,433.0,165.0,447.0,0.0,0.0,4.0,0.0,0.0,24.0,2.0,4.998,0.0,0.0,1.826,1.964,0.1,74.8,0.0,0.0,0.0,,0.0,64.4,167.0,0.0,0.0,0.0,0.0,327.2,820.4,314.6,856.4,329.0,811.4,329.0,836.6,0.0,0.0,166.64,0.0,324.95,260.54999999999995,102.23999999999998,1.451833333333333,94033.69066666665,0.0,0.48,0.48,343.4,True,2026-08-14 08:27:13-07:00
927.06,2,10,2026-08-14 15:42:16,36.88894,-121.40335,225.0,0.0,109.8,-12.5,0.09,KCVH,0.4,308.4,0.0,11.5,-0.8,82.4,0.0,133.0,0.0,-0.01,1.0,99.0,2.0,18.0,0.0,30.05,473.0,0.0,0.0,128.0,3500.0,0.0,0.0,129.0,0.0,0.0,5.0,2.0,0.0,0.0,0.0,0.0,0.0,0.0,0.0,0.0,0.0,0.0,0.0,0.0,0.0,0.0,0.0,0.0,0.0,75.0,0.0,0.0,30.1,0.0,0.0,0.0,23.9,0.0,0.0,9.1,0.0,0.0,-0.3,37.5,32.6,0.0,0.0,0.0,0.0,164.0,434.0,157.0,453.0,165.0,428.0,165.0,442.0,0.0,0.0,4.0,0.0,0.0,23.9,2.0,4.998,0.0,0.0,1.826,1.964,0.1,74.8,0.0,0.0,0.0,,0.0,64.4,167.0,0.0,0.0,0.0,0.0,327.2,813.2,314.6,847.4,329.0,802.4,329.0,827.6,0.0,0.0,166.64,0.0,324.95,260.54999999999995,102.23999999999998,1.451833333333333,94033.69066666665,0.0,0.48,0.48,343.4,True,2026-08-14 08:27:13-07:00
928.06,2,10,2026-08-14 15:42:17,36.88894,-121.40335,224.0,0.1,109.8,-12.5,0.09,KCVH,0.4,308.4,0.0,11.4,-0.8,82.4,0.0,133.0,0.1,-0.01,1.0,99.0,8.0,18.0,0.0,30.05,473.0,0.0,0.0,128.0,3500.0,0.0,0.0,129.0,0.0,0.0,5.0,2.0,0.0,0.0,0.0,0.0,0.0,0.0,0.0,0.0,0.0,0.0,0.0,0.0,0.0,0.0,0.0,0.0,0.0,75.0,0.0,0.0,30.1,0.0,0.0,0.0,23.8,0.0,0.0,9.1,0.0,0.0,-0.3,37.5,32.6,0.0,0.0,0.0,0.0,164.0,430.0,157.0,448.0,165.0,425.0,165.0,437.0,0.0,0.0,4.0,0.0,0.0,23.8,2.0,4.998,0.0,0.0,1.826,1.964,0.1,74.8,0.0,0.0,0.0,,0.0,64.4,167.0,0.0,0.0,0.0,0.0,327.2,806.0,314.6,838.4,329.0,797.0,329.0,818.6,0.0,0.0,166.64,0.0,324.95,260.54999999999995,102.23999999999998,1.451833333333333,94033.77499999998,0.0,0.48,0.48,343.4,True,2026-08-14 08:27:13-07:00
929.06,2,10,2026-08-14 15:42:18,36.88894,-121.40335,224.0,0.0,109.8,-12.5,0.09,KCVH,0.4,308.4,0.0,11.4,-0.8,82.4,0.0,133.0,0.0,-0.01,1.0,99.0,-6.0,18.0,0.0,30.05,473.0,0.0,0.0,128.0,3500.0,0.0,0.0,129.0,0.0,0.0,5.0,2.0,0.0,0.0,0.0,0.0,0.0,0.0,0.0,0.0,0.0,0.0,0.0,0.0,0.0,0.0,0.0,0.0,0.0,75.0,0.0,0.0,30.1,0.0,0.0,0.0,23.7,0.0,0.0,9.1,0.0,0.0,-0.3,37.5,32.6,0.0,0.0,0.0,0.0,164.0,427.0,157.0,443.0,165.0,422.0,165.0,433.0,0.0,0.0,4.0,0.0,0.0,23.7,2.0,4.998,0.0,0.0,1.826,1.964,0.0,74.8,0.0,0.0,0.0,,0.0,64.4,167.0,0.0,0.0,0.0,0.0,327.2,800.6,314.6,829.4,329.0,791.6,329.0,811.4,0.0,0.0,166.64,0.0,324.95,260.54999999999995,102.23999999999998,1.451833333333333,94033.85933333331,0.0,0.48,0.48,343.4,True,2026-08-14 08:27:13-07:00
930.06,2,10,2026-08-14 15:42:19,36.88894,-121.40335,225.0,0.1,109.8,-12.5,0.09,KCVH,0.4,308.4,0.0,11.5,-0.7,82.4,0.0,133.0,0.0,-0.01,1.0,99.0,0.0,18.0,0.0,30.05,473.0,0.0,0.0,128.0,3500.0,0.0,0.0,129.0,0.0,0.0,5.0,2.0,0.0,0.0,0.0,0.0,0.0,0.0,0.0,0.0,0.0,0.0,0.0,0.0,0.0,0.0,0.0,0.0,0.0,75.0,0.0,0.0,30.1,0.0,0.0,0.0,23.7,0.0,0.0,9.1,0.0,0.0,-0.3,37.5,32.6,0.0,0.0,0.0,0.0,164.0,422.0,157.0,440.0,165.0,417.0,165.0,428.0,0.0,0.0,4.0,0.0,0.0,23.7,2.0,4.998,0.0,0.0,1.826,1.964,0.0,74.8,0.0,0.0,0.0,,0.0,64.4,167.0,0.0,0.0,0.0,0.0,327.2,791.6,314.6,824.0,329.0,782.6,329.0,802.4,0.0,0.0,166.64,0.0,324.95,260.54999999999995,102.23999999999998,1.451833333333333,94033.94366666664,0.0,0.48,0.48,343.4,True,2026-08-14 08:27:13-07:00
931.06,2,10,2026-08-14 15:42:20,36.88894,-121.40335,225.0,0.1,109.8,-12.5,0.09,KCVH,0.4,308.4,0.0,11.5,-0.8,82.3,0.0,133.0,0.0,-0.01,1.0,99.0,2.0,18.0,0.0,30.05,473.0,0.0,0.0,128.0,3500.0,0.0,0.0,129.0,0.0,0.0,5.0,2.0,0.0,0.0,0.0,0.0,0.0,0.0,0.0,0.0,0.0,0.0,0.0,0.0,0.0,0.0,0.0,0.0,0.0,75.0,0.0,0.0,30.1,0.0,0.0,0.0,23.6,0.0,0.0,9.1,0.0,0.0,-0.3,37.5,32.6,0.0,0.0,0.0,0.0,164.0,419.0,157.0,435.0,165.0,414.0,165.0,424.0,0.0,0.0,4.0,0.0,0.0,23.6,2.0,4.998,0.0,0.0,1.826,1.964,0.0,74.7,0.0,0.0,0.0,,0.0,64.4,167.0,0.0,0.0,0.0,0.0,327.2,786.2,314.6,815.0,329.0,777.2,329.0,795.2,0.0,0.0,166.46,0.0,324.95,260.54999999999995,102.06,1.451833333333333,94034.11233333331,0.0,0.48,0.48,343.4,True,2026-08-14 08:27:13-07:00
932.06,2,10,2026-08-14 15:42:21,36.88894,-121.40335,225.0,0.1,109.8,-12.5,0.09,KCVH,0.4,308.4,0.0,11.4,-0.8,82.4,0.0,133.0,0.0,-0.01,1.0,99.0,-6.0,18.0,0.0,30.05,473.0,0.0,0.0,128.0,3500.0,0.0,0.0,129.0,0.0,0.0,5.0,2.0,0.0,0.0,0.0,0.0,0.0,0.0,0.0,0.0,0.0,0.0,0.0,0.0,0.0,0.0,0.0,0.0,0.0,75.0,0.0,0.0,30.1,0.0,0.0,0.0,23.5,0.0,0.0,9.1,0.0,0.0,-0.2,37.5,32.6,0.0,0.0,0.0,0.0,163.0,415.0,157.0,431.0,164.0,411.0,165.0,420.0,0.0,0.0,4.0,0.0,0.0,23.5,2.0,4.998,0.0,0.0,1.826,1.964,0.0,74.7,0.0,0.0,0.0,,0.0,64.4,167.0,0.0,0.0,0.0,0.0,325.4,779.0,314.6,807.8,327.2,771.8,329.0,788.0,0.0,0.0,166.46,0.0,324.05,259.65,102.06,1.451833333333333,94034.28099999997,0.0,0.48,0.48,343.4,True,2026-08-14 08:27:13-07:00
933.06,2,10,2026-08-14 15:42:22,36.88894,-121.40335,224.0,0.0,109.8,-12.5,0.09,KCVH,0.4,308.4,0.0,11.4,-0.7,82.4,0.0,133.0,0.0,-0.01,1.0,99.0,13.0,18.0,0.0,30.05,473.0,0.0,0.0,128.0,3500.0,0.0,0.0,129.0,0.0,0.0,5.0,2.0,0.0,0.0,0.0,0.0,0.0,0.0,0.0,0.0,0.0,0.0,0.0,0.0,0.0,0.0,0.0,0.0,0.0,75.0,0.0,0.0,30.1,0.0,0.0,0.0,23.5,0.0,0.0,9.1,0.0,0.0,-0.2,37.5,32.6,0.0,0.0,0.0,0.0,163.0,412.0,157.0,426.0,164.0,406.0,165.0,416.0,0.0,0.0,4.0,0.0,0.0,23.5,2.0,4.998,0.0,0.0,1.826,1.964,0.0,74.7,0.0,0.0,0.0,,0.0,64.4,167.0,0.0,0.0,0.0,0.0,325.4,773.6,314.6,798.8,327.2,762.8,329.0,780.8,0.0,0.0,166.46,0.0,324.05,259.65,102.06,1.451833333333333,94034.36533333332,0.0,0.48,0.48,343.4,True,2026-08-14 08:27:13-07:00
934.06,2,10,2026-08-14 15:42:23,36.88894,-121.40335,225.0,0.0,109.8,-12.5,0.09,KCVH,0.4,308.4,0.0,11.4,-0.8,82.4,0.0,133.0,0.0,-0.01,1.0,99.0,22.0,18.0,0.0,30.05,473.0,0.0,0.0,128.0,3500.0,0.0,0.0,129.0,0.0,0.0,5.0,2.0,0.0,0.0,0.0,0.0,0.0,0.0,0.0,0.0,0.0,0.0,0.0,0.0,0.0,0.0,0.0,0.0,0.0,75.0,0.0,0.0,30.1,0.0,0.0,0.0,23.4,0.0,0.0,9.1,0.0,0.0,-0.2,37.5,32.6,0.0,0.0,0.0,0.0,163.0,408.0,157.0,423.0,165.0,403.0,165.0,413.0,0.0,0.0,4.0,0.0,0.0,23.4,2.0,4.998,0.0,0.0,1.826,1.964,0.0,74.7,0.0,0.0,0.0,,0.0,64.4,167.0,0.0,0.0,0.0,0.0,325.4,766.4,314.6,793.4,329.0,757.4,329.0,775.4,0.0,0.0,166.46,0.0,324.5,260.1,102.06,1.451833333333333,94034.36533333332,0.0,0.48,0.48,343.4,True,2026-08-14 08:27:13-07:00
935.06,2,10,2026-08-14 15:42:24,36.88894,-121.40335,225.0,0.1,109.8,-12.5,0.09,KCVH,0.4,308.4,0.0,11.4,-0.8,82.5,0.0,134.0,0.0,-0.01,1.0,99.0,5.0,18.0,0.0,30.05,474.0,0.0,0.0,128.0,3500.0,0.0,0.0,129.0,0.0,0.0,5.0,2.0,0.0,0.0,0.0,0.0,0.0,0.0,0.0,0.0,0.0,0.0,0.0,0.0,0.0,0.0,0.0,0.0,0.0,75.0,0.0,0.0,30.1,0.0,0.0,0.0,23.3,0.0,0.0,9.1,0.0,0.0,-0.2,37.5,32.6,0.0,0.0,0.0,0.0,163.0,405.0,157.0,419.0,164.0,399.0,165.0,409.0,0.0,0.0,4.0,0.0,0.0,23.3,2.0,4.998,0.0,0.0,1.826,1.964,0.0,74.7,0.0,0.0,0.0,,0.0,64.4,167.0,0.0,0.0,0.0,0.0,325.4,761.0,314.6,786.2,327.2,750.2,329.0,768.2,0.0,0.0,166.46,0.0,324.05,259.65,102.06,1.451833333333333,94034.44966666665,0.0,0.48,0.48,343.4,True,2026-08-14 08:27:13-07:00
936.06,2,10,2026-08-14 15:42:25,36.88893,-121.40335,230.0,0.0,109.8,-12.5,0.09,KCVH,0.4,308.5,0.0,11.4,-0.8,82.5,0.0,134.0,0.0,-0.01,1.0,99.0,-2.0,18.0,0.0,30.05,474.0,0.0,0.0,128.0,3500.0,0.0,0.0,129.0,0.0,0.0,5.0,2.0,0.0,0.0,0.0,0.0,0.0,0.0,0.0,0.0,0.0,0.0,0.0,0.0,0.0,0.0,0.0,0.0,0.0,75.0,0.0,0.0,30.1,0.0,0.0,0.0,23.3,0.0,0.0,9.1,0.0,0.0,-0.2,37.5,32.6,0.0,0.0,0.0,0.0,163.0,402.0,157.0,416.0,164.0,396.0,165.0,406.0,0.0,0.0,4.0,0.0,0.0,23.3,2.0,4.998,0.0,0.0,1.826,1.964,0.0,74.7,0.0,0.0,0.0,,0.0,64.4,167.0,0.0,0.0,0.0,0.0,325.4,755.6,314.6,780.8,327.2,744.8,329.0,762.8,0.0,0.0,166.46,0.0,324.05,259.65,102.06,1.451833333333333,94034.53399999999,0.0,0.48,0.48,343.4,True,2026-08-14 08:27:13-07:00
937.06,2,10,2026-08-14 15:42:26,36.88893,-121.40335,230.0,0.0,109.8,-12.5,0.09,KCVH,0.4,308.5,0.0,11.4,-0.8,82.5,0.0,134.0,0.0,-0.01,1.0,99.0,-22.0,18.0,0.0,30.05,474.0,0.0,0.0,128.0,3500.0,0.0,0.0,129.0,0.0,0.0,5.0,2.0,0.0,0.0,0.0,0.0,0.0,0.0,0.0,0.0,0.0,0.0,0.0,0.0,0.0,0.0,0.0,0.0,0.0,75.0,0.0,0.0,30.1,0.0,0.0,0.0,23.2,0.0,0.0,9.1,0.0,0.0,-0.2,37.5,32.6,0.0,0.0,0.0,0.0,163.0,397.0,157.0,413.0,164.0,393.0,165.0,403.0,0.0,0.0,4.0,0.0,0.0,23.2,2.0,4.998,0.0,0.0,1.826,1.964,0.0,74.7,0.0,0.0,0.0,,0.0,64.4,167.0,0.0,0.0,0.0,0.0,325.4,746.6,314.6,775.4,327.2,739.4,329.0,757.4,0.0,0.0,166.46,0.0,324.05,259.65,102.06,1.451833333333333,94034.53399999999,0.0,0.48,0.48,343.4,True,2026-08-14 08:27:13-07:00
938.06,2,10,2026-08-14 15:42:27,36.88893,-121.40335,230.0,0.0,109.8,-12.5,0.09,KCVH,0.4,308.5,0.0,11.4,-0.7,82.5,0.0,134.0,0.1,-0.01,1.0,99.0,3.0,18.0,0.0,30.05,475.0,0.0,0.0,128.0,3500.0,0.0,0.0,129.0,0.0,0.0,5.0,2.0,0.0,0.0,0.0,0.0,0.0,0.0,0.0,0.0,0.0,0.0,0.0,0.0,0.0,0.0,0.0,0.0,0.0,75.0,0.0,0.0,30.1,0.0,0.0,0.0,23.1,0.0,0.0,9.1,0.0,0.0,-0.2,37.5,32.6,0.0,0.0,0.0,0.0,163.0,394.0,156.0,409.0,164.0,391.0,164.0,399.0,0.0,0.0,4.0,0.0,0.0,23.1,2.0,4.998,0.0,0.0,1.826,1.964,0.0,74.6,0.0,0.0,0.0,,0.0,64.4,167.0,0.0,0.0,0.0,0.0,325.4,741.2,312.8,768.2,327.2,735.8,327.2,750.2,0.0,0.0,166.28,0.0,323.15,258.75,101.88,1.451833333333333,94034.53399999999,0.0,0.48,0.48,343.4,True,2026-08-14 08:27:13-07:00
939.06,2,10,2026-08-14 15:42:28,36.88893,-121.40335,231.0,0.0,109.8,-12.5,0.09,KCVH,0.4,308.5,0.0,11.4,-0.7,82.5,0.0,134.0,0.1,-0.01,1.0,99.0,-14.0,18.0,0.0,30.05,475.0,0.0,0.0,128.0,3500.0,0.0,0.0,129.0,0.0,0.0,5.0,2.0,0.0,0.0,0.0,0.0,0.0,0.0,0.0,0.0,0.0,0.0,0.0,0.0,0.0,0.0,0.0,0.0,0.0,75.0,0.0,0.0,30.1,0.0,0.0,0.0,23.1,0.0,0.0,9.1,0.0,0.0,-0.2,37.5,32.6,0.0,0.0,0.0,0.0,163.0,392.0,156.0,406.0,164.0,388.0,164.0,396.0,0.0,0.0,4.0,0.0,0.0,23.1,2.0,4.998,0.0,0.0,1.826,1.964,0.0,74.6,0.0,0.0,0.0,,0.0,64.4,167.0,0.0,0.0,0.0,0.0,325.4,737.6,312.8,762.8,327.2,730.4,327.2,744.8,0.0,0.0,166.28,0.0,323.15,258.75,101.88,1.451833333333333,94034.53399999999,0.0,0.48,0.48,343.4,True,2026-08-14 08:27:13-07:00
940.06,2,10,2026-08-14 15:42:29,36.88893,-121.40335,231.0,0.0,109.8,-12.5,0.09,KCVH,0.4,308.5,0.0,11.4,-0.7,82.5,0.0,134.0,0.1,-0.01,1.0,99.0,13.0,18.0,0.0,30.05,475.0,0.0,0.0,128.0,3500.0,0.0,0.0,129.0,0.0,0.0,5.0,2.0,0.0,0.0,0.0,0.0,0.0,0.0,0.0,0.0,0.0,0.0,0.0,0.0,0.0,0.0,0.0,0.0,0.0,75.0,0.0,0.0,30.1,0.0,0.0,0.0,23.0,0.0,0.0,9.1,0.0,0.0,-0.2,37.5,32.6,0.0,0.0,0.0,0.0,163.0,389.0,156.0,403.0,164.0,385.0,164.0,393.0,0.0,0.0,4.0,0.0,0.0,23.0,2.0,4.998,0.0,0.0,1.826,1.964,0.0,74.6,0.0,0.0,0.0,,0.0,64.4,167.0,0.0,0.0,0.0,0.0,325.4,732.2,312.8,757.4,327.2,725.0,327.2,739.4,0.0,0.0,166.28,0.0,323.15,258.75,101.88,1.451833333333333,94034.53399999999,0.0,0.48,0.48,343.4,True,2026-08-14 08:27:13-07:00
941.06,2,10,2026-08-14 15:42:30,36.88893,-121.40335,231.0,0.1,109.8,-12.5,0.09,KCVH,0.4,308.5,0.0,11.4,-0.8,82.5,0.0,134.0,0.1,-0.01,1.0,99.0,11.0,18.0,0.0,30.05,475.0,0.0,0.0,128.0,3500.0,0.0,0.0,129.0,0.0,0.0,5.0,2.0,0.0,0.0,0.0,0.0,0.0,0.0,0.0,0.0,0.0,0.0,0.0,0.0,0.0,0.0,0.0,0.0,0.0,75.0,0.0,0.0,30.1,0.0,0.0,0.0,22.9,0.0,0.0,9.1,0.0,0.0,-0.2,37.5,32.6,0.0,0.0,0.0,0.0,163.0,386.0,156.0,399.0,164.0,382.0,164.0,390.0,0.0,0.0,4.0,0.0,0.0,22.9,2.0,4.998,0.0,0.0,1.826,1.964,0.0,74.6,0.0,0.0,0.0,,0.0,64.4,167.0,0.0,0.0,0.0,0.0,325.4,726.8,312.8,750.2,327.2,719.6,327.2,734.0,0.0,0.0,166.28,0.0,323.15,258.75,101.88,1.451833333333333,94034.61833333332,0.0,0.48,0.48,343.4,True,2026-08-14 08:27:13-07:00
942.06,2,10,2026-08-14 15:42:31,36.88893,-121.40335,231.0,0.0,109.8,-12.5,0.09,KCVH,0.4,308.5,0.0,11.4,-0.8,82.4,0.0,134.0,0.1,-0.01,1.0,99.0,-2.0,18.0,0.0,30.05,475.0,0.0,0.0,128.0,3500.0,0.0,0.0,129.0,0.0,0.0,5.0,2.0,0.0,0.0,0.0,0.0,0.0,0.0,0.0,0.0,0.0,0.0,0.0,0.0,0.0,0.0,0.0,0.0,0.0,75.0,0.0,0.0,30.1,0.0,0.0,0.0,22.9,0.0,0.0,9.1,0.0,0.0,-0.2,37.5,32.6,0.0,0.0,0.0,0.0,163.0,383.0,156.0,396.0,164.0,379.0,164.0,387.0,0.0,0.0,4.0,0.0,0.0,22.9,2.0,4.998,0.0,0.0,1.826,1.964,0.0,74.6,0.0,0.0,0.0,,0.0,64.4,167.0,0.0,0.0,0.0,0.0,325.4,721.4,312.8,744.8,327.2,714.2,327.2,728.6,0.0,0.0,166.28,0.0,323.15,258.75,101.88,1.451833333333333,94034.70266666665,0.0,0.48,0.48,343.4,True,2026-08-14 08:27:13-07:00
943.06,2,10,2026-08-14 15:42:32,36.88893,-121.40335,231.0,0.0,109.8,-12.5,0.09,KCVH,0.4,308.5,0.0,11.5,-0.7,82.4,0.0,134.0,0.0,-0.01,1.0,99.0,-21.0,18.0,0.0,30.05,475.0,0.0,0.0,128.0,3500.0,0.0,0.0,129.0,0.0,0.0,5.0,2.0,0.0,0.0,0.0,0.0,0.0,0.0,0.0,0.0,0.0,0.0,0.0,0.0,0.0,0.0,0.0,0.0,0.0,75.0,0.0,0.0,30.1,0.0,0.0,0.0,22.8,0.0,0.0,9.1,0.0,0.0,-0.2,37.5,32.6,0.0,0.0,0.0,0.0,163.0,380.0,156.0,393.0,164.0,377.0,164.0,384.0,0.0,0.0,4.0,0.0,0.0,22.8,2.0,4.998,0.0,0.0,1.826,1.964,0.0,74.6,0.0,0.0,0.0,,0.0,64.4,167.0,0.0,0.0,0.0,0.0,325.4,716.0,312.8,739.4,327.2,710.6,327.2,723.2,0.0,0.0,166.28,0.0,323.15,258.75,101.88,1.451833333333333,94034.70266666665,0.0,0.48,0.48,343.4,True,2026-08-14 08:27:13-07:00
944.06,2,10,2026-08-14 15:42:33,36.88893,-121.40335,231.0,0.1,109.8,-12.5,0.09,KCVH,0.4,308.5,0.0,11.5,-0.7,82.4,0.0,134.0,0.1,-0.01,1.0,99.0,-6.0,18.0,0.0,30.05,475.0,0.0,0.0,128.0,3500.0,0.0,0.0,129.0,0.0,0.0,5.0,2.0,0.0,0.0,0.0,0.0,0.0,0.0,0.0,0.0,0.0,0.0,0.0,0.0,0.0,0.0,0.0,0.0,0.0,75.0,0.0,0.0,30.1,0.0,0.0,0.0,22.7,0.0,0.0,9.1,0.0,0.0,-0.2,37.5,32.6,0.0,0.0,0.0,0.0,163.0,377.0,156.0,390.0,164.0,373.0,164.0,381.0,0.0,0.0,4.0,0.0,0.0,22.7,2.0,4.998,0.0,0.0,1.826,1.964,0.0,74.5,0.0,0.0,0.0,,0.0,64.4,167.0,0.0,0.0,0.0,0.0,325.4,710.6,312.8,734.0,327.2,703.4,327.2,717.8,0.0,0.0,166.1,0.0,323.15,258.75,101.69999999999999,1.451833333333333,94034.78699999998,0.0,0.48,0.48,343.4,True,2026-08-14 08:27:13-07:00
945.06,2,10,2026-08-14 15:42:34,36.88893,-121.40335,231.0,0.0,109.8,-12.5,0.09,KCVH,0.4,308.5,0.0,11.5,-0.7,82.3,0.0,134.0,0.0,-0.01,1.0,99.0,10.0,18.0,0.0,30.05,475.0,0.0,0.0,128.0,3500.0,0.0,0.0,129.0,0.0,0.0,5.0,2.0,0.0,0.0,0.0,0.0,0.0,0.0,0.0,0.0,0.0,0.0,0.0,0.0,0.0,0.0,0.0,0.0,0.0,75.0,0.0,0.0,30.1,0.0,0.0,0.0,22.7,0.0,0.0,9.1,0.0,0.0,-0.2,37.5,32.6,0.0,0.0,0.0,0.0,162.0,375.0,156.0,387.0,164.0,371.0,164.0,378.0,0.0,0.0,4.0,0.0,0.0,22.7,2.0,4.998,0.0,0.0,1.826,1.964,0.0,74.5,0.0,0.0,0.0,,0.0,64.4,167.0,0.0,0.0,0.0,0.0,323.6,707.0,312.8,728.6,327.2,699.8,327.2,712.4,0.0,0.0,166.1,0.0,322.70000000000005,258.30000000000007,101.69999999999999,1.451833333333333,94034.87133333331,0.0,0.48,0.48,343.4,True,2026-08-14 08:27:13-07:00
946.06,2,10,2026-08-14 15:42:35,36.88893,-121.40335,231.0,0.0,109.8,-12.5,0.09,KCVH,0.4,308.5,0.0,11.5,-0.8,82.3,0.0,134.0,0.0,-0.01,1.0,99.0,-24.0,18.0,0.0,30.05,475.0,0.0,0.0,128.0,3500.0,0.0,0.0,129.0,0.0,0.0,5.0,2.0,0.0,0.0,0.0,0.0,0.0,0.0,0.0,0.0,0.0,0.0,0.0,0.0,0.0,0.0,0.0,0.0,0.0,75.0,0.0,0.0,30.1,0.0,0.0,0.0,22.6,0.0,0.0,9.1,0.0,0.0,-0.2,37.5,32.6,0.0,0.0,0.0,0.0,162.0,372.0,156.0,384.0,163.0,370.0,163.0,375.0,0.0,0.0,4.0,0.0,0.0,22.6,2.0,4.998,0.0,0.0,1.826,1.964,0.0,74.5,0.0,0.0,0.0,,0.0,64.4,167.0,0.0,0.0,0.0,0.0,323.6,701.6,312.8,723.2,325.4,698.0,325.4,707.0,0.0,0.0,166.1,0.0,321.79999999999995,257.4,101.69999999999999,1.451833333333333,94034.87133333331,0.0,0.48,0.48,343.4,True,2026-08-14 08:27:13-07:00
947.06,2,10,2026-08-14 15:42:36,36.88893,-121.40334,231.0,0.0,109.8,-12.5,0.09,KCVH,0.4,308.5,0.0,11.5,-0.8,82.2,0.0,134.0,0.0,-0.01,1.0,99.0,-18.0,18.0,0.0,30.05,485.0,0.0,0.0,128.0,3500.0,0.0,0.0,129.0,0.0,0.0,5.0,2.0,0.0,0.0,0.0,0.0,0.0,0.0,0.0,0.0,0.0,0.0,0.0,0.0,0.0,0.0,0.0,0.0,0.0,74.0,0.0,0.0,30.1,0.0,0.0,0.0,22.5,0.0,0.0,9.1,0.0,0.0,-0.2,37.5,32.6,0.0,0.0,0.0,0.0,162.0,369.0,156.0,382.0,163.0,368.0,163.0,373.0,0.0,0.0,4.0,0.0,0.0,22.5,2.0,4.998,0.0,0.0,1.826,1.964,0.0,74.5,0.0,0.0,0.0,,0.0,64.4,165.2,0.0,0.0,0.0,0.0,323.6,696.2,312.8,719.6,325.4,694.4,325.4,703.4,0.0,0.0,166.1,0.0,321.79999999999995,257.4,101.69999999999999,1.451833333333333,94034.87133333331,0.0,0.48,0.48,343.4,True,2026-08-14 08:27:13-07:00
948.06,2,10,2026-08-14 15:42:37,36.88893,-121.40334,231.0,0.1,109.8,-12.5,0.09,KCVH,0.4,308.5,0.0,11.5,-0.8,82.2,0.0,134.0,0.0,-0.01,1.0,99.0,1.0,18.0,0.0,30.05,484.0,0.0,0.0,128.0,3500.0,0.0,0.0,129.0,0.0,0.0,5.0,2.0,0.0,0.0,0.0,0.0,0.0,0.0,0.0,0.0,0.0,0.0,0.0,0.0,0.0,0.0,0.0,0.0,0.0,74.0,0.0,0.0,30.1,0.0,0.0,0.0,22.4,0.0,0.0,9.1,0.0,0.0,-0.2,37.5,32.6,0.0,0.0,0.0,0.0,162.0,366.0,156.0,379.0,163.0,365.0,163.0,370.0,0.0,0.0,4.0,0.0,0.0,22.4,2.0,4.998,0.0,0.0,1.826,1.964,0.0,74.5,0.0,0.0,0.0,,0.0,64.4,165.2,0.0,0.0,0.0,0.0,323.6,690.8,312.8,714.2,325.4,689.0,325.4,698.0,0.0,0.0,166.1,0.0,321.79999999999995,257.4,101.69999999999999,1.451833333333333,94034.95566666665,0.0,0.48,0.48,343.4,True,2026-08-14 08:27:13-07:00
949.06,2,10,2026-08-14 15:42:38,36.88893,-121.40334,231.0,0.0,109.8,-12.5,0.09,KCVH,0.4,308.5,0.0,11.5,-0.8,82.1,0.0,134.0,0.0,-0.01,1.0,99.0,-17.0,18.0,0.0,30.05,484.0,0.0,0.0,128.0,3500.0,0.0,0.0,129.0,0.0,0.0,5.0,2.0,0.0,0.0,0.0,0.0,0.0,0.0,0.0,0.0,0.0,0.0,0.0,0.0,0.0,0.0,0.0,0.0,0.0,74.0,0.0,0.0,30.1,0.0,0.0,0.0,22.4,0.0,0.0,9.1,0.0,0.0,-0.2,37.5,32.6,0.0,0.0,0.0,0.0,162.0,365.0,156.0,377.0,163.0,362.0,163.0,368.0,0.0,0.0,4.0,0.0,0.0,22.4,2.0,4.998,0.0,0.0,1.826,1.964,0.0,74.5,0.0,0.0,0.0,,0.0,64.4,165.2,0.0,0.0,0.0,0.0,323.6,689.0,312.8,710.6,325.4,683.6,325.4,694.4,0.0,0.0,166.1,0.0,321.79999999999995,257.4,101.69999999999999,1.451833333333333,94035.03999999998,0.0,0.48,0.48,343.4,True,2026-08-14 08:27:13-07:00
950.06,2,10,2026-08-14 15:42:39,36.88893,-121.40334,231.0,0.0,109.8,-12.5,0.09,KCVH,0.4,308.5,0.0,11.5,-0.8,82.1,0.0,134.0,0.0,-0.01,1.0,99.0,-8.0,18.0,0.0,30.05,484.0,0.0,0.0,128.0,3500.0,0.0,0.0,129.0,0.0,0.0,5.0,2.0,0.0,0.0,0.0,0.0,0.0,0.0,0.0,0.0,0.0,0.0,0.0,0.0,0.0,0.0,0.0,0.0,0.0,74.0,0.0,0.0,30.1,0.0,0.0,0.0,22.3,0.0,0.0,9.1,0.0,0.0,-0.2,37.5,32.6,0.0,0.0,0.0,0.0,162.0,363.0,156.0,375.0,163.0,360.0,163.0,365.0,0.0,0.0,4.0,0.0,0.0,22.3,2.0,4.998,0.0,0.0,1.826,1.963,0.0,74.5,0.0,0.0,0.0,,0.0,64.4,165.2,0.0,0.0,0.0,0.0,323.6,685.4,312.8,707.0,325.4,680.0,325.4,689.0,0.0,0.0,166.1,0.0,321.79999999999995,257.4,101.69999999999999,1.451833333333333,94035.03999999998,0.0,0.48,0.48,343.4,True,2026-08-14 08:27:13-07:00
951.06,2,10,2026-08-14 15:42:40,36.88893,-121.40335,233.0,0.0,109.8,-12.5,0.09,KCVH,0.4,308.5,0.0,11.5,-0.8,82.1,0.0,134.0,0.0,-0.01,1.0,99.0,22.0,18.0,0.0,30.05,485.0,0.0,0.0,128.0,3500.0,0.0,0.0,129.0,0.0,0.0,5.0,2.0,0.0,0.0,0.0,0.0,0.0,0.0,0.0,0.0,0.0,0.0,0.0,0.0,0.0,0.0,0.0,0.0,0.0,74.0,0.0,0.0,30.1,0.0,0.0,0.0,22.2,0.0,0.0,9.1,0.0,0.0,-0.2,37.5,32.6,0.0,0.0,0.0,0.0,162.0,361.0,156.0,371.0,163.0,358.0,163.0,363.0,0.0,0.0,4.0,0.0,0.0,22.2,2.0,4.998,0.0,0.0,1.826,1.964,0.0,74.4,0.0,0.0,0.0,,0.0,64.4,165.2,0.0,0.0,0.0,0.0,323.6,681.8,312.8,699.8,325.4,676.4,325.4,685.4,0.0,0.0,165.92000000000002,0.0,321.79999999999995,257.4,101.52000000000001,1.451833333333333,94035.03999999998,0.0,0.48,0.48,343.4,True,2026-08-14 08:27:13-07:00
952.06,2,10,2026-08-14 15:42:41,36.88893,-121.40335,232.0,0.0,109.8,-12.5,0.09,KCVH,0.4,308.5,0.0,11.5,-0.8,82.2,0.0,134.0,0.0,-0.01,1.0,99.0,22.0,18.0,0.0,30.05,485.0,0.0,0.0,128.0,3500.0,0.0,0.0,129.0,0.0,0.0,5.0,2.0,0.0,0.0,0.0,0.0,0.0,0.0,0.0,0.0,0.0,0.0,0.0,0.0,0.0,0.0,0.0,0.0,0.0,74.0,0.0,0.0,30.1,0.0,0.0,0.0,22.2,0.0,0.0,9.1,0.0,0.0,-0.2,37.5,32.6,0.0,0.0,0.0,0.0,162.0,359.0,156.0,369.0,163.0,356.0,163.0,361.0,0.0,0.0,4.0,0.0,0.0,22.2,2.0,4.998,0.0,0.0,1.826,1.963,0.0,74.4,0.0,0.0,0.0,,0.0,64.4,165.2,0.0,0.0,0.0,0.0,323.6,678.2,312.8,696.2,325.4,672.8,325.4,681.8,0.0,0.0,165.92000000000002,0.0,321.79999999999995,257.4,101.52000000000001,1.451833333333333,94035.03999999998,0.0,0.48,0.48,343.4,True,2026-08-14 08:27:13-07:00
953.06,2,10,2026-08-14 15:42:42,36.88893,-121.40335,233.0,0.0,109.8,-12.5,0.09,KCVH,0.4,308.5,0.0,11.5,-0.8,82.2,0.0,134.0,0.1,-0.01,1.0,99.0,13.0,18.0,0.0,30.05,485.0,0.0,0.0,128.0,3500.0,0.0,0.0,129.0,0.0,0.0,5.0,2.0,0.0,0.0,0.0,0.0,0.0,0.0,0.0,0.0,0.0,0.0,0.0,0.0,0.0,0.0,0.0,0.0,0.0,74.0,0.0,0.0,30.1,0.0,0.0,0.0,22.1,0.0,0.0,9.1,0.0,0.0,-0.2,37.5,32.6,0.0,0.0,0.0,0.0,162.0,357.0,156.0,367.0,163.0,354.0,163.0,358.0,0.0,0.0,4.0,0.0,0.0,22.1,2.0,4.998,0.0,0.0,1.826,1.964,0.0,74.4,0.0,0.0,0.0,,0.0,64.4,165.2,0.0,0.0,0.0,0.0,323.6,674.6,312.8,692.6,325.4,669.2,325.4,676.4,0.0,0.0,165.92000000000002,0.0,321.79999999999995,257.4,101.52000000000001,1.451833333333333,94035.03999999998,0.0,0.48,0.48,343.4,True,2026-08-14 08:27:13-07:00
954.06,2,10,2026-08-14 15:42:43,36.88893,-121.40335,233.0,0.0,109.8,-12.5,0.09,KCVH,0.4,308.5,0.0,11.5,-0.8,82.1,0.0,134.0,0.0,-0.01,1.0,99.0,-2.0,18.0,0.0,30.05,485.0,0.0,0.0,128.0,3500.0,0.0,0.0,129.0,0.0,0.0,5.0,2.0,0.0,0.0,0.0,0.0,0.0,0.0,0.0,0.0,0.0,0.0,0.0,0.0,0.0,0.0,0.0,0.0,0.0,74.0,0.0,0.0,30.1,0.0,0.0,0.0,22.1,0.0,0.0,9.1,0.0,0.0,-0.2,37.5,32.6,0.0,0.0,0.0,0.0,162.0,355.0,156.0,364.0,163.0,352.0,163.0,356.0,0.0,0.0,4.0,0.0,0.0,22.1,2.0,4.998,0.0,0.0,1.826,1.964,0.0,74.4,0.0,0.0,0.0,,0.0,64.4,165.2,0.0,0.0,0.0,0.0,323.6,671.0,312.8,687.2,325.4,665.6,325.4,672.8,0.0,0.0,165.92000000000002,0.0,321.79999999999995,257.4,101.52000000000001,1.451833333333333,94035.03999999998,0.0,0.48,0.48,343.4,True,2026-08-14 08:27:13-07:00
955.06,2,10,2026-08-14 15:42:44,36.88893,-121.40335,233.0,0.0,109.8,-12.5,0.09,KCVH,0.4,308.5,0.0,11.5,-0.8,82.1,0.0,134.0,0.0,-0.01,1.0,99.0,-15.0,18.0,0.0,30.05,485.0,0.0,0.0,128.0,3500.0,0.0,0.0,129.0,0.0,0.0,5.0,2.0,0.0,0.0,0.0,0.0,0.0,0.0,0.0,0.0,0.0,0.0,0.0,0.0,0.0,0.0,0.0,0.0,0.0,74.0,0.0,0.0,30.1,0.0,0.0,0.0,22.0,0.0,0.0,9.1,0.0,0.0,-0.2,37.5,32.6,0.0,0.0,0.0,0.0,162.0,354.0,155.0,362.0,163.0,349.0,163.0,354.0,0.0,0.0,4.0,0.0,0.0,22.0,2.0,4.998,0.0,0.0,1.826,1.964,0.0,74.4,0.0,0.0,0.0,,0.0,64.4,165.2,0.0,0.0,0.0,0.0,323.6,669.2,311.0,683.6,325.4,660.2,325.4,669.2,0.0,0.0,165.92000000000002,0.0,321.35,256.95000000000005,101.52000000000001,1.451833333333333,94035.03999999998,0.0,0.48,0.48,343.4,True,2026-08-14 08:27:13-07:00
956.06,2,10,2026-08-14 15:42:45,36.88893,-121.40335,233.0,0.0,109.8,-12.5,0.09,KCVH,0.4,308.5,0.0,11.5,-0.8,82.1,0.0,134.0,0.0,-0.01,1.0,99.0,-20.0,18.0,0.0,30.05,485.0,0.0,0.0,128.0,3500.0,0.0,0.0,129.0,0.0,0.0,5.0,2.0,0.0,0.0,0.0,0.0,0.0,0.0,0.0,0.0,0.0,0.0,0.0,0.0,0.0,0.0,0.0,0.0,0.0,74.0,0.0,0.0,30.1,0.0,0.0,0.0,22.0,0.0,0.0,9.1,0.0,0.0,-0.1,37.5,32.6,0.0,0.0,0.0,0.0,162.0,352.0,155.0,361.0,163.0,347.0,163.0,352.0,0.0,0.0,4.0,0.0,0.0,22.0,2.0,4.998,0.0,0.0,1.826,1.964,0.0,74.4,0.0,0.0,0.0,,0.0,64.4,165.2,0.0,0.0,0.0,0.0,323.6,665.6,311.0,681.8,325.4,656.6,325.4,665.6,0.0,0.0,165.92000000000002,0.0,321.35,256.95000000000005,101.52000000000001,1.451833333333333,94035.03999999998,0.0,0.48,0.48,343.4,True,2026-08-14 08:27:13-07:00
957.06,2,10,2026-08-14 15:42:46,36.88893,-121.40335,232.0,0.0,109.8,-12.5,0.09,KCVH,0.4,308.5,0.0,11.5,-0.8,82.2,0.0,134.0,0.0,-0.01,1.0,99.0,-17.0,18.0,0.0,30.05,485.0,0.0,0.0,128.0,3500.0,0.0,0.0,129.0,0.0,0.0,5.0,2.0,0.0,0.0,0.0,0.0,0.0,0.0,0.0,0.0,0.0,0.0,0.0,0.0,0.0,0.0,0.0,0.0,0.0,74.0,0.0,0.0,30.1,0.0,0.0,0.0,21.9,0.0,0.0,9.1,0.0,0.0,-0.1,37.5,32.6,0.0,0.0,0.0,0.0,161.0,350.0,155.0,358.0,163.0,345.0,162.0,350.0,0.0,0.0,4.0,0.0,0.0,21.9,2.0,4.998,0.0,0.0,1.826,1.964,0.0,74.4,0.0,0.0,0.0,,0.0,64.4,165.2,0.0,0.0,0.0,0.0,321.8,662.0,311.0,676.4,325.4,653.0,323.6,662.0,0.0,0.0,165.92000000000002,0.0,320.45,256.04999999999995,101.52000000000001,1.451833333333333,94035.03999999998,0.0,0.48,0.48,343.4,True,2026-08-14 08:27:13-07:00
958.06,2,10,2026-08-14 15:42:47,36.88893,-121.40335,233.0,0.1,109.8,-12.5,0.09,KCVH,0.4,308.5,0.0,11.5,-0.7,82.2,0.0,134.0,0.0,-0.01,1.0,99.0,4.0,18.0,0.0,30.05,485.0,0.0,0.0,128.0,3500.0,0.0,0.0,129.0,0.0,0.0,5.0,2.0,0.0,0.0,0.0,0.0,0.0,0.0,0.0,0.0,0.0,0.0,0.0,0.0,0.0,0.0,0.0,0.0,0.0,74.0,0.0,0.0,30.1,0.0,0.0,0.0,21.8,0.0,0.0,9.1,0.0,0.0,-0.1,37.5,32.6,0.0,0.0,0.0,0.0,161.0,348.0,155.0,356.0,163.0,343.0,162.0,348.0,0.0,0.0,4.0,0.0,0.0,21.8,2.0,4.998,0.0,0.0,1.826,1.963,0.0,74.3,0.0,0.0,0.0,,0.0,64.4,165.2,0.0,0.0,0.0,0.0,321.8,658.4,311.0,672.8,325.4,649.4,323.6,658.4,0.0,0.0,165.73999999999998,0.0,320.45,256.04999999999995,101.33999999999997,1.451833333333333,94035.12433333331,0.0,0.48,0.48,343.4,True,2026-08-14 08:27:13-07:00
959.06,2,10,2026-08-14 15:42:48,36.88893,-121.40334,232.0,0.0,109.8,-12.5,0.09,KCVH,0.4,308.5,0.0,11.4,-0.8,82.2,0.0,134.0,0.0,-0.01,1.0,99.0,8.0,18.0,0.0,30.05,485.0,0.0,0.0,128.0,3500.0,0.0,0.0,129.0,0.0,0.0,5.0,2.0,0.0,0.0,0.0,0.0,0.0,0.0,0.0,0.0,0.0,0.0,0.0,0.0,0.0,0.0,0.0,0.0,0.0,74.0,0.0,0.0,30.1,0.0,0.0,0.0,21.8,0.0,0.0,9.1,0.0,0.0,-0.1,37.5,32.6,0.0,0.0,0.0,0.0,161.0,345.0,155.0,354.0,163.0,341.0,162.0,346.0,0.0,0.0,4.0,0.0,0.0,21.8,2.0,4.998,0.0,0.0,1.826,1.964,0.0,74.3,0.0,0.0,0.0,,0.0,64.4,165.2,0.0,0.0,0.0,0.0,321.8,653.0,311.0,669.2,325.4,645.8,323.6,654.8,0.0,0.0,165.73999999999998,0.0,320.45,256.04999999999995,101.33999999999997,1.451833333333333,94035.20866666664,0.0,0.48,0.48,343.4,True,2026-08-14 08:27:13-07:00
960.06,2,10,2026-08-14 15:42:49,36.88893,-121.40334,232.0,0.1,109.8,-12.5,0.09,KCVH,0.4,308.5,0.0,11.5,-0.8,82.2,0.0,134.0,0.0,-0.01,1.0,99.0,18.0,18.0,0.0,30.05,485.0,0.0,0.0,128.0,3500.0,0.0,0.0,129.0,0.0,0.0,5.0,2.0,0.0,0.0,0.0,0.0,0.0,0.0,0.0,0.0,0.0,0.0,0.0,0.0,0.0,0.0,0.0,0.0,0.0,74.0,0.0,0.0,30.1,0.0,0.0,0.0,21.7,0.0,0.0,9.1,0.0,0.0,-0.1,37.5,32.6,0.0,0.0,0.0,0.0,161.0,343.0,155.0,352.0,162.0,339.0,162.0,344.0,0.0,0.0,4.0,0.0,0.0,21.7,2.0,4.998,0.0,0.0,1.826,1.964,0.0,74.3,0.0,0.0,0.0,,0.0,64.4,165.2,0.0,0.0,0.0,0.0,321.8,649.4,311.0,665.6,323.6,642.2,323.6,651.2,0.0,0.0,165.73999999999998,0.0,320.0,255.6,101.33999999999997,1.451833333333333,94035.29299999998,0.0,0.48,0.48,343.4,True,2026-08-14 08:27:13-07:00
961.06,2,10,2026-08-14 15:42:50,36.88893,-121.40334,232.0,0.0,109.8,-12.5,0.09,KCVH,0.4,308.5,0.0,11.5,-0.8,82.2,0.0,134.0,0.0,-0.01,1.0,99.0,15.0,18.0,0.0,30.05,485.0,0.0,0.0,128.0,3500.0,0.0,0.0,129.0,0.0,0.0,5.0,2.0,0.0,0.0,0.0,0.0,0.0,0.0,0.0,0.0,0.0,0.0,0.0,0.0,0.0,0.0,0.0,0.0,0.0,74.0,0.0,0.0,30.1,0.0,0.0,0.0,21.7,0.0,0.0,9.1,0.0,0.0,-0.1,37.5,32.6,0.0,0.0,0.0,0.0,161.0,341.0,155.0,351.0,163.0,337.0,162.0,342.0,0.0,0.0,4.0,0.0,0.0,21.7,2.0,4.998,0.0,0.0,1.826,1.963,0.0,74.3,0.0,0.0,0.0,,0.0,64.4,165.2,0.0,0.0,0.0,0.0,321.8,645.8,311.0,663.8,325.4,638.6,323.6,647.6,0.0,0.0,165.73999999999998,0.0,320.45,256.04999999999995,101.33999999999997,1.451833333333333,94035.37733333331,0.0,0.48,0.48,343.4,True,2026-08-14 08:27:13-07:00
962.06,2,10,2026-08-14 15:42:51,36.88893,-121.40334,232.0,0.0,109.8,-12.5,0.09,KCVH,0.4,308.5,0.0,11.5,-0.8,82.2,0.0,134.0,0.1,-0.01,1.0,99.0,-5.0,18.0,0.0,30.05,485.0,0.0,0.0,128.0,3500.0,0.0,0.0,129.0,0.0,0.0,5.0,2.0,0.0,0.0,0.0,0.0,0.0,0.0,0.0,0.0,0.0,0.0,0.0,0.0,0.0,0.0,0.0,0.0,0.0,74.0,0.0,0.0,30.1,0.0,0.0,0.0,21.6,0.0,0.0,9.1,0.0,0.0,-0.1,37.5,32.6,0.0,0.0,0.0,0.0,161.0,339.0,155.0,348.0,163.0,335.0,162.0,340.0,0.0,0.0,4.0,0.0,0.0,21.6,2.0,4.998,0.0,0.0,1.826,1.964,0.0,74.3,0.0,0.0,0.0,,0.0,64.4,165.2,0.0,0.0,0.0,0.0,321.8,642.2,311.0,658.4,325.4,635.0,323.6,644.0,0.0,0.0,165.73999999999998,0.0,320.45,256.04999999999995,101.33999999999997,1.451833333333333,94035.37733333331,0.0,0.48,0.48,343.4,True,2026-08-14 08:27:13-07:00
963.06,2,10,2026-08-14 15:42:52,36.88893,-121.40335,234.0,0.0,109.8,-12.5,0.09,KCVH,0.4,308.5,0.0,11.5,-0.8,82.2,0.0,134.0,0.1,-0.01,1.0,99.0,-24.0,18.0,0.0,30.05,485.0,0.0,0.0,128.0,3500.0,0.0,0.0,129.0,0.0,0.0,5.0,2.0,0.0,0.0,0.0,0.0,0.0,0.0,0.0,0.0,0.0,0.0,0.0,0.0,0.0,0.0,0.0,0.0,0.0,74.0,0.0,0.0,30.1,0.0,0.0,0.0,21.6,0.0,0.0,9.1,0.0,0.0,-0.1,37.5,32.6,0.0,0.0,0.0,0.0,161.0,338.0,155.0,346.0,162.0,334.0,162.0,338.0,0.0,0.0,4.0,0.0,0.0,21.6,2.0,4.998,0.0,0.0,1.826,1.964,0.0,74.3,0.0,0.0,0.0,,0.0,64.4,165.2,0.0,0.0,0.0,0.0,321.8,640.4,311.0,654.8,323.6,633.2,323.6,640.4,0.0,0.0,165.73999999999998,0.0,320.0,255.6,101.33999999999997,1.451833333333333,94035.37733333331,0.0,0.48,0.48,343.4,True,2026-08-14 08:27:13-07:00
964.06,2,10,2026-08-14 15:42:53,36.88894,-121.40335,234.0,0.0,109.8,-12.5,0.09,KCVH,0.4,308.4,0.0,11.5,-0.8,82.2,0.0,134.0,0.1,-0.01,1.0,99.0,-19.0,18.0,0.0,30.05,485.0,0.0,0.0,128.0,3500.0,0.0,0.0,129.0,0.0,0.0,5.0,2.0,0.0,0.0,0.0,0.0,0.0,0.0,0.0,0.0,0.0,0.0,0.0,0.0,0.0,0.0,0.0,0.0,0.0,74.0,0.0,0.0,30.1,0.0,0.0,0.0,21.5,0.0,0.0,9.1,0.0,0.0,-0.2,37.5,32.6,0.0,0.0,0.0,0.0,161.0,337.0,155.0,344.0,162.0,332.0,162.0,336.0,0.0,0.0,4.0,0.0,0.0,21.5,2.0,4.998,0.0,0.0,1.826,1.963,0.0,74.3,0.0,0.0,0.0,,0.0,64.4,165.2,0.0,0.0,0.0,0.0,321.8,638.6,311.0,651.2,323.6,629.6,323.6,636.8,0.0,0.0,165.73999999999998,0.0,320.0,255.6,101.33999999999997,1.451833333333333,94035.37733333331,0.0,0.48,0.48,343.4,True,2026-08-14 08:27:13-07:00
965.06,2,10,2026-08-14 15:42:54,36.88894,-121.40335,234.0,0.1,109.8,-12.5,0.09,KCVH,0.4,308.4,0.0,11.5,-0.7,82.2,0.0,134.0,0.0,-0.01,1.0,99.0,8.0,18.0,0.0,30.05,485.0,0.0,0.0,128.0,3500.0,0.0,0.0,129.0,0.0,0.0,5.0,2.0,0.0,0.0,0.0,0.0,0.0,0.0,0.0,0.0,0.0,0.0,0.0,0.0,0.0,0.0,0.0,0.0,0.0,74.0,0.0,0.0,30.1,0.0,0.0,0.0,21.4,0.0,0.0,9.1,0.0,0.0,-0.2,37.5,32.6,0.0,0.0,0.0,0.0,161.0,336.0,155.0,342.0,162.0,330.0,162.0,334.0,0.0,0.0,4.0,0.0,0.0,21.4,2.0,4.998,0.0,0.0,1.826,1.964,0.0,74.2,0.0,0.0,0.0,,0.0,64.4,165.2,0.0,0.0,0.0,0.0,321.8,636.8,311.0,647.6,323.6,626.0,323.6,633.2,0.0,0.0,165.56,0.0,320.0,255.6,101.16,1.451833333333333,94035.46166666664,0.0,0.48,0.48,343.4,True,2026-08-14 08:27:13-07:00
966.06,2,10,2026-08-14 15:42:55,36.88893,-121.40335,236.0,0.0,109.8,-12.5,0.09,KCVH,0.4,308.5,0.0,11.5,-0.8,82.2,0.0,135.0,0.0,-0.01,1.0,99.0,22.0,18.0,0.0,30.05,485.0,0.0,0.0,128.0,3500.0,0.0,0.0,129.0,0.0,0.0,5.0,2.0,0.0,0.0,0.0,0.0,0.0,0.0,0.0,0.0,0.0,0.0,0.0,0.0,0.0,0.0,0.0,0.0,0.0,74.0,0.0,0.0,30.1,0.0,0.0,0.0,21.4,0.0,0.0,9.1,0.0,0.0,-0.2,37.5,32.6,0.0,0.0,0.0,0.0,161.0,333.0,155.0,341.0,162.0,328.0,162.0,332.0,0.0,0.0,4.0,0.0,0.0,21.4,2.0,4.998,0.0,0.0,1.826,1.964,0.0,74.2,0.0,0.0,0.0,,0.0,64.4,165.2,0.0,0.0,0.0,0.0,321.8,631.4,311.0,645.8,323.6,622.4,323.6,629.6,0.0,0.0,165.56,0.0,320.0,255.6,101.16,1.451833333333333,94035.54599999997,0.0,0.48,0.48,343.4,True,2026-08-14 08:27:13-07:00
967.06,2,10,2026-08-14 15:42:56,36.88893,-121.40335,236.0,0.1,109.8,-12.5,0.09,KCVH,0.4,308.5,0.0,11.5,-0.8,82.2,0.0,135.0,0.0,-0.01,1.0,99.0,-6.0,18.0,0.0,30.05,485.0,0.0,0.0,128.0,3500.0,0.0,0.0,129.0,0.0,0.0,5.0,2.0,0.0,0.0,0.0,0.0,0.0,0.0,0.0,0.0,0.0,0.0,0.0,0.0,0.0,0.0,0.0,0.0,0.0,74.0,0.0,0.0,30.1,0.0,0.0,0.0,21.3,0.0,0.0,9.1,0.0,0.0,-0.2,37.5,32.6,0.0,0.0,0.0,0.0,161.0,332.0,155.0,339.0,162.0,327.0,162.0,330.0,0.0,0.0,4.0,0.0,0.0,21.3,2.0,4.998,0.0,0.0,1.826,1.963,0.0,74.2,0.0,0.0,0.0,,0.0,64.4,165.2,0.0,0.0,0.0,0.0,321.8,629.6,311.0,642.2,323.6,620.6,323.6,626.0,0.0,0.0,165.56,0.0,320.0,255.6,101.16,1.451833333333333,94035.63033333332,0.0,0.48,0.48,343.4,True,2026-08-14 08:27:13-07:00
968.06,2,10,2026-08-14 15:42:57,36.88893,-121.40335,235.0,0.1,109.8,-12.5,0.09,KCVH,0.4,308.5,0.0,11.5,-0.8,82.2,0.0,135.0,0.0,-0.01,1.0,99.0,-12.0,18.0,0.0,30.05,487.0,0.0,0.0,128.0,3500.0,0.0,0.0,129.0,0.0,0.0,5.0,2.0,0.0,0.0,0.0,0.0,0.0,0.0,0.0,0.0,0.0,0.0,0.0,0.0,0.0,0.0,0.0,0.0,0.0,74.0,0.0,0.0,30.1,0.0,0.0,0.0,21.3,0.0,0.0,9.1,0.0,0.0,-0.2,37.5,32.6,0.0,0.0,0.0,0.0,161.0,331.0,155.0,338.0,162.0,325.0,161.0,329.0,0.0,0.0,4.0,0.0,0.0,21.3,2.0,4.998,0.0,0.0,1.826,1.964,0.0,74.2,0.0,0.0,0.0,,0.0,64.4,165.2,0.0,0.0,0.0,0.0,321.8,627.8,311.0,640.4,323.6,617.0,321.8,624.2,0.0,0.0,165.56,0.0,319.55,255.15,101.16,1.451833333333333,94035.79899999998,0.0,0.48,0.48,343.4,True,2026-08-14 08:27:13-07:00
969.06,2,10,2026-08-14 15:42:58,36.88894,-121.40334,235.0,0.0,109.8,-12.5,0.09,KCVH,0.4,308.4,0.0,11.5,-0.8,82.1,0.0,135.0,0.0,-0.01,1.0,99.0,-15.0,18.0,0.0,30.05,487.0,0.0,0.0,128.0,3500.0,0.0,0.0,129.0,0.0,0.0,5.0,2.0,0.0,0.0,0.0,0.0,0.0,0.0,0.0,0.0,0.0,0.0,0.0,0.0,0.0,0.0,0.0,0.0,0.0,74.0,0.0,0.0,30.1,0.0,0.0,0.0,21.2,0.0,0.0,9.1,0.0,0.0,-0.2,37.5,32.6,0.0,0.0,0.0,0.0,160.0,329.0,155.0,336.0,162.0,323.0,162.0,327.0,0.0,0.0,4.0,0.0,0.0,21.2,2.0,4.998,0.0,0.0,1.826,1.964,0.0,74.2,0.0,0.0,0.0,,0.0,64.4,165.2,0.0,0.0,0.0,0.0,320.0,624.2,311.0,636.8,323.6,613.4,323.6,620.6,0.0,0.0,165.56,0.0,319.55,255.15,101.16,1.451833333333333,94035.88333333332,0.0,0.48,0.48,343.4,True,2026-08-14 08:27:13-07:00
970.06,2,10,2026-08-14 15:42:59,36.88893,-121.40334,235.0,0.0,109.8,-12.5,0.09,KCVH,0.4,308.5,0.0,11.5,-0.8,82.2,0.0,135.0,0.0,-0.01,1.0,99.0,-14.0,18.0,0.0,30.05,487.0,0.0,0.0,128.0,3500.0,0.0,0.0,129.0,0.0,0.0,5.0,2.0,0.0,0.0,0.0,0.0,0.0,0.0,0.0,0.0,0.0,0.0,0.0,0.0,0.0,0.0,0.0,0.0,0.0,74.0,0.0,0.0,30.1,0.0,0.0,0.0,21.1,0.0,0.0,9.1,0.0,0.0,-0.2,37.5,32.6,0.0,0.0,0.0,0.0,160.0,327.0,154.0,334.0,162.0,322.0,161.0,325.0,0.0,0.0,4.0,0.0,0.0,21.1,2.0,4.998,0.0,0.0,1.826,1.964,0.0,74.2,0.0,0.0,0.0,,0.0,64.4,165.2,0.0,0.0,0.0,0.0,320.0,620.6,309.2,633.2,323.6,611.6,321.8,617.0,0.0,0.0,165.56,0.0,318.65000000000003,254.25000000000003,101.16,1.451833333333333,94035.88333333332,0.0,0.48,0.48,343.4,True,2026-08-14 08:27:13-07:00
971.06,2,10,2026-08-14 15:43:00,36.88893,-121.40334,234.0,0.1,109.8,-12.5,0.09,KCVH,0.4,308.5,0.0,11.5,-0.8,82.2,0.0,135.0,0.0,-0.01,1.0,99.0,15.0,18.0,0.0,30.05,487.0,0.0,0.0,128.0,3500.0,0.0,0.0,129.0,0.0,0.0,5.0,2.0,0.0,0.0,0.0,0.0,0.0,0.0,0.0,0.0,0.0,0.0,0.0,0.0,0.0,0.0,0.0,0.0,0.0,74.0,0.0,0.0,30.1,0.0,0.0,0.0,21.1,0.0,0.0,9.1,0.0,0.0,-0.2,37.5,32.6,0.0,0.0,0.0,0.0,160.0,325.0,154.0,332.0,162.0,320.0,161.0,323.0,0.0,0.0,4.0,0.0,0.0,21.1,2.0,4.998,0.0,0.0,1.826,1.964,0.0,74.2,0.0,0.0,0.0,,0.0,64.4,165.2,0.0,0.0,0.0,0.0,320.0,617.0,309.2,629.6,323.6,608.0,321.8,613.4,0.0,0.0,165.56,0.0,318.65000000000003,254.25000000000003,101.16,1.451833333333333,94035.96766666665,0.0,0.48,0.48,343.4,True,2026-08-14 08:27:13-07:00
972.06,2,10,2026-08-14 15:43:01,36.88894,-121.40334,234.0,0.0,109.8,-12.5,0.09,KCVH,0.4,308.4,0.0,11.4,-0.8,82.2,0.0,135.0,0.0,-0.01,1.0,99.0,2.0,18.0,0.0,30.05,487.0,0.0,0.0,128.0,3500.0,0.0,0.0,129.0,0.0,0.0,5.0,2.0,0.0,0.0,0.0,0.0,0.0,0.0,0.0,0.0,0.0,0.0,0.0,0.0,0.0,0.0,0.0,0.0,0.0,74.0,0.0,0.0,30.1,0.0,0.0,0.0,21.0,0.0,0.0,9.1,0.0,0.0,-0.2,37.5,32.6,0.0,0.0,0.0,0.0,160.0,323.0,154.0,330.0,162.0,319.0,161.0,322.0,0.0,0.0,4.0,0.0,0.0,21.0,2.0,4.998,0.0,0.0,1.826,1.964,0.0,74.2,0.0,0.0,0.0,,0.0,64.4,165.2,0.0,0.0,0.0,0.0,320.0,613.4,309.2,626.0,323.6,606.2,321.8,611.6,0.0,0.0,165.56,0.0,318.65000000000003,254.25000000000003,101.16,1.451833333333333,94036.05199999998,0.0,0.48,0.48,343.4,True,2026-08-14 08:27:13-07:00
973.06,2,10,2026-08-14 15:43:02,36.88894,-121.40334,234.0,0.1,109.8,-12.5,0.09,KCVH,0.4,308.4,0.0,11.4,-0.8,82.2,0.0,135.0,0.0,-0.01,1.0,99.0,-7.0,18.0,0.0,30.05,487.0,0.0,0.0,128.0,3500.0,0.0,0.0,129.0,0.0,0.0,5.0,2.0,0.0,0.0,0.0,0.0,0.0,0.0,0.0,0.0,0.0,0.0,0.0,0.0,0.0,0.0,0.0,0.0,0.0,74.0,0.0,0.0,30.1,0.0,0.0,0.0,21.0,0.0,0.0,9.1,0.0,0.0,-0.2,37.5,32.6,0.0,0.0,0.0,0.0,160.0,322.0,154.0,329.0,161.0,318.0,161.0,320.0,0.0,0.0,4.0,0.0,0.0,21.0,2.0,4.998,0.0,0.0,1.826,1.964,0.0,74.2,0.0,0.0,0.0,,0.0,64.4,165.2,0.0,0.0,0.0,0.0,320.0,611.6,309.2,624.2,321.8,604.4,321.8,608.0,0.0,0.0,165.56,0.0,318.2,253.79999999999998,101.16,1.451833333333333,94036.13633333331,0.0,0.48,0.48,343.4,True,2026-08-14 08:27:13-07:00
974.06,2,10,2026-08-14 15:43:03,36.88894,-121.40334,234.0,0.0,109.8,-12.5,0.09,KCVH,0.4,308.4,0.0,11.4,-0.8,82.3,0.0,135.0,0.1,-0.01,1.0,99.0,-14.0,18.0,0.0,30.05,487.0,0.0,0.0,128.0,3500.0,0.0,0.0,129.0,0.0,0.0,5.0,2.0,0.0,0.0,0.0,0.0,0.0,0.0,0.0,0.0,0.0,0.0,0.0,0.0,0.0,0.0,0.0,0.0,0.0,74.0,0.0,0.0,30.1,0.0,0.0,0.0,20.9,0.0,0.0,9.1,0.0,0.0,-0.1,37.5,32.6,0.0,0.0,0.0,0.0,160.0,321.0,154.0,327.0,161.0,317.0,161.0,319.0,0.0,0.0,4.0,0.0,0.0,20.9,2.0,4.998,0.0,0.0,1.826,1.964,0.0,74.1,0.0,0.0,0.0,,0.0,64.4,165.2,0.0,0.0,0.0,0.0,320.0,609.8,309.2,620.6,321.8,602.6,321.8,606.2,0.0,0.0,165.38,0.0,318.2,253.79999999999998,100.97999999999999,1.451833333333333,94036.22066666665,0.0,0.48,0.48,343.4,True,2026-08-14 08:27:13-07:00
975.06,2,10,2026-08-14 15:43:04,36.88893,-121.40334,235.0,0.1,109.8,-12.5,0.09,KCVH,0.4,308.5,0.0,11.4,-0.8,82.3,0.0,135.0,0.1,-0.01,1.0,99.0,27.0,18.0,0.0,30.05,488.0,0.0,0.0,128.0,3500.0,0.0,0.0,129.0,0.0,0.0,5.0,2.0,0.0,0.0,0.0,0.0,0.0,0.0,0.0,0.0,0.0,0.0,0.0,0.0,0.0,0.0,0.0,0.0,0.0,74.0,0.0,0.0,30.1,0.0,0.0,0.0,20.8,0.0,0.0,9.1,0.0,0.0,-0.1,37.5,32.6,0.0,0.0,0.0,0.0,160.0,320.0,154.0,326.0,161.0,315.0,161.0,317.0,0.0,0.0,4.0,0.0,0.0,20.8,2.0,4.998,0.0,0.0,1.826,1.964,0.0,74.1,0.0,0.0,0.0,,0.0,64.4,165.2,0.0,0.0,0.0,0.0,320.0,608.0,309.2,618.8,321.8,599.0,321.8,602.6,0.0,0.0,165.38,0.0,318.2,253.79999999999998,100.97999999999999,1.451833333333333,94036.30499999998,0.0,0.48,0.48,343.4,True,2026-08-14 08:27:13-07:00
976.06,2,10,2026-08-14 15:43:05,36.88894,-121.40335,235.0,0.0,109.8,-12.5,0.09,KCVH,0.4,308.4,0.0,11.5,-0.8,82.3,0.0,135.0,0.1,-0.01,1.0,99.0,22.0,18.0,0.0,30.05,488.0,0.0,0.0,128.0,3500.0,0.0,0.0,129.0,0.0,0.0,5.0,2.0,0.0,0.0,0.0,0.0,0.0,0.0,0.0,0.0,0.0,0.0,0.0,0.0,0.0,0.0,0.0,0.0,0.0,74.0,0.0,0.0,30.1,0.0,0.0,0.0,20.8,0.0,0.0,9.1,0.0,0.0,-0.1,37.5,32.6,0.0,0.0,0.0,0.0,160.0,318.0,154.0,324.0,161.0,314.0,161.0,316.0,0.0,0.0,4.0,0.0,0.0,20.8,2.0,4.998,0.0,0.0,1.826,1.964,0.0,74.1,0.0,0.0,0.0,,0.0,64.4,165.2,0.0,0.0,0.0,0.0,320.0,604.4,309.2,615.2,321.8,597.2,321.8,600.8,0.0,0.0,165.38,0.0,318.2,253.79999999999998,100.97999999999999,1.451833333333333,94036.38933333331,0.0,0.48,0.48,343.4,True,2026-08-14 08:27:13-07:00
977.06,2,10,2026-08-14 15:43:06,36.88894,-121.40335,235.0,0.0,109.8,-12.5,0.09,KCVH,0.4,308.4,0.0,11.5,-0.8,82.2,0.0,136.0,0.1,-0.01,1.0,99.0,10.0,18.0,0.0,30.05,489.0,0.0,0.0,128.0,3500.0,0.0,0.0,129.0,0.0,0.0,5.0,2.0,0.0,0.0,0.0,0.0,0.0,0.0,0.0,0.0,0.0,0.0,0.0,0.0,0.0,0.0,0.0,0.0,0.0,74.0,0.0,0.0,30.1,0.0,0.0,0.0,20.7,0.0,0.0,9.1,0.0,0.0,-0.1,37.5,32.6,0.0,0.0,0.0,0.0,160.0,317.0,154.0,322.0,161.0,312.0,160.0,314.0,0.0,0.0,4.0,0.0,0.0,20.7,2.0,4.998,0.0,0.0,1.826,1.964,0.0,74.1,0.0,0.0,0.0,,0.0,64.4,165.2,0.0,0.0,0.0,0.0,320.0,602.6,309.2,611.6,321.8,593.6,320.0,597.2,0.0,0.0,165.38,0.0,317.75,253.35,100.97999999999999,1.451833333333333,94036.38933333331,0.0,0.48,0.48,343.4,True,2026-08-14 08:27:13-07:00
978.06,2,10,2026-08-14 15:43:07,36.88894,-121.40335,235.0,0.0,109.8,-12.5,0.09,KCVH,0.4,308.4,0.0,11.5,-0.8,82.2,0.0,136.0,0.0,-0.01,1.0,99.0,-19.0,18.0,0.0,30.05,489.0,0.0,0.0,128.0,3500.0,0.0,0.0,129.0,0.0,0.0,5.0,2.0,0.0,0.0,0.0,0.0,0.0,0.0,0.0,0.0,0.0,0.0,0.0,0.0,0.0,0.0,0.0,0.0,0.0,74.0,0.0,0.0,30.1,0.0,0.0,0.0,20.7,0.0,0.0,9.1,0.0,0.0,-0.1,37.5,32.6,0.0,0.0,0.0,0.0,160.0,316.0,154.0,321.0,161.0,311.0,160.0,312.0,0.0,0.0,4.0,0.0,0.0,20.7,2.0,4.998,0.0,0.0,1.826,1.964,0.0,74.1,0.0,0.0,0.0,,0.0,64.4,165.2,0.0,0.0,0.0,0.0,320.0,600.8,309.2,609.8,321.8,591.8,320.0,593.6,0.0,0.0,165.38,0.0,317.75,253.35,100.97999999999999,1.451833333333333,94036.38933333331,0.0,0.48,0.48,343.4,True,2026-08-14 08:27:13-07:00
979.06,2,10,2026-08-14 15:43:08,36.88894,-121.40335,235.0,0.1,109.8,-12.5,0.09,KCVH,0.4,308.4,0.0,11.5,-0.8,82.2,0.0,136.0,0.0,-0.01,1.0,99.0,-10.0,18.0,0.0,30.05,489.0,0.0,0.0,128.0,3500.0,0.0,0.0,129.0,0.0,0.0,5.0,2.0,0.0,0.0,0.0,0.0,0.0,0.0,0.0,0.0,0.0,0.0,0.0,0.0,0.0,0.0,0.0,0.0,0.0,74.0,0.0,0.0,30.1,0.0,0.0,0.0,20.6,0.0,0.0,9.1,0.0,0.0,-0.1,37.5,32.6,0.0,0.0,0.0,0.0,160.0,314.0,154.0,319.0,161.0,309.0,160.0,311.0,0.0,0.0,4.0,0.0,0.0,20.6,2.0,4.998,0.0,0.0,1.826,1.964,0.0,74.1,0.0,0.0,0.0,,0.0,64.4,165.2,0.0,0.0,0.0,0.0,320.0,597.2,309.2,606.2,321.8,588.2,320.0,591.8,0.0,0.0,165.38,0.0,317.75,253.35,100.97999999999999,1.451833333333333,94036.47366666664,0.0,0.48,0.48,343.4,True,2026-08-14 08:27:13-07:00
980.06,2,10,2026-08-14 15:43:09,36.88894,-121.40335,236.0,0.0,109.8,-12.5,0.09,KCVH,0.4,308.4,0.0,11.5,-0.8,82.1,0.0,136.0,0.0,-0.01,1.0,99.0,11.0,18.0,0.0,30.05,499.0,0.0,0.0,128.0,3500.0,0.0,0.0,129.0,0.0,0.0,5.0,2.0,0.0,0.0,0.0,0.0,0.0,0.0,0.0,0.0,0.0,0.0,0.0,0.0,0.0,0.0,0.0,0.0,0.0,74.0,0.0,0.0,30.1,0.0,0.0,0.0,20.6,0.0,0.0,9.1,0.0,0.0,-0.1,37.5,32.6,0.0,0.0,0.0,0.0,159.0,312.0,154.0,317.0,161.0,308.0,160.0,310.0,0.0,0.0,4.0,0.0,0.0,20.6,2.0,4.998,0.0,0.0,1.826,1.964,0.0,74.1,0.0,0.0,0.0,,0.0,64.4,165.2,0.0,0.0,0.0,0.0,318.2,593.6,309.2,602.6,321.8,586.4,320.0,590.0,0.0,0.0,165.38,0.0,317.3,252.9,100.97999999999999,1.451833333333333,94036.55799999998,0.0,0.48,0.48,343.4,True,2026-08-14 08:27:13-07:00
981.06,2,10,2026-08-14 15:43:10,36.88894,-121.40335,234.0,0.0,109.8,-12.5,0.09,KCVH,0.4,308.4,0.0,11.5,-0.8,82.2,0.0,136.0,0.0,-0.01,1.0,99.0,22.0,18.0,0.0,30.05,499.0,0.0,0.0,128.0,3500.0,0.0,0.0,129.0,0.0,0.0,5.0,2.0,0.0,0.0,0.0,0.0,0.0,0.0,0.0,0.0,0.0,0.0,0.0,0.0,0.0,0.0,0.0,0.0,0.0,74.0,0.0,0.0,30.1,0.0,0.0,0.0,20.5,0.0,0.0,9.1,0.0,0.0,-0.1,37.5,32.6,0.0,0.0,0.0,0.0,159.0,311.0,154.0,316.0,161.0,307.0,160.0,308.0,0.0,0.0,4.0,0.0,0.0,20.5,2.0,4.998,0.0,0.0,1.826,1.964,0.0,74.1,0.0,0.0,0.0,,0.0,64.4,165.2,0.0,0.0,0.0,0.0,318.2,591.8,309.2,600.8,321.8,584.6,320.0,586.4,0.0,0.0,165.38,0.0,317.3,252.9,100.97999999999999,1.451833333333333,94036.55799999998,0.0,0.48,0.48,343.4,True,2026-08-14 08:27:13-07:00
982.06,2,10,2026-08-14 15:43:11,36.88894,-121.40335,233.0,0.0,109.8,-12.5,0.09,KCVH,0.4,308.4,0.0,11.5,-0.8,82.1,0.0,136.0,0.0,-0.01,1.0,99.0,15.0,18.0,0.0,30.05,499.0,0.0,0.0,128.0,3500.0,0.0,0.0,129.0,0.0,0.0,5.0,2.0,0.0,0.0,0.0,0.0,0.0,0.0,0.0,0.0,0.0,0.0,0.0,0.0,0.0,0.0,0.0,0.0,0.0,74.0,0.0,0.0,30.1,0.0,0.0,0.0,20.5,0.0,0.0,9.1,0.0,0.0,-0.2,37.5,32.6,0.0,0.0,0.0,0.0,159.0,310.0,154.0,315.0,161.0,304.0,160.0,307.0,0.0,0.0,4.0,0.0,0.0,20.5,2.0,4.998,0.0,0.0,1.826,1.964,0.0,74.1,0.0,0.0,0.0,,0.0,64.4,165.2,0.0,0.0,0.0,0.0,318.2,590.0,309.2,599.0,321.8,579.2,320.0,584.6,0.0,0.0,165.38,0.0,317.3,252.9,100.97999999999999,1.451833333333333,94036.55799999998,0.0,0.48,0.48,343.4,True,2026-08-14 08:27:13-07:00
983.06,2,10,2026-08-14 15:43:12,36.88894,-121.40335,233.0,0.0,109.8,-12.5,0.09,KCVH,0.4,308.4,0.0,11.5,-0.8,82.1,0.0,136.0,0.0,-0.01,1.0,99.0,-22.0,18.0,0.0,30.05,499.0,0.0,0.0,128.0,3500.0,0.0,0.0,129.0,0.0,0.0,5.0,2.0,0.0,0.0,0.0,0.0,0.0,0.0,0.0,0.0,0.0,0.0,0.0,0.0,0.0,0.0,0.0,0.0,0.0,74.0,0.0,0.0,30.1,0.0,0.0,0.0,20.4,0.0,0.0,9.1,0.0,0.0,-0.2,37.5,32.6,0.0,0.0,0.0,0.0,159.0,309.0,154.0,314.0,161.0,304.0,160.0,305.0,0.0,0.0,4.0,0.0,0.0,20.4,2.0,4.998,0.0,0.0,1.826,1.964,0.0,74.0,0.0,0.0,0.0,,0.0,64.4,165.2,0.0,0.0,0.0,0.0,318.2,588.2,309.2,597.2,321.8,579.2,320.0,581.0,0.0,0.0,165.2,0.0,317.3,252.9,100.79999999999998,1.451833333333333,94036.55799999998,0.0,0.48,0.48,343.4,True,2026-08-14 08:27:13-07:00
984.06,2,10,2026-08-14 15:43:13,36.88894,-121.40335,232.0,0.0,109.8,-12.5,0.09,KCVH,0.4,308.4,0.0,11.5,-0.8,82.1,0.0,136.0,0.0,-0.01,1.0,99.0,-1.0,18.0,0.0,30.05,499.0,0.0,0.0,128.0,3500.0,0.0,0.0,129.0,0.0,0.0,5.0,2.0,0.0,0.0,0.0,0.0,0.0,0.0,0.0,0.0,0.0,0.0,0.0,0.0,0.0,0.0,0.0,0.0,0.0,74.0,0.0,0.0,30.1,0.0,0.0,0.0,20.3,0.0,0.0,9.1,0.0,0.0,-0.2,37.5,32.6,0.0,0.0,0.0,0.0,159.0,307.0,153.0,312.0,160.0,303.0,160.0,304.0,0.0,0.0,4.0,0.0,0.0,20.3,2.0,4.998,0.0,0.0,1.826,1.964,0.0,74.0,0.0,0.0,0.0,,0.0,64.4,165.2,0.0,0.0,0.0,0.0,318.2,584.6,307.4,593.6,320.0,577.4,320.0,579.2,0.0,0.0,165.2,0.0,316.4,251.99999999999997,100.79999999999998,1.451833333333333,94036.55799999998,0.0,0.48,0.48,343.4,True,2026-08-14 08:27:13-07:00
985.06,2,10,2026-08-14 15:43:14,36.88894,-121.40335,232.0,0.0,109.8,-12.5,0.09,KCVH,0.4,308.4,0.0,11.5,-0.8,82.1,0.0,136.0,0.0,-0.01,1.0,99.0,8.0,18.0,0.0,30.05,499.0,0.0,0.0,128.0,3500.0,0.0,0.0,129.0,0.0,0.0,5.0,2.0,0.0,0.0,0.0,0.0,0.0,0.0,0.0,0.0,0.0,0.0,0.0,0.0,0.0,0.0,0.0,0.0,0.0,74.0,0.0,0.0,30.1,0.0,0.0,0.0,20.3,0.0,0.0,9.1,0.0,0.0,-0.2,37.5,32.6,0.0,0.0,0.0,0.0,159.0,306.0,153.0,311.0,160.0,302.0,160.0,302.0,0.0,0.0,4.0,0.0,0.0,20.3,2.0,4.998,0.0,0.0,1.826,1.964,0.0,74.0,0.0,0.0,0.0,,0.0,64.4,165.2,0.0,0.0,0.0,0.0,318.2,582.8,307.4,591.8,320.0,575.6,320.0,575.6,0.0,0.0,165.2,0.0,316.4,251.99999999999997,100.79999999999998,1.451833333333333,94036.55799999998,0.0,0.48,0.48,343.4,True,2026-08-14 08:27:13-07:00
986.06,2,10,2026-08-14 15:43:15,36.88894,-121.40335,232.0,0.0,109.8,-12.5,0.09,KCVH,0.4,308.4,0.0,11.6,-0.8,82.1,0.0,137.0,0.0,-0.01,1.0,99.0,18.0,18.0,0.0,30.05,499.0,0.0,0.0,128.0,3500.0,0.0,0.0,129.0,0.0,0.0,5.0,2.0,0.0,0.0,0.0,0.0,0.0,0.0,0.0,0.0,0.0,0.0,0.0,0.0,0.0,0.0,0.0,0.0,0.0,74.0,0.0,0.0,30.1,0.0,0.0,0.0,20.2,0.0,0.0,9.1,0.0,0.0,-0.2,37.5,32.6,0.0,0.0,0.0,0.0,159.0,304.0,153.0,309.0,160.0,301.0,160.0,301.0,0.0,0.0,4.0,0.0,0.0,20.2,2.0,4.998,0.0,0.0,1.826,1.964,0.0,74.0,0.0,0.0,0.0,,0.0,64.4,165.2,0.0,0.0,0.0,0.0,318.2,579.2,307.4,588.2,320.0,573.8,320.0,573.8,0.0,0.0,165.2,0.0,316.4,251.99999999999997,100.79999999999998,1.451833333333333,94036.55799999998,0.0,0.48,0.48,343.4,True,2026-08-14 08:27:13-07:00
987.06,2,10,2026-08-14 15:43:16,36.88894,-121.40335,233.0,0.0,109.8,-12.5,0.09,KCVH,0.4,308.4,0.0,11.5,-0.8,82.1,0.0,137.0,0.0,-0.01,1.0,99.0,-19.0,18.0,0.0,30.05,499.0,0.0,0.0,128.0,3500.0,0.0,0.0,129.0,0.0,0.0,5.0,2.0,0.0,0.0,0.0,0.0,0.0,0.0,0.0,0.0,0.0,0.0,0.0,0.0,0.0,0.0,0.0,0.0,0.0,74.0,0.0,0.0,30.1,0.0,0.0,0.0,20.2,0.0,0.0,9.1,0.0,0.0,-0.2,37.5,32.6,0.0,0.0,0.0,0.0,159.0,303.0,153.0,308.0,160.0,300.0,159.0,299.0,0.0,0.0,4.0,0.0,0.0,20.2,2.0,4.998,0.0,0.0,1.826,1.964,0.0,74.0,0.0,0.0,0.0,,0.0,64.4,165.2,0.0,0.0,0.0,0.0,318.2,577.4,307.4,586.4,320.0,572.0,318.2,570.2,0.0,0.0,165.2,0.0,315.95,251.54999999999998,100.79999999999998,1.451833333333333,94036.55799999998,0.0,0.48,0.48,343.4,True,2026-08-14 08:27:13-07:00
988.06,2,10,2026-08-14 15:43:17,36.88894,-121.40335,233.0,0.1,109.8,-12.5,0.09,KCVH,0.4,308.4,0.0,11.5,-0.8,82.1,0.0,137.0,0.0,-0.01,1.0,99.0,-5.0,18.0,0.0,30.05,499.0,0.0,0.0,128.0,3500.0,0.0,0.0,129.0,0.0,0.0,5.0,2.0,0.0,0.0,0.0,0.0,0.0,0.0,0.0,0.0,0.0,0.0,0.0,0.0,0.0,0.0,0.0,0.0,0.0,74.0,0.0,0.0,30.1,0.0,0.0,0.0,20.1,0.0,0.0,9.1,0.0,0.0,-0.2,37.5,32.6,0.0,0.0,0.0,0.0,159.0,301.0,153.0,306.0,160.0,298.0,160.0,298.0,0.0,0.0,4.0,0.0,0.0,20.1,2.0,4.998,0.0,0.0,1.826,1.964,0.0,74.0,0.0,0.0,0.0,,0.0,64.4,165.2,0.0,0.0,0.0,0.0,318.2,573.8,307.4,582.8,320.0,568.4,320.0,568.4,0.0,0.0,165.2,0.0,316.4,251.99999999999997,100.79999999999998,1.451833333333333,94036.64233333331,0.0,0.48,0.48,343.4,True,2026-08-14 08:27:13-07:00
989.06,2,10,2026-08-14 15:43:18,36.88894,-121.40335,234.0,0.0,109.8,-12.5,0.09,KCVH,0.4,308.4,0.0,11.5,-0.8,82.1,0.0,137.0,0.0,-0.01,1.0,99.0,-5.0,18.0,0.0,30.05,500.0,0.0,0.0,128.0,3500.0,0.0,0.0,129.0,0.0,0.0,5.0,2.0,0.0,0.0,0.0,0.0,0.0,0.0,0.0,0.0,0.0,0.0,0.0,0.0,0.0,0.0,0.0,0.0,0.0,74.0,0.0,0.0,30.1,0.0,0.0,0.0,20.1,0.0,0.0,9.1,0.0,0.0,-0.2,37.5,32.6,0.0,0.0,0.0,0.0,159.0,300.0,153.0,305.0,160.0,296.0,159.0,297.0,0.0,0.0,4.0,0.0,0.0,20.1,2.0,4.998,0.0,0.0,1.826,1.964,0.0,74.0,0.0,0.0,0.0,,0.0,64.4,165.2,0.0,0.0,0.0,0.0,318.2,572.0,307.4,581.0,320.0,564.8,318.2,566.6,0.0,0.0,165.2,0.0,315.95,251.54999999999998,100.79999999999998,1.451833333333333,94036.72666666664,0.0,0.48,0.48,343.4,True,2026-08-14 08:27:13-07:00
990.06,2,10,2026-08-14 15:43:19,36.88894,-121.40335,234.0,0.0,109.8,-12.5,0.09,KCVH,0.4,308.4,0.0,11.5,-0.8,82.1,0.0,137.0,0.0,-0.01,1.0,99.0,14.0,18.0,0.0,30.05,500.0,0.0,0.0,128.0,3500.0,0.0,0.0,129.0,0.0,0.0,5.0,2.0,0.0,0.0,0.0,0.0,0.0,0.0,0.0,0.0,0.0,0.0,0.0,0.0,0.0,0.0,0.0,0.0,0.0,74.0,0.0,0.0,30.1,0.0,0.0,0.0,20.0,0.0,0.0,9.1,0.0,0.0,-0.2,37.5,32.6,0.0,0.0,0.0,0.0,159.0,298.0,153.0,304.0,160.0,295.0,159.0,295.0,0.0,0.0,4.0,0.0,0.0,20.0,2.0,4.998,0.0,0.0,1.826,1.964,0.0,74.0,0.0,0.0,0.0,,0.0,64.4,165.2,0.0,0.0,0.0,0.0,318.2,568.4,307.4,579.2,320.0,563.0,318.2,563.0,0.0,0.0,165.2,0.0,315.95,251.54999999999998,100.79999999999998,1.451833333333333,94036.72666666664,0.0,0.48,0.48,343.4,True,2026-08-14 08:27:13-07:00
991.06,2,10,2026-08-14 15:43:20,36.88894,-121.40335,234.0,0.0,109.8,-12.5,0.09,KCVH,0.4,308.4,0.0,11.5,-0.8,82.2,0.0,137.0,0.0,-0.01,1.0,99.0,15.0,18.0,0.0,30.05,500.0,0.0,0.0,128.0,3500.0,0.0,0.0,129.0,0.0,0.0,5.0,2.0,0.0,0.0,0.0,0.0,0.0,0.0,0.0,0.0,0.0,0.0,0.0,0.0,0.0,0.0,0.0,0.0,0.0,74.0,0.0,0.0,30.1,0.0,0.0,0.0,20.0,0.0,0.0,9.1,0.0,0.0,-0.2,37.5,32.6,0.0,0.0,0.0,0.0,159.0,297.0,153.0,303.0,160.0,293.0,159.0,294.0,0.0,0.0,4.0,0.0,0.0,20.0,2.0,4.998,0.0,0.0,1.826,1.964,0.0,74.0,0.0,0.0,0.0,,0.0,64.4,165.2,0.0,0.0,0.0,0.0,318.2,566.6,307.4,577.4,320.0,559.4,318.2,561.2,0.0,0.0,165.2,0.0,315.95,251.54999999999998,100.79999999999998,1.451833333333333,94036.72666666664,0.0,0.48,0.48,343.4,True,2026-08-14 08:27:13-07:00
992.06,2,10,2026-08-14 15:43:21,36.88894,-121.40335,234.0,0.1,109.8,-12.5,0.09,KCVH,0.4,308.4,0.0,11.5,-0.8,82.2,0.0,138.0,0.0,-0.01,1.0,99.0,-2.0,18.0,0.0,30.05,500.0,0.0,0.0,128.0,3500.0,0.0,0.0,129.0,0.0,0.0,5.0,2.0,0.0,0.0,0.0,0.0,0.0,0.0,0.0,0.0,0.0,0.0,0.0,0.0,0.0,0.0,0.0,0.0,0.0,74.0,0.0,0.0,30.1,0.0,0.0,0.0,19.9,0.0,0.0,9.1,0.0,0.0,-0.2,37.5,32.6,0.0,0.0,0.0,0.0,158.0,296.0,153.0,301.0,160.0,292.0,159.0,293.0,0.0,0.0,4.0,0.0,0.0,19.9,2.0,4.998,0.0,0.0,1.826,1.964,0.0,74.0,0.0,0.0,0.0,,0.0,64.4,165.2,0.0,0.0,0.0,0.0,316.4,564.8,307.4,573.8,320.0,557.6,318.2,559.4,0.0,0.0,165.2,0.0,315.5,251.1,100.79999999999998,1.451833333333333,94036.81099999999,0.0,0.48,0.48,343.4,True,2026-08-14 08:27:13-07:00
993.06,2,10,2026-08-14 15:43:22,36.88894,-121.40335,233.0,0.0,109.8,-12.5,0.09,KCVH,0.4,308.4,0.0,11.5,-0.8,82.2,0.0,138.0,0.0,-0.01,1.0,99.0,7.0,18.0,0.0,30.05,500.0,0.0,0.0,128.0,3500.0,0.0,0.0,129.0,0.0,0.0,5.0,2.0,0.0,0.0,0.0,0.0,0.0,0.0,0.0,0.0,0.0,0.0,0.0,0.0,0.0,0.0,0.0,0.0,0.0,74.0,0.0,0.0,30.1,0.0,0.0,0.0,19.9,0.0,0.0,9.1,0.0,0.0,-0.2,37.5,32.6,0.0,0.0,0.0,0.0,158.0,295.0,153.0,300.0,160.0,291.0,159.0,292.0,0.0,0.0,4.0,0.0,0.0,19.9,3.0,4.998,0.0,0.0,1.826,1.964,0.0,73.9,0.0,0.0,0.0,,0.0,64.4,165.2,0.0,0.0,0.0,0.0,316.4,563.0,307.4,572.0,320.0,555.8,318.2,557.6,0.0,0.0,165.02,0.0,315.5,251.1,100.62,1.451833333333333,94036.89533333332,0.0,0.48,0.48,343.4,True,2026-08-14 08:27:13-07:00
994.06,2,10,2026-08-14 15:43:23,36.88894,-121.40335,233.0,0.0,109.8,-12.5,0.09,KCVH,0.4,308.4,0.0,11.5,-0.7,82.2,0.0,138.0,0.1,-0.01,1.0,99.0,-17.0,18.0,0.0,30.05,500.0,0.0,0.0,128.0,3500.0,0.0,0.0,129.0,0.0,0.0,5.0,2.0,0.0,0.0,0.0,0.0,0.0,0.0,0.0,0.0,0.0,0.0,0.0,0.0,0.0,0.0,0.0,0.0,0.0,74.0,0.0,0.0,30.1,0.0,0.0,0.0,19.8,0.0,0.0,9.1,0.0,0.0,-0.2,37.5,32.6,0.0,0.0,0.0,0.0,158.0,294.0,153.0,298.0,160.0,290.0,159.0,290.0,0.0,0.0,4.0,0.0,0.0,19.8,2.0,4.998,0.0,0.0,1.826,1.964,0.0,73.9,0.0,0.0,0.0,,0.0,64.4,165.2,0.0,0.0,0.0,0.0,316.4,561.2,307.4,568.4,320.0,554.0,318.2,554.0,0.0,0.0,165.02,0.0,315.5,251.1,100.62,1.451833333333333,94036.89533333332,0.0,0.48,0.48,343.4,True,2026-08-14 08:27:13-07:00
995.06,2,10,2026-08-14 15:43:24,36.88894,-121.40335,233.0,0.0,109.8,-12.5,0.09,KCVH,0.4,308.4,0.0,11.5,-0.7,82.2,0.0,138.0,0.0,-0.01,1.0,99.0,-3.0,18.0,0.0,30.05,501.0,0.0,0.0,128.0,3500.0,0.0,0.0,129.0,0.0,0.0,5.0,2.0,0.0,0.0,0.0,0.0,0.0,0.0,0.0,0.0,0.0,0.0,0.0,0.0,0.0,0.0,0.0,0.0,0.0,74.0,0.0,0.0,30.1,0.0,0.0,0.0,19.8,0.0,0.0,9.1,0.0,0.0,-0.1,37.5,32.6,0.0,0.0,0.0,0.0,158.0,293.0,153.0,297.0,160.0,289.0,159.0,289.0,0.0,0.0,4.0,0.0,0.0,19.8,3.0,4.998,0.0,0.0,1.826,1.964,0.0,73.9,0.0,0.0,0.0,,0.0,64.4,165.2,0.0,0.0,0.0,0.0,316.4,559.4,307.4,566.6,320.0,552.2,318.2,552.2,0.0,0.0,165.02,0.0,315.5,251.1,100.62,1.451833333333333,94036.89533333332,0.0,0.48,0.48,343.4,True,2026-08-14 08:27:13-07:00
996.06,2,10,2026-08-14 15:43:25,36.88895,-121.40335,230.0,0.0,109.8,-12.5,0.1,KCVH,0.4,308.4,0.0,11.5,-0.7,82.2,0.0,138.0,0.0,-0.01,1.0,99.0,9.0,18.0,0.0,30.05,501.0,0.0,0.0,128.0,3500.0,0.0,0.0,129.0,0.0,0.0,5.0,2.0,0.0,0.0,0.0,0.0,0.0,0.0,0.0,0.0,0.0,0.0,0.0,0.0,0.0,0.0,0.0,0.0,0.0,74.0,0.0,0.0,30.1,0.0,0.0,0.0,19.7,0.0,0.0,9.1,0.0,0.0,-0.1,37.5,32.6,0.0,0.0,0.0,0.0,158.0,292.0,153.0,296.0,160.0,287.0,159.0,288.0,0.0,0.0,4.0,0.0,0.0,19.7,3.0,4.998,0.0,0.0,1.826,1.964,0.0,73.9,0.0,0.0,0.0,,0.0,64.4,165.2,0.0,0.0,0.0,0.0,316.4,557.6,307.4,564.8,320.0,548.6,318.2,550.4,0.0,0.0,165.02,0.0,315.5,251.1,100.62,1.451833333333333,94036.89533333332,0.0,0.48,0.48,343.4,True,2026-08-14 08:27:13-07:00
997.06,2,10,2026-08-14 15:43:26,36.88895,-121.40335,230.0,0.0,109.8,-12.5,0.1,KCVH,0.4,308.4,0.0,11.5,-0.7,82.2,0.0,138.0,0.0,-0.01,1.0,99.0,-23.0,18.0,0.0,30.05,501.0,0.0,0.0,128.0,3500.0,0.0,0.0,129.0,0.0,0.0,5.0,2.0,0.0,0.0,0.0,0.0,0.0,0.0,0.0,0.0,0.0,0.0,0.0,0.0,0.0,0.0,0.0,0.0,0.0,74.0,0.0,0.0,30.1,0.0,0.0,0.0,19.6,0.0,0.0,9.1,0.0,0.0,-0.1,37.5,32.6,0.0,0.0,0.0,0.0,158.0,291.0,153.0,295.0,160.0,286.0,158.0,286.0,0.0,0.0,4.0,0.0,0.0,19.6,2.0,4.998,0.0,0.0,1.826,1.964,0.0,73.9,0.0,0.0,0.0,,0.0,64.4,165.2,0.0,0.0,0.0,0.0,316.4,555.8,307.4,563.0,320.0,546.8,316.4,546.8,0.0,0.0,165.02,0.0,315.04999999999995,250.64999999999995,100.62,1.451833333333333,94036.89533333332,0.0,0.48,0.48,343.4,True,2026-08-14 08:27:13-07:00
998.06,2,10,2026-08-14 15:43:27,36.88895,-121.40335,230.0,0.1,109.8,-12.5,0.1,KCVH,0.4,308.4,0.0,11.5,-0.7,82.2,0.0,138.0,0.0,-0.01,1.0,99.0,6.0,18.0,0.0,30.05,501.0,0.0,0.0,128.0,3500.0,0.0,0.0,129.0,0.0,0.0,5.0,2.0,0.0,0.0,0.0,0.0,0.0,0.0,0.0,0.0,0.0,0.0,0.0,0.0,0.0,0.0,0.0,0.0,0.0,74.0,0.0,0.0,30.1,0.0,0.0,0.0,19.6,0.0,0.0,9.1,0.0,0.0,-0.1,37.5,32.6,0.0,0.0,0.0,0.0,158.0,290.0,153.0,293.0,160.0,286.0,158.0,286.0,0.0,0.0,4.0,0.0,0.0,19.6,3.0,4.998,0.0,0.0,1.826,1.964,0.0,73.9,0.0,0.0,0.0,,0.0,64.4,165.2,0.0,0.0,0.0,0.0,316.4,554.0,307.4,559.4,320.0,546.8,316.4,546.8,0.0,0.0,165.02,0.0,315.04999999999995,250.64999999999995,100.62,1.451833333333333,94036.97966666665,0.0,0.48,0.48,343.4,True,2026-08-14 08:27:13-07:00
999.06,2,10,2026-08-14 15:43:28,36.88895,-121.40336,230.0,0.0,109.8,-12.5,0.09,KCVH,0.4,308.4,0.0,11.5,-0.7,82.2,0.0,139.0,0.0,-0.01,1.0,99.0,45.0,18.0,0.0,30.05,503.0,0.0,0.0,128.0,3500.0,0.0,0.0,129.0,0.0,0.0,5.0,2.0,0.0,0.0,0.0,0.0,0.0,0.0,0.0,0.0,0.0,0.0,0.0,0.0,0.0,0.0,0.0,0.0,0.0,74.0,0.0,0.0,30.1,0.0,0.0,0.0,19.5,0.0,0.0,9.1,0.0,0.0,-0.1,37.5,32.6,0.0,0.0,0.0,0.0,158.0,289.0,152.0,293.0,159.0,285.0,158.0,284.0,0.0,0.0,4.0,0.0,0.0,19.5,2.0,4.998,0.0,0.0,1.826,1.964,0.0,73.9,0.0,0.0,0.0,,0.0,64.4,165.2,0.0,0.0,0.0,0.0,316.4,552.2,305.6,559.4,318.2,545.0,316.4,543.2,0.0,0.0,165.02,0.0,314.15,249.74999999999997,100.62,1.451833333333333,94037.06399999998,0.0,0.48,0.48,343.4,True,2026-08-14 08:27:13-07:00
1000.06,2,10,2026-08-14 15:43:29,36.88895,-121.40336,230.0,0.0,109.8,-12.5,0.09,KCVH,0.4,308.4,0.0,11.5,-0.7,82.2,0.0,139.0,0.0,-0.01,1.0,99.0,5.0,18.0,0.0,30.05,503.0,0.0,0.0,128.0,3500.0,0.0,0.0,129.0,0.0,0.0,5.0,2.0,0.0,0.0,0.0,0.0,0.0,0.0,0.0,0.0,0.0,0.0,0.0,0.0,0.0,0.0,0.0,0.0,0.0,74.0,0.0,0.0,30.1,0.0,0.0,0.0,19.5,0.0,0.0,9.1,0.0,0.0,-0.1,37.5,32.6,0.0,0.0,0.0,0.0,158.0,288.0,152.0,291.0,159.0,283.0,158.0,283.0,0.0,0.0,4.0,0.0,0.0,19.5,3.0,4.998,0.0,0.0,1.826,1.964,0.0,73.9,0.0,0.0,0.0,,0.0,64.4,165.2,0.0,0.0,0.0,0.0,316.4,550.4,305.6,555.8,318.2,541.4,316.4,541.4,0.0,0.0,165.02,0.0,314.15,249.74999999999997,100.62,1.451833333333333,94037.06399999998,0.0,0.48,0.48,343.4,True,2026-08-14 08:27:13-07:00
1001.06,2,10,2026-08-14 15:43:30,36.88895,-121.40336,230.0,0.0,109.8,-12.5,0.09,KCVH,0.4,308.4,0.0,11.5,-0.7,82.2,0.0,139.0,0.0,-0.01,1.0,99.0,-26.0,18.0,0.0,30.05,503.0,0.0,0.0,128.0,3500.0,0.0,0.0,129.0,0.0,0.0,5.0,2.0,0.0,0.0,0.0,0.0,0.0,0.0,0.0,0.0,0.0,0.0,0.0,0.0,0.0,0.0,0.0,0.0,0.0,74.0,0.0,0.0,30.1,0.0,0.0,0.0,19.4,0.0,0.0,9.1,0.0,0.0,-0.1,37.5,32.6,0.0,0.0,0.0,0.0,158.0,286.0,153.0,290.0,159.0,282.0,158.0,282.0,0.0,0.0,4.0,0.0,0.0,19.4,2.0,4.998,0.0,0.0,1.826,1.964,0.0,73.9,0.0,0.0,0.0,,0.0,64.4,165.2,0.0,0.0,0.0,0.0,316.4,546.8,307.4,554.0,318.2,539.6,316.4,539.6,0.0,0.0,165.02,0.0,314.59999999999997,250.19999999999996,100.62,1.451833333333333,94037.06399999998,0.0,0.48,0.48,343.4,True,2026-08-14 08:27:13-07:00
1002.06,2,10,2026-08-14 15:43:31,36.88895,-121.40336,230.0,0.0,109.8,-12.5,0.09,KCVH,0.4,308.4,0.0,11.5,-0.7,82.2,0.0,139.0,0.0,-0.01,1.0,99.0,-15.0,18.0,0.0,30.05,511.0,0.0,0.0,128.0,3500.0,0.0,0.0,129.0,0.0,0.0,5.0,2.0,0.0,0.0,0.0,0.0,0.0,0.0,0.0,0.0,0.0,0.0,0.0,0.0,0.0,0.0,0.0,0.0,0.0,74.0,0.0,0.0,30.1,0.0,0.0,0.0,19.3,0.0,0.0,9.1,0.0,0.0,-0.1,37.5,32.6,0.0,0.0,0.0,0.0,158.0,284.0,152.0,288.0,159.0,281.0,158.0,280.0,0.0,0.0,4.0,0.0,0.0,19.3,3.0,4.998,0.0,0.0,1.826,1.964,0.0,73.9,0.0,0.0,0.0,,0.0,64.4,165.2,0.0,0.0,0.0,0.0,316.4,543.2,305.6,550.4,318.2,537.8,316.4,536.0,0.0,0.0,165.02,0.0,314.15,249.74999999999997,100.62,1.451833333333333,94037.06399999998,0.0,0.48,0.48,343.4,True,2026-08-14 08:27:13-07:00
1003.06,2,10,2026-08-14 15:43:32,36.88895,-121.40336,230.0,0.0,109.8,-12.5,0.09,KCVH,0.4,308.4,0.0,11.5,-0.7,82.1,0.0,139.0,0.0,-0.01,1.0,99.0,2.0,18.0,0.0,30.05,511.0,0.0,0.0,128.0,3500.0,0.0,0.0,129.0,0.0,0.0,5.0,2.0,0.0,0.0,0.0,0.0,0.0,0.0,0.0,0.0,0.0,0.0,0.0,0.0,0.0,0.0,0.0,0.0,0.0,74.0,0.0,0.0,30.1,0.0,0.0,0.0,19.3,0.0,0.0,9.1,0.0,0.0,-0.1,37.5,32.6,0.0,0.0,0.0,0.0,158.0,284.0,152.0,288.0,159.0,280.0,158.0,279.0,0.0,0.0,4.0,0.0,0.0,19.3,3.0,4.998,0.0,0.0,1.826,1.964,0.0,73.9,0.0,0.0,0.0,,0.0,64.4,165.2,0.0,0.0,0.0,0.0,316.4,543.2,305.6,550.4,318.2,536.0,316.4,534.2,0.0,0.0,165.02,0.0,314.15,249.74999999999997,100.62,1.451833333333333,94037.06399999998,0.0,0.48,0.48,343.4,True,2026-08-14 08:27:13-07:00
1004.06,2,10,2026-08-14 15:43:33,36.88895,-121.40336,230.0,0.1,109.8,-12.5,0.09,KCVH,0.4,308.4,0.0,11.5,-0.7,82.2,0.0,139.0,0.0,-0.01,1.0,99.0,-4.0,18.0,0.0,30.05,511.0,0.0,0.0,128.0,3500.0,0.0,0.0,129.0,0.0,0.0,5.0,2.0,0.0,0.0,0.0,0.0,0.0,0.0,0.0,0.0,0.0,0.0,0.0,0.0,0.0,0.0,0.0,0.0,0.0,74.0,0.0,0.0,30.1,0.0,0.0,0.0,19.2,0.0,0.0,9.1,0.0,0.0,-0.1,37.5,32.6,0.0,0.0,0.0,0.0,158.0,282.0,152.0,286.0,159.0,279.0,158.0,278.0,0.0,0.0,4.0,0.0,0.0,19.2,2.0,4.998,0.0,0.0,1.826,1.964,0.0,73.9,0.0,0.0,0.0,,0.0,64.4,165.2,0.0,0.0,0.0,0.0,316.4,539.6,305.6,546.8,318.2,534.2,316.4,532.4,0.0,0.0,165.02,0.0,314.15,249.74999999999997,100.62,1.451833333333333,94037.14833333332,0.0,0.48,0.48,343.4,True,2026-08-14 08:27:13-07:00
1005.06,2,10,2026-08-14 15:43:34,36.88895,-121.40336,230.0,0.0,109.8,-12.5,0.09,KCVH,0.4,308.4,0.0,11.5,-0.7,82.1,0.0,139.0,0.0,-0.01,1.0,99.0,-31.0,18.0,0.0,30.05,513.0,0.0,0.0,128.0,3500.0,0.0,0.0,129.0,0.0,0.0,5.0,2.0,0.0,0.0,0.0,0.0,0.0,0.0,0.0,0.0,0.0,0.0,0.0,0.0,0.0,0.0,0.0,0.0,0.0,74.0,0.0,0.0,30.1,0.0,0.0,0.0,19.2,0.0,0.0,9.1,0.0,0.0,-0.1,37.5,32.6,0.0,0.0,0.0,0.0,157.0,281.0,152.0,285.0,159.0,278.0,158.0,277.0,0.0,0.0,4.0,0.0,0.0,19.2,2.0,4.998,0.0,0.0,1.826,1.964,0.0,73.8,0.0,0.0,0.0,,0.0,64.4,165.2,0.0,0.0,0.0,0.0,314.6,537.8,305.6,545.0,318.2,532.4,316.4,530.6,0.0,0.0,164.83999999999997,0.0,313.7,249.29999999999998,100.43999999999997,1.451833333333333,94037.23266666665,0.0,0.48,0.48,343.4,True,2026-08-14 08:27:13-07:00
1006.06,2,10,2026-08-14 15:43:35,36.88895,-121.40336,230.0,0.0,109.8,-12.5,0.09,KCVH,0.4,308.4,0.0,11.5,-0.7,82.1,0.0,139.0,0.0,-0.01,1.0,99.0,-13.0,18.0,0.0,30.05,511.0,0.0,0.0,128.0,3500.0,0.0,0.0,129.0,0.0,0.0,5.0,2.0,0.0,0.0,0.0,0.0,0.0,0.0,0.0,0.0,0.0,0.0,0.0,0.0,0.0,0.0,0.0,0.0,0.0,74.0,0.0,0.0,30.1,0.0,0.0,0.0,19.1,0.0,0.0,9.1,0.0,0.0,-0.1,37.5,32.6,0.0,0.0,0.0,0.0,157.0,280.0,152.0,284.0,159.0,277.0,158.0,276.0,0.0,0.0,4.0,0.0,0.0,19.1,3.0,4.998,0.0,0.0,1.826,1.964,0.0,73.8,0.0,0.0,0.0,,0.0,64.4,165.2,0.0,0.0,0.0,0.0,314.6,536.0,305.6,543.2,318.2,530.6,316.4,528.8,0.0,0.0,164.83999999999997,0.0,313.7,249.29999999999998,100.43999999999997,1.451833333333333,94037.23266666665,0.0,0.48,0.48,343.4,True,2026-08-14 08:27:13-07:00
1007.06,2,10,2026-08-14 15:43:36,36.88895,-121.40336,230.0,0.0,109.8,-12.5,0.09,KCVH,0.4,308.4,0.0,11.5,-0.6,82.1,0.0,139.0,0.0,-0.01,1.0,99.0,-21.0,18.0,0.0,30.05,511.0,0.0,0.0,128.0,3500.0,0.0,0.0,129.0,0.0,0.0,5.0,2.0,0.0,0.0,0.0,0.0,0.0,0.0,0.0,0.0,0.0,0.0,0.0,0.0,0.0,0.0,0.0,0.0,0.0,74.0,0.0,0.0,30.1,0.0,0.0,0.0,19.0,0.0,0.0,9.1,0.0,0.0,-0.1,37.5,32.6,0.0,0.0,0.0,0.0,157.0,278.0,152.0,283.0,159.0,276.0,158.0,275.0,0.0,0.0,4.0,0.0,0.0,19.0,3.0,4.998,0.0,0.0,1.826,1.964,0.0,73.8,0.0,0.0,0.0,,0.0,64.4,165.2,0.0,0.0,0.0,0.0,314.6,532.4,305.6,541.4,318.2,528.8,316.4,527.0,0.0,0.0,164.83999999999997,0.0,313.7,249.29999999999998,100.43999999999997,1.451833333333333,94037.23266666665,0.0,0.48,0.48,343.4,True,2026-08-14 08:27:13-07:00
1008.06,2,10,2026-08-14 15:43:37,36.88895,-121.40336,230.0,0.0,109.8,-12.5,0.09,KCVH,0.4,308.4,0.0,11.5,-0.6,82.2,0.0,139.0,0.0,-0.01,1.0,99.0,-33.0,18.0,0.0,30.05,511.0,0.0,0.0,128.0,3500.0,0.0,0.0,129.0,0.0,0.0,5.0,2.0,0.0,0.0,0.0,0.0,0.0,0.0,0.0,0.0,0.0,0.0,0.0,0.0,0.0,0.0,0.0,0.0,0.0,74.0,0.0,0.0,30.1,0.0,0.0,0.0,19.0,0.0,0.0,9.1,0.0,0.0,-0.1,37.5,32.6,0.0,0.0,0.0,0.0,157.0,277.0,152.0,281.0,159.0,275.0,157.0,274.0,0.0,0.0,4.0,0.0,0.0,19.0,3.0,4.998,0.0,0.0,1.826,1.964,0.0,73.8,0.0,0.0,0.0,,0.0,64.4,165.2,0.0,0.0,0.0,0.0,314.6,530.6,305.6,537.8,318.2,527.0,314.6,525.2,0.0,0.0,164.83999999999997,0.0,313.25,248.85,100.43999999999997,1.451833333333333,94037.23266666665,0.0,0.48,0.48,343.4,True,2026-08-14 08:27:13-07:00
1009.06,2,10,2026-08-14 15:43:38,36.88895,-121.40336,230.0,0.0,109.8,-12.5,0.09,KCVH,0.4,308.4,0.0,11.5,-0.7,82.2,0.0,139.0,0.0,-0.01,1.0,99.0,-6.0,18.0,0.0,30.05,511.0,0.0,0.0,128.0,3500.0,0.0,0.0,129.0,0.0,0.0,5.0,2.0,0.0,0.0,0.0,0.0,0.0,0.0,0.0,0.0,0.0,0.0,0.0,0.0,0.0,0.0,0.0,0.0,0.0,74.0,0.0,0.0,30.1,0.0,0.0,0.0,18.9,0.0,0.0,9.1,0.0,0.0,-0.1,37.5,32.6,0.0,0.0,0.0,0.0,157.0,276.0,152.0,280.0,159.0,274.0,157.0,273.0,0.0,0.0,4.0,0.0,0.0,18.9,3.0,4.998,0.0,0.0,1.826,1.964,0.0,73.8,0.0,0.0,0.0,,0.0,64.4,165.2,0.0,0.0,0.0,0.0,314.6,528.8,305.6,536.0,318.2,525.2,314.6,523.4,0.0,0.0,164.83999999999997,0.0,313.25,248.85,100.43999999999997,1.451833333333333,94037.23266666665,0.0,0.48,0.48,343.4,True,2026-08-14 08:27:13-07:00
1010.06,2,10,2026-08-14 15:43:39,36.88895,-121.40336,230.0,0.1,109.8,-12.5,0.09,KCVH,0.4,308.4,0.0,11.5,-0.7,82.2,0.0,139.0,0.0,-0.01,1.0,99.0,-28.0,18.0,0.0,30.05,511.0,0.0,0.0,128.0,3500.0,0.0,0.0,129.0,0.0,0.0,5.0,2.0,0.0,0.0,0.0,0.0,0.0,0.0,0.0,0.0,0.0,0.0,0.0,0.0,0.0,0.0,0.0,0.0,0.0,74.0,0.0,0.0,30.1,0.0,0.0,0.0,18.9,0.0,0.0,9.1,6.2,0.0,14.2,37.5,32.6,0.0,0.0,0.0,0.0,157.0,274.0,152.0,279.0,159.0,272.0,157.0,271.0,0.0,0.0,4.0,0.0,0.0,18.9,2.0,4.998,0.0,0.0,1.825,1.964,0.0,73.8,0.0,0.0,0.0,,0.0,64.4,165.2,0.0,0.0,0.0,0.0,314.6,525.2,305.6,534.2,318.2,521.6,314.6,519.8,0.0,0.0,164.83999999999997,0.0,313.25,248.85,100.43999999999997,1.451833333333333,94037.31699999998,0.0,0.48,0.48,343.4,True,2026-08-14 08:27:13-07:00
1011.06,2,10,2026-08-14 15:43:40,36.88895,-121.40336,229.0,0.1,109.8,-12.5,0.09,KCVH,0.4,308.4,0.0,11.5,-0.7,82.2,0.0,139.0,0.1,-0.01,1.0,99.0,-26.0,18.0,0.0,30.05,511.0,0.0,0.0,128.0,3500.0,0.0,0.0,129.0,0.0,0.0,5.0,2.0,0.0,0.0,0.0,0.0,0.0,0.0,0.0,0.0,0.0,0.0,0.0,0.0,0.0,0.0,0.0,0.0,0.0,74.0,0.0,0.0,30.1,0.0,0.0,0.0,18.8,0.0,0.0,9.1,0.8,0.0,12.5,37.5,32.6,0.0,0.0,0.0,0.0,157.0,273.0,152.0,278.0,158.0,271.0,157.0,271.0,0.0,0.0,4.0,0.2,0.0,18.8,3.0,4.998,0.0,0.0,1.826,1.964,0.0,73.8,0.0,0.0,0.0,,0.0,64.4,165.2,0.0,0.0,0.0,0.0,314.6,523.4,305.6,532.4,316.4,519.8,314.6,519.8,0.0,0.0,164.83999999999997,0.0,312.8,248.4,100.43999999999997,1.451833333333333,94037.48566666665,0.0,0.48,0.48,343.4,True,2026-08-14 08:27:13-07:00
1012.06,2,10,2026-08-14 15:43:41,36.88895,-121.40336,229.0,0.0,109.8,-12.5,0.09,KCVH,0.4,308.4,0.0,11.5,-0.7,82.2,0.0,139.0,0.0,-0.01,1.0,0.0,-28.0,18.0,0.0,30.05,513.0,0.0,0.0,128.0,3500.0,0.0,0.0,129.0,0.0,0.0,5.0,2.0,0.0,0.0,0.0,0.0,0.0,0.0,0.0,0.0,0.0,0.0,0.0,0.0,0.0,0.0,0.0,0.0,0.0,74.0,0.0,0.0,30.1,0.0,0.0,0.0,18.8,0.0,0.0,9.1,0.2,0.0,11.6,37.5,32.6,0.0,0.0,0.0,0.0,157.0,272.0,152.0,276.0,158.0,270.0,157.0,270.0,0.0,0.0,4.0,1.6,0.0,18.8,2.0,4.998,0.0,0.0,1.826,1.964,0.0,73.8,0.0,0.0,0.0,,0.0,64.4,165.2,0.0,0.0,0.0,0.0,314.6,521.6,305.6,528.8,316.4,518.0,314.6,518.0,0.0,0.0,164.83999999999997,0.0,312.8,248.4,100.43999999999997,1.451833333333333,94037.56999999998,0.0,0.48,0.48,343.4,True,2026-08-14 08:27:13-07:00
1013.06,2,10,2026-08-14 15:43:42,36.88894,-121.40336,231.0,0.0,109.8,-12.5,0.09,KCVH,0.4,308.4,0.0,11.5,-0.7,82.2,0.0,139.0,0.0,-0.01,1.0,0.0,-17.0,18.0,0.0,30.05,513.0,0.0,0.0,128.0,3500.0,0.0,0.0,129.0,0.0,0.0,5.0,2.0,0.0,0.0,0.0,0.0,0.0,0.0,0.0,0.0,0.0,0.0,0.0,0.0,0.0,0.0,0.0,0.0,0.0,74.0,0.0,0.0,30.1,0.0,0.0,0.0,18.7,0.0,0.0,9.1,0.1,0.0,11.0,37.5,32.6,0.0,0.0,0.0,0.0,157.0,271.0,152.0,275.0,158.0,269.0,157.0,268.0,0.0,0.0,4.0,3.5,0.0,18.7,3.0,4.998,0.0,0.0,1.826,1.964,0.0,73.8,0.0,0.0,0.0,,0.0,64.4,165.2,0.0,0.0,0.0,0.0,314.6,519.8,305.6,527.0,316.4,516.2,314.6,514.4,0.0,0.0,164.83999999999997,0.0,312.8,248.4,100.43999999999997,1.451833333333333,94037.56999999998,0.0,0.48,0.48,343.4,True,2026-08-14 08:27:13-07:00
1014.06,2,10,2026-08-14 15:43:43,36.88894,-121.40336,231.0,0.0,109.8,-12.5,0.09,KCVH,0.4,308.4,0.0,11.5,-0.7,82.2,0.0,139.0,0.1,-0.01,1.0,0.0,-4.0,18.0,0.0,30.05,513.0,0.0,0.0,128.0,3500.0,0.0,0.0,129.0,0.0,0.0,5.0,2.0,0.0,0.0,0.0,0.0,0.0,0.0,0.0,0.0,0.0,0.0,0.0,0.0,0.0,0.0,0.0,0.0,0.0,74.0,0.0,0.0,30.1,0.0,0.0,0.0,18.7,0.0,0.0,9.1,0.1,0.0,10.7,37.5,32.6,0.0,0.0,0.0,0.0,157.0,270.0,152.0,274.0,158.0,268.0,157.0,267.0,0.0,0.0,4.0,5.5,0.0,18.7,3.0,4.998,0.0,0.0,1.826,1.964,0.0,73.8,0.0,0.0,0.0,,0.0,64.4,165.2,0.0,0.0,0.0,0.0,314.6,518.0,305.6,525.2,316.4,514.4,314.6,512.6,0.0,0.0,164.83999999999997,0.0,312.8,248.4,100.43999999999997,1.451833333333333,94037.56999999998,0.0,0.48,0.48,343.4,True,2026-08-14 08:27:13-07:00
1015.06,2,10,2026-08-14 15:43:44,36.88894,-121.40336,231.0,0.1,109.8,-12.5,0.09,KCVH,0.4,308.4,0.0,11.5,-0.7,82.2,0.0,139.0,0.0,-0.01,1.0,0.0,-7.0,18.0,0.0,30.05,513.0,0.0,0.0,128.0,3500.0,0.0,0.0,129.0,0.0,0.0,5.0,2.0,0.0,0.0,0.0,0.0,0.0,0.0,0.0,0.0,0.0,0.0,0.0,0.0,0.0,0.0,0.0,0.0,0.0,74.0,0.0,0.0,30.1,0.0,0.0,0.0,18.6,0.0,0.0,9.1,0.1,0.0,10.5,37.5,32.6,0.0,0.0,0.0,0.0,157.0,269.0,152.0,273.0,158.0,267.0,157.0,266.0,0.0,0.0,4.0,7.6,0.0,18.6,3.0,4.998,0.0,0.0,1.826,1.964,0.0,73.8,0.0,0.0,0.0,,0.0,64.4,165.2,0.0,0.0,0.0,0.0,314.6,516.2,305.6,523.4,316.4,512.6,314.6,510.8,0.0,0.0,164.83999999999997,0.0,312.8,248.4,100.43999999999997,1.451833333333333,94037.65433333331,0.0,0.48,0.48,343.4,True,2026-08-14 08:27:13-07:00
1016.06,2,10,2026-08-14 15:43:45,36.88894,-121.40336,231.0,0.1,109.8,-12.5,0.09,KCVH,0.4,308.4,0.0,11.5,-0.7,82.1,0.0,139.0,0.0,-0.02,1.0,0.0,5.0,18.0,0.0,30.05,513.0,0.0,0.0,128.0,3500.0,0.0,0.0,129.0,0.0,0.0,5.0,2.0,0.0,0.0,0.0,0.0,0.0,0.0,0.0,0.0,0.0,0.0,0.0,0.0,0.0,0.0,0.0,0.0,0.0,74.0,0.0,0.0,30.1,0.0,0.0,0.0,18.5,0.0,0.0,9.1,0.0,0.0,10.4,37.5,32.6,0.0,0.0,0.0,0.0,156.0,268.0,152.0,272.0,158.0,266.0,157.0,266.0,0.0,0.0,4.0,9.8,0.0,18.5,3.0,4.998,0.0,0.0,1.826,1.964,0.0,73.8,0.0,0.0,0.0,,0.0,64.4,165.2,0.0,0.0,0.0,0.0,312.8,514.4,305.6,521.6,316.4,510.8,314.6,510.8,0.0,0.0,164.83999999999997,0.0,312.35,247.95000000000002,100.43999999999997,1.451833333333333,94037.82299999997,0.0,0.48,0.48,343.4,True,2026-08-14 08:27:13-07:00
1017.06,2,10,2026-08-14 15:43:46,36.88894,-121.40336,230.0,0.1,109.8,-12.5,0.09,KCVH,0.4,308.4,0.0,11.5,-0.6,82.2,0.0,139.0,0.0,-0.01,1.0,0.0,-23.0,18.0,0.0,30.05,513.0,0.0,0.0,128.0,3500.0,0.0,0.0,129.0,0.0,0.0,5.0,2.0,0.0,0.0,0.0,0.0,0.0,0.0,0.0,0.0,0.0,0.0,0.0,0.0,0.0,0.0,0.0,0.0,0.0,74.0,0.0,0.0,30.1,0.0,0.0,0.0,18.5,0.0,0.0,9.1,0.0,0.0,10.3,37.5,32.6,0.0,0.0,0.0,0.0,156.0,268.0,151.0,271.0,158.0,265.0,157.0,264.0,0.0,0.0,4.0,11.9,0.0,18.5,3.0,4.998,0.0,0.0,1.826,1.964,0.0,73.7,0.0,0.0,0.0,,0.0,64.4,165.2,0.0,0.0,0.0,0.0,312.8,514.4,303.8,519.8,316.4,509.0,314.6,507.2,0.0,0.0,164.66000000000003,0.0,311.9,247.49999999999997,100.26000000000002,1.451833333333333,94037.99166666664,0.0,0.48,0.48,343.4,True,2026-08-14 08:27:13-07:00
1018.06,2,10,2026-08-14 15:43:47,36.88894,-121.40336,231.0,0.1,109.8,-12.5,0.09,KCVH,0.4,308.4,0.0,11.6,-0.7,82.2,0.0,139.0,0.0,-0.01,1.0,0.0,-6.0,18.0,0.0,30.05,513.0,0.0,0.0,128.0,3500.0,0.0,0.0,129.0,0.0,0.0,5.0,2.0,0.0,0.0,0.0,0.0,0.0,0.0,0.0,0.0,0.0,0.0,0.0,0.0,0.0,0.0,0.0,0.0,0.0,74.0,0.0,0.0,30.1,0.0,0.0,0.0,18.4,0.0,0.0,9.1,0.0,0.0,10.2,37.5,32.6,0.0,0.0,0.0,0.0,156.0,267.0,151.0,270.0,158.0,264.0,156.0,263.0,0.0,0.0,4.0,13.9,0.0,18.4,3.0,4.998,0.0,0.0,1.743,1.907,0.0,73.7,0.0,0.0,0.0,,0.0,64.4,165.2,0.0,0.0,0.0,0.0,312.8,512.6,303.8,518.0,316.4,507.2,312.8,505.4,0.0,0.0,164.66000000000003,0.0,311.45,247.04999999999998,100.26000000000002,1.451833333333333,94038.16033333332,0.0,0.48,0.48,343.4,True,2026-08-14 08:27:13-07:00
1019.06,2,10,2026-08-14 15:43:48,36.88894,-121.40336,230.0,0.1,109.8,-12.5,0.09,KCVH,0.4,308.4,0.0,11.6,-0.6,82.2,0.0,139.0,0.0,-0.01,1.0,0.0,21.0,18.0,0.0,30.05,513.0,0.0,0.0,128.0,3500.0,0.0,0.0,129.0,0.0,0.0,5.0,2.0,0.0,0.0,0.0,0.0,0.0,0.0,0.0,0.0,0.0,0.0,0.0,0.0,0.0,0.0,0.0,0.0,0.0,74.0,0.0,0.0,30.1,0.0,0.0,0.0,18.3,0.0,0.0,9.1,0.0,0.0,10.2,37.5,32.6,0.0,0.0,0.0,0.0,156.0,266.0,151.0,269.0,158.0,263.0,156.0,262.0,0.0,0.0,4.0,15.7,0.0,18.3,3.0,4.998,0.0,0.0,1.724,1.901,0.0,73.7,0.0,0.0,0.0,,0.0,64.4,165.2,0.0,0.0,0.0,0.0,312.8,510.8,303.8,516.2,316.4,505.4,312.8,503.6,0.0,0.0,164.66000000000003,0.0,311.45,247.04999999999998,100.26000000000002,1.451833333333333,94038.32899999998,0.0,0.48,0.48,343.4,True,2026-08-14 08:27:13-07:00
1020.06,2,10,2026-08-14 15:43:49,36.88894,-121.40336,230.0,0.0,109.8,-12.5,0.09,KCVH,0.4,308.4,0.0,11.5,-0.7,82.2,0.0,139.0,0.0,-0.01,0.9,0.0,-2.0,18.0,0.0,30.05,513.0,0.0,0.0,128.0,3500.0,0.0,0.0,129.0,0.0,0.0,5.0,2.0,0.0,0.0,0.0,0.0,0.0,0.0,0.0,0.0,0.0,0.0,0.0,0.0,0.0,0.0,0.0,0.0,0.0,74.0,0.0,0.0,30.1,0.0,0.0,0.0,18.3,0.0,0.0,9.1,0.0,0.0,10.2,37.5,32.6,0.0,0.0,0.0,0.0,156.0,265.0,151.0,268.0,157.0,262.0,156.0,261.0,0.0,0.0,4.0,17.3,0.0,18.3,3.0,4.998,0.0,0.0,1.831,1.964,0.0,73.7,0.0,0.0,0.0,,0.0,64.4,165.2,0.0,0.0,0.0,0.0,312.8,509.0,303.8,514.4,314.6,503.6,312.8,501.8,0.0,0.0,164.66000000000003,0.0,311.0,246.6,100.26000000000002,1.451833333333333,94038.41333333332,0.0,0.48,0.48,343.4,True,2026-08-14 08:27:13-07:00
1021.06,2,10,2026-08-14 15:43:50,36.88894,-121.40336,230.0,0.1,109.8,-12.5,0.09,KCVH,0.4,308.4,0.0,11.5,-0.9,82.2,0.0,139.0,0.0,-0.02,1.0,0.0,-4.0,18.0,0.0,30.05,513.0,0.0,0.0,128.0,3500.0,0.0,0.0,129.0,0.0,0.0,5.0,2.0,0.0,0.0,0.0,0.0,0.0,0.0,0.0,0.0,0.0,0.0,0.0,0.0,0.0,0.0,0.0,0.0,0.0,74.0,0.0,0.0,30.1,0.0,0.0,0.0,18.2,0.0,0.0,9.1,0.0,0.0,10.2,37.5,32.6,0.0,0.0,0.0,0.0,156.0,264.0,151.0,268.0,157.0,261.0,156.0,260.0,0.0,0.0,4.0,18.7,0.0,18.2,3.0,4.998,0.0,0.0,1.826,1.964,0.0,73.7,0.0,0.0,0.0,,0.0,64.4,165.2,0.0,0.0,0.0,0.0,312.8,507.2,303.8,514.4,314.6,501.8,312.8,500.0,0.0,0.0,164.66000000000003,0.0,311.0,246.6,100.26000000000002,1.451833333333333,94038.49766666665,0.0,0.48,0.48,343.4,True,2026-08-14 08:27:13-07:00
1022.06,2,10,2026-08-14 15:43:51,36.88894,-121.40336,230.0,0.1,109.8,-12.5,0.09,KCVH,0.4,308.4,0.0,11.5,-0.9,82.2,0.0,139.0,0.0,-0.02,0.9,0.0,-12.0,18.0,0.0,30.05,513.0,0.0,0.0,128.0,3500.0,0.0,0.0,129.0,0.0,0.0,5.0,2.0,0.0,0.0,0.0,0.0,0.0,0.0,0.0,0.0,0.0,0.0,0.0,0.0,0.0,0.0,0.0,0.0,0.0,74.0,0.0,0.0,30.1,0.0,0.0,0.0,18.2,0.0,0.0,9.1,0.0,0.0,10.2,37.5,32.6,0.0,0.0,0.0,0.0,156.0,263.0,151.0,266.0,157.0,260.0,156.0,260.0,0.0,0.0,4.0,19.9,0.0,18.2,3.0,4.998,0.0,0.0,1.826,1.964,0.0,73.7,0.0,0.0,0.0,,0.0,64.4,165.2,0.0,0.0,0.0,0.0,312.8,505.4,303.8,510.8,314.6,500.0,312.8,500.0,0.0,0.0,164.66000000000003,0.0,311.0,246.6,100.26000000000002,1.451833333333333,94038.66633333331,0.0,0.48,0.48,343.4,True,2026-08-14 08:27:13-07:00
1023.06,2,10,2026-08-14 15:43:52,36.88894,-121.40336,229.0,0.1,109.8,-12.5,0.09,KCVH,0.4,308.5,0.0,11.5,-0.6,82.2,0.0,139.0,0.0,-0.01,0.9,0.0,-29.0,18.0,0.0,30.05,514.0,0.0,0.0,128.0,3500.0,0.0,0.0,129.0,0.0,0.0,5.0,2.0,0.0,0.0,0.0,0.0,0.0,0.0,0.0,0.0,0.0,0.0,0.0,0.0,0.0,0.0,0.0,0.0,0.0,74.0,0.0,0.0,30.1,0.0,0.0,0.0,18.1,0.0,0.0,9.1,0.0,0.0,10.2,37.5,32.6,0.0,0.0,0.0,0.0,156.0,262.0,151.0,266.0,157.0,259.0,156.0,259.0,0.0,0.0,4.0,21.0,0.0,18.1,3.0,4.998,0.0,0.0,1.825,1.929,0.0,73.7,0.0,0.0,0.0,,0.0,64.4,165.2,0.0,0.0,0.0,0.0,312.8,503.6,303.8,510.8,314.6,498.2,312.8,498.2,0.0,0.0,164.66000000000003,0.0,311.0,246.6,100.26000000000002,1.451833333333333,94038.83499999998,0.0,0.48,0.48,343.4,True,2026-08-14 08:27:13-07:00
1024.06,2,10,2026-08-14 15:43:53,36.88894,-121.40336,229.0,0.0,109.8,-12.5,0.09,KCVH,0.4,308.5,0.0,11.5,-0.5,82.2,0.0,139.0,0.0,-0.01,1.0,0.0,-23.0,18.0,0.0,30.05,514.0,0.0,0.0,128.0,3500.0,0.0,0.0,129.0,0.0,0.0,5.0,2.0,0.0,0.0,0.0,0.0,0.0,0.0,0.0,0.0,0.0,0.0,0.0,0.0,0.0,0.0,0.0,0.0,0.0,74.0,0.0,0.0,30.1,0.0,0.0,0.0,18.1,0.0,0.0,9.1,0.0,0.0,10.1,37.5,32.6,0.0,0.0,0.0,0.0,156.0,261.0,151.0,265.0,157.0,258.0,156.0,258.0,0.0,0.0,4.0,21.9,0.0,18.1,3.0,4.998,0.0,0.0,1.826,1.964,0.0,73.7,0.0,0.0,0.0,,0.0,64.4,165.2,0.0,0.0,0.0,0.0,312.8,501.8,303.8,509.0,314.6,496.4,312.8,496.4,0.0,0.0,164.66000000000003,0.0,311.0,246.6,100.26000000000002,1.451833333333333,94038.91933333331,0.0,0.48,0.48,343.4,True,2026-08-14 08:27:13-07:00
1025.06,2,10,2026-08-14 15:43:54,36.88894,-121.40336,229.0,0.0,109.8,-12.5,0.09,KCVH,0.4,308.5,0.0,11.5,-0.5,82.1,0.0,139.0,0.0,-0.01,1.0,0.0,-5.0,18.0,0.0,30.05,514.0,0.0,0.0,128.0,3500.0,0.0,0.0,129.0,0.0,0.0,5.0,2.0,0.0,0.0,0.0,0.0,0.0,0.0,0.0,0.0,0.0,0.0,0.0,0.0,0.0,0.0,0.0,0.0,0.0,74.0,0.0,0.0,30.1,0.0,0.0,0.0,18.0,0.0,0.0,9.1,0.0,0.0,10.2,37.5,32.6,0.0,0.0,0.0,0.0,156.0,260.0,151.0,263.0,157.0,258.0,156.0,256.0,0.0,0.0,4.0,22.8,0.0,18.0,3.0,4.998,0.0,0.0,1.826,1.97,0.0,73.7,0.0,0.0,0.0,,0.0,64.4,165.2,0.0,0.0,0.0,0.0,312.8,500.0,303.8,505.4,314.6,496.4,312.8,492.8,0.0,0.0,164.66000000000003,0.0,311.0,246.6,100.26000000000002,1.451833333333333,94038.91933333331,0.0,0.48,0.48,343.4,True,2026-08-14 08:27:13-07:00
1026.06,2,10,2026-08-14 15:43:55,36.88894,-121.40336,230.0,0.0,109.8,-12.5,0.09,KCVH,0.4,308.5,0.0,11.6,-0.5,82.1,0.0,139.0,0.0,-0.01,1.0,0.0,-32.0,18.0,0.0,30.05,522.0,0.0,0.0,128.0,3500.0,0.0,0.0,129.0,0.0,0.0,5.0,2.0,0.0,0.0,0.0,0.0,0.0,0.0,0.0,0.0,0.0,0.0,0.0,0.0,0.0,0.0,0.0,0.0,0.0,74.0,0.0,0.0,30.1,0.0,0.0,0.0,17.9,0.0,0.0,9.1,0.0,0.0,10.1,37.5,32.6,0.0,0.0,0.0,0.0,156.0,259.0,151.0,262.0,157.0,257.0,156.0,256.0,0.0,0.0,4.0,23.5,0.0,17.9,3.0,4.998,0.0,0.0,1.875,1.967,0.0,73.7,0.0,0.0,0.0,,0.0,64.4,165.2,0.0,0.0,0.0,0.0,312.8,498.2,303.8,503.6,314.6,494.6,312.8,492.8,0.0,0.0,164.66000000000003,0.0,311.0,246.6,100.26000000000002,1.451833333333333,94038.91933333331,0.0,0.48,0.48,343.4,True,2026-08-14 08:27:13-07:00
1027.06,2,10,2026-08-14 15:43:56,36.88894,-121.40336,231.0,0.0,109.8,-12.5,0.09,KCVH,0.4,308.5,0.0,11.6,-0.6,82.1,0.0,139.0,0.0,-0.01,1.0,0.0,-16.0,18.0,0.0,30.05,522.0,0.0,0.0,128.0,3500.0,0.0,0.0,129.0,0.0,0.0,5.0,2.0,0.0,0.0,0.0,0.0,0.0,0.0,0.0,0.0,0.0,0.0,0.0,0.0,0.0,0.0,0.0,0.0,0.0,74.0,0.0,0.0,30.1,0.0,0.0,0.0,17.9,0.0,0.0,9.1,0.0,0.0,10.1,37.5,32.6,0.0,0.0,0.0,0.0,155.0,259.0,151.0,262.0,157.0,256.0,156.0,255.0,0.0,0.0,4.0,24.2,0.0,17.9,3.0,4.998,0.0,0.0,1.826,1.964,0.0,73.7,0.0,0.0,0.0,,0.0,64.4,165.2,0.0,0.0,0.0,0.0,311.0,498.2,303.8,503.6,314.6,492.8,312.8,491.0,0.0,0.0,164.66000000000003,0.0,310.55,246.15,100.26000000000002,1.451833333333333,94038.91933333331,0.0,0.48,0.48,343.4,True,2026-08-14 08:27:13-07:00
1028.06,2,10,2026-08-14 15:43:57,36.88894,-121.40336,231.0,0.1,109.8,-12.5,0.09,KCVH,0.4,308.5,0.0,11.6,-0.5,82.1,0.0,139.0,0.1,-0.01,1.0,0.0,-30.0,18.0,0.0,30.05,522.0,0.0,0.0,128.0,3500.0,0.0,0.0,129.0,0.0,0.0,5.0,2.0,0.0,0.0,0.0,0.0,0.0,0.0,0.0,0.0,0.0,0.0,0.0,0.0,0.0,0.0,0.0,0.0,0.0,74.0,0.0,0.0,30.1,0.0,0.0,0.0,17.8,0.0,0.0,9.1,0.0,0.0,10.1,37.5,32.6,0.0,0.0,0.0,0.0,155.0,257.0,151.0,261.0,157.0,254.0,156.0,254.0,0.0,0.0,4.0,24.8,0.0,17.8,3.0,4.998,0.0,0.0,1.826,1.964,0.0,73.7,0.0,0.0,0.0,,0.0,64.4,165.2,0.0,0.0,0.0,0.0,311.0,494.6,303.8,501.8,314.6,489.2,312.8,489.2,0.0,0.0,164.66000000000003,0.0,310.55,246.15,100.26000000000002,1.451833333333333,94039.00366666664,0.0,0.48,0.48,343.4,True,2026-08-14 08:27:13-07:00
1029.06,2,10,2026-08-14 15:43:58,36.88893,-121.40337,231.0,0.1,109.8,-12.5,0.09,KCVH,0.4,308.6,0.0,11.6,-0.5,82.1,0.0,139.0,0.0,-0.01,1.0,0.0,-22.0,18.0,0.0,30.05,523.0,0.0,0.0,128.0,3500.0,0.0,0.0,129.0,0.0,0.0,5.0,2.0,0.0,0.0,0.0,0.0,0.0,0.0,0.0,0.0,0.0,0.0,0.0,0.0,0.0,0.0,0.0,0.0,0.0,74.0,0.0,0.0,30.1,0.0,0.0,0.0,17.8,0.0,0.0,9.1,0.0,0.0,10.1,37.5,32.6,0.0,0.0,0.0,0.0,155.0,256.0,151.0,260.0,157.0,253.0,155.0,253.0,0.0,0.0,4.0,25.3,0.0,17.8,3.0,4.998,0.0,0.0,1.826,1.964,0.0,73.7,0.0,0.0,0.0,,0.0,64.4,165.2,0.0,0.0,0.0,0.0,311.0,492.8,303.8,500.0,314.6,487.4,311.0,487.4,0.0,0.0,164.66000000000003,0.0,310.1,245.70000000000002,100.26000000000002,1.451833333333333,94039.1723333333,0.0,0.48,0.48,343.4,True,2026-08-14 08:27:13-07:00
1030.06,2,10,2026-08-14 15:43:59,36.88893,-121.40337,231.0,0.0,109.8,-12.5,0.09,KCVH,0.4,308.6,0.0,11.5,-0.5,82.1,0.0,139.0,0.1,-0.01,1.0,0.0,-25.0,18.0,0.0,30.05,522.0,0.0,0.0,128.0,3500.0,0.0,0.0,129.0,0.0,0.0,5.0,2.0,0.0,0.0,0.0,0.0,0.0,0.0,0.0,0.0,0.0,0.0,0.0,0.0,0.0,0.0,0.0,0.0,0.0,74.0,0.0,0.0,30.1,0.0,0.0,0.0,17.7,0.0,0.0,9.1,0.0,0.0,10.1,37.5,32.6,0.0,0.0,0.0,0.0,155.0,255.0,151.0,259.0,157.0,252.0,155.0,253.0,0.0,0.0,4.0,25.8,0.0,17.7,3.0,4.998,0.0,0.0,1.826,1.964,0.0,73.7,0.0,0.0,0.0,,0.0,64.4,165.2,0.0,0.0,0.0,0.0,311.0,491.0,303.8,498.2,314.6,485.6,311.0,487.4,0.0,0.0,164.66000000000003,0.0,310.1,245.70000000000002,100.26000000000002,1.451833333333333,94039.25666666665,0.0,0.48,0.48,343.4,True,2026-08-14 08:27:13-07:00
1031.06,2,10,2026-08-14 15:44:00,36.88893,-121.40337,231.0,0.0,109.8,-12.5,0.09,KCVH,0.4,308.6,0.0,11.6,-0.5,82.1,0.0,139.0,0.1,-0.01,1.0,0.0,-22.0,18.0,0.0,30.05,522.0,0.0,0.0,128.0,3500.0,0.0,0.0,129.0,0.0,0.0,5.0,2.0,0.0,0.0,0.0,0.0,0.0,0.0,0.0,0.0,0.0,0.0,0.0,0.0,0.0,0.0,0.0,0.0,0.0,74.0,0.0,0.0,30.1,0.0,0.0,0.0,17.6,0.0,0.0,9.1,0.0,0.0,10.1,37.5,32.6,0.0,0.0,0.0,0.0,155.0,254.0,151.0,258.0,157.0,252.0,155.0,251.0,0.0,0.0,4.0,26.3,0.0,17.6,3.0,4.998,0.0,0.0,1.826,1.964,0.0,73.7,0.0,0.0,0.0,,0.0,64.4,165.2,0.0,0.0,0.0,0.0,311.0,489.2,303.8,496.4,314.6,485.6,311.0,483.8,0.0,0.0,164.66000000000003,0.0,310.1,245.70000000000002,100.26000000000002,1.451833333333333,94039.25666666665,0.0,0.48,0.48,343.4,True,2026-08-14 08:27:13-07:00
1032.06,2,10,2026-08-14 15:44:01,36.88893,-121.40337,231.0,0.0,109.8,-12.5,0.09,KCVH,0.4,308.6,0.0,11.6,-0.5,82.1,0.0,13.0,0.0,0.0,0.0,0.0,0.0,0.0,0.0,0.0,0.0,0.0,0.0,0.0,0.0,0.0,0.0,0.0,0.0,0.0,0.0,0.0,0.0,0.0,0.0,0.0,0.0,0.0,0.0,0.0,0.0,0.0,0.0,0.0,0.0,0.0,0.0,0.0,0.0,0.0,0.0,0.0,0.0,0.0,0.0,0.0,0.0,0.0,0.0,0.0,0.0,0.0,0.0,0.0,0.0,0.0,0.0,0.0,0.0,0.0,0.0,0.0,0.0,0.0,0.0,0.0,0.0,0.0,0.0,0.0,0.0,0.0,0.0,0.0,0.0,0.0,0.0,0.0,0.0,0.0,0.0,0.0,0.0,0.0,,0.0,0.0,0.0,0.0,0.0,0.0,0.0,0.0,0.0,0.0,0.0,0.0,0.0,0.0,0.0,0.0,0.0,0.0,0.0,0.0,0.0,0.0,1.451833333333333,94039.25666666665,0.0,0.48,0.48,343.4,True,2026-08-14 08:27:13-07:00
