Session Time,GPS Fix Quality,Number of Satellites,GPS Date & Time,Latitude (deg),Longitude (deg),GPS Altitude (feet),Ground Speed (knots),Ground Track (deg),Mag Var (deg),Cross Track Error (NM),Destination Waypoint ID,Range to Destination (NM),Bearing to Destination (deg),System Time,Pitch (deg),Roll (deg),Magnetic Heading (deg),Indicated Airspeed (knots),Pressure Altitude (ft),Turn Rate (deg/s),Lateral Accel (g),Vertical Accel(g),Angle of Attack (%),Vertical Speed (ft/min),OAT (deg C),True Airspeed (knots),Barometer Setting (inHg),Density Altitude (ft),Wind Direction (deg),Wind Speed (knots),Heading Bug (deg),Altitude Bug (ft),Airspeed Bug (knots),Vertical Speed Bug (ft/min),Course (deg),CDI Source Type,CDI Source Port,CDI Scale (NM),CDI Deflection (%),Glideslope (%),AP Engaged,AP Roll Mode,AP Roll Force,AP Roll Position (steps),AP Roll Slip (bool),AP Pitch Force,AP Pitch Position (steps),AP Pitch Slip (bool),AP Yaw Force,AP Yaw Position,AP Yaw Slip (bool),Transponder Status,Transponder Reply (bool),Transponder Identing (bool),Transponder Code (octal),Oil Pressure (PSI),Oil Temp (deg C),RPM L,RPM R,Manifold Pressure (inHg),Fuel Flow 1 (gal/hr),Fuel Flow 2 (gal/hr),Total Fuel Flow (gal/hr),Fuel Pressure (PSI),Fuel Level L (gal),Fuel Level R (gal),Fuel Remaining (gal),Volts 1,Volts 2,Amps,Hobbs Time,Tach Time,Thermocouple 1 (deg C),Thermocouple 2 (deg C),Thermocouple 3 (deg C),Thermocouple 4 (deg C),CHT 4 (deg C),EGT 4 (deg C),CHT 3 (deg C),EGT 3 (deg C),CHT 2 (deg C),EGT 2 (deg C),CHT 1 (deg C),EGT 1 (deg C),Thermocouple 13 (deg C),Thermocouple 14 (deg C),ELEV POSITION (%),CO PPM PRESSURE (PSI),GP Input 3,FUEL PRESSURE (PSI),AILERN POSITION (%),CANOPY CONTACT (V),GP Input 7,GP Input 8,LEFT LEVEL (Sensor V),RIGHT LEVEL (Sensor V),OIL PRESSURE (PSI),OIL TEMPERATURE (deg C),GP Input 13,Contacts,Percent Power,EGT Leaning State,Unnamed: 103,OAT (deg F),Oil Temp (deg F),Thermocouple 1 (deg F),Thermocouple 2 (deg F),Thermocouple 3 (deg F),Thermocouple 4 (deg F),CHT 4 (deg F),EGT 4 (deg F),CHT 3 (deg F),EGT 3 (deg F),CHT 2 (deg F),EGT 2 (deg F),CHT 1 (deg F),EGT 1 (deg F),Thermocouple 13 (deg F),Thermocouple 14 (deg F),OIL TEMPERATURE (deg F),RPM,AVG_CHT,CHT_Delta_T,OIL_Delta_T,Fuel Flow Integral,Distance Traveled,MPG,CAS (knots),Corrected TAS (knots),Max CHT,Engine Run,Flight ID
7.06,0,0,2026-09-24 01:50:08,36.88906,-121.40337,0.0,0.1,11.3,-17.0,0.0,,0.0,0.0,0.0,11.3,-0.2,119.1,0.0,331.0,0.1,-0.01,1.0,99.0,-103.0,26.0,0.0,29.84,1695.0,0.0,0.0,150.0,0.0,0.0,0.0,0.0,0.0,0.0,0.0,0.0,0.0,0.0,0.0,0.0,0.0,0.0,0.0,0.0,0.0,0.0,0.0,0.0,0.0,0.0,0.0,0.0,0.0,89.0,0.0,0.0,29.9,0.0,0.0,0.0,4.1,0.0,0.0,8.5,0.0,0.0,9.6,45.1,39.5,0.0,0.0,0.0,0.0,135.0,99.0,135.0,109.0,138.0,106.0,135.0,105.0,0.0,0.0,11.0,254.2,0.0,4.1,7.0,4.998,0.0,0.0,0.658,0.78,0.0,88.5,0.0,0.0,0.0,,0.0,78.8,192.2,0.0,0.0,0.0,0.0,275.0,210.2,275.0,228.2,280.4,222.8,275.0,221.0,0.0,0.0,191.3,0.0,276.35,197.55,112.50000000000001,0.0,0.0,0.0,0.48,0.49,401.0,True,2026-09-23 18:50:08-07:00
8.06,1,6,2026-09-24 01:50:09,36.88901,-121.4034,244.0,0.0,11.3,-12.5,0.0,,0.0,0.0,0.0,11.3,-0.2,119.1,0.0,330.0,0.1,-0.01,1.0,99.0,-115.0,26.0,0.0,29.84,1692.0,0.0,0.0,150.0,0.0,0.0,0.0,0.0,0.0,0.0,0.0,0.0,0.0,0.0,0.0,0.0,0.0,0.0,0.0,0.0,0.0,0.0,0.0,0.0,0.0,0.0,0.0,0.0,0.0,89.0,0.0,0.0,29.9,0.0,0.0,0.0,4.1,0.0,0.0,8.5,0.0,0.0,9.4,45.1,39.5,0.0,0.0,0.0,0.0,135.0,99.0,135.0,109.0,138.0,105.0,135.0,105.0,0.0,0.0,11.0,254.2,0.0,4.1,7.0,4.998,0.0,0.0,0.658,0.779,0.0,88.5,0.0,0.0,0.0,,0.0,78.8,192.2,0.0,0.0,0.0,0.0,275.0,210.2,275.0,228.2,280.4,221.0,275.0,221.0,0.0,0.0,191.3,0.0,276.35,197.55,112.50000000000001,0.0,0.0843333333333334,0.0,0.48,0.49,401.0,True,2026-09-23 18:50:08-07:00
9.06,1,6,2026-09-24 01:50:10,36.889,-121.4034,245.0,0.0,11.3,-12.5,0.0,,0.0,0.0,0.0,11.3,-0.2,119.1,0.0,326.0,0.1,-0.01,1.0,99.0,-137.0,26.0,0.0,29.84,1688.0,0.0,0.0,150.0,0.0,0.0,0.0,0.0,0.0,0.0,0.0,0.0,0.0,0.0,0.0,0.0,0.0,0.0,0.0,0.0,0.0,0.0,0.0,0.0,0.0,0.0,0.0,0.0,0.0,89.0,0.0,0.0,29.9,0.0,0.0,0.0,4.1,0.0,0.0,8.5,0.0,0.0,9.6,45.1,39.5,0.0,0.0,0.0,0.0,135.0,99.0,135.0,109.0,138.0,105.0,135.0,105.0,0.0,0.0,11.0,254.2,0.0,4.1,7.0,4.998,0.0,0.0,0.658,0.78,0.0,88.5,0.0,0.0,0.0,,0.0,78.8,192.2,0.0,0.0,0.0,0.0,275.0,210.2,275.0,228.2,280.4,221.0,275.0,221.0,0.0,0.0,191.3,0.0,276.35,197.55,112.50000000000001,0.0,0.0843333333333334,0.0,0.48,0.49,401.0,True,2026-09-23 18:50:08-07:00
10.06,1,6,2026-09-24 01:50:11,36.889,-121.4034,245.0,0.0,11.3,-12.5,0.0,,0.0,0.0,0.0,11.3,-0.2,119.1,0.0,325.0,0.1,-0.01,1.0,99.0,-100.0,26.0,0.0,29.84,1686.0,0.0,0.0,150.0,0.0,0.0,0.0,0.0,0.0,0.0,0.0,0.0,0.0,0.0,0.0,0.0,0.0,0.0,0.0,0.0,0.0,0.0,0.0,0.0,0.0,0.0,0.0,0.0,0.0,89.0,0.0,0.0,29.9,0.0,0.0,0.0,4.1,0.0,0.0,8.5,0.0,0.0,9.7,45.1,39.5,0.0,0.0,0.0,0.0,135.0,99.0,135.0,109.0,138.0,105.0,135.0,105.0,0.0,0.0,11.0,254.2,0.0,4.1,7.0,4.998,0.0,0.0,0.658,0.78,0.0,88.5,0.0,0.0,0.0,,0.0,78.8,192.2,0.0,0.0,0.0,0.0,275.0,210.2,275.0,228.2,280.4,221.0,275.0,221.0,0.0,0.0,191.3,0.0,276.35,197.55,112.50000000000001,0.0,0.0843333333333334,0.0,0.48,0.49,401.0,True,2026-09-23 18:50:08-07:00
11.06,1,10,2026-09-24 01:50:12,36.88899,-121.40339,249.0,0.0,11.3,-12.5,0.0,,0.0,0.0,0.0,11.3,-0.2,119.0,0.0,322.0,0.0,-0.01,1.0,99.0,-159.0,26.0,0.0,29.84,1682.0,0.0,0.0,150.0,0.0,0.0,0.0,0.0,0.0,0.0,0.0,0.0,0.0,0.0,0.0,0.0,0.0,0.0,0.0,0.0,0.0,0.0,0.0,0.0,0.0,0.0,0.0,0.0,0.0,89.0,0.0,0.0,29.9,0.0,0.0,0.0,4.1,0.0,0.0,8.5,0.0,0.0,9.6,45.1,39.5,0.0,0.0,0.0,0.0,135.0,99.0,134.0,108.0,138.0,105.0,135.0,105.0,0.0,0.0,11.0,254.3,0.0,4.1,7.0,4.998,0.0,0.0,0.658,0.779,0.0,88.5,0.0,0.0,0.0,,0.0,78.8,192.2,0.0,0.0,0.0,0.0,275.0,210.2,273.2,226.4,280.4,221.0,275.0,221.0,0.0,0.0,191.3,0.0,275.9,197.09999999999997,112.50000000000001,0.0,0.0843333333333334,0.0,0.48,0.49,401.0,True,2026-09-23 18:50:08-07:00
12.06,1,10,2026-09-24 01:50:13,36.88899,-121.40339,249.0,0.0,11.3,-12.5,0.0,,0.0,0.0,0.0,11.3,-0.3,119.1,0.0,320.0,0.0,-0.01,1.0,99.0,-129.0,26.0,0.0,29.84,1680.0,0.0,0.0,150.0,0.0,0.0,0.0,0.0,0.0,0.0,0.0,0.0,0.0,0.0,0.0,0.0,0.0,0.0,0.0,0.0,0.0,0.0,0.0,0.0,0.0,0.0,0.0,0.0,0.0,89.0,0.0,0.0,29.9,0.0,0.0,0.0,4.1,0.0,0.0,8.5,0.0,0.0,9.8,45.1,39.5,0.0,0.0,0.0,0.0,135.0,99.0,135.0,109.0,138.0,105.0,135.0,105.0,0.0,0.0,11.0,254.3,0.0,4.1,7.0,4.998,0.0,0.0,0.658,0.779,0.0,88.5,0.0,0.0,0.0,,0.0,78.8,192.2,0.0,0.0,0.0,0.0,275.0,210.2,275.0,228.2,280.4,221.0,275.0,221.0,0.0,0.0,191.3,0.0,276.35,197.55,112.50000000000001,0.0,0.0843333333333334,0.0,0.48,0.49,401.0,True,2026-09-23 18:50:08-07:00
13.06,1,10,2026-09-24 01:50:14,36.88899,-121.40339,249.0,0.0,11.3,-12.5,0.0,,0.0,0.0,0.0,11.3,-0.2,119.1,0.0,318.0,0.0,-0.01,1.0,99.0,-121.0,26.0,0.0,29.84,1678.0,0.0,0.0,150.0,0.0,0.0,0.0,0.0,0.0,0.0,0.0,0.0,0.0,0.0,0.0,0.0,0.0,0.0,0.0,0.0,0.0,0.0,0.0,0.0,0.0,0.0,0.0,0.0,0.0,89.0,0.0,0.0,29.9,0.0,0.0,0.0,4.1,0.0,0.0,8.5,0.0,0.0,9.8,45.1,39.5,0.0,0.0,0.0,0.0,135.0,99.0,135.0,108.0,138.0,105.0,135.0,105.0,0.0,0.0,11.0,254.3,0.0,4.1,7.0,4.998,0.0,0.0,0.658,0.779,0.0,88.5,0.0,0.0,0.0,,0.0,78.8,192.2,0.0,0.0,0.0,0.0,275.0,210.2,275.0,226.4,280.4,221.0,275.0,221.0,0.0,0.0,191.3,0.0,276.35,197.55,112.50000000000001,0.0,0.0843333333333334,0.0,0.48,0.49,401.0,True,2026-09-23 18:50:08-07:00
14.06,1,10,2026-09-24 01:50:15,36.88899,-121.40339,249.0,0.0,11.3,-12.5,0.0,,0.0,0.0,0.0,11.3,-0.3,119.1,0.0,317.0,0.1,-0.01,1.0,99.0,-125.0,26.0,0.0,29.84,1676.0,0.0,0.0,150.0,0.0,0.0,0.0,0.0,0.0,0.0,0.0,0.0,0.0,0.0,0.0,0.0,0.0,0.0,0.0,0.0,0.0,0.0,0.0,0.0,0.0,0.0,0.0,0.0,0.0,89.0,0.0,0.0,29.9,0.0,0.0,0.0,4.1,0.0,0.0,8.5,0.0,0.0,9.7,45.1,39.5,0.0,0.0,0.0,0.0,135.0,99.0,135.0,108.0,138.0,105.0,135.0,105.0,0.0,0.0,11.0,254.3,0.0,4.1,7.0,4.998,0.0,0.0,0.658,0.779,0.0,88.5,0.0,0.0,0.0,,0.0,78.8,192.2,0.0,0.0,0.0,0.0,275.0,210.2,275.0,226.4,280.4,221.0,275.0,221.0,0.0,0.0,191.3,0.0,276.35,197.55,112.50000000000001,0.0,0.0843333333333334,0.0,0.48,0.49,401.0,True,2026-09-23 18:50:08-07:00
15.06,1,10,2026-09-24 01:50:16,36.88899,-121.40339,249.0,0.0,11.3,-12.5,0.0,,0.0,0.0,0.0,11.2,-0.2,119.2,0.0,314.0,0.1,-0.01,1.0,99.0,-127.0,26.0,0.0,29.84,1673.0,0.0,0.0,150.0,0.0,0.0,0.0,0.0,0.0,0.0,0.0,0.0,0.0,0.0,0.0,0.0,0.0,0.0,0.0,0.0,0.0,0.0,0.0,0.0,0.0,0.0,0.0,0.0,0.0,89.0,0.0,0.0,29.9,0.0,0.0,0.0,4.1,0.0,0.0,8.5,0.0,0.0,9.9,45.1,39.5,0.0,0.0,0.0,0.0,135.0,99.0,135.0,108.0,138.0,105.0,135.0,105.0,0.0,0.0,11.0,254.3,0.0,4.1,7.0,4.996,0.0,0.0,0.658,0.779,0.0,88.5,0.0,0.0,0.0,,0.0,78.8,192.2,0.0,0.0,0.0,0.0,275.0,210.2,275.0,226.4,280.4,221.0,275.0,221.0,0.0,0.0,191.3,0.0,276.35,197.55,112.50000000000001,0.0,0.0843333333333334,0.0,0.48,0.49,401.0,True,2026-09-23 18:50:08-07:00
16.06,1,10,2026-09-24 01:50:17,36.88899,-121.40339,249.0,0.0,11.3,-12.5,0.0,,0.0,0.0,0.0,11.2,-0.3,119.2,0.0,313.0,0.1,-0.01,1.0,99.0,-111.0,26.0,0.0,29.84,1672.0,0.0,0.0,150.0,0.0,0.0,0.0,0.0,0.0,0.0,0.0,0.0,0.0,0.0,0.0,0.0,0.0,0.0,0.0,0.0,0.0,0.0,0.0,0.0,0.0,0.0,0.0,0.0,0.0,89.0,0.0,0.0,29.9,0.0,0.0,0.0,4.1,0.0,0.0,8.5,0.0,0.0,9.9,45.1,39.5,0.0,0.0,0.0,0.0,135.0,99.0,135.0,108.0,138.0,105.0,135.0,105.0,0.0,0.0,11.0,254.3,0.0,4.1,7.0,4.998,0.0,0.0,0.658,0.779,0.0,88.5,0.0,0.0,0.0,,0.0,78.8,192.2,0.0,0.0,0.0,0.0,275.0,210.2,275.0,226.4,280.4,221.0,275.0,221.0,0.0,0.0,191.3,0.0,276.35,197.55,112.50000000000001,0.0,0.0843333333333334,0.0,0.48,0.49,401.0,True,2026-09-23 18:50:08-07:00
17.06,1,10,2026-09-24 01:50:18,36.88899,-121.40339,249.0,0.0,11.3,-12.5,0.0,,0.0,0.0,0.0,11.2,-0.3,119.2,0.0,312.0,0.0,-0.01,1.0,99.0,-92.0,26.0,0.0,29.84,1670.0,0.0,0.0,150.0,0.0,0.0,0.0,0.0,0.0,0.0,0.0,0.0,0.0,0.0,0.0,0.0,0.0,0.0,0.0,0.0,0.0,0.0,0.0,0.0,0.0,0.0,0.0,0.0,0.0,89.0,0.0,0.0,29.9,0.0,0.0,0.0,4.1,0.0,0.0,8.5,0.0,0.0,10.0,45.1,39.5,0.0,0.0,0.0,0.0,135.0,99.0,134.0,108.0,138.0,105.0,135.0,104.0,0.0,0.0,11.0,254.3,0.0,4.1,7.0,4.998,0.0,0.0,0.658,0.779,0.0,88.5,0.0,0.0,0.0,,0.0,78.8,192.2,0.0,0.0,0.0,0.0,275.0,210.2,273.2,226.4,280.4,221.0,275.0,219.2,0.0,0.0,191.3,0.0,275.9,197.09999999999997,112.50000000000001,0.0,0.0843333333333334,0.0,0.48,0.49,401.0,True,2026-09-23 18:50:08-07:00
18.06,1,10,2026-09-24 01:50:19,36.88899,-121.40339,249.0,0.0,11.3,-12.5,0.0,,0.0,0.0,0.0,11.3,-0.2,119.2,0.0,312.0,0.1,-0.01,1.0,99.0,-60.0,26.0,0.0,29.84,1670.0,0.0,0.0,150.0,0.0,0.0,0.0,0.0,0.0,0.0,0.0,0.0,0.0,0.0,0.0,0.0,0.0,0.0,0.0,0.0,0.0,0.0,0.0,0.0,0.0,0.0,0.0,0.0,0.0,89.0,0.0,0.0,29.9,0.0,0.0,0.0,4.1,0.0,0.0,8.5,0.0,0.0,9.9,45.1,39.5,0.0,0.0,0.0,0.0,135.0,98.0,134.0,108.0,138.0,104.0,135.0,104.0,0.0,0.0,11.0,254.3,0.0,4.1,7.0,4.996,0.0,0.0,0.658,0.779,0.0,88.5,0.0,0.0,0.0,,0.0,78.8,192.2,0.0,0.0,0.0,0.0,275.0,208.4,273.2,226.4,280.4,219.2,275.0,219.2,0.0,0.0,191.3,0.0,275.9,197.09999999999997,112.50000000000001,0.0,0.0843333333333334,0.0,0.48,0.49,401.0,True,2026-09-23 18:50:08-07:00
19.06,1,10,2026-09-24 01:50:20,36.88899,-121.40339,249.0,0.0,11.3,-12.5,0.0,,0.0,0.0,0.0,11.3,-0.2,119.2,0.0,311.0,0.1,-0.01,1.0,99.0,-69.0,26.0,0.0,29.84,1669.0,0.0,0.0,150.0,0.0,0.0,0.0,0.0,0.0,0.0,0.0,0.0,0.0,0.0,0.0,0.0,0.0,0.0,0.0,0.0,0.0,0.0,0.0,0.0,0.0,0.0,0.0,0.0,0.0,89.0,0.0,0.0,29.9,0.0,0.0,0.0,4.1,0.0,0.0,8.5,0.0,0.0,10.0,45.1,39.5,0.0,0.0,0.0,0.0,135.0,98.0,134.0,108.0,138.0,104.0,135.0,104.0,0.0,0.0,11.0,254.3,0.0,4.1,7.0,4.998,0.0,0.0,0.658,0.779,0.0,88.5,0.0,0.0,0.0,,0.0,78.8,192.2,0.0,0.0,0.0,0.0,275.0,208.4,273.2,226.4,280.4,219.2,275.0,219.2,0.0,0.0,191.3,0.0,275.9,197.09999999999997,112.50000000000001,0.0,0.0843333333333334,0.0,0.48,0.49,401.0,True,2026-09-23 18:50:08-07:00
20.06,1,10,2026-09-24 01:50:21,36.889,-121.40339,249.0,0.0,11.3,-12.5,0.0,,0.0,0.0,0.0,11.3,-0.2,119.2,0.0,310.0,0.1,-0.01,1.0,99.0,-52.0,26.0,0.0,29.84,1668.0,0.0,0.0,150.0,0.0,0.0,0.0,0.0,0.0,0.0,0.0,0.0,0.0,0.0,0.0,0.0,0.0,0.0,0.0,0.0,0.0,0.0,0.0,0.0,0.0,0.0,0.0,0.0,0.0,89.0,0.0,0.0,29.9,0.0,0.0,0.0,4.1,0.0,0.0,8.5,0.0,0.0,9.9,45.1,39.5,0.0,0.0,0.0,0.0,135.0,98.0,134.0,108.0,138.0,104.0,135.0,104.0,0.0,0.0,11.0,254.3,0.0,4.1,7.0,4.998,0.0,0.0,0.658,0.779,0.0,88.5,0.0,0.0,0.0,,0.0,78.8,192.2,0.0,0.0,0.0,0.0,275.0,208.4,273.2,226.4,280.4,219.2,275.0,219.2,0.0,0.0,191.3,0.0,275.9,197.09999999999997,112.50000000000001,0.0,0.0843333333333334,0.0,0.48,0.49,401.0,True,2026-09-23 18:50:08-07:00
21.06,1,10,2026-09-24 01:50:22,36.889,-121.40339,249.0,0.0,11.3,-12.5,0.0,,0.0,0.0,0.0,11.2,-0.2,119.2,0.0,309.0,0.1,-0.01,1.0,99.0,-53.0,26.0,0.0,29.84,1667.0,0.0,0.0,150.0,0.0,0.0,0.0,0.0,0.0,0.0,0.0,0.0,0.0,0.0,0.0,0.0,0.0,0.0,0.0,0.0,0.0,0.0,0.0,0.0,0.0,0.0,0.0,0.0,0.0,89.0,0.0,0.0,29.9,0.0,0.0,0.0,4.1,0.0,0.0,8.5,0.0,0.0,10.1,45.1,39.5,0.0,0.0,0.0,0.0,135.0,98.0,134.0,108.0,138.0,104.0,135.0,104.0,0.0,0.0,11.0,254.2,0.0,4.1,7.0,4.998,0.0,0.0,0.658,0.779,0.0,88.5,0.0,0.0,0.0,,0.0,78.8,192.2,0.0,0.0,0.0,0.0,275.0,208.4,273.2,226.4,280.4,219.2,275.0,219.2,0.0,0.0,191.3,0.0,275.9,197.09999999999997,112.50000000000001,0.0,0.0843333333333334,0.0,0.48,0.49,401.0,True,2026-09-23 18:50:08-07:00
22.06,1,10,2026-09-24 01:50:23,36.889,-121.40339,249.0,0.0,11.3,-12.5,0.0,,0.0,0.0,0.0,11.2,-0.3,119.2,0.0,308.0,0.1,-0.01,1.0,99.0,-49.0,26.0,0.0,29.84,1666.0,0.0,0.0,150.0,0.0,0.0,0.0,0.0,0.0,0.0,0.0,0.0,0.0,0.0,0.0,0.0,0.0,0.0,0.0,0.0,0.0,0.0,0.0,0.0,0.0,0.0,0.0,0.0,0.0,89.0,0.0,0.0,29.9,0.0,0.0,0.0,4.1,0.0,0.0,8.5,0.0,0.0,10.1,45.1,39.5,0.0,0.0,0.0,0.0,135.0,98.0,134.0,108.0,138.0,104.0,135.0,104.0,0.0,0.0,11.0,254.2,0.0,4.1,7.0,4.998,0.0,0.0,0.658,0.779,0.0,88.5,0.0,0.0,0.0,,0.0,78.8,192.2,0.0,0.0,0.0,0.0,275.0,208.4,273.2,226.4,280.4,219.2,275.0,219.2,0.0,0.0,191.3,0.0,275.9,197.09999999999997,112.50000000000001,0.0,0.0843333333333334,0.0,0.48,0.49,401.0,True,2026-09-23 18:50:08-07:00
23.06,1,10,2026-09-24 01:50:24,36.889,-121.40339,249.0,0.0,11.3,-12.5,0.0,,0.0,0.0,0.0,11.2,-0.3,119.2,0.0,308.0,0.1,-0.01,1.0,99.0,-68.0,26.0,0.0,29.84,1665.0,0.0,0.0,150.0,0.0,0.0,0.0,0.0,0.0,0.0,0.0,0.0,0.0,0.0,0.0,0.0,0.0,0.0,0.0,0.0,0.0,0.0,0.0,0.0,0.0,0.0,0.0,0.0,0.0,88.0,0.0,0.0,29.9,0.0,0.0,0.0,4.2,0.0,0.0,8.5,0.0,0.0,10.2,45.1,39.5,0.0,0.0,0.0,0.0,135.0,98.0,134.0,108.0,138.0,104.0,135.0,104.0,0.0,0.0,11.0,254.2,0.0,4.2,7.0,4.998,0.0,0.0,0.658,0.779,0.0,88.5,0.0,0.0,0.0,,0.0,78.8,190.4,0.0,0.0,0.0,0.0,275.0,208.4,273.2,226.4,280.4,219.2,275.0,219.2,0.0,0.0,191.3,0.0,275.9,197.09999999999997,112.50000000000001,0.0,0.0843333333333334,0.0,0.48,0.49,401.0,True,2026-09-23 18:50:08-07:00
24.06,1,10,2026-09-24 01:50:25,36.889,-121.40339,249.0,0.0,11.3,-12.5,0.0,,0.0,0.0,0.0,11.2,-0.3,119.2,0.0,306.0,0.1,-0.01,1.0,99.0,-70.0,26.0,0.0,29.84,1663.0,0.0,0.0,150.0,0.0,0.0,0.0,0.0,0.0,0.0,0.0,0.0,0.0,0.0,0.0,0.0,0.0,0.0,0.0,0.0,0.0,0.0,0.0,0.0,0.0,0.0,0.0,0.0,0.0,88.0,0.0,0.0,29.9,0.0,0.0,0.0,4.2,0.0,0.0,8.5,0.0,0.0,10.1,45.1,39.5,0.0,0.0,0.0,0.0,135.0,98.0,134.0,108.0,138.0,104.0,135.0,104.0,0.0,0.0,11.0,254.2,0.0,4.2,7.0,4.998,0.0,0.0,0.658,0.779,0.0,88.5,0.0,0.0,0.0,,0.0,78.8,190.4,0.0,0.0,0.0,0.0,275.0,208.4,273.2,226.4,280.4,219.2,275.0,219.2,0.0,0.0,191.3,0.0,275.9,197.09999999999997,112.50000000000001,0.0,0.0843333333333334,0.0,0.48,0.49,401.0,True,2026-09-23 18:50:08-07:00
25.06,1,10,2026-09-24 01:50:26,36.889,-121.40339,249.0,0.0,11.3,-12.5,0.0,,0.0,0.0,0.0,11.2,-0.3,119.2,0.0,304.0,0.0,-0.01,1.0,99.0,-89.0,26.0,0.0,29.84,1661.0,0.0,0.0,150.0,0.0,0.0,0.0,0.0,0.0,0.0,0.0,0.0,0.0,0.0,0.0,0.0,0.0,0.0,0.0,0.0,0.0,0.0,0.0,0.0,0.0,0.0,0.0,0.0,0.0,88.0,0.0,0.0,29.9,0.0,0.0,0.0,4.2,0.0,0.0,8.5,0.0,0.0,9.9,45.1,39.5,0.0,0.0,0.0,0.0,135.0,98.0,134.0,107.0,138.0,104.0,135.0,104.0,0.0,0.0,11.0,254.2,0.0,4.2,7.0,4.998,0.0,0.0,0.658,0.779,0.0,88.5,0.0,0.0,0.0,,0.0,78.8,190.4,0.0,0.0,0.0,0.0,275.0,208.4,273.2,224.6,280.4,219.2,275.0,219.2,0.0,0.0,191.3,0.0,275.9,197.09999999999997,112.50000000000001,0.0,0.0843333333333334,0.0,0.48,0.49,401.0,True,2026-09-23 18:50:08-07:00
26.06,1,10,2026-09-24 01:50:27,36.889,-121.40339,249.0,0.0,11.3,-12.5,0.0,,0.0,0.0,0.0,11.2,-0.3,119.2,0.0,303.0,0.1,-0.01,1.0,99.0,-67.0,26.0,0.0,29.84,1660.0,0.0,0.0,150.0,0.0,0.0,0.0,0.0,0.0,0.0,0.0,0.0,0.0,0.0,0.0,0.0,0.0,0.0,0.0,0.0,0.0,0.0,0.0,0.0,0.0,0.0,0.0,0.0,0.0,88.0,0.0,0.0,29.9,0.0,0.0,0.0,4.2,0.0,0.0,8.5,0.0,0.0,10.0,45.1,39.5,0.0,0.0,0.0,0.0,135.0,98.0,134.0,107.0,138.0,104.0,135.0,104.0,0.0,0.0,11.0,254.2,0.0,4.2,7.0,4.996,0.0,0.0,0.658,0.779,0.0,88.5,0.0,0.0,0.0,,0.0,78.8,190.4,0.0,0.0,0.0,0.0,275.0,208.4,273.2,224.6,280.4,219.2,275.0,219.2,0.0,0.0,191.3,0.0,275.9,197.09999999999997,112.50000000000001,0.0,0.0843333333333334,0.0,0.48,0.49,401.0,True,2026-09-23 18:50:08-07:00
27.06,1,10,2026-09-24 01:50:28,36.889,-121.40339,249.0,0.0,11.3,-12.5,0.0,,0.0,0.0,0.0,11.2,-0.3,119.3,0.0,302.0,0.1,-0.01,1.0,99.0,-60.0,26.0,0.0,29.84,1658.0,0.0,0.0,150.0,0.0,0.0,0.0,0.0,0.0,0.0,0.0,0.0,0.0,0.0,0.0,0.0,0.0,0.0,0.0,0.0,0.0,0.0,0.0,0.0,0.0,0.0,0.0,0.0,0.0,89.0,0.0,0.0,29.9,0.0,0.0,0.0,4.2,0.0,0.0,8.5,0.0,0.0,10.1,45.1,39.5,0.0,0.0,0.0,0.0,135.0,98.0,134.0,107.0,138.0,104.0,135.0,104.0,0.0,0.0,11.0,254.2,0.0,4.2,7.0,4.998,0.0,0.0,0.658,0.78,0.0,88.5,0.0,0.0,0.0,,0.0,78.8,192.2,0.0,0.0,0.0,0.0,275.0,208.4,273.2,224.6,280.4,219.2,275.0,219.2,0.0,0.0,191.3,0.0,275.9,197.09999999999997,112.50000000000001,0.0,0.0843333333333334,0.0,0.48,0.49,401.0,True,2026-09-23 18:50:08-07:00
28.06,1,10,2026-09-24 01:50:29,36.889,-121.40339,249.0,0.0,11.3,-12.5,0.0,,0.0,0.0,0.0,11.2,-0.3,119.2,0.0,302.0,0.1,-0.01,1.0,99.0,-66.0,26.0,0.0,29.84,1658.0,0.0,0.0,150.0,0.0,0.0,0.0,0.0,0.0,0.0,0.0,0.0,0.0,0.0,0.0,0.0,0.0,0.0,0.0,0.0,0.0,0.0,0.0,0.0,0.0,0.0,0.0,0.0,0.0,88.0,0.0,0.0,29.9,0.0,0.0,0.0,4.2,0.0,0.0,41.4,0.0,0.0,10.0,45.1,39.5,0.0,0.0,0.0,0.0,135.0,98.0,134.0,107.0,138.0,104.0,135.0,103.0,0.0,0.0,11.0,254.2,0.0,4.2,7.0,4.998,0.0,0.0,0.658,0.779,0.0,88.5,0.0,0.0,0.0,,0.0,78.8,190.4,0.0,0.0,0.0,0.0,275.0,208.4,273.2,224.6,280.4,219.2,275.0,217.4,0.0,0.0,191.3,0.0,275.9,197.09999999999997,112.50000000000001,0.0,0.0843333333333334,0.0,0.48,0.49,401.0,True,2026-09-23 18:50:08-07:00
29.06,1,10,2026-09-24 01:50:30,36.889,-121.40339,249.0,0.0,11.3,-12.5,0.0,,0.0,0.0,0.0,11.2,-0.4,119.2,0.0,301.0,0.0,-0.01,1.0,99.0,-55.0,26.0,0.0,29.84,1657.0,0.0,0.0,150.0,0.0,0.0,0.0,0.0,0.0,0.0,0.0,0.0,0.0,0.0,0.0,0.0,0.0,0.0,0.0,0.0,0.0,0.0,0.0,0.0,0.0,0.0,0.0,0.0,0.0,88.0,0.0,0.0,29.9,0.0,0.0,0.0,4.2,0.0,0.0,41.4,0.0,0.0,9.7,45.1,39.5,0.0,0.0,0.0,0.0,135.0,97.0,134.0,107.0,138.0,103.0,135.0,103.0,0.0,0.0,11.0,254.2,0.0,4.2,7.0,4.998,0.0,0.0,0.658,0.779,0.0,88.5,0.0,0.0,0.0,,0.0,78.8,190.4,0.0,0.0,0.0,0.0,275.0,206.6,273.2,224.6,280.4,217.4,275.0,217.4,0.0,0.0,191.3,0.0,275.9,197.09999999999997,112.50000000000001,0.0,0.0843333333333334,0.0,0.48,0.49,401.0,True,2026-09-23 18:50:08-07:00
30.06,1,10,2026-09-24 01:50:31,36.889,-121.40339,249.0,0.0,11.3,-12.5,0.0,,0.0,0.0,0.0,11.2,-0.4,119.2,0.0,300.0,0.0,-0.01,1.0,99.0,-40.0,26.0,0.0,29.84,1656.0,0.0,0.0,150.0,0.0,0.0,0.0,0.0,0.0,0.0,0.0,0.0,0.0,0.0,0.0,0.0,0.0,0.0,0.0,0.0,0.0,0.0,0.0,0.0,0.0,0.0,0.0,0.0,0.0,88.0,0.0,0.0,29.9,0.0,0.0,0.0,4.2,0.0,0.0,41.4,0.0,0.0,9.9,45.1,39.5,0.0,0.0,0.0,0.0,135.0,97.0,134.0,107.0,138.0,103.0,135.0,103.0,0.0,0.0,11.0,254.2,0.0,4.2,7.0,4.998,0.0,0.0,0.658,0.779,0.0,88.5,0.0,0.0,0.0,,0.0,78.8,190.4,0.0,0.0,0.0,0.0,275.0,206.6,273.2,224.6,280.4,217.4,275.0,217.4,0.0,0.0,191.3,0.0,275.9,197.09999999999997,112.50000000000001,0.0,0.0843333333333334,0.0,0.48,0.49,401.0,True,2026-09-23 18:50:08-07:00
31.06,1,10,2026-09-24 01:50:32,36.889,-121.40339,249.0,0.0,11.3,-12.5,0.0,,0.0,0.0,0.0,11.3,-0.3,119.2,0.0,300.0,0.1,-0.01,1.0,99.0,-44.0,26.0,0.0,29.84,1656.0,0.0,0.0,150.0,0.0,0.0,0.0,0.0,0.0,0.0,0.0,0.0,0.0,0.0,0.0,0.0,0.0,0.0,0.0,0.0,0.0,0.0,0.0,0.0,0.0,0.0,0.0,0.0,0.0,88.0,0.0,0.0,29.9,0.0,0.0,0.0,4.2,0.0,0.0,41.4,0.0,0.0,10.0,45.1,39.5,0.0,0.0,0.0,0.0,135.0,97.0,134.0,107.0,138.0,103.0,135.0,103.0,0.0,0.0,11.0,254.2,0.0,4.2,7.0,4.998,0.0,0.0,0.658,0.779,0.0,88.5,0.0,0.0,0.0,,0.0,78.8,190.4,0.0,0.0,0.0,0.0,275.0,206.6,273.2,224.6,280.4,217.4,275.0,217.4,0.0,0.0,191.3,0.0,275.9,197.09999999999997,112.50000000000001,0.0,0.0843333333333334,0.0,0.48,0.49,401.0,True,2026-09-23 18:50:08-07:00
32.06,1,10,2026-09-24 01:50:33,36.889,-121.40339,249.0,0.0,11.3,-12.5,0.0,,0.0,0.0,0.0,11.3,-0.4,119.2,0.0,299.0,0.0,-0.01,1.0,99.0,-33.0,26.0,0.0,29.84,1655.0,0.0,0.0,150.0,0.0,0.0,0.0,0.0,0.0,0.0,0.0,0.0,0.0,0.0,0.0,0.0,0.0,0.0,0.0,0.0,0.0,0.0,0.0,0.0,0.0,0.0,0.0,0.0,0.0,88.0,0.0,0.0,29.9,0.0,0.0,0.0,4.2,0.0,0.0,41.4,0.0,0.0,10.0,45.1,39.5,0.0,0.0,0.0,0.0,135.0,97.0,134.0,107.0,138.0,103.0,135.0,103.0,0.0,0.0,11.0,254.2,0.0,4.2,7.0,4.996,0.0,0.0,0.658,0.779,0.0,88.5,0.0,0.0,0.0,,0.0,78.8,190.4,0.0,0.0,0.0,0.0,275.0,206.6,273.2,224.6,280.4,217.4,275.0,217.4,0.0,0.0,191.3,0.0,275.9,197.09999999999997,112.50000000000001,0.0,0.0843333333333334,0.0,0.48,0.49,401.0,True,2026-09-23 18:50:08-07:00
33.06,1,10,2026-09-24 01:50:34,36.889,-121.40339,249.0,0.0,11.3,-12.5,0.0,,0.0,0.0,0.0,11.3,-0.5,119.2,0.0,299.0,0.0,-0.01,1.0,99.0,-12.0,26.0,0.0,29.84,1655.0,0.0,0.0,150.0,0.0,0.0,0.0,0.0,0.0,0.0,0.0,0.0,0.0,0.0,0.0,0.0,0.0,0.0,0.0,0.0,0.0,0.0,0.0,0.0,0.0,0.0,0.0,0.0,0.0,88.0,0.0,0.0,29.9,0.0,0.0,0.0,4.2,0.0,0.0,41.4,0.0,0.0,9.9,45.1,39.5,0.0,0.0,0.0,0.0,135.0,97.0,134.0,107.0,138.0,103.0,135.0,103.0,0.0,0.0,11.0,254.2,0.0,4.2,7.0,4.998,0.0,0.0,0.658,0.779,0.0,88.5,0.0,0.0,0.0,,0.0,78.8,190.4,0.0,0.0,0.0,0.0,275.0,206.6,273.2,224.6,280.4,217.4,275.0,217.4,0.0,0.0,191.3,0.0,275.9,197.09999999999997,112.50000000000001,0.0,0.0843333333333334,0.0,0.48,0.49,401.0,True,2026-09-23 18:50:08-07:00
34.06,1,10,2026-09-24 01:50:35,36.889,-121.40339,250.0,0.0,11.3,-12.5,0.0,,0.0,0.0,0.0,11.3,-0.4,119.2,0.0,299.0,0.0,-0.01,1.0,99.0,7.0,26.0,0.0,29.84,1655.0,0.0,0.0,150.0,0.0,0.0,0.0,0.0,0.0,0.0,0.0,0.0,0.0,0.0,0.0,0.0,0.0,0.0,0.0,0.0,0.0,0.0,0.0,0.0,0.0,0.0,0.0,0.0,0.0,88.0,0.0,0.0,29.9,0.0,0.0,0.0,4.2,0.0,0.0,41.4,0.0,0.0,10.1,45.1,39.5,0.0,0.0,0.0,0.0,135.0,97.0,134.0,107.0,138.0,103.0,135.0,103.0,0.0,0.0,11.0,254.2,0.0,4.2,7.0,4.998,0.0,0.0,0.658,0.779,0.0,88.5,0.0,0.0,0.0,,0.0,78.8,190.4,0.0,0.0,0.0,0.0,275.0,206.6,273.2,224.6,280.4,217.4,275.0,217.4,0.0,0.0,191.3,0.0,275.9,197.09999999999997,112.50000000000001,0.0,0.0843333333333334,0.0,0.48,0.49,401.0,True,2026-09-23 18:50:08-07:00
35.06,1,10,2026-09-24 01:50:36,36.889,-121.40339,250.0,0.0,11.3,-12.5,0.0,,0.0,0.0,0.0,11.3,-0.4,119.2,0.0,299.0,0.1,-0.01,1.0,99.0,-8.0,26.0,0.0,29.84,1645.0,0.0,0.0,150.0,0.0,0.0,0.0,0.0,0.0,0.0,0.0,0.0,0.0,0.0,0.0,0.0,0.0,0.0,0.0,0.0,0.0,0.0,0.0,0.0,0.0,0.0,0.0,0.0,0.0,88.0,0.0,0.0,29.9,0.0,0.0,0.0,4.2,0.0,0.0,41.4,0.0,0.0,10.2,45.1,39.5,0.0,0.0,0.0,0.0,135.0,97.0,134.0,107.0,138.0,103.0,135.0,103.0,0.0,0.0,11.0,254.2,0.0,4.2,7.0,4.998,0.0,0.0,0.658,0.779,0.0,88.5,0.0,0.0,0.0,,0.0,78.8,190.4,0.0,0.0,0.0,0.0,275.0,206.6,273.2,224.6,280.4,217.4,275.0,217.4,0.0,0.0,191.3,0.0,275.9,197.09999999999997,112.50000000000001,0.0,0.0843333333333334,0.0,0.48,0.49,401.0,True,2026-09-23 18:50:08-07:00
36.06,1,10,2026-09-24 01:50:37,36.889,-121.40339,250.0,0.0,11.3,-12.5,0.0,,0.0,0.0,0.0,11.3,-0.3,119.2,0.0,299.0,0.1,-0.01,1.0,99.0,-6.0,26.0,0.0,29.84,1645.0,0.0,0.0,150.0,0.0,0.0,0.0,0.0,0.0,0.0,0.0,0.0,0.0,0.0,0.0,0.0,0.0,0.0,0.0,0.0,0.0,0.0,0.0,0.0,0.0,0.0,0.0,0.0,0.0,88.0,0.0,0.0,29.9,0.0,0.0,0.0,4.2,0.0,0.0,41.4,0.0,0.0,10.1,45.1,39.5,0.0,0.0,0.0,0.0,135.0,97.0,134.0,106.0,138.0,103.0,135.0,103.0,0.0,0.0,11.0,254.2,0.0,4.2,7.0,4.998,0.0,0.0,0.658,0.779,0.0,88.5,0.0,0.0,0.0,,0.0,78.8,190.4,0.0,0.0,0.0,0.0,275.0,206.6,273.2,222.8,280.4,217.4,275.0,217.4,0.0,0.0,191.3,0.0,275.9,197.09999999999997,112.50000000000001,0.0,0.0843333333333334,0.0,0.48,0.49,401.0,True,2026-09-23 18:50:08-07:00
37.06,1,10,2026-09-24 01:50:38,36.889,-121.40339,250.0,0.0,11.3,-12.5,0.0,,0.0,0.0,0.0,11.2,-0.3,119.2,0.0,299.0,0.1,-0.01,1.0,99.0,8.0,26.0,0.0,29.84,1645.0,0.0,0.0,150.0,0.0,0.0,0.0,0.0,0.0,0.0,0.0,0.0,0.0,0.0,0.0,0.0,0.0,0.0,0.0,0.0,0.0,0.0,0.0,0.0,0.0,0.0,0.0,0.0,0.0,88.0,0.0,0.0,29.9,0.0,0.0,0.0,4.2,0.0,0.0,41.4,0.0,0.0,10.2,45.1,39.5,0.0,0.0,0.0,0.0,135.0,97.0,134.0,106.0,138.0,103.0,135.0,103.0,0.0,0.0,11.0,254.2,0.0,4.2,7.0,4.998,0.0,0.0,0.658,0.779,0.0,88.5,0.0,0.0,0.0,,0.0,78.8,190.4,0.0,0.0,0.0,0.0,275.0,206.6,273.2,222.8,280.4,217.4,275.0,217.4,0.0,0.0,191.3,0.0,275.9,197.09999999999997,112.50000000000001,0.0,0.0843333333333334,0.0,0.48,0.49,401.0,True,2026-09-23 18:50:08-07:00
38.06,1,10,2026-09-24 01:50:39,36.889,-121.40339,250.0,0.0,11.3,-12.5,0.0,,0.0,0.0,0.0,11.2,-0.4,119.2,0.0,299.0,0.0,-0.01,1.0,99.0,-4.0,26.0,0.0,29.84,1645.0,0.0,0.0,150.0,0.0,0.0,0.0,0.0,0.0,0.0,0.0,0.0,0.0,0.0,0.0,0.0,0.0,0.0,0.0,0.0,0.0,0.0,0.0,0.0,0.0,0.0,0.0,0.0,0.0,88.0,0.0,0.0,29.9,0.0,0.0,0.0,4.2,0.0,0.0,41.4,0.0,0.0,9.6,45.1,39.5,0.0,0.0,0.0,0.0,135.0,97.0,134.0,106.0,137.0,103.0,135.0,103.0,0.0,0.0,11.0,254.2,0.0,4.2,7.0,4.998,0.0,0.0,0.658,0.779,0.0,88.5,0.0,0.0,0.0,,0.0,78.8,190.4,0.0,0.0,0.0,0.0,275.0,206.6,273.2,222.8,278.6,217.4,275.0,217.4,0.0,0.0,191.3,0.0,275.45,196.64999999999998,112.50000000000001,0.0,0.0843333333333334,0.0,0.48,0.49,401.0,True,2026-09-23 18:50:08-07:00
39.06,1,10,2026-09-24 01:50:40,36.889,-121.40339,250.0,0.0,11.3,-12.5,0.0,,0.0,0.0,0.0,11.2,-0.3,119.2,0.0,299.0,0.0,-0.01,1.0,99.0,-2.0,26.0,0.0,29.84,1645.0,0.0,0.0,150.0,0.0,0.0,0.0,0.0,0.0,0.0,0.0,0.0,0.0,0.0,0.0,0.0,0.0,0.0,0.0,0.0,0.0,0.0,0.0,0.0,0.0,0.0,0.0,0.0,0.0,88.0,0.0,0.0,29.9,0.0,0.0,0.0,4.2,0.0,0.0,41.4,0.0,0.0,9.7,45.1,39.5,0.0,0.0,0.0,0.0,135.0,97.0,134.0,106.0,137.0,102.0,134.0,102.0,0.0,0.0,11.0,254.2,0.0,4.2,7.0,4.998,0.0,0.0,0.658,0.779,0.0,88.5,0.0,0.0,0.0,,0.0,78.8,190.4,0.0,0.0,0.0,0.0,275.0,206.6,273.2,222.8,278.6,215.6,273.2,215.6,0.0,0.0,191.3,0.0,275.0,196.2,112.50000000000001,0.0,0.0843333333333334,0.0,0.48,0.49,401.0,True,2026-09-23 18:50:08-07:00
40.06,1,10,2026-09-24 01:50:41,36.889,-121.40339,250.0,0.0,11.3,-12.5,0.0,,0.0,0.0,0.0,11.3,-0.3,119.2,0.0,299.0,0.1,-0.01,1.0,99.0,-5.0,26.0,0.0,29.84,1645.0,0.0,0.0,150.0,0.0,0.0,0.0,0.0,0.0,0.0,0.0,0.0,0.0,0.0,0.0,0.0,0.0,0.0,0.0,0.0,0.0,0.0,0.0,0.0,0.0,0.0,0.0,0.0,0.0,88.0,0.0,0.0,29.9,0.0,0.0,0.0,4.2,0.0,0.0,41.4,0.0,0.0,9.7,45.1,39.5,0.0,0.0,0.0,0.0,135.0,97.0,134.0,106.0,137.0,102.0,134.0,102.0,0.0,0.0,11.0,254.2,0.0,4.2,7.0,4.998,0.0,0.0,0.658,0.779,0.0,88.5,0.0,0.0,0.0,,0.0,78.8,190.4,0.0,0.0,0.0,0.0,275.0,206.6,273.2,222.8,278.6,215.6,273.2,215.6,0.0,0.0,191.3,0.0,275.0,196.2,112.50000000000001,0.0,0.0843333333333334,0.0,0.48,0.49,401.0,True,2026-09-23 18:50:08-07:00
41.06,1,10,2026-09-24 01:50:42,36.889,-121.40339,250.0,0.0,11.3,-12.5,0.0,,0.0,0.0,0.0,11.3,-0.3,119.1,0.0,299.0,0.0,-0.01,1.0,99.0,-35.0,26.0,0.0,29.84,1645.0,0.0,0.0,150.0,0.0,0.0,0.0,0.0,0.0,0.0,0.0,0.0,0.0,0.0,0.0,0.0,0.0,0.0,0.0,0.0,0.0,0.0,0.0,0.0,0.0,0.0,0.0,0.0,0.0,88.0,0.0,0.0,29.9,0.0,0.0,0.0,4.2,0.0,0.0,41.4,0.0,0.0,9.8,45.1,39.5,0.0,0.0,0.0,0.0,134.0,97.0,134.0,106.0,137.0,102.0,134.0,102.0,0.0,0.0,11.0,254.2,0.0,4.2,7.0,4.998,0.0,0.0,0.658,0.779,0.0,88.5,0.0,0.0,0.0,,0.0,78.8,190.4,0.0,0.0,0.0,0.0,273.2,206.6,273.2,222.8,278.6,215.6,273.2,215.6,0.0,0.0,191.3,0.0,274.55,195.75,112.50000000000001,0.0,0.0843333333333334,0.0,0.48,0.49,401.0,True,2026-09-23 18:50:08-07:00
42.06,1,10,2026-09-24 01:50:43,36.889,-121.40339,251.0,0.0,11.3,-12.5,0.0,,0.0,0.0,0.0,11.3,-0.3,119.2,0.0,299.0,0.1,-0.0,1.0,99.0,-34.0,26.0,0.0,29.84,1644.0,0.0,0.0,150.0,0.0,0.0,0.0,0.0,0.0,0.0,0.0,0.0,0.0,0.0,0.0,0.0,0.0,0.0,0.0,0.0,0.0,0.0,0.0,0.0,0.0,0.0,0.0,0.0,0.0,88.0,0.0,0.0,29.9,0.0,0.0,0.0,4.2,0.0,0.0,41.4,0.0,0.0,9.9,45.1,39.5,0.0,0.0,0.0,0.0,134.0,97.0,134.0,106.0,137.0,102.0,134.0,102.0,0.0,0.0,11.0,225.5,0.0,4.2,7.0,4.998,0.0,0.0,0.658,0.779,0.0,88.4,0.0,0.0,0.0,,0.0,78.8,190.4,0.0,0.0,0.0,0.0,273.2,206.6,273.2,222.8,278.6,215.6,273.2,215.6,0.0,0.0,191.12,0.0,274.55,195.75,112.32000000000001,0.0,0.0843333333333334,0.0,0.48,0.49,401.0,True,2026-09-23 18:50:08-07:00
43.06,1,10,2026-09-24 01:50:44,36.889,-121.40339,251.0,0.0,11.3,-12.5,0.0,,0.0,0.0,0.0,11.3,-0.3,119.1,0.0,299.0,0.0,-0.01,1.0,99.0,-12.0,26.0,0.0,29.84,1644.0,0.0,0.0,150.0,0.0,0.0,0.0,0.0,0.0,0.0,0.0,0.0,0.0,0.0,0.0,0.0,0.0,0.0,0.0,0.0,0.0,0.0,0.0,0.0,0.0,0.0,0.0,0.0,0.0,88.0,0.0,0.0,29.9,0.0,0.0,0.0,4.2,0.0,0.0,41.4,0.0,0.0,9.8,45.1,39.5,0.0,0.0,0.0,0.0,134.0,97.0,134.0,106.0,137.0,102.0,134.0,102.0,0.0,0.0,11.0,175.5,0.0,4.2,7.0,4.998,0.0,0.0,0.658,0.779,0.0,88.4,0.0,0.0,0.0,,0.0,78.8,190.4,0.0,0.0,0.0,0.0,273.2,206.6,273.2,222.8,278.6,215.6,273.2,215.6,0.0,0.0,191.12,0.0,274.55,195.75,112.32000000000001,0.0,0.0843333333333334,0.0,0.48,0.49,401.0,True,2026-09-23 18:50:08-07:00
44.06,1,10,2026-09-24 01:50:45,36.889,-121.40339,251.0,0.0,11.3,-12.5,0.0,,0.0,0.0,0.0,11.2,-0.3,119.1,0.0,298.0,0.0,-0.01,1.0,99.0,-28.0,26.0,0.0,29.84,1643.0,0.0,0.0,150.0,0.0,0.0,0.0,0.0,0.0,0.0,0.0,0.0,0.0,0.0,0.0,0.0,0.0,0.0,0.0,0.0,0.0,0.0,0.0,0.0,0.0,0.0,0.0,0.0,0.0,88.0,0.0,0.0,29.9,0.0,0.0,0.0,4.2,0.0,0.0,41.4,0.0,0.0,9.4,45.1,39.5,0.0,0.0,0.0,0.0,134.0,96.0,134.0,106.0,137.0,102.0,134.0,102.0,0.0,0.0,11.0,136.6,0.0,4.2,7.0,4.998,0.0,0.0,0.658,0.779,0.0,88.5,0.0,0.0,0.0,,0.0,78.8,190.4,0.0,0.0,0.0,0.0,273.2,204.8,273.2,222.8,278.6,215.6,273.2,215.6,0.0,0.0,191.3,0.0,274.55,195.75,112.50000000000001,0.0,0.0843333333333334,0.0,0.48,0.49,401.0,True,2026-09-23 18:50:08-07:00
45.06,1,10,2026-09-24 01:50:46,36.889,-121.40339,251.0,0.0,11.3,-12.5,0.0,,0.0,0.0,0.0,11.2,-0.4,119.1,0.0,298.0,0.0,-0.01,1.0,99.0,-10.0,26.0,0.0,29.84,1643.0,0.0,0.0,150.0,0.0,0.0,0.0,0.0,0.0,0.0,0.0,0.0,0.0,0.0,0.0,0.0,0.0,0.0,0.0,0.0,0.0,0.0,0.0,0.0,0.0,0.0,0.0,0.0,0.0,88.0,0.0,0.0,29.9,0.0,0.0,0.0,4.2,0.0,0.0,41.4,0.0,0.0,9.4,45.1,39.5,0.0,0.0,0.0,0.0,134.0,96.0,134.0,106.0,137.0,102.0,134.0,102.0,0.0,0.0,11.0,106.4,0.0,4.2,7.0,4.998,0.0,0.0,0.658,0.779,0.0,88.4,0.0,0.0,0.0,,0.0,78.8,190.4,0.0,0.0,0.0,0.0,273.2,204.8,273.2,222.8,278.6,215.6,273.2,215.6,0.0,0.0,191.12,0.0,274.55,195.75,112.32000000000001,0.0,0.0843333333333334,0.0,0.48,0.49,401.0,True,2026-09-23 18:50:08-07:00
46.06,1,10,2026-09-24 01:50:47,36.889,-121.40339,251.0,0.0,11.3,-12.5,0.0,,0.0,0.0,0.0,11.2,-0.4,119.2,0.0,297.0,0.0,-0.01,1.0,99.0,-41.0,26.0,0.0,29.84,1642.0,0.0,0.0,150.0,0.0,0.0,0.0,0.0,0.0,0.0,0.0,0.0,0.0,0.0,0.0,0.0,0.0,0.0,0.0,0.0,0.0,0.0,0.0,0.0,0.0,0.0,0.0,0.0,0.0,88.0,0.0,0.0,29.9,0.0,0.0,0.0,4.2,0.0,0.0,41.4,0.0,0.0,9.1,45.1,39.5,0.0,0.0,0.0,0.0,134.0,96.0,134.0,105.0,137.0,102.0,134.0,102.0,0.0,0.0,11.0,82.9,0.0,4.2,7.0,4.998,0.0,0.0,0.658,0.779,0.0,88.4,0.0,0.0,0.0,,0.0,78.8,190.4,0.0,0.0,0.0,0.0,273.2,204.8,273.2,221.0,278.6,215.6,273.2,215.6,0.0,0.0,191.12,0.0,274.55,195.75,112.32000000000001,0.0,0.0843333333333334,0.0,0.48,0.49,401.0,True,2026-09-23 18:50:08-07:00
47.06,1,10,2026-09-24 01:50:48,36.889,-121.40339,251.0,0.0,11.3,-12.5,0.0,,0.0,0.0,0.0,11.3,-0.4,119.2,0.0,297.0,0.0,-0.01,1.0,99.0,-33.0,26.0,0.0,29.84,1642.0,0.0,0.0,150.0,0.0,0.0,0.0,0.0,0.0,0.0,0.0,0.0,0.0,0.0,0.0,0.0,0.0,0.0,0.0,0.0,0.0,0.0,0.0,0.0,0.0,0.0,0.0,0.0,0.0,88.0,0.0,0.0,29.9,0.0,0.0,0.0,4.2,0.0,0.0,41.4,0.0,0.0,9.4,45.1,39.5,0.0,0.0,0.0,0.0,134.0,96.0,134.0,105.0,137.0,102.0,134.0,102.0,0.0,0.0,11.0,64.7,0.0,4.2,7.0,4.998,0.0,0.0,0.658,0.779,0.0,88.4,0.0,0.0,0.0,,0.0,78.8,190.4,0.0,0.0,0.0,0.0,273.2,204.8,273.2,221.0,278.6,215.6,273.2,215.6,0.0,0.0,191.12,0.0,274.55,195.75,112.32000000000001,0.0,0.0843333333333334,0.0,0.48,0.49,401.0,True,2026-09-23 18:50:08-07:00
48.06,1,10,2026-09-24 01:50:49,36.889,-121.40339,251.0,0.0,11.3,-12.5,0.0,,0.0,0.0,0.0,11.3,-0.4,119.2,0.0,295.0,0.0,-0.01,1.0,99.0,-48.0,26.0,0.0,29.84,1640.0,0.0,0.0,150.0,0.0,0.0,0.0,0.0,0.0,0.0,0.0,0.0,0.0,0.0,0.0,0.0,0.0,0.0,0.0,0.0,0.0,0.0,0.0,0.0,0.0,0.0,0.0,0.0,0.0,88.0,0.0,0.0,29.9,0.0,0.0,0.0,4.2,0.0,0.0,41.4,0.0,0.0,9.6,45.1,39.5,0.0,0.0,0.0,0.0,134.0,96.0,134.0,105.0,137.0,102.0,134.0,102.0,0.0,0.0,11.0,50.5,0.0,4.2,7.0,4.998,0.0,0.0,0.658,0.779,0.0,88.4,0.0,0.0,0.0,,0.0,78.8,190.4,0.0,0.0,0.0,0.0,273.2,204.8,273.2,221.0,278.6,215.6,273.2,215.6,0.0,0.0,191.12,0.0,274.55,195.75,112.32000000000001,0.0,0.0843333333333334,0.0,0.48,0.49,401.0,True,2026-09-23 18:50:08-07:00
49.06,1,10,2026-09-24 01:50:50,36.889,-121.40339,251.0,0.0,11.3,-12.5,0.0,,0.0,0.0,0.0,11.3,-0.4,119.2,0.0,295.0,0.0,-0.01,1.0,99.0,-22.0,26.0,0.0,29.84,1640.0,0.0,0.0,150.0,0.0,0.0,0.0,0.0,0.0,0.0,0.0,0.0,0.0,0.0,0.0,0.0,0.0,0.0,0.0,0.0,0.0,0.0,0.0,0.0,0.0,0.0,0.0,0.0,0.0,88.0,0.0,0.0,29.9,0.0,0.0,0.0,4.2,0.0,0.0,41.4,0.0,0.0,9.7,45.1,39.5,0.0,0.0,0.0,0.0,134.0,96.0,134.0,105.0,137.0,102.0,134.0,102.0,0.0,0.0,11.0,39.5,0.0,4.2,7.0,4.998,0.0,0.0,0.658,0.779,0.0,88.4,0.0,0.0,0.0,,0.0,78.8,190.4,0.0,0.0,0.0,0.0,273.2,204.8,273.2,221.0,278.6,215.6,273.2,215.6,0.0,0.0,191.12,0.0,274.55,195.75,112.32000000000001,0.0,0.0843333333333334,0.0,0.48,0.49,401.0,True,2026-09-23 18:50:08-07:00
50.06,1,10,2026-09-24 01:50:51,36.889,-121.40339,251.0,0.0,11.3,-12.5,0.0,,0.0,0.0,0.0,11.3,-0.5,119.2,0.0,294.0,0.0,-0.01,1.0,99.0,-22.0,26.0,0.0,29.84,1639.0,0.0,0.0,150.0,0.0,0.0,0.0,0.0,0.0,0.0,0.0,0.0,0.0,0.0,0.0,0.0,0.0,0.0,0.0,0.0,0.0,0.0,0.0,0.0,0.0,0.0,0.0,0.0,0.0,88.0,0.0,0.0,29.9,0.0,0.0,0.0,4.2,0.0,0.0,41.4,0.0,0.0,9.9,45.1,39.5,0.0,0.0,0.0,0.0,134.0,96.0,133.0,105.0,137.0,102.0,134.0,101.0,0.0,0.0,11.0,30.9,0.0,4.2,7.0,4.998,0.0,0.0,0.658,0.779,0.0,88.4,0.0,0.0,0.0,,0.0,78.8,190.4,0.0,0.0,0.0,0.0,273.2,204.8,271.4,221.0,278.6,215.6,273.2,213.8,0.0,0.0,191.12,0.0,274.09999999999997,195.29999999999995,112.32000000000001,0.0,0.0843333333333334,0.0,0.48,0.49,401.0,True,2026-09-23 18:50:08-07:00
51.06,1,10,2026-09-24 01:50:52,36.889,-121.40339,251.0,0.0,11.3,-12.5,0.0,,0.0,0.0,0.0,11.3,-0.5,119.1,0.0,294.0,0.0,-0.01,1.0,99.0,-32.0,26.0,0.0,29.84,1639.0,0.0,0.0,150.0,0.0,0.0,0.0,0.0,0.0,0.0,0.0,0.0,0.0,0.0,0.0,0.0,0.0,0.0,0.0,0.0,0.0,0.0,0.0,0.0,0.0,0.0,0.0,0.0,0.0,88.0,0.0,0.0,29.9,0.0,0.0,0.0,4.2,0.0,0.0,41.4,0.0,0.0,9.8,45.1,39.5,0.0,0.0,0.0,0.0,134.0,96.0,133.0,105.0,137.0,101.0,134.0,101.0,0.0,0.0,11.0,24.2,0.0,4.2,7.0,4.998,0.0,0.0,0.658,0.779,0.0,88.4,0.0,0.0,0.0,,0.0,78.8,190.4,0.0,0.0,0.0,0.0,273.2,204.8,271.4,221.0,278.6,213.8,273.2,213.8,0.0,0.0,191.12,0.0,274.09999999999997,195.29999999999995,112.32000000000001,0.0,0.0843333333333334,0.0,0.48,0.49,401.0,True,2026-09-23 18:50:08-07:00
52.06,1,10,2026-09-24 01:50:53,36.889,-121.40339,251.0,0.0,11.3,-12.5,0.0,,0.0,0.0,0.0,11.3,-0.5,119.1,0.0,294.0,-0.0,-0.01,1.0,99.0,-32.0,26.0,0.0,29.84,1638.0,0.0,0.0,150.0,0.0,0.0,0.0,0.0,0.0,0.0,0.0,0.0,0.0,0.0,0.0,0.0,0.0,0.0,0.0,0.0,0.0,0.0,0.0,0.0,0.0,0.0,0.0,0.0,0.0,88.0,0.0,0.0,29.9,0.0,0.0,0.0,4.2,0.0,0.0,41.4,0.0,0.0,9.9,45.1,39.5,0.0,0.0,0.0,0.0,134.0,96.0,133.0,105.0,137.0,101.0,134.0,101.0,0.0,0.0,11.0,19.0,0.0,4.2,7.0,4.998,0.0,0.0,0.658,0.779,0.0,88.4,0.0,0.0,0.0,,0.0,78.8,190.4,0.0,0.0,0.0,0.0,273.2,204.8,271.4,221.0,278.6,213.8,273.2,213.8,0.0,0.0,191.12,0.0,274.09999999999997,195.29999999999995,112.32000000000001,0.0,0.0843333333333334,0.0,0.48,0.49,401.0,True,2026-09-23 18:50:08-07:00
53.06,1,10,2026-09-24 01:50:54,36.889,-121.40339,251.0,0.0,11.3,-12.5,0.0,,0.0,0.0,0.0,11.2,-0.5,119.2,0.0,293.0,0.0,-0.01,1.0,99.0,-45.0,26.0,0.0,29.84,1637.0,0.0,0.0,150.0,0.0,0.0,0.0,0.0,0.0,0.0,0.0,0.0,0.0,0.0,0.0,0.0,0.0,0.0,0.0,0.0,0.0,0.0,0.0,0.0,0.0,0.0,0.0,0.0,0.0,88.0,0.0,0.0,29.9,0.0,0.0,0.0,4.2,0.0,0.0,41.4,0.0,0.0,9.7,45.1,39.5,0.0,0.0,0.0,0.0,134.0,96.0,133.0,105.0,137.0,101.0,134.0,101.0,0.0,0.0,11.0,15.0,0.0,4.2,7.0,4.998,0.0,0.0,0.658,0.779,0.0,88.4,0.0,0.0,0.0,,0.0,78.8,190.4,0.0,0.0,0.0,0.0,273.2,204.8,271.4,221.0,278.6,213.8,273.2,213.8,0.0,0.0,191.12,0.0,274.09999999999997,195.29999999999995,112.32000000000001,0.0,0.0843333333333334,0.0,0.48,0.49,401.0,True,2026-09-23 18:50:08-07:00
54.06,1,10,2026-09-24 01:50:55,36.889,-121.40339,251.0,0.1,11.3,-12.5,0.0,,0.0,0.0,0.0,11.3,-0.5,119.2,0.0,292.0,0.0,-0.0,1.0,99.0,-56.0,26.0,0.0,29.84,1636.0,0.0,0.0,150.0,0.0,0.0,0.0,0.0,0.0,0.0,0.0,0.0,0.0,0.0,0.0,0.0,0.0,0.0,0.0,0.0,0.0,0.0,0.0,0.0,0.0,0.0,0.0,0.0,0.0,88.0,0.0,0.0,29.9,0.0,0.0,0.0,4.2,0.0,0.0,41.4,0.0,0.0,9.7,45.1,39.5,0.0,0.0,0.0,0.0,134.0,96.0,133.0,105.0,137.0,101.0,134.0,101.0,0.0,0.0,11.0,11.9,0.0,4.2,7.0,4.998,0.0,0.0,0.658,0.779,0.0,88.4,0.0,0.0,0.0,,0.0,78.8,190.4,0.0,0.0,0.0,0.0,273.2,204.8,271.4,221.0,278.6,213.8,273.2,213.8,0.0,0.0,191.12,0.0,274.09999999999997,195.29999999999995,112.32000000000001,0.0,0.16866666666666674,0.0,0.48,0.49,401.0,True,2026-09-23 18:50:08-07:00
55.06,1,10,2026-09-24 01:50:56,36.889,-121.40339,251.0,0.0,11.3,-12.5,0.0,,0.0,0.0,0.0,11.3,-0.4,119.2,0.0,291.0,0.1,-0.0,1.0,99.0,-46.0,26.0,0.0,29.84,1635.0,0.0,0.0,150.0,0.0,0.0,0.0,0.0,0.0,0.0,0.0,0.0,0.0,0.0,0.0,0.0,0.0,0.0,0.0,0.0,0.0,0.0,0.0,0.0,0.0,0.0,0.0,0.0,0.0,88.0,0.0,0.0,29.9,0.0,0.0,0.0,4.2,0.0,0.0,41.4,0.0,0.0,9.7,45.1,39.5,0.0,0.0,0.0,0.0,134.0,95.0,133.0,105.0,137.0,101.0,134.0,101.0,0.0,0.0,11.0,9.4,0.0,4.2,7.0,4.998,0.0,0.0,0.658,0.779,0.0,88.4,0.0,0.0,0.0,,0.0,78.8,190.4,0.0,0.0,0.0,0.0,273.2,203.0,271.4,221.0,278.6,213.8,273.2,213.8,0.0,0.0,191.12,0.0,274.09999999999997,195.29999999999995,112.32000000000001,0.0,0.25300000000000006,0.0,0.48,0.49,401.0,True,2026-09-23 18:50:08-07:00
56.06,1,10,2026-09-24 01:50:57,36.889,-121.40339,251.0,0.0,11.3,-12.5,0.0,,0.0,0.0,0.0,11.3,-0.4,119.2,0.0,290.0,0.1,-0.01,1.0,99.0,-68.0,26.0,0.0,29.84,1633.0,0.0,0.0,150.0,0.0,0.0,0.0,0.0,0.0,0.0,0.0,0.0,0.0,0.0,0.0,0.0,0.0,0.0,0.0,0.0,0.0,0.0,0.0,0.0,0.0,0.0,0.0,0.0,0.0,88.0,0.0,0.0,29.9,0.0,0.0,0.0,4.2,0.0,0.0,41.4,0.0,0.0,9.7,45.1,39.5,0.0,0.0,0.0,0.0,134.0,95.0,133.0,105.0,137.0,101.0,134.0,101.0,0.0,0.0,11.0,7.6,0.0,4.2,7.0,4.998,0.0,0.0,0.658,0.779,0.0,88.4,0.0,0.0,0.0,,0.0,78.8,190.4,0.0,0.0,0.0,0.0,273.2,203.0,271.4,221.0,278.6,213.8,273.2,213.8,0.0,0.0,191.12,0.0,274.09999999999997,195.29999999999995,112.32000000000001,0.0,0.25300000000000006,0.0,0.48,0.49,401.0,True,2026-09-23 18:50:08-07:00
57.06,1,10,2026-09-24 01:50:58,36.889,-121.40339,251.0,0.0,11.3,-12.5,0.0,,0.0,0.0,0.0,11.3,-0.4,119.2,0.0,289.0,0.1,-0.01,1.0,99.0,-55.0,26.0,0.0,29.84,1632.0,0.0,0.0,150.0,0.0,0.0,0.0,0.0,0.0,0.0,0.0,0.0,0.0,0.0,0.0,0.0,0.0,0.0,0.0,0.0,0.0,0.0,0.0,0.0,0.0,0.0,0.0,0.0,0.0,88.0,0.0,0.0,29.9,0.0,0.0,0.0,4.2,0.0,0.0,41.4,0.0,0.0,9.6,45.1,39.5,0.0,0.0,0.0,0.0,134.0,95.0,133.0,105.0,137.0,101.0,134.0,101.0,0.0,0.0,11.0,6.1,0.0,4.2,7.0,4.998,0.0,0.0,0.658,0.779,0.0,88.4,0.0,0.0,0.0,,0.0,78.8,190.4,0.0,0.0,0.0,0.0,273.2,203.0,271.4,221.0,278.6,213.8,273.2,213.8,0.0,0.0,191.12,0.0,274.09999999999997,195.29999999999995,112.32000000000001,0.0,0.25300000000000006,0.0,0.48,0.49,401.0,True,2026-09-23 18:50:08-07:00
58.06,1,10,2026-09-24 01:50:59,36.889,-121.40339,251.0,0.0,11.3,-12.5,0.0,,0.0,0.0,0.0,11.3,-0.4,119.2,0.0,289.0,0.1,-0.01,1.0,99.0,-56.0,26.0,0.0,29.84,1632.0,0.0,0.0,150.0,0.0,0.0,0.0,0.0,0.0,0.0,0.0,0.0,0.0,0.0,0.0,0.0,0.0,0.0,0.0,0.0,0.0,0.0,0.0,0.0,0.0,0.0,0.0,0.0,0.0,88.0,0.0,0.0,29.9,0.0,0.0,0.0,4.2,0.0,0.0,41.4,0.0,0.0,9.7,45.1,39.5,0.0,0.0,0.0,0.0,134.0,95.0,133.0,105.0,137.0,101.0,134.0,101.0,0.0,0.0,11.0,4.9,0.0,4.2,7.0,4.998,0.0,0.0,0.658,0.779,0.0,88.4,0.0,0.0,0.0,,0.0,78.8,190.4,0.0,0.0,0.0,0.0,273.2,203.0,271.4,221.0,278.6,213.8,273.2,213.8,0.0,0.0,191.12,0.0,274.09999999999997,195.29999999999995,112.32000000000001,0.0,0.25300000000000006,0.0,0.48,0.49,401.0,True,2026-09-23 18:50:08-07:00
59.06,1,10,2026-09-24 01:51:00,36.889,-121.40339,251.0,0.0,11.3,-12.5,0.0,,0.0,0.0,0.0,11.3,-0.4,119.1,0.0,287.0,0.0,-0.01,1.0,99.0,-57.0,26.0,0.0,29.84,1630.0,0.0,0.0,150.0,0.0,0.0,0.0,0.0,0.0,0.0,0.0,0.0,0.0,0.0,0.0,0.0,0.0,0.0,0.0,0.0,0.0,0.0,0.0,0.0,0.0,0.0,0.0,0.0,0.0,88.0,0.0,0.0,29.9,0.0,0.0,0.0,4.2,0.0,0.0,41.4,0.0,0.0,9.5,45.1,39.5,0.0,0.0,0.0,0.0,134.0,95.0,133.0,104.0,137.0,101.0,134.0,101.0,0.0,0.0,11.0,4.1,0.0,4.2,7.0,4.998,0.0,0.0,0.658,0.779,0.0,88.4,0.0,0.0,0.0,,0.0,78.8,190.4,0.0,0.0,0.0,0.0,273.2,203.0,271.4,219.2,278.6,213.8,273.2,213.8,0.0,0.0,191.12,0.0,274.09999999999997,195.29999999999995,112.32000000000001,0.0,0.25300000000000006,0.0,0.48,0.49,401.0,True,2026-09-23 18:50:08-07:00
60.06,1,10,2026-09-24 01:51:01,36.889,-121.40339,252.0,0.0,11.3,-12.5,0.0,,0.0,0.0,0.0,11.3,-0.4,119.1,0.0,287.0,0.0,-0.0,1.0,99.0,-33.0,26.0,0.0,29.84,1630.0,0.0,0.0,150.0,0.0,0.0,0.0,0.0,0.0,0.0,0.0,0.0,0.0,0.0,0.0,0.0,0.0,0.0,0.0,0.0,0.0,0.0,0.0,0.0,0.0,0.0,0.0,0.0,0.0,88.0,0.0,0.0,29.9,0.0,0.0,0.0,4.2,0.0,0.0,41.4,0.0,0.0,9.8,45.1,39.5,0.0,0.0,0.0,0.0,134.0,95.0,133.0,104.0,137.0,101.0,134.0,101.0,0.0,0.0,11.0,3.4,0.0,4.2,7.0,4.998,0.0,0.0,0.658,0.779,0.0,88.4,0.0,0.0,0.0,,0.0,78.8,190.4,0.0,0.0,0.0,0.0,273.2,203.0,271.4,219.2,278.6,213.8,273.2,213.8,0.0,0.0,191.12,0.0,274.09999999999997,195.29999999999995,112.32000000000001,0.0,0.25300000000000006,0.0,0.48,0.49,401.0,True,2026-09-23 18:50:08-07:00
61.06,1,10,2026-09-24 01:51:02,36.889,-121.40339,252.0,0.0,11.3,-12.5,0.0,,0.0,0.0,0.0,11.4,-0.4,119.1,0.0,286.0,0.1,-0.01,1.0,99.0,-54.0,26.0,0.0,29.84,1629.0,0.0,0.0,150.0,0.0,0.0,0.0,0.0,0.0,0.0,0.0,0.0,0.0,0.0,0.0,0.0,0.0,0.0,0.0,0.0,0.0,0.0,0.0,0.0,0.0,0.0,0.0,0.0,0.0,88.0,0.0,0.0,29.9,0.0,0.0,0.0,4.2,0.0,0.0,41.4,0.0,0.0,10.0,45.1,39.5,0.0,0.0,0.0,0.0,134.0,95.0,133.0,104.0,137.0,101.0,134.0,101.0,0.0,0.0,11.0,2.9,0.0,4.2,7.0,4.998,0.0,0.0,0.658,0.779,0.0,88.4,0.0,0.0,0.0,,0.0,78.8,190.4,0.0,0.0,0.0,0.0,273.2,203.0,271.4,219.2,278.6,213.8,273.2,213.8,0.0,0.0,191.12,0.0,274.09999999999997,195.29999999999995,112.32000000000001,0.0,0.25300000000000006,0.0,0.48,0.49,401.0,True,2026-09-23 18:50:08-07:00
62.06,1,10,2026-09-24 01:51:03,36.889,-121.40339,252.0,0.0,11.3,-12.5,0.0,,0.0,0.0,0.0,11.3,-0.3,119.1,0.0,286.0,0.1,-0.01,1.0,99.0,-21.0,26.0,0.0,29.84,1629.0,0.0,0.0,150.0,0.0,0.0,0.0,0.0,0.0,0.0,0.0,0.0,0.0,0.0,0.0,0.0,0.0,0.0,0.0,0.0,0.0,0.0,0.0,0.0,0.0,0.0,0.0,0.0,0.0,88.0,0.0,0.0,29.9,0.0,0.0,0.0,4.2,0.0,0.0,41.4,0.0,0.0,10.1,45.1,39.5,0.0,0.0,0.0,0.0,134.0,95.0,133.0,104.0,137.0,101.0,134.0,101.0,0.0,0.0,11.0,2.4,0.0,4.2,7.0,4.998,0.0,0.0,0.658,0.779,0.0,88.4,0.0,0.0,0.0,,0.0,78.8,190.4,0.0,0.0,0.0,0.0,273.2,203.0,271.4,219.2,278.6,213.8,273.2,213.8,0.0,0.0,191.12,0.0,274.09999999999997,195.29999999999995,112.32000000000001,0.0,0.25300000000000006,0.0,0.48,0.49,401.0,True,2026-09-23 18:50:08-07:00
63.06,1,10,2026-09-24 01:51:04,36.889,-121.40339,252.0,0.0,11.3,-12.5,0.0,,0.0,0.0,0.0,11.4,-0.4,119.0,0.0,286.0,0.0,-0.01,1.0,99.0,0.0,26.0,0.0,29.84,1629.0,0.0,0.0,150.0,0.0,0.0,0.0,0.0,0.0,0.0,0.0,0.0,0.0,0.0,0.0,0.0,0.0,0.0,0.0,0.0,0.0,0.0,0.0,0.0,0.0,0.0,0.0,0.0,0.0,88.0,0.0,0.0,29.9,0.0,0.0,0.0,4.2,0.0,0.0,41.4,0.0,0.0,10.1,45.1,39.5,0.0,0.0,0.0,0.0,134.0,95.0,133.0,104.0,137.0,101.0,134.0,101.0,0.0,0.0,11.0,2.1,0.0,4.2,7.0,4.998,0.0,0.0,0.658,0.779,0.0,88.4,0.0,0.0,0.0,,0.0,78.8,190.4,0.0,0.0,0.0,0.0,273.2,203.0,271.4,219.2,278.6,213.8,273.2,213.8,0.0,0.0,191.12,0.0,274.09999999999997,195.29999999999995,112.32000000000001,0.0,0.25300000000000006,0.0,0.48,0.49,401.0,True,2026-09-23 18:50:08-07:00
64.06,1,10,2026-09-24 01:51:05,36.889,-121.40339,252.0,0.0,11.3,-12.5,0.0,,0.0,0.0,0.0,11.3,-0.3,119.0,0.0,286.0,0.1,-0.01,1.0,99.0,22.0,26.0,0.0,29.84,1619.0,0.0,0.0,150.0,0.0,0.0,0.0,0.0,0.0,0.0,0.0,0.0,0.0,0.0,0.0,0.0,0.0,0.0,0.0,0.0,0.0,0.0,0.0,0.0,0.0,0.0,0.0,0.0,0.0,88.0,0.0,0.0,29.9,0.0,0.0,0.0,4.2,0.0,0.0,41.4,0.0,0.0,9.5,45.1,39.5,0.0,0.0,0.0,0.0,134.0,95.0,133.0,104.0,137.0,101.0,134.0,101.0,0.0,0.0,11.0,1.9,0.0,4.2,7.0,4.998,0.0,0.0,0.658,0.779,0.0,88.4,0.0,0.0,0.0,,0.0,78.8,190.4,0.0,0.0,0.0,0.0,273.2,203.0,271.4,219.2,278.6,213.8,273.2,213.8,0.0,0.0,191.12,0.0,274.09999999999997,195.29999999999995,112.32000000000001,0.0,0.25300000000000006,0.0,0.48,0.49,401.0,True,2026-09-23 18:50:08-07:00
65.06,1,10,2026-09-24 01:51:06,36.889,-121.40339,252.0,0.0,11.3,-12.5,0.0,,0.0,0.0,0.0,11.4,-0.3,119.0,0.0,286.0,0.0,-0.01,1.0,99.0,0.0,26.0,0.0,29.84,1619.0,0.0,0.0,150.0,0.0,0.0,0.0,0.0,0.0,0.0,0.0,0.0,0.0,0.0,0.0,0.0,0.0,0.0,0.0,0.0,0.0,0.0,0.0,0.0,0.0,0.0,0.0,0.0,0.0,88.0,0.0,0.0,29.9,0.0,0.0,0.0,4.2,0.0,0.0,41.4,0.0,0.0,9.3,45.1,39.5,0.0,0.0,0.0,0.0,134.0,95.0,133.0,104.0,137.0,101.0,134.0,101.0,0.0,0.0,11.0,1.7,0.0,4.2,7.0,4.998,0.0,0.0,0.658,0.779,0.0,88.4,0.0,0.0,0.0,,0.0,78.8,190.4,0.0,0.0,0.0,0.0,273.2,203.0,271.4,219.2,278.6,213.8,273.2,213.8,0.0,0.0,191.12,0.0,274.09999999999997,195.29999999999995,112.32000000000001,0.0,0.25300000000000006,0.0,0.48,0.49,401.0,True,2026-09-23 18:50:08-07:00
66.06,1,10,2026-09-24 01:51:07,36.889,-121.40339,252.0,0.0,11.3,-12.5,0.0,,0.0,0.0,0.0,11.3,-0.3,119.1,0.0,286.0,0.1,-0.01,1.0,99.0,18.0,26.0,0.0,29.84,1619.0,0.0,0.0,150.0,0.0,0.0,0.0,0.0,0.0,0.0,0.0,0.0,0.0,0.0,0.0,0.0,0.0,0.0,0.0,0.0,0.0,0.0,0.0,0.0,0.0,0.0,0.0,0.0,0.0,88.0,0.0,0.0,29.9,0.0,0.0,0.0,4.2,0.0,0.0,41.4,0.0,0.0,9.6,45.1,39.5,0.0,0.0,0.0,0.0,134.0,95.0,133.0,104.0,137.0,101.0,134.0,101.0,0.0,0.0,11.0,1.5,0.0,4.2,7.0,4.996,0.0,0.0,0.658,0.779,0.0,88.4,0.0,0.0,0.0,,0.0,78.8,190.4,0.0,0.0,0.0,0.0,273.2,203.0,271.4,219.2,278.6,213.8,273.2,213.8,0.0,0.0,191.12,0.0,274.09999999999997,195.29999999999995,112.32000000000001,0.0,0.25300000000000006,0.0,0.48,0.49,401.0,True,2026-09-23 18:50:08-07:00
67.06,1,10,2026-09-24 01:51:08,36.88899,-121.40339,252.0,0.0,11.3,-12.5,0.0,,0.0,0.0,0.0,11.4,-0.3,119.0,0.0,286.0,0.0,-0.01,1.0,99.0,3.0,26.0,0.0,29.84,1619.0,0.0,0.0,150.0,0.0,0.0,0.0,0.0,0.0,0.0,0.0,0.0,0.0,0.0,0.0,0.0,0.0,0.0,0.0,0.0,0.0,0.0,0.0,0.0,0.0,0.0,0.0,0.0,0.0,88.0,0.0,0.0,29.9,0.0,0.0,0.0,4.2,0.0,0.0,41.4,0.0,0.0,9.3,45.1,39.5,0.0,0.0,0.0,0.0,134.0,95.0,133.0,104.0,137.0,101.0,134.0,100.0,0.0,0.0,11.0,1.4,0.0,4.2,7.0,4.998,0.0,0.0,0.658,0.779,0.0,88.4,0.0,0.0,0.0,,0.0,78.8,190.4,0.0,0.0,0.0,0.0,273.2,203.0,271.4,219.2,278.6,213.8,273.2,212.0,0.0,0.0,191.12,0.0,274.09999999999997,195.29999999999995,112.32000000000001,0.0,0.25300000000000006,0.0,0.48,0.49,401.0,True,2026-09-23 18:50:08-07:00
68.06,1,10,2026-09-24 01:51:09,36.88899,-121.40339,253.0,0.0,11.3,-12.5,0.0,,0.0,0.0,0.0,11.4,-0.4,119.0,0.0,286.0,0.0,-0.01,1.0,99.0,-9.0,26.0,0.0,29.84,1619.0,0.0,0.0,150.0,0.0,0.0,0.0,0.0,0.0,0.0,0.0,0.0,0.0,0.0,0.0,0.0,0.0,0.0,0.0,0.0,0.0,0.0,0.0,0.0,0.0,0.0,0.0,0.0,0.0,88.0,0.0,0.0,29.9,0.0,0.0,0.0,4.2,0.0,0.0,41.4,0.0,0.0,9.6,45.1,39.5,0.0,0.0,0.0,0.0,134.0,94.0,133.0,104.0,137.0,100.0,134.0,100.0,0.0,0.0,11.0,1.3,0.0,4.2,7.0,4.996,0.0,0.0,0.658,0.779,0.0,88.4,0.0,0.0,0.0,,0.0,78.8,190.4,0.0,0.0,0.0,0.0,273.2,201.2,271.4,219.2,278.6,212.0,273.2,212.0,0.0,0.0,191.12,0.0,274.09999999999997,195.29999999999995,112.32000000000001,0.0,0.25300000000000006,0.0,0.48,0.49,401.0,True,2026-09-23 18:50:08-07:00
69.06,1,10,2026-09-24 01:51:10,36.88899,-121.40339,253.0,0.0,11.3,-12.5,0.0,,0.0,0.0,0.0,11.4,-0.4,119.0,0.0,286.0,0.0,-0.01,1.0,99.0,-22.0,26.0,0.0,29.84,1618.0,0.0,0.0,150.0,0.0,0.0,0.0,0.0,0.0,0.0,0.0,0.0,0.0,0.0,0.0,0.0,0.0,0.0,0.0,0.0,0.0,0.0,0.0,0.0,0.0,0.0,0.0,0.0,0.0,88.0,0.0,0.0,29.9,0.0,0.0,0.0,4.3,0.0,0.0,41.4,0.0,0.0,9.9,45.1,39.5,0.0,0.0,0.0,0.0,134.0,94.0,133.0,104.0,137.0,100.0,134.0,100.0,0.0,0.0,11.0,1.2,0.0,4.3,7.0,4.996,0.0,0.0,0.658,0.779,0.0,88.4,0.0,0.0,0.0,,0.0,78.8,190.4,0.0,0.0,0.0,0.0,273.2,201.2,271.4,219.2,278.6,212.0,273.2,212.0,0.0,0.0,191.12,0.0,274.09999999999997,195.29999999999995,112.32000000000001,0.0,0.25300000000000006,0.0,0.48,0.49,401.0,True,2026-09-23 18:50:08-07:00
70.06,1,10,2026-09-24 01:51:11,36.88899,-121.40339,253.0,0.0,11.3,-12.5,0.0,,0.0,0.0,0.0,11.4,-0.4,119.0,0.0,286.0,0.1,-0.01,1.0,99.0,-30.0,26.0,0.0,29.84,1618.0,0.0,0.0,150.0,0.0,0.0,0.0,0.0,0.0,0.0,0.0,0.0,0.0,0.0,0.0,0.0,0.0,0.0,0.0,0.0,0.0,0.0,0.0,0.0,0.0,0.0,0.0,0.0,0.0,88.0,0.0,0.0,29.9,0.0,0.0,0.0,4.3,0.0,0.0,41.4,0.0,0.0,10.2,45.1,39.5,0.0,0.0,0.0,0.0,134.0,94.0,133.0,104.0,137.0,100.0,134.0,100.0,0.0,0.0,11.0,1.2,0.0,4.3,7.0,4.998,0.0,0.0,0.658,0.779,0.0,88.4,0.0,0.0,0.0,,0.0,78.8,190.4,0.0,0.0,0.0,0.0,273.2,201.2,271.4,219.2,278.6,212.0,273.2,212.0,0.0,0.0,191.12,0.0,274.09999999999997,195.29999999999995,112.32000000000001,0.0,0.25300000000000006,0.0,0.48,0.49,401.0,True,2026-09-23 18:50:08-07:00
71.06,1,10,2026-09-24 01:51:12,36.88898,-121.40339,253.0,0.0,11.3,-12.5,0.0,,0.0,0.0,0.0,11.3,-0.5,119.0,0.0,285.0,0.0,-0.01,1.0,99.0,-10.0,26.0,0.0,29.84,1617.0,0.0,0.0,150.0,0.0,0.0,0.0,0.0,0.0,0.0,0.0,0.0,0.0,0.0,0.0,0.0,0.0,0.0,0.0,0.0,0.0,0.0,0.0,0.0,0.0,0.0,0.0,0.0,0.0,88.0,0.0,0.0,29.9,0.0,0.0,0.0,4.3,0.0,0.0,41.4,0.0,0.0,9.6,45.1,39.5,0.0,0.0,0.0,0.0,134.0,94.0,133.0,104.0,136.0,100.0,134.0,100.0,0.0,0.0,11.0,1.1,0.0,4.3,7.0,4.998,0.0,0.0,0.658,0.779,0.0,88.4,0.0,0.0,0.0,,0.0,78.8,190.4,0.0,0.0,0.0,0.0,273.2,201.2,271.4,219.2,276.8,212.0,273.2,212.0,0.0,0.0,191.12,0.0,273.65,194.84999999999997,112.32000000000001,0.0,0.25300000000000006,0.0,0.48,0.49,401.0,True,2026-09-23 18:50:08-07:00
72.06,1,10,2026-09-24 01:51:13,36.88898,-121.40339,253.0,0.0,11.3,-12.5,0.0,,0.0,0.0,0.0,11.4,-0.5,119.0,0.0,285.0,0.0,-0.01,1.0,99.0,-37.0,26.0,0.0,29.84,1617.0,0.0,0.0,150.0,0.0,0.0,0.0,0.0,0.0,0.0,0.0,0.0,0.0,0.0,0.0,0.0,0.0,0.0,0.0,0.0,0.0,0.0,0.0,0.0,0.0,0.0,0.0,0.0,0.0,88.0,0.0,0.0,29.9,0.0,0.0,0.0,4.3,0.0,0.0,41.4,0.0,0.0,9.5,45.1,39.5,0.0,0.0,0.0,0.0,134.0,94.0,133.0,104.0,136.0,100.0,133.0,100.0,0.0,0.0,11.0,1.1,0.0,4.3,7.0,4.996,0.0,0.0,0.658,0.779,0.0,88.4,0.0,0.0,0.0,,0.0,78.8,190.4,0.0,0.0,0.0,0.0,273.2,201.2,271.4,219.2,276.8,212.0,271.4,212.0,0.0,0.0,191.12,0.0,273.2,194.39999999999998,112.32000000000001,0.0,0.25300000000000006,0.0,0.48,0.49,401.0,True,2026-09-23 18:50:08-07:00
73.06,1,10,2026-09-24 01:51:14,36.88898,-121.40339,253.0,0.0,11.3,-12.5,0.0,,0.0,0.0,0.0,11.4,-0.4,119.0,0.0,285.0,0.1,-0.01,1.0,99.0,-8.0,26.0,0.0,29.84,1617.0,0.0,0.0,150.0,0.0,0.0,0.0,0.0,0.0,0.0,0.0,0.0,0.0,0.0,0.0,0.0,0.0,0.0,0.0,0.0,0.0,0.0,0.0,0.0,0.0,0.0,0.0,0.0,0.0,88.0,0.0,0.0,29.9,0.0,0.0,0.0,4.3,0.0,0.0,41.4,0.0,0.0,8.6,45.1,39.5,0.0,0.0,0.0,0.0,134.0,94.0,133.0,104.0,136.0,100.0,133.0,100.0,0.0,0.0,11.0,1.1,0.0,4.3,7.0,4.996,0.0,0.0,0.658,0.779,0.0,88.4,0.0,0.0,0.0,,0.0,78.8,190.4,0.0,0.0,0.0,0.0,273.2,201.2,271.4,219.2,276.8,212.0,271.4,212.0,0.0,0.0,191.12,0.0,273.2,194.39999999999998,112.32000000000001,0.0,0.25300000000000006,0.0,0.48,0.49,401.0,True,2026-09-23 18:50:08-07:00
74.06,1,10,2026-09-24 01:51:15,36.88898,-121.40339,253.0,0.0,11.3,-12.5,0.0,,0.0,0.0,0.0,11.4,-0.4,119.0,0.0,285.0,0.1,-0.01,1.0,99.0,-42.0,26.0,0.0,29.84,1608.0,0.0,0.0,150.0,0.0,0.0,0.0,0.0,0.0,0.0,0.0,0.0,0.0,0.0,0.0,0.0,0.0,0.0,0.0,0.0,0.0,0.0,0.0,0.0,0.0,0.0,0.0,0.0,0.0,88.0,0.0,0.0,29.9,0.0,0.0,0.0,4.3,0.0,0.0,41.4,0.0,0.0,9.3,45.1,39.5,0.0,0.0,0.0,0.0,133.0,94.0,133.0,104.0,136.0,100.0,133.0,100.0,0.0,0.0,11.0,1.0,0.0,4.3,7.0,4.996,0.0,0.0,0.658,0.779,0.0,88.4,0.0,0.0,0.0,,0.0,78.8,190.4,0.0,0.0,0.0,0.0,271.4,201.2,271.4,219.2,276.8,212.0,271.4,212.0,0.0,0.0,191.12,0.0,272.75,193.95,112.32000000000001,0.0,0.25300000000000006,0.0,0.48,0.49,401.0,True,2026-09-23 18:50:08-07:00
75.06,1,10,2026-09-24 01:51:16,36.88898,-121.40339,253.0,0.0,11.3,-12.5,0.0,,0.0,0.0,0.0,11.5,-0.4,119.0,0.0,284.0,0.1,-0.01,1.0,99.0,-29.0,26.0,0.0,29.84,1608.0,0.0,0.0,150.0,0.0,0.0,0.0,0.0,0.0,0.0,0.0,0.0,0.0,0.0,0.0,0.0,0.0,0.0,0.0,0.0,0.0,0.0,0.0,0.0,0.0,0.0,0.0,0.0,0.0,88.0,0.0,0.0,29.9,0.0,0.0,0.0,4.3,0.0,0.0,41.4,0.0,0.0,9.6,45.1,39.5,0.0,0.0,0.0,0.0,133.0,94.0,133.0,103.0,136.0,100.0,133.0,100.0,0.0,0.0,11.0,1.0,0.0,4.3,7.0,4.998,0.0,0.0,0.658,0.779,0.0,88.4,0.0,0.0,0.0,,0.0,78.8,190.4,0.0,0.0,0.0,0.0,271.4,201.2,271.4,217.4,276.8,212.0,271.4,212.0,0.0,0.0,191.12,0.0,272.75,193.95,112.32000000000001,0.0,0.25300000000000006,0.0,0.48,0.49,401.0,True,2026-09-23 18:50:08-07:00
76.06,1,10,2026-09-24 01:51:17,36.88898,-121.40339,253.0,0.0,11.3,-12.5,0.0,,0.0,0.0,0.0,11.4,-0.5,119.0,0.0,284.0,0.1,-0.01,1.0,99.0,-16.0,26.0,0.0,29.84,1608.0,0.0,0.0,150.0,0.0,0.0,0.0,0.0,0.0,0.0,0.0,0.0,0.0,0.0,0.0,0.0,0.0,0.0,0.0,0.0,0.0,0.0,0.0,0.0,0.0,0.0,0.0,0.0,0.0,88.0,0.0,0.0,29.9,0.0,0.0,0.0,4.3,0.0,0.0,41.4,0.0,0.0,9.9,45.1,39.5,0.0,0.0,0.0,0.0,133.0,94.0,133.0,103.0,136.0,100.0,133.0,100.0,0.0,0.0,11.0,1.0,0.0,4.3,7.0,4.996,0.0,0.0,0.658,0.779,0.0,88.4,0.0,0.0,0.0,,0.0,78.8,190.4,0.0,0.0,0.0,0.0,271.4,201.2,271.4,217.4,276.8,212.0,271.4,212.0,0.0,0.0,191.12,0.0,272.75,193.95,112.32000000000001,0.0,0.25300000000000006,0.0,0.48,0.49,401.0,True,2026-09-23 18:50:08-07:00
77.06,1,10,2026-09-24 01:51:18,36.88898,-121.40339,254.0,0.0,11.3,-12.5,0.0,,0.0,0.0,0.0,11.5,-0.4,119.0,0.0,284.0,0.1,-0.01,1.0,99.0,8.0,26.0,0.0,29.84,1606.0,0.0,0.0,150.0,0.0,0.0,0.0,0.0,0.0,0.0,0.0,0.0,0.0,0.0,0.0,0.0,0.0,0.0,0.0,0.0,0.0,0.0,0.0,0.0,0.0,0.0,0.0,0.0,0.0,88.0,0.0,0.0,29.9,0.0,0.0,0.0,4.3,0.0,0.0,41.4,0.0,0.0,9.5,45.1,39.5,0.0,0.0,0.0,0.0,133.0,94.0,133.0,103.0,136.0,100.0,133.0,100.0,0.0,0.0,11.0,1.0,0.0,4.3,7.0,4.998,0.0,0.0,0.658,0.779,0.0,88.3,0.0,0.0,0.0,,0.0,78.8,190.4,0.0,0.0,0.0,0.0,271.4,201.2,271.4,217.4,276.8,212.0,271.4,212.0,0.0,0.0,190.94,0.0,272.75,193.95,112.14,0.0,0.25300000000000006,0.0,0.48,0.49,401.0,True,2026-09-23 18:50:08-07:00
78.06,1,10,2026-09-24 01:51:19,36.88898,-121.40339,254.0,0.0,11.3,-12.5,0.0,,0.0,0.0,0.0,11.5,-0.4,118.9,0.0,284.0,0.1,-0.01,1.0,99.0,9.0,26.0,0.0,29.84,1606.0,0.0,0.0,150.0,0.0,0.0,0.0,0.0,0.0,0.0,0.0,0.0,0.0,0.0,0.0,0.0,0.0,0.0,0.0,0.0,0.0,0.0,0.0,0.0,0.0,0.0,0.0,0.0,0.0,88.0,0.0,0.0,29.9,0.0,0.0,0.0,4.3,0.0,0.0,41.4,0.0,0.0,9.2,45.1,39.5,0.0,0.0,0.0,0.0,133.0,94.0,133.0,103.0,136.0,100.0,133.0,100.0,0.0,0.0,11.0,1.0,0.0,4.3,7.0,4.996,0.0,0.0,0.658,0.779,0.0,88.3,0.0,0.0,0.0,,0.0,78.8,190.4,0.0,0.0,0.0,0.0,271.4,201.2,271.4,217.4,276.8,212.0,271.4,212.0,0.0,0.0,190.94,0.0,272.75,193.95,112.14,0.0,0.25300000000000006,0.0,0.48,0.49,401.0,True,2026-09-23 18:50:08-07:00
79.06,1,10,2026-09-24 01:51:20,36.88898,-121.40339,254.0,0.0,11.3,-12.5,0.0,,0.0,0.0,0.0,11.5,-0.4,118.9,0.0,284.0,0.0,-0.01,1.0,99.0,26.0,26.0,0.0,29.84,1606.0,0.0,0.0,150.0,0.0,0.0,0.0,0.0,0.0,0.0,0.0,0.0,0.0,0.0,0.0,0.0,0.0,0.0,0.0,0.0,0.0,0.0,0.0,0.0,0.0,0.0,0.0,0.0,0.0,88.0,0.0,0.0,29.9,0.0,0.0,0.0,4.3,0.0,0.0,41.4,0.0,0.0,9.6,45.1,39.5,0.0,0.0,0.0,0.0,133.0,94.0,133.0,103.0,136.0,100.0,133.0,99.0,0.0,0.0,11.0,1.0,0.0,4.3,7.0,4.996,0.0,0.0,0.658,0.779,0.0,88.3,0.0,0.0,0.0,,0.0,78.8,190.4,0.0,0.0,0.0,0.0,271.4,201.2,271.4,217.4,276.8,212.0,271.4,210.2,0.0,0.0,190.94,0.0,272.75,193.95,112.14,0.0,0.25300000000000006,0.0,0.48,0.49,401.0,True,2026-09-23 18:50:08-07:00
80.06,1,10,2026-09-24 01:51:21,36.88898,-121.40339,254.0,0.0,11.3,-12.5,0.0,,0.0,0.0,0.0,11.5,-0.5,118.9,0.0,284.0,0.0,-0.01,1.0,99.0,45.0,26.0,0.0,29.84,1615.0,0.0,0.0,150.0,0.0,0.0,0.0,0.0,0.0,0.0,0.0,0.0,0.0,0.0,0.0,0.0,0.0,0.0,0.0,0.0,0.0,0.0,0.0,0.0,0.0,0.0,0.0,0.0,0.0,88.0,0.0,0.0,29.9,0.0,0.0,0.0,4.3,0.0,0.0,41.4,0.0,0.0,10.0,45.1,39.5,0.0,0.0,0.0,0.0,133.0,93.0,133.0,103.0,136.0,100.0,133.0,99.0,0.0,0.0,11.0,1.0,0.0,4.3,7.0,4.996,0.0,0.0,0.658,0.779,0.0,88.3,0.0,0.0,0.0,,0.0,78.8,190.4,0.0,0.0,0.0,0.0,271.4,199.4,271.4,217.4,276.8,212.0,271.4,210.2,0.0,0.0,190.94,0.0,272.75,193.95,112.14,0.0,0.25300000000000006,0.0,0.48,0.49,401.0,True,2026-09-23 18:50:08-07:00
81.06,1,10,2026-09-24 01:51:22,36.88898,-121.40339,254.0,0.0,11.3,-12.5,0.0,,0.0,0.0,0.0,11.4,-0.4,118.9,0.0,284.0,0.1,-0.01,1.0,99.0,46.0,26.0,0.0,29.84,1615.0,0.0,0.0,150.0,0.0,0.0,0.0,0.0,0.0,0.0,0.0,0.0,0.0,0.0,0.0,0.0,0.0,0.0,0.0,0.0,0.0,0.0,0.0,0.0,0.0,0.0,0.0,0.0,0.0,88.0,0.0,0.0,29.9,0.0,0.0,0.0,3.5,0.0,0.0,41.4,0.0,0.0,9.8,45.1,39.5,0.0,0.0,0.0,0.0,133.0,94.0,133.0,103.0,136.0,99.0,133.0,99.0,0.0,0.0,11.0,1.0,0.0,3.5,7.0,4.996,0.0,0.0,0.658,0.779,0.0,88.3,0.0,0.0,0.0,,0.0,78.8,190.4,0.0,0.0,0.0,0.0,271.4,201.2,271.4,217.4,276.8,210.2,271.4,210.2,0.0,0.0,190.94,0.0,272.75,193.95,112.14,0.0,0.25300000000000006,0.0,0.48,0.49,401.0,True,2026-09-23 18:50:08-07:00
82.06,1,10,2026-09-24 01:51:23,36.88898,-121.40339,254.0,0.0,11.3,-12.5,0.0,,0.0,0.0,0.0,11.4,-0.5,118.9,0.0,284.0,-0.0,-0.01,1.0,99.0,50.0,26.0,0.0,29.84,1615.0,0.0,0.0,150.0,0.0,0.0,0.0,0.0,0.0,0.0,0.0,0.0,0.0,0.0,0.0,0.0,0.0,0.0,0.0,0.0,0.0,0.0,0.0,0.0,0.0,0.0,0.0,0.0,0.0,88.0,0.0,0.0,29.9,0.0,0.0,0.0,3.4,0.0,0.0,41.4,0.0,0.0,9.7,45.1,39.5,0.0,0.0,0.0,0.0,133.0,94.0,133.0,103.0,136.0,99.0,133.0,99.0,0.0,0.0,11.0,1.0,0.0,3.4,7.0,4.998,0.0,0.0,0.658,0.779,0.0,88.3,0.0,0.0,0.0,,0.0,78.8,190.4,0.0,0.0,0.0,0.0,271.4,201.2,271.4,217.4,276.8,210.2,271.4,210.2,0.0,0.0,190.94,0.0,272.75,193.95,112.14,0.0,0.25300000000000006,0.0,0.48,0.49,401.0,True,2026-09-23 18:50:08-07:00
83.06,1,10,2026-09-24 01:51:24,36.88898,-121.40339,254.0,0.0,11.3,-12.5,0.0,,0.0,0.0,0.0,11.4,-0.5,118.9,0.0,284.0,0.0,-0.01,1.0,99.0,50.0,26.0,0.0,29.84,1606.0,0.0,0.0,150.0,0.0,0.0,0.0,0.0,0.0,0.0,0.0,0.0,0.0,0.0,0.0,0.0,0.0,0.0,0.0,0.0,0.0,0.0,0.0,0.0,0.0,0.0,0.0,0.0,0.0,88.0,0.0,0.0,29.9,0.0,0.0,0.0,3.3,0.0,0.0,41.4,0.0,0.0,9.2,45.1,39.5,0.0,0.0,0.0,0.0,133.0,93.0,133.0,103.0,136.0,99.0,133.0,99.0,0.0,0.0,11.0,1.0,0.0,3.3,7.0,4.998,0.0,0.0,0.658,0.779,0.0,88.3,0.0,0.0,0.0,,0.0,78.8,190.4,0.0,0.0,0.0,0.0,271.4,199.4,271.4,217.4,276.8,210.2,271.4,210.2,0.0,0.0,190.94,0.0,272.75,193.95,112.14,0.0,0.25300000000000006,0.0,0.48,0.49,401.0,True,2026-09-23 18:50:08-07:00
84.06,1,10,2026-09-24 01:51:25,36.88898,-121.40339,254.0,0.0,11.3,-12.5,0.0,,0.0,0.0,0.0,11.4,-0.5,118.9,0.0,284.0,0.0,-0.01,1.0,99.0,29.0,26.0,0.0,29.84,1606.0,0.0,0.0,150.0,0.0,0.0,0.0,0.0,0.0,0.0,0.0,0.0,0.0,0.0,0.0,0.0,0.0,0.0,0.0,0.0,0.0,0.0,0.0,0.0,0.0,0.0,0.0,0.0,0.0,88.0,0.0,0.0,29.9,0.0,0.0,0.0,5.0,0.0,0.0,41.4,0.0,0.0,8.9,45.1,39.5,0.0,0.0,0.0,0.0,133.0,93.0,133.0,103.0,136.0,99.0,133.0,99.0,0.0,0.0,11.0,1.0,0.0,5.0,7.0,4.998,0.0,0.0,0.658,0.779,0.0,88.3,0.0,0.0,0.0,,0.0,78.8,190.4,0.0,0.0,0.0,0.0,271.4,199.4,271.4,217.4,276.8,210.2,271.4,210.2,0.0,0.0,190.94,0.0,272.75,193.95,112.14,0.0,0.25300000000000006,0.0,0.48,0.49,401.0,True,2026-09-23 18:50:08-07:00
85.06,1,10,2026-09-24 01:51:26,36.88898,-121.40339,254.0,0.0,11.3,-12.5,0.0,,0.0,0.0,0.0,11.4,-0.6,119.0,0.0,284.0,0.0,-0.01,1.0,99.0,25.0,26.0,0.0,29.84,1606.0,0.0,0.0,150.0,0.0,0.0,0.0,0.0,0.0,0.0,0.0,0.0,0.0,0.0,0.0,0.0,0.0,0.0,0.0,0.0,0.0,0.0,0.0,0.0,0.0,0.0,0.0,0.0,0.0,88.0,0.0,0.0,29.9,0.6,0.0,0.6,27.3,0.0,0.0,41.4,0.0,0.0,8.4,45.1,39.5,0.0,0.0,0.0,0.0,133.0,93.0,133.0,103.0,136.0,99.0,133.0,99.0,0.0,0.0,11.0,1.0,0.0,27.3,7.0,4.996,0.0,0.0,0.658,0.778,0.0,88.3,0.0,0.0,0.0,,0.0,78.8,190.4,0.0,0.0,0.0,0.0,271.4,199.4,271.4,217.4,276.8,210.2,271.4,210.2,0.0,0.0,190.94,0.0,272.75,193.95,112.14,8.333333333333333e-05,0.25300000000000006,0.0,0.48,0.49,401.0,True,2026-09-23 18:50:08-07:00
86.06,1,10,2026-09-24 01:51:27,36.88898,-121.40339,254.0,0.0,11.3,-12.5,0.0,,0.0,0.0,0.0,11.4,-0.5,119.0,0.0,284.0,0.0,-0.01,1.0,99.0,9.0,26.0,0.0,29.84,1606.0,0.0,0.0,150.0,0.0,0.0,0.0,0.0,0.0,0.0,0.0,0.0,0.0,0.0,0.0,0.0,0.0,0.0,0.0,0.0,0.0,0.0,0.0,0.0,0.0,0.0,0.0,0.0,0.0,88.0,0.0,0.0,29.9,0.6,0.0,0.6,28.0,0.0,0.0,41.4,0.0,0.0,8.6,45.1,39.5,0.0,0.0,0.0,0.0,133.0,93.0,133.0,103.0,136.0,99.0,133.0,99.0,0.0,0.0,11.0,1.0,0.0,28.0,7.0,4.996,0.0,0.0,0.658,0.778,0.0,88.3,0.0,0.0,0.0,,0.0,78.8,190.4,0.0,0.0,0.0,0.0,271.4,199.4,271.4,217.4,276.8,210.2,271.4,210.2,0.0,0.0,190.94,0.0,272.75,193.95,112.14,0.00025,0.25300000000000006,0.0,0.48,0.49,401.0,True,2026-09-23 18:50:08-07:00
87.06,1,10,2026-09-24 01:51:28,36.88898,-121.40339,254.0,0.0,11.3,-12.5,0.0,,0.0,0.0,0.0,11.4,-0.5,119.0,0.0,284.0,0.0,-0.01,1.0,99.0,18.0,26.0,0.0,29.84,1606.0,0.0,0.0,150.0,0.0,0.0,0.0,0.0,0.0,0.0,0.0,0.0,0.0,0.0,0.0,0.0,0.0,0.0,0.0,0.0,0.0,0.0,0.0,0.0,0.0,0.0,0.0,0.0,0.0,88.0,0.0,0.0,29.9,0.8,0.0,0.8,27.6,0.0,0.0,41.4,0.0,0.0,8.9,45.1,39.5,0.0,0.0,0.0,0.0,133.0,93.0,133.0,102.0,136.0,99.0,133.0,99.0,0.0,0.0,11.0,0.0,0.0,27.6,7.0,4.998,0.0,0.0,0.658,0.778,0.0,88.3,0.0,0.0,0.0,,0.0,78.8,190.4,0.0,0.0,0.0,0.0,271.4,199.4,271.4,215.6,276.8,210.2,271.4,210.2,0.0,0.0,190.94,0.0,272.75,193.95,112.14,0.00044444444444444447,0.25300000000000006,0.0,0.48,0.49,401.0,True,2026-09-23 18:50:08-07:00
88.06,1,10,2026-09-24 01:51:29,36.88898,-121.40339,255.0,0.0,11.3,-12.5,0.0,,0.0,0.0,0.0,11.4,-0.5,119.0,0.0,284.0,0.0,-0.01,1.0,99.0,-5.0,26.0,0.0,29.84,1606.0,0.0,0.0,150.0,0.0,0.0,0.0,0.0,0.0,0.0,0.0,0.0,0.0,0.0,0.0,0.0,0.0,0.0,0.0,0.0,0.0,0.0,0.0,0.0,0.0,0.0,0.0,0.0,0.0,88.0,0.0,0.0,29.9,0.9,0.0,0.9,27.3,0.0,0.0,41.4,0.0,0.0,8.8,45.1,39.5,0.0,0.0,0.0,0.0,133.0,93.0,133.0,102.0,136.0,99.0,133.0,99.0,0.0,0.0,11.0,0.0,0.0,27.3,7.0,4.998,0.0,0.0,0.658,0.778,0.0,88.3,0.0,0.0,0.0,,0.0,78.8,190.4,0.0,0.0,0.0,0.0,271.4,199.4,271.4,215.6,276.8,210.2,271.4,210.2,0.0,0.0,190.94,0.0,272.75,193.95,112.14,0.0006805555555555556,0.25300000000000006,0.0,0.48,0.49,401.0,True,2026-09-23 18:50:08-07:00
89.06,1,10,2026-09-24 01:51:30,36.88898,-121.40339,255.0,0.0,11.3,-12.5,0.0,,0.0,0.0,0.0,11.4,-0.5,119.1,0.0,284.0,0.1,-0.01,1.0,99.0,8.0,26.0,0.0,29.84,1606.0,0.0,0.0,150.0,0.0,0.0,0.0,0.0,0.0,0.0,0.0,0.0,0.0,0.0,0.0,0.0,0.0,0.0,0.0,0.0,0.0,0.0,0.0,0.0,0.0,0.0,0.0,0.0,0.0,88.0,0.0,0.0,29.9,1.1,0.0,1.1,27.1,0.0,0.0,41.4,0.0,0.0,9.0,45.1,39.5,0.0,0.0,0.0,0.0,133.0,93.0,133.0,102.0,136.0,99.0,133.0,99.0,0.0,0.0,11.0,0.0,0.0,27.1,7.0,4.998,0.0,0.0,0.658,0.778,0.0,88.3,0.0,0.0,0.0,,0.0,78.8,190.4,0.0,0.0,0.0,0.0,271.4,199.4,271.4,215.6,276.8,210.2,271.4,210.2,0.0,0.0,190.94,0.0,272.75,193.95,112.14,0.0009583333333333334,0.25300000000000006,0.0,0.48,0.49,401.0,True,2026-09-23 18:50:08-07:00
90.06,1,10,2026-09-24 01:51:31,36.88898,-121.40339,255.0,0.0,11.3,-12.5,0.0,,0.0,0.0,0.0,11.4,-0.5,119.0,0.0,284.0,0.1,-0.01,1.0,99.0,8.0,26.0,0.0,29.84,1606.0,0.0,0.0,150.0,0.0,0.0,0.0,0.0,0.0,0.0,0.0,0.0,0.0,0.0,0.0,0.0,0.0,0.0,0.0,0.0,0.0,0.0,0.0,0.0,0.0,0.0,0.0,0.0,0.0,88.0,0.0,0.0,29.9,1.2,0.0,1.2,26.8,0.0,0.0,41.4,0.0,0.0,9.4,45.1,39.5,0.0,0.0,0.0,0.0,133.0,93.0,132.0,102.0,136.0,99.0,133.0,99.0,0.0,0.0,11.0,0.0,0.0,26.8,7.0,4.998,0.0,0.0,0.658,0.778,0.0,88.3,0.0,0.0,0.0,,0.0,78.8,190.4,0.0,0.0,0.0,0.0,271.4,199.4,269.6,215.6,276.8,210.2,271.4,210.2,0.0,0.0,190.94,0.0,272.3,193.5,112.14,0.0012777777777777779,0.25300000000000006,0.0,0.48,0.49,401.0,True,2026-09-23 18:50:08-07:00
91.06,1,10,2026-09-24 01:51:32,36.88898,-121.40339,255.0,0.0,11.3,-12.5,0.0,,0.0,0.0,0.0,11.4,-0.5,119.0,0.0,284.0,0.1,-0.01,1.0,99.0,22.0,26.0,0.0,29.84,1606.0,0.0,0.0,150.0,0.0,0.0,0.0,0.0,0.0,0.0,0.0,0.0,0.0,0.0,0.0,0.0,0.0,0.0,0.0,0.0,0.0,0.0,0.0,0.0,0.0,0.0,0.0,0.0,0.0,88.0,0.0,0.0,29.9,1.1,0.0,1.1,26.6,0.0,0.0,41.4,0.0,0.0,7.9,45.1,39.5,0.0,0.0,0.0,0.0,133.0,93.0,132.0,102.0,136.0,99.0,133.0,99.0,0.0,0.0,11.0,0.0,0.0,26.6,7.0,4.998,0.0,0.0,0.658,0.778,0.0,88.3,0.0,0.0,0.0,,0.0,78.8,190.4,0.0,0.0,0.0,0.0,271.4,199.4,269.6,215.6,276.8,210.2,271.4,210.2,0.0,0.0,190.94,0.0,272.3,193.5,112.14,0.0015972222222222223,0.25300000000000006,0.0,0.48,0.49,401.0,True,2026-09-23 18:50:08-07:00
92.06,1,10,2026-09-24 01:51:33,36.88898,-121.40339,255.0,0.0,11.3,-12.5,0.0,,0.0,0.0,0.0,11.4,-0.4,118.9,0.0,284.0,0.0,-0.01,1.0,99.0,40.0,26.0,0.0,29.84,1606.0,0.0,0.0,150.0,0.0,0.0,0.0,0.0,0.0,0.0,0.0,0.0,0.0,0.0,0.0,0.0,0.0,0.0,0.0,0.0,0.0,0.0,0.0,0.0,0.0,0.0,0.0,0.0,0.0,88.0,0.0,0.0,29.9,1.1,0.0,1.1,26.5,0.0,0.0,41.4,0.0,0.0,9.0,45.1,39.5,0.0,0.0,0.0,0.0,133.0,93.0,132.0,102.0,136.0,99.0,133.0,98.0,0.0,0.0,11.0,0.0,0.0,26.5,7.0,4.998,0.0,0.0,0.658,0.778,0.0,88.3,0.0,0.0,0.0,,0.0,78.8,190.4,0.0,0.0,0.0,0.0,271.4,199.4,269.6,215.6,276.8,210.2,271.4,208.4,0.0,0.0,190.94,0.0,272.3,193.5,112.14,0.001902777777777778,0.25300000000000006,0.0,0.48,0.49,401.0,True,2026-09-23 18:50:08-07:00
93.06,1,10,2026-09-24 01:51:34,36.88898,-121.40339,255.0,0.0,11.3,-12.5,0.0,,0.0,0.0,0.0,11.4,-0.4,118.9,0.0,284.0,0.1,-0.01,1.0,99.0,45.0,26.0,0.0,29.84,1606.0,0.0,0.0,150.0,0.0,0.0,0.0,0.0,0.0,0.0,0.0,0.0,0.0,0.0,0.0,0.0,0.0,0.0,0.0,0.0,0.0,0.0,0.0,0.0,0.0,0.0,0.0,0.0,0.0,88.0,0.0,0.0,29.9,1.0,0.0,1.0,26.3,0.0,0.0,41.4,0.0,0.0,9.2,45.1,39.5,0.0,0.0,0.0,0.0,133.0,93.0,132.0,102.0,136.0,98.0,133.0,98.0,0.0,0.0,11.0,0.0,0.0,26.3,7.0,4.996,0.0,0.0,0.658,0.778,0.0,88.3,0.0,0.0,0.0,,0.0,78.8,190.4,0.0,0.0,0.0,0.0,271.4,199.4,269.6,215.6,276.8,208.4,271.4,208.4,0.0,0.0,190.94,0.0,272.3,193.5,112.14,0.0021944444444444446,0.25300000000000006,0.0,0.48,0.49,401.0,True,2026-09-23 18:50:08-07:00
94.06,1,10,2026-09-24 01:51:35,36.88898,-121.40339,255.0,0.0,11.3,-12.5,0.0,,0.0,0.0,0.0,11.4,-0.4,118.9,0.0,284.0,0.1,-0.01,1.0,99.0,19.0,26.0,0.0,29.84,1606.0,0.0,0.0,150.0,0.0,0.0,0.0,0.0,0.0,0.0,0.0,0.0,0.0,0.0,0.0,0.0,0.0,0.0,0.0,0.0,0.0,0.0,0.0,0.0,0.0,0.0,0.0,0.0,0.0,88.0,0.0,0.0,29.9,0.8,0.0,0.8,26.1,0.0,0.0,41.4,0.0,0.0,9.0,45.1,39.5,0.0,0.0,0.0,0.0,133.0,93.0,132.0,102.0,136.0,98.0,133.0,98.0,0.0,0.0,11.0,0.0,0.0,26.1,7.0,4.998,0.0,0.0,0.658,0.778,0.0,88.3,0.0,0.0,0.0,,0.0,78.8,190.4,0.0,0.0,0.0,0.0,271.4,199.4,269.6,215.6,276.8,208.4,271.4,208.4,0.0,0.0,190.94,0.0,272.3,193.5,112.14,0.0024444444444444444,0.25300000000000006,0.0,0.48,0.49,401.0,True,2026-09-23 18:50:08-07:00
95.06,1,10,2026-09-24 01:51:36,36.88898,-121.40339,255.0,0.0,11.3,-12.5,0.0,,0.0,0.0,0.0,11.4,-0.4,118.8,0.0,284.0,0.0,-0.01,1.0,99.0,33.0,26.0,0.0,29.84,1606.0,0.0,0.0,150.0,0.0,0.0,0.0,0.0,0.0,0.0,0.0,0.0,0.0,0.0,0.0,0.0,0.0,0.0,0.0,0.0,0.0,0.0,0.0,0.0,0.0,0.0,0.0,0.0,0.0,88.0,0.0,0.0,29.9,0.8,0.0,0.8,26.0,0.0,0.0,41.4,0.0,0.0,8.9,45.1,39.5,0.0,0.0,0.0,0.0,133.0,93.0,132.0,102.0,136.0,98.0,133.0,98.0,0.0,0.0,11.0,0.0,0.0,26.0,7.0,4.998,0.0,0.0,0.658,0.778,0.0,88.3,0.0,0.0,0.0,,0.0,78.8,190.4,0.0,0.0,0.0,0.0,271.4,199.4,269.6,215.6,276.8,208.4,271.4,208.4,0.0,0.0,190.94,0.0,272.3,193.5,112.14,0.002666666666666667,0.25300000000000006,0.0,0.48,0.49,401.0,True,2026-09-23 18:50:08-07:00
96.06,1,10,2026-09-24 01:51:37,36.88898,-121.40339,255.0,0.0,11.3,-12.5,0.0,,0.0,0.0,0.0,11.4,-0.5,118.8,0.0,284.0,0.0,-0.01,1.0,99.0,5.0,26.0,0.0,29.84,1606.0,0.0,0.0,150.0,0.0,0.0,0.0,0.0,0.0,0.0,0.0,0.0,0.0,0.0,0.0,0.0,0.0,0.0,0.0,0.0,0.0,0.0,0.0,0.0,0.0,0.0,0.0,0.0,0.0,88.0,0.0,0.0,29.9,0.7,0.0,0.7,25.8,0.0,0.0,41.4,0.0,0.0,8.8,45.1,39.5,0.0,0.0,0.0,0.0,133.0,93.0,132.0,102.0,136.0,98.0,133.0,98.0,0.0,0.0,11.0,0.0,0.0,25.8,7.0,4.998,0.0,0.0,0.658,0.778,0.0,88.3,0.0,0.0,0.0,,0.0,78.8,190.4,0.0,0.0,0.0,0.0,271.4,199.4,269.6,215.6,276.8,208.4,271.4,208.4,0.0,0.0,190.94,0.0,272.3,193.5,112.14,0.002875,0.25300000000000006,0.0,0.48,0.49,401.0,True,2026-09-23 18:50:08-07:00
97.06,2,10,2026-09-24 01:51:38,36.88898,-121.4034,254.0,0.0,11.3,-12.5,0.0,,0.0,0.0,0.0,11.4,-0.5,118.8,0.0,284.0,0.0,-0.01,1.0,99.0,15.0,26.0,0.0,29.84,1606.0,0.0,0.0,150.0,0.0,0.0,0.0,0.0,0.0,0.0,0.0,0.0,0.0,0.0,0.0,0.0,0.0,0.0,0.0,0.0,0.0,0.0,0.0,0.0,0.0,0.0,0.0,0.0,0.0,88.0,0.0,0.0,29.9,0.6,0.0,0.6,25.7,0.0,0.0,41.4,0.0,0.0,9.2,45.1,39.5,0.0,0.0,0.0,0.0,133.0,92.0,132.0,102.0,136.0,98.0,133.0,98.0,0.0,0.0,11.0,0.0,0.0,25.7,7.0,4.998,0.0,0.0,0.658,0.778,0.0,88.3,0.0,0.0,0.0,,0.0,78.8,190.4,0.0,0.0,0.0,0.0,271.4,197.6,269.6,215.6,276.8,208.4,271.4,208.4,0.0,0.0,190.94,0.0,272.3,193.5,112.14,0.0030555555555555557,0.25300000000000006,0.0,0.48,0.49,401.0,True,2026-09-23 18:50:08-07:00
98.06,2,10,2026-09-24 01:51:39,36.88898,-121.40339,255.0,0.0,11.3,-12.5,0.0,,0.0,0.0,0.0,11.4,-0.5,118.8,0.0,285.0,0.0,-0.01,1.0,99.0,-5.0,26.0,0.0,29.84,1607.0,0.0,0.0,150.0,0.0,0.0,0.0,0.0,0.0,0.0,0.0,0.0,0.0,0.0,0.0,0.0,0.0,0.0,0.0,0.0,0.0,0.0,0.0,0.0,0.0,0.0,0.0,0.0,0.0,88.0,0.0,0.0,29.9,0.5,0.0,0.5,25.6,0.0,0.0,41.4,0.0,0.0,9.1,45.1,39.5,0.0,0.0,0.0,0.0,133.0,92.0,132.0,102.0,136.0,98.0,133.0,98.0,0.0,0.0,11.0,0.0,0.0,25.6,7.0,4.998,0.0,0.0,0.658,0.778,0.0,88.3,0.0,0.0,0.0,,0.0,78.8,190.4,0.0,0.0,0.0,0.0,271.4,197.6,269.6,215.6,276.8,208.4,271.4,208.4,0.0,0.0,190.94,0.0,272.3,193.5,112.14,0.0032083333333333334,0.25300000000000006,0.0,0.48,0.49,401.0,True,2026-09-23 18:50:08-07:00
99.06,2,10,2026-09-24 01:51:40,36.88898,-121.40339,255.0,0.0,11.3,-12.5,0.0,,0.0,0.0,0.0,11.5,-0.5,118.8,0.0,285.0,0.0,-0.01,1.0,99.0,3.0,26.0,0.0,29.84,1607.0,0.0,0.0,150.0,0.0,0.0,0.0,0.0,0.0,0.0,0.0,0.0,0.0,0.0,0.0,0.0,0.0,0.0,0.0,0.0,0.0,0.0,0.0,0.0,0.0,0.0,0.0,0.0,0.0,88.0,0.0,0.0,29.9,0.6,0.0,0.6,25.4,0.0,0.0,41.4,0.0,0.0,9.0,45.1,39.5,0.0,0.0,0.0,0.0,133.0,92.0,132.0,101.0,136.0,98.0,133.0,98.0,0.0,0.0,11.0,0.0,0.0,25.4,7.0,4.998,0.0,0.0,0.658,0.778,0.0,88.3,0.0,0.0,0.0,,0.0,78.8,190.4,0.0,0.0,0.0,0.0,271.4,197.6,269.6,213.8,276.8,208.4,271.4,208.4,0.0,0.0,190.94,0.0,272.3,193.5,112.14,0.003361111111111111,0.25300000000000006,0.0,0.48,0.49,401.0,True,2026-09-23 18:50:08-07:00
100.06,2,10,2026-09-24 01:51:41,36.88898,-121.40339,255.0,0.0,11.3,-12.5,0.0,,0.0,0.0,0.0,11.4,-0.5,118.8,0.0,285.0,0.0,-0.01,1.0,99.0,12.0,26.0,0.0,29.84,1607.0,0.0,0.0,150.0,0.0,0.0,0.0,0.0,0.0,0.0,0.0,0.0,0.0,0.0,0.0,0.0,0.0,0.0,0.0,0.0,0.0,0.0,0.0,0.0,0.0,0.0,0.0,0.0,0.0,88.0,0.0,0.0,29.9,0.5,0.0,0.5,25.3,0.0,0.0,41.4,0.0,0.0,9.5,45.1,39.5,0.0,0.0,0.0,0.0,133.0,92.0,132.0,101.0,136.0,98.0,133.0,98.0,0.0,0.0,11.0,0.0,0.0,25.3,7.0,4.998,0.0,0.0,0.658,0.778,0.0,88.3,0.0,0.0,0.0,,0.0,78.8,190.4,0.0,0.0,0.0,0.0,271.4,197.6,269.6,213.8,276.8,208.4,271.4,208.4,0.0,0.0,190.94,0.0,272.3,193.5,112.14,0.003513888888888889,0.25300000000000006,0.0,0.48,0.49,401.0,True,2026-09-23 18:50:08-07:00
101.06,2,10,2026-09-24 01:51:42,36.88898,-121.40339,254.0,0.1,11.3,-12.5,0.0,,0.0,0.0,0.0,11.4,-0.5,118.6,0.0,285.0,0.0,-0.01,1.0,99.0,10.0,26.0,0.0,29.84,1607.0,0.0,0.0,150.0,0.0,0.0,0.0,0.0,0.0,0.0,0.0,0.0,0.0,0.0,0.0,0.0,0.0,0.0,0.0,0.0,0.0,0.0,0.0,0.0,0.0,0.0,0.0,0.0,0.0,82.0,98.0,0.0,29.8,0.5,0.0,0.5,25.6,0.0,0.0,41.4,0.0,0.0,8.0,45.1,39.5,0.0,0.0,0.0,0.0,129.0,86.0,128.0,95.0,132.0,92.0,129.0,92.0,0.0,0.0,12.0,0.0,0.0,25.6,7.0,4.998,0.0,0.0,0.669,0.804,0.0,82.1,0.0,0.0,0.0,,0.0,78.8,179.6,0.0,0.0,0.0,0.0,264.2,186.8,262.4,203.0,269.6,197.6,264.2,197.6,0.0,0.0,179.78,49.0,265.09999999999997,186.29999999999995,100.98,0.003652777777777778,0.3373333333333334,0.2,0.48,0.49,401.0,True,2026-09-23 18:50:08-07:00
102.06,2,10,2026-09-24 01:51:43,36.88898,-121.40339,254.0,0.0,11.3,-12.5,0.0,,0.0,0.0,0.0,11.4,-0.5,118.6,0.0,285.0,0.0,-0.01,1.0,99.0,25.0,26.0,0.0,29.84,1606.0,0.0,0.0,150.0,0.0,0.0,0.0,0.0,0.0,0.0,0.0,0.0,0.0,0.0,0.0,0.0,0.0,0.0,0.0,0.0,0.0,0.0,0.0,0.0,0.0,0.0,0.0,0.0,1.0,83.0,218.0,218.0,29.6,1.1,0.0,1.1,20.1,0.0,0.0,41.4,0.0,0.0,7.2,45.1,39.5,0.0,0.0,0.0,0.0,129.0,89.0,129.0,97.0,132.0,94.0,129.0,94.0,0.0,0.0,12.0,0.0,0.0,20.1,7.0,4.998,0.0,0.0,0.662,0.787,1.0,83.1,0.0,0.0,0.0,,0.0,78.8,181.4,0.0,0.0,0.0,0.0,264.2,192.2,264.2,206.6,269.6,201.2,264.2,201.2,0.0,0.0,181.57999999999998,218.0,265.55,186.75,102.77999999999999,0.003875,0.42166666666666675,0.0,0.48,0.49,401.0,True,2026-09-23 18:50:08-07:00
103.06,2,10,2026-09-24 01:51:44,36.88898,-121.40339,254.0,0.0,11.3,-12.5,0.0,,0.0,0.0,0.0,11.5,-0.4,118.5,0.0,285.0,0.1,-0.01,1.0,99.0,26.0,26.0,0.0,29.84,1606.0,0.0,0.0,150.0,0.0,0.0,0.0,0.0,0.0,0.0,0.0,0.0,0.0,0.0,0.0,0.0,0.0,0.0,0.0,0.0,0.0,0.0,0.0,0.0,0.0,0.0,0.0,0.0,18.0,83.0,216.0,218.0,29.5,1.6,0.0,1.6,17.1,0.0,0.0,41.4,0.0,0.0,6.7,45.1,39.5,0.0,0.0,0.0,0.0,129.0,89.0,129.0,97.0,132.0,94.0,129.0,94.0,0.0,0.0,12.0,0.0,0.0,17.1,7.0,4.998,0.0,0.0,0.66,0.811,17.8,82.9,0.0,0.0,7.0,L,0.0,78.8,181.4,0.0,0.0,0.0,0.0,264.2,192.2,264.2,206.6,269.6,201.2,264.2,201.2,0.0,0.0,181.22,217.0,265.55,186.75,102.42,0.00425,0.42166666666666675,0.0,0.48,0.49,401.0,True,2026-09-23 18:50:08-07:00
104.06,2,10,2026-09-24 01:51:45,36.88898,-121.40339,254.0,0.0,11.3,-12.5,0.0,,0.0,0.0,0.0,11.4,-0.4,118.5,0.0,286.0,0.0,-0.01,1.0,99.0,48.0,26.0,0.0,29.84,1606.0,0.0,0.0,150.0,0.0,0.0,0.0,0.0,0.0,0.0,0.0,0.0,0.0,0.0,0.0,0.0,0.0,0.0,0.0,0.0,0.0,0.0,0.0,0.0,0.0,0.0,0.0,0.0,30.0,88.0,266.0,266.0,29.3,2.2,0.0,2.2,13.6,0.0,0.0,41.4,0.0,0.0,6.7,45.1,39.5,0.0,0.0,0.0,0.0,133.0,95.0,132.0,108.0,136.0,104.0,132.0,112.0,0.0,0.0,12.0,0.0,0.0,13.6,7.0,4.998,0.0,0.0,0.665,0.787,30.3,88.0,0.0,0.0,13.0,L,0.0,78.8,190.4,0.0,0.0,0.0,0.0,271.4,203.0,269.6,226.4,276.8,219.2,269.6,233.6,0.0,0.0,190.4,266.0,271.85,193.05,111.60000000000001,0.004777777777777778,0.42166666666666675,0.0,0.48,0.49,401.0,True,2026-09-23 18:50:08-07:00
105.06,2,10,2026-09-24 01:51:46,36.88898,-121.40339,255.0,0.0,11.3,-12.5,0.0,,0.0,0.0,0.0,11.4,-0.4,118.6,0.0,287.0,0.0,-0.01,1.0,99.0,39.0,26.0,0.0,29.84,1609.0,0.0,0.0,150.0,0.0,0.0,0.0,0.0,0.0,0.0,0.0,0.0,0.0,0.0,0.0,0.0,0.0,0.0,0.0,0.0,0.0,0.0,0.0,0.0,0.0,0.0,0.0,0.0,13.0,88.0,195.0,195.0,29.5,2.6,0.0,2.6,10.8,0.0,0.0,41.4,0.0,0.0,7.4,45.1,39.5,0.0,0.0,0.0,0.0,133.0,95.0,132.0,108.0,136.0,104.0,133.0,116.0,0.0,0.0,12.0,0.0,0.0,10.8,7.0,4.998,0.0,0.0,0.662,0.785,12.6,87.7,0.0,0.0,0.0,,0.0,78.8,190.4,0.0,0.0,0.0,0.0,271.4,203.0,269.6,226.4,276.8,219.2,271.4,240.8,0.0,0.0,189.86,195.0,272.3,193.5,111.06000000000002,0.0054444444444444445,0.42166666666666675,0.0,0.48,0.49,401.0,True,2026-09-23 18:50:08-07:00
106.06,2,10,2026-09-24 01:51:47,36.88898,-121.40339,255.0,0.1,11.3,-12.5,0.0,,0.0,0.0,0.0,11.4,-0.3,118.7,0.0,288.0,0.0,-0.0,1.0,99.0,30.0,26.0,0.0,29.84,1609.0,0.0,0.0,150.0,0.0,0.0,0.0,0.0,0.0,0.0,0.0,0.0,0.0,0.0,0.0,0.0,0.0,0.0,0.0,0.0,0.0,0.0,0.0,0.0,0.0,0.0,0.0,0.0,3.0,88.0,195.0,195.0,29.7,2.3,0.0,2.3,9.1,0.0,0.0,41.4,0.0,0.0,8.4,45.1,39.5,0.0,0.0,0.0,0.0,133.0,95.0,132.0,107.0,136.0,104.0,133.0,115.0,0.0,0.0,12.0,0.0,0.0,9.1,7.0,4.998,0.0,0.0,0.662,0.784,2.8,87.6,0.0,0.0,0.0,,0.0,78.8,190.4,0.0,0.0,0.0,0.0,271.4,203.0,269.6,224.6,276.8,219.2,271.4,239.0,0.0,0.0,189.68,195.0,272.3,193.5,110.88000000000001,0.006125,0.506,0.04347826086956522,0.48,0.49,401.0,True,2026-09-23 18:50:08-07:00
107.06,2,10,2026-09-24 01:51:48,36.88898,-121.40339,255.0,0.0,11.3,-12.5,0.0,,0.0,0.0,0.0,11.5,-0.4,118.7,0.0,288.0,0.0,-0.01,1.0,99.0,29.0,25.0,0.0,29.84,1609.0,0.0,0.0,150.0,0.0,0.0,0.0,0.0,0.0,0.0,0.0,0.0,0.0,0.0,0.0,0.0,0.0,0.0,0.0,0.0,0.0,0.0,0.0,0.0,0.0,0.0,0.0,0.0,1.0,88.0,0.0,0.0,29.7,2.3,0.0,2.3,9.2,0.0,0.0,41.4,0.0,0.0,8.8,45.1,39.5,0.0,0.0,0.0,0.0,133.0,95.0,132.0,107.0,136.0,104.0,132.0,114.0,0.0,0.0,12.0,0.0,0.0,9.2,7.0,4.998,0.0,0.0,0.66,0.784,0.8,87.6,0.0,0.0,0.0,,0.0,77.0,190.4,0.0,0.0,0.0,0.0,271.4,203.0,269.6,224.6,276.8,219.2,269.6,237.2,0.0,0.0,189.68,0.0,271.85,194.85000000000002,112.68,0.006763888888888889,0.5903333333333334,0.0,0.48,0.49,401.0,True,2026-09-23 18:50:08-07:00
108.06,2,10,2026-09-24 01:51:49,36.88898,-121.40339,256.0,0.0,11.3,-12.5,0.0,,0.0,0.0,0.0,11.5,-0.4,118.7,0.0,288.0,0.0,-0.01,1.0,99.0,23.0,25.0,0.0,29.84,1601.0,0.0,0.0,150.0,0.0,0.0,0.0,0.0,0.0,0.0,0.0,0.0,0.0,0.0,0.0,0.0,0.0,0.0,0.0,0.0,0.0,0.0,0.0,0.0,0.0,0.0,0.0,0.0,0.0,88.0,0.0,0.0,29.9,2.0,0.0,2.0,9.2,0.0,0.0,41.4,0.0,0.0,9.7,45.1,39.5,0.0,0.0,0.0,0.0,132.0,95.0,132.0,107.0,135.0,104.0,132.0,114.0,0.0,0.0,12.0,0.0,0.0,9.2,7.0,4.998,0.0,0.0,0.66,0.784,0.0,87.6,0.0,0.0,0.0,,0.0,77.0,190.4,0.0,0.0,0.0,0.0,269.6,203.0,269.6,224.6,275.0,219.2,269.6,237.2,0.0,0.0,189.68,0.0,270.95000000000005,193.95000000000005,112.68,0.007361111111111112,0.5903333333333334,0.0,0.48,0.49,401.0,True,2026-09-23 18:50:08-07:00
109.06,2,10,2026-09-24 01:51:50,36.88898,-121.40339,256.0,0.0,11.3,-12.5,0.0,,0.0,0.0,0.0,11.4,-0.4,118.7,0.0,289.0,0.0,-0.01,1.0,99.0,39.0,26.0,0.0,29.84,1602.0,0.0,0.0,150.0,0.0,0.0,0.0,0.0,0.0,0.0,0.0,0.0,0.0,0.0,0.0,0.0,0.0,0.0,0.0,0.0,0.0,0.0,0.0,0.0,0.0,0.0,0.0,0.0,0.0,88.0,0.0,0.0,29.9,2.0,0.0,2.0,9.2,0.0,0.0,41.4,0.0,0.0,9.7,45.1,39.5,0.0,0.0,0.0,0.0,132.0,95.0,132.0,107.0,135.0,104.0,132.0,114.0,0.0,0.0,12.0,0.0,0.0,9.2,7.0,4.998,0.0,0.0,0.66,0.784,0.0,87.6,0.0,0.0,0.0,,0.0,78.8,190.4,0.0,0.0,0.0,0.0,269.6,203.0,269.6,224.6,275.0,219.2,269.6,237.2,0.0,0.0,189.68,0.0,270.95000000000005,192.15000000000003,110.88000000000001,0.007916666666666667,0.5903333333333334,0.0,0.48,0.49,401.0,True,2026-09-23 18:50:08-07:00
110.06,2,10,2026-09-24 01:51:51,36.88898,-121.40339,256.0,0.0,11.3,-12.5,0.0,,0.0,0.0,0.0,11.5,-0.4,118.7,0.0,290.0,0.0,-0.01,1.0,99.0,5.0,25.0,0.0,29.84,1603.0,0.0,0.0,150.0,0.0,0.0,0.0,0.0,0.0,0.0,0.0,0.0,0.0,0.0,0.0,0.0,0.0,0.0,0.0,0.0,0.0,0.0,0.0,0.0,0.0,0.0,0.0,0.0,0.0,88.0,0.0,0.0,29.9,1.7,0.0,1.7,9.1,0.0,0.0,41.4,0.0,0.0,9.7,45.1,39.5,0.0,0.0,0.0,0.0,132.0,95.0,132.0,107.0,135.0,103.0,132.0,113.0,0.0,0.0,12.0,0.0,0.0,9.1,7.0,4.998,0.0,0.0,0.66,0.784,0.0,87.7,0.0,0.0,0.0,,0.0,77.0,190.4,0.0,0.0,0.0,0.0,269.6,203.0,269.6,224.6,275.0,217.4,269.6,235.4,0.0,0.0,189.86,0.0,270.95000000000005,193.95000000000005,112.86000000000001,0.008430555555555556,0.5903333333333334,0.0,0.48,0.49,401.0,True,2026-09-23 18:50:08-07:00
111.06,2,10,2026-09-24 01:51:52,36.88898,-121.40339,255.0,0.0,11.3,-12.5,0.0,,0.0,0.0,0.0,11.5,-0.4,118.7,0.0,290.0,0.1,-0.01,1.0,99.0,-16.0,25.0,0.0,29.84,1603.0,0.0,0.0,150.0,0.0,0.0,0.0,0.0,0.0,0.0,0.0,0.0,0.0,0.0,0.0,0.0,0.0,0.0,0.0,0.0,0.0,0.0,0.0,0.0,0.0,0.0,0.0,0.0,0.0,88.0,0.0,0.0,29.9,1.5,0.0,1.5,9.1,0.0,0.0,41.4,0.0,0.0,10.0,45.1,39.5,0.0,0.0,0.0,0.0,132.0,95.0,132.0,107.0,135.0,103.0,132.0,113.0,0.0,0.0,12.0,0.0,0.0,9.1,7.0,4.998,0.0,0.0,0.66,0.785,0.0,87.7,0.0,0.0,0.0,,0.0,77.0,190.4,0.0,0.0,0.0,0.0,269.6,203.0,269.6,224.6,275.0,217.4,269.6,235.4,0.0,0.0,189.86,0.0,270.95000000000005,193.95000000000005,112.86000000000001,0.008875000000000001,0.5903333333333334,0.0,0.48,0.49,401.0,True,2026-09-23 18:50:08-07:00
112.06,2,10,2026-09-24 01:51:53,36.88898,-121.40339,255.0,0.0,11.3,-12.5,0.0,,0.0,0.0,0.0,11.5,-0.4,118.7,0.0,290.0,0.0,-0.01,1.0,99.0,-4.0,25.0,0.0,29.84,1603.0,0.0,0.0,150.0,0.0,0.0,0.0,0.0,0.0,0.0,0.0,0.0,0.0,0.0,0.0,0.0,0.0,0.0,0.0,0.0,0.0,0.0,0.0,0.0,0.0,0.0,0.0,0.0,0.0,88.0,0.0,0.0,29.9,1.3,0.0,1.3,9.1,0.0,0.0,41.4,0.0,0.0,9.6,45.1,39.5,0.0,0.0,0.0,0.0,132.0,95.0,132.0,106.0,135.0,103.0,132.0,112.0,0.0,0.0,12.0,0.0,0.0,9.1,7.0,4.998,0.0,0.0,0.66,0.785,0.0,87.7,0.0,0.0,0.0,,0.0,77.0,190.4,0.0,0.0,0.0,0.0,269.6,203.0,269.6,222.8,275.0,217.4,269.6,233.6,0.0,0.0,189.86,0.0,270.95000000000005,193.95000000000005,112.86000000000001,0.00926388888888889,0.5903333333333334,0.0,0.48,0.49,401.0,True,2026-09-23 18:50:08-07:00
113.06,2,10,2026-09-24 01:51:54,36.88898,-121.40339,255.0,0.0,11.3,-12.5,0.0,,0.0,0.0,0.0,11.5,-0.4,118.6,0.0,290.0,0.0,-0.01,1.0,99.0,-31.0,25.0,0.0,29.84,1603.0,0.0,0.0,150.0,0.0,0.0,0.0,0.0,0.0,0.0,0.0,0.0,0.0,0.0,0.0,0.0,0.0,0.0,0.0,0.0,0.0,0.0,0.0,0.0,0.0,0.0,0.0,0.0,0.0,88.0,0.0,0.0,29.9,1.2,0.0,1.2,9.0,0.0,0.0,41.4,0.0,0.0,9.2,45.1,39.5,0.0,0.0,0.0,0.0,132.0,95.0,132.0,106.0,135.0,103.0,132.0,112.0,0.0,0.0,12.0,0.0,0.0,9.0,7.0,4.998,0.0,0.0,0.659,0.785,0.0,87.8,0.0,0.0,0.0,,0.0,77.0,190.4,0.0,0.0,0.0,0.0,269.6,203.0,269.6,222.8,275.0,217.4,269.6,233.6,0.0,0.0,190.04,0.0,270.95000000000005,193.95000000000005,113.03999999999999,0.009611111111111112,0.5903333333333334,0.0,0.48,0.49,401.0,True,2026-09-23 18:50:08-07:00
114.06,2,10,2026-09-24 01:51:55,36.88898,-121.40339,253.0,0.0,11.3,-12.5,0.0,,0.0,0.0,0.0,11.5,-0.5,118.6,0.0,290.0,0.0,-0.01,1.0,99.0,-32.0,25.0,0.0,29.84,1603.0,0.0,0.0,150.0,0.0,0.0,0.0,0.0,0.0,0.0,0.0,0.0,0.0,0.0,0.0,0.0,0.0,0.0,0.0,0.0,0.0,0.0,0.0,0.0,0.0,0.0,0.0,0.0,0.0,88.0,0.0,0.0,29.9,1.1,0.0,1.1,9.0,0.0,0.0,41.4,0.0,0.0,9.3,45.1,39.5,0.0,0.0,0.0,0.0,132.0,94.0,132.0,106.0,135.0,103.0,132.0,111.0,0.0,0.0,12.0,0.0,0.0,9.0,7.0,4.998,0.0,0.0,0.66,0.785,0.0,87.8,0.0,0.0,0.0,,0.0,77.0,190.4,0.0,0.0,0.0,0.0,269.6,201.2,269.6,222.8,275.0,217.4,269.6,231.8,0.0,0.0,190.04,0.0,270.95000000000005,193.95000000000005,113.03999999999999,0.009930555555555555,0.5903333333333334,0.0,0.48,0.49,401.0,True,2026-09-23 18:50:08-07:00
115.06,2,10,2026-09-24 01:51:56,36.88898,-121.40339,254.0,0.0,11.3,-12.5,0.0,,0.0,0.0,0.0,11.5,-0.4,118.7,0.0,290.0,0.1,-0.01,1.0,99.0,-45.0,25.0,0.0,29.84,1603.0,0.0,0.0,150.0,0.0,0.0,0.0,0.0,0.0,0.0,0.0,0.0,0.0,0.0,0.0,0.0,0.0,0.0,0.0,0.0,0.0,0.0,0.0,0.0,0.0,0.0,0.0,0.0,0.0,88.0,0.0,0.0,29.9,0.9,0.0,0.9,9.0,0.0,0.0,41.4,0.0,0.0,9.3,45.1,39.5,0.0,0.0,0.0,0.0,132.0,94.0,132.0,106.0,135.0,103.0,132.0,111.0,0.0,0.0,12.0,0.0,0.0,9.0,7.0,4.998,0.0,0.0,0.66,0.785,0.0,87.8,0.0,0.0,0.0,,0.0,77.0,190.4,0.0,0.0,0.0,0.0,269.6,201.2,269.6,222.8,275.0,217.4,269.6,231.8,0.0,0.0,190.04,0.0,270.95000000000005,193.95000000000005,113.03999999999999,0.010208333333333333,0.5903333333333334,0.0,0.48,0.49,401.0,True,2026-09-23 18:50:08-07:00
116.06,2,10,2026-09-24 01:51:57,36.88898,-121.40338,254.0,0.0,11.3,-12.5,0.0,,0.0,0.0,0.0,11.5,-0.4,118.7,0.0,290.0,0.0,-0.01,1.0,99.0,-64.0,25.0,0.0,29.84,1602.0,0.0,0.0,150.0,0.0,0.0,0.0,0.0,0.0,0.0,0.0,0.0,0.0,0.0,0.0,0.0,0.0,0.0,0.0,0.0,0.0,0.0,0.0,0.0,0.0,0.0,0.0,0.0,0.0,88.0,0.0,0.0,29.9,0.8,0.0,0.8,9.0,0.0,0.0,41.4,0.0,0.0,9.3,45.1,39.5,0.0,0.0,0.0,0.0,132.0,94.0,132.0,106.0,135.0,103.0,132.0,111.0,0.0,0.0,12.0,0.0,0.0,9.0,7.0,4.998,0.0,0.0,0.659,0.785,0.0,87.9,0.0,0.0,0.0,,0.0,77.0,190.4,0.0,0.0,0.0,0.0,269.6,201.2,269.6,222.8,275.0,217.4,269.6,231.8,0.0,0.0,190.22,0.0,270.95000000000005,193.95000000000005,113.22,0.010444444444444445,0.5903333333333334,0.0,0.48,0.49,401.0,True,2026-09-23 18:50:08-07:00
117.06,2,10,2026-09-24 01:51:58,36.88898,-121.40338,255.0,0.0,11.3,-12.5,0.0,,0.0,0.0,0.0,11.5,-0.5,118.5,0.0,290.0,0.0,-0.01,1.0,99.0,-25.0,25.0,0.0,29.84,1602.0,0.0,0.0,150.0,0.0,0.0,0.0,0.0,0.0,0.0,0.0,0.0,0.0,0.0,0.0,0.0,0.0,0.0,0.0,0.0,0.0,0.0,0.0,0.0,0.0,0.0,0.0,0.0,0.0,76.0,0.0,0.0,29.9,0.7,0.0,0.7,8.9,0.0,0.0,41.4,0.0,0.0,8.9,45.1,39.5,0.0,0.0,0.0,0.0,0.0,0.0,0.0,0.0,0.0,0.0,0.0,0.0,0.0,0.0,12.0,0.0,0.0,8.9,7.0,4.998,0.0,0.0,0.664,0.8,0.0,76.5,0.0,0.0,0.0,,0.0,77.0,168.8,0.0,0.0,0.0,0.0,0.0,0.0,0.0,0.0,0.0,0.0,0.0,0.0,0.0,0.0,169.7,0.0,0.0,-77.0,92.69999999999999,0.010652777777777778,0.5903333333333334,0.0,0.48,0.49,401.0,True,2026-09-23 18:50:08-07:00
118.06,2,10,2026-09-24 01:51:59,36.88898,-121.40338,255.0,0.0,11.3,-12.5,0.0,,0.0,0.0,0.0,11.5,-0.5,118.5,0.0,290.0,0.1,-0.01,1.0,99.0,-13.0,25.0,0.0,29.84,1602.0,0.0,0.0,150.0,0.0,0.0,0.0,0.0,0.0,0.0,0.0,0.0,0.0,0.0,0.0,0.0,0.0,0.0,0.0,0.0,0.0,0.0,0.0,0.0,0.0,0.0,0.0,0.0,12.0,83.0,203.0,204.0,29.7,0.7,0.0,0.7,10.4,0.0,0.0,41.4,0.0,0.0,7.8,45.1,39.5,0.0,0.0,0.0,0.0,129.0,89.0,128.0,100.0,132.0,97.0,129.0,105.0,0.0,0.0,12.0,0.0,0.0,10.4,7.0,4.998,0.0,0.0,0.66,0.789,12.2,82.6,0.0,0.0,0.0,,0.0,77.0,181.4,0.0,0.0,0.0,0.0,264.2,192.2,262.4,212.0,269.6,206.6,264.2,221.0,0.0,0.0,180.68,203.5,265.09999999999997,188.09999999999997,103.68,0.010847222222222223,0.5903333333333334,0.0,0.48,0.49,401.0,True,2026-09-23 18:50:08-07:00
119.06,2,10,2026-09-24 01:52:00,36.88898,-121.40338,255.0,0.0,11.3,-12.5,0.0,,0.0,0.0,0.0,11.5,-0.6,118.4,0.0,290.0,0.0,-0.01,1.1,99.0,-6.0,25.0,0.0,29.84,1602.0,0.0,0.0,150.0,0.0,0.0,0.0,0.0,0.0,0.0,0.0,0.0,0.0,0.0,0.0,0.0,0.0,0.0,0.0,0.0,0.0,0.0,0.0,0.0,0.0,0.0,0.0,0.0,30.0,83.0,467.0,467.0,29.3,0.8,0.0,0.8,11.4,0.0,0.0,41.4,0.0,0.0,7.3,45.1,39.5,0.0,0.0,0.0,0.0,129.0,91.0,129.0,101.0,132.0,99.0,129.0,111.0,0.0,0.0,12.0,0.0,0.0,11.4,7.0,4.998,0.0,0.0,0.66,0.792,29.8,83.3,0.0,0.0,0.0,,0.0,77.0,181.4,0.0,0.0,0.0,0.0,264.2,195.8,264.2,213.8,269.6,210.2,264.2,231.8,0.0,0.0,181.94,467.0,265.55,188.55,104.94,0.011055555555555556,0.5903333333333334,0.0,0.48,0.49,401.0,True,2026-09-23 18:50:08-07:00
120.06,2,10,2026-09-24 01:52:01,36.88898,-121.40338,254.0,0.2,11.3,-12.5,0.0,,0.0,0.0,0.0,11.5,-0.5,118.6,0.0,290.0,0.0,-0.01,1.0,99.0,-22.0,25.0,0.0,29.84,1602.0,0.0,0.0,150.0,0.0,0.0,0.0,0.0,0.0,0.0,0.0,0.0,0.0,0.0,0.0,0.0,0.0,0.0,0.0,0.0,0.0,0.0,0.0,0.0,0.0,0.0,0.0,0.0,51.0,88.0,868.0,867.0,23.5,1.7,0.0,1.7,9.5,0.0,0.0,41.4,0.0,0.0,7.8,45.1,39.5,0.0,0.0,0.0,0.0,132.0,149.0,132.0,141.0,135.0,132.0,132.0,125.0,0.0,0.0,12.0,0.0,0.0,9.5,7.0,4.998,0.0,0.0,0.68,0.801,51.5,87.7,0.0,0.0,8.0,L,0.0,77.0,190.4,0.0,0.0,0.0,0.0,269.6,300.2,269.6,285.8,275.0,269.6,269.6,257.0,0.0,0.0,189.86,867.5,270.95000000000005,193.95000000000005,112.86000000000001,0.011402777777777777,0.759,0.11764705882352942,0.48,0.49,401.0,True,2026-09-23 18:50:08-07:00
121.06,2,10,2026-09-24 01:52:02,36.88898,-121.40338,254.0,0.0,11.3,-12.5,0.0,,0.0,0.0,0.0,11.4,-0.6,118.6,0.0,290.0,0.0,0.0,1.0,99.0,-32.0,25.0,0.0,29.84,1602.0,0.0,0.0,150.0,0.0,0.0,0.0,0.0,0.0,0.0,0.0,0.0,0.0,0.0,0.0,0.0,0.0,0.0,0.0,0.0,0.0,0.0,0.0,0.0,0.0,0.0,0.0,0.0,59.0,88.0,1364.0,1365.0,23.6,2.1,0.0,2.1,9.8,0.0,0.0,41.4,0.0,0.0,8.1,45.1,39.5,0.0,0.0,0.0,0.0,132.0,159.0,132.0,156.0,135.0,144.0,132.0,148.0,0.0,0.0,12.0,0.0,0.0,9.8,7.0,4.998,0.0,0.0,0.677,0.861,58.5,87.7,0.0,0.0,13.0,L,0.0,77.0,190.4,0.0,0.0,0.0,0.0,269.6,318.2,269.6,312.8,275.0,291.2,269.6,298.4,0.0,0.0,189.86,1364.5,270.95000000000005,193.95000000000005,112.86000000000001,0.011930555555555555,0.9276666666666666,0.0,0.48,0.49,401.0,True,2026-09-23 18:50:08-07:00
122.06,2,10,2026-09-24 01:52:03,36.88898,-121.40338,254.0,0.2,11.3,-12.5,0.0,,0.0,0.0,0.0,11.4,-0.6,118.6,0.0,290.0,0.0,-0.01,0.9,99.0,0.0,25.0,0.0,29.84,1602.0,0.0,0.0,150.0,0.0,0.0,0.0,0.0,0.0,0.0,0.0,0.0,0.0,0.0,0.0,0.0,0.0,0.0,0.0,0.0,0.0,0.0,0.0,0.0,0.0,0.0,0.0,0.0,68.0,88.0,1658.0,1658.0,17.7,2.4,0.0,2.4,15.4,0.0,0.0,41.4,0.0,0.0,8.5,45.1,39.5,0.0,0.0,0.0,0.0,132.0,228.0,132.0,213.0,135.0,216.0,132.0,219.0,0.0,0.0,12.0,0.0,0.0,15.4,7.0,4.998,0.0,0.0,0.671,0.826,68.2,87.6,0.0,0.0,16.0,R,0.0,77.0,190.4,0.0,0.0,0.0,0.0,269.6,442.4,269.6,415.4,275.0,420.8,269.6,426.2,0.0,0.0,189.68,1658.0,270.95000000000005,193.95000000000005,112.68,0.012555555555555556,1.0963333333333334,0.08333333333333334,0.48,0.49,401.0,True,2026-09-23 18:50:08-07:00
123.06,2,10,2026-09-24 01:52:04,36.88898,-121.40338,253.0,0.1,11.3,-12.5,0.0,,0.0,0.0,0.0,11.3,-0.6,118.7,0.0,290.0,0.1,-0.01,1.0,99.0,-24.0,25.0,0.0,29.84,1602.0,0.0,0.0,150.0,0.0,0.0,0.0,0.0,0.0,0.0,0.0,0.0,0.0,0.0,0.0,0.0,0.0,0.0,0.0,0.0,0.0,0.0,0.0,0.0,0.0,0.0,0.0,0.0,66.0,88.0,1549.0,1551.0,16.3,2.6,0.0,2.6,18.5,0.0,0.0,41.4,0.0,0.0,8.5,45.1,39.5,0.0,0.0,0.0,0.0,132.0,285.0,132.0,264.0,135.0,264.0,133.0,265.0,0.0,0.0,12.0,0.0,0.0,18.5,7.0,4.998,0.0,0.0,0.665,0.803,66.4,87.6,0.0,0.0,0.0,,0.0,77.0,190.4,0.0,0.0,0.0,0.0,269.6,545.0,269.6,507.2,275.0,507.2,271.4,509.0,0.0,0.0,189.68,1550.0,271.4,194.39999999999998,112.68,0.01325,1.3493333333333335,0.038461538461538464,0.48,0.49,401.0,True,2026-09-23 18:50:08-07:00
124.06,2,10,2026-09-24 01:52:05,36.88898,-121.40338,252.0,0.1,11.3,-12.5,0.0,,0.0,0.0,0.0,11.4,-0.5,118.8,0.0,290.0,0.1,-0.01,1.0,99.0,-36.0,25.0,0.0,29.84,1602.0,0.0,0.0,150.0,0.0,0.0,0.0,0.0,0.0,0.0,0.0,0.0,0.0,0.0,0.0,0.0,0.0,0.0,0.0,0.0,0.0,0.0,0.0,0.0,0.0,0.0,0.0,0.0,60.0,88.0,1289.0,1287.0,14.3,2.6,0.0,2.6,19.4,0.0,0.0,41.4,0.0,0.0,9.0,45.1,39.5,0.0,0.0,0.0,0.0,133.0,327.0,133.0,307.0,136.0,305.0,133.0,305.0,0.0,0.0,12.0,0.0,0.0,19.4,7.0,4.998,0.0,0.0,0.66,0.824,60.2,87.7,0.0,0.0,0.0,,0.0,77.0,190.4,0.0,0.0,0.0,0.0,271.4,620.6,271.4,584.6,276.8,581.0,271.4,581.0,0.0,0.0,189.86,1288.0,272.75,195.75,112.86000000000001,0.013972222222222223,1.518,0.038461538461538464,0.48,0.49,401.0,True,2026-09-23 18:50:08-07:00
125.06,2,10,2026-09-24 01:52:06,36.88898,-121.40338,253.0,0.0,11.3,-12.5,0.0,,0.0,0.0,0.0,11.4,-0.4,118.8,0.0,290.0,0.1,-0.01,1.0,99.0,-42.0,25.0,0.0,29.84,1602.0,0.0,0.0,150.0,0.0,0.0,0.0,0.0,0.0,0.0,0.0,0.0,0.0,0.0,0.0,0.0,0.0,0.0,0.0,0.0,0.0,0.0,0.0,0.0,0.0,0.0,0.0,0.0,56.0,88.0,1149.0,1149.0,14.0,2.6,0.0,2.6,19.7,0.0,0.0,41.4,0.0,0.0,8.8,45.1,39.5,0.0,0.0,0.0,0.0,133.0,342.0,133.0,326.0,136.0,326.0,134.0,330.0,0.0,0.0,12.0,0.0,0.0,19.7,7.0,4.998,0.0,0.0,0.664,0.817,56.0,87.8,0.0,0.0,0.0,,0.0,77.0,190.4,0.0,0.0,0.0,0.0,271.4,647.6,271.4,618.8,276.8,618.8,273.2,626.0,0.0,0.0,190.04,1149.0,273.2,196.2,113.03999999999999,0.014694444444444444,1.6023333333333334,0.0,0.48,0.49,401.0,True,2026-09-23 18:50:08-07:00
126.06,2,10,2026-09-24 01:52:07,36.88898,-121.40338,253.0,0.1,11.3,-12.5,0.0,,0.0,0.0,0.0,11.5,-0.4,118.7,0.0,290.0,0.1,-0.01,1.0,99.0,-2.0,25.0,0.0,29.84,1602.0,0.0,0.0,150.0,0.0,0.0,0.0,0.0,0.0,0.0,0.0,0.0,0.0,0.0,0.0,0.0,0.0,0.0,0.0,0.0,0.0,0.0,0.0,0.0,0.0,0.0,0.0,0.0,56.0,88.0,1148.0,1149.0,13.9,2.6,0.0,2.6,23.5,0.0,0.0,41.4,0.0,0.0,8.6,45.1,39.5,0.0,0.0,0.0,0.0,133.0,356.0,133.0,339.0,136.0,350.0,134.0,352.0,0.0,0.0,12.0,0.0,0.0,23.5,7.0,4.998,0.0,0.0,0.668,0.806,55.9,87.9,0.0,0.0,0.0,,0.0,77.0,190.4,0.0,0.0,0.0,0.0,271.4,672.8,271.4,642.2,276.8,662.0,273.2,665.6,0.0,0.0,190.22,1148.5,273.2,196.2,113.22,0.015416666666666667,1.6866666666666668,0.038461538461538464,0.48,0.49,401.0,True,2026-09-23 18:50:08-07:00
127.06,2,10,2026-09-24 01:52:08,36.88898,-121.40338,253.0,0.1,11.3,-12.5,0.0,,0.0,0.0,0.0,11.5,-0.4,118.7,0.0,290.0,0.1,-0.01,1.0,99.0,-9.0,25.0,0.0,29.84,1602.0,0.0,0.0,150.0,0.0,0.0,0.0,0.0,0.0,0.0,0.0,0.0,0.0,0.0,0.0,0.0,0.0,0.0,0.0,0.0,0.0,0.0,0.0,0.0,0.0,0.0,0.0,0.0,57.0,88.0,1169.0,1169.0,13.8,2.6,0.0,2.6,31.8,0.0,0.0,41.4,0.0,0.0,8.2,45.1,39.5,0.0,0.0,0.0,0.0,133.0,379.0,133.0,360.0,136.0,371.0,134.0,377.0,0.0,0.0,12.0,0.0,0.0,31.8,7.0,4.998,0.0,0.0,0.659,0.796,56.5,88.1,0.0,0.0,0.0,,0.0,77.0,190.4,0.0,0.0,0.0,0.0,271.4,714.2,271.4,680.0,276.8,699.8,273.2,710.6,0.0,0.0,190.57999999999998,1169.0,273.2,196.2,113.57999999999998,0.01613888888888889,1.8553333333333333,0.038461538461538464,0.48,0.49,401.0,True,2026-09-23 18:50:08-07:00
128.06,2,10,2026-09-24 01:52:09,36.88899,-121.40337,251.0,0.1,11.3,-12.5,0.0,,0.0,0.0,0.0,11.4,-0.4,118.7,0.0,290.0,0.0,-0.01,0.9,99.0,-12.0,25.0,0.0,29.84,1602.0,0.0,0.0,150.0,0.0,0.0,0.0,0.0,0.0,0.0,0.0,0.0,0.0,0.0,0.0,0.0,0.0,0.0,0.0,0.0,0.0,0.0,0.0,0.0,0.0,0.0,0.0,0.0,57.0,88.0,1206.0,1206.0,13.7,2.5,0.0,2.5,32.3,0.0,0.0,41.4,0.0,0.0,7.8,45.1,39.5,0.0,0.0,0.0,0.0,133.0,395.0,134.0,378.0,136.0,383.0,135.0,399.0,0.0,0.0,12.0,0.0,0.0,32.3,7.0,4.998,0.0,0.0,0.67,0.793,56.9,88.1,0.0,0.0,0.0,,0.0,77.0,190.4,0.0,0.0,0.0,0.0,271.4,743.0,273.2,712.4,276.8,721.4,275.0,750.2,0.0,0.0,190.57999999999998,1206.0,274.1,197.10000000000002,113.57999999999998,0.016847222222222222,2.024,0.04,0.48,0.49,401.0,True,2026-09-23 18:50:08-07:00
129.06,2,10,2026-09-24 01:52:10,36.88899,-121.40337,252.0,0.1,11.3,-12.5,0.0,,0.0,0.0,0.0,11.5,-0.4,118.7,0.0,290.0,0.1,-0.01,1.0,99.0,2.0,25.0,0.0,29.84,1602.0,0.0,0.0,150.0,0.0,0.0,0.0,0.0,0.0,0.0,0.0,0.0,0.0,0.0,0.0,0.0,0.0,0.0,0.0,0.0,0.0,0.0,0.0,0.0,0.0,0.0,0.0,0.0,58.0,88.0,1207.0,1208.0,13.3,2.5,0.0,2.5,32.4,0.0,0.0,41.4,0.0,0.0,7.6,45.1,39.5,0.0,0.0,0.0,0.0,134.0,415.0,134.0,393.0,136.0,402.0,135.0,422.0,0.0,0.0,12.0,0.0,0.0,32.4,7.0,4.998,0.0,0.0,0.662,0.804,58.1,88.2,0.0,0.0,0.0,,0.0,77.0,190.4,0.0,0.0,0.0,0.0,273.2,779.0,273.2,739.4,276.8,755.6,275.0,791.6,0.0,0.0,190.76000000000002,1207.5,274.55,197.55,113.76000000000002,0.017541666666666667,2.1926666666666668,0.04,0.48,0.49,401.0,True,2026-09-23 18:50:08-07:00
130.06,2,10,2026-09-24 01:52:11,36.88898,-121.40337,252.0,0.1,11.3,-12.5,0.0,,0.0,0.0,0.0,11.5,-0.3,118.6,0.0,290.0,0.1,-0.01,1.0,99.0,-28.0,25.0,0.0,29.84,1602.0,0.0,0.0,150.0,0.0,0.0,0.0,0.0,0.0,0.0,0.0,0.0,0.0,0.0,0.0,0.0,0.0,0.0,0.0,0.0,0.0,0.0,0.0,0.0,0.0,0.0,0.0,0.0,57.0,88.0,1197.0,1197.0,13.3,2.4,0.0,2.4,32.4,0.0,0.0,41.4,0.0,0.0,7.5,45.1,39.5,0.0,0.0,0.0,0.0,134.0,433.0,134.0,412.0,136.0,415.0,135.0,438.0,0.0,0.0,12.0,0.0,0.0,32.4,7.0,4.998,0.0,0.0,0.662,0.811,57.4,88.3,0.0,0.0,0.0,,0.0,77.0,190.4,0.0,0.0,0.0,0.0,273.2,811.4,273.2,773.6,276.8,779.0,275.0,820.4,0.0,0.0,190.94,1197.0,274.55,197.55,113.94,0.018222222222222223,2.3613333333333335,0.04166666666666667,0.48,0.49,401.0,True,2026-09-23 18:50:08-07:00
131.06,2,10,2026-09-24 01:52:12,36.88898,-121.40337,251.0,0.0,11.3,-12.5,0.0,,0.0,0.0,0.0,11.5,-0.4,118.6,0.0,290.0,0.0,-0.0,1.0,99.0,-12.0,25.0,0.0,29.84,1602.0,0.0,0.0,150.0,0.0,0.0,0.0,0.0,0.0,0.0,0.0,0.0,0.0,0.0,0.0,0.0,0.0,0.0,0.0,0.0,0.0,0.0,0.0,0.0,0.0,0.0,0.0,0.0,57.0,88.0,1167.0,1168.0,13.1,2.5,0.0,2.5,32.3,0.0,0.0,41.4,0.0,0.0,7.4,45.1,39.5,0.0,0.0,0.0,0.0,134.0,449.0,134.0,423.0,136.0,435.0,136.0,454.0,0.0,0.0,12.0,0.0,0.0,32.3,7.0,4.998,0.0,0.0,0.66,0.823,57.0,88.4,0.0,0.0,0.0,,0.0,77.0,190.4,0.0,0.0,0.0,0.0,273.2,840.2,273.2,793.4,276.8,815.0,276.8,849.2,0.0,0.0,191.12,1167.5,275.0,198.0,114.12,0.01890277777777778,2.445666666666667,0.0,0.48,0.49,401.0,True,2026-09-23 18:50:08-07:00
132.06,2,10,2026-09-24 01:52:13,36.88898,-121.40337,251.0,0.0,11.3,-12.5,0.0,,0.0,0.0,0.0,11.5,-0.4,118.6,0.0,290.0,0.0,-0.01,1.0,99.0,-1.0,25.0,0.0,29.84,1602.0,0.0,0.0,150.0,0.0,0.0,0.0,0.0,0.0,0.0,0.0,0.0,0.0,0.0,0.0,0.0,0.0,0.0,0.0,0.0,0.0,0.0,0.0,0.0,0.0,0.0,0.0,0.0,56.0,88.0,1166.0,1167.0,13.4,2.4,0.0,2.4,32.4,0.0,0.0,41.4,0.0,0.0,7.4,45.1,39.5,0.0,0.0,0.0,0.0,134.0,457.0,135.0,440.0,137.0,445.0,136.0,468.0,0.0,0.0,12.0,0.0,0.0,32.4,7.0,4.998,0.0,0.0,0.659,0.801,56.0,88.5,0.0,0.0,0.0,,0.0,77.0,190.4,0.0,0.0,0.0,0.0,273.2,854.6,275.0,824.0,278.6,833.0,276.8,874.4,0.0,0.0,191.3,1166.5,275.90000000000003,198.90000000000003,114.30000000000001,0.019583333333333335,2.445666666666667,0.0,0.48,0.49,401.0,True,2026-09-23 18:50:08-07:00
133.06,2,10,2026-09-24 01:52:14,36.88898,-121.40337,251.0,0.0,11.3,-12.5,0.0,,0.0,0.0,0.0,11.5,-0.3,118.6,0.0,290.0,0.0,-0.0,0.9,99.0,15.0,25.0,0.0,29.84,1602.0,0.0,0.0,150.0,0.0,0.0,0.0,0.0,0.0,0.0,0.0,0.0,0.0,0.0,0.0,0.0,0.0,0.0,0.0,0.0,0.0,0.0,0.0,0.0,0.0,0.0,0.0,0.0,57.0,89.0,1188.0,1187.0,13.4,2.4,0.0,2.4,32.3,0.0,0.0,41.4,0.0,0.0,7.3,45.1,39.5,0.0,0.0,0.0,0.0,134.0,468.0,135.0,452.0,137.0,458.0,136.0,478.0,0.0,0.0,12.0,0.0,0.0,32.3,7.0,4.998,0.0,0.0,0.659,0.82,57.3,88.5,0.0,0.0,0.0,,0.0,77.0,192.2,0.0,0.0,0.0,0.0,273.2,874.4,275.0,845.6,278.6,856.4,276.8,892.4,0.0,0.0,191.3,1187.5,275.90000000000003,198.90000000000003,114.30000000000001,0.02025,2.445666666666667,0.0,0.48,0.49,401.0,True,2026-09-23 18:50:08-07:00
134.06,2,10,2026-09-24 01:52:15,36.88898,-121.40337,251.0,0.0,11.3,-12.5,0.0,,0.0,0.0,0.0,11.5,-0.3,118.6,0.0,290.0,0.1,-0.01,1.0,99.0,20.0,25.0,0.0,29.84,1602.0,0.0,0.0,150.0,0.0,0.0,0.0,0.0,0.0,0.0,0.0,0.0,0.0,0.0,0.0,0.0,0.0,0.0,0.0,0.0,0.0,0.0,0.0,0.0,0.0,0.0,0.0,0.0,52.0,89.0,945.0,944.0,13.3,2.4,0.0,2.4,32.6,0.0,0.0,41.4,0.0,0.0,7.4,45.1,39.5,0.0,0.0,0.0,0.0,135.0,475.0,135.0,447.0,137.0,449.0,136.0,469.0,0.0,0.0,12.0,0.0,0.0,32.6,7.0,4.998,0.0,0.0,0.659,0.818,51.6,88.6,0.0,0.0,0.0,,0.0,77.0,192.2,0.0,0.0,0.0,0.0,275.0,887.0,275.0,836.6,278.6,840.2,276.8,876.2,0.0,0.0,191.48,944.5,276.35,199.35000000000002,114.47999999999999,0.020916666666666667,2.445666666666667,0.0,0.48,0.49,401.0,True,2026-09-23 18:50:08-07:00
135.06,2,10,2026-09-24 01:52:16,36.88898,-121.40337,250.0,0.0,11.3,-12.5,0.0,,0.0,0.0,0.0,11.5,-0.3,118.6,0.0,290.0,0.0,-0.01,1.0,99.0,18.0,25.0,0.0,29.84,1602.0,0.0,0.0,150.0,0.0,0.0,0.0,0.0,0.0,0.0,0.0,0.0,0.0,0.0,0.0,0.0,0.0,0.0,0.0,0.0,0.0,0.0,0.0,0.0,0.0,0.0,0.0,0.0,49.0,91.0,794.0,795.0,14.8,2.3,0.0,2.3,32.7,0.0,0.0,41.4,0.0,0.0,17.9,45.1,39.5,0.0,0.0,0.0,0.0,136.0,471.0,137.0,434.0,139.0,455.0,138.0,474.0,0.0,0.0,12.0,0.0,0.0,32.7,7.0,4.998,0.0,0.0,0.658,0.818,48.5,91.3,0.0,0.0,0.0,,0.0,77.0,195.8,0.0,0.0,0.0,0.0,276.8,879.8,278.6,813.2,282.2,851.0,280.4,885.2,0.0,0.0,196.33999999999997,794.5,279.5,202.5,119.33999999999997,0.021569444444444447,2.445666666666667,0.0,0.48,0.49,401.0,True,2026-09-23 18:50:08-07:00
136.06,2,10,2026-09-24 01:52:17,36.88898,-121.40337,250.0,0.1,11.3,-12.5,0.0,,0.0,0.0,0.0,11.5,-0.3,118.6,0.0,290.0,0.1,-0.01,1.0,99.0,15.0,25.0,0.0,29.84,1602.0,0.0,0.0,150.0,0.0,0.0,0.0,0.0,0.0,0.0,0.0,0.0,0.0,0.0,0.0,0.0,0.0,0.0,0.0,0.0,0.0,0.0,0.0,0.0,0.0,0.0,0.0,0.0,49.0,91.0,895.0,892.0,16.7,2.3,0.0,2.3,32.7,0.0,0.0,41.4,0.0,0.0,31.3,45.1,39.5,0.0,0.0,0.0,0.0,137.0,466.0,137.0,424.0,139.0,448.0,139.0,476.0,0.0,0.0,12.0,0.0,0.0,32.7,7.0,4.998,0.0,0.0,0.66,0.815,49.2,91.5,0.0,0.0,0.0,,0.0,77.0,195.8,0.0,0.0,0.0,0.0,278.6,870.8,278.6,795.2,282.2,838.4,282.2,888.8,0.0,0.0,196.7,893.5,280.4,203.39999999999998,119.69999999999999,0.022208333333333333,2.53,0.04347826086956522,0.48,0.49,401.0,True,2026-09-23 18:50:08-07:00
137.06,2,10,2026-09-24 01:52:18,36.88898,-121.40337,250.0,0.1,11.3,-12.5,0.0,,0.0,0.0,0.0,11.4,-0.3,118.6,0.0,290.0,0.1,-0.0,1.0,99.0,6.0,25.0,0.0,29.84,1602.0,0.0,0.0,150.0,0.0,0.0,0.0,0.0,0.0,0.0,0.0,0.0,0.0,0.0,0.0,0.0,0.0,0.0,0.0,0.0,0.0,0.0,0.0,0.0,0.0,0.0,0.0,0.0,52.0,92.0,938.0,937.0,14.3,2.2,0.0,2.2,32.8,0.0,0.0,41.4,0.0,0.0,42.8,45.1,39.5,0.0,0.0,0.0,0.0,137.0,471.0,137.0,430.0,139.0,453.0,139.0,485.0,0.0,0.0,12.0,0.1,0.0,32.8,7.0,4.998,0.0,0.0,0.659,0.795,52.2,91.7,0.0,0.0,0.0,,0.0,77.0,197.6,0.0,0.0,0.0,0.0,278.6,879.8,278.6,806.0,282.2,847.4,282.2,905.0,0.0,0.0,197.06,937.5,280.4,203.39999999999998,120.06,0.022833333333333334,2.6986666666666665,0.045454545454545456,0.48,0.49,401.0,True,2026-09-23 18:50:08-07:00
138.06,2,10,2026-09-24 01:52:19,36.88898,-121.40337,250.0,0.1,11.3,-12.5,0.0,,0.0,0.0,0.0,11.5,-0.3,118.6,0.0,290.0,0.0,-0.01,0.9,99.0,36.0,25.0,0.0,29.84,1602.0,0.0,0.0,150.0,0.0,0.0,0.0,0.0,0.0,0.0,0.0,0.0,0.0,0.0,0.0,0.0,0.0,0.0,0.0,0.0,0.0,0.0,0.0,0.0,0.0,0.0,0.0,0.0,50.0,91.0,818.0,818.0,14.1,2.2,0.0,2.2,32.8,0.0,0.0,41.4,0.0,0.0,48.9,45.1,39.5,0.0,0.0,0.0,0.0,137.0,480.0,137.0,439.0,139.0,461.0,139.0,483.0,0.0,0.0,12.0,0.1,0.0,32.8,7.0,4.998,0.0,0.0,0.658,0.801,49.6,91.4,0.0,0.0,0.0,,0.0,77.0,195.8,0.0,0.0,0.0,0.0,278.6,896.0,278.6,822.2,282.2,861.8,282.2,901.4,0.0,0.0,196.52,818.0,280.4,203.39999999999998,119.52000000000001,0.023444444444444445,2.8673333333333333,0.045454545454545456,0.48,0.49,401.0,True,2026-09-23 18:50:08-07:00
139.06,2,10,2026-09-24 01:52:20,36.88898,-121.40337,250.0,0.1,11.3,-12.5,0.0,,0.0,0.0,0.0,11.4,-0.4,118.6,0.0,290.0,0.0,-0.01,1.0,99.0,22.0,25.0,0.0,29.84,1602.0,0.0,0.0,150.0,0.0,0.0,0.0,0.0,0.0,0.0,0.0,0.0,0.0,0.0,0.0,0.0,0.0,0.0,0.0,0.0,0.0,0.0,0.0,0.0,0.0,0.0,0.0,0.0,51.0,92.0,895.0,895.0,16.1,2.2,0.0,2.2,32.8,0.0,0.0,41.4,0.0,0.0,50.6,45.1,39.5,0.0,0.0,0.0,0.0,137.0,482.0,138.0,434.0,140.0,453.0,139.0,474.0,0.0,0.0,12.0,0.1,0.0,32.8,7.0,4.998,0.0,0.0,0.663,0.817,50.6,91.6,0.0,0.0,0.0,,0.0,77.0,197.6,0.0,0.0,0.0,0.0,278.6,899.6,280.4,813.2,284.0,847.4,282.2,885.2,0.0,0.0,196.88,895.0,281.3,204.3,119.88,0.024055555555555556,3.036,0.045454545454545456,0.48,0.49,401.0,True,2026-09-23 18:50:08-07:00
140.06,2,10,2026-09-24 01:52:21,36.88898,-121.40337,250.0,0.1,11.3,-12.5,0.0,,0.0,0.0,0.0,11.5,-0.5,118.6,0.0,290.0,0.0,-0.0,1.0,99.0,26.0,25.0,0.0,29.84,1602.0,0.0,0.0,150.0,0.0,0.0,0.0,0.0,0.0,0.0,0.0,0.0,0.0,0.0,0.0,0.0,0.0,0.0,0.0,54.0,0.0,0.0,0.0,0.0,0.0,0.0,0.0,0.0,51.0,92.0,913.0,914.0,15.0,2.2,0.0,2.2,28.7,0.0,0.0,41.4,0.0,0.0,53.3,45.1,39.5,0.0,0.0,0.0,0.0,138.0,486.0,138.0,441.0,140.0,461.0,140.0,481.0,0.0,0.0,12.0,0.1,0.0,28.7,7.0,4.998,0.0,0.0,0.662,0.8,51.3,91.6,0.0,0.0,0.0,,0.0,77.0,197.6,0.0,0.0,0.0,0.0,280.4,906.8,280.4,825.8,284.0,861.8,284.0,897.8,0.0,0.0,196.88,913.5,282.2,205.2,119.88,0.024666666666666667,3.2046666666666668,0.045454545454545456,0.48,0.49,401.0,True,2026-09-23 18:50:08-07:00
141.06,2,10,2026-09-24 01:52:22,36.88898,-121.40337,250.0,0.0,11.3,-12.5,0.0,,0.0,0.0,0.0,11.4,-0.5,118.6,0.0,290.0,0.0,-0.01,1.0,99.0,13.0,25.0,0.0,29.84,1602.0,0.0,0.0,150.0,0.0,0.0,0.0,0.0,0.0,0.0,0.0,0.0,0.0,0.0,0.0,0.0,0.0,0.0,0.0,54.0,0.0,0.0,0.0,0.0,0.0,0.0,0.0,0.0,51.0,92.0,926.0,926.0,14.9,2.2,0.0,2.2,26.0,0.0,0.0,41.4,0.0,0.0,54.6,45.1,39.5,0.0,0.0,0.0,0.0,138.0,489.0,138.0,440.0,140.0,462.0,140.0,489.0,0.0,0.0,12.0,0.1,0.0,26.0,7.0,4.998,0.0,0.0,0.662,0.815,50.9,91.6,0.0,0.0,0.0,,0.0,77.0,197.6,0.0,0.0,0.0,0.0,280.4,912.2,280.4,824.0,284.0,863.6,284.0,912.2,0.0,0.0,196.88,926.0,282.2,205.2,119.88,0.025277777777777777,3.289,0.0,0.48,0.49,401.0,True,2026-09-23 18:50:08-07:00
142.06,2,10,2026-09-24 01:52:23,36.88898,-121.40337,251.0,0.1,11.3,-12.5,0.0,,0.0,0.0,0.0,11.4,-0.3,118.6,0.0,290.0,0.0,-0.01,1.0,99.0,-25.0,25.0,0.0,29.84,1602.0,0.0,0.0,150.0,0.0,0.0,0.0,0.0,0.0,0.0,0.0,0.0,0.0,0.0,0.0,0.0,0.0,0.0,0.0,54.0,0.0,0.0,0.0,0.0,0.0,0.0,0.0,0.0,50.0,91.0,880.0,881.0,15.2,2.2,0.0,2.2,23.9,0.0,0.0,41.4,0.0,0.0,55.0,45.1,39.5,0.0,0.0,0.0,0.0,138.0,493.0,138.0,436.0,140.0,468.0,140.0,490.0,0.0,0.0,12.0,0.1,0.0,23.9,7.0,4.998,0.0,0.0,0.663,0.806,49.8,91.5,0.0,0.0,0.0,,0.0,77.0,195.8,0.0,0.0,0.0,0.0,280.4,919.4,280.4,816.8,284.0,874.4,284.0,914.0,0.0,0.0,196.7,880.5,282.2,205.2,119.69999999999999,0.02588888888888889,3.373333333333333,0.045454545454545456,0.48,0.49,401.0,True,2026-09-23 18:50:08-07:00
143.06,2,10,2026-09-24 01:52:24,36.88898,-121.40337,250.0,0.1,11.3,-12.5,0.0,,0.0,0.0,0.0,11.4,-0.4,118.6,0.0,290.0,0.0,-0.0,1.0,99.0,-31.0,25.0,0.0,29.84,1602.0,0.0,0.0,150.0,0.0,0.0,0.0,0.0,0.0,0.0,0.0,0.0,0.0,0.0,0.0,0.0,0.0,0.0,0.0,54.0,0.0,0.0,0.0,0.0,0.0,0.0,0.0,0.0,51.0,92.0,882.0,882.0,15.4,2.1,0.0,2.1,22.3,0.0,0.0,41.4,0.0,0.0,54.9,45.1,39.5,0.0,0.0,0.0,0.0,138.0,493.0,138.0,436.0,140.0,474.0,140.0,495.0,0.0,0.0,12.0,0.1,0.0,22.3,7.0,4.998,0.0,0.0,0.664,0.804,50.8,91.5,0.0,0.0,0.0,,0.0,77.0,197.6,0.0,0.0,0.0,0.0,280.4,919.4,280.4,816.8,284.0,885.2,284.0,923.0,0.0,0.0,196.7,882.0,282.2,205.2,119.69999999999999,0.026486111111111113,3.542,0.047619047619047616,0.48,0.49,401.0,True,2026-09-23 18:50:08-07:00
144.06,2,10,2026-09-24 01:52:25,36.88898,-121.40337,250.0,0.1,11.3,-12.5,0.0,,0.0,0.0,0.0,11.4,-0.6,118.6,0.0,290.0,0.0,-0.01,1.0,99.0,-24.0,25.0,0.0,29.84,1602.0,0.0,0.0,150.0,0.0,0.0,0.0,0.0,0.0,0.0,0.0,0.0,0.0,0.0,0.0,0.0,0.0,0.0,0.0,54.0,0.0,0.0,0.0,0.0,3.0,0.0,0.0,1200.0,52.0,92.0,948.0,948.0,15.1,2.1,0.0,2.1,22.4,0.0,0.0,41.4,0.0,0.0,55.5,45.1,39.5,0.0,0.0,0.0,0.0,138.0,496.0,138.0,441.0,141.0,478.0,140.0,498.0,0.0,0.0,12.0,0.1,0.0,22.4,7.0,4.998,0.0,0.0,0.658,0.808,51.5,91.7,0.0,0.0,0.0,,0.0,77.0,197.6,0.0,0.0,0.0,0.0,280.4,924.8,280.4,825.8,285.8,892.4,284.0,928.4,0.0,0.0,197.06,948.0,282.65,205.64999999999998,120.06,0.027069444444444445,3.7106666666666666,0.047619047619047616,0.48,0.49,401.0,True,2026-09-23 18:50:08-07:00
145.06,2,10,2026-09-24 01:52:26,36.88898,-121.40337,250.0,0.0,11.3,-12.5,0.0,,0.0,0.0,0.0,11.4,-0.5,118.7,0.0,290.0,0.0,-0.01,0.9,99.0,-15.0,25.0,0.0,29.84,1602.0,0.0,0.0,150.0,0.0,0.0,0.0,0.0,0.0,0.0,0.0,0.0,0.0,0.0,0.0,0.0,0.0,0.0,0.0,54.0,0.0,0.0,0.0,0.0,1.0,1.0,0.0,1200.0,51.0,91.0,864.0,863.0,14.7,2.1,0.0,2.1,22.6,0.0,0.0,41.4,0.0,0.0,56.0,45.1,39.5,0.0,0.0,0.0,0.0,138.0,499.0,138.0,441.0,141.0,487.0,141.0,501.0,0.0,0.0,12.0,0.1,0.0,22.6,7.0,4.998,0.0,0.0,0.66,0.806,50.5,91.5,0.0,0.0,0.0,,0.0,77.0,195.8,0.0,0.0,0.0,0.0,280.4,930.2,280.4,825.8,285.8,908.6,285.8,933.8,0.0,0.0,196.7,863.5,283.1,206.10000000000002,119.69999999999999,0.02765277777777778,3.795,0.0,0.48,0.49,401.0,True,2026-09-23 18:50:08-07:00
146.06,2,10,2026-09-24 01:52:27,36.88898,-121.40337,250.0,0.0,11.3,-12.5,0.0,,0.0,0.0,0.0,11.4,-0.5,118.7,0.0,290.0,0.0,-0.01,1.0,99.0,-22.0,25.0,0.0,29.84,1602.0,0.0,0.0,150.0,0.0,0.0,0.0,0.0,0.0,0.0,0.0,0.0,0.0,0.0,0.0,0.0,0.0,0.0,0.0,54.0,0.0,0.0,0.0,0.0,1.0,1.0,0.0,1200.0,52.0,92.0,978.0,978.0,14.7,2.0,0.0,2.0,22.8,0.0,0.0,41.4,0.0,0.0,56.3,45.1,39.5,0.0,0.0,0.0,0.0,139.0,501.0,138.0,446.0,141.0,495.0,141.0,501.0,0.0,0.0,12.0,0.1,0.0,22.8,7.0,4.998,0.0,0.0,0.658,0.793,52.1,91.8,0.0,0.0,0.0,,0.0,77.0,197.6,0.0,0.0,0.0,0.0,282.2,933.8,280.4,834.8,285.8,923.0,285.8,933.8,0.0,0.0,197.23999999999998,978.0,283.55,206.55,120.23999999999998,0.028222222222222225,3.795,0.0,0.48,0.49,401.0,True,2026-09-23 18:50:08-07:00
147.06,2,10,2026-09-24 01:52:28,36.88898,-121.40337,249.0,0.0,11.3,-12.5,0.0,,0.0,0.0,0.0,11.4,-0.5,118.8,0.0,290.0,0.1,-0.01,0.9,99.0,-22.0,25.0,0.0,29.84,1602.0,0.0,0.0,150.0,0.0,0.0,0.0,0.0,0.0,0.0,0.0,0.0,0.0,0.0,0.0,0.0,0.0,0.0,0.0,54.0,0.0,0.0,0.0,0.0,0.0,0.0,0.0,0.0,51.0,92.0,916.0,916.0,14.4,2.0,0.0,2.0,22.9,0.0,0.0,41.4,0.0,0.0,57.1,45.1,39.5,0.0,0.0,0.0,0.0,139.0,505.0,138.0,452.0,141.0,498.0,141.0,501.0,0.0,0.0,12.0,0.0,0.0,22.9,7.0,4.998,0.0,0.0,0.658,0.795,51.1,91.6,0.0,0.0,0.0,,0.0,77.0,197.6,0.0,0.0,0.0,0.0,282.2,941.0,280.4,845.6,285.8,928.4,285.8,933.8,0.0,0.0,196.88,916.0,283.55,206.55,119.88,0.02877777777777778,3.795,0.0,0.48,0.49,401.0,True,2026-09-23 18:50:08-07:00
148.06,2,10,2026-09-24 01:52:29,36.88898,-121.40337,249.0,0.0,11.3,-12.5,0.0,,0.0,0.0,0.0,11.4,-0.5,118.8,0.0,290.0,0.1,-0.01,1.0,99.0,-16.0,25.0,0.0,29.84,1602.0,0.0,0.0,150.0,0.0,0.0,0.0,0.0,0.0,0.0,0.0,0.0,0.0,0.0,0.0,0.0,0.0,0.0,0.0,54.0,0.0,0.0,0.0,0.0,0.0,0.0,0.0,0.0,52.0,92.0,985.0,985.0,17.4,2.0,0.0,2.0,23.0,0.0,0.0,41.4,0.0,0.0,57.3,45.1,39.5,0.0,0.0,0.0,0.0,139.0,516.0,139.0,459.0,141.0,506.0,141.0,491.0,0.0,0.0,12.0,0.0,0.0,23.0,7.0,4.998,0.0,0.0,0.659,0.811,51.8,91.7,0.0,0.0,0.0,,0.0,77.0,197.6,0.0,0.0,0.0,0.0,282.2,960.8,282.2,858.2,285.8,942.8,285.8,915.8,0.0,0.0,197.06,985.0,284.0,207.0,120.06,0.029333333333333336,3.795,0.0,0.48,0.49,401.0,True,2026-09-23 18:50:08-07:00
149.06,2,10,2026-09-24 01:52:30,36.88898,-121.40337,249.0,0.0,11.3,-12.5,0.0,,0.0,0.0,0.0,11.4,-0.5,118.7,0.0,290.0,0.1,-0.0,1.0,99.0,-6.0,25.0,0.0,29.84,1602.0,0.0,0.0,150.0,0.0,0.0,0.0,0.0,0.0,0.0,0.0,0.0,0.0,0.0,0.0,0.0,0.0,0.0,0.0,54.0,0.0,0.0,0.0,0.0,0.0,0.0,0.0,0.0,56.0,92.0,1121.0,1122.0,17.1,2.1,0.0,2.1,23.1,0.0,0.0,41.4,0.0,0.0,59.9,45.1,39.5,0.0,0.0,0.0,0.0,139.0,524.0,139.0,465.0,142.0,511.0,142.0,507.0,0.0,0.0,12.0,0.0,0.0,23.1,7.0,4.998,0.0,0.0,0.659,0.818,55.8,92.1,0.0,0.0,0.0,,0.0,77.0,197.6,0.0,0.0,0.0,0.0,282.2,975.2,282.2,869.0,287.6,951.8,287.6,944.6,0.0,0.0,197.78,1121.5,284.90000000000003,207.90000000000003,120.78,0.029902777777777778,3.795,0.0,0.48,0.49,401.0,True,2026-09-23 18:50:08-07:00
150.06,2,10,2026-09-24 01:52:31,36.88898,-121.40338,245.0,0.0,11.3,-12.5,0.0,,0.0,0.0,0.0,11.4,-0.5,118.7,0.0,290.0,0.1,-0.01,1.0,99.0,3.0,25.0,0.0,29.84,1602.0,0.0,0.0,150.0,0.0,0.0,0.0,0.0,0.0,0.0,0.0,0.0,0.0,0.0,0.0,0.0,0.0,0.0,0.0,54.0,0.0,0.0,0.0,0.0,0.0,0.0,0.0,0.0,61.0,92.0,1317.0,1318.0,15.3,2.3,0.0,2.3,23.4,0.0,0.0,41.4,0.0,0.0,62.9,45.1,39.5,0.0,0.0,0.0,0.0,140.0,530.0,140.0,481.0,142.0,528.0,142.0,508.0,0.0,0.0,12.0,0.0,0.0,23.4,7.0,4.998,0.0,0.0,0.658,0.789,60.7,92.2,0.0,0.0,0.0,,0.0,77.0,197.6,0.0,0.0,0.0,0.0,284.0,986.0,284.0,897.8,287.6,982.4,287.6,946.4,0.0,0.0,197.96,1317.5,285.8,208.8,120.96000000000001,0.03051388888888889,3.795,0.0,0.48,0.49,401.0,True,2026-09-23 18:50:08-07:00
151.06,2,10,2026-09-24 01:52:32,36.88898,-121.40338,245.0,0.1,11.3,-12.5,0.0,,0.0,0.0,0.0,11.5,-0.5,118.7,0.0,290.0,0.1,-0.01,0.9,99.0,-7.0,25.0,0.0,29.84,1602.0,0.0,0.0,150.0,0.0,0.0,0.0,0.0,0.0,0.0,0.0,0.0,0.0,0.0,0.0,0.0,0.0,0.0,0.0,54.0,0.0,0.0,0.0,0.0,0.0,0.0,0.0,0.0,61.0,92.0,1291.0,1291.0,14.4,2.5,0.0,2.5,23.6,0.0,0.0,41.4,0.0,0.0,61.8,45.1,39.5,0.0,0.0,0.0,0.0,140.0,543.0,139.0,494.0,142.0,542.0,142.0,523.0,0.0,0.0,12.0,0.0,0.0,23.6,7.0,4.998,0.0,0.0,0.657,0.802,60.7,91.8,0.0,0.0,0.0,,0.0,77.0,197.6,0.0,0.0,0.0,0.0,284.0,1009.4,282.2,921.2,287.6,1007.6,287.6,973.4,0.0,0.0,197.23999999999998,1291.0,285.35,208.35000000000002,120.23999999999998,0.031180555555555555,3.8793333333333333,0.04,0.48,0.49,401.0,True,2026-09-23 18:50:08-07:00
152.06,2,10,2026-09-24 01:52:33,36.88898,-121.40338,245.0,0.0,11.3,-12.5,0.0,,0.0,0.0,0.0,11.4,-0.4,118.7,0.0,290.0,0.1,-0.01,1.0,99.0,10.0,25.0,0.0,29.84,1602.0,0.0,0.0,150.0,0.0,0.0,0.0,0.0,0.0,0.0,0.0,0.0,0.0,0.0,0.0,0.0,0.0,0.0,0.0,54.0,0.0,0.0,0.0,0.0,0.0,0.0,0.0,0.0,57.0,92.0,1151.0,1150.0,13.6,2.5,0.0,2.5,23.7,0.0,0.0,41.4,0.0,0.0,59.0,45.1,39.5,0.0,0.0,0.0,0.0,140.0,548.0,140.0,505.0,142.0,547.0,143.0,532.0,0.0,0.0,12.0,0.0,0.0,23.7,7.0,4.998,0.0,0.0,0.658,0.795,56.7,91.5,0.0,0.0,0.0,,0.0,77.0,197.6,0.0,0.0,0.0,0.0,284.0,1018.4,284.0,941.0,287.6,1016.6,289.4,989.6,0.0,0.0,196.7,1150.5,286.25,209.25,119.69999999999999,0.031875,3.9636666666666667,0.0,0.48,0.49,401.0,True,2026-09-23 18:50:08-07:00
153.06,2,10,2026-09-24 01:52:34,36.88898,-121.40338,246.0,0.0,11.3,-12.5,0.0,,0.0,0.0,0.0,11.4,-0.5,118.7,0.0,290.0,0.1,-0.01,1.0,99.0,-7.0,25.0,0.0,29.84,1602.0,0.0,0.0,150.0,0.0,0.0,0.0,0.0,0.0,0.0,0.0,0.0,0.0,0.0,0.0,0.0,0.0,0.0,0.0,54.0,0.0,0.0,0.0,0.0,0.0,0.0,0.0,0.0,56.0,91.0,1131.0,1132.0,13.8,2.6,0.0,2.6,23.9,0.0,0.0,41.4,0.0,0.0,55.3,45.1,39.5,0.0,0.0,0.0,0.0,140.0,550.0,140.0,506.0,142.0,552.0,143.0,540.0,0.0,0.0,12.0,0.0,0.0,23.9,7.0,4.998,0.0,0.0,0.657,0.797,56.0,91.3,0.0,0.0,0.0,,0.0,77.0,195.8,0.0,0.0,0.0,0.0,284.0,1022.0,284.0,942.8,287.6,1025.6,289.4,1004.0,0.0,0.0,196.33999999999997,1131.5,286.25,209.25,119.33999999999997,0.03258333333333333,3.9636666666666667,0.0,0.48,0.49,401.0,True,2026-09-23 18:50:08-07:00
154.06,2,10,2026-09-24 01:52:35,36.88898,-121.40338,246.0,0.0,11.3,-12.5,0.0,,0.0,0.0,0.0,11.4,-0.5,118.7,0.0,290.0,0.0,-0.0,1.0,99.0,0.0,25.0,0.0,29.84,1602.0,0.0,0.0,150.0,0.0,0.0,0.0,0.0,0.0,0.0,0.0,0.0,0.0,0.0,0.0,0.0,0.0,0.0,0.0,54.0,0.0,0.0,0.0,0.0,0.0,0.0,0.0,0.0,55.0,91.0,1061.0,1062.0,14.0,2.6,0.0,2.6,23.9,0.0,0.0,41.4,0.0,0.0,50.9,45.1,39.5,0.0,0.0,0.0,0.0,140.0,552.0,140.0,516.0,142.0,554.0,143.0,544.0,0.0,0.0,12.0,0.0,0.0,23.9,7.0,4.998,0.0,0.0,0.657,0.804,54.8,91.0,0.0,0.0,0.0,,0.0,77.0,195.8,0.0,0.0,0.0,0.0,284.0,1025.6,284.0,960.8,287.6,1029.2,289.4,1011.2,0.0,0.0,195.8,1061.5,286.25,209.25,118.80000000000001,0.033305555555555554,3.9636666666666667,0.0,0.48,0.49,401.0,True,2026-09-23 18:50:08-07:00
155.06,2,10,2026-09-24 01:52:36,36.88898,-121.40338,246.0,0.0,11.3,-12.5,0.0,,0.0,0.0,0.0,11.4,-0.5,118.6,0.0,290.0,-0.0,-0.0,0.9,99.0,35.0,25.0,0.0,29.84,1602.0,0.0,0.0,150.0,0.0,0.0,0.0,0.0,0.0,0.0,0.0,0.0,0.0,0.0,0.0,0.0,0.0,0.0,0.0,54.0,0.0,0.0,0.0,0.0,0.0,0.0,0.0,0.0,57.0,91.0,1177.0,1177.0,14.3,2.6,0.0,2.6,24.1,0.0,0.0,41.4,0.0,0.0,46.4,45.1,39.5,0.0,0.0,0.0,0.0,141.0,552.0,140.0,521.0,143.0,559.0,143.0,552.0,0.0,0.0,12.0,0.0,0.0,24.1,7.0,4.998,0.0,0.0,0.658,0.806,56.7,90.7,0.0,0.0,0.0,,0.0,77.0,195.8,0.0,0.0,0.0,0.0,285.8,1025.6,284.0,969.8,289.4,1038.2,289.4,1025.6,0.0,0.0,195.26000000000002,1177.0,287.15,210.14999999999998,118.26000000000002,0.03402777777777778,3.9636666666666667,0.0,0.48,0.49,401.0,True,2026-09-23 18:50:08-07:00
156.06,2,10,2026-09-24 01:52:37,36.88898,-121.40337,250.0,0.3,11.3,-12.5,0.0,,0.0,0.0,0.0,11.5,-0.4,118.7,0.0,290.0,0.1,-0.01,1.0,99.0,40.0,25.0,0.0,29.84,1602.0,0.0,0.0,150.0,0.0,0.0,0.0,0.0,0.0,0.0,0.0,0.0,0.0,0.0,0.0,0.0,0.0,0.0,0.0,54.0,0.0,0.0,0.0,0.0,0.0,0.0,0.0,0.0,57.0,90.0,1162.0,1162.0,13.5,2.6,0.0,2.6,24.2,0.0,0.0,41.4,0.0,0.0,41.7,45.1,39.5,0.0,0.0,0.0,0.0,141.0,554.0,140.0,533.0,143.0,563.0,143.0,553.0,0.0,0.0,12.0,0.0,0.0,24.2,7.0,4.998,0.0,0.0,0.657,0.792,57.1,90.5,0.0,0.0,0.0,,0.0,77.0,194.0,0.0,0.0,0.0,0.0,285.8,1029.2,284.0,991.4,289.4,1045.4,289.4,1027.4,0.0,0.0,194.9,1162.0,287.15,210.14999999999998,117.9,0.03475,4.216666666666667,0.11538461538461538,0.48,0.49,401.0,True,2026-09-23 18:50:08-07:00
157.06,2,10,2026-09-24 01:52:38,36.88898,-121.40337,250.0,0.6,11.3,-12.5,0.0,,0.0,0.0,0.0,11.7,-0.3,119.6,0.0,290.0,0.6,-0.0,1.0,99.0,25.0,25.0,0.0,29.84,1602.0,0.0,0.0,150.0,0.0,0.0,0.0,0.0,0.0,0.0,0.0,0.0,0.0,0.0,0.0,0.0,0.0,0.0,0.0,53.0,0.0,0.0,0.0,0.0,0.0,0.0,0.0,0.0,54.0,90.0,1069.0,1070.0,14.3,2.7,0.0,2.7,24.2,0.0,0.0,41.4,0.0,0.0,37.6,45.1,39.5,0.0,0.0,0.0,0.0,141.0,556.0,140.0,533.0,143.0,545.0,143.0,554.0,0.0,0.0,12.0,0.0,0.0,24.2,7.0,4.998,0.0,0.0,0.658,0.796,54.2,90.3,0.0,0.0,0.0,,0.0,77.0,194.0,0.0,0.0,0.0,0.0,285.8,1032.8,284.0,991.4,289.4,1013.0,289.4,1029.2,0.0,0.0,194.54,1069.5,287.15,210.14999999999998,117.53999999999999,0.035486111111111114,4.975666666666667,0.2222222222222222,0.48,0.49,401.0,True,2026-09-23 18:50:08-07:00
158.06,2,10,2026-09-24 01:52:39,36.88897,-121.40337,247.0,0.5,11.3,-12.5,0.0,,0.0,0.0,0.0,11.7,-0.2,121.6,0.0,290.0,1.5,-0.01,1.1,99.0,25.0,25.0,0.0,29.84,1602.0,0.0,0.0,150.0,0.0,0.0,0.0,0.0,0.0,0.0,0.0,0.0,0.0,0.0,0.0,0.0,-1.0,0.0,0.0,52.0,0.0,0.0,0.0,0.0,0.0,0.0,0.0,0.0,53.0,90.0,1017.0,1018.0,14.9,2.7,0.0,2.7,24.3,0.0,0.0,41.4,0.0,0.0,33.8,45.1,39.5,0.0,0.0,0.0,0.0,141.0,558.0,140.0,533.0,143.0,541.0,144.0,553.0,0.0,0.0,12.0,0.0,0.0,24.3,7.0,4.998,0.0,0.0,0.656,0.8,52.9,90.1,0.0,0.0,0.0,,0.0,77.0,194.0,0.0,0.0,0.0,0.0,285.8,1036.4,284.0,991.4,289.4,1005.8,291.2,1027.4,0.0,0.0,194.18,1017.5,287.59999999999997,210.59999999999997,117.18,0.036236111111111115,5.903333333333333,0.18518518518518517,0.48,0.49,401.0,True,2026-09-23 18:50:08-07:00
159.06,2,10,2026-09-24 01:52:40,36.88897,-121.40337,246.0,1.1,29.6,-12.5,0.0,,0.0,0.0,0.0,11.9,-0.2,123.8,0.0,290.0,2.0,0.0,1.0,99.0,0.0,25.0,0.0,29.84,1602.0,0.0,0.0,150.0,0.0,0.0,0.0,0.0,0.0,0.0,0.0,0.0,0.0,0.0,0.0,0.0,-2.0,0.0,0.0,47.0,0.0,0.0,0.0,0.0,0.0,0.0,0.0,0.0,57.0,90.0,1057.0,1175.0,14.8,2.7,0.0,2.7,24.4,0.0,0.0,41.4,0.0,0.0,30.3,45.1,39.5,0.0,0.0,0.0,0.0,141.0,559.0,140.0,534.0,143.0,539.0,144.0,559.0,0.0,0.0,12.0,0.0,0.0,24.4,7.0,4.998,0.0,0.0,0.658,0.789,56.8,90.0,0.0,0.0,0.0,,0.0,77.0,194.0,0.0,0.0,0.0,0.0,285.8,1038.2,284.0,993.2,289.4,1002.2,291.2,1038.2,0.0,0.0,194.0,1116.0,287.59999999999997,210.59999999999997,117.0,0.036986111111111115,7.252666666666666,0.40740740740740744,0.48,0.49,401.0,True,2026-09-23 18:50:08-07:00
160.06,2,10,2026-09-24 01:52:41,36.88897,-121.40337,246.0,1.3,103.4,-12.5,0.0,,0.0,0.0,0.0,12.0,-0.3,126.7,0.0,290.0,2.6,-0.01,1.0,99.0,8.0,25.0,0.0,29.84,1602.0,0.0,0.0,150.0,0.0,0.0,0.0,0.0,0.0,0.0,0.0,0.0,0.0,0.0,0.0,0.0,-17.0,0.0,0.0,-49.0,0.0,0.0,0.0,0.0,0.0,0.0,0.0,0.0,56.0,90.0,1137.0,1138.0,14.3,2.7,0.0,2.7,24.4,0.0,0.0,41.4,0.0,0.0,27.2,45.1,39.5,0.0,0.0,0.0,0.0,142.0,561.0,140.0,537.0,143.0,543.0,144.0,563.0,0.0,0.0,12.0,0.0,0.0,24.4,7.0,4.998,0.0,0.0,0.658,0.801,56.2,89.8,0.0,0.0,0.0,,0.0,77.0,194.0,0.0,0.0,0.0,0.0,287.6,1041.8,284.0,998.6,289.4,1009.4,291.2,1045.4,0.0,0.0,193.64,1137.5,288.04999999999995,211.04999999999995,116.63999999999999,0.037736111111111116,9.276666666666667,0.48148148148148145,0.48,0.49,401.0,True,2026-09-23 18:50:08-07:00
161.06,2,10,2026-09-24 01:52:42,36.88896,-121.40336,248.0,1.3,124.0,-12.5,0.0,,0.0,0.0,0.0,12.0,-0.3,130.3,0.0,290.0,3.2,-0.01,1.0,99.0,10.0,25.0,0.0,29.84,1602.0,0.0,0.0,150.0,0.0,0.0,0.0,0.0,0.0,0.0,0.0,0.0,0.0,0.0,0.0,0.0,-1.0,0.0,0.0,-33.0,0.0,0.0,0.0,0.0,0.0,0.0,0.0,0.0,55.0,90.0,1103.0,1103.0,14.1,2.7,0.0,2.7,24.4,0.0,0.0,41.4,0.0,0.0,24.4,45.1,39.5,0.0,0.0,0.0,0.0,142.0,563.0,140.0,545.0,144.0,549.0,144.0,559.0,0.0,0.0,7.0,0.0,0.0,24.4,7.0,4.998,0.0,0.0,0.658,0.791,54.8,89.7,0.0,0.0,0.0,,0.0,77.0,194.0,0.0,0.0,0.0,0.0,287.6,1045.4,284.0,1013.0,291.2,1020.2,291.2,1038.2,0.0,0.0,193.46,1103.0,288.5,211.5,116.46000000000001,0.03848611111111111,11.469333333333333,0.48148148148148145,0.48,0.49,401.0,True,2026-09-23 18:50:08-07:00
162.06,2,10,2026-09-24 01:52:43,36.88896,-121.40335,248.0,1.7,131.0,-12.5,0.0,,0.0,0.0,0.0,12.0,-0.3,134.6,0.0,290.0,3.8,-0.01,1.0,99.0,32.0,25.0,0.0,29.84,1602.0,0.0,0.0,150.0,0.0,0.0,0.0,0.0,0.0,0.0,0.0,0.0,0.0,0.0,0.0,0.0,-1.0,0.0,0.0,-33.0,0.0,0.0,0.0,0.0,0.0,0.0,0.0,0.0,57.0,90.0,1181.0,1182.0,14.0,2.7,0.0,2.7,24.5,0.0,0.0,41.4,0.0,0.0,22.0,45.1,39.5,0.0,0.0,0.0,0.0,142.0,564.0,140.0,549.0,144.0,553.0,144.0,554.0,0.0,0.0,-4.0,0.0,0.0,24.5,7.0,4.998,0.0,0.0,0.657,0.795,57.5,89.6,0.0,0.0,0.0,,0.0,77.0,194.0,0.0,0.0,0.0,0.0,287.6,1047.2,284.0,1020.2,291.2,1027.4,291.2,1029.2,0.0,0.0,193.28,1181.5,288.5,211.5,116.28,0.03923611111111111,13.999333333333333,0.6296296296296295,0.48,0.49,401.0,True,2026-09-23 18:50:08-07:00
163.06,2,10,2026-09-24 01:52:44,36.88895,-121.40334,248.0,2.1,141.7,-12.5,0.0,,0.0,0.0,0.0,11.9,-0.4,138.2,0.0,290.0,3.9,-0.03,0.8,99.0,22.0,25.0,0.0,29.84,1602.0,0.0,0.0,150.0,0.0,0.0,0.0,0.0,0.0,0.0,0.0,0.0,0.0,0.0,0.0,0.0,-1.0,0.0,0.0,-33.0,0.0,0.0,0.0,0.0,0.0,0.0,0.0,0.0,56.0,90.0,1141.0,1143.0,14.3,2.7,0.0,2.7,24.5,0.0,0.0,41.3,0.0,0.0,20.1,45.1,39.5,0.0,0.0,0.0,0.0,142.0,566.0,140.0,550.0,144.0,548.0,144.0,553.0,0.0,0.0,-15.0,0.0,0.0,24.5,7.0,4.998,0.0,0.0,0.657,0.803,56.0,89.6,0.0,0.0,0.0,,0.0,77.0,194.0,0.0,0.0,0.0,0.0,287.6,1050.8,284.0,1022.0,291.2,1018.4,291.2,1027.4,0.0,0.0,193.28,1142.0,288.5,211.5,116.28,0.03998611111111111,17.204,0.7777777777777778,0.48,0.49,401.0,True,2026-09-23 18:50:08-07:00
164.06,2,10,2026-09-24 01:52:45,36.88894,-121.40334,248.0,2.5,149.5,-12.5,0.0,,0.0,0.0,0.0,11.7,-0.3,139.5,0.0,290.0,2.3,-0.02,1.0,99.0,41.0,25.0,0.0,29.84,1602.0,0.0,0.0,150.0,0.0,0.0,0.0,0.0,0.0,0.0,0.0,0.0,0.0,0.0,0.0,0.0,4.0,0.0,0.0,-33.0,0.0,0.0,0.0,0.0,0.0,0.0,0.0,0.0,57.0,90.0,1197.0,1197.0,13.9,2.7,0.0,2.7,24.5,0.0,0.0,41.3,0.0,0.0,18.6,45.1,39.5,0.0,0.0,0.0,0.0,142.0,567.0,141.0,557.0,144.0,560.0,145.0,558.0,0.0,0.0,-24.0,0.0,0.0,24.5,7.0,4.998,0.0,0.0,0.657,0.789,57.4,89.5,0.0,0.0,0.0,,0.0,77.0,194.0,0.0,0.0,0.0,0.0,287.6,1052.6,285.8,1034.6,291.2,1040.0,293.0,1036.4,0.0,0.0,193.1,1197.0,289.4,212.39999999999998,116.1,0.04073611111111111,21.083333333333332,0.9259259259259258,0.48,0.49,401.0,True,2026-09-23 18:50:08-07:00
165.06,2,10,2026-09-24 01:52:46,36.88893,-121.40333,248.0,2.5,152.8,-12.5,0.0,,0.0,0.0,0.0,11.7,-0.3,140.5,0.0,290.0,1.5,-0.01,1.1,99.0,32.0,25.0,0.0,29.84,1602.0,0.0,0.0,150.0,0.0,0.0,0.0,0.0,0.0,0.0,0.0,0.0,0.0,0.0,0.0,0.0,-3.0,0.0,0.0,52.0,0.0,0.0,0.0,0.0,0.0,0.0,0.0,0.0,56.0,90.0,1103.0,1103.0,13.6,2.7,0.0,2.7,24.5,0.0,0.0,41.3,0.0,0.0,17.4,45.1,39.5,0.0,0.0,0.0,0.0,143.0,570.0,141.0,559.0,144.0,556.0,145.0,560.0,0.0,0.0,-25.0,0.0,0.0,24.5,7.0,4.998,0.0,0.0,0.656,0.798,55.5,89.5,0.0,0.0,0.0,,0.0,77.0,194.0,0.0,0.0,0.0,0.0,289.4,1058.0,285.8,1038.2,291.2,1032.8,293.0,1040.0,0.0,0.0,193.1,1103.0,289.85,212.85000000000002,116.1,0.04148611111111111,25.299999999999997,0.9259259259259258,0.48,0.49,401.0,True,2026-09-23 18:50:08-07:00
166.06,2,10,2026-09-24 01:52:47,36.88892,-121.40333,249.0,2.3,159.4,-12.5,0.0,,0.0,0.0,0.0,11.8,-0.4,139.1,0.0,290.0,-0.1,-0.01,1.0,99.0,21.0,25.0,0.0,29.84,1602.0,0.0,0.0,150.0,0.0,0.0,0.0,0.0,0.0,0.0,0.0,0.0,0.0,0.0,0.0,0.0,-2.0,0.0,0.0,54.0,0.0,0.0,0.0,0.0,0.0,0.0,0.0,0.0,57.0,89.0,1162.0,1161.0,14.3,2.7,0.0,2.7,24.6,0.0,0.0,41.3,0.0,0.0,16.3,45.1,39.5,0.0,0.0,0.0,0.0,143.0,570.0,141.0,561.0,144.0,553.0,145.0,557.0,0.0,0.0,-25.0,0.0,0.0,24.6,7.0,4.998,0.0,0.0,0.656,0.791,56.8,89.4,0.0,0.0,0.0,,0.0,77.0,192.2,0.0,0.0,0.0,0.0,289.4,1058.0,285.8,1041.8,291.2,1027.4,293.0,1034.6,0.0,0.0,192.92000000000002,1161.5,289.85,212.85000000000002,115.92000000000002,0.04223611111111111,29.348,0.8518518518518517,0.48,0.49,401.0,True,2026-09-23 18:50:08-07:00
167.06,2,10,2026-09-24 01:52:48,36.88891,-121.40332,249.0,2.6,146.1,-12.5,0.0,,0.0,0.0,0.0,11.9,-0.6,140.3,0.0,290.0,0.5,-0.01,0.9,99.0,12.0,25.0,0.0,29.84,1602.0,0.0,0.0,150.0,0.0,0.0,0.0,0.0,0.0,0.0,0.0,0.0,0.0,0.0,0.0,0.0,-2.0,0.0,0.0,52.0,0.0,0.0,0.0,0.0,1.0,1.0,0.0,1200.0,56.0,89.0,1155.0,1155.0,14.2,2.7,0.0,2.7,24.5,0.0,0.0,41.3,0.0,0.0,15.2,45.1,39.5,0.0,0.0,0.0,0.0,143.0,571.0,141.0,566.0,145.0,552.0,146.0,558.0,0.0,0.0,-25.0,0.0,0.0,24.5,7.0,4.998,0.0,0.0,0.656,0.8,56.4,89.4,0.0,0.0,0.0,,0.0,77.0,192.2,0.0,0.0,0.0,0.0,289.4,1059.8,285.8,1050.8,293.0,1025.6,294.8,1036.4,0.0,0.0,192.92000000000002,1155.0,290.75,213.75,115.92000000000002,0.042986111111111114,33.480333333333334,0.9629629629629629,0.48,0.49,401.0,True,2026-09-23 18:50:08-07:00
168.06,2,10,2026-09-24 01:52:49,36.8889,-121.40331,249.0,3.0,152.0,-12.5,0.0,,0.0,0.0,0.0,11.9,-0.6,142.7,0.0,290.0,1.8,-0.01,1.1,99.0,29.0,25.0,0.0,29.84,1602.0,0.0,0.0,150.0,0.0,0.0,0.0,0.0,0.0,0.0,0.0,0.0,0.0,0.0,0.0,0.0,-2.0,0.0,0.0,51.0,0.0,0.0,0.0,0.0,1.0,0.0,0.0,1200.0,56.0,89.0,1129.0,1129.0,14.0,2.7,0.0,2.7,24.5,0.0,0.0,41.3,0.0,0.0,14.4,45.1,39.5,0.0,0.0,0.0,0.0,144.0,572.0,142.0,568.0,145.0,548.0,146.0,563.0,0.0,0.0,-25.0,0.0,0.0,24.5,7.0,4.998,0.0,0.0,0.657,0.789,55.7,89.4,0.0,0.0,0.0,,0.0,77.0,192.2,0.0,0.0,0.0,0.0,291.2,1061.6,287.6,1054.4,293.0,1018.4,294.8,1045.4,0.0,0.0,192.92000000000002,1129.0,291.65,214.64999999999998,115.92000000000002,0.043736111111111114,38.202999999999996,1.111111111111111,0.48,0.49,401.0,True,2026-09-23 18:50:08-07:00
169.06,2,10,2026-09-24 01:52:50,36.88889,-121.40331,249.0,3.5,155.5,-12.5,0.0,,0.0,0.0,0.0,11.8,-0.7,144.7,0.0,290.0,2.2,-0.02,1.0,99.0,40.0,25.0,0.0,29.84,1602.0,0.0,0.0,150.0,0.0,0.0,0.0,0.0,0.0,0.0,0.0,0.0,0.0,0.0,0.0,0.0,-2.0,0.0,0.0,49.0,0.0,0.0,0.0,0.0,1.0,0.0,0.0,1200.0,56.0,89.0,1162.0,1163.0,14.2,2.7,0.0,2.7,24.6,0.0,0.0,41.3,0.0,0.0,13.6,45.1,39.5,0.0,0.0,0.0,0.0,144.0,572.0,142.0,571.0,145.0,552.0,146.0,559.0,0.0,0.0,-25.0,0.0,0.0,24.6,7.0,4.998,0.0,0.0,0.656,0.798,56.5,89.3,0.0,0.0,0.0,,0.0,77.0,192.2,0.0,0.0,0.0,0.0,291.2,1061.6,287.6,1059.8,293.0,1025.6,294.8,1038.2,0.0,0.0,192.73999999999998,1162.5,291.65,214.64999999999998,115.73999999999998,0.044486111111111115,43.684666666666665,1.2962962962962963,0.48,0.49,401.0,True,2026-09-23 18:50:08-07:00
170.06,2,10,2026-09-24 01:52:51,36.88887,-121.4033,249.0,3.9,158.7,-12.5,0.0,,0.0,0.0,0.0,11.6,-0.8,144.8,0.0,290.0,1.2,-0.02,1.0,99.0,52.0,25.0,0.0,29.84,1602.0,0.0,0.0,150.0,0.0,0.0,0.0,0.0,0.0,0.0,0.0,0.0,0.0,0.0,0.0,0.0,-2.0,0.0,0.0,48.0,0.0,0.0,0.0,0.0,1.0,0.0,0.0,1200.0,55.0,89.0,1114.0,1113.0,14.0,2.7,0.0,2.7,24.6,0.0,0.0,41.3,0.0,0.0,13.0,45.1,39.5,0.0,0.0,0.0,0.0,144.0,573.0,142.0,570.0,146.0,555.0,146.0,556.0,0.0,0.0,-25.0,0.0,0.0,24.6,7.0,4.998,0.0,0.0,0.657,0.796,55.4,89.3,0.0,0.0,0.0,,0.0,77.0,192.2,0.0,0.0,0.0,0.0,291.2,1063.4,287.6,1058.0,294.8,1031.0,294.8,1032.8,0.0,0.0,192.73999999999998,1113.5,292.1,215.10000000000002,115.73999999999998,0.045236111111111116,49.92533333333333,1.4444444444444444,0.48,0.49,401.0,True,2026-09-23 18:50:08-07:00
171.06,2,10,2026-09-24 01:52:52,36.88885,-121.40328,249.0,4.5,159.0,-12.5,0.0,,0.0,0.0,0.0,11.5,-0.6,145.3,0.0,290.0,0.8,-0.01,1.0,99.0,37.0,25.0,0.0,29.84,1602.0,0.0,0.0,150.0,0.0,0.0,0.0,0.0,0.0,0.0,0.0,0.0,0.0,0.0,0.0,0.0,-2.0,0.0,0.0,48.0,0.0,0.0,0.0,0.0,1.0,0.0,0.0,1200.0,56.0,89.0,1145.0,1145.0,13.7,2.7,0.0,2.7,24.6,0.0,0.0,41.3,0.0,0.0,12.4,45.1,39.5,0.0,0.0,0.0,0.0,144.0,575.0,142.0,574.0,146.0,560.0,146.0,565.0,0.0,0.0,-25.0,0.0,0.0,24.6,7.0,4.998,0.0,0.0,0.656,0.796,55.9,89.3,0.0,0.0,0.0,,0.0,77.0,192.2,0.0,0.0,0.0,0.0,291.2,1067.0,287.6,1065.2,294.8,1040.0,294.8,1049.0,0.0,0.0,192.73999999999998,1145.0,292.1,215.10000000000002,115.73999999999998,0.04598611111111111,57.00933333333333,1.6666666666666665,0.48,0.49,401.0,True,2026-09-23 18:50:08-07:00
172.06,2,10,2026-09-24 01:52:53,36.88884,-121.40327,248.0,4.4,163.3,-12.5,0.0,,0.0,0.0,0.0,11.4,-0.7,145.2,0.0,290.0,0.4,-0.01,0.9,99.0,28.0,25.0,0.0,29.84,1603.0,0.0,0.0,150.0,0.0,0.0,0.0,0.0,0.0,0.0,0.0,0.0,0.0,0.0,0.0,0.0,-2.0,0.0,0.0,47.0,0.0,0.0,0.0,0.0,1.0,0.0,0.0,1200.0,55.0,89.0,1100.0,1101.0,13.5,2.7,0.0,2.7,24.6,0.0,0.0,41.3,0.0,0.0,11.9,45.1,39.5,0.0,0.0,0.0,0.0,144.0,576.0,142.0,575.0,146.0,562.0,147.0,562.0,0.0,0.0,-25.0,0.0,0.0,24.6,7.0,4.998,0.0,0.0,0.657,0.798,55.4,89.3,0.0,0.0,0.0,,0.0,77.0,192.2,0.0,0.0,0.0,0.0,291.2,1068.8,287.6,1067.0,294.8,1043.6,296.6,1043.6,0.0,0.0,192.73999999999998,1100.5,292.55,215.55,115.73999999999998,0.04673611111111111,64.515,1.6296296296296298,0.48,0.49,401.0,True,2026-09-23 18:50:08-07:00
173.06,2,10,2026-09-24 01:52:54,36.88882,-121.40327,248.0,3.6,166.9,-12.5,0.0,,0.0,0.0,0.0,11.0,-0.8,142.1,0.0,291.0,-1.7,-0.01,1.0,99.0,35.0,25.0,0.0,29.84,1603.0,0.0,0.0,150.0,0.0,0.0,0.0,0.0,0.0,0.0,0.0,0.0,0.0,0.0,0.0,0.0,-2.0,0.0,0.0,46.0,0.0,0.0,0.0,0.0,1.0,0.0,0.0,1200.0,54.0,89.0,1052.0,1050.0,14.0,2.6,0.0,2.6,24.5,0.0,0.0,41.3,0.0,0.0,11.5,45.1,39.5,0.0,0.0,0.0,0.0,145.0,577.0,142.0,572.0,146.0,561.0,147.0,563.0,0.0,0.0,-25.0,0.0,0.0,24.5,7.0,4.998,0.0,0.0,0.658,0.791,54.0,89.2,0.0,0.0,0.0,,0.0,77.0,192.2,0.0,0.0,0.0,0.0,293.0,1070.6,287.6,1061.6,294.8,1041.8,296.6,1045.4,0.0,0.0,192.56,1051.0,293.0,216.0,115.56,0.04747222222222222,71.26166666666666,1.3846153846153846,0.48,0.49,401.0,True,2026-09-23 18:50:08-07:00
174.06,2,10,2026-09-24 01:52:55,36.88881,-121.40326,248.0,3.6,157.4,-12.5,0.0,,0.0,0.0,0.0,10.9,-0.6,138.0,0.0,292.0,-3.4,0.03,1.0,99.0,39.0,25.0,0.0,29.84,1603.0,0.0,0.0,150.0,0.0,0.0,0.0,0.0,0.0,0.0,0.0,0.0,0.0,0.0,0.0,0.0,-2.0,0.0,0.0,45.0,0.0,0.0,0.0,0.0,1.0,0.0,0.0,1200.0,54.0,89.0,1020.0,1019.0,14.1,2.6,0.0,2.6,24.5,0.0,0.0,41.3,0.0,0.0,11.1,45.1,39.5,0.0,0.0,0.0,0.0,145.0,577.0,142.0,568.0,146.0,556.0,147.0,566.0,0.0,0.0,-25.0,0.0,0.0,24.5,7.0,4.998,0.0,0.0,0.658,0.792,53.7,89.2,0.0,0.0,0.0,,0.0,77.0,192.2,0.0,0.0,0.0,0.0,293.0,1070.6,287.6,1054.4,294.8,1032.8,296.6,1050.8,0.0,0.0,192.56,1019.5,293.0,216.0,115.56,0.04819444444444445,77.33366666666666,1.3846153846153846,0.48,0.49,401.0,True,2026-09-23 18:50:08-07:00
175.06,2,10,2026-09-24 01:52:56,36.88879,-121.40325,248.0,3.3,154.6,-12.5,0.0,,0.0,0.0,0.0,11.1,-0.4,137.0,0.0,294.0,-2.1,0.0,0.8,99.0,52.0,25.0,0.0,29.84,1607.0,0.0,0.0,150.0,0.0,0.0,0.0,0.0,0.0,0.0,0.0,0.0,0.0,0.0,0.0,0.0,-2.0,0.0,0.0,45.0,0.0,0.0,0.0,0.0,1.0,0.0,0.0,1200.0,53.0,89.0,986.0,980.0,14.2,2.6,0.0,2.6,24.5,0.0,0.0,41.3,0.0,0.0,10.7,45.2,39.5,0.0,0.0,0.0,0.0,145.0,576.0,142.0,568.0,147.0,555.0,148.0,569.0,0.0,0.0,-25.0,0.0,0.0,24.5,7.0,4.998,0.0,0.0,0.657,0.789,53.5,89.1,0.0,0.0,0.0,,0.0,77.0,192.2,0.0,0.0,0.0,0.0,293.0,1068.8,287.6,1054.4,296.6,1031.0,298.4,1056.2,0.0,0.0,192.38,983.0,293.9,216.89999999999998,115.38,0.04891666666666667,83.15266666666666,1.2692307692307692,0.48,0.49,401.0,True,2026-09-23 18:50:08-07:00
176.06,2,10,2026-09-24 01:52:57,36.88878,-121.40324,248.0,3.2,151.5,-12.5,0.0,,0.0,0.0,0.0,11.2,-0.7,136.1,0.0,294.0,-1.4,-0.0,1.1,99.0,55.0,25.0,0.0,29.84,1607.0,0.0,0.0,150.0,0.0,0.0,0.0,0.0,0.0,0.0,0.0,0.0,0.0,0.0,0.0,0.0,-2.0,0.0,0.0,45.0,0.0,0.0,0.0,0.0,1.0,0.0,0.0,1200.0,56.0,89.0,1131.0,1131.0,14.3,2.6,0.0,2.6,24.6,0.0,0.0,41.3,0.0,0.0,10.3,45.2,39.5,0.0,0.0,0.0,0.0,146.0,573.0,143.0,564.0,147.0,554.0,148.0,566.0,0.0,0.0,-25.0,0.0,0.0,24.6,7.0,4.998,0.0,0.0,0.659,0.787,55.6,89.1,0.0,0.0,0.0,,0.0,77.0,192.2,0.0,0.0,0.0,0.0,294.8,1063.4,289.4,1047.2,296.6,1029.2,298.4,1050.8,0.0,0.0,192.38,1131.0,294.8,217.8,115.38,0.04963888888888889,88.63433333333333,1.2307692307692308,0.48,0.49,401.0,True,2026-09-23 18:50:08-07:00
177.06,2,10,2026-09-24 01:52:58,36.88876,-121.40324,248.0,3.4,150.2,-12.5,0.0,,0.0,0.0,0.0,11.2,-0.7,135.4,0.0,294.0,-1.1,-0.0,0.9,99.0,46.0,25.0,0.0,29.84,1607.0,0.0,0.0,150.0,0.0,0.0,0.0,0.0,0.0,0.0,0.0,0.0,0.0,0.0,0.0,0.0,-2.0,0.0,0.0,45.0,0.0,0.0,0.0,0.0,1.0,0.0,0.0,1200.0,55.0,89.0,1107.0,1106.0,13.7,2.6,0.0,2.6,24.6,0.0,0.0,41.3,0.0,0.0,10.0,45.2,39.5,0.0,0.0,0.0,0.0,146.0,575.0,143.0,567.0,147.0,558.0,148.0,569.0,0.0,0.0,-25.0,0.0,0.0,24.6,7.0,4.998,0.0,0.0,0.657,0.787,55.3,89.1,0.0,0.0,0.0,,0.0,77.0,192.2,0.0,0.0,0.0,0.0,294.8,1067.0,289.4,1052.6,296.6,1036.4,298.4,1056.2,0.0,0.0,192.38,1106.5,294.8,217.8,115.38,0.05036111111111111,94.20033333333333,1.3076923076923077,0.48,0.49,401.0,True,2026-09-23 18:50:08-07:00
178.06,2,10,2026-09-24 01:52:59,36.88875,-121.40323,249.0,3.4,149.6,-12.5,0.0,,0.0,0.0,0.0,11.1,-0.6,134.9,0.0,296.0,-0.8,-0.01,1.1,99.0,62.0,25.0,0.0,29.84,1600.0,0.0,0.0,150.0,0.0,0.0,0.0,0.0,0.0,0.0,0.0,0.0,0.0,0.0,0.0,0.0,-2.0,0.0,0.0,44.0,0.0,0.0,0.0,0.0,1.0,0.0,0.0,1200.0,55.0,89.0,1067.0,1066.0,13.7,2.6,0.0,2.6,24.5,0.0,0.0,41.3,0.0,0.0,9.8,45.2,39.5,0.0,0.0,0.0,0.0,146.0,576.0,143.0,563.0,147.0,560.0,148.0,568.0,0.0,0.0,-25.0,0.0,0.0,24.5,7.0,4.998,0.0,0.0,0.656,0.792,54.6,89.0,0.0,0.0,0.0,,0.0,77.0,192.2,0.0,0.0,0.0,0.0,294.8,1068.8,289.4,1045.4,296.6,1040.0,298.4,1054.4,0.0,0.0,192.2,1066.5,294.8,217.8,115.19999999999999,0.051083333333333335,99.93499999999999,1.3076923076923077,0.48,0.49,401.0,True,2026-09-23 18:50:08-07:00
179.06,2,10,2026-09-24 01:53:00,36.88874,-121.40321,249.0,3.4,149.4,-12.5,0.0,,0.0,0.0,0.0,11.2,-0.9,134.7,0.0,297.0,-0.5,-0.01,1.1,99.0,49.0,25.0,0.0,29.84,1602.0,0.0,0.0,150.0,0.0,0.0,0.0,0.0,0.0,0.0,0.0,0.0,0.0,0.0,0.0,0.0,-2.0,0.0,0.0,44.0,0.0,0.0,0.0,0.0,1.0,0.0,0.0,1200.0,55.0,89.0,1105.0,1104.0,14.2,2.6,0.0,2.6,24.6,0.0,0.0,41.3,0.0,0.0,9.5,45.2,39.5,0.0,0.0,0.0,0.0,146.0,578.0,143.0,562.0,148.0,560.0,149.0,566.0,0.0,0.0,-25.0,0.0,0.0,24.6,7.0,4.998,0.0,0.0,0.658,0.8,55.0,89.0,0.0,0.0,0.0,,0.0,77.0,192.2,0.0,0.0,0.0,0.0,294.8,1072.4,289.4,1043.6,298.4,1040.0,300.2,1050.8,0.0,0.0,192.2,1104.5,295.7,218.7,115.19999999999999,0.051805555555555556,105.66966666666666,1.3076923076923077,0.48,0.49,401.0,True,2026-09-23 18:50:08-07:00
180.06,2,10,2026-09-24 01:53:01,36.88873,-121.40321,249.0,3.5,147.3,-12.5,0.0,,0.0,0.0,0.0,11.2,-0.8,134.8,0.0,298.0,-0.2,-0.01,0.8,99.0,63.0,25.0,0.0,29.84,1603.0,0.0,0.0,150.0,0.0,0.0,0.0,0.0,0.0,0.0,0.0,0.0,0.0,0.0,0.0,0.0,-2.0,0.0,0.0,44.0,0.0,0.0,0.0,0.0,1.0,0.0,0.0,1200.0,55.0,89.0,1108.0,1109.0,14.2,2.6,0.0,2.6,24.6,0.0,0.0,41.3,0.0,0.0,9.2,45.2,39.5,0.0,0.0,0.0,0.0,147.0,576.0,143.0,562.0,148.0,565.0,149.0,565.0,0.0,0.0,-25.0,0.0,0.0,24.6,7.0,4.998,0.0,0.0,0.657,0.789,54.8,89.0,0.0,0.0,0.0,,0.0,77.0,192.2,0.0,0.0,0.0,0.0,296.6,1068.8,289.4,1043.6,298.4,1049.0,300.2,1049.0,0.0,0.0,192.2,1108.5,296.15,219.14999999999998,115.19999999999999,0.05252777777777778,111.48866666666666,1.346153846153846,0.48,0.49,401.0,True,2026-09-23 18:50:08-07:00
181.06,2,10,2026-09-24 01:53:02,36.88871,-121.4032,249.0,3.1,147.3,-12.5,0.0,,0.0,0.0,0.0,11.1,-0.9,134.9,0.0,299.0,-0.1,-0.02,1.1,99.0,45.0,25.0,0.0,29.84,1604.0,0.0,0.0,150.0,0.0,0.0,0.0,0.0,0.0,0.0,0.0,0.0,0.0,0.0,0.0,0.0,-2.0,0.0,0.0,44.0,0.0,0.0,0.0,0.0,1.0,0.0,0.0,1200.0,56.0,89.0,1147.0,1146.0,13.4,2.5,0.0,2.5,24.6,0.0,0.0,41.3,0.0,0.0,9.0,45.2,39.5,0.0,0.0,0.0,0.0,147.0,578.0,144.0,562.0,148.0,568.0,149.0,569.0,0.0,0.0,-25.0,0.0,0.0,24.6,7.0,4.998,0.0,0.0,0.657,0.792,56.1,89.0,0.0,0.0,0.0,,0.0,77.0,192.2,0.0,0.0,0.0,0.0,296.6,1072.4,291.2,1043.6,298.4,1054.4,300.2,1056.2,0.0,0.0,192.2,1146.5,296.6,219.60000000000002,115.19999999999999,0.053236111111111116,117.05466666666666,1.24,0.48,0.49,401.0,True,2026-09-23 18:50:08-07:00
182.06,2,10,2026-09-24 01:53:03,36.8887,-121.40318,249.0,3.1,149.8,-12.5,0.0,,0.0,0.0,0.0,11.3,-0.7,135.2,0.0,299.0,0.2,-0.01,1.0,99.0,48.0,25.0,0.0,29.84,1605.0,0.0,0.0,150.0,0.0,0.0,0.0,0.0,0.0,0.0,0.0,0.0,0.0,0.0,0.0,0.0,-2.0,0.0,0.0,43.0,0.0,0.0,0.0,0.0,1.0,0.0,0.0,1200.0,56.0,89.0,1086.0,1087.0,13.4,2.5,0.0,2.5,24.6,0.0,0.0,41.3,0.0,0.0,8.8,45.2,39.5,0.0,0.0,0.0,0.0,147.0,579.0,144.0,564.0,148.0,569.0,149.0,570.0,0.0,0.0,-25.0,0.0,0.0,24.6,7.0,4.998,0.0,0.0,0.656,0.789,55.7,89.0,0.0,0.0,0.0,,0.0,77.0,192.2,0.0,0.0,0.0,0.0,296.6,1074.2,291.2,1047.2,298.4,1056.2,300.2,1058.0,0.0,0.0,192.2,1086.5,296.6,219.60000000000002,115.19999999999999,0.05393055555555556,122.28333333333333,1.24,0.48,0.49,401.0,True,2026-09-23 18:50:08-07:00
183.06,2,10,2026-09-24 01:53:04,36.88868,-121.40323,223.0,2.8,148.3,-12.5,0.0,,0.0,0.0,0.0,11.2,-0.9,135.5,0.0,299.0,0.2,-0.02,0.9,99.0,35.0,25.0,0.0,29.84,1605.0,0.0,0.0,150.0,0.0,0.0,0.0,0.0,0.0,0.0,0.0,0.0,0.0,0.0,0.0,0.0,-2.0,0.0,0.0,43.0,0.0,0.0,0.0,0.0,1.0,0.0,0.0,1200.0,54.0,89.0,1084.0,1084.0,13.5,2.6,0.0,2.6,24.5,0.0,0.0,41.3,0.0,0.0,8.8,45.2,39.5,0.0,0.0,0.0,0.0,148.0,581.0,144.0,561.0,149.0,566.0,150.0,571.0,0.0,0.0,-25.0,0.0,0.0,24.5,7.0,4.998,0.0,0.0,0.657,0.789,54.3,89.0,0.0,0.0,0.0,,0.0,77.0,192.2,0.0,0.0,0.0,0.0,298.4,1077.8,291.2,1041.8,300.2,1050.8,302.0,1059.8,0.0,0.0,192.2,1084.0,297.95000000000005,220.95000000000005,115.19999999999999,0.05463888888888889,127.25899999999999,1.0769230769230769,0.48,0.49,401.0,True,2026-09-23 18:50:08-07:00
184.06,2,10,2026-09-24 01:53:05,36.88866,-121.40322,222.0,2.4,148.6,-12.5,0.0,,0.0,0.0,0.0,11.2,-0.7,135.7,0.0,300.0,0.2,-0.01,1.0,99.0,19.0,25.0,0.0,29.84,1606.0,0.0,0.0,150.0,0.0,0.0,0.0,0.0,0.0,0.0,0.0,0.0,0.0,0.0,0.0,0.0,-2.0,0.0,0.0,43.0,0.0,0.0,0.0,0.0,1.0,0.0,0.0,1200.0,54.0,89.0,1081.0,1082.0,14.2,2.6,0.0,2.6,24.5,0.0,0.0,41.3,0.0,0.0,8.6,45.2,39.5,0.0,0.0,0.0,0.0,148.0,577.0,144.0,558.0,149.0,569.0,150.0,567.0,0.0,0.0,-25.0,0.0,0.0,24.5,7.0,4.998,0.0,0.0,0.657,0.789,53.8,88.9,0.0,0.0,0.0,,0.0,77.0,192.2,0.0,0.0,0.0,0.0,298.4,1070.6,291.2,1036.4,300.2,1056.2,302.0,1052.6,0.0,0.0,192.02,1081.5,297.95000000000005,220.95000000000005,115.02000000000001,0.05536111111111111,131.64433333333332,0.923076923076923,0.48,0.49,401.0,True,2026-09-23 18:50:08-07:00
185.06,2,10,2026-09-24 01:53:06,36.88865,-121.40321,222.0,2.6,148.4,-12.5,0.0,,0.0,0.0,0.0,11.4,-0.8,135.7,0.0,301.0,0.1,-0.01,1.0,99.0,21.0,25.0,0.0,29.84,1607.0,0.0,0.0,150.0,0.0,0.0,0.0,0.0,0.0,0.0,0.0,0.0,0.0,0.0,0.0,0.0,-2.0,0.0,0.0,43.0,0.0,0.0,0.0,0.0,1.0,0.0,0.0,1200.0,57.0,89.0,1174.0,1175.0,13.4,2.5,0.0,2.5,24.6,0.0,0.0,41.3,0.0,0.0,8.4,45.2,39.5,0.0,0.0,0.0,0.0,148.0,579.0,144.0,562.0,149.0,575.0,150.0,576.0,0.0,0.0,-25.0,0.0,0.0,24.6,7.0,4.998,0.0,0.0,0.656,0.789,56.9,88.9,0.0,0.0,0.0,,0.0,77.0,192.2,0.0,0.0,0.0,0.0,298.4,1074.2,291.2,1043.6,300.2,1067.0,302.0,1068.8,0.0,0.0,192.02,1174.5,297.95000000000005,220.95000000000005,115.02000000000001,0.05606944444444445,135.861,1.04,0.48,0.49,401.0,True,2026-09-23 18:50:08-07:00
186.06,2,10,2026-09-24 01:53:07,36.88865,-121.40321,222.0,2.6,150.2,-12.5,0.0,,0.0,0.0,0.0,11.3,-0.9,135.7,0.0,301.0,0.1,-0.02,0.9,99.0,5.0,25.0,0.0,29.84,1607.0,0.0,0.0,150.0,0.0,0.0,0.0,0.0,0.0,0.0,0.0,0.0,0.0,0.0,0.0,0.0,-2.0,0.0,0.0,43.0,0.0,0.0,0.0,0.0,1.0,0.0,0.0,1200.0,55.0,89.0,1086.0,1087.0,13.2,2.5,0.0,2.5,24.6,0.0,0.0,41.3,0.0,0.0,8.3,45.2,39.5,0.0,0.0,0.0,0.0,148.0,580.0,144.0,561.0,150.0,575.0,150.0,569.0,0.0,0.0,-25.0,0.0,0.0,24.6,7.0,4.998,0.0,0.0,0.657,0.795,55.2,88.9,0.0,0.0,0.0,,0.0,77.0,192.2,0.0,0.0,0.0,0.0,298.4,1076.0,291.2,1041.8,302.0,1067.0,302.0,1056.2,0.0,0.0,192.02,1086.5,298.4,221.39999999999998,115.02000000000001,0.05676388888888889,140.24633333333333,1.04,0.48,0.49,401.0,True,2026-09-23 18:50:08-07:00
187.06,2,10,2026-09-24 01:53:08,36.88863,-121.4032,222.0,2.3,148.6,-12.5,0.0,,0.0,0.0,0.0,11.2,-0.6,135.8,0.0,301.0,0.1,-0.02,0.9,99.0,33.0,25.0,0.0,29.84,1607.0,0.0,0.0,150.0,0.0,0.0,0.0,0.0,0.0,0.0,0.0,0.0,0.0,0.0,0.0,0.0,-2.0,0.0,0.0,43.0,0.0,0.0,0.0,0.0,1.0,0.0,0.0,1200.0,52.0,89.0,917.0,917.0,13.4,2.5,0.0,2.5,24.6,0.0,0.0,41.3,0.0,0.0,8.3,45.2,39.5,0.0,0.0,0.0,0.0,149.0,584.0,145.0,560.0,150.0,576.0,151.0,565.0,0.0,0.0,-25.0,0.0,0.0,24.6,7.0,4.998,0.0,0.0,0.656,0.786,52.1,88.9,0.0,0.0,0.0,,0.0,77.0,192.2,0.0,0.0,0.0,0.0,300.2,1083.2,293.0,1040.0,302.0,1068.8,303.8,1049.0,0.0,0.0,192.02,917.0,299.75,222.75,115.02000000000001,0.057458333333333333,144.37866666666665,0.9199999999999999,0.48,0.49,401.0,True,2026-09-23 18:50:08-07:00
188.06,2,10,2026-09-24 01:53:09,36.88866,-121.40321,231.0,1.9,148.3,-12.5,0.0,,0.0,0.0,0.0,11.2,-0.8,135.9,0.0,301.0,0.1,-0.01,1.0,99.0,2.0,25.0,0.0,29.84,1616.0,0.0,0.0,150.0,0.0,0.0,0.0,0.0,0.0,0.0,0.0,0.0,0.0,0.0,0.0,0.0,-2.0,0.0,0.0,43.0,0.0,0.0,0.0,0.0,1.0,0.0,0.0,1200.0,54.0,89.0,1039.0,1041.0,13.8,2.4,0.0,2.4,24.6,0.0,0.0,41.3,0.0,0.0,8.1,45.2,39.5,0.0,0.0,0.0,0.0,149.0,578.0,145.0,557.0,150.0,572.0,151.0,562.0,0.0,0.0,-25.0,0.0,0.0,24.6,7.0,4.998,0.0,0.0,0.658,0.795,54.2,88.9,0.0,0.0,0.0,,0.0,77.0,192.2,0.0,0.0,0.0,0.0,300.2,1072.4,293.0,1034.6,302.0,1061.6,303.8,1043.6,0.0,0.0,192.02,1040.0,299.75,222.75,115.02000000000001,0.05813888888888889,147.92066666666665,0.7916666666666666,0.48,0.49,401.0,True,2026-09-23 18:50:08-07:00
189.06,2,10,2026-09-24 01:53:10,36.88865,-121.4032,231.0,1.6,149.7,-12.5,0.0,,0.0,0.0,0.0,11.1,-0.6,136.1,0.0,301.0,0.1,-0.01,1.0,99.0,16.0,25.0,0.0,29.84,1616.0,0.0,0.0,150.0,0.0,0.0,0.0,0.0,0.0,0.0,0.0,0.0,0.0,0.0,0.0,0.0,-2.0,0.0,0.0,43.0,0.0,0.0,0.0,0.0,1.0,0.0,0.0,1200.0,54.0,89.0,1014.0,1014.0,13.7,2.4,0.0,2.4,24.6,0.0,0.0,41.3,0.0,0.0,8.0,45.2,39.5,0.0,0.0,0.0,0.0,149.0,579.0,145.0,562.0,150.0,574.0,151.0,567.0,0.0,0.0,-25.0,0.0,0.0,24.6,7.0,4.998,0.0,0.0,0.656,0.791,53.5,88.9,0.0,0.0,0.0,,0.0,77.0,192.2,0.0,0.0,0.0,0.0,300.2,1074.2,293.0,1043.6,302.0,1065.2,303.8,1052.6,0.0,0.0,192.02,1014.0,299.75,222.75,115.02000000000001,0.058805555555555555,150.87233333333333,0.6666666666666667,0.48,0.49,401.0,True,2026-09-23 18:50:08-07:00
190.06,2,10,2026-09-24 01:53:11,36.88865,-121.40319,231.0,0.8,147.6,-12.5,0.0,,0.0,0.0,0.0,10.9,-0.7,135.9,0.0,301.0,-0.1,-0.01,1.0,99.0,13.0,25.0,0.0,29.84,1616.0,0.0,0.0,150.0,0.0,0.0,0.0,0.0,0.0,0.0,0.0,0.0,0.0,0.0,0.0,0.0,-2.0,0.0,0.0,44.0,0.0,0.0,0.0,0.0,1.0,0.0,0.0,1200.0,54.0,89.0,1006.0,1006.0,13.5,2.4,0.0,2.4,24.5,0.0,0.0,41.3,0.0,0.0,7.8,45.2,39.5,0.0,0.0,0.0,0.0,150.0,577.0,145.0,558.0,151.0,575.0,151.0,569.0,0.0,0.0,-25.0,0.0,0.0,24.5,7.0,4.998,0.0,0.0,0.658,0.789,53.7,88.8,0.0,0.0,0.0,,0.0,77.0,192.2,0.0,0.0,0.0,0.0,302.0,1070.6,293.0,1036.4,303.8,1067.0,303.8,1056.2,0.0,0.0,191.83999999999997,1006.0,300.65,223.64999999999998,114.83999999999997,0.059472222222222225,152.89633333333333,0.33333333333333337,0.48,0.49,401.0,True,2026-09-23 18:50:08-07:00
191.06,2,10,2026-09-24 01:53:12,36.88865,-121.40319,231.0,0.9,148.0,-12.5,0.0,,0.0,0.0,0.0,10.8,-0.7,134.4,0.0,302.0,-1.0,-0.01,1.0,99.0,31.0,25.0,0.0,29.84,1616.0,0.0,0.0,150.0,0.0,0.0,0.0,0.0,0.0,0.0,0.0,0.0,0.0,0.0,0.0,0.0,-2.0,0.0,0.0,44.0,0.0,0.0,0.0,0.0,1.0,0.0,0.0,1200.0,53.0,89.0,1030.0,1031.0,14.1,2.4,0.0,2.4,24.5,0.0,0.0,41.3,0.0,0.0,7.8,45.2,39.5,0.0,0.0,0.0,0.0,150.0,573.0,145.0,551.0,151.0,575.0,152.0,558.0,0.0,0.0,-25.0,0.0,0.0,24.5,7.0,4.998,0.0,0.0,0.656,0.785,53.3,88.8,0.0,0.0,0.0,,0.0,77.0,192.2,0.0,0.0,0.0,0.0,302.0,1063.4,293.0,1023.8,303.8,1067.0,305.6,1036.4,0.0,0.0,191.83999999999997,1030.5,301.1,224.10000000000002,114.83999999999997,0.060138888888888895,154.32999999999998,0.375,0.48,0.49,401.0,True,2026-09-23 18:50:08-07:00
192.06,2,10,2026-09-24 01:53:13,36.88865,-121.40319,231.0,0.6,148.0,-12.5,0.0,,0.0,0.0,0.0,10.7,-0.7,133.4,0.0,302.0,-1.2,-0.01,1.0,99.0,24.0,25.0,0.0,29.84,1617.0,0.0,0.0,150.0,0.0,0.0,0.0,0.0,0.0,0.0,0.0,0.0,0.0,0.0,0.0,0.0,-2.0,0.0,0.0,44.0,0.0,0.0,0.0,0.0,1.0,0.0,0.0,1200.0,53.0,89.0,996.0,996.0,13.9,2.4,0.0,2.4,24.5,0.0,0.0,41.3,0.0,0.0,7.7,45.2,39.5,0.0,0.0,0.0,0.0,150.0,576.0,146.0,554.0,151.0,576.0,152.0,562.0,0.0,0.0,-25.0,0.0,0.0,24.5,7.0,4.998,0.0,0.0,0.656,0.786,53.1,88.8,0.0,0.0,0.0,,0.0,77.0,192.2,0.0,0.0,0.0,0.0,302.0,1068.8,294.8,1029.2,303.8,1068.8,305.6,1043.6,0.0,0.0,191.83999999999997,996.0,301.55,224.55,114.83999999999997,0.06080555555555556,155.595,0.25,0.48,0.49,401.0,True,2026-09-23 18:50:08-07:00
193.06,2,10,2026-09-24 01:53:14,36.88862,-121.40315,230.0,0.7,148.0,-12.5,0.0,,0.0,0.0,0.0,10.8,-0.6,132.8,0.0,304.0,-0.9,-0.01,1.0,99.0,32.0,25.0,0.0,29.84,1617.0,0.0,0.0,150.0,0.0,0.0,0.0,0.0,0.0,0.0,0.0,0.0,0.0,0.0,0.0,0.0,-2.0,0.0,0.0,44.0,0.0,0.0,0.0,0.0,1.0,0.0,0.0,1200.0,53.0,89.0,1027.0,1029.0,14.9,2.4,0.0,2.4,24.6,0.0,0.0,41.3,0.0,0.0,7.6,45.2,39.5,0.0,0.0,0.0,0.0,150.0,572.0,146.0,547.0,152.0,565.0,152.0,554.0,0.0,0.0,-25.0,0.0,0.0,24.6,7.0,4.998,0.0,0.0,0.658,0.791,53.2,88.8,0.0,0.0,0.0,,0.0,77.0,192.2,0.0,0.0,0.0,0.0,302.0,1061.6,294.8,1016.6,305.6,1049.0,305.6,1029.2,0.0,0.0,191.83999999999997,1028.0,302.0,225.0,114.83999999999997,0.06147222222222223,156.69133333333332,0.2916666666666667,0.48,0.49,401.0,True,2026-09-23 18:50:08-07:00
194.06,2,10,2026-09-24 01:53:15,36.88861,-121.40314,230.0,0.7,148.0,-12.5,0.0,,0.0,0.0,0.0,10.9,-0.7,132.4,0.0,304.0,-0.6,-0.01,1.1,99.0,43.0,25.0,0.0,29.84,1617.0,0.0,0.0,150.0,0.0,0.0,0.0,0.0,0.0,0.0,0.0,0.0,0.0,0.0,0.0,0.0,-2.0,0.0,0.0,43.0,0.0,0.0,0.0,0.0,1.0,0.0,0.0,1200.0,53.0,89.0,961.0,961.0,13.9,2.3,0.0,2.3,24.6,0.0,0.0,41.3,0.0,0.0,7.5,45.2,39.5,0.0,0.0,0.0,0.0,151.0,573.0,146.0,549.0,152.0,568.0,152.0,566.0,0.0,0.0,-25.0,0.0,0.0,24.6,7.0,4.998,0.0,0.0,0.656,0.798,52.5,88.8,0.0,0.0,0.0,,0.0,77.0,192.2,0.0,0.0,0.0,0.0,303.8,1063.4,294.8,1020.2,305.6,1054.4,305.6,1050.8,0.0,0.0,191.83999999999997,961.0,302.45,225.45,114.83999999999997,0.062125,157.87199999999999,0.30434782608695654,0.48,0.49,401.0,True,2026-09-23 18:50:08-07:00
195.06,2,10,2026-09-24 01:53:16,36.88861,-121.40315,230.0,0.2,148.0,-12.5,0.0,,0.0,0.0,0.0,10.8,-0.7,132.4,0.0,305.0,-0.2,-0.01,1.0,99.0,45.0,25.0,0.0,29.84,1620.0,0.0,0.0,150.0,0.0,0.0,0.0,0.0,0.0,0.0,0.0,0.0,0.0,0.0,0.0,0.0,-2.0,0.0,0.0,43.0,0.0,0.0,0.0,0.0,1.0,0.0,0.0,1200.0,51.0,89.0,947.0,945.0,15.0,2.3,0.0,2.3,24.5,0.0,0.0,41.3,0.0,0.0,8.1,45.2,39.5,0.0,0.0,0.0,0.0,151.0,574.0,146.0,546.0,152.0,560.0,153.0,565.0,0.0,0.0,-25.0,0.0,0.0,24.5,7.0,4.998,0.0,0.0,0.658,0.804,50.9,89.0,0.0,0.0,0.0,,0.0,77.0,192.2,0.0,0.0,0.0,0.0,303.8,1065.2,294.8,1014.8,305.6,1040.0,307.4,1049.0,0.0,0.0,192.2,946.0,302.9,225.89999999999998,115.19999999999999,0.0627638888888889,158.631,0.08695652173913045,0.48,0.49,401.0,True,2026-09-23 18:50:08-07:00
196.06,2,10,2026-09-24 01:53:17,36.88861,-121.40315,230.0,0.3,148.0,-12.5,0.0,,0.0,0.0,0.0,10.9,-0.8,132.2,0.0,307.0,-0.1,-0.01,1.0,99.0,75.0,25.0,0.0,29.84,1620.0,0.0,0.0,150.0,0.0,0.0,0.0,0.0,0.0,0.0,0.0,0.0,0.0,0.0,0.0,0.0,-2.0,0.0,0.0,43.0,0.0,0.0,0.0,0.0,1.0,0.0,0.0,1200.0,52.0,89.0,986.0,986.0,14.4,2.3,0.0,2.3,24.6,0.0,0.0,41.3,0.0,0.0,8.8,45.2,39.5,0.0,0.0,0.0,0.0,151.0,574.0,146.0,546.0,152.0,556.0,153.0,563.0,0.0,0.0,-25.0,0.0,0.0,24.6,7.0,4.998,0.0,0.0,0.656,0.798,52.4,88.9,0.0,0.0,0.0,,0.0,77.0,192.2,0.0,0.0,0.0,0.0,303.8,1065.2,294.8,1014.8,305.6,1032.8,307.4,1045.4,0.0,0.0,192.02,986.0,302.9,225.89999999999998,115.02000000000001,0.06340277777777778,159.05266666666665,0.13043478260869565,0.48,0.49,401.0,True,2026-09-23 18:50:08-07:00
197.06,2,10,2026-09-24 01:53:18,36.88861,-121.40315,230.0,0.1,148.0,-12.5,0.0,,0.0,0.0,0.0,10.9,-0.7,132.2,0.0,308.0,-0.0,-0.01,1.0,99.0,75.0,25.0,0.0,29.84,1620.0,0.0,0.0,150.0,0.0,0.0,0.0,0.0,0.0,0.0,0.0,0.0,0.0,0.0,0.0,0.0,-2.0,0.0,0.0,43.0,0.0,0.0,0.0,0.0,1.0,0.0,0.0,1200.0,53.0,89.0,1014.0,1013.0,13.9,2.3,0.0,2.3,24.6,0.0,0.0,41.3,0.0,0.0,9.4,45.2,39.5,0.0,0.0,0.0,0.0,151.0,574.0,146.0,548.0,152.0,562.0,153.0,569.0,0.0,0.0,-25.0,0.0,0.0,24.6,7.0,4.998,0.0,0.0,0.656,0.795,53.5,88.9,0.0,0.0,0.0,,0.0,77.0,192.2,0.0,0.0,0.0,0.0,303.8,1065.2,294.8,1018.4,305.6,1043.6,307.4,1056.2,0.0,0.0,192.02,1013.5,302.9,225.89999999999998,115.02000000000001,0.06404166666666666,159.39,0.04347826086956522,0.48,0.49,401.0,True,2026-09-23 18:50:08-07:00
198.06,2,10,2026-09-24 01:53:19,36.88861,-121.40315,230.0,0.5,148.0,-12.5,0.0,,0.0,0.0,0.0,11.0,-0.7,132.0,0.0,308.0,-0.1,-0.01,1.0,99.0,31.0,25.0,0.0,29.84,1615.0,0.0,0.0,150.0,0.0,0.0,0.0,0.0,0.0,0.0,0.0,0.0,0.0,0.0,0.0,0.0,-2.0,0.0,0.0,43.0,0.0,0.0,0.0,0.0,1.0,0.0,0.0,1200.0,57.0,89.0,1178.0,1177.0,14.5,2.5,0.0,2.5,24.5,0.0,0.0,41.3,0.0,0.0,9.8,45.2,39.5,0.0,0.0,0.0,0.0,151.0,577.0,146.0,549.0,153.0,560.0,153.0,573.0,0.0,0.0,-25.0,0.0,0.0,24.5,7.0,4.998,0.0,0.0,0.658,0.797,57.0,88.9,0.0,0.0,0.0,,0.0,77.0,192.2,0.0,0.0,0.0,0.0,303.8,1070.6,294.8,1020.2,307.4,1040.0,307.4,1063.4,0.0,0.0,192.02,1177.5,303.34999999999997,226.34999999999997,115.02000000000001,0.06470833333333334,159.896,0.2,0.48,0.49,401.0,True,2026-09-23 18:50:08-07:00
199.06,2,10,2026-09-24 01:53:20,36.8886,-121.40314,229.0,1.6,146.7,-12.5,0.0,,0.0,0.0,0.0,11.4,-0.8,131.3,0.0,308.0,-0.2,-0.02,1.0,99.0,14.0,25.0,0.0,29.84,1615.0,0.0,0.0,150.0,0.0,0.0,0.0,0.0,0.0,0.0,0.0,0.0,0.0,0.0,0.0,0.0,-2.0,0.0,0.0,42.0,0.0,0.0,0.0,0.0,1.0,0.0,0.0,1200.0,57.0,89.0,1161.0,1161.0,14.2,2.6,0.0,2.6,24.5,0.0,0.0,41.3,0.0,0.0,10.0,45.2,39.5,0.0,0.0,0.0,0.0,152.0,582.0,147.0,549.0,153.0,569.0,154.0,571.0,0.0,0.0,-25.0,0.0,0.0,24.5,7.0,4.998,0.0,0.0,0.658,0.791,57.2,89.0,0.0,0.0,0.0,,0.0,77.0,192.2,0.0,0.0,0.0,0.0,305.6,1079.6,296.6,1020.2,307.4,1056.2,309.2,1059.8,0.0,0.0,192.2,1161.0,304.7,227.7,115.19999999999999,0.06541666666666666,161.667,0.6153846153846154,0.48,0.49,401.0,True,2026-09-23 18:50:08-07:00
200.06,2,10,2026-09-24 01:53:21,36.8886,-121.40314,229.0,2.5,145.4,-12.5,0.0,,0.0,0.0,0.0,11.9,-0.9,130.1,0.0,308.0,-0.5,-0.01,1.0,99.0,3.0,25.0,0.0,29.84,1615.0,0.0,0.0,150.0,0.0,0.0,0.0,0.0,0.0,0.0,0.0,0.0,0.0,0.0,0.0,0.0,-2.0,0.0,0.0,42.0,0.0,0.0,0.0,0.0,1.0,0.0,0.0,1200.0,60.0,89.0,1290.0,1291.0,13.6,2.6,0.0,2.6,24.6,0.0,0.0,41.3,0.0,0.0,9.8,45.2,39.5,0.0,0.0,0.0,0.0,152.0,585.0,147.0,550.0,153.0,577.0,154.0,575.0,0.0,0.0,-25.0,0.0,0.0,24.6,7.0,4.998,0.0,0.0,0.656,0.787,59.9,89.1,0.0,0.0,0.0,,0.0,77.0,192.2,0.0,0.0,0.0,0.0,305.6,1085.0,296.6,1022.0,307.4,1070.6,309.2,1067.0,0.0,0.0,192.38,1290.5,304.7,227.7,115.38,0.06613888888888889,165.12466666666666,0.9615384615384615,0.48,0.49,401.0,True,2026-09-23 18:50:08-07:00
201.06,2,10,2026-09-24 01:53:22,36.88859,-121.40313,229.0,3.4,144.1,-12.5,0.0,,0.0,0.0,0.0,11.1,-0.7,129.3,0.0,308.0,-0.5,-0.01,1.0,99.0,8.0,25.0,0.0,29.84,1624.0,0.0,0.0,150.0,0.0,0.0,0.0,0.0,0.0,0.0,0.0,0.0,0.0,0.0,0.0,0.0,-4.0,0.0,0.0,17.0,0.0,0.0,0.0,0.0,1.0,0.0,0.0,1200.0,57.0,89.0,1189.0,1188.0,13.3,2.6,0.0,2.6,24.5,0.0,0.0,41.3,0.0,0.0,9.8,45.2,39.5,0.0,0.0,0.0,0.0,152.0,588.0,147.0,561.0,154.0,576.0,154.0,579.0,0.0,0.0,-25.0,0.0,0.0,24.5,7.0,4.998,0.0,0.0,0.656,0.785,57.1,88.9,0.0,0.0,0.0,,0.0,77.0,192.2,0.0,0.0,0.0,0.0,305.6,1090.4,296.6,1041.8,309.2,1068.8,309.2,1074.2,0.0,0.0,192.02,1188.5,305.15,228.14999999999998,115.02000000000001,0.06686111111111111,170.1003333333333,1.3076923076923077,0.48,0.49,401.0,True,2026-09-23 18:50:08-07:00
202.06,2,10,2026-09-24 01:53:23,36.88857,-121.40311,229.0,3.9,144.0,-12.5,0.0,,0.0,0.0,0.0,10.5,-0.6,129.0,0.0,308.0,-0.6,-0.01,0.9,99.0,-15.0,25.0,0.0,29.84,1624.0,0.0,0.0,150.0,0.0,0.0,0.0,0.0,0.0,0.0,0.0,0.0,0.0,0.0,0.0,0.0,5.0,0.0,0.0,-31.0,0.0,0.0,0.0,0.0,1.0,0.0,0.0,1200.0,57.0,89.0,1184.0,1185.0,13.4,2.7,0.0,2.7,24.5,0.0,0.0,41.3,0.0,0.0,10.0,45.2,39.5,0.0,0.0,0.0,0.0,153.0,589.0,147.0,567.0,154.0,577.0,154.0,582.0,0.0,0.0,-25.0,0.0,0.0,24.5,7.0,4.998,0.0,0.0,0.656,0.789,57.0,88.9,0.0,0.0,0.0,,0.0,77.0,192.2,0.0,0.0,0.0,0.0,307.4,1092.2,296.6,1052.6,309.2,1070.6,309.2,1079.6,0.0,0.0,192.02,1184.5,305.6,228.60000000000002,115.02000000000001,0.06759722222222223,176.25666666666666,1.4444444444444444,0.48,0.49,401.0,True,2026-09-23 18:50:08-07:00
203.06,2,10,2026-09-24 01:53:24,36.88856,-121.4031,229.0,4.3,142.4,-12.5,0.0,,0.0,0.0,0.0,10.7,-0.3,129.5,0.0,308.0,-0.0,-0.01,1.0,99.0,-23.0,25.0,0.0,29.84,1624.0,0.0,0.0,150.0,0.0,0.0,0.0,0.0,0.0,0.0,0.0,0.0,0.0,0.0,0.0,0.0,4.0,0.0,0.0,-30.0,0.0,0.0,0.0,0.0,1.0,0.0,0.0,1200.0,57.0,89.0,1207.0,1207.0,13.8,2.7,0.0,2.7,24.5,0.0,0.0,41.3,0.0,0.0,10.2,45.2,39.5,0.0,0.0,0.0,0.0,153.0,590.0,148.0,571.0,154.0,577.0,155.0,586.0,0.0,0.0,-25.0,0.0,0.0,24.5,7.0,4.998,0.0,0.0,0.657,0.803,57.4,88.9,0.0,0.0,0.0,,0.0,77.0,192.2,0.0,0.0,0.0,0.0,307.4,1094.0,298.4,1059.8,309.2,1070.6,311.0,1086.8,0.0,0.0,192.02,1207.0,306.5,229.5,115.02000000000001,0.06834722222222223,183.172,1.5925925925925923,0.48,0.49,401.0,True,2026-09-23 18:50:08-07:00
204.06,2,10,2026-09-24 01:53:25,36.88854,-121.40308,229.0,4.8,141.9,-12.5,0.0,,0.0,0.0,0.0,11.0,-0.2,129.9,0.0,308.0,0.3,-0.0,1.0,99.0,-21.0,25.0,0.0,29.84,1615.0,0.0,0.0,150.0,0.0,0.0,0.0,0.0,0.0,0.0,0.0,0.0,0.0,0.0,0.0,0.0,4.0,0.0,0.0,-30.0,0.0,0.0,0.0,0.0,1.0,0.0,0.0,1200.0,57.0,89.0,1198.0,1198.0,13.7,2.7,0.0,2.7,24.5,0.0,0.0,41.3,0.0,0.0,10.2,45.2,39.5,0.0,0.0,0.0,0.0,154.0,592.0,148.0,573.0,155.0,585.0,155.0,583.0,0.0,0.0,-25.0,0.0,0.0,24.5,7.0,4.998,0.0,0.0,0.657,0.796,57.1,89.0,0.0,0.0,0.0,,0.0,77.0,192.2,0.0,0.0,0.0,0.0,309.2,1097.6,298.4,1063.4,311.0,1085.0,311.0,1081.4,0.0,0.0,192.2,1198.0,307.4,230.39999999999998,115.19999999999999,0.06909722222222223,190.84633333333332,1.7777777777777777,0.48,0.49,401.0,True,2026-09-23 18:50:08-07:00
205.06,2,10,2026-09-24 01:53:26,36.88853,-121.40307,229.0,5.0,142.2,-12.5,0.0,,0.0,0.0,0.0,11.1,-0.5,130.3,0.0,308.0,0.4,-0.01,1.0,99.0,-6.0,25.0,0.0,29.84,1616.0,0.0,0.0,150.0,0.0,0.0,0.0,0.0,0.0,0.0,0.0,0.0,0.0,0.0,0.0,0.0,3.0,0.0,0.0,-30.0,0.0,0.0,0.0,0.0,1.0,0.0,0.0,1200.0,57.0,89.0,1205.0,1206.0,13.9,2.7,0.0,2.7,24.6,0.0,0.0,41.3,0.0,0.0,10.0,45.2,39.5,0.0,0.0,0.0,0.0,154.0,588.0,148.0,576.0,155.0,592.0,156.0,579.0,0.0,0.0,-25.0,0.0,0.0,24.6,7.0,4.998,0.0,0.0,0.658,0.795,57.3,89.1,0.0,0.0,0.0,,0.0,77.0,192.2,0.0,0.0,0.0,0.0,309.2,1090.4,298.4,1068.8,311.0,1097.6,312.8,1074.2,0.0,0.0,192.38,1205.5,307.84999999999997,230.84999999999997,115.38,0.06984722222222223,199.111,1.8518518518518516,0.48,0.49,401.0,True,2026-09-23 18:50:08-07:00
206.06,2,10,2026-09-24 01:53:27,36.8885,-121.40305,229.0,5.4,142.5,-12.5,0.0,,0.0,0.0,0.0,11.0,-0.7,130.9,0.0,308.0,0.5,-0.02,1.0,99.0,-29.0,25.0,0.0,29.84,1616.0,0.0,0.0,150.0,0.0,0.0,0.0,0.0,0.0,0.0,0.0,0.0,0.0,0.0,0.0,0.0,3.0,0.0,0.0,-30.0,0.0,0.0,0.0,0.0,1.0,0.0,0.0,1200.0,57.0,89.0,1204.0,1205.0,13.7,2.7,0.0,2.7,24.6,0.0,0.0,41.3,0.0,0.0,10.4,45.2,39.5,0.0,0.0,0.0,0.0,154.0,589.0,148.0,578.0,155.0,593.0,156.0,582.0,0.0,0.0,-25.0,0.0,0.0,24.6,7.0,4.998,0.0,0.0,0.656,0.8,57.3,89.0,0.0,0.0,0.0,,0.0,77.0,192.2,0.0,0.0,0.0,0.0,309.2,1092.2,298.4,1072.4,311.0,1099.4,312.8,1079.6,0.0,0.0,192.2,1204.5,307.84999999999997,230.84999999999997,115.19999999999999,0.07059722222222223,207.88166666666666,2.0,0.48,0.49,401.0,True,2026-09-23 18:50:08-07:00
207.06,2,10,2026-09-24 01:53:28,36.88848,-121.40303,229.0,5.9,145.0,-12.5,0.0,,0.0,0.0,0.0,11.1,-0.3,130.3,0.0,308.0,-0.0,-0.01,1.0,99.0,2.0,25.0,0.0,29.84,1616.0,0.0,0.0,150.0,0.0,0.0,0.0,0.0,0.0,0.0,0.0,0.0,0.0,0.0,0.0,0.0,4.0,0.0,0.0,-30.0,0.0,0.0,0.0,0.0,1.0,0.0,0.0,1200.0,58.0,89.0,1145.0,1145.0,13.5,2.7,0.0,2.7,24.6,0.0,0.0,41.3,0.0,0.0,10.9,45.2,39.5,0.0,0.0,0.0,0.0,155.0,591.0,149.0,583.0,156.0,597.0,156.0,592.0,0.0,0.0,-25.0,0.0,0.0,24.6,7.0,4.998,0.0,0.0,0.656,0.804,57.8,89.0,0.0,0.0,0.0,,0.0,77.0,192.2,0.0,0.0,0.0,0.0,311.0,1095.8,300.2,1081.4,312.8,1106.6,312.8,1097.6,0.0,0.0,192.2,1145.0,309.2,232.2,115.19999999999999,0.07134722222222223,217.41133333333332,2.185185185185185,0.48,0.49,401.0,True,2026-09-23 18:50:08-07:00
208.06,2,10,2026-09-24 01:53:29,36.88846,-121.40301,229.0,6.2,142.2,-12.5,0.0,,0.0,0.0,0.0,11.1,-0.2,131.4,0.0,308.0,0.5,-0.0,1.0,99.0,-15.0,25.0,0.0,29.84,1625.0,0.0,0.0,150.0,0.0,0.0,0.0,0.0,0.0,0.0,0.0,0.0,0.0,0.0,0.0,0.0,4.0,0.0,0.0,-30.0,0.0,0.0,0.0,0.0,1.0,0.0,0.0,1200.0,58.0,89.0,1226.0,1226.0,13.8,2.7,0.0,2.7,24.5,0.0,0.0,41.3,0.0,0.0,11.3,45.2,39.5,0.0,0.0,0.0,0.0,155.0,589.0,149.0,578.0,156.0,596.0,156.0,589.0,0.0,0.0,-25.0,0.0,0.0,24.5,7.0,4.998,0.0,0.0,0.66,0.807,57.9,88.9,0.0,0.0,0.0,,0.0,77.0,192.2,0.0,0.0,0.0,0.0,311.0,1092.2,300.2,1072.4,312.8,1104.8,312.8,1092.2,0.0,0.0,192.02,1226.0,309.2,232.2,115.02000000000001,0.07209722222222223,227.61566666666667,2.2962962962962963,0.48,0.49,401.0,True,2026-09-23 18:50:08-07:00
209.06,2,10,2026-09-24 01:53:30,36.88844,-121.40298,229.0,6.6,142.9,-12.5,0.0,,0.0,0.0,0.0,11.1,-0.1,136.1,0.0,308.0,2.9,-0.02,1.1,99.0,22.0,25.0,0.0,29.84,1625.0,0.0,0.0,150.0,0.0,0.0,0.0,0.0,0.0,0.0,0.0,0.0,0.0,0.0,0.0,0.0,4.0,0.0,0.0,-30.0,0.0,0.0,0.0,0.0,1.0,0.0,0.0,1200.0,58.0,89.0,1222.0,1221.0,13.7,2.7,0.0,2.7,24.5,0.0,0.0,41.3,0.0,0.0,11.6,45.2,39.5,0.0,0.0,0.0,0.0,155.0,590.0,149.0,578.0,156.0,596.0,156.0,588.0,0.0,0.0,-25.0,0.0,0.0,24.5,7.0,4.998,0.0,0.0,0.659,0.801,57.6,89.0,0.0,0.0,0.0,,0.0,77.0,192.2,0.0,0.0,0.0,0.0,311.0,1094.0,300.2,1072.4,312.8,1104.8,312.8,1090.4,0.0,0.0,192.2,1221.5,309.2,232.2,115.19999999999999,0.07284722222222223,238.4103333333333,2.444444444444444,0.48,0.49,401.0,True,2026-09-23 18:50:08-07:00
210.06,2,10,2026-09-24 01:53:31,36.88841,-121.40296,229.0,7.1,148.9,-12.5,0.0,,0.0,0.0,0.0,11.1,0.1,142.7,0.0,308.0,5.2,-0.05,0.9,99.0,24.0,25.0,0.0,29.84,1625.0,0.0,0.0,150.0,0.0,0.0,0.0,0.0,0.0,0.0,0.0,0.0,0.0,0.0,0.0,0.0,4.0,0.0,0.0,-31.0,0.0,0.0,0.0,0.0,1.0,0.0,0.0,1200.0,59.0,89.0,1246.0,1245.0,13.3,2.7,0.0,2.7,24.5,0.0,0.0,41.3,0.0,0.0,11.5,45.2,39.5,0.0,0.0,0.0,0.0,156.0,593.0,149.0,584.0,156.0,599.0,157.0,592.0,0.0,0.0,-25.0,0.0,0.0,24.5,7.0,4.998,0.0,0.0,0.656,0.8,59.1,89.2,0.0,0.0,0.0,,0.0,77.0,192.2,0.0,0.0,0.0,0.0,312.8,1099.4,300.2,1083.2,312.8,1110.2,314.6,1097.6,0.0,0.0,192.56,1245.5,310.1,233.10000000000002,115.56,0.07359722222222223,249.964,2.6296296296296293,0.48,0.49,401.0,True,2026-09-23 18:50:08-07:00
211.06,2,10,2026-09-24 01:53:32,36.88838,-121.40295,229.0,7.1,153.0,-12.5,0.0,,0.0,0.0,0.0,11.2,0.2,151.7,0.0,308.0,7.2,-0.04,1.1,99.0,-18.0,25.0,0.0,29.84,1625.0,0.0,0.0,150.0,0.0,0.0,0.0,0.0,0.0,0.0,0.0,0.0,0.0,0.0,0.0,0.0,-6.0,0.0,0.0,38.0,0.0,0.0,0.0,0.0,1.0,0.0,0.0,1200.0,57.0,89.0,1196.0,1196.0,13.6,2.7,0.0,2.7,24.5,0.0,0.0,41.3,0.0,0.0,10.9,45.2,39.5,0.0,0.0,0.0,0.0,156.0,594.0,149.0,584.0,156.0,597.0,157.0,586.0,0.0,0.0,-25.0,0.0,0.0,24.5,7.0,4.998,0.0,0.0,0.657,0.804,57.5,88.9,0.0,0.0,0.0,,0.0,77.0,192.2,0.0,0.0,0.0,0.0,312.8,1101.2,300.2,1083.2,312.8,1106.6,314.6,1086.8,0.0,0.0,192.02,1196.0,310.1,233.10000000000002,115.02000000000001,0.07434722222222223,261.9393333333333,2.6296296296296293,0.48,0.49,401.0,True,2026-09-23 18:50:08-07:00
212.06,2,10,2026-09-24 01:53:33,36.88835,-121.40293,229.0,7.5,165.3,-12.5,0.0,,0.0,0.0,0.0,11.0,0.3,161.4,0.0,308.0,8.9,-0.07,1.0,99.0,-14.0,25.0,0.0,29.84,1625.0,0.0,0.0,150.0,0.0,0.0,0.0,0.0,0.0,0.0,0.0,0.0,0.0,0.0,0.0,0.0,-5.0,0.0,0.0,53.0,0.0,0.0,0.0,0.0,1.0,0.0,0.0,1200.0,57.0,89.0,1190.0,1190.0,13.8,2.7,0.0,2.7,24.5,0.0,0.0,41.3,0.0,0.0,10.5,45.2,39.5,0.0,0.0,0.0,0.0,156.0,597.0,150.0,591.0,157.0,599.0,157.0,590.0,0.0,0.0,-25.0,0.0,0.0,24.5,7.0,4.998,0.0,0.0,0.657,0.813,57.2,88.8,0.0,0.0,0.0,,0.0,77.0,192.2,0.0,0.0,0.0,0.0,312.8,1106.6,302.0,1095.8,314.6,1110.2,314.6,1094.0,0.0,0.0,191.83999999999997,1190.0,311.0,234.0,114.83999999999997,0.07509722222222223,274.252,2.7777777777777777,0.48,0.49,401.0,True,2026-09-23 18:50:08-07:00
213.06,2,10,2026-09-24 01:53:34,36.88832,-121.40292,229.0,7.7,171.4,-12.5,0.0,,0.0,0.0,0.0,11.1,0.3,170.6,0.0,308.0,9.0,-0.07,0.9,99.0,-35.0,25.0,0.0,29.84,1625.0,0.0,0.0,150.0,0.0,0.0,0.0,0.0,0.0,0.0,0.0,0.0,0.0,0.0,0.0,0.0,-5.0,0.0,0.0,49.0,0.0,0.0,0.0,0.0,1.0,0.0,0.0,1200.0,57.0,89.0,1176.0,1176.0,13.6,2.6,0.0,2.6,24.6,0.0,0.0,41.3,0.0,0.0,10.3,45.2,39.5,0.0,0.0,0.0,0.0,156.0,597.0,150.0,596.0,157.0,599.0,157.0,598.0,0.0,0.0,-25.0,0.0,0.0,24.6,7.0,4.998,0.0,0.0,0.658,0.818,57.1,88.8,0.0,0.0,0.0,,0.0,77.0,192.2,0.0,0.0,0.0,0.0,312.8,1106.6,302.0,1104.8,314.6,1110.2,314.6,1108.4,0.0,0.0,191.83999999999997,1176.0,311.0,234.0,114.83999999999997,0.07583333333333334,287.0706666666667,2.9615384615384617,0.48,0.49,401.0,True,2026-09-23 18:50:08-07:00
214.06,2,10,2026-09-24 01:53:35,36.88828,-121.40292,231.0,8.0,185.6,-12.5,0.0,,0.0,0.0,0.0,11.3,0.1,179.1,0.0,308.0,8.7,-0.06,0.9,99.0,-19.0,25.0,0.0,29.84,1616.0,0.0,0.0,150.0,0.0,0.0,0.0,0.0,0.0,0.0,0.0,0.0,0.0,0.0,0.0,0.0,-5.0,0.0,0.0,47.0,0.0,0.0,0.0,0.0,1.0,0.0,0.0,1200.0,55.0,89.0,1120.0,1120.0,14.2,2.6,0.0,2.6,24.6,0.0,0.0,41.3,0.0,0.0,10.3,45.2,39.5,0.0,0.0,0.0,0.0,157.0,593.0,150.0,586.0,157.0,594.0,158.0,592.0,0.0,0.0,-25.0,0.0,0.0,24.6,7.0,4.998,0.0,0.0,0.659,0.811,55.5,88.9,0.0,0.0,0.0,,0.0,77.0,192.2,0.0,0.0,0.0,0.0,314.6,1099.4,302.0,1086.8,314.6,1101.2,316.4,1097.6,0.0,0.0,192.02,1120.0,311.9,234.89999999999998,115.02000000000001,0.07655555555555556,300.311,3.0769230769230766,0.48,0.49,401.0,True,2026-09-23 18:50:08-07:00
215.06,2,10,2026-09-24 01:53:36,36.88824,-121.40292,231.0,8.0,191.7,-12.5,0.0,,0.0,0.0,0.0,11.2,-0.1,187.2,0.0,308.0,8.3,-0.07,0.8,99.0,-25.0,25.0,0.0,29.84,1616.0,0.0,0.0,150.0,0.0,0.0,0.0,0.0,0.0,0.0,0.0,0.0,0.0,0.0,0.0,0.0,-5.0,0.0,0.0,45.0,0.0,0.0,0.0,0.0,1.0,0.0,0.0,1200.0,55.0,89.0,1109.0,1109.0,13.9,2.6,0.0,2.6,24.5,0.0,0.0,41.3,0.0,0.0,10.0,45.2,39.5,0.0,0.0,0.0,0.0,157.0,596.0,150.0,590.0,158.0,598.0,158.0,597.0,0.0,0.0,-25.0,0.0,0.0,24.5,7.0,4.998,0.0,0.0,0.659,0.807,55.4,89.0,0.0,0.0,0.0,,0.0,77.0,192.2,0.0,0.0,0.0,0.0,314.6,1104.8,302.0,1094.0,316.4,1108.4,316.4,1106.6,0.0,0.0,192.2,1109.0,312.35,235.35000000000002,115.19999999999999,0.07727777777777778,313.8043333333333,3.0769230769230766,0.48,0.49,401.0,True,2026-09-23 18:50:08-07:00
216.06,2,10,2026-09-24 01:53:37,36.88821,-121.40293,231.0,8.3,198.3,-12.5,0.0,,0.0,0.0,0.0,11.2,-0.5,195.0,0.0,308.0,7.9,-0.08,1.0,99.0,-30.0,25.0,0.0,29.84,1616.0,0.0,0.0,150.0,0.0,0.0,0.0,0.0,0.0,0.0,0.0,0.0,0.0,0.0,0.0,0.0,-5.0,0.0,0.0,54.0,0.0,0.0,0.0,0.0,1.0,0.0,0.0,1200.0,57.0,89.0,1151.0,1152.0,13.7,2.5,0.0,2.5,24.4,0.0,0.0,41.3,0.0,0.0,9.6,45.2,39.5,0.0,0.0,0.0,0.0,157.0,599.0,150.0,590.0,158.0,599.0,158.0,599.0,0.0,0.0,-25.0,0.0,0.0,24.4,7.0,4.998,0.0,0.0,0.662,0.808,56.6,88.8,0.0,0.0,0.0,,0.0,77.0,192.2,0.0,0.0,0.0,0.0,314.6,1110.2,302.0,1094.0,316.4,1110.2,316.4,1110.2,0.0,0.0,191.83999999999997,1151.5,312.35,235.35000000000002,114.83999999999997,0.07798611111111112,327.55066666666664,3.3200000000000003,0.48,0.49,401.0,True,2026-09-23 18:50:08-07:00
217.06,2,10,2026-09-24 01:53:38,36.88818,-121.40295,231.0,8.4,208.0,-12.5,0.0,,0.0,0.0,0.0,11.5,-0.3,201.5,0.0,308.0,7.2,-0.08,1.0,99.0,-32.0,25.0,0.0,29.84,1616.0,0.0,0.0,150.0,0.0,0.0,0.0,0.0,0.0,0.0,0.0,0.0,0.0,0.0,0.0,0.0,-5.0,0.0,0.0,49.0,0.0,0.0,0.0,0.0,1.0,0.0,0.0,1200.0,55.0,89.0,1107.0,1108.0,13.6,2.6,0.0,2.6,24.4,0.0,0.0,41.3,0.0,0.0,9.7,45.2,39.5,0.0,0.0,0.0,0.0,157.0,599.0,151.0,591.0,158.0,589.0,158.0,608.0,0.0,0.0,-25.0,0.0,0.0,24.4,7.0,4.998,0.0,0.0,0.66,0.817,55.4,88.8,0.0,0.0,0.0,,0.0,77.0,192.2,0.0,0.0,0.0,0.0,314.6,1110.2,303.8,1095.8,316.4,1092.2,316.4,1126.4,0.0,0.0,191.83999999999997,1107.5,312.79999999999995,235.79999999999995,114.83999999999997,0.07869444444444444,341.6343333333333,3.230769230769231,0.48,0.49,401.0,True,2026-09-23 18:50:08-07:00
218.06,2,10,2026-09-24 01:53:39,36.88814,-121.40298,230.0,8.6,213.4,-12.5,0.0,,0.0,0.0,0.0,11.6,-0.2,205.0,0.0,308.0,4.9,-0.04,1.0,99.0,-16.0,25.0,0.0,29.84,1616.0,0.0,0.0,150.0,0.0,0.0,0.0,0.0,0.0,0.0,0.0,0.0,0.0,0.0,0.0,0.0,-5.0,0.0,0.0,46.0,0.0,0.0,0.0,0.0,1.0,0.0,0.0,1200.0,54.0,89.0,1059.0,1061.0,13.9,2.6,0.0,2.6,24.3,0.0,0.0,41.3,0.0,0.0,9.7,45.2,39.5,0.0,0.0,0.0,0.0,158.0,601.0,151.0,589.0,158.0,589.0,158.0,608.0,0.0,0.0,-25.0,0.0,0.0,24.3,7.0,4.998,0.0,0.0,0.66,0.819,54.4,88.7,0.0,0.0,0.0,,0.0,77.0,192.2,0.0,0.0,0.0,0.0,316.4,1113.8,303.8,1092.2,316.4,1092.2,316.4,1126.4,0.0,0.0,191.66000000000003,1060.0,313.25,236.25,114.66000000000003,0.07941666666666666,355.971,3.3076923076923075,0.48,0.49,401.0,True,2026-09-23 18:50:08-07:00
219.06,2,10,2026-09-24 01:53:40,36.88811,-121.40301,231.0,8.8,215.9,-12.5,0.0,,0.0,0.0,0.0,11.7,0.1,210.8,0.0,308.0,5.1,-0.04,0.9,99.0,-12.0,25.0,0.0,29.84,1616.0,0.0,0.0,150.0,0.0,0.0,0.0,0.0,0.0,0.0,0.0,0.0,0.0,0.0,0.0,0.0,-5.0,0.0,0.0,46.0,0.0,0.0,0.0,0.0,1.0,0.0,0.0,1200.0,54.0,89.0,1056.0,1056.0,14.0,2.5,0.0,2.5,24.4,0.0,0.0,41.3,0.0,0.0,9.8,45.2,39.5,0.0,0.0,0.0,0.0,158.0,599.0,151.0,590.0,158.0,590.0,159.0,610.0,0.0,0.0,-25.0,0.0,0.0,24.4,7.0,4.998,0.0,0.0,0.662,0.806,54.3,88.8,0.0,0.0,0.0,,0.0,77.0,192.2,0.0,0.0,0.0,0.0,316.4,1110.2,303.8,1094.0,316.4,1094.0,318.2,1130.0,0.0,0.0,191.83999999999997,1056.0,313.69999999999993,236.69999999999993,114.83999999999997,0.080125,370.645,3.5200000000000005,0.48,0.49,401.0,True,2026-09-23 18:50:08-07:00
220.06,2,10,2026-09-24 01:53:41,36.88808,-121.40304,231.0,8.6,225.1,-12.5,0.0,,0.0,0.0,0.0,11.4,0.1,215.0,0.0,308.0,4.8,-0.06,1.0,99.0,5.0,25.0,0.0,29.84,1616.0,0.0,0.0,150.0,0.0,0.0,0.0,0.0,0.0,0.0,0.0,0.0,0.0,0.0,0.0,0.0,-5.0,0.0,0.0,44.0,0.0,0.0,0.0,0.0,1.0,0.0,0.0,1200.0,55.0,89.0,1097.0,1099.0,13.9,2.5,0.0,2.5,24.5,0.0,0.0,41.3,0.0,0.0,9.8,45.2,39.5,0.0,0.0,0.0,0.0,158.0,599.0,151.0,586.0,159.0,589.0,159.0,606.0,0.0,0.0,-25.0,0.0,0.0,24.5,7.0,4.998,0.0,0.0,0.659,0.801,55.2,89.0,0.0,0.0,0.0,,0.0,77.0,192.2,0.0,0.0,0.0,0.0,316.4,1110.2,303.8,1086.8,318.2,1092.2,318.2,1122.8,0.0,0.0,192.2,1098.0,314.15,237.14999999999998,115.19999999999999,0.08081944444444444,385.31899999999996,3.44,0.48,0.49,401.0,True,2026-09-23 18:50:08-07:00
221.06,2,10,2026-09-24 01:53:42,36.88805,-121.40307,230.0,8.6,227.3,-12.5,0.0,,0.0,0.0,0.0,11.4,0.2,216.7,0.0,308.0,2.8,-0.02,1.0,99.0,-7.0,25.0,0.0,29.84,1616.0,0.0,0.0,150.0,0.0,0.0,0.0,0.0,0.0,0.0,0.0,0.0,0.0,0.0,0.0,0.0,-4.0,0.0,0.0,42.0,0.0,0.0,0.0,0.0,1.0,0.0,0.0,1200.0,50.0,89.0,883.0,883.0,13.6,2.4,0.0,2.4,24.5,0.0,0.0,41.3,0.0,0.0,9.6,45.2,39.5,0.0,0.0,0.0,0.0,158.0,588.0,151.0,583.0,159.0,591.0,159.0,607.0,0.0,0.0,-25.0,0.0,0.0,24.5,7.0,4.998,0.0,0.0,0.658,0.793,50.3,88.8,0.0,0.0,0.0,,0.0,77.0,192.2,0.0,0.0,0.0,0.0,316.4,1090.4,303.8,1081.4,318.2,1095.8,318.2,1124.6,0.0,0.0,191.83999999999997,883.0,314.15,237.14999999999998,114.83999999999997,0.0815,399.8243333333333,3.5833333333333335,0.48,0.49,401.0,True,2026-09-23 18:50:08-07:00
222.06,2,10,2026-09-24 01:53:43,36.88803,-121.40311,230.0,8.5,227.8,-12.5,0.0,,0.0,0.0,0.0,11.4,0.2,218.2,0.0,308.0,1.9,-0.01,1.2,99.0,-5.0,25.0,0.0,29.84,1616.0,0.0,0.0,150.0,0.0,0.0,0.0,0.0,0.0,0.0,0.0,0.0,0.0,0.0,0.0,0.0,-3.0,0.0,0.0,50.0,0.0,0.0,0.0,0.0,1.0,0.0,0.0,1200.0,53.0,89.0,1042.0,1042.0,15.3,2.4,0.0,2.4,24.6,0.0,0.0,41.3,0.0,0.0,9.5,45.2,39.5,0.0,0.0,0.0,0.0,158.0,585.0,151.0,573.0,159.0,584.0,159.0,600.0,0.0,0.0,-25.0,0.0,0.0,24.6,7.0,4.998,0.0,0.0,0.659,0.789,53.2,88.7,0.0,0.0,0.0,,0.0,77.0,192.2,0.0,0.0,0.0,0.0,316.4,1085.0,303.8,1063.4,318.2,1083.2,318.2,1112.0,0.0,0.0,191.66000000000003,1042.0,314.15,237.14999999999998,114.66000000000003,0.08216666666666667,414.2453333333333,3.541666666666667,0.48,0.49,401.0,True,2026-09-23 18:50:08-07:00
223.06,2,10,2026-09-24 01:53:44,36.888,-121.40314,230.0,8.9,231.3,-12.5,0.0,,0.0,0.0,0.0,11.4,-0.6,217.4,0.0,308.0,0.3,-0.01,0.9,99.0,-25.0,25.0,0.0,29.84,1616.0,0.0,0.0,150.0,0.0,0.0,0.0,0.0,0.0,0.0,0.0,0.0,0.0,0.0,0.0,0.0,-3.0,0.0,0.0,47.0,0.0,0.0,0.0,0.0,1.0,0.0,0.0,1200.0,58.0,89.0,1200.0,1198.0,13.9,2.4,0.0,2.4,24.5,0.0,0.0,41.3,0.0,0.0,9.4,45.2,39.5,0.0,0.0,0.0,0.0,158.0,588.0,151.0,577.0,159.0,588.0,160.0,608.0,0.0,0.0,-26.0,0.0,0.0,24.5,7.0,4.998,0.0,0.0,0.659,0.806,57.8,88.7,0.0,0.0,0.0,,0.0,77.0,192.2,0.0,0.0,0.0,0.0,316.4,1090.4,303.8,1070.6,318.2,1090.4,320.0,1126.4,0.0,0.0,191.66000000000003,1199.0,314.6,237.60000000000002,114.66000000000003,0.08283333333333334,428.9193333333333,3.7083333333333335,0.48,0.49,401.0,True,2026-09-23 18:50:08-07:00
224.06,2,10,2026-09-24 01:53:45,36.88797,-121.40318,230.0,9.2,228.1,-12.5,0.0,,0.0,0.0,0.0,11.9,-0.6,216.2,0.0,308.0,-0.8,-0.01,1.3,99.0,-19.0,25.0,0.0,29.84,1616.0,0.0,0.0,150.0,0.0,0.0,0.0,0.0,0.0,0.0,0.0,0.0,0.0,0.0,0.0,0.0,-3.0,0.0,0.0,40.0,0.0,0.0,0.0,0.0,1.0,0.0,0.0,1200.0,59.0,89.0,1245.0,1245.0,13.3,2.5,0.0,2.5,24.5,0.0,0.0,41.3,0.0,0.0,9.5,45.2,39.5,0.0,0.0,0.0,0.0,159.0,590.0,151.0,578.0,159.0,594.0,160.0,606.0,0.0,0.0,-26.0,0.0,0.0,24.5,7.0,4.998,0.0,0.0,0.659,0.807,58.6,88.7,0.0,0.0,0.0,,0.0,77.0,192.2,0.0,0.0,0.0,0.0,318.2,1094.0,303.8,1072.4,318.2,1101.2,320.0,1122.8,0.0,0.0,191.66000000000003,1245.0,315.05,238.05,114.66000000000003,0.08351388888888889,444.1836666666666,3.6799999999999997,0.48,0.49,401.0,True,2026-09-23 18:50:08-07:00
225.06,2,10,2026-09-24 01:53:46,36.88795,-121.40323,229.0,9.5,230.4,-12.5,0.0,,0.0,0.0,0.0,11.8,-1.3,210.2,0.0,308.0,-3.5,-0.01,0.6,99.0,-8.0,25.0,0.0,29.84,1616.0,0.0,0.0,150.0,0.0,0.0,0.0,0.0,0.0,0.0,0.0,0.0,0.0,0.0,0.0,0.0,-1.0,0.0,0.0,42.0,0.0,0.0,0.0,0.0,1.0,0.0,0.0,1200.0,58.0,89.0,1202.0,1202.0,13.1,2.5,0.0,2.5,24.5,0.0,0.0,41.3,0.0,0.0,9.5,45.2,39.5,0.0,0.0,0.0,0.0,159.0,593.0,152.0,583.0,160.0,596.0,160.0,607.0,0.0,0.0,-26.0,0.0,0.0,24.5,7.0,4.998,0.0,0.0,0.659,0.795,57.6,88.9,0.0,0.0,0.0,,0.0,77.0,192.2,0.0,0.0,0.0,0.0,318.2,1099.4,305.6,1081.4,320.0,1104.8,320.0,1124.6,0.0,0.0,192.02,1202.0,315.95,238.95,115.02000000000001,0.08420833333333334,459.95399999999995,3.8,0.48,0.49,401.0,True,2026-09-23 18:50:08-07:00
226.06,2,10,2026-09-24 01:53:47,36.88792,-121.40327,229.0,9.8,219.9,-12.5,0.0,,0.0,0.0,0.0,11.9,-1.3,199.6,0.0,308.0,-8.1,0.09,1.0,99.0,-10.0,25.0,0.0,29.84,1615.0,0.0,0.0,150.0,0.0,0.0,0.0,0.0,0.0,0.0,0.0,0.0,0.0,0.0,0.0,0.0,0.0,0.0,0.0,42.0,0.0,0.0,0.0,0.0,1.0,0.0,0.0,1200.0,57.0,89.0,1202.0,1202.0,13.0,2.5,0.0,2.5,24.5,0.0,0.0,41.3,0.0,0.0,9.2,45.2,39.5,0.0,0.0,0.0,0.0,159.0,595.0,152.0,586.0,160.0,597.0,160.0,605.0,0.0,0.0,-26.0,0.0,0.0,24.5,7.0,4.998,0.0,0.0,0.658,0.791,57.0,88.8,0.0,0.0,0.0,,0.0,77.0,192.2,0.0,0.0,0.0,0.0,318.2,1103.0,305.6,1086.8,320.0,1106.6,320.0,1121.0,0.0,0.0,191.83999999999997,1202.0,315.95,238.95,114.83999999999997,0.08490277777777779,476.2303333333333,3.9200000000000004,0.48,0.49,401.0,True,2026-09-23 18:50:08-07:00
227.06,2,10,2026-09-24 01:53:48,36.88788,-121.4033,230.0,9.9,211.7,-12.5,0.0,,0.0,0.0,0.0,12.0,-2.0,190.1,0.0,308.0,-8.8,0.03,1.0,99.0,-41.0,25.0,0.0,29.84,1616.0,0.0,0.0,150.0,0.0,0.0,0.0,0.0,0.0,0.0,0.0,0.0,0.0,0.0,0.0,0.0,1.0,0.0,0.0,42.0,0.0,0.0,0.0,0.0,1.0,0.0,0.0,1200.0,58.0,89.0,1229.0,1229.0,13.1,2.5,0.0,2.5,24.5,0.0,0.0,41.3,0.0,0.0,9.3,45.2,39.5,0.0,0.0,0.0,0.0,159.0,597.0,152.0,592.0,160.0,605.0,161.0,608.0,0.0,0.0,-26.0,0.0,0.0,24.5,7.0,4.998,0.0,0.0,0.658,0.797,58.0,88.7,0.0,0.0,0.0,,0.0,77.0,192.2,0.0,0.0,0.0,0.0,318.2,1106.6,305.6,1097.6,320.0,1121.0,321.8,1126.4,0.0,0.0,191.66000000000003,1229.0,316.4,239.39999999999998,114.66000000000003,0.08559722222222223,492.844,3.96,0.48,0.49,401.0,True,2026-09-23 18:50:08-07:00
228.06,2,10,2026-09-24 01:53:49,36.88784,-121.40333,231.0,9.3,200.6,-12.5,0.0,,0.0,0.0,0.0,12.3,-1.2,176.7,0.0,308.0,-11.5,0.08,1.0,99.0,-8.0,25.0,0.0,29.84,1616.0,0.0,0.0,150.0,0.0,0.0,0.0,0.0,0.0,0.0,0.0,0.0,0.0,0.0,0.0,0.0,3.0,0.0,0.0,42.0,0.0,0.0,0.0,0.0,1.0,0.0,0.0,1200.0,57.0,89.0,1167.0,1167.0,13.1,2.5,0.0,2.5,24.3,0.0,0.0,41.3,0.0,0.0,9.4,45.2,39.5,0.0,0.0,0.0,0.0,160.0,597.0,152.0,596.0,161.0,606.0,161.0,613.0,0.0,0.0,-26.0,0.0,0.0,24.3,7.0,4.998,0.0,0.0,0.659,0.796,56.5,88.7,0.0,0.0,0.0,,0.0,77.0,192.2,0.0,0.0,0.0,0.0,320.0,1106.6,305.6,1104.8,321.8,1122.8,321.8,1135.4,0.0,0.0,191.66000000000003,1167.0,317.3,240.3,114.66000000000003,0.08629166666666667,509.036,3.72,0.48,0.49,401.0,True,2026-09-23 18:50:08-07:00
229.06,2,10,2026-09-24 01:53:50,36.8878,-121.40334,231.0,9.3,188.5,-12.5,0.0,,0.0,0.0,0.0,11.4,-0.7,163.1,0.0,308.0,-12.7,0.09,0.9,99.0,2.0,25.0,0.0,29.84,1616.0,0.0,0.0,150.0,0.0,0.0,0.0,0.0,0.0,0.0,0.0,0.0,0.0,0.0,0.0,0.0,4.0,0.0,0.0,43.0,0.0,0.0,0.0,0.0,1.0,0.0,0.0,1200.0,55.0,89.0,1079.0,1080.0,13.3,2.5,0.0,2.5,24.3,0.0,0.0,41.3,0.0,0.0,9.6,45.2,39.5,0.0,0.0,0.0,0.0,160.0,597.0,152.0,596.0,161.0,606.0,161.0,614.0,0.0,0.0,-26.0,0.0,0.0,24.3,7.0,4.998,0.0,0.0,0.659,0.801,55.3,88.7,0.0,0.0,0.0,,0.0,77.0,192.2,0.0,0.0,0.0,0.0,320.0,1106.6,305.6,1104.8,321.8,1122.8,321.8,1137.2,0.0,0.0,191.66000000000003,1079.5,317.3,240.3,114.66000000000003,0.08698611111111111,524.722,3.72,0.48,0.49,401.0,True,2026-09-23 18:50:08-07:00
230.06,2,10,2026-09-24 01:53:51,36.88776,-121.40334,231.0,9.5,173.9,-12.5,0.0,,0.0,0.0,0.0,11.1,-1.1,149.9,0.0,308.0,-13.0,0.11,1.0,99.0,52.0,25.0,0.0,29.84,1625.0,0.0,0.0,150.0,0.0,0.0,0.0,0.0,0.0,0.0,0.0,0.0,0.0,0.0,0.0,0.0,4.0,0.0,0.0,44.0,0.0,0.0,0.0,0.0,1.0,0.0,0.0,1200.0,57.0,89.0,1170.0,1169.0,14.0,2.5,0.0,2.5,24.4,0.0,0.0,41.3,0.0,0.0,9.6,45.2,39.5,0.0,0.0,0.0,0.0,161.0,599.0,153.0,596.0,161.0,605.0,161.0,614.0,0.0,0.0,-26.0,0.0,0.0,24.4,7.0,4.998,0.0,0.0,0.66,0.82,56.6,88.9,0.0,0.0,0.0,,0.0,77.0,192.2,0.0,0.0,0.0,0.0,321.8,1110.2,307.4,1104.8,321.8,1121.0,321.8,1137.2,0.0,0.0,192.02,1169.5,318.2,241.2,115.02000000000001,0.08768055555555555,540.5766666666666,3.8,0.48,0.49,401.0,True,2026-09-23 18:50:08-07:00
231.06,2,10,2026-09-24 01:53:52,36.88771,-121.40333,231.0,10.0,159.4,-12.5,0.0,,0.0,0.0,0.0,11.1,-0.8,140.9,0.0,308.0,-10.8,0.08,1.0,99.0,28.0,25.0,0.0,29.84,1625.0,0.0,0.0,150.0,0.0,0.0,0.0,0.0,0.0,0.0,0.0,0.0,0.0,0.0,0.0,0.0,3.0,0.0,0.0,43.0,0.0,0.0,0.0,0.0,1.0,0.0,0.0,1200.0,57.0,89.0,1165.0,1165.0,13.8,2.5,0.0,2.5,24.4,0.0,0.0,41.3,0.0,0.0,9.3,45.2,39.5,0.0,0.0,0.0,0.0,161.0,601.0,153.0,600.0,162.0,606.0,162.0,615.0,0.0,0.0,-26.0,0.0,0.0,24.4,7.0,4.998,0.0,0.0,0.66,0.808,56.8,88.9,0.0,0.0,0.0,,0.0,77.0,192.2,0.0,0.0,0.0,0.0,321.8,1113.8,307.4,1112.0,323.6,1122.8,323.6,1139.0,0.0,0.0,192.02,1165.0,319.1,242.10000000000002,115.02000000000001,0.08837500000000001,557.0216666666666,4.0,0.48,0.49,401.0,True,2026-09-23 18:50:08-07:00
232.06,2,10,2026-09-24 01:53:53,36.88768,-121.40328,255.0,10.5,152.2,-12.5,0.0,,0.0,0.0,0.0,11.3,-0.7,133.0,0.0,308.0,-8.9,0.07,1.0,99.0,0.0,25.0,0.0,29.84,1625.0,0.0,0.0,150.0,0.0,0.0,0.0,0.0,0.0,0.0,0.0,0.0,0.0,0.0,0.0,0.0,2.0,0.0,0.0,42.0,0.0,0.0,0.0,0.0,1.0,0.0,0.0,1200.0,57.0,89.0,1206.0,1207.0,13.7,2.4,0.0,2.4,24.5,0.0,0.0,41.3,0.0,0.0,9.2,45.2,39.5,0.0,0.0,0.0,0.0,161.0,606.0,153.0,603.0,162.0,606.0,162.0,610.0,0.0,0.0,-26.0,0.0,0.0,24.5,7.0,4.998,0.0,0.0,0.659,0.803,57.4,88.7,0.0,0.0,0.0,,0.0,77.0,192.2,0.0,0.0,0.0,0.0,321.8,1122.8,307.4,1117.4,323.6,1122.8,323.6,1130.0,0.0,0.0,191.66000000000003,1206.5,319.1,242.10000000000002,114.66000000000003,0.08905555555555555,574.31,4.375,0.48,0.49,401.0,True,2026-09-23 18:50:08-07:00
233.06,2,10,2026-09-24 01:53:54,36.88763,-121.40325,255.0,11.0,143.0,-12.5,0.0,,0.0,0.0,0.0,11.2,-0.5,129.8,0.0,308.0,-5.6,0.05,0.9,99.0,2.0,25.0,0.0,29.84,1616.0,0.0,0.0,150.0,0.0,0.0,0.0,0.0,0.0,0.0,0.0,0.0,0.0,0.0,0.0,0.0,1.0,0.0,0.0,40.0,0.0,0.0,0.0,0.0,1.0,0.0,0.0,1200.0,56.0,89.0,1153.0,1152.0,13.6,2.5,0.0,2.5,24.5,0.0,0.0,41.3,0.0,0.0,9.4,45.2,39.5,0.0,0.0,0.0,0.0,161.0,607.0,153.0,604.0,162.0,604.0,162.0,611.0,0.0,0.0,-26.0,0.0,0.0,24.5,7.0,4.998,0.0,0.0,0.659,0.795,56.3,88.7,0.0,0.0,0.0,,0.0,77.0,192.2,0.0,0.0,0.0,0.0,321.8,1124.6,307.4,1119.2,323.6,1119.2,323.6,1131.8,0.0,0.0,191.66000000000003,1152.5,319.1,242.10000000000002,114.66000000000003,0.08973611111111111,592.4416666666666,4.4,0.48,0.49,401.0,True,2026-09-23 18:50:08-07:00
234.06,2,10,2026-09-24 01:53:55,36.8876,-121.40321,255.0,11.5,141.9,-12.5,0.0,,0.0,0.0,0.0,11.3,-0.3,129.0,0.0,308.0,-2.6,0.01,0.9,99.0,-29.0,25.0,0.0,29.84,1616.0,0.0,0.0,150.0,0.0,0.0,0.0,0.0,0.0,0.0,0.0,0.0,0.0,0.0,0.0,0.0,-1.0,0.0,0.0,38.0,0.0,0.0,0.0,0.0,1.0,0.0,0.0,1200.0,57.0,89.0,1145.0,1145.0,13.7,2.5,0.0,2.5,24.5,0.0,0.0,41.3,0.0,0.0,9.4,45.2,39.5,0.0,0.0,0.0,0.0,161.0,608.0,153.0,606.0,162.0,605.0,162.0,613.0,0.0,0.0,-26.0,0.0,0.0,24.5,7.0,4.998,0.0,0.0,0.658,0.803,56.8,88.7,0.0,0.0,0.0,,0.0,77.0,192.2,0.0,0.0,0.0,0.0,321.8,1126.4,307.4,1122.8,323.6,1121.0,323.6,1135.4,0.0,0.0,191.66000000000003,1145.0,319.1,242.10000000000002,114.66000000000003,0.09043055555555556,611.4166666666666,4.6,0.48,0.49,401.0,True,2026-09-23 18:50:08-07:00
235.06,2,10,2026-09-24 01:53:56,36.88755,-121.40317,255.0,11.9,139.7,-12.5,0.0,,0.0,0.0,0.0,11.3,-0.3,129.8,0.0,308.0,-0.4,-0.02,0.9,99.0,1.0,25.0,0.0,29.84,1616.0,0.0,0.0,150.0,0.0,0.0,0.0,0.0,0.0,0.0,0.0,0.0,0.0,0.0,0.0,0.0,-2.0,0.0,0.0,38.0,0.0,0.0,0.0,0.0,1.0,0.0,0.0,1200.0,57.0,89.0,1174.0,1173.0,14.6,2.4,0.0,2.4,24.5,0.0,0.0,41.3,0.0,0.0,9.5,45.2,39.5,0.0,0.0,0.0,0.0,161.0,608.0,154.0,596.0,162.0,595.0,163.0,609.0,0.0,0.0,-26.0,0.0,0.0,24.5,7.0,4.998,0.0,0.0,0.659,0.808,57.0,88.8,0.0,0.0,0.0,,0.0,77.0,192.2,0.0,0.0,0.0,0.0,321.8,1126.4,309.2,1104.8,323.6,1103.0,325.4,1128.2,0.0,0.0,191.83999999999997,1173.5,320.0,243.0,114.83999999999997,0.09111111111111111,631.1506666666667,4.958333333333334,0.48,0.49,401.0,True,2026-09-23 18:50:08-07:00
236.06,2,10,2026-09-24 01:53:57,36.88751,-121.40312,255.0,12.4,142.5,-12.5,0.0,,0.0,0.0,0.0,11.2,-0.5,130.2,0.0,308.0,0.3,-0.02,1.1,99.0,-27.0,25.0,0.0,29.84,1616.0,0.0,0.0,150.0,0.0,0.0,0.0,0.0,0.0,0.0,0.0,0.0,0.0,0.0,0.0,0.0,-2.0,0.0,0.0,38.0,0.0,0.0,0.0,0.0,1.0,0.0,0.0,1200.0,55.0,89.0,1141.0,1140.0,14.4,2.4,0.0,2.4,24.5,0.0,0.0,41.3,0.0,0.0,9.3,45.2,39.5,0.0,0.0,0.0,0.0,162.0,608.0,154.0,596.0,163.0,589.0,163.0,604.0,0.0,0.0,-26.0,0.0,0.0,24.5,7.0,4.998,0.0,0.0,0.66,0.808,55.2,88.8,0.0,0.0,0.0,,0.0,77.0,192.2,0.0,0.0,0.0,0.0,323.6,1126.4,309.2,1104.8,325.4,1092.2,325.4,1119.2,0.0,0.0,191.83999999999997,1140.5,320.9,243.89999999999998,114.83999999999997,0.09177777777777778,651.6436666666666,5.166666666666667,0.48,0.49,401.0,True,2026-09-23 18:50:08-07:00
237.06,2,10,2026-09-24 01:53:58,36.88746,-121.40308,255.0,12.9,142.2,-12.5,0.0,,0.0,0.0,0.0,11.3,-0.3,130.6,0.0,308.0,0.6,-0.03,1.0,99.0,-25.0,25.0,0.0,29.84,1616.0,0.0,0.0,150.0,0.0,0.0,0.0,0.0,0.0,0.0,0.0,0.0,0.0,0.0,0.0,0.0,-2.0,0.0,0.0,38.0,0.0,0.0,0.0,0.0,1.0,0.0,0.0,1200.0,57.0,89.0,1180.0,1179.0,13.8,2.4,0.0,2.4,24.5,0.0,0.0,41.3,0.0,0.0,9.2,45.2,39.5,0.0,0.0,0.0,0.0,162.0,609.0,154.0,600.0,163.0,591.0,163.0,607.0,0.0,0.0,-26.0,0.0,0.0,24.5,7.0,4.998,0.0,0.0,0.659,0.811,56.9,88.7,0.0,0.0,0.0,,0.0,77.0,192.2,0.0,0.0,0.0,0.0,323.6,1128.2,309.2,1112.0,325.4,1095.8,325.4,1124.6,0.0,0.0,191.66000000000003,1179.5,320.9,243.89999999999998,114.66000000000003,0.09244444444444445,672.98,5.375,0.48,0.49,401.0,True,2026-09-23 18:50:08-07:00
238.06,2,10,2026-09-24 01:53:59,36.88741,-121.40304,255.0,13.3,144.2,-12.5,0.0,,0.0,0.0,0.0,11.3,-0.8,128.0,0.0,308.0,-0.9,-0.0,1.0,99.0,-2.0,25.0,0.0,29.84,1616.0,0.0,0.0,150.0,0.0,0.0,0.0,0.0,0.0,0.0,0.0,0.0,0.0,0.0,0.0,0.0,-2.0,0.0,0.0,38.0,0.0,0.0,0.0,0.0,1.0,0.0,0.0,1200.0,56.0,89.0,1114.0,1112.0,13.7,2.5,0.0,2.5,24.5,0.0,0.0,41.3,0.0,0.0,9.2,45.2,39.5,0.0,0.0,0.0,0.0,162.0,607.0,154.0,601.0,163.0,594.0,163.0,603.0,0.0,0.0,-26.0,0.0,0.0,24.5,7.0,4.998,0.0,0.0,0.66,0.804,55.6,88.7,0.0,0.0,0.0,,0.0,77.0,192.2,0.0,0.0,0.0,0.0,323.6,1124.6,309.2,1113.8,325.4,1101.2,325.4,1117.4,0.0,0.0,191.66000000000003,1113.0,320.9,243.89999999999998,114.66000000000003,0.093125,695.0753333333333,5.32,0.48,0.49,401.0,True,2026-09-23 18:50:08-07:00
239.06,2,10,2026-09-24 01:54:00,36.88736,-121.40298,255.0,13.8,139.6,-12.5,0.0,,0.0,0.0,0.0,11.2,-0.4,126.9,0.0,308.0,-1.1,0.01,0.9,99.0,-4.0,25.0,0.0,29.84,1615.0,0.0,0.0,150.0,0.0,0.0,0.0,0.0,0.0,0.0,0.0,0.0,0.0,0.0,0.0,0.0,-2.0,0.0,0.0,37.0,0.0,0.0,0.0,0.0,1.0,0.0,0.0,1200.0,57.0,89.0,1179.0,1180.0,13.6,2.5,0.0,2.5,24.5,0.0,0.0,41.3,0.0,0.0,9.4,45.2,39.5,0.0,0.0,0.0,0.0,162.0,604.0,154.0,602.0,163.0,590.0,164.0,605.0,0.0,0.0,-26.0,0.0,0.0,24.5,7.0,4.998,0.0,0.0,0.66,0.806,56.9,88.7,0.0,0.0,0.0,,0.0,77.0,192.2,0.0,0.0,0.0,0.0,323.6,1119.2,309.2,1115.6,325.4,1094.0,327.2,1121.0,0.0,0.0,191.66000000000003,1179.5,321.35,244.35000000000002,114.66000000000003,0.09381944444444444,717.9296666666667,5.5200000000000005,0.48,0.49,401.0,True,2026-09-23 18:50:08-07:00
240.06,2,10,2026-09-24 01:54:01,36.88731,-121.40294,255.0,14.2,140.3,-12.5,0.0,,0.0,0.0,0.0,11.4,-0.6,127.6,0.0,308.0,0.0,-0.01,1.0,99.0,5.0,25.0,0.0,29.84,1616.0,0.0,0.0,150.0,0.0,0.0,0.0,0.0,0.0,0.0,0.0,0.0,0.0,0.0,0.0,0.0,-2.0,0.0,0.0,37.0,0.0,0.0,0.0,0.0,1.0,0.0,0.0,1200.0,52.0,89.0,955.0,954.0,13.2,2.5,0.0,2.5,24.6,0.0,0.0,41.3,0.0,0.0,9.5,45.2,39.5,0.0,0.0,0.0,0.0,163.0,604.0,155.0,598.0,164.0,595.0,164.0,607.0,0.0,0.0,-26.0,0.0,0.0,24.6,7.0,4.998,0.0,0.0,0.662,0.803,52.4,88.8,0.0,0.0,0.0,,0.0,77.0,192.2,0.0,0.0,0.0,0.0,325.4,1119.2,311.0,1108.4,327.2,1103.0,327.2,1124.6,0.0,0.0,191.83999999999997,954.5,322.7,245.7,114.83999999999997,0.0945138888888889,741.543,5.68,0.48,0.49,401.0,True,2026-09-23 18:50:08-07:00
241.06,2,10,2026-09-24 01:54:02,36.88726,-121.40289,255.0,14.1,140.7,-12.5,0.0,,0.0,0.0,0.0,11.3,-0.1,128.5,0.0,308.0,0.5,-0.03,1.0,99.0,0.0,25.0,0.0,29.84,1616.0,0.0,0.0,150.0,0.0,0.0,0.0,0.0,0.0,0.0,0.0,0.0,0.0,0.0,0.0,0.0,-2.0,0.0,0.0,38.0,0.0,0.0,0.0,0.0,1.0,0.0,0.0,1200.0,53.0,89.0,996.0,997.0,13.4,2.3,0.0,2.3,24.6,0.0,0.0,41.3,0.0,0.0,9.4,45.2,39.5,0.0,0.0,0.0,0.0,163.0,596.0,155.0,591.0,164.0,597.0,164.0,598.0,0.0,0.0,-26.0,0.0,0.0,24.6,7.0,4.998,0.0,0.0,0.66,0.801,52.7,88.8,0.0,0.0,0.0,,0.0,77.0,192.2,0.0,0.0,0.0,0.0,325.4,1104.8,311.0,1095.8,327.2,1106.6,327.2,1108.4,0.0,0.0,191.83999999999997,996.5,322.7,245.7,114.83999999999997,0.09518055555555556,765.4093333333333,6.130434782608696,0.48,0.49,401.0,True,2026-09-23 18:50:08-07:00
242.06,2,10,2026-09-24 01:54:03,36.88721,-121.40283,255.0,14.2,141.6,-12.5,0.0,,0.0,0.0,0.0,11.2,-0.6,127.2,0.0,308.0,-0.5,0.01,1.0,99.0,4.0,25.0,0.0,29.84,1616.0,0.0,0.0,150.0,0.0,0.0,0.0,0.0,0.0,0.0,0.0,0.0,0.0,0.0,0.0,0.0,-1.0,0.0,0.0,43.0,0.0,0.0,0.0,0.0,1.0,0.0,0.0,1200.0,51.0,89.0,919.0,920.0,13.6,2.3,0.0,2.3,24.6,0.0,0.0,41.3,0.0,0.0,9.3,45.2,39.5,0.0,0.0,0.0,0.0,163.0,595.0,155.0,587.0,164.0,590.0,164.0,598.0,0.0,0.0,-26.0,0.0,0.0,24.6,7.0,4.998,0.0,0.0,0.659,0.797,51.2,88.6,0.0,0.0,0.0,,0.0,77.0,192.2,0.0,0.0,0.0,0.0,325.4,1103.0,311.0,1088.6,327.2,1094.0,327.2,1108.4,0.0,0.0,191.48,919.5,322.7,245.7,114.47999999999999,0.09581944444444444,789.2756666666667,6.173913043478261,0.48,0.49,401.0,True,2026-09-23 18:50:08-07:00
243.06,2,10,2026-09-24 01:54:04,36.88716,-121.40278,255.0,14.1,140.7,-12.5,0.0,,0.0,0.0,0.0,11.2,-1.0,127.4,0.0,308.0,-0.0,-0.01,1.0,99.0,-2.0,25.0,0.0,29.84,1615.0,0.0,0.0,150.0,0.0,0.0,0.0,0.0,0.0,0.0,0.0,0.0,0.0,0.0,0.0,0.0,-1.0,0.0,0.0,43.0,0.0,0.0,0.0,0.0,1.0,0.0,0.0,1200.0,49.0,89.0,810.0,810.0,14.7,2.2,0.0,2.2,24.5,0.0,0.0,41.3,0.0,0.0,9.4,45.2,39.5,0.0,0.0,0.0,0.0,163.0,593.0,155.0,572.0,164.0,587.0,164.0,597.0,0.0,0.0,-26.0,0.0,0.0,24.5,7.0,4.998,0.0,0.0,0.66,0.796,49.3,88.6,0.0,0.0,0.0,,0.0,77.0,192.2,0.0,0.0,0.0,0.0,325.4,1099.4,311.0,1061.6,327.2,1088.6,327.2,1106.6,0.0,0.0,191.48,810.0,322.7,245.7,114.47999999999999,0.09644444444444444,813.1419999999999,6.409090909090908,0.48,0.49,401.0,True,2026-09-23 18:50:08-07:00
244.06,2,10,2026-09-24 01:54:05,36.88711,-121.40273,255.0,14.0,140.7,-12.5,0.0,,0.0,0.0,0.0,11.4,-0.6,127.6,0.0,308.0,0.2,-0.01,0.9,99.0,-12.0,25.0,0.0,29.84,1616.0,0.0,0.0,150.0,0.0,0.0,0.0,0.0,0.0,0.0,0.0,0.0,0.0,0.0,0.0,0.0,-1.0,0.0,0.0,44.0,0.0,0.0,0.0,0.0,1.0,0.0,0.0,1200.0,51.0,89.0,953.0,952.0,15.5,2.1,0.0,2.1,24.5,0.0,0.0,41.3,0.0,0.0,9.4,45.2,39.5,0.0,0.0,0.0,0.0,163.0,590.0,155.0,566.0,164.0,585.0,164.0,593.0,0.0,0.0,-26.0,0.0,0.0,24.5,7.0,4.998,0.0,0.0,0.662,0.803,51.3,88.6,0.0,0.0,0.0,,0.0,77.0,192.2,0.0,0.0,0.0,0.0,325.4,1094.0,311.0,1050.8,327.2,1085.0,327.2,1099.4,0.0,0.0,191.48,952.5,322.7,245.7,114.47999999999999,0.09704166666666666,836.8396666666666,6.666666666666666,0.48,0.49,401.0,True,2026-09-23 18:50:08-07:00
245.06,2,10,2026-09-24 01:54:06,36.88706,-121.40268,255.0,14.1,140.9,-12.5,0.0,,0.0,0.0,0.0,11.4,-0.8,127.6,0.0,308.0,0.0,-0.01,1.0,99.0,25.0,25.0,0.0,29.84,1616.0,0.0,0.0,150.0,0.0,0.0,0.0,0.0,0.0,0.0,0.0,0.0,0.0,0.0,0.0,0.0,-1.0,0.0,0.0,43.0,0.0,0.0,0.0,0.0,1.0,0.0,0.0,1200.0,50.0,89.0,804.0,805.0,14.0,2.1,0.0,2.1,24.6,0.0,0.0,41.3,0.0,0.0,9.4,45.2,39.5,0.0,0.0,0.0,0.0,164.0,585.0,155.0,570.0,165.0,583.0,165.0,595.0,0.0,0.0,-26.0,0.0,0.0,24.6,7.0,4.998,0.0,0.0,0.66,0.802,49.6,88.7,0.0,0.0,0.0,,0.0,77.0,192.2,0.0,0.0,0.0,0.0,327.2,1085.0,311.0,1058.0,329.0,1081.4,329.0,1103.0,0.0,0.0,191.66000000000003,804.5,324.05,247.05,114.66000000000003,0.097625,860.5373333333333,6.7142857142857135,0.48,0.49,401.0,True,2026-09-23 18:50:08-07:00
246.06,2,10,2026-09-24 01:54:07,36.88701,-121.40263,255.0,13.9,140.7,-12.5,0.0,,0.0,0.0,0.0,11.3,-0.6,127.8,0.0,308.0,0.2,-0.01,1.1,99.0,-7.0,25.0,0.0,29.84,1616.0,0.0,0.0,150.0,0.0,0.0,0.0,0.0,0.0,0.0,0.0,0.0,0.0,0.0,0.0,0.0,-1.0,0.0,0.0,43.0,0.0,0.0,0.0,0.0,1.0,0.0,0.0,1200.0,49.0,89.0,847.0,847.0,14.3,2.0,0.0,2.0,24.6,0.0,0.0,41.3,0.0,0.0,9.3,45.2,39.5,0.0,0.0,0.0,0.0,164.0,582.0,155.0,570.0,165.0,573.0,165.0,586.0,0.0,0.0,-26.0,0.0,0.0,24.6,7.0,4.998,0.0,0.0,0.66,0.803,49.5,88.7,0.0,0.0,0.0,,0.0,77.0,192.2,0.0,0.0,0.0,0.0,327.2,1079.6,311.0,1058.0,329.0,1063.4,329.0,1086.8,0.0,0.0,191.66000000000003,847.0,324.05,247.05,114.66000000000003,0.09819444444444445,884.1506666666667,6.95,0.48,0.49,401.0,True,2026-09-23 18:50:08-07:00
247.06,2,10,2026-09-24 01:54:08,36.88696,-121.40258,255.0,13.8,141.8,-12.5,0.0,,0.0,0.0,0.0,11.1,-1.3,125.8,0.0,308.0,-0.8,-0.03,1.0,99.0,18.0,25.0,0.0,29.84,1615.0,0.0,0.0,150.0,0.0,0.0,0.0,0.0,0.0,0.0,0.0,0.0,0.0,0.0,0.0,0.0,0.0,0.0,0.0,43.0,0.0,0.0,0.0,0.0,1.0,0.0,0.0,1200.0,49.0,89.0,831.0,830.0,14.2,2.0,0.0,2.0,24.5,0.0,0.0,41.3,0.0,0.0,9.1,45.2,39.5,0.0,0.0,0.0,0.0,164.0,580.0,155.0,564.0,165.0,573.0,165.0,586.0,0.0,0.0,-26.0,0.0,0.0,24.5,7.0,4.998,0.0,0.0,0.662,0.808,49.2,88.6,0.0,0.0,0.0,,0.0,77.0,192.2,0.0,0.0,0.0,0.0,327.2,1076.0,311.0,1047.2,329.0,1063.4,329.0,1086.8,0.0,0.0,191.48,830.5,324.05,247.05,114.47999999999999,0.09875,907.511,6.9,0.48,0.49,401.0,True,2026-09-23 18:50:08-07:00
248.06,2,10,2026-09-24 01:54:09,36.88691,-121.40253,252.0,13.5,136.7,-12.5,0.0,,0.0,0.0,0.0,11.2,-1.0,123.2,0.0,308.0,-2.3,0.05,1.0,99.0,-48.0,25.0,0.0,29.84,1615.0,0.0,0.0,150.0,0.0,0.0,0.0,0.0,0.0,0.0,0.0,0.0,0.0,0.0,0.0,0.0,-1.0,0.0,0.0,43.0,0.0,0.0,0.0,0.0,1.0,0.0,0.0,1200.0,49.0,89.0,899.0,903.0,14.7,1.9,0.0,1.9,24.3,0.0,0.0,41.3,0.0,0.0,9.1,45.2,39.5,0.0,0.0,0.0,0.0,164.0,576.0,155.0,556.0,165.0,565.0,165.0,581.0,0.0,0.0,-26.0,0.0,0.0,24.3,7.0,4.998,0.0,0.0,0.663,0.809,49.3,88.5,0.0,0.0,0.0,,0.0,77.0,192.2,0.0,0.0,0.0,0.0,327.2,1068.8,311.0,1032.8,329.0,1049.0,329.0,1077.8,0.0,0.0,191.3,901.0,324.05,247.05,114.30000000000001,0.09929166666666667,930.534,7.105263157894737,0.48,0.49,401.0,True,2026-09-23 18:50:08-07:00
249.06,2,10,2026-09-24 01:54:10,36.88687,-121.40248,252.0,13.4,137.0,-12.5,0.0,,0.0,0.0,0.0,11.4,-1.1,125.6,0.0,308.0,0.5,-0.03,1.0,99.0,-8.0,25.0,0.0,29.84,1615.0,0.0,0.0,150.0,0.0,0.0,0.0,0.0,0.0,0.0,0.0,0.0,0.0,0.0,0.0,0.0,-1.0,0.0,0.0,42.0,0.0,0.0,0.0,0.0,1.0,0.0,0.0,1200.0,50.0,89.0,874.0,873.0,14.2,1.9,0.0,1.9,24.5,0.0,0.0,41.3,0.0,0.0,9.2,45.2,39.5,0.0,0.0,0.0,0.0,164.0,576.0,155.0,556.0,165.0,568.0,165.0,577.0,0.0,0.0,-26.0,0.0,0.0,24.5,7.0,4.998,0.0,0.0,0.662,0.798,50.2,88.5,0.0,0.0,0.0,,0.0,77.0,192.2,0.0,0.0,0.0,0.0,327.2,1068.8,311.0,1032.8,329.0,1054.4,329.0,1070.6,0.0,0.0,191.3,873.5,324.05,247.05,114.30000000000001,0.09981944444444445,953.2196666666666,7.052631578947369,0.48,0.49,401.0,True,2026-09-23 18:50:08-07:00
250.06,2,10,2026-09-24 01:54:11,36.88682,-121.40243,252.0,13.3,139.1,-12.5,0.0,,0.0,0.0,0.0,11.4,-1.1,127.1,0.0,308.0,1.2,-0.03,1.1,99.0,-12.0,25.0,0.0,29.84,1615.0,0.0,0.0,150.0,0.0,0.0,0.0,0.0,0.0,0.0,0.0,0.0,0.0,0.0,0.0,0.0,-1.0,0.0,0.0,42.0,0.0,0.0,0.0,0.0,1.0,0.0,0.0,1200.0,51.0,89.0,876.0,877.0,14.1,1.9,0.0,1.9,24.5,0.0,0.0,41.3,0.0,0.0,9.3,45.2,39.5,0.0,0.0,0.0,0.0,164.0,578.0,155.0,548.0,166.0,568.0,165.0,580.0,0.0,0.0,-26.0,0.0,0.0,24.5,7.0,4.998,0.0,0.0,0.662,0.793,50.6,88.6,0.0,0.0,0.0,,0.0,77.0,192.2,0.0,0.0,0.0,0.0,327.2,1072.4,311.0,1018.4,330.8,1054.4,329.0,1076.0,0.0,0.0,191.48,876.5,324.5,247.5,114.47999999999999,0.10034722222222223,975.7366666666667,7.000000000000001,0.48,0.49,401.0,True,2026-09-23 18:50:08-07:00
251.06,2,10,2026-09-24 01:54:12,36.88677,-121.40237,252.0,13.2,140.0,-12.5,0.0,,0.0,0.0,0.0,11.4,-1.1,128.5,0.0,308.0,1.3,-0.03,1.0,99.0,1.0,25.0,0.0,29.84,1615.0,0.0,0.0,150.0,0.0,0.0,0.0,0.0,0.0,0.0,0.0,0.0,0.0,0.0,0.0,0.0,-1.0,0.0,0.0,43.0,0.0,0.0,0.0,0.0,1.0,0.0,0.0,1200.0,51.0,89.0,900.0,901.0,14.1,1.8,0.0,1.8,24.5,0.0,0.0,41.3,0.0,0.0,9.1,45.2,39.5,0.0,0.0,0.0,0.0,165.0,578.0,156.0,541.0,166.0,567.0,166.0,582.0,0.0,0.0,-26.0,0.0,0.0,24.5,7.0,4.998,0.0,0.0,0.662,0.796,50.5,88.7,0.0,0.0,0.0,,0.0,77.0,192.2,0.0,0.0,0.0,0.0,329.0,1072.4,312.8,1005.8,330.8,1052.6,330.8,1079.6,0.0,0.0,191.66000000000003,900.5,325.85,248.85000000000002,114.66000000000003,0.10086111111111111,998.0849999999999,7.333333333333333,0.48,0.49,401.0,True,2026-09-23 18:50:08-07:00
252.06,2,10,2026-09-24 01:54:13,36.88673,-121.40233,252.0,13.3,142.0,-12.5,0.0,,0.0,0.0,0.0,11.4,-1.1,129.1,0.0,308.0,1.0,-0.02,1.0,99.0,22.0,25.0,0.0,29.84,1615.0,0.0,0.0,150.0,0.0,0.0,0.0,0.0,0.0,0.0,0.0,0.0,0.0,0.0,0.0,0.0,-1.0,0.0,0.0,43.0,0.0,0.0,0.0,0.0,1.0,0.0,0.0,1200.0,51.0,89.0,891.0,888.0,13.5,1.8,0.0,1.8,24.6,0.0,0.0,41.3,0.0,0.0,8.9,45.2,39.5,0.0,0.0,0.0,0.0,165.0,576.0,155.0,538.0,166.0,567.0,166.0,579.0,0.0,0.0,-26.0,0.0,0.0,24.6,7.0,4.998,0.0,0.0,0.665,0.809,50.6,88.5,0.0,0.0,0.0,,0.0,77.0,192.2,0.0,0.0,0.0,0.0,329.0,1068.8,311.0,1000.4,330.8,1052.6,330.8,1074.2,0.0,0.0,191.3,889.5,325.4,248.39999999999998,114.30000000000001,0.10136111111111111,1020.4333333333333,7.388888888888889,0.48,0.49,401.0,True,2026-09-23 18:50:08-07:00
253.06,2,10,2026-09-24 01:54:14,36.88668,-121.40228,252.0,13.3,142.4,-12.5,0.0,,0.0,0.0,0.0,11.3,-0.9,129.1,0.0,308.0,0.5,-0.02,1.0,99.0,2.0,25.0,0.0,29.84,1615.0,0.0,0.0,150.0,0.0,0.0,0.0,0.0,0.0,0.0,0.0,0.0,0.0,0.0,0.0,0.0,-1.0,0.0,0.0,43.0,0.0,0.0,0.0,0.0,1.0,0.0,0.0,1200.0,50.0,89.0,834.0,835.0,13.7,1.7,0.0,1.7,24.6,0.0,0.0,41.3,0.0,0.0,8.7,45.2,39.5,0.0,0.0,0.0,0.0,165.0,576.0,156.0,532.0,166.0,568.0,166.0,577.0,0.0,0.0,-26.0,0.0,0.0,24.6,7.0,4.998,0.0,0.0,0.668,0.797,49.5,88.5,0.0,0.0,0.0,,0.0,77.0,192.2,0.0,0.0,0.0,0.0,329.0,1068.8,312.8,989.6,330.8,1054.4,330.8,1070.6,0.0,0.0,191.3,834.5,325.85,248.85000000000002,114.30000000000001,0.10184722222222223,1042.866,7.8235294117647065,0.48,0.49,401.0,True,2026-09-23 18:50:08-07:00
254.06,2,10,2026-09-24 01:54:15,36.88663,-121.40224,252.0,13.2,142.7,-12.5,0.0,,0.0,0.0,0.0,11.4,-1.2,127.7,0.0,308.0,-0.5,-0.0,1.0,99.0,-2.0,25.0,0.0,29.84,1615.0,0.0,0.0,150.0,0.0,0.0,0.0,0.0,0.0,0.0,0.0,0.0,0.0,0.0,0.0,0.0,-1.0,0.0,0.0,43.0,0.0,0.0,0.0,0.0,1.0,0.0,0.0,1200.0,49.0,89.0,862.0,863.0,14.5,1.8,0.0,1.8,24.6,0.0,0.0,41.3,0.0,0.0,8.5,45.2,39.5,0.0,0.0,0.0,0.0,165.0,576.0,156.0,524.0,166.0,562.0,166.0,575.0,0.0,0.0,-26.0,0.0,0.0,24.6,7.0,4.998,0.0,0.0,0.66,0.813,49.4,88.5,0.0,0.0,0.0,,0.0,77.0,192.2,0.0,0.0,0.0,0.0,329.0,1068.8,312.8,975.2,330.8,1043.6,330.8,1067.0,0.0,0.0,191.3,862.5,325.85,248.85000000000002,114.30000000000001,0.10233333333333333,1065.2143333333333,7.333333333333333,0.48,0.49,401.0,True,2026-09-23 18:50:08-07:00
255.06,2,10,2026-09-24 01:54:16,36.88658,-121.40218,252.0,13.1,141.6,-12.5,0.0,,0.0,0.0,0.0,11.2,-1.5,126.8,0.0,308.0,-0.8,0.0,1.0,99.0,-15.0,25.0,0.0,29.84,1615.0,0.0,0.0,150.0,0.0,0.0,0.0,0.0,0.0,0.0,0.0,0.0,0.0,0.0,0.0,0.0,-1.0,0.0,0.0,43.0,0.0,0.0,0.0,0.0,1.0,0.0,0.0,1200.0,51.0,89.0,916.0,916.0,15.0,1.8,0.0,1.8,24.6,0.0,0.0,41.3,0.0,0.0,8.4,45.2,39.5,0.0,0.0,0.0,0.0,165.0,571.0,156.0,522.0,166.0,554.0,166.0,565.0,0.0,0.0,-26.0,0.0,0.0,24.6,7.0,4.998,0.0,0.0,0.663,0.822,50.5,88.5,0.0,0.0,0.0,,0.0,77.0,192.2,0.0,0.0,0.0,0.0,329.0,1059.8,312.8,971.6,330.8,1029.2,330.8,1049.0,0.0,0.0,191.3,916.0,325.85,248.85000000000002,114.30000000000001,0.10283333333333333,1087.394,7.277777777777778,0.48,0.49,401.0,True,2026-09-23 18:50:08-07:00
256.06,2,10,2026-09-24 01:54:17,36.88653,-121.40214,253.0,13.1,139.7,-12.5,0.0,,0.0,0.0,0.0,11.6,1.1,128.9,0.0,308.0,0.7,0.01,0.9,99.0,-23.0,25.0,0.0,29.84,1615.0,0.0,0.0,150.0,0.0,0.0,0.0,0.0,0.0,0.0,0.0,0.0,0.0,0.0,0.0,0.0,-1.0,0.0,0.0,42.0,0.0,0.0,0.0,0.0,1.0,0.0,0.0,1200.0,50.0,89.0,830.0,830.0,13.9,1.7,0.0,1.7,24.6,0.0,0.0,41.3,0.0,0.0,8.3,45.2,39.5,0.0,0.0,0.0,0.0,165.0,572.0,156.0,527.0,167.0,555.0,166.0,572.0,0.0,0.0,-26.0,0.0,0.0,24.6,7.0,4.998,0.0,0.0,0.66,0.823,49.5,88.5,0.0,0.0,0.0,,0.0,77.0,192.2,0.0,0.0,0.0,0.0,329.0,1061.6,312.8,980.6,332.6,1031.0,330.8,1061.6,0.0,0.0,191.3,830.0,326.3,249.3,114.30000000000001,0.10331944444444445,1109.4893333333332,7.705882352941177,0.48,0.49,401.0,True,2026-09-23 18:50:08-07:00
257.06,2,10,2026-09-24 01:54:18,36.88649,-121.40209,253.0,12.6,140.9,-12.5,0.0,,0.0,0.0,0.0,11.8,-0.3,137.3,0.0,308.0,5.1,-0.09,1.0,99.0,-15.0,25.0,0.0,29.84,1615.0,0.0,0.0,150.0,0.0,0.0,0.0,0.0,0.0,0.0,0.0,0.0,0.0,0.0,0.0,0.0,-2.0,0.0,0.0,41.0,0.0,0.0,0.0,0.0,1.0,0.0,0.0,1200.0,49.0,89.0,847.0,845.0,14.3,1.8,0.0,1.8,24.5,0.0,0.0,41.3,0.0,0.0,8.2,45.2,39.5,0.0,0.0,0.0,0.0,166.0,574.0,156.0,526.0,167.0,557.0,166.0,573.0,0.0,0.0,-26.0,0.0,0.0,24.5,7.0,4.998,0.0,0.0,0.662,0.822,49.5,88.5,0.0,0.0,0.0,,0.0,77.0,192.2,0.0,0.0,0.0,0.0,330.8,1065.2,312.8,978.8,332.6,1034.6,330.8,1063.4,0.0,0.0,191.3,846.0,326.75,249.75,114.30000000000001,0.10380555555555555,1131.163,7.0,0.48,0.49,401.0,True,2026-09-23 18:50:08-07:00
258.06,2,10,2026-09-24 01:54:19,36.88644,-121.40205,253.0,12.3,152.3,-12.5,0.0,,0.0,0.0,0.0,11.6,-0.4,144.8,0.0,308.0,6.8,-0.1,0.9,99.0,-18.0,25.0,0.0,29.84,1615.0,0.0,0.0,150.0,0.0,0.0,0.0,0.0,0.0,0.0,0.0,0.0,0.0,0.0,0.0,0.0,-2.0,0.0,0.0,41.0,0.0,0.0,0.0,0.0,1.0,0.0,0.0,1200.0,49.0,89.0,840.0,840.0,14.4,1.8,0.0,1.8,24.5,0.0,0.0,41.3,0.0,0.0,8.2,45.2,39.5,0.0,0.0,0.0,0.0,166.0,575.0,156.0,520.0,167.0,558.0,167.0,570.0,0.0,0.0,-26.0,0.0,0.0,24.5,7.0,4.998,0.0,0.0,0.66,0.809,49.4,88.5,0.0,0.0,0.0,,0.0,77.0,192.2,0.0,0.0,0.0,0.0,330.8,1067.0,312.8,968.0,332.6,1036.4,332.6,1058.0,0.0,0.0,191.3,840.0,327.2,250.2,114.30000000000001,0.10430555555555555,1152.162,6.833333333333334,0.48,0.49,401.0,True,2026-09-23 18:50:08-07:00
259.06,2,10,2026-09-24 01:54:20,36.88639,-121.40202,253.0,12.2,158.3,-12.5,0.0,,0.0,0.0,0.0,11.2,-0.2,150.3,0.0,308.0,6.1,-0.09,1.0,99.0,-14.0,25.0,0.0,29.84,1615.0,0.0,0.0,150.0,0.0,0.0,0.0,0.0,0.0,0.0,0.0,0.0,0.0,0.0,0.0,0.0,-1.0,0.0,0.0,41.0,0.0,0.0,0.0,0.0,1.0,0.0,0.0,1200.0,50.0,89.0,889.0,888.0,14.2,1.8,0.0,1.8,24.6,0.0,0.0,41.3,0.0,0.0,8.1,45.2,39.5,0.0,0.0,0.0,0.0,166.0,573.0,156.0,523.0,167.0,558.0,167.0,557.0,0.0,0.0,-26.0,0.0,0.0,24.6,7.0,4.998,0.0,0.0,0.66,0.809,50.3,88.5,0.0,0.0,0.0,,0.0,77.0,192.2,0.0,0.0,0.0,0.0,330.8,1063.4,312.8,973.4,332.6,1036.4,332.6,1034.6,0.0,0.0,191.3,888.5,327.2,250.2,114.30000000000001,0.10480555555555555,1172.8236666666667,6.777777777777777,0.48,0.49,401.0,True,2026-09-23 18:50:08-07:00
260.06,2,10,2026-09-24 01:54:21,36.88634,-121.402,253.0,10.7,165.8,-12.5,0.0,,0.0,0.0,0.0,11.1,-0.7,149.5,0.0,308.0,2.2,-0.03,1.0,99.0,2.0,25.0,0.0,29.84,1615.0,0.0,0.0,150.0,0.0,0.0,0.0,0.0,0.0,0.0,0.0,0.0,0.0,0.0,0.0,0.0,-1.0,0.0,0.0,41.0,0.0,0.0,0.0,0.0,1.0,0.0,0.0,1200.0,50.0,89.0,864.0,866.0,14.2,1.8,0.0,1.8,24.6,0.0,0.0,41.3,0.0,0.0,8.1,45.2,39.5,0.0,0.0,0.0,0.0,166.0,573.0,156.0,527.0,167.0,550.0,167.0,554.0,0.0,0.0,-26.0,0.0,0.0,24.6,7.0,4.998,0.0,0.0,0.66,0.813,50.3,88.5,0.0,0.0,0.0,,0.0,77.0,192.2,0.0,0.0,0.0,0.0,330.8,1063.4,312.8,980.6,332.6,1022.0,332.6,1029.2,0.0,0.0,191.3,865.0,327.2,250.2,114.30000000000001,0.10530555555555556,1192.136,5.944444444444444,0.48,0.49,401.0,True,2026-09-23 18:50:08-07:00
261.06,2,10,2026-09-24 01:54:22,36.88629,-121.40199,253.0,8.6,161.1,-12.5,0.0,,0.0,0.0,0.0,11.0,-0.6,151.7,0.0,308.0,1.8,-0.01,1.0,99.0,39.0,25.0,0.0,29.84,1615.0,0.0,0.0,150.0,0.0,0.0,0.0,0.0,0.0,0.0,0.0,0.0,0.0,0.0,0.0,0.0,-1.0,0.0,0.0,41.0,0.0,0.0,0.0,0.0,1.0,0.0,0.0,1200.0,49.0,89.0,823.0,824.0,14.1,1.7,0.0,1.7,24.6,0.0,0.0,41.3,0.0,0.0,8.1,45.2,39.5,0.0,0.0,0.0,0.0,166.0,571.0,156.0,534.0,168.0,544.0,167.0,556.0,0.0,0.0,-26.0,0.0,0.0,24.6,7.0,4.998,0.0,0.0,0.665,0.808,49.5,88.5,0.0,0.0,0.0,,0.0,77.0,192.2,0.0,0.0,0.0,0.0,330.8,1059.8,312.8,993.2,334.4,1011.2,332.6,1032.8,0.0,0.0,191.3,823.5,327.65,250.64999999999998,114.30000000000001,0.10579166666666667,1208.4123333333332,5.0588235294117645,0.48,0.49,401.0,True,2026-09-23 18:50:08-07:00
262.06,2,10,2026-09-24 01:54:23,36.88626,-121.40197,254.0,5.8,165.9,-12.5,0.0,,0.0,0.0,0.0,11.3,-0.6,153.8,0.0,308.0,2.1,-0.04,0.7,99.0,-15.0,25.0,0.0,29.84,1615.0,0.0,0.0,150.0,0.0,0.0,0.0,0.0,0.0,0.0,0.0,0.0,0.0,0.0,0.0,0.0,-1.0,0.0,0.0,42.0,0.0,0.0,0.0,0.0,1.0,0.0,0.0,1200.0,51.0,89.0,887.0,887.0,14.7,1.8,0.0,1.8,24.6,0.0,0.0,41.3,0.0,0.0,8.2,45.2,39.5,0.0,0.0,0.0,0.0,166.0,572.0,156.0,530.0,168.0,547.0,167.0,559.0,0.0,0.0,-26.0,0.0,0.0,24.6,7.0,4.998,0.0,0.0,0.659,0.819,50.7,88.5,0.0,0.0,0.0,,0.0,77.0,192.2,0.0,0.0,0.0,0.0,330.8,1061.6,312.8,986.0,334.4,1016.6,332.6,1038.2,0.0,0.0,191.3,887.0,327.65,250.64999999999998,114.30000000000001,0.10627777777777778,1220.5563333333332,3.222222222222222,0.48,0.49,401.0,True,2026-09-23 18:50:08-07:00
263.06,2,10,2026-09-24 01:54:24,36.88624,-121.40197,253.0,3.2,166.8,-12.5,0.0,,0.0,0.0,0.0,11.5,-0.7,153.4,0.0,308.0,0.6,-0.01,1.1,99.0,-14.0,25.0,0.0,29.84,1615.0,0.0,0.0,150.0,0.0,0.0,0.0,0.0,0.0,0.0,0.0,0.0,0.0,0.0,0.0,0.0,-1.0,0.0,0.0,42.0,0.0,0.0,0.0,0.0,1.0,0.0,0.0,1200.0,52.0,89.0,944.0,944.0,13.3,1.7,0.0,1.7,24.7,0.0,0.0,41.3,0.0,0.0,8.1,45.2,39.5,0.0,0.0,0.0,0.0,167.0,571.0,157.0,530.0,168.0,548.0,167.0,561.0,0.0,0.0,-26.0,0.0,0.0,24.7,7.0,4.998,0.0,0.0,0.657,0.804,51.9,88.6,0.0,0.0,0.0,,0.0,77.0,192.2,0.0,0.0,0.0,0.0,332.6,1059.8,314.6,986.0,334.4,1018.4,332.6,1041.8,0.0,0.0,191.48,944.0,328.55,251.55,114.47999999999999,0.1067638888888889,1228.1463333333334,1.8823529411764708,0.48,0.49,401.0,True,2026-09-23 18:50:08-07:00
264.06,2,10,2026-09-24 01:54:25,36.88623,-121.40196,253.0,0.9,165.5,-12.5,0.0,,0.0,0.0,0.0,11.5,-0.7,154.1,0.0,308.0,0.5,-0.02,1.1,99.0,-19.0,25.0,0.0,29.84,1615.0,0.0,0.0,150.0,0.0,0.0,0.0,0.0,0.0,0.0,0.0,0.0,0.0,0.0,0.0,0.0,-1.0,0.0,0.0,40.0,0.0,0.0,0.0,0.0,1.0,0.0,0.0,1200.0,51.0,89.0,918.0,918.0,13.1,1.7,0.0,1.7,24.7,0.0,0.0,41.3,0.0,0.0,8.1,45.2,39.5,0.0,0.0,0.0,0.0,167.0,570.0,157.0,532.0,168.0,552.0,168.0,564.0,0.0,0.0,-26.0,0.0,0.0,24.7,7.0,4.998,0.0,0.0,0.656,0.802,51.4,88.6,0.0,0.0,0.0,,0.0,77.0,192.2,0.0,0.0,0.0,0.0,332.6,1058.0,314.6,989.6,334.4,1025.6,334.4,1047.2,0.0,0.0,191.48,918.0,329.0,252.0,114.47999999999999,0.10723611111111112,1231.604,0.5294117647058824,0.48,0.49,401.0,True,2026-09-23 18:50:08-07:00
265.06,2,10,2026-09-24 01:54:26,36.88623,-121.40196,253.0,0.3,165.5,-12.5,0.0,,0.0,0.0,0.0,10.9,-0.8,154.4,0.0,308.0,0.3,-0.01,1.0,99.0,-6.0,25.0,0.0,29.84,1615.0,0.0,0.0,150.0,0.0,0.0,0.0,0.0,0.0,0.0,0.0,0.0,0.0,0.0,0.0,0.0,-1.0,0.0,0.0,54.0,0.0,0.0,0.0,0.0,1.0,0.0,0.0,1200.0,51.0,89.0,867.0,866.0,13.3,1.7,0.0,1.7,24.4,0.0,0.0,41.3,0.0,0.0,8.1,45.2,39.5,0.0,0.0,0.0,0.0,167.0,570.0,157.0,531.0,168.0,554.0,168.0,566.0,0.0,0.0,-26.0,0.0,0.0,24.4,7.0,4.998,0.0,0.0,0.658,0.812,51.2,88.6,0.0,0.0,0.0,,0.0,77.0,192.2,0.0,0.0,0.0,0.0,332.6,1058.0,314.6,987.8,334.4,1029.2,334.4,1050.8,0.0,0.0,191.48,866.5,329.0,252.0,114.47999999999999,0.10770833333333334,1232.616,0.17647058823529413,0.48,0.49,401.0,True,2026-09-23 18:50:08-07:00
266.06,2,10,2026-09-24 01:54:27,36.88623,-121.40196,253.0,0.1,165.5,-12.5,0.0,,0.0,0.0,0.0,10.5,-0.9,154.8,0.0,308.0,0.1,-0.02,1.0,99.0,-18.0,25.0,0.0,29.84,1615.0,0.0,0.0,150.0,0.0,0.0,0.0,0.0,0.0,0.0,0.0,0.0,0.0,0.0,0.0,0.0,-1.0,0.0,0.0,54.0,0.0,0.0,0.0,0.0,1.0,0.0,0.0,1200.0,59.0,89.0,1303.0,1303.0,16.5,1.9,0.0,1.9,23.4,0.0,0.0,41.3,0.0,0.0,7.8,45.2,39.5,0.0,0.0,0.0,0.0,167.0,572.0,157.0,532.0,169.0,553.0,168.0,563.0,0.0,0.0,-26.0,0.0,0.0,23.4,7.0,4.998,0.0,0.0,0.66,0.814,59.1,88.5,0.0,0.0,0.0,,0.0,77.0,192.2,0.0,0.0,0.0,0.0,332.6,1061.6,314.6,989.6,336.2,1027.4,334.4,1045.4,0.0,0.0,191.3,1303.0,329.45,252.45,114.30000000000001,0.10820833333333334,1232.9533333333334,0.052631578947368425,0.48,0.49,401.0,True,2026-09-23 18:50:08-07:00
267.06,2,10,2026-09-24 01:54:28,36.88623,-121.40196,253.0,0.1,165.5,-12.5,0.0,,0.0,0.0,0.0,10.5,-0.8,155.1,0.0,308.0,0.1,-0.02,1.0,99.0,31.0,25.0,0.0,29.84,1615.0,0.0,0.0,150.0,0.0,0.0,0.0,0.0,0.0,0.0,0.0,0.0,0.0,0.0,0.0,0.0,-1.0,0.0,0.0,54.0,0.0,0.0,0.0,0.0,1.0,0.0,0.0,1200.0,61.0,89.0,1344.0,1345.0,15.0,2.2,0.0,2.2,23.9,0.0,0.0,41.3,0.0,0.0,7.7,45.2,39.5,0.0,0.0,0.0,0.0,167.0,583.0,157.0,545.0,169.0,569.0,168.0,575.0,0.0,0.0,-26.0,0.0,0.0,23.9,7.0,4.998,0.0,0.0,0.658,0.814,61.3,88.6,0.0,0.0,0.0,,0.0,77.0,192.2,0.0,0.0,0.0,0.0,332.6,1081.4,314.6,1013.0,336.2,1056.2,334.4,1067.0,0.0,0.0,191.48,1344.5,329.45,252.45,114.47999999999999,0.10877777777777778,1233.1219999999998,0.045454545454545456,0.48,0.49,401.0,True,2026-09-23 18:50:08-07:00
268.06,2,10,2026-09-24 01:54:29,36.88623,-121.40196,253.0,0.1,165.5,-12.5,0.0,,0.0,0.0,0.0,10.6,-0.9,155.2,0.0,308.0,0.1,-0.01,1.0,99.0,25.0,25.0,0.0,29.84,1614.0,0.0,0.0,150.0,0.0,0.0,0.0,0.0,0.0,0.0,0.0,0.0,0.0,0.0,0.0,0.0,-1.0,0.0,0.0,54.0,0.0,0.0,0.0,0.0,1.0,0.0,0.0,1200.0,63.0,89.0,1452.0,1452.0,15.8,2.6,0.0,2.6,23.8,0.0,0.0,41.3,0.0,0.0,7.8,45.2,39.5,0.0,0.0,0.0,0.0,168.0,595.0,157.0,557.0,169.0,579.0,168.0,587.0,0.0,0.0,-26.0,0.0,0.0,23.8,7.0,4.998,0.0,0.0,0.66,0.824,63.2,88.6,0.0,0.0,0.0,,0.0,77.0,192.2,0.0,0.0,0.0,0.0,334.4,1103.0,314.6,1034.6,336.2,1074.2,334.4,1088.6,0.0,0.0,191.48,1452.0,329.9,252.89999999999998,114.47999999999999,0.10944444444444444,1233.2906666666665,0.038461538461538464,0.48,0.49,401.0,True,2026-09-23 18:50:08-07:00
269.06,2,10,2026-09-24 01:54:30,36.88623,-121.40196,254.0,0.1,165.5,-12.5,0.0,,0.0,0.0,0.0,10.7,-1.0,155.3,0.0,308.0,0.0,-0.02,1.0,99.0,22.0,25.0,0.0,29.84,1614.0,0.0,0.0,150.0,0.0,0.0,0.0,0.0,0.0,0.0,0.0,0.0,0.0,0.0,0.0,0.0,-1.0,0.0,0.0,52.0,0.0,0.0,0.0,0.0,1.0,0.0,0.0,1200.0,68.0,89.0,1631.0,1632.0,16.9,3.0,0.0,3.0,23.9,0.0,0.0,41.3,0.0,0.0,7.7,45.2,39.5,0.0,0.0,0.0,0.0,168.0,604.0,158.0,565.0,170.0,583.0,169.0,598.0,0.0,0.0,-26.0,0.0,0.0,23.9,7.0,4.998,0.0,0.0,0.66,0.824,68.1,88.6,0.0,0.0,4.0,R,0.0,77.0,192.2,0.0,0.0,0.0,0.0,334.4,1119.2,316.4,1049.0,338.0,1081.4,336.2,1108.4,0.0,0.0,191.48,1631.5,331.25,254.25,114.47999999999999,0.11022222222222222,1233.4593333333332,0.03333333333333333,0.48,0.49,401.0,True,2026-09-23 18:50:08-07:00
270.06,2,10,2026-09-24 01:54:31,36.88623,-121.40196,254.0,0.1,165.5,-12.5,0.0,,0.0,0.0,0.0,10.7,-1.1,155.3,0.0,308.0,0.0,-0.02,1.0,99.0,5.0,25.0,0.0,29.84,1614.0,0.0,0.0,150.0,0.0,0.0,0.0,0.0,0.0,0.0,0.0,0.0,0.0,0.0,0.0,0.0,-1.0,0.0,0.0,51.0,0.0,0.0,0.0,0.0,1.0,0.0,0.0,1200.0,69.0,89.0,1685.0,1686.0,16.6,3.3,0.0,3.3,24.1,0.0,0.0,41.3,0.0,0.0,7.7,45.2,39.5,0.0,0.0,0.0,0.0,169.0,611.0,158.0,577.0,170.0,595.0,169.0,609.0,0.0,0.0,-26.0,0.0,0.0,24.1,7.0,4.998,0.0,0.0,0.662,0.835,69.4,88.7,0.0,0.0,9.0,R,0.0,77.0,192.2,0.0,0.0,0.0,0.0,336.2,1131.8,316.4,1070.6,338.0,1103.0,336.2,1128.2,0.0,0.0,191.66000000000003,1685.5,331.7,254.7,114.66000000000003,0.11109722222222222,1233.628,0.030303030303030307,0.48,0.49,401.0,True,2026-09-23 18:50:08-07:00
271.06,2,10,2026-09-24 01:54:32,36.88623,-121.40196,254.0,0.0,165.5,-12.5,0.0,,0.0,0.0,0.0,10.8,-1.2,155.2,0.0,308.0,0.0,-0.01,1.0,99.0,26.0,25.0,0.0,29.84,1614.0,0.0,0.0,150.0,0.0,0.0,0.0,0.0,0.0,0.0,0.0,0.0,0.0,0.0,0.0,0.0,-1.0,0.0,0.0,52.0,0.0,0.0,0.0,0.0,1.0,0.0,0.0,1200.0,70.0,89.0,1718.0,1717.0,16.6,3.6,0.0,3.6,24.2,0.0,0.0,41.3,0.0,0.0,7.6,45.2,39.5,0.0,0.0,0.0,0.0,169.0,618.0,158.0,587.0,170.0,606.0,170.0,619.0,0.0,0.0,-26.0,0.0,0.0,24.2,7.0,4.998,0.0,0.0,0.663,0.842,69.8,88.7,0.0,0.0,11.0,R,0.0,77.0,192.2,0.0,0.0,0.0,0.0,336.2,1144.4,316.4,1088.6,338.0,1122.8,338.0,1146.2,0.0,0.0,191.66000000000003,1717.5,332.15,255.14999999999998,114.66000000000003,0.11205555555555556,1233.7123333333334,0.0,0.48,0.49,401.0,True,2026-09-23 18:50:08-07:00
272.06,2,10,2026-09-24 01:54:33,36.88623,-121.40196,254.0,0.0,165.5,-12.5,0.0,,0.0,0.0,0.0,10.9,-1.1,155.2,0.0,308.0,0.1,-0.02,0.9,99.0,35.0,25.0,0.0,29.84,1614.0,0.0,0.0,150.0,0.0,0.0,0.0,0.0,0.0,0.0,0.0,0.0,0.0,0.0,0.0,0.0,-1.0,0.0,0.0,53.0,0.0,0.0,0.0,0.0,1.0,0.0,0.0,1200.0,71.0,89.0,1793.0,1792.0,16.7,3.8,0.0,3.8,24.2,0.0,0.0,41.3,0.0,0.0,7.6,45.2,39.5,0.0,0.0,0.0,0.0,170.0,624.0,158.0,597.0,171.0,618.0,170.0,628.0,0.0,0.0,-26.0,0.0,0.0,24.2,7.0,4.998,0.0,0.0,0.663,0.836,71.3,88.7,0.0,0.0,12.0,R,0.0,77.0,192.2,0.0,0.0,0.0,0.0,338.0,1155.2,316.4,1106.6,339.8,1144.4,338.0,1162.4,0.0,0.0,191.66000000000003,1792.5,333.04999999999995,256.04999999999995,114.66000000000003,0.11308333333333334,1233.7123333333334,0.0,0.48,0.49,401.0,True,2026-09-23 18:50:08-07:00
273.06,2,10,2026-09-24 01:54:34,36.88623,-121.40196,254.0,0.0,165.5,-12.5,0.0,,0.0,0.0,0.0,11.0,-1.1,155.2,0.0,308.0,0.1,-0.02,1.0,99.0,-22.0,25.0,0.0,29.84,1614.0,0.0,0.0,150.0,0.0,0.0,0.0,0.0,0.0,0.0,0.0,0.0,0.0,0.0,0.0,0.0,-1.0,0.0,0.0,51.0,0.0,0.0,0.0,0.0,1.0,0.0,0.0,1200.0,72.0,89.0,1819.0,1817.0,16.8,4.1,0.0,4.1,24.2,0.0,0.0,41.3,0.0,0.0,7.7,45.2,39.5,0.0,0.0,0.0,0.0,170.0,631.0,159.0,606.0,171.0,631.0,170.0,638.0,0.0,0.0,-26.0,0.0,0.0,24.2,7.0,4.996,0.0,0.0,0.663,0.842,71.8,88.7,0.0,0.0,14.0,R,0.0,77.0,192.2,0.0,0.0,0.0,0.0,338.0,1167.8,318.2,1122.8,339.8,1167.8,338.0,1180.4,0.0,0.0,191.66000000000003,1818.0,333.5,256.5,114.66000000000003,0.11418055555555556,1233.7123333333334,0.0,0.48,0.49,401.0,True,2026-09-23 18:50:08-07:00
274.06,2,10,2026-09-24 01:54:35,36.88623,-121.40196,254.0,0.1,165.5,-12.5,0.0,,0.0,0.0,0.0,11.1,-1.0,155.1,0.0,308.0,0.0,-0.02,0.9,99.0,13.0,25.0,0.0,29.84,1614.0,0.0,0.0,150.0,0.0,0.0,0.0,0.0,0.0,0.0,0.0,0.0,0.0,0.0,0.0,0.0,-1.0,0.0,0.0,51.0,0.0,0.0,0.0,0.0,1.0,0.0,0.0,1200.0,71.0,89.0,1771.0,1769.0,17.0,4.3,0.0,4.3,24.2,0.0,0.0,41.3,0.0,0.0,7.7,45.2,39.5,0.0,0.0,0.0,0.0,170.0,637.0,159.0,612.0,172.0,637.0,171.0,642.0,0.0,0.0,-26.0,0.0,0.0,24.2,7.0,4.998,0.0,0.0,0.664,0.867,70.8,88.7,0.0,0.0,15.0,R,0.0,77.0,192.2,0.0,0.0,0.0,0.0,338.0,1178.6,318.2,1133.6,341.6,1178.6,339.8,1187.6,0.0,0.0,191.66000000000003,1770.0,334.40000000000003,257.40000000000003,114.66000000000003,0.11534722222222223,1233.7966666666666,0.023255813953488375,0.48,0.49,401.0,True,2026-09-23 18:50:08-07:00
275.06,2,10,2026-09-24 01:54:36,36.88623,-121.40196,254.0,0.0,165.5,-12.5,0.0,,0.0,0.0,0.0,11.1,-1.1,155.0,0.0,308.0,-0.0,-0.01,1.0,99.0,13.0,25.0,0.0,29.84,1614.0,0.0,0.0,150.0,0.0,0.0,0.0,0.0,0.0,0.0,0.0,0.0,0.0,0.0,0.0,0.0,-1.0,0.0,0.0,50.0,0.0,0.0,0.0,0.0,1.0,0.0,0.0,1200.0,68.0,89.0,1671.0,1674.0,17.7,4.4,0.0,4.4,24.1,0.0,0.0,41.3,0.0,0.0,7.7,45.2,39.5,0.0,0.0,0.0,0.0,171.0,647.0,159.0,623.0,172.0,643.0,171.0,651.0,0.0,0.0,-26.0,0.0,0.0,24.1,7.0,4.998,0.0,0.0,0.662,0.822,68.2,88.7,0.0,0.0,14.0,R,0.0,77.0,192.2,0.0,0.0,0.0,0.0,339.8,1196.6,318.2,1153.4,341.6,1189.4,339.8,1203.8,0.0,0.0,191.66000000000003,1672.5,334.85,257.85,114.66000000000003,0.11655555555555557,1233.8809999999999,0.0,0.48,0.49,401.0,True,2026-09-23 18:50:08-07:00
276.06,2,10,2026-09-24 01:54:37,36.88623,-121.40196,254.0,0.1,165.5,-12.5,0.0,,0.0,0.0,0.0,11.2,-1.1,155.0,0.0,308.0,0.0,-0.02,1.0,99.0,29.0,25.0,0.0,29.84,1614.0,0.0,0.0,150.0,0.0,0.0,0.0,0.0,0.0,0.0,0.0,0.0,0.0,0.0,0.0,0.0,-1.0,0.0,0.0,51.0,0.0,0.0,0.0,0.0,1.0,0.0,0.0,1200.0,71.0,89.0,1762.0,1761.0,17.5,4.5,0.0,4.5,24.3,0.0,0.0,41.3,0.0,0.0,7.7,45.2,39.5,0.0,0.0,0.0,0.0,171.0,648.0,159.0,628.0,172.0,647.0,172.0,653.0,0.0,0.0,-26.0,0.0,0.0,24.3,7.0,4.996,0.0,0.0,0.664,0.841,70.8,88.7,0.0,0.0,16.0,R,0.0,77.0,192.2,0.0,0.0,0.0,0.0,339.8,1198.4,318.2,1162.4,341.6,1196.6,341.6,1207.4,0.0,0.0,191.66000000000003,1761.5,335.3,258.3,114.66000000000003,0.11779166666666667,1233.9653333333333,0.022222222222222223,0.48,0.49,401.0,True,2026-09-23 18:50:08-07:00
277.06,2,10,2026-09-24 01:54:38,36.88623,-121.40196,254.0,0.0,165.5,-12.5,0.0,,0.0,0.0,0.0,11.2,-1.1,155.0,0.0,308.0,0.0,-0.01,1.0,99.0,45.0,25.0,0.0,29.84,1614.0,0.0,0.0,150.0,0.0,0.0,0.0,0.0,0.0,0.0,0.0,0.0,0.0,0.0,0.0,0.0,-1.0,0.0,0.0,52.0,0.0,0.0,0.0,0.0,1.0,0.0,0.0,1200.0,69.0,89.0,1697.0,1703.0,17.3,4.6,0.0,4.6,24.2,0.0,0.0,41.3,0.0,0.0,7.7,45.2,39.5,0.0,0.0,0.0,0.0,172.0,653.0,160.0,631.0,173.0,651.0,172.0,657.0,0.0,0.0,-26.0,0.0,0.0,24.2,7.0,4.998,0.0,0.0,0.663,0.852,69.4,88.7,0.0,0.0,16.0,R,0.0,77.0,192.2,0.0,0.0,0.0,0.0,341.6,1207.4,320.0,1167.8,343.4,1203.8,341.6,1214.6,0.0,0.0,191.66000000000003,1700.0,336.65,259.65,114.66000000000003,0.11905555555555555,1234.0496666666666,0.0,0.48,0.49,401.0,True,2026-09-23 18:50:08-07:00
278.06,2,10,2026-09-24 01:54:39,36.88623,-121.40196,254.0,0.0,165.5,-12.5,0.0,,0.0,0.0,0.0,11.1,-1.1,155.0,0.0,308.0,0.0,-0.02,1.0,99.0,-17.0,25.0,0.0,29.84,1614.0,0.0,0.0,150.0,0.0,0.0,0.0,0.0,0.0,0.0,0.0,0.0,0.0,0.0,0.0,0.0,-1.0,0.0,0.0,52.0,0.0,0.0,0.0,0.0,1.0,0.0,0.0,1200.0,70.0,89.0,1751.0,1754.0,17.3,4.6,0.0,4.6,24.1,0.0,0.0,41.3,0.0,0.0,7.7,45.2,39.5,0.0,0.0,0.0,0.0,172.0,656.0,160.0,635.0,173.0,655.0,172.0,660.0,0.0,0.0,-26.0,0.0,0.0,24.1,7.0,4.996,0.0,0.0,0.663,0.857,70.4,88.7,0.0,0.0,16.0,R,0.0,77.0,192.2,0.0,0.0,0.0,0.0,341.6,1212.8,320.0,1175.0,343.4,1211.0,341.6,1220.0,0.0,0.0,191.66000000000003,1752.5,336.65,259.65,114.66000000000003,0.12033333333333333,1234.0496666666666,0.0,0.48,0.49,401.0,True,2026-09-23 18:50:08-07:00
279.06,2,10,2026-09-24 01:54:40,36.88623,-121.40196,254.0,0.1,165.5,-12.5,0.0,,0.0,0.0,0.0,11.1,-1.1,155.0,0.0,308.0,0.0,-0.02,1.1,99.0,1.0,25.0,0.0,29.84,1613.0,0.0,0.0,150.0,0.0,0.0,0.0,0.0,0.0,0.0,0.0,0.0,0.0,0.0,0.0,0.0,-1.0,0.0,0.0,50.0,0.0,0.0,0.0,0.0,1.0,0.0,0.0,1200.0,68.0,89.0,1792.0,1791.0,17.2,4.7,0.0,4.7,24.3,0.0,0.0,41.3,0.0,0.0,7.7,45.2,39.5,0.0,0.0,0.0,0.0,172.0,655.0,160.0,637.0,173.0,659.0,172.0,662.0,0.0,0.0,-26.0,0.0,0.0,24.3,7.0,4.998,0.0,0.0,0.667,0.862,67.7,88.7,0.0,0.0,16.0,R,0.0,77.0,192.2,0.0,0.0,0.0,0.0,341.6,1211.0,320.0,1178.6,343.4,1218.2,341.6,1223.6,0.0,0.0,191.66000000000003,1791.5,336.65,259.65,114.66000000000003,0.121625,1234.134,0.02127659574468085,0.48,0.49,401.0,True,2026-09-23 18:50:08-07:00
280.06,2,10,2026-09-24 01:54:41,36.88623,-121.40195,254.0,0.2,165.5,-12.5,0.0,,0.0,0.0,0.0,11.1,-1.1,155.0,0.0,308.0,0.0,-0.01,1.1,99.0,-32.0,25.0,0.0,29.84,1613.0,0.0,0.0,150.0,0.0,0.0,0.0,0.0,0.0,0.0,0.0,0.0,0.0,0.0,0.0,0.0,-1.0,0.0,0.0,52.0,0.0,0.0,0.0,0.0,1.0,0.0,0.0,1200.0,69.0,89.0,1703.0,1702.0,17.6,4.7,0.0,4.7,24.2,0.0,0.0,41.3,0.0,0.0,7.8,45.2,39.5,0.0,0.0,0.0,0.0,173.0,655.0,161.0,638.0,174.0,659.0,173.0,661.0,0.0,0.0,-26.0,0.0,0.0,24.2,7.0,4.998,0.0,0.0,0.662,0.85,69.1,88.7,0.0,0.0,15.0,R,0.0,77.0,192.2,0.0,0.0,0.0,0.0,343.4,1211.0,321.8,1180.4,345.2,1218.2,343.4,1221.8,0.0,0.0,191.66000000000003,1702.5,338.44999999999993,261.44999999999993,114.66000000000003,0.12293055555555556,1234.387,0.0425531914893617,0.48,0.49,401.0,True,2026-09-23 18:50:08-07:00
281.06,2,10,2026-09-24 01:54:42,36.88623,-121.40195,254.0,0.1,165.5,-12.5,0.0,,0.0,0.0,0.0,11.1,-1.0,155.0,0.0,308.0,0.1,-0.02,1.0,99.0,-31.0,25.0,0.0,29.84,1613.0,0.0,0.0,150.0,0.0,0.0,0.0,0.0,0.0,0.0,0.0,0.0,0.0,0.0,0.0,0.0,-1.0,0.0,0.0,52.0,0.0,0.0,0.0,0.0,1.0,0.0,0.0,1200.0,71.0,89.0,1759.0,1758.0,17.4,4.7,0.0,4.7,24.2,0.0,0.0,41.3,0.0,0.0,7.7,45.2,39.5,0.0,0.0,0.0,0.0,173.0,654.0,161.0,640.0,174.0,659.0,173.0,661.0,0.0,0.0,-26.0,0.0,0.0,24.2,7.0,4.998,0.0,0.0,0.663,0.864,70.9,88.7,0.0,0.0,16.0,R,0.0,77.0,192.2,0.0,0.0,0.0,0.0,343.4,1209.2,321.8,1184.0,345.2,1218.2,343.4,1221.8,0.0,0.0,191.66000000000003,1758.5,338.44999999999993,261.44999999999993,114.66000000000003,0.12423611111111112,1234.6399999999999,0.02127659574468085,0.48,0.49,401.0,True,2026-09-23 18:50:08-07:00
282.06,2,10,2026-09-24 01:54:43,36.88623,-121.40195,254.0,0.1,165.5,-12.5,0.0,,0.0,0.0,0.0,11.1,-0.9,155.1,0.0,308.0,0.1,-0.02,1.0,99.0,-5.0,25.0,0.0,29.84,1613.0,0.0,0.0,150.0,0.0,0.0,0.0,0.0,0.0,0.0,0.0,0.0,0.0,0.0,0.0,0.0,-1.0,0.0,0.0,51.0,0.0,0.0,0.0,0.0,1.0,0.0,0.0,1200.0,71.0,89.0,1733.0,1733.0,17.2,4.7,0.0,4.7,24.2,0.0,0.0,41.3,0.0,0.0,7.7,45.2,39.5,0.0,0.0,0.0,0.0,173.0,655.0,161.0,641.0,174.0,660.0,173.0,664.0,0.0,0.0,-26.0,0.0,0.0,24.2,7.0,4.998,0.0,0.0,0.663,0.863,70.6,88.7,0.0,0.0,16.0,R,0.0,77.0,192.2,0.0,0.0,0.0,0.0,343.4,1211.0,321.8,1185.8,345.2,1220.0,343.4,1227.2,0.0,0.0,191.66000000000003,1733.0,338.44999999999993,261.44999999999993,114.66000000000003,0.12554166666666666,1234.8086666666666,0.02127659574468085,0.48,0.49,401.0,True,2026-09-23 18:50:08-07:00
283.06,2,10,2026-09-24 01:54:44,36.88623,-121.40195,253.0,0.2,165.5,-12.5,0.0,,0.0,0.0,0.0,11.2,-0.8,154.9,0.0,308.0,0.1,-0.02,1.0,99.0,-28.0,25.0,0.0,29.84,1613.0,0.0,0.0,150.0,0.0,0.0,0.0,0.0,0.0,0.0,0.0,0.0,0.0,0.0,0.0,0.0,-1.0,0.0,0.0,51.0,0.0,0.0,0.0,0.0,1.0,0.0,0.0,1200.0,50.0,89.0,825.0,825.0,12.5,4.1,0.0,4.1,24.7,0.0,0.0,41.3,0.0,0.0,8.2,45.2,39.5,0.0,0.0,0.0,0.0,173.0,622.0,161.0,616.0,175.0,641.0,174.0,642.0,0.0,0.0,-26.0,0.0,0.0,24.7,7.0,4.998,0.0,0.0,0.658,0.852,49.6,88.8,0.0,0.0,0.0,,0.0,77.0,192.2,0.0,0.0,0.0,0.0,343.4,1151.6,321.8,1140.8,347.0,1185.8,345.2,1187.6,0.0,0.0,191.83999999999997,825.0,339.35,262.35,114.83999999999997,0.1267638888888889,1235.0616666666667,0.04878048780487806,0.48,0.49,401.0,True,2026-09-23 18:50:08-07:00
284.06,2,10,2026-09-24 01:54:45,36.88623,-121.40195,253.0,0.2,165.5,-12.5,0.0,,0.0,0.0,0.0,11.4,-0.9,155.1,0.0,308.0,0.1,-0.01,1.0,99.0,-42.0,25.0,0.0,29.84,1613.0,0.0,0.0,150.0,0.0,0.0,0.0,0.0,0.0,0.0,0.0,0.0,0.0,0.0,0.0,0.0,-1.0,0.0,0.0,49.0,0.0,0.0,0.0,0.0,1.0,0.0,0.0,1200.0,49.0,89.0,820.0,821.0,14.6,3.5,0.0,3.5,24.6,0.0,0.0,41.3,0.0,0.0,8.4,45.2,39.5,0.0,0.0,0.0,0.0,173.0,608.0,161.0,606.0,175.0,636.0,174.0,637.0,0.0,0.0,-26.0,0.0,0.0,24.6,7.0,4.996,0.0,0.0,0.659,0.847,48.9,88.7,0.0,0.0,0.0,,0.0,77.0,192.2,0.0,0.0,0.0,0.0,343.4,1126.4,321.8,1122.8,347.0,1176.8,345.2,1178.6,0.0,0.0,191.66000000000003,820.5,339.35,262.35,114.66000000000003,0.12781944444444446,1235.399,0.05714285714285715,0.48,0.49,401.0,True,2026-09-23 18:50:08-07:00
285.06,2,10,2026-09-24 01:54:46,36.88623,-121.40195,253.0,0.4,165.5,-12.5,0.0,,0.0,0.0,0.0,11.4,-0.8,155.2,0.0,308.0,0.2,-0.01,1.0,99.0,-16.0,25.0,0.0,29.84,1614.0,0.0,0.0,150.0,0.0,0.0,0.0,0.0,0.0,0.0,0.0,0.0,0.0,0.0,0.0,0.0,0.0,0.0,0.0,44.0,0.0,0.0,0.0,0.0,1.0,0.0,0.0,1200.0,49.0,89.0,826.0,827.0,14.6,3.2,0.0,3.2,24.6,0.0,0.0,41.3,0.0,0.0,8.3,45.2,39.5,0.0,0.0,0.0,0.0,173.0,600.0,161.0,604.0,175.0,629.0,174.0,632.0,0.0,0.0,-26.0,0.0,0.0,24.6,7.0,4.998,0.0,0.0,0.664,0.864,49.1,88.7,0.0,0.0,0.0,,0.0,77.0,192.2,0.0,0.0,0.0,0.0,343.4,1112.0,321.8,1119.2,347.0,1164.2,345.2,1169.6,0.0,0.0,191.66000000000003,826.5,339.35,262.35,114.66000000000003,0.12875,1235.905,0.125,0.48,0.49,401.0,True,2026-09-23 18:50:08-07:00
286.06,2,10,2026-09-24 01:54:47,36.88623,-121.40195,252.0,0.8,165.5,-12.5,0.0,,0.0,0.0,0.0,11.5,-0.8,155.4,0.0,308.0,0.3,-0.01,1.0,99.0,-10.0,25.0,0.0,29.84,1613.0,0.0,0.0,150.0,0.0,0.0,0.0,0.0,0.0,0.0,0.0,0.0,0.0,0.0,0.0,0.0,0.0,0.0,0.0,43.0,0.0,0.0,0.0,0.0,1.0,0.0,0.0,1200.0,52.0,89.0,970.0,970.0,14.5,2.9,0.0,2.9,24.6,0.0,0.0,41.3,0.0,0.0,8.6,45.2,39.5,0.0,0.0,0.0,0.0,174.0,599.0,162.0,597.0,175.0,630.0,174.0,631.0,0.0,0.0,-26.0,0.0,0.0,24.6,7.0,4.996,0.0,0.0,0.665,0.837,52.4,88.7,0.0,0.0,0.0,,0.0,77.0,192.2,0.0,0.0,0.0,0.0,345.2,1110.2,323.6,1106.6,347.0,1166.0,345.2,1167.8,0.0,0.0,191.66000000000003,970.0,340.25,263.25,114.66000000000003,0.12959722222222222,1236.917,0.27586206896551724,0.48,0.49,401.0,True,2026-09-23 18:50:08-07:00
287.06,2,10,2026-09-24 01:54:48,36.88622,-121.40195,252.0,1.3,166.8,-12.5,0.0,,0.0,0.0,0.0,11.6,-0.8,155.2,0.0,308.0,0.1,-0.02,0.9,99.0,-15.0,25.0,0.0,29.84,1613.0,0.0,0.0,150.0,0.0,0.0,0.0,0.0,0.0,0.0,0.0,0.0,0.0,0.0,0.0,0.0,0.0,0.0,0.0,42.0,0.0,0.0,0.0,0.0,1.0,0.0,0.0,1200.0,54.0,89.0,1065.0,1065.0,14.6,2.7,0.0,2.7,24.5,0.0,0.0,41.3,0.0,0.0,8.8,45.2,39.5,0.0,0.0,0.0,0.0,174.0,602.0,162.0,593.0,175.0,627.0,174.0,629.0,0.0,0.0,-26.0,0.0,0.0,24.5,7.0,4.996,0.0,0.0,0.659,0.839,54.0,88.7,0.0,0.0,0.0,,0.0,77.0,192.2,0.0,0.0,0.0,0.0,345.2,1115.6,323.6,1099.4,347.0,1160.6,345.2,1164.2,0.0,0.0,191.66000000000003,1065.0,340.25,263.25,114.66000000000003,0.130375,1238.6879999999999,0.48148148148148145,0.48,0.49,401.0,True,2026-09-23 18:50:08-07:00
288.06,2,10,2026-09-24 01:54:49,36.88622,-121.40195,252.0,2.0,168.8,-12.5,0.0,,0.0,0.0,0.0,11.9,-0.8,154.7,0.0,308.0,-0.1,-0.02,1.0,99.0,2.0,25.0,0.0,29.84,1613.0,0.0,0.0,150.0,0.0,0.0,0.0,0.0,0.0,0.0,0.0,0.0,0.0,0.0,0.0,0.0,1.0,0.0,0.0,40.0,0.0,0.0,0.0,0.0,1.0,0.0,0.0,1200.0,57.0,89.0,1251.0,1251.0,15.3,2.8,0.0,2.8,24.3,0.0,0.0,41.3,0.0,0.0,9.0,45.2,39.5,0.0,0.0,0.0,0.0,174.0,602.0,162.0,597.0,175.0,625.0,174.0,629.0,0.0,0.0,-26.0,0.0,0.0,24.3,7.0,4.996,0.0,0.0,0.658,0.853,57.4,88.7,0.0,0.0,0.0,,0.0,77.0,192.2,0.0,0.0,0.0,0.0,345.2,1115.6,323.6,1106.6,347.0,1157.0,345.2,1164.2,0.0,0.0,191.66000000000003,1251.0,340.25,263.25,114.66000000000003,0.1311388888888889,1241.471,0.7142857142857143,0.48,0.49,401.0,True,2026-09-23 18:50:08-07:00
289.06,2,10,2026-09-24 01:54:50,36.8862,-121.40195,252.0,3.4,167.3,-12.5,0.0,,0.0,0.0,0.0,11.7,-0.8,153.8,0.0,308.0,-0.5,-0.01,1.1,99.0,24.0,25.0,0.0,29.84,1605.0,0.0,0.0,150.0,0.0,0.0,0.0,0.0,0.0,0.0,0.0,0.0,0.0,0.0,0.0,0.0,0.0,0.0,0.0,34.0,0.0,0.0,0.0,0.0,1.0,0.0,0.0,1200.0,63.0,89.0,1428.0,1428.0,15.4,2.9,0.0,2.9,24.2,0.0,0.0,41.3,0.0,0.0,9.0,45.2,39.5,0.0,0.0,0.0,0.0,174.0,609.0,162.0,603.0,176.0,632.0,174.0,633.0,0.0,0.0,-26.0,0.0,0.0,24.2,7.0,4.996,0.0,0.0,0.665,0.834,63.2,88.7,0.0,0.0,0.0,,0.0,77.0,192.2,0.0,0.0,0.0,0.0,345.2,1128.2,323.6,1117.4,348.8,1169.6,345.2,1171.4,0.0,0.0,191.66000000000003,1428.0,340.7,263.7,114.66000000000003,0.13193055555555555,1246.0249999999999,1.1724137931034482,0.48,0.49,401.0,True,2026-09-23 18:50:08-07:00
290.06,2,10,2026-09-24 01:54:51,36.88618,-121.40194,252.0,4.9,167.1,-12.5,0.0,,0.0,0.0,0.0,10.8,-0.8,152.8,0.0,308.0,-0.9,-0.01,1.0,99.0,-19.0,25.0,0.0,29.84,1605.0,0.0,0.0,150.0,0.0,0.0,0.0,0.0,0.0,0.0,0.0,0.0,0.0,0.0,0.0,0.0,2.0,0.0,0.0,48.0,0.0,0.0,0.0,0.0,1.0,0.0,0.0,1200.0,63.0,89.0,1373.0,1372.0,15.1,3.0,0.0,3.0,24.3,0.0,0.0,41.3,0.0,0.0,8.6,45.2,39.5,0.0,0.0,0.0,0.0,174.0,615.0,162.0,610.0,176.0,635.0,174.0,637.0,0.0,0.0,-26.0,0.0,0.0,24.3,7.0,4.998,0.0,0.0,0.663,0.837,62.8,88.6,0.0,0.0,0.0,,0.0,77.0,192.2,0.0,0.0,0.0,0.0,345.2,1139.0,323.6,1130.0,348.8,1175.0,345.2,1178.6,0.0,0.0,191.48,1372.5,340.7,263.7,114.47999999999999,0.13275,1253.0246666666667,1.6333333333333335,0.48,0.49,401.0,True,2026-09-23 18:50:08-07:00
291.06,2,10,2026-09-24 01:54:52,36.88616,-121.40193,252.0,6.2,165.1,-12.5,0.0,,0.0,0.0,0.0,10.7,-0.9,151.6,0.0,308.0,-1.2,-0.01,0.9,99.0,-6.0,25.0,0.0,29.84,1605.0,0.0,0.0,150.0,0.0,0.0,0.0,0.0,0.0,0.0,0.0,0.0,0.0,0.0,0.0,0.0,0.0,0.0,0.0,42.0,0.0,0.0,0.0,0.0,1.0,0.0,0.0,1200.0,66.0,89.0,1519.0,1519.0,16.2,3.2,0.0,3.2,24.2,0.0,0.0,41.3,0.0,0.0,8.3,45.2,39.5,0.0,0.0,0.0,0.0,174.0,620.0,162.0,615.0,176.0,638.0,175.0,633.0,0.0,0.0,-26.0,0.0,0.0,24.2,7.0,4.996,0.0,0.0,0.659,0.831,66.0,88.6,0.0,0.0,0.0,,0.0,77.0,192.2,0.0,0.0,0.0,0.0,345.2,1148.0,323.6,1139.0,348.8,1180.4,347.0,1171.4,0.0,0.0,191.48,1519.0,341.15,264.15,114.47999999999999,0.13361111111111112,1262.3856666666666,1.9375,0.48,0.49,401.0,True,2026-09-23 18:50:08-07:00
292.06,2,10,2026-09-24 01:54:53,36.88613,-121.40192,252.0,7.4,163.5,-12.5,0.0,,0.0,0.0,0.0,10.7,-0.7,150.8,0.0,308.0,-1.1,0.01,1.0,99.0,12.0,25.0,0.0,29.84,1613.0,0.0,0.0,150.0,0.0,0.0,0.0,0.0,0.0,0.0,0.0,0.0,0.0,0.0,0.0,0.0,-1.0,0.0,0.0,41.0,0.0,0.0,0.0,0.0,1.0,0.0,0.0,1200.0,62.0,89.0,1337.0,1339.0,15.8,3.3,0.0,3.3,24.3,0.0,0.0,41.3,0.0,0.0,8.1,45.2,39.5,0.0,0.0,0.0,0.0,174.0,626.0,162.0,618.0,176.0,636.0,175.0,635.0,0.0,0.0,-26.0,0.0,0.0,24.3,7.0,4.998,0.0,0.0,0.657,0.852,61.7,88.6,0.0,0.0,0.0,,0.0,77.0,192.2,0.0,0.0,0.0,0.0,345.2,1158.8,323.6,1144.4,348.8,1176.8,347.0,1175.0,0.0,0.0,191.48,1338.0,341.15,264.15,114.47999999999999,0.1345138888888889,1273.855,2.2424242424242427,0.48,0.49,401.0,True,2026-09-23 18:50:08-07:00
293.06,2,10,2026-09-24 01:54:54,36.8861,-121.40191,252.0,8.5,162.7,-12.5,0.0,,0.0,0.0,0.0,10.8,-0.5,152.5,0.0,308.0,0.6,-0.03,1.0,99.0,-22.0,25.0,0.0,29.84,1613.0,0.0,0.0,150.0,0.0,0.0,0.0,0.0,0.0,0.0,0.0,0.0,0.0,0.0,0.0,0.0,-1.0,0.0,0.0,40.0,0.0,0.0,0.0,0.0,1.0,0.0,0.0,1200.0,63.0,89.0,1407.0,1409.0,15.4,3.3,0.0,3.3,24.4,0.0,0.0,41.3,0.0,0.0,8.1,45.2,39.5,0.0,0.0,0.0,0.0,174.0,629.0,162.0,619.0,176.0,637.0,175.0,636.0,0.0,0.0,-26.0,0.0,0.0,24.4,7.0,4.996,0.0,0.0,0.658,0.852,62.5,88.6,0.0,0.0,0.0,,0.0,77.0,192.2,0.0,0.0,0.0,0.0,345.2,1164.2,323.6,1146.2,348.8,1178.6,347.0,1176.8,0.0,0.0,191.48,1408.0,341.15,264.15,114.47999999999999,0.13543055555555555,1287.264,2.5757575757575757,0.48,0.49,401.0,True,2026-09-23 18:50:08-07:00
294.06,2,10,2026-09-24 01:54:55,36.88605,-121.40189,252.0,9.7,164.3,-12.5,0.0,,0.0,0.0,0.0,11.0,-0.7,152.5,0.0,308.0,0.4,-0.01,0.9,99.0,-38.0,25.0,0.0,29.84,1613.0,0.0,0.0,150.0,0.0,0.0,0.0,0.0,0.0,0.0,0.0,0.0,0.0,0.0,0.0,0.0,-1.0,0.0,0.0,38.0,0.0,0.0,0.0,0.0,1.0,0.0,0.0,1200.0,61.0,89.0,1341.0,1341.0,15.1,3.3,0.0,3.3,24.4,0.0,0.0,41.3,0.0,0.0,8.0,45.2,39.5,0.0,0.0,0.0,0.0,174.0,633.0,162.0,624.0,176.0,639.0,175.0,639.0,0.0,0.0,-26.0,0.0,0.0,24.4,7.0,4.996,0.0,0.0,0.659,0.857,61.3,88.6,0.0,0.0,0.0,,0.0,77.0,192.2,0.0,0.0,0.0,0.0,345.2,1171.4,323.6,1155.2,348.8,1182.2,347.0,1182.2,0.0,0.0,191.48,1341.0,341.15,264.15,114.47999999999999,0.13634722222222223,1302.6126666666667,2.9393939393939394,0.48,0.49,401.0,True,2026-09-23 18:50:08-07:00
295.06,2,10,2026-09-24 01:54:56,36.88601,-121.40188,252.0,10.9,163.8,-12.5,0.0,,0.0,0.0,0.0,10.9,-0.8,152.8,0.0,307.0,0.2,-0.01,0.9,99.0,-48.0,25.0,0.0,29.84,1605.0,0.0,0.0,150.0,0.0,0.0,0.0,0.0,0.0,0.0,0.0,0.0,0.0,0.0,0.0,0.0,-2.0,0.0,0.0,35.0,0.0,0.0,0.0,0.0,1.0,0.0,0.0,1200.0,62.0,89.0,1333.0,1334.0,14.8,3.3,0.0,3.3,24.4,0.0,0.0,41.3,0.0,0.0,8.0,45.2,39.5,0.0,0.0,0.0,0.0,175.0,637.0,162.0,628.0,177.0,645.0,175.0,640.0,0.0,0.0,-26.0,0.0,0.0,24.4,7.0,4.998,0.0,0.0,0.657,0.864,61.5,88.6,0.0,0.0,0.0,,0.0,77.0,192.2,0.0,0.0,0.0,0.0,347.0,1178.6,323.6,1162.4,350.6,1193.0,347.0,1184.0,0.0,0.0,191.48,1333.5,342.05,265.05,114.47999999999999,0.13726388888888888,1319.9853333333333,3.303030303030303,0.48,0.49,401.0,True,2026-09-23 18:50:08-07:00
296.06,2,10,2026-09-24 01:54:57,36.88596,-121.40186,252.0,11.8,164.6,-12.5,0.0,,0.0,0.0,0.0,11.0,-0.8,153.2,0.0,307.0,0.4,-0.02,1.0,99.0,-8.0,25.0,0.0,29.84,1605.0,0.0,0.0,150.0,0.0,0.0,0.0,0.0,0.0,0.0,0.0,0.0,0.0,0.0,0.0,0.0,-1.0,0.0,0.0,35.0,0.0,0.0,0.0,0.0,1.0,0.0,0.0,1200.0,61.0,89.0,1342.0,1343.0,14.8,3.3,0.0,3.3,24.4,0.0,0.0,41.3,0.0,0.0,8.0,45.2,39.5,0.0,0.0,0.0,0.0,175.0,638.0,163.0,630.0,177.0,643.0,176.0,641.0,0.0,0.0,-26.0,0.0,0.0,24.4,7.0,4.996,0.0,0.0,0.656,0.863,61.0,88.6,0.0,0.0,0.0,,0.0,77.0,192.2,0.0,0.0,0.0,0.0,347.0,1180.4,325.4,1166.0,350.6,1189.4,348.8,1185.8,0.0,0.0,191.48,1342.5,342.95000000000005,265.95000000000005,114.47999999999999,0.13818055555555556,1339.129,3.575757575757576,0.48,0.49,401.0,True,2026-09-23 18:50:08-07:00
297.06,2,10,2026-09-24 01:54:58,36.88591,-121.40184,252.0,12.6,165.1,-12.5,0.0,,0.0,0.0,0.0,11.1,-1.1,153.4,0.0,307.0,0.3,-0.02,1.0,99.0,-5.0,25.0,0.0,29.84,1605.0,0.0,0.0,150.0,0.0,0.0,0.0,0.0,0.0,0.0,0.0,0.0,0.0,0.0,0.0,0.0,-2.0,0.0,0.0,34.0,0.0,0.0,0.0,0.0,1.0,0.0,0.0,1200.0,60.0,89.0,1340.0,1341.0,14.9,3.3,0.0,3.3,24.4,0.0,0.0,41.2,0.0,0.0,8.0,45.2,39.5,0.0,0.0,0.0,0.0,175.0,640.0,163.0,633.0,177.0,644.0,176.0,642.0,0.0,0.0,-26.0,0.0,0.0,24.4,7.0,4.996,0.0,0.0,0.658,0.861,60.5,88.6,0.0,0.0,0.0,,0.0,77.0,192.2,0.0,0.0,0.0,0.0,347.0,1184.0,325.4,1171.4,350.6,1191.2,348.8,1187.6,0.0,0.0,191.48,1340.5,342.95000000000005,265.95000000000005,114.47999999999999,0.13909722222222223,1359.7063333333333,3.8181818181818183,0.48,0.49,401.0,True,2026-09-23 18:50:08-07:00
298.06,2,10,2026-09-24 01:54:59,36.88585,-121.40182,252.0,13.2,164.8,-12.5,0.0,,0.0,0.0,0.0,11.0,-0.7,158.1,0.0,307.0,2.8,-0.06,0.9,99.0,11.0,25.0,0.0,29.84,1604.0,0.0,0.0,150.0,0.0,0.0,0.0,0.0,0.0,0.0,0.0,0.0,0.0,0.0,0.0,0.0,-2.0,0.0,0.0,33.0,0.0,0.0,0.0,0.0,1.0,0.0,0.0,1200.0,60.0,89.0,1281.0,1281.0,14.9,3.2,0.0,3.2,31.8,0.0,0.0,41.2,0.0,0.0,9.0,45.2,39.5,0.0,0.0,0.0,0.0,175.0,642.0,163.0,635.0,177.0,647.0,176.0,644.0,0.0,0.0,-26.0,0.0,0.0,31.8,7.0,4.996,0.0,0.0,0.657,0.857,60.0,88.8,0.0,0.0,0.0,,0.0,77.0,192.2,0.0,0.0,0.0,0.0,347.0,1187.6,325.4,1175.0,350.6,1196.6,348.8,1191.2,0.0,0.0,191.83999999999997,1281.0,342.95000000000005,265.95000000000005,114.83999999999997,0.14,1381.4643333333333,4.124999999999999,0.48,0.49,401.0,True,2026-09-23 18:50:08-07:00
299.06,2,10,2026-09-24 01:55:00,36.88578,-121.40181,252.0,13.9,170.8,-12.5,0.0,,0.0,0.0,0.0,11.0,-0.7,162.3,0.0,307.0,3.8,-0.08,1.0,99.0,2.0,25.0,0.0,29.84,1604.0,0.0,0.0,150.0,0.0,0.0,0.0,0.0,0.0,0.0,0.0,0.0,0.0,0.0,0.0,0.0,-2.0,0.0,0.0,36.0,0.0,0.0,0.0,0.0,1.0,0.0,0.0,1200.0,60.0,89.0,1279.0,1277.0,15.0,3.3,0.0,3.3,33.0,0.0,0.0,41.2,0.0,0.0,11.2,45.2,39.5,0.0,0.0,0.0,0.0,176.0,643.0,163.0,636.0,178.0,647.0,177.0,643.0,0.0,0.0,-26.0,0.0,0.0,33.0,7.0,4.996,0.0,0.0,0.657,0.841,59.7,89.2,0.0,0.0,0.0,,0.0,77.0,192.2,0.0,0.0,0.0,0.0,348.8,1189.4,325.4,1176.8,352.4,1196.6,350.6,1189.4,0.0,0.0,192.56,1278.0,344.3,267.3,115.56,0.1409027777777778,1404.3186666666666,4.212121212121213,0.48,0.49,401.0,True,2026-09-23 18:50:08-07:00
300.06,2,10,2026-09-24 01:55:01,36.88572,-121.4018,253.0,14.7,174.7,-12.5,0.0,,0.0,0.0,0.0,11.1,-0.4,164.6,0.0,307.0,2.9,-0.04,1.0,99.0,-8.0,25.0,0.0,29.84,1604.0,0.0,0.0,150.0,0.0,0.0,0.0,0.0,0.0,0.0,0.0,0.0,0.0,0.0,0.0,0.0,-2.0,0.0,0.0,35.0,0.0,0.0,0.0,0.0,1.0,0.0,0.0,1200.0,61.0,89.0,1334.0,1334.0,14.8,3.2,0.0,3.2,33.2,0.0,0.0,41.2,0.0,0.0,13.7,45.2,39.5,0.0,0.0,0.0,0.0,176.0,643.0,163.0,638.0,178.0,649.0,177.0,647.0,0.0,0.0,-26.0,0.0,0.0,33.2,7.0,4.996,0.0,0.0,0.662,0.862,61.1,89.0,0.0,0.0,0.0,,0.0,77.0,192.2,0.0,0.0,0.0,0.0,348.8,1189.4,325.4,1180.4,352.4,1200.2,350.6,1196.6,0.0,0.0,192.2,1334.0,344.3,267.3,115.19999999999999,0.14180555555555555,1428.4379999999999,4.593749999999999,0.48,0.49,401.0,True,2026-09-23 18:50:08-07:00
301.06,2,10,2026-09-24 01:55:02,36.88565,-121.40179,253.0,14.8,177.3,-12.5,0.0,,0.0,0.0,0.0,10.8,-0.8,169.0,0.0,307.0,3.7,-0.06,1.0,99.0,-2.0,25.0,0.0,29.84,1612.0,0.0,0.0,150.0,0.0,0.0,0.0,0.0,0.0,0.0,0.0,0.0,0.0,0.0,0.0,0.0,-2.0,0.0,0.0,33.0,0.0,0.0,0.0,0.0,1.0,0.0,0.0,1200.0,61.0,89.0,1343.0,1344.0,14.6,3.2,0.0,3.2,33.2,0.0,0.0,41.2,0.0,0.0,14.7,45.2,39.5,0.0,0.0,0.0,0.0,176.0,644.0,164.0,635.0,178.0,649.0,177.0,650.0,0.0,0.0,-26.0,0.0,0.0,33.2,7.0,4.998,0.0,0.0,0.658,0.862,61.0,89.0,0.0,0.0,0.0,,0.0,77.0,192.2,0.0,0.0,0.0,0.0,348.8,1191.2,327.2,1175.0,352.4,1200.2,350.6,1202.0,0.0,0.0,192.2,1343.5,344.75,267.75,115.19999999999999,0.14269444444444446,1453.3163333333332,4.625,0.48,0.49,401.0,True,2026-09-23 18:50:08-07:00
302.06,2,10,2026-09-24 01:55:03,36.88558,-121.40179,253.0,14.7,181.2,-12.5,0.0,,0.0,0.0,0.0,10.8,-1.0,176.6,0.0,307.0,5.8,-0.12,0.8,99.0,-25.0,25.0,0.0,29.84,1612.0,0.0,0.0,150.0,0.0,0.0,0.0,0.0,0.0,0.0,0.0,0.0,0.0,0.0,0.0,0.0,-2.0,0.0,0.0,33.0,0.0,0.0,0.0,0.0,1.0,0.0,0.0,1200.0,60.0,89.0,1279.0,1279.0,14.5,3.2,0.0,3.2,33.4,0.0,0.0,41.2,0.0,0.0,15.8,45.2,39.5,0.0,0.0,0.0,0.0,176.0,644.0,164.0,637.0,178.0,647.0,177.0,649.0,0.0,0.0,-26.0,0.0,0.0,33.4,7.0,4.998,0.0,0.0,0.658,0.831,60.1,89.0,0.0,0.0,0.0,,0.0,77.0,192.2,0.0,0.0,0.0,0.0,348.8,1191.2,327.2,1178.6,352.4,1196.6,350.6,1200.2,0.0,0.0,192.2,1279.0,344.75,267.75,115.19999999999999,0.14358333333333334,1478.1946666666665,4.593749999999999,0.48,0.49,401.0,True,2026-09-23 18:50:08-07:00
303.06,2,10,2026-09-24 01:55:04,36.88552,-121.40179,253.0,13.2,189.0,-12.5,0.0,,0.0,0.0,0.0,11.0,-0.5,187.3,0.0,307.0,8.5,-0.11,1.0,99.0,7.0,25.0,0.0,29.84,1612.0,0.0,0.0,150.0,0.0,0.0,0.0,0.0,0.0,0.0,0.0,0.0,0.0,0.0,0.0,0.0,-3.0,0.0,0.0,52.0,0.0,0.0,0.0,0.0,1.0,0.0,0.0,1200.0,51.0,89.0,916.0,916.0,13.9,2.9,0.0,2.9,33.5,0.0,0.0,41.2,0.0,0.0,16.8,45.2,39.5,0.0,0.0,0.0,0.0,176.0,624.0,164.0,633.0,178.0,643.0,177.0,643.0,0.0,0.0,-26.0,0.0,0.0,33.5,7.0,4.996,0.0,0.0,0.658,0.83,50.9,89.3,0.0,0.0,0.0,,0.0,77.0,192.2,0.0,0.0,0.0,0.0,348.8,1155.2,327.2,1171.4,352.4,1189.4,350.6,1189.4,0.0,0.0,192.73999999999998,916.0,344.75,267.75,115.73999999999998,0.14443055555555556,1501.7236666666665,4.551724137931035,0.48,0.49,401.0,True,2026-09-23 18:50:08-07:00
304.06,2,10,2026-09-24 01:55:05,36.88546,-121.40182,253.0,12.6,200.9,-12.5,0.0,,0.0,0.0,0.0,11.0,-0.6,200.2,0.0,307.0,11.2,-0.16,1.0,99.0,16.0,25.0,0.0,29.84,1603.0,0.0,0.0,150.0,0.0,0.0,0.0,0.0,0.0,0.0,0.0,0.0,0.0,0.0,0.0,0.0,-3.0,0.0,0.0,48.0,0.0,0.0,0.0,0.0,1.0,0.0,0.0,1200.0,52.0,89.0,977.0,977.0,14.3,2.7,0.0,2.7,33.3,0.0,0.0,41.2,0.0,0.0,16.9,45.2,39.5,0.0,0.0,0.0,0.0,176.0,623.0,164.0,631.0,178.0,638.0,177.0,643.0,0.0,0.0,-26.0,0.0,0.0,33.3,7.0,4.996,0.0,0.0,0.66,0.842,52.4,89.2,0.0,0.0,0.0,,0.0,77.0,192.2,0.0,0.0,0.0,0.0,348.8,1153.4,327.2,1167.8,352.4,1180.4,350.6,1189.4,0.0,0.0,192.56,977.0,344.75,267.75,115.56,0.14520833333333333,1523.4816666666666,4.666666666666666,0.48,0.49,401.0,True,2026-09-23 18:50:08-07:00
305.06,2,10,2026-09-24 01:55:06,36.88541,-121.40185,253.0,12.0,212.4,-12.5,0.0,,0.0,0.0,0.0,11.1,-1.3,212.0,0.0,307.0,11.6,-0.16,1.0,99.0,7.0,25.0,0.0,29.84,1604.0,0.0,0.0,150.0,0.0,0.0,0.0,0.0,0.0,0.0,0.0,0.0,0.0,0.0,0.0,0.0,-4.0,0.0,0.0,46.0,0.0,0.0,0.0,0.0,1.0,0.0,0.0,1200.0,52.0,89.0,965.0,967.0,14.4,2.6,0.0,2.6,33.2,0.0,0.0,41.2,0.0,0.0,17.1,45.2,39.5,0.0,0.0,0.0,0.0,176.0,620.0,164.0,627.0,179.0,632.0,177.0,637.0,0.0,0.0,-26.0,0.0,0.0,33.2,7.0,4.998,0.0,0.0,0.66,0.842,51.6,89.0,0.0,0.0,0.0,,0.0,77.0,192.2,0.0,0.0,0.0,0.0,348.8,1148.0,327.2,1160.6,354.2,1169.6,350.6,1178.6,0.0,0.0,192.2,966.0,345.2,268.2,115.19999999999999,0.14594444444444446,1544.2276666666667,4.615384615384615,0.48,0.49,401.0,True,2026-09-23 18:50:08-07:00
306.06,2,10,2026-09-24 01:55:07,36.88537,-121.40189,253.0,11.4,224.6,-12.5,0.0,,0.0,0.0,0.0,11.5,-1.1,223.5,0.0,307.0,11.5,-0.14,1.0,99.0,8.0,25.0,0.0,29.84,1604.0,0.0,0.0,150.0,0.0,0.0,0.0,0.0,0.0,0.0,0.0,0.0,0.0,0.0,0.0,0.0,-4.0,0.0,0.0,43.0,0.0,0.0,0.0,0.0,1.0,0.0,0.0,1200.0,51.0,89.0,925.0,924.0,14.4,2.5,0.0,2.5,33.4,0.0,0.0,41.2,0.0,0.0,17.4,45.2,39.5,0.0,0.0,0.0,0.0,176.0,618.0,164.0,612.0,179.0,628.0,177.0,636.0,0.0,0.0,-26.0,0.0,0.0,33.4,7.0,4.996,0.0,0.0,0.659,0.844,51.1,89.0,0.0,0.0,0.0,,0.0,77.0,192.2,0.0,0.0,0.0,0.0,348.8,1144.4,327.2,1133.6,354.2,1162.4,350.6,1176.8,0.0,0.0,192.2,924.5,345.2,268.2,115.19999999999999,0.14665277777777777,1563.9616666666666,4.5600000000000005,0.48,0.49,401.0,True,2026-09-23 18:50:08-07:00
307.06,2,10,2026-09-24 01:55:08,36.88533,-121.40194,252.0,10.7,235.7,-12.5,0.0,,0.0,0.0,0.0,11.6,-0.6,234.7,0.0,307.0,11.2,-0.13,1.0,99.0,10.0,25.0,0.0,29.84,1604.0,0.0,0.0,150.0,0.0,0.0,0.0,0.0,0.0,0.0,0.0,0.0,0.0,0.0,0.0,0.0,-5.0,0.0,0.0,41.0,0.0,0.0,0.0,0.0,1.0,0.0,0.0,1200.0,50.0,89.0,872.0,873.0,15.8,2.5,0.0,2.5,33.4,0.0,0.0,41.2,0.0,0.0,17.6,45.2,39.5,0.0,0.0,0.0,0.0,176.0,610.0,164.0,594.0,179.0,619.0,177.0,629.0,0.0,0.0,-26.0,0.0,0.0,33.4,7.0,4.996,0.0,0.0,0.66,0.834,49.5,89.0,0.0,0.0,0.0,,0.0,77.0,192.2,0.0,0.0,0.0,0.0,348.8,1130.0,327.2,1101.2,354.2,1146.2,350.6,1164.2,0.0,0.0,192.2,872.5,345.2,268.2,115.19999999999999,0.1473472222222222,1582.5993333333333,4.279999999999999,0.48,0.49,401.0,True,2026-09-23 18:50:08-07:00
308.06,2,10,2026-09-24 01:55:09,36.88531,-121.40199,252.0,9.9,246.8,-12.5,0.0,,0.0,0.0,0.0,11.7,-0.4,245.9,0.0,307.0,11.1,-0.11,1.0,99.0,8.0,25.0,0.0,29.84,1603.0,0.0,0.0,150.0,0.0,0.0,0.0,0.0,0.0,0.0,0.0,0.0,0.0,0.0,0.0,0.0,-5.0,0.0,0.0,41.0,0.0,0.0,0.0,0.0,1.0,0.0,0.0,1200.0,56.0,89.0,1164.0,1165.0,16.3,2.5,0.0,2.5,33.0,0.0,0.0,41.2,0.0,0.0,17.5,45.2,39.5,0.0,0.0,0.0,0.0,176.0,609.0,164.0,595.0,179.0,613.0,177.0,624.0,0.0,0.0,-26.0,0.0,0.0,33.0,7.0,4.996,0.0,0.0,0.662,0.815,55.5,89.0,0.0,0.0,0.0,,0.0,77.0,192.2,0.0,0.0,0.0,0.0,348.8,1128.2,327.2,1103.0,354.2,1135.4,350.6,1155.2,0.0,0.0,192.2,1164.5,345.2,268.2,115.19999999999999,0.14804166666666668,1599.972,3.96,0.48,0.49,401.0,True,2026-09-23 18:50:08-07:00
309.06,2,10,2026-09-24 01:55:10,36.8853,-121.40204,252.0,10.0,257.8,-12.5,0.0,,0.0,0.0,0.0,11.5,-0.2,256.9,0.0,307.0,11.0,-0.1,1.0,99.0,-28.0,25.0,0.0,29.84,1604.0,0.0,0.0,150.0,0.0,0.0,0.0,0.0,0.0,0.0,0.0,0.0,0.0,0.0,0.0,0.0,-5.0,0.0,0.0,36.0,0.0,0.0,0.0,0.0,1.0,0.0,0.0,1200.0,59.0,89.0,1278.0,1278.0,14.4,2.6,0.0,2.6,32.9,0.0,0.0,41.2,0.0,0.0,17.1,45.2,39.5,0.0,0.0,0.0,0.0,176.0,612.0,164.0,600.0,179.0,618.0,178.0,628.0,0.0,0.0,-26.0,0.0,0.0,32.9,7.0,4.996,0.0,0.0,0.658,0.818,59.5,89.1,0.0,0.0,0.0,,0.0,77.0,192.2,0.0,0.0,0.0,0.0,348.8,1133.6,327.2,1112.0,354.2,1144.4,352.4,1162.4,0.0,0.0,192.38,1278.0,345.65,268.65,115.38,0.14875,1616.7543333333333,3.846153846153846,0.48,0.49,401.0,True,2026-09-23 18:50:08-07:00
310.06,2,10,2026-09-24 01:55:11,36.8853,-121.4021,252.0,10.0,268.8,-12.5,0.0,,0.0,0.0,0.0,11.5,-0.2,267.4,0.0,307.0,10.7,-0.1,1.0,99.0,-12.0,25.0,0.0,29.84,1604.0,0.0,0.0,150.0,0.0,0.0,0.0,0.0,0.0,0.0,0.0,0.0,0.0,0.0,0.0,0.0,-6.0,0.0,0.0,35.0,0.0,0.0,0.0,0.0,1.0,0.0,0.0,1200.0,60.0,89.0,1295.0,1296.0,14.1,2.7,0.0,2.7,33.0,0.0,0.0,41.2,0.0,0.0,17.0,45.2,39.5,0.0,0.0,0.0,0.0,177.0,615.0,164.0,606.0,179.0,623.0,178.0,631.0,0.0,0.0,-26.0,0.0,0.0,33.0,7.0,4.998,0.0,0.0,0.66,0.807,59.7,88.9,0.0,0.0,0.0,,0.0,77.0,192.2,0.0,0.0,0.0,0.0,350.6,1139.0,327.2,1122.8,354.2,1153.4,352.4,1167.8,0.0,0.0,192.02,1295.5,346.1,269.1,115.02000000000001,0.14948611111111113,1633.6209999999999,3.7037037037037033,0.48,0.49,401.0,True,2026-09-23 18:50:08-07:00
311.06,2,10,2026-09-24 01:55:12,36.8853,-121.40216,252.0,10.6,278.4,-12.5,0.0,,0.0,0.0,0.0,11.6,-0.0,278.2,0.0,307.0,10.7,-0.1,1.1,99.0,-15.0,25.0,0.0,29.84,1604.0,0.0,0.0,150.0,0.0,0.0,0.0,0.0,0.0,0.0,0.0,0.0,0.0,0.0,0.0,0.0,-6.0,0.0,0.0,26.0,0.0,0.0,0.0,0.0,1.0,0.0,0.0,1200.0,59.0,89.0,1269.0,1269.0,14.1,2.7,0.0,2.7,33.0,0.0,0.0,41.2,0.0,0.0,17.2,45.2,39.5,0.0,0.0,0.0,0.0,177.0,618.0,164.0,611.0,180.0,628.0,178.0,635.0,0.0,0.0,-26.0,0.0,0.0,33.0,7.0,4.998,0.0,0.0,0.658,0.809,59.2,88.9,0.0,0.0,0.0,,0.0,77.0,192.2,0.0,0.0,0.0,0.0,350.6,1144.4,327.2,1131.8,356.0,1162.4,352.4,1175.0,0.0,0.0,192.02,1269.0,346.54999999999995,269.54999999999995,115.02000000000001,0.15023611111111113,1650.9936666666665,3.9259259259259256,0.48,0.49,401.0,True,2026-09-23 18:50:08-07:00
312.06,2,10,2026-09-24 01:55:13,36.88531,-121.40221,252.0,11.0,290.5,-12.5,0.0,,0.0,0.0,0.0,11.6,-0.0,288.1,0.0,307.0,10.4,-0.11,1.0,99.0,22.0,25.0,0.0,29.84,1603.0,0.0,0.0,150.0,0.0,0.0,0.0,0.0,0.0,0.0,0.0,0.0,0.0,0.0,0.0,0.0,-6.0,0.0,0.0,26.0,0.0,0.0,0.0,0.0,1.0,0.0,0.0,1200.0,58.0,89.0,1229.0,1228.0,14.1,2.8,0.0,2.8,32.9,0.0,0.0,41.2,0.0,0.0,17.3,45.2,39.5,0.0,0.0,0.0,0.0,177.0,620.0,164.0,615.0,180.0,630.0,178.0,637.0,0.0,0.0,-26.0,0.0,0.0,32.9,7.0,4.998,0.0,0.0,0.662,0.82,58.1,89.0,0.0,0.0,0.0,,0.0,77.0,192.2,0.0,0.0,0.0,0.0,350.6,1148.0,327.2,1139.0,356.0,1166.0,352.4,1178.6,0.0,0.0,192.2,1228.5,346.54999999999995,269.54999999999995,115.19999999999999,0.151,1669.2096666666666,3.928571428571429,0.48,0.49,401.0,True,2026-09-23 18:50:08-07:00
313.06,2,10,2026-09-24 01:55:14,36.88534,-121.40228,252.0,11.8,300.4,-12.5,0.0,,0.0,0.0,0.0,11.6,-0.1,296.5,0.0,307.0,9.2,-0.09,1.0,99.0,25.0,25.0,0.0,29.84,1603.0,0.0,0.0,150.0,0.0,0.0,0.0,0.0,0.0,0.0,0.0,0.0,0.0,0.0,0.0,0.0,-6.0,0.0,0.0,24.0,0.0,0.0,0.0,0.0,1.0,0.0,0.0,1200.0,63.0,89.0,1429.0,1428.0,15.5,2.9,0.0,2.9,32.4,0.0,0.0,41.2,0.0,0.0,17.4,45.2,39.5,0.0,0.0,0.0,0.0,177.0,623.0,164.0,619.0,180.0,631.0,178.0,637.0,0.0,0.0,-26.0,0.0,0.0,32.4,7.0,4.998,0.0,0.0,0.658,0.842,63.3,89.0,0.0,0.0,0.0,,0.0,77.0,192.2,0.0,0.0,0.0,0.0,350.6,1153.4,327.2,1146.2,356.0,1167.8,352.4,1178.6,0.0,0.0,192.2,1428.5,346.54999999999995,269.54999999999995,115.19999999999999,0.15179166666666666,1688.4376666666667,4.06896551724138,0.48,0.49,401.0,True,2026-09-23 18:50:08-07:00
314.06,2,10,2026-09-24 01:55:15,36.88537,-121.40234,252.0,12.8,308.1,-12.5,0.0,,0.0,0.0,0.0,11.4,-0.9,304.8,0.0,307.0,8.7,-0.11,1.0,99.0,27.0,25.0,0.0,29.84,1603.0,0.0,0.0,150.0,0.0,0.0,0.0,0.0,0.0,0.0,0.0,0.0,0.0,0.0,0.0,0.0,-6.0,0.0,0.0,23.0,0.0,0.0,0.0,0.0,1.0,0.0,0.0,1200.0,65.0,89.0,1492.0,1491.0,15.6,3.1,0.0,3.1,32.4,0.0,0.0,41.2,0.0,0.0,17.1,45.2,39.5,0.0,0.0,0.0,0.0,177.0,626.0,165.0,621.0,180.0,632.0,178.0,641.0,0.0,0.0,-26.0,0.0,0.0,32.4,7.0,4.998,0.0,0.0,0.659,0.812,64.7,89.1,0.0,0.0,0.0,,0.0,77.0,192.2,0.0,0.0,0.0,0.0,350.6,1158.8,329.0,1149.8,356.0,1169.6,352.4,1185.8,0.0,0.0,192.38,1491.5,347.0,270.0,115.38,0.152625,1709.1836666666666,4.129032258064516,0.48,0.49,401.0,True,2026-09-23 18:50:08-07:00
315.06,2,10,2026-09-24 01:55:16,36.88541,-121.40239,252.0,14.0,317.6,-12.5,0.0,,0.0,0.0,0.0,11.6,-1.0,311.5,0.0,307.0,7.8,-0.14,0.9,99.0,-7.0,25.0,0.0,29.84,1603.0,0.0,0.0,150.0,0.0,0.0,0.0,0.0,0.0,0.0,0.0,0.0,0.0,0.0,0.0,0.0,-6.0,0.0,0.0,17.0,0.0,0.0,0.0,0.0,1.0,0.0,0.0,1200.0,65.0,89.0,1501.0,1500.0,15.6,3.2,0.0,3.2,32.4,0.0,0.0,41.2,0.0,0.0,17.0,45.2,39.5,0.0,0.0,0.0,0.0,178.0,631.0,165.0,627.0,181.0,639.0,179.0,646.0,0.0,0.0,-26.0,0.0,0.0,32.4,7.0,4.996,0.0,0.0,0.66,0.802,65.4,88.9,0.0,0.0,0.0,,0.0,77.0,192.2,0.0,0.0,0.0,0.0,352.4,1167.8,329.0,1160.6,357.8,1182.2,354.2,1194.8,0.0,0.0,192.02,1500.5,348.35,271.35,115.02000000000001,0.1535,1731.7849999999999,4.375,0.48,0.49,401.0,True,2026-09-23 18:50:08-07:00
316.06,2,10,2026-09-24 01:55:17,36.88546,-121.40244,251.0,15.5,323.5,-12.5,0.0,,0.0,0.0,0.0,11.6,-1.2,311.8,0.0,307.0,3.6,-0.06,0.9,99.0,-1.0,25.0,0.0,29.84,1603.0,0.0,0.0,150.0,0.0,0.0,0.0,0.0,0.0,0.0,0.0,0.0,0.0,0.0,0.0,0.0,-2.0,0.0,0.0,-36.0,0.0,0.0,0.0,0.0,1.0,0.0,0.0,1200.0,74.0,89.0,1960.0,1960.0,18.4,3.7,0.0,3.7,30.5,0.0,0.0,41.2,0.0,0.0,17.0,45.2,39.5,0.0,0.0,0.0,0.0,178.0,638.0,165.0,632.0,181.0,646.0,179.0,653.0,0.0,0.0,-26.0,0.0,0.0,30.5,7.0,4.998,0.0,0.0,0.662,0.872,73.6,88.9,0.0,0.0,7.0,R,0.0,77.0,192.2,0.0,0.0,0.0,0.0,352.4,1180.4,329.0,1169.6,357.8,1194.8,354.2,1207.4,0.0,0.0,192.02,1960.0,348.35,271.35,115.02000000000001,0.15445833333333334,1756.6633333333332,4.189189189189189,0.48,0.49,401.0,True,2026-09-23 18:50:08-07:00
317.06,2,10,2026-09-24 01:55:18,36.88553,-121.4025,252.0,19.8,323.9,-12.5,0.0,,0.0,0.0,0.0,11.9,-1.1,311.3,21.9,305.0,1.1,-0.03,0.9,98.0,-88.0,25.0,22.5,29.84,1603.0,0.0,0.0,150.0,0.0,0.0,0.0,0.0,0.0,0.0,0.0,0.0,0.0,0.0,0.0,0.0,-2.0,0.0,0.0,-43.0,0.0,0.0,0.0,0.0,1.0,0.0,0.0,1200.0,89.0,89.0,2631.0,2635.0,24.8,5.5,0.0,5.5,28.5,0.0,0.0,41.2,0.0,0.0,16.7,45.2,39.5,0.0,0.0,0.0,0.0,178.0,663.0,165.0,650.0,181.0,667.0,179.0,671.0,0.0,0.0,-26.0,0.0,0.0,28.5,7.0,4.998,0.0,0.0,0.665,0.848,88.7,88.9,0.0,0.0,26.0,L,0.0,77.0,192.2,0.0,0.0,0.0,0.0,352.4,1225.4,329.0,1202.0,357.8,1232.6,354.2,1239.8,0.0,0.0,192.02,2633.0,348.35,271.35,115.02000000000001,0.1557361111111111,1786.433,3.6,22.38,22.89,401.0,True,2026-09-23 18:50:08-07:00
318.06,2,10,2026-09-24 01:55:19,36.88562,-121.40258,252.0,26.7,323.6,-12.5,0.0,,0.0,0.0,0.0,12.4,-1.1,309.0,27.3,302.0,-0.9,0.01,1.1,86.0,-105.0,25.0,28.0,29.84,1600.0,0.0,0.0,150.0,0.0,0.0,0.0,0.0,0.0,0.0,0.0,0.0,0.0,0.0,0.0,0.0,1.0,0.0,0.0,-75.0,0.0,0.0,0.0,0.0,1.0,0.0,0.0,1200.0,90.0,89.0,2648.0,2646.0,28.4,7.6,0.0,7.6,28.4,0.0,0.0,41.2,0.0,0.0,16.6,45.2,39.5,0.0,0.0,0.0,0.0,178.0,693.0,166.0,673.0,181.0,694.0,180.0,694.0,0.0,0.0,-26.0,0.0,0.0,28.4,7.0,4.996,0.0,0.0,0.664,0.846,90.3,89.0,0.0,0.0,43.0,L,0.0,77.0,192.2,0.0,0.0,0.0,0.0,352.4,1279.4,330.8,1243.4,357.8,1281.2,356.0,1281.2,0.0,0.0,192.2,2647.0,349.25,272.25,115.19999999999999,0.15755555555555556,1825.648,3.513157894736842,27.78,28.41,401.0,True,2026-09-23 18:50:08-07:00
319.06,2,10,2026-09-24 01:55:20,36.88572,-121.40269,252.0,32.9,319.9,-12.5,0.0,,0.0,0.0,0.0,8.5,-1.3,307.4,35.6,302.0,-1.7,0.06,1.0,56.0,-33.0,25.0,36.5,29.84,1600.0,0.0,0.0,150.0,0.0,0.0,0.0,0.0,0.0,0.0,0.0,0.0,0.0,0.0,0.0,0.0,1.0,0.0,0.0,-88.0,0.0,0.0,0.0,0.0,1.0,0.0,0.0,1200.0,90.0,89.0,2674.0,2675.0,29.3,9.5,0.0,9.5,28.1,0.0,0.0,41.2,0.0,0.0,16.4,45.2,39.5,0.0,0.0,0.0,0.0,179.0,708.0,166.0,687.0,183.0,709.0,181.0,703.0,0.0,0.0,-26.0,0.0,0.0,28.1,7.0,4.996,0.0,0.0,0.667,0.861,90.5,89.1,0.0,0.0,60.0,L,0.0,77.0,192.2,0.0,0.0,0.0,0.0,354.2,1306.4,330.8,1268.6,361.4,1308.2,357.8,1297.4,0.0,0.0,192.38,2674.5,351.05,274.05,115.38,0.15993055555555555,1875.9106666666667,3.4631578947368418,36.08,36.9,401.0,True,2026-09-23 18:50:08-07:00
320.06,2,10,2026-09-24 01:55:21,36.88585,-121.40282,253.0,39.4,320.3,-12.5,0.0,,0.0,0.0,0.0,7.4,-1.2,307.4,40.9,302.0,-0.6,-0.0,1.0,43.0,-11.0,25.0,41.9,29.84,1600.0,0.0,0.0,150.0,0.0,0.0,0.0,0.0,0.0,0.0,0.0,0.0,0.0,0.0,0.0,0.0,2.0,0.0,0.0,-80.0,0.0,0.0,0.0,0.0,3.0,0.0,0.0,1200.0,90.0,89.0,2671.0,2670.0,29.5,11.1,0.0,11.1,27.8,0.0,0.0,41.2,0.0,0.0,16.2,45.2,39.5,0.0,0.0,0.0,0.0,180.0,716.0,167.0,697.0,183.0,715.0,181.0,709.0,0.0,0.0,-26.0,0.0,0.0,27.8,7.0,4.996,0.0,0.0,0.674,0.865,90.1,89.0,0.0,0.0,76.0,L,0.0,77.0,192.2,0.0,0.0,0.0,0.0,356.0,1320.8,332.6,1286.6,361.4,1319.0,357.8,1308.2,0.0,0.0,192.2,2670.5,351.95000000000005,274.95000000000005,115.19999999999999,0.16279166666666667,1936.8836666666666,3.5495495495495497,41.379999999999995,42.32,401.0,True,2026-09-23 18:50:08-07:00
321.06,2,10,2026-09-24 01:55:22,36.886,-121.40298,253.0,45.5,319.2,-12.5,0.0,,0.0,0.0,0.0,6.3,-1.0,308.9,45.9,302.0,0.4,-0.02,1.0,32.0,-28.0,25.0,47.1,29.84,1597.0,0.0,0.0,150.0,0.0,0.0,0.0,0.0,0.0,0.0,0.0,0.0,0.0,0.0,0.0,0.0,2.0,0.0,0.0,-77.0,0.0,0.0,0.0,0.0,3.0,1.0,0.0,1200.0,90.0,89.0,2671.0,2669.0,29.5,12.3,0.0,12.3,27.9,0.0,0.0,41.2,0.0,0.0,16.3,45.2,39.5,0.0,0.0,0.0,0.0,181.0,724.0,168.0,704.0,184.0,721.0,182.0,713.0,0.0,0.0,-26.0,0.0,0.0,27.9,7.0,4.996,0.0,0.0,0.68,0.847,90.1,89.0,0.0,0.0,89.0,P,0.0,77.0,192.2,0.0,0.0,0.0,0.0,357.8,1335.2,334.4,1299.2,363.2,1329.8,359.6,1315.4,0.0,0.0,192.2,2670.0,353.74999999999994,276.74999999999994,115.19999999999999,0.16604166666666667,2008.4826666666665,3.6991869918699183,46.379999999999995,47.44,401.0,True,2026-09-23 18:50:08-07:00
322.06,2,10,2026-09-24 01:55:23,36.88617,-121.40316,254.0,51.5,321.0,-12.5,0.0,,0.0,0.0,0.0,5.4,-0.5,311.6,53.5,302.0,2.0,-0.14,1.0,21.0,-23.0,25.0,54.8,29.84,1596.0,0.0,0.0,150.0,0.0,0.0,0.0,0.0,0.0,0.0,0.0,0.0,0.0,0.0,0.0,0.0,2.0,0.0,0.0,-69.0,0.0,0.0,0.0,0.0,3.0,1.0,0.0,1200.0,90.0,89.0,2659.0,2657.0,29.6,13.2,0.0,13.2,27.8,0.0,0.0,41.2,0.0,0.0,16.5,45.2,39.5,0.0,0.0,0.0,0.0,182.0,730.0,169.0,710.0,185.0,724.0,183.0,717.0,0.0,0.0,-26.0,0.0,0.0,27.8,7.0,4.996,0.0,0.0,0.676,0.852,89.8,89.0,0.0,0.0,96.0,R,0.0,77.0,192.2,0.0,0.0,0.0,0.0,359.6,1346.0,336.2,1310.0,365.0,1335.2,361.4,1322.6,0.0,0.0,192.2,2658.0,355.54999999999995,278.54999999999995,115.19999999999999,0.16958333333333334,2090.286,3.901515151515152,53.98,55.21,401.0,True,2026-09-23 18:50:08-07:00
323.06,2,10,2026-09-24 01:55:24,36.88638,-121.40335,253.0,57.0,322.5,-12.5,0.0,,0.0,0.0,0.0,5.8,-1.1,308.4,55.8,302.0,-0.9,0.03,1.0,24.0,-54.0,25.0,57.1,29.84,1596.0,0.0,0.0,150.0,0.0,0.0,0.0,0.0,0.0,0.0,0.0,0.0,0.0,0.0,0.0,0.0,7.0,0.0,0.0,-66.0,0.0,0.0,0.0,0.0,3.0,1.0,0.0,1200.0,89.0,89.0,2658.0,2657.0,29.6,13.9,0.0,13.9,28.1,0.0,0.0,41.2,0.0,0.0,16.6,45.2,39.5,0.0,0.0,0.0,0.0,183.0,734.0,170.0,715.0,186.0,727.0,184.0,720.0,0.0,0.0,-26.0,0.0,0.0,28.1,7.0,4.996,0.0,0.0,0.677,0.837,89.3,89.1,0.0,0.0,99.0,R,0.0,77.0,192.2,0.0,0.0,0.0,0.0,361.4,1353.2,338.0,1319.0,366.8,1340.6,363.2,1328.0,0.0,0.0,192.38,2657.5,357.35,280.35,115.38,0.17334722222222224,2181.7876666666666,4.100719424460432,56.279999999999994,57.56,401.0,True,2026-09-23 18:50:08-07:00
324.06,2,10,2026-09-24 01:55:25,36.88659,-121.40357,252.0,62.2,320.7,-12.5,0.0,,0.0,0.0,0.0,5.3,-0.1,310.3,63.3,300.0,0.5,-0.03,1.0,16.0,-44.0,25.0,64.8,29.84,1594.0,0.0,0.0,150.0,0.0,0.0,0.0,0.0,0.0,0.0,0.0,0.0,0.0,0.0,0.0,0.0,4.0,0.0,0.0,-55.0,0.0,0.0,0.0,0.0,3.0,1.0,0.0,1200.0,89.0,89.0,2658.0,2657.0,29.6,14.5,0.0,14.5,28.1,0.0,0.0,41.2,0.0,0.0,16.5,45.2,39.5,0.0,0.0,0.0,0.0,184.0,738.0,171.0,719.0,186.0,729.0,185.0,722.0,0.0,0.0,-26.0,0.0,0.0,28.1,7.0,4.996,0.0,0.0,0.668,0.837,89.4,89.2,0.0,0.0,100.0,R,0.0,77.0,192.2,0.0,0.0,0.0,0.0,363.2,1360.4,339.8,1326.2,366.8,1344.2,365.0,1331.6,0.0,0.0,192.56,2657.5,358.7,281.7,115.56,0.17729166666666668,2282.313,4.289655172413793,63.779999999999994,65.23,401.0,True,2026-09-23 18:50:08-07:00
325.06,2,10,2026-09-24 01:55:26,36.88683,-121.4038,252.0,67.3,322.3,-12.5,0.0,,0.0,0.0,0.0,7.7,-0.3,310.6,65.7,299.0,0.5,-0.04,1.0,28.0,-75.0,25.0,67.3,29.84,1592.0,0.0,0.0,150.0,0.0,0.0,0.0,0.0,0.0,0.0,0.0,0.0,0.0,0.0,0.0,0.0,-2.0,0.0,0.0,-44.0,0.0,0.0,0.0,0.0,3.0,0.0,0.0,1200.0,89.0,89.0,2659.0,2659.0,29.6,14.9,0.0,14.9,28.0,0.0,0.0,41.2,0.0,0.0,16.3,45.2,39.5,0.0,0.0,0.0,0.0,184.0,741.0,171.0,723.0,187.0,731.0,186.0,724.0,0.0,0.0,-26.0,0.0,0.0,28.0,7.0,4.996,0.0,0.0,0.669,0.839,89.1,89.0,0.0,0.0,100.0,R,0.0,77.0,192.2,0.0,0.0,0.0,0.0,363.2,1365.8,339.8,1333.4,368.6,1347.8,366.8,1335.2,0.0,0.0,192.2,2659.0,359.6,282.6,115.19999999999999,0.181375,2391.5246666666667,4.516778523489933,66.18,67.68,401.0,True,2026-09-23 18:50:08-07:00
326.06,2,10,2026-09-24 01:55:27,36.88708,-121.40405,252.0,71.9,322.6,-12.5,0.0,,0.0,0.0,0.0,8.2,-1.1,310.1,70.3,296.0,0.1,-0.08,1.1,29.0,-85.0,25.0,72.1,29.84,1589.0,0.0,0.0,150.0,0.0,0.0,0.0,0.0,0.0,0.0,0.0,0.0,0.0,0.0,0.0,0.0,1.0,0.0,0.0,-38.0,0.0,0.0,0.0,0.0,3.0,1.0,0.0,1200.0,89.0,89.0,2666.0,2668.0,29.8,15.2,0.0,15.2,28.0,0.0,0.0,41.2,0.0,0.0,16.4,45.2,39.5,0.0,0.0,0.0,0.0,185.0,744.0,172.0,726.0,187.0,732.0,187.0,726.0,0.0,0.0,-26.0,0.0,0.0,28.0,7.0,4.996,0.0,0.0,0.669,0.851,88.8,89.0,0.0,0.0,101.0,R,0.0,77.0,192.2,0.0,0.0,0.0,0.0,365.0,1371.2,341.6,1338.8,368.6,1349.6,368.6,1338.8,0.0,0.0,192.2,2667.0,360.95000000000005,283.95000000000005,115.19999999999999,0.18555555555555556,2508.9166666666665,4.730263157894737,70.78,72.38,401.0,True,2026-09-23 18:50:08-07:00
327.06,2,10,2026-09-24 01:55:28,36.88736,-121.4043,252.0,76.1,322.7,-12.5,0.0,,0.0,0.0,0.0,8.5,-2.5,305.5,75.3,296.0,-2.9,0.03,0.9,16.0,-38.0,25.0,77.1,29.84,1589.0,0.0,0.0,150.0,0.0,0.0,0.0,0.0,0.0,0.0,0.0,0.0,0.0,0.0,0.0,0.0,3.0,0.0,0.0,-50.0,0.0,0.0,0.0,0.0,3.0,0.0,0.0,1200.0,89.0,89.0,2663.0,2661.0,29.8,15.5,0.0,15.5,28.2,0.0,0.0,41.2,0.0,0.0,16.5,45.2,39.5,0.0,0.0,0.0,0.0,186.0,746.0,173.0,729.0,188.0,733.0,187.0,728.0,0.0,0.0,-26.0,0.0,0.0,28.2,7.0,4.996,0.0,0.0,0.662,0.85,88.6,88.9,0.0,0.0,101.0,R,0.0,77.0,192.2,0.0,0.0,0.0,0.0,366.8,1374.8,343.4,1344.2,370.4,1351.4,368.6,1342.4,0.0,0.0,192.02,2662.0,362.3,285.3,115.02000000000001,0.18981944444444446,2633.73,4.909677419354838,75.78,77.5,401.0,True,2026-09-23 18:50:08-07:00
328.06,2,10,2026-09-24 01:55:29,36.88764,-121.40458,255.0,79.8,322.1,-12.5,0.0,,0.0,0.0,0.0,7.0,-0.7,306.2,78.9,296.0,-0.9,0.03,0.9,10.0,61.0,25.0,80.8,29.84,1589.0,0.0,0.0,150.0,0.0,0.0,0.0,0.0,0.0,0.0,0.0,0.0,0.0,0.0,0.0,0.0,0.0,0.0,0.0,-47.0,0.0,0.0,0.0,0.0,3.0,1.0,0.0,1200.0,88.0,89.0,2660.0,2658.0,29.8,15.7,0.0,15.7,28.3,0.0,0.0,41.2,0.0,0.0,16.7,45.2,39.5,0.0,0.0,0.0,0.0,186.0,747.0,173.0,731.0,189.0,735.0,187.0,730.0,0.0,0.0,-26.0,0.0,0.0,28.3,7.0,4.996,0.0,0.0,0.662,0.835,88.3,89.0,0.0,0.0,101.0,R,0.0,77.0,192.2,0.0,0.0,0.0,0.0,366.8,1376.6,343.4,1347.8,372.2,1355.0,368.6,1346.0,0.0,0.0,192.2,2659.0,362.74999999999994,285.74999999999994,115.19999999999999,0.19415277777777779,2765.2056666666667,5.082802547770701,79.38000000000001,81.18,401.0,True,2026-09-23 18:50:08-07:00
329.06,2,10,2026-09-24 01:55:30,36.88793,-121.40487,257.0,83.6,321.7,-12.5,0.0,,0.0,0.0,0.0,6.4,-0.5,308.0,82.6,296.0,1.0,-0.05,0.9,8.0,115.0,25.0,84.6,29.84,1590.0,0.0,0.0,150.0,0.0,0.0,0.0,0.0,0.0,0.0,0.0,0.0,0.0,0.0,0.0,0.0,0.0,0.0,0.0,-46.0,0.0,0.0,0.0,0.0,3.0,0.0,0.0,1200.0,88.0,89.0,2664.0,2665.0,29.8,15.9,0.0,15.9,28.3,0.0,0.0,41.2,0.0,0.0,16.3,45.2,39.5,0.0,0.0,0.0,0.0,187.0,750.0,174.0,733.0,189.0,736.0,188.0,732.0,0.0,0.0,-25.0,0.0,0.0,28.3,7.0,4.996,0.0,0.0,0.66,0.842,88.3,88.9,0.0,0.0,102.0,R,0.0,77.0,192.2,0.0,0.0,0.0,0.0,368.6,1382.0,345.2,1351.4,372.2,1356.8,370.4,1349.6,0.0,0.0,192.02,2664.5,364.1,287.1,115.02000000000001,0.19854166666666667,2903.0063333333333,5.2578616352201255,83.08,84.96,401.0,True,2026-09-23 18:50:08-07:00
330.06,2,10,2026-09-24 01:55:31,36.88824,-121.40517,258.0,87.1,321.9,-12.5,0.0,,0.0,0.0,0.0,7.1,-1.3,304.8,86.2,296.0,-1.4,0.01,1.0,6.0,92.0,25.0,88.3,29.84,1590.0,0.0,0.0,150.0,0.0,0.0,0.0,0.0,0.0,0.0,0.0,0.0,0.0,0.0,0.0,0.0,3.0,0.0,0.0,-49.0,0.0,0.0,0.0,0.0,3.0,1.0,0.0,1200.0,89.0,89.0,2662.0,2662.0,29.9,16.0,0.0,16.0,28.3,0.0,0.0,41.2,0.0,0.0,14.1,45.2,39.5,0.0,0.0,0.0,0.0,188.0,753.0,174.0,736.0,190.0,738.0,189.0,733.0,0.0,0.0,-19.0,0.0,0.0,28.3,7.0,4.996,0.0,0.0,0.662,0.844,88.5,88.5,0.0,0.0,102.0,R,0.0,77.0,192.2,0.0,0.0,0.0,0.0,370.4,1387.4,345.2,1356.8,374.0,1360.4,372.2,1351.4,0.0,0.0,191.3,2662.0,365.45000000000005,288.45000000000005,114.30000000000001,0.20297222222222222,3046.963333333333,5.44375,86.68,88.64,401.0,True,2026-09-23 18:50:08-07:00
331.06,2,10,2026-09-24 01:55:32,36.88857,-121.40549,262.0,90.3,321.2,-12.5,0.0,,0.0,0.0,0.0,6.5,-1.1,304.6,89.6,297.0,-0.8,0.01,1.0,2.0,95.0,25.0,91.8,29.84,1590.0,0.0,0.0,150.0,0.0,0.0,0.0,0.0,0.0,0.0,0.0,0.0,0.0,0.0,0.0,0.0,1.0,0.0,0.0,-48.0,0.0,0.0,0.0,0.0,3.0,1.0,0.0,1200.0,88.0,88.0,2664.0,2663.0,29.9,16.0,0.0,16.0,28.4,0.0,0.0,41.2,0.0,0.0,12.6,45.2,39.5,0.0,0.0,0.0,0.0,188.0,753.0,175.0,738.0,190.0,740.0,189.0,734.0,0.0,0.0,-19.0,0.0,0.0,28.4,7.0,4.996,0.0,0.0,0.659,0.835,88.0,88.4,0.0,0.0,102.0,R,0.0,77.0,190.4,0.0,0.0,0.0,0.0,370.4,1387.4,347.0,1360.4,374.0,1364.0,372.2,1353.2,0.0,0.0,191.12,2663.5,365.9,288.9,114.12,0.20741666666666667,3196.5706666666665,5.64375,90.08,92.12,401.0,True,2026-09-23 18:50:08-07:00
332.06,2,10,2026-09-24 01:55:33,36.8889,-121.40582,264.0,93.3,321.0,-12.5,0.0,,0.0,0.0,0.0,6.2,0.5,305.2,93.0,300.0,0.2,0.02,0.9,1.0,140.0,25.0,95.3,29.84,1595.0,0.0,0.0,150.0,0.0,0.0,0.0,0.0,0.0,0.0,0.0,0.0,0.0,0.0,0.0,0.0,0.0,0.0,0.0,-49.0,0.0,0.0,0.0,0.0,3.0,1.0,0.0,1200.0,88.0,88.0,2662.0,2664.0,29.9,16.1,0.0,16.1,28.3,0.0,0.0,41.2,0.0,0.0,11.7,45.2,39.5,0.0,0.0,0.0,0.0,189.0,754.0,176.0,739.0,191.0,740.0,190.0,735.0,0.0,0.0,-19.0,0.0,0.0,28.3,7.0,4.996,0.0,0.0,0.657,0.825,87.8,88.3,0.0,0.0,102.0,R,0.0,77.0,190.4,0.0,0.0,0.0,0.0,372.2,1389.2,348.8,1362.2,375.8,1364.0,374.0,1355.0,0.0,0.0,190.94,2663.0,367.7,290.7,113.94,0.211875,3351.4066666666668,5.795031055900621,93.48,95.61,401.0,True,2026-09-23 18:50:08-07:00
333.06,2,10,2026-09-24 01:55:34,36.88924,-121.40617,268.0,96.2,321.3,-12.5,0.0,,0.0,0.0,0.0,6.0,0.0,304.2,95.1,303.0,-0.3,0.02,1.0,0.0,148.0,25.0,97.4,29.84,1595.0,0.0,0.0,150.0,0.0,0.0,0.0,0.0,0.0,0.0,0.0,0.0,0.0,0.0,0.0,0.0,0.0,0.0,0.0,-49.0,0.0,0.0,0.0,0.0,3.0,1.0,0.0,1200.0,88.0,88.0,2666.0,2662.0,29.9,16.1,0.0,16.1,28.4,0.0,0.0,41.2,0.0,0.0,11.2,45.2,39.5,0.0,0.0,0.0,0.0,189.0,756.0,176.0,740.0,191.0,740.0,191.0,736.0,0.0,0.0,-19.0,0.0,0.0,28.4,7.0,4.996,0.0,0.0,0.658,0.83,87.6,88.3,0.0,0.0,102.0,R,0.0,77.0,190.4,0.0,0.0,0.0,0.0,372.2,1392.8,348.8,1364.0,375.8,1364.0,375.8,1356.8,0.0,0.0,190.94,2664.0,368.15000000000003,291.15000000000003,113.94,0.21634722222222222,3511.2183333333332,5.975155279503105,95.58,97.76,401.0,True,2026-09-23 18:50:08-07:00
334.06,2,10,2026-09-24 01:55:35,36.8896,-121.40652,275.0,98.7,320.9,-12.5,0.0,,0.0,0.0,0.0,6.0,1.4,305.4,97.9,308.0,0.6,-0.02,1.0,0.0,215.0,25.0,100.3,29.84,1595.0,0.0,0.0,150.0,0.0,0.0,0.0,0.0,0.0,0.0,0.0,0.0,0.0,0.0,0.0,0.0,-1.0,0.0,0.0,-49.0,0.0,0.0,0.0,0.0,3.0,0.0,0.0,1200.0,87.0,88.0,2659.0,2661.0,29.9,16.2,0.0,16.2,28.2,0.0,0.0,41.2,0.0,0.0,10.8,45.2,39.5,0.0,0.0,0.0,0.0,190.0,757.0,177.0,741.0,192.0,740.0,191.0,738.0,0.0,0.0,-19.0,0.0,0.0,28.2,7.0,4.996,0.0,0.0,0.658,0.857,87.2,88.4,0.0,0.0,102.0,R,0.0,77.0,190.4,0.0,0.0,0.0,0.0,374.0,1394.6,350.6,1365.8,377.6,1364.0,375.8,1360.4,0.0,0.0,191.12,2660.0,369.5,292.5,114.12,0.22083333333333333,3675.584,6.0925925925925934,98.38000000000001,100.63,401.0,True,2026-09-23 18:50:08-07:00
335.06,2,10,2026-09-24 01:55:36,36.88995,-121.40688,282.0,100.9,321.0,-12.5,0.0,,0.0,0.0,0.0,6.8,2.4,305.7,99.8,315.0,0.4,0.01,1.1,0.0,288.0,25.0,102.3,29.84,1603.0,0.0,0.0,150.0,0.0,0.0,0.0,0.0,0.0,0.0,0.0,0.0,0.0,0.0,0.0,0.0,-1.0,0.0,0.0,-50.0,0.0,0.0,0.0,0.0,3.0,1.0,0.0,1200.0,87.0,88.0,2666.0,2666.0,29.9,16.2,0.0,16.2,28.4,0.0,0.0,41.2,0.0,0.0,10.3,45.2,39.5,0.0,0.0,0.0,0.0,191.0,758.0,178.0,742.0,192.0,741.0,192.0,738.0,0.0,0.0,-19.0,0.0,0.0,28.4,7.0,4.996,0.0,0.0,0.656,0.84,87.2,88.2,0.0,0.0,102.0,R,0.0,77.0,190.4,0.0,0.0,0.0,0.0,375.8,1396.4,352.4,1367.6,377.6,1365.8,377.6,1360.4,0.0,0.0,190.76000000000002,2666.0,370.84999999999997,293.84999999999997,113.76000000000002,0.22533333333333333,3843.9133333333334,6.228395061728396,100.28,102.59,401.0,True,2026-09-23 18:50:08-07:00
336.06,2,10,2026-09-24 01:55:37,36.89032,-121.40725,290.0,102.6,321.8,-12.5,0.0,,0.0,0.0,0.0,7.1,0.8,304.0,101.9,323.0,-0.4,0.02,1.2,0.0,364.0,25.0,104.5,29.84,1613.0,0.0,0.0,150.0,0.0,0.0,0.0,0.0,0.0,0.0,0.0,0.0,0.0,0.0,0.0,0.0,-2.0,0.0,0.0,-50.0,0.0,0.0,0.0,0.0,3.0,0.0,0.0,1200.0,87.0,88.0,2655.0,2656.0,29.9,16.2,0.0,16.2,28.3,0.0,0.0,41.1,0.0,0.0,10.2,45.2,39.5,0.0,0.0,0.0,0.0,191.0,758.0,178.0,744.0,193.0,742.0,192.0,738.0,0.0,0.0,-19.0,0.0,0.0,28.3,7.0,4.996,0.0,0.0,0.657,0.868,86.9,88.1,0.0,0.0,102.0,R,0.0,77.0,190.4,0.0,0.0,0.0,0.0,375.8,1396.4,352.4,1371.2,379.4,1367.6,377.6,1360.4,0.0,0.0,190.57999999999998,2655.5,371.3,294.3,113.57999999999998,0.22983333333333333,4015.5316666666668,6.333333333333333,102.38000000000001,104.75,401.0,True,2026-09-23 18:50:08-07:00
337.06,2,10,2026-09-24 01:55:38,36.8907,-121.40762,303.0,104.1,321.6,-12.5,0.0,,0.0,0.0,0.0,6.8,0.8,305.5,104.9,333.0,0.8,-0.07,1.0,0.0,474.0,25.0,107.5,29.84,1626.0,0.0,0.0,150.0,0.0,0.0,0.0,0.0,0.0,0.0,0.0,0.0,0.0,0.0,0.0,0.0,-1.0,0.0,0.0,-50.0,0.0,0.0,0.0,0.0,3.0,1.0,0.0,1200.0,87.0,88.0,2677.0,2673.0,29.9,16.2,0.0,16.2,28.1,0.0,0.0,41.1,0.0,0.0,10.2,45.2,39.5,0.0,0.0,0.0,0.0,192.0,760.0,179.0,744.0,193.0,744.0,193.0,739.0,0.0,0.0,-19.0,0.0,0.0,28.1,7.0,4.996,0.0,0.0,0.657,0.847,87.1,87.9,0.0,0.0,102.0,R,0.0,77.0,190.4,0.0,0.0,0.0,0.0,377.6,1400.0,354.2,1371.2,379.4,1371.2,379.4,1362.2,0.0,0.0,190.22,2675.0,372.65,295.65,113.22,0.23433333333333334,4189.848666666667,6.425925925925926,105.38000000000001,107.84,401.0,True,2026-09-23 18:50:08-07:00
338.06,2,10,2026-09-24 01:55:39,36.89108,-121.408,319.0,105.4,322.0,-12.5,0.0,,0.0,0.0,0.0,6.6,-2.3,303.1,105.0,346.0,-0.8,0.05,0.9,0.0,587.0,25.0,107.6,29.84,1642.0,0.0,0.0,150.0,0.0,0.0,0.0,0.0,0.0,0.0,0.0,0.0,0.0,0.0,0.0,0.0,0.0,0.0,0.0,-51.0,0.0,0.0,0.0,0.0,3.0,1.0,0.0,1200.0,87.0,88.0,2662.0,2658.0,29.9,16.3,0.0,16.3,28.3,0.0,0.0,41.1,0.0,0.0,10.3,45.2,39.5,0.0,0.0,0.0,0.0,192.0,760.0,179.0,745.0,194.0,745.0,193.0,739.0,0.0,0.0,-19.0,0.0,0.0,28.3,7.0,4.996,0.0,0.0,0.657,0.844,86.6,87.9,0.0,0.0,102.0,R,0.0,77.0,190.4,0.0,0.0,0.0,0.0,377.6,1400.0,354.2,1373.0,381.2,1373.0,379.4,1362.2,0.0,0.0,190.22,2660.0,373.1,296.1,113.22,0.2388472222222222,4366.527,6.466257668711656,105.48,107.97,401.0,True,2026-09-23 18:50:08-07:00
339.06,2,10,2026-09-24 01:55:40,36.89146,-121.40837,334.0,106.7,322.3,-12.5,0.0,,0.0,0.0,0.0,6.5,0.3,303.7,105.0,360.0,0.4,-0.04,0.9,0.0,688.0,25.0,107.6,29.84,1659.0,0.0,0.0,150.0,0.0,0.0,0.0,0.0,0.0,0.0,0.0,0.0,0.0,0.0,0.0,0.0,0.0,0.0,0.0,-51.0,0.0,0.0,0.0,0.0,3.0,1.0,0.0,1200.0,87.0,88.0,2660.0,2661.0,29.9,16.3,0.0,16.3,28.2,0.0,0.0,41.1,0.0,0.0,10.3,45.2,39.5,0.0,0.0,0.0,0.0,193.0,761.0,180.0,745.0,194.0,745.0,194.0,740.0,0.0,0.0,-19.0,0.0,0.0,28.2,7.0,4.996,0.0,0.0,0.658,0.869,86.8,88.0,0.0,0.0,102.0,R,0.0,77.0,190.4,0.0,0.0,0.0,0.0,379.4,1401.8,356.0,1373.0,381.2,1373.0,381.2,1364.0,0.0,0.0,190.4,2660.5,374.45000000000005,297.45000000000005,113.4,0.243375,4545.398,6.54601226993865,105.48,108.0,401.0,True,2026-09-23 18:50:08-07:00
340.06,2,10,2026-09-24 01:55:41,36.89185,-121.40875,347.0,107.8,322.3,-12.5,0.0,,0.0,0.0,0.0,6.4,-0.0,302.9,107.6,374.0,-0.4,0.0,1.0,0.0,745.0,25.0,110.4,29.84,1676.0,0.0,0.0,150.0,0.0,0.0,0.0,0.0,0.0,0.0,0.0,0.0,0.0,0.0,0.0,0.0,-1.0,0.0,0.0,-52.0,0.0,0.0,0.0,0.0,3.0,1.0,0.0,1200.0,87.0,88.0,2670.0,2672.0,29.9,16.2,0.0,16.2,28.3,0.0,0.0,41.1,0.0,0.0,10.0,45.2,39.5,0.0,0.0,0.0,0.0,193.0,762.0,180.0,746.0,195.0,745.0,194.0,740.0,0.0,0.0,-19.0,0.0,0.0,28.3,7.0,4.996,0.0,0.0,0.656,0.857,86.8,87.8,0.0,0.0,102.0,R,0.0,77.0,190.4,0.0,0.0,0.0,0.0,379.4,1403.6,356.0,1374.8,383.0,1373.0,381.2,1364.0,0.0,0.0,190.04,2671.0,374.9,297.9,113.03999999999999,0.24788888888888888,4726.293,6.654320987654321,108.08,110.69,401.0,True,2026-09-23 18:50:08-07:00
341.06,2,10,2026-09-24 01:55:42,36.89225,-121.40913,364.0,109.1,323.1,-12.5,0.0,,0.0,0.0,0.0,6.1,1.2,302.7,110.0,388.0,-0.2,-0.0,1.0,0.0,781.0,25.0,112.8,29.84,1693.0,0.0,0.0,150.0,0.0,0.0,0.0,0.0,0.0,0.0,0.0,0.0,0.0,0.0,0.0,0.0,-2.0,0.0,0.0,-52.0,0.0,0.0,0.0,0.0,3.0,0.0,0.0,1200.0,86.0,88.0,2671.0,2671.0,29.9,16.3,0.0,16.3,28.2,0.0,0.0,41.1,0.0,0.0,10.0,45.2,39.5,0.0,0.0,0.0,0.0,194.0,762.0,181.0,746.0,195.0,745.0,194.0,741.0,0.0,0.0,-20.0,0.0,0.0,28.2,7.0,4.996,0.0,0.0,0.656,0.852,86.4,87.6,0.0,0.0,102.0,R,0.0,77.0,190.4,0.0,0.0,0.0,0.0,381.2,1403.6,357.8,1374.8,383.0,1373.0,381.2,1365.8,0.0,0.0,189.68,2671.0,375.8,298.8,112.68,0.25240277777777775,4909.2119999999995,6.69325153374233,110.48,113.17,401.0,True,2026-09-23 18:50:08-07:00
342.06,2,10,2026-09-24 01:55:43,36.89265,-121.40951,379.0,110.3,323.1,-12.5,0.0,,0.0,0.0,0.0,5.4,0.6,304.4,111.1,402.0,0.9,-0.03,0.9,0.0,795.0,25.0,114.0,29.84,1721.0,0.0,0.0,150.0,0.0,0.0,0.0,0.0,0.0,0.0,0.0,0.0,0.0,0.0,0.0,0.0,-2.0,0.0,0.0,-52.0,0.0,0.0,0.0,0.0,3.0,1.0,0.0,1200.0,87.0,88.0,2671.0,2550.0,29.9,16.3,0.0,16.3,28.2,0.0,0.0,41.1,0.0,0.0,10.1,45.2,39.5,0.0,0.0,0.0,0.0,194.0,762.0,181.0,746.0,195.0,745.0,195.0,741.0,0.0,0.0,-21.0,0.0,0.0,28.2,7.0,4.996,0.0,0.0,0.656,0.857,86.6,87.5,0.0,0.0,102.0,R,0.0,77.0,190.4,0.0,0.0,0.0,0.0,381.2,1403.6,357.8,1374.8,383.0,1373.0,383.0,1365.8,0.0,0.0,189.5,2610.5,376.25,299.25,112.5,0.25693055555555555,5094.239333333333,6.766871165644171,111.58,114.33,401.0,True,2026-09-23 18:50:08-07:00
343.06,2,10,2026-09-24 01:55:44,36.89307,-121.40989,391.0,111.6,323.8,-12.5,0.0,,0.0,0.0,0.0,5.1,-0.6,303.9,112.4,414.0,0.3,-0.01,1.0,0.0,771.0,25.0,115.4,29.84,1735.0,0.0,0.0,150.0,0.0,0.0,0.0,0.0,0.0,0.0,0.0,0.0,0.0,0.0,0.0,0.0,-3.0,0.0,0.0,-52.0,0.0,0.0,0.0,0.0,3.0,1.0,0.0,1200.0,86.0,87.0,2674.0,2675.0,29.9,16.3,0.0,16.3,28.2,0.0,0.0,41.1,0.0,0.0,10.2,45.2,39.5,0.0,0.0,0.0,0.0,195.0,763.0,182.0,747.0,196.0,744.0,195.0,741.0,0.0,0.0,-21.0,0.0,0.0,28.2,7.0,4.996,0.0,0.0,0.654,0.851,86.1,87.5,0.0,0.0,102.0,R,0.0,77.0,188.6,0.0,0.0,0.0,0.0,383.0,1405.4,359.6,1376.6,384.8,1371.2,383.0,1365.8,0.0,0.0,189.5,2674.5,377.6,300.6,112.5,0.26145833333333335,5281.375,6.846625766871165,112.88000000000001,115.69,401.0,True,2026-09-23 18:50:08-07:00
344.06,2,10,2026-09-24 01:55:45,36.89349,-121.41027,404.0,112.9,323.8,-12.5,0.0,,0.0,0.0,0.0,4.9,-2.1,304.9,113.6,426.0,0.7,-0.04,1.1,0.0,747.0,25.0,116.6,29.84,1750.0,0.0,0.0,150.0,0.0,0.0,0.0,0.0,0.0,0.0,0.0,0.0,0.0,0.0,0.0,0.0,-2.0,0.0,0.0,-52.0,0.0,0.0,0.0,0.0,3.0,1.0,0.0,1200.0,86.0,88.0,2677.0,2676.0,29.9,16.3,0.0,16.3,28.2,0.0,0.0,41.1,0.0,0.0,10.2,45.2,39.5,0.0,0.0,0.0,0.0,195.0,762.0,182.0,748.0,196.0,744.0,196.0,741.0,0.0,0.0,-21.0,0.0,0.0,28.2,7.0,4.996,0.0,0.0,0.656,0.851,86.4,87.6,0.0,0.0,102.0,R,0.0,77.0,190.4,0.0,0.0,0.0,0.0,383.0,1403.6,359.6,1378.4,384.8,1371.2,384.8,1365.8,0.0,0.0,189.68,2676.5,378.05,301.05,112.68,0.2659861111111111,5470.703333333333,6.92638036809816,114.08,116.94,401.0,True,2026-09-23 18:50:08-07:00
345.06,2,10,2026-09-24 01:55:46,36.89391,-121.41066,416.0,114.0,323.7,-12.5,0.0,,0.0,0.0,0.0,4.9,-2.0,304.9,115.3,438.0,0.4,-0.04,1.1,0.0,744.0,25.0,118.4,29.84,1765.0,0.0,0.0,150.0,0.0,0.0,0.0,0.0,0.0,0.0,0.0,0.0,0.0,0.0,0.0,0.0,-3.0,0.0,0.0,-52.0,0.0,0.0,0.0,0.0,3.0,1.0,0.0,1200.0,86.0,87.0,2675.0,2676.0,29.9,16.3,0.0,16.3,28.3,0.0,0.0,41.1,0.0,0.0,9.9,45.2,39.5,0.0,0.0,0.0,0.0,196.0,762.0,183.0,747.0,197.0,744.0,196.0,742.0,0.0,0.0,-21.0,0.0,0.0,28.3,7.0,4.996,0.0,0.0,0.654,0.841,86.0,87.4,0.0,0.0,102.0,R,0.0,77.0,188.6,0.0,0.0,0.0,0.0,384.8,1403.6,361.4,1376.6,386.6,1371.2,384.8,1367.6,0.0,0.0,189.32,2675.5,379.40000000000003,302.40000000000003,112.32,0.2705138888888889,5662.055666666666,6.993865030674846,115.78,118.71,401.0,True,2026-09-23 18:50:08-07:00
346.06,2,10,2026-09-24 01:55:47,36.89434,-121.41105,429.0,115.1,323.8,-12.5,0.0,,0.0,0.0,0.0,5.3,-3.6,305.1,116.0,449.0,0.2,-0.02,1.1,0.0,723.0,25.0,119.1,29.84,1780.0,0.0,0.0,150.0,0.0,0.0,0.0,0.0,0.0,0.0,0.0,0.0,0.0,0.0,0.0,0.0,-3.0,0.0,0.0,-52.0,0.0,0.0,0.0,0.0,3.0,1.0,0.0,1200.0,86.0,87.0,2677.0,2674.0,29.9,16.3,0.0,16.3,28.2,0.0,0.0,41.1,0.0,0.0,9.9,45.2,39.5,0.0,0.0,0.0,0.0,196.0,762.0,183.0,747.0,197.0,744.0,196.0,743.0,0.0,0.0,-21.0,0.0,0.0,28.2,7.0,4.996,0.0,0.0,0.654,0.844,85.8,87.2,0.0,0.0,102.0,R,0.0,77.0,188.6,0.0,0.0,0.0,0.0,384.8,1403.6,361.4,1376.6,386.6,1371.2,384.8,1369.4,0.0,0.0,188.96,2675.5,379.40000000000003,302.40000000000003,111.96000000000001,0.2750416666666667,5855.263333333333,7.061349693251533,116.48,119.45,401.0,True,2026-09-23 18:50:08-07:00
347.06,2,10,2026-09-24 01:55:48,36.89477,-121.41145,442.0,115.8,323.6,-12.5,0.0,,0.0,0.0,0.0,6.3,-4.4,305.2,115.9,462.0,0.4,-0.05,1.1,0.0,739.0,25.0,119.1,29.84,1795.0,0.0,0.0,150.0,0.0,0.0,0.0,0.0,0.0,0.0,0.0,0.0,0.0,0.0,0.0,0.0,-3.0,0.0,0.0,-52.0,0.0,0.0,0.0,0.0,3.0,1.0,0.0,1200.0,86.0,87.0,2675.0,2675.0,29.9,16.3,0.0,16.3,28.2,0.0,0.0,41.1,0.0,0.0,10.0,45.2,39.5,0.0,0.0,0.0,0.0,196.0,761.0,183.0,747.0,197.0,743.0,196.0,743.0,0.0,0.0,-21.0,0.0,0.0,28.2,7.0,4.996,0.0,0.0,0.656,0.828,85.9,87.1,0.0,0.0,102.0,R,0.0,77.0,188.6,0.0,0.0,0.0,0.0,384.8,1401.8,361.4,1376.6,386.6,1369.4,384.8,1369.4,0.0,0.0,188.78,2675.0,379.40000000000003,302.40000000000003,111.78,0.2795694444444444,6049.989,7.104294478527607,116.38000000000001,119.38,401.0,True,2026-09-23 18:50:08-07:00
348.06,2,10,2026-09-24 01:55:49,36.8952,-121.41184,458.0,116.0,323.2,-12.5,0.0,,0.0,0.0,0.0,7.9,-3.9,305.7,116.5,477.0,0.2,-0.04,1.2,0.0,797.0,25.0,119.7,29.84,1813.0,218.0,5.0,150.0,0.0,0.0,0.0,0.0,0.0,0.0,0.0,0.0,0.0,0.0,0.0,0.0,-3.0,0.0,0.0,-52.0,0.0,0.0,0.0,0.0,3.0,1.0,0.0,1200.0,86.0,87.0,2674.0,2673.0,29.9,16.2,0.0,16.2,28.0,0.0,0.0,41.1,0.0,0.0,10.1,45.2,39.5,0.0,0.0,0.0,0.0,197.0,761.0,183.0,745.0,198.0,743.0,197.0,742.0,0.0,0.0,-21.0,0.0,0.0,28.0,7.0,4.996,0.0,0.0,0.654,0.818,86.4,87.1,0.0,0.0,102.0,R,0.0,77.0,188.6,0.0,0.0,0.0,0.0,386.6,1401.8,361.4,1373.0,388.4,1369.4,386.6,1367.6,0.0,0.0,188.78,2673.5,380.75,303.75,111.78,0.28408333333333335,6245.473666666667,7.1604938271604945,116.98,120.02,401.0,True,2026-09-23 18:50:08-07:00
349.06,2,10,2026-09-24 01:55:50,36.89563,-121.41225,478.0,115.7,322.9,-12.5,0.0,,0.0,0.0,0.0,9.3,-2.9,307.3,116.2,495.0,0.5,-0.06,1.2,0.0,933.0,25.0,119.5,29.84,1847.0,221.0,5.0,150.0,0.0,0.0,0.0,0.0,0.0,0.0,0.0,0.0,0.0,0.0,0.0,0.0,-1.0,0.0,0.0,-53.0,0.0,0.0,0.0,0.0,3.0,1.0,0.0,1200.0,86.0,87.0,2667.0,2667.0,29.9,16.3,0.0,16.3,28.1,0.0,0.0,41.1,0.0,0.0,10.2,45.2,39.5,0.0,0.0,0.0,0.0,197.0,760.0,184.0,745.0,198.0,743.0,197.0,742.0,0.0,0.0,-21.0,0.0,0.0,28.1,7.0,4.996,0.0,0.0,0.654,0.814,86.0,87.1,0.0,0.0,102.0,R,0.0,77.0,188.6,0.0,0.0,0.0,0.0,386.6,1400.0,363.2,1373.0,388.4,1369.4,386.6,1367.6,0.0,0.0,188.78,2667.0,381.20000000000005,304.20000000000005,111.78,0.2885972222222222,6440.874,7.098159509202453,116.68,119.76,401.0,True,2026-09-23 18:50:08-07:00
350.06,2,10,2026-09-24 01:55:51,36.89606,-121.41264,505.0,115.2,322.7,-12.5,0.0,,0.0,0.0,0.0,8.9,-1.0,308.2,115.7,518.0,0.3,-0.06,0.9,0.0,1102.0,25.0,119.0,29.84,1875.0,223.0,5.0,150.0,0.0,0.0,0.0,0.0,0.0,0.0,0.0,0.0,0.0,0.0,0.0,0.0,-2.0,0.0,0.0,-54.0,0.0,0.0,0.0,0.0,3.0,1.0,0.0,1200.0,86.0,87.0,2664.0,2666.0,29.8,16.3,0.0,16.3,28.1,0.0,0.0,41.1,0.0,0.0,10.0,45.2,39.5,0.0,0.0,0.0,0.0,197.0,760.0,184.0,745.0,198.0,741.0,197.0,741.0,0.0,0.0,-21.0,0.0,0.0,28.1,7.0,4.996,0.0,0.0,0.656,0.809,85.9,87.1,0.0,0.0,102.0,R,0.0,77.0,188.6,0.0,0.0,0.0,0.0,386.6,1400.0,363.2,1373.0,388.4,1365.8,386.6,1365.8,0.0,0.0,188.78,2665.0,381.20000000000005,304.20000000000005,111.78,0.293125,6635.599666666666,7.067484662576687,116.18,119.29,401.0,True,2026-09-23 18:50:08-07:00
351.06,2,10,2026-09-24 01:55:52,36.89648,-121.41305,530.0,115.6,322.8,-12.5,0.0,,0.0,0.0,0.0,8.6,1.2,310.2,115.4,541.0,0.7,-0.02,0.9,0.0,1220.0,25.0,118.8,29.84,1903.0,226.0,5.0,150.0,0.0,0.0,0.0,0.0,0.0,0.0,0.0,0.0,0.0,0.0,0.0,0.0,-3.0,0.0,0.0,-54.0,0.0,0.0,0.0,0.0,3.0,1.0,0.0,1200.0,86.0,87.0,2674.0,2672.0,29.8,16.2,0.0,16.2,28.1,0.0,0.0,41.1,0.0,0.0,9.9,45.2,39.5,0.0,0.0,0.0,0.0,197.0,760.0,185.0,744.0,199.0,741.0,197.0,741.0,0.0,0.0,-21.0,0.0,0.0,28.1,7.0,4.996,0.0,0.0,0.656,0.828,85.6,86.8,0.0,0.0,102.0,R,0.0,77.0,188.6,0.0,0.0,0.0,0.0,386.6,1400.0,365.0,1371.2,390.2,1365.8,386.6,1365.8,0.0,0.0,188.23999999999998,2673.0,382.1,305.1,111.23999999999998,0.2976388888888889,6830.241,7.135802469135802,115.88000000000001,119.03,401.0,True,2026-09-23 18:50:08-07:00
352.06,2,10,2026-09-24 01:55:53,36.89691,-121.41345,552.0,115.9,323.3,-12.5,0.0,,0.0,0.0,0.0,8.2,-0.2,312.0,115.7,563.0,0.7,-0.06,1.0,0.0,1262.0,25.0,119.1,29.84,1931.0,229.0,5.0,150.0,0.0,0.0,0.0,0.0,0.0,0.0,0.0,0.0,0.0,0.0,0.0,0.0,-3.0,0.0,0.0,-54.0,0.0,0.0,0.0,0.0,3.0,0.0,0.0,1200.0,86.0,87.0,2672.0,2672.0,29.8,16.2,0.0,16.2,28.1,0.0,0.0,41.1,0.0,0.0,10.0,45.2,39.5,0.0,0.0,0.0,0.0,198.0,758.0,185.0,744.0,199.0,741.0,198.0,741.0,0.0,0.0,-21.0,0.0,0.0,28.1,7.0,4.996,0.0,0.0,0.654,0.83,85.6,86.8,0.0,0.0,102.0,R,0.0,77.0,188.6,0.0,0.0,0.0,0.0,388.4,1396.4,365.0,1371.2,390.2,1365.8,388.4,1365.8,0.0,0.0,188.23999999999998,2672.0,383.0,306.0,111.23999999999998,0.3021388888888889,7025.472666666667,7.154320987654321,116.18,119.39,401.0,True,2026-09-23 18:50:08-07:00
353.06,2,10,2026-09-24 01:55:54,36.89734,-121.41385,573.0,116.5,322.9,-12.5,0.0,,0.0,0.0,0.0,7.7,-0.6,313.3,114.9,585.0,0.7,-0.06,1.0,0.0,1260.0,25.0,118.3,29.84,1957.0,232.0,4.0,150.0,0.0,0.0,0.0,0.0,0.0,0.0,0.0,0.0,0.0,0.0,0.0,0.0,-4.0,0.0,0.0,-53.0,0.0,0.0,0.0,0.0,3.0,1.0,0.0,1200.0,86.0,87.0,2670.0,2668.0,29.8,16.2,0.0,16.2,28.0,0.0,0.0,41.1,0.0,0.0,10.1,45.2,39.5,0.0,0.0,0.0,0.0,198.0,758.0,185.0,744.0,199.0,741.0,198.0,740.0,0.0,0.0,-21.0,0.0,0.0,28.0,7.0,4.996,0.0,0.0,0.656,0.824,85.7,86.7,0.0,0.0,102.0,R,0.0,77.0,188.6,0.0,0.0,0.0,0.0,388.4,1396.4,365.0,1371.2,390.2,1365.8,388.4,1364.0,0.0,0.0,188.06,2669.0,383.0,306.0,111.06,0.3066388888888889,7221.463333333333,7.191358024691358,115.38000000000001,118.61,401.0,True,2026-09-23 18:50:08-07:00
354.06,2,10,2026-09-24 01:55:55,36.89777,-121.41425,593.0,116.9,323.1,-12.5,0.0,,0.0,0.0,0.0,7.9,-1.9,312.7,116.4,604.0,-0.1,-0.04,1.0,0.0,1233.0,25.0,119.9,29.84,1989.0,0.0,0.0,150.0,0.0,0.0,0.0,0.0,0.0,0.0,0.0,0.0,0.0,0.0,0.0,0.0,-1.0,0.0,0.0,-53.0,0.0,0.0,0.0,0.0,3.0,1.0,0.0,1200.0,86.0,87.0,2678.0,2682.0,29.8,16.2,0.0,16.2,28.1,0.0,0.0,41.1,0.0,0.0,10.2,45.2,39.5,0.0,0.0,0.0,0.0,198.0,757.0,186.0,743.0,200.0,741.0,199.0,740.0,0.0,0.0,-21.0,0.0,0.0,28.1,7.0,4.996,0.0,0.0,0.654,0.83,85.7,86.7,0.0,0.0,102.0,R,0.0,77.0,188.6,0.0,0.0,0.0,0.0,388.4,1394.6,366.8,1369.4,392.0,1365.8,390.2,1364.0,0.0,0.0,188.06,2680.0,384.35,307.35,111.06,0.3111388888888889,7418.297333333333,7.21604938271605,116.88000000000001,120.2,401.0,True,2026-09-23 18:50:08-07:00
355.06,2,10,2026-09-24 01:55:56,36.89821,-121.41467,613.0,117.4,323.0,-12.5,0.0,,0.0,0.0,0.0,7.5,0.7,313.2,117.7,623.0,0.3,-0.03,0.9,0.0,1163.0,26.0,121.3,29.84,2014.0,0.0,0.0,150.0,0.0,0.0,0.0,0.0,0.0,0.0,0.0,0.0,0.0,0.0,0.0,0.0,-2.0,0.0,0.0,-53.0,0.0,0.0,0.0,0.0,3.0,0.0,0.0,1200.0,86.0,87.0,2675.0,2676.0,29.7,16.3,0.0,16.3,28.1,0.0,0.0,41.1,0.0,0.0,10.0,45.2,39.5,0.0,0.0,0.0,0.0,199.0,756.0,186.0,743.0,200.0,741.0,199.0,739.0,0.0,0.0,-21.0,0.0,0.0,28.1,7.0,4.996,0.0,0.0,0.656,0.83,85.6,86.7,0.0,0.0,102.0,R,0.0,78.8,188.6,0.0,0.0,0.0,0.0,390.2,1392.8,366.8,1369.4,392.0,1365.8,390.2,1362.2,0.0,0.0,188.06,2675.5,384.8,306.0,109.26,0.3156527777777778,7615.890333333333,7.2024539877300615,118.18,121.78,401.0,True,2026-09-23 18:50:08-07:00
356.06,2,10,2026-09-24 01:55:57,36.89864,-121.41507,631.0,117.9,323.1,-12.5,0.0,,0.0,0.0,0.0,6.9,-0.3,313.3,117.6,640.0,0.3,-0.03,0.9,0.0,1109.0,26.0,121.2,29.84,2035.0,0.0,0.0,150.0,0.0,0.0,0.0,0.0,0.0,0.0,0.0,0.0,0.0,0.0,0.0,0.0,-3.0,0.0,0.0,-53.0,0.0,0.0,0.0,0.0,3.0,1.0,0.0,1200.0,86.0,86.0,2674.0,2675.0,29.7,16.3,0.0,16.3,28.0,0.0,0.0,41.1,0.0,0.0,9.9,45.2,39.5,0.0,0.0,0.0,0.0,199.0,757.0,186.0,743.0,200.0,740.0,199.0,740.0,0.0,0.0,-21.0,0.0,0.0,28.0,7.0,4.996,0.0,0.0,0.654,0.835,85.5,86.5,0.0,0.0,102.0,R,0.0,78.8,186.8,0.0,0.0,0.0,0.0,390.2,1394.6,366.8,1369.4,392.0,1364.0,390.2,1364.0,0.0,0.0,187.7,2674.5,384.8,306.0,108.89999999999999,0.3201805555555556,7814.326666666666,7.233128834355829,118.08,121.72,401.0,True,2026-09-23 18:50:08-07:00
357.06,2,10,2026-09-24 01:55:58,36.89908,-121.41548,649.0,118.7,323.0,-12.5,0.0,,0.0,0.0,0.0,6.5,-0.6,313.2,118.5,657.0,0.1,-0.03,0.9,0.0,1090.0,26.0,122.2,29.84,2056.0,0.0,0.0,150.0,0.0,0.0,0.0,0.0,0.0,0.0,0.0,0.0,0.0,0.0,0.0,0.0,-2.0,0.0,0.0,-53.0,0.0,0.0,0.0,0.0,3.0,1.0,0.0,1200.0,85.0,86.0,2675.0,2674.0,29.7,16.3,0.0,16.3,27.9,0.0,0.0,41.1,0.0,0.0,10.0,45.2,39.5,0.0,0.0,0.0,0.0,199.0,756.0,186.0,743.0,200.0,739.0,199.0,740.0,0.0,0.0,-21.0,0.0,0.0,27.9,7.0,4.996,0.0,0.0,0.654,0.829,85.2,86.5,0.0,0.0,102.0,R,0.0,78.8,186.8,0.0,0.0,0.0,0.0,390.2,1392.8,366.8,1369.4,392.0,1362.2,390.2,1364.0,0.0,0.0,187.7,2674.5,384.8,306.0,108.89999999999999,0.3247083333333333,8013.859333333333,7.282208588957055,118.98,122.68,401.0,True,2026-09-23 18:50:08-07:00
358.06,2,9,2026-09-24 01:55:59,36.89952,-121.41591,663.0,119.5,323.1,-12.5,0.0,,0.0,0.0,0.0,6.4,0.2,313.1,119.0,673.0,0.0,-0.02,1.0,0.0,1018.0,26.0,122.7,29.84,2076.0,0.0,0.0,150.0,0.0,0.0,0.0,0.0,0.0,0.0,0.0,0.0,0.0,0.0,0.0,0.0,-2.0,0.0,0.0,-53.0,0.0,0.0,0.0,0.0,3.0,1.0,0.0,1200.0,86.0,86.0,2677.0,2677.0,29.7,16.3,0.0,16.3,27.9,0.0,0.0,41.0,0.0,0.0,10.2,45.2,39.5,0.0,0.0,0.0,0.0,199.0,756.0,187.0,743.0,200.0,739.0,199.0,739.0,0.0,0.0,-21.0,0.0,0.0,27.9,7.0,4.996,0.0,0.0,0.654,0.825,85.7,86.4,0.0,0.0,102.0,R,0.0,78.8,186.8,0.0,0.0,0.0,0.0,390.2,1392.8,368.6,1369.4,392.0,1362.2,390.2,1362.2,0.0,0.0,187.52,2677.0,385.25000000000006,306.45000000000005,108.72000000000001,0.3292361111111111,8214.741333333333,7.331288343558282,119.48,123.23,401.0,True,2026-09-23 18:50:08-07:00
359.06,2,9,2026-09-24 01:56:00,36.89996,-121.41632,677.0,120.2,323.2,-12.5,0.0,,0.0,0.0,0.0,5.7,2.2,314.2,119.1,687.0,0.7,-0.06,1.0,0.0,968.0,26.0,122.9,29.84,2101.0,0.0,0.0,150.0,0.0,0.0,0.0,0.0,0.0,0.0,0.0,0.0,0.0,0.0,0.0,0.0,-4.0,0.0,0.0,-53.0,0.0,0.0,0.0,0.0,3.0,1.0,0.0,1200.0,85.0,86.0,2672.0,2673.0,29.7,16.2,0.0,16.2,28.0,0.0,0.0,41.0,0.0,0.0,10.3,45.2,39.5,0.0,0.0,0.0,0.0,199.0,755.0,187.0,743.0,201.0,739.0,199.0,740.0,0.0,0.0,-21.0,0.0,0.0,28.0,7.0,4.996,0.0,0.0,0.656,0.815,85.4,86.5,0.0,0.0,102.0,R,0.0,78.8,186.8,0.0,0.0,0.0,0.0,390.2,1391.0,368.6,1369.4,393.8,1362.2,390.2,1364.0,0.0,0.0,187.7,2672.5,385.7,306.9,108.89999999999999,0.33375,8416.888333333332,7.419753086419753,119.58,123.37,401.0,True,2026-09-23 18:50:08-07:00
360.06,2,9,2026-09-24 01:56:01,36.90041,-121.41674,691.0,121.1,323.3,-12.5,0.0,,0.0,0.0,0.0,5.7,-2.1,313.5,119.9,700.0,0.1,-0.02,1.0,0.0,907.0,26.0,123.7,29.84,2120.0,0.0,0.0,150.0,0.0,0.0,0.0,0.0,0.0,0.0,0.0,0.0,0.0,0.0,0.0,0.0,-4.0,0.0,0.0,-53.0,0.0,0.0,0.0,0.0,3.0,1.0,0.0,1200.0,86.0,87.0,2677.0,2676.0,29.7,16.2,0.0,16.2,27.9,0.0,0.0,41.0,0.0,0.0,10.1,45.2,39.5,0.0,0.0,0.0,0.0,199.0,755.0,187.0,744.0,201.0,740.0,200.0,739.0,0.0,0.0,-21.0,0.0,0.0,27.9,7.0,4.996,0.0,0.0,0.654,0.822,85.5,86.5,0.0,0.0,102.0,R,0.0,78.8,188.6,0.0,0.0,0.0,0.0,390.2,1391.0,368.6,1371.2,393.8,1364.0,392.0,1362.2,0.0,0.0,187.7,2676.5,386.15000000000003,307.35,108.89999999999999,0.33825,8620.384666666667,7.4753086419753085,120.38000000000001,124.22,401.0,True,2026-09-23 18:50:08-07:00
361.06,2,9,2026-09-24 01:56:02,36.90086,-121.41716,704.0,121.9,323.3,-12.5,0.0,,0.0,0.0,0.0,5.7,-5.3,311.5,120.1,714.0,-0.8,-0.04,0.9,0.0,867.0,26.0,124.0,29.84,2138.0,0.0,0.0,150.0,0.0,0.0,0.0,0.0,0.0,0.0,0.0,0.0,0.0,0.0,0.0,0.0,-1.0,0.0,0.0,-53.0,0.0,0.0,0.0,0.0,3.0,1.0,0.0,1200.0,85.0,86.0,2679.0,2679.0,29.7,16.2,0.0,16.2,27.9,0.0,0.0,41.0,0.0,0.0,9.9,45.2,39.5,0.0,0.0,0.0,0.0,199.0,755.0,187.0,743.0,201.0,739.0,200.0,739.0,0.0,0.0,-21.0,0.0,0.0,27.9,7.0,4.996,0.0,0.0,0.654,0.811,85.3,86.3,0.0,0.0,102.0,R,0.0,78.8,186.8,0.0,0.0,0.0,0.0,390.2,1391.0,368.6,1369.4,393.8,1362.2,392.0,1362.2,0.0,0.0,187.33999999999997,2679.0,386.15000000000003,307.35,108.53999999999998,0.34275,8825.314666666667,7.524691358024692,120.58,124.46,401.0,True,2026-09-23 18:50:08-07:00
362.06,2,9,2026-09-24 01:56:03,36.90132,-121.41758,718.0,122.8,322.2,-12.5,0.0,,0.0,0.0,0.0,5.0,-3.3,310.3,121.5,727.0,-1.1,0.02,1.1,0.0,817.0,26.0,125.4,29.84,2153.0,0.0,0.0,150.0,0.0,0.0,0.0,0.0,0.0,0.0,0.0,0.0,0.0,0.0,0.0,0.0,0.0,0.0,0.0,-53.0,0.0,0.0,0.0,0.0,3.0,1.0,0.0,1200.0,85.0,86.0,2674.0,2674.0,29.6,16.3,0.0,16.3,28.0,0.0,0.0,41.0,0.0,0.0,10.0,45.2,39.5,0.0,0.0,0.0,0.0,200.0,755.0,188.0,744.0,201.0,739.0,200.0,739.0,0.0,0.0,-21.0,0.0,0.0,28.0,7.0,4.996,0.0,0.0,0.654,0.815,85.2,86.3,0.0,0.0,102.0,R,0.0,78.8,186.8,0.0,0.0,0.0,0.0,392.0,1391.0,370.4,1371.2,393.8,1362.2,392.0,1362.2,0.0,0.0,187.33999999999997,2674.0,387.04999999999995,308.24999999999994,108.53999999999998,0.34726388888888887,9031.678333333333,7.533742331288343,121.98,125.93,401.0,True,2026-09-23 18:50:08-07:00
363.06,2,9,2026-09-24 01:56:04,36.90177,-121.41802,729.0,123.6,321.8,-12.5,0.0,,0.0,0.0,0.0,5.0,-0.9,310.6,123.4,738.0,-0.2,0.01,1.0,0.0,780.0,26.0,127.5,29.84,2167.0,0.0,0.0,150.0,0.0,0.0,0.0,0.0,0.0,0.0,0.0,0.0,0.0,0.0,0.0,0.0,-1.0,0.0,0.0,-53.0,0.0,0.0,0.0,0.0,3.0,0.0,0.0,1200.0,85.0,86.0,2681.0,2677.0,29.6,16.3,0.0,16.3,28.1,0.0,0.0,41.0,0.0,0.0,10.1,45.2,39.5,0.0,0.0,0.0,0.0,200.0,756.0,188.0,743.0,201.0,739.0,200.0,739.0,0.0,0.0,-21.0,0.0,0.0,28.1,7.0,4.996,0.0,0.0,0.654,0.823,85.0,86.2,0.0,0.0,102.0,R,0.0,78.8,186.8,0.0,0.0,0.0,0.0,392.0,1392.8,370.4,1369.4,393.8,1362.2,392.0,1362.2,0.0,0.0,187.16000000000003,2679.0,387.04999999999995,308.24999999999994,108.36000000000003,0.35179166666666667,9239.475666666667,7.58282208588957,123.88000000000001,127.92,401.0,True,2026-09-23 18:50:08-07:00
364.06,2,9,2026-09-24 01:56:05,36.90222,-121.41846,742.0,124.2,321.7,-12.5,0.0,,0.0,0.0,0.0,5.2,-4.6,309.8,123.8,750.0,-0.4,0.02,1.0,0.0,751.0,26.0,127.8,29.84,2191.0,0.0,0.0,150.0,0.0,0.0,0.0,0.0,0.0,0.0,0.0,0.0,0.0,0.0,0.0,0.0,-9.0,0.0,0.0,-53.0,0.0,0.0,0.0,0.0,3.0,0.0,0.0,1200.0,85.0,86.0,2677.0,2678.0,29.7,16.3,0.0,16.3,28.0,0.0,0.0,41.0,0.0,0.0,10.2,45.2,39.5,0.0,0.0,0.0,0.0,200.0,755.0,188.0,744.0,202.0,739.0,200.0,740.0,0.0,0.0,-21.0,0.0,0.0,28.0,7.0,4.996,0.0,0.0,0.654,0.804,85.2,86.3,0.0,0.0,102.0,R,0.0,78.8,186.8,0.0,0.0,0.0,0.0,392.0,1391.0,370.4,1371.2,395.6,1362.2,392.0,1364.0,0.0,0.0,187.33999999999997,2677.5,387.5,308.7,108.53999999999998,0.35631944444444447,9448.453666666666,7.61963190184049,124.28,128.36,401.0,True,2026-09-23 18:50:08-07:00
365.06,2,9,2026-09-24 01:56:06,36.90267,-121.41891,756.0,124.9,320.4,-12.5,0.0,,0.0,0.0,0.0,5.2,-21.5,308.6,125.7,763.0,-0.7,-0.04,1.0,0.0,759.0,26.0,129.9,29.84,2208.0,0.0,0.0,150.0,0.0,0.0,0.0,0.0,0.0,0.0,0.0,0.0,0.0,0.0,0.0,0.0,-9.0,0.0,0.0,-53.0,0.0,0.0,0.0,0.0,3.0,1.0,0.0,1200.0,85.0,86.0,2689.0,2690.0,29.7,16.3,0.0,16.3,28.1,0.0,0.0,41.0,0.0,0.0,10.0,45.2,39.5,0.0,0.0,0.0,0.0,200.0,756.0,188.0,745.0,202.0,740.0,201.0,739.0,0.0,0.0,-21.0,0.0,0.0,28.1,7.0,4.996,0.0,0.0,0.654,0.819,85.1,86.3,0.0,0.0,102.0,R,0.0,78.8,186.8,0.0,0.0,0.0,0.0,392.0,1392.8,370.4,1373.0,395.6,1364.0,393.8,1362.2,0.0,0.0,187.33999999999997,2689.5,387.95000000000005,309.15000000000003,108.53999999999998,0.3608472222222222,9658.528,7.662576687116564,126.18,130.36,401.0,True,2026-09-23 18:50:08-07:00
366.06,2,9,2026-09-24 01:56:07,36.9031,-121.41939,769.0,125.3,317.1,-12.5,0.0,,0.0,0.0,0.0,5.2,-26.6,303.4,125.0,776.0,-3.2,-0.03,1.2,0.0,767.0,26.0,129.2,29.84,2224.0,0.0,0.0,150.0,0.0,0.0,0.0,0.0,0.0,0.0,0.0,0.0,0.0,0.0,0.0,0.0,-3.0,0.0,0.0,-53.0,0.0,0.0,0.0,0.0,3.0,1.0,0.0,1200.0,85.0,86.0,2673.0,2673.0,29.7,16.3,0.0,16.3,28.1,0.0,0.0,41.0,0.0,0.0,9.8,45.2,39.5,0.0,0.0,0.0,0.0,200.0,755.0,188.0,745.0,202.0,741.0,201.0,739.0,0.0,0.0,-21.0,0.0,0.0,28.1,7.0,4.996,0.0,0.0,0.654,0.815,84.8,86.1,0.0,0.0,102.0,R,0.0,78.8,186.8,0.0,0.0,0.0,0.0,392.0,1391.0,370.4,1373.0,395.6,1365.8,393.8,1362.2,0.0,0.0,186.98,2673.0,387.95000000000005,309.15000000000003,108.17999999999999,0.365375,9869.529999999999,7.6871165644171775,125.48,129.66,401.0,True,2026-09-23 18:50:08-07:00
367.06,2,9,2026-09-24 01:56:08,36.90351,-121.4199,783.0,125.8,312.5,-12.5,0.0,,0.0,0.0,0.0,5.5,-27.8,299.2,125.0,788.0,-4.0,-0.01,1.1,0.0,764.0,26.0,129.3,29.84,2239.0,0.0,0.0,150.0,0.0,0.0,0.0,0.0,0.0,0.0,0.0,0.0,0.0,0.0,0.0,0.0,-2.0,0.0,0.0,-53.0,0.0,0.0,0.0,0.0,3.0,1.0,0.0,1200.0,85.0,86.0,2674.0,2673.0,29.7,16.2,0.0,16.2,28.1,0.0,0.0,41.0,0.0,0.0,10.8,45.2,39.5,0.0,0.0,0.0,0.0,200.0,755.0,189.0,745.0,202.0,740.0,201.0,738.0,0.0,0.0,-21.0,0.0,0.0,28.1,7.0,4.996,0.0,0.0,0.654,0.82,84.7,86.1,0.0,0.0,102.0,R,0.0,78.8,186.8,0.0,0.0,0.0,0.0,392.0,1391.0,372.2,1373.0,395.6,1364.0,393.8,1360.4,0.0,0.0,186.98,2673.5,388.40000000000003,309.6,108.17999999999999,0.3698888888888889,10081.291,7.765432098765432,125.48,129.69,401.0,True,2026-09-23 18:50:08-07:00
368.06,2,9,2026-09-24 01:56:09,36.90389,-121.42046,798.0,126.2,308.2,-12.5,0.0,,0.0,0.0,0.0,5.9,-27.0,295.0,126.6,801.0,-4.0,-0.02,1.1,0.0,778.0,26.0,130.9,29.84,2255.0,0.0,0.0,150.0,0.0,0.0,0.0,0.0,0.0,0.0,0.0,0.0,0.0,0.0,0.0,0.0,-2.0,0.0,0.0,-53.0,0.0,0.0,0.0,0.0,3.0,1.0,0.0,1200.0,85.0,86.0,2681.0,2682.0,29.6,16.2,0.0,16.2,28.1,0.0,0.0,41.0,0.0,0.0,11.4,45.2,39.5,0.0,0.0,0.0,0.0,200.0,755.0,189.0,744.0,202.0,740.0,201.0,738.0,0.0,0.0,-21.0,0.0,0.0,28.1,7.0,4.996,0.0,0.0,0.654,0.812,84.9,86.1,0.0,0.0,102.0,R,0.0,78.8,186.8,0.0,0.0,0.0,0.0,392.0,1391.0,372.2,1371.2,395.6,1364.0,393.8,1360.4,0.0,0.0,186.98,2681.5,388.40000000000003,309.6,108.17999999999999,0.3743888888888889,10293.811,7.790123456790124,127.08,131.38,401.0,True,2026-09-23 18:50:08-07:00
369.06,2,9,2026-09-24 01:56:10,36.90423,-121.42104,814.0,126.7,303.8,-12.5,0.0,,0.0,0.0,0.0,5.9,-26.4,291.2,126.9,817.0,-4.0,-0.01,1.2,0.0,832.0,26.0,131.3,29.84,2281.0,0.0,0.0,150.0,0.0,0.0,0.0,0.0,0.0,0.0,0.0,0.0,0.0,0.0,0.0,0.0,-2.0,0.0,0.0,-53.0,0.0,0.0,0.0,0.0,3.0,1.0,0.0,1200.0,85.0,86.0,2674.0,2674.0,29.6,16.2,0.0,16.2,28.1,0.0,0.0,41.0,0.0,0.0,11.9,45.2,39.5,0.0,0.0,0.0,0.0,201.0,755.0,189.0,744.0,203.0,740.0,201.0,739.0,0.0,0.0,-21.0,0.0,0.0,28.1,7.0,4.996,0.0,0.0,0.654,0.797,84.8,86.1,0.0,0.0,102.0,R,0.0,78.8,186.8,0.0,0.0,0.0,0.0,393.8,1391.0,372.2,1371.2,397.4,1364.0,393.8,1362.2,0.0,0.0,186.98,2674.0,389.3,310.5,108.17999999999999,0.3788888888888889,10507.09,7.820987654320988,127.38000000000001,131.72,401.0,True,2026-09-23 18:50:08-07:00
370.06,2,9,2026-09-24 01:56:11,36.90454,-121.42167,830.0,127.2,299.8,-12.5,0.0,,0.0,0.0,0.0,5.8,-25.7,286.8,125.9,833.0,-4.3,-0.01,1.0,0.0,870.0,26.0,130.3,29.84,2301.0,0.0,0.0,150.0,0.0,0.0,0.0,0.0,0.0,0.0,0.0,0.0,0.0,0.0,0.0,0.0,-2.0,0.0,0.0,-53.0,0.0,0.0,0.0,0.0,3.0,1.0,0.0,1200.0,85.0,86.0,2679.0,2677.0,29.6,16.2,0.0,16.2,28.2,0.0,0.0,41.0,0.0,0.0,12.0,45.2,39.5,0.0,0.0,0.0,0.0,201.0,754.0,190.0,744.0,203.0,739.0,201.0,738.0,0.0,0.0,-21.0,0.0,0.0,28.2,7.0,4.996,0.0,0.0,0.654,0.814,84.8,86.3,0.0,0.0,102.0,R,0.0,78.8,186.8,0.0,0.0,0.0,0.0,393.8,1389.2,374.0,1371.2,397.4,1362.2,393.8,1360.4,0.0,0.0,187.33999999999997,2678.0,389.75,310.95,108.53999999999998,0.3833888888888889,10721.212333333333,7.851851851851852,126.38000000000001,130.73,401.0,True,2026-09-23 18:50:08-07:00
371.06,2,9,2026-09-24 01:56:12,36.90482,-121.42233,847.0,127.7,295.6,-12.5,0.0,,0.0,0.0,0.0,5.9,-23.4,284.1,127.5,848.0,-3.5,-0.05,1.0,0.0,901.0,26.0,132.0,29.84,2323.0,0.0,0.0,150.0,0.0,0.0,0.0,0.0,0.0,0.0,0.0,0.0,0.0,0.0,0.0,0.0,-2.0,0.0,0.0,-53.0,0.0,0.0,0.0,0.0,3.0,1.0,0.0,1200.0,85.0,86.0,2671.0,2674.0,29.6,16.2,0.0,16.2,28.2,0.0,0.0,41.0,0.0,0.0,11.9,45.2,39.5,0.0,0.0,0.0,0.0,201.0,754.0,190.0,744.0,203.0,739.0,201.0,736.0,0.0,0.0,-21.0,0.0,0.0,28.2,7.0,4.996,0.0,0.0,0.654,0.819,84.6,86.1,0.0,0.0,102.0,R,0.0,78.8,186.8,0.0,0.0,0.0,0.0,393.8,1389.2,374.0,1371.2,397.4,1362.2,393.8,1356.8,0.0,0.0,186.98,2672.5,389.75,310.95,108.17999999999999,0.3878888888888889,10936.178,7.882716049382717,127.98,132.42,401.0,True,2026-09-23 18:50:08-07:00
372.06,2,9,2026-09-24 01:56:13,36.90506,-121.423,863.0,128.1,292.0,-12.5,0.0,,0.0,0.0,0.0,5.8,-25.7,279.8,127.9,865.0,-4.0,0.01,1.3,0.0,937.0,26.0,132.4,29.84,2343.0,0.0,0.0,150.0,0.0,0.0,0.0,0.0,0.0,0.0,0.0,0.0,0.0,0.0,0.0,0.0,-2.0,0.0,0.0,-53.0,0.0,0.0,0.0,0.0,3.0,1.0,0.0,1200.0,85.0,86.0,2672.0,2673.0,29.6,16.2,0.0,16.2,28.2,0.0,0.0,41.0,0.0,0.0,12.0,45.2,39.5,0.0,0.0,0.0,0.0,201.0,754.0,190.0,744.0,203.0,739.0,201.0,736.0,0.0,0.0,-21.0,0.0,0.0,28.2,7.0,4.996,0.0,0.0,0.654,0.804,84.8,86.0,0.0,0.0,102.0,R,0.0,78.8,186.8,0.0,0.0,0.0,0.0,393.8,1389.2,374.0,1371.2,397.4,1362.2,393.8,1356.8,0.0,0.0,186.8,2672.5,389.75,310.95,108.00000000000001,0.3923888888888889,11151.902666666667,7.907407407407407,128.38,132.87,401.0,True,2026-09-23 18:50:08-07:00
373.06,2,9,2026-09-24 01:56:14,36.90526,-121.42369,880.0,128.5,288.0,-12.5,0.0,,0.0,0.0,0.0,5.9,-25.3,276.1,130.2,879.0,-3.8,-0.03,1.2,0.0,920.0,26.0,134.8,29.84,2362.0,0.0,0.0,150.0,0.0,0.0,0.0,0.0,0.0,0.0,0.0,0.0,0.0,0.0,0.0,0.0,-1.0,0.0,0.0,-53.0,0.0,0.0,0.0,0.0,3.0,1.0,0.0,1200.0,85.0,86.0,2694.0,2691.0,29.6,16.2,0.0,16.2,28.3,0.0,0.0,41.0,0.0,0.0,11.5,45.2,39.5,0.0,0.0,0.0,0.0,201.0,754.0,190.0,743.0,203.0,738.0,202.0,737.0,0.0,0.0,-21.0,0.0,0.0,28.3,7.0,4.996,0.0,0.0,0.654,0.812,84.7,85.8,0.0,0.0,102.0,R,0.0,78.8,186.8,0.0,0.0,0.0,0.0,393.8,1389.2,374.0,1369.4,397.4,1360.4,395.6,1358.6,0.0,0.0,186.44,2692.5,390.2,311.4,107.64,0.3968888888888889,11368.302,7.932098765432099,130.67999999999998,135.29,401.0,True,2026-09-23 18:50:08-07:00
374.06,2,9,2026-09-24 01:56:15,36.90542,-121.42441,898.0,128.6,283.5,-12.5,0.0,,0.0,0.0,0.0,6.1,-24.5,272.9,131.6,896.0,-3.6,-0.01,1.2,0.0,946.0,26.0,136.3,29.84,2382.0,0.0,0.0,150.0,0.0,0.0,0.0,0.0,0.0,0.0,0.0,0.0,0.0,0.0,0.0,0.0,0.0,0.0,0.0,-53.0,0.0,0.0,0.0,0.0,3.0,0.0,0.0,1200.0,85.0,86.0,2682.0,2684.0,29.6,16.2,0.0,16.2,28.2,0.0,0.0,41.0,0.0,0.0,11.0,45.2,39.5,0.0,0.0,0.0,0.0,201.0,754.0,190.0,742.0,203.0,739.0,202.0,737.0,0.0,0.0,-21.0,0.0,0.0,28.2,7.0,4.996,0.0,0.0,0.654,0.812,84.7,85.8,0.0,0.0,102.0,R,0.0,78.8,186.8,0.0,0.0,0.0,0.0,393.8,1389.2,374.0,1367.6,397.4,1362.2,395.6,1358.6,0.0,0.0,186.44,2683.0,390.2,311.4,107.64,0.4013888888888889,11585.123,7.938271604938271,132.07999999999998,136.78,401.0,True,2026-09-23 18:50:08-07:00
375.06,2,9,2026-09-24 01:56:16,36.90554,-121.42513,918.0,128.5,279.9,-12.5,0.0,,0.0,0.0,0.0,6.5,-23.4,268.6,130.6,914.0,-3.8,-0.05,1.1,0.0,1007.0,26.0,135.3,29.84,2414.0,0.0,0.0,150.0,0.0,0.0,0.0,0.0,0.0,0.0,0.0,0.0,0.0,0.0,0.0,0.0,0.0,0.0,0.0,-53.0,0.0,0.0,0.0,0.0,3.0,1.0,0.0,1200.0,85.0,86.0,2680.0,2680.0,29.6,16.2,0.0,16.2,28.3,0.0,0.0,41.0,0.0,0.0,10.5,45.2,39.5,0.0,0.0,0.0,0.0,202.0,753.0,190.0,742.0,204.0,738.0,202.0,736.0,0.0,0.0,-21.0,0.0,0.0,28.3,7.0,4.996,0.0,0.0,0.654,0.818,84.8,85.9,0.0,0.0,102.0,R,0.0,78.8,186.8,0.0,0.0,0.0,0.0,395.6,1387.4,374.0,1367.6,399.2,1360.4,395.6,1356.8,0.0,0.0,186.62,2680.0,391.1,312.3,107.82000000000001,0.4058888888888889,11801.944,7.932098765432099,131.07999999999998,135.79,401.0,True,2026-09-23 18:50:08-07:00
376.06,2,9,2026-09-24 01:56:17,36.90562,-121.42587,941.0,128.5,276.0,-12.5,0.0,,0.0,0.0,0.0,6.5,-16.3,266.0,130.2,933.0,-3.2,-0.03,1.3,0.0,1077.0,26.0,135.0,29.84,2439.0,0.0,0.0,150.0,0.0,0.0,0.0,0.0,0.0,0.0,0.0,0.0,0.0,0.0,0.0,0.0,2.0,0.0,0.0,-53.0,0.0,0.0,0.0,0.0,3.0,1.0,0.0,1200.0,85.0,86.0,2671.0,2670.0,29.5,16.2,0.0,16.2,28.3,0.0,0.0,41.0,0.0,0.0,10.0,45.2,39.5,0.0,0.0,0.0,0.0,202.0,753.0,191.0,741.0,204.0,738.0,202.0,736.0,0.0,0.0,-21.0,0.0,0.0,28.3,7.0,4.996,0.0,0.0,0.654,0.847,84.6,85.8,0.0,0.0,101.0,R,0.0,78.8,186.8,0.0,0.0,0.0,0.0,395.6,1387.4,375.8,1365.8,399.2,1360.4,395.6,1356.8,0.0,0.0,186.44,2670.5,391.54999999999995,312.74999999999994,107.64,0.4103888888888889,12018.680666666665,7.932098765432099,130.67999999999998,135.42,401.0,True,2026-09-23 18:50:08-07:00
377.06,2,9,2026-09-24 01:56:18,36.90567,-121.42661,965.0,128.4,273.5,-12.5,0.0,,0.0,0.0,0.0,6.7,-8.5,265.6,131.2,954.0,-1.7,-0.01,1.3,0.0,1141.0,26.0,136.0,29.84,2464.0,0.0,0.0,150.0,0.0,0.0,0.0,0.0,0.0,0.0,0.0,0.0,0.0,0.0,0.0,0.0,2.0,0.0,0.0,-53.0,0.0,0.0,0.0,0.0,3.0,1.0,0.0,1200.0,85.0,86.0,2567.0,2684.0,29.5,16.2,0.0,16.2,28.4,0.0,0.0,41.0,0.0,0.0,9.9,45.2,39.5,0.0,0.0,0.0,0.0,202.0,752.0,191.0,741.0,204.0,738.0,202.0,737.0,0.0,0.0,-21.0,0.0,0.0,28.4,7.0,4.996,0.0,0.0,0.654,0.815,84.8,85.7,0.0,0.0,101.0,R,0.0,78.8,186.8,0.0,0.0,0.0,0.0,395.6,1385.6,375.8,1365.8,399.2,1360.4,395.6,1358.6,0.0,0.0,186.26000000000002,2625.5,391.54999999999995,312.74999999999994,107.46000000000002,0.41488888888888886,12235.332999999999,7.9259259259259265,131.67999999999998,136.51,401.0,True,2026-09-23 18:50:08-07:00
378.06,2,9,2026-09-24 01:56:19,36.9057,-121.42735,989.0,127.9,272.6,-12.5,0.0,,0.0,0.0,0.0,6.7,-2.2,264.0,130.6,976.0,-1.6,0.04,0.9,0.0,1220.0,26.0,135.5,29.84,2502.0,0.0,0.0,150.0,0.0,0.0,0.0,0.0,0.0,0.0,0.0,0.0,0.0,0.0,0.0,0.0,2.0,0.0,0.0,-53.0,0.0,0.0,0.0,0.0,3.0,1.0,0.0,1200.0,85.0,86.0,2675.0,2677.0,29.5,16.2,0.0,16.2,28.5,0.0,0.0,41.0,0.0,0.0,9.9,45.2,39.5,0.0,0.0,0.0,0.0,202.0,752.0,191.0,741.0,204.0,737.0,202.0,736.0,0.0,0.0,-21.0,0.0,0.0,28.5,7.0,4.996,0.0,0.0,0.657,0.808,84.5,85.6,0.0,0.0,101.0,R,0.0,78.8,186.8,0.0,0.0,0.0,0.0,395.6,1385.6,375.8,1365.8,399.2,1358.6,395.6,1356.8,0.0,0.0,186.07999999999998,2676.0,391.54999999999995,312.74999999999994,107.27999999999999,0.41938888888888887,12451.479333333333,7.895061728395063,131.07999999999998,135.94,401.0,True,2026-09-23 18:50:08-07:00
379.06,2,9,2026-09-24 01:56:20,36.90573,-121.42808,1008.0,127.6,272.1,-12.5,0.0,,0.0,0.0,0.0,7.8,1.4,265.7,130.3,999.0,0.5,-0.0,1.0,0.0,1294.0,26.0,135.2,29.84,2530.0,0.0,0.0,150.0,0.0,0.0,0.0,0.0,0.0,0.0,0.0,0.0,0.0,0.0,0.0,0.0,-2.0,0.0,0.0,-53.0,0.0,0.0,0.0,0.0,3.0,1.0,0.0,1200.0,85.0,86.0,2680.0,2680.0,29.5,16.2,0.0,16.2,28.4,0.0,0.0,41.0,0.0,0.0,10.0,45.2,39.5,0.0,0.0,0.0,0.0,202.0,751.0,191.0,741.0,204.0,736.0,202.0,736.0,0.0,0.0,-21.0,0.0,0.0,28.4,7.0,4.996,0.0,0.0,0.654,0.808,84.7,85.6,0.0,0.0,101.0,R,0.0,78.8,186.8,0.0,0.0,0.0,0.0,395.6,1383.8,375.8,1365.8,399.2,1356.8,395.6,1356.8,0.0,0.0,186.07999999999998,2680.0,391.54999999999995,312.74999999999994,107.27999999999999,0.42388888888888887,12666.951,7.8765432098765435,130.78,135.69,401.0,True,2026-09-23 18:50:08-07:00
380.06,2,9,2026-09-24 01:56:21,36.90575,-121.42881,1040.0,126.1,272.5,-12.5,0.0,,0.0,0.0,0.0,8.5,1.3,264.8,129.2,1024.0,-0.3,0.03,1.0,0.0,1353.0,26.0,134.1,29.84,2560.0,0.0,0.0,150.0,0.0,0.0,0.0,0.0,0.0,0.0,0.0,0.0,0.0,0.0,0.0,0.0,-2.0,0.0,0.0,-54.0,0.0,0.0,0.0,0.0,3.0,1.0,0.0,1200.0,84.0,86.0,2673.0,2673.0,29.5,16.2,0.0,16.2,28.3,0.0,0.0,40.9,0.0,0.0,10.0,45.2,39.5,0.0,0.0,0.0,0.0,202.0,750.0,191.0,741.0,204.0,737.0,203.0,735.0,0.0,0.0,-21.0,0.0,0.0,28.3,7.0,4.996,0.0,0.0,0.657,0.814,84.5,85.7,0.0,0.0,101.0,R,0.0,78.8,186.8,0.0,0.0,0.0,0.0,395.6,1382.0,375.8,1365.8,399.2,1358.6,397.4,1355.0,0.0,0.0,186.26000000000002,2673.0,392.0,313.2,107.46000000000002,0.4283888888888889,12880.904666666665,7.783950617283951,129.67999999999998,134.61,401.0,True,2026-09-23 18:50:08-07:00
381.06,2,9,2026-09-24 01:56:22,36.90577,-121.42954,1069.0,125.4,272.3,-12.5,0.0,,0.0,0.0,0.0,8.4,0.7,265.1,125.9,1050.0,0.2,-0.03,1.0,0.0,1446.0,26.0,130.8,29.84,2593.0,0.0,0.0,150.0,0.0,0.0,0.0,0.0,0.0,0.0,0.0,0.0,0.0,0.0,0.0,0.0,-2.0,0.0,0.0,-54.0,0.0,0.0,0.0,0.0,3.0,1.0,0.0,1200.0,84.0,86.0,2662.0,2663.0,29.4,16.1,0.0,16.1,28.3,0.0,0.0,40.9,0.0,0.0,9.7,45.2,39.5,0.0,0.0,0.0,0.0,202.0,750.0,191.0,740.0,204.0,737.0,202.0,735.0,0.0,0.0,-21.0,0.0,0.0,28.3,7.0,4.996,0.0,0.0,0.656,0.823,84.4,85.6,0.0,0.0,101.0,R,0.0,78.8,186.8,0.0,0.0,0.0,0.0,395.6,1382.0,375.8,1364.0,399.2,1358.6,395.6,1355.0,0.0,0.0,186.07999999999998,2662.5,391.54999999999995,312.74999999999994,107.27999999999999,0.432875,13093.002999999999,7.788819875776397,126.38000000000001,131.25,401.0,True,2026-09-23 18:50:08-07:00
382.06,2,9,2026-09-24 01:56:23,36.9058,-121.43026,1091.0,124.7,272.1,-12.5,0.0,,0.0,0.0,0.0,8.1,5.0,265.5,127.2,1076.0,0.1,-0.01,1.0,0.0,1508.0,26.0,132.2,29.84,2636.0,0.0,0.0,150.0,0.0,0.0,0.0,0.0,0.0,0.0,0.0,0.0,0.0,0.0,0.0,0.0,2.0,0.0,0.0,-54.0,0.0,0.0,0.0,0.0,3.0,1.0,0.0,1200.0,85.0,86.0,2667.0,2668.0,29.4,16.1,0.0,16.1,28.4,0.0,0.0,40.9,0.0,0.0,9.7,45.2,39.5,0.0,0.0,0.0,0.0,202.0,750.0,191.0,741.0,204.0,737.0,203.0,734.0,0.0,0.0,-21.0,0.0,0.0,28.4,7.0,4.996,0.0,0.0,0.654,0.829,84.6,85.5,0.0,0.0,101.0,R,0.0,78.8,186.8,0.0,0.0,0.0,0.0,395.6,1382.0,375.8,1365.8,399.2,1358.6,397.4,1353.2,0.0,0.0,185.9,2667.5,392.0,313.2,107.10000000000001,0.4373472222222222,13303.920666666665,7.745341614906832,127.68,132.66,401.0,True,2026-09-23 18:50:08-07:00
383.06,2,9,2026-09-24 01:56:24,36.90582,-121.43098,1124.0,123.8,273.0,-12.5,0.0,,0.0,0.0,0.0,8.1,13.0,267.3,126.8,1102.0,1.1,0.04,1.0,0.0,1527.0,26.0,131.9,29.84,2668.0,0.0,0.0,150.0,0.0,0.0,0.0,0.0,0.0,0.0,0.0,0.0,0.0,0.0,0.0,0.0,1.0,0.0,0.0,-53.0,0.0,0.0,0.0,0.0,3.0,1.0,0.0,1200.0,84.0,85.0,2675.0,2675.0,29.4,16.1,0.0,16.1,28.4,0.0,0.0,40.9,0.0,0.0,9.8,45.2,39.5,0.0,0.0,0.0,0.0,202.0,750.0,192.0,739.0,204.0,736.0,203.0,734.0,0.0,0.0,-21.0,0.0,0.0,28.4,7.0,4.996,0.0,0.0,0.656,0.828,84.5,85.5,0.0,0.0,101.0,R,0.0,78.8,185.0,0.0,0.0,0.0,0.0,395.6,1382.0,377.6,1362.2,399.2,1356.8,397.4,1353.2,0.0,0.0,185.9,2675.0,392.44999999999993,313.6499999999999,107.10000000000001,0.44181944444444443,13513.489,7.689440993788819,127.28,132.3,401.0,True,2026-09-23 18:50:08-07:00
384.06,2,9,2026-09-24 01:56:25,36.90586,-121.43169,1150.0,122.9,275.1,-12.5,0.0,,0.0,0.0,0.0,7.9,20.6,269.6,126.3,1129.0,2.1,0.01,0.9,0.0,1538.0,26.0,131.4,29.84,2700.0,0.0,0.0,150.0,0.0,0.0,0.0,0.0,0.0,0.0,0.0,0.0,0.0,0.0,0.0,0.0,1.0,0.0,0.0,-53.0,0.0,0.0,0.0,0.0,3.0,1.0,0.0,1200.0,84.0,85.0,2634.0,2636.0,29.3,16.1,0.0,16.1,28.4,0.0,0.0,40.9,0.0,0.0,9.9,45.2,39.5,0.0,0.0,0.0,0.0,202.0,750.0,192.0,739.0,204.0,735.0,203.0,734.0,0.0,0.0,-21.0,0.0,0.0,28.4,7.0,4.996,0.0,0.0,0.656,0.841,83.9,85.5,0.0,0.0,100.0,R,0.0,78.8,185.0,0.0,0.0,0.0,0.0,395.6,1382.0,377.6,1362.2,399.2,1355.0,397.4,1353.2,0.0,0.0,185.9,2635.0,392.44999999999993,313.6499999999999,107.10000000000001,0.44629166666666664,13721.539333333332,7.633540372670807,126.78,131.85,401.0,True,2026-09-23 18:50:08-07:00
385.06,2,9,2026-09-24 01:56:26,36.90592,-121.4324,1175.0,122.0,277.6,-12.5,0.0,,0.0,0.0,0.0,7.2,25.2,273.3,125.3,1153.0,3.0,-0.0,0.9,0.0,1518.0,26.0,130.4,29.84,2737.0,0.0,0.0,150.0,0.0,0.0,0.0,0.0,0.0,0.0,0.0,0.0,0.0,0.0,0.0,0.0,0.0,0.0,0.0,-53.0,0.0,0.0,0.0,0.0,3.0,1.0,0.0,1200.0,83.0,86.0,2573.0,2568.0,29.3,16.1,0.0,16.1,28.5,0.0,0.0,40.9,0.0,0.0,9.9,45.2,39.5,0.0,0.0,0.0,0.0,203.0,749.0,192.0,737.0,205.0,732.0,203.0,733.0,0.0,0.0,-21.0,0.0,0.0,28.5,7.0,4.996,0.0,0.0,0.656,0.885,83.2,85.6,0.0,0.0,99.0,R,0.0,78.8,186.8,0.0,0.0,0.0,0.0,397.4,1380.2,377.6,1358.6,401.0,1349.6,397.4,1351.4,0.0,0.0,186.07999999999998,2570.5,393.35,314.55,107.27999999999999,0.4507638888888889,13928.071666666667,7.577639751552795,125.78,130.87,401.0,True,2026-09-23 18:50:08-07:00
386.06,2,9,2026-09-24 01:56:27,36.90601,-121.43308,1196.0,121.2,281.5,-12.5,0.0,,0.0,0.0,0.0,7.3,27.2,274.9,125.1,1176.0,2.3,0.02,1.0,0.0,1453.0,26.0,130.3,29.84,2769.0,0.0,0.0,150.0,0.0,0.0,0.0,0.0,0.0,0.0,0.0,0.0,0.0,0.0,0.0,0.0,0.0,0.0,0.0,-53.0,0.0,0.0,0.0,0.0,3.0,1.0,0.0,1200.0,83.0,86.0,2555.0,2556.0,29.3,16.0,0.0,16.0,28.5,0.0,0.0,40.9,0.0,0.0,9.7,45.2,39.5,0.0,0.0,0.0,0.0,203.0,744.0,192.0,735.0,205.0,730.0,203.0,729.0,0.0,0.0,-21.0,0.0,0.0,28.5,7.0,4.996,0.0,0.0,0.654,0.84,83.0,85.5,0.0,0.0,98.0,R,0.0,78.8,186.8,0.0,0.0,0.0,0.0,397.4,1371.2,377.6,1355.0,401.0,1346.0,397.4,1344.2,0.0,0.0,185.9,2555.5,393.35,314.55,107.10000000000001,0.4552222222222222,14133.170333333332,7.575,125.58,130.71,401.0,True,2026-09-23 18:50:08-07:00
387.06,2,9,2026-09-24 01:56:28,36.90614,-121.43376,1216.0,120.4,285.6,-12.5,0.0,,0.0,0.0,0.0,5.4,29.2,279.0,126.1,1197.0,3.3,0.03,0.7,0.0,1367.0,26.0,131.3,29.84,2795.0,0.0,0.0,150.0,0.0,0.0,0.0,0.0,0.0,0.0,0.0,0.0,0.0,0.0,0.0,0.0,-2.0,0.0,0.0,-53.0,0.0,0.0,0.0,0.0,3.0,1.0,0.0,1200.0,82.0,85.0,2549.0,2549.0,29.2,16.0,0.0,16.0,28.6,0.0,0.0,40.9,0.0,0.0,9.7,45.2,39.5,0.0,0.0,0.0,0.0,203.0,741.0,192.0,732.0,205.0,726.0,203.0,726.0,0.0,0.0,-21.0,0.0,0.0,28.6,7.0,4.996,0.0,0.0,0.657,0.837,82.4,85.4,0.0,0.0,97.0,R,0.0,78.8,185.0,0.0,0.0,0.0,0.0,397.4,1365.8,377.6,1349.6,401.0,1338.8,397.4,1338.8,0.0,0.0,185.72,2549.0,393.35,314.55,106.92,0.45966666666666667,14336.919666666667,7.525,126.58,131.81,401.0,True,2026-09-23 18:50:08-07:00
388.06,2,9,2026-09-24 01:56:29,36.90631,-121.43443,1227.0,120.3,289.4,-12.5,0.0,,0.0,0.0,0.0,4.4,32.5,284.1,126.6,1213.0,4.5,-0.01,1.0,0.0,1221.0,26.0,131.9,29.84,2815.0,0.0,0.0,150.0,0.0,0.0,0.0,0.0,0.0,0.0,0.0,0.0,0.0,0.0,0.0,0.0,-1.0,0.0,0.0,-53.0,0.0,0.0,0.0,0.0,3.0,1.0,0.0,1200.0,82.0,85.0,2534.0,2533.0,29.2,16.0,0.0,16.0,28.5,0.0,0.0,40.9,0.0,0.0,9.8,45.2,39.5,0.0,0.0,0.0,0.0,203.0,738.0,192.0,730.0,205.0,724.0,203.0,724.0,0.0,0.0,-21.0,0.0,0.0,28.5,7.0,4.996,0.0,0.0,0.658,0.842,82.1,85.3,0.0,0.0,97.0,R,0.0,78.8,185.0,0.0,0.0,0.0,0.0,397.4,1360.4,377.6,1346.0,401.0,1335.2,397.4,1335.2,0.0,0.0,185.54,2533.5,393.35,314.55,106.74,0.4641111111111111,14539.91,7.51875,127.08,132.36,401.0,True,2026-09-23 18:50:08-07:00
389.06,2,9,2026-09-24 01:56:30,36.90652,-121.43507,1243.0,120.0,294.6,-12.5,0.0,,0.0,0.0,0.0,3.3,33.4,288.6,128.6,1226.0,4.6,0.0,0.8,0.0,1048.0,26.0,134.1,29.84,2839.0,0.0,0.0,150.0,0.0,0.0,0.0,0.0,0.0,0.0,0.0,0.0,0.0,0.0,0.0,0.0,-3.0,0.0,0.0,-53.0,0.0,0.0,0.0,0.0,3.0,1.0,0.0,1200.0,82.0,85.0,2535.0,2537.0,29.2,15.9,0.0,15.9,28.5,0.0,0.0,40.9,0.0,0.0,9.9,45.2,39.5,0.0,0.0,0.0,0.0,203.0,735.0,192.0,728.0,205.0,722.0,203.0,721.0,0.0,0.0,-21.0,0.0,0.0,28.5,7.0,4.996,0.0,0.0,0.658,0.833,82.3,85.3,0.0,0.0,96.0,R,0.0,78.8,185.0,0.0,0.0,0.0,0.0,397.4,1355.0,377.6,1342.4,401.0,1331.6,397.4,1329.8,0.0,0.0,185.54,2536.0,393.35,314.55,106.74,0.4685416666666667,14742.563,7.547169811320755,129.07999999999998,134.48,401.0,True,2026-09-23 18:50:08-07:00
390.06,2,9,2026-09-24 01:56:31,36.90677,-121.43568,1249.0,120.2,299.5,-12.5,0.0,,0.0,0.0,0.0,3.3,33.5,292.2,126.9,1236.0,4.2,0.0,1.2,0.0,867.0,26.0,132.3,29.84,2854.0,0.0,0.0,150.0,0.0,0.0,0.0,0.0,0.0,0.0,0.0,0.0,0.0,0.0,0.0,0.0,-3.0,0.0,0.0,-53.0,0.0,0.0,0.0,0.0,3.0,1.0,0.0,1200.0,82.0,85.0,2540.0,2539.0,29.2,15.9,0.0,15.9,28.4,0.0,0.0,40.9,0.0,0.0,9.9,45.2,39.5,0.0,0.0,0.0,0.0,203.0,733.0,192.0,726.0,205.0,719.0,203.0,719.0,0.0,0.0,-21.0,0.0,0.0,28.4,7.0,4.996,0.0,0.0,0.657,0.812,82.2,85.4,0.0,0.0,96.0,R,0.0,78.8,185.0,0.0,0.0,0.0,0.0,397.4,1351.4,377.6,1338.8,401.0,1326.2,397.4,1326.2,0.0,0.0,185.72,2539.5,393.35,314.55,106.92,0.4729583333333333,14945.131666666666,7.559748427672956,127.38000000000001,132.73,401.0,True,2026-09-23 18:50:08-07:00
391.06,2,9,2026-09-24 01:56:32,36.90707,-121.43627,1256.0,120.7,304.5,-12.5,0.0,,0.0,0.0,0.0,2.3,32.1,297.9,129.0,1243.0,4.9,0.03,1.1,0.0,677.0,26.0,134.5,29.84,2862.0,0.0,0.0,150.0,0.0,0.0,0.0,0.0,0.0,0.0,0.0,0.0,0.0,0.0,0.0,0.0,-3.0,0.0,0.0,-53.0,0.0,0.0,0.0,0.0,3.0,1.0,0.0,1200.0,82.0,85.0,2546.0,2547.0,29.2,15.9,0.0,15.9,28.5,0.0,0.0,40.9,0.0,0.0,9.7,45.2,39.5,0.0,0.0,0.0,0.0,203.0,731.0,192.0,724.0,205.0,718.0,203.0,717.0,0.0,0.0,-21.0,0.0,0.0,28.5,7.0,4.996,0.0,0.0,0.657,0.819,82.4,85.4,0.0,0.0,96.0,R,0.0,78.8,185.0,0.0,0.0,0.0,0.0,397.4,1347.8,377.6,1335.2,401.0,1324.4,397.4,1322.6,0.0,0.0,185.72,2546.5,393.35,314.55,106.92,0.477375,15148.290666666666,7.591194968553459,129.48,134.94,401.0,True,2026-09-23 18:50:08-07:00
392.06,2,9,2026-09-24 01:56:33,36.90741,-121.43683,1260.0,121.2,310.1,-12.5,0.0,,0.0,0.0,0.0,1.6,30.2,302.7,130.4,1248.0,5.1,-0.03,1.1,0.0,521.0,26.0,136.0,29.84,2868.0,0.0,0.0,150.0,0.0,0.0,0.0,0.0,0.0,0.0,0.0,0.0,0.0,0.0,0.0,0.0,-3.0,0.0,0.0,-53.0,0.0,0.0,0.0,0.0,3.0,1.0,0.0,1200.0,82.0,85.0,2538.0,2536.0,29.2,15.8,0.0,15.8,28.3,0.0,0.0,40.9,0.0,0.0,9.6,45.2,39.5,0.0,0.0,0.0,0.0,203.0,730.0,192.0,722.0,205.0,717.0,203.0,717.0,0.0,0.0,-21.0,0.0,0.0,28.3,7.0,4.996,0.0,0.0,0.656,0.795,82.3,85.3,0.0,0.0,96.0,R,0.0,78.8,185.0,0.0,0.0,0.0,0.0,397.4,1346.0,377.6,1331.6,401.0,1322.6,397.4,1322.6,0.0,0.0,185.54,2537.0,393.35,314.55,106.74,0.4817777777777778,15352.293,7.670886075949367,130.88,136.41,401.0,True,2026-09-23 18:50:08-07:00
393.06,2,9,2026-09-24 01:56:34,36.90779,-121.43734,1264.0,121.8,314.8,-12.5,0.0,,0.0,0.0,0.0,2.5,16.6,305.9,130.7,1252.0,3.9,0.0,1.1,0.0,443.0,26.0,136.4,29.84,2883.0,0.0,0.0,150.0,0.0,0.0,0.0,0.0,0.0,0.0,0.0,0.0,0.0,0.0,0.0,0.0,-13.0,0.0,0.0,-53.0,0.0,0.0,0.0,0.0,3.0,1.0,0.0,1200.0,82.0,85.0,2539.0,2540.0,29.2,15.8,0.0,15.8,28.3,0.0,0.0,40.9,0.0,0.0,9.8,45.2,39.5,0.0,0.0,0.0,0.0,203.0,729.0,192.0,721.0,205.0,716.0,203.0,715.0,0.0,0.0,-21.0,0.0,0.0,28.3,7.0,4.996,0.0,0.0,0.656,0.789,82.4,85.2,0.0,0.0,96.0,R,0.0,78.8,185.0,0.0,0.0,0.0,0.0,397.4,1344.2,377.6,1329.8,401.0,1320.8,397.4,1319.0,0.0,0.0,185.36,2539.5,393.35,314.55,106.56000000000002,0.4861666666666667,15557.223,7.70886075949367,131.17999999999998,136.73,401.0,True,2026-09-23 18:50:08-07:00
394.06,2,9,2026-09-24 01:56:35,36.9082,-121.43783,1271.0,122.3,317.4,-12.5,0.0,,0.0,0.0,0.0,4.2,3.4,306.7,131.8,1257.0,2.3,-0.05,1.1,0.0,391.0,26.0,137.6,29.84,2890.0,0.0,0.0,150.0,0.0,0.0,0.0,0.0,0.0,0.0,0.0,0.0,0.0,0.0,0.0,0.0,-3.0,0.0,0.0,-53.0,0.0,0.0,0.0,0.0,3.0,1.0,0.0,1200.0,83.0,85.0,2543.0,2542.0,29.2,15.8,0.0,15.8,28.2,0.0,0.0,40.9,0.0,0.0,9.9,45.2,39.5,0.0,0.0,0.0,0.0,203.0,728.0,192.0,721.0,205.0,715.0,203.0,715.0,0.0,0.0,-21.0,0.0,0.0,28.2,7.0,4.996,0.0,0.0,0.656,0.786,82.6,85.2,0.0,0.0,96.0,R,0.0,78.8,185.0,0.0,0.0,0.0,0.0,397.4,1342.4,377.6,1329.8,401.0,1319.0,397.4,1319.0,0.0,0.0,185.36,2542.5,393.35,314.55,106.56000000000002,0.4905555555555556,15763.080666666667,7.740506329113924,132.28,137.89,401.0,True,2026-09-23 18:50:08-07:00
395.06,2,9,2026-09-24 01:56:36,36.90862,-121.4383,1282.0,122.2,317.7,-12.5,0.0,,0.0,0.0,0.0,4.5,1.5,307.3,133.5,1266.0,1.2,-0.02,1.1,0.0,434.0,26.0,139.3,29.84,2901.0,0.0,0.0,150.0,0.0,0.0,0.0,0.0,0.0,0.0,0.0,0.0,0.0,0.0,0.0,0.0,-3.0,0.0,0.0,-53.0,0.0,0.0,0.0,0.0,3.0,1.0,0.0,1200.0,82.0,85.0,2541.0,2540.0,29.2,15.8,0.0,15.8,28.2,0.0,0.0,40.9,0.0,0.0,10.0,45.2,39.5,0.0,0.0,0.0,0.0,203.0,728.0,192.0,720.0,205.0,714.0,203.0,714.0,0.0,0.0,-21.0,0.0,0.0,28.2,7.0,4.996,0.0,0.0,0.656,0.792,82.2,85.3,0.0,0.0,96.0,R,0.0,78.8,185.0,0.0,0.0,0.0,0.0,397.4,1342.4,377.6,1328.0,401.0,1317.2,397.4,1317.2,0.0,0.0,185.54,2540.5,393.35,314.55,106.74,0.49494444444444446,15969.275666666666,7.734177215189873,133.98,139.69,401.0,True,2026-09-23 18:50:08-07:00
396.06,2,9,2026-09-24 01:56:37,36.90904,-121.43877,1297.0,121.9,318.2,-12.5,0.0,,0.0,0.0,0.0,4.6,1.3,307.6,133.5,1278.0,0.7,-0.01,1.1,0.0,546.0,26.0,139.4,29.84,2916.0,0.0,0.0,150.0,0.0,0.0,0.0,0.0,0.0,0.0,0.0,0.0,0.0,0.0,0.0,0.0,-3.0,0.0,0.0,-53.0,0.0,0.0,0.0,0.0,3.0,1.0,0.0,1200.0,83.0,85.0,2537.0,2537.0,29.2,15.9,0.0,15.9,28.3,0.0,0.0,40.9,0.0,0.0,9.8,45.2,39.5,0.0,0.0,0.0,0.0,203.0,727.0,193.0,720.0,205.0,714.0,203.0,712.0,0.0,0.0,-21.0,0.0,0.0,28.3,7.0,4.996,0.0,0.0,0.656,0.787,83.1,85.4,0.0,0.0,96.0,R,0.0,78.8,185.0,0.0,0.0,0.0,0.0,397.4,1340.6,379.4,1328.0,401.0,1317.2,397.4,1313.6,0.0,0.0,185.72,2537.0,393.79999999999995,314.99999999999994,106.92,0.4993472222222222,16175.133333333333,7.666666666666667,133.98,139.72,401.0,True,2026-09-23 18:50:08-07:00
397.06,2,9,2026-09-24 01:56:38,36.90946,-121.43924,1314.0,121.4,318.4,-12.5,0.0,,0.0,0.0,0.0,5.6,0.1,307.8,132.7,1293.0,0.5,-0.02,1.1,0.0,692.0,26.0,138.6,29.84,2944.0,0.0,0.0,150.0,0.0,0.0,0.0,0.0,0.0,0.0,0.0,0.0,0.0,0.0,0.0,0.0,-3.0,0.0,0.0,-53.0,0.0,0.0,0.0,0.0,3.0,1.0,0.0,1200.0,82.0,85.0,2537.0,2535.0,29.2,15.9,0.0,15.9,28.3,0.0,0.0,40.9,0.0,0.0,9.7,45.2,39.5,0.0,0.0,0.0,0.0,203.0,725.0,192.0,719.0,205.0,712.0,203.0,712.0,0.0,0.0,-21.0,0.0,0.0,28.3,7.0,4.996,0.0,0.0,0.656,0.785,82.4,85.2,0.0,0.0,96.0,R,0.0,78.8,185.0,0.0,0.0,0.0,0.0,397.4,1337.0,377.6,1326.2,401.0,1313.6,397.4,1313.6,0.0,0.0,185.36,2536.0,393.35,314.55,106.56000000000002,0.5037638888888889,16380.316333333332,7.635220125786164,133.17999999999998,138.92,401.0,True,2026-09-23 18:50:08-07:00
398.06,2,9,2026-09-24 01:56:39,36.90988,-121.4397,1336.0,120.5,318.4,-12.5,0.0,,0.0,0.0,0.0,6.4,-0.5,307.3,132.2,1311.0,-0.0,-0.01,1.1,0.0,850.0,26.0,138.1,29.84,2966.0,0.0,0.0,150.0,0.0,0.0,0.0,0.0,0.0,0.0,0.0,0.0,0.0,0.0,0.0,0.0,-3.0,0.0,0.0,-53.0,0.0,0.0,0.0,0.0,3.0,1.0,0.0,1200.0,82.0,85.0,2532.0,2533.0,29.2,15.8,0.0,15.8,28.4,0.0,0.0,40.9,0.0,0.0,9.8,45.2,39.5,0.0,0.0,0.0,0.0,203.0,725.0,192.0,718.0,205.0,712.0,203.0,711.0,0.0,0.0,-21.0,0.0,0.0,28.4,7.0,4.996,0.0,0.0,0.654,0.784,82.4,85.2,0.0,0.0,96.0,R,0.0,78.8,185.0,0.0,0.0,0.0,0.0,397.4,1337.0,377.6,1324.4,401.0,1313.6,397.4,1311.8,0.0,0.0,185.36,2532.5,393.35,314.55,106.56000000000002,0.5081666666666667,16584.318666666666,7.6265822784810124,132.67999999999998,138.44,401.0,True,2026-09-23 18:50:08-07:00
399.06,2,9,2026-09-24 01:56:40,36.9103,-121.44016,1361.0,119.4,318.3,-12.5,0.0,,0.0,0.0,0.0,7.3,-0.9,306.6,131.0,1332.0,-0.1,-0.01,1.1,0.0,1012.0,26.0,136.9,29.84,2993.0,0.0,0.0,150.0,0.0,0.0,0.0,0.0,0.0,0.0,0.0,0.0,0.0,0.0,0.0,0.0,-2.0,0.0,0.0,-53.0,0.0,0.0,0.0,0.0,3.0,1.0,0.0,1200.0,82.0,85.0,2526.0,2526.0,29.2,15.9,0.0,15.9,28.4,0.0,0.0,40.9,0.0,0.0,9.9,45.2,39.5,0.0,0.0,0.0,0.0,203.0,724.0,192.0,717.0,205.0,711.0,203.0,709.0,0.0,0.0,-21.0,0.0,0.0,28.4,7.0,4.996,0.0,0.0,0.656,0.786,82.4,85.2,0.0,0.0,96.0,R,0.0,78.8,185.0,0.0,0.0,0.0,0.0,397.4,1335.2,377.6,1322.6,401.0,1311.8,397.4,1308.2,0.0,0.0,185.36,2526.0,393.35,314.55,106.56000000000002,0.5125694444444444,16786.63433333333,7.5094339622641515,131.48,137.24,401.0,True,2026-09-23 18:50:08-07:00
400.06,2,9,2026-09-24 01:56:41,36.91071,-121.44062,1388.0,118.0,318.1,-12.5,0.0,,0.0,0.0,0.0,7.9,-0.8,306.3,129.8,1356.0,-0.1,-0.01,1.1,0.0,1183.0,26.0,135.7,29.84,3031.0,322.0,13.0,150.0,0.0,0.0,0.0,0.0,0.0,0.0,0.0,0.0,0.0,0.0,0.0,0.0,-2.0,0.0,0.0,-53.0,0.0,0.0,0.0,0.0,3.0,1.0,0.0,1200.0,82.0,85.0,2522.0,2526.0,29.2,15.9,0.0,15.9,28.4,0.0,0.0,40.9,0.0,0.0,9.9,45.2,39.5,0.0,0.0,0.0,0.0,202.0,723.0,192.0,715.0,205.0,710.0,203.0,709.0,0.0,0.0,-21.0,0.0,0.0,28.4,7.0,4.996,0.0,0.0,0.654,0.785,82.3,85.3,0.0,0.0,96.0,R,0.0,78.8,185.0,0.0,0.0,0.0,0.0,395.6,1333.4,377.6,1319.0,401.0,1310.0,397.4,1308.2,0.0,0.0,185.54,2524.0,392.9,314.09999999999997,106.74,0.5169861111111111,16986.841666666667,7.421383647798742,130.28,136.05,401.0,True,2026-09-23 18:50:08-07:00
401.06,2,9,2026-09-24 01:56:42,36.91111,-121.44108,1417.0,116.8,318.0,-12.5,0.0,,0.0,0.0,0.0,8.1,-0.9,305.8,128.6,1384.0,-0.2,-0.01,1.0,0.0,1376.0,27.0,134.5,29.84,3067.0,321.0,14.0,150.0,0.0,0.0,0.0,0.0,0.0,0.0,0.0,0.0,0.0,0.0,0.0,0.0,-2.0,0.0,0.0,-53.0,0.0,0.0,0.0,0.0,3.0,1.0,0.0,1200.0,82.0,85.0,2525.0,2527.0,29.1,15.8,0.0,15.8,28.4,0.0,0.0,40.9,0.0,0.0,9.8,45.2,39.5,0.0,0.0,0.0,0.0,203.0,722.0,193.0,715.0,205.0,709.0,203.0,708.0,0.0,0.0,-23.0,0.0,0.0,28.4,7.0,4.996,0.0,0.0,0.654,0.811,82.0,85.4,0.0,0.0,96.0,R,0.0,80.6,185.0,0.0,0.0,0.0,0.0,397.4,1331.6,379.4,1319.0,401.0,1308.2,397.4,1306.4,0.0,0.0,185.72,2526.0,393.79999999999995,313.19999999999993,105.12,0.5213888888888889,17184.856333333333,7.392405063291139,129.07999999999998,135.09,401.0,True,2026-09-23 18:50:08-07:00
402.06,2,9,2026-09-24 01:56:43,36.91151,-121.44153,1440.0,115.7,317.9,-12.5,0.0,,0.0,0.0,0.0,8.2,-1.4,306.0,127.5,1412.0,-0.0,-0.01,1.0,0.0,1490.0,27.0,133.4,29.84,3101.0,320.0,14.0,150.0,0.0,0.0,0.0,0.0,0.0,0.0,0.0,0.0,0.0,0.0,0.0,0.0,-2.0,0.0,0.0,-53.0,0.0,0.0,0.0,0.0,3.0,1.0,0.0,1200.0,82.0,85.0,2523.0,2524.0,29.1,15.8,0.0,15.8,28.5,0.0,0.0,40.9,0.0,0.0,9.6,45.2,39.5,0.0,0.0,0.0,0.0,202.0,721.0,192.0,713.0,204.0,707.0,202.0,708.0,0.0,0.0,-24.0,0.0,0.0,28.5,7.0,4.996,0.0,0.0,0.654,0.829,82.4,85.2,0.0,0.0,96.0,R,0.0,80.6,185.0,0.0,0.0,0.0,0.0,395.6,1329.8,377.6,1315.4,399.2,1304.6,395.6,1306.4,0.0,0.0,185.36,2523.5,392.0,311.4,104.76000000000002,0.5257777777777778,17380.931333333334,7.322784810126582,127.98,134.01,401.0,True,2026-09-23 18:50:08-07:00
403.06,2,9,2026-09-24 01:56:44,36.91191,-121.44197,1470.0,114.7,317.7,-12.5,0.0,,0.0,0.0,0.0,7.9,-1.3,305.8,126.8,1439.0,-0.2,0.0,0.9,0.0,1565.0,27.0,132.7,29.84,3136.0,319.0,14.0,150.0,0.0,0.0,0.0,0.0,0.0,0.0,0.0,0.0,0.0,0.0,0.0,0.0,-2.0,0.0,0.0,-54.0,0.0,0.0,0.0,0.0,3.0,1.0,0.0,1200.0,83.0,85.0,2526.0,2528.0,29.0,15.8,0.0,15.8,28.6,0.0,0.0,40.8,0.0,0.0,9.7,45.2,39.5,0.0,0.0,0.0,0.0,202.0,721.0,192.0,713.0,204.0,707.0,202.0,707.0,0.0,0.0,-27.0,0.0,0.0,28.6,7.0,4.996,0.0,0.0,0.654,0.804,82.5,85.3,0.0,0.0,95.0,R,0.0,80.6,185.0,0.0,0.0,0.0,0.0,395.6,1329.8,377.6,1315.4,399.2,1304.6,395.6,1304.6,0.0,0.0,185.54,2527.0,392.0,311.4,104.94,0.5301666666666667,17575.235333333334,7.2594936708860756,127.28,133.34,401.0,True,2026-09-23 18:50:08-07:00
404.06,2,9,2026-09-24 01:56:45,36.9123,-121.44242,1499.0,114.3,317.5,-12.5,0.0,,0.0,0.0,0.0,7.6,-1.1,306.3,125.8,1467.0,-0.0,-0.0,0.9,0.0,1592.0,27.0,131.8,29.84,3177.0,318.0,14.0,150.0,0.0,0.0,0.0,0.0,0.0,0.0,0.0,0.0,0.0,0.0,0.0,0.0,-2.0,0.0,0.0,-54.0,0.0,0.0,0.0,0.0,3.0,1.0,0.0,1200.0,82.0,85.0,2527.0,2527.0,29.0,15.8,0.0,15.8,28.6,0.0,0.0,40.8,0.0,0.0,9.8,45.2,39.5,0.0,0.0,0.0,0.0,203.0,721.0,193.0,712.0,205.0,706.0,202.0,707.0,0.0,0.0,-27.0,0.0,0.0,28.6,7.0,4.996,0.0,0.0,0.654,0.8,82.3,85.2,0.0,0.0,95.0,R,0.0,80.6,185.0,0.0,0.0,0.0,0.0,397.4,1329.8,379.4,1313.6,401.0,1302.8,395.6,1304.6,0.0,0.0,185.36,2527.0,393.35,312.75,104.76000000000002,0.5345555555555556,17768.358666666667,7.234177215189873,126.28,132.36,401.0,True,2026-09-23 18:50:08-07:00
405.06,2,9,2026-09-24 01:56:46,36.91269,-121.44286,1523.0,113.9,317.3,-12.5,0.0,,0.0,0.0,0.0,7.1,-0.6,306.3,125.8,1491.0,-0.2,0.01,0.9,0.0,1547.0,27.0,131.8,29.84,3210.0,318.0,14.0,150.0,0.0,0.0,0.0,0.0,0.0,0.0,0.0,0.0,0.0,0.0,0.0,0.0,-2.0,0.0,0.0,-54.0,0.0,0.0,0.0,0.0,3.0,1.0,0.0,1200.0,82.0,85.0,2527.0,2527.0,29.0,15.8,0.0,15.8,28.4,0.0,0.0,40.8,0.0,0.0,10.0,45.2,39.5,0.0,0.0,0.0,0.0,202.0,720.0,192.0,712.0,205.0,705.0,202.0,707.0,0.0,0.0,-27.0,0.0,0.0,28.4,7.0,4.996,0.0,0.0,0.654,0.8,82.2,85.3,0.0,0.0,95.0,R,0.0,80.6,185.0,0.0,0.0,0.0,0.0,395.6,1328.0,377.6,1313.6,401.0,1301.0,395.6,1304.6,0.0,0.0,185.54,2527.0,392.45000000000005,311.85,104.94,0.5389444444444444,17960.807333333334,7.208860759493671,126.28,132.42,401.0,True,2026-09-23 18:50:08-07:00
406.06,2,9,2026-09-24 01:56:47,36.91307,-121.44331,1547.0,113.7,317.2,-12.5,0.0,,0.0,0.0,0.0,6.6,-0.5,306.3,125.6,1514.0,-0.1,-0.01,0.9,0.0,1468.0,27.0,131.7,29.84,3238.0,317.0,15.0,150.0,0.0,0.0,0.0,0.0,0.0,0.0,0.0,0.0,0.0,0.0,0.0,0.0,-2.0,0.0,0.0,-54.0,0.0,0.0,0.0,0.0,3.0,1.0,0.0,1200.0,82.0,85.0,2530.0,2528.0,29.0,15.8,0.0,15.8,28.4,0.0,0.0,40.8,0.0,0.0,9.8,45.2,39.5,0.0,0.0,0.0,0.0,203.0,720.0,193.0,712.0,205.0,706.0,203.0,706.0,0.0,0.0,-27.0,0.0,0.0,28.4,7.0,4.996,0.0,0.0,0.654,0.792,82.4,85.4,0.0,0.0,95.0,R,0.0,80.6,185.0,0.0,0.0,0.0,0.0,397.4,1328.0,379.4,1313.6,401.0,1302.8,397.4,1302.8,0.0,0.0,185.72,2529.0,393.79999999999995,313.19999999999993,105.12,0.5433333333333333,18152.75,7.19620253164557,126.08,132.27,401.0,True,2026-09-23 18:50:08-07:00
407.06,2,9,2026-09-24 01:56:48,36.91346,-121.44376,1565.0,113.7,316.9,-12.5,0.0,,0.0,0.0,0.0,5.8,0.1,306.3,125.7,1534.0,-0.0,-0.01,0.9,0.0,1346.0,27.0,131.9,29.84,3273.0,317.0,15.0,150.0,0.0,0.0,0.0,0.0,0.0,0.0,0.0,0.0,0.0,0.0,0.0,0.0,-1.0,0.0,0.0,-54.0,0.0,0.0,0.0,0.0,3.0,1.0,0.0,1200.0,82.0,85.0,2528.0,2528.0,28.9,15.8,0.0,15.8,28.5,0.0,0.0,40.8,0.0,0.0,9.7,45.2,39.5,0.0,0.0,0.0,0.0,202.0,720.0,192.0,712.0,205.0,706.0,202.0,706.0,0.0,0.0,-27.0,0.0,0.0,28.5,7.0,4.996,0.0,0.0,0.654,0.79,82.4,85.3,0.0,0.0,95.0,R,0.0,80.6,185.0,0.0,0.0,0.0,0.0,395.6,1328.0,377.6,1313.6,401.0,1302.8,395.6,1302.8,0.0,0.0,185.54,2528.0,392.45000000000005,311.85,104.94,0.5477222222222222,18344.523999999998,7.19620253164557,126.18,132.42,401.0,True,2026-09-23 18:50:08-07:00
408.06,2,9,2026-09-24 01:56:49,36.91385,-121.44421,1581.0,113.8,317.0,-12.5,0.0,,0.0,0.0,0.0,5.3,0.6,306.0,125.5,1550.0,-0.1,0.0,0.9,0.0,1209.0,27.0,131.7,29.84,3293.0,317.0,15.0,150.0,0.0,0.0,0.0,0.0,0.0,0.0,0.0,0.0,0.0,0.0,0.0,0.0,-2.0,0.0,0.0,-54.0,0.0,0.0,0.0,0.0,3.0,1.0,0.0,1200.0,82.0,85.0,2530.0,2532.0,28.9,15.7,0.0,15.7,28.6,0.0,0.0,40.8,0.0,0.0,9.7,45.2,39.5,0.0,0.0,0.0,0.0,202.0,720.0,192.0,712.0,204.0,706.0,202.0,705.0,0.0,0.0,-27.0,0.0,0.0,28.6,7.0,4.996,0.0,0.0,0.654,0.792,82.3,85.3,0.0,0.0,95.0,R,0.0,80.6,185.0,0.0,0.0,0.0,0.0,395.6,1328.0,377.6,1313.6,399.2,1302.8,395.6,1301.0,0.0,0.0,185.54,2531.0,392.0,311.4,104.94,0.5520972222222222,18536.38233333333,7.248407643312102,125.98,132.25,401.0,True,2026-09-23 18:50:08-07:00
409.06,2,9,2026-09-24 01:56:50,36.91423,-121.44466,1595.0,114.1,317.2,-12.5,0.0,,0.0,0.0,0.0,4.8,0.6,305.9,126.0,1566.0,-0.1,0.01,0.9,0.0,1090.0,27.0,132.2,29.84,3312.0,317.0,15.0,150.0,0.0,0.0,0.0,0.0,0.0,0.0,0.0,0.0,0.0,0.0,0.0,0.0,-2.0,0.0,0.0,-54.0,0.0,0.0,0.0,0.0,3.0,1.0,0.0,1200.0,82.0,85.0,2534.0,2533.0,28.9,15.7,0.0,15.7,28.6,0.0,0.0,40.8,0.0,0.0,9.8,45.2,39.5,0.0,0.0,0.0,0.0,202.0,719.0,192.0,712.0,204.0,705.0,202.0,705.0,0.0,0.0,-27.0,0.0,0.0,28.6,7.0,4.996,0.0,0.0,0.654,0.791,82.3,85.2,0.0,0.0,95.0,R,0.0,80.6,185.0,0.0,0.0,0.0,0.0,395.6,1326.2,377.6,1313.6,399.2,1301.0,395.6,1301.0,0.0,0.0,185.36,2533.5,392.0,311.4,104.76000000000002,0.5564583333333334,18728.577999999998,7.267515923566879,126.48,132.81,401.0,True,2026-09-23 18:50:08-07:00
410.06,2,9,2026-09-24 01:56:51,36.91462,-121.44511,1608.0,114.6,317.2,-12.5,0.0,,0.0,0.0,0.0,4.1,0.5,306.4,126.5,1578.0,0.2,-0.01,0.9,0.0,951.0,27.0,132.8,29.84,3327.0,317.0,15.0,150.0,0.0,0.0,0.0,0.0,0.0,0.0,0.0,0.0,0.0,0.0,0.0,0.0,-2.0,0.0,0.0,-54.0,0.0,0.0,0.0,0.0,3.0,1.0,0.0,1200.0,82.0,85.0,2534.0,2534.0,28.9,15.7,0.0,15.7,28.6,0.0,0.0,40.8,0.0,0.0,9.9,45.2,39.5,0.0,0.0,0.0,0.0,202.0,718.0,192.0,713.0,204.0,706.0,202.0,705.0,0.0,0.0,-27.0,0.0,0.0,28.6,7.0,4.996,0.0,0.0,0.654,0.786,82.2,85.3,0.0,0.0,95.0,R,0.0,80.6,185.0,0.0,0.0,0.0,0.0,395.6,1324.4,377.6,1315.4,399.2,1302.8,395.6,1301.0,0.0,0.0,185.54,2534.0,392.0,311.4,104.94,0.5608194444444444,18921.448333333334,7.2993630573248405,126.98,133.37,401.0,True,2026-09-23 18:50:08-07:00
411.06,2,9,2026-09-24 01:56:52,36.91501,-121.44556,1618.0,115.3,317.3,-12.5,0.0,,0.0,0.0,0.0,3.5,-0.1,306.2,126.9,1589.0,0.0,-0.01,0.9,0.0,820.0,27.0,133.3,29.84,3350.0,317.0,16.0,150.0,0.0,0.0,0.0,0.0,0.0,0.0,0.0,0.0,0.0,0.0,0.0,0.0,-2.0,0.0,0.0,-54.0,0.0,0.0,0.0,0.0,3.0,1.0,0.0,1200.0,82.0,85.0,2539.0,2536.0,28.9,15.7,0.0,15.7,28.6,0.0,0.0,40.8,0.0,0.0,9.8,45.2,39.5,0.0,0.0,0.0,0.0,202.0,718.0,193.0,712.0,205.0,706.0,202.0,705.0,0.0,0.0,-27.0,0.0,0.0,28.6,7.0,4.996,0.0,0.0,0.654,0.789,82.3,85.5,0.0,0.0,95.0,R,0.0,80.6,185.0,0.0,0.0,0.0,0.0,395.6,1324.4,379.4,1313.6,401.0,1302.8,395.6,1301.0,0.0,0.0,185.9,2537.5,392.9,312.29999999999995,105.30000000000001,0.5651805555555556,19115.330666666665,7.343949044585988,127.38000000000001,133.81,401.0,True,2026-09-23 18:50:08-07:00
412.06,2,9,2026-09-24 01:56:53,36.91541,-121.44601,1626.0,116.1,317.4,-12.5,0.0,,0.0,0.0,0.0,3.2,1.1,306.4,127.5,1597.0,0.1,-0.0,1.0,0.0,696.0,27.0,133.9,29.84,3361.0,316.0,16.0,150.0,0.0,0.0,0.0,0.0,0.0,0.0,0.0,0.0,0.0,0.0,0.0,0.0,-2.0,0.0,0.0,-54.0,0.0,0.0,0.0,0.0,3.0,1.0,0.0,1200.0,82.0,85.0,2536.0,2533.0,28.9,15.8,0.0,15.8,28.5,0.0,0.0,40.8,0.0,0.0,9.6,45.2,39.5,0.0,0.0,0.0,0.0,202.0,718.0,192.0,711.0,204.0,706.0,202.0,704.0,0.0,0.0,-27.0,0.0,0.0,28.5,7.0,4.996,0.0,0.0,0.654,0.793,82.3,85.3,0.0,0.0,95.0,R,0.0,80.6,185.0,0.0,0.0,0.0,0.0,395.6,1324.4,377.6,1311.8,399.2,1302.8,395.6,1299.2,0.0,0.0,185.54,2534.5,392.0,311.4,104.94,0.5695555555555556,19310.478,7.348101265822784,127.98,134.46,401.0,True,2026-09-23 18:50:08-07:00
413.06,2,9,2026-09-24 01:56:54,36.9158,-121.44646,1632.0,117.1,317.6,-12.5,0.0,,0.0,0.0,0.0,3.0,1.4,306.9,128.0,1604.0,0.3,-0.0,0.9,0.0,584.0,27.0,134.4,29.84,3370.0,317.0,16.0,150.0,0.0,0.0,0.0,0.0,0.0,0.0,0.0,0.0,0.0,0.0,0.0,0.0,-2.0,0.0,0.0,-54.0,0.0,0.0,0.0,0.0,3.0,1.0,0.0,1200.0,82.0,85.0,2535.0,2534.0,28.9,15.8,0.0,15.8,28.6,0.0,0.0,40.8,0.0,0.0,9.6,45.2,39.5,0.0,0.0,0.0,0.0,202.0,718.0,192.0,711.0,204.0,705.0,202.0,705.0,0.0,0.0,-27.0,0.0,0.0,28.6,7.0,4.996,0.0,0.0,0.654,0.785,82.1,85.3,0.0,0.0,95.0,R,0.0,80.6,185.0,0.0,0.0,0.0,0.0,395.6,1324.4,377.6,1311.8,399.2,1301.0,395.6,1301.0,0.0,0.0,185.54,2534.5,392.0,311.4,104.94,0.5739444444444445,19507.143333333333,7.411392405063291,128.48,135.01,401.0,True,2026-09-23 18:50:08-07:00
414.06,2,9,2026-09-24 01:56:55,36.91621,-121.44692,1636.0,118.0,317.8,-12.5,-0.0,E16,12.3,324.0,0.0,2.7,0.7,307.3,129.2,1610.0,0.2,-0.0,1.0,0.0,491.0,27.0,135.8,29.84,3386.0,317.0,16.0,150.0,0.0,0.0,0.0,312.0,0.0,0.0,5.0,0.0,-99.0,0.0,0.0,0.0,-2.0,0.0,0.0,-54.0,0.0,0.0,0.0,0.0,3.0,1.0,0.0,1200.0,82.0,85.0,2540.0,2536.0,28.9,15.8,0.0,15.8,28.5,0.0,0.0,40.8,0.0,0.0,9.8,45.2,39.5,0.0,0.0,0.0,0.0,202.0,719.0,193.0,711.0,204.0,706.0,202.0,704.0,0.0,0.0,-27.0,0.0,0.0,28.5,7.0,4.996,0.0,0.0,0.654,0.786,82.4,85.2,0.0,0.0,95.0,R,0.0,80.6,185.0,0.0,0.0,0.0,0.0,395.6,1326.2,379.4,1311.8,399.2,1302.8,395.6,1299.2,0.0,0.0,185.36,2538.0,392.44999999999993,311.8499999999999,104.76000000000002,0.5783333333333334,19705.411,7.468354430379747,129.67999999999998,136.28,401.0,True,2026-09-23 18:50:08-07:00
415.06,2,9,2026-09-24 01:56:56,36.91661,-121.44738,1640.0,119.2,317.9,-12.5,0.0,E16,12.2,324.0,0.0,2.3,0.9,307.5,130.0,1613.0,0.2,-0.01,1.0,0.0,371.0,27.0,136.7,29.84,3392.0,317.0,16.0,150.0,0.0,0.0,0.0,312.0,0.0,0.0,5.0,0.0,-99.0,0.0,0.0,0.0,-2.0,0.0,0.0,-54.0,0.0,0.0,0.0,0.0,3.0,1.0,0.0,1200.0,82.0,85.0,2540.0,2540.0,28.8,15.8,0.0,15.8,28.5,0.0,0.0,40.8,0.0,0.0,9.9,45.2,39.5,0.0,0.0,0.0,0.0,202.0,719.0,193.0,711.0,204.0,706.0,202.0,704.0,0.0,0.0,-27.0,0.0,0.0,28.5,7.0,4.996,0.0,0.0,0.654,0.791,82.4,85.3,0.0,0.0,95.0,R,0.0,80.6,185.0,0.0,0.0,0.0,0.0,395.6,1326.2,379.4,1311.8,399.2,1302.8,395.6,1299.2,0.0,0.0,185.54,2540.0,392.44999999999993,311.8499999999999,104.94,0.5827222222222223,19905.449666666667,7.544303797468355,130.48,137.13,401.0,True,2026-09-23 18:50:08-07:00
416.06,2,9,2026-09-24 01:56:57,36.91703,-121.44784,1641.0,120.3,318.0,-12.5,0.01,E16,12.2,324.1,0.0,2.2,2.1,308.2,130.9,1615.0,0.3,-0.01,0.9,0.0,273.0,27.0,137.5,29.84,3394.0,318.0,16.0,150.0,0.0,0.0,0.0,312.0,0.0,0.0,5.0,0.0,-99.0,0.0,0.0,0.0,-2.0,0.0,0.0,-54.0,0.0,0.0,0.0,0.0,3.0,1.0,0.0,1200.0,82.0,85.0,2543.0,2544.0,28.9,15.8,0.0,15.8,28.6,0.0,0.0,40.8,0.0,0.0,9.8,45.2,39.5,0.0,0.0,0.0,0.0,203.0,719.0,193.0,711.0,204.0,706.0,202.0,704.0,0.0,0.0,-27.0,0.0,0.0,28.6,7.0,4.996,0.0,0.0,0.654,0.789,82.4,85.5,0.0,0.0,95.0,R,0.0,80.6,185.0,0.0,0.0,0.0,0.0,397.4,1326.2,379.4,1311.8,399.2,1302.8,395.6,1299.2,0.0,0.0,185.9,2543.5,392.9,312.29999999999995,105.30000000000001,0.5871111111111111,20107.428,7.613924050632911,131.38,138.08,401.0,True,2026-09-23 18:50:08-07:00
417.06,2,9,2026-09-24 01:56:58,36.91744,-121.44831,1641.0,121.5,318.4,-12.5,0.01,E16,12.2,324.1,0.0,2.1,1.8,308.6,131.6,1616.0,0.3,-0.0,1.0,0.0,177.0,27.0,138.3,29.84,3395.0,318.0,16.0,150.0,0.0,0.0,0.0,312.0,0.0,0.0,5.0,0.0,-99.0,0.0,0.0,0.0,-2.0,0.0,0.0,-54.0,0.0,0.0,0.0,0.0,3.0,1.0,0.0,1200.0,82.0,85.0,2543.0,2543.0,28.9,15.8,0.0,15.8,28.6,0.0,0.0,40.8,0.0,0.0,9.6,45.2,39.5,0.0,0.0,0.0,0.0,202.0,718.0,193.0,710.0,204.0,706.0,202.0,704.0,0.0,0.0,-27.0,0.0,0.0,28.6,7.0,4.996,0.0,0.0,0.654,0.786,82.4,85.4,0.0,0.0,95.0,R,0.0,80.6,185.0,0.0,0.0,0.0,0.0,395.6,1324.4,379.4,1310.0,399.2,1302.8,395.6,1299.2,0.0,0.0,185.72,2543.0,392.44999999999993,311.8499999999999,105.12,0.5915,20311.345999999998,7.689873417721518,132.07999999999998,138.82,401.0,True,2026-09-23 18:50:08-07:00
418.06,2,9,2026-09-24 01:56:59,36.91787,-121.44878,1641.0,122.6,318.8,-12.5,0.01,E16,12.1,324.1,0.0,1.9,0.3,308.3,133.6,1616.0,0.0,-0.01,1.0,0.0,58.0,27.0,140.4,29.84,3405.0,318.0,17.0,150.0,0.0,0.0,0.0,312.0,0.0,0.0,5.0,0.0,-99.0,0.0,0.0,0.0,-2.0,0.0,0.0,-54.0,0.0,0.0,0.0,0.0,3.0,1.0,0.0,1200.0,82.0,85.0,2544.0,2544.0,28.9,15.7,0.0,15.7,28.5,0.0,0.0,40.8,0.0,0.0,9.6,45.2,39.5,0.0,0.0,0.0,0.0,202.0,719.0,192.0,711.0,204.0,707.0,202.0,704.0,0.0,0.0,-27.0,0.0,0.0,28.5,7.0,4.996,0.0,0.0,0.654,0.785,82.4,85.3,0.0,0.0,95.0,R,0.0,80.6,185.0,0.0,0.0,0.0,0.0,395.6,1326.2,377.6,1311.8,399.2,1304.6,395.6,1299.2,0.0,0.0,185.54,2544.0,392.0,311.4,104.94,0.595875,20517.203666666665,7.808917197452229,134.07999999999998,140.92,401.0,True,2026-09-23 18:50:08-07:00
419.06,2,9,2026-09-24 01:57:00,36.9183,-121.44924,1639.0,123.7,318.8,-12.5,0.02,E16,12.1,324.1,0.0,1.6,0.1,308.5,134.6,1616.0,0.2,-0.02,1.0,0.0,59.0,27.0,141.5,29.84,3405.0,319.0,17.0,150.0,0.0,0.0,0.0,312.0,0.0,0.0,5.0,0.0,-99.0,0.0,0.0,0.0,-2.0,0.0,0.0,-54.0,0.0,0.0,0.0,0.0,3.0,1.0,0.0,1200.0,82.0,85.0,2543.0,2545.0,28.9,15.7,0.0,15.7,28.5,0.0,0.0,40.8,0.0,0.0,9.7,45.2,39.5,0.0,0.0,0.0,0.0,202.0,719.0,192.0,711.0,204.0,707.0,202.0,704.0,0.0,0.0,-27.0,0.0,0.0,28.5,7.0,4.996,0.0,0.0,0.654,0.786,82.4,85.3,0.0,0.0,95.0,R,0.0,80.6,185.0,0.0,0.0,0.0,0.0,395.6,1326.2,377.6,1311.8,399.2,1304.6,395.6,1299.2,0.0,0.0,185.54,2544.0,392.0,311.4,104.94,0.6002361111111111,20724.916666666664,7.8789808917197455,135.07999999999998,141.97,401.0,True,2026-09-23 18:50:08-07:00
420.06,2,9,2026-09-24 01:57:01,36.91873,-121.44971,1638.0,124.6,318.9,-12.5,0.02,E16,12.1,324.1,0.0,1.7,0.4,308.2,135.7,1616.0,0.1,-0.01,1.0,0.0,12.0,27.0,142.6,29.84,3405.0,319.0,17.0,150.0,0.0,0.0,0.0,312.0,0.0,0.0,5.0,0.0,-99.0,0.0,0.0,0.0,-2.0,0.0,0.0,-54.0,0.0,0.0,0.0,0.0,3.0,1.0,0.0,1200.0,83.0,85.0,2543.0,2542.0,28.9,15.8,0.0,15.8,28.4,0.0,0.0,40.8,0.0,0.0,9.8,45.2,39.5,0.0,0.0,0.0,0.0,202.0,718.0,192.0,711.0,204.0,707.0,202.0,704.0,0.0,0.0,-27.0,0.0,0.0,28.4,7.0,4.996,0.0,0.0,0.654,0.785,82.5,85.3,0.0,0.0,95.0,R,0.0,80.6,185.0,0.0,0.0,0.0,0.0,395.6,1324.4,377.6,1311.8,399.2,1304.6,395.6,1299.2,0.0,0.0,185.54,2542.5,392.0,311.4,104.94,0.6046111111111111,20934.316333333332,7.886075949367088,136.17999999999998,143.13,401.0,True,2026-09-23 18:50:08-07:00
421.06,2,9,2026-09-24 01:57:02,36.91917,-121.45019,1638.0,125.4,319.1,-12.5,0.02,E16,12.0,324.1,0.0,1.9,0.9,308.4,136.4,1616.0,0.2,-0.01,1.0,0.0,-2.0,27.0,143.4,29.84,3415.0,319.0,17.0,150.0,0.0,0.0,0.0,312.0,0.0,0.0,5.0,0.0,-99.0,0.0,0.0,0.0,-2.0,0.0,0.0,-54.0,0.0,0.0,0.0,0.0,3.0,1.0,0.0,1200.0,82.0,85.0,2543.0,2544.0,28.9,15.8,0.0,15.8,28.3,0.0,0.0,40.8,0.0,0.0,9.9,45.2,39.5,0.0,0.0,0.0,0.0,202.0,719.0,193.0,710.0,204.0,707.0,202.0,704.0,0.0,0.0,-27.0,0.0,0.0,28.3,7.0,4.996,0.0,0.0,0.654,0.784,82.2,85.5,0.0,0.0,95.0,R,0.0,80.6,185.0,0.0,0.0,0.0,0.0,395.6,1326.2,379.4,1310.0,399.2,1304.6,395.6,1299.2,0.0,0.0,185.9,2543.5,392.44999999999993,311.8499999999999,105.30000000000001,0.609,21145.149666666664,7.936708860759493,136.88,143.86,401.0,True,2026-09-23 18:50:08-07:00
422.06,2,9,2026-09-24 01:57:03,36.91961,-121.45066,1639.0,126.1,319.4,-12.5,0.02,E16,12.0,324.2,0.0,2.1,0.0,308.4,137.0,1616.0,0.2,-0.01,1.0,0.0,25.0,27.0,144.0,29.84,3415.0,319.0,17.0,150.0,0.0,0.0,0.0,312.0,0.0,0.0,5.0,0.0,-99.0,0.0,0.0,0.0,-2.0,0.0,0.0,-54.0,0.0,0.0,0.0,0.0,3.0,1.0,0.0,1200.0,82.0,85.0,2542.0,2541.0,28.9,15.7,0.0,15.7,28.4,0.0,0.0,40.8,0.0,0.0,9.7,45.2,39.5,0.0,0.0,0.0,0.0,202.0,720.0,192.0,711.0,204.0,707.0,202.0,705.0,0.0,0.0,-27.0,0.0,0.0,28.4,7.0,4.996,0.0,0.0,0.654,0.787,82.3,85.4,0.0,0.0,95.0,R,0.0,80.6,185.0,0.0,0.0,0.0,0.0,395.6,1328.0,377.6,1311.8,399.2,1304.6,395.6,1301.0,0.0,0.0,185.72,2541.5,392.0,311.4,105.12,0.613375,21357.248,8.031847133757962,137.48,144.49,401.0,True,2026-09-23 18:50:08-07:00
423.06,2,9,2026-09-24 01:57:04,36.92006,-121.45113,1641.0,126.7,319.5,-12.5,0.03,E16,11.9,324.2,0.0,2.4,-0.3,308.5,137.5,1616.0,0.1,-0.02,1.0,0.0,52.0,27.0,144.5,29.84,3415.0,319.0,17.0,150.0,0.0,0.0,0.0,312.0,0.0,0.0,5.0,1.0,-99.0,0.0,0.0,0.0,-2.0,0.0,0.0,-54.0,0.0,0.0,0.0,0.0,3.0,1.0,0.0,1200.0,82.0,85.0,2545.0,2543.0,28.9,15.7,0.0,15.7,28.4,0.0,0.0,40.8,0.0,0.0,9.7,45.2,39.5,0.0,0.0,0.0,0.0,202.0,720.0,192.0,711.0,204.0,707.0,202.0,704.0,0.0,0.0,-27.0,0.0,0.0,28.4,7.0,4.996,0.0,0.0,0.654,0.787,82.1,85.3,0.0,0.0,95.0,R,0.0,80.6,185.0,0.0,0.0,0.0,0.0,395.6,1328.0,377.6,1311.8,399.2,1304.6,395.6,1299.2,0.0,0.0,185.54,2544.0,392.0,311.4,104.94,0.6177361111111112,21570.442666666666,8.070063694267516,137.98,145.02,401.0,True,2026-09-23 18:50:08-07:00
424.06,2,9,2026-09-24 01:57:05,36.9205,-121.45161,1643.0,127.3,319.6,-12.5,0.03,E16,11.9,324.2,0.0,2.3,0.1,308.5,137.8,1616.0,0.1,-0.01,1.0,0.0,48.0,27.0,144.9,29.84,3415.0,319.0,17.0,150.0,0.0,0.0,0.0,312.0,0.0,0.0,5.0,1.0,-99.0,0.0,0.0,0.0,-2.0,0.0,0.0,-54.0,0.0,0.0,0.0,0.0,3.0,1.0,0.0,1200.0,82.0,85.0,2545.0,2545.0,28.9,15.7,0.0,15.7,28.4,0.0,0.0,40.8,0.0,0.0,9.8,45.2,39.5,0.0,0.0,0.0,0.0,202.0,719.0,192.0,710.0,204.0,707.0,201.0,704.0,0.0,0.0,-27.0,0.0,0.0,28.4,7.0,4.996,0.0,0.0,0.654,0.786,82.2,85.3,0.0,0.0,95.0,R,0.0,80.6,185.0,0.0,0.0,0.0,0.0,395.6,1326.2,377.6,1310.0,399.2,1304.6,393.8,1299.2,0.0,0.0,185.54,2545.0,391.54999999999995,310.94999999999993,104.94,0.6220972222222222,21784.64933333333,8.10828025477707,138.28,145.34,401.0,True,2026-09-23 18:50:08-07:00
425.06,2,9,2026-09-24 01:57:06,36.92095,-121.45209,1647.0,127.8,319.8,-12.5,0.03,E16,11.9,324.2,0.0,2.3,0.1,308.6,138.4,1619.0,0.1,-0.01,1.0,0.0,98.0,27.0,145.5,29.84,3430.0,319.0,17.0,150.0,0.0,0.0,0.0,312.0,0.0,0.0,5.0,1.0,-99.0,0.0,0.0,0.0,-2.0,0.0,0.0,-54.0,0.0,0.0,0.0,0.0,3.0,1.0,0.0,1200.0,82.0,85.0,2543.0,2542.0,28.9,15.8,0.0,15.8,28.4,0.0,0.0,40.7,0.0,0.0,9.9,45.2,39.5,0.0,0.0,0.0,0.0,202.0,719.0,192.0,710.0,204.0,707.0,201.0,705.0,0.0,0.0,-27.0,0.0,0.0,28.4,7.0,4.996,0.0,0.0,0.656,0.782,82.1,85.3,0.0,0.0,95.0,R,0.0,80.6,185.0,0.0,0.0,0.0,0.0,395.6,1326.2,377.6,1310.0,399.2,1304.6,393.8,1301.0,0.0,0.0,185.54,2542.5,391.54999999999995,310.94999999999993,104.94,0.6264722222222222,21999.783666666666,8.088607594936708,138.88,145.97,401.0,True,2026-09-23 18:50:08-07:00
426.06,2,9,2026-09-24 01:57:07,36.92141,-121.45257,1649.0,128.4,319.9,-12.5,0.04,E16,11.8,324.2,0.0,2.5,0.3,309.4,138.8,1621.0,0.3,-0.02,1.0,0.0,101.0,27.0,145.9,29.84,3432.0,319.0,17.0,150.0,0.0,0.0,0.0,312.0,0.0,0.0,5.0,1.0,-99.0,0.0,0.0,0.0,-2.0,0.0,0.0,-54.0,0.0,0.0,0.0,0.0,3.0,1.0,0.0,1200.0,82.0,85.0,2530.0,2531.0,28.7,15.5,0.0,15.5,29.1,0.0,0.0,40.7,0.0,0.0,10.0,45.2,39.5,0.0,0.0,0.0,0.0,202.0,718.0,193.0,710.0,204.0,707.0,202.0,704.0,0.0,0.0,-27.0,0.0,0.0,29.1,7.0,4.996,0.0,0.0,0.654,0.785,82.2,85.5,0.0,0.0,95.0,R,0.0,80.6,185.0,0.0,0.0,0.0,0.0,395.6,1324.4,379.4,1310.0,399.2,1304.6,395.6,1299.2,0.0,0.0,185.9,2530.5,392.44999999999993,311.8499999999999,105.30000000000001,0.6308194444444445,22215.845666666664,8.283870967741937,139.28,146.4,401.0,True,2026-09-23 18:50:08-07:00
427.06,2,9,2026-09-24 01:57:08,36.92186,-121.45304,1652.0,128.1,320.0,-12.5,0.04,E16,11.8,324.2,0.0,2.4,0.6,310.1,138.5,1625.0,0.4,-0.04,1.0,0.0,165.0,27.0,145.7,29.84,3437.0,320.0,17.0,150.0,0.0,0.0,0.0,312.0,0.0,0.0,5.0,1.0,-99.0,0.0,0.0,0.0,-2.0,0.0,0.0,-54.0,0.0,0.0,0.0,0.0,3.0,1.0,0.0,1200.0,82.0,85.0,2534.0,2536.0,24.5,14.6,0.0,14.6,30.2,0.0,0.0,40.7,0.0,0.0,9.8,45.2,39.5,0.0,0.0,0.0,0.0,202.0,717.0,193.0,709.0,204.0,705.0,201.0,705.0,0.0,0.0,-27.0,0.0,0.0,30.2,7.0,4.996,0.0,0.0,0.654,0.781,82.3,85.4,0.0,0.0,87.0,R,0.0,80.6,185.0,0.0,0.0,0.0,0.0,395.6,1322.6,379.4,1308.2,399.2,1301.0,393.8,1301.0,0.0,0.0,185.72,2535.0,392.0,311.4,105.12,0.635,22432.160666666667,8.773972602739725,138.98,146.1,401.0,True,2026-09-23 18:50:08-07:00
428.06,2,9,2026-09-24 01:57:09,36.92231,-121.45351,1653.0,127.7,320.2,-12.5,0.04,E16,11.8,324.2,0.0,2.3,-0.2,309.8,138.2,1629.0,0.0,-0.01,1.0,0.0,184.0,27.0,145.3,29.84,3451.0,320.0,17.0,150.0,0.0,0.0,0.0,312.0,0.0,0.0,5.0,1.0,-99.0,0.0,0.0,0.0,-2.0,0.0,0.0,-54.0,0.0,0.0,0.0,0.0,3.0,1.0,0.0,1200.0,82.0,85.0,2538.0,2539.0,23.1,13.8,0.0,13.8,30.3,0.0,0.0,40.7,0.0,0.0,9.8,45.2,39.5,0.0,0.0,0.0,0.0,202.0,714.0,192.0,708.0,204.0,703.0,201.0,704.0,0.0,0.0,-27.0,0.0,0.0,30.3,7.0,4.996,0.0,0.0,0.656,0.781,82.0,85.3,0.0,0.0,75.0,R,0.0,80.6,185.0,0.0,0.0,0.0,0.0,395.6,1317.2,377.6,1306.4,399.2,1297.4,393.8,1299.2,0.0,0.0,185.54,2538.5,391.54999999999995,310.94999999999993,104.94,0.6389444444444444,22647.88533333333,9.253623188405797,138.67999999999998,145.79,401.0,True,2026-09-23 18:50:08-07:00
429.06,2,9,2026-09-24 01:57:10,36.92277,-121.45399,1656.0,127.3,320.4,-12.5,0.04,E16,11.7,324.2,0.0,1.9,-0.1,309.9,137.6,1631.0,0.1,-0.02,1.0,0.0,178.0,27.0,144.7,29.84,3455.0,320.0,17.0,150.0,0.0,0.0,0.0,312.0,0.0,0.0,5.0,1.0,-99.0,0.0,0.0,0.0,-2.0,0.0,0.0,-54.0,0.0,0.0,0.0,0.0,3.0,1.0,0.0,1200.0,82.0,85.0,2536.0,2535.0,22.9,13.2,0.0,13.2,30.3,0.0,0.0,40.7,0.0,0.0,10.0,45.2,39.5,0.0,0.0,0.0,0.0,202.0,711.0,192.0,705.0,203.0,701.0,201.0,703.0,0.0,0.0,-27.0,0.0,0.0,30.3,7.0,4.996,0.0,0.0,0.654,0.782,82.0,85.2,0.0,0.0,70.0,R,0.0,80.6,185.0,0.0,0.0,0.0,0.0,395.6,1311.8,377.6,1301.0,397.4,1293.8,393.8,1297.4,0.0,0.0,185.36,2535.5,391.1,310.5,104.76000000000002,0.6426944444444445,22862.93533333333,9.643939393939394,138.07999999999998,145.16,401.0,True,2026-09-23 18:50:08-07:00
430.06,2,9,2026-09-24 01:57:11,36.92322,-121.45445,1659.0,127.0,320.4,-12.5,0.05,E16,11.7,324.3,0.0,1.7,-0.2,310.0,137.7,1635.0,0.2,-0.03,1.0,0.0,191.0,27.0,144.9,29.84,3459.0,321.0,17.0,150.0,0.0,0.0,0.0,312.0,0.0,0.0,5.0,1.0,-99.0,0.0,0.0,0.0,-2.0,0.0,0.0,-54.0,0.0,0.0,0.0,0.0,3.0,0.0,0.0,1200.0,82.0,85.0,2539.0,2538.0,22.9,12.7,0.0,12.7,30.3,0.0,0.0,40.7,0.0,0.0,10.1,45.2,39.5,0.0,0.0,0.0,0.0,202.0,709.0,192.0,704.0,203.0,699.0,201.0,702.0,0.0,0.0,-27.0,0.0,0.0,30.3,7.0,4.996,0.0,0.0,0.654,0.781,81.9,85.3,0.0,0.0,67.0,R,0.0,80.6,185.0,0.0,0.0,0.0,0.0,395.6,1308.2,377.6,1299.2,397.4,1290.2,393.8,1295.6,0.0,0.0,185.54,2538.5,391.1,310.5,104.94,0.6462916666666667,23077.394999999997,10.0,138.17999999999998,145.28,401.0,True,2026-09-23 18:50:08-07:00
431.06,2,9,2026-09-24 01:57:12,36.92367,-121.45492,1662.0,126.7,320.6,-12.5,0.05,E16,11.7,324.3,0.0,1.5,-0.4,309.7,137.6,1637.0,0.1,-0.03,1.0,0.0,154.0,27.0,144.8,29.84,3473.0,321.0,18.0,150.0,0.0,0.0,0.0,312.0,0.0,0.0,5.0,1.0,-99.0,0.0,0.0,0.0,-2.0,0.0,0.0,-54.0,0.0,0.0,0.0,0.0,3.0,1.0,0.0,1200.0,82.0,85.0,2537.0,2538.0,22.7,12.4,0.0,12.4,30.2,0.0,0.0,40.7,0.0,0.0,10.2,45.2,39.5,0.0,0.0,0.0,0.0,202.0,707.0,192.0,703.0,203.0,698.0,201.0,701.0,0.0,0.0,-27.0,0.0,0.0,30.2,7.0,4.996,0.0,0.0,0.654,0.781,82.0,85.4,0.0,0.0,66.0,R,0.0,80.6,185.0,0.0,0.0,0.0,0.0,395.6,1304.6,377.6,1297.4,397.4,1288.4,393.8,1293.8,0.0,0.0,185.72,2537.5,391.1,310.5,105.12,0.6497777777777778,23291.348666666665,10.21774193548387,138.07999999999998,145.18,401.0,True,2026-09-23 18:50:08-07:00
432.06,2,9,2026-09-24 01:57:13,36.92413,-121.45538,1664.0,126.5,320.7,-12.5,0.05,E16,11.6,324.3,0.0,1.3,-0.0,309.9,137.2,1640.0,0.2,-0.03,1.0,0.0,165.0,27.0,144.3,29.84,3476.0,321.0,18.0,150.0,0.0,0.0,0.0,312.0,0.0,0.0,5.0,1.0,-99.0,0.0,0.0,0.0,-2.0,0.0,0.0,-54.0,0.0,0.0,0.0,0.0,3.0,0.0,0.0,1200.0,82.0,86.0,2536.0,2540.0,22.7,12.0,0.0,12.0,30.2,0.0,0.0,40.7,0.0,0.0,10.0,45.2,39.5,0.0,0.0,0.0,0.0,202.0,706.0,192.0,701.0,203.0,696.0,201.0,700.0,0.0,0.0,-27.0,0.0,0.0,30.2,7.0,4.996,0.0,0.0,0.654,0.781,82.0,85.5,0.0,0.0,66.0,R,0.0,80.6,186.8,0.0,0.0,0.0,0.0,395.6,1302.8,377.6,1293.8,397.4,1284.8,393.8,1292.0,0.0,0.0,185.9,2538.0,391.1,310.5,105.30000000000001,0.6531666666666667,23504.880666666664,10.541666666666666,137.67999999999998,144.77,401.0,True,2026-09-23 18:50:08-07:00
433.06,2,9,2026-09-24 01:57:14,36.92458,-121.45584,1665.0,126.3,321.0,-12.5,0.05,E16,11.6,324.3,0.0,1.3,0.2,309.9,137.2,1640.0,0.2,-0.02,1.0,0.0,94.0,27.0,144.3,29.84,3476.0,321.0,18.0,150.0,0.0,0.0,0.0,312.0,0.0,0.0,5.0,1.0,-99.0,0.0,0.0,0.0,-2.0,0.0,0.0,-54.0,0.0,0.0,0.0,0.0,3.0,1.0,0.0,1200.0,82.0,85.0,2538.0,2536.0,22.7,11.8,0.0,11.8,30.2,0.0,0.0,40.7,0.0,0.0,9.9,45.2,39.5,0.0,0.0,0.0,0.0,202.0,704.0,192.0,700.0,203.0,695.0,201.0,699.0,0.0,0.0,-27.0,0.0,0.0,30.2,7.0,4.996,0.0,0.0,0.654,0.781,81.9,85.4,0.0,0.0,65.0,R,0.0,80.6,185.0,0.0,0.0,0.0,0.0,395.6,1299.2,377.6,1292.0,397.4,1283.0,393.8,1290.2,0.0,0.0,185.72,2537.0,391.1,310.5,105.12,0.6564722222222222,23718.07533333333,10.703389830508474,137.67999999999998,144.77,401.0,True,2026-09-23 18:50:08-07:00
434.06,2,9,2026-09-24 01:57:15,36.92504,-121.4563,1664.0,126.2,321.2,-12.5,0.05,E16,11.6,324.3,0.0,1.1,-0.4,310.3,137.0,1640.0,0.3,-0.03,1.0,0.0,74.0,27.0,144.2,29.84,3477.0,321.0,18.0,150.0,0.0,0.0,0.0,312.0,0.0,0.0,5.0,1.0,-99.0,0.0,0.0,0.0,-2.0,0.0,0.0,-54.0,0.0,0.0,0.0,0.0,3.0,1.0,0.0,1200.0,82.0,85.0,2539.0,2538.0,22.7,11.7,0.0,11.7,30.2,0.0,0.0,40.7,0.0,0.0,10.0,45.2,39.5,0.0,0.0,0.0,0.0,201.0,703.0,192.0,699.0,203.0,694.0,201.0,698.0,0.0,0.0,-27.0,0.0,0.0,30.2,7.0,4.996,0.0,0.0,0.654,0.781,82.0,85.4,0.0,0.0,65.0,R,0.0,80.6,185.0,0.0,0.0,0.0,0.0,393.8,1297.4,377.6,1290.2,397.4,1281.2,393.8,1288.4,0.0,0.0,185.72,2538.5,390.65000000000003,310.05000000000007,105.12,0.6597361111111111,23931.017,10.786324786324787,137.48,144.56,401.0,True,2026-09-23 18:50:08-07:00
435.06,2,9,2026-09-24 01:57:16,36.9255,-121.45676,1663.0,126.1,321.3,-12.5,0.06,E16,11.5,324.3,0.0,1.0,-0.2,310.4,136.9,1640.0,0.2,-0.03,0.9,0.0,25.0,27.0,144.1,29.84,3477.0,321.0,18.0,150.0,0.0,0.0,0.0,312.0,0.0,0.0,5.0,1.0,-99.0,0.0,0.0,0.0,-2.0,0.0,0.0,-54.0,0.0,0.0,0.0,0.0,3.0,1.0,0.0,1200.0,82.0,85.0,2537.0,2537.0,22.7,11.6,0.0,11.6,30.2,0.0,0.0,40.7,0.0,0.0,10.1,45.2,39.5,0.0,0.0,0.0,0.0,201.0,701.0,192.0,698.0,203.0,692.0,200.0,698.0,0.0,0.0,-27.0,0.0,0.0,30.2,7.0,4.996,0.0,0.0,0.654,0.781,82.1,85.4,0.0,0.0,65.0,R,0.0,80.6,185.0,0.0,0.0,0.0,0.0,393.8,1293.8,377.6,1288.4,397.4,1277.6,392.0,1288.4,0.0,0.0,185.72,2537.0,390.2,309.6,105.12,0.6629722222222222,24143.789999999997,10.870689655172413,137.38,144.45,401.0,True,2026-09-23 18:50:08-07:00
436.06,2,9,2026-09-24 01:57:17,36.92595,-121.45721,1661.0,126.2,321.5,-12.5,0.06,E16,11.5,324.3,0.0,0.9,0.1,310.9,136.6,1640.0,0.3,-0.03,1.0,0.0,-45.0,27.0,143.8,29.84,3487.0,321.0,18.0,150.0,0.0,0.0,0.0,312.0,0.0,0.0,5.0,1.0,-99.0,0.0,0.0,0.0,-2.0,0.0,0.0,-54.0,0.0,0.0,0.0,0.0,3.0,1.0,0.0,1200.0,82.0,86.0,2535.0,2534.0,22.7,11.5,0.0,11.5,30.2,0.0,0.0,40.7,0.0,0.0,10.2,45.2,39.5,0.0,0.0,0.0,0.0,201.0,700.0,192.0,696.0,203.0,691.0,200.0,697.0,0.0,0.0,-27.0,0.0,0.0,30.2,7.0,4.996,0.0,0.0,0.654,0.781,81.6,85.6,0.0,0.0,65.0,R,0.0,80.6,186.8,0.0,0.0,0.0,0.0,393.8,1292.0,377.6,1284.8,397.4,1275.8,392.0,1286.6,0.0,0.0,186.07999999999998,2534.5,390.2,309.6,105.47999999999999,0.6661805555555556,24356.563,10.97391304347826,137.07999999999998,144.14,401.0,True,2026-09-23 18:50:08-07:00
437.06,2,9,2026-09-24 01:57:18,36.92641,-121.45766,1657.0,126.2,321.6,-12.5,0.06,E16,11.5,324.3,0.0,0.8,0.2,311.3,136.6,1640.0,0.3,-0.03,0.9,0.0,-56.0,27.0,143.8,29.84,3487.0,321.0,18.0,150.0,0.0,0.0,0.0,312.0,0.0,0.0,5.0,1.0,-99.0,0.0,0.0,0.0,-2.0,0.0,0.0,-54.0,0.0,0.0,0.0,0.0,3.0,1.0,0.0,1200.0,81.0,86.0,2489.0,2488.0,22.7,11.4,0.0,11.4,30.2,0.0,0.0,40.7,0.0,0.0,10.0,45.2,39.5,0.0,0.0,0.0,0.0,201.0,698.0,192.0,695.0,203.0,690.0,200.0,696.0,0.0,0.0,-27.0,0.0,0.0,30.2,7.0,4.996,0.0,0.0,0.654,0.78,80.8,85.6,0.0,0.0,65.0,R,0.0,80.6,186.8,0.0,0.0,0.0,0.0,393.8,1288.4,377.6,1283.0,397.4,1274.0,392.0,1284.8,0.0,0.0,186.07999999999998,2488.5,390.2,309.6,105.47999999999999,0.6693611111111111,24569.42033333333,11.070175438596491,137.07999999999998,144.14,401.0,True,2026-09-23 18:50:08-07:00
438.06,2,9,2026-09-24 01:57:19,36.92687,-121.45811,1654.0,126.4,321.8,-12.5,0.06,E16,11.4,324.3,0.0,0.5,0.0,311.7,137.1,1640.0,0.3,-0.03,1.0,0.0,-121.0,27.0,144.2,29.84,3487.0,322.0,18.0,150.0,0.0,0.0,0.0,312.0,0.0,0.0,5.0,1.0,-99.0,0.0,0.0,0.0,-2.0,0.0,0.0,-54.0,0.0,0.0,0.0,0.0,3.0,1.0,0.0,1200.0,81.0,85.0,2465.0,2464.0,22.9,11.3,0.0,11.3,30.4,0.0,0.0,40.7,0.0,0.0,9.8,45.2,39.5,0.0,0.0,0.0,0.0,201.0,696.0,191.0,694.0,203.0,688.0,200.0,694.0,0.0,0.0,-27.0,0.0,0.0,30.4,7.0,4.996,0.0,0.0,0.654,0.779,80.9,85.4,0.0,0.0,64.0,R,0.0,80.6,185.0,0.0,0.0,0.0,0.0,393.8,1284.8,375.8,1281.2,397.4,1270.4,392.0,1281.2,0.0,0.0,185.72,2464.5,389.75,309.15,105.12,0.6725138888888889,24782.446333333333,11.185840707964601,137.57999999999998,144.66,401.0,True,2026-09-23 18:50:08-07:00
439.06,2,9,2026-09-24 01:57:20,36.92733,-121.45856,1647.0,126.5,321.9,-12.5,0.06,E16,11.4,324.3,0.0,0.2,-0.2,311.5,137.3,1637.0,0.1,-0.04,1.0,0.0,-187.0,28.0,144.5,29.84,3496.0,322.0,18.0,150.0,0.0,0.0,0.0,312.0,0.0,0.0,5.0,1.0,-99.0,0.0,0.0,0.0,-2.0,0.0,0.0,-54.0,0.0,0.0,0.0,0.0,3.0,1.0,0.0,1200.0,80.0,85.0,2459.0,2458.0,22.9,11.3,0.0,11.3,30.3,0.0,0.0,40.7,0.0,0.0,10.0,45.2,39.5,0.0,0.0,0.0,0.0,201.0,695.0,191.0,692.0,202.0,686.0,200.0,693.0,0.0,0.0,-27.0,0.0,0.0,30.3,7.0,4.996,0.0,0.0,0.654,0.779,80.4,85.4,0.0,0.0,64.0,R,0.0,82.4,185.0,0.0,0.0,0.0,0.0,393.8,1283.0,375.8,1277.6,395.6,1266.8,392.0,1279.4,0.0,0.0,185.72,2458.5,389.3,306.9,103.32,0.6756527777777778,24995.725333333332,11.194690265486726,137.78,145.11,401.0,True,2026-09-23 18:50:08-07:00
440.06,2,9,2026-09-24 01:57:21,36.9278,-121.45901,1642.0,126.7,321.9,-12.5,0.06,E16,11.3,324.3,0.0,0.0,0.0,311.9,137.4,1631.0,0.3,-0.03,0.9,0.0,-253.0,28.0,144.6,29.84,3496.0,322.0,18.0,150.0,0.0,0.0,0.0,312.0,0.0,0.0,5.0,1.0,-99.0,0.0,0.0,0.0,-2.0,0.0,0.0,-54.0,0.0,0.0,0.0,0.0,3.0,0.0,0.0,1200.0,81.0,85.0,2452.0,2457.0,23.0,11.2,0.0,11.2,30.4,0.0,0.0,40.7,0.0,0.0,10.1,45.2,39.5,0.0,0.0,0.0,0.0,201.0,693.0,191.0,691.0,202.0,685.0,200.0,692.0,0.0,0.0,-27.0,0.0,0.0,30.4,7.0,4.996,0.0,0.0,0.654,0.78,80.7,85.4,0.0,0.0,64.0,R,0.0,82.4,185.0,0.0,0.0,0.0,0.0,393.8,1279.4,375.8,1275.8,395.6,1265.0,392.0,1277.6,0.0,0.0,185.72,2454.5,389.3,306.9,103.32,0.6787777777777778,25209.25733333333,11.312500000000002,137.88,145.2,401.0,True,2026-09-23 18:50:08-07:00
441.06,2,9,2026-09-24 01:57:22,36.92826,-121.45947,1636.0,127.0,322.3,-12.5,0.06,E16,11.3,324.3,0.0,-0.1,-0.1,311.7,137.4,1626.0,0.1,-0.02,1.0,0.0,-275.0,28.0,144.6,29.84,3496.0,323.0,18.0,150.0,0.0,0.0,0.0,312.0,0.0,0.0,5.0,1.0,-99.0,0.0,0.0,0.0,-2.0,0.0,0.0,-54.0,0.0,0.0,0.0,0.0,3.0,1.0,0.0,1200.0,81.0,86.0,2450.0,2450.0,23.0,11.2,0.0,11.2,30.4,0.0,0.0,40.7,0.0,0.0,10.2,45.2,39.5,0.0,0.0,0.0,0.0,201.0,691.0,191.0,690.0,202.0,683.0,200.0,690.0,0.0,0.0,-27.0,0.0,0.0,30.4,7.0,4.996,0.0,0.0,0.654,0.78,80.7,85.6,0.0,0.0,64.0,R,0.0,82.4,186.8,0.0,0.0,0.0,0.0,393.8,1275.8,375.8,1274.0,395.6,1261.4,392.0,1274.0,0.0,0.0,186.07999999999998,2450.0,389.3,306.9,103.67999999999998,0.6818888888888889,25423.211,11.339285714285715,137.88,145.18,401.0,True,2026-09-23 18:50:08-07:00
442.06,2,9,2026-09-24 01:57:23,36.92873,-121.45992,1629.0,127.3,322.4,-12.5,0.07,E16,11.3,324.4,0.0,-0.2,-0.1,312.1,137.6,1621.0,0.2,-0.03,1.0,0.0,-286.0,28.0,144.8,29.84,3486.0,323.0,18.0,150.0,0.0,0.0,0.0,312.0,0.0,0.0,5.0,1.0,-99.0,0.0,0.0,0.0,-2.0,0.0,0.0,-54.0,0.0,0.0,0.0,0.0,3.0,0.0,0.0,1200.0,80.0,86.0,2449.0,2449.0,23.0,11.2,0.0,11.2,30.3,0.0,0.0,40.7,0.0,0.0,10.0,45.2,39.5,0.0,0.0,0.0,0.0,201.0,690.0,191.0,689.0,202.0,683.0,200.0,690.0,0.0,0.0,-27.0,0.0,0.0,30.3,7.0,4.996,0.0,0.0,0.654,0.78,80.5,85.7,0.0,0.0,64.0,R,0.0,82.4,186.8,0.0,0.0,0.0,0.0,393.8,1274.0,375.8,1272.2,395.6,1261.4,392.0,1274.0,0.0,0.0,186.26000000000002,2449.0,389.3,306.9,103.86000000000001,0.685,25637.670666666665,11.366071428571429,138.07999999999998,145.38,401.0,True,2026-09-23 18:50:08-07:00
443.06,2,9,2026-09-24 01:57:24,36.92919,-121.46036,1622.0,127.7,322.5,-12.5,0.07,E16,11.2,324.4,0.0,-0.2,-0.2,312.4,138.0,1613.0,0.2,-0.03,1.0,0.0,-340.0,28.0,145.2,29.84,3484.0,323.0,18.0,150.0,0.0,0.0,0.0,312.0,0.0,0.0,5.0,1.0,-99.0,0.0,0.0,0.0,-2.0,0.0,0.0,-54.0,0.0,0.0,0.0,0.0,3.0,1.0,0.0,1200.0,80.0,85.0,2453.0,2454.0,23.0,11.1,0.0,11.1,30.3,0.0,0.0,40.7,0.0,0.0,9.9,45.2,39.5,0.0,0.0,0.0,0.0,200.0,689.0,191.0,689.0,202.0,682.0,199.0,689.0,0.0,0.0,-27.0,0.0,0.0,30.3,7.0,4.996,0.0,0.0,0.654,0.779,80.3,85.5,0.0,0.0,64.0,R,0.0,82.4,185.0,0.0,0.0,0.0,0.0,392.0,1272.2,375.8,1272.2,395.6,1259.6,390.2,1272.2,0.0,0.0,185.9,2453.5,388.4,306.0,103.5,0.6880972222222222,25852.720666666664,11.504504504504505,138.48,145.78,401.0,True,2026-09-23 18:50:08-07:00
444.06,2,9,2026-09-24 01:57:25,36.92966,-121.46081,1614.0,128.1,322.6,-12.5,0.07,E16,11.2,324.4,0.0,-0.4,-1.1,312.4,138.4,1606.0,0.1,-0.03,1.0,0.0,-384.0,28.0,145.6,29.84,3480.0,324.0,18.0,150.0,0.0,0.0,0.0,312.0,0.0,0.0,5.0,1.0,-99.0,0.0,0.0,0.0,-2.0,0.0,0.0,-54.0,0.0,0.0,0.0,0.0,3.0,1.0,0.0,1200.0,81.0,85.0,2455.0,2454.0,23.0,11.1,0.0,11.1,30.2,0.0,0.0,40.7,0.0,0.0,10.0,45.2,39.5,0.0,0.0,0.0,0.0,200.0,688.0,191.0,687.0,202.0,681.0,199.0,689.0,0.0,0.0,-27.0,0.0,0.0,30.2,7.0,4.996,0.0,0.0,0.656,0.78,80.6,85.5,0.0,0.0,64.0,R,0.0,82.4,185.0,0.0,0.0,0.0,0.0,392.0,1270.4,375.8,1268.6,395.6,1257.8,390.2,1272.2,0.0,0.0,185.9,2454.5,388.4,306.0,103.5,0.6911805555555556,26068.445333333333,11.54054054054054,138.88,146.18,401.0,True,2026-09-23 18:50:08-07:00
445.06,2,9,2026-09-24 01:57:26,36.93014,-121.46126,1605.0,128.6,322.7,-12.5,0.07,E16,11.2,324.4,0.0,-0.4,-1.6,312.2,138.7,1599.0,0.0,-0.03,1.0,0.0,-417.0,28.0,146.0,29.84,3475.0,324.0,18.0,150.0,0.0,0.0,0.0,312.0,0.0,0.0,5.0,1.0,-99.0,0.0,0.0,0.0,-2.0,0.0,0.0,-54.0,0.0,0.0,0.0,0.0,3.0,1.0,0.0,1200.0,81.0,86.0,2458.0,2460.0,23.7,11.2,0.0,11.2,29.7,0.0,0.0,40.7,0.0,0.0,10.1,45.2,39.5,0.0,0.0,0.0,0.0,200.0,689.0,191.0,687.0,201.0,681.0,199.0,689.0,0.0,0.0,-27.0,0.0,0.0,29.7,7.0,4.996,0.0,0.0,0.654,0.779,80.7,85.5,0.0,0.0,65.0,R,0.0,82.4,186.8,0.0,0.0,0.0,0.0,392.0,1272.2,375.8,1268.6,393.8,1257.8,390.2,1272.2,0.0,0.0,185.9,2459.0,387.95,305.54999999999995,103.5,0.6942777777777778,26284.929,11.482142857142858,139.17999999999998,146.48,401.0,True,2026-09-23 18:50:08-07:00
446.06,2,9,2026-09-24 01:57:27,36.93061,-121.46171,1597.0,129.3,322.7,-12.5,0.07,E16,11.1,324.4,0.0,-0.7,-1.2,312.1,139.7,1590.0,0.0,-0.03,0.9,0.0,-435.0,28.0,147.0,29.84,3465.0,324.0,18.0,150.0,0.0,0.0,0.0,312.0,0.0,0.0,5.0,1.0,-99.0,0.0,0.0,0.0,-2.0,0.0,0.0,-54.0,0.0,0.0,0.0,0.0,3.0,1.0,0.0,1200.0,81.0,86.0,2458.0,2458.0,24.3,11.3,0.0,11.3,29.6,0.0,0.0,40.7,0.0,0.0,10.2,45.2,39.5,0.0,0.0,0.0,0.0,200.0,690.0,191.0,688.0,201.0,680.0,199.0,689.0,0.0,0.0,-27.0,0.0,0.0,29.6,7.0,4.996,0.0,0.0,0.654,0.779,80.7,85.6,0.0,0.0,68.0,R,0.0,82.4,186.8,0.0,0.0,0.0,0.0,392.0,1274.0,375.8,1270.4,393.8,1256.0,390.2,1272.2,0.0,0.0,186.07999999999998,2458.0,387.95,305.54999999999995,103.67999999999998,0.6974027777777778,26502.424666666666,11.442477876106196,140.17999999999998,147.51,401.0,True,2026-09-23 18:50:08-07:00
447.06,2,9,2026-09-24 01:57:28,36.93109,-121.46217,1588.0,130.0,322.8,-12.5,0.07,E16,11.1,324.4,0.0,-0.8,-1.6,311.7,140.7,1581.0,-0.0,-0.03,1.0,0.0,-481.0,28.0,148.0,29.84,3458.0,324.0,18.0,150.0,0.0,0.0,0.0,312.0,0.0,0.0,5.0,1.0,-99.0,0.0,0.0,0.0,-2.0,0.0,0.0,-54.0,0.0,0.0,0.0,0.0,3.0,1.0,0.0,1200.0,81.0,86.0,2456.0,2458.0,24.9,11.5,0.0,11.5,29.4,0.0,0.0,40.7,0.0,0.0,10.0,45.2,39.5,0.0,0.0,0.0,0.0,200.0,691.0,191.0,688.0,201.0,682.0,199.0,690.0,0.0,0.0,-27.0,0.0,0.0,29.4,7.0,4.996,0.0,0.0,0.654,0.78,80.8,85.7,0.0,0.0,71.0,R,0.0,82.4,186.8,0.0,0.0,0.0,0.0,392.0,1275.8,375.8,1270.4,393.8,1259.6,390.2,1274.0,0.0,0.0,186.26000000000002,2457.0,387.95,305.54999999999995,103.86000000000001,0.7005694444444445,26721.101,11.304347826086957,141.17999999999998,148.54,401.0,True,2026-09-23 18:50:08-07:00
448.06,2,9,2026-09-24 01:57:29,36.93157,-121.46262,1579.0,130.7,322.8,-12.5,0.07,E16,11.1,324.4,0.0,-0.9,-1.5,311.6,140.9,1572.0,0.0,-0.03,1.0,0.0,-500.0,28.0,148.2,29.84,3453.0,324.0,18.0,150.0,0.0,0.0,0.0,312.0,0.0,0.0,5.0,1.0,-99.0,0.0,0.0,0.0,-2.0,0.0,0.0,-54.0,0.0,0.0,0.0,0.0,3.0,1.0,0.0,1200.0,81.0,86.0,2451.0,2448.0,25.2,11.7,0.0,11.7,29.5,0.0,0.0,40.7,0.0,0.0,9.8,45.2,39.5,0.0,0.0,0.0,0.0,200.0,694.0,191.0,689.0,201.0,684.0,199.0,691.0,0.0,0.0,-27.0,0.0,0.0,29.5,7.0,4.996,0.0,0.0,0.654,0.78,80.9,85.6,0.0,0.0,73.0,R,0.0,82.4,186.8,0.0,0.0,0.0,0.0,392.0,1281.2,375.8,1272.2,393.8,1263.2,390.2,1275.8,0.0,0.0,186.07999999999998,2449.5,387.95,305.54999999999995,103.67999999999998,0.7037916666666667,26940.958,11.17094017094017,141.38,148.72,401.0,True,2026-09-23 18:50:08-07:00
449.06,2,9,2026-09-24 01:57:30,36.93206,-121.46307,1570.0,131.4,322.8,-12.5,0.07,E16,11.0,324.4,0.0,-1.0,-1.6,311.4,141.5,1563.0,0.0,-0.03,1.0,0.0,-515.0,28.0,148.8,29.84,3442.0,324.0,18.0,150.0,0.0,0.0,0.0,312.0,0.0,0.0,5.0,1.0,-99.0,0.0,0.0,0.0,-2.0,0.0,0.0,-54.0,0.0,0.0,0.0,0.0,3.0,1.0,0.0,1200.0,81.0,86.0,2455.0,2454.0,25.2,11.8,0.0,11.8,29.5,0.0,0.0,40.7,0.0,0.0,9.9,45.2,39.5,0.0,0.0,0.0,0.0,200.0,698.0,191.0,692.0,201.0,687.0,198.0,694.0,0.0,0.0,-27.0,0.0,0.0,29.5,7.0,4.996,0.0,0.0,0.654,0.781,80.9,85.5,0.0,0.0,74.0,R,0.0,82.4,186.8,0.0,0.0,0.0,0.0,392.0,1288.4,375.8,1277.6,393.8,1268.6,388.4,1281.2,0.0,0.0,185.9,2454.5,387.5,305.1,103.5,0.7070555555555555,27161.995666666666,11.135593220338983,141.98,149.33,401.0,True,2026-09-23 18:50:08-07:00
450.06,2,9,2026-09-24 01:57:31,36.93254,-121.46354,1561.0,132.0,322.8,-12.5,0.07,E16,11.0,324.4,0.0,-0.6,-2.4,311.4,141.8,1554.0,-0.0,-0.03,1.1,0.0,-518.0,28.0,149.1,29.84,3431.0,323.0,18.0,150.0,0.0,0.0,0.0,312.0,0.0,0.0,5.0,1.0,-99.0,0.0,0.0,0.0,-3.0,0.0,0.0,-54.0,0.0,0.0,0.0,0.0,3.0,1.0,0.0,1200.0,81.0,86.0,2453.0,2451.0,25.4,11.9,0.0,11.9,29.5,0.0,0.0,40.7,0.0,0.0,10.0,45.2,39.5,0.0,0.0,0.0,0.0,200.0,701.0,190.0,694.0,201.0,690.0,199.0,697.0,0.0,0.0,-27.0,0.0,0.0,29.5,7.0,4.996,0.0,0.0,0.656,0.78,80.8,85.6,0.0,0.0,75.0,R,0.0,82.4,186.8,0.0,0.0,0.0,0.0,392.0,1293.8,374.0,1281.2,393.8,1274.0,390.2,1286.6,0.0,0.0,186.07999999999998,2452.0,387.5,305.1,103.67999999999998,0.7103472222222222,27384.129666666664,11.092436974789916,142.28,149.62,401.0,True,2026-09-23 18:50:08-07:00
451.06,2,9,2026-09-24 01:57:32,36.93303,-121.464,1552.0,132.6,322.7,-12.5,0.07,E16,11.0,324.4,0.0,-0.0,-3.0,311.0,142.3,1547.0,-0.2,-0.03,1.1,0.0,-497.0,28.0,149.6,29.84,3422.0,323.0,18.0,150.0,0.0,0.0,0.0,312.0,0.0,0.0,5.0,1.0,-99.0,0.0,0.0,0.0,-2.0,0.0,0.0,-54.0,0.0,0.0,0.0,0.0,3.0,1.0,0.0,1200.0,81.0,86.0,2453.0,2451.0,25.4,12.0,0.0,12.0,29.5,0.0,0.0,40.7,0.0,0.0,10.1,45.2,39.5,0.0,0.0,0.0,0.0,199.0,704.0,190.0,696.0,200.0,692.0,198.0,699.0,0.0,0.0,-27.0,0.0,0.0,29.5,7.0,4.996,0.0,0.0,0.654,0.781,81.0,85.6,0.0,0.0,76.0,R,0.0,82.4,186.8,0.0,0.0,0.0,0.0,390.2,1299.2,374.0,1284.8,392.0,1277.6,388.4,1290.2,0.0,0.0,186.07999999999998,2452.0,386.15000000000003,303.75,103.67999999999998,0.7136666666666667,27607.275666666665,11.049999999999999,142.78,150.13,401.0,True,2026-09-23 18:50:08-07:00
452.06,2,9,2026-09-24 01:57:33,36.93352,-121.46446,1547.0,132.9,322.6,-12.5,0.07,E16,10.9,324.4,0.0,0.4,-1.8,310.7,142.7,1540.0,-0.1,-0.03,1.1,0.0,-458.0,28.0,150.0,29.84,3417.0,323.0,18.0,150.0,0.0,0.0,0.0,312.0,0.0,0.0,5.0,1.0,-99.0,0.0,0.0,0.0,-2.0,0.0,0.0,-54.0,0.0,0.0,0.0,0.0,3.0,1.0,0.0,1200.0,81.0,86.0,2452.0,2453.0,25.4,12.1,0.0,12.1,29.5,0.0,0.0,40.7,0.0,0.0,10.0,45.2,39.5,0.0,0.0,0.0,0.0,199.0,706.0,190.0,698.0,200.0,694.0,198.0,701.0,0.0,0.0,-27.0,0.0,0.0,29.5,7.0,4.996,0.0,0.0,0.654,0.78,80.7,85.7,0.0,0.0,76.0,R,0.0,82.4,186.8,0.0,0.0,0.0,0.0,390.2,1302.8,374.0,1288.4,392.0,1281.2,388.4,1293.8,0.0,0.0,186.26000000000002,2452.5,386.15000000000003,303.75,103.86000000000001,0.717013888888889,27831.180666666663,10.983471074380166,143.17999999999998,150.53,401.0,True,2026-09-23 18:50:08-07:00
453.06,2,9,2026-09-24 01:57:34,36.93401,-121.46493,1545.0,133.0,322.6,-12.5,0.08,E16,10.9,324.4,0.0,0.8,-2.2,310.4,142.8,1535.0,-0.1,-0.03,1.1,0.0,-367.0,28.0,150.2,29.84,3417.0,322.0,18.0,150.0,0.0,0.0,0.0,312.0,0.0,0.0,5.0,2.0,-99.0,0.0,0.0,0.0,-2.0,0.0,0.0,-54.0,0.0,0.0,0.0,0.0,3.0,1.0,0.0,1200.0,81.0,86.0,2451.0,2452.0,25.5,12.1,0.0,12.1,29.6,0.0,0.0,40.7,0.0,0.0,9.8,45.2,39.5,0.0,0.0,0.0,0.0,199.0,707.0,190.0,700.0,200.0,696.0,198.0,703.0,0.0,0.0,-27.0,0.0,0.0,29.6,7.0,4.996,0.0,0.0,0.656,0.781,81.0,85.6,0.0,0.0,76.0,R,0.0,82.4,186.8,0.0,0.0,0.0,0.0,390.2,1304.6,374.0,1292.0,392.0,1284.8,388.4,1297.4,0.0,0.0,186.07999999999998,2451.5,386.15000000000003,303.75,103.67999999999998,0.720375,28055.423,10.991735537190083,143.28,150.62,401.0,True,2026-09-23 18:50:08-07:00
454.06,2,9,2026-09-24 01:57:35,36.93449,-121.4654,1546.0,132.9,322.5,-12.5,0.08,E16,10.8,324.4,0.0,0.9,-1.2,310.7,142.6,1533.0,0.1,-0.03,1.0,0.0,-268.0,28.0,149.9,29.84,3415.0,322.0,18.0,150.0,0.0,0.0,0.0,312.0,0.0,0.0,5.0,2.0,-99.0,0.0,0.0,0.0,-2.0,0.0,0.0,-54.0,0.0,0.0,0.0,0.0,3.0,1.0,0.0,1200.0,81.0,86.0,2452.0,2452.0,25.5,12.1,0.0,12.1,29.7,0.0,0.0,40.7,0.0,0.0,9.8,45.2,39.5,0.0,0.0,0.0,0.0,199.0,709.0,190.0,701.0,200.0,698.0,198.0,704.0,0.0,0.0,-27.0,0.0,0.0,29.7,7.0,4.996,0.0,0.0,0.654,0.781,80.7,85.5,0.0,0.0,76.0,R,0.0,82.4,186.8,0.0,0.0,0.0,0.0,390.2,1308.2,374.0,1293.8,392.0,1288.4,388.4,1299.2,0.0,0.0,185.9,2452.0,386.15000000000003,303.75,103.5,0.7237361111111111,28279.66533333333,10.983471074380166,143.07999999999998,150.4,401.0,True,2026-09-23 18:50:08-07:00
455.06,2,9,2026-09-24 01:57:36,36.93497,-121.46587,1526.0,132.8,322.6,-12.5,0.08,E16,10.8,324.4,0.0,0.8,-1.2,310.5,142.4,1533.0,0.0,-0.03,1.0,0.0,-175.0,28.0,149.7,29.84,3415.0,321.0,18.0,150.0,0.0,0.0,0.0,312.0,0.0,0.0,5.0,2.0,-99.0,0.0,0.0,0.0,-2.0,0.0,0.0,-54.0,0.0,0.0,0.0,0.0,3.0,0.0,0.0,1200.0,80.0,86.0,2452.0,2451.0,25.5,12.2,0.0,12.2,29.7,0.0,0.0,40.7,0.0,0.0,9.9,45.2,39.5,0.0,0.0,0.0,0.0,199.0,711.0,190.0,702.0,200.0,699.0,198.0,705.0,0.0,0.0,-28.0,0.0,0.0,29.7,7.0,4.996,0.0,0.0,0.654,0.781,80.4,85.5,0.0,0.0,76.0,R,0.0,82.4,186.8,0.0,0.0,0.0,0.0,390.2,1311.8,374.0,1295.6,392.0,1290.2,388.4,1301.0,0.0,0.0,185.9,2451.5,386.15000000000003,303.75,103.5,0.7271111111111112,28503.738999999998,10.885245901639346,142.88,150.19,401.0,True,2026-09-23 18:50:08-07:00
456.06,2,9,2026-09-24 01:57:37,36.93547,-121.46634,1526.0,132.7,322.7,-12.5,0.08,E16,10.8,324.4,0.0,0.7,-2.1,309.6,142.2,1532.0,-0.3,-0.01,1.0,0.0,-131.0,28.0,149.5,29.84,3415.0,320.0,18.0,150.0,0.0,0.0,0.0,312.0,0.0,0.0,5.0,2.0,-99.0,0.0,0.0,0.0,-2.0,0.0,0.0,-54.0,0.0,0.0,0.0,0.0,3.0,0.0,0.0,1200.0,81.0,86.0,2453.0,2450.0,25.4,12.2,0.0,12.2,29.6,0.0,0.0,40.6,0.0,0.0,10.0,45.2,39.5,0.0,0.0,0.0,0.0,198.0,712.0,190.0,702.0,200.0,700.0,198.0,706.0,0.0,0.0,-28.0,0.0,0.0,29.6,7.0,4.996,0.0,0.0,0.654,0.781,80.5,85.6,0.0,0.0,76.0,R,0.0,82.4,186.8,0.0,0.0,0.0,0.0,388.4,1313.6,374.0,1295.6,392.0,1292.0,388.4,1302.8,0.0,0.0,186.07999999999998,2451.5,385.70000000000005,303.30000000000007,103.67999999999998,0.7305,28727.643999999997,10.877049180327868,142.67999999999998,149.98,401.0,True,2026-09-23 18:50:08-07:00
457.06,2,9,2026-09-24 01:57:38,36.93596,-121.4668,1525.0,132.7,322.5,-12.5,0.08,E16,10.7,324.4,0.0,0.6,-1.0,309.6,142.3,1531.0,-0.1,-0.01,1.0,0.0,-108.0,28.0,149.6,29.84,3413.0,319.0,18.0,150.0,0.0,0.0,0.0,312.0,0.0,0.0,5.0,2.0,-99.0,0.0,0.0,0.0,-2.0,0.0,0.0,-54.0,0.0,0.0,0.0,0.0,3.0,1.0,0.0,1200.0,81.0,86.0,2450.0,2450.0,25.5,12.2,0.0,12.2,29.6,0.0,0.0,40.6,0.0,0.0,10.0,45.2,39.5,0.0,0.0,0.0,0.0,198.0,713.0,190.0,703.0,199.0,700.0,197.0,707.0,0.0,0.0,-28.0,0.0,0.0,29.6,7.0,4.996,0.0,0.0,0.654,0.784,80.7,85.8,0.0,0.0,76.0,R,0.0,82.4,186.8,0.0,0.0,0.0,0.0,388.4,1315.4,374.0,1297.4,390.2,1292.0,386.6,1304.6,0.0,0.0,186.44,2450.0,384.79999999999995,302.4,104.03999999999999,0.7338888888888889,28951.464666666663,10.877049180327868,142.78,150.08,401.0,True,2026-09-23 18:50:08-07:00
458.06,2,9,2026-09-24 01:57:39,36.93644,-121.46727,1524.0,132.7,322.7,-12.5,0.08,E16,10.7,324.4,0.0,0.5,1.6,310.0,142.4,1530.0,0.2,-0.01,1.0,0.0,-87.0,28.0,149.7,29.84,3413.0,319.0,17.0,150.0,0.0,0.0,0.0,312.0,0.0,0.0,5.0,2.0,-99.0,0.0,0.0,0.0,-2.0,0.0,0.0,-54.0,0.0,0.0,0.0,0.0,3.0,1.0,0.0,1200.0,81.0,86.0,2446.0,2451.0,25.5,12.2,0.0,12.2,29.6,0.0,0.0,40.6,0.0,0.0,9.7,45.2,39.5,0.0,0.0,0.0,0.0,198.0,713.0,189.0,703.0,199.0,701.0,197.0,708.0,0.0,0.0,-28.0,0.0,0.0,29.6,7.0,4.996,0.0,0.0,0.654,0.781,80.7,85.7,0.0,0.0,76.0,R,0.0,82.4,186.8,0.0,0.0,0.0,0.0,388.4,1315.4,372.2,1297.4,390.2,1293.8,386.6,1306.4,0.0,0.0,186.26000000000002,2448.5,384.35,301.95000000000005,103.86000000000001,0.7372777777777778,29175.28533333333,10.877049180327868,142.88,150.18,401.0,True,2026-09-23 18:50:08-07:00
459.06,2,9,2026-09-24 01:57:40,36.93694,-121.46774,1522.0,132.7,323.1,-12.5,0.08,E16,10.7,324.5,0.0,0.5,1.6,310.4,142.4,1528.0,0.3,-0.01,1.0,0.0,-82.0,28.0,149.7,29.84,3413.0,318.0,17.0,150.0,0.0,0.0,0.0,312.0,0.0,0.0,5.0,2.0,-99.0,0.0,0.0,0.0,-2.0,0.0,0.0,-54.0,0.0,0.0,0.0,0.0,3.0,1.0,0.0,1200.0,81.0,86.0,2449.0,2450.0,25.5,12.2,0.0,12.2,29.6,0.0,0.0,40.6,0.0,0.0,9.9,45.2,39.5,0.0,0.0,0.0,0.0,198.0,714.0,189.0,704.0,199.0,701.0,197.0,709.0,0.0,0.0,-28.0,0.0,0.0,29.6,7.0,4.996,0.0,0.0,0.654,0.781,80.7,85.6,0.0,0.0,76.0,R,0.0,82.4,186.8,0.0,0.0,0.0,0.0,388.4,1317.2,372.2,1299.2,390.2,1293.8,386.6,1308.2,0.0,0.0,186.07999999999998,2449.5,384.35,301.95000000000005,103.67999999999998,0.7406666666666667,29399.106,10.877049180327868,142.88,150.18,401.0,True,2026-09-23 18:50:08-07:00
460.06,2,9,2026-09-24 01:57:41,36.93743,-121.46819,1519.0,132.7,323.4,-12.5,0.08,E16,10.6,324.5,0.0,0.4,-0.0,310.7,142.8,1526.0,0.3,-0.02,1.0,0.0,-85.0,28.0,150.2,29.84,3418.0,318.0,17.0,150.0,0.0,0.0,0.0,312.0,0.0,0.0,5.0,2.0,-99.0,0.0,0.0,0.0,-2.0,0.0,0.0,-54.0,0.0,0.0,0.0,0.0,3.0,1.0,0.0,1200.0,80.0,86.0,2456.0,2456.0,25.5,12.2,0.0,12.2,29.6,0.0,0.0,40.6,0.0,0.0,10.0,45.2,39.5,0.0,0.0,0.0,0.0,198.0,716.0,189.0,705.0,199.0,702.0,197.0,710.0,0.0,0.0,-28.0,0.0,0.0,29.6,7.0,4.996,0.0,0.0,0.656,0.785,80.3,85.7,0.0,0.0,76.0,R,0.0,82.4,186.8,0.0,0.0,0.0,0.0,388.4,1320.8,372.2,1301.0,390.2,1295.6,386.6,1310.0,0.0,0.0,186.26000000000002,2456.0,384.35,301.95000000000005,103.86000000000001,0.7440555555555556,29622.926666666666,10.877049180327868,143.28,150.59,401.0,True,2026-09-23 18:50:08-07:00
461.06,2,9,2026-09-24 01:57:42,36.93792,-121.46864,1517.0,132.7,323.5,-12.5,0.08,E16,10.6,324.5,0.0,0.3,-0.5,310.7,142.7,1525.0,0.1,-0.02,1.0,0.0,-102.0,28.0,150.0,29.84,3418.0,317.0,17.0,150.0,0.0,0.0,0.0,312.0,0.0,0.0,5.0,2.0,-99.0,0.0,0.0,0.0,-2.0,0.0,0.0,-54.0,0.0,0.0,0.0,0.0,3.0,1.0,0.0,1200.0,80.0,86.0,2449.0,2451.0,25.5,12.3,0.0,12.3,29.6,0.0,0.0,40.6,0.0,0.0,10.1,45.2,39.5,0.0,0.0,0.0,0.0,197.0,716.0,189.0,705.0,199.0,702.0,197.0,710.0,0.0,0.0,-28.0,0.0,0.0,29.6,7.0,4.996,0.0,0.0,0.654,0.784,80.4,85.7,0.0,0.0,76.0,R,0.0,82.4,186.8,0.0,0.0,0.0,0.0,386.6,1320.8,372.2,1301.0,390.2,1295.6,386.6,1310.0,0.0,0.0,186.26000000000002,2450.0,383.9,301.5,103.86000000000001,0.7474583333333333,29846.747333333333,10.78861788617886,143.17999999999998,150.49,401.0,True,2026-09-23 18:50:08-07:00
462.06,2,9,2026-09-24 01:57:43,36.93842,-121.4691,1516.0,132.7,323.6,-12.5,0.08,E16,10.5,324.5,0.0,0.2,-1.0,310.7,143.1,1523.0,0.1,-0.02,1.0,0.0,-97.0,28.0,150.4,29.84,3418.0,317.0,17.0,150.0,0.0,0.0,0.0,312.0,0.0,0.0,5.0,2.0,-99.0,0.0,0.0,0.0,-2.0,0.0,0.0,-54.0,0.0,0.0,0.0,0.0,3.0,1.0,0.0,1200.0,81.0,86.0,2452.0,2454.0,25.5,12.2,0.0,12.2,29.5,0.0,0.0,40.6,0.0,0.0,10.1,45.2,39.5,0.0,0.0,0.0,0.0,197.0,716.0,189.0,705.0,198.0,703.0,197.0,710.0,0.0,0.0,-28.0,0.0,0.0,29.5,8.0,4.996,0.0,0.0,0.654,0.785,80.7,85.9,0.0,0.0,76.0,R,0.0,82.4,186.8,0.0,0.0,0.0,0.0,386.6,1320.8,372.2,1301.0,388.4,1297.4,386.6,1310.0,0.0,0.0,186.62,2453.0,383.45000000000005,301.05000000000007,104.22,0.7508611111111111,30070.568,10.877049180327868,143.57999999999998,150.9,401.0,True,2026-09-23 18:50:08-07:00
463.06,2,9,2026-09-24 01:57:44,36.93891,-121.46956,1514.0,132.7,323.7,-12.5,0.08,E16,10.5,324.5,0.0,0.1,0.1,310.5,143.2,1522.0,0.1,-0.02,1.0,0.0,-73.0,28.0,150.6,29.84,3413.0,316.0,17.0,150.0,0.0,0.0,0.0,312.0,0.0,0.0,5.0,2.0,-99.0,0.0,0.0,0.0,-2.0,0.0,0.0,-54.0,0.0,0.0,0.0,0.0,3.0,1.0,0.0,1200.0,81.0,86.0,2453.0,2454.0,25.5,12.2,0.0,12.2,22.4,0.0,0.0,40.6,0.0,0.0,9.0,45.2,39.5,0.0,0.0,0.0,0.0,197.0,716.0,189.0,706.0,198.0,703.0,196.0,711.0,0.0,0.0,-27.0,0.0,0.0,22.4,11.0,4.996,0.0,0.0,0.654,0.787,80.9,85.7,0.0,0.0,76.0,R,0.0,82.4,186.8,0.0,0.0,0.0,0.0,386.6,1320.8,372.2,1302.8,388.4,1297.4,384.8,1311.8,0.0,0.0,186.26000000000002,2453.5,383.0,300.6,103.86000000000001,0.75425,30294.388666666666,10.877049180327868,143.67999999999998,151.0,401.0,True,2026-09-23 18:50:08-07:00
464.06,2,9,2026-09-24 01:57:45,36.93941,-121.47001,1513.0,132.7,323.9,-12.5,0.08,E16,10.5,324.5,0.0,0.2,0.3,310.6,143.2,1521.0,0.1,-0.01,1.0,0.0,-48.0,28.0,150.5,29.84,3414.0,315.0,17.0,150.0,0.0,0.0,0.0,312.0,0.0,0.0,5.0,2.0,-99.0,0.0,0.0,0.0,-2.0,0.0,0.0,-54.0,0.0,0.0,0.0,0.0,3.0,1.0,0.0,1200.0,80.0,86.0,2456.0,2452.0,25.5,12.3,0.0,12.3,22.8,0.0,0.0,40.6,0.0,0.0,7.8,45.2,39.5,0.0,0.0,0.0,0.0,197.0,717.0,188.0,706.0,198.0,703.0,196.0,710.0,0.0,0.0,-28.0,0.0,0.0,22.8,11.0,4.996,0.0,0.0,0.654,0.786,80.3,85.6,0.0,0.0,76.0,R,0.0,82.4,186.8,0.0,0.0,0.0,0.0,386.6,1322.6,370.4,1302.8,388.4,1297.4,384.8,1310.0,0.0,0.0,186.07999999999998,2454.0,382.54999999999995,300.15,103.67999999999998,0.7576527777777777,30518.209333333332,10.78861788617886,143.67999999999998,151.0,401.0,True,2026-09-23 18:50:08-07:00
465.06,2,9,2026-09-24 01:57:46,36.93991,-121.47046,1512.0,132.7,324.1,-12.5,0.08,E16,10.4,324.5,0.0,0.1,0.5,310.8,143.3,1521.0,0.2,-0.02,1.0,0.0,-74.0,28.0,150.7,29.84,3414.0,315.0,17.0,150.0,0.0,0.0,0.0,312.0,0.0,0.0,5.0,2.0,-99.0,0.0,0.0,0.0,-2.0,0.0,0.0,-54.0,0.0,0.0,0.0,0.0,3.0,1.0,0.0,1200.0,81.0,86.0,2452.0,2452.0,25.5,12.2,0.0,12.2,22.9,0.0,0.0,40.6,0.0,0.0,7.1,45.2,39.5,0.0,0.0,0.0,0.0,197.0,717.0,188.0,707.0,198.0,704.0,196.0,711.0,0.0,0.0,-28.0,0.0,0.0,22.9,14.0,4.996,0.0,0.0,0.654,0.785,80.7,85.5,0.0,0.0,76.0,R,0.0,82.4,186.8,0.0,0.0,0.0,0.0,386.6,1322.6,370.4,1304.6,388.4,1299.2,384.8,1311.8,0.0,0.0,185.9,2452.0,382.54999999999995,300.15,103.5,0.7610555555555556,30742.03,10.877049180327868,143.78,151.11,401.0,True,2026-09-23 18:50:08-07:00
466.06,2,9,2026-09-24 01:57:47,36.9404,-121.47091,1513.0,132.6,324.4,-12.5,0.08,E16,10.4,324.5,0.0,0.2,0.4,311.2,143.0,1520.0,0.3,-0.02,1.0,0.0,-49.0,28.0,150.3,29.84,3414.0,314.0,17.0,150.0,0.0,0.0,0.0,312.0,0.0,0.0,5.0,2.0,-99.0,0.0,0.0,0.0,-2.0,0.0,0.0,-54.0,0.0,0.0,0.0,0.0,3.0,1.0,0.0,1200.0,80.0,86.0,2451.0,2451.0,25.5,12.2,0.0,12.2,23.0,0.0,0.0,40.6,0.0,0.0,6.8,45.2,39.5,0.0,0.0,0.0,0.0,196.0,718.0,188.0,707.0,197.0,704.0,196.0,711.0,0.0,0.0,-28.0,0.0,0.0,23.0,12.0,4.996,0.0,0.0,0.656,0.787,80.3,85.6,0.0,0.0,76.0,R,0.0,82.4,186.8,0.0,0.0,0.0,0.0,384.8,1324.4,370.4,1304.6,386.6,1299.2,384.8,1311.8,0.0,0.0,186.07999999999998,2451.0,381.65000000000003,299.25,103.67999999999998,0.7644444444444445,30965.76633333333,10.868852459016393,143.48,150.79,401.0,True,2026-09-23 18:50:08-07:00
467.06,2,9,2026-09-24 01:57:48,36.94091,-121.47135,1513.0,132.6,324.6,-12.5,0.08,E16,10.4,324.5,0.0,0.4,0.9,311.7,142.9,1518.0,0.3,-0.02,1.0,0.0,-75.0,28.0,150.3,29.84,3421.0,314.0,17.0,150.0,0.0,0.0,0.0,312.0,0.0,0.0,5.0,2.0,-99.0,0.0,0.0,0.0,-2.0,0.0,0.0,-54.0,0.0,0.0,0.0,0.0,3.0,1.0,0.0,1200.0,81.0,86.0,2449.0,2451.0,25.5,12.2,0.0,12.2,23.1,0.0,0.0,40.6,0.0,0.0,6.5,45.2,39.5,0.0,0.0,0.0,0.0,196.0,717.0,188.0,707.0,198.0,704.0,196.0,711.0,0.0,0.0,-28.0,0.0,0.0,23.1,8.0,4.996,0.0,0.0,0.654,0.785,80.6,85.7,0.0,0.0,76.0,R,0.0,82.4,186.8,0.0,0.0,0.0,0.0,384.8,1322.6,370.4,1304.6,388.4,1299.2,384.8,1311.8,0.0,0.0,186.26000000000002,2450.0,382.09999999999997,299.69999999999993,103.86000000000001,0.7678333333333334,31189.41833333333,10.868852459016393,143.38,150.68,401.0,True,2026-09-23 18:50:08-07:00
468.06,2,9,2026-09-24 01:57:49,36.94141,-121.47179,1513.0,132.5,324.8,-12.5,0.08,E16,10.3,324.5,0.0,0.4,0.4,311.9,142.7,1518.0,0.2,-0.02,1.0,0.0,-28.0,28.0,150.1,29.84,3421.0,313.0,17.0,150.0,0.0,0.0,0.0,312.0,0.0,0.0,5.0,2.0,-99.0,0.0,0.0,0.0,-2.0,0.0,0.0,-54.0,0.0,0.0,0.0,0.0,3.0,1.0,0.0,1200.0,81.0,86.0,2447.0,2448.0,25.5,12.3,0.0,12.3,23.1,0.0,0.0,40.6,0.0,0.0,6.0,45.2,39.5,0.0,0.0,0.0,0.0,196.0,718.0,188.0,708.0,197.0,705.0,195.0,711.0,0.0,0.0,-28.0,0.0,0.0,23.1,8.0,4.996,0.0,0.0,0.656,0.787,80.8,85.7,0.0,0.0,76.0,R,0.0,82.4,186.8,0.0,0.0,0.0,0.0,384.8,1324.4,370.4,1306.4,386.6,1301.0,383.0,1311.8,0.0,0.0,186.26000000000002,2447.5,381.2,298.79999999999995,103.86000000000001,0.7712361111111111,31412.985999999997,10.772357723577235,143.17999999999998,150.47,401.0,True,2026-09-23 18:50:08-07:00
469.06,2,9,2026-09-24 01:57:50,36.94191,-121.47224,1513.0,132.4,325.0,-12.5,0.08,E16,10.3,324.5,0.0,0.7,-0.9,311.5,142.7,1518.0,-0.1,-0.02,1.0,0.0,-2.0,28.0,150.0,29.84,3421.0,313.0,17.0,150.0,0.0,0.0,0.0,312.0,0.0,0.0,5.0,2.0,-99.0,0.0,0.0,0.0,-2.0,0.0,0.0,-54.0,0.0,0.0,0.0,0.0,3.0,1.0,0.0,1200.0,81.0,86.0,2453.0,2449.0,25.5,12.3,0.0,12.3,23.0,0.0,0.0,40.6,0.0,0.0,5.9,45.2,39.5,0.0,0.0,0.0,0.0,196.0,719.0,188.0,708.0,197.0,705.0,195.0,712.0,0.0,0.0,-28.0,0.0,0.0,23.0,8.0,4.996,0.0,0.0,0.656,0.787,80.7,85.6,0.0,0.0,76.0,R,0.0,82.4,186.8,0.0,0.0,0.0,0.0,384.8,1326.2,370.4,1306.4,386.6,1301.0,383.0,1313.6,0.0,0.0,186.07999999999998,2451.0,381.2,298.79999999999995,103.67999999999998,0.7746527777777777,31636.385,10.764227642276422,143.17999999999998,150.47,401.0,True,2026-09-23 18:50:08-07:00
470.06,2,9,2026-09-24 01:57:51,36.94241,-121.47267,1514.0,132.4,325.0,-12.5,0.08,E16,10.3,324.5,0.0,0.8,-0.4,311.5,142.9,1517.0,-0.0,-0.01,1.0,0.0,-27.0,28.0,150.2,29.84,3429.0,312.0,17.0,150.0,0.0,0.0,0.0,312.0,0.0,0.0,5.0,2.0,-99.0,0.0,0.0,0.0,-2.0,0.0,0.0,-54.0,0.0,0.0,0.0,0.0,3.0,0.0,0.0,1200.0,81.0,86.0,2448.0,2450.0,25.5,12.3,0.0,12.3,23.0,0.0,0.0,40.6,0.0,0.0,5.9,45.2,39.5,0.0,0.0,0.0,0.0,196.0,718.0,188.0,708.0,197.0,704.0,195.0,711.0,0.0,0.0,-28.0,0.0,0.0,23.0,8.0,4.996,0.0,0.0,0.654,0.793,80.8,85.6,0.0,0.0,76.0,R,0.0,82.4,186.8,0.0,0.0,0.0,0.0,384.8,1324.4,370.4,1306.4,386.6,1299.2,383.0,1311.8,0.0,0.0,186.07999999999998,2449.0,381.2,298.79999999999995,103.67999999999998,0.7780694444444445,31859.699666666664,10.764227642276422,143.38,150.67,401.0,True,2026-09-23 18:50:08-07:00
471.06,2,9,2026-09-24 01:57:52,36.94292,-121.47311,1514.0,132.3,325.3,-12.5,0.08,E16,10.2,324.5,0.0,0.9,1.6,312.0,143.0,1517.0,0.2,0.0,1.0,0.0,12.0,28.0,150.3,29.84,3429.0,312.0,18.0,150.0,0.0,0.0,0.0,312.0,0.0,0.0,5.0,2.0,-99.0,0.0,0.0,0.0,-2.0,0.0,0.0,-54.0,0.0,0.0,0.0,0.0,3.0,1.0,0.0,1200.0,81.0,86.0,2453.0,2455.0,25.5,12.3,0.0,12.3,23.1,0.0,0.0,40.6,0.0,0.0,6.1,45.2,39.5,0.0,0.0,0.0,0.0,195.0,718.0,188.0,708.0,197.0,704.0,195.0,711.0,0.0,0.0,-27.0,0.0,0.0,23.1,8.0,4.996,0.0,0.0,0.654,0.787,80.7,85.6,0.0,0.0,76.0,R,0.0,82.4,186.8,0.0,0.0,0.0,0.0,383.0,1324.4,370.4,1306.4,386.6,1299.2,383.0,1311.8,0.0,0.0,186.07999999999998,2454.0,380.75,298.35,103.67999999999998,0.7814861111111111,32082.929999999997,10.75609756097561,143.48,150.78,401.0,True,2026-09-23 18:50:08-07:00
472.06,2,9,2026-09-24 01:57:53,36.94342,-121.47354,1512.0,132.2,325.6,-12.5,0.08,E16,10.2,324.5,0.0,0.7,1.6,312.9,143.1,1517.0,0.5,-0.02,1.0,0.0,29.0,28.0,150.4,29.84,3429.0,312.0,18.0,150.0,0.0,0.0,0.0,312.0,0.0,0.0,5.0,2.0,-99.0,0.0,0.0,0.0,-2.0,0.0,0.0,-54.0,0.0,0.0,0.0,0.0,3.0,1.0,0.0,1200.0,80.0,86.0,2452.0,2451.0,25.5,12.3,0.0,12.3,23.1,0.0,0.0,40.6,0.0,0.0,6.1,45.2,39.5,0.0,0.0,0.0,0.0,195.0,719.0,188.0,708.0,197.0,704.0,195.0,711.0,0.0,0.0,-27.0,0.0,0.0,23.1,8.0,4.996,0.0,0.0,0.654,0.796,80.3,85.7,0.0,0.0,76.0,R,0.0,82.4,186.8,0.0,0.0,0.0,0.0,383.0,1326.2,370.4,1306.4,386.6,1299.2,383.0,1311.8,0.0,0.0,186.26000000000002,2451.5,380.75,298.35,103.86000000000001,0.7849027777777778,32305.991666666665,10.747967479674795,143.57999999999998,150.88,401.0,True,2026-09-23 18:50:08-07:00
473.06,2,9,2026-09-24 01:57:54,36.94393,-121.47397,1513.0,132.1,325.8,-12.5,0.08,E16,10.1,324.4,0.0,0.7,0.5,313.4,142.9,1517.0,0.4,-0.02,1.0,0.0,52.0,28.0,150.3,29.84,3429.0,312.0,18.0,150.0,0.0,0.0,0.0,312.0,0.0,0.0,5.0,2.0,-99.0,0.0,0.0,0.0,-2.0,0.0,0.0,-54.0,0.0,0.0,0.0,0.0,3.0,1.0,0.0,1200.0,80.0,86.0,2450.0,2451.0,25.5,12.3,0.0,12.3,23.2,0.0,0.0,40.6,0.0,0.0,5.9,45.2,39.5,0.0,0.0,0.0,0.0,195.0,719.0,188.0,708.0,196.0,704.0,195.0,711.0,0.0,0.0,-27.0,0.0,0.0,23.2,8.0,4.996,0.0,0.0,0.654,0.797,80.2,85.7,0.0,0.0,76.0,R,0.0,82.4,186.8,0.0,0.0,0.0,0.0,383.0,1326.2,370.4,1306.4,384.8,1299.2,383.0,1311.8,0.0,0.0,186.26000000000002,2450.5,380.29999999999995,297.9,103.86000000000001,0.7883194444444445,32528.884666666665,10.739837398373982,143.38,150.67,401.0,True,2026-09-23 18:50:08-07:00
474.06,2,9,2026-09-24 01:57:55,36.94444,-121.4744,1513.0,132.0,326.0,-12.5,0.08,E16,10.1,324.4,0.0,0.8,0.0,313.2,142.7,1517.0,0.0,-0.01,1.0,0.0,10.0,28.0,150.1,29.84,3429.0,312.0,18.0,150.0,0.0,0.0,0.0,312.0,0.0,0.0,5.0,2.0,-99.0,0.0,0.0,0.0,-2.0,0.0,0.0,-54.0,0.0,0.0,0.0,0.0,3.0,1.0,0.0,1200.0,81.0,86.0,2449.0,2451.0,25.5,12.3,0.0,12.3,23.2,0.0,0.0,40.6,0.0,0.0,5.7,45.2,39.5,0.0,0.0,0.0,0.0,195.0,719.0,187.0,708.0,196.0,704.0,195.0,712.0,0.0,0.0,-27.0,0.0,0.0,23.2,8.0,4.996,0.0,0.0,0.654,0.797,80.6,85.6,0.0,0.0,76.0,R,0.0,82.4,186.8,0.0,0.0,0.0,0.0,383.0,1326.2,368.6,1306.4,384.8,1299.2,383.0,1313.6,0.0,0.0,186.07999999999998,2450.0,379.85,297.45000000000005,103.67999999999998,0.7917361111111111,32751.608999999997,10.73170731707317,143.17999999999998,150.46,401.0,True,2026-09-23 18:50:08-07:00
475.06,2,9,2026-09-24 01:57:56,36.94494,-121.47482,1513.0,131.9,326.2,-12.5,0.08,E16,10.1,324.4,0.0,0.9,-0.9,313.3,142.4,1517.0,0.1,-0.01,1.0,0.0,16.0,28.0,149.7,29.84,3429.0,312.0,18.0,150.0,0.0,0.0,0.0,312.0,0.0,0.0,5.0,2.0,-99.0,0.0,0.0,0.0,-2.0,0.0,0.0,-54.0,0.0,0.0,0.0,0.0,3.0,1.0,0.0,1200.0,80.0,86.0,2448.0,2446.0,25.5,12.3,0.0,12.3,23.2,0.0,0.0,40.6,0.0,0.0,5.8,45.2,39.5,0.0,0.0,0.0,0.0,195.0,719.0,187.0,709.0,196.0,704.0,194.0,712.0,0.0,0.0,-27.0,0.0,0.0,23.2,8.0,4.996,0.0,0.0,0.654,0.791,80.4,85.6,0.0,0.0,76.0,R,0.0,82.4,186.8,0.0,0.0,0.0,0.0,383.0,1326.2,368.6,1308.2,384.8,1299.2,381.2,1313.6,0.0,0.0,186.07999999999998,2447.0,379.4,297.0,103.67999999999998,0.7951527777777778,32974.164666666664,10.723577235772357,142.88,150.15,401.0,True,2026-09-23 18:50:08-07:00
476.06,2,9,2026-09-24 01:57:57,36.94545,-121.47525,1513.0,131.8,326.1,-12.5,0.08,E16,10.0,324.4,0.0,1.0,-1.9,313.3,142.1,1517.0,-0.0,-0.02,1.0,0.0,24.0,28.0,149.5,29.84,3438.0,312.0,18.0,150.0,0.0,0.0,0.0,312.0,0.0,0.0,5.0,2.0,-99.0,0.0,0.0,0.0,-2.0,0.0,0.0,-54.0,0.0,0.0,0.0,0.0,3.0,1.0,0.0,1200.0,80.0,86.0,2453.0,2452.0,25.5,12.3,0.0,12.3,23.2,0.0,0.0,40.6,0.0,0.0,5.9,45.2,39.5,0.0,0.0,0.0,0.0,195.0,719.0,187.0,708.0,196.0,704.0,194.0,713.0,0.0,0.0,-27.0,0.0,0.0,23.2,8.0,4.996,0.0,0.0,0.656,0.79,80.2,85.7,0.0,0.0,76.0,R,0.0,82.4,186.8,0.0,0.0,0.0,0.0,383.0,1326.2,368.6,1306.4,384.8,1299.2,381.2,1315.4,0.0,0.0,186.26000000000002,2452.5,379.4,297.0,103.86000000000001,0.7985694444444444,33196.551666666666,10.715447154471544,142.57999999999998,149.83,401.0,True,2026-09-23 18:50:08-07:00
477.06,2,9,2026-09-24 01:57:58,36.94595,-121.47568,1514.0,131.7,325.9,-12.5,0.07,E16,10.0,324.4,0.0,1.2,-2.8,313.2,142.0,1517.0,-0.1,-0.02,1.0,0.0,8.0,28.0,149.3,29.84,3438.0,312.0,18.0,150.0,0.0,0.0,0.0,312.0,0.0,0.0,5.0,1.0,-99.0,0.0,0.0,0.0,-2.0,0.0,0.0,-54.0,0.0,0.0,0.0,0.0,3.0,1.0,0.0,1200.0,80.0,86.0,2449.0,2447.0,25.4,12.3,0.0,12.3,23.1,0.0,0.0,40.6,0.0,0.0,6.0,45.2,39.5,0.0,0.0,0.0,0.0,195.0,718.0,187.0,708.0,196.0,704.0,194.0,712.0,0.0,0.0,-27.0,0.0,0.0,23.1,8.0,4.996,0.0,0.0,0.656,0.795,80.2,85.8,0.0,0.0,76.0,R,0.0,82.4,186.8,0.0,0.0,0.0,0.0,383.0,1324.4,368.6,1306.4,384.8,1299.2,381.2,1313.6,0.0,0.0,186.44,2448.0,379.4,297.0,104.03999999999999,0.8019861111111111,33418.77,10.70731707317073,142.48,149.73,401.0,True,2026-09-23 18:50:08-07:00
478.06,2,9,2026-09-24 01:57:59,36.94646,-121.4761,1514.0,131.6,325.7,-12.5,0.07,E16,10.0,324.4,0.0,1.3,-0.0,313.1,141.9,1517.0,-0.2,-0.01,1.0,0.0,0.0,28.0,149.3,29.84,3439.0,312.0,18.0,150.0,0.0,0.0,0.0,312.0,0.0,0.0,5.0,1.0,-99.0,0.0,0.0,0.0,-3.0,0.0,0.0,-54.0,0.0,0.0,0.0,0.0,3.0,1.0,0.0,1200.0,80.0,86.0,2450.0,2450.0,25.4,12.3,0.0,12.3,23.2,0.0,0.0,40.6,0.0,0.0,5.8,45.2,39.5,0.0,0.0,0.0,0.0,194.0,718.0,187.0,708.0,196.0,704.0,194.0,712.0,0.0,0.0,-27.0,0.0,0.0,23.2,8.0,4.996,0.0,0.0,0.654,0.8,80.4,85.9,0.0,0.0,76.0,R,0.0,82.4,186.8,0.0,0.0,0.0,0.0,381.2,1324.4,368.6,1306.4,384.8,1299.2,381.2,1313.6,0.0,0.0,186.62,2450.0,378.95,296.54999999999995,104.22,0.8054027777777778,33640.81966666666,10.699186991869917,142.38,149.62,401.0,True,2026-09-23 18:50:08-07:00
479.06,2,9,2026-09-24 01:58:00,36.94696,-121.47653,1515.0,131.4,325.7,-12.5,0.07,E16,9.9,324.4,0.0,1.3,-1.4,313.3,142.4,1517.0,0.1,-0.02,1.0,0.0,1.0,28.0,149.7,29.84,3439.0,312.0,18.0,150.0,0.0,0.0,0.0,312.0,0.0,0.0,5.0,1.0,-99.0,0.0,0.0,0.0,-3.0,0.0,0.0,-54.0,0.0,0.0,0.0,0.0,3.0,1.0,0.0,1200.0,80.0,86.0,2453.0,2451.0,25.4,12.3,0.0,12.3,23.2,0.0,0.0,40.6,0.0,0.0,5.7,45.2,39.5,0.0,0.0,0.0,0.0,194.0,718.0,187.0,708.0,196.0,704.0,194.0,711.0,0.0,0.0,-27.0,0.0,0.0,23.2,8.0,4.996,0.0,0.0,0.654,0.807,80.4,85.7,0.0,0.0,76.0,R,0.0,82.4,186.8,0.0,0.0,0.0,0.0,381.2,1324.4,368.6,1306.4,384.8,1299.2,381.2,1311.8,0.0,0.0,186.26000000000002,2452.0,378.95,296.54999999999995,103.86000000000001,0.8088194444444444,33862.61633333333,10.682926829268293,142.88,150.15,401.0,True,2026-09-23 18:50:08-07:00
480.06,2,9,2026-09-24 01:58:01,36.94746,-121.47696,1515.0,131.4,325.8,-12.5,0.07,E16,9.9,324.4,0.0,1.3,-1.4,313.6,142.1,1517.0,0.2,-0.03,1.0,0.0,38.0,28.0,149.4,29.84,3439.0,312.0,18.0,150.0,0.0,0.0,0.0,312.0,0.0,0.0,5.0,1.0,-99.0,0.0,0.0,0.0,-2.0,0.0,0.0,-54.0,0.0,0.0,0.0,0.0,3.0,1.0,0.0,1200.0,80.0,86.0,2451.0,2450.0,25.5,12.3,0.0,12.3,23.3,0.0,0.0,40.6,0.0,0.0,5.8,45.2,39.5,0.0,0.0,0.0,0.0,194.0,717.0,187.0,708.0,195.0,704.0,194.0,711.0,0.0,0.0,-27.0,0.0,0.0,23.3,8.0,4.996,0.0,0.0,0.654,0.795,80.3,85.7,0.0,0.0,76.0,R,0.0,82.4,186.8,0.0,0.0,0.0,0.0,381.2,1322.6,368.6,1306.4,383.0,1299.2,381.2,1311.8,0.0,0.0,186.26000000000002,2450.5,378.50000000000006,296.1,103.86000000000001,0.8122361111111112,34084.24433333333,10.682926829268293,142.57999999999998,149.83,401.0,True,2026-09-23 18:50:08-07:00
481.06,2,9,2026-09-24 01:58:02,36.94797,-121.47739,1515.0,131.2,325.8,-12.5,0.07,E16,9.9,324.4,0.0,1.4,-0.8,313.6,141.8,1517.0,0.1,-0.02,1.0,0.0,11.0,28.0,149.2,29.84,3449.0,312.0,18.0,150.0,0.0,0.0,0.0,312.0,0.0,0.0,5.0,1.0,-99.0,0.0,0.0,0.0,-2.0,0.0,0.0,-54.0,0.0,0.0,0.0,0.0,3.0,1.0,0.0,1200.0,80.0,86.0,2448.0,2447.0,25.4,12.3,0.0,12.3,23.2,0.0,0.0,40.6,0.0,0.0,5.9,45.2,39.5,0.0,0.0,0.0,0.0,194.0,716.0,187.0,707.0,195.0,704.0,193.0,711.0,0.0,0.0,-27.0,0.0,0.0,23.2,8.0,4.996,0.0,0.0,0.654,0.798,80.3,85.7,0.0,0.0,76.0,R,0.0,82.4,186.8,0.0,0.0,0.0,0.0,381.2,1320.8,368.6,1304.6,383.0,1299.2,379.4,1311.8,0.0,0.0,186.26000000000002,2447.5,378.05,295.65,103.86000000000001,0.8156527777777778,34305.70366666666,10.666666666666664,142.28,149.52,401.0,True,2026-09-23 18:50:08-07:00
482.06,2,9,2026-09-24 01:58:03,36.94847,-121.47781,1515.0,131.2,325.8,-12.5,0.07,E16,9.8,324.4,0.0,1.3,-1.8,313.5,141.7,1517.0,-0.0,-0.03,1.0,0.0,6.0,28.0,149.0,29.84,3449.0,313.0,18.0,150.0,0.0,0.0,0.0,312.0,0.0,0.0,5.0,1.0,-99.0,0.0,0.0,0.0,-2.0,0.0,0.0,-54.0,0.0,0.0,0.0,0.0,3.0,1.0,0.0,1200.0,81.0,86.0,2447.0,2450.0,25.4,12.3,0.0,12.3,23.3,0.0,0.0,40.6,0.0,0.0,6.0,45.2,39.5,0.0,0.0,0.0,0.0,194.0,717.0,186.0,707.0,195.0,705.0,193.0,711.0,0.0,0.0,-27.0,0.0,0.0,23.3,8.0,4.996,0.0,0.0,0.654,0.795,80.7,85.8,0.0,0.0,76.0,R,0.0,82.4,186.8,0.0,0.0,0.0,0.0,381.2,1322.6,366.8,1304.6,383.0,1301.0,379.4,1311.8,0.0,0.0,186.44,2448.5,377.6,295.20000000000005,104.03999999999999,0.8190694444444444,34526.99433333333,10.666666666666664,142.17999999999998,149.41,401.0,True,2026-09-23 18:50:08-07:00
483.06,2,9,2026-09-24 01:58:04,36.94897,-121.47823,1515.0,131.0,325.7,-12.5,0.07,E16,9.8,324.4,0.0,1.4,-1.0,313.7,141.4,1517.0,0.0,-0.03,1.0,0.0,9.0,28.0,148.7,29.84,3450.0,313.0,18.0,150.0,0.0,0.0,0.0,312.0,0.0,0.0,5.0,1.0,-99.0,0.0,0.0,0.0,-2.0,0.0,0.0,-54.0,0.0,0.0,0.0,0.0,3.0,1.0,0.0,1200.0,80.0,86.0,2447.0,2446.0,25.4,12.3,0.0,12.3,23.3,0.0,0.0,40.6,0.0,0.0,5.9,45.2,39.6,0.0,0.0,0.0,0.0,194.0,716.0,186.0,707.0,195.0,705.0,193.0,711.0,0.0,0.0,-27.0,0.0,0.0,23.3,8.0,4.996,0.0,0.0,0.654,0.801,80.4,85.9,0.0,0.0,76.0,R,0.0,82.4,186.8,0.0,0.0,0.0,0.0,381.2,1320.8,366.8,1304.6,383.0,1301.0,379.4,1311.8,0.0,0.0,186.62,2446.5,377.6,295.20000000000005,104.22,0.8224861111111111,34748.11633333333,10.65040650406504,141.88,149.1,401.0,True,2026-09-23 18:50:08-07:00
484.06,2,9,2026-09-24 01:58:05,36.94948,-121.47866,1515.0,131.0,325.8,-12.5,0.06,E16,9.7,324.4,0.0,1.4,-1.9,312.9,141.8,1517.0,-0.3,-0.02,1.0,0.0,38.0,28.0,149.2,29.84,3450.0,313.0,18.0,150.0,0.0,0.0,0.0,312.0,0.0,0.0,5.0,1.0,-99.0,0.0,0.0,0.0,-2.0,0.0,0.0,-54.0,0.0,0.0,0.0,0.0,3.0,1.0,0.0,1200.0,80.0,86.0,2455.0,2454.0,25.4,12.3,0.0,12.3,23.2,0.0,0.0,40.6,0.0,0.0,5.7,45.2,39.6,0.0,0.0,0.0,0.0,193.0,717.0,186.0,708.0,195.0,705.0,193.0,711.0,0.0,0.0,-27.0,0.0,0.0,23.2,8.0,4.996,0.0,0.0,0.654,0.8,80.2,85.7,0.0,0.0,76.0,R,0.0,82.4,186.8,0.0,0.0,0.0,0.0,379.4,1322.6,366.8,1306.4,383.0,1301.0,379.4,1311.8,0.0,0.0,186.26000000000002,2454.5,377.15,294.75,103.86000000000001,0.8259027777777778,34969.06966666666,10.65040650406504,142.28,149.52,401.0,True,2026-09-23 18:50:08-07:00
485.06,2,9,2026-09-24 01:58:06,36.94998,-121.47909,1515.0,130.9,325.8,-12.5,0.06,E16,9.7,324.4,0.0,1.4,-1.4,313.0,141.2,1517.0,-0.0,-0.02,1.0,0.0,32.0,28.0,148.5,29.84,3450.0,313.0,18.0,150.0,0.0,0.0,0.0,312.0,0.0,0.0,5.0,1.0,-99.0,0.0,0.0,0.0,-2.0,0.0,0.0,-54.0,0.0,0.0,0.0,0.0,3.0,1.0,0.0,1200.0,80.0,86.0,2449.0,2448.0,25.4,12.3,0.0,12.3,23.2,0.0,0.0,40.6,0.0,0.0,5.8,45.2,39.6,0.0,0.0,0.0,0.0,193.0,717.0,186.0,707.0,195.0,705.0,193.0,711.0,0.0,0.0,-27.0,0.0,0.0,23.2,8.0,4.996,0.0,0.0,0.654,0.801,80.3,85.7,0.0,0.0,76.0,R,0.0,82.4,186.8,0.0,0.0,0.0,0.0,379.4,1322.6,366.8,1304.6,383.0,1301.0,379.4,1311.8,0.0,0.0,186.26000000000002,2448.5,377.15,294.75,103.86000000000001,0.8293194444444445,35189.93866666666,10.642276422764228,141.67999999999998,148.89,401.0,True,2026-09-23 18:50:08-07:00
486.06,2,9,2026-09-24 01:58:07,36.95048,-121.47951,1515.0,130.9,325.7,-12.5,0.06,E16,9.7,324.4,0.0,1.4,-1.8,313.3,141.2,1517.0,0.1,-0.03,1.0,0.0,17.0,28.0,148.5,29.84,3459.0,313.0,18.0,150.0,0.0,0.0,0.0,312.0,0.0,0.0,5.0,1.0,-99.0,0.0,0.0,0.0,-2.0,0.0,0.0,-54.0,0.0,0.0,0.0,0.0,3.0,1.0,0.0,1200.0,80.0,86.0,2447.0,2450.0,25.5,12.3,0.0,12.3,23.3,0.0,0.0,40.5,0.0,0.0,5.9,45.2,39.6,0.0,0.0,0.0,0.0,193.0,716.0,186.0,707.0,194.0,705.0,193.0,711.0,0.0,0.0,-27.0,0.0,0.0,23.3,8.0,4.996,0.0,0.0,0.654,0.792,80.3,85.7,0.0,0.0,76.0,R,0.0,82.4,186.8,0.0,0.0,0.0,0.0,379.4,1320.8,366.8,1304.6,381.2,1301.0,379.4,1311.8,0.0,0.0,186.26000000000002,2448.5,376.69999999999993,294.29999999999995,103.86000000000001,0.8327361111111111,35410.72333333333,10.642276422764228,141.67999999999998,148.89,401.0,True,2026-09-23 18:50:08-07:00
487.06,2,9,2026-09-24 01:58:08,36.95098,-121.47993,1516.0,130.8,325.7,-12.5,0.06,E16,9.6,324.4,0.0,1.4,-2.9,312.8,141.2,1517.0,-0.2,-0.02,1.0,0.0,40.0,28.0,148.5,29.84,3460.0,313.0,18.0,150.0,0.0,0.0,0.0,312.0,0.0,0.0,5.0,1.0,-99.0,0.0,0.0,0.0,-2.0,0.0,0.0,-54.0,0.0,0.0,0.0,0.0,3.0,1.0,0.0,1200.0,80.0,86.0,2452.0,2451.0,25.4,12.3,0.0,12.3,23.2,0.0,0.0,40.5,0.0,0.0,6.0,45.2,39.6,0.0,0.0,0.0,0.0,193.0,716.0,186.0,707.0,194.0,705.0,193.0,712.0,0.0,0.0,-27.0,0.0,0.0,23.2,8.0,4.996,0.0,0.0,0.654,0.792,80.3,85.8,0.0,0.0,76.0,R,0.0,82.4,186.8,0.0,0.0,0.0,0.0,379.4,1320.8,366.8,1304.6,381.2,1301.0,379.4,1313.6,0.0,0.0,186.44,2451.5,376.69999999999993,294.29999999999995,104.03999999999999,0.8361527777777777,35631.42366666666,10.634146341463415,141.67999999999998,148.89,401.0,True,2026-09-23 18:50:08-07:00
488.06,2,9,2026-09-24 01:58:09,36.95148,-121.48036,1515.0,130.7,325.5,-12.5,0.06,E16,9.6,324.4,0.0,1.3,-3.2,312.8,141.5,1517.0,-0.1,-0.02,1.0,0.0,51.0,28.0,148.8,29.84,3460.0,312.0,18.0,150.0,0.0,0.0,0.0,312.0,0.0,0.0,5.0,1.0,-99.0,0.0,0.0,0.0,-2.0,0.0,0.0,-54.0,0.0,0.0,0.0,0.0,3.0,1.0,0.0,1200.0,80.0,86.0,2456.0,2455.0,25.4,12.3,0.0,12.3,23.3,0.0,0.0,40.5,0.0,0.0,5.9,45.2,39.6,0.0,0.0,0.0,0.0,193.0,718.0,186.0,708.0,194.0,706.0,193.0,712.0,0.0,0.0,-27.0,0.0,0.0,23.3,8.0,4.996,0.0,0.0,0.656,0.792,80.4,85.9,0.0,0.0,76.0,R,0.0,82.4,186.8,0.0,0.0,0.0,0.0,379.4,1324.4,366.8,1306.4,381.2,1302.8,379.4,1313.6,0.0,0.0,186.62,2455.5,376.69999999999993,294.29999999999995,104.22,0.8395694444444445,35851.95533333333,10.6260162601626,141.98,149.2,401.0,True,2026-09-23 18:50:08-07:00
489.06,2,9,2026-09-24 01:58:10,36.95198,-121.4808,1516.0,130.7,325.2,-12.5,0.06,E16,9.6,324.4,0.0,1.3,-4.5,312.5,141.5,1517.0,-0.3,-0.02,1.0,0.0,15.0,28.0,148.8,29.84,3460.0,312.0,18.0,150.0,0.0,0.0,0.0,312.0,0.0,0.0,5.0,1.0,-99.0,0.0,0.0,0.0,-2.0,0.0,0.0,-54.0,0.0,0.0,0.0,0.0,3.0,1.0,0.0,1200.0,80.0,86.0,2448.0,2448.0,25.4,12.3,0.0,12.3,23.3,0.0,0.0,40.5,0.0,0.0,5.7,45.2,39.6,0.0,0.0,0.0,0.0,193.0,717.0,186.0,708.0,194.0,706.0,192.0,711.0,0.0,0.0,-27.0,0.0,0.0,23.3,8.0,4.996,0.0,0.0,0.654,0.789,80.3,85.8,0.0,0.0,76.0,R,0.0,82.4,186.8,0.0,0.0,0.0,0.0,379.4,1322.6,366.8,1306.4,381.2,1302.8,377.6,1311.8,0.0,0.0,186.44,2448.0,376.25,293.85,104.03999999999999,0.8429861111111111,36072.40266666666,10.6260162601626,141.98,149.2,401.0,True,2026-09-23 18:50:08-07:00
490.06,2,9,2026-09-24 01:58:11,36.95247,-121.48123,1515.0,130.6,324.6,-12.5,0.06,E16,9.5,324.4,0.0,1.2,-5.6,312.1,141.3,1517.0,-0.4,-0.03,1.0,0.0,8.0,28.0,148.6,29.84,3470.0,312.0,18.0,150.0,0.0,0.0,0.0,312.0,0.0,0.0,5.0,1.0,-99.0,0.0,0.0,0.0,-2.0,0.0,0.0,-54.0,0.0,0.0,0.0,0.0,3.0,1.0,0.0,1200.0,80.0,86.0,2447.0,2450.0,25.4,12.3,0.0,12.3,23.2,0.0,0.0,40.5,0.0,0.0,5.8,45.2,39.6,0.0,0.0,0.0,0.0,193.0,717.0,186.0,708.0,194.0,706.0,192.0,711.0,0.0,0.0,-27.0,0.0,0.0,23.2,8.0,4.996,0.0,0.0,0.654,0.791,80.2,85.7,0.0,0.0,76.0,R,0.0,82.4,186.8,0.0,0.0,0.0,0.0,379.4,1322.6,366.8,1306.4,381.2,1302.8,377.6,1311.8,0.0,0.0,186.26000000000002,2448.5,376.25,293.85,103.86000000000001,0.8464027777777778,36292.765666666666,10.617886178861788,141.78,148.99,401.0,True,2026-09-23 18:50:08-07:00
491.06,2,9,2026-09-24 01:58:12,36.95296,-121.48167,1514.0,130.6,324.1,-12.5,0.06,E16,9.5,324.4,0.0,1.3,-4.6,311.7,141.2,1517.0,-0.5,-0.02,1.0,0.0,-16.0,28.0,148.5,29.84,3470.0,312.0,18.0,150.0,0.0,0.0,0.0,312.0,0.0,0.0,5.0,1.0,-99.0,0.0,0.0,0.0,-2.0,0.0,0.0,-54.0,0.0,0.0,0.0,0.0,3.0,1.0,0.0,1200.0,81.0,86.0,2450.0,2450.0,25.4,12.3,0.0,12.3,23.2,0.0,0.0,40.5,0.0,0.0,5.9,45.2,39.6,0.0,0.0,0.0,0.0,192.0,717.0,186.0,708.0,194.0,707.0,192.0,711.0,0.0,0.0,-27.0,0.0,0.0,23.2,8.0,4.996,0.0,0.0,0.654,0.795,80.7,85.7,0.0,0.0,76.0,R,0.0,82.4,186.8,0.0,0.0,0.0,0.0,377.6,1322.6,366.8,1306.4,381.2,1304.6,377.6,1311.8,0.0,0.0,186.26000000000002,2450.0,375.79999999999995,293.4,103.86000000000001,0.8498194444444445,36513.04433333333,10.617886178861788,141.67999999999998,148.89,401.0,True,2026-09-23 18:50:08-07:00
492.06,2,9,2026-09-24 01:58:13,36.95345,-121.48212,1513.0,130.7,323.7,-12.5,0.06,E16,9.5,324.4,0.0,1.2,-2.9,311.8,141.4,1517.0,-0.2,-0.03,1.0,0.0,32.0,28.0,148.8,29.84,3470.0,313.0,18.0,150.0,0.0,0.0,0.0,312.0,0.0,0.0,5.0,1.0,-99.0,0.0,0.0,0.0,-2.0,0.0,0.0,-54.0,0.0,0.0,0.0,0.0,3.0,1.0,0.0,1200.0,80.0,86.0,2452.0,2450.0,25.4,12.3,0.0,12.3,23.2,0.0,0.0,40.5,0.0,0.0,6.0,45.2,39.6,0.0,0.0,0.0,0.0,192.0,716.0,185.0,708.0,194.0,706.0,192.0,712.0,0.0,0.0,-27.0,0.0,0.0,23.2,8.0,4.996,0.0,0.0,0.654,0.79,80.1,85.8,0.0,0.0,76.0,R,0.0,82.4,186.8,0.0,0.0,0.0,0.0,377.6,1320.8,365.0,1306.4,381.2,1302.8,377.6,1313.6,0.0,0.0,186.44,2451.0,375.35,292.95000000000005,104.03999999999999,0.8532361111111111,36733.40733333333,10.6260162601626,141.88,149.1,401.0,True,2026-09-23 18:50:08-07:00
493.06,2,9,2026-09-24 01:58:14,36.95394,-121.48257,1512.0,130.7,323.5,-12.5,0.06,E16,9.4,324.4,0.0,1.2,-1.5,312.1,140.8,1517.0,-0.0,-0.03,1.0,0.0,2.0,29.0,148.2,29.84,3471.0,313.0,18.0,150.0,0.0,0.0,0.0,312.0,0.0,0.0,5.0,1.0,-99.0,0.0,0.0,0.0,-2.0,0.0,0.0,-54.0,0.0,0.0,0.0,0.0,3.0,1.0,0.0,1200.0,80.0,86.0,2448.0,2448.0,25.4,12.3,0.0,12.3,23.3,0.0,0.0,40.5,0.0,0.0,5.9,45.2,39.6,0.0,0.0,0.0,0.0,193.0,717.0,186.0,708.0,194.0,707.0,192.0,712.0,0.0,0.0,-27.0,0.0,0.0,23.3,8.0,4.996,0.0,0.0,0.654,0.801,80.4,85.9,0.0,0.0,76.0,R,0.0,84.2,186.8,0.0,0.0,0.0,0.0,379.4,1322.6,366.8,1306.4,381.2,1304.6,377.6,1313.6,0.0,0.0,186.62,2448.0,376.25,292.05,102.42,0.8566527777777778,36953.854666666666,10.6260162601626,141.28,148.71,401.0,True,2026-09-23 18:50:08-07:00
494.06,2,9,2026-09-24 01:58:15,36.95443,-121.48301,1510.0,130.8,323.5,-12.5,0.06,E16,9.4,324.4,0.0,1.2,-1.9,312.1,141.0,1517.0,-0.1,-0.02,1.0,0.0,-32.0,29.0,148.3,29.84,3471.0,314.0,18.0,150.0,0.0,0.0,0.0,312.0,0.0,0.0,5.0,1.0,-99.0,0.0,0.0,0.0,-2.0,0.0,0.0,-54.0,0.0,0.0,0.0,0.0,3.0,1.0,0.0,1200.0,81.0,86.0,2452.0,2450.0,25.4,12.3,0.0,12.3,23.2,0.0,0.0,40.5,0.0,0.0,5.7,45.2,39.6,0.0,0.0,0.0,0.0,192.0,717.0,185.0,708.0,193.0,707.0,192.0,712.0,0.0,0.0,-27.0,0.0,0.0,23.2,8.0,4.996,0.0,0.0,0.654,0.784,80.7,85.8,0.0,0.0,76.0,R,0.0,84.2,186.8,0.0,0.0,0.0,0.0,377.6,1322.6,365.0,1306.4,379.4,1304.6,377.6,1313.6,0.0,0.0,186.44,2451.0,374.9,290.7,102.24,0.8600694444444444,37174.38633333333,10.634146341463415,141.48,148.92,401.0,True,2026-09-23 18:50:08-07:00
495.06,2,9,2026-09-24 01:58:16,36.95491,-121.48346,1508.0,130.9,323.4,-12.5,0.06,E16,9.3,324.4,0.0,1.1,-1.8,312.2,140.9,1517.0,-0.1,-0.03,1.0,0.0,-62.0,29.0,148.3,29.84,3471.0,314.0,18.0,150.0,0.0,0.0,0.0,312.0,0.0,0.0,5.0,1.0,-99.0,0.0,0.0,0.0,-2.0,0.0,0.0,-54.0,0.0,0.0,0.0,0.0,3.0,1.0,0.0,1200.0,81.0,86.0,2452.0,2334.0,25.4,12.3,0.0,12.3,23.2,0.0,0.0,40.5,0.0,0.0,6.4,45.2,39.6,0.0,0.0,0.0,0.0,192.0,717.0,185.0,707.0,193.0,705.0,192.0,711.0,0.0,0.0,-27.0,0.0,0.0,23.2,8.0,4.996,0.0,0.0,0.654,0.787,80.6,85.7,0.0,0.0,76.0,R,0.0,84.2,186.8,0.0,0.0,0.0,0.0,377.6,1322.6,365.0,1304.6,379.4,1301.0,377.6,1311.8,0.0,0.0,186.26000000000002,2393.0,374.9,290.7,102.06000000000002,0.8634861111111112,37395.08666666666,10.642276422764228,141.38,148.82,401.0,True,2026-09-23 18:50:08-07:00
496.06,2,9,2026-09-24 01:58:17,36.9554,-121.48391,1505.0,131.1,323.3,-12.5,0.06,E16,9.3,324.4,0.0,1.0,-1.1,312.4,141.2,1517.0,0.0,-0.03,1.0,0.0,-123.0,29.0,148.6,29.84,3480.0,315.0,18.0,150.0,0.0,0.0,0.0,312.0,0.0,0.0,5.0,1.0,-99.0,0.0,0.0,0.0,-2.0,0.0,0.0,-54.0,0.0,0.0,0.0,0.0,3.0,1.0,0.0,1200.0,81.0,86.0,2450.0,2450.0,25.4,12.3,0.0,12.3,23.2,0.0,0.0,40.5,0.0,0.0,6.3,45.2,39.6,0.0,0.0,0.0,0.0,192.0,716.0,185.0,708.0,193.0,705.0,192.0,711.0,0.0,0.0,-27.0,0.0,0.0,23.2,8.0,4.996,0.0,0.0,0.654,0.787,80.7,85.7,0.0,0.0,76.0,R,0.0,84.2,186.8,0.0,0.0,0.0,0.0,377.6,1320.8,365.0,1306.4,379.4,1301.0,377.6,1311.8,0.0,0.0,186.26000000000002,2450.0,374.9,290.7,102.06000000000002,0.8669027777777778,37616.03999999999,10.658536585365853,141.67999999999998,149.13,401.0,True,2026-09-23 18:50:08-07:00
497.06,2,9,2026-09-24 01:58:18,36.95589,-121.48437,1503.0,131.2,323.4,-12.5,0.06,E16,9.3,324.4,0.0,0.8,-1.9,312.0,141.3,1517.0,-0.1,-0.03,1.0,0.0,-142.0,29.0,148.7,29.84,3480.0,315.0,18.0,150.0,0.0,0.0,0.0,312.0,0.0,0.0,5.0,1.0,-99.0,0.0,0.0,0.0,-2.0,0.0,0.0,-54.0,0.0,0.0,0.0,0.0,3.0,1.0,0.0,1200.0,80.0,86.0,2449.0,2449.0,25.5,12.3,0.0,12.3,23.2,0.0,0.0,40.5,0.0,0.0,6.3,45.2,39.6,0.0,0.0,0.0,0.0,192.0,716.0,185.0,708.0,193.0,705.0,191.0,711.0,0.0,0.0,-27.0,0.0,0.0,23.2,8.0,4.996,0.0,0.0,0.654,0.789,80.5,85.7,0.0,0.0,76.0,R,0.0,84.2,186.8,0.0,0.0,0.0,0.0,377.6,1320.8,365.0,1306.4,379.4,1301.0,375.8,1311.8,0.0,0.0,186.26000000000002,2449.0,374.45000000000005,290.25000000000006,102.06000000000002,0.8703194444444444,37837.24633333333,10.666666666666664,141.78,149.24,401.0,True,2026-09-23 18:50:08-07:00
498.06,2,9,2026-09-24 01:58:19,36.95638,-121.48482,1500.0,131.3,323.3,-12.5,0.06,E16,9.2,324.4,0.0,1.0,-1.5,311.7,141.3,1516.0,-0.1,-0.03,1.1,0.0,-105.0,29.0,148.7,29.84,3480.0,315.0,18.0,150.0,0.0,0.0,0.0,312.0,0.0,0.0,5.0,1.0,-99.0,0.0,0.0,0.0,-2.0,0.0,0.0,-54.0,0.0,0.0,0.0,0.0,3.0,1.0,0.0,1200.0,80.0,86.0,2456.0,2456.0,25.4,12.3,0.0,12.3,23.2,0.0,0.0,40.5,0.0,0.0,6.1,45.2,39.6,0.0,0.0,0.0,0.0,192.0,717.0,185.0,709.0,193.0,705.0,192.0,711.0,0.0,0.0,-27.0,0.0,0.0,23.2,8.0,4.996,0.0,0.0,0.654,0.792,80.4,85.9,0.0,0.0,76.0,R,0.0,84.2,186.8,0.0,0.0,0.0,0.0,377.6,1322.6,365.0,1308.2,379.4,1301.0,377.6,1311.8,0.0,0.0,186.62,2456.0,374.9,290.7,102.42,0.8737361111111112,38058.62133333333,10.67479674796748,141.78,149.24,401.0,True,2026-09-23 18:50:08-07:00
499.06,2,9,2026-09-24 01:58:20,36.95687,-121.48527,1499.0,131.4,323.3,-12.5,0.06,E16,9.2,324.4,0.0,1.3,-1.9,311.4,141.4,1513.0,-0.0,-0.03,1.1,0.0,-102.0,29.0,148.7,29.84,3487.0,315.0,18.0,150.0,0.0,0.0,0.0,312.0,0.0,0.0,5.0,1.0,-99.0,0.0,0.0,0.0,-2.0,0.0,0.0,-54.0,0.0,0.0,0.0,0.0,3.0,1.0,0.0,1200.0,80.0,86.0,2451.0,2452.0,25.4,12.3,0.0,12.3,23.3,0.0,0.0,40.5,0.0,0.0,5.8,45.2,39.6,0.0,0.0,0.0,0.0,192.0,716.0,185.0,707.0,193.0,704.0,192.0,710.0,0.0,0.0,-27.0,0.0,0.0,23.3,8.0,4.996,0.0,0.0,0.654,0.79,80.2,85.9,0.0,0.0,76.0,R,0.0,84.2,186.8,0.0,0.0,0.0,0.0,377.6,1320.8,365.0,1304.6,379.4,1299.2,377.6,1310.0,0.0,0.0,186.62,2451.5,374.9,290.7,102.42,0.8771527777777778,38280.16499999999,10.682926829268293,141.88,149.33,401.0,True,2026-09-23 18:50:08-07:00
500.06,2,9,2026-09-24 01:58:21,36.95736,-121.48573,1501.0,131.2,323.2,-12.5,0.06,E16,9.2,324.4,0.0,1.3,-1.2,311.1,141.0,1513.0,-0.0,-0.02,1.0,0.0,-40.0,29.0,148.4,29.84,3487.0,315.0,18.0,150.0,0.0,0.0,0.0,312.0,0.0,0.0,5.0,1.0,-99.0,0.0,0.0,0.0,-2.0,0.0,0.0,-54.0,0.0,0.0,0.0,0.0,3.0,1.0,0.0,1200.0,80.0,86.0,2452.0,2449.0,25.4,12.3,0.0,12.3,23.3,0.0,0.0,40.5,0.0,0.0,5.8,45.2,39.6,0.0,0.0,0.0,0.0,192.0,716.0,185.0,707.0,193.0,704.0,191.0,710.0,0.0,0.0,-27.0,0.0,0.0,23.3,8.0,4.996,0.0,0.0,0.654,0.792,80.4,85.8,0.0,0.0,76.0,R,0.0,84.2,186.8,0.0,0.0,0.0,0.0,377.6,1320.8,365.0,1304.6,379.4,1299.2,375.8,1310.0,0.0,0.0,186.44,2450.5,374.45000000000005,290.25000000000006,102.24,0.8805694444444444,38501.62433333333,10.666666666666664,141.48,148.91,401.0,True,2026-09-23 18:50:08-07:00
501.06,2,9,2026-09-24 01:58:22,36.95784,-121.48618,1503.0,131.0,323.2,-12.5,0.06,E16,9.1,324.4,0.0,1.6,-1.8,310.9,140.5,1513.0,-0.1,-0.03,0.9,0.0,-7.0,29.0,147.8,29.84,3487.0,315.0,18.0,150.0,0.0,0.0,0.0,312.0,0.0,0.0,5.0,1.0,-99.0,0.0,0.0,0.0,-2.0,0.0,0.0,-54.0,0.0,0.0,0.0,0.0,3.0,1.0,0.0,1200.0,80.0,86.0,2446.0,2447.0,25.5,12.3,0.0,12.3,23.3,0.0,0.0,40.5,0.0,0.0,5.9,45.2,39.6,0.0,0.0,0.0,0.0,191.0,716.0,185.0,708.0,192.0,704.0,191.0,710.0,0.0,0.0,-27.0,0.0,0.0,23.3,8.0,4.996,0.0,0.0,0.654,0.793,80.3,85.8,0.0,0.0,76.0,R,0.0,84.2,186.8,0.0,0.0,0.0,0.0,375.8,1320.8,365.0,1306.4,377.6,1299.2,375.8,1310.0,0.0,0.0,186.44,2446.5,373.55,289.35,102.24,0.8839861111111111,38722.74633333333,10.65040650406504,140.98,148.39,401.0,True,2026-09-23 18:50:08-07:00
502.06,2,9,2026-09-24 01:58:23,36.95832,-121.48663,1506.0,130.8,323.1,-12.5,0.06,E16,9.1,324.4,0.0,1.6,-0.9,311.4,140.6,1513.0,0.1,-0.03,1.0,0.0,62.0,29.0,148.0,29.84,3486.0,315.0,18.0,150.0,0.0,0.0,0.0,312.0,0.0,0.0,5.0,1.0,-99.0,0.0,0.0,0.0,-2.0,0.0,0.0,-54.0,0.0,0.0,0.0,0.0,3.0,1.0,0.0,1200.0,81.0,86.0,2449.0,2448.0,25.5,12.3,0.0,12.3,23.2,0.0,0.0,40.5,0.0,0.0,6.1,45.2,39.6,0.0,0.0,0.0,0.0,191.0,717.0,185.0,708.0,192.0,704.0,191.0,711.0,0.0,0.0,-27.0,0.0,0.0,23.2,8.0,4.996,0.0,0.0,0.656,0.793,80.7,85.8,0.0,0.0,76.0,R,0.0,84.2,186.8,0.0,0.0,0.0,0.0,375.8,1322.6,365.0,1306.4,377.6,1299.2,375.8,1311.8,0.0,0.0,186.44,2448.5,373.55,289.35,102.24,0.8874027777777778,38943.530999999995,10.634146341463415,141.07999999999998,148.49,401.0,True,2026-09-23 18:50:08-07:00
503.06,2,9,2026-09-24 01:58:24,36.95881,-121.48708,1507.0,130.8,323.2,-12.5,0.06,E16,9.1,324.4,0.0,1.5,-1.8,311.0,141.3,1513.0,-0.2,-0.02,1.0,0.0,51.0,29.0,148.6,29.84,3486.0,315.0,18.0,150.0,0.0,0.0,0.0,312.0,0.0,0.0,5.0,1.0,-99.0,0.0,0.0,0.0,-2.0,0.0,0.0,-54.0,0.0,0.0,0.0,0.0,3.0,1.0,0.0,1200.0,80.0,86.0,2452.0,2453.0,25.4,12.3,0.0,12.3,23.2,0.0,0.0,40.5,0.0,0.0,6.0,45.2,39.6,0.0,0.0,0.0,0.0,191.0,717.0,185.0,708.0,192.0,704.0,191.0,712.0,0.0,0.0,-27.0,0.0,0.0,23.2,8.0,4.996,0.0,0.0,0.654,0.804,80.1,86.0,0.0,0.0,76.0,R,0.0,84.2,186.8,0.0,0.0,0.0,0.0,375.8,1322.6,365.0,1306.4,377.6,1299.2,375.8,1313.6,0.0,0.0,186.8,2452.5,373.55,289.35,102.60000000000001,0.8908194444444445,39164.147,10.634146341463415,141.78,149.23,401.0,True,2026-09-23 18:50:08-07:00
504.06,2,9,2026-09-24 01:58:25,36.9593,-121.48753,1508.0,130.7,323.1,-12.5,0.06,E16,9.0,324.4,0.0,1.3,-1.2,311.2,140.7,1513.0,0.1,-0.02,1.0,0.0,47.0,29.0,148.1,29.84,3486.0,315.0,18.0,150.0,0.0,0.0,0.0,312.0,0.0,0.0,5.0,1.0,-99.0,0.0,0.0,0.0,-2.0,0.0,0.0,-54.0,0.0,0.0,0.0,0.0,3.0,1.0,0.0,1200.0,80.0,86.0,2446.0,2447.0,25.4,12.3,0.0,12.3,23.3,0.0,0.0,40.5,0.0,0.0,5.8,45.2,39.6,0.0,0.0,0.0,0.0,191.0,717.0,185.0,708.0,192.0,704.0,191.0,711.0,0.0,0.0,-27.0,0.0,0.0,23.3,8.0,4.996,0.0,0.0,0.654,0.802,80.4,85.9,0.0,0.0,76.0,R,0.0,84.2,186.8,0.0,0.0,0.0,0.0,375.8,1322.6,365.0,1306.4,377.6,1299.2,375.8,1311.8,0.0,0.0,186.62,2446.5,373.55,289.35,102.42,0.8942361111111111,39384.67866666667,10.6260162601626,141.17999999999998,148.6,401.0,True,2026-09-23 18:50:08-07:00
505.06,2,9,2026-09-24 01:58:26,36.95978,-121.48799,1508.0,130.6,323.1,-12.5,0.06,E16,9.0,324.4,0.0,1.7,-2.1,311.0,141.0,1513.0,-0.1,-0.03,1.1,0.0,48.0,29.0,148.3,29.84,3486.0,315.0,18.0,150.0,0.0,0.0,0.0,312.0,0.0,0.0,5.0,1.0,-99.0,0.0,0.0,0.0,-2.0,0.0,0.0,-54.0,0.0,0.0,0.0,0.0,3.0,1.0,0.0,1200.0,80.0,86.0,2449.0,2451.0,25.4,12.3,0.0,12.3,23.2,0.0,0.0,40.5,0.0,0.0,5.8,45.2,39.6,0.0,0.0,0.0,0.0,191.0,718.0,185.0,708.0,192.0,705.0,191.0,712.0,0.0,0.0,-27.0,0.0,0.0,23.2,8.0,4.996,0.0,0.0,0.654,0.795,80.5,85.8,0.0,0.0,76.0,R,0.0,84.2,186.8,0.0,0.0,0.0,0.0,375.8,1324.4,365.0,1306.4,377.6,1301.0,375.8,1313.6,0.0,0.0,186.44,2450.0,373.55,289.35,102.24,0.8976527777777777,39605.041666666664,10.617886178861788,141.48,148.91,401.0,True,2026-09-23 18:50:08-07:00
506.06,2,9,2026-09-24 01:58:27,36.96026,-121.48844,1511.0,130.3,322.9,-12.5,0.07,E16,8.9,324.4,0.0,2.0,-3.1,310.9,140.7,1513.0,-0.1,-0.02,1.1,0.0,82.0,29.0,148.1,29.84,3486.0,315.0,18.0,150.0,0.0,0.0,0.0,312.0,0.0,0.0,5.0,1.0,-99.0,0.0,0.0,0.0,-6.0,0.0,0.0,-54.0,0.0,0.0,0.0,0.0,3.0,1.0,0.0,1200.0,80.0,86.0,2448.0,2445.0,25.4,12.3,0.0,12.3,23.2,0.0,0.0,40.5,0.0,0.0,5.9,45.2,39.6,0.0,0.0,0.0,0.0,191.0,718.0,185.0,708.0,192.0,705.0,191.0,712.0,0.0,0.0,-27.0,0.0,0.0,23.2,8.0,4.996,0.0,0.0,0.654,0.795,80.3,85.8,0.0,0.0,76.0,R,0.0,84.2,186.8,0.0,0.0,0.0,0.0,375.8,1324.4,365.0,1306.4,377.6,1301.0,375.8,1313.6,0.0,0.0,186.44,2446.5,373.55,289.35,102.24,0.9010694444444445,39825.06733333333,10.59349593495935,141.17999999999998,148.6,401.0,True,2026-09-23 18:50:08-07:00
507.06,2,9,2026-09-24 01:58:28,36.96074,-121.4889,1515.0,129.9,322.5,-12.5,0.07,E16,8.9,324.4,0.0,2.3,-7.8,310.1,140.1,1516.0,-0.4,-0.03,1.1,0.0,118.0,29.0,147.4,29.84,3496.0,315.0,18.0,150.0,0.0,0.0,0.0,312.0,0.0,0.0,5.0,1.0,-99.0,0.0,0.0,0.0,-4.0,0.0,0.0,-54.0,0.0,0.0,0.0,0.0,3.0,1.0,0.0,1200.0,80.0,86.0,2451.0,2450.0,25.4,12.3,0.0,12.3,23.2,0.0,0.0,40.5,0.0,0.0,6.1,45.2,39.6,0.0,0.0,0.0,0.0,191.0,718.0,185.0,707.0,192.0,704.0,190.0,713.0,0.0,0.0,-27.0,0.0,0.0,23.2,8.0,4.996,0.0,0.0,0.654,0.785,80.2,85.8,0.0,0.0,76.0,R,0.0,84.2,186.8,0.0,0.0,0.0,0.0,375.8,1324.4,365.0,1304.6,377.6,1299.2,374.0,1315.4,0.0,0.0,186.44,2450.5,373.09999999999997,288.9,102.24,0.9044861111111111,40044.50266666666,10.560975609756097,140.57999999999998,147.97,401.0,True,2026-09-23 18:50:08-07:00
508.06,2,9,2026-09-24 01:58:29,36.96122,-121.48936,1522.0,129.5,321.4,-12.5,0.07,E16,8.9,324.4,0.0,2.6,-8.5,309.2,139.5,1521.0,-0.7,-0.03,1.0,0.0,212.0,29.0,146.8,29.84,3497.0,315.0,18.0,150.0,0.0,0.0,0.0,312.0,0.0,0.0,5.0,1.0,-99.0,0.0,0.0,0.0,-2.0,0.0,0.0,-54.0,0.0,0.0,0.0,0.0,3.0,1.0,0.0,1200.0,80.0,86.0,2445.0,2444.0,25.4,12.3,0.0,12.3,23.2,0.0,0.0,40.5,0.0,0.0,6.1,45.2,39.6,0.0,0.0,0.0,0.0,191.0,718.0,185.0,707.0,192.0,704.0,190.0,713.0,0.0,0.0,-27.0,0.0,0.0,23.2,8.0,4.996,0.0,0.0,0.654,0.782,80.5,86.0,0.0,0.0,75.0,R,0.0,84.2,186.8,0.0,0.0,0.0,0.0,375.8,1324.4,365.0,1304.6,377.6,1299.2,374.0,1315.4,0.0,0.0,186.8,2444.5,373.09999999999997,288.9,102.60000000000001,0.9079027777777778,40263.26333333333,10.528455284552845,139.98,147.36,401.0,True,2026-09-23 18:50:08-07:00
509.06,2,9,2026-09-24 01:58:30,36.96169,-121.48983,1529.0,129.1,320.4,-12.5,0.07,E16,8.8,324.5,0.0,2.8,-7.1,308.3,139.0,1529.0,-0.9,-0.02,1.0,0.0,296.0,29.0,146.4,29.84,3515.0,314.0,18.0,150.0,0.0,0.0,0.0,312.0,0.0,0.0,5.0,1.0,-99.0,0.0,0.0,0.0,-2.0,0.0,0.0,-54.0,0.0,0.0,0.0,0.0,3.0,1.0,0.0,1200.0,81.0,86.0,2446.0,2445.0,25.4,12.3,0.0,12.3,23.3,0.0,0.0,40.5,0.0,0.0,5.8,45.2,39.6,0.0,0.0,0.0,0.0,191.0,717.0,185.0,708.0,192.0,704.0,190.0,712.0,0.0,0.0,-27.0,0.0,0.0,23.3,8.0,4.996,0.0,0.0,0.654,0.781,80.7,85.9,0.0,0.0,75.0,R,0.0,84.2,186.8,0.0,0.0,0.0,0.0,375.8,1322.6,365.0,1306.4,377.6,1299.2,374.0,1313.6,0.0,0.0,186.62,2445.5,373.09999999999997,288.9,102.42,0.9113194444444445,40481.34933333333,10.495934959349592,139.48,146.85,401.0,True,2026-09-23 18:50:08-07:00
510.06,2,9,2026-09-24 01:58:31,36.96214,-121.49031,1538.0,128.5,319.5,-12.5,0.07,E16,8.8,324.5,0.0,3.0,-5.7,307.6,138.5,1535.0,-0.8,-0.02,1.0,0.0,344.0,29.0,145.8,29.84,3524.0,314.0,18.0,150.0,0.0,0.0,0.0,312.0,0.0,0.0,5.0,1.0,-99.0,0.0,0.0,0.0,-3.0,0.0,0.0,-54.0,0.0,0.0,0.0,0.0,3.0,1.0,0.0,1200.0,80.0,86.0,2447.0,2445.0,25.4,12.3,0.0,12.3,23.3,0.0,0.0,40.5,0.0,0.0,5.8,45.2,39.6,0.0,0.0,0.0,0.0,190.0,717.0,185.0,708.0,192.0,704.0,190.0,712.0,0.0,0.0,-27.0,0.0,0.0,23.3,8.0,4.996,0.0,0.0,0.654,0.78,80.5,85.8,0.0,0.0,75.0,R,0.0,84.2,186.8,0.0,0.0,0.0,0.0,374.0,1322.6,365.0,1306.4,377.6,1299.2,374.0,1313.6,0.0,0.0,186.44,2446.0,372.65,288.45,102.24,0.9147361111111111,40698.592,10.447154471544716,138.98,146.34,401.0,True,2026-09-23 18:50:08-07:00
511.06,2,9,2026-09-24 01:58:32,36.96259,-121.49079,1547.0,127.8,318.7,-12.5,0.07,E16,8.8,324.5,0.0,3.3,-7.0,307.0,137.7,1543.0,-0.6,-0.03,1.0,0.0,385.0,29.0,145.0,29.84,3533.0,314.0,18.0,150.0,0.0,0.0,0.0,312.0,0.0,0.0,5.0,1.0,-99.0,0.0,0.0,0.0,-2.0,0.0,0.0,-54.0,0.0,0.0,0.0,0.0,3.0,1.0,0.0,1200.0,80.0,86.0,2448.0,2449.0,25.4,12.3,0.0,12.3,23.3,0.0,0.0,40.5,0.0,0.0,5.9,45.2,39.6,0.0,0.0,0.0,0.0,190.0,718.0,185.0,708.0,191.0,704.0,190.0,712.0,0.0,0.0,-27.0,0.0,0.0,23.3,8.0,4.996,0.0,0.0,0.654,0.779,80.4,85.7,0.0,0.0,75.0,R,0.0,84.2,186.8,0.0,0.0,0.0,0.0,374.0,1324.4,365.0,1306.4,375.8,1299.2,374.0,1313.6,0.0,0.0,186.26000000000002,2448.5,372.2,288.0,102.06000000000002,0.9181527777777778,40914.73833333333,10.390243902439023,138.17999999999998,145.52,401.0,True,2026-09-23 18:50:08-07:00
512.06,2,9,2026-09-24 01:58:33,36.96303,-121.49128,1557.0,127.3,317.8,-12.5,0.08,E16,8.7,324.5,0.0,3.4,-7.7,305.9,136.9,1553.0,-0.9,-0.02,1.0,0.0,468.0,29.0,144.2,29.84,3545.0,314.0,18.0,150.0,0.0,0.0,0.0,312.0,0.0,0.0,5.0,2.0,-99.0,0.0,0.0,0.0,-2.0,0.0,0.0,-54.0,0.0,0.0,0.0,0.0,3.0,1.0,0.0,1200.0,80.0,86.0,2446.0,2443.0,25.4,12.3,0.0,12.3,23.3,0.0,0.0,40.5,0.0,0.0,5.9,45.2,39.6,0.0,0.0,0.0,0.0,190.0,717.0,185.0,707.0,191.0,703.0,190.0,711.0,0.0,0.0,-27.0,0.0,0.0,23.3,8.0,4.996,0.0,0.0,0.656,0.78,80.3,85.8,0.0,0.0,75.0,R,0.0,84.2,186.8,0.0,0.0,0.0,0.0,374.0,1322.6,365.0,1304.6,375.8,1297.4,374.0,1311.8,0.0,0.0,186.44,2444.5,372.2,288.0,102.24,0.9215694444444442,41129.87266666665,10.34959349593496,137.38,144.7,401.0,True,2026-09-23 18:50:08-07:00
513.06,2,9,2026-09-24 01:58:34,36.96346,-121.49178,1567.0,126.8,316.9,-12.5,0.08,E16,8.7,324.5,0.0,3.4,-7.3,304.9,136.8,1562.0,-0.9,-0.02,1.0,0.0,498.0,29.0,144.1,29.84,3557.0,314.0,18.0,150.0,0.0,0.0,0.0,312.0,0.0,0.0,5.0,2.0,-99.0,0.0,0.0,0.0,-2.0,0.0,0.0,-54.0,0.0,0.0,0.0,0.0,3.0,1.0,0.0,1200.0,80.0,86.0,2458.0,2445.0,25.4,12.3,0.0,12.3,23.3,0.0,0.0,40.5,0.0,0.0,6.0,45.2,39.6,0.0,0.0,0.0,0.0,190.0,716.0,185.0,707.0,191.0,702.0,190.0,710.0,0.0,0.0,-27.0,0.0,0.0,23.3,8.0,4.996,0.0,0.0,0.654,0.778,80.3,85.9,0.0,0.0,75.0,R,0.0,84.2,186.8,0.0,0.0,0.0,0.0,374.0,1320.8,365.0,1304.6,375.8,1295.6,374.0,1310.0,0.0,0.0,186.62,2451.5,372.2,288.0,102.42,0.924986111111111,41344.16366666665,10.308943089430894,137.28,144.62,401.0,True,2026-09-23 18:50:08-07:00
514.06,2,9,2026-09-24 01:58:35,36.96389,-121.49229,1576.0,126.4,316.0,-12.5,0.09,E16,8.7,324.6,0.0,3.3,-6.7,304.4,136.0,1570.0,-0.7,-0.03,1.0,0.0,496.0,29.0,143.2,29.84,3567.0,313.0,17.0,150.0,0.0,0.0,0.0,312.0,0.0,0.0,5.0,2.0,-99.0,0.0,0.0,0.0,-2.0,0.0,0.0,-54.0,0.0,0.0,0.0,0.0,3.0,0.0,0.0,1200.0,80.0,86.0,2445.0,2447.0,25.4,12.2,0.0,12.2,23.3,0.0,0.0,40.5,0.0,0.0,5.8,45.2,39.6,0.0,0.0,0.0,0.0,190.0,716.0,185.0,707.0,191.0,703.0,190.0,710.0,0.0,0.0,-27.0,0.0,0.0,23.3,8.0,4.996,0.0,0.0,0.656,0.779,80.1,86.0,0.0,0.0,75.0,R,0.0,84.2,186.8,0.0,0.0,0.0,0.0,374.0,1320.8,365.0,1304.6,375.8,1297.4,374.0,1310.0,0.0,0.0,186.8,2446.0,372.2,288.0,102.60000000000001,0.9283888888888887,41557.69566666665,10.360655737704919,136.48,143.8,401.0,True,2026-09-23 18:50:08-07:00
515.06,2,9,2026-09-24 01:58:36,36.96431,-121.4928,1584.0,126.0,315.2,-12.5,0.09,E16,8.6,324.6,0.0,3.0,-6.5,303.7,135.8,1578.0,-0.7,-0.02,0.9,0.0,481.0,29.0,143.1,29.84,3577.0,313.0,17.0,150.0,0.0,0.0,0.0,312.0,0.0,0.0,5.0,2.0,-99.0,0.0,0.0,0.0,-2.0,0.0,0.0,-54.0,0.0,0.0,0.0,0.0,3.0,1.0,0.0,1200.0,80.0,86.0,2445.0,2445.0,25.4,12.2,0.0,12.2,23.3,0.0,0.0,40.4,0.0,0.0,5.8,45.2,39.6,0.0,0.0,0.0,0.0,190.0,715.0,185.0,706.0,191.0,702.0,190.0,709.0,0.0,0.0,-27.0,0.0,0.0,23.3,8.0,4.996,0.0,0.0,0.656,0.778,80.4,85.9,0.0,0.0,75.0,R,0.0,84.2,186.8,0.0,0.0,0.0,0.0,374.0,1319.0,365.0,1302.8,375.8,1295.6,374.0,1308.2,0.0,0.0,186.62,2445.0,372.2,288.0,102.42,0.9317777777777776,41770.552999999985,10.327868852459018,136.28,143.61,401.0,True,2026-09-23 18:50:08-07:00
516.06,2,9,2026-09-24 01:58:37,36.96472,-121.49331,1591.0,125.8,314.5,-12.5,0.1,E16,8.6,324.7,0.0,2.8,-5.9,302.1,135.3,1585.0,-1.1,0.0,1.0,0.0,450.0,29.0,142.6,29.84,3585.0,313.0,17.0,150.0,0.0,0.0,0.0,312.0,0.0,0.0,5.0,2.0,-99.0,0.0,0.0,0.0,-1.0,0.0,0.0,-54.0,0.0,0.0,0.0,0.0,3.0,1.0,0.0,1200.0,80.0,86.0,2447.0,2445.0,25.3,12.2,0.0,12.2,23.3,0.0,0.0,40.4,0.0,0.0,5.9,45.2,39.6,0.0,0.0,0.0,0.0,190.0,715.0,185.0,706.0,191.0,702.0,190.0,709.0,0.0,0.0,-27.0,0.0,0.0,23.3,8.0,4.996,0.0,0.0,0.656,0.776,80.3,85.9,0.0,0.0,75.0,R,0.0,84.2,186.8,0.0,0.0,0.0,0.0,374.0,1319.0,365.0,1302.8,375.8,1295.6,374.0,1308.2,0.0,0.0,186.62,2446.0,372.2,288.0,102.42,0.9351666666666665,41982.90433333332,10.311475409836065,135.78,143.1,401.0,True,2026-09-23 18:50:08-07:00
517.06,2,9,2026-09-24 01:58:38,36.96512,-121.49383,1597.0,125.6,313.9,-12.5,0.1,E16,8.6,324.7,0.0,2.4,-2.3,302.0,135.0,1591.0,-0.5,-0.01,0.9,0.0,438.0,29.0,142.4,29.84,3602.0,312.0,17.0,150.0,0.0,0.0,0.0,312.0,0.0,0.0,5.0,2.0,-99.0,0.0,0.0,0.0,-1.0,0.0,0.0,-54.0,0.0,0.0,0.0,0.0,3.0,1.0,0.0,1200.0,80.0,86.0,2446.0,2446.0,25.3,12.2,0.0,12.2,23.3,0.0,0.0,40.4,0.0,0.0,6.0,45.2,39.6,0.0,0.0,0.0,0.0,190.0,715.0,184.0,706.0,191.0,702.0,189.0,709.0,0.0,0.0,-27.0,0.0,0.0,23.3,8.0,4.996,0.0,0.0,0.654,0.776,79.7,85.9,0.0,0.0,75.0,R,0.0,84.2,186.8,0.0,0.0,0.0,0.0,374.0,1319.0,363.2,1302.8,375.8,1295.6,372.2,1308.2,0.0,0.0,186.62,2446.0,371.3,287.1,102.42,0.9385555555555554,42194.91833333332,10.295081967213115,135.48,142.8,401.0,True,2026-09-23 18:50:08-07:00
518.06,2,9,2026-09-24 01:58:39,36.96553,-121.49435,1602.0,125.6,313.6,-12.5,0.11,E16,8.5,324.7,0.0,2.3,-0.5,302.4,134.8,1597.0,-0.1,-0.0,0.9,0.0,401.0,29.0,142.2,29.84,3611.0,312.0,17.0,150.0,0.0,0.0,0.0,312.0,0.0,0.0,5.0,2.0,-99.0,0.0,0.0,0.0,-2.0,0.0,0.0,-54.0,0.0,0.0,0.0,0.0,3.0,1.0,0.0,1200.0,80.0,86.0,2447.0,2448.0,25.3,12.3,0.0,12.3,23.3,0.0,0.0,40.4,0.0,0.0,6.1,45.2,39.6,0.0,0.0,0.0,0.0,190.0,715.0,185.0,707.0,191.0,702.0,190.0,709.0,0.0,0.0,-27.0,0.0,0.0,23.3,8.0,4.996,0.0,0.0,0.654,0.776,80.2,86.0,0.0,0.0,75.0,R,0.0,84.2,186.8,0.0,0.0,0.0,0.0,374.0,1319.0,365.0,1304.6,375.8,1295.6,374.0,1308.2,0.0,0.0,186.8,2447.5,372.2,288.0,102.60000000000001,0.9419583333333331,42406.76366666665,10.211382113821138,135.28,142.61,401.0,True,2026-09-23 18:50:08-07:00
519.06,2,9,2026-09-24 01:58:40,36.96593,-121.49488,1604.0,125.6,313.6,-12.5,0.12,E16,8.5,324.8,0.0,2.3,-2.0,302.6,134.6,1599.0,-0.1,-0.01,1.0,0.0,307.0,29.0,141.9,29.84,3614.0,312.0,17.0,150.0,0.0,0.0,0.0,312.0,0.0,0.0,5.0,2.0,-99.0,0.0,0.0,0.0,-2.0,0.0,0.0,-54.0,0.0,0.0,0.0,0.0,3.0,1.0,0.0,1200.0,80.0,86.0,2448.0,2448.0,25.3,12.3,0.0,12.3,23.3,0.0,0.0,40.4,0.0,0.0,5.9,45.2,39.6,0.0,0.0,0.0,0.0,190.0,715.0,185.0,706.0,191.0,702.0,190.0,709.0,0.0,0.0,-27.0,0.0,0.0,23.3,8.0,4.996,0.0,0.0,0.654,0.778,80.1,86.1,0.0,0.0,75.0,R,0.0,84.2,186.8,0.0,0.0,0.0,0.0,374.0,1319.0,365.0,1302.8,375.8,1295.6,374.0,1308.2,0.0,0.0,186.98,2448.0,372.2,288.0,102.77999999999999,0.9453749999999999,42618.60899999998,10.211382113821138,135.07999999999998,142.4,401.0,True,2026-09-23 18:50:08-07:00
520.06,2,9,2026-09-24 01:58:41,36.96633,-121.49541,1604.0,125.8,313.4,-12.5,0.12,E16,8.5,324.8,0.0,2.0,-2.0,302.8,135.0,1600.0,-0.1,-0.02,1.0,0.0,196.0,29.0,142.4,29.84,3615.0,313.0,17.0,150.0,0.0,0.0,0.0,312.0,0.0,0.0,5.0,2.0,-99.0,0.0,0.0,0.0,-2.0,0.0,0.0,-54.0,0.0,0.0,0.0,0.0,3.0,1.0,0.0,1200.0,80.0,86.0,2450.0,2449.0,25.3,12.2,0.0,12.2,23.3,0.0,0.0,40.4,0.0,0.0,5.8,45.2,39.6,0.0,0.0,0.0,0.0,190.0,714.0,185.0,706.0,191.0,701.0,190.0,708.0,0.0,0.0,-27.0,0.0,0.0,23.3,8.0,4.996,0.0,0.0,0.654,0.776,79.8,86.0,0.0,0.0,75.0,R,0.0,84.2,186.8,0.0,0.0,0.0,0.0,374.0,1317.2,365.0,1302.8,375.8,1293.8,374.0,1306.4,0.0,0.0,186.8,2449.5,372.2,288.0,102.60000000000001,0.9487777777777776,42830.622999999985,10.311475409836065,135.48,142.82,401.0,True,2026-09-23 18:50:08-07:00
521.06,2,9,2026-09-24 01:58:42,36.96673,-121.49593,1605.0,126.0,313.2,-12.5,0.13,E16,8.4,324.9,0.0,1.6,-1.4,302.9,135.5,1602.0,-0.1,-0.01,1.0,0.0,141.0,29.0,142.9,29.84,3617.0,313.0,17.0,150.0,0.0,0.0,0.0,312.0,0.0,0.0,5.0,3.0,-99.0,0.0,0.0,0.0,-2.0,0.0,0.0,-54.0,0.0,0.0,0.0,0.0,3.0,1.0,0.0,1200.0,80.0,86.0,2448.0,2448.0,25.3,12.3,0.0,12.3,23.4,0.0,0.0,40.4,0.0,0.0,5.9,45.2,39.6,0.0,0.0,0.0,0.0,190.0,714.0,185.0,706.0,190.0,701.0,189.0,709.0,0.0,0.0,-27.0,0.0,0.0,23.4,8.0,4.996,0.0,0.0,0.654,0.776,80.1,86.0,0.0,0.0,75.0,R,0.0,84.2,186.8,0.0,0.0,0.0,0.0,374.0,1317.2,365.0,1302.8,374.0,1293.8,372.2,1308.2,0.0,0.0,186.8,2448.0,371.3,287.1,102.60000000000001,0.9521805555555554,43042.97433333332,10.24390243902439,135.98,143.36,401.0,True,2026-09-23 18:50:08-07:00
522.06,2,9,2026-09-24 01:58:43,36.96713,-121.49647,1604.0,126.2,313.1,-12.5,0.14,E16,8.4,324.9,0.0,1.3,-1.4,302.5,136.0,1603.0,-0.2,-0.02,0.9,0.0,105.0,29.0,143.4,29.84,3618.0,313.0,17.0,150.0,0.0,0.0,0.0,312.0,0.0,0.0,5.0,3.0,-99.0,0.0,0.0,0.0,-2.0,0.0,0.0,-54.0,0.0,0.0,0.0,0.0,3.0,1.0,0.0,1200.0,80.0,86.0,2454.0,2452.0,25.3,12.3,0.0,12.3,23.3,0.0,0.0,40.4,0.0,0.0,6.0,45.2,39.6,0.0,0.0,0.0,0.0,189.0,715.0,185.0,706.0,191.0,701.0,189.0,709.0,0.0,0.0,-27.0,0.0,0.0,23.3,8.0,4.996,0.0,0.0,0.654,0.776,79.9,86.0,0.0,0.0,75.0,R,0.0,84.2,186.8,0.0,0.0,0.0,0.0,372.2,1319.0,365.0,1302.8,375.8,1293.8,372.2,1308.2,0.0,0.0,186.8,2453.0,371.3,287.1,102.60000000000001,0.9555972222222221,43255.662999999986,10.260162601626016,136.48,143.89,401.0,True,2026-09-23 18:50:08-07:00
523.06,2,9,2026-09-24 01:58:44,36.96753,-121.497,1603.0,126.5,312.9,-12.5,0.14,E16,8.3,325.0,0.0,1.1,-1.6,302.4,135.9,1603.0,-0.1,-0.02,1.0,0.0,32.0,29.0,143.3,29.84,3618.0,314.0,17.0,150.0,0.0,0.0,0.0,312.0,0.0,0.0,5.0,3.0,-99.0,0.0,0.0,0.0,-2.0,0.0,0.0,-54.0,0.0,0.0,0.0,0.0,3.0,1.0,0.0,1200.0,80.0,86.0,2453.0,2453.0,25.3,12.0,0.0,12.0,23.6,0.0,0.0,40.4,0.0,0.0,6.1,45.2,39.6,0.0,0.0,0.0,0.0,189.0,715.0,185.0,707.0,190.0,702.0,189.0,710.0,0.0,0.0,-27.0,0.0,0.0,23.6,8.0,4.996,0.0,0.0,0.654,0.776,80.0,86.1,0.0,0.0,75.0,R,0.0,84.2,186.8,0.0,0.0,0.0,0.0,372.2,1319.0,365.0,1304.6,374.0,1295.6,372.2,1310.0,0.0,0.0,186.98,2453.0,370.85,286.65000000000003,102.77999999999999,0.958972222222222,43468.773333333316,10.541666666666666,136.38,143.78,401.0,True,2026-09-23 18:50:08-07:00
524.06,2,9,2026-09-24 01:58:45,36.96793,-121.49754,1601.0,126.9,312.8,-12.5,0.15,E16,8.3,325.0,0.0,1.0,-1.7,302.2,136.2,1603.0,-0.1,-0.03,0.9,0.0,-15.0,29.0,143.6,29.84,3618.0,314.0,17.0,150.0,0.0,0.0,0.0,312.0,0.0,0.0,5.0,3.0,-99.0,0.0,0.0,0.0,-2.0,0.0,0.0,-54.0,0.0,0.0,0.0,0.0,3.0,1.0,0.0,1200.0,80.0,86.0,2452.0,2454.0,25.3,11.6,0.0,11.6,23.6,0.0,0.0,40.4,0.0,0.0,5.9,45.2,39.6,0.0,0.0,0.0,0.0,190.0,726.0,185.0,717.0,191.0,713.0,190.0,721.0,0.0,0.0,-27.0,0.0,0.0,23.6,8.0,4.996,0.0,0.0,0.654,0.778,80.4,86.2,0.0,0.0,75.0,R,0.0,84.2,186.8,0.0,0.0,0.0,0.0,374.0,1338.8,365.0,1322.6,375.8,1315.4,374.0,1329.8,0.0,0.0,187.16000000000003,2453.0,372.2,288.0,102.96000000000002,0.9622499999999998,43682.47399999998,10.939655172413794,136.67999999999998,144.1,401.0,True,2026-09-23 18:50:08-07:00
525.06,2,9,2026-09-24 01:58:46,36.96833,-121.49808,1598.0,127.3,312.7,-12.5,0.16,E16,8.3,325.1,0.0,1.0,-1.4,302.3,136.6,1603.0,0.0,-0.03,1.0,0.0,-61.0,29.0,144.1,29.84,3628.0,314.0,17.0,150.0,0.0,0.0,0.0,312.0,0.0,0.0,5.0,3.0,-99.0,0.0,0.0,0.0,-2.0,0.0,0.0,-54.0,0.0,0.0,0.0,0.0,3.0,1.0,0.0,1200.0,80.0,86.0,2455.0,2457.0,25.3,11.2,0.0,11.2,23.6,0.0,0.0,40.4,0.0,0.0,5.7,45.2,39.6,0.0,0.0,0.0,0.0,189.0,736.0,185.0,727.0,190.0,723.0,189.0,731.0,0.0,0.0,-27.0,0.0,0.0,23.6,8.0,4.996,0.0,0.0,0.654,0.778,80.2,86.1,0.0,0.0,75.0,R,0.0,84.2,186.8,0.0,0.0,0.0,0.0,372.2,1356.8,365.0,1340.6,374.0,1333.4,372.2,1347.8,0.0,0.0,186.98,2456.0,370.85,286.65000000000003,102.77999999999999,0.9654166666666665,43896.84933333332,11.366071428571429,137.07999999999998,144.52,401.0,True,2026-09-23 18:50:08-07:00
526.06,2,9,2026-09-24 01:58:47,36.96873,-121.49862,1596.0,127.7,312.7,-12.5,0.16,E16,8.2,325.1,0.0,0.9,-0.9,302.3,137.1,1603.0,0.0,-0.02,1.0,0.0,-95.0,29.0,144.6,29.84,3628.0,314.0,17.0,150.0,0.0,0.0,0.0,312.0,0.0,0.0,5.0,3.0,-99.0,0.0,0.0,0.0,-2.0,0.0,0.0,-54.0,0.0,0.0,0.0,0.0,3.0,1.0,0.0,1200.0,80.0,86.0,2456.0,2454.0,25.3,11.0,0.0,11.0,23.5,0.0,0.0,40.4,0.0,0.0,5.8,45.2,39.6,0.0,0.0,0.0,0.0,189.0,744.0,185.0,735.0,190.0,732.0,189.0,739.0,0.0,0.0,-27.0,0.0,0.0,23.5,8.0,4.996,0.0,0.0,0.654,0.778,80.2,86.1,0.0,0.0,75.0,R,0.0,84.2,186.8,0.0,0.0,0.0,0.0,372.2,1371.2,365.0,1355.0,374.0,1349.6,372.2,1362.2,0.0,0.0,186.98,2455.0,370.85,286.65000000000003,102.77999999999999,0.9684999999999998,44111.89933333332,11.60909090909091,137.57999999999998,145.05,401.0,True,2026-09-23 18:50:08-07:00
527.06,2,9,2026-09-24 01:58:48,36.96913,-121.49916,1592.0,128.1,312.7,-12.5,0.17,E16,8.2,325.2,0.0,0.6,-1.3,302.0,137.7,1602.0,-0.1,-0.02,1.0,0.0,-121.0,29.0,145.2,29.84,3628.0,314.0,17.0,150.0,0.0,0.0,0.0,312.0,0.0,0.0,5.0,3.0,-99.0,0.0,0.0,0.0,-2.0,0.0,0.0,-54.0,0.0,0.0,0.0,0.0,3.0,1.0,0.0,1200.0,80.0,86.0,2456.0,2459.0,25.3,10.8,0.0,10.8,23.6,0.0,0.0,40.4,0.0,0.0,6.0,45.2,39.6,0.0,0.0,0.0,0.0,190.0,751.0,185.0,742.0,190.0,740.0,190.0,746.0,0.0,0.0,-27.0,0.0,0.0,23.6,8.0,4.996,0.0,0.0,0.654,0.776,80.1,86.1,0.0,0.0,75.0,R,0.0,84.2,186.8,0.0,0.0,0.0,0.0,374.0,1383.8,365.0,1367.6,374.0,1364.0,374.0,1374.8,0.0,0.0,186.98,2457.5,371.75,287.55,102.77999999999999,0.9715277777777775,44327.62399999998,11.861111111111109,138.17999999999998,145.68,401.0,True,2026-09-23 18:50:08-07:00
528.06,2,9,2026-09-24 01:58:49,36.96954,-121.4997,1589.0,128.5,312.7,-12.5,0.18,E16,8.2,325.2,0.0,0.5,-1.3,301.8,137.6,1599.0,-0.0,-0.01,1.0,0.0,-160.0,29.0,145.1,29.84,3635.0,314.0,17.0,150.0,0.0,0.0,0.0,312.0,0.0,0.0,5.0,4.0,-99.0,0.0,0.0,0.0,-2.0,0.0,0.0,-54.0,0.0,0.0,0.0,0.0,3.0,1.0,0.0,1200.0,81.0,86.0,2451.0,2452.0,25.4,10.6,0.0,10.6,23.5,0.0,0.0,40.4,0.0,0.0,6.1,45.2,39.6,0.0,0.0,0.0,0.0,190.0,756.0,185.0,748.0,191.0,745.0,190.0,751.0,0.0,0.0,-27.0,0.0,0.0,23.5,8.0,4.996,0.0,0.0,0.654,0.776,80.5,86.1,0.0,0.0,75.0,R,0.0,84.2,186.8,0.0,0.0,0.0,0.0,374.0,1392.8,365.0,1378.4,375.8,1373.0,374.0,1383.8,0.0,0.0,186.98,2451.5,372.2,288.0,102.77999999999999,0.9744999999999998,44544.023333333316,12.122641509433963,138.07999999999998,145.56,401.0,True,2026-09-23 18:50:08-07:00
529.06,2,9,2026-09-24 01:58:50,36.96994,-121.50025,1586.0,128.9,312.7,-12.5,0.18,E16,8.1,325.3,0.0,0.6,-1.8,301.7,138.1,1595.0,-0.0,-0.02,1.0,0.0,-171.0,29.0,145.6,29.84,3635.0,314.0,17.0,150.0,0.0,0.0,0.0,312.0,0.0,0.0,5.0,4.0,-99.0,0.0,0.0,0.0,-2.0,0.0,0.0,-54.0,0.0,0.0,0.0,0.0,3.0,1.0,0.0,1200.0,80.0,86.0,2455.0,2456.0,25.4,10.5,0.0,10.5,23.6,0.0,0.0,40.4,0.0,0.0,6.0,45.2,39.6,0.0,0.0,0.0,0.0,190.0,761.0,185.0,753.0,191.0,751.0,190.0,757.0,0.0,0.0,-27.0,0.0,0.0,23.6,8.0,4.996,0.0,0.0,0.654,0.781,80.1,86.3,0.0,0.0,75.0,R,0.0,84.2,186.8,0.0,0.0,0.0,0.0,374.0,1401.8,365.0,1387.4,375.8,1383.8,374.0,1394.6,0.0,0.0,187.33999999999997,2455.5,372.2,288.0,103.13999999999997,0.9774305555555554,44761.09733333332,12.276190476190477,138.57999999999998,146.08,401.0,True,2026-09-23 18:50:08-07:00
530.06,2,9,2026-09-24 01:58:51,36.97034,-121.5008,1582.0,129.3,312.5,-12.5,0.19,E16,8.1,325.3,0.0,0.7,-2.1,301.5,138.5,1591.0,-0.1,-0.02,1.0,0.0,-213.0,29.0,146.0,29.84,3633.0,314.0,17.0,150.0,0.0,0.0,0.0,312.0,0.0,0.0,5.0,4.0,-99.0,0.0,0.0,0.0,-2.0,0.0,0.0,-54.0,0.0,0.0,0.0,0.0,3.0,1.0,0.0,1200.0,80.0,86.0,2456.0,2456.0,25.4,10.4,0.0,10.4,23.5,0.0,0.0,40.4,0.0,0.0,5.8,45.2,39.6,0.0,0.0,0.0,0.0,190.0,765.0,185.0,757.0,190.0,754.0,190.0,760.0,0.0,0.0,-27.0,0.0,0.0,23.5,8.0,4.996,0.0,0.0,0.654,0.778,80.1,86.1,0.0,0.0,75.0,R,0.0,84.2,186.8,0.0,0.0,0.0,0.0,374.0,1409.0,365.0,1394.6,374.0,1389.2,374.0,1400.0,0.0,0.0,186.98,2456.0,371.75,287.55,102.77999999999999,0.9803333333333332,44978.84599999998,12.432692307692308,138.98,146.49,401.0,True,2026-09-23 18:50:08-07:00
531.06,2,9,2026-09-24 01:58:52,36.97075,-121.50135,1579.0,129.6,312.4,-12.5,0.2,E16,8.1,325.4,0.0,0.7,-1.6,301.3,138.3,1586.0,-0.1,-0.02,1.0,0.0,-235.0,29.0,145.8,29.84,3627.0,314.0,17.0,150.0,0.0,0.0,0.0,312.0,0.0,0.0,5.0,4.0,-99.0,0.0,0.0,0.0,-2.0,0.0,0.0,-54.0,0.0,0.0,0.0,0.0,3.0,1.0,0.0,1200.0,80.0,86.0,2452.0,2455.0,25.4,10.3,0.0,10.3,23.6,0.0,0.0,40.4,0.0,0.0,5.8,45.2,39.6,0.0,0.0,0.0,0.0,190.0,767.0,185.0,761.0,190.0,757.0,190.0,763.0,0.0,0.0,-27.0,0.0,0.0,23.6,8.0,4.996,0.0,0.0,0.654,0.779,80.2,86.1,0.0,0.0,75.0,R,0.0,84.2,186.8,0.0,0.0,0.0,0.0,374.0,1412.6,365.0,1401.8,374.0,1394.6,374.0,1405.4,0.0,0.0,186.98,2453.5,371.75,287.55,102.77999999999999,0.9832083333333331,45197.18499999998,12.582524271844658,138.78,146.27,401.0,True,2026-09-23 18:50:08-07:00
532.06,2,9,2026-09-24 01:58:53,36.97115,-121.50191,1575.0,130.0,312.4,-12.5,0.21,E16,8.0,325.5,0.0,0.7,-0.9,301.4,138.7,1585.0,0.1,-0.02,1.0,0.0,-184.0,29.0,146.3,29.84,3625.0,314.0,17.0,150.0,0.0,0.0,0.0,312.0,0.0,0.0,5.0,4.0,-99.0,0.0,0.0,0.0,-2.0,0.0,0.0,-54.0,0.0,0.0,0.0,0.0,3.0,1.0,0.0,1200.0,80.0,86.0,2457.0,2457.0,25.4,10.3,0.0,10.3,23.5,0.0,0.0,40.4,0.0,0.0,6.0,45.2,39.6,0.0,0.0,0.0,0.0,190.0,771.0,185.0,765.0,190.0,761.0,190.0,768.0,0.0,0.0,-27.0,0.0,0.0,23.5,8.0,4.996,0.0,0.0,0.654,0.778,80.3,86.1,0.0,0.0,75.0,R,0.0,84.2,186.8,0.0,0.0,0.0,0.0,374.0,1419.8,365.0,1409.0,374.0,1401.8,374.0,1414.4,0.0,0.0,186.98,2457.0,371.75,287.55,102.77999999999999,0.9860694444444442,45416.11433333332,12.62135922330097,139.17999999999998,146.68,401.0,True,2026-09-23 18:50:08-07:00
533.06,2,9,2026-09-24 01:58:54,36.97156,-121.50246,1572.0,130.2,312.5,-12.5,0.21,E16,8.0,325.5,0.0,1.0,-0.5,301.6,139.0,1581.0,0.1,-0.02,1.0,0.0,-195.0,29.0,146.6,29.84,3620.0,314.0,17.0,150.0,0.0,0.0,0.0,312.0,0.0,0.0,5.0,4.0,-99.0,0.0,0.0,0.0,-2.0,0.0,0.0,-54.0,0.0,0.0,0.0,0.0,3.0,1.0,0.0,1200.0,80.0,86.0,2452.0,2456.0,25.4,10.3,0.0,10.3,23.5,0.0,0.0,40.4,0.0,0.0,6.1,45.2,39.6,0.0,0.0,0.0,0.0,190.0,773.0,185.0,768.0,190.0,764.0,190.0,770.0,0.0,0.0,-27.0,0.0,0.0,23.5,8.0,4.996,0.0,0.0,0.654,0.778,79.8,86.1,0.0,0.0,75.0,R,0.0,84.2,186.8,0.0,0.0,0.0,0.0,374.0,1423.4,365.0,1414.4,374.0,1407.2,374.0,1418.0,0.0,0.0,186.98,2454.0,371.75,287.55,102.77999999999999,0.9889305555555554,45635.54966666665,12.640776699029125,139.48,146.99,401.0,True,2026-09-23 18:50:08-07:00
534.06,2,9,2026-09-24 01:58:55,36.97197,-121.50301,1572.0,130.3,312.5,-12.5,0.22,E16,8.0,325.6,0.0,1.1,-1.2,301.7,138.8,1581.0,0.1,-0.02,1.0,0.0,-118.0,29.0,146.4,29.84,3620.0,314.0,17.0,150.0,0.0,0.0,0.0,312.0,0.0,0.0,5.0,4.0,-99.0,0.0,0.0,0.0,-2.0,0.0,0.0,-54.0,0.0,0.0,0.0,0.0,3.0,0.0,0.0,1200.0,80.0,86.0,2450.0,2452.0,25.4,10.2,0.0,10.2,23.5,0.0,0.0,40.4,0.0,0.0,6.0,45.2,39.6,0.0,0.0,0.0,0.0,190.0,776.0,185.0,771.0,191.0,767.0,190.0,774.0,0.0,0.0,-27.0,0.0,0.0,23.5,8.0,4.996,0.0,0.0,0.654,0.779,80.3,86.3,0.0,0.0,75.0,R,0.0,84.2,186.8,0.0,0.0,0.0,0.0,374.0,1428.8,365.0,1419.8,375.8,1412.6,374.0,1425.2,0.0,0.0,187.33999999999997,2451.0,372.2,288.0,103.13999999999997,0.9917777777777776,45855.23799999998,12.774509803921571,139.28,146.78,401.0,True,2026-09-23 18:50:08-07:00
535.06,2,9,2026-09-24 01:58:56,36.97238,-121.50357,1571.0,130.5,312.5,-12.5,0.23,E16,7.9,325.6,0.0,1.3,-1.1,301.8,139.1,1579.0,-0.0,-0.03,1.0,0.0,-127.0,29.0,146.6,29.84,3618.0,314.0,17.0,150.0,0.0,0.0,0.0,312.0,0.0,0.0,5.0,5.0,-99.0,0.0,0.0,0.0,-2.0,0.0,0.0,-54.0,0.0,0.0,0.0,0.0,3.0,1.0,0.0,1200.0,80.0,86.0,2455.0,2453.0,25.4,10.2,0.0,10.2,23.5,0.0,0.0,40.4,0.0,0.0,5.8,45.3,39.6,0.0,0.0,0.0,0.0,190.0,777.0,185.0,774.0,191.0,770.0,190.0,776.0,0.0,0.0,-27.0,0.0,0.0,23.5,8.0,4.996,0.0,0.0,0.654,0.78,80.3,86.1,0.0,0.0,75.0,R,0.0,84.2,186.8,0.0,0.0,0.0,0.0,374.0,1430.6,365.0,1425.2,375.8,1418.0,374.0,1428.8,0.0,0.0,186.98,2454.0,372.2,288.0,102.77999999999999,0.9946111111111109,46075.17933333332,12.794117647058824,139.57999999999998,147.09,401.0,True,2026-09-23 18:50:08-07:00
536.06,2,9,2026-09-24 01:58:57,36.97279,-121.50413,1571.0,130.6,312.4,-12.5,0.23,E16,7.9,325.7,0.0,1.2,-0.9,301.9,139.4,1576.0,0.0,-0.02,1.0,0.0,-138.0,29.0,147.0,29.84,3617.0,314.0,17.0,150.0,0.0,0.0,0.0,312.0,0.0,0.0,5.0,5.0,-99.0,0.0,0.0,0.0,-2.0,0.0,0.0,-54.0,0.0,0.0,0.0,0.0,3.0,1.0,0.0,1200.0,80.0,86.0,2455.0,2457.0,25.4,10.2,0.0,10.2,23.5,0.0,0.0,40.4,0.0,0.0,5.8,45.3,39.6,0.0,0.0,0.0,0.0,190.0,778.0,185.0,775.0,191.0,771.0,190.0,778.0,0.0,0.0,-27.0,0.0,0.0,23.5,8.0,4.996,0.0,0.0,0.654,0.78,80.4,86.1,0.0,0.0,75.0,R,0.0,84.2,186.8,0.0,0.0,0.0,0.0,374.0,1432.4,365.0,1427.0,375.8,1419.8,374.0,1432.4,0.0,0.0,186.98,2456.0,372.2,288.0,102.77999999999999,0.9974444444444442,46295.37366666665,12.803921568627452,139.88,147.4,401.0,True,2026-09-23 18:50:08-07:00
537.06,2,9,2026-09-24 01:58:58,36.97319,-121.50468,1570.0,130.9,312.4,-12.5,0.24,E16,7.9,325.8,0.0,1.0,-1.2,302.0,139.5,1576.0,0.1,-0.03,1.0,0.0,-86.0,29.0,147.1,29.84,3617.0,315.0,17.0,150.0,0.0,0.0,0.0,312.0,0.0,0.0,5.0,5.0,-99.0,0.0,0.0,0.0,-2.0,0.0,0.0,-54.0,0.0,0.0,0.0,0.0,3.0,1.0,0.0,1200.0,80.0,86.0,2458.0,2460.0,25.4,10.1,0.0,10.1,23.5,0.0,0.0,40.4,0.0,0.0,6.0,45.3,39.6,0.0,0.0,0.0,0.0,190.0,779.0,185.0,777.0,191.0,771.0,190.0,779.0,0.0,0.0,-27.0,0.0,0.0,23.5,8.0,4.996,0.0,0.0,0.654,0.781,80.2,86.1,0.0,0.0,75.0,R,0.0,84.2,186.8,0.0,0.0,0.0,0.0,374.0,1434.2,365.0,1430.6,375.8,1419.8,374.0,1434.2,0.0,0.0,186.98,2459.0,372.2,288.0,102.77999999999999,1.0002638888888886,46515.905333333314,12.960396039603962,139.98,147.5,401.0,True,2026-09-23 18:50:08-07:00
538.06,2,9,2026-09-24 01:58:59,36.9736,-121.50524,1570.0,131.1,312.3,-12.5,0.25,E16,7.8,325.8,0.0,0.8,-1.5,301.8,139.9,1576.0,-0.1,-0.02,1.0,0.0,-59.0,29.0,147.5,29.84,3617.0,315.0,17.0,150.0,0.0,0.0,0.0,312.0,0.0,0.0,5.0,5.0,-99.0,0.0,0.0,0.0,-2.0,0.0,0.0,-54.0,0.0,0.0,0.0,0.0,3.0,1.0,0.0,1200.0,80.0,86.0,2456.0,2453.0,25.4,10.1,0.0,10.1,23.5,0.0,0.0,40.4,0.0,0.0,6.1,45.3,39.6,0.0,0.0,0.0,0.0,190.0,780.0,185.0,777.0,191.0,772.0,190.0,779.0,0.0,0.0,-27.0,0.0,0.0,23.5,8.0,4.996,0.0,0.0,0.654,0.785,80.4,86.1,0.0,0.0,75.0,R,0.0,84.2,186.8,0.0,0.0,0.0,0.0,374.0,1436.0,365.0,1430.6,375.8,1421.6,374.0,1434.2,0.0,0.0,186.98,2454.5,372.2,288.0,102.77999999999999,1.0030694444444443,46736.85866666665,12.98019801980198,140.38,147.93,401.0,True,2026-09-23 18:50:08-07:00
539.06,2,9,2026-09-24 01:59:00,36.97401,-121.50581,1569.0,131.4,312.3,-12.5,0.26,E16,7.8,325.9,0.0,0.7,-0.9,302.1,139.9,1575.0,0.1,-0.02,1.0,0.0,-69.0,29.0,147.5,29.84,3615.0,315.0,17.0,150.0,0.0,0.0,0.0,312.0,0.0,0.0,5.0,5.0,-99.0,0.0,0.0,0.0,-2.0,0.0,0.0,-54.0,0.0,0.0,0.0,0.0,3.0,1.0,0.0,1200.0,80.0,86.0,2452.0,2452.0,25.4,10.1,0.0,10.1,23.5,0.0,0.0,40.4,0.0,0.0,6.0,45.3,39.6,0.0,0.0,0.0,0.0,190.0,781.0,186.0,778.0,191.0,773.0,190.0,780.0,0.0,0.0,-27.0,0.0,0.0,23.5,8.0,4.996,0.0,0.0,0.654,0.781,80.4,86.3,0.0,0.0,75.0,R,0.0,84.2,186.8,0.0,0.0,0.0,0.0,374.0,1437.8,366.8,1432.4,375.8,1423.4,374.0,1436.0,0.0,0.0,187.33999999999997,2452.0,372.65,288.45,103.13999999999997,1.0058749999999999,46958.23366666665,13.00990099009901,140.38,147.92,401.0,True,2026-09-23 18:50:08-07:00
540.06,2,9,2026-09-24 01:59:01,36.97442,-121.50636,1566.0,131.7,312.3,-12.5,0.26,E16,7.8,325.9,0.0,0.5,-1.4,302.1,140.0,1572.0,-0.0,-0.01,1.0,0.0,-117.0,29.0,147.6,29.84,3615.0,316.0,17.0,150.0,0.0,0.0,0.0,312.0,0.0,0.0,5.0,5.0,-99.0,0.0,0.0,0.0,-2.0,0.0,0.0,-54.0,0.0,0.0,0.0,0.0,3.0,1.0,0.0,1200.0,80.0,86.0,2454.0,2453.0,25.4,10.1,0.0,10.1,23.5,0.0,0.0,40.4,0.0,0.0,5.8,45.3,39.6,0.0,0.0,0.0,0.0,190.0,784.0,186.0,780.0,191.0,775.0,190.0,782.0,0.0,0.0,-27.0,0.0,0.0,23.5,8.0,4.996,0.0,0.0,0.654,0.781,80.2,86.1,0.0,0.0,75.0,R,0.0,84.2,186.8,0.0,0.0,0.0,0.0,374.0,1443.2,366.8,1436.0,375.8,1427.0,374.0,1439.6,0.0,0.0,186.98,2453.5,372.65,288.45,102.77999999999999,1.0086805555555554,47180.11466666665,13.03960396039604,140.48,148.02,401.0,True,2026-09-23 18:50:08-07:00
541.06,2,9,2026-09-24 01:59:02,36.97483,-121.50693,1563.0,132.1,312.3,-12.5,0.27,E16,7.7,326.0,0.0,0.4,-1.8,302.0,140.4,1570.0,-0.0,-0.02,1.0,0.0,-119.0,29.0,148.0,29.84,3615.0,316.0,17.0,150.0,0.0,0.0,0.0,312.0,0.0,0.0,5.0,5.0,-99.0,0.0,0.0,0.0,-2.0,0.0,0.0,-54.0,0.0,0.0,0.0,0.0,3.0,1.0,0.0,1200.0,80.0,86.0,2456.0,2455.0,25.4,10.1,0.0,10.1,23.5,0.0,0.0,40.4,0.0,0.0,5.8,45.3,39.6,0.0,0.0,0.0,0.0,190.0,784.0,186.0,781.0,191.0,776.0,190.0,782.0,0.0,0.0,-27.0,0.0,0.0,23.5,8.0,4.996,0.0,0.0,0.654,0.784,80.1,86.1,0.0,0.0,75.0,R,0.0,84.2,186.8,0.0,0.0,0.0,0.0,374.0,1443.2,366.8,1437.8,375.8,1428.8,374.0,1439.6,0.0,0.0,186.98,2455.5,372.65,288.45,102.77999999999999,1.0114861111111109,47402.58599999998,13.07920792079208,140.88,148.44,401.0,True,2026-09-23 18:50:08-07:00
542.06,2,9,2026-09-24 01:59:03,36.97525,-121.5075,1561.0,132.5,312.1,-12.5,0.28,E16,7.7,326.1,0.0,0.5,-2.1,302.0,140.5,1567.0,0.0,-0.03,1.0,0.0,-120.0,29.0,148.2,29.84,3607.0,316.0,17.0,150.0,0.0,0.0,0.0,312.0,0.0,0.0,5.0,6.0,-99.0,0.0,0.0,0.0,-2.0,0.0,0.0,-54.0,0.0,0.0,0.0,0.0,3.0,1.0,0.0,1200.0,80.0,86.0,2459.0,2461.0,25.4,10.1,0.0,10.1,23.5,0.0,0.0,40.4,0.0,0.0,5.9,45.3,39.6,0.0,0.0,0.0,0.0,190.0,784.0,186.0,783.0,191.0,777.0,190.0,783.0,0.0,0.0,-27.0,0.0,0.0,23.5,8.0,4.996,0.0,0.0,0.654,0.786,80.2,86.1,0.0,0.0,75.0,R,0.0,84.2,186.8,0.0,0.0,0.0,0.0,374.0,1443.2,366.8,1441.4,375.8,1430.6,374.0,1441.4,0.0,0.0,186.98,2460.0,372.65,288.45,102.77999999999999,1.0142916666666666,47625.73199999998,13.118811881188119,140.98,148.53,401.0,True,2026-09-23 18:50:08-07:00
543.06,2,9,2026-09-24 01:59:04,36.97566,-121.50806,1560.0,132.8,311.9,-12.5,0.29,E16,7.6,326.1,0.0,0.6,-1.9,301.8,141.1,1566.0,-0.1,-0.02,1.0,0.0,-126.0,29.0,148.7,29.84,3607.0,316.0,17.0,150.0,0.0,0.0,0.0,312.0,0.0,0.0,5.0,6.0,-99.0,0.0,0.0,0.0,-3.0,0.0,0.0,-54.0,0.0,0.0,0.0,0.0,3.0,1.0,0.0,1200.0,80.0,86.0,2459.0,2459.0,25.4,10.1,0.0,10.1,23.5,0.0,0.0,40.4,0.0,0.0,6.1,45.3,39.6,0.0,0.0,0.0,0.0,190.0,784.0,186.0,783.0,191.0,777.0,190.0,783.0,0.0,0.0,-27.0,0.0,0.0,23.5,8.0,4.996,0.0,0.0,0.654,0.792,80.2,86.1,0.0,0.0,75.0,R,0.0,84.2,186.8,0.0,0.0,0.0,0.0,374.0,1443.2,366.8,1441.4,375.8,1430.6,374.0,1441.4,0.0,0.0,186.98,2459.0,372.65,288.45,102.77999999999999,1.017097222222222,47849.468333333316,13.14851485148515,141.57999999999998,149.16,401.0,True,2026-09-23 18:50:08-07:00
544.06,2,9,2026-09-24 01:59:05,36.97607,-121.50864,1558.0,133.1,311.7,-12.5,0.3,E16,7.6,326.2,0.0,0.9,-2.3,301.5,140.5,1565.0,-0.1,-0.02,1.0,0.0,-83.0,29.0,148.1,29.84,3607.0,317.0,17.0,150.0,0.0,0.0,0.0,312.0,0.0,0.0,5.0,6.0,-99.0,0.0,0.0,0.0,-2.0,0.0,0.0,-54.0,0.0,0.0,0.0,0.0,3.0,1.0,0.0,1200.0,80.0,86.0,2451.0,2452.0,25.4,10.1,0.0,10.1,23.5,0.0,0.0,40.4,0.0,0.0,6.1,45.3,39.6,0.0,0.0,0.0,0.0,190.0,783.0,186.0,783.0,191.0,778.0,190.0,784.0,0.0,0.0,-27.0,0.0,0.0,23.5,8.0,4.996,0.0,0.0,0.654,0.803,80.2,86.3,0.0,0.0,75.0,R,0.0,84.2,186.8,0.0,0.0,0.0,0.0,374.0,1441.4,366.8,1441.4,375.8,1432.4,374.0,1443.2,0.0,0.0,187.33999999999997,2451.5,372.65,288.45,103.13999999999997,1.0199027777777776,48073.71066666665,13.178217821782178,140.98,148.53,401.0,True,2026-09-23 18:50:08-07:00
545.06,2,9,2026-09-24 01:59:06,36.97648,-121.50922,1558.0,133.2,311.6,-12.5,0.3,E16,7.6,326.3,0.0,1.0,-2.8,301.2,140.5,1563.0,-0.2,-0.02,1.0,0.0,-76.0,29.0,148.1,29.84,3609.0,317.0,17.0,150.0,0.0,0.0,0.0,312.0,0.0,0.0,5.0,6.0,-99.0,0.0,0.0,0.0,-2.0,0.0,0.0,-54.0,0.0,0.0,0.0,0.0,3.0,1.0,0.0,1200.0,80.0,86.0,2453.0,2453.0,25.4,10.1,0.0,10.1,23.5,0.0,0.0,40.4,0.0,0.0,5.9,45.3,39.6,0.0,0.0,0.0,0.0,190.0,784.0,186.0,784.0,191.0,778.0,190.0,784.0,0.0,0.0,-27.0,0.0,0.0,23.5,8.0,4.996,0.0,0.0,0.654,0.795,80.2,86.2,0.0,0.0,76.0,R,0.0,84.2,186.8,0.0,0.0,0.0,0.0,374.0,1443.2,366.8,1443.2,375.8,1432.4,374.0,1443.2,0.0,0.0,187.16000000000003,2453.0,372.65,288.45,102.96000000000002,1.022708333333333,48298.290333333316,13.188118811881187,140.98,148.52,401.0,True,2026-09-23 18:50:08-07:00
546.06,2,9,2026-09-24 01:59:07,36.97689,-121.5098,1558.0,133.4,311.4,-12.5,0.31,E16,7.5,326.4,0.0,1.0,-2.5,301.1,140.7,1562.0,-0.2,-0.02,1.0,0.0,-60.0,29.0,148.3,29.84,3608.0,317.0,17.0,150.0,0.0,0.0,0.0,312.0,0.0,0.0,5.0,6.0,-99.0,0.0,0.0,0.0,-2.0,0.0,0.0,-54.0,0.0,0.0,0.0,0.0,3.0,1.0,0.0,1200.0,80.0,86.0,2454.0,2455.0,25.4,10.1,0.0,10.1,23.5,0.0,0.0,40.4,0.0,0.0,5.9,45.3,39.6,0.0,0.0,0.0,0.0,190.0,785.0,186.0,784.0,191.0,779.0,190.0,785.0,0.0,0.0,-27.0,0.0,0.0,23.5,8.0,4.996,0.0,0.0,0.654,0.806,80.5,86.1,0.0,0.0,76.0,R,0.0,84.2,186.8,0.0,0.0,0.0,0.0,374.0,1445.0,366.8,1443.2,375.8,1434.2,374.0,1445.0,0.0,0.0,186.98,2454.5,372.65,288.45,102.77999999999999,1.0255138888888886,48523.122999999985,13.207920792079209,141.17999999999998,148.73,401.0,True,2026-09-23 18:50:08-07:00
547.06,2,9,2026-09-24 01:59:08,36.97729,-121.51038,1558.0,133.5,311.1,-12.5,0.32,E16,7.5,326.4,0.0,1.1,-2.4,301.2,140.4,1562.0,-0.1,-0.03,1.0,0.0,-19.0,29.0,148.0,29.84,3608.0,317.0,17.0,150.0,0.0,0.0,0.0,312.0,0.0,0.0,5.0,6.0,-99.0,0.0,0.0,0.0,-2.0,0.0,0.0,-54.0,0.0,0.0,0.0,0.0,3.0,0.0,0.0,1200.0,80.0,86.0,2454.0,2454.0,25.4,10.1,0.0,10.1,23.5,0.0,0.0,40.4,0.0,0.0,6.0,45.3,39.6,0.0,0.0,0.0,0.0,190.0,787.0,186.0,785.0,191.0,780.0,190.0,786.0,0.0,0.0,-27.0,0.0,0.0,23.5,8.0,4.996,0.0,0.0,0.654,0.806,80.1,86.1,0.0,0.0,76.0,R,0.0,84.2,186.8,0.0,0.0,0.0,0.0,374.0,1448.6,366.8,1445.0,375.8,1436.0,374.0,1446.8,0.0,0.0,186.98,2454.0,372.65,288.45,102.77999999999999,1.0283194444444443,48748.20866666665,13.217821782178218,140.88,148.41,401.0,True,2026-09-23 18:50:08-07:00
548.06,2,9,2026-09-24 01:59:09,36.9777,-121.51096,1556.0,133.7,310.9,-12.5,0.33,E16,7.5,326.5,0.0,1.1,-2.2,300.9,140.7,1562.0,-0.2,-0.03,1.0,0.0,-29.0,29.0,148.3,29.84,3608.0,318.0,17.0,150.0,0.0,0.0,0.0,312.0,0.0,0.0,5.0,7.0,-99.0,0.0,0.0,0.0,-2.0,0.0,0.0,-54.0,0.0,0.0,0.0,0.0,3.0,0.0,0.0,1200.0,80.0,86.0,2453.0,2452.0,25.4,10.1,0.0,10.1,23.5,0.0,0.0,40.4,0.0,0.0,6.1,45.3,39.6,0.0,0.0,0.0,0.0,190.0,787.0,186.0,786.0,191.0,780.0,191.0,787.0,0.0,0.0,-27.0,0.0,0.0,23.5,8.0,4.996,0.0,0.0,0.654,0.8,80.4,86.1,0.0,0.0,76.0,R,0.0,84.2,186.8,0.0,0.0,0.0,0.0,374.0,1448.6,366.8,1446.8,375.8,1436.0,375.8,1448.6,0.0,0.0,186.98,2452.5,373.1,288.90000000000003,102.77999999999999,1.0311249999999998,48973.547333333314,13.237623762376238,141.17999999999998,148.73,401.0,True,2026-09-23 18:50:08-07:00
549.06,2,9,2026-09-24 01:59:10,36.9781,-121.51154,1556.0,133.8,310.8,-12.5,0.34,E16,7.4,326.6,0.0,1.1,-2.2,300.1,140.5,1562.0,-0.4,-0.02,1.0,0.0,-41.0,29.0,148.1,29.84,3609.0,318.0,17.0,150.0,0.0,0.0,0.0,312.0,0.0,0.0,5.0,7.0,-99.0,0.0,0.0,0.0,-2.0,0.0,0.0,-54.0,0.0,0.0,0.0,0.0,3.0,1.0,0.0,1200.0,81.0,86.0,2452.0,2453.0,25.4,10.1,0.0,10.1,23.5,0.0,0.0,40.3,0.0,0.0,6.1,45.3,39.6,0.0,0.0,0.0,0.0,190.0,787.0,186.0,787.0,191.0,781.0,191.0,788.0,0.0,0.0,-27.0,0.0,0.0,23.5,8.0,4.996,0.0,0.0,0.654,0.807,80.6,86.3,0.0,0.0,75.0,R,0.0,84.2,186.8,0.0,0.0,0.0,0.0,374.0,1448.6,366.8,1448.6,375.8,1437.8,375.8,1450.4,0.0,0.0,187.33999999999997,2452.5,373.1,288.90000000000003,103.13999999999997,1.0339305555555554,49199.13899999998,13.247524752475249,140.98,148.52,401.0,True,2026-09-23 18:50:08-07:00
550.06,2,9,2026-09-24 01:59:11,36.97851,-121.51213,1557.0,133.9,310.5,-12.5,0.35,E16,7.4,326.7,0.0,1.1,-0.6,300.4,140.5,1562.0,-0.0,-0.01,1.0,0.0,-23.0,29.0,148.1,29.84,3609.0,318.0,16.0,150.0,0.0,0.0,0.0,312.0,0.0,0.0,5.0,7.0,-99.0,0.0,0.0,0.0,-2.0,0.0,0.0,-54.0,0.0,0.0,0.0,0.0,3.0,1.0,0.0,1200.0,80.0,86.0,2454.0,2453.0,25.4,10.1,0.0,10.1,23.5,0.0,0.0,40.3,0.0,0.0,5.9,45.3,39.6,0.0,0.0,0.0,0.0,191.0,788.0,186.0,787.0,191.0,782.0,191.0,788.0,0.0,0.0,-27.0,0.0,0.0,23.5,8.0,4.996,0.0,0.0,0.654,0.815,80.3,86.2,0.0,0.0,75.0,R,0.0,84.2,186.8,0.0,0.0,0.0,0.0,375.8,1450.4,366.8,1448.6,375.8,1439.6,375.8,1450.4,0.0,0.0,187.16000000000003,2453.5,373.55,289.35,102.96000000000002,1.0367361111111109,49424.89933333331,13.257425742574258,140.98,148.52,401.0,True,2026-09-23 18:50:08-07:00
551.06,2,9,2026-09-24 01:59:12,36.97891,-121.51271,1558.0,134.1,310.6,-12.5,0.35,E16,7.4,326.7,0.0,1.1,-1.3,300.1,141.1,1562.0,-0.1,-0.02,1.0,0.0,-22.0,29.0,148.7,29.84,3609.0,318.0,16.0,150.0,0.0,0.0,0.0,312.0,0.0,0.0,5.0,7.0,-99.0,0.0,0.0,0.0,-2.0,0.0,0.0,-54.0,0.0,0.0,0.0,0.0,3.0,1.0,0.0,1200.0,80.0,86.0,2455.0,2454.0,25.4,10.1,0.0,10.1,23.5,0.0,0.0,40.3,0.0,0.0,5.8,45.3,39.6,0.0,0.0,0.0,0.0,190.0,788.0,186.0,786.0,191.0,781.0,191.0,788.0,0.0,0.0,-27.0,0.0,0.0,23.5,8.0,4.996,0.0,0.0,0.654,0.803,80.3,86.1,0.0,0.0,76.0,R,0.0,84.2,186.8,0.0,0.0,0.0,0.0,374.0,1450.4,366.8,1446.8,375.8,1437.8,375.8,1450.4,0.0,0.0,186.98,2454.5,373.1,288.90000000000003,102.77999999999999,1.0395416666666666,49650.91266666665,13.277227722772277,141.57999999999998,149.15,401.0,True,2026-09-23 18:50:08-07:00
552.06,2,9,2026-09-24 01:59:13,36.97932,-121.51331,1559.0,134.2,310.5,-12.5,0.36,E16,7.3,326.8,0.0,0.8,-1.0,300.0,141.8,1562.0,0.1,-0.01,1.0,0.0,-5.0,29.0,149.5,29.84,3608.0,318.0,16.0,150.0,0.0,0.0,0.0,312.0,0.0,0.0,5.0,7.0,-99.0,0.0,0.0,0.0,-2.0,0.0,0.0,-54.0,0.0,0.0,0.0,0.0,3.0,1.0,0.0,1200.0,80.0,86.0,2460.0,2460.0,25.4,10.1,0.0,10.1,23.5,0.0,0.0,40.3,0.0,0.0,6.0,45.3,39.6,0.0,0.0,0.0,0.0,190.0,788.0,186.0,786.0,191.0,780.0,191.0,788.0,0.0,0.0,-27.0,0.0,0.0,23.5,8.0,4.996,0.0,0.0,0.654,0.804,80.2,86.1,0.0,0.0,76.0,R,0.0,84.2,186.8,0.0,0.0,0.0,0.0,374.0,1450.4,366.8,1446.8,375.8,1436.0,375.8,1450.4,0.0,0.0,186.98,2460.0,373.1,288.90000000000003,102.77999999999999,1.042347222222222,49877.17899999998,13.287128712871286,142.28,149.89,401.0,True,2026-09-23 18:50:08-07:00
553.06,2,9,2026-09-24 01:59:14,36.97972,-121.51389,1560.0,134.2,310.4,-12.5,0.37,E16,7.3,326.9,0.0,0.7,-1.7,299.5,141.6,1562.0,-0.0,-0.02,1.0,0.0,3.0,29.0,149.3,29.84,3608.0,318.0,16.0,150.0,0.0,0.0,0.0,312.0,0.0,0.0,5.0,7.0,-99.0,0.0,0.0,0.0,-2.0,0.0,0.0,-54.0,0.0,0.0,0.0,0.0,3.0,1.0,0.0,1200.0,80.0,86.0,2453.0,2457.0,25.4,10.1,0.0,10.1,23.5,0.0,0.0,40.3,0.0,0.0,6.1,45.3,39.6,0.0,0.0,0.0,0.0,190.0,786.0,186.0,787.0,191.0,781.0,191.0,787.0,0.0,0.0,-27.0,0.0,0.0,23.5,8.0,4.996,0.0,0.0,0.654,0.814,80.2,86.1,0.0,0.0,76.0,R,0.0,84.2,186.8,0.0,0.0,0.0,0.0,374.0,1446.8,366.8,1448.6,375.8,1437.8,375.8,1448.6,0.0,0.0,186.98,2455.0,373.1,288.90000000000003,102.77999999999999,1.0451527777777776,50103.52966666665,13.287128712871286,142.07999999999998,149.68,401.0,True,2026-09-23 18:50:08-07:00
554.06,2,9,2026-09-24 01:59:15,36.98013,-121.51449,1562.0,134.3,310.2,-12.5,0.38,E16,7.3,327.0,0.0,0.6,-1.5,299.2,141.7,1562.0,-0.0,-0.02,1.0,0.0,47.0,29.0,149.4,29.84,3609.0,317.0,16.0,150.0,0.0,0.0,0.0,312.0,0.0,0.0,5.0,8.0,-99.0,0.0,0.0,0.0,-2.0,0.0,0.0,-54.0,0.0,0.0,0.0,0.0,3.0,1.0,0.0,1200.0,81.0,86.0,2455.0,2455.0,25.4,10.1,0.0,10.1,23.3,0.0,0.0,40.3,0.0,0.0,6.2,45.3,39.6,0.0,0.0,0.0,0.0,191.0,787.0,186.0,786.0,191.0,781.0,191.0,787.0,0.0,0.0,-27.0,0.0,0.0,23.3,8.0,4.996,0.0,0.0,0.654,0.808,80.6,86.2,0.0,0.0,76.0,R,0.0,84.2,186.8,0.0,0.0,0.0,0.0,375.8,1448.6,366.8,1446.8,375.8,1437.8,375.8,1448.6,0.0,0.0,187.16000000000003,2455.0,373.55,289.35,102.96000000000002,1.047958333333333,50329.96466666665,13.297029702970299,142.17999999999998,149.78,401.0,True,2026-09-23 18:50:08-07:00
555.06,2,9,2026-09-24 01:59:16,36.98053,-121.51508,1564.0,134.2,310.1,-12.5,0.39,E16,7.2,327.1,0.0,0.7,-1.3,299.3,141.8,1562.0,0.0,-0.01,1.0,0.0,52.0,29.0,149.5,29.84,3609.0,317.0,16.0,150.0,0.0,0.0,0.0,312.0,0.0,0.0,5.0,8.0,-99.0,0.0,0.0,0.0,-2.0,0.0,0.0,-54.0,0.0,0.0,0.0,0.0,3.0,1.0,0.0,1200.0,80.0,86.0,2455.0,2455.0,25.4,10.1,0.0,10.1,23.5,0.0,0.0,40.3,0.0,0.0,6.7,45.3,39.6,0.0,0.0,0.0,0.0,191.0,787.0,186.0,787.0,191.0,781.0,191.0,787.0,0.0,0.0,-27.0,0.0,0.0,23.5,8.0,4.996,0.0,0.0,0.654,0.812,80.1,86.3,0.0,0.0,76.0,R,0.0,84.2,186.8,0.0,0.0,0.0,0.0,375.8,1448.6,366.8,1448.6,375.8,1437.8,375.8,1448.6,0.0,0.0,187.33999999999997,2455.0,373.55,289.35,103.13999999999997,1.0507638888888886,50556.39966666665,13.287128712871286,142.28,149.89,401.0,True,2026-09-23 18:50:08-07:00
556.06,2,9,2026-09-24 01:59:17,36.98093,-121.51567,1566.0,134.2,310.0,-12.5,0.4,E16,7.2,327.2,0.0,0.7,-1.6,298.8,141.9,1562.0,-0.2,-0.01,1.0,0.0,48.0,29.0,149.6,29.84,3609.0,317.0,16.0,150.0,0.0,0.0,0.0,312.0,0.0,0.0,5.0,8.0,-99.0,0.0,0.0,0.0,-2.0,0.0,0.0,-54.0,0.0,0.0,0.0,0.0,3.0,0.0,0.0,1200.0,80.0,86.0,2459.0,2457.0,25.4,10.1,0.0,10.1,23.5,0.0,0.0,40.3,0.0,0.0,7.3,45.3,39.6,0.0,0.0,0.0,0.0,191.0,787.0,187.0,787.0,191.0,781.0,191.0,788.0,0.0,0.0,-27.0,0.0,0.0,23.5,8.0,4.996,0.0,0.0,0.654,0.817,80.2,86.2,0.0,0.0,76.0,R,0.0,84.2,186.8,0.0,0.0,0.0,0.0,375.8,1448.6,368.6,1448.6,375.8,1437.8,375.8,1450.4,0.0,0.0,187.16000000000003,2458.0,374.0,289.8,102.96000000000002,1.0535694444444443,50782.750333333315,13.287128712871286,142.38,149.99,401.0,True,2026-09-23 18:50:08-07:00
557.06,2,9,2026-09-24 01:59:18,36.98133,-121.51627,1568.0,134.2,309.9,-12.5,0.41,E16,7.1,327.2,0.0,0.6,-1.5,298.7,141.8,1562.0,-0.0,-0.01,1.0,0.0,81.0,29.0,149.5,29.84,3619.0,316.0,16.0,150.0,0.0,0.0,0.0,312.0,0.0,0.0,5.0,8.0,-99.0,0.0,0.0,0.0,-2.0,0.0,0.0,-54.0,0.0,0.0,0.0,0.0,3.0,1.0,0.0,1200.0,80.0,86.0,2453.0,2451.0,25.4,10.1,0.0,10.1,23.6,0.0,0.0,40.3,0.0,0.0,7.7,45.3,39.6,0.0,0.0,0.0,0.0,191.0,787.0,187.0,786.0,191.0,780.0,191.0,787.0,0.0,0.0,-27.0,0.0,0.0,23.6,8.0,4.996,0.0,0.0,0.654,0.817,80.3,86.2,0.0,0.0,76.0,R,0.0,84.2,186.8,0.0,0.0,0.0,0.0,375.8,1448.6,368.6,1446.8,375.8,1436.0,375.8,1448.6,0.0,0.0,187.16000000000003,2452.0,374.0,289.8,102.96000000000002,1.0563749999999998,51009.10099999998,13.287128712871286,142.28,149.89,401.0,True,2026-09-23 18:50:08-07:00
558.06,2,9,2026-09-24 01:59:19,36.98173,-121.51686,1571.0,134.1,309.8,-12.5,0.42,E16,7.1,327.3,0.0,0.7,-1.4,298.4,141.3,1562.0,-0.1,-0.01,1.0,0.0,128.0,29.0,149.0,29.84,3618.0,316.0,16.0,150.0,0.0,0.0,0.0,312.0,0.0,0.0,5.0,8.0,-99.0,0.0,0.0,0.0,-2.0,0.0,0.0,-54.0,0.0,0.0,0.0,0.0,3.0,1.0,0.0,1200.0,80.0,86.0,2449.0,2452.0,25.4,10.1,0.0,10.1,23.6,0.0,0.0,40.3,0.0,0.0,8.0,45.3,39.6,0.0,0.0,0.0,0.0,191.0,787.0,187.0,786.0,192.0,780.0,191.0,787.0,0.0,0.0,-27.0,0.0,0.0,23.6,8.0,4.996,0.0,0.0,0.654,0.823,80.3,86.2,0.0,0.0,76.0,R,0.0,84.2,186.8,0.0,0.0,0.0,0.0,375.8,1448.6,368.6,1446.8,377.6,1436.0,375.8,1448.6,0.0,0.0,187.16000000000003,2450.5,374.45,290.25,102.96000000000002,1.0591805555555553,51235.36733333331,13.277227722772277,141.78,149.36,401.0,True,2026-09-23 18:50:08-07:00
559.06,2,9,2026-09-24 01:59:20,36.98212,-121.51746,1574.0,134.1,309.6,-12.5,0.43,E16,7.1,327.4,0.0,0.8,-0.9,298.7,141.3,1565.0,0.1,-0.02,1.0,0.0,141.0,29.0,149.0,29.84,3618.0,316.0,16.0,150.0,0.0,0.0,0.0,312.0,0.0,0.0,5.0,9.0,-99.0,0.0,0.0,0.0,-2.0,0.0,0.0,-54.0,0.0,0.0,0.0,0.0,3.0,1.0,0.0,1200.0,80.0,86.0,2449.0,2451.0,25.4,10.1,0.0,10.1,23.5,0.0,0.0,40.3,0.0,0.0,8.2,45.3,39.6,0.0,0.0,0.0,0.0,191.0,787.0,187.0,786.0,192.0,781.0,191.0,787.0,0.0,0.0,-27.0,0.0,0.0,23.5,8.0,4.996,0.0,0.0,0.654,0.818,80.4,86.3,0.0,0.0,76.0,R,0.0,84.2,186.8,0.0,0.0,0.0,0.0,375.8,1448.6,368.6,1446.8,377.6,1437.8,375.8,1448.6,0.0,0.0,187.33999999999997,2450.0,374.45,290.25,103.13999999999997,1.0619861111111109,51461.549333333314,13.277227722772277,141.78,149.37,401.0,True,2026-09-23 18:50:08-07:00
560.06,2,9,2026-09-24 01:59:21,36.98252,-121.51805,1577.0,134.0,309.5,-12.5,0.43,E16,7.0,327.5,0.0,1.0,-1.4,298.7,141.0,1568.0,-0.1,-0.01,1.0,0.0,167.0,29.0,148.7,29.84,3618.0,315.0,16.0,150.0,0.0,0.0,0.0,312.0,0.0,0.0,5.0,9.0,-99.0,0.0,0.0,0.0,-2.0,0.0,0.0,-54.0,0.0,0.0,0.0,0.0,3.0,1.0,0.0,1200.0,80.0,86.0,2456.0,2453.0,25.4,10.1,0.0,10.1,23.5,0.0,0.0,40.3,0.0,0.0,8.1,45.3,39.6,0.0,0.0,0.0,0.0,191.0,788.0,187.0,787.0,192.0,781.0,191.0,787.0,0.0,0.0,-27.0,0.0,0.0,23.5,8.0,4.996,0.0,0.0,0.654,0.817,80.2,86.4,0.0,0.0,75.0,R,0.0,84.2,186.8,0.0,0.0,0.0,0.0,375.8,1450.4,368.6,1448.6,377.6,1437.8,375.8,1448.6,0.0,0.0,187.52,2454.5,374.45,290.25,103.32000000000001,1.0647916666666666,51687.64699999998,13.267326732673268,141.48,149.06,401.0,True,2026-09-23 18:50:08-07:00
561.06,2,9,2026-09-24 01:59:22,36.98291,-121.51865,1580.0,134.0,309.4,-12.5,0.44,E16,7.0,327.6,0.0,1.0,-1.3,298.6,141.0,1571.0,-0.1,-0.01,1.0,0.0,150.0,29.0,148.7,29.84,3620.0,315.0,16.0,150.0,0.0,0.0,0.0,312.0,0.0,0.0,5.0,9.0,-99.0,0.0,0.0,0.0,-2.0,0.0,0.0,-54.0,0.0,0.0,0.0,0.0,3.0,1.0,0.0,1200.0,80.0,86.0,2452.0,2449.0,25.4,10.1,0.0,10.1,23.5,0.0,0.0,40.3,0.0,0.0,8.0,45.3,39.6,0.0,0.0,0.0,0.0,191.0,788.0,187.0,786.0,192.0,781.0,191.0,787.0,0.0,0.0,-27.0,0.0,0.0,23.5,8.0,4.996,0.0,0.0,0.654,0.811,80.4,86.2,0.0,0.0,75.0,R,0.0,84.2,186.8,0.0,0.0,0.0,0.0,375.8,1450.4,368.6,1446.8,377.6,1437.8,375.8,1448.6,0.0,0.0,187.16000000000003,2450.5,374.45,290.25,102.96000000000002,1.067597222222222,51913.66033333332,13.267326732673268,141.48,149.07,401.0,True,2026-09-23 18:50:08-07:00
562.06,2,9,2026-09-24 01:59:23,36.98331,-121.51925,1583.0,133.9,309.2,-12.5,0.45,E16,7.0,327.7,0.0,0.9,-1.2,298.7,140.9,1573.0,0.0,-0.02,1.0,0.0,144.0,29.0,148.6,29.84,3623.0,316.0,16.0,150.0,0.0,0.0,0.0,312.0,0.0,0.0,5.0,9.0,-99.0,0.0,0.0,0.0,-2.0,0.0,0.0,-54.0,0.0,0.0,0.0,0.0,3.0,1.0,0.0,1200.0,80.0,86.0,2450.0,2450.0,25.4,10.1,0.0,10.1,23.5,0.0,0.0,40.3,0.0,0.0,8.1,45.3,39.6,0.0,0.0,0.0,0.0,191.0,788.0,187.0,787.0,192.0,781.0,192.0,787.0,0.0,0.0,-27.0,0.0,0.0,23.5,8.0,4.996,0.0,0.0,0.654,0.813,80.1,86.2,0.0,0.0,75.0,R,0.0,84.2,186.8,0.0,0.0,0.0,0.0,375.8,1450.4,368.6,1448.6,377.6,1437.8,377.6,1448.6,0.0,0.0,187.16000000000003,2450.0,374.90000000000003,290.70000000000005,102.96000000000002,1.0704027777777776,52139.589333333315,13.257425742574258,141.38,148.97,401.0,True,2026-09-23 18:50:08-07:00
563.06,2,9,2026-09-24 01:59:24,36.9837,-121.51985,1586.0,134.0,309.0,-12.5,0.46,E16,6.9,327.8,0.0,1.1,-0.2,299.1,140.5,1575.0,0.2,-0.01,1.0,0.0,146.0,29.0,148.1,29.84,3625.0,316.0,16.0,150.0,0.0,0.0,0.0,312.0,0.0,0.0,5.0,9.0,-99.0,0.0,0.0,0.0,-2.0,0.0,0.0,-54.0,0.0,0.0,0.0,0.0,3.0,1.0,0.0,1200.0,80.0,86.0,2449.0,2449.0,25.4,10.1,0.0,10.1,23.5,0.0,0.0,40.3,0.0,0.0,8.2,45.3,39.6,0.0,0.0,0.0,0.0,191.0,788.0,187.0,787.0,192.0,781.0,192.0,786.0,0.0,0.0,-27.0,0.0,0.0,23.5,8.0,4.996,0.0,0.0,0.654,0.814,80.3,86.1,0.0,0.0,75.0,R,0.0,84.2,186.8,0.0,0.0,0.0,0.0,375.8,1450.4,368.6,1448.6,377.6,1437.8,377.6,1446.8,0.0,0.0,186.98,2449.0,374.90000000000003,290.70000000000005,102.77999999999999,1.073208333333333,52365.51833333332,13.267326732673268,140.98,148.55,401.0,True,2026-09-23 18:50:08-07:00
564.06,2,9,2026-09-24 01:59:25,36.98409,-121.52045,1588.0,134.0,309.0,-12.5,0.47,E16,6.9,327.9,0.0,1.1,-1.0,299.0,141.3,1576.0,-0.1,-0.01,1.0,0.0,113.0,29.0,149.0,29.84,3637.0,316.0,16.0,150.0,0.0,0.0,0.0,312.0,0.0,0.0,5.0,9.0,-99.0,0.0,0.0,0.0,-2.0,0.0,0.0,-54.0,0.0,0.0,0.0,0.0,3.0,1.0,0.0,1200.0,80.0,86.0,2450.0,2450.0,25.4,10.1,0.0,10.1,23.5,0.0,0.0,40.3,0.0,0.0,7.5,45.3,39.6,0.0,0.0,0.0,0.0,191.0,787.0,187.0,787.0,192.0,781.0,192.0,787.0,0.0,0.0,-27.0,0.0,0.0,23.5,8.0,4.996,0.0,0.0,0.654,0.831,80.1,86.1,0.0,0.0,75.0,R,0.0,84.2,186.8,0.0,0.0,0.0,0.0,375.8,1448.6,368.6,1448.6,377.6,1437.8,377.6,1448.6,0.0,0.0,186.98,2450.0,374.90000000000003,290.70000000000005,102.77999999999999,1.0760138888888886,52591.53166666665,13.267326732673268,141.78,149.4,401.0,True,2026-09-23 18:50:08-07:00
565.06,2,9,2026-09-24 01:59:26,36.98448,-121.52106,1590.0,133.9,308.9,-12.5,0.48,E16,6.9,328.0,0.0,1.0,-0.7,298.9,140.7,1578.0,0.0,-0.01,1.0,0.0,125.0,29.0,148.4,29.84,3640.0,317.0,16.0,150.0,0.0,0.0,0.0,312.0,0.0,0.0,5.0,10.0,-99.0,0.0,0.0,0.0,-2.0,0.0,0.0,-54.0,0.0,0.0,0.0,0.0,3.0,1.0,0.0,1200.0,80.0,86.0,2451.0,2454.0,25.4,10.1,0.0,10.1,23.5,0.0,0.0,40.3,0.0,0.0,6.8,45.3,39.6,0.0,0.0,0.0,0.0,191.0,788.0,187.0,788.0,192.0,781.0,192.0,788.0,0.0,0.0,-27.0,0.0,0.0,23.5,8.0,4.996,0.0,0.0,0.654,0.82,80.0,86.2,0.0,0.0,75.0,R,0.0,84.2,186.8,0.0,0.0,0.0,0.0,375.8,1450.4,368.6,1450.4,377.6,1437.8,377.6,1450.4,0.0,0.0,187.16000000000003,2452.5,374.90000000000003,290.70000000000005,102.96000000000002,1.0788194444444443,52817.46066666665,13.257425742574258,141.17999999999998,148.77,401.0,True,2026-09-23 18:50:08-07:00
566.06,2,9,2026-09-24 01:59:27,36.98487,-121.52166,1592.0,133.9,308.8,-12.5,0.49,E16,6.8,328.1,0.0,1.2,-1.3,298.7,140.5,1580.0,-0.1,-0.01,1.0,0.0,111.0,29.0,148.2,29.84,3642.0,317.0,16.0,150.0,0.0,0.0,0.0,312.0,0.0,0.0,5.0,10.0,-99.0,0.0,0.0,0.0,-2.0,0.0,0.0,-54.0,0.0,0.0,0.0,0.0,3.0,1.0,0.0,1200.0,80.0,86.0,2450.0,2447.0,25.4,10.1,0.0,10.1,23.5,0.0,0.0,40.3,0.0,0.0,6.3,45.3,39.6,0.0,0.0,0.0,0.0,191.0,787.0,187.0,787.0,192.0,780.0,192.0,786.0,0.0,0.0,-27.0,0.0,0.0,23.5,8.0,4.996,0.0,0.0,0.654,0.823,79.9,86.0,0.0,0.0,75.0,R,0.0,84.2,186.8,0.0,0.0,0.0,0.0,375.8,1448.6,368.6,1448.6,377.6,1436.0,377.6,1446.8,0.0,0.0,186.8,2448.5,374.90000000000003,290.70000000000005,102.60000000000001,1.0816249999999998,53043.305333333316,13.257425742574258,140.98,148.57,401.0,True,2026-09-23 18:50:08-07:00
567.06,2,9,2026-09-24 01:59:28,36.98526,-121.52226,1593.0,133.9,308.7,-12.5,0.5,E16,6.8,328.2,0.0,1.2,-1.1,298.7,141.1,1582.0,-0.1,-0.01,1.0,0.0,121.0,29.0,148.8,29.84,3645.0,317.0,16.0,150.0,0.0,0.0,0.0,312.0,0.0,0.0,5.0,10.0,-99.0,0.0,0.0,0.0,-2.0,0.0,0.0,-54.0,0.0,0.0,0.0,0.0,3.0,1.0,0.0,1200.0,80.0,86.0,2454.0,2454.0,25.4,10.1,0.0,10.1,23.5,0.0,0.0,40.3,0.0,0.0,6.3,45.3,39.6,0.0,0.0,0.0,0.0,191.0,787.0,187.0,787.0,192.0,781.0,192.0,787.0,0.0,0.0,-27.0,0.0,0.0,23.5,8.0,4.996,0.0,0.0,0.654,0.817,80.2,86.0,0.0,0.0,75.0,R,0.0,84.2,186.8,0.0,0.0,0.0,0.0,375.8,1448.6,368.6,1448.6,377.6,1437.8,377.6,1448.6,0.0,0.0,186.8,2454.0,374.90000000000003,290.70000000000005,102.60000000000001,1.0844305555555553,53269.14999999998,13.257425742574258,141.57999999999998,149.21,401.0,True,2026-09-23 18:50:08-07:00
568.06,2,9,2026-09-24 01:59:29,36.98565,-121.52287,1595.0,133.9,308.5,-12.5,0.51,E16,6.8,328.3,0.0,1.1,-2.1,298.9,140.5,1585.0,0.1,-0.02,1.0,0.0,130.0,29.0,148.2,29.84,3648.0,317.0,16.0,150.0,0.0,0.0,0.0,312.0,0.0,0.0,5.0,10.0,-99.0,0.0,0.0,0.0,-3.0,0.0,0.0,-54.0,0.0,0.0,0.0,0.0,3.0,1.0,0.0,1200.0,80.0,86.0,2448.0,2448.0,25.4,10.1,0.0,10.1,23.5,0.0,0.0,40.3,0.0,0.0,6.3,45.3,39.6,0.0,0.0,0.0,0.0,191.0,787.0,187.0,787.0,192.0,781.0,192.0,786.0,0.0,0.0,-27.0,0.0,0.0,23.5,8.0,4.996,0.0,0.0,0.654,0.801,80.3,86.0,0.0,0.0,75.0,R,0.0,84.2,186.8,0.0,0.0,0.0,0.0,375.8,1448.6,368.6,1448.6,377.6,1437.8,377.6,1446.8,0.0,0.0,186.8,2448.0,374.90000000000003,290.70000000000005,102.60000000000001,1.0872361111111108,53494.99466666665,13.257425742574258,140.98,148.58,401.0,True,2026-09-23 18:50:08-07:00
569.06,2,9,2026-09-24 01:59:30,36.98603,-121.52348,1596.0,133.9,308.3,-12.5,0.52,E16,6.7,328.4,0.0,1.3,-3.1,298.7,140.3,1586.0,-0.1,-0.03,1.0,0.0,120.0,29.0,148.0,29.84,3650.0,318.0,16.0,150.0,0.0,0.0,0.0,312.0,0.0,0.0,5.0,10.0,-99.0,0.0,0.0,0.0,-3.0,0.0,0.0,-54.0,0.0,0.0,0.0,0.0,3.0,1.0,0.0,1200.0,80.0,86.0,2450.0,2449.0,25.4,10.1,0.0,10.1,23.5,0.0,0.0,40.3,0.0,0.0,6.3,45.3,39.6,0.0,0.0,0.0,0.0,191.0,786.0,187.0,788.0,192.0,781.0,192.0,787.0,0.0,0.0,-27.0,0.0,0.0,23.5,8.0,4.996,0.0,0.0,0.654,0.808,80.3,86.1,0.0,0.0,75.0,R,0.0,84.2,186.8,0.0,0.0,0.0,0.0,375.8,1446.8,368.6,1450.4,377.6,1437.8,377.6,1448.6,0.0,0.0,186.98,2449.5,374.90000000000003,290.70000000000005,102.77999999999999,1.0900416666666666,53720.839333333315,13.257425742574258,140.78,148.37,401.0,True,2026-09-23 18:50:08-07:00
570.06,2,9,2026-09-24 01:59:31,36.98641,-121.52409,1599.0,133.9,307.8,-12.5,0.53,E16,6.7,328.5,0.0,1.6,-3.3,299.0,140.4,1590.0,-0.1,-0.02,1.0,0.0,149.0,29.0,148.1,29.84,3654.0,319.0,16.0,150.0,0.0,0.0,0.0,312.0,0.0,0.0,5.0,11.0,-98.0,0.0,0.0,0.0,-3.0,0.0,0.0,-54.0,0.0,0.0,0.0,0.0,3.0,1.0,0.0,1200.0,80.0,86.0,2450.0,2451.0,25.4,10.1,0.0,10.1,23.6,0.0,0.0,40.3,0.0,0.0,6.1,45.3,39.6,0.0,0.0,0.0,0.0,192.0,786.0,187.0,788.0,192.0,780.0,192.0,786.0,0.0,0.0,-27.0,0.0,0.0,23.6,8.0,4.996,0.0,0.0,0.654,0.802,80.1,86.2,0.0,0.0,75.0,R,0.0,84.2,186.8,0.0,0.0,0.0,0.0,377.6,1446.8,368.6,1450.4,377.6,1436.0,377.6,1446.8,0.0,0.0,187.16000000000003,2450.5,375.35,291.15000000000003,102.96000000000002,1.092847222222222,53946.68399999998,13.257425742574258,140.88,148.49,401.0,True,2026-09-23 18:50:08-07:00
571.06,2,9,2026-09-24 01:59:32,36.98679,-121.5247,1602.0,133.8,307.8,-12.5,0.54,E16,6.7,328.6,0.0,1.5,-0.8,298.4,140.4,1591.0,-0.4,-0.02,1.0,0.0,114.0,29.0,148.1,29.84,3656.0,319.0,16.0,150.0,0.0,0.0,0.0,312.0,0.0,0.0,5.0,11.0,-97.0,0.0,0.0,0.0,0.0,0.0,0.0,-54.0,0.0,0.0,0.0,0.0,3.0,1.0,0.0,1200.0,80.0,86.0,2453.0,2452.0,25.4,10.1,0.0,10.1,23.5,0.0,0.0,40.3,0.0,0.0,5.9,45.3,39.6,0.0,0.0,0.0,0.0,191.0,788.0,188.0,788.0,192.0,781.0,192.0,787.0,0.0,0.0,-27.0,0.0,0.0,23.5,8.0,4.996,0.0,0.0,0.654,0.801,80.3,86.1,0.0,0.0,75.0,R,0.0,84.2,186.8,0.0,0.0,0.0,0.0,375.8,1450.4,370.4,1450.4,377.6,1437.8,377.6,1448.6,0.0,0.0,186.98,2452.5,375.34999999999997,291.15,102.77999999999999,1.0956527777777776,54172.44433333332,13.247524752475249,140.88,148.49,401.0,True,2026-09-23 18:50:08-07:00
572.06,2,9,2026-09-24 01:59:33,36.98717,-121.52531,1604.0,133.8,307.6,-12.5,0.55,E16,6.6,328.8,0.0,1.4,-0.4,298.8,140.4,1594.0,0.0,-0.04,1.0,0.0,144.0,29.0,148.1,29.84,3659.0,320.0,16.0,150.0,0.0,0.0,0.0,312.0,0.0,0.0,5.0,11.0,-96.0,0.0,0.0,0.0,-1.0,0.0,0.0,-54.0,0.0,0.0,0.0,0.0,3.0,1.0,0.0,1200.0,80.0,86.0,2451.0,2448.0,25.4,10.0,0.0,10.0,23.6,0.0,0.0,40.3,0.0,0.0,5.9,45.3,39.6,0.0,0.0,0.0,0.0,192.0,787.0,188.0,787.0,192.0,780.0,192.0,787.0,0.0,0.0,-27.0,0.0,0.0,23.6,8.0,4.996,0.0,0.0,0.654,0.802,80.0,86.1,0.0,0.0,75.0,R,0.0,84.2,186.8,0.0,0.0,0.0,0.0,377.6,1448.6,370.4,1448.6,377.6,1436.0,377.6,1448.6,0.0,0.0,186.98,2449.5,375.79999999999995,291.59999999999997,102.77999999999999,1.0984444444444443,54398.12033333332,13.38,140.88,148.5,401.0,True,2026-09-23 18:50:08-07:00
573.06,2,9,2026-09-24 01:59:34,36.98755,-121.52592,1606.0,133.8,307.6,-12.5,0.56,E16,6.6,328.9,0.0,1.3,0.2,299.0,140.4,1596.0,0.1,-0.02,0.9,0.0,127.0,29.0,148.2,29.84,3662.0,321.0,16.0,150.0,0.0,0.0,0.0,312.0,0.0,0.0,5.0,11.0,-95.0,0.0,0.0,0.0,-2.0,0.0,0.0,-54.0,0.0,0.0,0.0,0.0,3.0,1.0,0.0,1200.0,80.0,86.0,2452.0,2452.0,25.4,10.0,0.0,10.0,23.6,0.0,0.0,40.3,0.0,0.0,6.1,45.3,39.6,0.0,0.0,0.0,0.0,192.0,788.0,188.0,787.0,192.0,779.0,192.0,786.0,0.0,0.0,-27.0,0.0,0.0,23.6,8.0,4.996,0.0,0.0,0.654,0.796,80.2,86.1,0.0,0.0,75.0,R,0.0,84.2,186.8,0.0,0.0,0.0,0.0,377.6,1450.4,370.4,1448.6,377.6,1434.2,377.6,1446.8,0.0,0.0,186.98,2452.0,375.79999999999995,291.59999999999997,102.77999999999999,1.101222222222222,54623.79633333332,13.38,140.88,148.51,401.0,True,2026-09-23 18:50:08-07:00
574.06,2,9,2026-09-24 01:59:35,36.98793,-121.52654,1608.0,133.8,307.9,-12.5,0.57,E16,6.5,329.0,0.0,1.1,0.6,298.9,140.6,1598.0,0.0,-0.01,1.0,0.0,103.0,29.0,148.4,29.84,3664.0,321.0,16.0,150.0,0.0,0.0,0.0,312.0,0.0,0.0,5.0,11.0,-94.0,0.0,0.0,0.0,-2.0,0.0,0.0,-54.0,0.0,0.0,0.0,0.0,3.0,1.0,0.0,1200.0,80.0,86.0,2450.0,2452.0,25.4,10.1,0.0,10.1,23.5,0.0,0.0,40.3,0.0,0.0,6.2,45.3,39.6,0.0,0.0,0.0,0.0,192.0,789.0,188.0,787.0,192.0,779.0,192.0,786.0,0.0,0.0,-27.0,0.0,0.0,23.5,8.0,4.996,0.0,0.0,0.654,0.809,80.2,86.1,0.0,0.0,75.0,R,0.0,84.2,186.8,0.0,0.0,0.0,0.0,377.6,1452.2,370.4,1448.6,377.6,1434.2,377.6,1446.8,0.0,0.0,186.98,2451.0,375.79999999999995,291.59999999999997,102.77999999999999,1.1040138888888886,54849.47233333332,13.247524752475249,141.07999999999998,148.72,401.0,True,2026-09-23 18:50:08-07:00
575.06,2,9,2026-09-24 01:59:36,36.98831,-121.52714,1609.0,133.9,308.0,-12.5,0.58,E16,6.5,329.1,0.0,1.1,0.7,299.5,140.1,1599.0,0.4,-0.03,1.0,0.0,94.0,29.0,147.9,29.84,3675.0,322.0,16.0,150.0,0.0,0.0,0.0,312.0,0.0,0.0,5.0,12.0,-93.0,0.0,0.0,0.0,-2.0,0.0,0.0,-54.0,0.0,0.0,0.0,0.0,3.0,1.0,0.0,1200.0,80.0,86.0,2449.0,2451.0,25.4,10.1,0.0,10.1,23.6,0.0,0.0,40.3,0.0,0.0,6.1,45.3,39.6,0.0,0.0,0.0,0.0,192.0,789.0,188.0,787.0,193.0,780.0,193.0,787.0,0.0,0.0,-27.0,0.0,0.0,23.6,8.0,4.996,0.0,0.0,0.654,0.802,80.0,86.3,0.0,0.0,75.0,R,0.0,84.2,186.8,0.0,0.0,0.0,0.0,377.6,1452.2,370.4,1448.6,379.4,1436.0,379.4,1448.6,0.0,0.0,187.33999999999997,2450.0,376.69999999999993,292.49999999999994,103.13999999999997,1.1068194444444444,55075.23266666665,13.257425742574258,140.57999999999998,148.2,401.0,True,2026-09-23 18:50:08-07:00
576.06,2,9,2026-09-24 01:59:37,36.9887,-121.52775,1608.0,134.0,308.2,-12.5,0.59,E16,6.5,329.2,0.0,0.9,0.2,299.5,140.6,1599.0,0.2,-0.02,1.0,0.0,64.0,29.0,148.4,29.84,3676.0,322.0,16.0,150.0,0.0,0.0,0.0,312.0,0.0,0.0,5.0,12.0,-92.0,0.0,0.0,0.0,-2.0,0.0,0.0,-54.0,0.0,0.0,0.0,0.0,3.0,1.0,0.0,1200.0,80.0,86.0,2451.0,2452.0,25.4,10.1,0.0,10.1,23.6,0.0,0.0,40.3,0.0,0.0,5.9,45.3,39.6,0.0,0.0,0.0,0.0,192.0,789.0,188.0,786.0,192.0,779.0,192.0,787.0,0.0,0.0,-27.0,0.0,0.0,23.6,8.0,4.996,0.0,0.0,0.654,0.817,79.8,86.2,0.0,0.0,75.0,R,0.0,84.2,186.8,0.0,0.0,0.0,0.0,377.6,1452.2,370.4,1446.8,377.6,1434.2,377.6,1448.6,0.0,0.0,187.16000000000003,2451.5,375.79999999999995,291.59999999999997,102.96000000000002,1.1096249999999999,55301.16166666665,13.267326732673268,141.07999999999998,148.73,401.0,True,2026-09-23 18:50:08-07:00
577.06,2,9,2026-09-24 01:59:38,36.98908,-121.52836,1608.0,134.1,308.4,-12.5,0.6,E16,6.4,329.3,0.0,0.9,0.2,299.5,141.2,1599.0,0.2,-0.03,1.0,0.0,11.0,29.0,149.0,29.84,3676.0,323.0,16.0,150.0,0.0,0.0,0.0,312.0,0.0,0.0,5.0,12.0,-92.0,0.0,0.0,0.0,-2.0,0.0,0.0,-54.0,0.0,0.0,0.0,0.0,3.0,1.0,0.0,1200.0,80.0,86.0,2456.0,2456.0,25.4,10.1,0.0,10.1,23.6,0.0,0.0,40.3,0.0,0.0,5.9,45.3,39.6,0.0,0.0,0.0,0.0,192.0,789.0,188.0,787.0,192.0,779.0,192.0,787.0,0.0,0.0,-27.0,0.0,0.0,23.6,8.0,4.996,0.0,0.0,0.654,0.811,80.3,86.1,0.0,0.0,75.0,R,0.0,84.2,186.8,0.0,0.0,0.0,0.0,377.6,1452.2,370.4,1448.6,377.6,1434.2,377.6,1448.6,0.0,0.0,186.98,2456.0,375.79999999999995,291.59999999999997,102.77999999999999,1.1124305555555554,55527.25933333331,13.277227722772277,141.67999999999998,149.36,401.0,True,2026-09-23 18:50:08-07:00
578.06,2,9,2026-09-24 01:59:39,36.98948,-121.52896,1610.0,134.2,308.6,-12.5,0.61,E16,6.4,329.5,0.0,0.7,0.7,299.7,141.2,1599.0,0.3,-0.03,1.0,0.0,28.0,29.0,149.0,29.84,3676.0,323.0,16.0,150.0,0.0,0.0,0.0,312.0,0.0,0.0,5.0,12.0,-91.0,0.0,0.0,0.0,-2.0,0.0,0.0,-54.0,0.0,0.0,0.0,0.0,3.0,1.0,0.0,1200.0,80.0,86.0,2451.0,2451.0,25.4,10.1,0.0,10.1,23.6,0.0,0.0,40.3,0.0,0.0,6.0,45.3,39.6,0.0,0.0,0.0,0.0,192.0,789.0,188.0,787.0,193.0,779.0,193.0,787.0,0.0,0.0,-27.0,0.0,0.0,23.6,8.0,4.996,0.0,0.0,0.654,0.802,80.1,86.1,0.0,0.0,75.0,R,0.0,84.2,186.8,0.0,0.0,0.0,0.0,377.6,1452.2,370.4,1448.6,379.4,1434.2,379.4,1448.6,0.0,0.0,186.98,2451.0,376.69999999999993,292.49999999999994,102.77999999999999,1.1152361111111109,55753.52566666665,13.287128712871286,141.67999999999998,149.36,401.0,True,2026-09-23 18:50:08-07:00
579.06,2,9,2026-09-24 01:59:40,36.98986,-121.52956,1609.0,134.3,308.8,-12.5,0.62,E16,6.4,329.6,0.0,0.6,1.0,299.7,141.0,1599.0,0.2,-0.02,1.0,0.0,-13.0,29.0,148.8,29.84,3685.0,324.0,16.0,150.0,0.0,0.0,0.0,312.0,0.0,0.0,5.0,12.0,-90.0,0.0,0.0,0.0,-2.0,0.0,0.0,-54.0,0.0,0.0,0.0,0.0,3.0,1.0,0.0,1200.0,80.0,86.0,2451.0,2451.0,25.4,10.1,0.0,10.1,23.5,0.0,0.0,40.3,0.0,0.0,6.2,45.3,39.6,0.0,0.0,0.0,0.0,192.0,788.0,188.0,787.0,193.0,779.0,193.0,787.0,0.0,0.0,-27.0,0.0,0.0,23.5,8.0,4.996,0.0,0.0,0.654,0.806,80.1,86.2,0.0,0.0,75.0,R,0.0,84.2,186.8,0.0,0.0,0.0,0.0,377.6,1450.4,370.4,1448.6,379.4,1434.2,379.4,1448.6,0.0,0.0,187.16000000000003,2451.0,376.69999999999993,292.49999999999994,102.96000000000002,1.1180416666666664,55979.96066666665,13.297029702970299,141.48,149.15,401.0,True,2026-09-23 18:50:08-07:00
580.06,2,9,2026-09-24 01:59:41,36.99025,-121.53017,1607.0,134.5,309.0,-12.5,0.63,E16,6.3,329.7,0.0,0.6,1.1,300.0,140.9,1599.0,0.4,-0.03,1.0,0.0,-28.0,29.0,148.7,29.84,3685.0,324.0,16.0,150.0,0.0,0.0,0.0,312.0,0.0,0.0,5.0,13.0,-89.0,0.0,0.0,0.0,-2.0,0.0,0.0,-54.0,0.0,0.0,0.0,0.0,3.0,1.0,0.0,1200.0,80.0,86.0,2449.0,2448.0,25.4,10.1,0.0,10.1,23.5,0.0,0.0,40.3,0.0,0.0,6.1,45.3,39.6,0.0,0.0,0.0,0.0,192.0,788.0,188.0,788.0,193.0,780.0,193.0,787.0,0.0,0.0,-27.0,0.0,0.0,23.5,8.0,4.996,0.0,0.0,0.654,0.806,80.4,86.4,0.0,0.0,75.0,R,0.0,84.2,186.8,0.0,0.0,0.0,0.0,377.6,1450.4,370.4,1450.4,379.4,1436.0,379.4,1448.6,0.0,0.0,187.52,2448.5,376.69999999999993,292.49999999999994,103.32000000000001,1.120847222222222,56206.648666666646,13.316831683168317,141.38,149.04,401.0,True,2026-09-23 18:50:08-07:00
581.06,2,9,2026-09-24 01:59:42,36.99065,-121.53078,1604.0,134.6,309.4,-12.5,0.64,E16,6.3,329.8,0.0,0.7,0.9,300.2,141.1,1599.0,0.3,-0.03,1.0,0.0,-52.0,29.0,148.9,29.84,3685.0,324.0,16.0,150.0,0.0,0.0,0.0,312.0,0.0,0.0,5.0,13.0,-89.0,0.0,0.0,0.0,-2.0,0.0,0.0,-54.0,0.0,0.0,0.0,0.0,3.0,1.0,0.0,1200.0,80.0,86.0,2450.0,2451.0,25.4,10.1,0.0,10.1,23.6,0.0,0.0,40.3,0.0,0.0,5.9,45.3,39.6,0.0,0.0,0.0,0.0,192.0,789.0,188.0,788.0,193.0,781.0,193.0,788.0,0.0,0.0,-27.0,0.0,0.0,23.6,8.0,4.996,0.0,0.0,0.654,0.813,80.0,86.3,0.0,0.0,75.0,R,0.0,84.2,186.8,0.0,0.0,0.0,0.0,377.6,1452.2,370.4,1450.4,379.4,1437.8,379.4,1450.4,0.0,0.0,187.33999999999997,2450.5,376.69999999999993,292.49999999999994,103.13999999999997,1.1236527777777776,56433.58966666665,13.326732673267326,141.57999999999998,149.25,401.0,True,2026-09-23 18:50:08-07:00
582.06,2,9,2026-09-24 01:59:43,36.99105,-121.53138,1602.0,134.8,309.6,-12.5,0.65,E16,6.3,329.9,0.0,0.6,0.5,300.3,141.1,1599.0,0.2,-0.02,1.0,0.0,-46.0,29.0,148.9,29.84,3685.0,324.0,16.0,150.0,0.0,0.0,0.0,312.0,0.0,0.0,5.0,13.0,-88.0,0.0,0.0,0.0,-2.0,0.0,0.0,-54.0,0.0,0.0,0.0,0.0,3.0,1.0,0.0,1200.0,80.0,86.0,2453.0,2454.0,25.4,10.1,0.0,10.1,23.6,0.0,0.0,40.3,0.0,0.0,5.9,45.3,39.6,0.0,0.0,0.0,0.0,192.0,789.0,188.0,789.0,193.0,782.0,193.0,789.0,0.0,0.0,-27.0,0.0,0.0,23.6,8.0,4.996,0.0,0.0,0.654,0.811,80.0,86.2,0.0,0.0,75.0,R,0.0,84.2,186.8,0.0,0.0,0.0,0.0,377.6,1452.2,370.4,1452.2,379.4,1439.6,379.4,1452.2,0.0,0.0,187.16000000000003,2453.5,376.69999999999993,292.49999999999994,102.96000000000002,1.1264583333333331,56660.78366666665,13.346534653465348,141.57999999999998,149.25,401.0,True,2026-09-23 18:50:08-07:00
583.06,2,9,2026-09-24 01:59:44,36.99145,-121.53197,1600.0,134.9,310.0,-12.5,0.66,E16,6.2,330.1,0.0,0.7,0.9,300.4,141.2,1599.0,0.2,-0.01,1.0,0.0,-67.0,29.0,149.0,29.84,3685.0,325.0,16.0,150.0,0.0,0.0,0.0,312.0,0.0,0.0,5.0,13.0,-87.0,0.0,0.0,0.0,-2.0,0.0,0.0,-54.0,0.0,0.0,0.0,0.0,3.0,1.0,0.0,1200.0,80.0,86.0,2454.0,2449.0,25.4,10.1,0.0,10.1,23.6,0.0,0.0,40.3,0.0,0.0,6.0,45.3,39.6,0.0,0.0,0.0,0.0,192.0,789.0,188.0,789.0,193.0,782.0,193.0,788.0,0.0,0.0,-27.0,0.0,0.0,23.6,8.0,4.996,0.0,0.0,0.654,0.803,79.9,86.2,0.0,0.0,75.0,R,0.0,84.2,186.8,0.0,0.0,0.0,0.0,377.6,1452.2,370.4,1452.2,379.4,1439.6,379.4,1450.4,0.0,0.0,187.16000000000003,2451.5,376.69999999999993,292.49999999999994,102.96000000000002,1.1292638888888886,56888.23066666665,13.356435643564357,141.67999999999998,149.36,401.0,True,2026-09-23 18:50:08-07:00
584.06,2,9,2026-09-24 01:59:45,36.99185,-121.53258,1599.0,135.0,310.2,-12.5,0.67,E16,6.2,330.2,0.0,0.8,0.4,300.9,141.2,1599.0,0.4,-0.03,1.0,0.0,-78.0,29.0,149.1,29.84,3685.0,325.0,16.0,150.0,0.0,0.0,0.0,312.0,0.0,0.0,5.0,13.0,-86.0,0.0,0.0,0.0,-2.0,0.0,0.0,-54.0,0.0,0.0,0.0,0.0,3.0,1.0,0.0,1200.0,80.0,86.0,2450.0,2451.0,25.4,10.1,0.0,10.1,23.6,0.0,0.0,40.2,0.0,0.0,6.2,45.3,39.6,0.0,0.0,0.0,0.0,192.0,789.0,188.0,788.0,193.0,782.0,193.0,788.0,0.0,0.0,-27.0,0.0,0.0,23.6,8.0,4.996,0.0,0.0,0.654,0.802,80.3,86.2,0.0,0.0,75.0,R,0.0,84.2,186.8,0.0,0.0,0.0,0.0,377.6,1452.2,370.4,1450.4,379.4,1439.6,379.4,1450.4,0.0,0.0,187.16000000000003,2450.5,376.69999999999993,292.49999999999994,102.96000000000002,1.1320694444444444,57115.84633333331,13.366336633663368,141.67999999999998,149.36,401.0,True,2026-09-23 18:50:08-07:00
585.06,2,9,2026-09-24 01:59:46,36.99225,-121.53317,1598.0,135.1,310.3,-12.5,0.68,E16,6.2,330.3,0.0,0.9,0.6,300.9,141.2,1599.0,0.2,-0.03,1.0,0.0,-87.0,29.0,149.0,29.84,3685.0,325.0,16.0,150.0,0.0,0.0,0.0,312.0,0.0,0.0,5.0,14.0,-86.0,0.0,0.0,0.0,-2.0,0.0,0.0,-54.0,0.0,0.0,0.0,0.0,3.0,1.0,0.0,1200.0,80.0,86.0,2451.0,2454.0,25.4,10.1,0.0,10.1,23.5,0.0,0.0,40.2,0.0,0.0,6.2,45.3,39.6,0.0,0.0,0.0,0.0,193.0,789.0,188.0,789.0,193.0,782.0,193.0,788.0,0.0,0.0,-27.0,0.0,0.0,23.5,8.0,4.996,0.0,0.0,0.654,0.807,79.9,86.4,0.0,0.0,75.0,R,0.0,84.2,186.8,0.0,0.0,0.0,0.0,379.4,1452.2,370.4,1452.2,379.4,1439.6,379.4,1450.4,0.0,0.0,187.52,2452.5,377.15,292.95,103.32000000000001,1.1348749999999999,57343.63066666665,13.376237623762377,141.67999999999998,149.36,401.0,True,2026-09-23 18:50:08-07:00
586.06,2,9,2026-09-24 01:59:47,36.99266,-121.53376,1597.0,135.2,310.6,-12.5,0.69,E16,6.1,330.4,0.0,0.9,1.0,301.3,141.5,1599.0,0.3,-0.03,1.0,0.0,-65.0,29.0,149.3,29.84,3685.0,325.0,16.0,150.0,0.0,0.0,0.0,312.0,0.0,0.0,5.0,14.0,-85.0,0.0,0.0,0.0,-2.0,0.0,0.0,-54.0,0.0,0.0,0.0,0.0,3.0,1.0,0.0,1200.0,80.0,86.0,2454.0,2456.0,25.4,10.1,0.0,10.1,23.6,0.0,0.0,40.2,0.0,0.0,6.5,45.3,39.6,0.0,0.0,0.0,0.0,193.0,789.0,188.0,789.0,193.0,782.0,193.0,788.0,0.0,0.0,-27.0,0.0,0.0,23.6,8.0,4.996,0.0,0.0,0.654,0.809,80.1,86.5,0.0,0.0,75.0,R,0.0,84.2,186.8,0.0,0.0,0.0,0.0,379.4,1452.2,370.4,1452.2,379.4,1439.6,379.4,1450.4,0.0,0.0,187.7,2455.0,377.15,292.95,103.49999999999999,1.1376805555555554,57571.58366666665,13.386138613861386,141.98,149.67,401.0,True,2026-09-23 18:50:08-07:00
587.06,2,9,2026-09-24 01:59:48,36.99307,-121.53436,1596.0,135.2,310.9,-12.5,0.7,E16,6.1,330.5,0.0,0.8,0.9,301.4,141.4,1597.0,0.3,-0.03,1.0,0.0,-76.0,29.0,149.3,29.84,3686.0,326.0,16.0,150.0,0.0,0.0,0.0,312.0,0.0,0.0,5.0,14.0,-84.0,0.0,0.0,0.0,-2.0,0.0,0.0,-54.0,0.0,0.0,0.0,0.0,3.0,1.0,0.0,1200.0,80.0,86.0,2453.0,2451.0,25.4,10.1,0.0,10.1,23.5,0.0,0.0,40.2,0.0,0.0,7.2,45.3,39.6,0.0,0.0,0.0,0.0,193.0,789.0,188.0,789.0,193.0,782.0,193.0,789.0,0.0,0.0,-27.0,0.0,0.0,23.5,8.0,4.996,0.0,0.0,0.654,0.803,79.7,86.4,0.0,0.0,75.0,R,0.0,84.2,186.8,0.0,0.0,0.0,0.0,379.4,1452.2,370.4,1452.2,379.4,1439.6,379.4,1452.2,0.0,0.0,187.52,2452.0,377.15,292.95,103.32000000000001,1.1404861111111109,57799.620999999985,13.386138613861386,141.88,149.56,401.0,True,2026-09-23 18:50:08-07:00
588.06,2,9,2026-09-24 01:59:49,36.99348,-121.53494,1595.0,135.3,311.2,-12.5,0.7,E16,6.1,330.6,0.0,0.7,0.9,301.5,141.6,1597.0,0.3,-0.03,1.0,0.0,-58.0,29.0,149.5,29.84,3686.0,326.0,16.0,150.0,0.0,0.0,0.0,312.0,0.0,0.0,5.0,14.0,-84.0,0.0,0.0,0.0,-2.0,0.0,0.0,-54.0,0.0,0.0,0.0,0.0,3.0,1.0,0.0,1200.0,80.0,86.0,2454.0,2451.0,25.4,10.1,0.0,10.1,23.6,0.0,0.0,40.2,0.0,0.0,7.7,45.3,39.6,0.0,0.0,0.0,0.0,193.0,789.0,188.0,790.0,193.0,782.0,193.0,789.0,0.0,0.0,-27.0,0.0,0.0,23.6,8.0,4.996,0.0,0.0,0.654,0.807,80.1,86.4,0.0,0.0,75.0,R,0.0,84.2,186.8,0.0,0.0,0.0,0.0,379.4,1452.2,370.4,1454.0,379.4,1439.6,379.4,1452.2,0.0,0.0,187.52,2452.5,377.15,292.95,103.32000000000001,1.1432916666666666,58027.74266666665,13.396039603960398,142.07999999999998,149.77,401.0,True,2026-09-23 18:50:08-07:00
589.06,2,9,2026-09-24 01:59:50,36.99389,-121.53553,1594.0,135.3,311.4,-12.5,0.71,E16,6.0,330.8,0.0,0.8,0.9,301.8,141.5,1596.0,0.3,-0.03,1.0,0.0,-41.0,29.0,149.4,29.84,3686.0,326.0,16.0,150.0,0.0,0.0,0.0,312.0,0.0,0.0,5.0,14.0,-83.0,0.0,0.0,0.0,-2.0,0.0,0.0,-54.0,0.0,0.0,0.0,0.0,3.0,1.0,0.0,1200.0,80.0,86.0,2453.0,2453.0,25.4,10.1,0.0,10.1,23.5,0.0,0.0,40.2,0.0,0.0,7.3,45.3,39.6,0.0,0.0,0.0,0.0,192.0,789.0,188.0,790.0,193.0,782.0,193.0,789.0,0.0,0.0,-27.0,0.0,0.0,23.5,8.0,4.996,0.0,0.0,0.654,0.813,80.3,86.3,0.0,0.0,75.0,R,0.0,84.2,186.8,0.0,0.0,0.0,0.0,377.6,1452.2,370.4,1454.0,379.4,1439.6,379.4,1452.2,0.0,0.0,187.33999999999997,2453.0,376.69999999999993,292.49999999999994,103.13999999999997,1.146097222222222,58255.94866666665,13.396039603960398,141.98,149.67,401.0,True,2026-09-23 18:50:08-07:00
590.06,2,9,2026-09-24 01:59:51,36.99431,-121.53612,1593.0,135.4,311.7,-12.5,0.72,E16,6.0,330.9,0.0,0.7,0.7,301.9,141.7,1595.0,0.3,-0.02,1.0,0.0,-56.0,30.0,149.6,29.84,3683.0,326.0,16.0,150.0,0.0,0.0,0.0,312.0,0.0,0.0,5.0,14.0,-82.0,0.0,0.0,0.0,-2.0,0.0,0.0,-54.0,0.0,0.0,0.0,0.0,3.0,1.0,0.0,1200.0,80.0,86.0,2460.0,2459.0,25.4,10.1,0.0,10.1,23.5,0.0,0.0,40.2,0.0,0.0,6.9,45.3,39.6,0.0,0.0,0.0,0.0,193.0,788.0,189.0,790.0,194.0,781.0,194.0,789.0,0.0,0.0,-27.0,0.0,0.0,23.5,8.0,4.996,0.0,0.0,0.654,0.806,80.0,86.4,0.0,0.0,75.0,R,0.0,86.0,186.8,0.0,0.0,0.0,0.0,379.4,1450.4,372.2,1454.0,381.2,1437.8,381.2,1452.2,0.0,0.0,187.52,2459.5,378.5,292.5,101.52000000000001,1.1489027777777776,58484.23899999998,13.405940594059407,142.17999999999998,150.12,401.0,True,2026-09-23 18:50:08-07:00
591.06,2,9,2026-09-24 01:59:52,36.99473,-121.5367,1592.0,135.4,311.9,-12.5,0.73,E16,6.0,331.0,0.0,0.7,0.7,302.0,142.0,1594.0,0.3,-0.02,1.0,0.0,-60.0,30.0,149.8,29.84,3683.0,326.0,16.0,150.0,0.0,0.0,0.0,312.0,0.0,0.0,5.0,15.0,-82.0,0.0,0.0,0.0,-2.0,0.0,0.0,-54.0,0.0,0.0,0.0,0.0,3.0,1.0,0.0,1200.0,80.0,86.0,2454.0,2454.0,25.4,10.1,0.0,10.1,23.6,0.0,0.0,40.2,0.0,0.0,6.4,45.3,39.6,0.0,0.0,0.0,0.0,193.0,787.0,189.0,790.0,194.0,782.0,194.0,788.0,0.0,0.0,-27.0,0.0,0.0,23.6,8.0,4.996,0.0,0.0,0.654,0.801,80.3,86.3,0.0,0.0,75.0,R,0.0,86.0,186.8,0.0,0.0,0.0,0.0,379.4,1448.6,372.2,1454.0,381.2,1439.6,381.2,1450.4,0.0,0.0,187.33999999999997,2454.0,378.5,292.5,101.33999999999997,1.1517083333333331,58712.61366666665,13.405940594059407,142.48,150.44,401.0,True,2026-09-23 18:50:08-07:00
592.06,2,9,2026-09-24 01:59:53,36.99515,-121.53728,1590.0,135.4,312.2,-12.5,0.74,E16,5.9,331.1,0.0,0.6,1.0,302.3,141.8,1594.0,0.3,-0.02,1.0,0.0,-50.0,30.0,149.6,29.84,3683.0,326.0,16.0,150.0,0.0,0.0,0.0,312.0,0.0,0.0,5.0,15.0,-81.0,0.0,0.0,0.0,-2.0,0.0,0.0,-54.0,0.0,0.0,0.0,0.0,3.0,1.0,0.0,1200.0,80.0,86.0,2458.0,2454.0,25.4,10.1,0.0,10.1,23.7,0.0,0.0,40.2,0.0,0.0,6.2,45.3,39.6,0.0,0.0,0.0,0.0,193.0,789.0,189.0,790.0,193.0,782.0,194.0,789.0,0.0,0.0,-27.0,0.0,0.0,23.7,8.0,4.996,0.0,0.0,0.654,0.809,80.4,86.2,0.0,0.0,75.0,R,0.0,86.0,186.8,0.0,0.0,0.0,0.0,379.4,1452.2,372.2,1454.0,379.4,1439.6,381.2,1452.2,0.0,0.0,187.16000000000003,2456.0,378.04999999999995,292.04999999999995,101.16000000000003,1.1545138888888886,58940.98833333331,13.405940594059407,142.28,150.22,401.0,True,2026-09-23 18:50:08-07:00
593.06,2,9,2026-09-24 01:59:54,36.99557,-121.53786,1587.0,135.5,312.5,-12.5,0.74,E16,5.9,331.2,0.0,0.7,1.2,302.8,142.4,1590.0,0.4,-0.02,1.0,0.0,-89.0,30.0,150.3,29.84,3687.0,326.0,16.0,150.0,0.0,0.0,0.0,312.0,0.0,0.0,5.0,15.0,-80.0,0.0,0.0,0.0,-2.0,0.0,0.0,-54.0,0.0,0.0,0.0,0.0,3.0,1.0,0.0,1200.0,80.0,86.0,2454.0,2454.0,25.4,10.1,0.0,10.1,23.5,0.0,0.0,40.2,0.0,0.0,6.2,45.3,39.6,0.0,0.0,0.0,0.0,193.0,788.0,189.0,789.0,193.0,782.0,194.0,788.0,0.0,0.0,-27.0,0.0,0.0,23.5,8.0,4.996,0.0,0.0,0.654,0.808,79.9,86.1,0.0,0.0,76.0,R,0.0,86.0,186.8,0.0,0.0,0.0,0.0,379.4,1450.4,372.2,1452.2,379.4,1439.6,381.2,1450.4,0.0,0.0,186.98,2454.0,378.04999999999995,292.04999999999995,100.97999999999999,1.1573194444444443,59169.447333333315,13.415841584158416,142.88,150.85,401.0,True,2026-09-23 18:50:08-07:00
594.06,2,9,2026-09-24 01:59:55,36.99599,-121.53844,1585.0,135.5,312.7,-12.5,0.75,E16,5.8,331.4,0.0,0.6,0.2,302.7,142.5,1590.0,0.2,-0.03,1.0,0.0,-68.0,30.0,150.4,29.84,3687.0,326.0,16.0,150.0,0.0,0.0,0.0,312.0,0.0,0.0,5.0,15.0,-80.0,0.0,0.0,0.0,-2.0,0.0,0.0,-54.0,0.0,0.0,0.0,0.0,3.0,1.0,0.0,1200.0,80.0,86.0,2456.0,2457.0,25.4,10.1,0.0,10.1,23.5,0.0,0.0,40.2,0.0,0.0,6.3,45.3,39.6,0.0,0.0,0.0,0.0,193.0,788.0,189.0,790.0,193.0,783.0,194.0,789.0,0.0,0.0,-27.0,0.0,0.0,23.5,8.0,4.996,0.0,0.0,0.654,0.819,80.1,86.1,0.0,0.0,75.0,R,0.0,86.0,186.8,0.0,0.0,0.0,0.0,379.4,1450.4,372.2,1454.0,379.4,1441.4,381.2,1452.2,0.0,0.0,186.98,2456.5,378.04999999999995,292.04999999999995,100.97999999999999,1.1601249999999999,59397.99066666665,13.415841584158416,142.98,150.95,401.0,True,2026-09-23 18:50:08-07:00
595.06,2,9,2026-09-24 01:59:56,36.99642,-121.53901,1583.0,135.5,312.9,-12.5,0.76,E16,5.8,331.5,0.0,0.4,1.1,302.9,142.6,1589.0,0.3,-0.03,1.0,0.0,-79.0,30.0,150.5,29.84,3687.0,326.0,16.0,150.0,0.0,0.0,0.0,312.0,0.0,0.0,5.0,15.0,-79.0,0.0,0.0,0.0,-2.0,0.0,0.0,-54.0,0.0,0.0,0.0,0.0,3.0,1.0,0.0,1200.0,80.0,86.0,2457.0,2461.0,25.4,10.1,0.0,10.1,23.6,0.0,0.0,40.2,0.0,0.0,6.3,45.3,39.6,0.0,0.0,0.0,0.0,193.0,789.0,189.0,790.0,194.0,783.0,194.0,789.0,0.0,0.0,-27.0,0.0,0.0,23.6,8.0,4.996,0.0,0.0,0.654,0.811,80.0,86.3,0.0,0.0,75.0,R,0.0,86.0,186.8,0.0,0.0,0.0,0.0,379.4,1452.2,372.2,1454.0,381.2,1441.4,381.2,1452.2,0.0,0.0,187.33999999999997,2459.0,378.5,292.5,101.33999999999997,1.1629305555555554,59626.533999999985,13.415841584158416,143.07999999999998,151.06,401.0,True,2026-09-23 18:50:08-07:00
596.06,2,9,2026-09-24 01:59:57,36.99685,-121.53958,1581.0,135.6,313.1,-12.5,0.76,E16,5.8,331.6,0.0,0.3,1.3,303.3,142.4,1588.0,0.4,-0.03,1.0,0.0,-74.0,30.0,150.3,29.84,3684.0,326.0,16.0,150.0,0.0,0.0,0.0,312.0,0.0,0.0,5.0,15.0,-78.0,0.0,0.0,0.0,-2.0,0.0,0.0,-54.0,0.0,0.0,0.0,0.0,3.0,1.0,0.0,1200.0,80.0,86.0,2453.0,2453.0,25.4,10.1,0.0,10.1,23.5,0.0,0.0,40.2,0.0,0.0,6.0,45.3,39.6,0.0,0.0,0.0,0.0,193.0,788.0,189.0,789.0,194.0,782.0,194.0,788.0,0.0,0.0,-27.0,0.0,0.0,23.5,8.0,4.996,0.0,0.0,0.654,0.813,80.1,86.3,0.0,0.0,75.0,R,0.0,86.0,186.8,0.0,0.0,0.0,0.0,379.4,1450.4,372.2,1452.2,381.2,1439.6,381.2,1450.4,0.0,0.0,187.33999999999997,2453.0,378.5,292.5,101.33999999999997,1.1657361111111109,59855.16166666665,13.425742574257425,142.88,150.84,401.0,True,2026-09-23 18:50:08-07:00
597.06,2,9,2026-09-24 01:59:58,36.99728,-121.54015,1579.0,135.6,313.5,-12.5,0.77,E16,5.7,331.7,0.0,0.5,2.0,303.6,142.3,1586.0,0.3,-0.02,1.0,0.0,-80.0,30.0,150.2,29.84,3684.0,326.0,16.0,150.0,0.0,0.0,0.0,312.0,0.0,0.0,5.0,15.0,-78.0,0.0,0.0,0.0,-2.0,0.0,0.0,-54.0,0.0,0.0,0.0,0.0,3.0,1.0,0.0,1200.0,80.0,86.0,2451.0,2451.0,25.4,10.1,0.0,10.1,23.4,0.0,0.0,40.2,0.0,0.0,6.0,45.3,39.6,0.0,0.0,0.0,0.0,193.0,787.0,189.0,789.0,194.0,782.0,194.0,788.0,0.0,0.0,-27.0,0.0,0.0,23.4,8.0,4.996,0.0,0.0,0.654,0.818,80.1,86.2,0.0,0.0,75.0,R,0.0,86.0,186.8,0.0,0.0,0.0,0.0,379.4,1448.6,372.2,1452.2,381.2,1439.6,381.2,1450.4,0.0,0.0,187.16000000000003,2451.0,378.5,292.5,101.16000000000003,1.1685416666666666,60083.87366666665,13.425742574257425,142.78,150.73,401.0,True,2026-09-23 18:50:08-07:00
598.06,2,9,2026-09-24 01:59:59,36.99771,-121.54072,1576.0,135.7,313.9,-12.5,0.78,E16,5.7,331.8,0.0,0.5,2.3,304.3,142.4,1584.0,0.4,-0.03,1.0,0.0,-105.0,30.0,150.2,29.84,3684.0,326.0,16.0,150.0,0.0,0.0,0.0,312.0,0.0,0.0,5.0,16.0,-77.0,0.0,0.0,0.0,-2.0,0.0,0.0,-54.0,0.0,0.0,0.0,0.0,3.0,1.0,0.0,1200.0,80.0,86.0,2454.0,2454.0,25.4,10.3,0.0,10.3,23.4,0.0,0.0,40.2,0.0,0.0,6.0,45.3,39.6,0.0,0.0,0.0,0.0,193.0,784.0,189.0,786.0,194.0,778.0,194.0,784.0,0.0,0.0,-27.0,0.0,0.0,23.4,8.0,4.996,0.0,0.0,0.654,0.817,80.2,86.2,0.0,0.0,75.0,R,0.0,86.0,186.8,0.0,0.0,0.0,0.0,379.4,1443.2,372.2,1446.8,381.2,1432.4,381.2,1443.2,0.0,0.0,187.16000000000003,2454.0,378.5,292.5,101.16000000000003,1.1713749999999998,60312.669999999984,13.174757281553395,142.88,150.83,401.0,True,2026-09-23 18:50:08-07:00
599.06,2,9,2026-09-24 02:00:00,36.99815,-121.54128,1573.0,135.9,314.4,-12.5,0.78,E16,5.7,331.9,0.0,0.4,2.2,304.6,142.7,1580.0,0.4,-0.02,1.0,0.0,-140.0,30.0,150.6,29.84,3675.0,326.0,16.0,150.0,0.0,0.0,0.0,312.0,0.0,0.0,5.0,16.0,-77.0,0.0,0.0,0.0,-2.0,0.0,0.0,-54.0,0.0,0.0,0.0,0.0,3.0,1.0,0.0,1200.0,80.0,86.0,2457.0,2454.0,25.4,10.4,0.0,10.4,23.5,0.0,0.0,40.2,0.0,0.0,6.1,45.3,39.6,0.0,0.0,0.0,0.0,193.0,780.0,189.0,782.0,194.0,774.0,194.0,780.0,0.0,0.0,-27.0,0.0,0.0,23.5,8.0,4.996,0.0,0.0,0.654,0.804,80.0,86.2,0.0,0.0,75.0,R,0.0,86.0,186.8,0.0,0.0,0.0,0.0,379.4,1436.0,372.2,1439.6,381.2,1425.2,381.2,1436.0,0.0,0.0,187.16000000000003,2455.5,378.5,292.5,101.16000000000003,1.1742499999999998,60541.71933333331,13.067307692307692,143.17999999999998,151.14,401.0,True,2026-09-23 18:50:08-07:00
600.06,2,9,2026-09-24 02:00:01,36.9986,-121.54184,1569.0,136.0,314.9,-12.5,0.79,E16,5.6,332.1,0.0,0.3,2.3,304.9,143.0,1577.0,0.4,-0.02,1.0,0.0,-150.0,30.0,150.9,29.84,3675.0,326.0,16.0,150.0,0.0,0.0,0.0,312.0,0.0,0.0,5.0,16.0,-76.0,0.0,0.0,0.0,-2.0,0.0,0.0,-54.0,0.0,0.0,0.0,0.0,3.0,1.0,0.0,1200.0,81.0,86.0,2453.0,2454.0,25.4,10.4,0.0,10.4,23.5,0.0,0.0,40.2,0.0,0.0,6.2,45.3,39.6,0.0,0.0,0.0,0.0,193.0,778.0,189.0,780.0,194.0,771.0,194.0,778.0,0.0,0.0,-27.0,0.0,0.0,23.5,8.0,4.996,0.0,0.0,0.654,0.815,80.6,86.3,0.0,0.0,75.0,R,0.0,86.0,186.8,0.0,0.0,0.0,0.0,379.4,1432.4,372.2,1436.0,381.2,1419.8,381.2,1432.4,0.0,0.0,187.33999999999997,2453.5,378.5,292.5,101.33999999999997,1.1771388888888887,60771.021666666646,13.076923076923077,143.48,151.44,401.0,True,2026-09-23 18:50:08-07:00
601.06,2,9,2026-09-24 02:00:02,36.99904,-121.5424,1565.0,136.1,315.3,-12.5,0.8,E16,5.6,332.2,0.0,0.1,2.5,305.5,143.3,1573.0,0.6,-0.03,1.0,0.0,-191.0,30.0,151.2,29.84,3675.0,326.0,16.0,150.0,0.0,0.0,0.0,312.0,0.0,0.0,5.0,16.0,-76.0,0.0,0.0,0.0,-3.0,0.0,0.0,-54.0,0.0,0.0,0.0,0.0,3.0,1.0,0.0,1200.0,80.0,86.0,2457.0,2454.0,25.4,10.5,0.0,10.5,23.5,0.0,0.0,40.2,0.0,0.0,6.0,45.3,39.6,0.0,0.0,0.0,0.0,193.0,777.0,189.0,777.0,194.0,768.0,194.0,775.0,0.0,0.0,-27.0,0.0,0.0,23.5,8.0,4.996,0.0,0.0,0.654,0.814,80.2,86.4,0.0,0.0,76.0,R,0.0,86.0,186.8,0.0,0.0,0.0,0.0,379.4,1430.6,372.2,1430.6,381.2,1414.4,381.2,1427.0,0.0,0.0,187.52,2455.5,378.5,292.5,101.52000000000001,1.1800416666666664,61000.49266666665,12.961904761904762,143.78,151.75,401.0,True,2026-09-23 18:50:08-07:00
602.06,2,9,2026-09-24 02:00:03,36.99949,-121.54295,1561.0,136.3,315.7,-12.5,0.8,E16,5.6,332.3,0.0,0.2,0.8,305.7,143.3,1569.0,0.4,-0.02,1.0,0.0,-206.0,30.0,151.2,29.84,3672.0,326.0,16.0,150.0,0.0,0.0,0.0,312.0,0.0,0.0,5.0,16.0,-76.0,0.0,0.0,0.0,-3.0,0.0,0.0,-54.0,0.0,0.0,0.0,0.0,3.0,1.0,0.0,1200.0,80.0,86.0,2453.0,2452.0,25.4,10.6,0.0,10.6,23.5,0.0,0.0,40.2,0.0,0.0,5.9,45.3,39.6,0.0,0.0,0.0,0.0,193.0,775.0,189.0,776.0,194.0,767.0,194.0,774.0,0.0,0.0,-27.0,0.0,0.0,23.5,8.0,4.996,0.0,0.0,0.654,0.814,80.1,86.2,0.0,0.0,76.0,R,0.0,86.0,186.8,0.0,0.0,0.0,0.0,379.4,1427.0,372.2,1428.8,381.2,1412.6,381.2,1425.2,0.0,0.0,187.16000000000003,2452.5,378.5,292.5,101.16000000000003,1.182972222222222,61230.216666666645,12.858490566037737,143.78,151.74,401.0,True,2026-09-23 18:50:08-07:00
603.06,2,9,2026-09-24 02:00:04,36.99995,-121.5435,1555.0,136.4,316.0,-12.5,0.81,E16,5.5,332.4,0.0,0.1,-0.8,305.7,143.7,1566.0,0.3,-0.03,1.0,0.0,-223.0,30.0,151.6,29.84,3672.0,326.0,16.0,150.0,0.0,0.0,0.0,312.0,0.0,0.0,5.0,16.0,-75.0,0.0,0.0,0.0,-3.0,0.0,0.0,-54.0,0.0,0.0,0.0,0.0,3.0,1.0,0.0,1200.0,80.0,86.0,2457.0,2456.0,25.4,10.6,0.0,10.6,23.5,0.0,0.0,40.2,0.0,0.0,6.1,45.3,39.6,0.0,0.0,0.0,0.0,193.0,773.0,189.0,773.0,194.0,766.0,194.0,772.0,0.0,0.0,-27.0,0.0,0.0,23.5,8.0,4.996,0.0,0.0,0.654,0.819,79.8,86.2,0.0,0.0,76.0,R,0.0,86.0,186.8,0.0,0.0,0.0,0.0,379.4,1423.4,372.2,1423.4,381.2,1410.8,381.2,1421.6,0.0,0.0,187.16000000000003,2456.5,378.5,292.5,101.16000000000003,1.1859166666666665,61460.19366666665,12.867924528301888,144.17999999999998,152.15,401.0,True,2026-09-23 18:50:08-07:00
604.06,2,9,2026-09-24 02:00:05,37.0004,-121.54404,1550.0,136.6,316.0,-12.5,0.81,E16,5.5,332.5,0.0,0.2,-1.6,305.5,143.7,1561.0,0.0,-0.02,1.0,0.0,-245.0,30.0,151.7,29.84,3669.0,326.0,16.0,150.0,0.0,0.0,0.0,312.0,0.0,0.0,5.0,16.0,-75.0,0.0,0.0,0.0,-3.0,0.0,0.0,-54.0,0.0,0.0,0.0,0.0,3.0,1.0,0.0,1200.0,80.0,86.0,2459.0,2458.0,25.4,10.6,0.0,10.6,23.5,0.0,0.0,40.2,0.0,0.0,6.2,45.3,39.6,0.0,0.0,0.0,0.0,193.0,772.0,189.0,772.0,194.0,764.0,194.0,770.0,0.0,0.0,-27.0,0.0,0.0,23.5,8.0,4.996,0.0,0.0,0.654,0.826,79.9,86.2,0.0,0.0,76.0,R,0.0,86.0,186.8,0.0,0.0,0.0,0.0,379.4,1421.6,372.2,1421.6,381.2,1407.2,381.2,1418.0,0.0,0.0,187.16000000000003,2458.5,378.5,292.5,101.16000000000003,1.188861111111111,61690.42366666665,12.88679245283019,144.17999999999998,152.14,401.0,True,2026-09-23 18:50:08-07:00
605.06,2,9,2026-09-24 02:00:06,37.00086,-121.54459,1545.0,136.7,316.0,-12.5,0.82,E16,5.4,332.6,0.0,0.3,-1.7,305.4,144.0,1558.0,0.0,-0.03,1.0,0.0,-225.0,30.0,152.0,29.84,3665.0,326.0,16.0,150.0,0.0,0.0,0.0,312.0,0.0,0.0,5.0,16.0,-74.0,0.0,0.0,0.0,-3.0,0.0,0.0,-54.0,0.0,0.0,0.0,0.0,3.0,1.0,0.0,1200.0,80.0,86.0,2455.0,2457.0,25.4,10.7,0.0,10.7,23.5,0.0,0.0,40.2,0.0,0.0,6.3,45.3,39.6,0.0,0.0,0.0,0.0,193.0,770.0,189.0,770.0,194.0,763.0,194.0,769.0,0.0,0.0,-27.0,0.0,0.0,23.5,8.0,4.996,0.0,0.0,0.654,0.825,79.9,86.3,0.0,0.0,76.0,R,0.0,86.0,186.8,0.0,0.0,0.0,0.0,379.4,1418.0,372.2,1418.0,381.2,1405.4,381.2,1416.2,0.0,0.0,187.33999999999997,2456.0,378.5,292.5,101.33999999999997,1.1918194444444443,61920.90666666665,12.775700934579438,144.48,152.45,401.0,True,2026-09-23 18:50:08-07:00
606.06,2,9,2026-09-24 02:00:07,37.00132,-121.54514,1541.0,136.8,315.9,-12.5,0.82,E16,5.4,332.7,0.0,0.4,-1.9,305.4,144.0,1553.0,-0.0,-0.03,1.0,0.0,-228.0,30.0,151.9,29.84,3660.0,326.0,16.0,150.0,0.0,0.0,0.0,312.0,0.0,0.0,5.0,16.0,-74.0,0.0,0.0,0.0,-3.0,0.0,0.0,-54.0,0.0,0.0,0.0,0.0,3.0,1.0,0.0,1200.0,80.0,86.0,2450.0,2452.0,25.4,10.7,0.0,10.7,23.4,0.0,0.0,40.2,0.0,0.0,6.1,45.3,39.6,0.0,0.0,0.0,0.0,194.0,769.0,189.0,769.0,194.0,762.0,195.0,768.0,0.0,0.0,-27.0,0.0,0.0,23.4,8.0,4.996,0.0,0.0,0.654,0.818,80.1,86.4,0.0,0.0,76.0,R,0.0,86.0,186.8,0.0,0.0,0.0,0.0,381.2,1416.2,372.2,1416.2,381.2,1403.6,383.0,1414.4,0.0,0.0,187.52,2451.0,379.40000000000003,293.40000000000003,101.52000000000001,1.1947916666666665,62151.55833333331,12.785046728971965,144.48,152.43,401.0,True,2026-09-23 18:50:08-07:00
607.06,2,9,2026-09-24 02:00:08,37.00177,-121.54569,1537.0,136.8,315.9,-12.5,0.83,E16,5.4,332.8,0.0,0.5,-1.9,305.3,144.0,1551.0,-0.0,-0.03,1.0,0.0,-202.0,30.0,151.9,29.84,3657.0,325.0,16.0,150.0,0.0,0.0,0.0,312.0,0.0,0.0,5.0,17.0,-74.0,0.0,0.0,0.0,-3.0,0.0,0.0,-54.0,0.0,0.0,0.0,0.0,3.0,1.0,0.0,1200.0,80.0,86.0,2459.0,2460.0,25.4,10.7,0.0,10.7,23.5,0.0,0.0,40.2,0.0,0.0,6.0,45.3,39.6,0.0,0.0,0.0,0.0,193.0,769.0,189.0,768.0,194.0,761.0,195.0,768.0,0.0,0.0,-27.0,0.0,0.0,23.5,8.0,4.996,0.0,0.0,0.654,0.814,80.1,86.2,0.0,0.0,76.0,R,0.0,86.0,186.8,0.0,0.0,0.0,0.0,379.4,1416.2,372.2,1414.4,381.2,1401.8,383.0,1414.4,0.0,0.0,187.16000000000003,2459.5,378.95000000000005,292.95000000000005,101.16000000000003,1.1977638888888886,62382.29433333332,12.785046728971965,144.48,152.43,401.0,True,2026-09-23 18:50:08-07:00
608.06,2,9,2026-09-24 02:00:09,37.00222,-121.54624,1531.0,136.8,315.8,-12.5,0.84,E16,5.3,333.0,0.0,0.6,-1.7,305.2,144.1,1548.0,-0.0,-0.03,1.1,0.0,-198.0,30.0,152.0,29.84,3655.0,325.0,16.0,150.0,0.0,0.0,0.0,312.0,0.0,0.0,5.0,17.0,-73.0,0.0,0.0,0.0,-3.0,0.0,0.0,-54.0,0.0,0.0,0.0,0.0,3.0,1.0,0.0,1200.0,80.0,86.0,2456.0,2455.0,25.4,10.7,0.0,10.7,23.5,0.0,0.0,40.2,0.0,0.0,6.0,45.3,39.6,0.0,0.0,0.0,0.0,193.0,768.0,189.0,768.0,194.0,761.0,195.0,768.0,0.0,0.0,-27.0,0.0,0.0,23.5,8.0,4.996,0.0,0.0,0.654,0.808,80.1,86.2,0.0,0.0,76.0,R,0.0,86.0,186.8,0.0,0.0,0.0,0.0,379.4,1414.4,372.2,1414.4,381.2,1401.8,383.0,1414.4,0.0,0.0,187.16000000000003,2455.5,378.95000000000005,292.95000000000005,101.16000000000003,1.200736111111111,62613.030333333314,12.785046728971965,144.57999999999998,152.52,401.0,True,2026-09-23 18:50:08-07:00
609.06,2,9,2026-09-24 02:00:10,37.00267,-121.5468,1530.0,136.7,315.7,-12.5,0.84,E16,5.3,333.1,0.0,1.1,-1.9,305.0,143.9,1544.0,-0.0,-0.03,1.1,0.0,-201.0,30.0,151.8,29.84,3655.0,325.0,16.0,150.0,0.0,0.0,0.0,312.0,0.0,0.0,5.0,17.0,-73.0,0.0,0.0,0.0,-3.0,0.0,0.0,-54.0,0.0,0.0,0.0,0.0,3.0,1.0,0.0,1200.0,81.0,86.0,2458.0,2457.0,25.4,10.7,0.0,10.7,23.5,0.0,0.0,40.2,0.0,0.0,6.1,45.3,39.6,0.0,0.0,0.0,0.0,193.0,768.0,189.0,767.0,194.0,760.0,195.0,766.0,0.0,0.0,-27.0,0.0,0.0,23.5,8.0,4.996,0.0,0.0,0.654,0.812,80.5,86.2,0.0,0.0,76.0,R,0.0,86.0,186.8,0.0,0.0,0.0,0.0,379.4,1414.4,372.2,1412.6,381.2,1400.0,383.0,1410.8,0.0,0.0,187.16000000000003,2457.5,378.95000000000005,292.95000000000005,101.16000000000003,1.2037083333333332,62843.68199999998,12.775700934579438,144.38,152.3,401.0,True,2026-09-23 18:50:08-07:00
610.06,2,9,2026-09-24 02:00:11,37.00313,-121.54735,1530.0,136.5,315.6,-12.5,0.85,E16,5.3,333.2,0.0,1.2,-2.7,304.6,143.7,1544.0,-0.2,-0.02,1.0,0.0,-116.0,30.0,151.5,29.84,3655.0,325.0,16.0,150.0,0.0,0.0,0.0,312.0,0.0,0.0,5.0,17.0,-72.0,0.0,0.0,0.0,-3.0,0.0,0.0,-54.0,0.0,0.0,0.0,0.0,3.0,1.0,0.0,1200.0,80.0,86.0,2449.0,2449.0,25.5,10.7,0.0,10.7,23.5,0.0,0.0,40.2,0.0,0.0,6.3,45.3,39.6,0.0,0.0,0.0,0.0,193.0,766.0,190.0,766.0,194.0,759.0,195.0,765.0,0.0,0.0,-27.0,0.0,0.0,23.5,8.0,4.996,0.0,0.0,0.654,0.815,80.3,86.3,0.0,0.0,76.0,R,0.0,86.0,186.8,0.0,0.0,0.0,0.0,379.4,1410.8,374.0,1410.8,381.2,1398.2,383.0,1409.0,0.0,0.0,187.33999999999997,2449.0,379.4,293.4,101.33999999999997,1.2066805555555553,63074.08066666665,12.757009345794394,144.17999999999998,152.09,401.0,True,2026-09-23 18:50:08-07:00
611.06,2,9,2026-09-24 02:00:12,37.00358,-121.5479,1532.0,136.2,315.4,-12.5,0.85,E16,5.2,333.3,0.0,1.6,-2.6,304.3,143.2,1544.0,-0.2,-0.01,1.0,0.0,-49.0,30.0,151.0,29.84,3649.0,324.0,16.0,150.0,0.0,0.0,0.0,312.0,0.0,0.0,5.0,17.0,-71.0,0.0,0.0,0.0,-3.0,0.0,0.0,-54.0,0.0,0.0,0.0,0.0,3.0,1.0,0.0,1200.0,80.0,86.0,2448.0,2448.0,25.5,10.7,0.0,10.7,23.5,0.0,0.0,40.2,0.0,0.0,6.2,45.3,39.6,0.0,0.0,0.0,0.0,194.0,766.0,190.0,766.0,194.0,759.0,195.0,764.0,0.0,0.0,-27.0,0.0,0.0,23.5,8.0,4.996,0.0,0.0,0.654,0.804,80.1,86.4,0.0,0.0,76.0,R,0.0,86.0,186.8,0.0,0.0,0.0,0.0,381.2,1410.8,374.0,1410.8,381.2,1398.2,383.0,1407.2,0.0,0.0,187.52,2448.0,379.85,293.85,101.52000000000001,1.2096527777777777,63304.057666666646,12.728971962616821,143.67999999999998,151.56,401.0,True,2026-09-23 18:50:08-07:00
612.06,2,9,2026-09-24 02:00:13,37.00403,-121.54845,1535.0,135.8,315.3,-12.5,0.86,E16,5.2,333.5,0.0,1.9,-1.2,304.6,142.6,1544.0,0.1,-0.03,1.0,0.0,-18.0,30.0,150.4,29.84,3649.0,324.0,16.0,150.0,0.0,0.0,0.0,312.0,0.0,0.0,5.0,17.0,-71.0,0.0,0.0,0.0,-2.0,0.0,0.0,-54.0,0.0,0.0,0.0,0.0,3.0,1.0,0.0,1200.0,80.0,86.0,2450.0,2448.0,25.4,10.7,0.0,10.7,23.4,0.0,0.0,40.2,0.0,0.0,6.0,45.3,39.6,0.0,0.0,0.0,0.0,194.0,766.0,190.0,766.0,194.0,759.0,195.0,764.0,0.0,0.0,-28.0,0.0,0.0,23.4,8.0,4.996,0.0,0.0,0.654,0.811,80.3,86.3,0.0,0.0,75.0,R,0.0,86.0,186.8,0.0,0.0,0.0,0.0,381.2,1410.8,374.0,1410.8,381.2,1398.2,383.0,1407.2,0.0,0.0,187.33999999999997,2449.0,379.85,293.85,101.33999999999997,1.2126249999999998,63533.44433333332,12.691588785046731,143.07999999999998,150.93,401.0,True,2026-09-23 18:50:08-07:00
613.06,2,9,2026-09-24 02:00:14,37.00447,-121.549,1539.0,135.2,315.1,-12.5,0.86,E16,5.2,333.6,0.0,2.1,-0.8,305.1,142.0,1544.0,0.2,-0.03,1.0,0.0,68.0,30.0,149.7,29.84,3649.0,324.0,16.0,150.0,0.0,0.0,0.0,312.0,0.0,0.0,5.0,17.0,-70.0,0.0,0.0,0.0,-2.0,0.0,0.0,-54.0,0.0,0.0,0.0,0.0,3.0,1.0,0.0,1200.0,80.0,86.0,2447.0,2447.0,25.4,10.7,0.0,10.7,23.5,0.0,0.0,40.2,0.0,0.0,6.1,45.3,39.6,0.0,0.0,0.0,0.0,194.0,766.0,190.0,766.0,194.0,759.0,195.0,764.0,0.0,0.0,-27.0,0.0,0.0,23.5,8.0,4.996,0.0,0.0,0.654,0.811,79.9,86.2,0.0,0.0,75.0,R,0.0,86.0,186.8,0.0,0.0,0.0,0.0,381.2,1410.8,374.0,1410.8,381.2,1398.2,383.0,1407.2,0.0,0.0,187.16000000000003,2447.0,379.85,293.85,101.16000000000003,1.215597222222222,63761.987666666646,12.63551401869159,142.48,150.3,401.0,True,2026-09-23 18:50:08-07:00
614.06,2,9,2026-09-24 02:00:15,37.00492,-121.54955,1544.0,134.7,315.1,-12.5,0.87,E16,5.1,333.7,0.0,2.4,-1.2,304.8,141.2,1544.0,-0.1,-0.02,1.0,0.0,132.0,30.0,148.9,29.84,3649.0,324.0,16.0,150.0,0.0,0.0,0.0,312.0,0.0,0.0,5.0,17.0,-69.0,0.0,0.0,0.0,-2.0,0.0,0.0,-54.0,0.0,0.0,0.0,0.0,3.0,1.0,0.0,1200.0,80.0,86.0,2444.0,2445.0,25.5,10.7,0.0,10.7,23.5,0.0,0.0,40.2,0.0,0.0,6.2,45.3,39.6,0.0,0.0,0.0,0.0,194.0,766.0,190.0,766.0,194.0,758.0,195.0,764.0,0.0,0.0,-27.0,0.0,0.0,23.5,8.0,4.996,0.0,0.0,0.654,0.812,80.1,86.2,0.0,0.0,75.0,R,0.0,86.0,186.8,0.0,0.0,0.0,0.0,381.2,1410.8,374.0,1410.8,381.2,1396.4,383.0,1407.2,0.0,0.0,187.16000000000003,2444.5,379.85,293.85,101.16000000000003,1.2185694444444444,63989.60333333332,12.588785046728972,141.67999999999998,149.45,401.0,True,2026-09-23 18:50:08-07:00
615.06,2,9,2026-09-24 02:00:16,37.00536,-121.5501,1548.0,134.2,315.2,-12.5,0.87,E16,5.1,333.9,0.0,2.4,-1.0,304.6,140.7,1548.0,-0.1,-0.02,1.0,0.0,198.0,30.0,148.4,29.84,3653.0,324.0,16.0,150.0,0.0,0.0,0.0,312.0,0.0,0.0,5.0,17.0,-68.0,0.0,0.0,0.0,-2.0,0.0,0.0,-54.0,0.0,0.0,0.0,0.0,3.0,1.0,0.0,1200.0,80.0,86.0,2450.0,2450.0,25.5,10.8,0.0,10.8,23.4,0.0,0.0,40.2,0.0,0.0,6.3,45.3,39.6,0.0,0.0,0.0,0.0,194.0,766.0,190.0,766.0,194.0,758.0,195.0,764.0,0.0,0.0,-27.0,0.0,0.0,23.4,8.0,4.996,0.0,0.0,0.654,0.811,80.2,86.3,0.0,0.0,75.0,R,0.0,86.0,186.8,0.0,0.0,0.0,0.0,381.2,1410.8,374.0,1410.8,381.2,1396.4,383.0,1407.2,0.0,0.0,187.33999999999997,2450.0,379.85,293.85,101.33999999999997,1.2215555555555553,64216.375666666645,12.425925925925924,141.17999999999998,148.94,401.0,True,2026-09-23 18:50:08-07:00
616.06,2,9,2026-09-24 02:00:17,37.0058,-121.55064,1553.0,133.7,315.1,-12.5,0.88,E16,5.1,334.0,0.0,2.3,-0.7,304.9,140.3,1553.0,0.1,-0.03,0.9,0.0,231.0,30.0,148.1,29.84,3661.0,324.0,16.0,150.0,0.0,0.0,0.0,312.0,0.0,0.0,5.0,18.0,-67.0,0.0,0.0,0.0,-2.0,0.0,0.0,-54.0,0.0,0.0,0.0,0.0,3.0,1.0,0.0,1200.0,80.0,86.0,2448.0,2445.0,25.4,10.8,0.0,10.8,23.5,0.0,0.0,40.2,0.0,0.0,6.2,45.3,39.6,0.0,0.0,0.0,0.0,194.0,766.0,190.0,765.0,194.0,758.0,195.0,764.0,0.0,0.0,-27.0,0.0,0.0,23.5,8.0,4.996,0.0,0.0,0.654,0.807,80.3,86.5,0.0,0.0,75.0,R,0.0,86.0,186.8,0.0,0.0,0.0,0.0,381.2,1410.8,374.0,1409.0,381.2,1396.4,383.0,1407.2,0.0,0.0,187.7,2446.5,379.85,293.85,101.69999999999999,1.2245555555555554,64442.30466666665,12.379629629629628,140.78,148.53,401.0,True,2026-09-23 18:50:08-07:00
617.06,2,9,2026-09-24 02:00:18,37.00624,-121.55119,1556.0,133.4,315.2,-12.5,0.89,E16,5.0,334.1,0.0,1.9,-1.1,304.7,140.3,1557.0,-0.0,-0.02,0.9,0.0,237.0,30.0,148.0,29.84,3666.0,324.0,16.0,150.0,0.0,0.0,0.0,312.0,0.0,0.0,5.0,18.0,-66.0,0.0,0.0,0.0,-2.0,0.0,0.0,-54.0,0.0,0.0,0.0,0.0,3.0,1.0,0.0,1200.0,80.0,86.0,2450.0,2449.0,25.4,10.8,0.0,10.8,23.5,0.0,0.0,40.2,0.0,0.0,6.0,45.3,39.6,0.0,0.0,0.0,0.0,194.0,765.0,190.0,764.0,194.0,757.0,195.0,763.0,0.0,0.0,-27.0,0.0,0.0,23.5,8.0,4.996,0.0,0.0,0.654,0.8,80.1,86.3,0.0,0.0,75.0,R,0.0,86.0,186.8,0.0,0.0,0.0,0.0,381.2,1409.0,374.0,1407.2,381.2,1394.6,383.0,1405.4,0.0,0.0,187.33999999999997,2449.5,379.85,293.85,101.33999999999997,1.2275555555555553,64667.55899999998,12.351851851851851,140.78,148.54,401.0,True,2026-09-23 18:50:08-07:00
618.06,2,9,2026-09-24 02:00:19,37.00668,-121.55173,1558.0,133.1,315.1,-12.5,0.89,E16,5.0,334.3,0.0,1.6,-1.3,304.8,140.2,1559.0,0.1,-0.02,1.0,0.0,195.0,30.0,147.9,29.84,3669.0,324.0,16.0,150.0,0.0,0.0,0.0,312.0,0.0,0.0,5.0,18.0,-65.0,0.0,0.0,0.0,-2.0,0.0,0.0,-54.0,0.0,0.0,0.0,0.0,3.0,1.0,0.0,1200.0,80.0,86.0,2448.0,2449.0,25.4,10.8,0.0,10.8,23.5,0.0,0.0,40.2,0.0,0.0,6.0,45.3,39.6,0.0,0.0,0.0,0.0,194.0,764.0,190.0,763.0,194.0,755.0,195.0,762.0,0.0,0.0,-27.0,0.0,0.0,23.5,8.0,4.996,0.0,0.0,0.654,0.804,79.7,86.3,0.0,0.0,75.0,R,0.0,86.0,186.8,0.0,0.0,0.0,0.0,381.2,1407.2,374.0,1405.4,381.2,1391.0,383.0,1403.6,0.0,0.0,187.33999999999997,2448.5,379.85,293.85,101.33999999999997,1.2305555555555554,64892.307333333316,12.324074074074073,140.67999999999998,148.44,401.0,True,2026-09-23 18:50:08-07:00
619.06,2,9,2026-09-24 02:00:20,37.00711,-121.55228,1559.0,133.0,315.2,-12.5,0.9,E16,4.9,334.4,0.0,1.3,-1.1,304.5,139.6,1560.0,-0.0,-0.01,0.9,0.0,142.0,30.0,147.3,29.84,3670.0,324.0,16.0,150.0,0.0,0.0,0.0,312.0,0.0,0.0,5.0,18.0,-64.0,0.0,0.0,0.0,-2.0,0.0,0.0,-54.0,0.0,0.0,0.0,0.0,3.0,1.0,0.0,1200.0,80.0,86.0,2448.0,2447.0,25.4,10.7,0.0,10.7,23.5,0.0,0.0,40.1,0.0,0.0,6.2,45.3,39.6,0.0,0.0,0.0,0.0,194.0,764.0,190.0,763.0,194.0,754.0,195.0,762.0,0.0,0.0,-27.0,0.0,0.0,23.5,8.0,4.996,0.0,0.0,0.654,0.802,79.7,86.3,0.0,0.0,75.0,R,0.0,86.0,186.8,0.0,0.0,0.0,0.0,381.2,1407.2,374.0,1405.4,381.2,1389.2,383.0,1403.6,0.0,0.0,187.33999999999997,2447.5,379.85,293.85,101.33999999999997,1.2335416666666665,65116.718333333316,12.429906542056075,140.07999999999998,147.81,401.0,True,2026-09-23 18:50:08-07:00
620.06,2,9,2026-09-24 02:00:21,37.00755,-121.55282,1557.0,133.0,315.2,-12.5,0.9,E16,4.9,334.5,0.0,1.4,-0.9,304.8,139.3,1561.0,0.1,-0.03,1.0,0.0,83.0,30.0,146.9,29.84,3671.0,324.0,16.0,150.0,0.0,0.0,0.0,312.0,0.0,0.0,5.0,18.0,-63.0,0.0,0.0,0.0,-2.0,0.0,0.0,-54.0,0.0,0.0,0.0,0.0,3.0,1.0,0.0,1200.0,80.0,86.0,2447.0,2447.0,25.4,10.7,0.0,10.7,23.5,0.0,0.0,40.1,0.0,0.0,6.3,45.3,39.6,0.0,0.0,0.0,0.0,194.0,765.0,190.0,763.0,194.0,754.0,195.0,761.0,0.0,0.0,-27.0,0.0,0.0,23.5,8.0,4.996,0.0,0.0,0.654,0.804,79.8,86.3,0.0,0.0,75.0,R,0.0,86.0,186.8,0.0,0.0,0.0,0.0,381.2,1409.0,374.0,1405.4,381.2,1389.2,383.0,1401.8,0.0,0.0,187.33999999999997,2447.0,379.85,293.85,101.33999999999997,1.2365138888888887,65341.044999999984,12.429906542056075,139.78,147.5,401.0,True,2026-09-23 18:50:08-07:00
621.06,2,9,2026-09-24 02:00:22,37.00799,-121.55336,1555.0,133.1,315.1,-12.5,0.91,E16,4.9,334.7,0.0,1.3,-1.4,305.0,139.5,1561.0,0.0,-0.02,0.9,0.0,6.0,30.0,147.1,29.84,3671.0,324.0,16.0,150.0,0.0,0.0,0.0,312.0,0.0,0.0,5.0,18.0,-62.0,0.0,0.0,0.0,-2.0,0.0,0.0,-54.0,0.0,0.0,0.0,0.0,3.0,1.0,0.0,1200.0,80.0,86.0,2445.0,2444.0,25.4,10.7,0.0,10.7,23.4,0.0,0.0,40.1,0.0,0.0,6.3,45.3,39.6,0.0,0.0,0.0,0.0,194.0,764.0,190.0,762.0,195.0,754.0,195.0,761.0,0.0,0.0,-27.0,0.0,0.0,23.4,8.0,4.996,0.0,0.0,0.654,0.801,80.1,86.5,0.0,0.0,75.0,R,0.0,86.0,186.8,0.0,0.0,0.0,0.0,381.2,1407.2,374.0,1403.6,383.0,1389.2,383.0,1401.8,0.0,0.0,187.7,2444.5,380.3,294.3,101.69999999999999,1.2394861111111108,65565.45599999998,12.439252336448599,139.98,147.71,401.0,True,2026-09-23 18:50:08-07:00
622.06,2,9,2026-09-24 02:00:23,37.00842,-121.5539,1552.0,133.3,315.1,-12.5,0.91,E16,4.8,334.8,0.0,1.0,-2.4,304.8,139.8,1561.0,-0.1,-0.02,1.0,0.0,-45.0,30.0,147.5,29.84,3671.0,324.0,16.0,150.0,0.0,0.0,0.0,312.0,0.0,0.0,5.0,18.0,-61.0,0.0,0.0,0.0,-3.0,0.0,0.0,-54.0,0.0,0.0,0.0,0.0,3.0,1.0,0.0,1200.0,80.0,86.0,2451.0,2451.0,25.4,10.7,0.0,10.7,23.5,0.0,0.0,40.1,0.0,0.0,6.0,45.3,39.6,0.0,0.0,0.0,0.0,194.0,763.0,190.0,761.0,194.0,753.0,195.0,760.0,0.0,0.0,-27.0,0.0,0.0,23.5,8.0,4.996,0.0,0.0,0.654,0.802,80.1,86.4,0.0,0.0,75.0,R,0.0,86.0,186.8,0.0,0.0,0.0,0.0,381.2,1405.4,374.0,1401.8,381.2,1387.4,383.0,1400.0,0.0,0.0,187.52,2451.0,379.85,293.85,101.52000000000001,1.2424583333333332,65790.11999999998,12.457943925233646,140.28,148.02,401.0,True,2026-09-23 18:50:08-07:00
623.06,2,9,2026-09-24 02:00:24,37.00886,-121.55445,1547.0,133.5,315.0,-12.5,0.92,E16,4.8,335.0,0.0,0.7,-2.1,305.0,140.0,1561.0,-0.0,-0.03,0.9,0.0,-106.0,30.0,147.8,29.84,3681.0,324.0,16.0,150.0,0.0,0.0,0.0,312.0,0.0,0.0,5.0,18.0,-61.0,0.0,0.0,0.0,-2.0,0.0,0.0,-54.0,0.0,0.0,0.0,0.0,3.0,1.0,0.0,1200.0,80.0,86.0,2454.0,2450.0,25.4,10.8,0.0,10.8,23.5,0.0,0.0,40.1,0.0,0.0,6.1,45.3,39.6,0.0,0.0,0.0,0.0,194.0,764.0,190.0,762.0,194.0,753.0,195.0,761.0,0.0,0.0,-27.0,0.0,0.0,23.5,8.0,4.996,0.0,0.0,0.654,0.803,79.9,86.3,0.0,0.0,75.0,R,0.0,86.0,186.8,0.0,0.0,0.0,0.0,381.2,1407.2,374.0,1403.6,381.2,1387.4,383.0,1401.8,0.0,0.0,187.33999999999997,2452.0,379.85,293.85,101.33999999999997,1.2454444444444444,66015.12133333331,12.36111111111111,140.48,148.23,401.0,True,2026-09-23 18:50:08-07:00
624.06,2,9,2026-09-24 02:00:25,37.0093,-121.55499,1541.0,133.8,314.9,-12.5,0.93,E16,4.8,335.1,0.0,0.5,-1.1,304.8,141.0,1557.0,-0.1,-0.01,1.0,0.0,-206.0,30.0,148.8,29.84,3681.0,324.0,16.0,150.0,0.0,0.0,0.0,312.0,0.0,0.0,5.0,19.0,-60.0,0.0,0.0,0.0,-2.0,0.0,0.0,-54.0,0.0,0.0,0.0,0.0,3.0,0.0,0.0,1200.0,80.0,86.0,2455.0,2458.0,25.4,10.8,0.0,10.8,23.5,0.0,0.0,40.1,0.0,0.0,6.2,45.3,39.6,0.0,0.0,0.0,0.0,194.0,764.0,190.0,762.0,194.0,753.0,195.0,761.0,0.0,0.0,-27.0,0.0,0.0,23.5,8.0,4.996,0.0,0.0,0.654,0.8,79.8,86.3,0.0,0.0,75.0,R,0.0,86.0,186.8,0.0,0.0,0.0,0.0,381.2,1407.2,374.0,1403.6,381.2,1387.4,383.0,1401.8,0.0,0.0,187.33999999999997,2456.5,379.85,293.85,101.33999999999997,1.2484444444444442,66240.54433333331,12.38888888888889,141.48,149.28,401.0,True,2026-09-23 18:50:08-07:00
625.06,2,9,2026-09-24 02:00:26,37.00974,-121.55554,1534.0,134.1,315.1,-12.5,0.93,E16,4.7,335.3,0.0,0.3,-1.4,304.7,141.5,1551.0,-0.0,-0.03,1.0,0.0,-263.0,30.0,149.4,29.84,3678.0,324.0,16.0,150.0,0.0,0.0,0.0,312.0,0.0,0.0,5.0,19.0,-60.0,0.0,0.0,0.0,-2.0,0.0,0.0,-54.0,0.0,0.0,0.0,0.0,3.0,1.0,0.0,1200.0,80.0,86.0,2459.0,2458.0,25.4,10.8,0.0,10.8,23.5,0.0,0.0,40.1,0.0,0.0,6.3,45.3,39.6,0.0,0.0,0.0,0.0,194.0,765.0,190.0,763.0,194.0,754.0,195.0,762.0,0.0,0.0,-27.0,0.0,0.0,23.5,8.0,4.996,0.0,0.0,0.654,0.807,80.1,86.3,0.0,0.0,76.0,R,0.0,86.0,186.8,0.0,0.0,0.0,0.0,381.2,1409.0,374.0,1405.4,381.2,1389.2,383.0,1403.6,0.0,0.0,187.33999999999997,2458.5,379.85,293.85,101.33999999999997,1.2514444444444444,66466.47333333331,12.416666666666666,141.98,149.79,401.0,True,2026-09-23 18:50:08-07:00
626.06,2,9,2026-09-24 02:00:27,37.01018,-121.55609,1527.0,134.5,315.0,-12.5,0.94,E16,4.7,335.5,0.0,0.1,-1.0,304.5,141.9,1543.0,0.0,-0.03,1.0,0.0,-351.0,30.0,149.8,29.84,3673.0,324.0,16.0,150.0,0.0,0.0,0.0,312.0,0.0,0.0,5.0,19.0,-60.0,0.0,0.0,0.0,-2.0,0.0,0.0,-54.0,0.0,0.0,0.0,0.0,3.0,1.0,0.0,1200.0,80.0,87.0,2453.0,2454.0,25.4,10.8,0.0,10.8,23.5,0.0,0.0,40.1,0.0,0.0,6.3,45.3,39.6,0.0,0.0,0.0,0.0,194.0,764.0,190.0,762.0,195.0,753.0,195.0,761.0,0.0,0.0,-27.0,0.0,0.0,23.5,8.0,4.996,0.0,0.0,0.654,0.801,80.1,86.5,0.0,0.0,76.0,R,0.0,86.0,188.6,0.0,0.0,0.0,0.0,381.2,1407.2,374.0,1403.6,383.0,1387.4,383.0,1401.8,0.0,0.0,187.7,2453.5,380.3,294.3,101.69999999999999,1.2544444444444443,66692.99266666664,12.453703703703702,142.38,150.19,401.0,True,2026-09-23 18:50:08-07:00
627.06,2,9,2026-09-24 02:00:28,37.01062,-121.55664,1521.0,134.7,315.1,-12.5,0.94,E16,4.7,335.6,0.0,0.0,-0.7,304.5,142.2,1539.0,0.2,-0.03,1.0,0.0,-312.0,30.0,150.0,29.84,3663.0,324.0,16.0,150.0,0.0,0.0,0.0,312.0,0.0,0.0,5.0,19.0,-60.0,0.0,0.0,0.0,-2.0,0.0,0.0,-54.0,0.0,0.0,0.0,0.0,3.0,1.0,0.0,1200.0,80.0,86.0,2455.0,2453.0,25.4,10.8,0.0,10.8,23.5,0.0,0.0,40.1,0.0,0.0,6.1,45.3,39.6,0.0,0.0,0.0,0.0,194.0,764.0,190.0,762.0,194.0,753.0,195.0,761.0,0.0,0.0,-27.0,0.0,0.0,23.5,8.0,4.996,0.0,0.0,0.654,0.8,80.1,86.5,0.0,0.0,76.0,R,0.0,86.0,186.8,0.0,0.0,0.0,0.0,381.2,1407.2,374.0,1403.6,381.2,1387.4,383.0,1401.8,0.0,0.0,187.7,2454.0,379.85,293.85,101.69999999999999,1.2574444444444444,66920.01799999998,12.47222222222222,142.67999999999998,150.5,401.0,True,2026-09-23 18:50:08-07:00
628.06,2,9,2026-09-24 02:00:29,37.01107,-121.55719,1515.0,134.9,315.1,-12.5,0.95,E16,4.6,335.8,0.0,0.0,-1.4,304.1,142.6,1533.0,0.0,-0.01,1.0,0.0,-318.0,30.0,150.4,29.84,3663.0,324.0,16.0,150.0,0.0,0.0,0.0,312.0,0.0,0.0,5.0,19.0,-60.0,0.0,0.0,0.0,-2.0,0.0,0.0,-54.0,0.0,0.0,0.0,0.0,3.0,1.0,0.0,1200.0,80.0,86.0,2461.0,2457.0,25.4,10.8,0.0,10.8,23.5,0.0,0.0,40.1,0.0,0.0,6.1,45.3,39.6,0.0,0.0,0.0,0.0,194.0,764.0,190.0,763.0,194.0,755.0,195.0,762.0,0.0,0.0,-27.0,0.0,0.0,23.5,8.0,4.996,0.0,0.0,0.654,0.798,79.6,86.4,0.0,0.0,76.0,R,0.0,86.0,186.8,0.0,0.0,0.0,0.0,381.2,1407.2,374.0,1405.4,381.2,1391.0,383.0,1403.6,0.0,0.0,187.52,2459.0,379.85,293.85,101.52000000000001,1.2604444444444443,67147.38066666665,12.49074074074074,143.07999999999998,150.9,401.0,True,2026-09-23 18:50:08-07:00
629.06,2,9,2026-09-24 02:00:30,37.01151,-121.55774,1510.0,135.0,315.1,-12.5,0.95,E16,4.6,335.9,0.0,0.2,-1.9,304.1,142.5,1528.0,0.0,-0.02,1.0,0.0,-310.0,30.0,150.3,29.84,3660.0,323.0,16.0,150.0,0.0,0.0,0.0,312.0,0.0,0.0,5.0,19.0,-59.0,0.0,0.0,0.0,-2.0,0.0,0.0,-54.0,0.0,0.0,0.0,0.0,3.0,1.0,0.0,1200.0,80.0,86.0,2453.0,2455.0,25.5,10.8,0.0,10.8,23.5,0.0,0.0,40.1,0.0,0.0,6.2,45.3,39.6,0.0,0.0,0.0,0.0,194.0,763.0,190.0,762.0,194.0,755.0,195.0,761.0,0.0,0.0,-27.0,0.0,0.0,23.5,8.0,4.996,0.0,0.0,0.654,0.8,79.7,86.4,0.0,0.0,76.0,R,0.0,86.0,186.8,0.0,0.0,0.0,0.0,381.2,1405.4,374.0,1403.6,381.2,1391.0,383.0,1401.8,0.0,0.0,187.52,2454.0,379.85,293.85,101.52000000000001,1.2634444444444444,67374.99633333331,12.5,142.98,150.78,401.0,True,2026-09-23 18:50:08-07:00
630.06,2,9,2026-09-24 02:00:31,37.01195,-121.5583,1506.0,135.2,314.9,-12.5,0.96,E16,4.6,336.1,0.0,0.3,-3.0,304.1,143.0,1522.0,-0.1,-0.03,1.0,0.0,-333.0,30.0,150.8,29.84,3653.0,323.0,16.0,150.0,0.0,0.0,0.0,312.0,0.0,0.0,5.0,19.0,-59.0,0.0,0.0,0.0,-2.0,0.0,0.0,-54.0,0.0,0.0,0.0,0.0,3.0,1.0,0.0,1200.0,80.0,86.0,2461.0,2460.0,25.5,10.8,0.0,10.8,23.5,0.0,0.0,40.1,0.0,0.0,6.3,45.3,39.6,0.0,0.0,0.0,0.0,194.0,764.0,190.0,762.0,195.0,754.0,195.0,761.0,0.0,0.0,-27.0,0.0,0.0,23.5,8.0,4.996,0.0,0.0,0.654,0.79,79.7,86.4,0.0,0.0,76.0,R,0.0,86.0,186.8,0.0,0.0,0.0,0.0,381.2,1407.2,374.0,1403.6,383.0,1389.2,383.0,1401.8,0.0,0.0,187.52,2460.5,380.3,294.3,101.52000000000001,1.2664444444444443,67602.86499999998,12.518518518518517,143.48,151.29,401.0,True,2026-09-23 18:50:08-07:00
631.06,2,9,2026-09-24 02:00:32,37.01239,-121.55885,1502.0,135.2,314.6,-12.5,0.97,E16,4.5,336.3,0.0,0.5,-2.8,303.5,143.5,1517.0,-0.3,-0.03,1.0,0.0,-310.0,30.0,151.4,29.84,3647.0,322.0,16.0,150.0,0.0,0.0,0.0,312.0,0.0,0.0,5.0,19.0,-59.0,0.0,0.0,0.0,-1.0,0.0,0.0,-54.0,0.0,0.0,0.0,0.0,3.0,1.0,0.0,1200.0,80.0,87.0,2460.0,2459.0,25.5,10.8,0.0,10.8,23.5,0.0,0.0,40.1,0.0,0.0,6.4,45.3,39.6,0.0,0.0,0.0,0.0,194.0,764.0,191.0,762.0,195.0,754.0,195.0,762.0,0.0,0.0,-27.0,0.0,0.0,23.5,8.0,4.996,0.0,0.0,0.654,0.793,80.2,86.5,0.0,0.0,76.0,R,0.0,86.0,188.6,0.0,0.0,0.0,0.0,381.2,1407.2,375.8,1403.6,383.0,1389.2,383.0,1403.6,0.0,0.0,187.7,2459.5,380.75,294.75,101.69999999999999,1.2694444444444442,67830.90233333332,12.518518518518517,143.98,151.81,401.0,True,2026-09-23 18:50:08-07:00
632.06,2,9,2026-09-24 02:00:33,37.01283,-121.5594,1499.0,135.0,314.5,-12.5,0.97,E16,4.5,336.5,0.0,0.4,-1.0,303.0,143.7,1514.0,-0.2,-0.02,1.0,0.0,-259.0,30.0,151.5,29.84,3643.0,322.0,16.0,150.0,0.0,0.0,0.0,312.0,0.0,0.0,5.0,19.0,-59.0,0.0,0.0,0.0,-2.0,0.0,0.0,-54.0,0.0,0.0,0.0,0.0,3.0,1.0,0.0,1200.0,80.0,87.0,2456.0,2455.0,25.4,10.8,0.0,10.8,23.5,0.0,0.0,40.1,0.0,0.0,6.1,45.3,39.6,0.0,0.0,0.0,0.0,194.0,765.0,191.0,763.0,194.0,755.0,195.0,762.0,0.0,0.0,-27.0,0.0,0.0,23.5,8.0,4.996,0.0,0.0,0.654,0.791,79.6,86.5,0.0,0.0,76.0,R,0.0,86.0,188.6,0.0,0.0,0.0,0.0,381.2,1409.0,375.8,1405.4,381.2,1391.0,383.0,1403.6,0.0,0.0,187.7,2455.5,380.3,294.3,101.69999999999999,1.2724444444444443,68058.77099999998,12.5,144.17999999999998,152.01,401.0,True,2026-09-23 18:50:08-07:00
633.06,2,9,2026-09-24 02:00:34,37.01327,-121.55996,1498.0,134.8,314.6,-12.5,0.98,E16,4.5,336.6,0.0,0.4,-0.4,302.9,143.5,1511.0,0.1,-0.02,1.0,0.0,-224.0,30.0,151.4,29.84,3639.0,321.0,16.0,150.0,0.0,0.0,0.0,312.0,0.0,0.0,5.0,20.0,-58.0,0.0,0.0,0.0,-2.0,0.0,0.0,-54.0,0.0,0.0,0.0,0.0,3.0,1.0,0.0,1200.0,80.0,86.0,2455.0,2455.0,25.5,10.8,0.0,10.8,23.5,0.0,0.0,40.1,0.0,0.0,6.1,45.3,39.6,0.0,0.0,0.0,0.0,194.0,765.0,190.0,763.0,194.0,755.0,195.0,762.0,0.0,0.0,-27.0,0.0,0.0,23.5,8.0,4.996,0.0,0.0,0.654,0.79,79.7,86.4,0.0,0.0,76.0,R,0.0,86.0,186.8,0.0,0.0,0.0,0.0,381.2,1409.0,374.0,1405.4,381.2,1391.0,383.0,1403.6,0.0,0.0,187.52,2455.0,379.85,293.85,101.52000000000001,1.2754444444444442,68286.30233333331,12.481481481481481,143.98,151.79,401.0,True,2026-09-23 18:50:08-07:00
634.06,2,9,2026-09-24 02:00:35,37.01371,-121.56052,1496.0,134.5,314.8,-12.5,0.98,E16,4.4,336.8,0.0,0.6,-0.3,302.7,143.4,1511.0,0.1,-0.04,1.0,0.0,-134.0,30.0,151.3,29.84,3639.0,320.0,16.0,150.0,0.0,0.0,0.0,312.0,0.0,0.0,5.0,20.0,-58.0,0.0,0.0,0.0,-2.0,0.0,0.0,-54.0,0.0,0.0,0.0,0.0,3.0,1.0,0.0,1200.0,80.0,86.0,2455.0,2456.0,25.5,10.8,0.0,10.8,23.5,0.0,0.0,40.1,0.0,0.0,6.2,45.3,39.6,0.0,0.0,0.0,0.0,194.0,766.0,190.0,763.0,194.0,756.0,195.0,763.0,0.0,0.0,-28.0,0.0,0.0,23.5,8.0,4.996,0.0,0.0,0.654,0.785,79.7,86.4,0.0,0.0,76.0,R,0.0,86.0,186.8,0.0,0.0,0.0,0.0,381.2,1410.8,374.0,1405.4,381.2,1392.8,383.0,1405.4,0.0,0.0,187.52,2455.5,379.85,293.85,101.52000000000001,1.2784444444444443,68513.41199999998,12.453703703703702,143.88,151.68,401.0,True,2026-09-23 18:50:08-07:00
635.06,2,9,2026-09-24 02:00:36,37.01414,-121.56107,1497.0,134.2,315.0,-12.5,0.99,E16,4.4,337.0,0.0,0.9,-0.4,302.8,143.0,1511.0,0.2,-0.03,1.1,0.0,-82.0,30.0,150.8,29.84,3639.0,319.0,16.0,150.0,0.0,0.0,0.0,312.0,0.0,0.0,5.0,20.0,-57.0,0.0,0.0,0.0,-2.0,0.0,0.0,-54.0,0.0,0.0,0.0,0.0,3.0,1.0,0.0,1200.0,80.0,86.0,2453.0,2454.0,25.5,10.7,0.0,10.7,23.5,0.0,0.0,40.1,0.0,0.0,6.4,45.3,39.6,0.0,0.0,0.0,0.0,194.0,766.0,190.0,763.0,194.0,756.0,195.0,763.0,0.0,0.0,-27.0,0.0,0.0,23.5,8.0,4.996,0.0,0.0,0.654,0.781,80.0,86.4,0.0,0.0,76.0,R,0.0,86.0,186.8,0.0,0.0,0.0,0.0,381.2,1410.8,374.0,1405.4,381.2,1392.8,383.0,1405.4,0.0,0.0,187.52,2453.5,379.85,293.85,101.52000000000001,1.2814305555555554,68740.01566666664,12.542056074766355,143.48,151.26,401.0,True,2026-09-23 18:50:08-07:00
636.06,2,9,2026-09-24 02:00:37,37.01459,-121.56161,1499.0,133.8,315.2,-12.5,1.0,E16,4.4,337.2,0.0,1.1,-0.6,302.8,142.6,1511.0,0.1,-0.02,1.0,0.0,-7.0,30.0,150.4,29.84,3639.0,318.0,16.0,150.0,0.0,0.0,0.0,312.0,0.0,0.0,5.0,20.0,-56.0,0.0,0.0,0.0,-2.0,0.0,0.0,-54.0,0.0,0.0,0.0,0.0,3.0,1.0,0.0,1200.0,80.0,87.0,2447.0,2447.0,25.5,10.7,0.0,10.7,23.5,0.0,0.0,40.1,0.0,0.0,6.4,45.3,39.6,0.0,0.0,0.0,0.0,194.0,765.0,190.0,763.0,195.0,756.0,195.0,763.0,0.0,0.0,-27.0,0.0,0.0,23.5,8.0,4.996,0.0,0.0,0.654,0.78,79.8,86.6,0.0,0.0,76.0,R,0.0,86.0,188.6,0.0,0.0,0.0,0.0,381.2,1409.0,374.0,1405.4,383.0,1392.8,383.0,1405.4,0.0,0.0,187.88,2447.0,380.3,294.3,101.88,1.2844027777777776,68966.02899999998,12.504672897196263,143.07999999999998,150.84,401.0,True,2026-09-23 18:50:08-07:00
637.06,2,9,2026-09-24 02:00:38,37.01503,-121.56216,1501.0,133.4,315.4,-12.5,1.0,E16,4.3,337.4,0.0,1.3,-0.7,302.9,142.1,1511.0,0.1,-0.03,1.0,0.0,45.0,30.0,149.9,29.84,3639.0,317.0,16.0,150.0,0.0,0.0,0.0,312.0,0.0,0.0,5.0,20.0,-55.0,0.0,0.0,0.0,-2.0,0.0,0.0,-54.0,0.0,0.0,0.0,0.0,3.0,1.0,0.0,1200.0,80.0,87.0,2448.0,2449.0,25.5,10.8,0.0,10.8,23.5,0.0,0.0,40.1,0.0,0.0,6.1,45.3,39.6,0.0,0.0,0.0,0.0,194.0,765.0,191.0,763.0,195.0,755.0,195.0,763.0,0.0,0.0,-27.0,0.0,0.0,23.5,8.0,4.996,0.0,0.0,0.654,0.782,79.9,86.6,0.0,0.0,76.0,R,0.0,86.0,188.6,0.0,0.0,0.0,0.0,381.2,1409.0,375.8,1405.4,383.0,1391.0,383.0,1405.4,0.0,0.0,187.88,2448.5,380.75,294.75,101.88,1.2873888888888887,69191.36766666664,12.351851851851851,142.57999999999998,150.31,401.0,True,2026-09-23 18:50:08-07:00
638.06,2,9,2026-09-24 02:00:39,37.01546,-121.5627,1503.0,132.9,315.4,-12.5,1.01,E16,4.3,337.5,0.0,1.3,-0.5,303.3,142.0,1511.0,0.3,-0.04,1.0,0.0,54.0,30.0,149.8,29.84,3639.0,316.0,16.0,150.0,0.0,0.0,0.0,312.0,0.0,0.0,5.0,20.0,-55.0,0.0,0.0,0.0,-2.0,0.0,0.0,-54.0,0.0,0.0,0.0,0.0,3.0,1.0,0.0,1200.0,80.0,86.0,2449.0,2449.0,25.5,10.7,0.0,10.7,23.5,0.0,0.0,40.1,0.0,0.0,6.0,45.3,39.6,0.0,0.0,0.0,0.0,194.0,765.0,191.0,763.0,194.0,755.0,195.0,763.0,0.0,0.0,-27.0,0.0,0.0,23.5,8.0,4.996,0.0,0.0,0.654,0.781,80.1,86.5,0.0,0.0,76.0,R,0.0,86.0,186.8,0.0,0.0,0.0,0.0,381.2,1409.0,375.8,1405.4,381.2,1391.0,383.0,1405.4,0.0,0.0,187.7,2449.0,380.3,294.3,101.69999999999999,1.2903749999999998,69415.94733333332,12.420560747663552,142.48,150.21,401.0,True,2026-09-23 18:50:08-07:00
639.06,2,9,2026-09-24 02:00:40,37.0159,-121.56323,1506.0,132.5,315.5,-12.5,1.01,E16,4.3,337.7,0.0,1.3,-1.4,303.2,142.1,1511.0,0.1,-0.04,1.0,0.0,69.0,30.0,149.9,29.84,3640.0,316.0,16.0,150.0,0.0,0.0,0.0,312.0,0.0,0.0,5.0,20.0,-54.0,0.0,0.0,0.0,-2.0,0.0,0.0,-54.0,0.0,0.0,0.0,0.0,3.0,1.0,0.0,1200.0,80.0,86.0,2451.0,2451.0,25.5,10.8,0.0,10.8,23.4,0.0,0.0,40.1,0.0,0.0,6.2,45.3,39.6,0.0,0.0,0.0,0.0,194.0,765.0,191.0,763.0,194.0,755.0,195.0,763.0,0.0,0.0,-28.0,0.0,0.0,23.4,8.0,4.996,0.0,0.0,0.654,0.785,79.8,86.4,0.0,0.0,76.0,R,0.0,86.0,186.8,0.0,0.0,0.0,0.0,381.2,1409.0,375.8,1405.4,381.2,1391.0,383.0,1405.4,0.0,0.0,187.52,2451.0,380.3,294.3,101.52000000000001,1.293361111111111,69639.76799999998,12.268518518518517,142.57999999999998,150.31,401.0,True,2026-09-23 18:50:08-07:00
640.06,2,9,2026-09-24 02:00:41,37.01634,-121.56377,1511.0,132.1,315.6,-12.5,1.02,E16,4.2,337.9,0.0,1.3,-1.1,303.0,141.4,1512.0,0.1,-0.02,1.0,0.0,157.0,30.0,149.1,29.84,3640.0,315.0,16.0,150.0,0.0,0.0,0.0,312.0,0.0,0.0,5.0,20.0,-53.0,0.0,0.0,0.0,-2.0,0.0,0.0,-54.0,0.0,0.0,0.0,0.0,3.0,1.0,0.0,1200.0,80.0,86.0,2447.0,2447.0,25.5,10.8,0.0,10.8,23.5,0.0,0.0,40.1,0.0,0.0,6.3,45.3,39.6,0.0,0.0,0.0,0.0,194.0,765.0,191.0,763.0,194.0,756.0,195.0,763.0,0.0,0.0,-27.0,0.0,0.0,23.5,8.0,4.996,0.0,0.0,0.654,0.792,80.0,86.5,0.0,0.0,75.0,R,0.0,86.0,186.8,0.0,0.0,0.0,0.0,381.2,1409.0,375.8,1405.4,381.2,1392.8,383.0,1405.4,0.0,0.0,187.7,2447.0,380.3,294.3,101.69999999999999,1.2963611111111109,69862.91399999998,12.231481481481481,141.88,149.58,401.0,True,2026-09-23 18:50:08-07:00
641.06,2,9,2026-09-24 02:00:42,37.01678,-121.5643,1515.0,131.7,315.8,-12.5,1.02,E16,4.2,338.1,0.0,1.4,-1.6,302.9,140.7,1517.0,-0.1,-0.02,1.0,0.0,217.0,30.0,148.4,29.84,3640.0,314.0,16.0,150.0,0.0,0.0,0.0,312.0,0.0,0.0,5.0,20.0,-52.0,0.0,0.0,0.0,-2.0,0.0,0.0,-54.0,0.0,0.0,0.0,0.0,3.0,1.0,0.0,1200.0,80.0,87.0,2326.0,2449.0,25.5,10.8,0.0,10.8,23.5,0.0,0.0,40.1,0.0,0.0,6.4,45.3,39.6,0.0,0.0,0.0,0.0,194.0,765.0,190.0,762.0,194.0,755.0,195.0,763.0,0.0,0.0,-27.0,0.0,0.0,23.5,8.0,4.996,0.0,0.0,0.654,0.797,79.9,86.6,0.0,0.0,75.0,R,0.0,86.0,188.6,0.0,0.0,0.0,0.0,381.2,1409.0,374.0,1403.6,381.2,1391.0,383.0,1405.4,0.0,0.0,187.88,2387.5,379.85,293.85,101.88,1.299361111111111,70085.38533333331,12.194444444444443,141.17999999999998,148.85,401.0,True,2026-09-23 18:50:08-07:00
642.06,2,9,2026-09-24 02:00:43,37.01722,-121.56483,1519.0,131.4,315.8,-12.5,1.03,E16,4.2,338.3,0.0,1.5,-1.2,303.3,140.6,1520.0,0.1,-0.03,1.0,0.0,176.0,30.0,148.3,29.84,3642.0,313.0,16.0,150.0,0.0,0.0,0.0,312.0,0.0,0.0,5.0,21.0,-51.0,0.0,0.0,0.0,-2.0,0.0,0.0,-54.0,0.0,0.0,0.0,0.0,3.0,1.0,0.0,1200.0,80.0,87.0,2451.0,2451.0,25.5,10.8,0.0,10.8,23.5,0.0,0.0,40.1,0.0,0.0,6.2,45.3,39.6,0.0,0.0,0.0,0.0,194.0,764.0,191.0,762.0,194.0,754.0,195.0,762.0,0.0,0.0,-27.0,0.0,0.0,23.5,8.0,4.996,0.0,0.0,0.654,0.801,79.8,86.6,0.0,0.0,75.0,R,0.0,86.0,188.6,0.0,0.0,0.0,0.0,381.2,1407.2,375.8,1403.6,381.2,1389.2,383.0,1403.6,0.0,0.0,187.88,2451.0,380.3,294.3,101.88,1.3023611111111109,70307.26633333332,12.166666666666666,141.07999999999998,148.76,401.0,True,2026-09-23 18:50:08-07:00
643.06,2,9,2026-09-24 02:00:44,37.01765,-121.56536,1521.0,131.3,315.8,-12.5,1.03,E16,4.1,338.5,0.0,1.3,-0.7,303.7,140.1,1523.0,0.1,-0.01,0.9,0.0,203.0,30.0,147.8,29.84,3646.0,313.0,16.0,150.0,0.0,0.0,0.0,312.0,0.0,0.0,5.0,21.0,-50.0,0.0,0.0,0.0,-2.0,0.0,0.0,-54.0,0.0,0.0,0.0,0.0,3.0,1.0,0.0,1200.0,80.0,86.0,2440.0,2440.0,25.5,11.0,0.0,11.0,23.3,0.0,0.0,40.1,0.0,0.0,6.1,45.3,39.6,0.0,0.0,0.0,0.0,194.0,762.0,190.0,761.0,194.0,752.0,195.0,761.0,0.0,0.0,-27.0,0.0,0.0,23.3,8.0,4.996,0.0,0.0,0.654,0.806,79.8,86.5,0.0,0.0,75.0,R,0.0,86.0,186.8,0.0,0.0,0.0,0.0,381.2,1403.6,374.0,1401.8,381.2,1385.6,383.0,1401.8,0.0,0.0,187.7,2440.0,379.85,293.85,101.69999999999999,1.3053888888888887,70528.80999999998,11.936363636363637,140.57999999999998,148.24,401.0,True,2026-09-23 18:50:08-07:00
644.06,2,9,2026-09-24 02:00:45,37.01809,-121.56589,1521.0,131.1,316.0,-12.5,1.04,E16,4.1,338.7,0.0,1.2,-0.7,304.1,139.9,1524.0,0.1,-0.03,0.9,0.0,131.0,30.0,147.6,29.84,3647.0,313.0,16.0,150.0,0.0,0.0,0.0,312.0,0.0,0.0,5.0,21.0,-49.0,0.0,0.0,0.0,-2.0,0.0,0.0,-54.0,0.0,0.0,0.0,0.0,3.0,1.0,0.0,1200.0,80.0,86.0,2450.0,2448.0,25.4,11.2,0.0,11.2,23.3,0.0,0.0,40.1,0.0,0.0,6.2,45.3,39.6,0.0,0.0,0.0,0.0,194.0,754.0,190.0,754.0,194.0,744.0,195.0,753.0,0.0,0.0,-27.0,0.0,0.0,23.3,8.0,4.996,0.0,0.0,0.654,0.792,79.6,86.5,0.0,0.0,75.0,R,0.0,86.0,186.8,0.0,0.0,0.0,0.0,381.2,1389.2,374.0,1389.2,381.2,1371.2,383.0,1387.4,0.0,0.0,187.7,2449.0,379.85,293.85,101.69999999999999,1.308472222222222,70750.10066666665,11.705357142857142,140.38,148.03,401.0,True,2026-09-23 18:50:08-07:00
645.06,2,9,2026-09-24 02:00:46,37.01852,-121.56641,1521.0,131.2,316.0,-12.5,1.04,E16,4.1,338.9,0.0,0.9,-0.4,304.6,140.1,1525.0,0.1,-0.02,1.0,0.0,75.0,30.0,147.8,29.84,3658.0,313.0,16.0,150.0,0.0,0.0,0.0,312.0,0.0,0.0,5.0,21.0,-48.0,0.0,0.0,0.0,-2.0,0.0,0.0,-54.0,0.0,0.0,0.0,0.0,3.0,1.0,0.0,1200.0,80.0,86.0,2449.0,2450.0,25.4,11.5,0.0,11.5,23.3,0.0,0.0,40.1,0.0,0.0,6.3,45.3,39.6,0.0,0.0,0.0,0.0,194.0,748.0,190.0,747.0,194.0,736.0,195.0,746.0,0.0,0.0,-27.0,0.0,0.0,23.3,8.0,4.996,0.0,0.0,0.654,0.809,80.0,86.5,0.0,0.0,75.0,R,0.0,86.0,186.8,0.0,0.0,0.0,0.0,381.2,1378.4,374.0,1376.6,381.2,1356.8,383.0,1374.8,0.0,0.0,187.7,2449.5,379.85,293.85,101.69999999999999,1.3116249999999998,70971.30699999999,11.408695652173913,140.57999999999998,148.24,401.0,True,2026-09-23 18:50:08-07:00
646.06,2,9,2026-09-24 02:00:47,37.01896,-121.56694,1518.0,131.3,316.2,-12.5,1.05,E16,4.0,339.1,0.0,0.7,-0.6,304.7,140.4,1525.0,0.1,-0.02,1.0,0.0,13.0,30.0,148.1,29.84,3658.0,313.0,16.0,150.0,0.0,0.0,0.0,312.0,0.0,0.0,5.0,21.0,-47.0,0.0,0.0,0.0,-2.0,0.0,0.0,-54.0,0.0,0.0,0.0,0.0,3.0,1.0,0.0,1200.0,80.0,87.0,2451.0,2450.0,25.4,11.6,0.0,11.6,23.4,0.0,0.0,40.1,0.0,0.0,6.4,45.3,39.6,0.0,0.0,0.0,0.0,194.0,742.0,190.0,741.0,194.0,731.0,195.0,741.0,0.0,0.0,-27.0,0.0,0.0,23.4,8.0,4.996,0.0,0.0,0.654,0.802,79.9,86.6,0.0,0.0,75.0,R,0.0,86.0,188.6,0.0,0.0,0.0,0.0,381.2,1367.6,374.0,1365.8,381.2,1347.8,383.0,1365.8,0.0,0.0,187.88,2450.5,379.85,293.85,101.88,1.314833333333333,71192.68199999999,11.31896551724138,140.88,148.56,401.0,True,2026-09-23 18:50:08-07:00
647.06,2,9,2026-09-24 02:00:48,37.0194,-121.56747,1514.0,131.5,316.2,-12.5,1.05,E16,4.0,339.3,0.0,0.4,-0.6,305.0,140.8,1525.0,0.1,-0.02,1.0,0.0,-55.0,30.0,148.5,29.84,3658.0,313.0,16.0,150.0,0.0,0.0,0.0,312.0,0.0,0.0,5.0,21.0,-47.0,0.0,0.0,0.0,-2.0,0.0,0.0,-54.0,0.0,0.0,0.0,0.0,3.0,1.0,0.0,1200.0,80.0,87.0,2452.0,2453.0,25.4,11.8,0.0,11.8,23.3,0.0,0.0,40.1,0.0,0.0,6.2,45.3,39.6,0.0,0.0,0.0,0.0,194.0,738.0,191.0,737.0,194.0,728.0,195.0,735.0,0.0,0.0,-27.0,0.0,0.0,23.3,8.0,4.996,0.0,0.0,0.654,0.801,79.9,86.6,0.0,0.0,75.0,R,0.0,86.0,188.6,0.0,0.0,0.0,0.0,381.2,1360.4,375.8,1358.6,381.2,1342.4,383.0,1355.0,0.0,0.0,187.88,2452.5,380.3,294.3,101.88,1.318083333333333,71414.30999999998,11.14406779661017,141.28,148.98,401.0,True,2026-09-23 18:50:08-07:00
648.06,2,9,2026-09-24 02:00:49,37.01984,-121.56799,1509.0,131.8,316.4,-12.5,1.06,E16,4.0,339.5,0.0,0.3,-1.3,304.5,141.4,1525.0,-0.1,-0.01,1.0,0.0,-133.0,30.0,149.1,29.84,3667.0,313.0,16.0,150.0,0.0,0.0,0.0,312.0,0.0,0.0,5.0,21.0,-46.0,0.0,0.0,0.0,-2.0,0.0,0.0,-54.0,0.0,0.0,0.0,0.0,3.0,1.0,0.0,1200.0,80.0,86.0,2458.0,2456.0,25.4,11.9,0.0,11.9,23.3,0.0,0.0,40.1,0.0,0.0,6.1,45.3,39.6,0.0,0.0,0.0,0.0,194.0,735.0,191.0,733.0,194.0,725.0,195.0,732.0,0.0,0.0,-27.0,0.0,0.0,23.3,8.0,4.996,0.0,0.0,0.654,0.812,79.7,86.5,0.0,0.0,75.0,R,0.0,86.0,186.8,0.0,0.0,0.0,0.0,381.2,1355.0,375.8,1351.4,381.2,1337.0,383.0,1349.6,0.0,0.0,187.7,2457.0,380.3,294.3,101.69999999999999,1.3213749999999997,71636.35966666664,11.075630252100842,141.88,149.61,401.0,True,2026-09-23 18:50:08-07:00
649.06,2,9,2026-09-24 02:00:50,37.02029,-121.56852,1504.0,132.0,316.5,-12.5,1.06,E16,3.9,339.7,0.0,0.2,-1.6,304.4,141.5,1522.0,-0.0,-0.02,1.0,0.0,-169.0,30.0,149.3,29.84,3666.0,312.0,16.0,150.0,0.0,0.0,0.0,312.0,0.0,0.0,5.0,21.0,-45.0,0.0,0.0,0.0,-2.0,0.0,0.0,-54.0,0.0,0.0,0.0,0.0,3.0,0.0,0.0,1200.0,80.0,86.0,2458.0,2456.0,25.4,12.0,0.0,12.0,23.1,0.0,0.0,40.1,0.0,0.0,6.2,45.3,39.6,0.0,0.0,0.0,0.0,194.0,733.0,191.0,730.0,194.0,721.0,195.0,730.0,0.0,0.0,-27.0,0.0,0.0,23.1,8.0,4.996,0.0,0.0,0.654,0.802,79.9,86.5,0.0,0.0,75.0,R,0.0,86.0,186.8,0.0,0.0,0.0,0.0,381.2,1351.4,375.8,1346.0,381.2,1329.8,383.0,1346.0,0.0,0.0,187.7,2457.0,380.3,294.3,101.69999999999999,1.3246944444444442,71858.83099999998,11.0,141.98,149.71,401.0,True,2026-09-23 18:50:08-07:00
650.06,2,9,2026-09-24 02:00:51,37.02073,-121.56905,1500.0,132.1,316.5,-12.5,1.07,E16,3.9,339.9,0.0,0.3,-1.2,304.6,142.3,1517.0,0.2,-0.04,1.0,0.0,-221.0,30.0,150.1,29.84,3660.0,312.0,17.0,150.0,0.0,0.0,0.0,312.0,0.0,0.0,5.0,21.0,-45.0,0.0,0.0,0.0,-2.0,0.0,0.0,-54.0,0.0,0.0,0.0,0.0,3.0,0.0,0.0,1200.0,80.0,86.0,2455.0,2457.0,25.4,12.0,0.0,12.0,23.4,0.0,0.0,40.1,0.0,0.0,6.3,45.3,39.6,0.0,0.0,0.0,0.0,194.0,731.0,190.0,727.0,194.0,719.0,195.0,727.0,0.0,0.0,-27.0,0.0,0.0,23.4,8.0,4.996,0.0,0.0,0.654,0.79,79.6,86.5,0.0,0.0,75.0,R,0.0,86.0,186.8,0.0,0.0,0.0,0.0,381.2,1347.8,374.0,1340.6,381.2,1326.2,383.0,1340.6,0.0,0.0,187.7,2456.0,379.85,293.85,101.69999999999999,1.3280277777777776,72081.55533333331,11.008333333333333,142.78,150.54,401.0,True,2026-09-23 18:50:08-07:00
651.06,2,9,2026-09-24 02:00:52,37.02118,-121.56957,1498.0,132.2,316.5,-12.5,1.07,E16,3.8,340.1,0.0,0.2,-1.6,304.4,142.3,1514.0,-0.0,-0.02,1.0,0.0,-197.0,30.0,150.1,29.84,3660.0,312.0,17.0,150.0,0.0,0.0,0.0,312.0,0.0,0.0,5.0,21.0,-45.0,0.0,0.0,0.0,-2.0,0.0,0.0,-54.0,0.0,0.0,0.0,0.0,3.0,1.0,0.0,1200.0,80.0,87.0,2451.0,2453.0,25.4,12.1,0.0,12.1,23.3,0.0,0.0,40.0,0.0,0.0,6.4,45.3,39.6,0.0,0.0,0.0,0.0,194.0,731.0,190.0,725.0,194.0,719.0,195.0,726.0,0.0,0.0,-27.0,0.0,0.0,23.3,8.0,4.996,0.0,0.0,0.654,0.796,79.7,86.5,0.0,0.0,76.0,R,0.0,86.0,188.6,0.0,0.0,0.0,0.0,381.2,1347.8,374.0,1337.0,381.2,1326.2,383.0,1338.8,0.0,0.0,187.7,2452.0,379.85,293.85,101.69999999999999,1.3313749999999998,72304.44833333332,10.925619834710742,142.78,150.53,401.0,True,2026-09-23 18:50:08-07:00
652.06,2,9,2026-09-24 02:00:53,37.02162,-121.5701,1498.0,132.3,316.7,-12.5,1.08,E16,3.8,340.4,0.0,0.3,-2.0,304.0,142.0,1512.0,-0.1,-0.02,1.1,0.0,-179.0,30.0,149.8,29.84,3660.0,311.0,17.0,150.0,0.0,0.0,0.0,312.0,0.0,0.0,5.0,22.0,-44.0,0.0,0.0,0.0,-2.0,0.0,0.0,-54.0,0.0,0.0,0.0,0.0,3.0,0.0,0.0,1200.0,80.0,87.0,2453.0,2452.0,25.4,12.1,0.0,12.1,23.3,0.0,0.0,40.0,0.0,0.0,6.3,45.3,39.6,0.0,0.0,0.0,0.0,194.0,729.0,190.0,724.0,194.0,718.0,195.0,725.0,0.0,0.0,-27.0,0.0,0.0,23.3,8.0,4.996,0.0,0.0,0.654,0.796,80.1,86.6,0.0,0.0,75.0,R,0.0,86.0,188.6,0.0,0.0,0.0,0.0,381.2,1344.2,374.0,1335.2,381.2,1324.4,383.0,1337.0,0.0,0.0,187.88,2452.5,379.85,293.85,101.88,1.334736111111111,72527.50999999998,10.933884297520663,142.48,150.21,401.0,True,2026-09-23 18:50:08-07:00
653.06,2,9,2026-09-24 02:00:54,37.02206,-121.57063,1497.0,132.3,316.5,-12.5,1.08,E16,3.8,340.6,0.0,0.4,-1.9,304.1,141.9,1510.0,0.0,-0.03,1.0,0.0,-130.0,30.0,149.7,29.84,3659.0,311.0,17.0,150.0,0.0,0.0,0.0,312.0,0.0,0.0,5.0,22.0,-44.0,0.0,0.0,0.0,-2.0,0.0,0.0,-54.0,0.0,0.0,0.0,0.0,3.0,1.0,0.0,1200.0,80.0,86.0,2452.0,2452.0,25.4,12.2,0.0,12.2,23.3,0.0,0.0,40.0,0.0,0.0,6.1,45.3,39.6,0.0,0.0,0.0,0.0,194.0,727.0,190.0,722.0,194.0,717.0,195.0,723.0,0.0,0.0,-27.0,0.0,0.0,23.3,8.0,4.996,0.0,0.0,0.654,0.79,80.0,86.5,0.0,0.0,75.0,R,0.0,86.0,186.8,0.0,0.0,0.0,0.0,381.2,1340.6,374.0,1331.6,381.2,1322.6,383.0,1333.4,0.0,0.0,187.7,2452.0,379.85,293.85,101.69999999999999,1.338111111111111,72750.65599999999,10.844262295081968,142.38,150.1,401.0,True,2026-09-23 18:50:08-07:00
654.06,2,9,2026-09-24 02:00:55,37.02251,-121.57114,1497.0,132.3,316.5,-12.5,1.09,E16,3.7,340.8,0.0,0.6,-1.3,304.1,141.7,1508.0,0.0,-0.02,1.0,0.0,-127.0,30.0,149.5,29.84,3657.0,310.0,17.0,150.0,0.0,0.0,0.0,312.0,0.0,0.0,5.0,22.0,-43.0,0.0,0.0,0.0,-2.0,0.0,0.0,-54.0,0.0,0.0,0.0,0.0,3.0,1.0,0.0,1200.0,80.0,86.0,2449.0,2453.0,25.4,12.2,0.0,12.2,23.3,0.0,0.0,40.0,0.0,0.0,6.2,45.3,39.6,0.0,0.0,0.0,0.0,194.0,726.0,190.0,720.0,194.0,716.0,195.0,722.0,0.0,0.0,-27.0,0.0,0.0,23.3,8.0,4.995,0.0,0.0,0.654,0.796,79.9,86.5,0.0,0.0,75.0,R,0.0,86.0,186.8,0.0,0.0,0.0,0.0,381.2,1338.8,374.0,1328.0,381.2,1320.8,383.0,1331.6,0.0,0.0,187.7,2451.0,379.85,293.85,101.69999999999999,1.3415,72973.80199999998,10.844262295081968,142.17999999999998,149.88,401.0,True,2026-09-23 18:50:08-07:00
655.06,2,9,2026-09-24 02:00:56,37.02296,-121.57167,1497.0,132.2,316.5,-12.5,1.09,E16,3.7,341.0,0.0,0.8,-0.4,304.9,141.7,1508.0,0.3,-0.02,1.0,0.0,-55.0,30.0,149.5,29.84,3657.0,311.0,17.0,150.0,0.0,0.0,0.0,312.0,0.0,0.0,5.0,22.0,-43.0,0.0,0.0,0.0,-2.0,0.0,0.0,-54.0,0.0,0.0,0.0,0.0,3.0,1.0,0.0,1200.0,80.0,86.0,2452.0,2448.0,25.4,12.2,0.0,12.2,23.3,0.0,0.0,40.0,0.0,0.0,6.3,45.3,39.6,0.0,0.0,0.0,0.0,194.0,725.0,190.0,720.0,194.0,715.0,195.0,721.0,0.0,0.0,-27.0,0.0,0.0,23.3,8.0,4.996,0.0,0.0,0.654,0.8,79.8,86.4,0.0,0.0,75.0,R,0.0,86.0,186.8,0.0,0.0,0.0,0.0,381.2,1337.0,374.0,1328.0,381.2,1319.0,383.0,1329.8,0.0,0.0,187.52,2450.0,379.85,293.85,101.52000000000001,1.3448888888888888,73196.86366666664,10.836065573770492,142.17999999999998,149.88,401.0,True,2026-09-23 18:50:08-07:00
656.06,2,9,2026-09-24 02:00:57,37.0234,-121.5722,1497.0,132.2,316.6,-12.5,1.1,E16,3.7,341.3,0.0,1.0,-1.9,304.8,141.7,1508.0,-0.0,-0.02,1.0,0.0,-75.0,30.0,149.5,29.84,3656.0,311.0,17.0,150.0,0.0,0.0,0.0,312.0,0.0,0.0,5.0,22.0,-42.0,0.0,0.0,0.0,-2.0,0.0,0.0,-54.0,0.0,0.0,0.0,0.0,3.0,1.0,0.0,1200.0,80.0,86.0,2455.0,2460.0,25.5,12.2,0.0,12.2,23.3,0.0,0.0,40.0,0.0,0.0,6.4,45.3,39.6,0.0,0.0,0.0,0.0,194.0,725.0,190.0,719.0,194.0,714.0,195.0,720.0,0.0,0.0,-27.0,0.0,0.0,23.3,8.0,4.996,0.0,0.0,0.654,0.809,80.0,86.5,0.0,0.0,76.0,R,0.0,86.0,186.8,0.0,0.0,0.0,0.0,381.2,1337.0,374.0,1326.2,381.2,1317.2,383.0,1328.0,0.0,0.0,187.7,2457.5,379.85,293.85,101.69999999999999,1.3482777777777777,73419.84099999999,10.836065573770492,142.17999999999998,149.88,401.0,True,2026-09-23 18:50:08-07:00
657.06,2,9,2026-09-24 02:00:58,37.02385,-121.57272,1497.0,132.2,316.5,-12.5,1.1,E16,3.6,341.5,0.0,1.0,-1.2,305.1,142.1,1508.0,0.1,-0.03,1.0,0.0,-21.0,30.0,149.9,29.84,3656.0,311.0,17.0,150.0,0.0,0.0,0.0,312.0,0.0,0.0,5.0,22.0,-41.0,0.0,0.0,0.0,-2.0,0.0,0.0,-54.0,0.0,0.0,0.0,0.0,3.0,1.0,0.0,1200.0,80.0,87.0,2454.0,2455.0,25.4,12.2,0.0,12.2,23.3,0.0,0.0,40.0,0.0,0.0,6.3,45.3,39.6,0.0,0.0,0.0,0.0,194.0,723.0,190.0,717.0,194.0,712.0,194.0,718.0,0.0,0.0,-27.0,0.0,0.0,23.3,8.0,4.995,0.0,0.0,0.654,0.808,79.8,86.6,0.0,0.0,75.0,R,0.0,86.0,188.6,0.0,0.0,0.0,0.0,381.2,1333.4,374.0,1322.6,381.2,1313.6,381.2,1324.4,0.0,0.0,187.88,2454.5,379.40000000000003,293.40000000000003,101.88,1.3516666666666666,73642.81833333331,10.836065573770492,142.57999999999998,150.3,401.0,True,2026-09-23 18:50:08-07:00
658.06,2,9,2026-09-24 02:00:59,37.02429,-121.57325,1496.0,132.1,316.5,-12.5,1.11,E16,3.6,341.8,0.0,1.0,0.5,305.1,141.9,1508.0,0.1,-0.02,1.0,0.0,-36.0,30.0,149.7,29.84,3656.0,311.0,17.0,150.0,0.0,0.0,0.0,312.0,0.0,0.0,5.0,22.0,-41.0,0.0,0.0,0.0,-2.0,0.0,0.0,-54.0,0.0,0.0,0.0,0.0,3.0,1.0,0.0,1200.0,80.0,87.0,2449.0,2451.0,25.5,12.2,0.0,12.2,23.3,0.0,0.0,40.0,0.0,0.0,6.1,45.3,39.6,0.0,0.0,0.0,0.0,193.0,722.0,190.0,716.0,194.0,712.0,194.0,718.0,0.0,0.0,-27.0,0.0,0.0,23.3,8.0,4.995,0.0,0.0,0.654,0.807,80.2,86.5,0.0,0.0,75.0,R,0.0,86.0,188.6,0.0,0.0,0.0,0.0,379.4,1331.6,374.0,1320.8,381.2,1313.6,381.2,1324.4,0.0,0.0,187.7,2450.0,378.95000000000005,292.95000000000005,101.69999999999999,1.3550555555555555,73865.71133333331,10.827868852459016,142.38,150.09,401.0,True,2026-09-23 18:50:08-07:00
659.06,2,9,2026-09-24 02:01:00,37.02473,-121.57378,1497.0,132.0,316.7,-12.5,1.11,E16,3.6,342.0,0.0,1.1,1.5,305.6,140.8,1508.0,0.3,-0.03,1.0,0.0,30.0,30.0,148.6,29.84,3647.0,311.0,17.0,150.0,0.0,0.0,0.0,312.0,0.0,0.0,5.0,22.0,-40.0,0.0,0.0,0.0,-2.0,0.0,0.0,-54.0,0.0,0.0,0.0,0.0,3.0,0.0,0.0,1200.0,80.0,86.0,2445.0,2441.0,25.5,12.2,0.0,12.2,23.3,0.0,0.0,40.0,0.0,0.0,6.2,45.3,39.6,0.0,0.0,0.0,0.0,193.0,722.0,190.0,716.0,194.0,711.0,194.0,717.0,0.0,0.0,-27.0,0.0,0.0,23.3,8.0,4.995,0.0,0.0,0.654,0.806,79.9,86.5,0.0,0.0,75.0,R,0.0,86.0,186.8,0.0,0.0,0.0,0.0,379.4,1331.6,374.0,1320.8,381.2,1311.8,381.2,1322.6,0.0,0.0,187.7,2443.0,378.95000000000005,292.95000000000005,101.69999999999999,1.3584444444444443,74088.43566666664,10.819672131147541,141.28,148.93,401.0,True,2026-09-23 18:50:08-07:00
660.06,2,9,2026-09-24 02:01:01,37.02518,-121.5743,1498.0,131.9,317.0,-12.5,1.12,E16,3.5,342.3,0.0,1.2,0.8,306.1,141.4,1508.0,0.4,-0.03,0.9,0.0,33.0,30.0,149.2,29.84,3647.0,312.0,17.0,150.0,0.0,0.0,0.0,312.0,0.0,0.0,5.0,22.0,-39.0,0.0,0.0,0.0,-2.0,0.0,0.0,-54.0,0.0,0.0,0.0,0.0,3.0,1.0,0.0,1200.0,79.0,86.0,2450.0,2449.0,25.5,12.2,0.0,12.2,23.3,0.0,0.0,40.0,0.0,0.0,6.3,45.3,39.6,0.0,0.0,0.0,0.0,193.0,723.0,190.0,717.0,194.0,712.0,194.0,716.0,0.0,0.0,-27.0,0.0,0.0,23.3,8.0,4.995,0.0,0.0,0.654,0.809,79.4,86.5,0.0,0.0,75.0,R,0.0,86.0,186.8,0.0,0.0,0.0,0.0,379.4,1333.4,374.0,1322.6,381.2,1313.6,381.2,1320.8,0.0,0.0,187.7,2449.5,378.95000000000005,292.95000000000005,101.69999999999999,1.3618333333333332,74310.99133333331,10.811475409836067,141.88,149.57,401.0,True,2026-09-23 18:50:08-07:00
661.06,2,9,2026-09-24 02:01:02,37.02563,-121.57481,1499.0,131.9,317.4,-12.5,1.12,E16,3.5,342.5,0.0,1.2,1.4,306.4,141.2,1508.0,0.3,-0.02,1.0,0.0,54.0,30.0,149.0,29.84,3647.0,312.0,17.0,150.0,0.0,0.0,0.0,312.0,0.0,0.0,5.0,22.0,-39.0,0.0,0.0,0.0,-2.0,0.0,0.0,-54.0,0.0,0.0,0.0,0.0,3.0,1.0,0.0,1200.0,80.0,86.0,2451.0,2450.0,25.5,12.2,0.0,12.2,23.4,0.0,0.0,40.0,0.0,0.0,6.4,45.3,39.6,0.0,0.0,0.0,0.0,193.0,724.0,190.0,717.0,194.0,712.0,194.0,716.0,0.0,0.0,-27.0,0.0,0.0,23.4,8.0,4.995,0.0,0.0,0.654,0.803,79.9,86.5,0.0,0.0,75.0,R,0.0,86.0,186.8,0.0,0.0,0.0,0.0,379.4,1335.2,374.0,1322.6,381.2,1313.6,381.2,1320.8,0.0,0.0,187.7,2450.5,378.95000000000005,292.95000000000005,101.69999999999999,1.3652222222222221,74533.46266666664,10.811475409836067,141.67999999999998,149.36,401.0,True,2026-09-23 18:50:08-07:00
662.06,2,9,2026-09-24 02:01:03,37.02608,-121.57533,1500.0,131.8,317.8,-12.5,1.12,E16,3.5,342.8,0.0,1.2,1.4,306.3,141.4,1508.0,0.2,-0.02,1.0,0.0,62.0,30.0,149.1,29.84,3647.0,312.0,17.0,150.0,0.0,0.0,0.0,312.0,0.0,0.0,5.0,22.0,-38.0,0.0,0.0,0.0,-2.0,0.0,0.0,-54.0,0.0,0.0,0.0,0.0,3.0,0.0,0.0,1200.0,80.0,87.0,2450.0,2454.0,25.4,12.2,0.0,12.2,23.3,0.0,0.0,40.0,0.0,0.0,6.4,45.3,39.6,0.0,0.0,0.0,0.0,193.0,724.0,190.0,716.0,194.0,712.0,194.0,717.0,0.0,0.0,-27.0,0.0,0.0,23.3,8.0,4.995,0.0,0.0,0.654,0.806,80.1,86.6,0.0,0.0,75.0,R,0.0,86.0,188.6,0.0,0.0,0.0,0.0,379.4,1335.2,374.0,1320.8,381.2,1313.6,381.2,1322.6,0.0,0.0,187.88,2452.0,378.95000000000005,292.95000000000005,101.88,1.368611111111111,74755.84966666665,10.803278688524593,141.88,149.57,401.0,True,2026-09-23 18:50:08-07:00
663.06,2,9,2026-09-24 02:01:04,37.02654,-121.57584,1501.0,131.6,318.2,-12.5,1.13,E16,3.4,343.0,0.0,1.2,0.5,306.4,141.4,1508.0,0.3,-0.03,1.1,0.0,97.0,30.0,149.1,29.84,3647.0,312.0,17.0,150.0,0.0,0.0,0.0,312.0,0.0,0.0,5.0,23.0,-37.0,0.0,0.0,0.0,-2.0,0.0,0.0,-54.0,0.0,0.0,0.0,0.0,3.0,1.0,0.0,1200.0,80.0,87.0,2453.0,2450.0,25.4,12.2,0.0,12.2,23.3,0.0,0.0,40.0,0.0,0.0,6.1,45.3,39.6,0.0,0.0,0.0,0.0,193.0,723.0,190.0,716.0,194.0,711.0,194.0,716.0,0.0,0.0,-27.0,0.0,0.0,23.3,8.0,4.996,0.0,0.0,0.654,0.803,79.8,86.5,0.0,0.0,75.0,R,0.0,86.0,188.6,0.0,0.0,0.0,0.0,379.4,1333.4,374.0,1320.8,381.2,1311.8,381.2,1320.8,0.0,0.0,187.7,2451.5,378.95000000000005,292.95000000000005,101.69999999999999,1.3719999999999999,74977.98366666665,10.78688524590164,141.88,149.57,401.0,True,2026-09-23 18:50:08-07:00
664.06,2,9,2026-09-24 02:01:05,37.02699,-121.57635,1506.0,131.5,318.5,-12.5,1.13,E16,3.4,343.3,0.0,1.4,0.0,306.5,141.1,1508.0,0.2,-0.03,1.0,0.0,85.0,30.0,148.8,29.84,3648.0,312.0,17.0,150.0,0.0,0.0,0.0,312.0,0.0,0.0,5.0,23.0,-36.0,0.0,0.0,0.0,-2.0,0.0,0.0,-54.0,0.0,0.0,0.0,0.0,3.0,1.0,0.0,1200.0,80.0,86.0,2450.0,2450.0,25.4,12.2,0.0,12.2,23.3,0.0,0.0,40.0,0.0,0.0,6.2,45.3,39.6,0.0,0.0,0.0,0.0,193.0,722.0,190.0,715.0,193.0,711.0,194.0,716.0,0.0,0.0,-27.0,0.0,0.0,23.3,8.0,4.995,0.0,0.0,0.654,0.808,79.6,86.5,0.0,0.0,75.0,R,0.0,86.0,186.8,0.0,0.0,0.0,0.0,379.4,1331.6,374.0,1319.0,379.4,1311.8,381.2,1320.8,0.0,0.0,187.7,2450.0,378.5,292.5,101.69999999999999,1.3753888888888888,75199.86466666665,10.778688524590164,141.57999999999998,149.25,401.0,True,2026-09-23 18:50:08-07:00
665.06,2,9,2026-09-24 02:01:06,37.02745,-121.57684,1509.0,131.3,318.8,-12.5,1.14,E16,3.4,343.5,0.0,1.4,0.0,306.7,140.6,1509.0,0.2,-0.02,1.0,0.0,112.0,30.0,148.3,29.84,3648.0,312.0,17.0,150.0,0.0,0.0,0.0,312.0,0.0,0.0,5.0,23.0,-36.0,0.0,0.0,0.0,-2.0,0.0,0.0,-54.0,0.0,0.0,0.0,0.0,3.0,1.0,0.0,1200.0,80.0,86.0,2445.0,2445.0,25.5,12.2,0.0,12.2,23.4,0.0,0.0,40.0,0.0,0.0,6.3,45.3,39.6,0.0,0.0,0.0,0.0,193.0,723.0,190.0,715.0,193.0,710.0,194.0,716.0,0.0,0.0,-27.0,0.0,0.0,23.4,8.0,4.996,0.0,0.0,0.654,0.8,79.7,86.4,0.0,0.0,75.0,R,0.0,86.0,186.8,0.0,0.0,0.0,0.0,379.4,1333.4,374.0,1319.0,379.4,1310.0,381.2,1320.8,0.0,0.0,187.52,2445.0,378.5,292.5,101.52000000000001,1.3787777777777777,75421.49266666664,10.762295081967215,141.07999999999998,148.73,401.0,True,2026-09-23 18:50:08-07:00
666.06,2,9,2026-09-24 02:01:07,37.0279,-121.57735,1513.0,131.1,319.0,-12.5,1.14,E16,3.3,343.8,0.0,1.6,-0.2,306.8,140.4,1512.0,0.2,-0.02,1.0,0.0,143.0,30.0,148.1,29.84,3653.0,312.0,17.0,150.0,0.0,0.0,0.0,312.0,0.0,0.0,5.0,23.0,-35.0,0.0,0.0,0.0,-2.0,0.0,0.0,-54.0,0.0,0.0,0.0,0.0,3.0,1.0,0.0,1200.0,80.0,86.0,2448.0,2447.0,25.5,12.2,0.0,12.2,23.3,0.0,0.0,40.0,0.0,0.0,6.5,45.3,39.6,0.0,0.0,0.0,0.0,193.0,724.0,190.0,716.0,193.0,711.0,194.0,717.0,0.0,0.0,-27.0,0.0,0.0,23.3,8.0,4.995,0.0,0.0,0.654,0.795,79.8,86.4,0.0,0.0,75.0,R,0.0,86.0,186.8,0.0,0.0,0.0,0.0,379.4,1335.2,374.0,1320.8,379.4,1311.8,381.2,1322.6,0.0,0.0,187.52,2447.5,378.5,292.5,101.52000000000001,1.3821666666666665,75642.78333333331,10.745901639344263,140.88,148.52,401.0,True,2026-09-23 18:50:08-07:00
667.06,2,9,2026-09-24 02:01:08,37.02836,-121.57784,1517.0,130.9,319.1,-12.5,1.14,E16,3.3,344.1,0.0,1.6,1.0,307.4,139.4,1516.0,0.3,-0.02,0.9,0.0,158.0,30.0,147.1,29.84,3658.0,312.0,17.0,150.0,0.0,0.0,0.0,312.0,0.0,0.0,5.0,23.0,-34.0,0.0,0.0,0.0,-2.0,0.0,0.0,-54.0,0.0,0.0,0.0,0.0,3.0,1.0,0.0,1200.0,80.0,87.0,2446.0,2446.0,25.4,12.2,0.0,12.2,23.3,0.0,0.0,40.0,0.0,0.0,6.4,45.3,39.6,0.0,0.0,0.0,0.0,193.0,723.0,190.0,716.0,193.0,711.0,194.0,718.0,0.0,0.0,-27.0,0.0,0.0,23.3,8.0,4.995,0.0,0.0,0.654,0.793,79.6,86.6,0.0,0.0,75.0,R,0.0,86.0,188.6,0.0,0.0,0.0,0.0,379.4,1333.4,374.0,1320.8,379.4,1311.8,381.2,1324.4,0.0,0.0,187.88,2446.0,378.5,292.5,101.88,1.3855555555555554,75863.73666666665,10.729508196721312,139.88,147.48,401.0,True,2026-09-23 18:50:08-07:00
668.06,2,9,2026-09-24 02:01:09,37.02882,-121.57833,1521.0,130.8,319.5,-12.6,1.14,E16,3.3,344.3,0.0,1.9,1.4,307.9,139.5,1518.0,0.3,-0.02,1.0,0.0,147.0,30.0,147.2,29.84,3661.0,312.0,17.0,150.0,0.0,0.0,0.0,312.0,0.0,0.0,5.0,23.0,-33.0,0.0,0.0,0.0,-2.0,0.0,0.0,-54.0,0.0,0.0,0.0,0.0,3.0,1.0,0.0,1200.0,80.0,87.0,2448.0,2447.0,25.4,12.2,0.0,12.2,23.3,0.0,0.0,40.0,0.0,0.0,6.2,45.3,39.6,0.0,0.0,0.0,0.0,193.0,722.0,190.0,715.0,193.0,709.0,194.0,716.0,0.0,0.0,-27.0,0.0,0.0,23.3,8.0,4.995,0.0,0.0,0.654,0.786,79.8,86.5,0.0,0.0,75.0,R,0.0,86.0,188.6,0.0,0.0,0.0,0.0,379.4,1331.6,374.0,1319.0,379.4,1308.2,381.2,1320.8,0.0,0.0,187.7,2447.5,378.5,292.5,101.69999999999999,1.3889444444444443,76084.43699999998,10.721311475409838,139.98,147.59,401.0,True,2026-09-23 18:50:08-07:00
669.06,2,9,2026-09-24 02:01:10,37.02929,-121.57883,1525.0,130.7,319.8,-12.6,1.15,E16,3.3,344.6,0.0,1.9,1.8,308.8,138.9,1522.0,0.5,-0.03,1.0,0.0,197.0,30.0,146.6,29.84,3666.0,313.0,17.0,150.0,0.0,0.0,0.0,312.0,0.0,0.0,5.0,23.0,-32.0,0.0,0.0,0.0,-2.0,0.0,0.0,-54.0,0.0,0.0,0.0,0.0,3.0,1.0,0.0,1200.0,80.0,86.0,2446.0,2444.0,25.4,12.2,0.0,12.2,23.2,0.0,0.0,40.0,0.0,0.0,6.2,45.3,39.6,0.0,0.0,0.0,0.0,192.0,721.0,189.0,714.0,193.0,709.0,193.0,716.0,0.0,0.0,-27.0,0.0,0.0,23.2,8.0,4.995,0.0,0.0,0.654,0.79,79.7,86.4,0.0,0.0,75.0,R,0.0,86.0,186.8,0.0,0.0,0.0,0.0,377.6,1329.8,372.2,1317.2,379.4,1308.2,379.4,1320.8,0.0,0.0,187.52,2445.0,377.15,291.15,101.52000000000001,1.3923333333333332,76304.96866666665,10.71311475409836,139.38,146.97,401.0,True,2026-09-23 18:50:08-07:00
670.06,2,9,2026-09-24 02:01:11,37.02975,-121.57931,1526.0,130.6,320.1,-12.6,1.15,E16,3.2,344.9,0.0,1.7,1.1,309.0,139.4,1525.0,0.3,-0.02,1.0,0.0,176.0,30.0,147.1,29.84,3669.0,313.0,17.0,150.0,0.0,0.0,0.0,312.0,0.0,0.0,5.0,23.0,-31.0,0.0,0.0,0.0,-2.0,0.0,0.0,-54.0,0.0,0.0,0.0,0.0,3.0,1.0,0.0,1200.0,80.0,86.0,2455.0,2453.0,25.4,12.2,0.0,12.2,23.3,0.0,0.0,40.0,0.0,0.0,6.3,45.3,39.6,0.0,0.0,0.0,0.0,192.0,720.0,189.0,714.0,193.0,708.0,193.0,716.0,0.0,0.0,-27.0,0.0,0.0,23.3,8.0,4.995,0.0,0.0,0.654,0.79,79.6,86.4,0.0,0.0,75.0,R,0.0,86.0,186.8,0.0,0.0,0.0,0.0,377.6,1328.0,372.2,1317.2,379.4,1306.4,379.4,1320.8,0.0,0.0,187.52,2454.0,377.15,291.15,101.52000000000001,1.395722222222222,76525.33166666665,10.704918032786885,139.88,147.5,401.0,True,2026-09-23 18:50:08-07:00
671.06,2,9,2026-09-24 02:01:12,37.03022,-121.5798,1528.0,130.6,320.5,-12.6,1.15,E16,3.2,345.1,0.0,1.6,1.3,309.4,138.5,1527.0,0.3,-0.01,1.0,0.0,170.0,30.0,146.1,29.84,3672.0,314.0,17.0,150.0,0.0,0.0,0.0,312.0,0.0,0.0,5.0,23.0,-30.0,0.0,0.0,0.0,-2.0,0.0,0.0,-54.0,0.0,0.0,0.0,0.0,3.0,1.0,0.0,1200.0,80.0,86.0,2445.0,2445.0,25.4,12.2,0.0,12.2,23.4,0.0,0.0,40.0,0.0,0.0,6.5,45.3,39.6,0.0,0.0,0.0,0.0,192.0,719.0,189.0,713.0,193.0,708.0,193.0,715.0,0.0,0.0,-27.0,0.0,0.0,23.4,8.0,4.995,0.0,0.0,0.654,0.793,79.8,86.4,0.0,0.0,75.0,R,0.0,86.0,186.8,0.0,0.0,0.0,0.0,377.6,1326.2,372.2,1315.4,379.4,1306.4,379.4,1319.0,0.0,0.0,187.52,2445.0,377.15,291.15,101.52000000000001,1.399111111111111,76745.61033333332,10.704918032786885,138.98,146.56,401.0,True,2026-09-23 18:50:08-07:00
672.06,2,9,2026-09-24 02:01:13,37.03069,-121.58027,1528.0,130.7,320.8,-12.6,1.15,E16,3.2,345.4,0.0,1.6,0.8,309.9,138.1,1529.0,0.2,-0.01,1.0,0.0,138.0,30.0,145.7,29.84,3674.0,314.0,17.0,150.0,0.0,0.0,0.0,312.0,0.0,0.0,5.0,23.0,-29.0,0.0,0.0,0.0,-2.0,0.0,0.0,-54.0,0.0,0.0,0.0,0.0,3.0,1.0,0.0,1200.0,80.0,87.0,2447.0,2449.0,25.4,12.2,0.0,12.2,23.5,0.0,0.0,40.0,0.0,0.0,6.5,45.3,39.6,0.0,0.0,0.0,0.0,192.0,720.0,189.0,714.0,193.0,708.0,193.0,715.0,0.0,0.0,-27.0,0.0,0.0,23.5,8.0,4.995,0.0,0.0,0.654,0.792,79.6,86.6,0.0,0.0,75.0,R,0.0,86.0,188.6,0.0,0.0,0.0,0.0,377.6,1328.0,372.2,1317.2,379.4,1306.4,379.4,1319.0,0.0,0.0,187.88,2448.0,377.15,291.15,101.88,1.4024999999999999,76965.97333333331,10.71311475409836,138.57999999999998,146.14,401.0,True,2026-09-23 18:50:08-07:00
673.06,2,9,2026-09-24 02:01:14,37.03115,-121.58075,1528.0,131.0,321.0,-12.6,1.16,E16,3.1,345.7,0.0,1.5,1.0,310.2,138.4,1530.0,0.2,-0.02,0.9,0.0,98.0,30.0,146.0,29.84,3675.0,315.0,17.0,150.0,0.0,0.0,0.0,312.0,0.0,0.0,5.0,23.0,-28.0,0.0,0.0,0.0,-2.0,0.0,0.0,-54.0,0.0,0.0,0.0,0.0,3.0,1.0,0.0,1200.0,80.0,87.0,2450.0,2449.0,25.4,12.2,0.0,12.2,23.3,0.0,0.0,40.0,0.0,0.0,6.2,45.3,39.6,0.0,0.0,0.0,0.0,192.0,720.0,189.0,713.0,193.0,709.0,193.0,715.0,0.0,0.0,-27.0,0.0,0.0,23.3,8.0,4.995,0.0,0.0,0.654,0.791,79.6,86.6,0.0,0.0,75.0,R,0.0,86.0,188.6,0.0,0.0,0.0,0.0,377.6,1328.0,372.2,1315.4,379.4,1308.2,379.4,1319.0,0.0,0.0,187.88,2449.5,377.15,291.15,101.88,1.4058888888888887,77186.67366666664,10.737704918032788,138.88,146.46,401.0,True,2026-09-23 18:50:08-07:00
674.06,2,9,2026-09-24 02:01:15,37.03163,-121.58122,1526.0,131.2,321.3,-12.6,1.16,E16,3.1,346.0,0.0,1.2,1.1,310.7,138.8,1531.0,0.3,-0.02,1.0,0.0,47.0,30.0,146.5,29.84,3676.0,316.0,17.0,150.0,0.0,0.0,0.0,312.0,0.0,0.0,5.0,23.0,-27.0,0.0,0.0,0.0,-2.0,0.0,0.0,-54.0,0.0,0.0,0.0,0.0,3.0,1.0,0.0,1200.0,80.0,86.0,2450.0,2449.0,25.4,12.2,0.0,12.2,23.2,0.0,0.0,40.0,0.0,0.0,6.2,45.3,39.6,0.0,0.0,0.0,0.0,192.0,720.0,189.0,713.0,193.0,709.0,193.0,714.0,0.0,0.0,-27.0,0.0,0.0,23.2,8.0,4.995,0.0,0.0,0.654,0.801,79.6,86.5,0.0,0.0,75.0,R,0.0,86.0,186.8,0.0,0.0,0.0,0.0,377.6,1328.0,372.2,1315.4,379.4,1308.2,379.4,1317.2,0.0,0.0,187.7,2449.5,377.15,291.15,101.69999999999999,1.4092777777777776,77407.79566666664,10.754098360655737,139.28,146.89,401.0,True,2026-09-23 18:50:08-07:00
675.06,2,9,2026-09-24 02:01:16,37.0321,-121.5817,1523.0,131.5,321.5,-12.6,1.16,E16,3.1,346.3,0.0,0.8,1.0,311.1,139.3,1531.0,0.4,-0.03,0.9,0.0,-40.0,30.0,147.0,29.84,3676.0,317.0,17.0,150.0,0.0,0.0,0.0,312.0,0.0,0.0,5.0,23.0,-26.0,0.0,0.0,0.0,-2.0,0.0,0.0,-54.0,0.0,0.0,0.0,0.0,3.0,1.0,0.0,1200.0,80.0,86.0,2452.0,2452.0,25.4,12.2,0.0,12.2,23.4,0.0,0.0,40.0,0.0,0.0,6.3,45.3,39.6,0.0,0.0,0.0,0.0,192.0,721.0,189.0,714.0,193.0,709.0,193.0,715.0,0.0,0.0,-27.0,0.0,0.0,23.4,8.0,4.995,0.0,0.0,0.654,0.791,79.6,86.5,0.0,0.0,75.0,R,0.0,86.0,186.8,0.0,0.0,0.0,0.0,377.6,1329.8,372.2,1317.2,379.4,1308.2,379.4,1319.0,0.0,0.0,187.7,2452.0,377.15,291.15,101.69999999999999,1.4126666666666665,77629.33933333331,10.778688524590164,139.78,147.42,401.0,True,2026-09-23 18:50:08-07:00
676.06,2,9,2026-09-24 02:01:17,37.03258,-121.58217,1520.0,131.8,321.8,-12.6,1.16,E16,3.0,346.5,0.0,0.6,0.6,311.2,139.7,1531.0,0.3,-0.02,1.0,0.0,-104.0,30.0,147.4,29.84,3676.0,317.0,17.0,150.0,0.0,0.0,0.0,312.0,0.0,0.0,5.0,23.0,-26.0,0.0,0.0,0.0,-2.0,0.0,0.0,-54.0,0.0,0.0,0.0,0.0,3.0,1.0,0.0,1200.0,80.0,87.0,2451.0,2452.0,25.4,12.2,0.0,12.2,23.4,0.0,0.0,40.0,0.0,0.0,6.4,45.3,39.6,0.0,0.0,0.0,0.0,192.0,720.0,189.0,713.0,192.0,709.0,193.0,714.0,0.0,0.0,-27.0,0.0,0.0,23.4,8.0,4.995,0.0,0.0,0.654,0.8,79.6,86.5,0.0,0.0,75.0,R,0.0,86.0,188.6,0.0,0.0,0.0,0.0,377.6,1328.0,372.2,1315.4,377.6,1308.2,379.4,1317.2,0.0,0.0,187.7,2451.5,376.70000000000005,290.70000000000005,101.69999999999999,1.4160555555555554,77851.38899999998,10.803278688524593,140.17999999999998,147.84,401.0,True,2026-09-23 18:50:08-07:00
677.06,2,9,2026-09-24 02:01:18,37.03307,-121.58264,1516.0,132.2,322.0,-12.6,1.16,E16,3.0,346.8,0.0,0.4,0.8,311.5,140.2,1530.0,0.3,-0.02,1.0,0.0,-136.0,30.0,148.0,29.84,3686.0,318.0,17.0,150.0,0.0,0.0,0.0,312.0,0.0,0.0,5.0,23.0,-25.0,0.0,0.0,0.0,-2.0,0.0,0.0,-54.0,0.0,0.0,0.0,0.0,3.0,1.0,0.0,1200.0,80.0,87.0,2454.0,2455.0,25.4,12.2,0.0,12.2,23.3,0.0,0.0,40.0,0.0,0.0,6.5,45.3,39.6,0.0,0.0,0.0,0.0,192.0,720.0,189.0,713.0,193.0,709.0,193.0,714.0,0.0,0.0,-27.0,0.0,0.0,23.3,8.0,4.995,0.0,0.0,0.654,0.795,79.9,86.7,0.0,0.0,75.0,R,0.0,86.0,188.6,0.0,0.0,0.0,0.0,377.6,1328.0,372.2,1315.4,379.4,1308.2,379.4,1317.2,0.0,0.0,188.06,2454.5,377.15,291.15,102.06,1.4194444444444443,78074.02899999998,10.836065573770492,140.67999999999998,148.36,401.0,True,2026-09-23 18:50:08-07:00
678.06,2,9,2026-09-24 02:01:19,37.03355,-121.58311,1511.0,132.6,322.3,-12.6,1.16,E16,3.0,347.1,0.0,0.2,1.3,311.6,140.7,1526.0,0.2,-0.01,1.0,0.0,-189.0,30.0,148.5,29.84,3686.0,318.0,17.0,150.0,0.0,0.0,0.0,312.0,0.0,0.0,5.0,23.0,-25.0,0.0,0.0,0.0,-2.0,0.0,0.0,-54.0,0.0,0.0,0.0,0.0,3.0,1.0,0.0,1200.0,80.0,87.0,2454.0,2453.0,25.4,12.2,0.0,12.2,23.3,0.0,0.0,40.0,0.0,0.0,6.2,45.3,39.6,0.0,0.0,0.0,0.0,192.0,720.0,189.0,713.0,192.0,708.0,193.0,714.0,0.0,0.0,-27.0,0.0,0.0,23.3,8.0,4.995,0.0,0.0,0.654,0.8,79.9,86.7,0.0,0.0,75.0,R,0.0,86.0,188.6,0.0,0.0,0.0,0.0,377.6,1328.0,372.2,1315.4,377.6,1306.4,379.4,1317.2,0.0,0.0,188.06,2453.5,376.70000000000005,290.70000000000005,102.06,1.4228333333333332,78297.34366666665,10.868852459016393,141.17999999999998,148.88,401.0,True,2026-09-23 18:50:08-07:00
679.06,2,9,2026-09-24 02:01:20,37.03403,-121.58358,1506.0,133.0,322.6,-12.6,1.16,E16,2.9,347.4,0.0,0.1,1.4,311.6,140.9,1521.0,0.3,-0.03,1.0,0.0,-226.0,30.0,148.7,29.84,3679.0,319.0,17.0,150.0,0.0,0.0,0.0,312.0,0.0,0.0,5.0,23.0,-24.0,0.0,0.0,0.0,-2.0,0.0,0.0,-54.0,0.0,0.0,0.0,0.0,3.0,1.0,0.0,1200.0,80.0,87.0,2452.0,2456.0,25.4,12.2,0.0,12.2,23.3,0.0,0.0,40.0,0.0,0.0,6.2,45.3,39.6,0.0,0.0,0.0,0.0,192.0,719.0,189.0,712.0,192.0,708.0,192.0,714.0,0.0,0.0,-27.0,0.0,0.0,23.3,8.0,4.995,0.0,0.0,0.654,0.8,79.8,86.6,0.0,0.0,75.0,R,0.0,86.0,188.6,0.0,0.0,0.0,0.0,377.6,1326.2,372.2,1313.6,377.6,1306.4,377.6,1317.2,0.0,0.0,187.88,2454.0,376.25,290.25,101.88,1.426222222222222,78521.33299999998,10.901639344262296,141.38,149.08,401.0,True,2026-09-23 18:50:08-07:00
680.06,2,9,2026-09-24 02:01:21,37.03453,-121.58405,1501.0,133.3,322.9,-12.6,1.17,E16,2.9,347.7,0.0,0.3,1.2,312.0,141.2,1517.0,0.3,-0.02,1.0,0.0,-220.0,30.0,149.0,29.84,3679.0,319.0,17.0,150.0,0.0,0.0,0.0,312.0,0.0,0.0,5.0,23.0,-24.0,0.0,0.0,0.0,-2.0,0.0,0.0,-54.0,0.0,0.0,0.0,0.0,3.0,1.0,0.0,1200.0,80.0,87.0,2453.0,2454.0,25.4,12.2,0.0,12.2,23.3,0.0,0.0,40.0,0.0,0.0,6.3,45.3,39.6,0.0,0.0,0.0,0.0,192.0,720.0,189.0,712.0,192.0,708.0,192.0,714.0,0.0,0.0,-27.0,0.0,0.0,23.3,8.0,4.995,0.0,0.0,0.654,0.789,79.6,86.6,0.0,0.0,75.0,R,0.0,86.0,188.6,0.0,0.0,0.0,0.0,377.6,1328.0,372.2,1313.6,377.6,1306.4,377.6,1317.2,0.0,0.0,187.88,2453.5,376.25,290.25,101.88,1.429611111111111,78745.91266666664,10.926229508196723,141.67999999999998,149.38,401.0,True,2026-09-23 18:50:08-07:00
681.06,2,9,2026-09-24 02:01:22,37.03502,-121.5845,1498.0,133.6,323.3,-12.6,1.17,E16,2.9,348.0,0.0,0.3,1.0,312.3,141.6,1512.0,0.4,-0.03,1.0,0.0,-256.0,30.0,149.4,29.84,3673.0,320.0,17.0,150.0,0.0,0.0,0.0,312.0,0.0,0.0,5.0,23.0,-24.0,0.0,0.0,0.0,-2.0,0.0,0.0,-54.0,0.0,0.0,0.0,0.0,3.0,1.0,0.0,1200.0,79.0,87.0,2460.0,2458.0,25.4,12.2,0.0,12.2,23.4,0.0,0.0,39.9,0.0,0.0,6.5,45.3,39.6,0.0,0.0,0.0,0.0,192.0,720.0,189.0,713.0,192.0,709.0,192.0,713.0,0.0,0.0,-27.0,0.0,0.0,23.4,8.0,4.995,0.0,0.0,0.654,0.801,79.4,86.6,0.0,0.0,75.0,R,0.0,86.0,188.6,0.0,0.0,0.0,0.0,377.6,1328.0,372.2,1315.4,377.6,1308.2,377.6,1315.4,0.0,0.0,187.88,2459.0,376.25,290.25,101.88,1.4329999999999998,78970.99833333331,10.950819672131148,142.07999999999998,149.79,401.0,True,2026-09-23 18:50:08-07:00
682.06,2,9,2026-09-24 02:01:23,37.03552,-121.58497,1493.0,134.0,323.6,-12.6,1.17,E16,2.8,348.4,0.0,0.5,2.2,312.2,140.6,1509.0,0.2,-0.0,1.0,0.0,-232.0,30.0,148.3,29.84,3669.0,320.0,16.0,150.0,0.0,0.0,0.0,312.0,0.0,0.0,5.0,23.0,-23.0,0.0,0.0,0.0,-3.0,0.0,0.0,-54.0,0.0,0.0,0.0,0.0,3.0,1.0,0.0,1200.0,80.0,87.0,2445.0,2444.0,25.4,12.3,0.0,12.3,23.4,0.0,0.0,39.9,0.0,0.0,6.9,45.3,39.6,0.0,0.0,0.0,0.0,192.0,720.0,189.0,713.0,192.0,709.0,193.0,713.0,0.0,0.0,-27.0,0.0,0.0,23.4,8.0,4.995,0.0,0.0,0.654,0.798,79.7,86.8,0.0,0.0,75.0,R,0.0,86.0,188.6,0.0,0.0,0.0,0.0,377.6,1328.0,372.2,1315.4,377.6,1308.2,379.4,1315.4,0.0,0.0,188.23999999999998,2444.5,376.70000000000005,290.70000000000005,102.23999999999998,1.4364027777777777,79196.67433333331,10.894308943089431,141.07999999999998,148.73,401.0,True,2026-09-23 18:50:08-07:00
683.06,2,9,2026-09-24 02:01:24,37.03603,-121.58543,1490.0,134.2,324.1,-12.6,1.17,E16,2.8,348.7,0.0,1.1,2.3,313.4,139.9,1506.0,0.6,-0.04,0.9,0.0,-218.0,30.0,147.6,29.84,3665.0,320.0,16.0,150.0,0.0,0.0,0.0,312.0,0.0,0.0,5.0,23.0,-23.0,0.0,0.0,0.0,-3.0,0.0,0.0,-54.0,0.0,0.0,0.0,0.0,3.0,1.0,0.0,1200.0,80.0,87.0,2450.0,2447.0,25.5,12.2,0.0,12.2,23.3,0.0,0.0,39.9,0.0,0.0,6.9,45.3,39.6,0.0,0.0,0.0,0.0,192.0,720.0,189.0,713.0,192.0,710.0,193.0,714.0,0.0,0.0,-27.0,0.0,0.0,23.3,8.0,4.995,0.0,0.0,0.654,0.802,79.8,86.8,0.0,0.0,75.0,R,0.0,86.0,188.6,0.0,0.0,0.0,0.0,377.6,1328.0,372.2,1315.4,377.6,1310.0,379.4,1317.2,0.0,0.0,188.23999999999998,2448.5,376.70000000000005,290.70000000000005,102.23999999999998,1.4398055555555553,79422.85633333331,11.0,140.38,147.98,401.0,True,2026-09-23 18:50:08-07:00
684.06,2,9,2026-09-24 02:01:25,37.03653,-121.58588,1486.0,134.4,324.4,-12.6,1.17,E16,2.8,349.0,0.0,1.5,0.5,314.1,140.9,1503.0,0.4,-0.02,1.0,0.0,-210.0,30.0,148.7,29.84,3661.0,321.0,16.0,150.0,0.0,0.0,0.0,312.0,0.0,0.0,5.0,23.0,-23.0,0.0,0.0,0.0,-3.0,0.0,0.0,-54.0,0.0,0.0,0.0,0.0,3.0,1.0,0.0,1200.0,80.0,87.0,2456.0,2455.0,25.5,12.3,0.0,12.3,23.3,0.0,0.0,39.9,0.0,0.0,6.9,45.3,39.6,0.0,0.0,0.0,0.0,191.0,721.0,188.0,713.0,192.0,710.0,192.0,715.0,0.0,0.0,-27.0,0.0,0.0,23.3,8.0,4.995,0.0,0.0,0.654,0.804,79.9,86.6,0.0,0.0,75.0,R,0.0,86.0,188.6,0.0,0.0,0.0,0.0,375.8,1329.8,370.4,1315.4,377.6,1310.0,377.6,1319.0,0.0,0.0,187.88,2455.5,375.34999999999997,289.34999999999997,101.88,1.4432083333333332,79649.37566666664,10.926829268292682,141.38,149.03,401.0,True,2026-09-23 18:50:08-07:00
685.06,2,9,2026-09-24 02:01:26,37.03704,-121.58633,1483.0,134.5,324.7,-12.6,1.17,E16,2.7,349.3,0.0,1.5,-1.3,313.3,140.5,1499.0,-0.2,-0.02,1.1,0.0,-192.0,30.0,148.3,29.84,3657.0,321.0,16.0,150.0,0.0,0.0,0.0,312.0,0.0,0.0,5.0,23.0,-22.0,0.0,0.0,0.0,-2.0,0.0,0.0,-54.0,0.0,0.0,0.0,0.0,3.0,1.0,0.0,1200.0,80.0,87.0,2450.0,2450.0,25.4,12.2,0.0,12.2,23.4,0.0,0.0,39.9,0.0,0.0,7.1,45.3,39.6,0.0,0.0,0.0,0.0,191.0,721.0,188.0,713.0,192.0,710.0,192.0,714.0,0.0,0.0,-27.0,0.0,0.0,23.4,8.0,4.995,0.0,0.0,0.654,0.803,79.7,86.6,0.0,0.0,75.0,R,0.0,86.0,188.6,0.0,0.0,0.0,0.0,375.8,1329.8,370.4,1315.4,377.6,1310.0,377.6,1317.2,0.0,0.0,187.88,2450.0,375.34999999999997,289.34999999999997,101.88,1.4466111111111108,79876.14799999999,11.024590163934427,140.98,148.59,401.0,True,2026-09-23 18:50:08-07:00
686.06,2,9,2026-09-24 02:01:27,37.03754,-121.58678,1481.0,134.7,324.7,-12.6,1.16,E16,2.7,349.7,0.0,1.3,-0.1,313.5,141.6,1498.0,0.2,-0.02,1.1,0.0,-169.0,30.0,149.3,29.84,3655.0,322.0,16.0,150.0,0.0,0.0,0.0,312.0,0.0,0.0,5.0,23.0,-22.0,0.0,0.0,0.0,-3.0,0.0,0.0,-54.0,0.0,0.0,0.0,0.0,3.0,1.0,0.0,1200.0,80.0,87.0,2450.0,2451.0,25.4,12.2,0.0,12.2,23.2,0.0,0.0,39.9,0.0,0.0,7.3,45.3,39.6,0.0,0.0,0.0,0.0,191.0,720.0,189.0,713.0,192.0,709.0,192.0,714.0,0.0,0.0,-27.0,0.0,0.0,23.2,8.0,4.995,0.0,0.0,0.654,0.806,79.8,86.6,0.0,0.0,75.0,R,0.0,86.0,188.6,0.0,0.0,0.0,0.0,375.8,1328.0,372.2,1315.4,377.6,1308.2,377.6,1317.2,0.0,0.0,187.88,2450.5,375.8,289.8,101.88,1.4499999999999997,80103.17333333331,11.040983606557377,142.07999999999998,149.75,401.0,True,2026-09-23 18:50:08-07:00
687.06,2,9,2026-09-24 02:01:28,37.03806,-121.58723,1480.0,134.7,324.9,-12.6,1.16,E16,2.6,350.0,0.0,1.1,-0.7,313.3,140.8,1494.0,0.1,-0.02,1.0,0.0,-155.0,30.0,148.5,29.84,3651.0,322.0,16.0,150.0,0.0,0.0,0.0,312.0,0.0,0.0,5.0,23.0,-21.0,0.0,0.0,0.0,-3.0,0.0,0.0,-54.0,0.0,0.0,0.0,0.0,3.0,1.0,0.0,1200.0,80.0,87.0,2447.0,2452.0,25.5,12.2,0.0,12.2,23.3,0.0,0.0,39.9,0.0,0.0,7.4,45.3,39.6,0.0,0.0,0.0,0.0,192.0,721.0,188.0,713.0,192.0,709.0,192.0,715.0,0.0,0.0,-27.0,0.0,0.0,23.3,8.0,4.995,0.0,0.0,0.654,0.807,79.6,86.6,0.0,0.0,75.0,R,0.0,86.0,188.6,0.0,0.0,0.0,0.0,377.6,1329.8,370.4,1315.4,377.6,1308.2,377.6,1319.0,0.0,0.0,187.88,2449.5,375.79999999999995,289.79999999999995,101.88,1.4533888888888886,80330.36733333331,11.040983606557377,141.28,148.9,401.0,True,2026-09-23 18:50:08-07:00
688.06,2,9,2026-09-24 02:01:29,37.03856,-121.58768,1480.0,134.6,324.9,-12.6,1.16,E16,2.6,350.4,0.0,0.8,-0.8,313.2,142.1,1494.0,0.0,-0.03,1.0,0.0,-115.0,30.0,149.8,29.84,3650.0,322.0,16.0,150.0,0.0,0.0,0.0,312.0,0.0,0.0,5.0,23.0,-21.0,0.0,0.0,0.0,-3.0,0.0,0.0,-54.0,0.0,0.0,0.0,0.0,3.0,1.0,0.0,1200.0,80.0,87.0,2457.0,2458.0,25.4,12.2,0.0,12.2,23.3,0.0,0.0,39.9,0.0,0.0,7.2,45.3,39.6,0.0,0.0,0.0,0.0,191.0,720.0,188.0,713.0,192.0,709.0,192.0,714.0,0.0,0.0,-27.0,0.0,0.0,23.3,8.0,4.995,0.0,0.0,0.654,0.807,79.9,86.8,0.0,0.0,76.0,R,0.0,86.0,188.6,0.0,0.0,0.0,0.0,375.8,1328.0,370.4,1315.4,377.6,1308.2,377.6,1317.2,0.0,0.0,188.23999999999998,2457.5,375.34999999999997,289.34999999999997,102.23999999999998,1.4567777777777775,80557.47699999998,11.032786885245901,142.57999999999998,150.27,401.0,True,2026-09-23 18:50:08-07:00
689.06,2,9,2026-09-24 02:01:30,37.03907,-121.58813,1480.0,134.6,325.0,-12.6,1.16,E16,2.6,350.7,0.0,0.4,-0.4,313.2,141.3,1493.0,0.2,-0.02,0.9,0.0,-78.0,30.0,149.1,29.84,3649.0,322.0,16.0,150.0,0.0,0.0,0.0,312.0,0.0,0.0,5.0,23.0,-20.0,0.0,0.0,0.0,-3.0,0.0,0.0,-54.0,0.0,0.0,0.0,0.0,3.0,1.0,0.0,1200.0,80.0,87.0,2452.0,2452.0,25.4,12.2,0.0,12.2,23.4,0.0,0.0,39.9,0.0,0.0,7.1,45.3,39.6,0.0,0.0,0.0,0.0,191.0,719.0,188.0,714.0,192.0,709.0,192.0,713.0,0.0,0.0,-27.0,0.0,0.0,23.4,8.0,4.995,0.0,0.0,0.654,0.803,79.6,86.6,0.0,0.0,75.0,R,0.0,86.0,188.6,0.0,0.0,0.0,0.0,375.8,1326.2,370.4,1317.2,377.6,1308.2,377.6,1315.4,0.0,0.0,187.88,2452.0,375.34999999999997,289.34999999999997,101.88,1.4601666666666664,80784.50233333331,11.032786885245901,141.78,149.42,401.0,True,2026-09-23 18:50:08-07:00
690.06,2,9,2026-09-24 02:01:31,37.03959,-121.58857,1477.0,134.8,325.2,-12.6,1.16,E16,2.5,351.1,0.0,0.3,-0.2,313.0,142.2,1492.0,0.0,-0.03,0.9,0.0,-84.0,30.0,149.9,29.84,3648.0,321.0,16.0,150.0,0.0,0.0,0.0,312.0,0.0,0.0,5.0,23.0,-20.0,0.0,0.0,0.0,-3.0,0.0,0.0,-54.0,0.0,0.0,0.0,0.0,3.0,1.0,0.0,1200.0,80.0,87.0,2455.0,2454.0,25.5,12.2,0.0,12.2,23.3,0.0,0.0,39.9,0.0,0.0,7.2,45.3,39.6,0.0,0.0,0.0,0.0,191.0,720.0,188.0,713.0,192.0,708.0,192.0,714.0,0.0,0.0,-27.0,0.0,0.0,23.3,8.0,4.995,0.0,0.0,0.654,0.813,79.9,86.6,0.0,0.0,75.0,R,0.0,86.0,188.6,0.0,0.0,0.0,0.0,375.8,1328.0,370.4,1315.4,377.6,1306.4,377.6,1317.2,0.0,0.0,187.88,2454.5,375.34999999999997,289.34999999999997,101.88,1.4635555555555553,81011.69633333331,11.049180327868854,142.67999999999998,150.37,401.0,True,2026-09-23 18:50:08-07:00
691.06,2,9,2026-09-24 02:01:32,37.0401,-121.58902,1474.0,134.9,325.3,-12.6,1.16,E16,2.5,351.4,0.0,-0.1,0.8,313.3,142.5,1488.0,0.2,-0.03,1.0,0.0,-128.0,30.0,150.3,29.84,3643.0,321.0,16.0,150.0,0.0,0.0,0.0,312.0,0.0,0.0,5.0,23.0,-19.0,0.0,0.0,0.0,-3.0,0.0,0.0,-55.0,0.0,0.0,0.0,0.0,3.0,1.0,0.0,1200.0,80.0,87.0,2456.0,2455.0,25.5,12.2,0.0,12.2,23.4,0.0,0.0,39.9,0.0,0.0,7.3,45.3,39.6,0.0,0.0,0.0,0.0,191.0,721.0,188.0,714.0,192.0,709.0,192.0,715.0,0.0,0.0,-27.0,0.0,0.0,23.4,8.0,4.995,0.0,0.0,0.654,0.806,79.7,86.6,0.0,0.0,76.0,R,0.0,86.0,188.6,0.0,0.0,0.0,0.0,375.8,1329.8,370.4,1317.2,377.6,1308.2,377.6,1319.0,0.0,0.0,187.88,2455.5,375.34999999999997,289.34999999999997,101.88,1.4669444444444442,81239.14333333331,11.05737704918033,142.98,150.67,401.0,True,2026-09-23 18:50:08-07:00
692.06,2,9,2026-09-24 02:01:33,37.04062,-121.58946,1468.0,135.1,325.7,-12.6,1.16,E16,2.5,351.8,0.0,-0.5,-0.3,312.8,143.2,1485.0,-0.1,-0.01,0.9,0.0,-155.0,30.0,151.0,29.84,3640.0,320.0,16.0,150.0,0.0,0.0,0.0,312.0,0.0,0.0,5.0,23.0,-19.0,0.0,0.0,0.0,-3.0,0.0,0.0,-54.0,0.0,0.0,0.0,0.0,3.0,1.0,0.0,1200.0,80.0,87.0,2455.0,2457.0,25.5,12.2,0.0,12.2,23.4,0.0,0.0,39.9,0.0,0.0,7.5,45.3,39.6,0.0,0.0,0.0,0.0,191.0,721.0,188.0,714.0,192.0,709.0,192.0,715.0,0.0,0.0,-27.0,0.0,0.0,23.4,8.0,4.995,0.0,0.0,0.654,0.811,80.0,86.6,0.0,0.0,76.0,R,0.0,86.0,188.6,0.0,0.0,0.0,0.0,375.8,1329.8,370.4,1317.2,377.6,1308.2,377.6,1319.0,0.0,0.0,187.88,2456.0,375.34999999999997,289.34999999999997,101.88,1.470333333333333,81466.84333333331,11.073770491803279,143.67999999999998,151.4,401.0,True,2026-09-23 18:50:08-07:00
693.06,1,9,2026-09-24 02:01:34,37.04113,-121.5899,1460.0,135.4,325.9,-12.6,1.16,E16,2.4,352.2,0.0,-0.7,-1.2,312.9,143.2,1478.0,0.1,-0.02,0.9,0.0,-263.0,30.0,151.0,29.84,3630.0,320.0,16.0,150.0,0.0,0.0,0.0,312.0,0.0,0.0,5.0,23.0,-19.0,0.0,0.0,0.0,-3.0,0.0,0.0,-54.0,0.0,0.0,0.0,0.0,3.0,1.0,0.0,1200.0,80.0,87.0,2458.0,2454.0,25.4,12.2,0.0,12.2,23.2,0.0,0.0,39.9,0.0,0.0,7.3,45.3,39.6,0.0,0.0,0.0,0.0,191.0,721.0,188.0,713.0,192.0,708.0,192.0,715.0,0.0,0.0,-27.0,0.0,0.0,23.2,8.0,4.995,0.0,0.0,0.656,0.809,79.9,86.8,0.0,0.0,76.0,R,0.0,86.0,188.6,0.0,0.0,0.0,0.0,375.8,1329.8,370.4,1315.4,377.6,1306.4,377.6,1319.0,0.0,0.0,188.23999999999998,2456.0,375.34999999999997,289.34999999999997,102.23999999999998,1.473722222222222,81694.96499999998,11.098360655737705,143.67999999999998,151.38,401.0,True,2026-09-23 18:50:08-07:00
694.06,2,9,2026-09-24 02:01:35,37.04166,-121.59034,1454.0,135.9,326.0,-12.6,1.16,E16,2.4,352.6,0.0,-0.6,-0.6,313.3,143.4,1472.0,0.2,-0.03,1.0,0.0,-291.0,30.0,151.2,29.84,3623.0,319.0,16.0,150.0,0.0,0.0,0.0,312.0,0.0,0.0,5.0,23.0,-18.0,0.0,0.0,0.0,-3.0,0.0,0.0,-54.0,0.0,0.0,0.0,0.0,3.0,1.0,0.0,1200.0,80.0,87.0,2454.0,2451.0,25.5,12.2,0.0,12.2,23.3,0.0,0.0,39.9,0.0,0.0,7.1,45.3,39.6,0.0,0.0,0.0,0.0,191.0,721.0,188.0,713.0,191.0,708.0,191.0,714.0,0.0,0.0,-27.0,0.0,0.0,23.3,8.0,4.995,0.0,0.0,0.654,0.812,80.1,86.6,0.0,0.0,76.0,R,0.0,86.0,188.6,0.0,0.0,0.0,0.0,375.8,1329.8,370.4,1315.4,375.8,1306.4,375.8,1317.2,0.0,0.0,187.88,2452.5,374.45,288.45,101.88,1.4771111111111108,81923.76133333331,11.139344262295083,143.88,151.58,401.0,True,2026-09-23 18:50:08-07:00
695.06,2,9,2026-09-24 02:01:36,37.04218,-121.59078,1447.0,136.2,326.1,-12.6,1.16,E16,2.4,353.0,0.0,-0.6,-0.8,313.7,144.0,1468.0,0.2,-0.03,1.0,0.0,-281.0,30.0,151.8,29.84,3618.0,319.0,16.0,150.0,0.0,0.0,0.0,312.0,0.0,0.0,5.0,23.0,-18.0,0.0,0.0,0.0,-3.0,0.0,0.0,-54.0,0.0,0.0,0.0,0.0,3.0,1.0,0.0,1200.0,80.0,87.0,2458.0,2456.0,25.5,12.2,0.0,12.2,23.3,0.0,0.0,39.9,0.0,0.0,7.2,45.3,39.6,0.0,0.0,0.0,0.0,191.0,722.0,188.0,713.0,191.0,708.0,191.0,715.0,0.0,0.0,-27.0,0.0,0.0,23.3,8.0,4.995,0.0,0.0,0.654,0.813,79.8,86.6,0.0,0.0,76.0,R,0.0,86.0,188.6,0.0,0.0,0.0,0.0,375.8,1331.6,370.4,1315.4,375.8,1306.4,375.8,1319.0,0.0,0.0,187.88,2457.0,374.45,288.45,101.88,1.4804999999999997,82153.23233333332,11.163934426229508,144.48,152.2,401.0,True,2026-09-23 18:50:08-07:00
696.06,2,9,2026-09-24 02:01:37,37.04271,-121.59122,1439.0,136.6,326.2,-12.6,1.16,E16,2.3,353.4,0.0,-0.8,-1.5,313.4,145.0,1459.0,0.0,-0.03,1.0,0.0,-377.0,30.0,152.9,29.84,3607.0,319.0,16.0,150.0,0.0,0.0,0.0,312.0,0.0,0.0,5.0,23.0,-18.0,0.0,0.0,0.0,-3.0,0.0,0.0,-54.0,0.0,0.0,0.0,0.0,3.0,1.0,0.0,1200.0,80.0,87.0,2459.0,2460.0,25.5,12.2,0.0,12.2,23.3,0.0,0.0,39.9,0.0,0.0,7.3,45.3,39.6,0.0,0.0,0.0,0.0,191.0,722.0,188.0,713.0,191.0,708.0,191.0,715.0,0.0,0.0,-27.0,0.0,0.0,23.3,8.0,4.995,0.0,0.0,0.654,0.817,80.1,86.7,0.0,0.0,76.0,R,0.0,86.0,188.6,0.0,0.0,0.0,0.0,375.8,1331.6,370.4,1315.4,375.8,1306.4,375.8,1319.0,0.0,0.0,188.06,2459.5,374.45,288.45,102.06,1.4838888888888888,82383.29366666665,11.19672131147541,145.48,153.22,401.0,True,2026-09-23 18:50:08-07:00
697.06,2,9,2026-09-24 02:01:38,37.04323,-121.59166,1431.0,136.9,326.2,-12.6,1.15,E16,2.3,353.9,0.0,-1.0,-0.6,313.7,144.9,1452.0,0.2,-0.04,1.0,0.0,-409.0,30.0,152.7,29.84,3598.0,318.0,16.0,150.0,0.0,0.0,0.0,312.0,0.0,0.0,5.0,23.0,-18.0,0.0,0.0,0.0,-3.0,0.0,0.0,-54.0,0.0,0.0,0.0,0.0,3.0,1.0,0.0,1200.0,80.0,87.0,2456.0,2455.0,25.5,12.2,0.0,12.2,23.2,0.0,0.0,39.9,0.0,0.0,7.5,45.3,39.6,0.0,0.0,0.0,0.0,191.0,722.0,188.0,713.0,191.0,708.0,191.0,715.0,0.0,0.0,-27.0,0.0,0.0,23.2,8.0,4.995,0.0,0.0,0.654,0.807,79.8,86.7,0.0,0.0,76.0,R,0.0,86.0,188.6,0.0,0.0,0.0,0.0,375.8,1331.6,370.4,1315.4,375.8,1306.4,375.8,1319.0,0.0,0.0,188.06,2455.5,374.45,288.45,102.06,1.4872777777777777,82613.94533333331,11.221311475409838,145.38,153.1,401.0,True,2026-09-23 18:50:08-07:00
698.06,2,9,2026-09-24 02:01:39,37.04376,-121.59209,1422.0,137.2,326.5,-12.6,1.15,E16,2.3,354.3,0.0,-1.1,-0.6,312.9,145.8,1444.0,-0.2,-0.02,1.0,0.0,-399.0,30.0,153.6,29.84,3589.0,317.0,16.0,150.0,0.0,0.0,0.0,312.0,0.0,0.0,5.0,23.0,-18.0,0.0,0.0,0.0,-3.0,0.0,0.0,-54.0,0.0,0.0,0.0,0.0,3.0,1.0,0.0,1200.0,80.0,87.0,2458.0,2458.0,25.5,12.3,0.0,12.3,23.3,0.0,0.0,39.9,0.0,0.0,7.4,45.3,39.6,0.0,0.0,0.0,0.0,191.0,722.0,188.0,714.0,191.0,708.0,191.0,716.0,0.0,0.0,-27.0,0.0,0.0,23.3,8.0,4.995,0.0,0.0,0.654,0.812,79.6,86.8,0.0,0.0,76.0,R,0.0,86.0,188.6,0.0,0.0,0.0,0.0,375.8,1331.6,370.4,1317.2,375.8,1306.4,375.8,1320.8,0.0,0.0,188.23999999999998,2458.0,374.45,288.45,102.23999999999998,1.4906805555555553,82845.10299999997,11.154471544715445,146.28,154.03,401.0,True,2026-09-23 18:50:08-07:00
699.06,2,9,2026-09-24 02:01:40,37.04429,-121.59254,1413.0,137.6,326.8,-12.6,1.15,E16,2.2,354.8,0.0,-1.0,0.1,313.4,145.7,1437.0,0.3,-0.03,1.0,0.0,-422.0,30.0,153.5,29.84,3580.0,317.0,16.0,150.0,0.0,0.0,0.0,312.0,0.0,0.0,5.0,23.0,-19.0,0.0,0.0,0.0,-3.0,0.0,0.0,-54.0,0.0,0.0,0.0,0.0,3.0,1.0,0.0,1200.0,80.0,87.0,2456.0,2456.0,25.5,12.3,0.0,12.3,23.3,0.0,0.0,39.9,0.0,0.0,7.1,45.3,39.6,0.0,0.0,0.0,0.0,191.0,722.0,188.0,714.0,191.0,708.0,191.0,715.0,0.0,0.0,-27.0,0.0,0.0,23.3,8.0,4.995,0.0,0.0,0.654,0.823,79.8,86.6,0.0,0.0,76.0,R,0.0,86.0,188.6,0.0,0.0,0.0,0.0,375.8,1331.6,370.4,1317.2,375.8,1306.4,375.8,1319.0,0.0,0.0,187.88,2456.0,374.45,288.45,101.88,1.494097222222222,83076.85099999998,11.186991869918698,146.17999999999998,153.9,401.0,True,2026-09-23 18:50:08-07:00
700.06,2,9,2026-09-24 02:01:41,37.04483,-121.59297,1407.0,137.7,327.0,-12.6,1.15,E16,2.2,355.2,0.0,-0.4,0.1,313.7,146.2,1429.0,0.3,-0.04,1.0,0.0,-444.0,30.0,154.1,29.84,3571.0,316.0,16.0,150.0,0.0,0.0,0.0,312.0,0.0,0.0,5.0,23.0,-19.0,0.0,0.0,0.0,-3.0,0.0,0.0,-54.0,0.0,0.0,0.0,0.0,3.0,1.0,0.0,1200.0,80.0,87.0,2457.0,2456.0,25.5,12.3,0.0,12.3,23.3,0.0,0.0,39.9,0.0,0.0,7.2,45.3,39.6,0.0,0.0,0.0,0.0,190.0,723.0,187.0,714.0,191.0,708.0,191.0,715.0,0.0,0.0,-27.0,0.0,0.0,23.3,8.0,4.995,0.0,0.0,0.654,0.818,80.0,86.6,0.0,0.0,76.0,R,0.0,86.0,188.6,0.0,0.0,0.0,0.0,374.0,1333.4,368.6,1317.2,375.8,1306.4,375.8,1319.0,0.0,0.0,187.88,2456.5,373.55,287.55,101.88,1.4975138888888888,83309.02066666665,11.19512195121951,146.67999999999998,154.4,401.0,True,2026-09-23 18:50:08-07:00
701.06,2,9,2026-09-24 02:01:42,37.04536,-121.5934,1401.0,137.8,327.3,-12.6,1.15,E16,2.2,355.7,0.0,0.0,-0.2,313.7,146.6,1422.0,0.2,-0.04,1.1,0.0,-426.0,30.0,154.4,29.84,3562.0,315.0,16.0,150.0,0.0,0.0,0.0,312.0,0.0,0.0,5.0,23.0,-19.0,0.0,0.0,0.0,-3.0,0.0,0.0,-54.0,0.0,0.0,0.0,0.0,3.0,1.0,0.0,1200.0,80.0,87.0,2461.0,2461.0,25.5,12.3,0.0,12.3,23.2,0.0,0.0,39.9,0.0,0.0,7.3,45.3,39.6,0.0,0.0,0.0,0.0,190.0,723.0,187.0,714.0,191.0,709.0,191.0,715.0,0.0,0.0,-27.0,0.0,0.0,23.2,8.0,4.995,0.0,0.0,0.654,0.809,80.0,86.6,0.0,0.0,76.0,R,0.0,86.0,188.6,0.0,0.0,0.0,0.0,374.0,1333.4,368.6,1317.2,375.8,1308.2,375.8,1319.0,0.0,0.0,187.88,2461.0,373.55,287.55,101.88,1.5009305555555554,83541.35899999998,11.203252032520325,147.07999999999998,154.81,401.0,True,2026-09-23 18:50:08-07:00
702.06,2,9,2026-09-24 02:01:43,37.0459,-121.59383,1398.0,137.6,327.5,-12.6,1.14,E16,2.1,356.2,0.0,0.1,-1.0,313.8,146.0,1417.0,0.3,-0.03,1.0,0.0,-353.0,30.0,153.7,29.84,3558.0,315.0,16.0,150.0,0.0,0.0,0.0,312.0,0.0,0.0,5.0,23.0,-18.0,0.0,0.0,0.0,-3.0,0.0,0.0,-54.0,0.0,0.0,0.0,0.0,3.0,1.0,0.0,1200.0,80.0,87.0,2451.0,2450.0,25.5,12.3,0.0,12.3,23.3,0.0,0.0,39.9,0.0,0.0,7.5,45.3,39.6,0.0,0.0,0.0,0.0,190.0,722.0,187.0,714.0,191.0,708.0,191.0,715.0,0.0,0.0,-27.0,0.0,0.0,23.3,8.0,4.995,0.0,0.0,0.654,0.811,79.7,86.6,0.0,0.0,76.0,R,0.0,86.0,188.6,0.0,0.0,0.0,0.0,374.0,1331.6,368.6,1317.2,375.8,1306.4,375.8,1319.0,0.0,0.0,187.88,2450.5,373.55,287.55,101.88,1.504347222222222,83773.61299999998,11.186991869918698,146.48,154.16,401.0,True,2026-09-23 18:50:08-07:00
703.06,2,9,2026-09-24 02:01:44,37.04644,-121.59425,1398.0,137.4,327.8,-12.6,1.14,E16,2.1,356.7,0.0,0.3,-0.8,313.4,146.0,1417.0,-0.0,-0.04,0.9,0.0,-224.0,30.0,153.8,29.84,3555.0,314.0,16.0,150.0,0.0,0.0,0.0,312.0,0.0,0.0,5.0,23.0,-18.0,0.0,0.0,0.0,-3.0,0.0,0.0,-55.0,0.0,0.0,0.0,0.0,3.0,1.0,0.0,1200.0,80.0,87.0,2451.0,2452.0,25.6,12.3,0.0,12.3,23.3,0.0,0.0,39.9,0.0,0.0,7.4,45.3,39.6,0.0,0.0,0.0,0.0,190.0,722.0,187.0,714.0,191.0,708.0,191.0,715.0,0.0,0.0,-27.0,0.0,0.0,23.3,8.0,4.995,0.0,0.0,0.654,0.83,80.4,86.8,0.0,0.0,76.0,R,0.0,86.0,188.6,0.0,0.0,0.0,0.0,374.0,1331.6,368.6,1317.2,375.8,1306.4,375.8,1319.0,0.0,0.0,188.23999999999998,2451.5,373.55,287.55,102.23999999999998,1.5077638888888887,84005.52966666664,11.170731707317072,146.48,154.16,401.0,True,2026-09-23 18:50:08-07:00
704.06,2,9,2026-09-24 02:01:45,37.04698,-121.59468,1397.0,137.1,327.9,-12.6,1.14,E16,2.1,357.2,0.0,0.2,1.1,314.1,146.0,1416.0,0.4,-0.05,1.0,0.0,-164.0,30.0,153.8,29.84,3555.0,313.0,16.0,150.0,0.0,0.0,0.0,312.0,0.0,0.0,5.0,23.0,-17.0,0.0,0.0,0.0,-3.0,0.0,0.0,-54.0,0.0,0.0,0.0,0.0,3.0,1.0,0.0,1200.0,80.0,87.0,2452.0,2450.0,25.5,12.3,0.0,12.3,23.3,0.0,0.0,39.9,0.0,0.0,7.2,45.3,39.6,0.0,0.0,0.0,0.0,190.0,722.0,187.0,715.0,191.0,709.0,191.0,715.0,0.0,0.0,-27.0,0.0,0.0,23.3,8.0,4.995,0.0,0.0,0.656,0.825,79.7,86.7,0.0,0.0,76.0,R,0.0,86.0,188.6,0.0,0.0,0.0,0.0,374.0,1331.6,368.6,1319.0,375.8,1308.2,375.8,1319.0,0.0,0.0,188.06,2451.0,373.55,287.55,102.06,1.5111805555555553,84237.02466666665,11.146341463414632,146.48,154.16,401.0,True,2026-09-23 18:50:08-07:00
705.06,2,9,2026-09-24 02:01:46,37.04752,-121.59509,1395.0,136.9,328.3,-12.6,1.14,E16,2.0,357.7,0.0,0.4,0.7,314.1,145.5,1414.0,0.2,-0.02,0.9,0.0,-128.0,30.0,153.3,29.84,3555.0,312.0,16.0,150.0,0.0,0.0,0.0,312.0,0.0,0.0,5.0,23.0,-17.0,0.0,0.0,0.0,-3.0,0.0,0.0,-55.0,0.0,0.0,0.0,0.0,3.0,1.0,0.0,1200.0,80.0,87.0,2459.0,2458.0,25.5,12.3,0.0,12.3,23.3,0.0,0.0,39.9,0.0,0.0,7.2,45.3,39.6,0.0,0.0,0.0,0.0,190.0,723.0,187.0,715.0,190.0,709.0,190.0,716.0,0.0,0.0,-27.0,0.0,0.0,23.3,8.0,4.995,0.0,0.0,0.654,0.826,79.9,86.6,0.0,0.0,76.0,R,0.0,86.0,188.6,0.0,0.0,0.0,0.0,374.0,1333.4,368.6,1319.0,374.0,1308.2,374.0,1320.8,0.0,0.0,187.88,2458.5,372.65,286.65,101.88,1.514597222222222,84468.09799999998,11.130081300813007,145.98,153.63,401.0,True,2026-09-23 18:50:08-07:00
706.06,2,9,2026-09-24 02:01:47,37.04806,-121.5955,1391.0,136.7,328.9,-12.6,1.13,E16,2.0,358.2,0.0,-0.1,0.5,314.0,147.0,1411.0,0.1,-0.03,1.1,0.0,-177.0,30.0,154.9,29.84,3552.0,311.0,16.0,150.0,0.0,0.0,0.0,312.0,0.0,0.0,5.0,23.0,-16.0,0.0,0.0,0.0,-3.0,0.0,0.0,-54.0,0.0,0.0,0.0,0.0,3.0,1.0,0.0,1200.0,80.0,87.0,2456.0,2458.0,25.6,12.3,0.0,12.3,23.3,0.0,0.0,39.9,0.0,0.0,7.4,45.3,39.6,0.0,0.0,0.0,0.0,190.0,723.0,187.0,714.0,190.0,709.0,190.0,716.0,0.0,0.0,-27.0,0.0,0.0,23.3,8.0,4.995,0.0,0.0,0.654,0.825,79.7,86.6,0.0,0.0,76.0,R,0.0,86.0,188.6,0.0,0.0,0.0,0.0,374.0,1333.4,368.6,1317.2,374.0,1308.2,374.0,1320.8,0.0,0.0,187.88,2457.0,372.65,286.65,101.88,1.5180138888888888,84698.83399999997,11.11382113821138,147.48,155.2,401.0,True,2026-09-23 18:50:08-07:00
707.06,2,9,2026-09-24 02:01:48,37.0486,-121.59591,1388.0,136.6,329.3,-12.6,1.13,E16,2.0,358.8,0.0,-0.4,1.4,314.3,146.3,1408.0,0.4,-0.04,0.9,0.0,-149.0,30.0,154.1,29.84,3552.0,310.0,16.0,150.0,0.0,0.0,0.0,312.0,0.0,0.0,5.0,23.0,-16.0,0.0,0.0,0.0,-3.0,0.0,0.0,-55.0,0.0,0.0,0.0,0.0,3.0,1.0,0.0,1200.0,80.0,87.0,2449.0,2449.0,25.6,12.3,0.0,12.3,23.4,0.0,0.0,39.9,0.0,0.0,7.5,45.3,39.6,0.0,0.0,0.0,0.0,190.0,723.0,187.0,714.0,190.0,709.0,190.0,715.0,0.0,0.0,-27.0,0.0,0.0,23.4,8.0,4.995,0.0,0.0,0.654,0.825,79.9,86.6,0.0,0.0,76.0,R,0.0,86.0,188.6,0.0,0.0,0.0,0.0,374.0,1333.4,368.6,1317.2,374.0,1308.2,374.0,1319.0,0.0,0.0,187.88,2449.0,372.65,286.65,101.88,1.5214305555555554,84929.31699999998,11.105691056910567,146.78,154.45,401.0,True,2026-09-23 18:50:08-07:00
708.06,2,9,2026-09-24 02:01:49,37.04915,-121.59631,1384.0,136.4,329.8,-12.6,1.13,E16,1.9,359.3,0.0,-0.4,1.6,314.6,146.2,1406.0,0.4,-0.03,0.9,0.0,-168.0,30.0,154.0,29.84,3552.0,309.0,16.0,150.0,0.0,0.0,0.0,312.0,0.0,0.0,5.0,23.0,-15.0,0.0,0.0,0.0,-3.0,0.0,0.0,-54.0,0.0,0.0,0.0,0.0,3.0,1.0,0.0,1200.0,80.0,87.0,2453.0,2453.0,25.6,12.3,0.0,12.3,23.3,0.0,0.0,39.9,0.0,0.0,7.5,45.3,39.6,0.0,0.0,0.0,0.0,190.0,723.0,187.0,714.0,191.0,709.0,190.0,716.0,0.0,0.0,-27.0,0.0,0.0,23.3,8.0,4.995,0.0,0.0,0.654,0.808,79.8,86.8,0.0,0.0,76.0,R,0.0,86.0,188.6,0.0,0.0,0.0,0.0,374.0,1333.4,368.6,1317.2,375.8,1308.2,374.0,1320.8,0.0,0.0,188.23999999999998,2453.0,373.1,287.1,102.23999999999998,1.524847222222222,85159.54699999998,11.089430894308943,146.67999999999998,154.34,401.0,True,2026-09-23 18:50:08-07:00
709.06,1,9,2026-09-24 02:01:50,37.04969,-121.5967,1380.0,136.3,330.5,-12.6,1.12,E16,1.9,359.8,0.0,-0.4,0.2,314.4,146.6,1400.0,0.2,-0.03,1.0,0.0,-234.0,30.0,154.4,29.84,3545.0,307.0,16.0,150.0,0.0,0.0,0.0,312.0,0.0,0.0,5.0,22.0,-15.0,0.0,0.0,0.0,-3.0,0.0,0.0,-54.0,0.0,0.0,0.0,0.0,3.0,1.0,0.0,1200.0,80.0,87.0,2459.0,2457.0,25.6,12.3,0.0,12.3,23.4,0.0,0.0,39.9,0.0,0.0,7.2,45.3,39.6,0.0,0.0,0.0,0.0,190.0,723.0,187.0,714.0,190.0,708.0,190.0,716.0,0.0,0.0,-27.0,0.0,0.0,23.4,8.0,4.995,0.0,0.0,0.654,0.835,80.0,86.7,0.0,0.0,76.0,R,0.0,86.0,188.6,0.0,0.0,0.0,0.0,374.0,1333.4,368.6,1317.2,374.0,1306.4,374.0,1320.8,0.0,0.0,188.06,2458.0,372.65,286.65,102.06,1.5282638888888886,85389.52399999998,11.08130081300813,147.07999999999998,154.74,401.0,True,2026-09-23 18:50:08-07:00
710.06,2,9,2026-09-24 02:01:51,37.05025,-121.59709,1377.0,136.2,330.9,-12.6,1.12,E16,1.9,0.4,0.0,-0.6,1.0,315.0,146.2,1397.0,0.4,-0.04,1.0,0.0,-228.0,30.0,154.0,29.84,3541.0,306.0,17.0,150.0,0.0,0.0,0.0,312.0,0.0,0.0,5.0,22.0,-15.0,0.0,0.0,0.0,-3.0,0.0,0.0,-54.0,0.0,0.0,0.0,0.0,3.0,1.0,0.0,1200.0,80.0,87.0,2453.0,2452.0,25.6,12.3,0.0,12.3,23.3,0.0,0.0,39.8,0.0,0.0,7.2,45.3,39.6,0.0,0.0,0.0,0.0,190.0,723.0,187.0,714.0,190.0,708.0,190.0,715.0,0.0,0.0,-27.0,0.0,0.0,23.3,8.0,4.995,0.0,0.0,0.654,0.842,80.0,86.6,0.0,0.0,76.0,R,0.0,86.0,188.6,0.0,0.0,0.0,0.0,374.0,1333.4,368.6,1317.2,374.0,1306.4,374.0,1319.0,0.0,0.0,187.88,2452.5,372.65,286.65,101.88,1.5316805555555553,85619.33233333331,11.073170731707316,146.67999999999998,154.31,401.0,True,2026-09-23 18:50:08-07:00
711.06,2,9,2026-09-24 02:01:52,37.0508,-121.59747,1373.0,136.2,331.4,-12.6,1.11,E16,1.8,1.0,0.0,-0.4,1.0,315.3,146.7,1394.0,0.3,-0.03,1.0,0.0,-220.0,30.0,154.4,29.84,3537.0,305.0,17.0,150.0,0.0,0.0,0.0,312.0,0.0,0.0,5.0,22.0,-14.0,0.0,0.0,0.0,-3.0,0.0,0.0,-55.0,0.0,0.0,0.0,0.0,3.0,1.0,0.0,1200.0,80.0,87.0,2454.0,2453.0,25.6,12.2,0.0,12.2,23.3,0.0,0.0,39.8,0.0,0.0,7.4,45.3,39.6,0.0,0.0,0.0,0.0,189.0,722.0,187.0,714.0,190.0,708.0,190.0,715.0,0.0,0.0,-27.0,0.0,0.0,23.3,8.0,4.995,0.0,0.0,0.654,0.833,80.0,86.6,0.0,0.0,76.0,R,0.0,86.0,188.6,0.0,0.0,0.0,0.0,372.2,1331.6,368.6,1317.2,374.0,1306.4,374.0,1319.0,0.0,0.0,187.88,2453.5,372.2,286.2,101.88,1.5350833333333331,85849.05633333331,11.163934426229508,147.17999999999998,154.83,401.0,True,2026-09-23 18:50:08-07:00
712.06,2,9,2026-09-24 02:01:53,37.05136,-121.59784,1370.0,136.1,332.0,-12.6,1.11,E16,1.8,1.6,0.0,-0.1,0.9,315.7,146.1,1389.0,0.3,-0.03,1.0,0.0,-216.0,30.0,153.8,29.84,3532.0,304.0,17.0,150.0,0.0,0.0,0.0,312.0,0.0,0.0,5.0,22.0,-14.0,0.0,0.0,0.0,-3.0,0.0,0.0,-54.0,0.0,0.0,0.0,0.0,3.0,1.0,0.0,1200.0,80.0,87.0,2449.0,2451.0,25.6,12.3,0.0,12.3,23.3,0.0,0.0,39.8,0.0,0.0,7.5,45.3,39.6,0.0,0.0,0.0,0.0,189.0,723.0,186.0,714.0,190.0,709.0,190.0,715.0,0.0,0.0,-27.0,0.0,0.0,23.3,8.0,4.995,0.0,0.0,0.654,0.82,79.7,86.6,0.0,0.0,76.0,R,0.0,86.0,188.6,0.0,0.0,0.0,0.0,372.2,1333.4,366.8,1317.2,374.0,1308.2,374.0,1319.0,0.0,0.0,187.88,2450.0,371.75,285.75,101.88,1.538486111111111,86078.69599999998,11.065040650406504,146.57999999999998,154.19,401.0,True,2026-09-23 18:50:08-07:00
713.06,2,9,2026-09-24 02:01:54,37.05191,-121.59821,1366.0,136.1,332.5,-12.6,1.1,E16,1.8,2.2,0.0,-0.0,1.7,316.2,145.3,1385.0,0.4,-0.03,1.0,0.0,-245.0,30.0,152.9,29.84,3526.0,303.0,17.0,150.0,0.0,0.0,0.0,312.0,0.0,0.0,5.0,22.0,-14.0,0.0,0.0,0.0,-3.0,0.0,0.0,-54.0,0.0,0.0,0.0,0.0,3.0,1.0,0.0,1200.0,80.0,87.0,2451.0,2451.0,25.6,12.3,0.0,12.3,23.3,0.0,0.0,39.8,0.0,0.0,7.5,45.3,39.6,0.0,0.0,0.0,0.0,190.0,723.0,187.0,714.0,190.0,709.0,190.0,716.0,0.0,0.0,-27.0,0.0,0.0,23.3,8.0,4.995,0.0,0.0,0.654,0.815,80.0,86.8,0.0,0.0,76.0,R,0.0,86.0,188.6,0.0,0.0,0.0,0.0,374.0,1333.4,368.6,1317.2,374.0,1308.2,374.0,1320.8,0.0,0.0,188.23999999999998,2451.0,372.65,286.65,102.23999999999998,1.5419027777777776,86308.25133333332,11.065040650406504,145.78,153.33,401.0,True,2026-09-23 18:50:08-07:00
714.06,2,9,2026-09-24 02:01:55,37.05247,-121.59856,1361.0,136.2,333.2,-12.6,1.1,E16,1.7,2.8,0.0,0.4,0.5,316.7,145.1,1380.0,0.4,-0.03,1.0,0.0,-259.0,30.0,152.7,29.84,3520.0,302.0,17.0,150.0,0.0,0.0,0.0,312.0,0.0,0.0,5.0,22.0,-14.0,0.0,0.0,0.0,-3.0,0.0,0.0,-54.0,0.0,0.0,0.0,0.0,3.0,1.0,0.0,1200.0,80.0,87.0,2448.0,2448.0,25.6,12.3,0.0,12.3,23.3,0.0,0.0,39.8,0.0,0.0,7.3,45.3,39.6,0.0,0.0,0.0,0.0,190.0,723.0,187.0,714.0,190.0,709.0,190.0,716.0,0.0,0.0,-27.0,0.0,0.0,23.3,8.0,4.995,0.0,0.0,0.654,0.82,79.8,86.7,0.0,0.0,76.0,R,0.0,86.0,188.6,0.0,0.0,0.0,0.0,374.0,1333.4,368.6,1317.2,374.0,1308.2,374.0,1320.8,0.0,0.0,188.06,2448.0,372.65,286.65,102.06,1.5453194444444442,86537.89099999997,11.073170731707316,145.57999999999998,153.11,401.0,True,2026-09-23 18:50:08-07:00
715.06,2,9,2026-09-24 02:01:56,37.05304,-121.59892,1357.0,136.2,333.6,-12.6,1.09,E16,1.7,3.4,0.0,0.5,-0.6,317.2,145.3,1376.0,0.3,-0.03,1.0,0.0,-225.0,30.0,152.9,29.84,3516.0,301.0,17.0,150.0,0.0,0.0,0.0,312.0,0.0,0.0,5.0,22.0,-13.0,0.0,0.0,0.0,-3.0,0.0,0.0,-54.0,0.0,0.0,0.0,0.0,3.0,1.0,0.0,1200.0,80.0,87.0,2449.0,2447.0,25.6,12.3,0.0,12.3,23.4,0.0,0.0,39.8,0.0,0.0,7.2,45.3,39.6,0.0,0.0,0.0,0.0,189.0,722.0,186.0,714.0,190.0,708.0,190.0,715.0,0.0,0.0,-27.0,0.0,0.0,23.4,8.0,4.995,0.0,0.0,0.654,0.811,80.2,86.5,0.0,0.0,76.0,R,0.0,86.0,188.6,0.0,0.0,0.0,0.0,372.2,1331.6,366.8,1317.2,374.0,1306.4,374.0,1319.0,0.0,0.0,187.7,2448.0,371.75,285.75,101.69999999999999,1.5487361111111109,86767.61499999998,11.073170731707316,145.78,153.31,401.0,True,2026-09-23 18:50:08-07:00
716.06,2,9,2026-09-24 02:01:57,37.05361,-121.59927,1353.0,136.2,333.8,-12.6,1.08,E16,1.7,4.0,0.0,0.6,-1.2,317.8,145.7,1373.0,0.3,-0.04,1.0,0.0,-233.0,30.0,153.3,29.84,3512.0,300.0,17.0,150.0,0.0,0.0,0.0,312.0,0.0,0.0,5.0,22.0,-13.0,0.0,0.0,0.0,-3.0,0.0,0.0,-54.0,0.0,0.0,0.0,0.0,3.0,1.0,0.0,1200.0,80.0,86.0,2452.0,2454.0,25.6,12.3,0.0,12.3,23.3,0.0,0.0,39.8,0.0,0.0,7.3,45.3,39.6,0.0,0.0,0.0,0.0,189.0,723.0,186.0,714.0,190.0,708.0,189.0,716.0,0.0,0.0,-27.0,0.0,0.0,23.3,8.0,4.995,0.0,0.0,0.654,0.822,80.4,86.5,0.0,0.0,76.0,R,0.0,86.0,186.8,0.0,0.0,0.0,0.0,372.2,1333.4,366.8,1317.2,374.0,1306.4,372.2,1320.8,0.0,0.0,187.7,2453.0,371.3,285.3,101.69999999999999,1.5521527777777775,86997.33899999998,11.073170731707316,146.17999999999998,153.72,401.0,True,2026-09-23 18:50:08-07:00
717.06,2,9,2026-09-24 02:01:58,37.05417,-121.59962,1351.0,136.1,334.1,-12.6,1.08,E16,1.6,4.7,0.0,0.8,-1.7,317.7,145.9,1368.0,0.0,-0.03,1.0,0.0,-258.0,30.0,153.6,29.84,3505.0,299.0,17.0,150.0,0.0,0.0,0.0,312.0,0.0,0.0,5.0,22.0,-13.0,0.0,0.0,0.0,-3.0,0.0,0.0,-54.0,0.0,0.0,0.0,0.0,3.0,1.0,0.0,1200.0,80.0,86.0,2457.0,2455.0,25.6,12.3,0.0,12.3,23.3,0.0,0.0,39.8,0.0,0.0,7.5,45.3,39.6,0.0,0.0,0.0,0.0,189.0,723.0,186.0,715.0,190.0,708.0,189.0,716.0,0.0,0.0,-27.0,0.0,0.0,23.3,8.0,4.995,0.0,0.0,0.654,0.796,80.1,86.5,0.0,0.0,76.0,R,0.0,86.0,186.8,0.0,0.0,0.0,0.0,372.2,1333.4,366.8,1319.0,374.0,1306.4,372.2,1320.8,0.0,0.0,187.7,2456.0,371.3,285.3,101.69999999999999,1.5555694444444443,87226.97866666665,11.065040650406504,146.38,153.92,401.0,True,2026-09-23 18:50:08-07:00
718.06,2,9,2026-09-24 02:01:59,37.05474,-121.59996,1348.0,135.9,334.2,-12.6,1.07,E16,1.6,5.4,0.0,0.5,-1.1,317.8,145.9,1364.0,0.1,-0.03,1.0,0.0,-254.0,30.0,153.5,29.84,3500.0,299.0,18.0,150.0,0.0,0.0,0.0,312.0,0.0,0.0,5.0,21.0,-12.0,0.0,0.0,0.0,-3.0,0.0,0.0,-54.0,0.0,0.0,0.0,0.0,3.0,1.0,0.0,1200.0,80.0,87.0,2449.0,2448.0,25.6,12.3,0.0,12.3,23.4,0.0,0.0,39.8,0.0,0.0,7.5,45.3,39.6,0.0,0.0,0.0,0.0,189.0,723.0,186.0,715.0,190.0,708.0,190.0,716.0,0.0,0.0,-27.0,0.0,0.0,23.4,8.0,4.995,0.0,0.0,0.654,0.792,80.4,86.6,0.0,0.0,76.0,R,0.0,86.0,188.6,0.0,0.0,0.0,0.0,372.2,1333.4,366.8,1319.0,374.0,1306.4,374.0,1320.8,0.0,0.0,187.88,2448.5,371.75,285.75,101.88,1.558986111111111,87456.3653333333,11.048780487804878,146.38,153.91,401.0,True,2026-09-23 18:50:08-07:00
719.06,2,9,2026-09-24 02:02:00,37.05531,-121.6003,1346.0,135.7,334.4,-12.6,1.06,E16,1.6,6.1,0.0,0.6,-2.0,317.6,145.4,1362.0,-0.0,-0.02,1.0,0.0,-181.0,30.0,153.1,29.84,3498.0,298.0,18.0,150.0,0.0,0.0,0.0,312.0,0.0,0.0,5.0,21.0,-12.0,0.0,0.0,0.0,-3.0,0.0,0.0,-54.0,0.0,0.0,0.0,0.0,3.0,1.0,0.0,1200.0,80.0,87.0,2449.0,2450.0,25.6,12.3,0.0,12.3,23.3,0.0,0.0,39.8,0.0,0.0,7.3,45.3,39.6,0.0,0.0,0.0,0.0,189.0,723.0,186.0,715.0,190.0,709.0,189.0,715.0,0.0,0.0,-27.0,0.0,0.0,23.3,8.0,4.995,0.0,0.0,0.654,0.792,80.1,86.6,0.0,0.0,76.0,R,0.0,86.0,188.6,0.0,0.0,0.0,0.0,372.2,1333.4,366.8,1319.0,374.0,1308.2,372.2,1319.0,0.0,0.0,187.88,2449.5,371.3,285.3,101.88,1.5624027777777776,87685.41466666665,11.03252032520325,145.88,153.37,401.0,True,2026-09-23 18:50:08-07:00
720.06,2,9,2026-09-24 02:02:01,37.05587,-121.60064,1344.0,135.6,334.6,-12.6,1.06,E16,1.6,6.8,0.0,0.7,-2.6,317.3,145.3,1361.0,-0.1,-0.03,1.0,0.0,-152.0,30.0,152.9,29.84,3496.0,297.0,18.0,150.0,0.0,0.0,0.0,312.0,0.0,0.0,5.0,21.0,-11.0,0.0,0.0,0.0,-3.0,0.0,0.0,-54.0,0.0,0.0,0.0,0.0,3.0,1.0,0.0,1200.0,80.0,86.0,2454.0,2453.0,25.6,12.3,0.0,12.3,23.4,0.0,0.0,39.8,0.0,0.0,7.2,45.3,39.6,0.0,0.0,0.0,0.0,189.0,723.0,186.0,714.0,189.0,709.0,189.0,716.0,0.0,0.0,-27.0,0.0,0.0,23.4,8.0,4.995,0.0,0.0,0.654,0.806,79.7,86.4,0.0,0.0,76.0,R,0.0,86.0,186.8,0.0,0.0,0.0,0.0,372.2,1333.4,366.8,1317.2,372.2,1308.2,372.2,1320.8,0.0,0.0,187.52,2453.5,370.85,284.85,101.52000000000001,1.5658194444444442,87914.21099999998,11.024390243902438,145.78,153.27,401.0,True,2026-09-23 18:50:08-07:00
721.06,2,9,2026-09-24 02:02:02,37.05644,-121.60098,1343.0,135.3,334.5,-12.6,1.05,E16,1.5,7.6,0.0,0.9,-2.2,318.0,144.5,1359.0,0.2,-0.03,1.1,0.0,-146.0,30.0,152.1,29.84,3494.0,297.0,18.0,150.0,0.0,0.0,0.0,312.0,0.0,0.0,5.0,21.0,-11.0,0.0,0.0,0.0,-3.0,0.0,0.0,-54.0,0.0,0.0,0.0,0.0,3.0,1.0,0.0,1200.0,80.0,86.0,2448.0,2447.0,25.6,12.3,0.0,12.3,23.3,0.0,0.0,39.8,0.0,0.0,7.3,45.3,39.6,0.0,0.0,0.0,0.0,189.0,723.0,186.0,714.0,189.0,709.0,189.0,716.0,0.0,0.0,-27.0,0.0,0.0,23.3,8.0,4.995,0.0,0.0,0.654,0.811,80.0,86.4,0.0,0.0,76.0,R,0.0,86.0,186.8,0.0,0.0,0.0,0.0,372.2,1333.4,366.8,1317.2,372.2,1308.2,372.2,1320.8,0.0,0.0,187.52,2447.5,370.85,284.85,101.52000000000001,1.5692361111111108,88142.66999999998,11.0,144.98,152.42,401.0,True,2026-09-23 18:50:08-07:00
722.06,2,9,2026-09-24 02:02:03,37.05701,-121.60131,1343.0,135.2,334.6,-12.6,1.04,E16,1.5,8.4,0.0,1.1,-2.5,317.7,143.1,1357.0,-0.1,-0.0,1.0,0.0,-118.0,30.0,150.6,29.84,3492.0,296.0,18.0,150.0,0.0,0.0,0.0,312.0,0.0,0.0,5.0,21.0,-10.0,0.0,0.0,0.0,-3.0,0.0,0.0,-54.0,0.0,0.0,0.0,0.0,3.0,1.0,0.0,1200.0,80.0,86.0,2439.0,2441.0,25.6,12.3,0.0,12.3,23.3,0.0,0.0,39.8,0.0,0.0,7.4,45.3,39.6,0.0,0.0,0.0,0.0,189.0,723.0,186.0,714.0,189.0,709.0,189.0,715.0,0.0,0.0,-27.0,0.0,0.0,23.3,8.0,4.995,0.0,0.0,0.654,0.808,79.7,86.3,0.0,0.0,76.0,R,0.0,86.0,186.8,0.0,0.0,0.0,0.0,372.2,1333.4,366.8,1317.2,372.2,1308.2,372.2,1319.0,0.0,0.0,187.33999999999997,2440.0,370.85,284.85,101.33999999999997,1.5726527777777777,88370.79166666664,10.991869918699186,143.57999999999998,150.94,401.0,True,2026-09-23 18:50:08-07:00
723.06,2,9,2026-09-24 02:02:04,37.05757,-121.60165,1342.0,135.0,334.6,-12.6,1.04,E16,1.5,9.2,0.0,1.9,-1.6,319.0,143.2,1357.0,0.2,-0.04,1.1,0.0,-52.0,30.0,150.7,29.84,3492.0,296.0,18.0,150.0,0.0,0.0,0.0,312.0,0.0,0.0,5.0,21.0,-10.0,0.0,0.0,0.0,-3.0,0.0,0.0,-54.0,0.0,0.0,0.0,0.0,3.0,1.0,0.0,1200.0,80.0,86.0,2453.0,2451.0,25.6,12.3,0.0,12.3,23.3,0.0,0.0,39.8,0.0,0.0,7.5,45.3,39.6,0.0,0.0,0.0,0.0,189.0,723.0,186.0,714.0,189.0,710.0,189.0,715.0,0.0,0.0,-27.0,0.0,0.0,23.3,8.0,4.995,0.0,0.0,0.654,0.818,80.0,86.4,0.0,0.0,76.0,R,0.0,86.0,186.8,0.0,0.0,0.0,0.0,372.2,1333.4,366.8,1317.2,372.2,1310.0,372.2,1319.0,0.0,0.0,187.52,2452.0,370.85,284.85,101.52000000000001,1.5760694444444443,88598.66033333332,10.97560975609756,143.67999999999998,151.05,401.0,True,2026-09-23 18:50:08-07:00
724.06,2,9,2026-09-24 02:02:05,37.05814,-121.60198,1345.0,134.5,334.4,-12.6,1.03,E16,1.4,10.0,0.0,2.2,-1.5,319.3,144.0,1357.0,0.0,-0.04,1.0,0.0,-45.0,30.0,151.5,29.84,3492.0,296.0,18.0,150.0,0.0,0.0,0.0,312.0,0.0,0.0,5.0,21.0,-9.0,0.0,0.0,0.0,-2.0,0.0,0.0,-54.0,0.0,0.0,0.0,0.0,3.0,0.0,0.0,1200.0,80.0,86.0,2449.0,2450.0,25.6,12.3,0.0,12.3,23.3,0.0,0.0,39.8,0.0,0.0,7.3,45.3,39.6,0.0,0.0,0.0,0.0,189.0,722.0,186.0,713.0,189.0,710.0,189.0,715.0,0.0,0.0,-27.0,0.0,0.0,23.3,8.0,4.995,0.0,0.0,0.654,0.806,79.9,86.5,0.0,0.0,76.0,R,0.0,86.0,186.8,0.0,0.0,0.0,0.0,372.2,1331.6,366.8,1315.4,372.2,1310.0,372.2,1319.0,0.0,0.0,187.7,2449.5,370.85,284.85,101.69999999999999,1.579486111111111,88825.93866666664,10.934959349593495,144.48,151.89,401.0,True,2026-09-23 18:50:08-07:00
725.06,2,9,2026-09-24 02:02:06,37.0587,-121.60232,1350.0,134.0,334.5,-12.6,1.02,E16,1.4,10.9,0.0,2.1,0.4,319.9,142.8,1357.0,0.3,-0.03,1.0,0.0,63.0,30.0,150.2,29.84,3482.0,296.0,18.0,150.0,0.0,0.0,0.0,312.0,0.0,0.0,5.0,20.0,-9.0,0.0,0.0,0.0,-2.0,0.0,0.0,-54.0,0.0,0.0,0.0,0.0,3.0,1.0,0.0,1200.0,80.0,86.0,2446.0,2446.0,25.6,12.3,0.0,12.3,23.3,0.0,0.0,39.8,0.0,0.0,7.2,45.3,39.6,0.0,0.0,0.0,0.0,188.0,722.0,186.0,714.0,189.0,710.0,189.0,715.0,0.0,0.0,-27.0,0.0,0.0,23.3,8.0,4.995,0.0,0.0,0.654,0.789,79.9,86.3,0.0,0.0,76.0,R,0.0,86.0,186.8,0.0,0.0,0.0,0.0,370.4,1331.6,366.8,1317.2,372.2,1310.0,372.2,1319.0,0.0,0.0,187.33999999999997,2446.0,370.4,284.4,101.33999999999997,1.5829027777777775,89052.37366666665,10.894308943089431,143.28,150.63,401.0,True,2026-09-23 18:50:08-07:00
726.06,2,9,2026-09-24 02:02:07,37.05926,-121.60265,1355.0,133.5,334.6,-12.6,1.02,E16,1.4,11.8,0.0,2.1,-0.5,320.0,143.6,1357.0,0.1,-0.03,1.0,0.0,111.0,30.0,151.1,29.84,3482.0,297.0,18.0,150.0,0.0,0.0,0.0,312.0,0.0,0.0,5.0,20.0,-8.0,0.0,0.0,0.0,-2.0,0.0,0.0,-54.0,0.0,0.0,0.0,0.0,3.0,1.0,0.0,1200.0,80.0,86.0,2452.0,2450.0,25.6,12.3,0.0,12.3,23.2,0.0,0.0,39.8,0.0,0.0,7.3,45.3,39.6,0.0,0.0,0.0,0.0,188.0,722.0,186.0,715.0,189.0,711.0,188.0,716.0,0.0,0.0,-27.0,0.0,0.0,23.2,8.0,4.995,0.0,0.0,0.654,0.804,79.9,86.3,0.0,0.0,76.0,R,0.0,86.0,186.8,0.0,0.0,0.0,0.0,370.4,1331.6,366.8,1319.0,372.2,1311.8,370.4,1320.8,0.0,0.0,187.33999999999997,2451.0,369.94999999999993,283.94999999999993,101.33999999999997,1.5863194444444442,89277.96533333331,10.853658536585366,144.07999999999998,151.47,401.0,True,2026-09-23 18:50:08-07:00
727.06,2,9,2026-09-24 02:02:08,37.05982,-121.60297,1360.0,133.0,335.0,-12.6,1.01,E16,1.3,12.8,0.0,1.7,-0.1,319.3,143.0,1359.0,-0.2,-0.01,0.9,0.0,152.0,30.0,150.5,29.84,3482.0,297.0,18.0,150.0,0.0,0.0,0.0,312.0,0.0,0.0,5.0,20.0,-7.0,0.0,0.0,0.0,-2.0,0.0,0.0,-54.0,0.0,0.0,0.0,0.0,3.0,1.0,0.0,1200.0,80.0,86.0,2457.0,2455.0,25.6,12.3,0.0,12.3,23.3,0.0,0.0,39.8,0.0,0.0,7.4,45.3,39.6,0.0,0.0,0.0,0.0,188.0,722.0,185.0,714.0,189.0,710.0,188.0,716.0,0.0,0.0,-27.0,0.0,0.0,23.3,8.0,4.995,0.0,0.0,0.654,0.819,79.6,86.3,0.0,0.0,76.0,R,0.0,86.0,186.8,0.0,0.0,0.0,0.0,370.4,1331.6,365.0,1317.2,372.2,1310.0,370.4,1320.8,0.0,0.0,187.33999999999997,2456.0,369.5,283.5,101.33999999999997,1.589736111111111,89502.71366666665,10.8130081300813,143.48,150.84,401.0,True,2026-09-23 18:50:08-07:00
728.06,2,9,2026-09-24 02:02:09,37.06038,-121.6033,1362.0,132.7,335.2,-12.6,1.0,E16,1.3,13.8,0.0,1.4,0.1,319.6,141.8,1362.0,0.2,-0.02,1.0,0.0,126.0,30.0,149.2,29.84,3477.0,297.0,18.0,150.0,0.0,0.0,0.0,312.0,0.0,0.0,5.0,20.0,-6.0,0.0,0.0,0.0,-3.0,0.0,0.0,-54.0,0.0,0.0,0.0,0.0,3.0,1.0,0.0,1200.0,80.0,86.0,2445.0,2445.0,25.6,12.3,0.0,12.3,23.2,0.0,0.0,39.8,0.0,0.0,7.5,45.3,39.6,0.0,0.0,0.0,0.0,188.0,722.0,185.0,714.0,189.0,709.0,188.0,715.0,0.0,0.0,-27.0,0.0,0.0,23.2,8.0,4.995,0.0,0.0,0.654,0.807,80.2,86.4,0.0,0.0,76.0,R,0.0,86.0,186.8,0.0,0.0,0.0,0.0,370.4,1331.6,365.0,1317.2,372.2,1308.2,370.4,1319.0,0.0,0.0,187.52,2445.0,369.5,283.5,101.52000000000001,1.5931527777777776,89726.78733333331,10.78861788617886,142.28,149.59,401.0,True,2026-09-23 18:50:08-07:00
729.06,2,9,2026-09-24 02:02:10,37.06093,-121.60362,1363.0,132.5,335.5,-12.6,0.99,E16,1.3,14.8,0.0,1.9,0.8,320.1,140.7,1363.0,0.3,-0.02,1.0,0.0,122.0,30.0,148.1,29.84,3480.0,297.0,18.0,150.0,0.0,0.0,0.0,312.0,0.0,0.0,5.0,20.0,-6.0,0.0,0.0,0.0,-2.0,0.0,0.0,-54.0,0.0,0.0,0.0,0.0,3.0,1.0,0.0,1200.0,80.0,86.0,2440.0,2441.0,25.6,12.3,0.0,12.3,23.3,0.0,0.0,39.8,0.0,0.0,7.4,45.3,39.6,0.0,0.0,0.0,0.0,188.0,722.0,185.0,714.0,189.0,710.0,188.0,716.0,0.0,0.0,-27.0,0.0,0.0,23.3,8.0,4.995,0.0,0.0,0.654,0.807,80.0,86.5,0.0,0.0,76.0,R,0.0,86.0,186.8,0.0,0.0,0.0,0.0,370.4,1331.6,365.0,1317.2,372.2,1310.0,370.4,1320.8,0.0,0.0,187.7,2440.5,369.5,283.5,101.69999999999999,1.5965694444444443,89950.43933333331,10.772357723577235,141.17999999999998,148.44,401.0,True,2026-09-23 18:50:08-07:00
730.06,2,9,2026-09-24 02:02:11,37.06149,-121.60394,1363.0,132.3,335.8,-12.6,0.99,E16,1.3,15.9,0.0,1.9,-0.4,320.3,141.2,1366.0,0.1,-0.02,1.0,0.0,150.0,30.0,148.6,29.84,3481.0,297.0,18.0,150.0,0.0,0.0,0.0,312.0,0.0,0.0,5.0,20.0,-5.0,0.0,0.0,0.0,-2.0,0.0,0.0,-54.0,0.0,0.0,0.0,0.0,3.0,1.0,0.0,1200.0,80.0,86.0,2452.0,2449.0,25.6,12.3,0.0,12.3,23.4,0.0,0.0,39.8,0.0,0.0,7.2,45.3,39.6,0.0,0.0,0.0,0.0,188.0,721.0,185.0,715.0,188.0,709.0,188.0,717.0,0.0,0.0,-27.0,0.0,0.0,23.4,8.0,4.995,0.0,0.0,0.654,0.801,79.9,86.3,0.0,0.0,76.0,R,0.0,86.0,186.8,0.0,0.0,0.0,0.0,370.4,1329.8,365.0,1319.0,370.4,1308.2,370.4,1322.6,0.0,0.0,187.33999999999997,2450.5,369.04999999999995,283.04999999999995,101.33999999999997,1.5999861111111109,90173.75399999999,10.75609756097561,141.67999999999998,148.97,401.0,True,2026-09-23 18:50:08-07:00
731.06,2,9,2026-09-24 02:02:12,37.06205,-121.60425,1365.0,132.2,336.0,-12.6,0.98,E16,1.2,17.0,0.0,1.8,0.7,320.9,141.4,1366.0,0.3,-0.03,1.0,0.0,89.0,30.0,148.7,29.84,3481.0,297.0,18.0,150.0,0.0,0.0,0.0,312.0,0.0,0.0,5.0,20.0,-4.0,0.0,0.0,0.0,-2.0,0.0,0.0,-54.0,0.0,0.0,0.0,0.0,3.0,1.0,0.0,1200.0,80.0,86.0,2451.0,2447.0,25.5,12.3,0.0,12.3,23.4,0.0,0.0,39.8,0.0,0.0,7.2,45.3,39.6,0.0,0.0,0.0,0.0,188.0,721.0,185.0,714.0,188.0,709.0,188.0,716.0,0.0,0.0,-27.0,0.0,0.0,23.4,8.0,4.995,0.0,0.0,0.654,0.793,79.8,86.3,0.0,0.0,76.0,R,0.0,86.0,186.8,0.0,0.0,0.0,0.0,370.4,1329.8,365.0,1317.2,370.4,1308.2,370.4,1320.8,0.0,0.0,187.33999999999997,2449.0,369.04999999999995,283.04999999999995,101.33999999999997,1.6034027777777775,90396.81566666665,10.747967479674795,141.88,149.18,401.0,True,2026-09-23 18:50:08-07:00
732.06,2,9,2026-09-24 02:02:13,37.06261,-121.60456,1366.0,132.0,336.4,-12.6,0.97,E16,1.2,18.1,0.0,1.6,0.8,321.0,141.8,1368.0,0.2,-0.02,1.0,0.0,101.0,30.0,149.3,29.84,3481.0,298.0,18.0,150.0,0.0,0.0,0.0,312.0,0.0,0.0,5.0,19.0,-3.0,0.0,0.0,0.0,-2.0,0.0,0.0,-54.0,0.0,0.0,0.0,0.0,3.0,1.0,0.0,1200.0,80.0,86.0,2452.0,2449.0,25.5,12.3,0.0,12.3,23.4,0.0,0.0,39.8,0.0,0.0,7.4,45.3,39.6,0.0,0.0,0.0,0.0,188.0,722.0,185.0,714.0,188.0,709.0,188.0,717.0,0.0,0.0,-27.0,0.0,0.0,23.4,8.0,4.995,0.0,0.0,0.654,0.789,80.1,86.3,0.0,0.0,76.0,R,0.0,86.0,186.8,0.0,0.0,0.0,0.0,370.4,1331.6,365.0,1317.2,370.4,1308.2,370.4,1322.6,0.0,0.0,187.33999999999997,2450.5,369.04999999999995,283.04999999999995,101.33999999999997,1.6068194444444444,90619.62433333331,10.73170731707317,142.28,149.61,401.0,True,2026-09-23 18:50:08-07:00
733.06,1,9,2026-09-24 02:02:14,37.06319,-121.60485,1374.0,131.9,336.8,-12.6,0.96,E16,1.2,19.3,0.0,1.5,0.8,321.2,141.2,1370.0,0.2,-0.02,1.0,0.0,98.0,30.0,148.6,29.84,3486.0,298.0,18.0,150.0,0.0,0.0,0.0,312.0,0.0,0.0,5.0,19.0,-3.0,0.0,0.0,0.0,-2.0,0.0,0.0,-54.0,0.0,0.0,0.0,0.0,3.0,1.0,0.0,1200.0,80.0,86.0,2446.0,2447.0,25.6,12.3,0.0,12.3,23.3,0.0,0.0,39.8,0.0,0.0,7.5,45.3,39.6,0.0,0.0,0.0,0.0,188.0,722.0,185.0,714.0,188.0,709.0,188.0,716.0,0.0,0.0,-27.0,0.0,0.0,23.3,8.0,4.995,0.0,0.0,0.654,0.8,79.7,86.3,0.0,0.0,76.0,R,0.0,86.0,186.8,0.0,0.0,0.0,0.0,370.4,1331.6,365.0,1317.2,370.4,1308.2,370.4,1320.8,0.0,0.0,187.33999999999997,2446.5,369.04999999999995,283.04999999999995,101.33999999999997,1.610236111111111,90842.17999999998,10.723577235772357,141.67999999999998,148.98,401.0,True,2026-09-23 18:50:08-07:00
734.06,2,9,2026-09-24 02:02:15,37.06374,-121.60516,1368.0,131.8,337.1,-12.6,0.96,E16,1.1,20.6,0.0,1.7,0.2,321.6,140.6,1371.0,0.3,-0.04,1.0,0.0,66.0,30.0,147.9,29.84,3486.0,298.0,18.0,150.0,0.0,0.0,0.0,312.0,0.0,0.0,5.0,19.0,-2.0,0.0,0.0,0.0,-3.0,0.0,0.0,-54.0,0.0,0.0,0.0,0.0,3.0,1.0,0.0,1200.0,80.0,86.0,2446.0,2446.0,25.5,12.3,0.0,12.3,23.3,0.0,0.0,39.8,0.0,0.0,7.4,45.3,39.6,0.0,0.0,0.0,0.0,188.0,722.0,185.0,715.0,188.0,710.0,188.0,716.0,0.0,0.0,-27.0,0.0,0.0,23.3,8.0,4.995,0.0,0.0,0.654,0.792,80.0,86.5,0.0,0.0,76.0,R,0.0,86.0,186.8,0.0,0.0,0.0,0.0,370.4,1331.6,365.0,1319.0,370.4,1310.0,370.4,1320.8,0.0,0.0,187.7,2446.0,369.04999999999995,283.04999999999995,101.69999999999999,1.6136527777777776,91064.56699999998,10.715447154471544,141.07999999999998,148.35,401.0,True,2026-09-23 18:50:08-07:00
735.06,2,9,2026-09-24 02:02:16,37.0643,-121.60545,1368.0,131.7,337.1,-12.6,0.95,E16,1.1,21.8,0.0,1.5,1.8,323.2,140.1,1371.0,0.8,-0.05,1.0,0.0,45.0,30.0,147.4,29.84,3486.0,299.0,18.0,150.0,0.0,0.0,0.0,312.0,0.0,0.0,5.0,19.0,-1.0,0.0,0.0,0.0,-3.0,0.0,0.0,-54.0,0.0,0.0,0.0,0.0,3.0,1.0,0.0,1200.0,80.0,86.0,2444.0,2445.0,25.5,12.3,0.0,12.3,23.3,0.0,0.0,39.8,0.0,0.0,7.2,45.3,39.6,0.0,0.0,0.0,0.0,188.0,722.0,185.0,715.0,188.0,710.0,188.0,716.0,0.0,0.0,-27.0,0.0,0.0,23.3,8.0,4.995,0.0,0.0,0.654,0.798,79.8,86.3,0.0,0.0,76.0,R,0.0,86.0,186.8,0.0,0.0,0.0,0.0,370.4,1331.6,365.0,1319.0,370.4,1310.0,370.4,1320.8,0.0,0.0,187.33999999999997,2444.5,369.04999999999995,283.04999999999995,101.33999999999997,1.6170694444444442,91286.78533333332,10.70731707317073,140.57999999999998,147.83,401.0,True,2026-09-23 18:50:08-07:00
736.06,2,9,2026-09-24 02:02:17,37.06487,-121.60574,1370.0,131.7,337.7,-12.6,0.94,E16,1.1,23.2,0.0,1.8,-0.1,322.7,139.7,1371.0,0.0,-0.01,1.1,0.0,56.0,30.0,147.0,29.84,3488.0,299.0,18.0,150.0,0.0,0.0,0.0,312.0,0.0,0.0,5.0,19.0,-1.0,0.0,0.0,0.0,-3.0,0.0,0.0,-54.0,0.0,0.0,0.0,0.0,3.0,1.0,0.0,1200.0,80.0,86.0,2448.0,2447.0,25.5,12.3,0.0,12.3,23.3,0.0,0.0,39.8,0.0,0.0,7.3,45.3,39.6,0.0,0.0,0.0,0.0,187.0,722.0,185.0,715.0,188.0,709.0,188.0,716.0,0.0,0.0,-27.0,0.0,0.0,23.3,8.0,4.995,0.0,0.0,0.654,0.791,79.8,86.2,0.0,0.0,76.0,R,0.0,86.0,186.8,0.0,0.0,0.0,0.0,368.6,1331.6,365.0,1319.0,370.4,1308.2,370.4,1320.8,0.0,0.0,187.16000000000003,2447.5,368.6,282.6,101.16000000000003,1.6204861111111108,91508.91933333331,10.70731707317073,140.17999999999998,147.41,401.0,True,2026-09-23 18:50:08-07:00
737.06,2,9,2026-09-24 02:02:18,37.06543,-121.60603,1370.0,131.6,338.0,-12.6,0.93,E16,1.1,24.6,0.0,1.8,-1.1,322.8,140.2,1371.0,0.0,-0.02,1.0,0.0,51.0,30.0,147.5,29.84,3488.0,299.0,18.0,150.0,0.0,0.0,0.0,312.0,0.0,0.0,5.0,19.0,0.0,0.0,0.0,0.0,-3.0,0.0,0.0,-54.0,0.0,0.0,0.0,0.0,3.0,1.0,0.0,1200.0,80.0,86.0,2450.0,2452.0,25.5,12.3,0.0,12.3,23.3,0.0,0.0,39.8,0.0,0.0,7.4,45.3,39.6,0.0,0.0,0.0,0.0,187.0,723.0,185.0,714.0,188.0,709.0,187.0,716.0,0.0,0.0,-27.0,0.0,0.0,23.3,8.0,4.995,0.0,0.0,0.654,0.787,79.9,86.2,0.0,0.0,76.0,R,0.0,86.0,186.8,0.0,0.0,0.0,0.0,368.6,1333.4,365.0,1317.2,370.4,1308.2,368.6,1320.8,0.0,0.0,187.16000000000003,2451.0,368.15,282.15,101.16000000000003,1.6239027777777777,91730.96899999998,10.699186991869917,140.67999999999998,147.93,401.0,True,2026-09-23 18:50:08-07:00
738.06,2,9,2026-09-24 02:02:19,37.06599,-121.60632,1369.0,131.6,338.1,-12.6,0.92,E16,1.0,26.0,0.0,1.6,-0.4,322.6,139.9,1372.0,0.0,-0.04,1.0,0.0,44.0,30.0,147.2,29.84,3488.0,299.0,18.0,150.0,0.0,0.0,0.0,312.0,0.0,0.0,5.0,18.0,0.0,0.0,0.0,0.0,-3.0,0.0,0.0,-54.0,0.0,0.0,0.0,0.0,3.0,1.0,0.0,1200.0,80.0,86.0,2447.0,2447.0,25.5,12.3,0.0,12.3,23.3,0.0,0.0,39.8,0.0,0.0,7.6,45.3,39.6,0.0,0.0,0.0,0.0,187.0,722.0,184.0,714.0,188.0,709.0,187.0,715.0,0.0,0.0,-27.0,0.0,0.0,23.3,8.0,4.995,0.0,0.0,0.654,0.797,80.2,86.3,0.0,0.0,76.0,R,0.0,86.0,186.8,0.0,0.0,0.0,0.0,368.6,1331.6,363.2,1317.2,370.4,1308.2,368.6,1319.0,0.0,0.0,187.33999999999997,2447.0,367.70000000000005,281.70000000000005,101.33999999999997,1.6273194444444443,91952.93433333331,10.699186991869917,140.38,147.62,401.0,True,2026-09-23 18:50:08-07:00
739.06,2,9,2026-09-24 02:02:20,37.06656,-121.6066,1369.0,131.6,338.3,-12.6,0.91,E16,1.0,27.6,0.0,1.4,1.9,322.7,139.8,1372.0,0.2,-0.03,0.9,0.0,-9.0,30.0,147.1,29.84,3489.0,299.0,18.0,150.0,0.0,0.0,0.0,312.0,0.0,0.0,5.0,18.0,1.0,0.0,0.0,0.0,-2.0,0.0,0.0,-54.0,0.0,0.0,0.0,0.0,3.0,1.0,0.0,1200.0,80.0,86.0,2448.0,2449.0,25.5,12.3,0.0,12.3,23.3,0.0,0.0,39.7,0.0,0.0,7.5,45.3,39.6,0.0,0.0,0.0,0.0,187.0,722.0,185.0,713.0,188.0,708.0,187.0,715.0,0.0,0.0,-27.0,0.0,0.0,23.3,8.0,4.995,0.0,0.0,0.654,0.785,79.8,86.4,0.0,0.0,76.0,R,0.0,86.0,186.8,0.0,0.0,0.0,0.0,368.6,1331.6,365.0,1315.4,370.4,1306.4,368.6,1319.0,0.0,0.0,187.52,2448.5,368.15,282.15,101.52000000000001,1.630736111111111,92174.89966666665,10.699186991869917,140.28,147.51,401.0,True,2026-09-23 18:50:08-07:00
740.06,2,9,2026-09-24 02:02:21,37.06713,-121.60687,1368.0,131.7,339.0,-12.6,0.9,E16,1.0,29.2,0.0,1.3,2.0,323.0,139.9,1372.0,0.3,-0.02,1.0,0.0,-19.0,30.0,147.2,29.84,3489.0,299.0,18.0,150.0,0.0,0.0,0.0,312.0,0.0,0.0,5.0,18.0,0.0,0.0,0.0,0.0,-2.0,0.0,0.0,-54.0,0.0,0.0,0.0,0.0,3.0,1.0,0.0,1200.0,80.0,86.0,2447.0,2447.0,25.5,12.3,0.0,12.3,23.3,0.0,0.0,39.7,0.0,0.0,7.2,45.3,39.6,0.0,0.0,0.0,0.0,187.0,721.0,184.0,712.0,188.0,708.0,187.0,715.0,0.0,0.0,-27.0,0.0,0.0,23.3,8.0,4.995,0.0,0.0,0.654,0.781,79.9,86.2,0.0,0.0,76.0,R,0.0,86.0,186.8,0.0,0.0,0.0,0.0,368.6,1329.8,363.2,1313.6,370.4,1306.4,368.6,1319.0,0.0,0.0,187.16000000000003,2447.0,367.70000000000005,281.70000000000005,101.16000000000003,1.6341527777777776,92396.94933333331,10.70731707317073,140.38,147.62,401.0,True,2026-09-23 18:50:08-07:00
741.06,2,9,2026-09-24 02:02:22,37.0677,-121.60715,1368.0,131.9,339.6,-12.6,0.89,E16,1.0,30.8,0.0,1.2,2.2,323.3,140.5,1372.0,0.3,-0.02,1.0,0.0,-15.0,30.0,147.8,29.84,3489.0,299.0,18.0,150.0,0.0,0.0,0.0,312.0,0.0,0.0,5.0,18.0,0.0,0.0,0.0,0.0,-2.0,0.0,0.0,-54.0,0.0,0.0,0.0,0.0,3.0,1.0,0.0,1200.0,80.0,86.0,2452.0,2452.0,25.6,12.3,0.0,12.3,23.4,0.0,0.0,39.7,0.0,0.0,7.2,45.3,39.6,0.0,0.0,0.0,0.0,187.0,721.0,184.0,712.0,188.0,708.0,187.0,714.0,0.0,0.0,-27.0,0.0,0.0,23.4,8.0,4.995,0.0,0.0,0.654,0.793,79.8,86.1,0.0,0.0,76.0,R,0.0,86.0,186.8,0.0,0.0,0.0,0.0,368.6,1329.8,363.2,1313.6,370.4,1306.4,368.6,1317.2,0.0,0.0,186.98,2452.0,367.70000000000005,281.70000000000005,100.97999999999999,1.6375694444444442,92619.25199999998,10.723577235772357,140.98,148.25,401.0,True,2026-09-23 18:50:08-07:00
742.06,2,9,2026-09-24 02:02:23,37.06828,-121.60741,1366.0,132.0,340.2,-12.6,0.88,E16,0.9,32.6,0.0,0.8,4.1,324.5,140.7,1372.0,0.8,-0.03,1.0,0.0,-40.0,30.0,148.1,29.84,3480.0,299.0,18.0,150.0,0.0,0.0,0.0,312.0,0.0,0.0,5.0,18.0,0.0,0.0,0.0,0.0,-2.0,0.0,0.0,-54.0,0.0,0.0,0.0,0.0,3.0,1.0,0.0,1200.0,80.0,86.0,2453.0,2453.0,25.5,12.3,0.0,12.3,23.4,0.0,0.0,39.7,0.0,0.0,7.4,45.3,39.6,0.0,0.0,0.0,0.0,187.0,722.0,184.0,714.0,188.0,708.0,187.0,715.0,0.0,0.0,-27.0,0.0,0.0,23.4,8.0,4.995,0.0,0.0,0.656,0.812,80.1,86.1,0.0,0.0,76.0,R,0.0,86.0,186.8,0.0,0.0,0.0,0.0,368.6,1331.6,363.2,1317.2,370.4,1306.4,368.6,1319.0,0.0,0.0,186.98,2453.0,367.70000000000005,281.70000000000005,100.97999999999999,1.640986111111111,92841.80766666665,10.73170731707317,141.17999999999998,148.46,401.0,True,2026-09-23 18:50:08-07:00
743.06,2,9,2026-09-24 02:02:24,37.06885,-121.60767,1363.0,132.2,340.9,-12.6,0.87,E16,0.9,34.3,0.0,0.6,4.7,325.5,141.3,1372.0,0.8,-0.03,0.9,0.0,-58.0,30.0,148.7,29.84,3480.0,299.0,18.0,150.0,0.0,0.0,0.0,312.0,0.0,0.0,5.0,17.0,0.0,0.0,0.0,0.0,-2.0,0.0,0.0,-54.0,0.0,0.0,0.0,0.0,3.0,1.0,0.0,1200.0,80.0,86.0,2454.0,2454.0,25.6,12.3,0.0,12.3,23.3,0.0,0.0,39.7,0.0,0.0,7.6,45.3,39.6,0.0,0.0,0.0,0.0,187.0,722.0,184.0,713.0,188.0,708.0,187.0,715.0,0.0,0.0,-27.0,0.0,0.0,23.3,8.0,4.995,0.0,0.0,0.654,0.798,79.7,86.1,0.0,0.0,76.0,R,0.0,86.0,186.8,0.0,0.0,0.0,0.0,368.6,1331.6,363.2,1315.4,370.4,1306.4,368.6,1319.0,0.0,0.0,186.98,2454.0,367.70000000000005,281.70000000000005,100.97999999999999,1.6444027777777777,93064.61633333331,10.747967479674795,141.78,149.09,401.0,True,2026-09-23 18:50:08-07:00
744.06,2,9,2026-09-24 02:02:25,37.06944,-121.60791,1361.0,132.4,341.9,-12.6,0.86,E16,0.9,36.2,0.0,0.7,7.0,325.7,141.3,1372.0,0.6,-0.02,1.0,0.0,-91.0,30.0,148.6,29.84,3480.0,299.0,18.0,150.0,0.0,0.0,0.0,312.0,0.0,0.0,5.0,17.0,0.0,0.0,0.0,0.0,-1.0,0.0,0.0,-54.0,0.0,0.0,0.0,0.0,3.0,1.0,0.0,1200.0,80.0,86.0,2451.0,2452.0,25.5,12.3,0.0,12.3,23.3,0.0,0.0,39.7,0.0,0.0,7.5,45.3,39.6,0.0,0.0,0.0,0.0,187.0,722.0,184.0,714.0,187.0,709.0,187.0,716.0,0.0,0.0,-27.0,0.0,0.0,23.3,8.0,4.995,0.0,0.0,0.654,0.789,80.1,86.3,0.0,0.0,76.0,R,0.0,86.0,186.8,0.0,0.0,0.0,0.0,368.6,1331.6,363.2,1317.2,368.6,1308.2,368.6,1320.8,0.0,0.0,187.33999999999997,2451.5,367.25,281.25,101.33999999999997,1.6478194444444443,93287.76233333332,10.764227642276422,141.78,149.09,401.0,True,2026-09-23 18:50:08-07:00
745.06,2,9,2026-09-24 02:02:26,37.07002,-121.60814,1359.0,132.6,343.3,-12.6,0.85,E16,0.9,38.1,0.0,1.0,10.9,326.5,141.2,1372.0,0.8,0.0,1.0,0.0,-100.0,30.0,148.6,29.84,3479.0,299.0,18.0,150.0,0.0,0.0,0.0,312.0,0.0,0.0,5.0,17.0,0.0,0.0,0.0,0.0,-1.0,0.0,0.0,-54.0,0.0,0.0,0.0,0.0,3.0,1.0,0.0,1200.0,80.0,86.0,2449.0,2449.0,25.6,12.3,0.0,12.3,23.3,0.0,0.0,39.7,0.0,0.0,7.2,45.3,39.6,0.0,0.0,0.0,0.0,187.0,722.0,184.0,714.0,187.0,708.0,187.0,716.0,0.0,0.0,-27.0,0.0,0.0,23.3,8.0,4.995,0.0,0.0,0.654,0.784,80.2,86.2,0.0,0.0,76.0,R,0.0,86.0,186.8,0.0,0.0,0.0,0.0,368.6,1331.6,363.2,1317.2,368.6,1306.4,368.6,1320.8,0.0,0.0,187.16000000000003,2449.0,367.25,281.25,101.16000000000003,1.651236111111111,93511.24566666664,10.780487804878048,141.67999999999998,148.99,401.0,True,2026-09-23 18:50:08-07:00
746.06,2,9,2026-09-24 02:02:27,37.07061,-121.60835,1358.0,132.7,345.1,-12.6,0.84,E16,0.9,40.1,0.0,0.9,15.0,328.8,142.5,1370.0,1.6,-0.01,1.0,0.0,-111.0,30.0,150.0,29.84,3476.0,299.0,18.0,150.0,0.0,0.0,0.0,312.0,0.0,0.0,5.0,17.0,0.0,0.0,0.0,0.0,-1.0,0.0,0.0,-54.0,0.0,0.0,0.0,0.0,3.0,1.0,0.0,1200.0,80.0,86.0,2463.0,2462.0,25.6,12.3,0.0,12.3,23.3,0.0,0.0,39.7,0.0,0.0,7.3,45.3,39.6,0.0,0.0,0.0,0.0,187.0,723.0,184.0,714.0,187.0,708.0,187.0,716.0,0.0,0.0,-27.0,0.0,0.0,23.3,8.0,4.995,0.0,0.0,0.654,0.79,79.9,86.1,0.0,0.0,76.0,R,0.0,86.0,186.8,0.0,0.0,0.0,0.0,368.6,1333.4,363.2,1317.2,368.6,1306.4,368.6,1320.8,0.0,0.0,186.98,2462.5,367.25,281.25,100.97999999999999,1.6546527777777775,93734.98199999997,10.78861788617886,142.98,150.35,401.0,True,2026-09-23 18:50:08-07:00
747.06,2,9,2026-09-24 02:02:28,37.07121,-121.60853,1355.0,133.0,347.6,-12.6,0.82,E16,0.8,42.2,0.0,1.0,18.1,331.6,142.2,1368.0,2.4,-0.03,1.1,0.0,-114.0,30.0,149.6,29.84,3474.0,299.0,18.0,150.0,0.0,0.0,0.0,312.0,0.0,0.0,5.0,16.0,0.0,0.0,0.0,0.0,-2.0,0.0,0.0,-54.0,0.0,0.0,0.0,0.0,3.0,1.0,0.0,1200.0,80.0,86.0,2453.0,2452.0,25.5,12.3,0.0,12.3,23.3,0.0,0.0,39.7,0.0,0.0,7.4,45.3,39.6,0.0,0.0,0.0,0.0,187.0,723.0,184.0,714.0,187.0,709.0,187.0,715.0,0.0,0.0,-27.0,0.0,0.0,23.3,8.0,4.995,0.0,0.0,0.654,0.782,80.2,86.1,0.0,0.0,76.0,R,0.0,86.0,186.8,0.0,0.0,0.0,0.0,368.6,1333.4,363.2,1317.2,368.6,1308.2,368.6,1319.0,0.0,0.0,186.98,2452.5,367.25,281.25,100.97999999999999,1.6580694444444444,93959.05566666665,10.8130081300813,142.67999999999998,150.03,401.0,True,2026-09-23 18:50:08-07:00
748.06,2,9,2026-09-24 02:02:29,37.07182,-121.60867,1353.0,133.3,350.5,-12.6,0.81,E16,0.8,44.2,0.0,0.9,18.3,333.9,141.6,1366.0,2.4,-0.03,0.8,0.0,-111.0,30.0,149.0,29.84,3472.0,299.0,18.0,150.0,0.0,0.0,0.0,312.0,0.0,0.0,5.0,16.0,0.0,0.0,0.0,0.0,-2.0,0.0,0.0,-54.0,0.0,0.0,0.0,0.0,3.0,1.0,0.0,1200.0,80.0,86.0,2449.0,2450.0,25.6,12.3,0.0,12.3,23.3,0.0,0.0,39.7,0.0,0.0,7.5,45.3,39.6,0.0,0.0,0.0,0.0,187.0,724.0,184.0,714.0,187.0,709.0,187.0,715.0,0.0,0.0,-27.0,0.0,0.0,23.3,8.0,4.995,0.0,0.0,0.654,0.781,80.3,86.1,0.0,0.0,76.0,R,0.0,86.0,186.8,0.0,0.0,0.0,0.0,368.6,1335.2,363.2,1317.2,368.6,1308.2,368.6,1319.0,0.0,0.0,186.98,2449.5,367.25,281.25,100.97999999999999,1.661486111111111,94183.63533333331,10.83739837398374,142.07999999999998,149.39,401.0,True,2026-09-23 18:50:08-07:00
749.06,2,9,2026-09-24 02:02:12,37.07243,-121.60878,1350.0,133.8,352.9,-12.6,0.79,E16,0.8,46.3,0.0,0.5,17.2,337.5,141.7,1363.0,3.0,-0.04,1.0,0.0,-129.0,30.0,149.0,29.84,3468.0,299.0,18.0,150.0,0.0,0.0,0.0,312.0,0.0,0.0,5.0,16.0,0.0,0.0,0.0,0.0,-3.0,0.0,0.0,-54.0,0.0,0.0,0.0,0.0,3.0,1.0,0.0,1200.0,80.0,86.0,2447.0,2445.0,25.6,12.3,0.0,12.3,23.3,0.0,0.0,39.7,0.0,0.0,7.5,45.3,39.6,0.0,0.0,0.0,0.0,187.0,725.0,184.0,714.0,187.0,710.0,187.0,715.0,0.0,0.0,-27.0,0.0,0.0,23.3,8.0,4.995,0.0,0.0,0.656,0.84,80.3,86.3,0.0,0.0,76.0,R,0.0,86.0,186.8,0.0,0.0,0.0,0.0,368.6,1337.0,363.2,1317.2,368.6,1310.0,368.6,1319.0,0.0,0.0,187.33999999999997,2446.0,367.25,281.25,101.33999999999997,1.6649027777777776,94408.88966666664,10.878048780487806,142.17999999999998,149.49,401.0,True,2026-09-23 18:50:08-07:00
750.06,2,9,2026-09-24 02:02:13,37.07304,-121.60886,1347.0,134.3,356.0,-12.6,0.77,E16,0.8,48.5,0.0,0.9,16.1,338.2,142.1,1360.0,1.7,0.02,1.1,0.0,-158.0,30.0,149.5,29.84,3464.0,299.0,18.0,150.0,0.0,0.0,0.0,312.0,0.0,0.0,5.0,15.0,0.0,0.0,0.0,0.0,-3.0,0.0,0.0,-54.0,0.0,0.0,0.0,0.0,3.0,1.0,0.0,1200.0,80.0,86.0,2454.0,2452.0,25.6,12.3,0.0,12.3,23.3,0.0,0.0,39.7,0.0,0.0,7.2,45.3,39.6,0.0,0.0,0.0,0.0,187.0,725.0,184.0,715.0,187.0,710.0,187.0,716.0,0.0,0.0,-27.0,0.0,0.0,23.3,8.0,4.995,0.0,0.0,0.654,0.82,80.2,86.2,0.0,0.0,76.0,R,0.0,86.0,186.8,0.0,0.0,0.0,0.0,368.6,1337.0,363.2,1319.0,368.6,1310.0,368.6,1320.8,0.0,0.0,187.16000000000003,2453.0,367.25,281.25,101.16000000000003,1.6683194444444442,94634.98733333331,10.918699186991871,142.57999999999998,149.9,401.0,True,2026-09-23 18:50:08-07:00
751.06,2,9,2026-09-24 02:02:14,37.07367,-121.60889,1344.0,134.9,358.7,-12.6,0.75,E16,0.7,50.7,0.0,0.5,17.7,340.5,142.4,1358.0,2.2,-0.03,1.1,0.0,-128.0,30.0,149.8,29.84,3451.0,299.0,18.0,150.0,0.0,0.0,0.0,312.0,0.0,0.0,5.0,15.0,0.0,0.0,0.0,0.0,-2.0,0.0,0.0,-54.0,0.0,0.0,0.0,0.0,3.0,1.0,0.0,1200.0,80.0,86.0,2452.0,2454.0,25.6,12.3,0.0,12.3,23.3,0.0,0.0,39.7,0.0,0.0,7.9,45.3,39.6,0.0,0.0,0.0,0.0,187.0,725.0,184.0,715.0,187.0,710.0,187.0,717.0,0.0,0.0,-27.0,0.0,0.0,23.3,8.0,4.995,0.0,0.0,0.654,0.795,80.1,86.1,0.0,0.0,76.0,R,0.0,86.0,186.8,0.0,0.0,0.0,0.0,368.6,1337.0,363.2,1319.0,368.6,1310.0,368.6,1322.6,0.0,0.0,186.98,2453.0,367.25,281.25,100.97999999999999,1.6717361111111109,94862.01266666665,10.967479674796747,142.88,150.21,401.0,True,2026-09-23 18:50:08-07:00
752.06,2,9,2026-09-24 02:02:15,37.0743,-121.60889,1341.0,135.5,1.4,-12.6,0.73,E16,0.7,53.0,0.0,0.7,24.0,344.1,142.1,1356.0,2.9,-0.03,1.2,0.0,-148.0,30.0,149.5,29.84,3448.0,299.0,18.0,150.0,0.0,0.0,0.0,312.0,0.0,0.0,5.0,15.0,0.0,0.0,0.0,0.0,0.0,0.0,0.0,-54.0,0.0,0.0,0.0,0.0,3.0,1.0,0.0,1200.0,80.0,86.0,2449.0,2451.0,25.6,12.3,0.0,12.3,23.3,0.0,0.0,39.7,0.0,0.0,8.8,45.3,39.6,0.0,0.0,0.0,0.0,187.0,724.0,184.0,715.0,187.0,710.0,187.0,716.0,0.0,0.0,-27.0,0.0,0.0,23.3,8.0,4.995,0.0,0.0,0.654,0.8,80.3,86.1,0.0,0.0,76.0,R,0.0,86.0,186.8,0.0,0.0,0.0,0.0,368.6,1335.2,363.2,1319.0,368.6,1310.0,368.6,1320.8,0.0,0.0,186.98,2450.0,367.25,281.25,100.97999999999999,1.6751527777777775,95090.04999999997,11.016260162601625,142.57999999999998,149.89,401.0,True,2026-09-23 18:50:08-07:00
753.06,2,9,2026-09-24 02:02:16,37.07492,-121.60885,1341.0,136.4,5.5,-12.6,0.7,E16,0.7,55.4,0.0,1.0,29.1,347.9,141.3,1353.0,3.4,-0.02,1.1,0.0,-118.0,30.0,148.6,29.84,3445.0,299.0,18.0,150.0,0.0,0.0,0.0,312.0,0.0,0.0,5.0,14.0,0.0,0.0,0.0,0.0,-2.0,0.0,0.0,-54.0,0.0,0.0,0.0,0.0,3.0,1.0,0.0,1200.0,80.0,86.0,2444.0,2445.0,25.6,12.3,0.0,12.3,23.3,0.0,0.0,39.7,0.0,0.0,9.3,45.3,39.6,0.0,0.0,0.0,0.0,186.0,723.0,184.0,714.0,187.0,709.0,186.0,716.0,0.0,0.0,-27.0,0.0,0.0,23.3,8.0,4.995,0.0,0.0,0.654,0.785,79.9,86.1,0.0,0.0,76.0,R,0.0,86.0,186.8,0.0,0.0,0.0,0.0,366.8,1333.4,363.2,1317.2,368.6,1308.2,366.8,1320.8,0.0,0.0,186.98,2444.5,366.35,280.35,100.97999999999999,1.6785694444444443,95319.35233333331,11.089430894308943,141.78,149.04,401.0,True,2026-09-23 18:50:08-07:00
754.06,2,9,2026-09-24 02:02:17,37.07555,-121.60874,1339.0,137.4,9.9,-12.6,0.68,E16,0.7,57.8,0.0,0.7,29.8,351.8,141.1,1352.0,3.7,-0.02,1.1,0.0,-145.0,30.0,148.4,29.84,3443.0,299.0,18.0,150.0,0.0,0.0,0.0,312.0,0.0,0.0,5.0,14.0,0.0,0.0,0.0,0.0,-2.0,0.0,0.0,-54.0,0.0,0.0,0.0,0.0,3.0,1.0,0.0,1200.0,80.0,86.0,2450.0,2450.0,25.6,12.3,0.0,12.3,23.3,0.0,0.0,39.7,0.0,0.0,9.6,45.3,39.6,0.0,0.0,0.0,0.0,186.0,723.0,184.0,714.0,187.0,710.0,186.0,716.0,0.0,0.0,-27.0,0.0,0.0,23.3,8.0,4.995,0.0,0.0,0.654,0.782,80.0,86.2,0.0,0.0,76.0,R,0.0,86.0,186.8,0.0,0.0,0.0,0.0,366.8,1333.4,363.2,1317.2,368.6,1310.0,366.8,1320.8,0.0,0.0,187.16000000000003,2450.0,366.35,280.35,101.16000000000003,1.681986111111111,95550.25699999998,11.170731707317072,141.57999999999998,148.83,401.0,True,2026-09-23 18:50:08-07:00
755.06,2,9,2026-09-24 02:02:18,37.07618,-121.60857,1335.0,138.9,14.1,-12.6,0.65,E16,0.7,60.2,0.0,0.2,31.6,356.1,143.6,1349.0,4.1,-0.02,1.1,0.0,-154.0,30.0,151.0,29.84,3440.0,299.0,18.0,150.0,0.0,0.0,0.0,312.0,0.0,0.0,5.0,13.0,0.0,0.0,0.0,0.0,-2.0,0.0,0.0,-54.0,0.0,0.0,0.0,0.0,3.0,1.0,0.0,1200.0,80.0,86.0,2456.0,2455.0,25.6,12.3,0.0,12.3,23.2,0.0,0.0,39.7,0.0,0.0,9.5,45.3,39.6,0.0,0.0,0.0,0.0,187.0,723.0,184.0,715.0,187.0,710.0,187.0,716.0,0.0,0.0,-27.0,0.0,0.0,23.2,8.0,4.995,0.0,0.0,0.656,0.795,80.1,86.2,0.0,0.0,76.0,R,0.0,86.0,186.8,0.0,0.0,0.0,0.0,368.6,1333.4,363.2,1319.0,368.6,1310.0,368.6,1320.8,0.0,0.0,187.16000000000003,2455.5,367.25,281.25,101.16000000000003,1.6854027777777776,95783.26999999997,11.292682926829269,144.07999999999998,151.45,401.0,True,2026-09-23 18:50:08-07:00
756.06,2,9,2026-09-24 02:02:19,37.0768,-121.60835,1328.0,140.0,19.0,-12.6,0.62,E16,0.6,62.6,0.0,-0.7,31.6,0.9,143.4,1345.0,4.6,-0.04,1.1,0.0,-178.0,30.0,150.8,29.84,3435.0,299.0,18.0,150.0,0.0,0.0,0.0,312.0,0.0,0.0,5.0,12.0,0.0,0.0,0.0,0.0,-2.0,0.0,0.0,-54.0,0.0,0.0,0.0,0.0,3.0,1.0,0.0,1200.0,80.0,86.0,2450.0,2452.0,25.6,12.3,0.0,12.3,23.3,0.0,0.0,39.7,0.0,0.0,9.5,45.3,39.6,0.0,0.0,0.0,0.0,186.0,722.0,184.0,715.0,187.0,709.0,187.0,716.0,0.0,0.0,-27.0,0.0,0.0,23.3,8.0,4.995,0.0,0.0,0.654,0.786,80.2,86.1,0.0,0.0,76.0,R,0.0,86.0,186.8,0.0,0.0,0.0,0.0,366.8,1331.6,363.2,1319.0,368.6,1308.2,368.6,1320.8,0.0,0.0,186.98,2451.0,366.8,280.8,100.97999999999999,1.6888194444444442,96018.47566666665,11.38211382113821,143.88,151.22,401.0,True,2026-09-23 18:50:08-07:00
757.06,2,9,2026-09-24 02:02:20,37.0774,-121.60805,1320.0,141.6,23.7,-12.6,0.58,E16,0.6,65.1,0.0,-0.8,30.4,4.3,144.0,1339.0,4.0,-0.02,1.1,0.0,-272.0,30.0,151.4,29.84,3416.0,299.0,18.0,150.0,0.0,0.0,0.0,312.0,0.0,0.0,5.0,12.0,0.0,0.0,0.0,0.0,-3.0,0.0,0.0,-54.0,0.0,0.0,0.0,0.0,3.0,1.0,0.0,1200.0,80.0,86.0,2462.0,2459.0,25.6,12.3,0.0,12.3,23.3,0.0,0.0,39.7,0.0,0.0,9.6,45.3,39.6,0.0,0.0,0.0,0.0,186.0,723.0,184.0,715.0,187.0,709.0,186.0,716.0,0.0,0.0,-27.0,0.0,0.0,23.3,8.0,4.995,0.0,0.0,0.654,0.802,80.1,86.0,0.0,0.0,76.0,R,0.0,86.0,186.8,0.0,0.0,0.0,0.0,366.8,1333.4,363.2,1319.0,368.6,1308.2,366.8,1320.8,0.0,0.0,186.8,2460.5,366.35,280.35,100.80000000000001,1.6922361111111108,96255.95833333331,11.512195121951219,144.48,151.84,401.0,True,2026-09-23 18:50:08-07:00
758.06,2,9,2026-09-24 02:02:21,37.078,-121.60768,1310.0,143.3,28.1,-12.6,0.55,E16,0.6,67.7,0.0,-1.5,30.0,8.9,144.2,1329.0,4.3,0.01,1.2,0.0,-391.0,30.0,151.5,29.84,3404.0,299.0,18.0,150.0,0.0,0.0,0.0,312.0,0.0,0.0,5.0,11.0,0.0,0.0,0.0,0.0,-3.0,0.0,0.0,-54.0,0.0,0.0,0.0,0.0,3.0,1.0,0.0,1200.0,80.0,86.0,2453.0,2452.0,25.6,12.3,0.0,12.3,23.4,0.0,0.0,39.7,0.0,0.0,9.8,45.3,39.6,0.0,0.0,0.0,0.0,186.0,722.0,183.0,714.0,187.0,709.0,186.0,716.0,0.0,0.0,-27.0,0.0,0.0,23.4,8.0,4.995,0.0,0.0,0.654,0.79,80.3,86.0,0.0,0.0,76.0,R,0.0,86.0,186.8,0.0,0.0,0.0,0.0,366.8,1331.6,361.4,1317.2,368.6,1308.2,366.8,1320.8,0.0,0.0,186.8,2452.5,365.90000000000003,279.90000000000003,100.80000000000001,1.6956527777777777,96496.22399999997,11.65040650406504,144.67999999999998,152.02,401.0,True,2026-09-23 18:50:08-07:00
759.06,2,9,2026-09-24 02:02:22,37.07858,-121.60726,1298.0,145.2,32.7,-12.6,0.51,E16,0.5,70.3,0.0,-1.6,27.7,12.1,144.7,1318.0,3.9,-0.04,1.2,0.0,-494.0,30.0,152.1,29.84,3391.0,299.0,18.0,150.0,0.0,0.0,0.0,312.0,0.0,0.0,5.0,10.0,0.0,0.0,0.0,0.0,-3.0,0.0,0.0,-54.0,0.0,0.0,0.0,0.0,3.0,1.0,0.0,1200.0,80.0,86.0,2460.0,2458.0,25.6,12.3,0.0,12.3,23.3,0.0,0.0,39.7,0.0,0.0,9.9,45.3,39.6,0.0,0.0,0.0,0.0,186.0,724.0,183.0,715.0,187.0,709.0,186.0,716.0,0.0,0.0,-27.0,0.0,0.0,23.3,8.0,4.995,0.0,0.0,0.654,0.781,79.9,86.1,0.0,0.0,76.0,R,0.0,86.0,186.8,0.0,0.0,0.0,0.0,366.8,1335.2,361.4,1319.0,368.6,1308.2,366.8,1320.8,0.0,0.0,186.98,2459.0,365.90000000000003,279.90000000000003,100.97999999999999,1.6990694444444443,96739.52566666664,11.804878048780486,145.17999999999998,152.52,401.0,True,2026-09-23 18:50:08-07:00
760.06,2,9,2026-09-24 02:02:23,37.07913,-121.60678,1284.0,147.2,36.6,-12.6,0.47,E16,0.5,72.9,0.0,-2.3,26.4,16.0,145.8,1307.0,3.8,-0.04,1.1,0.0,-574.0,30.0,153.2,29.84,3377.0,299.0,18.0,150.0,0.0,0.0,0.0,312.0,0.0,0.0,5.0,9.0,0.0,0.0,0.0,0.0,-4.0,0.0,0.0,-54.0,0.0,0.0,0.0,0.0,3.0,1.0,0.0,1200.0,81.0,86.0,2455.0,2456.0,25.6,12.3,0.0,12.3,23.3,0.0,0.0,39.7,0.0,0.0,9.3,45.3,39.6,0.0,0.0,0.0,0.0,186.0,724.0,183.0,715.0,187.0,709.0,186.0,717.0,0.0,0.0,-27.0,0.0,0.0,23.3,8.0,4.995,0.0,0.0,0.654,0.784,80.7,86.1,0.0,0.0,76.0,R,0.0,86.0,186.8,0.0,0.0,0.0,0.0,366.8,1335.2,361.4,1319.0,368.6,1308.2,366.8,1322.6,0.0,0.0,186.98,2455.5,365.90000000000003,279.90000000000003,100.97999999999999,1.702486111111111,96986.11633333331,11.967479674796746,146.28,153.64,401.0,True,2026-09-23 18:50:08-07:00
761.06,2,9,2026-09-24 02:02:24,37.07967,-121.60625,1270.0,149.1,40.3,-12.6,0.43,E16,0.5,75.8,0.0,-2.0,23.2,19.3,146.3,1294.0,3.6,-0.04,1.1,0.0,-637.0,30.0,153.7,29.84,3361.0,299.0,18.0,150.0,0.0,0.0,0.0,312.0,0.0,0.0,5.0,9.0,0.0,0.0,0.0,0.0,-4.0,0.0,0.0,-54.0,0.0,0.0,0.0,0.0,3.0,1.0,0.0,1200.0,80.0,86.0,2459.0,2458.0,25.6,12.3,0.0,12.3,23.2,0.0,0.0,39.7,0.0,0.0,8.4,45.3,39.6,0.0,0.0,0.0,0.0,186.0,724.0,183.0,716.0,186.0,709.0,186.0,717.0,0.0,0.0,-27.0,0.0,0.0,23.2,8.0,4.995,0.0,0.0,0.654,0.785,80.1,85.9,0.0,0.0,76.0,R,0.0,86.0,186.8,0.0,0.0,0.0,0.0,366.8,1335.2,361.4,1320.8,366.8,1308.2,366.8,1322.6,0.0,0.0,186.62,2458.5,365.45,279.45,100.62,1.7059027777777775,97235.99599999998,12.121951219512194,146.78,154.13,401.0,True,2026-09-23 18:50:08-07:00
762.06,2,9,2026-09-24 02:02:25,37.08018,-121.60567,1255.0,150.9,43.7,-12.6,0.39,E16,0.4,78.8,0.0,-0.9,19.2,22.8,146.9,1280.0,3.6,-0.03,1.3,0.0,-718.0,30.0,154.3,29.84,3334.0,299.0,18.0,150.0,0.0,0.0,0.0,312.0,0.0,0.0,5.0,8.0,0.0,0.0,0.0,0.0,-4.0,0.0,0.0,-54.0,0.0,0.0,0.0,0.0,3.0,1.0,0.0,1200.0,80.0,86.0,2458.0,2459.0,25.7,12.3,0.0,12.3,23.3,0.0,0.0,39.7,0.0,0.0,8.1,45.3,39.6,0.0,0.0,0.0,0.0,186.0,724.0,183.0,715.0,186.0,710.0,186.0,717.0,0.0,0.0,-27.0,0.0,0.0,23.3,8.0,4.995,0.0,0.0,0.654,0.781,80.2,85.9,0.0,0.0,76.0,R,0.0,86.0,186.8,0.0,0.0,0.0,0.0,366.8,1335.2,361.4,1319.0,366.8,1310.0,366.8,1322.6,0.0,0.0,186.62,2458.5,365.45,279.45,100.62,1.7093194444444442,97488.99599999998,12.268292682926829,147.38,154.72,401.0,True,2026-09-23 18:50:08-07:00
763.06,2,9,2026-09-24 02:02:26,37.08068,-121.60504,1246.0,152.6,47.3,-12.6,0.35,E16,0.4,82.2,0.0,0.3,16.5,25.0,147.0,1269.0,3.0,-0.04,1.2,0.0,-686.0,30.0,154.3,29.84,3320.0,299.0,18.0,150.0,0.0,0.0,0.0,312.0,0.0,0.0,5.0,7.0,0.0,0.0,0.0,0.0,-4.0,0.0,0.0,-54.0,0.0,0.0,0.0,0.0,3.0,1.0,0.0,1200.0,80.0,86.0,2456.0,2456.0,25.7,12.3,0.0,12.3,23.2,0.0,0.0,39.7,0.0,0.0,7.9,45.3,39.6,0.0,0.0,0.0,0.0,186.0,724.0,183.0,716.0,186.0,711.0,186.0,718.0,0.0,0.0,-27.0,0.0,0.0,23.2,8.0,4.995,0.0,0.0,0.654,0.787,80.2,85.9,0.0,0.0,76.0,R,0.0,86.0,186.8,0.0,0.0,0.0,0.0,366.8,1335.2,361.4,1320.8,366.8,1311.8,366.8,1324.4,0.0,0.0,186.62,2456.0,365.45,279.45,100.62,1.712736111111111,97744.94766666665,12.406504065040648,147.48,154.79,401.0,True,2026-09-23 18:50:08-07:00
764.06,2,9,2026-09-24 02:02:27,37.08115,-121.60438,1241.0,153.3,49.7,-12.6,0.31,E16,0.4,85.9,0.0,0.5,16.3,27.8,148.4,1263.0,2.8,-0.03,1.2,0.0,-550.0,30.0,155.8,29.84,3312.0,299.0,18.0,150.0,0.0,0.0,0.0,312.0,0.0,0.0,5.0,6.0,0.0,0.0,0.0,0.0,-4.0,0.0,0.0,-54.0,0.0,0.0,0.0,0.0,3.0,1.0,0.0,1200.0,80.0,86.0,2458.0,2460.0,25.7,12.3,0.0,12.3,23.3,0.0,0.0,39.7,0.0,0.0,7.9,45.3,39.6,0.0,0.0,0.0,0.0,186.0,725.0,183.0,716.0,186.0,712.0,186.0,717.0,0.0,0.0,-27.0,0.0,0.0,23.3,8.0,4.995,0.0,0.0,0.654,0.792,80.2,86.0,0.0,0.0,76.0,R,0.0,86.0,186.8,0.0,0.0,0.0,0.0,366.8,1337.0,361.4,1320.8,366.8,1313.6,366.8,1322.6,0.0,0.0,186.8,2459.0,365.45,279.45,100.80000000000001,1.7161527777777776,98002.92333333331,12.463414634146341,148.88,156.25,401.0,True,2026-09-23 18:50:08-07:00
765.06,2,9,2026-09-24 02:02:28,37.0816,-121.60368,1239.0,154.0,52.4,-12.6,0.27,E16,0.3,90.1,0.0,0.6,15.8,30.1,148.0,1258.0,2.6,-0.02,1.1,0.0,-457.0,30.0,155.3,29.84,3306.0,299.0,18.0,150.0,0.0,0.0,0.0,312.0,0.0,0.0,5.0,5.0,0.0,0.0,0.0,0.0,-4.0,0.0,0.0,-54.0,0.0,0.0,0.0,0.0,3.0,1.0,0.0,1200.0,80.0,86.0,2454.0,2455.0,25.7,12.3,0.0,12.3,23.2,0.0,0.0,39.7,0.0,0.0,7.6,45.3,39.6,0.0,0.0,0.0,0.0,186.0,725.0,183.0,716.0,186.0,712.0,186.0,717.0,0.0,0.0,-27.0,0.0,0.0,23.2,8.0,4.995,0.0,0.0,0.654,0.785,80.2,86.1,0.0,0.0,76.0,R,0.0,86.0,186.8,0.0,0.0,0.0,0.0,366.8,1337.0,361.4,1320.8,366.8,1313.6,366.8,1322.6,0.0,0.0,186.98,2454.5,365.45,279.45,100.97999999999999,1.7195694444444443,98262.07966666664,12.520325203252032,148.48,155.81,401.0,True,2026-09-23 18:50:08-07:00
766.06,2,9,2026-09-24 02:02:29,37.08202,-121.60297,1240.0,154.6,54.9,-12.6,0.23,E16,0.3,95.1,0.0,1.2,14.8,32.5,146.9,1256.0,2.5,-0.04,1.0,0.0,-324.0,30.0,154.2,29.84,3303.0,299.0,18.0,150.0,0.0,0.0,0.0,312.0,0.0,0.0,5.0,5.0,0.0,0.0,0.0,0.0,-3.0,0.0,0.0,-54.0,0.0,0.0,0.0,0.0,3.0,1.0,0.0,1200.0,80.0,86.0,2449.0,2449.0,25.7,12.3,0.0,12.3,23.3,0.0,0.0,39.7,0.0,0.0,7.4,45.3,39.6,0.0,0.0,0.0,0.0,186.0,724.0,183.0,718.0,186.0,711.0,186.0,718.0,0.0,0.0,-27.0,0.0,0.0,23.3,8.0,4.995,0.0,0.0,0.654,0.779,80.3,85.9,0.0,0.0,76.0,R,0.0,86.0,186.8,0.0,0.0,0.0,0.0,366.8,1335.2,361.4,1324.4,366.8,1311.8,366.8,1324.4,0.0,0.0,186.62,2449.0,365.45,279.45,100.62,1.7229861111111109,98522.33233333331,12.56910569105691,147.38,154.65,401.0,True,2026-09-23 18:50:08-07:00
767.06,2,9,2026-09-24 02:02:30,37.08242,-121.60223,1241.0,154.9,57.1,-12.6,0.18,E16,0.3,100.9,0.0,1.7,14.7,34.4,146.2,1256.0,2.2,-0.03,1.0,0.0,-167.0,30.0,153.5,29.84,3303.0,299.0,18.0,150.0,0.0,0.0,0.0,312.0,0.0,0.0,5.0,4.0,0.0,0.0,0.0,0.0,-3.0,0.0,0.0,-54.0,0.0,0.0,0.0,0.0,3.0,1.0,0.0,1200.0,80.0,86.0,2448.0,2449.0,25.7,12.3,0.0,12.3,23.3,0.0,0.0,39.7,0.0,0.0,7.4,45.3,39.6,0.0,0.0,0.0,0.0,186.0,725.0,183.0,717.0,186.0,711.0,186.0,718.0,0.0,0.0,-27.0,0.0,0.0,23.3,8.0,4.995,0.0,0.0,0.654,0.782,80.1,85.9,0.0,0.0,76.0,R,0.0,86.0,186.8,0.0,0.0,0.0,0.0,366.8,1337.0,361.4,1322.6,366.8,1311.8,366.8,1324.4,0.0,0.0,186.62,2448.5,365.45,279.45,100.62,1.7264027777777775,98783.34399999998,12.59349593495935,146.67999999999998,153.92,401.0,True,2026-09-23 18:50:08-07:00
768.06,2,9,2026-09-24 02:02:31,37.0828,-121.60146,1243.0,155.1,59.3,-12.6,0.14,E16,0.2,108.0,0.0,2.0,14.6,36.8,145.2,1256.0,2.3,-0.03,1.1,0.0,-53.0,30.0,152.3,29.84,3293.0,299.0,18.0,150.0,0.0,0.0,0.0,312.0,0.0,0.0,5.0,3.0,0.0,0.0,0.0,0.0,-4.0,0.0,0.0,-54.0,0.0,0.0,0.0,0.0,3.0,1.0,0.0,1200.0,80.0,86.0,2448.0,2447.0,25.7,12.3,0.0,12.3,23.3,0.0,0.0,39.7,0.0,0.0,7.5,45.3,39.6,0.0,0.0,0.0,0.0,186.0,725.0,183.0,717.0,186.0,711.0,185.0,718.0,0.0,0.0,-27.0,0.0,0.0,23.3,8.0,4.995,0.0,0.0,0.654,0.78,80.3,85.9,0.0,0.0,76.0,R,0.0,86.0,186.8,0.0,0.0,0.0,0.0,366.8,1337.0,361.4,1322.6,366.8,1311.8,365.0,1324.4,0.0,0.0,186.62,2447.5,364.99999999999994,278.99999999999994,100.62,1.7298194444444444,99044.77733333332,12.609756097560975,145.67999999999998,152.87,401.0,True,2026-09-23 18:50:08-07:00
769.06,2,9,2026-09-24 02:02:32,37.08316,-121.60069,1246.0,155.3,61.6,-12.6,0.1,E16,0.2,116.8,0.0,2.5,13.7,38.9,144.0,1256.0,2.2,-0.03,1.1,0.0,6.0,30.0,151.1,29.84,3293.0,299.0,18.0,150.0,0.0,0.0,0.0,312.0,0.0,0.0,5.0,2.0,0.0,0.0,0.0,0.0,-3.0,0.0,0.0,-54.0,0.0,0.0,0.0,0.0,3.0,1.0,0.0,1200.0,80.0,86.0,2445.0,2445.0,25.7,12.3,0.0,12.3,23.3,0.0,0.0,39.6,0.0,0.0,7.6,45.3,39.6,0.0,0.0,0.0,0.0,186.0,725.0,183.0,716.0,186.0,710.0,186.0,719.0,0.0,0.0,-27.0,0.0,0.0,23.3,8.0,4.995,0.0,0.0,0.654,0.78,79.9,85.9,0.0,0.0,76.0,R,0.0,86.0,186.8,0.0,0.0,0.0,0.0,366.8,1337.0,361.4,1320.8,366.8,1310.0,366.8,1326.2,0.0,0.0,186.62,2445.0,365.45,279.45,100.62,1.733236111111111,99306.54799999998,12.626016260162602,144.48,151.61,401.0,True,2026-09-23 18:50:08-07:00
770.06,2,9,2026-09-24 02:02:33,37.08349,-121.59988,1250.0,155.4,63.6,-12.6,0.05,E16,0.2,127.7,0.0,2.8,12.2,40.6,143.1,1256.0,2.0,-0.03,1.1,0.0,98.0,30.0,150.2,29.84,3293.0,299.0,18.0,150.0,0.0,0.0,0.0,312.0,0.0,0.0,5.0,1.0,0.0,0.0,0.0,0.0,-4.0,0.0,0.0,-54.0,0.0,0.0,0.0,0.0,3.0,1.0,0.0,1200.0,80.0,86.0,2444.0,2445.0,25.7,12.3,0.0,12.3,23.2,0.0,0.0,39.6,0.0,0.0,7.4,45.3,39.6,0.0,0.0,0.0,0.0,186.0,725.0,183.0,717.0,186.0,710.0,186.0,718.0,0.0,0.0,-27.0,0.0,0.0,23.2,8.0,4.995,0.0,0.0,0.654,0.78,80.1,86.1,0.0,0.0,76.0,R,0.0,86.0,186.8,0.0,0.0,0.0,0.0,366.8,1337.0,361.4,1322.6,366.8,1310.0,366.8,1324.4,0.0,0.0,186.98,2444.5,365.45,279.45,100.97999999999999,1.7366527777777776,99568.57166666664,12.634146341463415,143.57999999999998,150.66,401.0,True,2026-09-23 18:50:08-07:00
771.06,2,9,2026-09-24 02:02:34,37.0838,-121.59908,1256.0,155.4,65.5,-12.6,0.01,E16,0.2,140.6,0.0,2.9,10.7,42.2,142.5,1260.0,1.8,-0.03,1.0,0.0,164.0,30.0,149.5,29.84,3288.0,299.0,18.0,150.0,0.0,0.0,0.0,312.0,0.0,0.0,5.0,0.0,0.0,0.0,0.0,0.0,-4.0,0.0,0.0,-54.0,0.0,0.0,0.0,0.0,3.0,1.0,0.0,1200.0,81.0,86.0,2445.0,2445.0,25.6,12.3,0.0,12.3,23.3,0.0,0.0,39.6,0.0,0.0,7.2,45.3,39.6,0.0,0.0,0.0,0.0,185.0,725.0,182.0,717.0,186.0,710.0,185.0,718.0,0.0,0.0,-27.0,0.0,0.0,23.3,8.0,4.995,0.0,0.0,0.654,0.778,80.5,85.9,0.0,0.0,76.0,R,0.0,86.0,186.8,0.0,0.0,0.0,0.0,365.0,1337.0,359.6,1322.6,366.8,1310.0,365.0,1324.4,0.0,0.0,186.62,2445.0,364.1,278.1,100.62,1.7400694444444442,99830.67966666665,12.634146341463415,142.98,150.05,401.0,True,2026-09-23 18:50:08-07:00
772.06,2,9,2026-09-24 02:02:35,37.08408,-121.59825,1262.0,155.3,67.0,-12.6,-0.03,E16,0.2,155.1,0.0,2.6,4.1,43.8,142.1,1265.0,1.6,-0.04,1.0,0.0,226.0,30.0,149.1,29.84,3288.0,299.0,18.0,150.0,0.0,0.0,0.0,312.0,0.0,0.0,5.0,-1.0,0.0,0.0,0.0,0.0,-4.0,0.0,0.0,-54.0,0.0,0.0,0.0,0.0,3.0,1.0,0.0,1200.0,81.0,86.0,2447.0,2448.0,25.6,12.3,0.0,12.3,23.2,0.0,0.0,39.6,0.0,0.0,7.3,45.3,39.6,0.0,0.0,0.0,0.0,185.0,725.0,182.0,717.0,186.0,710.0,185.0,717.0,0.0,0.0,-27.0,0.0,0.0,23.2,8.0,4.995,0.0,0.0,0.654,0.778,80.6,85.9,0.0,0.0,76.0,R,0.0,86.0,186.8,0.0,0.0,0.0,0.0,365.0,1337.0,359.6,1322.6,366.8,1310.0,365.0,1322.6,0.0,0.0,186.62,2447.5,364.1,278.1,100.62,1.7434861111111108,100092.70333333331,12.626016260162602,142.57999999999998,149.64,401.0,True,2026-09-23 18:50:08-07:00
773.06,2,9,2026-09-24 02:02:36,37.08436,-121.59743,1269.0,155.1,67.8,-12.6,-0.07,E16,0.2,169.8,0.0,2.5,2.4,44.4,141.5,1273.0,1.0,-0.03,1.0,0.0,331.0,30.0,148.5,29.84,3295.0,299.0,18.0,150.0,0.0,0.0,0.0,312.0,0.0,0.0,5.0,-1.0,0.0,0.0,0.0,0.0,-4.0,0.0,0.0,-54.0,0.0,0.0,0.0,0.0,3.0,1.0,0.0,1200.0,80.0,86.0,2447.0,2444.0,25.6,12.3,0.0,12.3,23.4,0.0,0.0,39.6,0.0,0.0,7.4,45.3,39.6,0.0,0.0,0.0,0.0,185.0,725.0,182.0,717.0,185.0,709.0,185.0,718.0,0.0,0.0,-27.0,0.0,0.0,23.4,8.0,4.995,0.0,0.0,0.654,0.778,79.9,85.9,0.0,0.0,76.0,R,0.0,86.0,186.8,0.0,0.0,0.0,0.0,365.0,1337.0,359.6,1322.6,365.0,1308.2,365.0,1324.4,0.0,0.0,186.62,2445.5,363.65,277.65,100.62,1.7469027777777777,100354.47399999997,12.609756097560975,141.98,149.03,401.0,True,2026-09-23 18:50:08-07:00
774.06,2,9,2026-09-24 02:02:37,37.08463,-121.5966,1275.0,154.8,68.4,-12.6,-0.11,E16,0.2,183.2,0.0,2.3,2.1,44.8,141.3,1279.0,0.6,-0.04,1.0,0.0,339.0,30.0,148.3,29.84,3302.0,299.0,18.0,150.0,0.0,0.0,0.0,312.0,0.0,0.0,5.0,-2.0,0.0,0.0,0.0,0.0,-4.0,0.0,0.0,-54.0,0.0,0.0,0.0,0.0,3.0,1.0,0.0,1200.0,80.0,86.0,2436.0,2438.0,25.3,12.2,0.0,12.2,23.4,0.0,0.0,39.6,0.0,0.0,7.6,45.3,39.6,0.0,0.0,0.0,0.0,185.0,724.0,182.0,715.0,186.0,709.0,185.0,717.0,0.0,0.0,-27.0,0.0,0.0,23.4,8.0,4.995,0.0,0.0,0.654,0.776,80.0,85.9,0.0,0.0,76.0,R,0.0,86.0,186.8,0.0,0.0,0.0,0.0,365.0,1335.2,359.6,1319.0,366.8,1308.2,365.0,1322.6,0.0,0.0,186.62,2437.0,364.1,278.1,100.62,1.7503055555555553,100615.82299999997,12.688524590163937,141.78,148.84,401.0,True,2026-09-23 18:50:08-07:00
775.06,1,9,2026-09-24 02:02:38,37.08489,-121.59576,1278.0,154.3,68.9,-12.6,-0.16,E16,0.2,194.2,0.0,2.3,2.1,45.3,140.7,1284.0,0.4,-0.04,1.0,0.0,325.0,30.0,147.7,29.84,3308.0,299.0,18.0,150.0,0.0,0.0,0.0,312.0,0.0,0.0,5.0,-3.0,0.0,0.0,0.0,0.0,-3.0,0.0,0.0,-54.0,0.0,0.0,0.0,0.0,3.0,1.0,0.0,1200.0,80.0,86.0,2429.0,2426.0,23.5,12.0,0.0,12.0,23.5,0.0,0.0,39.6,0.0,0.0,7.4,45.3,39.6,0.0,0.0,0.0,0.0,185.0,719.0,182.0,711.0,186.0,705.0,185.0,714.0,0.0,0.0,-27.0,0.0,0.0,23.5,8.0,4.995,0.0,0.0,0.654,0.776,80.0,86.1,0.0,0.0,71.0,R,0.0,86.0,186.8,0.0,0.0,0.0,0.0,365.0,1326.2,359.6,1311.8,366.8,1301.0,365.0,1317.2,0.0,0.0,186.98,2427.5,364.1,278.1,100.97999999999999,1.7536666666666665,100876.49733333332,12.858333333333334,141.17999999999998,148.22,401.0,True,2026-09-23 18:50:08-07:00
776.06,2,9,2026-09-24 02:02:39,37.08514,-121.59492,1283.0,153.6,69.6,-12.6,-0.2,E16,0.2,203.0,0.0,2.2,4.8,46.2,139.6,1289.0,0.6,-0.04,1.0,0.0,311.0,30.0,146.5,29.84,3314.0,299.0,18.0,150.0,0.0,0.0,0.0,312.0,0.0,0.0,5.0,-4.0,0.0,0.0,0.0,0.0,1.0,0.0,0.0,-54.0,0.0,0.0,0.0,0.0,3.0,1.0,0.0,1200.0,80.0,86.0,2434.0,2435.0,21.0,11.5,0.0,11.5,23.7,0.0,0.0,39.6,0.0,0.0,7.3,45.3,39.6,0.0,0.0,0.0,0.0,185.0,712.0,182.0,706.0,185.0,700.0,185.0,709.0,0.0,0.0,-27.0,0.0,0.0,23.7,8.0,4.995,0.0,0.0,0.654,0.776,79.8,85.9,0.0,0.0,63.0,R,0.0,86.0,186.8,0.0,0.0,0.0,0.0,365.0,1313.6,359.6,1302.8,365.0,1292.0,365.0,1308.2,0.0,0.0,186.62,2434.5,363.65,277.65,100.62,1.7569305555555554,101136.15966666664,13.356521739130434,140.07999999999998,147.08,401.0,True,2026-09-23 18:50:08-07:00
777.06,2,9,2026-09-24 02:02:40,37.08538,-121.59409,1286.0,152.7,71.1,-12.6,-0.24,E16,0.3,209.8,0.0,4.2,18.7,48.5,138.3,1293.0,1.5,-0.02,1.3,0.0,314.0,30.0,145.2,29.84,3314.0,299.0,18.0,150.0,0.0,0.0,0.0,312.0,0.0,0.0,5.0,-5.0,0.0,0.0,0.0,0.0,6.0,0.0,0.0,-53.0,0.0,0.0,0.0,0.0,3.0,1.0,0.0,1200.0,80.0,86.0,2439.0,2441.0,20.3,11.0,0.0,11.0,23.6,0.0,0.0,39.6,0.0,0.0,7.4,45.3,39.6,0.0,0.0,0.0,0.0,185.0,705.0,182.0,701.0,185.0,695.0,185.0,705.0,0.0,0.0,-27.0,0.0,0.0,23.6,8.0,4.995,0.0,0.0,0.654,0.779,79.9,85.9,0.0,0.0,55.0,R,0.0,86.0,186.8,0.0,0.0,0.0,0.0,365.0,1301.0,359.6,1293.8,365.0,1283.0,365.0,1301.0,0.0,0.0,186.62,2440.0,363.65,277.65,100.62,1.7600555555555555,101394.47266666664,13.881818181818181,138.78,145.73,401.0,True,2026-09-23 18:50:08-07:00
778.06,2,9,2026-09-24 02:02:41,37.08559,-121.59325,1297.0,152.0,74.7,-12.6,-0.28,E16,0.3,215.3,0.0,5.3,40.7,54.3,136.7,1298.0,3.8,-0.0,1.4,0.0,315.0,30.0,143.5,29.84,3316.0,299.0,18.0,150.0,0.0,0.0,0.0,312.0,0.0,0.0,5.0,-6.0,0.0,0.0,0.0,0.0,8.0,0.0,0.0,-51.0,0.0,0.0,0.0,0.0,3.0,1.0,0.0,1200.0,80.0,86.0,2437.0,2438.0,20.2,10.7,0.0,10.7,23.6,0.0,0.0,39.6,0.0,0.0,7.5,45.3,39.6,0.0,0.0,0.0,0.0,185.0,700.0,182.0,698.0,185.0,692.0,185.0,701.0,0.0,0.0,-27.0,0.0,0.0,23.6,8.0,4.995,0.0,0.0,0.654,0.778,79.7,85.9,0.0,0.0,52.0,R,0.0,86.0,186.8,0.0,0.0,0.0,0.0,365.0,1292.0,359.6,1288.4,365.0,1277.6,365.0,1293.8,0.0,0.0,186.62,2437.5,363.65,277.65,100.62,1.7630694444444444,101651.43633333332,14.205607476635516,137.17999999999998,144.06,401.0,True,2026-09-23 18:50:08-07:00
779.06,2,9,2026-09-24 02:02:42,37.08574,-121.59239,1308.0,152.2,81.9,-12.6,-0.32,E16,0.3,220.4,0.0,4.3,52.6,63.6,135.4,1309.0,7.0,0.0,1.4,0.0,432.0,30.0,142.2,29.84,3329.0,299.0,18.0,150.0,0.0,0.0,0.0,312.0,0.0,0.0,5.0,-6.0,0.0,0.0,0.0,0.0,-1.0,0.0,0.0,-51.0,0.0,0.0,0.0,0.0,3.0,1.0,0.0,1200.0,80.0,86.0,2439.0,2440.0,20.2,10.4,0.0,10.4,23.5,0.0,0.0,39.6,0.0,0.0,7.6,45.3,39.6,0.0,0.0,0.0,0.0,185.0,696.0,182.0,695.0,185.0,689.0,185.0,699.0,0.0,0.0,-27.0,0.0,0.0,23.5,8.0,4.995,0.0,0.0,0.654,0.776,79.6,85.9,0.0,0.0,51.0,R,0.0,86.0,186.8,0.0,0.0,0.0,0.0,365.0,1284.8,359.6,1283.0,365.0,1272.2,365.0,1290.2,0.0,0.0,186.62,2439.5,363.65,277.65,100.62,1.7659999999999998,101907.97833333332,14.634615384615383,135.88,142.72,401.0,True,2026-09-23 18:50:08-07:00
780.06,2,9,2026-09-24 02:02:43,37.08579,-121.59151,1317.0,153.2,90.4,-12.6,-0.35,E16,0.4,225.3,0.0,3.5,53.0,73.0,134.8,1320.0,8.4,-0.02,1.6,0.0,504.0,30.0,141.6,29.84,3342.0,299.0,18.0,150.0,0.0,0.0,0.0,312.0,0.0,0.0,5.0,-7.0,0.0,0.0,0.0,0.0,-5.0,0.0,0.0,-50.0,0.0,0.0,0.0,0.0,3.0,1.0,0.0,1200.0,80.0,86.0,2444.0,2444.0,20.1,10.2,0.0,10.2,23.5,0.0,0.0,39.6,0.0,0.0,7.6,45.3,39.6,0.0,0.0,0.0,0.0,184.0,692.0,182.0,692.0,185.0,687.0,185.0,696.0,0.0,0.0,-27.0,0.0,0.0,23.5,8.0,4.995,0.0,0.0,0.654,0.776,80.1,86.1,0.0,0.0,50.0,R,0.0,86.0,186.8,0.0,0.0,0.0,0.0,363.2,1277.6,359.6,1277.6,365.0,1268.6,365.0,1284.8,0.0,0.0,186.98,2444.0,363.2,277.2,100.97999999999999,1.768861111111111,102165.5323333333,15.019607843137255,135.28,142.12,401.0,True,2026-09-23 18:50:08-07:00
781.06,2,9,2026-09-24 02:02:44,37.08573,-121.59063,1322.0,154.4,99.1,-12.6,-0.38,E16,0.4,230.1,0.0,2.8,48.8,82.2,133.0,1325.0,8.9,-0.04,1.4,0.0,444.0,30.0,139.7,29.84,3349.0,299.0,18.0,150.0,0.0,0.0,0.0,312.0,0.0,0.0,5.0,-8.0,0.0,0.0,0.0,0.0,-4.0,0.0,0.0,-50.0,0.0,0.0,0.0,0.0,3.0,1.0,0.0,1200.0,80.0,86.0,2439.0,2438.0,20.1,10.0,0.0,10.0,23.3,0.0,0.0,39.6,0.0,0.0,7.8,45.3,39.6,0.0,0.0,0.0,0.0,184.0,689.0,182.0,690.0,185.0,684.0,185.0,694.0,0.0,0.0,-27.0,0.0,0.0,23.3,8.0,4.995,0.0,0.0,0.654,0.776,80.1,86.0,0.0,0.0,50.0,R,0.0,86.0,186.8,0.0,0.0,0.0,0.0,363.2,1272.2,359.6,1274.0,365.0,1263.2,365.0,1281.2,0.0,0.0,186.8,2438.5,363.2,277.2,100.80000000000001,1.7716666666666665,102424.94166666665,15.440000000000001,133.48,140.24,401.0,True,2026-09-23 18:50:08-07:00
782.06,2,9,2026-09-24 02:02:45,37.08556,-121.58976,1325.0,155.2,106.9,-12.6,-0.41,E16,0.4,234.8,0.0,2.2,44.8,89.7,132.2,1330.0,8.0,-0.03,1.2,0.0,386.0,29.0,138.9,29.84,3355.0,299.0,18.0,150.0,0.0,0.0,0.0,312.0,0.0,0.0,5.0,-8.0,0.0,0.0,0.0,0.0,-4.0,0.0,0.0,-52.0,0.0,0.0,0.0,0.0,3.0,1.0,0.0,1200.0,80.0,86.0,2442.0,2442.0,19.9,9.9,0.0,9.9,23.5,0.0,0.0,39.6,0.0,0.0,8.7,45.3,39.6,0.0,0.0,0.0,0.0,184.0,686.0,182.0,688.0,185.0,683.0,184.0,692.0,0.0,0.0,-27.0,0.0,0.0,23.5,8.0,4.995,0.0,0.0,0.654,0.776,80.2,85.9,0.0,0.0,49.0,R,0.0,84.2,186.8,0.0,0.0,0.0,0.0,363.2,1266.8,359.6,1270.4,365.0,1261.4,363.2,1277.6,0.0,0.0,186.62,2442.0,362.75000000000006,278.55000000000007,102.42,1.7744305555555553,102686.03766666664,15.676767676767675,132.67999999999998,139.18,401.0,True,2026-09-23 18:50:08-07:00
783.06,2,9,2026-09-24 02:02:46,37.08532,-121.58891,1325.0,155.8,112.9,-12.6,-0.44,E16,0.4,239.5,0.0,1.4,42.2,96.6,131.9,1332.0,7.2,-0.03,1.3,0.0,261.0,29.0,138.5,29.84,3356.0,299.0,18.0,150.0,0.0,0.0,0.0,312.0,0.0,0.0,5.0,-9.0,0.0,0.0,0.0,0.0,-4.0,0.0,0.0,-52.0,0.0,0.0,0.0,0.0,3.0,1.0,0.0,1200.0,80.0,86.0,2442.0,2444.0,19.9,9.8,0.0,9.8,23.6,0.0,0.0,39.6,0.0,0.0,9.3,45.3,39.6,0.0,0.0,0.0,0.0,184.0,684.0,181.0,687.0,185.0,682.0,184.0,692.0,0.0,0.0,-27.0,0.0,0.0,23.6,8.0,4.995,0.0,0.0,0.654,0.776,79.9,85.9,0.0,0.0,49.0,R,0.0,84.2,186.8,0.0,0.0,0.0,0.0,363.2,1263.2,357.8,1268.6,365.0,1259.6,363.2,1277.6,0.0,0.0,186.62,2443.0,362.3,278.1,102.42,1.7771666666666666,102948.31433333331,15.89795918367347,132.38,138.88,401.0,True,2026-09-23 18:50:08-07:00
784.06,2,9,2026-09-24 02:02:47,37.085,-121.5881,1321.0,156.7,119.2,-12.6,-0.46,E16,0.5,243.9,0.0,1.3,40.1,103.7,131.5,1333.0,7.1,-0.02,1.3,0.0,127.0,29.0,138.1,29.84,3356.0,299.0,18.0,150.0,0.0,0.0,0.0,312.0,0.0,0.0,5.0,-9.0,0.0,0.0,0.0,0.0,-4.0,0.0,0.0,-52.0,0.0,0.0,0.0,0.0,3.0,1.0,0.0,1200.0,80.0,86.0,2442.0,2441.0,19.9,9.8,0.0,9.8,23.6,0.0,0.0,39.6,0.0,0.0,9.7,45.3,39.6,0.0,0.0,0.0,0.0,184.0,682.0,181.0,685.0,185.0,681.0,184.0,690.0,0.0,0.0,-27.0,0.0,0.0,23.6,8.0,4.995,0.0,0.0,0.654,0.776,79.8,85.9,0.0,0.0,49.0,R,0.0,84.2,186.8,0.0,0.0,0.0,0.0,363.2,1259.6,357.8,1265.0,365.0,1257.8,363.2,1274.0,0.0,0.0,186.62,2441.5,362.3,278.1,102.42,1.7798888888888886,103211.85599999999,15.989795918367344,131.98,138.46,401.0,True,2026-09-23 18:50:08-07:00
785.06,2,8,2026-09-24 02:02:48,37.08461,-121.58733,1316.0,157.2,125.3,-12.6,-0.47,E16,0.5,248.3,0.0,1.4,37.5,110.3,131.3,1333.0,6.8,-0.03,1.3,0.0,54.0,29.0,137.9,29.84,3356.0,299.0,18.0,150.0,0.0,0.0,0.0,312.0,0.0,0.0,5.0,-9.0,0.0,0.0,0.0,0.0,-4.0,0.0,0.0,-52.0,0.0,0.0,0.0,0.0,3.0,1.0,0.0,1200.0,80.0,86.0,2446.0,2446.0,19.9,9.7,0.0,9.7,23.6,0.0,0.0,39.6,0.0,0.0,9.8,45.3,39.6,0.0,0.0,0.0,0.0,184.0,681.0,181.0,684.0,184.0,680.0,184.0,689.0,0.0,0.0,-27.0,0.0,0.0,23.6,8.0,4.995,0.0,0.0,0.654,0.776,80.0,86.1,0.0,0.0,49.0,R,0.0,84.2,186.8,0.0,0.0,0.0,0.0,363.2,1257.8,357.8,1263.2,363.2,1256.0,363.2,1272.2,0.0,0.0,186.98,2446.0,361.85,277.65000000000003,102.77999999999999,1.782597222222222,103476.57833333331,16.20618556701031,131.78,138.25,401.0,True,2026-09-23 18:50:08-07:00
786.06,2,8,2026-09-24 02:02:49,37.08416,-121.58662,1312.0,157.5,130.9,-12.6,-0.48,E16,0.5,252.5,0.0,1.4,33.2,116.0,131.1,1333.0,6.0,-0.02,1.1,0.0,-72.0,29.0,137.7,29.84,3357.0,299.0,18.0,150.0,0.0,0.0,0.0,312.0,0.0,0.0,5.0,-10.0,0.0,0.0,0.0,0.0,-6.0,0.0,0.0,-52.0,0.0,0.0,0.0,0.0,3.0,1.0,0.0,1200.0,80.0,86.0,2444.0,2443.0,19.9,9.6,0.0,9.6,23.6,0.0,0.0,39.6,0.0,0.0,9.2,45.3,39.6,0.0,0.0,0.0,0.0,184.0,680.0,181.0,683.0,184.0,679.0,184.0,688.0,0.0,0.0,-27.0,0.0,0.0,23.6,8.0,4.995,0.0,0.0,0.654,0.776,80.1,85.9,0.0,0.0,49.0,R,0.0,84.2,186.8,0.0,0.0,0.0,0.0,363.2,1256.0,357.8,1261.4,363.2,1254.2,363.2,1270.4,0.0,0.0,186.62,2443.5,361.85,277.65000000000003,102.42,1.7852777777777775,103741.9753333333,16.40625,131.57999999999998,138.04,401.0,True,2026-09-23 18:50:08-07:00
787.06,2,8,2026-09-24 02:02:50,37.08366,-121.58595,1306.0,157.6,135.2,-12.6,-0.49,E16,0.5,256.6,0.0,1.0,27.2,120.8,130.7,1332.0,5.3,-0.04,1.1,0.0,-133.0,29.0,137.3,29.84,3357.0,299.0,18.0,150.0,0.0,0.0,0.0,312.0,0.0,0.0,5.0,-10.0,0.0,0.0,0.0,0.0,-6.0,0.0,0.0,-53.0,0.0,0.0,0.0,0.0,3.0,1.0,0.0,1200.0,80.0,86.0,2420.0,2420.0,18.8,9.4,0.0,9.4,23.8,0.0,0.0,39.6,0.0,0.0,8.5,45.3,39.6,0.0,0.0,0.0,0.0,183.0,678.0,181.0,681.0,184.0,678.0,183.0,686.0,0.0,0.0,-27.0,0.0,0.0,23.8,8.0,4.995,0.0,0.0,0.654,0.775,79.9,85.8,0.0,0.0,47.0,R,0.0,84.2,186.8,0.0,0.0,0.0,0.0,361.4,1252.4,357.8,1257.8,363.2,1252.4,361.4,1266.8,0.0,0.0,186.44,2420.0,360.94999999999993,276.74999999999994,102.24,1.7879166666666666,104007.70966666665,16.76595744680851,131.17999999999998,137.62,401.0,True,2026-09-23 18:50:08-07:00
788.06,2,8,2026-09-24 02:02:51,37.08313,-121.58535,1302.0,156.9,138.8,-12.6,-0.5,E16,0.6,260.4,0.0,0.5,20.8,125.0,129.3,1328.0,4.6,-0.05,1.1,0.0,-181.0,29.0,135.8,29.84,3357.0,299.0,18.0,150.0,0.0,0.0,0.0,312.0,0.0,0.0,5.0,-10.0,0.0,0.0,0.0,0.0,-6.0,0.0,0.0,-53.0,0.0,0.0,0.0,0.0,3.0,1.0,0.0,1200.0,80.0,86.0,2441.0,2441.0,15.3,8.9,0.0,8.9,24.1,0.0,0.0,39.6,0.0,0.0,8.2,45.3,39.6,0.0,0.0,0.0,0.0,183.0,675.0,181.0,679.0,184.0,677.0,183.0,686.0,0.0,0.0,-27.0,0.0,0.0,24.1,8.0,4.995,0.0,0.0,0.654,0.775,79.9,85.8,0.0,0.0,37.0,R,0.0,84.2,186.8,0.0,0.0,0.0,0.0,361.4,1247.0,357.8,1254.2,363.2,1250.6,361.4,1266.8,0.0,0.0,186.44,2441.0,360.94999999999993,276.74999999999994,102.24,1.7904583333333333,104272.93799999998,17.629213483146067,129.78,136.14,401.0,True,2026-09-23 18:50:08-07:00
789.06,1,8,2026-09-24 02:02:52,37.08257,-121.58477,1296.0,156.1,141.8,-12.6,-0.5,E16,0.6,264.1,0.0,0.2,14.1,128.0,128.7,1319.0,3.5,-0.05,1.0,0.0,-303.0,29.0,135.1,29.84,3340.0,299.0,18.0,150.0,0.0,0.0,0.0,312.0,0.0,0.0,5.0,-10.0,0.0,0.0,0.0,0.0,-6.0,0.0,0.0,-53.0,0.0,0.0,0.0,0.0,3.0,1.0,0.0,1200.0,79.0,86.0,2442.0,2442.0,14.2,8.4,0.0,8.4,24.1,0.0,0.0,39.6,0.0,0.0,8.1,45.3,39.6,0.0,0.0,0.0,0.0,183.0,675.0,180.0,679.0,184.0,678.0,183.0,687.0,0.0,0.0,-27.0,0.0,0.0,24.1,8.0,4.995,0.0,0.0,0.654,0.775,79.4,85.8,0.0,0.0,28.0,R,0.0,84.2,186.8,0.0,0.0,0.0,0.0,361.4,1247.0,356.0,1254.2,363.2,1252.4,361.4,1268.6,0.0,0.0,186.44,2442.0,360.5,276.3,102.24,1.792861111111111,104536.90133333331,18.583333333333332,129.17999999999998,135.49,401.0,True,2026-09-23 18:50:08-07:00
790.06,2,9,2026-09-24 02:02:53,37.082,-121.58423,1283.0,155.0,143.9,-12.6,-0.5,E16,0.6,267.7,0.0,-0.3,8.6,130.3,127.9,1312.0,2.8,-0.07,1.0,0.0,-377.0,29.0,134.3,29.84,3330.0,299.0,18.0,150.0,0.0,0.0,0.0,312.0,0.0,0.0,5.0,-10.0,0.0,0.0,0.0,0.0,-5.0,0.0,0.0,-53.0,0.0,0.0,0.0,0.0,3.0,1.0,0.0,1200.0,79.0,86.0,2443.0,2442.0,13.5,7.9,0.0,7.9,24.2,0.0,0.0,39.6,0.0,0.0,7.9,45.3,39.6,0.0,0.0,0.0,0.0,183.0,675.0,180.0,680.0,184.0,679.0,183.0,688.0,0.0,0.0,-27.0,0.0,0.0,24.2,8.0,4.995,0.0,0.0,0.654,0.775,79.3,86.0,0.0,0.0,23.0,R,0.0,84.2,186.8,0.0,0.0,0.0,0.0,361.4,1247.0,356.0,1256.0,363.2,1254.2,361.4,1270.4,0.0,0.0,186.8,2442.5,360.5,276.3,102.60000000000001,1.7951249999999999,104799.26233333332,19.62025316455696,128.38,134.63,401.0,True,2026-09-23 18:50:08-07:00
791.06,2,9,2026-09-24 02:02:54,37.08142,-121.58372,1269.0,154.1,145.4,-12.6,-0.5,E16,0.6,270.9,0.0,-0.3,4.7,132.1,127.5,1301.0,2.0,-0.07,1.0,0.0,-471.0,29.0,133.8,29.84,3317.0,299.0,18.0,150.0,0.0,0.0,0.0,312.0,0.0,0.0,5.0,-10.0,0.0,0.0,0.0,0.0,-6.0,0.0,0.0,-53.0,0.0,0.0,0.0,0.0,3.0,1.0,0.0,1200.0,79.0,86.0,2417.0,2417.0,12.4,7.4,0.0,7.4,24.3,0.0,0.0,39.6,0.0,0.0,7.5,45.3,39.6,0.0,0.0,0.0,0.0,182.0,675.0,180.0,679.0,183.0,679.0,182.0,688.0,0.0,0.0,-27.0,0.0,0.0,24.3,8.0,4.995,0.0,0.0,0.654,0.775,79.0,86.1,0.0,0.0,18.0,R,0.0,84.2,186.8,0.0,0.0,0.0,0.0,359.6,1247.0,356.0,1254.2,361.4,1254.2,359.6,1270.4,0.0,0.0,186.98,2417.0,359.15,274.95,102.77999999999999,1.7972499999999998,105059.93666666665,20.824324324324323,127.98,134.18,401.0,True,2026-09-23 18:50:08-07:00
792.06,2,9,2026-09-24 02:02:55,37.08083,-121.58322,1258.0,152.6,146.7,-12.6,-0.5,E16,0.7,274.0,0.0,-0.5,2.7,133.3,126.0,1291.0,1.5,-0.08,1.0,0.0,-525.0,29.0,132.2,29.84,3305.0,299.0,18.0,150.0,0.0,0.0,0.0,312.0,0.0,0.0,5.0,-10.0,0.0,0.0,0.0,0.0,-5.0,0.0,0.0,-53.0,0.0,0.0,0.0,0.0,3.0,1.0,0.0,1200.0,79.0,86.0,2441.0,2441.0,10.6,6.8,0.0,6.8,24.4,0.0,0.0,39.6,0.0,0.0,7.5,45.3,39.6,0.0,0.0,0.0,0.0,182.0,677.0,179.0,680.0,183.0,681.0,182.0,688.0,0.0,0.0,-27.0,0.0,0.0,24.4,8.0,4.995,0.0,0.0,0.654,0.776,79.2,86.0,0.0,0.0,0.0,,0.0,84.2,186.8,0.0,0.0,0.0,0.0,359.6,1250.6,354.2,1256.0,361.4,1257.8,359.6,1270.4,0.0,0.0,186.8,2441.0,358.70000000000005,274.50000000000006,102.60000000000001,1.799222222222222,105318.58699999998,22.441176470588236,126.48,132.59,401.0,True,2026-09-23 18:50:08-07:00
793.06,2,9,2026-09-24 02:02:56,37.08024,-121.58275,1247.0,151.0,147.5,-12.6,-0.5,E16,0.7,276.8,0.0,-0.4,1.0,133.8,124.7,1282.0,0.6,-0.04,1.0,0.0,-531.0,29.0,130.8,29.84,3294.0,299.0,18.0,150.0,0.0,0.0,0.0,312.0,0.0,0.0,5.0,-10.0,0.0,0.0,0.0,0.0,-3.0,0.0,0.0,-53.0,0.0,0.0,0.0,0.0,3.0,1.0,0.0,1200.0,79.0,86.0,2440.0,2439.0,10.1,6.3,0.0,6.3,24.4,0.0,0.0,39.6,0.0,0.0,7.5,45.3,39.6,0.0,0.0,0.0,0.0,181.0,680.0,179.0,683.0,182.0,683.0,181.0,689.0,0.0,0.0,-27.0,0.0,0.0,24.4,8.0,4.995,0.0,0.0,0.654,0.776,79.1,86.0,0.0,0.0,0.0,,0.0,84.2,186.8,0.0,0.0,0.0,0.0,357.8,1256.0,354.2,1261.4,359.6,1261.4,357.8,1272.2,0.0,0.0,186.8,2439.5,357.35,273.15000000000003,102.60000000000001,1.8010416666666664,105574.62299999998,23.96825396825397,125.18,131.2,401.0,True,2026-09-23 18:50:08-07:00
794.06,2,9,2026-09-24 02:02:57,37.07965,-121.58228,1236.0,149.4,148.4,-12.6,-0.49,E16,0.7,279.4,0.0,-0.4,0.9,134.0,123.1,1271.0,0.3,-0.03,1.0,0.0,-588.0,29.0,129.2,29.84,3279.0,299.0,18.0,150.0,0.0,0.0,0.0,312.0,0.0,0.0,5.0,-10.0,0.0,0.0,0.0,0.0,-2.0,0.0,0.0,-53.0,0.0,0.0,0.0,0.0,3.0,1.0,0.0,1200.0,79.0,86.0,2446.0,2446.0,10.0,5.8,0.0,5.8,24.5,0.0,0.0,39.6,0.0,0.0,7.7,45.3,39.6,0.0,0.0,0.0,0.0,181.0,681.0,178.0,686.0,182.0,684.0,180.0,689.0,0.0,0.0,-27.0,0.0,0.0,24.5,8.0,4.995,0.0,0.0,0.654,0.776,79.1,86.0,0.0,0.0,0.0,,0.0,84.2,186.8,0.0,0.0,0.0,0.0,357.8,1257.8,352.4,1266.8,359.6,1263.2,356.0,1272.2,0.0,0.0,186.8,2446.0,356.45,272.25,102.60000000000001,1.8027222222222221,105827.9603333333,25.758620689655174,123.58,129.5,401.0,True,2026-09-23 18:50:08-07:00
795.06,2,9,2026-09-24 02:02:58,37.07906,-121.58183,1225.0,148.0,148.6,-12.6,-0.49,E16,0.7,281.9,0.0,-0.5,-0.7,135.7,121.8,1261.0,0.9,-0.06,1.0,0.0,-599.0,29.0,127.7,29.84,3257.0,299.0,18.0,150.0,0.0,0.0,0.0,312.0,0.0,0.0,5.0,-10.0,0.0,0.0,0.0,0.0,-3.0,0.0,0.0,-53.0,0.0,0.0,0.0,0.0,3.0,1.0,0.0,1200.0,79.0,86.0,2439.0,2437.0,9.9,5.5,0.0,5.5,24.5,0.0,0.0,39.6,0.0,0.0,7.7,45.3,39.6,0.0,0.0,0.0,0.0,180.0,684.0,178.0,688.0,181.0,685.0,180.0,689.0,0.0,0.0,-27.0,0.0,0.0,24.5,8.0,4.995,0.0,0.0,0.654,0.776,79.0,86.2,0.0,0.0,0.0,,0.0,84.2,186.8,0.0,0.0,0.0,0.0,356.0,1263.2,352.4,1270.4,357.8,1265.0,356.0,1272.2,0.0,0.0,187.16000000000003,2438.0,355.54999999999995,271.34999999999997,102.96000000000002,1.8042916666666664,106078.76766666664,26.90909090909091,122.28,128.11,401.0,True,2026-09-23 18:50:08-07:00
796.06,2,9,2026-09-24 02:02:59,37.07848,-121.58139,1213.0,146.6,149.0,-12.6,-0.49,E16,0.8,284.1,0.0,-0.8,-2.9,136.2,120.8,1251.0,0.1,-0.04,1.0,0.0,-585.0,29.0,126.7,29.84,3245.0,299.0,18.0,150.0,0.0,0.0,0.0,312.0,0.0,0.0,5.0,-10.0,0.0,0.0,0.0,0.0,-3.0,0.0,0.0,-53.0,0.0,0.0,0.0,0.0,3.0,1.0,0.0,1200.0,79.0,86.0,2444.0,2445.0,9.7,5.2,0.0,5.2,24.5,0.0,0.0,39.6,0.0,0.0,7.4,45.3,39.6,0.0,0.0,0.0,0.0,180.0,686.0,177.0,690.0,181.0,687.0,179.0,688.0,0.0,0.0,-27.0,0.0,0.0,24.5,8.0,4.995,0.0,0.0,0.654,0.776,78.5,86.3,0.0,0.0,0.0,,0.0,84.2,186.8,0.0,0.0,0.0,0.0,356.0,1266.8,350.6,1274.0,357.8,1268.6,354.2,1270.4,0.0,0.0,187.33999999999997,2444.5,354.65,270.45,103.13999999999997,1.8057777777777777,106327.21366666665,28.19230769230769,121.28,127.04,401.0,True,2026-09-23 18:50:08-07:00
797.06,2,9,2026-09-24 02:03:00,37.0779,-121.58096,1201.0,145.1,149.1,-12.6,-0.48,E16,0.8,286.2,0.0,-1.4,-2.7,137.3,119.0,1239.0,0.3,-0.05,0.8,0.0,-619.0,29.0,124.7,29.84,3230.0,309.0,16.0,150.0,0.0,0.0,0.0,312.0,0.0,0.0,5.0,-10.0,0.0,0.0,0.0,0.0,-2.0,0.0,0.0,-53.0,0.0,0.0,0.0,0.0,3.0,1.0,0.0,1200.0,79.0,86.0,2434.0,2434.0,9.7,5.0,0.0,5.0,24.5,0.0,0.0,39.6,0.0,0.0,7.4,45.3,39.6,0.0,0.0,0.0,0.0,179.0,689.0,176.0,693.0,180.0,687.0,179.0,687.0,0.0,0.0,-27.0,0.0,0.0,24.5,8.0,4.995,0.0,0.0,0.654,0.78,78.8,86.2,0.0,0.0,0.0,,0.0,84.2,186.8,0.0,0.0,0.0,0.0,354.2,1272.2,348.8,1279.4,356.0,1268.6,354.2,1268.6,0.0,0.0,187.16000000000003,2434.0,353.3,269.1,102.96000000000002,1.8071944444444443,106573.21399999998,29.02,119.48,125.13,401.0,True,2026-09-23 18:50:08-07:00
798.06,2,9,2026-09-24 02:03:01,37.07732,-121.58053,1186.0,143.7,149.2,-12.6,-0.48,E16,0.8,288.1,0.0,-1.2,-1.4,137.7,117.7,1228.0,0.2,-0.02,1.0,0.0,-661.0,29.0,123.4,29.84,3216.0,308.0,16.0,150.0,0.0,0.0,0.0,312.0,0.0,0.0,5.0,-10.0,0.0,0.0,0.0,0.0,-3.0,0.0,0.0,-53.0,0.0,0.0,0.0,0.0,3.0,1.0,0.0,1200.0,79.0,86.0,2444.0,2441.0,9.7,4.8,0.0,4.8,24.5,0.0,0.0,39.6,0.0,0.0,7.5,45.3,39.6,0.0,0.0,0.0,0.0,178.0,690.0,176.0,694.0,180.0,688.0,178.0,688.0,0.0,0.0,-27.0,0.0,0.0,24.5,8.0,4.995,0.0,0.0,0.654,0.784,79.0,86.2,0.0,0.0,0.0,,0.0,84.2,186.8,0.0,0.0,0.0,0.0,352.4,1274.0,348.8,1281.2,356.0,1270.4,352.4,1270.4,0.0,0.0,187.16000000000003,2442.5,352.4,268.2,102.96000000000002,1.8085555555555555,106816.76866666664,29.9375,118.18,123.74,401.0,True,2026-09-23 18:50:08-07:00
799.06,2,9,2026-09-24 02:03:02,37.07675,-121.58011,1172.0,142.4,149.5,-12.6,-0.48,E16,0.9,289.9,0.0,-1.1,-1.5,137.5,116.5,1214.0,0.2,-0.05,1.0,0.0,-714.0,29.0,122.1,29.84,3199.0,308.0,16.0,150.0,0.0,0.0,0.0,312.0,0.0,0.0,5.0,-10.0,0.0,0.0,0.0,0.0,-2.0,0.0,0.0,-53.0,0.0,0.0,0.0,0.0,3.0,1.0,0.0,1200.0,79.0,86.0,2441.0,2442.0,9.6,4.7,0.0,4.7,24.4,0.0,0.0,39.6,0.0,0.0,7.7,45.3,39.6,0.0,0.0,0.0,0.0,178.0,692.0,175.0,698.0,179.0,688.0,178.0,688.0,0.0,0.0,-27.0,0.0,0.0,24.4,8.0,4.995,0.0,0.0,0.654,0.78,79.0,86.3,0.0,0.0,0.0,,0.0,84.2,186.8,0.0,0.0,0.0,0.0,352.4,1277.6,347.0,1288.4,354.2,1270.4,352.4,1270.4,0.0,0.0,187.33999999999997,2441.5,351.5,267.3,103.13999999999997,1.809875,107058.04633333332,30.29787234042553,116.98,122.46,401.0,True,2026-09-23 18:50:08-07:00
800.06,2,9,2026-09-24 02:03:03,37.07619,-121.57969,1158.0,141.2,149.5,-12.6,-0.47,E16,0.9,291.5,0.0,-1.0,-1.5,137.9,115.5,1202.0,0.1,-0.04,1.0,0.0,-732.0,29.0,121.1,29.84,3184.0,308.0,16.0,150.0,0.0,0.0,0.0,312.0,0.0,0.0,5.0,-9.0,0.0,0.0,0.0,0.0,-2.0,0.0,0.0,-52.0,0.0,0.0,0.0,0.0,3.0,1.0,0.0,1200.0,79.0,86.0,2436.0,2436.0,9.6,4.6,0.0,4.6,24.5,0.0,0.0,39.6,0.0,0.0,7.8,45.3,39.6,0.0,0.0,0.0,0.0,177.0,690.0,175.0,701.0,179.0,689.0,177.0,688.0,0.0,0.0,-22.0,0.0,0.0,24.5,8.0,4.995,0.0,0.0,0.654,0.778,78.5,86.5,0.0,0.0,0.0,,0.0,84.2,186.8,0.0,0.0,0.0,0.0,350.6,1274.0,347.0,1293.8,354.2,1272.2,350.6,1270.4,0.0,0.0,187.7,2436.0,350.6,266.40000000000003,103.49999999999999,1.8111666666666666,107297.21566666664,30.695652173913043,115.98,121.38,401.0,True,2026-09-23 18:50:08-07:00
801.06,2,9,2026-09-24 02:03:04,37.07562,-121.57928,1146.0,139.3,149.8,-12.6,-0.47,E16,0.9,293.0,0.0,-0.7,-1.3,138.2,113.8,1190.0,0.1,-0.05,1.0,0.0,-717.0,29.0,119.2,29.84,3170.0,307.0,16.0,150.0,0.0,0.0,0.0,312.0,0.0,0.0,5.0,-9.0,0.0,0.0,0.0,0.0,-2.0,0.0,0.0,-52.0,0.0,0.0,0.0,0.0,3.0,0.0,0.0,1200.0,78.0,87.0,2441.0,2441.0,8.5,4.4,0.0,4.4,24.6,0.0,0.0,39.6,0.0,0.0,7.5,45.3,39.6,0.0,0.0,0.0,0.0,177.0,697.0,174.0,699.0,179.0,690.0,177.0,688.0,0.0,0.0,-22.0,0.0,0.0,24.6,8.0,4.995,0.0,0.0,0.654,0.778,78.3,86.6,0.0,0.0,0.0,,0.0,84.2,188.6,0.0,0.0,0.0,0.0,350.6,1286.6,345.2,1290.2,354.2,1274.0,350.6,1270.4,0.0,0.0,187.88,2441.0,350.15,265.95,103.67999999999999,1.8124166666666666,107533.77066666665,31.65909090909091,114.28,119.58,401.0,True,2026-09-23 18:50:08-07:00
802.06,2,9,2026-09-24 02:03:05,37.07507,-121.57888,1135.0,137.0,150.0,-12.6,-0.46,E16,0.9,294.4,0.0,-0.7,-2.0,138.9,111.5,1178.0,0.2,-0.05,1.0,0.0,-719.0,29.0,116.8,29.84,3155.0,307.0,16.0,150.0,0.0,0.0,0.0,312.0,0.0,0.0,5.0,-9.0,0.0,0.0,0.0,0.0,-1.0,0.0,0.0,-52.0,0.0,0.0,0.0,0.0,3.0,1.0,0.0,1200.0,79.0,86.0,2433.0,2433.0,8.2,4.1,0.0,4.1,24.6,0.0,0.0,39.6,0.0,0.0,7.4,45.3,39.6,0.0,0.0,0.0,0.0,176.0,706.0,173.0,687.0,178.0,692.0,176.0,689.0,0.0,0.0,-22.0,0.0,0.0,24.6,8.0,4.995,0.0,0.0,0.654,0.781,78.6,86.5,0.0,0.0,0.0,,0.0,84.2,186.8,0.0,0.0,0.0,0.0,348.8,1302.8,343.4,1268.6,352.4,1277.6,348.8,1272.2,0.0,0.0,187.7,2433.0,348.34999999999997,264.15,103.49999999999999,1.813597222222222,107766.78366666664,33.41463414634146,111.98,117.15,401.0,True,2026-09-23 18:50:08-07:00
803.06,2,9,2026-09-24 02:03:06,37.07453,-121.57849,1124.0,134.9,150.4,-12.6,-0.46,E16,1.0,295.7,0.0,-0.7,0.1,139.4,109.6,1168.0,0.3,-0.04,1.0,0.0,-669.0,29.0,114.7,29.84,3142.0,306.0,16.0,150.0,0.0,0.0,0.0,312.0,0.0,0.0,5.0,-9.0,0.0,0.0,0.0,0.0,-2.0,0.0,0.0,-52.0,0.0,0.0,0.0,0.0,3.0,0.0,0.0,1200.0,78.0,86.0,2437.0,2436.0,8.2,4.0,0.0,4.0,24.6,0.0,0.0,39.6,0.0,0.0,7.5,45.3,39.6,0.0,0.0,0.0,0.0,175.0,721.0,173.0,667.0,177.0,693.0,175.0,689.0,0.0,0.0,-22.0,0.0,0.0,24.6,8.0,4.995,0.0,0.0,0.654,0.782,78.4,86.5,0.0,0.0,0.0,,0.0,84.2,186.8,0.0,0.0,0.0,0.0,347.0,1329.8,343.4,1232.6,350.6,1279.4,347.0,1272.2,0.0,0.0,187.7,2436.5,347.0,262.8,103.49999999999999,1.8147222222222221,107996.08599999998,33.725,110.08,115.14,401.0,True,2026-09-23 18:50:08-07:00
804.06,2,9,2026-09-24 02:03:07,37.07399,-121.57811,1112.0,132.7,150.9,-12.6,-0.46,E16,1.0,296.9,0.0,-0.4,1.4,140.3,107.5,1157.0,0.7,-0.05,1.0,0.0,-661.0,29.0,112.6,29.84,3119.0,306.0,16.0,150.0,0.0,0.0,0.0,312.0,0.0,0.0,5.0,-9.0,-20.0,0.0,0.0,0.0,-3.0,0.0,0.0,-51.0,0.0,0.0,0.0,0.0,3.0,1.0,0.0,1200.0,78.0,87.0,2481.0,2480.0,8.1,3.9,0.0,3.9,24.4,0.0,0.0,39.6,0.0,0.0,7.6,45.3,39.6,0.0,0.0,0.0,0.0,175.0,726.0,172.0,653.0,177.0,695.0,175.0,688.0,0.0,0.0,-22.0,0.0,0.0,24.4,8.0,4.995,0.0,0.0,0.654,0.779,78.4,86.5,0.0,0.0,0.0,,0.0,84.2,188.6,0.0,0.0,0.0,0.0,347.0,1338.8,341.6,1207.4,350.6,1283.0,347.0,1270.4,0.0,0.0,187.7,2480.5,346.55,262.35,103.49999999999999,1.8158194444444442,108221.76199999997,34.02564102564102,107.98,112.92,401.0,True,2026-09-23 18:50:08-07:00
805.06,2,9,2026-09-24 02:03:08,37.07345,-121.57774,1100.0,131.4,151.6,-12.6,-0.45,E16,1.0,298.0,0.0,-0.2,1.0,141.0,106.2,1146.0,0.6,-0.03,1.0,0.0,-667.0,29.0,111.2,29.84,3105.0,305.0,17.0,150.0,0.0,0.0,0.0,312.0,0.0,0.0,5.0,-9.0,-22.0,0.0,0.0,0.0,-2.0,0.0,0.0,-51.0,0.0,0.0,0.0,0.0,3.0,1.0,0.0,1200.0,79.0,87.0,2443.0,2444.0,9.0,3.9,0.0,3.9,24.0,0.0,0.0,39.6,0.0,0.0,7.7,45.3,39.6,0.0,0.0,0.0,0.0,174.0,720.0,172.0,661.0,177.0,693.0,175.0,687.0,0.0,0.0,-22.0,0.0,0.0,24.0,8.0,4.995,0.0,0.0,0.654,0.78,79.0,86.7,0.0,0.0,0.0,,0.0,84.2,188.6,0.0,0.0,0.0,0.0,345.2,1328.0,341.6,1221.8,350.6,1279.4,347.0,1268.6,0.0,0.0,188.06,2443.5,346.1,261.90000000000003,103.86,1.8169027777777775,108444.4863333333,33.69230769230769,106.68,111.54,401.0,True,2026-09-23 18:50:08-07:00
806.06,2,9,2026-09-24 02:03:09,37.07291,-121.57738,1090.0,130.1,152.2,-12.6,-0.45,E16,1.1,299.1,0.0,-0.4,1.5,141.6,105.3,1137.0,0.9,-0.06,1.0,0.0,-627.0,29.0,110.2,29.84,3094.0,305.0,17.0,150.0,0.0,0.0,0.0,312.0,0.0,0.0,5.0,-9.0,-24.0,0.0,0.0,0.0,-2.0,0.0,0.0,-51.0,0.0,0.0,0.0,0.0,3.0,1.0,0.0,1200.0,79.0,87.0,2430.0,2431.0,9.1,4.0,0.0,4.0,24.3,0.0,0.0,39.6,0.0,0.0,7.5,45.3,39.6,0.0,0.0,0.0,0.0,174.0,715.0,171.0,667.0,176.0,693.0,174.0,685.0,0.0,0.0,-22.0,0.0,0.0,24.3,8.0,4.995,0.0,0.0,0.654,0.784,78.9,86.8,0.0,0.0,0.0,,0.0,84.2,188.6,0.0,0.0,0.0,0.0,345.2,1319.0,339.8,1232.6,348.8,1279.4,345.2,1265.0,0.0,0.0,188.23999999999998,2430.5,344.75,260.55,104.03999999999998,1.8179999999999998,108665.01799999998,32.525,105.78,110.58,401.0,True,2026-09-23 18:50:08-07:00
807.06,2,9,2026-09-24 02:03:10,37.07238,-121.57704,1078.0,128.5,152.7,-12.6,-0.44,E16,1.1,300.2,0.0,0.1,1.8,142.5,103.4,1127.0,0.8,-0.05,1.1,0.0,-611.0,29.0,108.2,29.84,3081.0,305.0,17.0,150.0,0.0,0.0,0.0,312.0,0.0,0.0,5.0,-9.0,-25.0,0.0,0.0,0.0,-5.0,0.0,0.0,-51.0,0.0,0.0,0.0,0.0,3.0,1.0,0.0,1200.0,79.0,87.0,2419.0,2419.0,9.2,4.0,0.0,4.0,24.3,0.0,0.0,39.6,0.0,0.0,7.4,45.3,39.6,0.0,0.0,0.0,0.0,173.0,711.0,170.0,674.0,176.0,692.0,174.0,683.0,0.0,0.0,-22.0,0.0,0.0,24.3,8.0,4.995,0.0,0.0,0.654,0.781,79.0,86.7,0.0,0.0,0.0,,0.0,84.2,188.6,0.0,0.0,0.0,0.0,343.4,1311.8,338.0,1245.2,348.8,1277.6,345.2,1261.4,0.0,0.0,188.06,2419.0,343.85,259.65000000000003,103.86,1.819111111111111,108883.10399999998,32.125,103.88000000000001,108.57,401.0,True,2026-09-23 18:50:08-07:00
808.06,2,9,2026-09-24 02:03:11,37.07185,-121.57671,1069.0,127.1,153.4,-12.6,-0.43,E16,1.1,301.1,0.0,0.1,-1.0,142.8,102.1,1118.0,0.4,-0.05,0.9,0.0,-587.0,29.0,106.8,29.84,3070.0,305.0,17.0,150.0,0.0,0.0,0.0,312.0,0.0,0.0,5.0,-9.0,-27.0,0.0,0.0,0.0,-3.0,0.0,0.0,-51.0,0.0,0.0,0.0,0.0,3.0,1.0,0.0,1200.0,79.0,87.0,2438.0,2437.0,9.1,4.0,0.0,4.0,24.4,0.0,0.0,39.6,0.0,0.0,7.5,45.3,39.6,0.0,0.0,0.0,0.0,173.0,708.0,170.0,682.0,175.0,691.0,173.0,682.0,0.0,0.0,-22.0,0.0,0.0,24.4,8.0,4.995,0.0,0.0,0.654,0.779,79.1,86.8,0.0,0.0,0.0,,0.0,84.2,188.6,0.0,0.0,0.0,0.0,343.4,1306.4,338.0,1259.6,347.0,1275.8,343.4,1259.6,0.0,0.0,188.23999999999998,2437.5,342.95000000000005,258.75000000000006,104.03999999999998,1.820222222222222,109098.65999999997,31.775,102.58,107.19,401.0,True,2026-09-23 18:50:08-07:00
809.06,2,9,2026-09-24 02:03:12,37.07133,-121.57638,1058.0,125.5,153.7,-12.6,-0.43,E16,1.2,302.1,0.0,0.3,0.5,144.0,100.9,1109.0,0.9,-0.05,1.0,0.0,-561.0,29.0,105.6,29.84,3059.0,304.0,17.0,150.0,0.0,0.0,0.0,312.0,0.0,0.0,5.0,-9.0,-28.0,0.0,0.0,0.0,-2.0,0.0,0.0,-50.0,0.0,0.0,0.0,0.0,3.0,1.0,0.0,1200.0,79.0,87.0,2431.0,2430.0,9.1,4.0,0.0,4.0,24.4,0.0,0.0,39.6,0.0,0.0,7.6,45.3,39.6,0.0,0.0,0.0,0.0,172.0,707.0,169.0,688.0,175.0,691.0,173.0,682.0,0.0,0.0,-22.0,0.0,0.0,24.4,8.0,4.995,0.0,0.0,0.654,0.779,78.9,86.9,0.0,0.0,0.0,,0.0,84.2,188.6,0.0,0.0,0.0,0.0,341.6,1304.6,336.2,1270.4,347.0,1275.8,343.4,1259.6,0.0,0.0,188.42000000000002,2430.5,342.04999999999995,257.84999999999997,104.22000000000001,1.8213333333333332,109311.68599999997,31.375,101.38000000000001,105.92,401.0,True,2026-09-23 18:50:08-07:00
810.06,2,9,2026-09-24 02:03:13,37.07081,-121.57607,1049.0,124.0,154.5,-12.6,-0.42,E16,1.2,303.0,0.0,1.2,8.1,144.6,99.2,1100.0,0.8,-0.05,1.1,0.0,-546.0,29.0,103.7,29.84,3037.0,304.0,17.0,150.0,0.0,0.0,0.0,312.0,0.0,0.0,5.0,-8.0,-30.0,0.0,0.0,0.0,6.0,0.0,0.0,-48.0,0.0,0.0,0.0,0.0,3.0,1.0,0.0,1200.0,78.0,87.0,2427.0,2427.0,9.1,4.0,0.0,4.0,24.5,0.0,0.0,39.6,0.0,0.0,7.7,45.3,39.6,0.0,0.0,0.0,0.0,172.0,707.0,169.0,691.0,175.0,692.0,172.0,680.0,0.0,0.0,-22.0,0.0,0.0,24.5,8.0,4.995,0.0,0.0,0.654,0.778,78.5,87.0,0.0,0.0,0.0,,0.0,84.2,188.6,0.0,0.0,0.0,0.0,341.6,1304.6,336.2,1275.8,347.0,1277.6,341.6,1256.0,0.0,0.0,188.6,2427.0,341.6,257.40000000000003,104.39999999999999,1.8224444444444443,109522.09766666664,31.0,99.68,104.13,401.0,True,2026-09-23 18:50:08-07:00
811.06,2,9,2026-09-24 02:03:14,37.07029,-121.57577,1041.0,122.1,156.6,-12.6,-0.42,E16,1.2,303.8,0.0,2.6,21.1,148.9,97.3,1093.0,2.6,-0.0,1.2,2.0,-498.0,29.0,101.7,29.84,3029.0,304.0,17.0,150.0,0.0,0.0,0.0,312.0,0.0,0.0,5.0,-8.0,-31.0,0.0,0.0,0.0,2.0,0.0,0.0,-48.0,0.0,0.0,0.0,0.0,3.0,1.0,0.0,1200.0,78.0,87.0,2422.0,2421.0,9.1,4.0,0.0,4.0,24.4,0.0,0.0,39.6,0.0,0.0,7.7,45.3,39.6,0.0,0.0,0.0,0.0,171.0,705.0,168.0,695.0,174.0,691.0,172.0,679.0,0.0,0.0,-22.0,0.0,0.0,24.4,8.0,4.995,0.0,0.0,0.656,0.776,78.5,87.3,0.0,0.0,0.0,,0.0,84.2,188.6,0.0,0.0,0.0,0.0,339.8,1301.0,334.4,1283.0,345.2,1275.8,341.6,1254.2,0.0,0.0,189.14,2421.5,340.25,256.05,104.93999999999998,1.8235555555555554,109729.64199999998,30.525,97.78,102.13,401.0,True,2026-09-23 18:50:08-07:00
812.06,2,9,2026-09-24 02:03:15,37.06977,-121.57551,1037.0,119.6,160.7,-12.6,-0.41,E16,1.2,304.7,0.0,1.6,26.7,155.4,95.6,1086.0,5.0,-0.03,1.0,1.0,-464.0,29.0,99.9,29.84,3020.0,304.0,17.0,150.0,0.0,0.0,0.0,312.0,0.0,0.0,5.0,-8.0,-32.0,0.0,0.0,0.0,-1.0,0.0,0.0,-48.0,0.0,0.0,0.0,0.0,3.0,1.0,0.0,1200.0,78.0,87.0,2403.0,2403.0,9.1,4.0,0.0,4.0,24.3,0.0,0.0,39.6,0.0,0.0,8.6,45.3,39.6,0.0,0.0,0.0,0.0,171.0,706.0,168.0,698.0,174.0,691.0,171.0,679.0,0.0,0.0,-22.0,0.0,0.0,24.3,8.0,4.995,0.0,0.0,0.654,0.776,78.0,87.2,0.0,0.0,0.0,,0.0,84.2,188.6,0.0,0.0,0.0,0.0,339.8,1302.8,334.4,1288.4,345.2,1275.8,339.8,1254.2,0.0,0.0,188.96,2403.0,339.8,255.60000000000002,104.76,1.8246666666666664,109933.47566666665,29.9,96.08,100.34,401.0,True,2026-09-23 18:50:08-07:00
813.06,2,9,2026-09-24 02:03:16,37.06924,-121.57531,1033.0,117.3,165.2,-12.6,-0.4,E16,1.3,305.6,0.0,0.9,27.3,160.7,94.0,1082.0,5.3,-0.03,1.0,2.0,-379.0,29.0,98.2,29.84,3015.0,304.0,17.0,150.0,0.0,0.0,0.0,312.0,0.0,0.0,5.0,-8.0,-33.0,0.0,0.0,0.0,-3.0,0.0,0.0,-47.0,0.0,0.0,0.0,0.0,3.0,0.0,0.0,1200.0,78.0,87.0,2377.0,2377.0,9.2,3.9,0.0,3.9,24.4,0.0,0.0,39.6,0.0,0.0,9.3,45.3,39.6,0.0,0.0,0.0,0.0,171.0,704.0,168.0,700.0,173.0,690.0,171.0,679.0,0.0,0.0,-18.0,0.0,0.0,24.4,8.0,4.995,0.0,0.0,0.654,0.778,77.8,87.4,0.0,0.0,0.0,,0.0,84.2,188.6,0.0,0.0,0.0,0.0,339.8,1299.2,334.4,1292.0,343.4,1274.0,339.8,1254.2,0.0,0.0,189.32,2377.0,339.35,255.15000000000003,105.11999999999999,1.8257638888888887,110133.26133333331,30.076923076923077,94.48,98.67,401.0,True,2026-09-23 18:50:08-07:00
814.06,2,9,2026-09-24 02:03:17,37.06872,-121.57516,1025.0,115.1,170.2,-12.6,-0.39,E16,1.3,306.6,0.0,1.2,26.9,166.9,92.4,1075.0,5.8,-0.04,1.2,7.0,-380.0,29.0,96.5,29.84,3007.0,304.0,17.0,150.0,0.0,0.0,0.0,312.0,0.0,0.0,5.0,-8.0,-34.0,0.0,0.0,0.0,-3.0,0.0,0.0,-46.0,0.0,0.0,0.0,0.0,3.0,1.0,0.0,1200.0,77.0,87.0,2342.0,2343.0,9.3,3.9,0.0,3.9,24.3,0.0,0.0,39.6,0.0,0.0,9.8,45.3,39.6,0.0,0.0,0.0,0.0,170.0,706.0,167.0,704.0,173.0,690.0,171.0,678.0,0.0,0.0,-16.0,0.0,0.0,24.3,8.0,4.995,0.0,0.0,0.654,0.776,77.0,87.4,0.0,0.0,0.0,,0.0,84.2,188.6,0.0,0.0,0.0,0.0,338.0,1302.8,332.6,1299.2,343.4,1274.0,339.8,1252.4,0.0,0.0,189.32,2342.5,338.45000000000005,254.25000000000006,105.11999999999999,1.826847222222222,110329.25199999998,29.51282051282051,92.88000000000001,96.98,401.0,True,2026-09-23 18:50:08-07:00
815.06,2,9,2026-09-24 02:03:18,37.0682,-121.57509,1017.0,112.9,175.3,-12.6,-0.37,E16,1.3,307.6,0.0,1.3,26.6,172.9,90.6,1069.0,5.8,-0.03,1.1,6.0,-397.0,29.0,94.7,29.84,2999.0,304.0,17.0,150.0,0.0,0.0,0.0,312.0,0.0,0.0,5.0,-7.0,-36.0,0.0,0.0,0.0,-4.0,0.0,0.0,-46.0,0.0,0.0,0.0,0.0,3.0,1.0,0.0,1200.0,76.0,87.0,2304.0,2305.0,9.4,3.9,0.0,3.9,24.4,0.0,0.0,39.6,0.0,0.0,9.6,45.3,39.6,0.0,0.0,0.0,0.0,170.0,708.0,167.0,706.0,173.0,690.0,170.0,678.0,0.0,0.0,-16.0,0.0,0.0,24.4,8.0,4.995,0.0,0.0,0.657,0.775,76.2,87.4,0.0,0.0,0.0,,0.0,84.2,188.6,0.0,0.0,0.0,0.0,338.0,1306.4,332.6,1302.8,343.4,1274.0,338.0,1252.4,0.0,0.0,189.32,2304.5,338.0,253.8,105.11999999999999,1.8279305555555554,110521.53199999998,28.948717948717952,91.08,95.09,401.0,True,2026-09-23 18:50:08-07:00
816.06,2,9,2026-09-24 02:03:19,37.06768,-121.57506,1009.0,110.8,180.2,-12.6,-0.35,E16,1.3,308.6,0.0,1.1,25.4,179.1,89.2,1061.0,6.0,-0.04,1.1,7.0,-420.0,29.0,93.2,29.84,2990.0,304.0,17.0,150.0,0.0,0.0,0.0,312.0,0.0,0.0,5.0,-7.0,-37.0,0.0,0.0,0.0,-3.0,0.0,0.0,-46.0,0.0,0.0,0.0,0.0,3.0,0.0,0.0,1200.0,76.0,88.0,2281.0,2280.0,9.6,3.9,0.0,3.9,24.4,0.0,0.0,39.6,0.0,0.0,8.9,45.3,39.6,0.0,0.0,0.0,0.0,169.0,708.0,166.0,707.0,172.0,690.0,170.0,678.0,0.0,0.0,-16.0,0.0,0.0,24.4,8.0,4.995,0.0,0.0,0.657,0.775,76.2,87.8,0.0,0.0,0.0,,0.0,84.2,190.4,0.0,0.0,0.0,0.0,336.2,1306.4,330.8,1304.6,341.6,1274.0,338.0,1252.4,0.0,0.0,190.04,2280.5,336.65000000000003,252.45000000000005,105.83999999999999,1.8290138888888887,110710.18566666664,28.41025641025641,89.68,93.62,401.0,True,2026-09-23 18:50:08-07:00
817.06,2,9,2026-09-24 02:03:20,37.06717,-121.57509,998.0,108.7,185.3,-12.6,-0.33,E16,1.4,309.6,0.0,0.0,24.6,184.2,88.5,1053.0,5.4,-0.02,1.1,6.0,-428.0,29.0,92.5,29.84,2970.0,304.0,17.0,150.0,0.0,0.0,0.0,312.0,0.0,0.0,5.0,-7.0,-38.0,0.0,0.0,0.0,-3.0,0.0,0.0,-46.0,0.0,0.0,0.0,0.0,3.0,1.0,0.0,1200.0,76.0,88.0,2276.0,2275.0,9.7,4.0,0.0,4.0,24.3,0.0,0.0,39.6,0.0,0.0,8.4,45.3,39.6,0.0,0.0,0.0,0.0,169.0,707.0,166.0,707.0,172.0,689.0,170.0,677.0,0.0,0.0,-16.0,0.0,0.0,24.3,8.0,4.995,0.0,0.0,0.658,0.775,76.0,87.6,0.0,0.0,0.0,,0.0,84.2,190.4,0.0,0.0,0.0,0.0,336.2,1304.6,330.8,1304.6,341.6,1272.2,338.0,1250.6,0.0,0.0,189.68,2275.5,336.65000000000003,252.45000000000005,105.48,1.830111111111111,110895.2973333333,27.175,88.98,92.87,401.0,True,2026-09-23 18:50:08-07:00
818.06,2,9,2026-09-24 02:03:21,37.06668,-121.57517,988.0,106.5,190.2,-12.6,-0.31,E16,1.4,310.7,0.0,-1.1,24.0,189.8,88.3,1045.0,5.4,-0.03,1.1,4.0,-459.0,29.0,92.2,29.84,2959.0,304.0,17.0,150.0,0.0,0.0,0.0,312.0,0.0,0.0,5.0,-6.0,-39.0,0.0,0.0,0.0,-3.0,0.0,0.0,-46.0,0.0,0.0,0.0,0.0,3.0,1.0,0.0,1200.0,76.0,88.0,2254.0,2254.0,9.8,4.0,0.0,4.0,30.1,0.0,0.0,39.6,0.0,0.0,9.4,45.3,39.6,0.0,0.0,0.0,0.0,169.0,707.0,166.0,707.0,172.0,688.0,170.0,677.0,0.0,0.0,-16.0,0.0,0.0,30.1,8.0,4.995,0.0,0.0,0.659,0.775,75.9,87.9,0.0,0.0,0.0,,0.0,84.2,190.4,0.0,0.0,0.0,0.0,336.2,1304.6,330.8,1304.6,341.6,1270.4,338.0,1250.6,0.0,0.0,190.22,2254.0,336.65000000000003,252.45000000000005,106.02,1.831222222222222,111076.78266666664,26.625,88.78,92.65,401.0,True,2026-09-23 18:50:08-07:00
819.06,2,9,2026-09-24 02:03:22,37.0662,-121.5753,976.0,104.2,194.8,-12.6,-0.29,E16,1.4,311.8,0.0,-2.3,22.9,194.9,87.3,1037.0,5.1,-0.03,1.0,1.0,-471.0,29.0,91.2,29.84,2949.0,304.0,17.0,150.0,0.0,0.0,0.0,312.0,0.0,0.0,5.0,-6.0,-40.0,0.0,0.0,0.0,-2.0,0.0,0.0,-46.0,0.0,0.0,0.0,0.0,3.0,0.0,0.0,1200.0,75.0,88.0,2238.0,2236.0,9.8,4.0,0.0,4.0,32.4,0.0,0.0,39.6,0.0,0.0,11.4,45.3,39.6,0.0,0.0,0.0,0.0,168.0,707.0,165.0,708.0,171.0,688.0,169.0,677.0,0.0,0.0,-16.0,0.0,0.0,32.4,8.0,4.995,0.0,0.0,0.658,0.775,75.4,88.1,0.0,0.0,0.0,,0.0,84.2,190.4,0.0,0.0,0.0,0.0,334.4,1304.6,329.0,1306.4,339.8,1270.4,336.2,1250.6,0.0,0.0,190.57999999999998,2237.0,334.85,250.65000000000003,106.37999999999998,1.8323333333333331,111254.47299999998,26.05,87.78,91.59,401.0,True,2026-09-23 18:50:08-07:00
820.06,2,9,2026-09-24 02:03:23,37.06575,-121.57548,963.0,102.1,199.2,-12.6,-0.27,E16,1.4,312.8,0.0,-3.9,21.8,199.5,87.3,1025.0,4.6,-0.03,1.0,0.0,-565.0,29.0,91.1,29.84,2935.0,304.0,17.0,150.0,0.0,0.0,0.0,312.0,0.0,0.0,5.0,-5.0,-42.0,0.0,0.0,0.0,-3.0,0.0,0.0,-44.0,0.0,0.0,0.0,0.0,3.0,0.0,0.0,1200.0,76.0,88.0,2237.0,2238.0,9.9,4.0,0.0,4.0,32.9,0.0,0.0,39.6,0.0,0.0,15.0,45.3,39.6,0.0,0.0,0.0,0.0,168.0,706.0,165.0,707.0,171.0,688.0,169.0,677.0,0.0,0.0,-12.0,0.0,0.0,32.9,8.0,4.995,0.0,0.0,0.659,0.775,75.6,88.3,0.0,0.0,0.0,,0.0,84.2,190.4,0.0,0.0,0.0,0.0,334.4,1302.8,329.0,1304.6,339.8,1270.4,336.2,1250.6,0.0,0.0,190.94,2237.5,334.85,250.65000000000003,106.74,1.8334444444444442,111428.45266666665,25.525,87.78,91.57,401.0,True,2026-09-23 18:50:08-07:00
821.06,2,9,2026-09-24 02:03:24,37.06531,-121.57568,947.0,100.2,203.3,-12.6,-0.24,E16,1.4,313.9,0.0,-3.9,19.5,204.5,86.5,1011.0,4.7,-0.03,1.0,1.0,-658.0,29.0,90.3,29.84,2918.0,304.0,17.0,150.0,0.0,0.0,0.0,312.0,0.0,0.0,5.0,-5.0,-43.0,0.0,0.0,0.0,-2.0,0.0,0.0,-44.0,0.0,0.0,0.0,0.0,3.0,0.0,0.0,1200.0,75.0,89.0,2223.0,2223.0,9.9,4.0,0.0,4.0,33.0,0.0,0.0,39.6,0.0,0.0,16.5,45.3,39.6,0.0,0.0,0.0,0.0,168.0,705.0,165.0,707.0,171.0,687.0,169.0,677.0,0.0,0.0,-2.0,0.0,0.0,33.0,8.0,4.995,0.0,0.0,0.658,0.775,75.2,88.5,0.0,0.0,0.0,,0.0,84.2,192.2,0.0,0.0,0.0,0.0,334.4,1301.0,329.0,1304.6,339.8,1268.6,336.2,1250.6,0.0,0.0,191.3,2223.0,334.85,250.65000000000003,107.10000000000001,1.8345555555555553,111599.05899999998,25.05,86.98,90.72,401.0,True,2026-09-23 18:50:08-07:00
822.06,2,9,2026-09-24 02:03:25,37.06489,-121.57594,928.0,98.6,207.6,-12.6,-0.22,E16,1.4,314.9,0.0,-3.9,18.9,208.9,86.3,995.0,4.4,-0.02,1.1,1.0,-787.0,29.0,90.1,29.84,2897.0,304.0,17.0,150.0,0.0,0.0,0.0,312.0,0.0,0.0,5.0,-4.0,-45.0,0.0,0.0,0.0,-2.0,0.0,0.0,-43.0,0.0,0.0,0.0,0.0,3.0,1.0,0.0,1200.0,77.0,88.0,2335.0,2336.0,10.8,4.2,0.0,4.2,32.8,0.0,0.0,39.6,0.0,0.0,17.2,45.3,39.6,0.0,0.0,0.0,0.0,168.0,701.0,164.0,704.0,171.0,686.0,168.0,677.0,0.0,0.0,-2.0,0.0,0.0,32.8,8.0,4.995,0.0,0.0,0.657,0.776,77.5,88.4,0.0,0.0,0.0,,0.0,84.2,190.4,0.0,0.0,0.0,0.0,334.4,1293.8,327.2,1299.2,339.8,1266.8,334.4,1250.6,0.0,0.0,191.12,2335.5,333.95000000000005,249.75000000000006,106.92,1.8356944444444443,111766.71366666665,23.476190476190474,86.78,90.48,401.0,True,2026-09-23 18:50:08-07:00
823.06,2,9,2026-09-24 02:03:26,37.0645,-121.57621,910.0,97.3,211.8,-12.6,-0.2,E16,1.4,316.0,0.0,-3.3,17.8,213.6,86.9,978.0,4.3,-0.02,1.1,2.0,-892.0,29.0,90.6,29.84,2867.0,304.0,17.0,150.0,0.0,0.0,0.0,312.0,0.0,0.0,5.0,-4.0,-47.0,0.0,0.0,0.0,-1.0,0.0,0.0,-43.0,0.0,0.0,0.0,0.0,3.0,0.0,0.0,1200.0,78.0,88.0,2354.0,2355.0,10.9,4.4,0.0,4.4,32.8,0.0,0.0,39.6,0.0,0.0,17.9,45.3,39.6,0.0,0.0,0.0,0.0,167.0,698.0,164.0,700.0,170.0,686.0,168.0,679.0,0.0,0.0,-2.0,0.0,0.0,32.8,8.0,4.995,0.0,0.0,0.656,0.776,77.8,88.4,0.0,0.0,0.0,,0.0,84.2,190.4,0.0,0.0,0.0,0.0,332.6,1288.4,327.2,1292.0,338.0,1266.8,334.4,1254.2,0.0,0.0,191.12,2354.5,333.04999999999995,248.84999999999997,106.92,1.8368888888888888,111931.92266666665,22.11363636363636,87.38000000000001,91.08,401.0,True,2026-09-23 18:50:08-07:00
824.06,2,9,2026-09-24 02:03:27,37.06413,-121.57652,892.0,95.9,215.8,-12.6,-0.17,E16,1.4,317.1,0.0,-2.6,17.6,218.6,86.1,961.0,4.6,-0.02,1.1,2.0,-930.0,29.0,89.8,29.84,2846.0,304.0,17.0,150.0,0.0,0.0,0.0,312.0,0.0,0.0,5.0,-3.0,-49.0,0.0,0.0,0.0,-1.0,0.0,0.0,-43.0,0.0,0.0,0.0,0.0,3.0,1.0,0.0,1200.0,78.0,89.0,2357.0,2357.0,11.0,4.5,0.0,4.5,33.0,0.0,0.0,39.5,0.0,0.0,18.3,45.3,39.6,0.0,0.0,0.0,0.0,167.0,696.0,163.0,696.0,170.0,685.0,168.0,679.0,0.0,0.0,-2.0,0.0,0.0,33.0,8.0,4.995,0.0,0.0,0.654,0.776,78.1,88.5,0.0,0.0,0.0,,0.0,84.2,192.2,0.0,0.0,0.0,0.0,332.6,1284.8,325.4,1284.8,338.0,1265.0,334.4,1254.2,0.0,0.0,191.3,2357.0,332.6,248.40000000000003,107.10000000000001,1.8381249999999998,112094.85466666664,21.311111111111114,86.58,90.22,401.0,True,2026-09-23 18:50:08-07:00
825.06,2,9,2026-09-24 02:03:28,37.06378,-121.57686,876.0,94.3,220.0,-12.6,-0.15,E16,1.4,318.1,0.0,-1.2,17.0,223.1,85.8,944.0,4.4,-0.02,1.2,6.0,-958.0,29.0,89.4,29.84,2824.0,304.0,17.0,150.0,0.0,0.0,0.0,312.0,0.0,0.0,5.0,-3.0,-51.0,0.0,0.0,0.0,-1.0,0.0,0.0,-42.0,0.0,0.0,0.0,0.0,3.0,1.0,0.0,1200.0,78.0,89.0,2347.0,2345.0,11.0,4.6,0.0,4.6,32.9,0.0,0.0,39.5,0.0,0.0,18.7,45.3,39.6,0.0,0.0,0.0,0.0,167.0,692.0,163.0,693.0,170.0,686.0,168.0,680.0,0.0,0.0,-2.0,0.0,0.0,32.9,8.0,4.995,0.0,0.0,0.656,0.776,78.0,88.6,0.0,0.0,0.0,,0.0,84.2,192.2,0.0,0.0,0.0,0.0,332.6,1277.6,325.4,1279.4,338.0,1266.8,334.4,1256.0,0.0,0.0,191.48,2346.0,332.6,248.40000000000003,107.27999999999999,1.8393888888888887,112255.25666666664,20.5,86.28,89.88,401.0,True,2026-09-23 18:50:08-07:00
826.06,2,9,2026-09-24 02:03:29,37.06346,-121.57722,862.0,92.4,224.3,-12.6,-0.12,E16,1.4,319.1,0.0,-0.3,15.0,225.4,84.8,932.0,3.1,-0.01,1.1,4.0,-880.0,29.0,88.4,29.84,2809.0,304.0,17.0,150.0,0.0,0.0,0.0,312.0,0.0,0.0,5.0,-2.0,-52.0,0.0,0.0,0.0,0.0,0.0,0.0,-43.0,0.0,0.0,0.0,0.0,3.0,1.0,0.0,1200.0,78.0,89.0,2331.0,2329.0,11.1,4.7,0.0,4.7,33.0,0.0,0.0,39.5,0.0,0.0,18.8,45.3,39.6,0.0,0.0,0.0,0.0,167.0,691.0,163.0,690.0,170.0,685.0,167.0,680.0,0.0,0.0,-2.0,0.0,0.0,33.0,8.0,4.995,0.0,0.0,0.656,0.776,77.6,88.8,0.0,0.0,0.0,,0.0,84.2,192.2,0.0,0.0,0.0,0.0,332.6,1275.8,325.4,1274.0,338.0,1265.0,332.6,1256.0,0.0,0.0,191.83999999999997,2330.0,332.15,247.95,107.63999999999997,1.8406805555555554,112412.70699999998,19.659574468085108,85.28,88.81,401.0,True,2026-09-23 18:50:08-07:00
827.06,2,9,2026-09-24 02:03:30,37.06317,-121.57761,851.0,90.9,227.5,-12.6,-0.1,E16,1.4,320.1,0.0,0.1,14.6,230.0,84.3,919.0,3.7,-0.01,1.1,4.0,-814.0,29.0,87.8,29.84,2794.0,304.0,17.0,150.0,0.0,0.0,0.0,312.0,0.0,0.0,5.0,-2.0,-53.0,0.0,0.0,0.0,0.0,0.0,0.0,-43.0,0.0,0.0,0.0,0.0,3.0,1.0,0.0,1200.0,79.0,89.0,2382.0,2382.0,11.7,4.9,0.0,4.9,32.6,0.0,0.0,39.5,0.0,0.0,18.4,45.3,39.6,0.0,0.0,0.0,0.0,166.0,688.0,163.0,687.0,169.0,684.0,167.0,679.0,0.0,0.0,-2.0,0.0,0.0,32.6,8.0,4.995,0.0,0.0,0.656,0.776,78.7,88.5,0.0,0.0,0.0,,0.0,84.2,192.2,0.0,0.0,0.0,0.0,330.8,1270.4,325.4,1268.6,336.2,1263.2,332.6,1254.2,0.0,0.0,191.3,2382.0,331.25,247.05,107.10000000000001,1.8420138888888886,112567.28999999998,18.551020408163264,84.78,88.27,401.0,True,2026-09-23 18:50:08-07:00
828.06,2,9,2026-09-24 02:03:31,37.0629,-121.578,841.0,89.1,231.3,-12.6,-0.07,E16,1.4,321.1,0.0,0.8,14.5,233.4,83.4,908.0,3.6,-0.02,1.1,5.0,-756.0,29.0,86.9,29.84,2780.0,304.0,17.0,150.0,0.0,0.0,0.0,312.0,0.0,0.0,5.0,-1.0,-54.0,0.0,0.0,0.0,2.0,0.0,0.0,-43.0,0.0,0.0,0.0,0.0,3.0,1.0,0.0,1200.0,79.0,88.0,2392.0,2389.0,12.1,5.1,0.0,5.1,32.6,0.0,0.0,39.5,0.0,0.0,16.4,45.3,39.6,0.0,0.0,0.0,0.0,166.0,687.0,162.0,684.0,169.0,683.0,167.0,678.0,0.0,0.0,-2.0,0.0,0.0,32.6,8.0,4.995,0.0,0.0,0.656,0.775,78.9,88.3,0.0,0.0,0.0,,0.0,84.2,190.4,0.0,0.0,0.0,0.0,330.8,1268.6,323.6,1263.2,336.2,1261.4,332.6,1252.4,0.0,0.0,190.94,2390.5,330.8,246.60000000000002,106.74,1.8434027777777775,112719.08999999998,17.470588235294116,83.88000000000001,87.32,401.0,True,2026-09-23 18:50:08-07:00
829.06,2,9,2026-09-24 02:03:32,37.06265,-121.57841,833.0,87.8,235.2,-12.6,-0.05,E16,1.4,322.1,0.0,0.9,13.8,235.2,83.0,898.0,2.4,-0.01,1.0,2.0,-679.0,29.0,86.4,29.84,2768.0,304.0,17.0,150.0,0.0,0.0,0.0,312.0,0.0,0.0,5.0,-1.0,-55.0,0.0,0.0,0.0,6.0,0.0,0.0,-44.0,0.0,0.0,0.0,0.0,3.0,1.0,0.0,1200.0,80.0,88.0,2453.0,2453.0,14.2,5.5,0.0,5.5,31.5,0.0,0.0,39.5,0.0,0.0,14.8,45.3,39.6,0.0,0.0,0.0,0.0,166.0,684.0,162.0,682.0,168.0,684.0,167.0,679.0,0.0,0.0,-2.0,0.0,0.0,31.5,8.0,4.995,0.0,0.0,0.654,0.775,80.0,88.3,0.0,0.0,14.0,R,0.0,84.2,190.4,0.0,0.0,0.0,0.0,330.8,1263.2,323.6,1259.6,334.4,1263.2,332.6,1254.2,0.0,0.0,190.94,2453.0,330.35,246.15000000000003,106.74,1.8448749999999998,112868.27566666664,15.963636363636363,83.48,86.89,401.0,True,2026-09-23 18:50:08-07:00
830.06,2,9,2026-09-24 02:03:33,37.06243,-121.57883,827.0,87.2,238.3,-12.6,-0.02,E16,1.4,323.1,0.0,1.6,16.7,239.5,83.8,890.0,3.1,0.05,1.1,1.0,-609.0,29.0,87.2,29.84,2747.0,304.0,17.0,150.0,0.0,0.0,0.0,312.0,0.0,0.0,5.0,0.0,-56.0,0.0,0.0,0.0,3.0,0.0,0.0,-44.0,0.0,0.0,0.0,0.0,3.0,1.0,0.0,1200.0,80.0,88.0,2436.0,2437.0,15.3,6.0,0.0,6.0,31.6,0.0,0.0,39.5,0.0,0.0,13.8,45.3,39.6,0.0,0.0,0.0,0.0,166.0,682.0,162.0,680.0,168.0,683.0,166.0,680.0,0.0,0.0,-2.0,0.0,0.0,31.6,8.0,4.995,0.0,0.0,0.654,0.775,80.3,88.3,0.0,0.0,21.0,R,0.0,84.2,190.4,0.0,0.0,0.0,0.0,330.8,1259.6,323.6,1256.0,334.4,1261.4,330.8,1256.0,0.0,0.0,190.94,2436.5,329.90000000000003,245.70000000000005,106.74,1.846472222222222,113015.85899999998,14.533333333333333,84.28,87.71,401.0,True,2026-09-23 18:50:08-07:00
831.06,2,9,2026-09-24 02:03:34,37.06223,-121.57926,821.0,86.0,242.8,-12.6,0.0,E16,1.4,324.0,0.0,1.2,18.9,245.1,86.2,884.0,4.7,-0.0,1.1,0.0,-497.0,29.0,89.8,29.84,2740.0,304.0,17.0,150.0,0.0,0.0,0.0,312.0,0.0,0.0,5.0,0.0,-57.0,0.0,0.0,0.0,0.0,0.0,0.0,-44.0,0.0,0.0,0.0,0.0,3.0,0.0,0.0,1200.0,80.0,89.0,2449.0,2448.0,15.4,6.3,0.0,6.3,31.5,0.0,0.0,39.5,0.0,0.0,13.1,45.3,39.6,0.0,0.0,0.0,0.0,166.0,679.0,162.0,678.0,169.0,681.0,167.0,681.0,0.0,0.0,-2.0,0.0,0.0,31.5,8.0,4.995,0.0,0.0,0.656,0.776,80.3,88.6,0.0,0.0,24.0,R,0.0,84.2,192.2,0.0,0.0,0.0,0.0,330.8,1254.2,323.6,1252.4,336.2,1257.8,332.6,1257.8,0.0,0.0,191.48,2448.5,330.8,246.60000000000002,107.27999999999999,1.8481805555555555,113161.92433333331,13.650793650793652,86.68,90.19,401.0,True,2026-09-23 18:50:08-07:00
832.06,2,9,2026-09-24 02:03:35,37.06206,-121.57971,816.0,84.9,247.1,-12.6,0.03,E16,1.4,325.0,0.0,0.6,17.5,249.3,85.9,879.0,4.5,-0.01,0.9,0.0,-416.0,29.0,89.4,29.84,2734.0,304.0,17.0,150.0,0.0,0.0,0.0,312.0,0.0,0.0,5.0,1.0,-57.0,0.0,0.0,0.0,-2.0,0.0,0.0,-45.0,0.0,0.0,0.0,0.0,3.0,1.0,0.0,1200.0,81.0,89.0,2431.0,2430.0,15.5,6.6,0.0,6.6,31.6,0.0,0.0,39.5,0.0,0.0,12.5,45.3,39.6,0.0,0.0,0.0,0.0,166.0,678.0,162.0,677.0,169.0,680.0,167.0,682.0,0.0,0.0,-2.0,0.0,0.0,31.6,8.0,4.995,0.0,0.0,0.654,0.778,80.7,88.6,0.0,0.0,26.0,R,0.0,84.2,192.2,0.0,0.0,0.0,0.0,330.8,1252.4,323.6,1250.6,336.2,1256.0,332.6,1259.6,0.0,0.0,191.48,2430.5,330.8,246.60000000000002,107.27999999999999,1.8499722222222221,113306.04999999997,12.863636363636365,86.38000000000001,89.87,401.0,True,2026-09-23 18:50:08-07:00
833.06,2,9,2026-09-24 02:03:36,37.06192,-121.58016,809.0,83.9,250.9,-12.6,0.05,E16,1.4,325.8,0.0,1.1,16.0,253.4,85.1,874.0,4.1,0.0,1.2,4.0,-394.0,29.0,88.6,29.84,2727.0,304.0,17.0,150.0,0.0,0.0,0.0,312.0,0.0,0.0,5.0,1.0,-57.0,0.0,0.0,0.0,0.0,0.0,0.0,-44.0,0.0,0.0,0.0,0.0,3.0,1.0,0.0,1200.0,80.0,89.0,2432.0,2433.0,15.6,6.8,0.0,6.8,31.6,0.0,0.0,39.5,0.0,0.0,12.2,45.3,39.6,0.0,0.0,0.0,0.0,166.0,676.0,162.0,675.0,168.0,679.0,167.0,682.0,0.0,0.0,-2.0,0.0,0.0,31.6,8.0,4.995,0.0,0.0,0.654,0.776,80.4,88.5,0.0,0.0,27.0,R,0.0,84.2,192.2,0.0,0.0,0.0,0.0,330.8,1248.8,323.6,1247.0,334.4,1254.2,332.6,1259.6,0.0,0.0,191.3,2432.5,330.35,246.15000000000003,107.10000000000001,1.8518333333333332,113448.40466666664,12.338235294117649,85.58,89.03,401.0,True,2026-09-23 18:50:08-07:00
834.06,2,9,2026-09-24 02:03:37,37.06181,-121.58063,804.0,82.8,255.4,-12.6,0.07,E16,1.4,326.8,0.0,1.3,16.3,257.0,85.2,867.0,3.9,-0.01,1.0,0.0,-389.0,29.0,88.7,29.84,2719.0,304.0,17.0,150.0,0.0,0.0,0.0,312.0,0.0,0.0,5.0,1.0,-58.0,0.0,0.0,0.0,1.0,0.0,0.0,-44.0,0.0,0.0,0.0,0.0,3.0,0.0,0.0,1200.0,80.0,89.0,2439.0,2438.0,15.6,7.0,0.0,7.0,31.6,0.0,0.0,39.5,0.0,0.0,12.6,45.3,39.6,0.0,0.0,0.0,0.0,166.0,674.0,162.0,675.0,169.0,679.0,167.0,683.0,0.0,0.0,-2.0,0.0,0.0,31.6,8.0,4.995,0.0,0.0,0.654,0.776,80.3,88.7,0.0,0.0,27.0,R,0.0,84.2,192.2,0.0,0.0,0.0,0.0,330.8,1245.2,323.6,1247.0,336.2,1254.2,332.6,1261.4,0.0,0.0,191.66000000000003,2438.5,330.8,246.60000000000002,107.46000000000002,1.8537499999999998,113588.98833333331,11.828571428571427,85.68,89.13,401.0,True,2026-09-23 18:50:08-07:00
835.06,2,9,2026-09-24 02:03:38,37.06173,-121.58109,799.0,81.8,259.5,-12.6,0.09,E16,1.4,327.6,0.0,1.5,19.4,260.8,86.3,861.0,3.8,0.01,1.1,0.0,-371.0,29.0,89.8,29.84,2712.0,304.0,17.0,150.0,0.0,0.0,0.0,312.0,0.0,0.0,5.0,2.0,-58.0,0.0,0.0,0.0,2.0,0.0,0.0,-44.0,0.0,0.0,0.0,0.0,3.0,1.0,0.0,1200.0,80.0,89.0,2440.0,2441.0,15.6,7.1,0.0,7.1,31.5,0.0,0.0,39.5,0.0,0.0,13.5,45.3,39.6,0.0,0.0,0.0,0.0,166.0,673.0,162.0,673.0,169.0,679.0,167.0,684.0,0.0,0.0,-2.0,0.0,0.0,31.5,8.0,4.995,0.0,0.0,0.654,0.778,80.0,88.7,0.0,0.0,27.0,R,0.0,84.2,192.2,0.0,0.0,0.0,0.0,330.8,1243.4,323.6,1243.4,336.2,1254.2,332.6,1263.2,0.0,0.0,191.66000000000003,2440.5,330.8,246.60000000000002,107.46000000000002,1.855708333333333,113727.80099999998,11.52112676056338,86.78,90.26,401.0,True,2026-09-23 18:50:08-07:00
836.06,2,9,2026-09-24 02:03:39,37.06168,-121.58155,796.0,80.5,264.3,-12.6,0.11,E16,1.4,328.5,0.0,1.3,20.4,266.7,87.0,858.0,5.0,-0.0,1.0,0.0,-307.0,29.0,90.5,29.84,2708.0,304.0,17.0,150.0,0.0,0.0,0.0,312.0,0.0,0.0,5.0,2.0,-58.0,0.0,0.0,0.0,0.0,0.0,0.0,-44.0,0.0,0.0,0.0,0.0,3.0,1.0,0.0,1200.0,80.0,89.0,2432.0,2433.0,15.7,7.2,0.0,7.2,31.6,0.0,0.0,39.5,0.0,0.0,14.0,45.3,39.7,0.0,0.0,0.0,0.0,166.0,673.0,162.0,673.0,169.0,679.0,167.0,685.0,0.0,0.0,-2.0,0.0,0.0,31.6,8.0,4.995,0.0,0.0,0.654,0.782,80.3,88.9,0.0,0.0,28.0,R,0.0,84.2,192.2,0.0,0.0,0.0,0.0,330.8,1243.4,323.6,1243.4,336.2,1254.2,332.6,1265.0,0.0,0.0,192.02,2432.5,330.8,246.60000000000002,107.82000000000001,1.8576944444444443,113864.67399999997,11.180555555555555,87.48,90.98,401.0,True,2026-09-23 18:50:08-07:00
837.06,2,9,2026-09-24 02:03:40,37.06166,-121.58202,792.0,79.1,269.4,-12.6,0.13,E16,1.4,329.3,0.0,1.0,21.7,271.2,87.0,855.0,4.9,-0.01,1.0,0.0,-255.0,29.0,90.5,29.84,2693.0,304.0,17.0,150.0,0.0,0.0,0.0,312.0,0.0,0.0,5.0,3.0,-59.0,0.0,0.0,0.0,0.0,0.0,0.0,-44.0,0.0,0.0,0.0,0.0,3.0,1.0,0.0,1200.0,80.0,89.0,2439.0,2438.0,15.8,7.3,0.0,7.3,31.5,0.0,0.0,39.5,0.0,0.0,14.0,45.3,39.7,0.0,0.0,0.0,0.0,166.0,673.0,162.0,674.0,169.0,679.0,167.0,687.0,0.0,0.0,-2.0,0.0,0.0,31.5,8.0,4.995,0.0,0.0,0.654,0.784,80.3,88.9,0.0,0.0,28.0,R,0.0,84.2,192.2,0.0,0.0,0.0,0.0,330.8,1243.4,323.6,1245.2,336.2,1254.2,332.6,1268.6,0.0,0.0,192.02,2438.5,330.8,246.60000000000002,107.82000000000001,1.859708333333333,113999.26999999997,10.835616438356164,87.48,90.98,401.0,True,2026-09-23 18:50:08-07:00
838.06,2,9,2026-09-24 02:03:41,37.06167,-121.58247,786.0,77.9,275.1,-12.6,0.15,E16,1.4,330.0,0.0,1.1,21.9,275.1,87.5,850.0,4.4,-0.01,1.1,0.0,-273.0,29.0,91.0,29.84,2687.0,304.0,17.0,150.0,0.0,0.0,0.0,312.0,0.0,0.0,5.0,3.0,-59.0,0.0,0.0,0.0,1.0,0.0,0.0,-44.0,0.0,0.0,0.0,0.0,3.0,1.0,0.0,1200.0,80.0,89.0,2455.0,2456.0,17.7,7.6,0.0,7.6,30.3,0.0,0.0,39.5,0.0,0.0,13.1,45.3,39.7,0.0,0.0,0.0,0.0,166.0,674.0,162.0,674.0,168.0,679.0,167.0,687.0,0.0,0.0,-2.0,0.0,0.0,30.3,8.0,4.995,0.0,0.0,0.654,0.778,79.8,88.8,0.0,0.0,31.0,R,0.0,84.2,192.2,0.0,0.0,0.0,0.0,330.8,1245.2,323.6,1245.2,334.4,1254.2,332.6,1268.6,0.0,0.0,191.83999999999997,2455.5,330.35,246.15000000000003,107.63999999999997,1.8617777777777775,114131.67333333331,10.250000000000002,87.98,91.49,401.0,True,2026-09-23 18:50:08-07:00
839.06,2,9,2026-09-24 02:03:42,37.06172,-121.58292,780.0,77.6,281.1,-12.6,0.16,E16,1.4,330.7,0.0,1.3,23.2,279.6,88.2,845.0,4.4,0.03,1.0,0.0,-286.0,29.0,91.7,29.84,2681.0,304.0,17.0,150.0,0.0,0.0,0.0,312.0,0.0,0.0,5.0,3.0,-59.0,0.0,0.0,0.0,-1.0,0.0,0.0,-44.0,0.0,0.0,0.0,0.0,3.0,0.0,0.0,1200.0,81.0,89.0,2433.0,2434.0,19.1,8.0,0.0,8.0,30.5,0.0,0.0,39.5,0.0,0.0,12.7,45.3,39.7,0.0,0.0,0.0,0.0,166.0,674.0,162.0,674.0,168.0,678.0,167.0,685.0,0.0,0.0,-2.0,0.0,0.0,30.5,8.0,4.995,0.0,0.0,0.654,0.779,80.6,88.8,0.0,0.0,38.0,R,0.0,84.2,192.2,0.0,0.0,0.0,0.0,330.8,1245.2,323.6,1245.2,334.4,1252.4,332.6,1265.0,0.0,0.0,191.83999999999997,2433.5,330.35,246.15000000000003,107.63999999999997,1.8639444444444442,114262.81166666665,9.7,88.68,92.21,401.0,True,2026-09-23 18:50:08-07:00
840.06,2,9,2026-09-24 02:03:43,37.06181,-121.58335,774.0,77.4,286.8,-12.6,0.18,E16,1.3,331.4,0.0,0.4,21.1,285.7,90.0,839.0,5.5,-0.01,1.1,0.0,-305.0,29.0,93.6,29.84,2674.0,304.0,17.0,150.0,0.0,0.0,0.0,312.0,0.0,0.0,5.0,4.0,-59.0,0.0,0.0,0.0,-3.0,0.0,0.0,-45.0,0.0,0.0,0.0,0.0,3.0,1.0,0.0,1200.0,81.0,89.0,2443.0,2444.0,19.2,8.3,0.0,8.3,30.5,0.0,0.0,39.5,0.0,0.0,12.5,45.3,39.7,0.0,0.0,0.0,0.0,167.0,674.0,163.0,674.0,169.0,678.0,167.0,685.0,0.0,0.0,-2.0,0.0,0.0,30.5,8.0,4.995,0.0,0.0,0.654,0.778,80.8,88.8,0.0,0.0,42.0,R,0.0,84.2,192.2,0.0,0.0,0.0,0.0,332.6,1245.2,325.4,1245.2,336.2,1252.4,332.6,1265.0,0.0,0.0,191.83999999999997,2443.5,331.7,247.5,107.63999999999997,1.8662083333333332,114393.5283333333,9.325301204819278,90.48,94.07,401.0,True,2026-09-23 18:50:08-07:00
841.06,2,9,2026-09-24 02:03:44,37.06193,-121.58377,768.0,77.3,293.0,-12.6,0.19,E16,1.3,332.0,0.0,0.0,18.3,288.6,90.5,834.0,4.0,0.02,0.9,0.0,-295.0,29.0,94.1,29.84,2668.0,304.0,17.0,150.0,0.0,0.0,0.0,312.0,0.0,0.0,5.0,4.0,-59.0,0.0,0.0,0.0,-1.0,0.0,0.0,-47.0,0.0,0.0,0.0,0.0,3.0,1.0,0.0,1200.0,81.0,89.0,2438.0,2438.0,19.2,8.5,0.0,8.5,30.6,0.0,0.0,39.5,0.0,0.0,12.4,45.3,39.7,0.0,0.0,0.0,0.0,167.0,674.0,163.0,675.0,169.0,678.0,168.0,684.0,0.0,0.0,-2.0,0.0,0.0,30.6,8.0,4.995,0.0,0.0,0.654,0.78,80.7,89.0,0.0,0.0,44.0,R,0.0,84.2,192.2,0.0,0.0,0.0,0.0,332.6,1245.2,325.4,1247.0,336.2,1252.4,334.4,1263.2,0.0,0.0,192.2,2438.0,332.15,247.95,107.99999999999999,1.8685416666666665,114523.99199999998,9.094117647058823,90.98,94.58,401.0,True,2026-09-23 18:50:08-07:00
842.06,2,9,2026-09-24 02:03:45,37.06208,-121.58418,763.0,77.6,297.0,-12.6,0.2,E16,1.3,332.6,0.0,-1.8,17.6,292.6,90.8,830.0,4.1,-0.01,0.9,0.0,-278.0,29.0,94.4,29.84,2663.0,304.0,17.0,150.0,0.0,0.0,0.0,312.0,0.0,0.0,5.0,4.0,-60.0,0.0,0.0,0.0,-1.0,0.0,0.0,-47.0,0.0,0.0,0.0,0.0,3.0,0.0,0.0,1200.0,80.0,89.0,2382.0,2383.0,19.0,8.5,0.0,8.5,31.1,0.0,0.0,39.5,0.0,0.0,12.8,45.3,39.7,0.0,0.0,0.0,0.0,167.0,675.0,163.0,675.0,169.0,677.0,168.0,683.0,0.0,0.0,-2.0,0.0,0.0,31.1,8.0,4.995,0.0,0.0,0.656,0.781,80.3,89.2,0.0,0.0,44.0,R,0.0,84.2,192.2,0.0,0.0,0.0,0.0,332.6,1247.0,325.4,1247.0,336.2,1250.6,334.4,1261.4,0.0,0.0,192.56,2382.5,332.15,247.95,108.36,1.8709027777777776,114654.62433333331,9.129411764705882,91.28,94.89,401.0,True,2026-09-23 18:50:08-07:00
843.06,2,9,2026-09-24 02:03:46,37.06225,-121.58456,752.0,77.0,301.5,-12.6,0.21,E16,1.3,333.1,0.0,-2.1,17.3,296.1,91.4,824.0,3.7,0.01,1.0,0.0,-310.0,29.0,95.0,29.84,2645.0,304.0,17.0,150.0,0.0,0.0,0.0,312.0,0.0,0.0,5.0,4.0,-60.0,0.0,0.0,0.0,-4.0,0.0,0.0,-46.0,0.0,0.0,0.0,0.0,3.0,1.0,0.0,1200.0,80.0,89.0,2445.0,2445.0,16.7,8.4,0.0,8.4,31.7,0.0,0.0,39.5,0.0,0.0,13.5,45.3,39.7,0.0,0.0,0.0,0.0,167.0,675.0,163.0,675.0,169.0,678.0,168.0,684.0,0.0,0.0,-2.0,0.0,0.0,31.7,8.0,4.995,0.0,0.0,0.656,0.785,80.2,89.0,0.0,0.0,39.0,R,0.0,84.2,192.2,0.0,0.0,0.0,0.0,332.6,1247.0,325.4,1247.0,336.2,1252.4,334.4,1263.2,0.0,0.0,192.2,2445.0,332.15,247.95,107.99999999999999,1.8732499999999999,114785.00366666664,9.166666666666666,91.88000000000001,95.5,401.0,True,2026-09-23 18:50:08-07:00
844.06,2,9,2026-09-24 02:03:47,37.06245,-121.58493,742.0,76.6,306.1,-12.6,0.21,E16,1.3,333.6,0.0,-2.3,14.2,299.4,91.1,819.0,3.6,-0.02,1.0,0.0,-327.0,29.0,94.7,29.84,2638.0,304.0,17.0,150.0,0.0,0.0,0.0,312.0,0.0,0.0,5.0,4.0,-60.0,0.0,0.0,0.0,-2.0,0.0,0.0,-47.0,0.0,0.0,0.0,0.0,3.0,0.0,0.0,1200.0,80.0,89.0,2467.0,2466.0,17.5,8.4,0.0,8.4,30.8,0.0,0.0,39.5,0.0,0.0,13.8,45.3,39.7,0.0,0.0,0.0,0.0,168.0,675.0,163.0,675.0,169.0,680.0,168.0,685.0,0.0,0.0,-2.0,0.0,0.0,30.8,8.0,4.995,0.0,0.0,0.654,0.784,80.0,88.8,0.0,0.0,36.0,R,0.0,84.2,192.2,0.0,0.0,0.0,0.0,334.4,1247.0,325.4,1247.0,336.2,1256.0,334.4,1265.0,0.0,0.0,191.83999999999997,2466.5,332.59999999999997,248.39999999999998,107.63999999999997,1.8755833333333332,114914.53966666665,9.119047619047619,91.58,95.18,401.0,True,2026-09-23 18:50:08-07:00
845.06,2,9,2026-09-24 02:03:48,37.06267,-121.58528,732.0,76.7,309.8,-12.6,0.22,E16,1.3,334.0,0.0,-2.5,14.3,303.0,91.5,808.0,3.5,0.0,1.1,0.0,-436.0,29.0,95.1,29.84,2625.0,304.0,17.0,150.0,0.0,0.0,0.0,312.0,0.0,0.0,5.0,4.0,-60.0,0.0,0.0,0.0,-3.0,0.0,0.0,-47.0,0.0,0.0,0.0,0.0,3.0,0.0,0.0,1200.0,80.0,89.0,2426.0,2426.0,17.8,8.4,0.0,8.4,31.1,0.0,0.0,39.5,0.0,0.0,13.2,45.3,39.7,0.0,0.0,0.0,0.0,168.0,675.0,164.0,674.0,169.0,679.0,168.0,685.0,0.0,0.0,-2.0,0.0,0.0,31.1,8.0,4.995,0.0,0.0,0.656,0.786,80.4,88.8,0.0,0.0,37.0,R,0.0,84.2,192.2,0.0,0.0,0.0,0.0,334.4,1247.0,327.2,1245.2,336.2,1254.2,334.4,1265.0,0.0,0.0,191.83999999999997,2426.0,333.04999999999995,248.84999999999997,107.63999999999997,1.8779166666666665,115043.82266666665,9.130952380952381,91.98,95.58,401.0,True,2026-09-23 18:50:08-07:00
846.06,2,9,2026-09-24 02:03:49,37.06291,-121.58561,722.0,76.5,313.9,-12.6,0.22,E16,1.2,334.3,0.0,-2.7,12.3,305.4,91.1,800.0,3.0,-0.02,1.0,0.0,-467.0,29.0,94.7,29.84,2615.0,304.0,17.0,150.0,0.0,0.0,0.0,312.0,0.0,0.0,5.0,4.0,-61.0,0.0,0.0,0.0,-2.0,0.0,0.0,-47.0,0.0,0.0,0.0,0.0,3.0,0.0,0.0,1200.0,81.0,89.0,2429.0,2429.0,17.7,8.4,0.0,8.4,31.1,0.0,0.0,39.5,0.0,0.0,12.9,45.3,39.7,0.0,0.0,0.0,0.0,168.0,675.0,164.0,674.0,169.0,679.0,169.0,685.0,0.0,0.0,-2.0,0.0,0.0,31.1,8.0,4.995,0.0,0.0,0.657,0.793,80.5,88.9,0.0,0.0,37.0,R,0.0,84.2,192.2,0.0,0.0,0.0,0.0,334.4,1247.0,327.2,1245.2,336.2,1254.2,336.2,1265.0,0.0,0.0,192.02,2429.0,333.5,249.3,107.82000000000001,1.8802499999999998,115173.02133333331,9.107142857142856,91.58,95.15,401.0,True,2026-09-23 18:50:08-07:00
847.06,2,9,2026-09-24 02:03:50,37.06316,-121.58592,710.0,76.5,316.8,-12.6,0.23,E16,1.2,334.7,0.0,-2.4,12.7,308.1,91.3,789.0,2.8,-0.02,1.0,0.0,-521.0,29.0,94.9,29.84,2602.0,304.0,17.0,150.0,0.0,0.0,0.0,312.0,0.0,0.0,5.0,5.0,-62.0,0.0,0.0,0.0,-3.0,0.0,0.0,-47.0,0.0,0.0,0.0,0.0,3.0,1.0,0.0,1200.0,80.0,89.0,2435.0,2435.0,17.6,8.4,0.0,8.4,31.1,0.0,0.0,39.5,0.0,0.0,12.4,45.3,39.7,0.0,0.0,0.0,0.0,168.0,674.0,164.0,675.0,169.0,679.0,169.0,685.0,0.0,0.0,5.0,0.0,0.0,31.1,8.0,4.995,0.0,0.0,0.656,0.786,80.1,89.0,0.0,0.0,37.0,R,0.0,84.2,192.2,0.0,0.0,0.0,0.0,334.4,1245.2,327.2,1247.0,336.2,1254.2,336.2,1265.0,0.0,0.0,192.2,2435.0,333.5,249.3,107.99999999999999,1.882583333333333,115302.05133333331,9.107142857142856,91.78,95.34,401.0,True,2026-09-23 18:50:08-07:00
848.06,2,9,2026-09-24 02:03:51,37.06343,-121.58621,698.0,76.4,320.3,-12.6,0.23,E16,1.2,334.9,0.0,-2.3,10.7,310.4,91.6,779.0,2.6,-0.01,1.0,0.0,-569.0,29.0,95.1,29.84,2589.0,304.0,17.0,150.0,0.0,0.0,0.0,312.0,0.0,0.0,5.0,5.0,-62.0,0.0,0.0,0.0,-3.0,0.0,0.0,-47.0,0.0,0.0,0.0,0.0,3.0,1.0,0.0,1200.0,80.0,89.0,2433.0,2433.0,17.6,8.4,0.0,8.4,31.2,0.0,0.0,39.5,0.0,0.0,12.1,45.3,39.7,0.0,0.0,0.0,0.0,168.0,674.0,164.0,675.0,169.0,679.0,169.0,685.0,0.0,0.0,6.0,0.0,0.0,31.2,8.0,4.995,0.0,0.0,0.656,0.787,80.5,88.8,0.0,0.0,37.0,R,0.0,84.2,192.2,0.0,0.0,0.0,0.0,334.4,1245.2,327.2,1247.0,336.2,1254.2,336.2,1265.0,0.0,0.0,191.83999999999997,2433.0,333.5,249.3,107.63999999999997,1.8849166666666666,115430.99699999997,9.095238095238095,92.08,95.63,401.0,True,2026-09-23 18:50:08-07:00
849.06,2,9,2026-09-24 02:03:52,37.0637,-121.58649,688.0,76.4,323.1,-12.6,0.23,E16,1.2,335.2,0.0,-1.8,7.9,312.8,90.8,769.0,2.6,-0.02,1.2,0.0,-594.0,29.0,94.3,29.84,2576.0,304.0,17.0,150.0,0.0,0.0,0.0,312.0,0.0,0.0,5.0,5.0,-63.0,0.0,0.0,0.0,-4.0,0.0,0.0,-46.0,0.0,0.0,0.0,0.0,3.0,0.0,0.0,1200.0,80.0,89.0,2430.0,2432.0,17.6,8.4,0.0,8.4,31.1,0.0,0.0,39.5,0.0,0.0,12.1,45.3,39.7,0.0,0.0,0.0,0.0,168.0,674.0,164.0,675.0,169.0,680.0,169.0,685.0,0.0,0.0,7.0,0.0,0.0,31.1,8.0,4.995,0.0,0.0,0.656,0.789,80.5,88.8,0.0,0.0,37.0,R,0.0,84.2,192.2,0.0,0.0,0.0,0.0,334.4,1245.2,327.2,1247.0,336.2,1256.0,336.2,1265.0,0.0,0.0,191.83999999999997,2431.0,333.5,249.3,107.63999999999997,1.8872499999999999,115559.85833333331,9.095238095238095,91.28,94.78,401.0,True,2026-09-23 18:50:08-07:00
850.06,2,9,2026-09-24 02:03:53,37.06399,-121.58675,677.0,76.5,325.4,-12.6,0.23,E16,1.2,335.4,0.0,-1.6,6.4,313.9,90.9,758.0,1.7,-0.0,1.0,0.0,-611.0,29.0,94.3,29.84,2553.0,304.0,17.0,150.0,0.0,0.0,0.0,312.0,0.0,0.0,5.0,5.0,-63.0,0.0,0.0,0.0,-2.0,0.0,0.0,-46.0,0.0,0.0,0.0,0.0,3.0,0.0,0.0,1200.0,81.0,89.0,2431.0,2432.0,17.6,8.4,0.0,8.4,31.1,0.0,0.0,39.5,0.0,0.0,12.2,45.3,39.7,0.0,0.0,0.0,0.0,169.0,674.0,164.0,675.0,169.0,680.0,169.0,685.0,0.0,0.0,7.0,0.0,0.0,31.1,8.0,4.995,0.0,0.0,0.656,0.796,80.6,88.7,0.0,0.0,37.0,R,0.0,84.2,192.2,0.0,0.0,0.0,0.0,336.2,1245.2,327.2,1247.0,336.2,1256.0,336.2,1265.0,0.0,0.0,191.66000000000003,2431.5,333.95,249.75,107.46000000000002,1.8895833333333332,115688.80399999997,9.107142857142856,91.38000000000001,94.87,401.0,True,2026-09-23 18:50:08-07:00
851.06,2,9,2026-09-24 02:03:54,37.06428,-121.58698,668.0,76.2,327.4,-12.6,0.23,E16,1.1,335.5,0.0,-1.3,3.9,315.2,91.9,749.0,1.5,-0.01,1.0,0.0,-575.0,29.0,95.4,29.84,2542.0,304.0,17.0,150.0,0.0,0.0,0.0,312.0,0.0,0.0,5.0,5.0,-64.0,0.0,0.0,0.0,-4.0,0.0,0.0,-46.0,0.0,0.0,0.0,0.0,3.0,0.0,0.0,1200.0,81.0,89.0,2440.0,2437.0,17.6,8.4,0.0,8.4,31.1,0.0,0.0,39.5,0.0,0.0,12.3,45.3,39.7,0.0,0.0,0.0,0.0,169.0,674.0,164.0,676.0,170.0,679.0,169.0,685.0,0.0,0.0,7.0,0.0,0.0,31.1,8.0,4.995,0.0,0.0,0.657,0.793,80.5,88.8,0.0,0.0,37.0,R,0.0,84.2,192.2,0.0,0.0,0.0,0.0,336.2,1245.2,327.2,1248.8,338.0,1254.2,336.2,1265.0,0.0,0.0,191.83999999999997,2438.5,334.40000000000003,250.20000000000005,107.63999999999997,1.8919166666666665,115817.58099999998,9.071428571428571,92.38000000000001,95.89,401.0,True,2026-09-23 18:50:08-07:00
852.06,2,9,2026-09-24 02:03:55,37.06458,-121.58722,660.0,76.1,328.1,-12.6,0.23,E16,1.1,335.7,0.0,-1.5,1.8,317.3,91.5,741.0,1.8,-0.02,1.0,0.0,-534.0,29.0,94.9,29.84,2532.0,304.0,17.0,150.0,0.0,0.0,0.0,312.0,0.0,0.0,5.0,5.0,-64.0,0.0,0.0,0.0,-2.0,0.0,0.0,-46.0,0.0,0.0,0.0,0.0,3.0,0.0,0.0,1200.0,81.0,89.0,2429.0,2429.0,17.6,8.4,0.0,8.4,31.1,0.0,0.0,39.5,0.0,0.0,12.1,45.3,39.7,0.0,0.0,0.0,0.0,169.0,674.0,164.0,676.0,170.0,679.0,169.0,685.0,0.0,0.0,7.0,0.0,0.0,31.1,8.0,4.995,0.0,0.0,0.656,0.792,80.7,89.0,0.0,0.0,37.0,R,0.0,84.2,192.2,0.0,0.0,0.0,0.0,336.2,1245.2,327.2,1248.8,338.0,1254.2,336.2,1265.0,0.0,0.0,192.2,2429.0,334.40000000000003,250.20000000000005,107.99999999999999,1.8942499999999998,115946.02066666665,9.059523809523808,91.98,95.46,401.0,True,2026-09-23 18:50:08-07:00
853.06,2,9,2026-09-24 02:03:56,37.06488,-121.58745,654.0,75.9,329.2,-12.6,0.23,E16,1.1,335.8,0.0,-1.7,1.1,316.9,91.1,734.0,0.6,0.0,1.1,0.0,-483.0,29.0,94.6,29.84,2523.0,304.0,17.0,150.0,0.0,0.0,0.0,312.0,0.0,0.0,5.0,5.0,-64.0,0.0,0.0,0.0,1.0,0.0,0.0,-46.0,0.0,0.0,0.0,0.0,3.0,1.0,0.0,1200.0,80.0,89.0,2434.0,2434.0,17.6,8.4,0.0,8.4,31.2,0.0,0.0,39.5,0.0,0.0,11.9,45.3,39.7,0.0,0.0,0.0,0.0,169.0,675.0,165.0,676.0,170.0,680.0,169.0,685.0,0.0,0.0,7.0,0.0,0.0,31.2,8.0,4.995,0.0,0.0,0.656,0.786,80.4,88.7,0.0,0.0,37.0,R,0.0,84.2,192.2,0.0,0.0,0.0,0.0,336.2,1247.0,329.0,1248.8,338.0,1256.0,336.2,1265.0,0.0,0.0,191.66000000000003,2434.0,334.85,250.65000000000003,107.46000000000002,1.896583333333333,116074.20733333331,9.035714285714286,91.58,95.03,401.0,True,2026-09-23 18:50:08-07:00
854.06,2,9,2026-09-24 02:03:57,37.06518,-121.58768,648.0,75.8,329.6,-12.6,0.23,E16,1.1,336.0,0.0,-1.9,3.9,317.6,89.1,728.0,0.7,-0.05,1.0,0.0,-435.0,29.0,92.4,29.84,2516.0,304.0,17.0,150.0,0.0,0.0,0.0,312.0,0.0,0.0,5.0,5.0,-65.0,0.0,0.0,0.0,0.0,0.0,0.0,-46.0,0.0,0.0,0.0,0.0,3.0,0.0,0.0,1200.0,80.0,89.0,2425.0,2424.0,17.6,8.4,0.0,8.4,31.2,0.0,0.0,39.5,0.0,0.0,12.0,45.3,39.7,0.0,0.0,0.0,0.0,169.0,675.0,165.0,676.0,170.0,680.0,169.0,686.0,0.0,0.0,7.0,0.0,0.0,31.2,8.0,4.995,0.0,0.0,0.656,0.801,80.4,88.7,0.0,0.0,37.0,R,0.0,84.2,192.2,0.0,0.0,0.0,0.0,336.2,1247.0,329.0,1248.8,338.0,1256.0,336.2,1266.8,0.0,0.0,191.66000000000003,2424.5,334.85,250.65000000000003,107.46000000000002,1.8989166666666666,116202.14099999997,9.023809523809524,89.58,92.95,401.0,True,2026-09-23 18:50:08-07:00
855.06,2,9,2026-09-24 02:03:58,37.06548,-121.58789,641.0,75.7,330.4,-12.6,0.22,E16,1.1,336.1,0.0,-1.6,2.1,317.4,86.9,723.0,0.1,-0.01,0.9,0.0,-401.0,29.0,90.2,29.84,2509.0,304.0,17.0,150.0,0.0,0.0,0.0,312.0,0.0,0.0,5.0,4.0,-65.0,0.0,0.0,0.0,3.0,0.0,0.0,-46.0,0.0,0.0,0.0,0.0,3.0,1.0,0.0,1200.0,80.0,89.0,2414.0,2416.0,17.6,8.4,0.0,8.4,31.4,0.0,0.0,39.5,0.0,0.0,12.0,45.3,39.7,0.0,0.0,0.0,0.0,169.0,674.0,165.0,676.0,170.0,680.0,170.0,686.0,0.0,0.0,7.0,0.0,0.0,31.4,8.0,4.995,0.0,0.0,0.654,0.796,80.4,88.7,0.0,0.0,37.0,R,0.0,84.2,192.2,0.0,0.0,0.0,0.0,336.2,1245.2,329.0,1248.8,338.0,1256.0,338.0,1266.8,0.0,0.0,191.66000000000003,2415.0,335.3,251.10000000000002,107.46000000000002,1.9012499999999999,116329.90599999997,9.011904761904761,87.38000000000001,90.66,401.0,True,2026-09-23 18:50:08-07:00
856.06,2,9,2026-09-24 02:03:59,37.0658,-121.5881,636.0,75.8,331.8,-12.6,0.22,E16,1.0,336.2,0.0,-1.5,4.7,319.1,89.8,717.0,1.0,-0.01,0.9,0.0,-381.0,29.0,93.1,29.84,2502.0,304.0,17.0,150.0,0.0,0.0,0.0,312.0,0.0,0.0,5.0,4.0,-65.0,0.0,0.0,0.0,-2.0,0.0,0.0,-46.0,0.0,0.0,0.0,0.0,3.0,1.0,0.0,1200.0,80.0,89.0,2423.0,2424.0,17.4,8.4,0.0,8.4,31.6,0.0,0.0,39.5,0.0,0.0,12.2,45.3,39.7,0.0,0.0,0.0,0.0,169.0,674.0,165.0,676.0,170.0,680.0,170.0,687.0,0.0,0.0,7.0,0.0,0.0,31.6,8.0,4.995,0.0,0.0,0.656,0.793,80.4,88.7,0.0,0.0,37.0,R,0.0,84.2,192.2,0.0,0.0,0.0,0.0,336.2,1245.2,329.0,1248.8,338.0,1256.0,338.0,1268.6,0.0,0.0,191.66000000000003,2423.5,335.3,251.10000000000002,107.46000000000002,1.9035833333333332,116457.67099999997,9.023809523809524,90.28,93.66,401.0,True,2026-09-23 18:50:08-07:00
857.06,2,9,2026-09-24 02:04:00,37.0661,-121.5883,629.0,75.5,333.2,-12.6,0.22,E16,1.0,336.2,0.0,-1.8,2.9,320.3,89.3,711.0,1.3,-0.03,1.0,0.0,-358.0,29.0,92.7,29.84,2485.0,304.0,17.0,150.0,0.0,0.0,0.0,312.0,0.0,0.0,5.0,4.0,-65.0,0.0,0.0,0.0,-1.0,0.0,0.0,-46.0,0.0,0.0,0.0,0.0,3.0,1.0,0.0,1200.0,80.0,89.0,2423.0,2422.0,16.6,8.2,0.0,8.2,31.7,0.0,0.0,39.5,0.0,0.0,12.0,45.3,39.7,0.0,0.0,0.0,0.0,170.0,674.0,165.0,676.0,170.0,680.0,170.0,689.0,0.0,0.0,7.0,0.0,0.0,31.7,8.0,4.995,0.0,0.0,0.656,0.791,80.3,88.9,0.0,0.0,34.0,R,0.0,84.2,192.2,0.0,0.0,0.0,0.0,338.0,1245.2,329.0,1248.8,338.0,1256.0,338.0,1272.2,0.0,0.0,192.02,2422.5,335.75,251.55,107.82000000000001,1.9058888888888887,116585.26733333331,9.207317073170733,89.78,93.13,401.0,True,2026-09-23 18:50:08-07:00
858.06,2,9,2026-09-24 02:04:01,37.06642,-121.58849,622.0,75.0,334.2,-12.6,0.21,E16,1.0,336.3,0.0,-2.0,1.5,320.2,88.9,705.0,0.5,-0.01,1.0,0.0,-368.0,28.0,92.2,29.84,2476.0,314.0,14.0,150.0,0.0,0.0,0.0,312.0,0.0,0.0,5.0,4.0,0.0,0.0,0.0,0.0,-2.0,0.0,0.0,-46.0,0.0,0.0,0.0,0.0,3.0,1.0,0.0,1200.0,81.0,89.0,2425.0,2426.0,16.2,8.1,0.0,8.1,31.8,0.0,0.0,39.5,0.0,0.0,11.8,45.3,39.7,0.0,0.0,0.0,0.0,169.0,674.0,165.0,676.0,170.0,681.0,170.0,690.0,0.0,0.0,7.0,0.0,0.0,31.8,8.0,4.995,0.0,0.0,0.656,0.787,80.8,88.7,0.0,0.0,32.0,R,0.0,82.4,192.2,0.0,0.0,0.0,0.0,336.2,1245.2,329.0,1248.8,338.0,1257.8,338.0,1274.0,0.0,0.0,191.66000000000003,2425.5,335.3,252.9,109.26000000000002,1.9081527777777776,116712.18899999998,9.25925925925926,89.38000000000001,92.55,401.0,True,2026-09-23 18:50:08-07:00
859.06,2,9,2026-09-24 02:04:02,37.06673,-121.58868,615.0,74.7,335.2,-12.6,0.21,E16,1.0,336.3,0.0,-2.0,3.1,320.3,87.4,698.0,0.5,-0.05,0.9,0.0,-378.0,28.0,90.6,29.84,2468.0,314.0,14.0,150.0,0.0,0.0,0.0,312.0,0.0,0.0,5.0,4.0,0.0,0.0,0.0,0.0,-4.0,0.0,0.0,-46.0,0.0,0.0,0.0,0.0,3.0,1.0,0.0,1200.0,81.0,89.0,2428.0,2428.0,15.9,8.0,0.0,8.0,31.8,0.0,0.0,39.5,0.0,0.0,11.9,45.3,39.7,0.0,0.0,0.0,0.0,170.0,674.0,165.0,676.0,170.0,682.0,170.0,691.0,0.0,0.0,7.0,0.0,0.0,31.8,8.0,4.995,0.0,0.0,0.656,0.792,80.7,88.7,0.0,0.0,30.0,R,0.0,82.4,192.2,0.0,0.0,0.0,0.0,338.0,1245.2,329.0,1248.8,338.0,1259.6,338.0,1275.8,0.0,0.0,191.66000000000003,2428.0,335.75,253.35,109.26000000000002,1.9103888888888887,116838.43599999997,9.3375,87.88000000000001,90.98,401.0,True,2026-09-23 18:50:08-07:00
860.06,2,9,2026-09-24 02:04:03,37.06705,-121.58886,605.0,74.3,335.9,-12.6,0.21,E16,1.0,336.3,0.0,-1.7,-0.5,320.5,87.7,690.0,0.4,0.03,1.1,0.0,-424.0,28.0,90.9,29.84,2458.0,313.0,14.0,150.0,0.0,0.0,0.0,312.0,0.0,0.0,5.0,4.0,0.0,0.0,0.0,0.0,-4.0,0.0,0.0,-46.0,0.0,0.0,0.0,0.0,3.0,1.0,0.0,1200.0,81.0,89.0,2426.0,2426.0,15.7,7.8,0.0,7.8,31.9,0.0,0.0,39.5,0.0,0.0,12.0,45.3,39.7,0.0,0.0,0.0,0.0,170.0,674.0,165.0,677.0,170.0,684.0,170.0,691.0,0.0,0.0,7.0,0.0,0.0,31.9,8.0,4.995,0.0,0.0,0.654,0.786,80.6,88.7,0.0,0.0,29.0,R,0.0,82.4,192.2,0.0,0.0,0.0,0.0,338.0,1245.2,329.0,1250.6,338.0,1263.2,338.0,1275.8,0.0,0.0,191.66000000000003,2426.0,335.75,253.35,109.26000000000002,1.912583333333333,116964.09266666665,9.525641025641026,88.18,91.28,401.0,True,2026-09-23 18:50:08-07:00
861.06,2,9,2026-09-24 02:04:04,37.06736,-121.58904,598.0,74.3,336.5,-12.6,0.2,E16,0.9,336.4,0.0,-3.1,-2.0,322.9,88.2,682.0,1.9,-0.04,0.9,0.0,-452.0,28.0,91.5,29.84,2448.0,313.0,14.0,150.0,0.0,0.0,0.0,312.0,0.0,0.0,5.0,4.0,0.0,0.0,0.0,0.0,0.0,0.0,0.0,-46.0,0.0,0.0,0.0,0.0,3.0,0.0,0.0,1200.0,81.0,89.0,2434.0,2434.0,15.7,7.7,0.0,7.7,31.8,0.0,0.0,39.5,0.0,0.0,12.1,45.3,39.7,0.0,0.0,0.0,0.0,170.0,675.0,165.0,676.0,170.0,685.0,170.0,692.0,0.0,0.0,7.0,0.0,0.0,31.8,8.0,4.995,0.0,0.0,0.654,0.786,80.7,88.7,0.0,0.0,28.0,R,0.0,82.4,192.2,0.0,0.0,0.0,0.0,338.0,1247.0,329.0,1248.8,338.0,1265.0,338.0,1277.6,0.0,0.0,191.66000000000003,2434.0,335.75,253.35,109.26000000000002,1.914736111111111,117089.41199999998,9.649350649350648,88.68,91.79,401.0,True,2026-09-23 18:50:08-07:00
862.06,2,9,2026-09-24 02:04:05,37.06767,-121.5892,587.0,74.0,336.4,-12.6,0.2,E16,0.9,336.3,0.0,-2.6,-2.2,321.4,87.5,674.0,-0.1,-0.03,0.9,0.0,-458.0,28.0,90.7,29.84,2439.0,313.0,14.0,150.0,0.0,0.0,0.0,312.0,0.0,0.0,5.0,4.0,0.0,0.0,0.0,0.0,1.0,0.0,0.0,-46.0,0.0,0.0,0.0,0.0,3.0,1.0,0.0,1200.0,81.0,89.0,2430.0,2428.0,15.6,7.6,0.0,7.6,31.8,0.0,0.0,39.5,0.0,0.0,12.0,45.3,39.7,0.0,0.0,0.0,0.0,170.0,675.0,165.0,677.0,170.0,686.0,170.0,693.0,0.0,0.0,7.0,0.0,0.0,31.8,8.0,4.995,0.0,0.0,0.654,0.786,80.5,88.9,0.0,0.0,28.0,R,0.0,82.4,192.2,0.0,0.0,0.0,0.0,338.0,1247.0,329.0,1250.6,338.0,1266.8,338.0,1279.4,0.0,0.0,192.02,2429.0,335.75,253.35,109.62,1.916861111111111,117214.4783333333,9.736842105263158,87.98,91.05,401.0,True,2026-09-23 18:50:08-07:00
863.06,2,9,2026-09-24 02:04:06,37.06799,-121.58938,577.0,73.8,336.4,-12.6,0.19,E16,0.9,336.4,0.0,-2.7,-0.4,321.3,86.4,664.0,-0.4,0.01,0.9,0.0,-518.0,28.0,89.5,29.84,2426.0,313.0,14.0,150.0,0.0,0.0,0.0,312.0,0.0,0.0,5.0,4.0,0.0,0.0,0.0,0.0,-3.0,0.0,0.0,-46.0,0.0,0.0,0.0,0.0,3.0,1.0,0.0,1200.0,80.0,89.0,2426.0,2425.0,15.2,7.5,0.0,7.5,32.0,0.0,0.0,39.5,0.0,0.0,11.8,45.3,39.7,0.0,0.0,0.0,0.0,170.0,674.0,165.0,677.0,170.0,686.0,170.0,694.0,0.0,0.0,7.0,0.0,0.0,32.0,8.0,4.995,0.0,0.0,0.656,0.785,80.5,88.7,0.0,0.0,26.0,R,0.0,82.4,192.2,0.0,0.0,0.0,0.0,338.0,1245.2,329.0,1250.6,338.0,1266.8,338.0,1281.2,0.0,0.0,191.66000000000003,2425.5,335.75,253.35,109.26000000000002,1.918958333333333,117339.12299999998,9.84,86.88000000000001,89.89,401.0,True,2026-09-23 18:50:08-07:00
864.06,2,9,2026-09-24 02:04:07,37.0683,-121.58955,567.0,73.5,336.9,-12.6,0.19,E16,0.9,336.4,0.0,-2.6,0.1,321.7,86.6,655.0,0.3,-0.04,1.1,0.0,-523.0,28.0,89.7,29.84,2416.0,313.0,14.0,150.0,0.0,0.0,0.0,312.0,0.0,0.0,5.0,4.0,0.0,0.0,0.0,0.0,-2.0,0.0,0.0,-46.0,0.0,0.0,0.0,0.0,3.0,1.0,0.0,1200.0,80.0,89.0,2429.0,2429.0,15.1,7.4,0.0,7.4,31.9,0.0,0.0,39.5,0.0,0.0,11.9,45.3,39.7,0.0,0.0,0.0,0.0,170.0,675.0,165.0,677.0,170.0,685.0,170.0,694.0,0.0,0.0,7.0,0.0,0.0,31.9,8.0,4.995,0.0,0.0,0.654,0.784,80.2,88.7,0.0,0.0,25.0,R,0.0,82.4,192.2,0.0,0.0,0.0,0.0,338.0,1247.0,329.0,1250.6,338.0,1265.0,338.0,1281.2,0.0,0.0,191.66000000000003,2429.0,335.75,253.35,109.26000000000002,1.9210277777777776,117463.34599999998,9.932432432432432,87.08,90.08,401.0,True,2026-09-23 18:50:08-07:00
865.06,2,9,2026-09-24 02:04:08,37.06861,-121.58971,557.0,73.3,336.8,-12.6,0.18,E16,0.8,336.3,0.0,-3.0,-1.9,320.8,85.9,646.0,-0.6,0.02,1.0,0.0,-541.0,28.0,89.0,29.84,2393.0,313.0,14.0,150.0,0.0,0.0,0.0,312.0,0.0,0.0,5.0,4.0,0.0,0.0,0.0,0.0,0.0,0.0,0.0,-46.0,0.0,0.0,0.0,0.0,3.0,1.0,0.0,1200.0,80.0,89.0,2428.0,2427.0,15.0,7.3,0.0,7.3,32.0,0.0,0.0,39.5,0.0,0.0,12.0,45.3,39.7,0.0,0.0,0.0,0.0,169.0,675.0,165.0,676.0,170.0,686.0,170.0,695.0,0.0,0.0,7.0,0.0,0.0,32.0,8.0,4.995,0.0,0.0,0.654,0.785,80.3,88.7,0.0,0.0,25.0,R,0.0,82.4,192.2,0.0,0.0,0.0,0.0,336.2,1247.0,329.0,1248.8,338.0,1266.8,338.0,1283.0,0.0,0.0,191.66000000000003,2427.5,335.3,252.9,109.26000000000002,1.9230694444444443,117587.14733333331,10.04109589041096,86.38000000000001,89.35,401.0,True,2026-09-23 18:50:08-07:00
866.06,2,9,2026-09-24 02:04:09,37.06892,-121.58988,546.0,73.2,337.0,-12.6,0.18,E16,0.8,336.3,0.0,-2.9,-0.9,321.2,86.7,635.0,0.3,-0.02,1.0,0.0,-577.0,28.0,89.8,29.84,2381.0,313.0,14.0,150.0,0.0,0.0,0.0,312.0,0.0,0.0,5.0,4.0,0.0,0.0,0.0,0.0,-1.0,0.0,0.0,-45.0,0.0,0.0,0.0,0.0,3.0,1.0,0.0,1200.0,80.0,89.0,2435.0,2434.0,14.8,7.3,0.0,7.3,31.9,0.0,0.0,39.5,0.0,0.0,12.2,45.3,39.7,0.0,0.0,0.0,0.0,169.0,674.0,165.0,677.0,170.0,687.0,170.0,695.0,0.0,0.0,7.0,0.0,0.0,31.9,8.0,4.995,0.0,0.0,0.656,0.782,80.3,88.7,0.0,0.0,24.0,R,0.0,82.4,192.2,0.0,0.0,0.0,0.0,336.2,1245.2,329.0,1250.6,338.0,1268.6,338.0,1283.0,0.0,0.0,191.66000000000003,2434.5,335.3,252.9,109.26000000000002,1.925097222222222,117710.69566666664,10.027397260273974,87.18,90.16,401.0,True,2026-09-23 18:50:08-07:00
867.06,2,9,2026-09-24 02:04:10,37.06924,-121.59004,535.0,73.0,337.0,-12.6,0.17,E16,0.8,336.3,0.0,-2.9,-0.3,320.7,86.5,626.0,-0.3,0.01,1.0,0.0,-571.0,28.0,89.6,29.84,2369.0,309.0,14.0,150.0,0.0,0.0,0.0,312.0,0.0,0.0,5.0,3.0,0.0,0.0,0.0,0.0,0.0,0.0,0.0,-46.0,0.0,0.0,0.0,0.0,3.0,1.0,0.0,1200.0,80.0,89.0,2427.0,2428.0,14.8,7.2,0.0,7.2,32.1,0.0,0.0,39.5,0.0,0.0,12.1,45.3,39.7,0.0,0.0,0.0,0.0,170.0,674.0,165.0,677.0,170.0,687.0,170.0,695.0,0.0,0.0,7.0,0.0,0.0,32.1,8.0,4.995,0.0,0.0,0.656,0.78,80.4,88.9,0.0,0.0,24.0,R,0.0,82.4,192.2,0.0,0.0,0.0,0.0,338.0,1245.2,329.0,1250.6,338.0,1268.6,338.0,1283.0,0.0,0.0,192.02,2427.5,335.75,253.35,109.62,1.927111111111111,117833.99099999998,10.13888888888889,86.98,89.93,401.0,True,2026-09-23 18:50:08-07:00
868.06,2,9,2026-09-24 02:04:11,37.06955,-121.59021,524.0,72.7,337.3,-12.6,0.17,E16,0.8,336.3,0.0,-2.6,-0.3,321.2,85.4,615.0,0.2,-0.01,1.0,0.0,-594.0,28.0,88.4,29.84,2356.0,309.0,14.0,150.0,0.0,0.0,0.0,312.0,0.0,0.0,5.0,3.0,0.0,0.0,0.0,0.0,-1.0,0.0,0.0,-46.0,0.0,0.0,0.0,0.0,3.0,1.0,0.0,1200.0,81.0,89.0,2426.0,2427.0,14.8,7.2,0.0,7.2,31.9,0.0,0.0,39.5,0.0,0.0,11.9,45.3,39.7,0.0,0.0,0.0,0.0,169.0,674.0,165.0,676.0,170.0,687.0,170.0,696.0,0.0,0.0,7.0,0.0,0.0,31.9,8.0,4.995,0.0,0.0,0.656,0.782,80.6,88.8,0.0,0.0,24.0,R,0.0,82.4,192.2,0.0,0.0,0.0,0.0,336.2,1245.2,329.0,1248.8,338.0,1268.6,338.0,1284.8,0.0,0.0,191.83999999999997,2426.5,335.3,252.9,109.43999999999997,1.929111111111111,117956.86466666665,10.097222222222223,85.88000000000001,88.78,401.0,True,2026-09-23 18:50:08-07:00
869.06,2,9,2026-09-24 02:04:12,37.06986,-121.59037,514.0,72.8,337.3,-12.6,0.17,E16,0.8,336.3,0.0,-2.3,-1.4,321.0,85.1,605.0,-0.2,0.0,1.0,0.0,-600.0,28.0,88.1,29.84,2344.0,308.0,14.0,150.0,0.0,0.0,0.0,312.0,0.0,0.0,5.0,3.0,0.0,0.0,0.0,0.0,0.0,0.0,0.0,-46.0,0.0,0.0,0.0,0.0,3.0,1.0,0.0,1200.0,81.0,89.0,2430.0,2429.0,14.9,7.1,0.0,7.1,31.9,0.0,0.0,39.5,0.0,0.0,11.9,45.3,39.7,0.0,0.0,0.0,0.0,169.0,674.0,165.0,677.0,170.0,688.0,170.0,696.0,0.0,0.0,7.0,0.0,0.0,31.9,8.0,4.995,0.0,0.0,0.656,0.784,80.6,88.7,0.0,0.0,24.0,R,0.0,82.4,192.2,0.0,0.0,0.0,0.0,336.2,1245.2,329.0,1250.6,338.0,1270.4,338.0,1284.8,0.0,0.0,191.66000000000003,2429.5,335.3,252.9,109.26000000000002,1.931097222222222,118079.56966666665,10.253521126760564,85.58,88.45,401.0,True,2026-09-23 18:50:08-07:00
870.06,2,9,2026-09-24 02:04:13,37.07017,-121.59053,503.0,72.6,337.0,-12.6,0.16,E16,0.7,336.2,0.0,-2.6,0.1,322.2,85.4,595.0,0.4,-0.02,0.9,0.0,-598.0,28.0,88.4,29.84,2331.0,308.0,14.0,150.0,0.0,0.0,0.0,312.0,0.0,0.0,5.0,3.0,0.0,0.0,0.0,0.0,-1.0,0.0,0.0,-46.0,0.0,0.0,0.0,0.0,3.0,1.0,0.0,1200.0,81.0,89.0,2431.0,2430.0,14.9,7.1,0.0,7.1,31.9,0.0,0.0,39.5,0.0,0.0,12.0,45.3,39.7,0.0,0.0,0.0,0.0,169.0,675.0,165.0,677.0,170.0,688.0,170.0,696.0,0.0,0.0,7.0,0.0,0.0,31.9,8.0,4.995,0.0,0.0,0.656,0.78,80.7,88.7,0.0,0.0,24.0,R,0.0,82.4,192.2,0.0,0.0,0.0,0.0,336.2,1247.0,329.0,1250.6,338.0,1270.4,338.0,1284.8,0.0,0.0,191.66000000000003,2430.5,335.3,252.9,109.26000000000002,1.9330694444444443,118202.1903333333,10.225352112676056,85.88000000000001,88.75,401.0,True,2026-09-23 18:50:08-07:00
871.06,2,9,2026-09-24 02:04:14,37.07048,-121.59069,492.0,72.3,337.5,-12.6,0.16,E16,0.7,336.2,0.0,-2.5,-0.3,320.7,85.2,584.0,-0.6,0.02,1.1,0.0,-624.0,28.0,88.2,29.84,2317.0,307.0,14.0,150.0,0.0,0.0,0.0,312.0,0.0,0.0,5.0,3.0,0.0,0.0,0.0,0.0,-2.0,0.0,0.0,-45.0,0.0,0.0,0.0,0.0,3.0,1.0,0.0,1200.0,81.0,89.0,2412.0,2412.0,14.7,7.1,0.0,7.1,32.1,0.0,0.0,39.5,0.0,0.0,12.2,45.3,39.7,0.0,0.0,0.0,0.0,170.0,675.0,165.0,678.0,170.0,689.0,170.0,696.0,0.0,0.0,7.0,0.0,0.0,32.1,8.0,4.995,0.0,0.0,0.656,0.78,80.6,88.8,0.0,0.0,23.0,R,0.0,82.4,192.2,0.0,0.0,0.0,0.0,338.0,1247.0,329.0,1252.4,338.0,1272.2,338.0,1284.8,0.0,0.0,191.83999999999997,2412.0,335.75,253.35,109.43999999999997,1.9350416666666665,118324.38933333331,10.183098591549296,85.68,88.52,401.0,True,2026-09-23 18:50:08-07:00
872.06,2,9,2026-09-24 02:04:15,37.07079,-121.59085,481.0,71.9,337.1,-12.6,0.15,E16,0.7,336.2,0.0,-2.5,-1.4,321.7,84.2,575.0,0.3,-0.02,1.0,0.0,-596.0,28.0,87.1,29.84,2306.0,307.0,14.0,150.0,0.0,0.0,0.0,312.0,0.0,0.0,5.0,3.0,0.0,0.0,0.0,0.0,-2.0,0.0,0.0,-45.0,0.0,0.0,0.0,0.0,3.0,1.0,0.0,1200.0,80.0,89.0,2426.0,2427.0,14.1,7.0,0.0,7.0,32.2,0.0,0.0,39.4,0.0,0.0,12.1,45.3,39.7,0.0,0.0,0.0,0.0,169.0,675.0,165.0,676.0,170.0,688.0,170.0,696.0,0.0,0.0,8.0,0.0,0.0,32.2,8.0,4.995,0.0,0.0,0.656,0.78,80.4,89.0,0.0,0.0,22.0,R,0.0,82.4,192.2,0.0,0.0,0.0,0.0,336.2,1247.0,329.0,1248.8,338.0,1270.4,338.0,1284.8,0.0,0.0,192.2,2426.5,335.3,252.9,109.79999999999998,1.9369999999999998,118445.99799999998,10.271428571428572,84.68,87.48,401.0,True,2026-09-23 18:50:08-07:00
873.06,2,9,2026-09-24 02:04:16,37.07109,-121.59102,473.0,71.4,336.8,-12.6,0.15,E16,0.7,336.2,0.0,-2.0,-1.1,322.2,83.3,565.0,0.3,-0.01,1.1,1.0,-591.0,28.0,86.2,29.84,2294.0,308.0,14.0,150.0,0.0,0.0,0.0,312.0,0.0,0.0,5.0,3.0,0.0,0.0,0.0,0.0,-2.0,0.0,0.0,-43.0,0.0,0.0,0.0,0.0,3.0,1.0,0.0,1200.0,80.0,89.0,2407.0,2408.0,13.7,6.8,0.0,6.8,32.3,0.0,0.0,39.4,0.0,0.0,11.9,45.3,39.7,0.0,0.0,0.0,0.0,169.0,676.0,165.0,675.0,170.0,688.0,170.0,695.0,0.0,0.0,13.0,0.0,0.0,32.3,8.0,4.995,0.0,0.0,0.656,0.781,80.5,88.9,0.0,0.0,20.0,R,0.0,82.4,192.2,0.0,0.0,0.0,0.0,336.2,1248.8,329.0,1247.0,338.0,1270.4,338.0,1283.0,0.0,0.0,192.02,2407.5,335.3,252.9,109.62,1.9389166666666664,118566.84766666664,10.500000000000002,83.78,86.53,401.0,True,2026-09-23 18:50:08-07:00
874.06,2,9,2026-09-24 02:04:17,37.0714,-121.59118,464.0,70.8,336.4,-12.6,0.14,E16,0.7,336.1,0.0,-0.9,-2.5,321.5,82.0,555.0,-0.4,-0.02,1.0,3.0,-576.0,28.0,84.8,29.84,2282.0,308.0,14.0,150.0,0.0,0.0,0.0,312.0,0.0,0.0,5.0,3.0,0.0,0.0,0.0,0.0,1.0,0.0,0.0,-44.0,0.0,0.0,0.0,0.0,3.0,1.0,0.0,1200.0,79.0,89.0,2385.0,2385.0,13.3,6.7,0.0,6.7,32.3,0.0,0.0,39.4,0.0,0.0,11.9,45.3,39.7,0.0,0.0,0.0,0.0,169.0,676.0,165.0,674.0,170.0,688.0,169.0,695.0,0.0,0.0,13.0,0.0,0.0,32.3,8.0,4.995,0.0,0.0,0.654,0.778,79.4,88.7,0.0,0.0,17.0,R,0.0,82.4,192.2,0.0,0.0,0.0,0.0,336.2,1248.8,329.0,1245.2,338.0,1270.4,336.2,1283.0,0.0,0.0,191.66000000000003,2385.0,334.85,252.45000000000002,109.26000000000002,1.9407916666666665,118686.76966666665,10.567164179104477,82.48,85.17,401.0,True,2026-09-23 18:50:08-07:00
875.06,2,9,2026-09-24 02:04:18,37.07169,-121.59135,457.0,69.8,335.8,-12.6,0.14,E16,0.6,336.1,0.0,-0.8,-2.4,320.4,82.3,550.0,-0.8,0.01,1.1,1.0,-492.0,28.0,85.1,29.84,2268.0,308.0,14.0,150.0,0.0,0.0,0.0,312.0,0.0,0.0,5.0,3.0,0.0,0.0,0.0,0.0,1.0,0.0,0.0,-44.0,0.0,0.0,0.0,0.0,3.0,1.0,0.0,1200.0,79.0,89.0,2370.0,2370.0,13.2,6.6,0.0,6.6,32.4,0.0,0.0,39.4,0.0,0.0,12.0,45.3,39.7,0.0,0.0,0.0,0.0,169.0,678.0,165.0,674.0,170.0,688.0,169.0,695.0,0.0,0.0,13.0,0.0,0.0,32.4,8.0,4.995,0.0,0.0,0.654,0.78,79.1,88.7,0.0,0.0,15.0,R,0.0,82.4,192.2,0.0,0.0,0.0,0.0,336.2,1252.4,329.0,1245.2,338.0,1270.4,336.2,1283.0,0.0,0.0,191.66000000000003,2370.0,334.85,252.45000000000002,109.26000000000002,1.9426388888888888,118805.3423333333,10.575757575757576,82.78,85.47,401.0,True,2026-09-23 18:50:08-07:00
876.06,2,9,2026-09-24 02:04:19,37.07198,-121.59151,450.0,68.7,335.4,-12.6,0.14,E16,0.6,336.2,0.0,-0.9,0.8,321.2,82.0,541.0,0.0,0.0,1.0,0.0,-494.0,28.0,84.8,29.84,2265.0,308.0,14.0,150.0,0.0,0.0,0.0,312.0,0.0,0.0,5.0,3.0,0.0,0.0,0.0,0.0,-3.0,0.0,0.0,-44.0,0.0,0.0,0.0,0.0,3.0,1.0,0.0,1200.0,79.0,89.0,2333.0,2334.0,13.0,6.4,0.0,6.4,32.6,0.0,0.0,39.4,0.0,0.0,12.1,45.3,39.7,0.0,0.0,0.0,0.0,169.0,680.0,165.0,675.0,170.0,688.0,169.0,694.0,0.0,0.0,13.0,0.0,0.0,32.6,8.0,4.995,0.0,0.0,0.654,0.782,78.7,88.8,0.0,0.0,14.0,R,0.0,82.4,192.2,0.0,0.0,0.0,0.0,336.2,1256.0,329.0,1247.0,338.0,1270.4,336.2,1281.2,0.0,0.0,191.83999999999997,2333.5,334.85,252.45000000000002,109.43999999999997,1.9444444444444442,118922.14399999997,10.734375,82.48,85.15,401.0,True,2026-09-23 18:50:08-07:00
877.06,2,9,2026-09-24 02:04:20,37.07227,-121.59167,444.0,67.6,335.1,-12.6,0.13,E16,0.6,336.2,0.0,-0.3,-2.1,322.1,78.3,535.0,0.6,-0.03,1.1,8.0,-464.0,28.0,81.0,29.84,2257.0,309.0,14.0,150.0,0.0,0.0,0.0,312.0,0.0,0.0,5.0,3.0,0.0,0.0,0.0,0.0,4.0,0.0,0.0,-43.0,0.0,0.0,0.0,0.0,3.0,1.0,0.0,1200.0,77.0,89.0,2265.0,2263.0,12.6,6.2,0.0,6.2,32.7,0.0,0.0,39.4,0.0,0.0,12.2,45.3,39.7,0.0,0.0,0.0,0.0,169.0,680.0,165.0,676.0,170.0,688.0,169.0,694.0,0.0,0.0,15.0,0.0,0.0,32.7,8.0,4.995,0.0,0.0,0.656,0.78,77.3,89.0,0.0,0.0,0.0,,0.0,82.4,192.2,0.0,0.0,0.0,0.0,336.2,1256.0,329.0,1248.8,338.0,1270.4,336.2,1281.2,0.0,0.0,192.2,2264.0,334.85,252.45000000000002,109.79999999999998,1.9461944444444443,119037.09033333331,10.903225806451612,78.78,81.32,401.0,True,2026-09-23 18:50:08-07:00
878.06,2,9,2026-09-24 02:04:21,37.07255,-121.59184,436.0,66.7,335.3,-12.6,0.13,E16,0.6,336.2,0.0,-0.1,0.5,320.5,77.9,529.0,-0.7,0.02,1.0,5.0,-413.0,28.0,80.5,29.84,2250.0,309.0,14.0,150.0,0.0,0.0,0.0,312.0,0.0,0.0,5.0,3.0,0.0,0.0,0.0,0.0,0.0,0.0,0.0,-43.0,0.0,0.0,0.0,0.0,3.0,1.0,0.0,1200.0,77.0,89.0,2226.0,2226.0,12.6,6.1,0.0,6.1,32.7,0.0,0.0,39.4,0.0,0.0,12.0,45.3,39.7,0.0,0.0,0.0,0.0,169.0,679.0,165.0,676.0,170.0,689.0,169.0,695.0,0.0,0.0,19.0,0.0,0.0,32.7,8.0,4.995,0.0,0.0,0.656,0.78,77.0,89.0,0.0,0.0,0.0,,0.0,82.4,192.2,0.0,0.0,0.0,0.0,336.2,1254.2,329.0,1248.8,338.0,1272.2,336.2,1283.0,0.0,0.0,192.2,2226.0,334.85,252.45000000000002,109.79999999999998,1.9479027777777775,119150.34999999998,10.934426229508198,78.38000000000001,80.9,401.0,True,2026-09-23 18:50:08-07:00
879.06,2,9,2026-09-24 02:04:22,37.07283,-121.592,430.0,65.6,335.3,-12.6,0.12,E16,0.6,336.3,0.0,-0.6,-0.0,320.5,76.6,524.0,-0.1,-0.05,1.0,5.0,-356.0,28.0,79.2,29.84,2233.0,309.0,14.0,150.0,0.0,0.0,0.0,312.0,0.0,0.0,5.0,2.0,0.0,0.0,0.0,0.0,-4.0,0.0,0.0,-44.0,0.0,0.0,0.0,0.0,3.0,1.0,0.0,1200.0,76.0,89.0,2165.0,2164.0,12.1,5.8,0.0,5.8,32.9,0.0,0.0,39.4,0.0,0.0,11.9,45.3,39.7,0.0,0.0,0.0,0.0,168.0,679.0,165.0,676.0,169.0,689.0,169.0,694.0,0.0,0.0,19.0,0.0,0.0,32.9,8.0,4.995,0.0,0.0,0.654,0.781,75.8,88.8,0.0,0.0,0.0,,0.0,82.4,192.2,0.0,0.0,0.0,0.0,334.4,1254.2,329.0,1248.8,336.2,1272.2,336.2,1281.2,0.0,0.0,191.83999999999997,2164.5,333.95,251.54999999999998,109.43999999999997,1.9495555555555555,119261.92299999998,11.310344827586206,77.08,79.55,401.0,True,2026-09-23 18:50:08-07:00
880.06,2,9,2026-09-24 02:04:23,37.0731,-121.59216,423.0,64.6,335.0,-12.6,0.12,E16,0.6,336.3,0.0,-1.5,-1.4,318.4,76.8,517.0,-1.6,0.05,1.0,2.0,-384.0,28.0,79.3,29.84,2224.0,309.0,14.0,150.0,0.0,0.0,0.0,312.0,0.0,0.0,5.0,2.0,0.0,0.0,0.0,0.0,2.0,0.0,0.0,-42.0,0.0,0.0,0.0,0.0,3.0,1.0,0.0,1200.0,74.0,89.0,2100.0,2100.0,11.6,5.5,0.0,5.5,33.2,0.0,0.0,39.4,0.0,0.0,12.0,45.3,39.7,0.0,0.0,0.0,0.0,168.0,678.0,164.0,679.0,169.0,690.0,169.0,693.0,0.0,0.0,19.0,0.0,0.0,33.2,8.0,4.995,0.0,0.0,0.654,0.779,74.1,88.9,0.0,0.0,0.0,,0.0,82.4,192.2,0.0,0.0,0.0,0.0,334.4,1252.4,327.2,1254.2,336.2,1274.0,336.2,1279.4,0.0,0.0,192.02,2100.0,333.5,251.1,109.62,1.9511249999999998,119371.72499999998,11.745454545454544,77.28,79.75,401.0,True,2026-09-23 18:50:08-07:00
881.06,2,9,2026-09-24 02:04:24,37.07337,-121.59232,415.0,63.7,335.0,-12.6,0.12,E16,0.5,336.3,0.0,-1.3,0.7,320.9,74.7,510.0,0.9,-0.03,1.1,11.0,-406.0,28.0,77.2,29.84,2216.0,309.0,14.0,150.0,0.0,0.0,0.0,312.0,0.0,0.0,5.0,2.0,0.0,0.0,0.0,0.0,-2.0,0.0,0.0,-40.0,0.0,0.0,0.0,0.0,3.0,0.0,0.0,1200.0,74.0,89.0,2060.0,2061.0,11.6,5.3,0.0,5.3,33.1,0.0,0.0,39.4,0.0,0.0,12.2,45.3,39.7,0.0,0.0,0.0,0.0,168.0,681.0,164.0,682.0,169.0,691.0,168.0,694.0,0.0,0.0,19.0,0.0,0.0,33.1,8.0,4.995,0.0,0.0,0.654,0.78,73.6,88.9,0.0,0.0,0.0,,0.0,82.4,192.2,0.0,0.0,0.0,0.0,334.4,1257.8,327.2,1259.6,336.2,1275.8,334.4,1281.2,0.0,0.0,192.02,2060.5,333.04999999999995,250.64999999999995,109.62,1.9526249999999998,119479.92466666664,12.018867924528303,75.18,77.57,401.0,True,2026-09-23 18:50:08-07:00
882.06,2,9,2026-09-24 02:04:25,37.07364,-121.59247,406.0,62.9,335.5,-12.6,0.11,E16,0.5,336.4,0.0,-1.1,0.1,318.7,75.0,500.0,-0.9,0.02,1.0,7.0,-464.0,28.0,77.5,29.84,2204.0,309.0,14.0,150.0,0.0,0.0,0.0,312.0,0.0,0.0,5.0,2.0,0.0,0.0,0.0,0.0,2.0,0.0,0.0,-41.0,0.0,0.0,0.0,0.0,3.0,1.0,0.0,1200.0,73.0,89.0,2053.0,2054.0,11.4,5.0,0.0,5.0,33.1,0.0,0.0,39.4,0.0,0.0,12.6,45.3,39.7,0.0,0.0,0.0,0.0,168.0,684.0,164.0,685.0,169.0,693.0,168.0,695.0,0.0,0.0,19.0,0.0,0.0,33.1,8.0,4.995,0.0,0.0,0.656,0.795,73.3,89.2,0.0,0.0,0.0,,0.0,82.4,192.2,0.0,0.0,0.0,0.0,334.4,1263.2,327.2,1265.0,336.2,1279.4,334.4,1283.0,0.0,0.0,192.56,2053.5,333.04999999999995,250.64999999999995,110.16,1.9540555555555554,119586.69066666665,12.58,75.48,77.87,401.0,True,2026-09-23 18:50:08-07:00
883.06,2,9,2026-09-24 02:04:26,37.0739,-121.59262,396.0,61.9,334.9,-12.6,0.11,E16,0.5,336.4,0.0,-0.9,1.5,320.5,74.1,493.0,0.6,-0.03,1.0,11.0,-471.0,28.0,76.5,29.84,2195.0,309.0,14.0,150.0,0.0,0.0,0.0,312.0,0.0,0.0,5.0,2.0,0.0,0.0,0.0,0.0,4.0,0.0,0.0,-38.0,0.0,0.0,0.0,0.0,3.0,1.0,0.0,1200.0,74.0,89.0,2063.0,2062.0,11.6,4.9,0.0,4.9,32.9,0.0,0.0,39.4,0.0,0.0,14.5,45.3,39.7,0.0,0.0,0.0,0.0,168.0,687.0,164.0,688.0,169.0,694.0,168.0,695.0,0.0,0.0,19.0,0.0,0.0,32.9,8.0,4.995,0.0,0.0,0.654,0.804,73.6,89.4,0.0,0.0,0.0,,0.0,82.4,192.2,0.0,0.0,0.0,0.0,334.4,1268.6,327.2,1270.4,336.2,1281.2,334.4,1283.0,0.0,0.0,192.92000000000002,2062.5,333.04999999999995,250.64999999999995,110.52000000000001,1.9554305555555553,119691.93866666664,12.632653061224488,74.58,76.93,401.0,True,2026-09-23 18:50:08-07:00
884.06,2,9,2026-09-24 02:04:27,37.07416,-121.59277,387.0,61.3,336.3,-12.6,0.11,E16,0.5,336.5,0.0,0.2,1.6,318.5,72.7,484.0,-0.7,0.02,1.1,11.0,-498.0,28.0,75.1,29.84,2183.0,309.0,14.0,150.0,0.0,0.0,0.0,312.0,0.0,0.0,5.0,2.0,0.0,0.0,0.0,0.0,-2.0,0.0,0.0,-40.0,0.0,0.0,0.0,0.0,3.0,1.0,0.0,1200.0,74.0,89.0,2060.0,2061.0,11.7,4.8,0.0,4.8,32.9,0.0,0.0,39.4,0.0,0.0,16.1,45.3,39.7,0.0,0.0,0.0,0.0,168.0,688.0,164.0,688.0,169.0,695.0,168.0,695.0,0.0,0.0,19.0,0.0,0.0,32.9,8.0,4.995,0.0,0.0,0.654,0.795,73.9,89.3,0.0,0.0,0.0,,0.0,82.4,192.2,0.0,0.0,0.0,0.0,334.4,1270.4,327.2,1270.4,336.2,1283.0,334.4,1283.0,0.0,0.0,192.73999999999998,2060.5,333.04999999999995,250.64999999999995,110.33999999999997,1.9567777777777775,119795.83733333331,12.770833333333334,73.18,75.47,401.0,True,2026-09-23 18:50:08-07:00
885.06,2,9,2026-09-24 02:04:28,37.07442,-121.59292,379.0,60.3,335.6,-12.6,0.1,E16,0.5,336.5,0.0,-0.4,1.8,321.3,72.3,474.0,1.1,-0.01,1.0,13.0,-517.0,28.0,74.7,29.84,2171.0,309.0,14.0,150.0,0.0,0.0,0.0,312.0,0.0,0.0,5.0,2.0,0.0,0.0,0.0,0.0,-2.0,0.0,0.0,-39.0,0.0,0.0,0.0,0.0,3.0,0.0,0.0,1200.0,74.0,89.0,2039.0,2040.0,11.7,4.8,0.0,4.8,32.9,0.0,0.0,39.4,0.0,0.0,17.2,45.3,39.7,0.0,0.0,0.0,0.0,167.0,689.0,164.0,687.0,168.0,694.0,168.0,694.0,0.0,0.0,19.0,0.0,0.0,32.9,8.0,4.995,0.0,0.0,0.656,0.797,73.5,89.3,0.0,0.0,0.0,,0.0,82.4,192.2,0.0,0.0,0.0,0.0,332.6,1272.2,327.2,1268.6,334.4,1281.2,334.4,1281.2,0.0,0.0,192.73999999999998,2039.5,332.15,249.74999999999997,110.33999999999997,1.958111111111111,119898.38666666664,12.5625,72.78,75.04,401.0,True,2026-09-23 18:50:08-07:00
886.06,2,9,2026-09-24 02:04:29,37.07467,-121.59306,369.0,59.6,336.9,-12.6,0.1,E16,0.5,336.5,0.0,0.0,0.6,321.1,70.9,465.0,0.6,-0.02,1.0,17.0,-527.0,28.0,73.2,29.84,2160.0,307.0,14.0,150.0,0.0,0.0,0.0,312.0,0.0,0.0,5.0,2.0,0.0,0.0,0.0,0.0,2.0,0.0,0.0,-40.0,0.0,0.0,0.0,0.0,3.0,1.0,0.0,1200.0,74.0,89.0,2062.0,2065.0,12.0,4.7,0.0,4.7,32.7,0.0,0.0,39.4,0.0,0.0,18.0,45.3,39.7,0.0,0.0,0.0,0.0,167.0,687.0,163.0,688.0,168.0,695.0,168.0,694.0,0.0,0.0,19.0,0.0,0.0,32.7,8.0,4.995,0.0,0.0,0.654,0.789,74.1,89.3,0.0,0.0,0.0,,0.0,82.4,192.2,0.0,0.0,0.0,0.0,332.6,1268.6,325.4,1270.4,334.4,1283.0,334.4,1281.2,0.0,0.0,192.73999999999998,2063.5,331.7,249.29999999999998,110.33999999999997,1.9594305555555553,119999.50233333331,12.680851063829786,71.38000000000001,73.59,401.0,True,2026-09-23 18:50:08-07:00
887.06,2,9,2026-09-24 02:04:30,37.07492,-121.59319,360.0,59.0,337.0,-12.6,0.1,E16,0.4,336.5,0.0,0.2,0.2,319.7,70.1,456.0,-0.7,-0.0,1.0,16.0,-544.0,28.0,72.3,29.84,2149.0,307.0,14.0,150.0,0.0,0.0,0.0,312.0,0.0,0.0,5.0,2.0,0.0,0.0,0.0,0.0,3.0,0.0,0.0,-40.0,0.0,0.0,0.0,0.0,3.0,1.0,0.0,1200.0,75.0,89.0,2100.0,2100.0,12.4,4.8,0.0,4.8,32.5,0.0,0.0,39.4,0.0,0.0,18.4,45.3,39.7,0.0,0.0,0.0,0.0,167.0,685.0,163.0,686.0,168.0,695.0,168.0,694.0,0.0,0.0,19.0,0.0,0.0,32.5,8.0,4.995,0.0,0.0,0.654,0.796,74.9,89.4,0.0,0.0,0.0,,0.0,82.4,192.2,0.0,0.0,0.0,0.0,332.6,1265.0,325.4,1266.8,334.4,1283.0,334.4,1281.2,0.0,0.0,192.92000000000002,2100.0,331.7,249.29999999999998,110.52000000000001,1.9607499999999998,120099.52166666664,12.291666666666668,70.58,72.75,401.0,True,2026-09-23 18:50:08-07:00
888.06,2,9,2026-09-24 02:04:31,37.07517,-121.59332,352.0,58.6,337.4,-12.6,0.09,E16,0.4,336.5,0.0,0.1,0.6,319.7,70.0,449.0,-0.4,0.03,0.9,13.0,-498.0,28.0,72.2,29.84,2140.0,306.0,14.0,150.0,0.0,0.0,0.0,312.0,0.0,0.0,5.0,2.0,0.0,0.0,0.0,0.0,-1.0,0.0,0.0,-40.0,0.0,0.0,0.0,0.0,3.0,1.0,0.0,1200.0,75.0,89.0,2090.0,2091.0,12.6,4.9,0.0,4.9,32.4,0.0,0.0,39.4,0.0,0.0,18.5,45.3,39.7,0.0,0.0,0.0,0.0,167.0,683.0,163.0,684.0,168.0,694.0,168.0,693.0,0.0,0.0,19.0,0.0,0.0,32.4,8.0,4.995,0.0,0.0,0.656,0.789,74.9,89.5,0.0,0.0,0.0,,0.0,82.4,192.2,0.0,0.0,0.0,0.0,332.6,1261.4,325.4,1263.2,334.4,1281.2,334.4,1279.4,0.0,0.0,193.1,2090.5,331.7,249.29999999999998,110.69999999999999,1.9620972222222222,120198.69766666665,11.959183673469386,70.48,72.64,401.0,True,2026-09-23 18:50:08-07:00
889.06,2,9,2026-09-24 02:04:32,37.07542,-121.59345,343.0,58.1,337.5,-12.6,0.09,E16,0.4,336.4,0.0,-0.5,-0.4,321.0,72.3,440.0,0.7,-0.03,1.1,18.0,-498.0,28.0,74.6,29.84,2130.0,306.0,15.0,150.0,0.0,0.0,0.0,312.0,0.0,0.0,5.0,2.0,0.0,0.0,0.0,0.0,-2.0,0.0,0.0,-40.0,0.0,0.0,0.0,0.0,3.0,1.0,0.0,1200.0,74.0,89.0,2069.0,2068.0,12.6,4.9,0.0,4.9,32.6,0.0,0.0,39.4,0.0,0.0,18.5,45.3,39.7,0.0,0.0,0.0,0.0,167.0,681.0,163.0,683.0,168.0,693.0,167.0,693.0,0.0,0.0,19.0,0.0,0.0,32.6,8.0,4.995,0.0,0.0,0.654,0.796,74.3,89.3,0.0,0.0,0.0,,0.0,82.4,192.2,0.0,0.0,0.0,0.0,332.6,1257.8,325.4,1261.4,334.4,1279.4,332.6,1279.4,0.0,0.0,192.73999999999998,2068.5,331.25,248.85,110.33999999999997,1.963458333333333,120297.11466666665,11.857142857142856,72.78,75.0,401.0,True,2026-09-23 18:50:08-07:00
890.06,2,9,2026-09-24 02:04:33,37.07567,-121.59357,335.0,57.8,337.3,-12.6,0.08,E16,0.4,336.3,0.0,-1.3,-4.8,319.1,71.2,432.0,-0.7,0.02,1.0,12.0,-494.0,28.0,73.5,29.84,2120.0,305.0,15.0,150.0,0.0,0.0,0.0,312.0,0.0,0.0,5.0,2.0,0.0,0.0,0.0,0.0,8.0,0.0,0.0,-40.0,0.0,0.0,0.0,0.0,3.0,1.0,0.0,1200.0,72.0,89.0,1959.0,1955.0,11.9,4.7,0.0,4.7,33.1,0.0,0.0,39.4,0.0,0.0,18.7,45.3,39.7,0.0,0.0,0.0,0.0,167.0,684.0,163.0,685.0,168.0,694.0,167.0,693.0,0.0,0.0,19.0,0.0,0.0,33.1,8.0,4.995,0.0,0.0,0.656,0.781,71.6,89.3,0.0,0.0,0.0,,0.0,82.4,192.2,0.0,0.0,0.0,0.0,332.6,1263.2,325.4,1265.0,334.4,1281.2,332.6,1279.4,0.0,0.0,192.73999999999998,1957.0,331.25,248.85,110.33999999999997,1.9647916666666665,120394.85699999997,12.297872340425531,71.68,73.85,401.0,True,2026-09-23 18:50:08-07:00
891.06,2,9,2026-09-24 02:04:34,37.07592,-121.5937,326.0,56.9,336.6,-12.6,0.08,E16,0.4,336.3,0.0,-0.6,0.1,320.5,69.5,425.0,0.6,0.01,1.1,17.0,-480.0,28.0,71.7,29.84,2111.0,306.0,15.0,150.0,0.0,0.0,0.0,312.0,0.0,0.0,5.0,2.0,0.0,0.0,0.0,0.0,-9.0,0.0,0.0,-42.0,0.0,0.0,0.0,0.0,3.0,1.0,0.0,1200.0,71.0,89.0,1915.0,1916.0,11.8,4.6,0.0,4.6,33.1,0.0,0.0,39.4,0.0,0.0,18.9,45.3,39.7,0.0,0.0,0.0,0.0,167.0,688.0,163.0,689.0,168.0,694.0,167.0,693.0,0.0,0.0,19.0,0.0,0.0,33.1,8.0,4.995,0.0,0.0,0.654,0.781,70.5,89.3,0.0,0.0,0.0,,0.0,82.4,192.2,0.0,0.0,0.0,0.0,332.6,1270.4,325.4,1272.2,334.4,1281.2,332.6,1279.4,0.0,0.0,192.73999999999998,1915.5,331.25,248.85,110.33999999999997,1.9660833333333332,120491.58733333331,12.369565217391305,69.98,72.09,401.0,True,2026-09-23 18:50:08-07:00
892.06,2,9,2026-09-24 02:04:35,37.07616,-121.59383,318.0,56.3,336.5,-12.6,0.08,E16,0.4,336.3,0.0,-0.8,-2.5,320.2,69.1,417.0,0.3,-0.05,1.0,20.0,-468.0,28.0,71.3,29.84,2101.0,306.0,15.0,150.0,0.0,0.0,0.0,312.0,0.0,0.0,5.0,2.0,0.0,0.0,0.0,0.0,1.0,0.0,0.0,-40.0,0.0,0.0,0.0,0.0,3.0,0.0,0.0,1200.0,70.0,89.0,1879.0,1879.0,11.6,4.5,0.0,4.5,33.2,0.0,0.0,39.4,0.0,0.0,19.1,45.3,39.7,0.0,0.0,0.0,0.0,167.0,691.0,163.0,691.0,168.0,692.0,167.0,692.0,0.0,0.0,19.0,0.0,0.0,33.2,8.0,4.995,0.0,0.0,0.654,0.78,69.9,89.4,0.0,0.0,0.0,,0.0,82.4,192.2,0.0,0.0,0.0,0.0,332.6,1275.8,325.4,1275.8,334.4,1277.6,332.6,1277.6,0.0,0.0,192.92000000000002,1879.0,331.25,248.85,110.52000000000001,1.9673472222222221,120587.05266666664,12.511111111111111,69.58,71.67,401.0,True,2026-09-23 18:50:08-07:00
893.06,2,9,2026-09-24 02:04:36,37.0764,-121.59396,309.0,55.8,336.8,-12.6,0.07,E16,0.3,336.3,0.0,-0.3,-1.7,316.2,67.4,408.0,-2.3,0.04,1.0,20.0,-510.0,28.0,69.6,29.84,2089.0,306.0,15.0,150.0,0.0,0.0,0.0,312.0,0.0,0.0,5.0,1.0,0.0,0.0,0.0,0.0,4.0,0.0,0.0,-37.0,0.0,0.0,0.0,0.0,3.0,1.0,0.0,1200.0,70.0,90.0,1867.0,1865.0,11.7,4.4,0.0,4.4,33.2,0.0,0.0,39.4,0.0,0.0,18.9,45.3,39.7,0.0,0.0,0.0,0.0,166.0,695.0,162.0,694.0,168.0,692.0,167.0,692.0,0.0,0.0,19.0,0.0,0.0,33.2,8.0,4.995,0.0,0.0,0.656,0.78,69.7,89.6,0.0,0.0,0.0,,0.0,82.4,194.0,0.0,0.0,0.0,0.0,330.8,1283.0,323.6,1281.2,334.4,1277.6,332.6,1277.6,0.0,0.0,193.28,1866.0,330.35,247.95000000000002,110.88,1.9685833333333331,120681.59033333331,12.68181818181818,67.88000000000001,69.91,401.0,True,2026-09-23 18:50:08-07:00
894.06,2,9,2026-09-24 02:04:37,37.07663,-121.59409,300.0,55.3,335.7,-12.6,0.07,E16,0.3,336.3,0.0,0.8,-2.8,319.7,67.4,400.0,0.9,-0.05,1.1,27.0,-479.0,28.0,69.6,29.84,2080.0,306.0,15.0,150.0,0.0,0.0,0.0,312.0,0.0,0.0,5.0,1.0,0.0,0.0,0.0,0.0,6.0,0.0,0.0,-36.0,0.0,0.0,0.0,0.0,3.0,1.0,0.0,1200.0,69.0,89.0,1842.0,1843.0,11.8,4.3,0.0,4.3,33.1,0.0,0.0,39.4,0.0,0.0,18.8,45.3,39.7,0.0,0.0,0.0,0.0,166.0,697.0,162.0,696.0,167.0,691.0,167.0,690.0,0.0,0.0,19.0,0.0,0.0,33.1,8.0,4.995,0.0,0.0,0.656,0.78,68.9,89.4,0.0,0.0,0.0,,0.0,82.4,192.2,0.0,0.0,0.0,0.0,330.8,1286.6,323.6,1284.8,332.6,1275.8,332.6,1274.0,0.0,0.0,192.92000000000002,1842.5,329.90000000000003,247.50000000000003,110.52000000000001,1.9697916666666664,120775.28466666664,12.86046511627907,67.88000000000001,69.9,401.0,True,2026-09-23 18:50:08-07:00
895.06,2,9,2026-09-24 02:04:38,37.07687,-121.59422,293.0,54.4,335.9,-12.6,0.07,E16,0.3,336.3,0.0,2.0,-0.0,319.6,64.9,391.0,0.5,-0.01,1.0,28.0,-495.0,28.0,67.0,29.84,2069.0,306.0,15.0,150.0,0.0,0.0,0.0,312.0,0.0,0.0,5.0,1.0,0.0,0.0,0.0,0.0,-5.0,0.0,0.0,-35.0,0.0,0.0,0.0,0.0,3.0,1.0,0.0,1200.0,69.0,89.0,1823.0,1824.0,11.8,4.2,0.0,4.2,33.2,0.0,0.0,39.4,0.0,0.0,18.9,45.4,39.7,0.0,0.0,0.0,0.0,166.0,698.0,162.0,697.0,167.0,691.0,167.0,690.0,0.0,0.0,19.0,0.0,0.0,33.2,8.0,4.995,0.0,0.0,0.656,0.784,68.9,89.5,0.0,0.0,0.0,,0.0,82.4,192.2,0.0,0.0,0.0,0.0,330.8,1288.4,323.6,1286.6,332.6,1275.8,332.6,1274.0,0.0,0.0,193.1,1823.5,329.90000000000003,247.50000000000003,110.69999999999999,1.9709722222222221,120867.79833333331,12.95238095238095,65.38000000000001,67.31,401.0,True,2026-09-23 18:50:08-07:00
896.06,2,9,2026-09-24 02:04:39,37.0771,-121.59435,285.0,53.7,335.8,-12.6,0.06,E16,0.3,336.4,0.0,4.3,-2.3,321.0,63.1,384.0,0.9,-0.03,1.1,36.0,-481.0,28.0,65.1,29.84,2060.0,306.0,15.0,150.0,0.0,0.0,0.0,312.0,0.0,0.0,5.0,1.0,0.0,0.0,0.0,0.0,3.0,0.0,0.0,-30.0,0.0,0.0,0.0,0.0,3.0,0.0,0.0,1200.0,68.0,89.0,1798.0,1799.0,12.0,4.1,0.0,4.1,33.2,0.0,0.0,39.4,0.0,0.0,19.0,45.4,39.7,0.0,0.0,0.0,0.0,166.0,699.0,162.0,699.0,167.0,689.0,167.0,688.0,0.0,0.0,19.0,0.0,0.0,33.2,8.0,4.995,0.0,0.0,0.656,0.779,68.2,89.5,0.0,0.0,0.0,,0.0,82.4,192.2,0.0,0.0,0.0,0.0,330.8,1290.2,323.6,1290.2,332.6,1272.2,332.6,1270.4,0.0,0.0,193.1,1798.5,329.90000000000003,247.50000000000003,110.69999999999999,1.972125,120958.96266666664,13.097560975609758,63.58,65.45,401.0,True,2026-09-23 18:50:08-07:00
897.06,2,9,2026-09-24 02:04:40,37.07732,-121.59447,281.0,52.3,336.3,-12.6,0.06,E16,0.3,336.3,0.0,6.1,-1.2,320.0,61.6,378.0,-0.0,-0.02,1.1,38.0,-435.0,28.0,63.5,29.84,2053.0,306.0,15.0,150.0,0.0,0.0,0.0,312.0,0.0,0.0,5.0,1.0,0.0,0.0,0.0,0.0,1.0,0.0,0.0,-32.0,0.0,0.0,0.0,0.0,3.0,0.0,0.0,1200.0,68.0,90.0,1779.0,1780.0,12.1,4.1,0.0,4.1,33.0,0.0,0.0,39.4,0.0,0.0,19.2,45.4,39.7,0.0,0.0,0.0,0.0,166.0,700.0,162.0,700.0,167.0,687.0,167.0,687.0,0.0,0.0,19.0,0.0,0.0,33.0,8.0,4.995,0.0,0.0,0.657,0.778,68.1,89.5,0.0,0.0,0.0,,0.0,82.4,194.0,0.0,0.0,0.0,0.0,330.8,1292.0,323.6,1292.0,332.6,1268.6,332.6,1268.6,0.0,0.0,193.1,1779.5,329.90000000000003,247.50000000000003,110.69999999999999,1.9732638888888887,121048.35599999997,12.75609756097561,62.08,63.9,401.0,True,2026-09-23 18:50:08-07:00
898.06,2,9,2026-09-24 02:04:41,37.07754,-121.5946,279.0,50.7,335.9,-12.6,0.06,E16,0.3,336.4,0.0,6.3,-0.6,319.7,60.8,372.0,-0.5,-0.01,1.0,33.0,-390.0,28.0,62.6,29.84,2036.0,306.0,15.0,150.0,0.0,0.0,0.0,312.0,0.0,0.0,5.0,1.0,0.0,0.0,0.0,0.0,1.0,0.0,0.0,-30.0,0.0,0.0,0.0,0.0,3.0,1.0,0.0,1200.0,61.0,90.0,1504.0,1504.0,9.7,3.8,0.0,3.8,33.6,0.0,0.0,39.4,0.0,0.0,19.2,45.4,39.7,0.0,0.0,0.0,0.0,166.0,690.0,162.0,692.0,167.0,682.0,167.0,682.0,0.0,0.0,19.0,0.0,0.0,33.6,8.0,4.995,0.0,0.0,0.656,0.801,61.2,89.7,0.0,0.0,0.0,,0.0,82.4,194.0,0.0,0.0,0.0,0.0,330.8,1274.0,323.6,1277.6,332.6,1259.6,332.6,1259.6,0.0,0.0,193.46,1504.0,329.90000000000003,247.50000000000003,111.06,1.974361111111111,121135.21933333331,13.342105263157896,61.279999999999994,63.07,401.0,True,2026-09-23 18:50:08-07:00
899.06,2,9,2026-09-24 02:04:42,37.07775,-121.59471,276.0,48.5,335.9,-12.6,0.06,E16,0.3,336.4,0.0,7.1,-0.5,321.2,55.8,367.0,0.7,-0.02,0.9,47.0,-362.0,28.0,57.5,29.84,2036.0,305.0,14.0,150.0,0.0,0.0,0.0,312.0,0.0,0.0,5.0,1.0,0.0,0.0,0.0,0.0,-2.0,0.0,0.0,-18.0,0.0,0.0,0.0,0.0,3.0,1.0,0.0,1200.0,56.0,90.0,1348.0,1347.0,8.7,3.2,0.0,3.2,33.7,0.0,0.0,39.4,0.0,0.0,19.1,45.4,39.7,0.0,0.0,0.0,0.0,165.0,686.0,161.0,667.0,167.0,678.0,166.0,677.0,0.0,0.0,19.0,0.0,0.0,33.7,8.0,4.995,0.0,0.0,0.654,0.844,56.4,89.5,0.0,0.0,0.0,,0.0,82.4,194.0,0.0,0.0,0.0,0.0,329.0,1266.8,321.8,1232.6,332.6,1252.4,330.8,1250.6,0.0,0.0,193.1,1347.5,328.55,246.15,110.69999999999999,1.9753333333333332,121218.87799999998,15.15625,56.279999999999994,57.92,401.0,True,2026-09-23 18:50:08-07:00
900.06,2,9,2026-09-24 02:04:43,37.07795,-121.59483,274.0,46.6,336.6,-12.6,0.05,E16,0.2,336.5,0.0,9.4,-1.0,320.6,51.3,362.0,-0.0,-0.01,1.1,59.0,-354.0,28.0,52.8,29.84,2025.0,305.0,13.0,150.0,0.0,0.0,0.0,312.0,0.0,0.0,5.0,1.0,0.0,0.0,0.0,0.0,0.0,0.0,0.0,-19.0,0.0,0.0,0.0,0.0,3.0,1.0,0.0,1200.0,55.0,89.0,1276.0,1274.0,8.7,2.8,0.0,2.8,33.6,0.0,0.0,39.4,0.0,0.0,19.4,45.4,39.7,0.0,0.0,0.0,0.0,165.0,683.0,161.0,649.0,167.0,672.0,166.0,672.0,0.0,0.0,19.0,0.0,0.0,33.6,8.0,4.995,0.0,0.0,0.654,0.803,54.9,89.5,0.0,0.0,0.0,,0.0,82.4,192.2,0.0,0.0,0.0,0.0,329.0,1261.4,321.8,1200.2,332.6,1241.6,330.8,1241.6,0.0,0.0,193.1,1275.0,328.55,246.15,110.69999999999999,1.9761666666666664,121299.07899999998,16.642857142857146,51.779999999999994,53.28,401.0,True,2026-09-23 18:50:08-07:00
901.06,2,9,2026-09-24 02:04:44,37.07814,-121.59493,273.0,44.3,336.4,-12.6,0.05,E16,0.2,336.4,0.0,11.2,-0.1,322.0,48.7,356.0,0.6,-0.01,1.2,59.0,-322.0,28.0,50.2,29.84,2015.0,305.0,13.0,150.0,0.0,0.0,0.0,312.0,0.0,0.0,5.0,1.0,0.0,0.0,0.0,0.0,-1.0,0.0,0.0,-29.0,0.0,0.0,0.0,0.0,3.0,0.0,0.0,1200.0,54.0,89.0,1209.0,1209.0,8.9,2.5,0.0,2.5,33.5,0.0,0.0,39.4,0.0,0.0,19.5,45.4,39.7,0.0,0.0,0.0,0.0,165.0,676.0,161.0,632.0,167.0,664.0,166.0,667.0,0.0,0.0,19.0,0.0,0.0,33.5,8.0,4.995,0.0,0.0,0.658,0.824,53.7,89.5,0.0,0.0,0.0,,0.0,82.4,192.2,0.0,0.0,0.0,0.0,329.0,1248.8,321.8,1169.6,332.6,1227.2,330.8,1232.6,0.0,0.0,193.1,1209.0,328.55,246.15,110.69999999999999,1.9769027777777777,121375.73799999998,17.72,49.18,50.6,401.0,True,2026-09-23 18:50:08-07:00
902.06,2,9,2026-09-24 02:04:45,37.07833,-121.59503,273.0,43.0,337.1,-12.6,0.05,E16,0.2,336.4,0.0,7.5,-1.1,321.0,46.3,356.0,-0.2,-0.02,1.0,44.0,-206.0,28.0,47.7,29.84,2015.0,305.0,13.0,150.0,0.0,0.0,0.0,312.0,0.0,0.0,5.0,1.0,0.0,0.0,0.0,0.0,-3.0,0.0,0.0,-47.0,0.0,0.0,0.0,0.0,3.0,0.0,0.0,1200.0,53.0,90.0,1180.0,1180.0,9.2,2.3,0.0,2.3,33.4,0.0,0.0,39.4,0.0,0.0,19.8,45.4,39.7,0.0,0.0,0.0,0.0,165.0,672.0,160.0,622.0,166.0,656.0,166.0,660.0,0.0,0.0,19.0,0.0,0.0,33.4,8.0,4.995,0.0,0.0,0.659,0.831,52.9,89.5,0.0,0.0,0.0,,0.0,82.4,194.0,0.0,0.0,0.0,0.0,329.0,1241.6,320.0,1151.6,330.8,1212.8,330.8,1220.0,0.0,0.0,193.1,1180.0,327.65,245.24999999999997,110.69999999999999,1.9775694444444443,121449.36099999998,18.695652173913047,46.779999999999994,48.13,401.0,True,2026-09-23 18:50:08-07:00
903.06,2,9,2026-09-24 02:04:46,37.0785,-121.59512,273.0,41.2,336.2,-12.6,0.04,E16,0.2,336.4,0.0,6.3,-0.4,320.9,47.2,356.0,-0.5,0.04,0.9,36.0,-86.0,28.0,48.6,29.84,2015.0,305.0,12.0,150.0,0.0,0.0,0.0,312.0,0.0,0.0,5.0,1.0,0.0,0.0,0.0,0.0,-3.0,0.0,0.0,-57.0,0.0,0.0,0.0,0.0,3.0,1.0,0.0,1200.0,53.0,90.0,1170.0,1172.0,9.4,2.1,0.0,2.1,33.7,0.0,0.0,39.4,0.0,0.0,19.7,45.4,39.7,0.0,0.0,0.0,0.0,165.0,667.0,160.0,615.0,166.0,648.0,166.0,653.0,0.0,0.0,19.0,0.0,0.0,33.7,8.0,4.995,0.0,0.0,0.662,0.858,52.9,89.6,0.0,0.0,0.0,,0.0,82.4,194.0,0.0,0.0,0.0,0.0,329.0,1232.6,320.0,1139.0,330.8,1198.4,330.8,1207.4,0.0,0.0,193.28,1171.0,327.65,245.24999999999997,110.88,1.9781805555555554,121520.36966666664,19.61904761904762,47.68,49.06,401.0,True,2026-09-23 18:50:08-07:00
904.06,2,9,2026-09-24 02:04:47,37.07868,-121.59522,273.0,39.6,337.0,-12.6,0.04,E16,0.2,336.4,0.0,5.9,-0.9,320.8,43.5,356.0,-0.0,-0.02,1.0,42.0,-15.0,28.0,44.8,29.84,2006.0,305.0,12.0,150.0,0.0,0.0,0.0,312.0,0.0,0.0,5.0,1.0,0.0,0.0,0.0,0.0,-3.0,0.0,0.0,-72.0,0.0,0.0,0.0,0.0,3.0,1.0,0.0,1200.0,52.0,90.0,1152.0,1152.0,9.5,1.9,0.0,1.9,33.6,0.0,0.0,39.4,0.0,0.0,19.5,45.4,39.7,0.0,0.0,0.0,0.0,164.0,663.0,160.0,612.0,166.0,640.0,166.0,647.0,0.0,0.0,19.0,0.0,0.0,33.6,8.0,4.995,0.0,0.0,0.658,0.815,52.4,89.5,0.0,0.0,0.0,,0.0,82.4,194.0,0.0,0.0,0.0,0.0,327.2,1225.4,320.0,1133.6,330.8,1184.0,330.8,1196.6,0.0,0.0,193.1,1152.0,327.2,244.79999999999998,110.69999999999999,1.978736111111111,121588.51099999997,20.842105263157897,43.98,45.25,401.0,True,2026-09-23 18:50:08-07:00
905.06,2,9,2026-09-24 02:04:48,37.07884,-121.59531,274.0,38.0,335.5,-12.6,0.04,E16,0.2,336.3,0.0,5.6,-0.7,320.3,43.6,356.0,-0.4,-0.01,1.0,42.0,17.0,28.0,44.9,29.84,2006.0,305.0,12.0,150.0,0.0,0.0,0.0,312.0,0.0,0.0,5.0,1.0,0.0,0.0,0.0,0.0,-3.0,0.0,0.0,-76.0,0.0,0.0,0.0,0.0,3.0,1.0,0.0,1200.0,52.0,89.0,1118.0,1118.0,9.7,1.8,0.0,1.8,33.6,0.0,0.0,39.4,0.0,0.0,19.5,45.4,39.7,0.0,0.0,0.0,0.0,164.0,659.0,160.0,612.0,166.0,634.0,165.0,640.0,0.0,0.0,19.0,0.0,0.0,33.6,8.0,4.995,0.0,0.0,0.656,0.828,52.0,89.5,0.0,0.0,0.0,,0.0,82.4,192.2,0.0,0.0,0.0,0.0,327.2,1218.2,320.0,1133.6,330.8,1173.2,329.0,1184.0,0.0,0.0,193.1,1118.0,326.75,244.35,110.69999999999999,1.9792499999999997,121653.95366666664,21.11111111111111,44.08,45.35,401.0,True,2026-09-23 18:50:08-07:00
906.06,2,9,2026-09-24 02:04:49,37.079,-121.5954,274.0,36.7,334.4,-12.6,0.04,E16,0.2,336.4,0.0,6.6,-0.8,321.2,42.3,356.0,-0.0,0.02,1.0,47.0,5.0,28.0,43.6,29.84,2006.0,305.0,11.0,150.0,0.0,0.0,0.0,312.0,0.0,0.0,5.0,1.0,0.0,0.0,0.0,0.0,-3.0,0.0,0.0,-77.0,0.0,0.0,0.0,0.0,3.0,0.0,0.0,1200.0,51.0,89.0,1088.0,1086.0,10.0,1.7,0.0,1.7,33.7,0.0,0.0,39.4,0.0,0.0,19.7,45.4,39.7,0.0,0.0,0.0,0.0,164.0,656.0,160.0,614.0,166.0,629.0,165.0,636.0,0.0,0.0,19.0,0.0,0.0,33.7,8.0,4.995,0.0,0.0,0.656,0.806,51.4,89.5,0.0,0.0,0.0,,0.0,82.4,192.2,0.0,0.0,0.0,0.0,327.2,1212.8,320.0,1137.2,330.8,1164.2,329.0,1176.8,0.0,0.0,193.1,1087.0,326.75,244.35,110.69999999999999,1.979736111111111,121716.95066666664,21.58823529411765,42.779999999999994,44.02,401.0,True,2026-09-23 18:50:08-07:00
907.06,2,9,2026-09-24 02:04:50,37.07915,-121.59548,274.0,35.2,337.5,-12.6,0.04,E16,0.2,336.4,0.0,7.4,-1.3,320.8,40.8,356.0,0.1,-0.02,1.0,49.0,9.0,28.0,42.0,29.84,2006.0,305.0,11.0,150.0,0.0,0.0,0.0,312.0,0.0,0.0,5.0,1.0,0.0,0.0,0.0,0.0,-3.0,0.0,0.0,-80.0,0.0,0.0,0.0,0.0,3.0,0.0,0.0,1200.0,51.0,89.0,1075.0,1073.0,10.3,1.7,0.0,1.7,33.6,0.0,0.0,39.4,0.0,0.0,19.8,45.4,39.7,0.0,0.0,0.0,0.0,164.0,653.0,160.0,613.0,166.0,623.0,165.0,630.0,0.0,0.0,19.0,0.0,0.0,33.6,8.0,4.995,0.0,0.0,0.658,0.811,50.9,89.5,0.0,0.0,0.0,,0.0,82.4,192.2,0.0,0.0,0.0,0.0,327.2,1207.4,320.0,1135.4,330.8,1153.4,329.0,1166.0,0.0,0.0,193.1,1074.0,326.75,244.35,110.69999999999999,1.9802083333333331,121777.58633333331,20.705882352941178,41.279999999999994,42.47,401.0,True,2026-09-23 18:50:08-07:00
908.06,2,9,2026-09-24 02:04:51,37.0793,-121.59557,276.0,33.6,335.4,-12.6,0.03,E16,0.1,336.5,0.0,7.7,-0.7,322.2,39.1,356.0,0.5,-0.05,1.0,57.0,0.0,28.0,40.3,29.84,2006.0,306.0,11.0,150.0,0.0,0.0,0.0,312.0,0.0,0.0,5.0,1.0,0.0,0.0,0.0,0.0,-2.0,0.0,0.0,-91.0,0.0,0.0,0.0,0.0,3.0,1.0,0.0,1200.0,51.0,90.0,1050.0,1049.0,10.3,1.6,0.0,1.6,33.6,0.0,0.0,39.4,0.0,0.0,19.7,45.4,39.7,0.0,0.0,0.0,0.0,164.0,649.0,160.0,612.0,165.0,620.0,165.0,627.0,0.0,0.0,19.0,0.0,0.0,33.6,8.0,4.995,0.0,0.0,0.658,0.822,50.9,89.7,0.0,0.0,0.0,,0.0,82.4,194.0,0.0,0.0,0.0,0.0,327.2,1200.2,320.0,1133.6,329.0,1148.0,329.0,1160.6,0.0,0.0,193.46,1049.5,326.3,243.9,111.06,1.9806666666666666,121835.60766666665,21.0,39.58,40.72,401.0,True,2026-09-23 18:50:08-07:00
909.06,2,9,2026-09-24 02:04:52,37.07944,-121.59564,275.0,32.4,336.1,-12.6,0.03,E16,0.1,336.5,0.0,6.9,-1.3,321.1,37.3,356.0,-0.4,-0.0,1.0,59.0,17.0,28.0,38.4,29.84,2006.0,306.0,10.0,150.0,0.0,0.0,0.0,312.0,0.0,0.0,5.0,1.0,0.0,0.0,0.0,0.0,-2.0,0.0,0.0,-105.0,0.0,0.0,0.0,0.0,3.0,1.0,0.0,1200.0,51.0,90.0,1031.0,1030.0,10.6,1.6,0.0,1.6,33.6,0.0,0.0,39.4,0.0,0.0,19.5,45.4,39.7,0.0,0.0,0.0,0.0,163.0,645.0,159.0,611.0,165.0,614.0,165.0,622.0,0.0,0.0,19.0,0.0,0.0,33.6,8.0,4.995,0.0,0.0,0.657,0.848,50.6,89.6,0.0,0.0,0.0,,0.0,82.4,194.0,0.0,0.0,0.0,0.0,325.4,1193.0,318.2,1131.8,329.0,1137.2,329.0,1151.6,0.0,0.0,193.28,1030.5,325.4,242.99999999999997,110.88,1.981111111111111,121891.26766666664,20.249999999999996,37.779999999999994,38.87,401.0,True,2026-09-23 18:50:08-07:00
910.06,2,9,2026-09-24 02:04:53,37.07957,-121.59571,275.0,30.9,335.8,-12.6,0.03,E16,0.1,336.5,0.0,9.3,-1.0,320.9,35.3,356.0,-0.5,0.01,1.1,69.0,-2.0,28.0,36.4,29.84,2006.0,306.0,10.0,150.0,0.0,0.0,0.0,312.0,0.0,0.0,5.0,1.0,0.0,0.0,0.0,0.0,-2.0,0.0,0.0,-103.0,0.0,0.0,0.0,0.0,3.0,1.0,0.0,1200.0,51.0,89.0,1033.0,1033.0,10.8,1.5,0.0,1.5,33.6,0.0,0.0,39.4,0.0,0.0,19.5,45.4,39.7,0.0,0.0,0.0,0.0,163.0,640.0,159.0,609.0,165.0,610.0,165.0,618.0,0.0,0.0,19.0,0.0,0.0,33.6,8.0,4.995,0.0,0.0,0.66,0.872,50.5,89.5,0.0,0.0,0.0,,0.0,82.4,192.2,0.0,0.0,0.0,0.0,325.4,1184.0,318.2,1128.2,329.0,1130.0,329.0,1144.4,0.0,0.0,193.1,1033.0,325.4,242.99999999999997,110.69999999999999,1.9815416666666665,121944.65066666664,20.599999999999998,35.779999999999994,36.81,401.0,True,2026-09-23 18:50:08-07:00
911.06,2,9,2026-09-24 02:04:54,37.0797,-121.59579,274.0,27.6,336.3,-12.6,0.03,E16,0.1,336.6,0.0,10.6,-1.5,320.4,33.5,356.0,-0.4,-0.01,1.1,75.0,17.0,28.0,34.5,29.84,2006.0,306.0,10.0,150.0,0.0,0.0,0.0,312.0,0.0,0.0,5.0,1.0,0.0,0.0,0.0,0.0,-2.0,0.0,0.0,16.0,0.0,0.0,0.0,0.0,3.0,1.0,0.0,1200.0,51.0,89.0,1034.0,1035.0,10.9,1.5,0.0,1.5,33.6,0.0,0.0,39.4,0.0,0.0,19.6,45.4,39.7,0.0,0.0,0.0,0.0,163.0,636.0,159.0,610.0,165.0,607.0,165.0,614.0,0.0,0.0,19.0,0.0,0.0,33.6,8.0,4.995,0.0,0.0,0.662,0.837,50.9,89.5,0.0,0.0,0.0,,0.0,82.4,192.2,0.0,0.0,0.0,0.0,325.4,1176.8,318.2,1130.0,329.0,1124.6,329.0,1137.2,0.0,0.0,193.1,1034.5,325.4,242.99999999999997,110.69999999999999,1.9819583333333333,121993.98566666665,18.400000000000002,33.98,34.96,401.0,True,2026-09-23 18:50:08-07:00
912.06,2,9,2026-09-24 02:04:55,37.0798,-121.59585,274.0,24.2,334.6,-12.6,0.03,E16,0.1,336.7,0.0,10.4,-1.3,321.1,32.2,356.0,0.1,-0.03,0.6,80.0,61.0,28.0,33.2,29.84,2006.0,307.0,10.0,150.0,0.0,0.0,0.0,312.0,0.0,0.0,5.0,1.0,0.0,0.0,0.0,0.0,-4.0,0.0,0.0,54.0,0.0,0.0,0.0,0.0,3.0,1.0,0.0,1200.0,50.0,90.0,1013.0,1013.0,11.0,1.5,0.0,1.5,33.5,0.0,0.0,39.4,0.0,0.0,19.7,45.4,39.7,0.0,0.0,0.0,0.0,163.0,631.0,159.0,611.0,165.0,603.0,165.0,610.0,0.0,0.0,19.0,0.0,0.0,33.5,8.0,4.995,0.0,0.0,0.659,0.841,50.5,89.5,0.0,0.0,0.0,,0.0,82.4,194.0,0.0,0.0,0.0,0.0,325.4,1167.8,318.2,1131.8,329.0,1117.4,329.0,1130.0,0.0,0.0,193.1,1013.0,325.4,242.99999999999997,110.69999999999999,1.9823749999999998,122037.67033333331,16.133333333333333,32.68,33.62,401.0,True,2026-09-23 18:50:08-07:00
913.06,2,9,2026-09-24 02:04:56,37.0799,-121.5959,274.0,21.0,336.6,-12.6,0.03,E16,0.1,336.7,0.0,10.4,-1.6,316.2,27.5,356.0,-2.4,0.03,1.0,87.0,30.0,28.0,28.3,29.84,2006.0,307.0,10.0,150.0,0.0,0.0,0.0,312.0,0.0,0.0,5.0,1.0,0.0,0.0,0.0,0.0,-4.0,0.0,0.0,54.0,0.0,0.0,0.0,0.0,3.0,1.0,0.0,1200.0,49.0,90.0,957.0,958.0,11.4,1.5,0.0,1.5,33.7,0.0,0.0,39.4,0.0,0.0,19.8,45.4,39.7,0.0,0.0,0.0,0.0,163.0,627.0,159.0,608.0,165.0,599.0,165.0,608.0,0.0,0.0,19.0,0.0,0.0,33.7,8.0,4.995,0.0,0.0,0.662,0.793,49.5,89.7,0.0,0.0,0.0,,0.0,82.4,194.0,0.0,0.0,0.0,0.0,325.4,1160.6,318.2,1126.4,329.0,1110.2,329.0,1126.4,0.0,0.0,193.46,957.5,325.4,242.99999999999997,111.06,1.9827916666666665,122075.78899999998,14.0,27.98,28.79,401.0,True,2026-09-23 18:50:08-07:00
914.06,2,9,2026-09-24 02:04:57,37.07998,-121.59595,274.0,17.4,330.8,-12.6,0.02,E16,0.1,336.9,0.0,10.2,-1.7,308.6,23.5,356.0,-5.3,0.08,0.9,88.0,41.0,28.0,24.2,29.84,2006.0,307.0,10.0,150.0,0.0,0.0,0.0,312.0,0.0,0.0,5.0,0.0,0.0,0.0,0.0,0.0,-2.0,0.0,0.0,54.0,0.0,0.0,0.0,0.0,1.0,0.0,0.0,1200.0,50.0,90.0,991.0,991.0,12.1,1.5,0.0,1.5,33.7,0.0,0.0,39.4,0.0,0.0,19.5,45.4,39.7,0.0,0.0,0.0,0.0,163.0,622.0,159.0,603.0,165.0,595.0,165.0,606.0,0.0,0.0,19.0,0.0,0.0,33.7,8.0,4.995,0.0,0.0,0.667,0.872,50.4,89.7,0.0,0.0,0.0,,0.0,82.4,194.0,0.0,0.0,0.0,0.0,325.4,1151.6,318.2,1117.4,329.0,1103.0,329.0,1122.8,0.0,0.0,193.46,991.0,325.4,242.99999999999997,111.06,1.9832083333333332,122108.17299999998,11.6,23.98,24.67,401.0,True,2026-09-23 18:50:08-07:00
915.06,2,9,2026-09-24 02:04:58,37.08004,-121.596,274.0,14.4,322.7,-12.6,0.02,E16,0.1,337.2,0.0,10.1,-2.1,293.2,19.1,356.0,-10.9,0.15,0.9,99.0,43.0,28.0,19.7,29.84,2006.0,307.0,10.0,150.0,0.0,0.0,0.0,312.0,0.0,0.0,5.0,0.0,0.0,0.0,0.0,0.0,0.0,0.0,0.0,54.0,0.0,0.0,0.0,0.0,1.0,1.0,0.0,1200.0,51.0,90.0,1020.0,1021.0,12.2,1.5,0.0,1.5,33.8,0.0,0.0,39.4,0.0,0.0,19.5,45.4,39.7,0.0,0.0,0.0,0.0,163.0,617.0,159.0,605.0,165.0,593.0,165.0,604.0,0.0,0.0,19.0,0.0,0.0,33.8,8.0,4.995,0.0,0.0,0.664,0.856,51.1,89.6,0.0,0.0,0.0,,0.0,82.4,194.0,0.0,0.0,0.0,0.0,325.4,1142.6,318.2,1121.0,329.0,1099.4,329.0,1119.2,0.0,0.0,193.28,1020.5,325.4,242.99999999999997,110.88,1.9836249999999997,122134.99099999998,9.6,19.580000000000002,20.15,401.0,True,2026-09-23 18:50:08-07:00
916.06,2,9,2026-09-24 02:04:59,37.08009,-121.59605,274.0,13.3,305.9,-12.6,0.02,E16,0.1,338.0,0.0,9.7,-2.0,278.2,18.7,356.0,-13.7,0.16,0.8,99.0,-2.0,28.0,19.2,29.84,2006.0,307.0,10.0,150.0,0.0,0.0,0.0,312.0,0.0,0.0,5.0,0.0,0.0,0.0,0.0,0.0,0.0,0.0,0.0,54.0,0.0,0.0,0.0,0.0,1.0,1.0,0.0,1200.0,51.0,90.0,1021.0,1021.0,12.3,1.5,0.0,1.5,33.6,0.0,0.0,39.4,0.0,0.0,19.6,45.4,39.7,0.0,0.0,0.0,0.0,163.0,613.0,159.0,606.0,165.0,593.0,165.0,601.0,0.0,0.0,19.0,0.0,0.0,33.6,8.0,4.995,0.0,0.0,0.663,0.868,51.1,89.7,0.0,0.0,0.0,,0.0,82.4,194.0,0.0,0.0,0.0,0.0,325.4,1135.4,318.2,1122.8,329.0,1099.4,329.0,1113.8,0.0,0.0,193.46,1021.0,325.4,242.99999999999997,111.06,1.9840416666666665,122158.35133333331,8.866666666666667,19.18,19.73,401.0,True,2026-09-23 18:50:08-07:00
917.06,2,9,2026-09-24 02:05:00,37.08012,-121.59612,275.0,12.4,291.7,-12.6,0.03,E16,0.1,339.3,0.0,9.8,-1.0,262.7,0.0,356.0,-15.0,0.19,1.0,99.0,15.0,28.0,0.0,29.84,2006.0,307.0,10.0,150.0,0.0,0.0,0.0,312.0,0.0,0.0,5.0,1.0,0.0,0.0,0.0,0.0,1.0,0.0,0.0,54.0,0.0,0.0,0.0,0.0,1.0,0.0,0.0,1200.0,52.0,90.0,1052.0,1052.0,12.6,1.6,0.0,1.6,33.5,0.0,0.0,39.4,0.0,0.0,19.7,45.4,39.7,0.0,0.0,0.0,0.0,163.0,611.0,159.0,607.0,165.0,593.0,165.0,600.0,0.0,0.0,19.0,0.0,0.0,33.5,8.0,4.995,0.0,0.0,0.663,0.842,52.0,89.8,0.0,0.0,0.0,,0.0,82.4,194.0,0.0,0.0,0.0,0.0,325.4,1131.8,318.2,1124.6,329.0,1099.4,329.0,1112.0,0.0,0.0,193.64,1052.0,325.4,242.99999999999997,111.23999999999998,1.984472222222222,122180.02499999998,7.75,0.48,0.49,401.0,True,2026-09-23 18:50:08-07:00
918.06,2,9,2026-09-24 02:05:01,37.08013,-121.59619,275.0,12.1,276.0,-12.6,0.03,E16,0.1,341.3,0.0,9.4,-1.0,250.9,0.0,356.0,-13.3,0.12,0.9,99.0,15.0,28.0,0.0,29.84,2006.0,307.0,10.0,150.0,0.0,0.0,0.0,312.0,0.0,0.0,5.0,1.0,0.0,0.0,0.0,0.0,1.0,0.0,0.0,54.0,0.0,0.0,0.0,0.0,1.0,1.0,0.0,1200.0,53.0,90.0,1111.0,1111.0,13.0,1.7,0.0,1.7,33.4,0.0,0.0,39.4,0.0,0.0,19.7,45.4,39.7,0.0,0.0,0.0,0.0,163.0,611.0,158.0,610.0,165.0,593.0,165.0,601.0,0.0,0.0,19.0,0.0,0.0,33.4,8.0,4.995,0.0,0.0,0.66,0.856,53.4,90.1,0.0,0.0,0.0,,0.0,82.4,194.0,0.0,0.0,0.0,0.0,325.4,1131.8,316.4,1130.0,329.0,1099.4,329.0,1113.8,0.0,0.0,194.18,1111.0,324.95,242.54999999999998,111.78,1.9849305555555554,122200.68666666665,7.117647058823529,0.48,0.49,401.0,True,2026-09-23 18:50:08-07:00
919.06,2,9,2026-09-24 02:05:02,37.08013,-121.59626,275.0,12.0,264.6,-12.6,0.03,E16,0.1,343.3,0.0,10.1,-1.4,239.2,0.0,356.0,-12.5,0.12,1.0,99.0,-1.0,28.0,0.0,29.84,2006.0,307.0,10.0,150.0,0.0,0.0,0.0,312.0,0.0,0.0,5.0,1.0,0.0,0.0,0.0,0.0,1.0,0.0,0.0,54.0,0.0,0.0,0.0,0.0,1.0,0.0,0.0,1200.0,54.0,90.0,1097.0,1098.0,13.1,1.8,0.0,1.8,33.6,0.0,0.0,39.4,0.0,0.0,19.4,45.4,39.7,0.0,0.0,0.0,0.0,163.0,612.0,158.0,612.0,165.0,595.0,165.0,602.0,0.0,0.0,19.0,0.0,0.0,33.6,8.0,4.995,0.0,0.0,0.659,0.869,53.5,90.2,0.0,0.0,0.0,,0.0,82.4,194.0,0.0,0.0,0.0,0.0,325.4,1133.6,316.4,1133.6,329.0,1103.0,329.0,1115.6,0.0,0.0,194.36,1097.5,324.95,242.54999999999998,111.96000000000001,1.9854166666666664,122221.01099999997,6.666666666666666,0.48,0.49,401.0,True,2026-09-23 18:50:08-07:00
920.06,2,9,2026-09-24 02:05:03,37.08012,-121.59632,275.0,11.4,250.4,-12.6,0.03,E16,0.1,345.1,0.0,10.4,-1.3,234.6,0.0,356.0,-8.4,0.07,0.9,99.0,48.0,28.0,0.0,29.84,2005.0,307.0,10.0,150.0,0.0,0.0,0.0,312.0,0.0,0.0,5.0,1.0,0.0,0.0,0.0,0.0,1.0,0.0,0.0,54.0,0.0,0.0,0.0,0.0,1.0,1.0,0.0,1200.0,50.0,90.0,941.0,941.0,12.4,1.8,0.0,1.8,30.6,0.0,0.0,39.4,0.0,0.0,18.5,45.4,39.7,0.0,0.0,0.0,0.0,163.0,612.0,158.0,611.0,164.0,593.0,165.0,601.0,0.0,0.0,19.0,0.0,0.0,30.6,8.0,4.995,0.0,0.0,0.658,0.861,50.1,89.9,0.0,0.0,0.0,,0.0,82.4,194.0,0.0,0.0,0.0,0.0,325.4,1133.6,316.4,1131.8,327.2,1099.4,329.0,1113.8,0.0,0.0,193.82,941.0,324.5,242.1,111.41999999999999,1.9859166666666666,122240.74499999998,6.333333333333333,0.48,0.49,401.0,True,2026-09-23 18:50:08-07:00
921.06,2,9,2026-09-24 02:05:04,37.0801,-121.59639,275.0,11.0,249.3,-12.6,0.04,E16,0.1,347.3,0.0,10.7,-0.7,232.7,0.0,357.0,-4.4,0.0,1.1,99.0,35.0,28.0,0.0,29.84,2005.0,307.0,10.0,150.0,0.0,0.0,0.0,312.0,0.0,0.0,5.0,1.0,0.0,0.0,0.0,0.0,1.0,0.0,0.0,54.0,0.0,0.0,0.0,0.0,1.0,1.0,0.0,1200.0,50.0,90.0,942.0,942.0,12.7,1.8,0.0,1.8,27.5,0.0,0.0,39.4,0.0,0.0,16.8,45.4,39.7,0.0,0.0,0.0,0.0,163.0,608.0,158.0,611.0,165.0,592.0,165.0,600.0,0.0,0.0,19.0,0.0,0.0,27.5,8.0,4.995,0.0,0.0,0.659,0.884,50.1,89.9,0.0,0.0,0.0,,0.0,82.4,194.0,0.0,0.0,0.0,0.0,325.4,1126.4,316.4,1131.8,329.0,1097.6,329.0,1112.0,0.0,0.0,193.82,942.0,324.95,242.54999999999998,111.41999999999999,1.9864166666666665,122259.63566666664,6.111111111111111,0.48,0.49,401.0,True,2026-09-23 18:50:08-07:00
922.06,2,9,2026-09-24 02:05:05,37.08009,-121.59644,276.0,10.1,245.9,-12.6,0.04,E16,0.1,349.0,0.0,10.8,-1.1,230.1,0.0,357.0,-3.4,0.0,1.0,99.0,13.0,28.0,0.0,29.84,2005.0,307.0,10.0,150.0,0.0,0.0,0.0,312.0,0.0,0.0,5.0,1.0,0.0,0.0,0.0,0.0,1.0,0.0,0.0,54.0,0.0,0.0,0.0,0.0,1.0,1.0,0.0,1200.0,50.0,90.0,921.0,921.0,13.0,1.8,0.0,1.8,25.1,0.0,0.0,39.4,0.0,0.0,16.0,45.4,39.7,0.0,0.0,0.0,0.0,163.0,606.0,158.0,611.0,165.0,591.0,165.0,599.0,0.0,0.0,19.0,0.0,0.0,25.1,8.0,4.995,0.0,0.0,0.659,0.863,49.6,90.2,0.0,0.0,0.0,,0.0,82.4,194.0,0.0,0.0,0.0,0.0,325.4,1122.8,316.4,1131.8,329.0,1095.8,329.0,1110.2,0.0,0.0,194.36,921.0,324.95,242.54999999999998,111.96000000000001,1.9869166666666664,122277.42999999998,5.611111111111111,0.48,0.49,401.0,True,2026-09-23 18:50:08-07:00
923.06,2,9,2026-09-24 02:05:06,37.08006,-121.5965,276.0,9.5,241.1,-12.6,0.04,E16,0.1,350.7,0.0,10.5,-1.4,232.9,0.0,358.0,-0.0,-0.05,0.8,99.0,21.0,28.0,0.0,29.84,2008.0,307.0,10.0,150.0,0.0,0.0,0.0,312.0,0.0,0.0,5.0,1.0,0.0,0.0,0.0,0.0,1.0,0.0,0.0,54.0,0.0,0.0,0.0,0.0,1.0,1.0,0.0,1200.0,50.0,90.0,922.0,921.0,13.0,1.7,0.0,1.7,24.0,0.0,0.0,39.4,0.0,0.0,15.7,45.4,39.7,0.0,0.0,0.0,0.0,163.0,603.0,158.0,612.0,165.0,590.0,165.0,598.0,0.0,0.0,19.0,0.0,0.0,24.0,8.0,4.995,0.0,0.0,0.658,0.835,49.7,90.4,0.0,0.0,0.0,,0.0,82.4,194.0,0.0,0.0,0.0,0.0,325.4,1117.4,316.4,1133.6,329.0,1094.0,329.0,1108.4,0.0,0.0,194.72,921.5,324.95,242.54999999999998,112.32,1.9874027777777776,122293.9593333333,5.588235294117648,0.48,0.49,401.0,True,2026-09-23 18:50:08-07:00
924.06,2,9,2026-09-24 02:05:07,37.08005,-121.59654,276.0,9.1,247.0,-12.6,0.04,E16,0.1,352.1,0.0,10.3,-1.5,232.5,0.0,358.0,-0.1,-0.04,1.0,99.0,5.0,28.0,0.0,29.84,2007.0,307.0,10.0,150.0,0.0,0.0,0.0,312.0,0.0,0.0,5.0,1.0,0.0,0.0,0.0,0.0,1.0,0.0,0.0,54.0,0.0,0.0,0.0,0.0,1.0,0.0,0.0,1200.0,50.0,91.0,924.0,924.0,13.0,1.7,0.0,1.7,24.1,0.0,0.0,39.4,0.0,0.0,15.2,45.4,39.7,0.0,0.0,0.0,0.0,163.0,603.0,158.0,611.0,165.0,589.0,165.0,597.0,0.0,0.0,19.0,0.0,0.0,24.1,8.0,4.995,0.0,0.0,0.659,0.823,49.8,90.6,0.0,0.0,0.0,,0.0,82.4,195.8,0.0,0.0,0.0,0.0,325.4,1117.4,316.4,1131.8,329.0,1092.2,329.0,1106.6,0.0,0.0,195.07999999999998,924.0,324.95,242.54999999999998,112.67999999999998,1.9878749999999998,122309.6453333333,5.352941176470588,0.48,0.49,401.0,True,2026-09-23 18:50:08-07:00
925.06,2,9,2026-09-24 02:05:08,37.08003,-121.59659,276.0,9.2,245.1,-12.6,0.05,E16,0.1,353.6,0.0,10.2,-1.7,232.3,0.0,358.0,-0.6,-0.03,1.0,99.0,22.0,28.0,0.0,29.84,2007.0,0.0,0.0,150.0,0.0,0.0,0.0,312.0,0.0,0.0,5.0,1.0,0.0,0.0,0.0,0.0,1.0,0.0,0.0,54.0,0.0,0.0,0.0,0.0,1.0,1.0,0.0,1200.0,50.0,90.0,929.0,929.0,13.2,1.7,0.0,1.7,24.2,0.0,0.0,39.4,0.0,0.0,15.1,45.4,39.7,0.0,0.0,0.0,0.0,163.0,602.0,158.0,610.0,165.0,587.0,165.0,595.0,0.0,0.0,19.0,0.0,0.0,24.2,8.0,4.995,0.0,0.0,0.659,0.856,49.9,90.5,0.0,0.0,0.0,,0.0,82.4,194.0,0.0,0.0,0.0,0.0,325.4,1115.6,316.4,1130.0,329.0,1088.6,329.0,1103.0,0.0,0.0,194.9,929.0,324.95,242.54999999999998,112.5,1.988347222222222,122325.07833333331,5.411764705882352,0.48,0.49,401.0,True,2026-09-23 18:50:08-07:00
926.06,2,9,2026-09-24 02:05:09,37.08001,-121.59664,276.0,9.4,244.1,-12.6,0.05,E16,0.1,355.2,0.0,10.2,-1.7,232.3,0.0,358.0,-0.6,-0.03,1.0,99.0,15.0,28.0,0.0,29.84,2007.0,0.0,0.0,150.0,0.0,0.0,0.0,312.0,0.0,0.0,5.0,1.0,0.0,0.0,0.0,0.0,1.0,0.0,0.0,54.0,0.0,0.0,0.0,0.0,1.0,1.0,0.0,1200.0,50.0,90.0,915.0,917.0,13.2,1.7,0.0,1.7,24.2,0.0,0.0,39.4,0.0,0.0,14.4,45.4,39.7,0.0,0.0,0.0,0.0,163.0,601.0,158.0,609.0,164.0,584.0,165.0,594.0,0.0,0.0,19.0,0.0,0.0,24.2,8.0,4.995,0.0,0.0,0.658,0.835,49.6,90.2,0.0,0.0,0.0,,0.0,82.4,194.0,0.0,0.0,0.0,0.0,325.4,1113.8,316.4,1128.2,327.2,1083.2,329.0,1101.2,0.0,0.0,194.36,916.0,324.5,242.1,111.96000000000001,1.9888194444444443,122340.76433333331,5.529411764705883,0.48,0.49,401.0,True,2026-09-23 18:50:08-07:00
927.06,2,9,2026-09-24 02:05:10,37.07999,-121.59669,276.0,9.5,243.6,-12.6,0.05,E16,0.1,356.6,0.0,10.1,-1.1,234.0,0.0,358.0,0.3,-0.02,1.0,99.0,-18.0,28.0,0.0,29.84,2007.0,0.0,0.0,150.0,0.0,0.0,0.0,312.0,0.0,0.0,5.0,1.0,0.0,0.0,0.0,0.0,1.0,0.0,0.0,53.0,0.0,0.0,0.0,0.0,1.0,0.0,0.0,1200.0,49.0,90.0,906.0,907.0,13.3,1.7,0.0,1.7,24.2,0.0,0.0,39.4,0.0,0.0,11.5,45.4,39.7,0.0,0.0,0.0,0.0,162.0,601.0,158.0,609.0,164.0,583.0,165.0,593.0,0.0,0.0,19.0,0.0,0.0,24.2,8.0,4.995,0.0,0.0,0.66,0.833,49.4,90.1,0.0,0.0,0.0,,0.0,82.4,194.0,0.0,0.0,0.0,0.0,323.6,1113.8,316.4,1128.2,327.2,1081.4,329.0,1099.4,0.0,0.0,194.18,906.5,324.05,241.65,111.78,1.9892916666666665,122356.70333333331,5.588235294117648,0.48,0.49,401.0,True,2026-09-23 18:50:08-07:00
928.06,2,9,2026-09-24 02:05:11,37.07997,-121.59674,275.0,9.4,243.7,-12.6,0.06,E16,0.1,358.1,0.0,10.4,-0.2,241.7,0.0,358.0,4.3,-0.06,1.0,99.0,-31.0,28.0,0.0,29.84,2007.0,0.0,0.0,150.0,0.0,0.0,0.0,312.0,0.0,0.0,5.0,1.0,0.0,0.0,0.0,0.0,0.0,0.0,0.0,52.0,0.0,0.0,0.0,0.0,1.0,1.0,0.0,1200.0,50.0,90.0,929.0,928.0,13.4,1.7,0.0,1.7,24.2,0.0,0.0,39.4,0.0,0.0,10.3,45.4,39.7,0.0,0.0,0.0,0.0,163.0,601.0,158.0,609.0,164.0,581.0,165.0,593.0,0.0,0.0,19.0,0.0,0.0,24.2,8.0,4.995,0.0,0.0,0.659,0.85,49.8,90.4,0.0,0.0,0.0,,0.0,82.4,194.0,0.0,0.0,0.0,0.0,325.4,1113.8,316.4,1128.2,327.2,1077.8,329.0,1099.4,0.0,0.0,194.72,928.5,324.5,242.1,112.32,1.9897638888888887,122372.64233333331,5.529411764705883,0.48,0.49,401.0,True,2026-09-23 18:50:08-07:00
929.06,2,9,2026-09-24 02:05:12,37.07996,-121.59679,275.0,9.5,253.2,-12.6,0.06,E16,0.1,359.6,0.0,10.2,-0.6,252.1,0.0,358.0,8.0,-0.1,1.1,99.0,-24.0,28.0,0.0,29.84,2007.0,0.0,0.0,150.0,0.0,0.0,0.0,312.0,0.0,0.0,5.0,1.0,0.0,0.0,0.0,0.0,0.0,0.0,0.0,50.0,0.0,0.0,0.0,0.0,1.0,0.0,0.0,1200.0,50.0,90.0,927.0,926.0,13.3,1.7,0.0,1.7,24.2,0.0,0.0,39.4,0.0,0.0,9.7,45.4,39.7,0.0,0.0,0.0,0.0,163.0,600.0,158.0,610.0,164.0,580.0,165.0,592.0,0.0,0.0,19.0,0.0,0.0,24.2,8.0,4.995,0.0,0.0,0.657,0.845,49.7,90.4,0.0,0.0,0.0,,0.0,82.4,194.0,0.0,0.0,0.0,0.0,325.4,1112.0,316.4,1130.0,327.2,1076.0,329.0,1097.6,0.0,0.0,194.72,926.5,324.5,242.1,112.32,1.9902361111111109,122388.5813333333,5.588235294117648,0.48,0.49,401.0,True,2026-09-23 18:50:08-07:00
930.06,2,9,2026-09-24 02:05:13,37.07995,-121.59684,275.0,8.2,270.1,-12.6,0.06,E16,0.1,0.9,0.0,10.3,-1.2,253.8,0.0,358.0,5.5,-0.14,1.2,99.0,2.0,28.0,0.0,29.84,2008.0,0.0,0.0,150.0,0.0,0.0,0.0,312.0,0.0,0.0,5.0,1.0,0.0,0.0,0.0,0.0,0.0,0.0,0.0,50.0,0.0,0.0,0.0,0.0,1.0,1.0,0.0,1200.0,50.0,90.0,938.0,938.0,13.2,1.6,0.0,1.6,24.2,0.0,0.0,39.4,0.0,0.0,9.2,45.4,39.7,0.0,0.0,0.0,0.0,163.0,599.0,158.0,610.0,165.0,580.0,165.0,592.0,0.0,0.0,19.0,0.0,0.0,24.2,8.0,4.995,0.0,0.0,0.658,0.84,49.9,90.5,0.0,0.0,0.0,,0.0,82.4,194.0,0.0,0.0,0.0,0.0,325.4,1110.2,316.4,1130.0,329.0,1076.0,329.0,1097.6,0.0,0.0,194.9,938.0,324.95,242.54999999999998,112.5,1.9906944444444443,122403.5083333333,5.124999999999999,0.48,0.49,401.0,True,2026-09-23 18:50:08-07:00
931.06,2,9,2026-09-24 02:05:14,37.07995,-121.59689,275.0,7.7,265.0,-12.6,0.06,E16,0.1,2.2,0.0,10.8,-0.7,240.7,0.0,358.0,-5.7,0.08,1.0,99.0,-34.0,28.0,0.0,29.84,2007.0,0.0,0.0,150.0,0.0,0.0,0.0,312.0,0.0,0.0,5.0,1.0,0.0,0.0,0.0,0.0,0.0,0.0,0.0,49.0,0.0,0.0,0.0,0.0,1.0,1.0,0.0,1200.0,62.0,91.0,1456.0,1456.0,16.6,2.1,0.0,2.1,23.9,0.0,0.0,39.4,0.0,0.0,8.9,45.4,39.7,0.0,0.0,0.0,0.0,163.0,598.0,158.0,611.0,165.0,583.0,165.0,593.0,0.0,0.0,19.0,0.0,0.0,23.9,8.0,4.995,0.0,0.0,0.657,0.845,61.5,90.6,0.0,0.0,0.0,,0.0,82.4,195.8,0.0,0.0,0.0,0.0,325.4,1108.4,316.4,1131.8,329.0,1081.4,329.0,1099.4,0.0,0.0,195.07999999999998,1456.0,324.95,242.54999999999998,112.67999999999998,1.9912083333333332,122416.91733333332,3.6666666666666665,0.48,0.49,401.0,True,2026-09-23 18:50:08-07:00
932.06,2,9,2026-09-24 02:05:15,37.07994,-121.59693,275.0,8.5,251.6,-12.6,0.06,E16,0.1,3.5,0.0,11.1,-1.0,235.6,0.0,358.0,-6.0,0.04,0.9,99.0,-58.0,28.0,0.0,29.84,2007.0,0.0,0.0,150.0,0.0,0.0,0.0,312.0,0.0,0.0,5.0,1.0,0.0,0.0,0.0,0.0,0.0,0.0,0.0,48.0,0.0,0.0,0.0,0.0,1.0,1.0,0.0,1200.0,56.0,91.0,1149.0,1148.0,12.8,2.3,0.0,2.3,24.2,0.0,0.0,39.4,0.0,0.0,8.7,45.4,39.7,0.0,0.0,0.0,0.0,163.0,601.0,158.0,616.0,165.0,592.0,165.0,597.0,0.0,0.0,19.0,0.0,0.0,24.2,8.0,4.995,0.0,0.0,0.658,0.84,55.8,90.7,0.0,0.0,0.0,,0.0,82.4,195.8,0.0,0.0,0.0,0.0,325.4,1113.8,316.4,1140.8,329.0,1097.6,329.0,1106.6,0.0,0.0,195.26000000000002,1148.5,324.95,242.54999999999998,112.86000000000001,1.9918194444444444,122430.57933333331,3.695652173913044,0.48,0.49,401.0,True,2026-09-23 18:50:08-07:00
933.06,2,9,2026-09-24 02:05:16,37.07993,-121.59698,275.0,8.6,248.4,-12.6,0.07,E16,0.1,4.7,0.0,10.2,-0.6,230.8,0.0,358.0,-5.3,0.03,1.1,99.0,-7.0,28.0,0.0,29.84,2007.0,0.0,0.0,150.0,0.0,0.0,0.0,312.0,0.0,0.0,5.0,1.0,0.0,0.0,0.0,0.0,1.0,0.0,0.0,49.0,0.0,0.0,0.0,0.0,1.0,1.0,0.0,1200.0,52.0,91.0,1031.0,1030.0,12.8,2.3,0.0,2.3,24.2,0.0,0.0,39.4,0.0,0.0,8.7,45.4,39.7,0.0,0.0,0.0,0.0,163.0,605.0,158.0,620.0,165.0,592.0,165.0,597.0,0.0,0.0,19.0,0.0,0.0,24.2,8.0,4.995,0.0,0.0,0.658,0.853,51.9,90.9,0.0,0.0,0.0,,0.0,82.4,195.8,0.0,0.0,0.0,0.0,325.4,1121.0,316.4,1148.0,329.0,1097.6,329.0,1106.6,0.0,0.0,195.62,1030.5,324.95,242.54999999999998,113.22,1.9924583333333332,122445.00033333332,3.739130434782609,0.48,0.49,401.0,True,2026-09-23 18:50:08-07:00
934.06,2,9,2026-09-24 02:05:17,37.07991,-121.59702,276.0,9.0,242.2,-12.6,0.07,E16,0.1,5.9,0.0,10.4,-0.3,227.9,0.0,358.0,-4.1,0.04,1.0,99.0,10.0,28.0,0.0,29.84,2008.0,0.0,0.0,150.0,0.0,0.0,0.0,312.0,0.0,0.0,5.0,1.0,0.0,0.0,0.0,0.0,0.0,0.0,0.0,50.0,0.0,0.0,0.0,0.0,1.0,0.0,0.0,1200.0,53.0,91.0,1062.0,1061.0,13.4,2.2,0.0,2.2,24.2,0.0,0.0,39.4,0.0,0.0,8.7,45.4,39.7,0.0,0.0,0.0,0.0,163.0,601.0,158.0,620.0,165.0,592.0,166.0,593.0,0.0,0.0,19.0,0.0,0.0,24.2,8.0,4.995,0.0,0.0,0.658,0.856,52.9,91.0,0.0,0.0,0.0,,0.0,82.4,195.8,0.0,0.0,0.0,0.0,325.4,1113.8,316.4,1148.0,329.0,1097.6,330.8,1099.4,0.0,0.0,195.8,1061.5,325.4,242.99999999999997,113.4,1.993083333333333,122459.84299999998,4.090909090909091,0.48,0.49,401.0,True,2026-09-23 18:50:08-07:00
935.06,2,9,2026-09-24 02:05:18,37.07989,-121.59707,275.0,9.4,239.6,-12.6,0.07,E16,0.1,7.1,0.0,10.5,-0.1,228.7,0.0,358.0,-1.4,0.01,0.9,99.0,-11.0,28.0,0.0,29.84,2007.0,0.0,0.0,150.0,0.0,0.0,0.0,312.0,0.0,0.0,5.0,1.0,0.0,0.0,0.0,0.0,0.0,0.0,0.0,50.0,0.0,0.0,0.0,0.0,1.0,1.0,0.0,1200.0,54.0,91.0,1096.0,1097.0,12.8,2.1,0.0,2.1,24.3,0.0,0.0,39.4,0.0,0.0,8.6,45.4,39.7,0.0,0.0,0.0,0.0,163.0,600.0,158.0,618.0,165.0,593.0,166.0,596.0,0.0,0.0,19.0,0.0,0.0,24.3,8.0,4.995,0.0,0.0,0.657,0.879,54.2,91.1,0.0,0.0,0.0,,0.0,82.4,195.8,0.0,0.0,0.0,0.0,325.4,1112.0,316.4,1144.4,329.0,1099.4,330.8,1104.8,0.0,0.0,195.98,1096.5,325.4,242.99999999999997,113.57999999999998,1.9936805555555555,122475.36033333332,4.476190476190476,0.48,0.49,401.0,True,2026-09-23 18:50:08-07:00
936.06,2,9,2026-09-24 02:05:19,37.07987,-121.59712,275.0,9.7,241.0,-12.6,0.07,E16,0.1,8.4,0.0,10.4,-0.2,232.2,0.0,358.0,1.5,-0.04,1.0,99.0,15.0,28.0,0.0,29.84,2007.0,0.0,0.0,150.0,0.0,0.0,0.0,312.0,0.0,0.0,5.0,1.0,0.0,0.0,0.0,0.0,0.0,0.0,0.0,49.0,0.0,0.0,0.0,0.0,1.0,0.0,0.0,1200.0,54.0,91.0,1112.0,1113.0,12.6,2.0,0.0,2.0,24.3,0.0,0.0,39.4,0.0,0.0,8.6,45.4,39.7,0.0,0.0,0.0,0.0,164.0,598.0,158.0,617.0,165.0,592.0,166.0,602.0,0.0,0.0,19.0,0.0,0.0,24.3,8.0,4.995,0.0,0.0,0.656,0.817,53.9,91.2,0.0,0.0,0.0,,0.0,82.4,195.8,0.0,0.0,0.0,0.0,327.2,1108.4,316.4,1142.6,329.0,1097.6,330.8,1115.6,0.0,0.0,196.16000000000003,1112.5,325.84999999999997,243.44999999999996,113.76000000000002,1.9942499999999999,122491.46799999998,4.85,0.48,0.49,401.0,True,2026-09-23 18:50:08-07:00
937.06,2,9,2026-09-24 02:05:20,37.07985,-121.59717,275.0,9.9,245.5,-12.6,0.08,E16,0.1,9.5,0.0,10.7,-0.3,232.1,0.0,358.0,0.7,-0.01,1.1,99.0,-4.0,28.0,0.0,29.84,2007.0,0.0,0.0,150.0,0.0,0.0,0.0,312.0,0.0,0.0,5.0,2.0,0.0,0.0,0.0,0.0,0.0,0.0,0.0,48.0,0.0,0.0,0.0,0.0,1.0,1.0,0.0,1200.0,54.0,91.0,1132.0,1132.0,12.3,1.9,0.0,1.9,24.3,0.0,0.0,39.4,0.0,0.0,8.5,45.4,39.7,0.0,0.0,0.0,0.0,164.0,597.0,158.0,616.0,165.0,595.0,166.0,604.0,0.0,0.0,19.0,0.0,0.0,24.3,8.0,4.995,0.0,0.0,0.657,0.848,54.5,91.3,0.0,0.0,0.0,,0.0,82.4,195.8,0.0,0.0,0.0,0.0,327.2,1106.6,316.4,1140.8,329.0,1103.0,330.8,1119.2,0.0,0.0,196.33999999999997,1132.0,325.84999999999997,243.44999999999996,113.93999999999997,1.9947916666666665,122507.9973333333,5.210526315789474,0.48,0.49,401.0,True,2026-09-23 18:50:08-07:00
938.06,2,9,2026-09-24 02:05:21,37.07983,-121.59722,277.0,10.2,243.5,-12.6,0.08,E16,0.1,10.7,0.0,10.8,-0.6,231.7,0.0,358.0,-0.1,-0.0,1.0,99.0,13.0,28.0,0.0,29.84,2008.0,0.0,0.0,150.0,0.0,0.0,0.0,312.0,0.0,0.0,5.0,2.0,0.0,0.0,0.0,0.0,0.0,0.0,0.0,46.0,0.0,0.0,0.0,0.0,1.0,1.0,0.0,1200.0,54.0,91.0,1130.0,1129.0,12.2,1.9,0.0,1.9,24.3,0.0,0.0,39.4,0.0,0.0,8.5,45.4,39.7,0.0,0.0,0.0,0.0,164.0,596.0,159.0,614.0,165.0,598.0,166.0,603.0,0.0,0.0,19.0,0.0,0.0,24.3,8.0,4.995,0.0,0.0,0.656,0.87,54.5,91.4,0.0,0.0,0.0,,0.0,82.4,195.8,0.0,0.0,0.0,0.0,327.2,1104.8,318.2,1137.2,329.0,1108.4,330.8,1117.4,0.0,0.0,196.52,1129.5,326.3,243.9,114.12,1.9953194444444442,122524.9483333333,5.368421052631579,0.48,0.49,401.0,True,2026-09-23 18:50:08-07:00
939.06,2,9,2026-09-24 02:05:22,37.07981,-121.59728,277.0,10.6,243.1,-12.6,0.08,E16,0.1,12.1,0.0,10.9,-1.1,231.2,0.0,358.0,-0.5,-0.01,1.0,99.0,12.0,28.0,0.0,29.84,2007.0,0.0,0.0,150.0,0.0,0.0,0.0,312.0,0.0,0.0,5.0,2.0,0.0,0.0,0.0,0.0,0.0,0.0,0.0,46.0,0.0,0.0,0.0,0.0,1.0,0.0,0.0,1200.0,54.0,91.0,1091.0,1092.0,12.1,1.8,0.0,1.8,24.3,0.0,0.0,39.4,0.0,0.0,8.5,45.4,39.7,0.0,0.0,0.0,0.0,164.0,595.0,159.0,612.0,166.0,601.0,166.0,605.0,0.0,0.0,19.0,0.0,0.0,24.3,8.0,4.995,0.0,0.0,0.656,0.872,53.7,91.5,0.0,0.0,0.0,,0.0,82.4,195.8,0.0,0.0,0.0,0.0,327.2,1103.0,318.2,1133.6,330.8,1113.8,330.8,1121.0,0.0,0.0,196.7,1091.5,326.75,244.35,114.29999999999998,1.9958333333333331,122542.48966666665,5.888888888888888,0.48,0.49,401.0,True,2026-09-23 18:50:08-07:00
940.06,2,9,2026-09-24 02:05:23,37.07979,-121.59734,277.0,10.7,242.1,-12.6,0.08,E16,0.1,13.3,0.0,10.9,-1.3,230.4,0.0,358.0,-0.8,-0.01,0.9,99.0,-5.0,28.0,0.0,29.84,2007.0,0.0,0.0,150.0,0.0,0.0,0.0,312.0,0.0,0.0,5.0,2.0,0.0,0.0,0.0,0.0,0.0,0.0,0.0,46.0,0.0,0.0,0.0,0.0,1.0,0.0,0.0,1200.0,51.0,92.0,999.0,997.0,11.9,1.7,0.0,1.7,24.4,0.0,0.0,39.4,0.0,0.0,8.7,45.4,39.7,0.0,0.0,0.0,0.0,164.0,594.0,159.0,612.0,166.0,600.0,166.0,604.0,0.0,0.0,19.0,0.0,0.0,24.4,8.0,4.995,0.0,0.0,0.658,0.836,51.4,91.5,0.0,0.0,0.0,,0.0,82.4,197.6,0.0,0.0,0.0,0.0,327.2,1101.2,318.2,1133.6,330.8,1112.0,330.8,1119.2,0.0,0.0,196.7,998.0,326.75,244.35,114.29999999999998,1.9963194444444443,122560.45266666665,6.294117647058823,0.48,0.49,401.0,True,2026-09-23 18:50:08-07:00
941.06,2,9,2026-09-24 02:05:24,37.07977,-121.59739,275.0,10.6,241.5,-12.6,0.09,E16,0.1,14.4,0.0,10.7,-0.9,230.4,0.0,358.0,-0.6,0.01,1.0,99.0,3.0,28.0,0.0,29.84,2007.0,0.0,0.0,150.0,0.0,0.0,0.0,312.0,0.0,0.0,5.0,2.0,0.0,0.0,0.0,0.0,0.0,0.0,0.0,46.0,0.0,0.0,0.0,0.0,1.0,0.0,0.0,1200.0,50.0,92.0,938.0,939.0,11.9,1.6,0.0,1.6,24.4,0.0,0.0,39.4,0.0,0.0,8.7,45.4,39.7,0.0,0.0,0.0,0.0,164.0,591.0,159.0,610.0,166.0,597.0,166.0,602.0,0.0,0.0,19.0,0.0,0.0,24.4,8.0,4.995,0.0,0.0,0.659,0.833,50.1,91.6,0.0,0.0,0.0,,0.0,82.4,197.6,0.0,0.0,0.0,0.0,327.2,1095.8,318.2,1130.0,330.8,1106.6,330.8,1115.6,0.0,0.0,196.88,938.5,326.75,244.35,114.47999999999999,1.9967777777777775,122578.41566666664,6.624999999999999,0.48,0.49,401.0,True,2026-09-23 18:50:08-07:00
942.06,2,9,2026-09-24 02:05:25,37.07974,-121.59744,275.0,10.1,237.6,-12.6,0.09,E16,0.1,15.4,0.0,10.8,-0.6,244.6,0.0,358.0,7.1,-0.07,1.0,99.0,8.0,28.0,0.0,29.84,2008.0,0.0,0.0,150.0,0.0,0.0,0.0,312.0,0.0,0.0,5.0,2.0,0.0,0.0,0.0,0.0,-3.0,0.0,0.0,46.0,0.0,0.0,0.0,0.0,1.0,0.0,0.0,1200.0,50.0,92.0,946.0,947.0,12.1,1.5,0.0,1.5,24.4,0.0,0.0,39.4,0.0,0.0,8.8,45.4,39.7,0.0,0.0,0.0,0.0,164.0,587.0,159.0,608.0,166.0,595.0,167.0,600.0,0.0,0.0,19.0,0.0,0.0,24.4,8.0,4.995,0.0,0.0,0.659,0.826,50.3,91.6,0.0,0.0,0.0,,0.0,82.4,197.6,0.0,0.0,0.0,0.0,327.2,1088.6,318.2,1126.4,330.8,1103.0,332.6,1112.0,0.0,0.0,196.88,946.5,327.20000000000005,244.80000000000004,114.47999999999999,1.9972083333333333,122595.87266666665,6.733333333333333,0.48,0.49,401.0,True,2026-09-23 18:50:08-07:00
943.06,2,9,2026-09-24 02:05:26,37.07972,-121.5975,275.0,9.4,254.6,-12.6,0.09,E16,0.1,16.5,0.0,10.9,-0.4,270.1,0.0,358.0,18.1,-0.2,1.0,99.0,8.0,28.0,0.0,29.84,2007.0,0.0,0.0,150.0,0.0,0.0,0.0,312.0,0.0,0.0,5.0,2.0,0.0,0.0,0.0,0.0,-5.0,0.0,0.0,45.0,0.0,0.0,0.0,0.0,1.0,1.0,0.0,1200.0,50.0,92.0,944.0,945.0,12.2,1.4,0.0,1.4,24.4,0.0,0.0,39.4,0.0,0.0,8.6,45.4,39.7,0.0,0.0,0.0,0.0,165.0,584.0,159.0,606.0,166.0,593.0,167.0,598.0,0.0,0.0,19.0,0.0,0.0,24.4,8.0,4.995,0.0,0.0,0.656,0.851,50.2,91.7,0.0,0.0,0.0,,0.0,82.4,197.6,0.0,0.0,0.0,0.0,329.0,1083.2,318.2,1122.8,330.8,1099.4,332.6,1108.4,0.0,0.0,197.06,944.5,327.65000000000003,245.25000000000003,114.66,1.997611111111111,122612.31766666664,6.714285714285715,0.48,0.49,401.0,True,2026-09-23 18:50:08-07:00
944.06,2,9,2026-09-24 02:05:27,37.07972,-121.59755,275.0,8.7,281.0,-12.6,0.09,E16,0.1,17.7,0.0,11.1,0.7,294.3,0.0,358.0,22.4,-0.22,1.0,99.0,-8.0,28.0,0.0,29.84,2007.0,0.0,0.0,150.0,0.0,0.0,0.0,312.0,0.0,0.0,5.0,2.0,0.0,0.0,0.0,0.0,-5.0,0.0,0.0,44.0,0.0,0.0,0.0,0.0,1.0,0.0,0.0,1200.0,50.0,92.0,947.0,948.0,12.3,1.3,0.0,1.3,24.4,0.0,0.0,39.4,0.0,0.0,8.6,45.4,39.7,0.0,0.0,0.0,0.0,165.0,581.0,159.0,604.0,166.0,591.0,167.0,597.0,0.0,0.0,19.0,0.0,0.0,24.4,8.0,4.995,0.0,0.0,0.658,0.861,50.2,91.7,0.0,0.0,0.0,,0.0,82.4,197.6,0.0,0.0,0.0,0.0,329.0,1077.8,318.2,1119.2,330.8,1095.8,332.6,1106.6,0.0,0.0,197.06,947.5,327.65000000000003,245.25000000000003,114.66,1.997986111111111,122627.58199999998,6.692307692307692,0.48,0.49,401.0,True,2026-09-23 18:50:08-07:00
945.06,2,9,2026-09-24 02:05:28,37.07974,-121.59759,275.0,7.6,309.7,-12.6,0.1,E16,0.1,18.7,0.0,11.5,-0.5,307.5,0.0,358.0,17.9,-0.17,1.0,99.0,-12.0,28.0,0.0,29.84,2007.0,0.0,0.0,150.0,0.0,0.0,0.0,312.0,0.0,0.0,5.0,2.0,0.0,0.0,0.0,0.0,-5.0,0.0,0.0,43.0,0.0,0.0,0.0,0.0,1.0,1.0,0.0,1200.0,51.0,92.0,1019.0,1019.0,12.4,1.3,0.0,1.3,24.4,0.0,0.0,39.4,0.0,0.0,8.6,45.4,39.7,0.0,0.0,0.0,0.0,165.0,580.0,159.0,603.0,166.0,590.0,167.0,595.0,0.0,0.0,19.0,0.0,0.0,24.4,8.0,4.995,0.0,0.0,0.658,0.847,51.5,91.7,0.0,0.0,0.0,,0.0,82.4,197.6,0.0,0.0,0.0,0.0,329.0,1076.0,318.2,1117.4,330.8,1094.0,332.6,1103.0,0.0,0.0,197.06,1019.0,327.65000000000003,245.25000000000003,114.66,1.998347222222222,122641.32833333331,5.846153846153846,0.48,0.49,401.0,True,2026-09-23 18:50:08-07:00
946.06,2,9,2026-09-24 02:05:29,37.07977,-121.59762,275.0,7.5,317.7,-12.6,0.1,E16,0.1,19.7,0.0,11.4,-0.6,314.5,0.0,358.0,11.3,-0.05,1.0,99.0,-4.0,28.0,0.0,29.84,2008.0,0.0,0.0,150.0,0.0,0.0,0.0,312.0,0.0,0.0,5.0,2.0,0.0,0.0,0.0,0.0,-5.0,0.0,0.0,40.0,0.0,0.0,0.0,0.0,1.0,0.0,0.0,1200.0,52.0,92.0,1039.0,1040.0,12.2,1.3,0.0,1.3,24.4,0.0,0.0,39.4,0.0,0.0,8.6,45.4,39.7,0.0,0.0,0.0,0.0,165.0,579.0,159.0,602.0,166.0,592.0,167.0,597.0,0.0,0.0,19.0,0.0,0.0,24.4,8.0,4.995,0.0,0.0,0.657,0.825,52.0,91.8,0.0,0.0,0.0,,0.0,82.4,197.6,0.0,0.0,0.0,0.0,329.0,1074.2,318.2,1115.6,330.8,1097.6,332.6,1106.6,0.0,0.0,197.23999999999998,1039.5,327.65000000000003,245.25000000000003,114.83999999999997,1.998708333333333,122654.06266666664,5.769230769230769,0.48,0.49,401.0,True,2026-09-23 18:50:08-07:00
947.06,2,9,2026-09-24 02:05:30,37.07979,-121.59764,276.0,7.4,326.9,-12.6,0.1,E16,0.1,20.4,0.0,11.7,0.1,320.4,0.0,358.0,8.2,-0.06,1.0,99.0,-1.0,28.0,0.0,29.84,2007.0,0.0,0.0,150.0,0.0,0.0,0.0,312.0,0.0,0.0,5.0,2.0,0.0,0.0,0.0,0.0,-4.0,0.0,0.0,40.0,0.0,0.0,0.0,0.0,1.0,0.0,0.0,1200.0,52.0,92.0,1044.0,1043.0,12.1,1.3,0.0,1.3,24.4,0.0,0.0,39.4,0.0,0.0,8.6,45.4,39.7,0.0,0.0,0.0,0.0,165.0,579.0,159.0,600.0,166.0,594.0,167.0,598.0,0.0,0.0,19.0,0.0,0.0,24.4,8.0,4.995,0.0,0.0,0.656,0.819,52.0,91.8,0.0,0.0,0.0,,0.0,82.4,197.6,0.0,0.0,0.0,0.0,329.0,1074.2,318.2,1112.0,330.8,1101.2,332.6,1108.4,0.0,0.0,197.23999999999998,1043.5,327.65000000000003,245.25000000000003,114.83999999999997,1.9990694444444443,122666.62833333331,5.6923076923076925,0.48,0.49,401.0,True,2026-09-23 18:50:08-07:00
948.06,2,9,2026-09-24 02:05:31,37.07982,-121.59766,276.0,7.2,334.7,-12.6,0.1,E16,0.1,21.2,0.0,11.7,-0.5,320.4,0.0,358.0,3.6,-0.01,0.9,99.0,-9.0,28.0,0.0,29.84,2007.0,0.0,0.0,150.0,0.0,0.0,0.0,312.0,0.0,0.0,5.0,2.0,0.0,0.0,0.0,0.0,-4.0,0.0,0.0,39.0,0.0,0.0,0.0,0.0,1.0,1.0,0.0,1200.0,54.0,92.0,1093.0,1092.0,12.3,1.3,0.0,1.3,24.4,0.0,0.0,39.4,0.0,0.0,8.5,45.4,39.7,0.0,0.0,0.0,0.0,165.0,581.0,160.0,599.0,166.0,595.0,167.0,600.0,0.0,0.0,19.0,0.0,0.0,24.4,8.0,4.995,0.0,0.0,0.657,0.789,53.7,91.9,0.0,0.0,0.0,,0.0,82.4,197.6,0.0,0.0,0.0,0.0,329.0,1077.8,320.0,1110.2,330.8,1103.0,332.6,1112.0,0.0,0.0,197.42000000000002,1092.5,328.1,245.70000000000002,115.02000000000001,1.9994305555555554,122678.94099999998,5.538461538461538,0.48,0.49,401.0,True,2026-09-23 18:50:08-07:00
949.06,2,9,2026-09-24 02:05:32,37.07985,-121.59768,276.0,7.3,333.5,-12.6,0.1,E16,0.1,21.9,0.0,11.7,-0.8,319.9,0.0,358.0,1.1,-0.0,1.0,99.0,3.0,28.0,0.0,29.84,2007.0,0.0,0.0,150.0,0.0,0.0,0.0,312.0,0.0,0.0,5.0,2.0,0.0,0.0,0.0,0.0,-4.0,0.0,0.0,36.0,0.0,0.0,0.0,0.0,1.0,0.0,0.0,1200.0,57.0,92.0,1228.0,1227.0,12.6,1.4,0.0,1.4,24.4,0.0,0.0,39.4,0.0,0.0,8.5,45.4,39.7,0.0,0.0,0.0,0.0,166.0,584.0,160.0,600.0,167.0,601.0,167.0,606.0,0.0,0.0,19.0,0.0,0.0,24.4,8.0,4.995,0.0,0.0,0.656,0.801,56.7,91.9,0.0,0.0,0.0,,0.0,82.4,197.6,0.0,0.0,0.0,0.0,330.8,1083.2,320.0,1112.0,332.6,1113.8,332.6,1122.8,0.0,0.0,197.42000000000002,1227.5,329.0,246.6,115.02000000000001,1.9998055555555554,122691.16933333331,5.214285714285714,0.48,0.49,401.0,True,2026-09-23 18:50:08-07:00
950.06,2,9,2026-09-24 02:05:33,37.07988,-121.5977,276.0,7.5,332.2,-12.6,0.1,E16,0.1,22.8,0.0,11.7,-0.8,321.0,0.0,358.0,1.0,-0.01,1.0,99.0,-21.0,28.0,0.0,29.84,2008.0,0.0,0.0,150.0,0.0,0.0,0.0,312.0,0.0,0.0,5.0,2.0,0.0,0.0,0.0,0.0,-4.0,0.0,0.0,33.0,0.0,0.0,0.0,0.0,1.0,0.0,0.0,1200.0,57.0,92.0,1244.0,1244.0,12.1,1.5,0.0,1.5,24.4,0.0,0.0,39.4,0.0,0.0,8.6,45.4,39.7,0.0,0.0,0.0,0.0,166.0,588.0,160.0,602.0,167.0,608.0,167.0,611.0,0.0,0.0,19.0,0.0,0.0,24.4,8.0,4.995,0.0,0.0,0.656,0.813,57.1,91.9,0.0,0.0,0.0,,0.0,82.4,197.6,0.0,0.0,0.0,0.0,330.8,1090.4,320.0,1115.6,332.6,1126.4,332.6,1131.8,0.0,0.0,197.42000000000002,1244.0,329.0,246.6,115.02000000000001,2.000208333333333,122703.65066666664,5.0,0.48,0.49,401.0,True,2026-09-23 18:50:08-07:00
951.06,2,9,2026-09-24 02:05:34,37.07991,-121.59772,277.0,7.9,334.8,-12.6,0.1,E16,0.1,23.5,0.0,11.7,-1.0,322.0,0.0,358.0,1.1,-0.01,1.0,99.0,5.0,28.0,0.0,29.84,2007.0,0.0,0.0,150.0,0.0,0.0,0.0,312.0,0.0,0.0,5.0,2.0,0.0,0.0,0.0,0.0,-4.0,0.0,0.0,31.0,0.0,0.0,0.0,0.0,1.0,0.0,0.0,1200.0,61.0,92.0,1417.0,1416.0,14.3,1.7,0.0,1.7,24.4,0.0,0.0,39.4,0.0,0.0,8.6,45.4,39.7,0.0,0.0,0.0,0.0,166.0,600.0,160.0,609.0,167.0,622.0,168.0,614.0,0.0,0.0,19.0,0.0,0.0,24.4,8.0,4.995,0.0,0.0,0.657,0.828,61.0,92.0,0.0,0.0,0.0,,0.0,82.4,197.6,0.0,0.0,0.0,0.0,330.8,1112.0,320.0,1128.2,332.6,1151.6,334.4,1137.2,0.0,0.0,197.6,1416.5,329.45,247.04999999999998,115.19999999999999,2.0006527777777774,122716.63799999998,4.647058823529412,0.48,0.49,401.0,True,2026-09-23 18:50:08-07:00
952.06,2,9,2026-09-24 02:05:35,37.07994,-121.59774,276.0,8.6,335.3,-12.6,0.09,E16,0.1,24.5,0.0,11.6,-0.7,322.6,0.0,358.0,1.0,-0.02,0.9,99.0,-14.0,28.0,0.0,29.84,2007.0,0.0,0.0,150.0,0.0,0.0,0.0,312.0,0.0,0.0,5.0,2.0,0.0,0.0,0.0,0.0,-4.0,0.0,0.0,29.0,0.0,0.0,0.0,0.0,1.0,1.0,0.0,1200.0,61.0,92.0,1398.0,1398.0,14.3,1.8,0.0,1.8,24.4,0.0,0.0,39.4,0.0,0.0,8.6,45.4,39.7,0.0,0.0,0.0,0.0,166.0,616.0,160.0,620.0,167.0,629.0,168.0,625.0,0.0,0.0,19.0,0.0,0.0,24.4,8.0,4.995,0.0,0.0,0.658,0.829,60.6,92.0,0.0,0.0,0.0,,0.0,82.4,197.6,0.0,0.0,0.0,0.0,330.8,1140.8,320.0,1148.0,332.6,1164.2,334.4,1157.0,0.0,0.0,197.6,1398.0,329.45,247.04999999999998,115.19999999999999,2.001138888888889,122730.55299999997,4.777777777777778,0.48,0.49,401.0,True,2026-09-23 18:50:08-07:00
953.06,2,9,2026-09-24 02:05:36,37.07998,-121.59776,276.0,9.3,338.6,-12.6,0.09,E16,0.1,25.6,0.0,11.3,-0.7,319.9,0.0,358.0,-0.8,0.01,0.9,99.0,-31.0,28.0,0.0,29.84,1996.0,0.0,0.0,150.0,0.0,0.0,0.0,312.0,0.0,0.0,5.0,2.0,0.0,0.0,0.0,0.0,-4.0,0.0,0.0,29.0,0.0,0.0,0.0,0.0,1.0,0.0,0.0,1200.0,61.0,92.0,1409.0,1409.0,13.8,1.9,0.0,1.9,24.4,0.0,0.0,39.4,0.0,0.0,8.6,45.4,39.7,0.0,0.0,0.0,0.0,167.0,629.0,161.0,629.0,167.0,645.0,168.0,638.0,0.0,0.0,19.0,0.0,0.0,24.4,8.0,4.995,0.0,0.0,0.659,0.818,61.0,92.1,0.0,0.0,0.0,,0.0,82.4,197.6,0.0,0.0,0.0,0.0,332.6,1164.2,321.8,1164.2,332.6,1193.0,334.4,1180.4,0.0,0.0,197.78,1409.0,330.35,247.95000000000002,115.38,2.0016527777777777,122745.64866666665,4.894736842105264,0.48,0.49,401.0,True,2026-09-23 18:50:08-07:00
954.06,2,9,2026-09-24 02:05:37,37.08002,-121.59779,276.0,9.7,331.1,-12.6,0.09,E16,0.1,26.7,0.0,11.2,-0.6,320.0,0.0,358.0,-0.7,0.01,0.9,99.0,-7.0,28.0,0.0,29.84,1996.0,0.0,0.0,150.0,0.0,0.0,0.0,312.0,0.0,0.0,5.0,2.0,0.0,0.0,0.0,0.0,-4.0,0.0,0.0,26.0,0.0,0.0,0.0,0.0,1.0,0.0,0.0,1200.0,60.0,92.0,1368.0,1367.0,13.8,2.0,0.0,2.0,24.4,0.0,0.0,39.4,0.0,0.0,8.6,45.4,39.7,0.0,0.0,0.0,0.0,167.0,638.0,161.0,635.0,168.0,649.0,168.0,637.0,0.0,0.0,19.0,0.0,0.0,24.4,8.0,4.995,0.0,0.0,0.657,0.826,60.0,92.2,0.0,0.0,0.0,,0.0,82.4,197.6,0.0,0.0,0.0,0.0,332.6,1180.4,321.8,1175.0,334.4,1200.2,334.4,1178.6,0.0,0.0,197.96,1367.5,330.79999999999995,248.39999999999995,115.56,2.002194444444444,122761.67199999998,4.85,0.48,0.49,401.0,True,2026-09-23 18:50:08-07:00
955.06,2,9,2026-09-24 02:05:38,37.08006,-121.59781,276.0,10.2,335.5,-12.6,0.09,E16,0.1,27.8,0.0,11.3,-0.7,321.8,0.0,358.0,1.0,-0.03,1.0,99.0,-35.0,28.0,0.0,29.84,1996.0,0.0,0.0,150.0,0.0,0.0,0.0,312.0,0.0,0.0,5.0,2.0,0.0,0.0,0.0,0.0,-5.0,0.0,0.0,-3.0,0.0,0.0,0.0,0.0,1.0,0.0,0.0,1200.0,61.0,92.0,1373.0,1373.0,13.5,2.0,0.0,2.0,24.4,0.0,0.0,39.4,0.0,0.0,8.7,45.4,39.7,0.0,0.0,0.0,0.0,167.0,644.0,161.0,639.0,168.0,662.0,169.0,648.0,0.0,0.0,19.0,0.0,0.0,24.4,8.0,4.995,0.0,0.0,0.657,0.825,60.5,92.2,0.0,0.0,0.0,,0.0,82.4,197.6,0.0,0.0,0.0,0.0,332.6,1191.2,321.8,1182.2,334.4,1223.6,336.2,1198.4,0.0,0.0,197.96,1373.0,331.25,248.85,115.56,2.00275,122778.45433333331,5.1,0.48,0.49,401.0,True,2026-09-23 18:50:08-07:00
956.06,2,9,2026-09-24 02:05:39,37.08011,-121.59784,276.0,10.6,335.4,-12.6,0.09,E16,0.1,29.3,0.0,11.4,-1.0,321.3,0.0,358.0,0.2,-0.01,1.0,99.0,15.0,28.0,0.0,29.84,1997.0,0.0,0.0,150.0,0.0,0.0,0.0,312.0,0.0,0.0,5.0,2.0,0.0,0.0,0.0,0.0,-4.0,0.0,0.0,48.0,0.0,0.0,0.0,0.0,1.0,1.0,0.0,1200.0,60.0,92.0,1349.0,1350.0,13.5,2.0,0.0,2.0,24.4,0.0,0.0,39.4,0.0,0.0,8.7,45.4,39.7,0.0,0.0,0.0,0.0,168.0,649.0,161.0,643.0,168.0,663.0,169.0,654.0,0.0,0.0,19.0,0.0,0.0,24.4,8.0,4.995,0.0,0.0,0.657,0.85,59.6,92.3,0.0,0.0,0.0,,0.0,82.4,197.6,0.0,0.0,0.0,0.0,334.4,1200.2,321.8,1189.4,334.4,1225.4,336.2,1209.2,0.0,0.0,198.14,1349.5,331.69999999999993,249.29999999999993,115.73999999999998,2.0033055555555555,122795.99566666664,5.3,0.48,0.49,401.0,True,2026-09-23 18:50:08-07:00
957.06,2,9,2026-09-24 02:05:40,37.08015,-121.59786,276.0,11.1,335.0,-12.6,0.09,E16,0.1,30.6,0.0,11.4,-0.9,321.4,0.0,358.0,0.1,-0.01,0.8,99.0,2.0,28.0,0.0,29.84,1997.0,0.0,0.0,150.0,0.0,0.0,0.0,312.0,0.0,0.0,5.0,2.0,0.0,0.0,0.0,0.0,-5.0,0.0,0.0,45.0,0.0,0.0,0.0,0.0,1.0,0.0,0.0,1200.0,60.0,92.0,1348.0,1348.0,13.4,2.0,0.0,2.0,24.4,0.0,0.0,39.4,0.0,0.0,8.7,45.4,39.7,0.0,0.0,0.0,0.0,168.0,654.0,162.0,646.0,168.0,670.0,169.0,662.0,0.0,0.0,19.0,0.0,0.0,24.4,8.0,4.995,0.0,0.0,0.659,0.862,59.9,92.3,0.0,0.0,0.0,,0.0,82.4,197.6,0.0,0.0,0.0,0.0,334.4,1209.2,323.6,1194.8,334.4,1238.0,336.2,1223.6,0.0,0.0,198.14,1348.0,332.15,249.74999999999997,115.73999999999998,2.003861111111111,122814.29599999997,5.55,0.48,0.49,401.0,True,2026-09-23 18:50:08-07:00
958.06,2,9,2026-09-24 02:05:41,37.0802,-121.59789,277.0,11.5,335.9,-12.6,0.09,E16,0.1,31.9,0.0,11.4,-0.9,322.1,0.0,358.0,0.5,-0.04,1.0,99.0,17.0,28.0,0.0,29.84,1997.0,0.0,0.0,150.0,0.0,0.0,0.0,312.0,0.0,0.0,5.0,2.0,0.0,0.0,0.0,0.0,-5.0,0.0,0.0,40.0,0.0,0.0,0.0,0.0,1.0,0.0,0.0,1200.0,60.0,92.0,1365.0,1365.0,13.2,2.1,0.0,2.1,24.4,0.0,0.0,39.4,0.0,0.0,8.6,45.4,39.7,0.0,0.0,0.0,0.0,168.0,657.0,162.0,649.0,168.0,674.0,169.0,666.0,0.0,0.0,19.0,0.0,0.0,24.4,8.0,4.995,0.0,0.0,0.658,0.806,60.2,92.3,0.0,0.0,0.0,,0.0,82.4,197.6,0.0,0.0,0.0,0.0,334.4,1214.6,323.6,1200.2,334.4,1245.2,336.2,1230.8,0.0,0.0,198.14,1365.0,332.15,249.74999999999997,115.73999999999998,2.0044305555555555,122833.35533333331,5.476190476190476,0.48,0.49,401.0,True,2026-09-23 18:50:08-07:00
959.06,2,9,2026-09-24 02:05:42,37.08025,-121.59792,277.0,12.1,335.7,-12.6,0.09,E16,0.1,33.7,0.0,11.3,-0.8,320.5,0.0,358.0,-0.8,0.02,1.0,99.0,-1.0,28.0,0.0,29.84,1997.0,0.0,0.0,150.0,0.0,0.0,0.0,312.0,0.0,0.0,5.0,2.0,0.0,0.0,0.0,0.0,-5.0,0.0,0.0,40.0,0.0,0.0,0.0,0.0,1.0,1.0,0.0,1200.0,60.0,92.0,1342.0,1342.0,13.1,2.0,0.0,2.0,24.4,0.0,0.0,39.4,0.0,0.0,8.6,45.4,39.7,0.0,0.0,0.0,0.0,169.0,660.0,162.0,651.0,169.0,681.0,169.0,671.0,0.0,0.0,19.0,0.0,0.0,24.4,8.0,4.995,0.0,0.0,0.658,0.846,59.5,92.3,0.0,0.0,0.0,,0.0,82.4,197.6,0.0,0.0,0.0,0.0,336.2,1220.0,323.6,1203.8,336.2,1257.8,336.2,1239.8,0.0,0.0,198.14,1342.0,333.05,250.65,115.73999999999998,2.005,122853.25799999997,6.05,0.48,0.49,401.0,True,2026-09-23 18:50:08-07:00
960.06,2,9,2026-09-24 02:05:43,37.0803,-121.59795,278.0,12.4,334.1,-12.6,0.09,E16,0.1,35.5,0.0,11.2,-1.1,323.8,0.0,358.0,1.3,-0.06,1.0,99.0,-21.0,28.0,0.0,29.84,1997.0,0.0,0.0,150.0,0.0,0.0,0.0,312.0,0.0,0.0,5.0,2.0,0.0,0.0,0.0,0.0,-6.0,0.0,0.0,38.0,0.0,0.0,0.0,0.0,1.0,0.0,0.0,1200.0,60.0,92.0,1371.0,1371.0,13.1,2.0,0.0,2.0,24.4,0.0,0.0,39.4,0.0,0.0,8.6,45.4,39.7,0.0,0.0,0.0,0.0,169.0,662.0,162.0,654.0,169.0,688.0,169.0,675.0,0.0,0.0,19.0,0.0,0.0,24.4,8.0,4.995,0.0,0.0,0.657,0.841,60.2,92.4,0.0,0.0,0.0,,0.0,82.4,197.6,0.0,0.0,0.0,0.0,336.2,1223.6,323.6,1209.2,336.2,1270.4,336.2,1247.0,0.0,0.0,198.32,1371.0,333.05,250.65,115.91999999999999,2.0055555555555555,122873.91966666664,6.2,0.48,0.49,401.0,True,2026-09-23 18:50:08-07:00
961.06,2,9,2026-09-24 02:05:44,37.08036,-121.59797,278.0,12.6,339.1,-12.6,0.09,E16,0.1,37.2,0.0,11.5,-0.5,324.1,21.3,358.0,1.0,-0.02,1.0,99.0,-22.0,28.0,22.0,29.84,1997.0,0.0,0.0,150.0,0.0,0.0,0.0,312.0,0.0,0.0,5.0,2.0,0.0,0.0,0.0,0.0,-6.0,0.0,0.0,34.0,0.0,0.0,0.0,0.0,1.0,1.0,0.0,1200.0,59.0,92.0,1341.0,1341.0,13.0,2.1,0.0,2.1,24.4,0.0,0.0,39.4,0.0,0.0,8.6,45.4,39.7,0.0,0.0,0.0,0.0,169.0,664.0,163.0,655.0,169.0,684.0,170.0,678.0,0.0,0.0,19.0,0.0,0.0,24.4,8.0,4.995,0.0,0.0,0.657,0.822,59.3,92.4,0.0,0.0,0.0,,0.0,82.4,197.6,0.0,0.0,0.0,0.0,336.2,1227.2,325.4,1211.0,336.2,1263.2,338.0,1252.4,0.0,0.0,198.32,1341.0,333.95,251.54999999999998,115.91999999999999,2.006125,122895.00299999998,6.0,21.78,22.41,401.0,True,2026-09-23 18:50:08-07:00
962.06,2,9,2026-09-24 02:05:45,37.08041,-121.598,278.0,13.0,338.4,-12.6,0.09,E16,0.1,39.1,0.0,11.6,-0.9,323.3,18.8,358.0,-0.1,0.0,1.0,99.0,-2.0,28.0,19.3,29.84,1997.0,0.0,0.0,150.0,0.0,0.0,0.0,312.0,0.0,0.0,5.0,2.0,0.0,0.0,0.0,0.0,-7.0,0.0,0.0,31.0,0.0,0.0,0.0,0.0,1.0,0.0,0.0,1200.0,60.0,92.0,1364.0,1365.0,13.2,2.0,0.0,2.0,24.4,0.0,0.0,39.4,0.0,0.0,8.7,45.4,39.7,0.0,0.0,0.0,0.0,169.0,666.0,163.0,657.0,169.0,690.0,170.0,682.0,0.0,0.0,19.0,0.0,0.0,24.4,8.0,4.995,0.0,0.0,0.658,0.829,60.1,92.4,0.0,0.0,0.0,,0.0,82.4,197.6,0.0,0.0,0.0,0.0,336.2,1230.8,325.4,1214.6,336.2,1274.0,338.0,1259.6,0.0,0.0,198.32,1364.5,333.95,251.54999999999998,115.91999999999999,2.0066944444444443,122916.5923333333,6.5,19.28,19.84,401.0,True,2026-09-23 18:50:08-07:00
963.06,2,9,2026-09-24 02:05:46,37.08047,-121.59803,279.0,13.1,336.4,-12.6,0.09,E16,0.1,41.3,0.0,12.5,-0.3,325.6,17.4,358.0,0.9,-0.03,0.9,99.0,24.0,28.0,17.9,29.84,1997.0,0.0,0.0,150.0,0.0,0.0,0.0,312.0,0.0,0.0,5.0,2.0,0.0,0.0,0.0,0.0,-7.0,0.0,0.0,31.0,0.0,0.0,0.0,0.0,1.0,0.0,0.0,1200.0,60.0,92.0,1348.0,1348.0,13.0,2.0,0.0,2.0,24.4,0.0,0.0,39.4,0.0,0.0,8.7,45.4,39.7,0.0,0.0,0.0,0.0,170.0,667.0,163.0,658.0,170.0,690.0,170.0,683.0,0.0,0.0,19.0,0.0,0.0,24.4,8.0,0.015,0.0,0.0,0.657,0.844,59.6,92.4,0.0,0.0,0.0,,0.0,82.4,197.6,0.0,0.0,0.0,0.0,338.0,1232.6,325.4,1216.4,338.0,1274.0,338.0,1261.4,0.0,0.0,198.32,1348.0,334.85,252.45000000000002,115.91999999999999,2.00725,122938.6033333333,6.55,17.88,18.4,401.0,True,2026-09-23 18:50:08-07:00
964.06,2,9,2026-09-24 02:05:47,37.08052,-121.59806,278.0,13.5,341.3,-12.6,0.09,E16,0.1,43.5,0.0,12.7,-0.8,323.6,17.5,358.0,-0.7,0.01,0.8,99.0,27.0,28.0,18.1,29.84,1996.0,0.0,0.0,150.0,0.0,0.0,0.0,312.0,0.0,0.0,5.0,2.0,0.0,0.0,0.0,0.0,-7.0,0.0,0.0,30.0,0.0,0.0,0.0,0.0,1.0,0.0,0.0,1200.0,60.0,92.0,1365.0,1366.0,13.2,2.0,0.0,2.0,24.4,0.0,0.0,39.4,0.0,0.0,8.7,45.4,39.7,0.0,0.0,0.0,0.0,170.0,669.0,163.0,659.0,170.0,696.0,170.0,687.0,0.0,0.0,19.0,0.0,0.0,24.4,8.0,0.012,0.0,0.0,0.659,0.826,60.0,92.4,0.0,0.0,0.0,,0.0,82.4,197.6,0.0,0.0,0.0,0.0,338.0,1236.2,325.4,1218.2,338.0,1284.8,338.0,1268.6,0.0,0.0,198.32,1365.5,334.85,252.45000000000002,115.91999999999999,2.007805555555555,122961.03599999998,6.75,17.98,18.5,401.0,True,2026-09-23 18:50:08-07:00
965.06,2,9,2026-09-24 02:05:48,37.08058,-121.59808,278.0,13.7,336.7,-12.6,0.09,E16,0.1,45.6,0.0,12.8,-0.6,322.8,18.3,358.0,-1.1,0.01,1.0,99.0,18.0,28.0,18.9,29.84,1996.0,0.0,0.0,150.0,0.0,0.0,0.0,312.0,0.0,0.0,5.0,2.0,0.0,0.0,0.0,0.0,-7.0,0.0,0.0,30.0,0.0,0.0,0.0,0.0,1.0,0.0,0.0,1200.0,59.0,92.0,1338.0,1338.0,13.0,2.0,0.0,2.0,24.4,0.0,0.0,39.4,0.0,0.0,8.7,45.4,39.7,0.0,0.0,0.0,0.0,170.0,670.0,164.0,661.0,170.0,696.0,170.0,687.0,0.0,0.0,19.0,0.0,0.0,24.4,8.0,0.013,0.0,0.0,0.658,0.828,59.3,92.4,0.0,0.0,0.0,,0.0,82.4,197.6,0.0,0.0,0.0,0.0,338.0,1238.0,327.2,1221.8,338.0,1284.8,338.0,1268.6,0.0,0.0,198.32,1338.0,335.3,252.9,115.91999999999999,2.008361111111111,122983.97466666665,6.85,18.78,19.32,401.0,True,2026-09-23 18:50:08-07:00
966.06,2,9,2026-09-24 02:05:49,37.08064,-121.59812,278.0,14.0,335.2,-12.6,0.09,E16,0.1,47.9,0.0,12.9,-0.7,323.2,16.9,358.0,-0.5,-0.01,0.9,99.0,16.0,28.0,17.4,29.84,1996.0,0.0,0.0,150.0,0.0,0.0,0.0,312.0,0.0,0.0,5.0,2.0,0.0,0.0,0.0,0.0,-7.0,0.0,0.0,30.0,0.0,0.0,0.0,0.0,1.0,1.0,0.0,1200.0,60.0,92.0,1349.0,1348.0,13.2,2.1,0.0,2.1,24.4,0.0,0.0,39.4,0.0,0.0,8.7,45.4,39.7,0.0,0.0,0.0,0.0,170.0,671.0,164.0,662.0,170.0,700.0,170.0,691.0,0.0,0.0,19.0,0.0,0.0,24.4,8.0,0.012,0.0,0.0,0.662,0.836,59.8,92.4,0.0,0.0,0.0,,0.0,82.4,197.6,0.0,0.0,0.0,0.0,338.0,1239.8,327.2,1223.6,338.0,1292.0,338.0,1275.8,0.0,0.0,198.32,1348.5,335.3,252.9,115.91999999999999,2.008930555555555,123007.33499999998,6.666666666666666,17.38,17.88,401.0,True,2026-09-23 18:50:08-07:00
967.06,2,9,2026-09-24 02:05:50,37.0807,-121.59815,278.0,14.3,337.0,-12.6,0.08,E16,0.1,50.8,0.0,12.5,-0.6,322.6,20.5,358.0,-0.5,-0.0,1.0,99.0,-33.0,28.0,21.1,29.84,1988.0,0.0,0.0,150.0,0.0,0.0,0.0,312.0,0.0,0.0,5.0,2.0,0.0,0.0,0.0,0.0,-7.0,0.0,0.0,28.0,0.0,0.0,0.0,0.0,1.0,0.0,0.0,1200.0,60.0,92.0,1362.0,1361.0,13.1,2.1,0.0,2.1,24.4,0.0,0.0,39.4,0.0,0.0,8.7,45.4,39.7,0.0,0.0,0.0,0.0,171.0,672.0,164.0,663.0,170.0,705.0,171.0,692.0,0.0,0.0,19.0,0.0,0.0,24.4,8.0,0.011,0.0,0.0,0.66,0.813,59.9,92.4,0.0,0.0,0.0,,0.0,82.4,197.6,0.0,0.0,0.0,0.0,339.8,1241.6,327.2,1225.4,338.0,1301.0,339.8,1277.6,0.0,0.0,198.32,1361.5,336.2,253.79999999999998,115.91999999999999,2.009513888888889,123031.20133333332,6.809523809523809,20.98,21.59,401.0,True,2026-09-23 18:50:08-07:00
968.06,2,9,2026-09-24 02:05:51,37.08076,-121.59819,279.0,14.5,335.2,-12.6,0.08,E16,0.1,53.3,0.0,11.6,-0.5,321.9,20.1,358.0,-0.6,0.01,0.9,99.0,-15.0,28.0,20.7,29.84,1988.0,0.0,0.0,150.0,0.0,0.0,0.0,312.0,0.0,0.0,5.0,2.0,0.0,0.0,0.0,0.0,-7.0,0.0,0.0,28.0,0.0,0.0,0.0,0.0,1.0,1.0,0.0,1200.0,60.0,92.0,1345.0,1345.0,13.1,2.0,0.0,2.0,24.5,0.0,0.0,39.4,0.0,0.0,8.6,45.4,39.7,0.0,0.0,0.0,0.0,171.0,672.0,164.0,664.0,170.0,705.0,171.0,695.0,0.0,0.0,19.0,0.0,0.0,24.5,8.0,0.011,0.0,0.0,0.66,0.846,59.6,92.5,0.0,0.0,0.0,,0.0,82.4,197.6,0.0,0.0,0.0,0.0,339.8,1241.6,327.2,1227.2,338.0,1301.0,339.8,1283.0,0.0,0.0,198.5,1345.0,336.2,253.79999999999998,116.1,2.010083333333333,123055.48933333332,7.25,20.580000000000002,21.18,401.0,True,2026-09-23 18:50:08-07:00
969.06,2,9,2026-09-24 02:05:52,37.08082,-121.59822,277.0,14.7,334.7,-12.6,0.08,E16,0.1,55.9,0.0,11.3,-0.8,322.2,20.7,358.0,0.0,-0.01,1.1,99.0,3.0,28.0,21.3,29.84,1988.0,0.0,0.0,150.0,0.0,0.0,0.0,312.0,0.0,0.0,5.0,2.0,0.0,0.0,0.0,0.0,-7.0,0.0,0.0,26.0,0.0,0.0,0.0,0.0,1.0,0.0,0.0,1200.0,58.0,92.0,1299.0,1298.0,12.5,2.0,0.0,2.0,24.5,0.0,0.0,39.4,0.0,0.0,8.6,45.4,39.7,0.0,0.0,0.0,0.0,171.0,670.0,165.0,661.0,171.0,704.0,171.0,688.0,0.0,0.0,19.0,0.0,0.0,24.5,8.0,0.011,0.0,0.0,0.66,0.845,58.5,92.5,0.0,0.0,0.0,,0.0,82.4,197.6,0.0,0.0,0.0,0.0,339.8,1238.0,329.0,1221.8,339.8,1299.2,339.8,1270.4,0.0,0.0,198.5,1298.5,337.1,254.70000000000002,116.1,2.010638888888889,123080.11466666665,7.35,21.18,21.79,401.0,True,2026-09-23 18:50:08-07:00
970.06,2,9,2026-09-24 02:05:53,37.08088,-121.59825,278.0,14.8,336.0,-12.6,0.08,E16,0.1,58.6,0.0,11.6,-0.9,322.6,19.0,358.0,0.4,-0.02,0.8,99.0,-23.0,28.0,19.6,29.84,1987.0,0.0,0.0,150.0,0.0,0.0,0.0,312.0,0.0,0.0,5.0,2.0,0.0,0.0,0.0,0.0,-7.0,0.0,0.0,27.0,0.0,0.0,0.0,0.0,1.0,0.0,0.0,1200.0,57.0,92.0,1217.0,1217.0,11.8,2.0,0.0,2.0,24.6,0.0,0.0,39.4,0.0,0.0,8.6,45.4,39.7,0.0,0.0,0.0,0.0,171.0,666.0,165.0,657.0,171.0,699.0,171.0,687.0,0.0,0.0,19.0,0.0,0.0,24.6,8.0,0.011,0.0,0.0,0.659,0.851,57.3,92.5,0.0,0.0,0.0,,0.0,82.4,197.6,0.0,0.0,0.0,0.0,339.8,1230.8,329.0,1214.6,339.8,1290.2,339.8,1268.6,0.0,0.0,198.5,1217.0,337.1,254.70000000000002,116.1,2.011194444444444,123104.99299999997,7.4,19.48,20.04,401.0,True,2026-09-23 18:50:08-07:00
971.06,2,9,2026-09-24 02:05:54,37.08094,-121.59828,281.0,14.5,337.2,-12.6,0.08,E16,0.1,61.5,0.0,11.4,-1.1,321.6,21.3,358.0,-0.2,-0.03,0.9,99.0,-1.0,28.0,22.0,29.84,1987.0,0.0,0.0,150.0,0.0,0.0,0.0,312.0,0.0,0.0,5.0,2.0,0.0,0.0,0.0,0.0,-7.0,0.0,0.0,28.0,0.0,0.0,0.0,0.0,1.0,0.0,0.0,1200.0,51.0,92.0,1006.0,1005.0,10.9,1.8,0.0,1.8,24.5,0.0,0.0,39.4,0.0,0.0,8.7,45.4,39.7,0.0,0.0,0.0,0.0,172.0,657.0,165.0,652.0,171.0,686.0,171.0,677.0,0.0,0.0,19.0,0.0,0.0,24.5,8.0,0.012,0.0,0.0,0.659,0.845,51.1,92.5,0.0,0.0,0.0,,0.0,82.4,197.6,0.0,0.0,0.0,0.0,341.6,1214.6,329.0,1205.6,339.8,1266.8,339.8,1250.6,0.0,0.0,198.5,1005.5,337.55,255.15,116.1,2.011722222222222,123129.70266666665,8.055555555555555,21.78,22.41,401.0,True,2026-09-23 18:50:08-07:00
972.06,2,9,2026-09-24 02:05:55,37.08101,-121.59832,281.0,14.2,333.9,-12.6,0.08,E16,0.1,64.5,0.0,11.2,-0.7,319.5,20.5,358.0,-1.4,0.04,1.0,99.0,8.0,28.0,21.1,29.84,1987.0,0.0,0.0,150.0,0.0,0.0,0.0,312.0,0.0,0.0,5.0,2.0,0.0,0.0,0.0,0.0,-7.0,0.0,0.0,29.0,0.0,0.0,0.0,0.0,1.0,0.0,0.0,1200.0,51.0,92.0,978.0,979.0,11.6,1.6,0.0,1.6,24.5,0.0,0.0,39.4,0.0,0.0,8.8,45.4,39.7,0.0,0.0,0.0,0.0,172.0,647.0,165.0,646.0,171.0,674.0,172.0,667.0,0.0,0.0,19.0,0.0,0.0,24.5,8.0,0.006,0.0,0.0,0.66,0.822,50.5,92.5,0.0,0.0,0.0,,0.0,82.4,197.6,0.0,0.0,0.0,0.0,341.6,1196.6,329.0,1194.8,339.8,1245.2,341.6,1232.6,0.0,0.0,198.5,978.5,338.0,255.6,116.1,2.0121944444444444,123153.9063333333,8.874999999999998,20.98,21.59,401.0,True,2026-09-23 18:50:08-07:00
973.06,2,9,2026-09-24 02:05:56,37.08106,-121.59835,282.0,13.7,335.1,-12.6,0.08,E16,0.1,67.1,0.0,10.7,-1.2,319.6,18.4,358.0,-0.2,-0.02,1.0,99.0,27.0,28.0,18.9,29.84,1987.0,0.0,0.0,150.0,0.0,0.0,0.0,312.0,0.0,0.0,5.0,2.0,0.0,0.0,0.0,0.0,-7.0,0.0,0.0,30.0,0.0,0.0,0.0,0.0,1.0,0.0,0.0,1200.0,51.0,92.0,1021.0,1023.0,12.4,1.5,0.0,1.5,24.5,0.0,0.0,39.4,0.0,0.0,8.8,45.4,39.7,0.0,0.0,0.0,0.0,172.0,639.0,165.0,642.0,171.0,662.0,172.0,657.0,0.0,0.0,19.0,0.0,0.0,24.5,8.0,0.006,0.0,0.0,0.659,0.826,51.0,92.5,0.0,0.0,0.0,,0.0,82.4,197.6,0.0,0.0,0.0,0.0,341.6,1182.2,329.0,1187.6,339.8,1223.6,341.6,1214.6,0.0,0.0,198.5,1022.0,338.0,255.6,116.1,2.012625,123177.43533333331,9.133333333333333,18.88,19.43,401.0,True,2026-09-23 18:50:08-07:00
974.06,2,9,2026-09-24 02:05:57,37.08112,-121.59839,282.0,13.6,333.5,-12.6,0.08,E16,0.1,69.9,0.0,10.9,-1.2,317.3,0.0,358.0,-1.5,0.03,0.9,99.0,42.0,28.0,0.0,29.84,1987.0,0.0,0.0,150.0,0.0,0.0,0.0,312.0,0.0,0.0,5.0,2.0,0.0,0.0,0.0,0.0,-6.0,0.0,0.0,30.0,0.0,0.0,0.0,0.0,1.0,0.0,0.0,1200.0,55.0,92.0,1173.0,1175.0,12.6,1.5,0.0,1.5,24.5,0.0,0.0,39.4,0.0,0.0,8.6,45.4,39.7,0.0,0.0,0.0,0.0,172.0,635.0,165.0,637.0,171.0,658.0,172.0,655.0,0.0,0.0,19.0,0.0,0.0,24.5,8.0,0.005,0.0,0.0,0.658,0.828,55.3,92.4,0.0,0.0,0.0,,0.0,82.4,197.6,0.0,0.0,0.0,0.0,341.6,1175.0,329.0,1178.6,339.8,1216.4,341.6,1211.0,0.0,0.0,198.32,1174.0,338.0,255.6,115.91999999999999,2.0130416666666666,123200.45833333331,9.066666666666666,0.48,0.49,401.0,True,2026-09-23 18:50:08-07:00
975.06,2,9,2026-09-24 02:05:58,37.08118,-121.59843,282.0,13.6,331.0,-12.6,0.08,E16,0.1,72.5,0.0,10.9,-1.2,319.3,18.9,358.0,0.2,-0.04,1.0,99.0,18.0,28.0,19.5,29.84,1987.0,0.0,0.0,150.0,0.0,0.0,0.0,312.0,0.0,0.0,5.0,2.0,0.0,0.0,0.0,0.0,-7.0,0.0,0.0,29.0,0.0,0.0,0.0,0.0,1.0,1.0,0.0,1200.0,56.0,92.0,1191.0,1189.0,12.2,1.5,0.0,1.5,24.5,0.0,0.0,39.4,0.0,0.0,8.6,45.4,39.7,0.0,0.0,0.0,0.0,172.0,632.0,165.0,634.0,171.0,654.0,172.0,654.0,0.0,0.0,19.0,0.0,0.0,24.5,8.0,0.005,0.0,0.0,0.659,0.835,56.1,92.4,0.0,0.0,0.0,,0.0,82.4,197.6,0.0,0.0,0.0,0.0,341.6,1169.6,329.0,1173.2,339.8,1209.2,341.6,1209.2,0.0,0.0,198.32,1190.0,338.0,255.6,115.91999999999999,2.0134583333333333,123223.39699999998,9.066666666666666,19.38,19.94,401.0,True,2026-09-23 18:50:08-07:00
976.06,2,9,2026-09-24 02:05:59,37.08123,-121.59846,283.0,13.6,333.6,-12.6,0.08,E16,0.1,75.0,0.0,11.8,-1.8,317.9,17.1,358.0,-0.7,-0.01,1.0,99.0,39.0,28.0,17.6,29.84,1987.0,0.0,0.0,150.0,0.0,0.0,0.0,312.0,0.0,0.0,5.0,2.0,0.0,0.0,0.0,0.0,-7.0,0.0,0.0,29.0,0.0,0.0,0.0,0.0,1.0,1.0,0.0,1200.0,55.0,92.0,1164.0,1165.0,12.0,1.6,0.0,1.6,24.5,0.0,0.0,39.4,0.0,0.0,8.6,45.4,39.7,0.0,0.0,0.0,0.0,172.0,629.0,166.0,630.0,172.0,651.0,172.0,650.0,0.0,0.0,19.0,0.0,0.0,24.5,8.0,0.007,0.0,0.0,0.659,0.842,55.2,92.4,0.0,0.0,0.0,,0.0,82.4,197.6,0.0,0.0,0.0,0.0,341.6,1164.2,330.8,1166.0,341.6,1203.8,341.6,1202.0,0.0,0.0,198.32,1164.5,338.9,256.5,115.91999999999999,2.013888888888889,123246.33566666664,8.5,17.580000000000002,18.09,401.0,True,2026-09-23 18:50:08-07:00
977.06,2,9,2026-09-24 02:06:00,37.08129,-121.5985,282.0,13.3,332.1,-12.6,0.08,E16,0.1,77.6,0.0,12.3,-1.2,318.7,16.4,358.0,-0.3,-0.02,0.9,99.0,33.0,28.0,16.9,29.84,1987.0,0.0,0.0,150.0,0.0,0.0,0.0,312.0,0.0,0.0,5.0,2.0,0.0,0.0,0.0,0.0,-7.0,0.0,0.0,29.0,0.0,0.0,0.0,0.0,1.0,0.0,0.0,1200.0,55.0,92.0,1137.0,1138.0,11.9,1.6,0.0,1.6,24.5,0.0,0.0,39.4,0.0,0.0,8.6,45.4,39.7,0.0,0.0,0.0,0.0,172.0,625.0,166.0,628.0,172.0,648.0,172.0,647.0,0.0,0.0,19.0,0.0,0.0,24.5,8.0,0.006,0.0,0.0,0.657,0.842,54.7,92.5,0.0,0.0,0.0,,0.0,82.4,197.6,0.0,0.0,0.0,0.0,341.6,1157.0,330.8,1162.4,341.6,1198.4,341.6,1196.6,0.0,0.0,198.5,1137.5,338.9,256.5,116.1,2.014333333333333,123269.02133333331,8.3125,16.88,17.37,401.0,True,2026-09-23 18:50:08-07:00
978.06,2,9,2026-09-24 02:06:01,37.08134,-121.59853,282.0,13.1,331.8,-12.6,0.08,E16,0.1,80.1,0.0,12.2,-1.1,319.6,0.0,358.0,0.1,-0.02,0.9,99.0,35.0,28.0,0.0,29.84,1987.0,0.0,0.0,150.0,0.0,0.0,0.0,312.0,0.0,0.0,5.0,2.0,0.0,0.0,0.0,0.0,-7.0,0.0,0.0,29.0,0.0,0.0,0.0,0.0,1.0,0.0,0.0,1200.0,54.0,92.0,1113.0,1114.0,11.9,1.6,0.0,1.6,24.5,0.0,0.0,39.4,0.0,0.0,8.6,45.4,39.7,0.0,0.0,0.0,0.0,173.0,622.0,166.0,625.0,172.0,645.0,172.0,642.0,0.0,0.0,19.0,0.0,0.0,24.5,8.0,0.004,0.0,0.0,0.659,0.845,54.2,92.5,0.0,0.0,0.0,,0.0,82.4,197.6,0.0,0.0,0.0,0.0,343.4,1151.6,330.8,1157.0,341.6,1193.0,341.6,1187.6,0.0,0.0,198.5,1113.5,339.35,256.95000000000005,116.1,2.014777777777778,123291.2853333333,8.1875,0.48,0.49,401.0,True,2026-09-23 18:50:08-07:00
979.06,2,9,2026-09-24 02:06:02,37.08139,-121.59857,282.0,12.9,332.7,-12.6,0.08,E16,0.1,82.2,0.0,12.0,-0.7,320.9,0.0,358.0,0.8,-0.03,1.0,99.0,33.0,28.0,0.0,29.84,1987.0,0.0,0.0,150.0,0.0,0.0,0.0,312.0,0.0,0.0,5.0,2.0,0.0,0.0,0.0,0.0,-7.0,0.0,0.0,29.0,0.0,0.0,0.0,0.0,1.0,0.0,0.0,1200.0,52.0,93.0,1012.0,1011.0,11.8,1.5,0.0,1.5,24.5,0.0,0.0,39.4,0.0,0.0,8.7,45.4,39.7,0.0,0.0,0.0,0.0,173.0,618.0,166.0,624.0,172.0,640.0,173.0,638.0,0.0,0.0,19.0,0.0,0.0,24.5,8.0,0.005,0.0,0.0,0.658,0.854,51.7,92.5,0.0,0.0,0.0,,0.0,82.4,199.4,0.0,0.0,0.0,0.0,343.4,1144.4,330.8,1155.2,341.6,1184.0,343.4,1180.4,0.0,0.0,198.5,1011.5,339.79999999999995,257.4,116.1,2.0152083333333333,123313.21199999997,8.6,0.48,0.49,401.0,True,2026-09-23 18:50:08-07:00
980.06,2,9,2026-09-24 02:06:03,37.08144,-121.5986,283.0,12.3,334.8,-12.6,0.08,E16,0.1,84.2,0.0,11.9,-1.2,322.0,19.1,358.0,0.9,-0.04,0.9,99.0,19.0,28.0,19.6,29.84,1987.0,0.0,0.0,150.0,0.0,0.0,0.0,312.0,0.0,0.0,5.0,2.0,0.0,0.0,0.0,0.0,-7.0,0.0,0.0,29.0,0.0,0.0,0.0,0.0,1.0,0.0,0.0,1200.0,50.0,92.0,951.0,950.0,11.9,1.5,0.0,1.5,24.5,0.0,0.0,39.4,0.0,0.0,8.8,45.4,39.7,0.0,0.0,0.0,0.0,173.0,614.0,166.0,621.0,172.0,633.0,173.0,633.0,0.0,0.0,19.0,0.0,0.0,24.5,8.0,0.006,0.0,0.0,0.658,0.839,50.1,92.5,0.0,0.0,0.0,,0.0,82.4,197.6,0.0,0.0,0.0,0.0,343.4,1137.2,330.8,1149.8,341.6,1171.4,343.4,1171.4,0.0,0.0,198.5,950.5,339.79999999999995,257.4,116.1,2.015625,123334.46399999998,8.200000000000001,19.580000000000002,20.15,401.0,True,2026-09-23 18:50:08-07:00
981.06,2,9,2026-09-24 02:06:04,37.0815,-121.59863,282.0,11.8,335.3,-12.6,0.07,E16,0.1,86.5,0.0,11.5,-0.5,322.9,18.9,358.0,1.0,-0.02,1.2,99.0,-5.0,28.0,19.4,29.84,1987.0,0.0,0.0,150.0,0.0,0.0,0.0,312.0,0.0,0.0,5.0,1.0,0.0,0.0,0.0,0.0,-7.0,0.0,0.0,29.0,0.0,0.0,0.0,0.0,1.0,0.0,0.0,1200.0,50.0,93.0,963.0,964.0,12.0,1.4,0.0,1.4,24.6,0.0,0.0,39.4,0.0,0.0,8.8,45.4,39.7,0.0,0.0,0.0,0.0,173.0,609.0,166.0,619.0,172.0,627.0,173.0,632.0,0.0,0.0,19.0,0.0,0.0,24.6,8.0,0.005,0.0,0.0,0.658,0.83,50.3,92.5,0.0,0.0,0.0,,0.0,82.4,199.4,0.0,0.0,0.0,0.0,343.4,1128.2,330.8,1146.2,341.6,1160.6,343.4,1169.6,0.0,0.0,198.5,963.5,339.79999999999995,257.4,116.1,2.0160277777777775,123354.78833333332,8.428571428571429,19.38,19.94,401.0,True,2026-09-23 18:50:08-07:00
982.06,2,9,2026-09-24 02:06:05,37.08154,-121.59866,281.0,11.4,336.2,-12.6,0.07,E16,0.1,88.4,0.0,10.9,-0.4,323.6,19.6,358.0,1.0,-0.01,0.9,99.0,28.0,28.0,20.2,29.84,1987.0,0.0,0.0,150.0,0.0,0.0,0.0,312.0,0.0,0.0,5.0,1.0,0.0,0.0,0.0,0.0,-7.0,0.0,0.0,29.0,0.0,0.0,0.0,0.0,1.0,1.0,0.0,1200.0,50.0,93.0,950.0,951.0,12.1,1.3,0.0,1.3,24.6,0.0,0.0,39.4,0.0,0.0,8.8,45.4,39.7,0.0,0.0,0.0,0.0,173.0,605.0,166.0,616.0,172.0,620.0,173.0,627.0,0.0,0.0,19.0,0.0,0.0,24.6,8.0,0.005,0.0,0.0,0.659,0.841,50.1,92.5,0.0,0.0,0.0,,0.0,82.4,199.4,0.0,0.0,0.0,0.0,343.4,1121.0,330.8,1140.8,341.6,1148.0,343.4,1160.6,0.0,0.0,198.5,950.5,339.79999999999995,257.4,116.1,2.0164027777777775,123374.35366666665,8.76923076923077,20.080000000000002,20.66,401.0,True,2026-09-23 18:50:08-07:00
983.06,2,9,2026-09-24 02:06:06,37.08159,-121.59869,282.0,11.0,336.9,-12.6,0.07,E16,0.1,90.1,0.0,11.3,-0.2,323.8,17.7,358.0,0.7,-0.02,1.0,99.0,-24.0,28.0,18.2,29.84,1987.0,0.0,0.0,150.0,0.0,0.0,0.0,312.0,0.0,0.0,5.0,1.0,0.0,0.0,0.0,0.0,-7.0,0.0,0.0,30.0,0.0,0.0,0.0,0.0,1.0,1.0,0.0,1200.0,50.0,93.0,953.0,953.0,12.2,1.3,0.0,1.3,24.6,0.0,0.0,39.4,0.0,0.0,8.8,45.4,39.7,0.0,0.0,0.0,0.0,173.0,601.0,166.0,614.0,172.0,617.0,173.0,621.0,0.0,0.0,19.0,0.0,0.0,24.6,8.0,0.006,0.0,0.0,0.659,0.84,50.2,92.5,0.0,0.0,0.0,,0.0,82.4,199.4,0.0,0.0,0.0,0.0,343.4,1113.8,330.8,1137.2,341.6,1142.6,343.4,1149.8,0.0,0.0,198.5,953.0,339.79999999999995,257.4,116.1,2.016763888888889,123393.2443333333,8.461538461538462,18.18,18.71,401.0,True,2026-09-23 18:50:08-07:00
984.06,2,9,2026-09-24 02:06:07,37.08164,-121.59871,282.0,10.5,337.5,-12.6,0.07,E16,0.1,91.9,0.0,11.5,-1.8,321.4,17.2,358.0,-1.0,-0.01,1.0,99.0,-45.0,28.0,17.7,29.84,1987.0,0.0,0.0,150.0,0.0,0.0,0.0,312.0,0.0,0.0,5.0,1.0,0.0,0.0,0.0,0.0,-7.0,0.0,0.0,30.0,0.0,0.0,0.0,0.0,1.0,0.0,0.0,1200.0,50.0,93.0,956.0,956.0,12.3,1.2,0.0,1.2,24.6,0.0,0.0,39.4,0.0,0.0,8.8,45.4,39.7,0.0,0.0,0.0,0.0,173.0,597.0,166.0,612.0,172.0,610.0,173.0,618.0,0.0,0.0,19.0,0.0,0.0,24.6,8.0,0.009,0.0,0.0,0.658,0.844,50.2,92.5,0.0,0.0,0.0,,0.0,82.4,199.4,0.0,0.0,0.0,0.0,343.4,1106.6,330.8,1133.6,341.6,1130.0,343.4,1144.4,0.0,0.0,198.5,956.0,339.79999999999995,257.4,116.1,2.017111111111111,123411.37599999997,8.75,17.68,18.19,401.0,True,2026-09-23 18:50:08-07:00
985.06,2,9,2026-09-24 02:06:08,37.08168,-121.59873,281.0,9.9,334.9,-12.6,0.07,E16,0.1,93.6,0.0,11.7,-2.0,319.2,17.0,358.0,-1.7,-0.01,1.0,99.0,-29.0,28.0,17.5,29.84,1987.0,0.0,0.0,150.0,0.0,0.0,0.0,312.0,0.0,0.0,5.0,1.0,0.0,0.0,0.0,0.0,-7.0,0.0,0.0,30.0,0.0,0.0,0.0,0.0,1.0,0.0,0.0,1200.0,50.0,93.0,943.0,943.0,12.2,1.2,0.0,1.2,24.6,0.0,0.0,39.4,0.0,0.0,8.7,45.4,39.7,0.0,0.0,0.0,0.0,173.0,595.0,166.0,609.0,173.0,607.0,173.0,616.0,0.0,0.0,19.0,0.0,0.0,24.6,8.0,0.006,0.0,0.0,0.658,0.807,50.0,92.5,0.0,0.0,0.0,,0.0,82.4,199.4,0.0,0.0,0.0,0.0,343.4,1103.0,330.8,1128.2,343.4,1124.6,343.4,1140.8,0.0,0.0,198.5,943.0,340.25,257.85,116.1,2.017444444444444,123428.57999999997,8.25,17.48,17.99,401.0,True,2026-09-23 18:50:08-07:00
986.06,2,9,2026-09-24 02:06:09,37.08172,-121.59875,281.0,9.5,335.0,-12.6,0.07,E16,0.1,95.1,0.0,11.3,-3.3,311.0,15.9,358.0,-5.0,-0.02,0.8,99.0,1.0,28.0,16.3,29.84,1987.0,0.0,0.0,150.0,0.0,0.0,0.0,312.0,0.0,0.0,5.0,1.0,0.0,0.0,0.0,0.0,-6.0,0.0,0.0,30.0,0.0,0.0,0.0,0.0,1.0,0.0,0.0,1200.0,50.0,92.0,943.0,942.0,12.3,1.2,0.0,1.2,24.6,0.0,0.0,39.4,0.0,0.0,8.0,45.4,39.7,0.0,0.0,0.0,0.0,173.0,592.0,166.0,607.0,173.0,605.0,173.0,613.0,0.0,0.0,19.0,0.0,0.0,24.6,8.0,0.006,0.0,0.0,0.657,0.8,49.8,92.4,0.0,0.0,0.0,,0.0,82.4,197.6,0.0,0.0,0.0,0.0,343.4,1097.6,330.8,1124.6,343.4,1121.0,343.4,1135.4,0.0,0.0,198.32,942.5,340.25,257.85,115.91999999999999,2.0177777777777774,123444.94066666665,7.916666666666667,16.38,16.85,401.0,True,2026-09-23 18:50:08-07:00
987.06,2,9,2026-09-24 02:06:10,37.08176,-121.59879,281.0,9.3,324.3,-12.6,0.07,E16,0.1,96.3,0.0,10.2,-4.0,296.7,0.0,358.0,-10.5,0.03,1.0,99.0,22.0,28.0,0.0,29.84,1987.0,0.0,0.0,150.0,0.0,0.0,0.0,312.0,0.0,0.0,5.0,1.0,0.0,0.0,0.0,0.0,-3.0,0.0,0.0,31.0,0.0,0.0,0.0,0.0,1.0,0.0,0.0,1200.0,49.0,92.0,918.0,917.0,12.3,1.2,0.0,1.2,24.6,0.0,0.0,39.4,0.0,0.0,7.4,45.4,39.7,0.0,0.0,0.0,0.0,173.0,588.0,167.0,606.0,173.0,599.0,173.0,610.0,0.0,0.0,19.0,0.0,0.0,24.6,8.0,0.006,0.0,0.0,0.658,0.803,49.2,92.4,0.0,0.0,0.0,,0.0,82.4,197.6,0.0,0.0,0.0,0.0,343.4,1090.4,332.6,1122.8,343.4,1110.2,343.4,1130.0,0.0,0.0,198.32,917.5,340.7,258.29999999999995,115.91999999999999,2.0181111111111107,123460.79533333331,7.750000000000001,0.48,0.49,401.0,True,2026-09-23 18:50:08-07:00
988.06,2,9,2026-09-24 02:06:11,37.08179,-121.59882,282.0,8.8,311.8,-12.6,0.07,E16,0.1,97.2,0.0,10.9,-3.7,280.8,0.0,358.0,-13.8,0.09,1.0,99.0,-26.0,28.0,0.0,29.84,1987.0,0.0,0.0,150.0,0.0,0.0,0.0,312.0,0.0,0.0,5.0,1.0,0.0,0.0,0.0,0.0,0.0,0.0,0.0,40.0,0.0,0.0,0.0,0.0,1.0,0.0,0.0,1200.0,51.0,92.0,1028.0,1027.0,12.7,1.2,0.0,1.2,24.5,0.0,0.0,39.4,0.0,0.0,7.0,45.4,39.7,0.0,0.0,0.0,0.0,174.0,586.0,167.0,605.0,173.0,596.0,173.0,607.0,0.0,0.0,19.0,0.0,0.0,24.5,8.0,0.006,0.0,0.0,0.657,0.803,51.4,92.4,0.0,0.0,0.0,,0.0,82.4,197.6,0.0,0.0,0.0,0.0,345.2,1086.8,332.6,1121.0,343.4,1104.8,343.4,1124.6,0.0,0.0,198.32,1027.5,341.15,258.75,115.91999999999999,2.0184444444444445,123476.05966666664,7.333333333333334,0.48,0.49,401.0,True,2026-09-23 18:50:08-07:00
989.06,2,9,2026-09-24 02:06:12,37.08181,-121.59886,282.0,8.7,292.1,-12.6,0.07,E16,0.1,97.7,0.0,11.1,-3.3,269.5,0.0,358.0,-12.8,0.05,1.0,99.0,-5.0,28.0,0.0,29.84,1987.0,0.0,0.0,150.0,0.0,0.0,0.0,312.0,0.0,0.0,5.0,1.0,0.0,0.0,0.0,0.0,0.0,0.0,0.0,40.0,0.0,0.0,0.0,0.0,1.0,0.0,0.0,1200.0,56.0,92.0,1168.0,1169.0,12.9,1.3,0.0,1.3,24.5,0.0,0.0,39.4,0.0,0.0,6.6,45.4,39.7,0.0,0.0,0.0,0.0,174.0,589.0,167.0,604.0,173.0,602.0,173.0,609.0,0.0,0.0,19.0,0.0,0.0,24.5,8.0,0.006,0.0,0.0,0.657,0.806,55.5,92.4,0.0,0.0,0.0,,0.0,82.4,197.6,0.0,0.0,0.0,0.0,345.2,1092.2,332.6,1119.2,343.4,1115.6,343.4,1128.2,0.0,0.0,198.32,1168.5,341.15,258.75,115.91999999999999,2.0187916666666665,123490.81799999997,6.692307692307692,0.48,0.49,401.0,True,2026-09-23 18:50:08-07:00
990.06,2,9,2026-09-24 02:06:13,37.08182,-121.59891,282.0,8.6,288.1,-12.6,0.07,E16,0.1,98.0,0.0,10.0,-0.7,257.5,0.0,358.0,-12.1,0.08,0.9,99.0,-32.0,28.0,0.0,29.84,1987.0,0.0,0.0,150.0,0.0,0.0,0.0,312.0,0.0,0.0,5.0,1.0,0.0,0.0,0.0,0.0,1.0,0.0,0.0,39.0,0.0,0.0,0.0,0.0,1.0,0.0,0.0,1200.0,55.0,92.0,1170.0,1170.0,12.5,1.4,0.0,1.4,24.5,0.0,0.0,39.4,0.0,0.0,6.6,45.4,39.7,0.0,0.0,0.0,0.0,174.0,592.0,167.0,604.0,173.0,608.0,174.0,611.0,0.0,0.0,19.0,0.0,0.0,24.5,8.0,0.007,0.0,0.0,0.657,0.815,55.4,92.4,0.0,0.0,0.0,,0.0,82.4,197.6,0.0,0.0,0.0,0.0,345.2,1097.6,332.6,1119.2,343.4,1126.4,345.2,1131.8,0.0,0.0,198.32,1170.0,341.59999999999997,259.19999999999993,115.91999999999999,2.0191666666666666,123505.40766666664,6.142857142857143,0.48,0.49,401.0,True,2026-09-23 18:50:08-07:00
991.06,2,9,2026-09-24 02:06:14,37.08183,-121.59896,282.0,9.1,270.4,-12.6,0.08,E16,0.1,97.9,0.0,10.4,-1.8,247.8,0.0,358.0,-11.1,0.1,0.9,99.0,-46.0,28.0,0.0,29.84,1987.0,0.0,0.0,150.0,0.0,0.0,0.0,312.0,0.0,0.0,5.0,2.0,0.0,0.0,0.0,0.0,3.0,0.0,0.0,38.0,0.0,0.0,0.0,0.0,1.0,0.0,0.0,1200.0,55.0,92.0,1169.0,1169.0,12.4,1.4,0.0,1.4,24.5,0.0,0.0,39.4,0.0,0.0,6.5,45.4,39.7,0.0,0.0,0.0,0.0,174.0,594.0,167.0,604.0,173.0,610.0,174.0,615.0,0.0,0.0,19.0,0.0,0.0,24.5,8.0,0.016,0.0,0.0,0.659,0.824,55.4,92.4,0.0,0.0,0.0,,0.0,82.4,197.6,0.0,0.0,0.0,0.0,345.2,1101.2,332.6,1119.2,343.4,1130.0,345.2,1139.0,0.0,0.0,198.32,1169.0,341.59999999999997,259.19999999999993,115.91999999999999,2.0195555555555553,123520.33466666665,6.5,0.48,0.49,401.0,True,2026-09-23 18:50:08-07:00
992.06,2,9,2026-09-24 02:06:15,37.08183,-121.59901,282.0,9.3,261.7,-12.6,0.08,E16,0.1,97.7,0.0,10.8,-2.1,239.8,0.0,358.0,-9.4,0.06,0.9,99.0,5.0,28.0,0.0,29.84,1987.0,0.0,0.0,150.0,0.0,0.0,0.0,312.0,0.0,0.0,5.0,2.0,0.0,0.0,0.0,0.0,0.0,0.0,0.0,40.0,0.0,0.0,0.0,0.0,1.0,0.0,0.0,1200.0,56.0,92.0,1197.0,1196.0,12.2,1.5,0.0,1.5,24.5,0.0,0.0,39.4,0.0,0.0,6.5,45.4,39.7,0.0,0.0,0.0,0.0,174.0,597.0,167.0,604.0,173.0,615.0,174.0,619.0,0.0,0.0,19.0,0.0,0.0,24.5,8.0,0.012,0.0,0.0,0.66,0.841,56.2,92.5,0.0,0.0,0.0,,0.0,82.4,197.6,0.0,0.0,0.0,0.0,345.2,1106.6,332.6,1119.2,343.4,1139.0,345.2,1146.2,0.0,0.0,198.5,1196.5,341.59999999999997,259.19999999999993,116.1,2.0199583333333333,123535.85199999997,6.2,0.48,0.49,401.0,True,2026-09-23 18:50:08-07:00
993.06,2,9,2026-09-24 02:06:16,37.08182,-121.59907,280.0,9.3,250.8,-12.6,0.08,E16,0.1,97.3,0.0,10.1,-1.7,231.1,0.0,358.0,-9.0,0.04,1.0,99.0,31.0,28.0,0.0,29.84,1987.0,0.0,0.0,150.0,0.0,0.0,0.0,312.0,0.0,0.0,5.0,2.0,0.0,0.0,0.0,0.0,0.0,0.0,0.0,37.0,0.0,0.0,0.0,0.0,1.0,0.0,0.0,1200.0,56.0,93.0,1178.0,1178.0,12.2,1.6,0.0,1.6,24.5,0.0,0.0,39.4,0.0,0.0,6.5,45.4,39.7,0.0,0.0,0.0,0.0,174.0,599.0,167.0,603.0,174.0,620.0,174.0,615.0,0.0,0.0,19.0,0.0,0.0,24.5,8.0,0.01,0.0,0.0,0.658,0.804,55.8,92.6,0.0,0.0,0.0,,0.0,82.4,199.4,0.0,0.0,0.0,0.0,345.2,1110.2,332.6,1117.4,345.2,1148.0,345.2,1139.0,0.0,0.0,198.68,1178.0,342.05,259.65,116.28,2.020388888888889,123551.53799999997,5.8125,0.48,0.49,401.0,True,2026-09-23 18:50:08-07:00
994.06,2,8,2026-09-24 02:06:17,37.08181,-121.59912,279.0,9.9,244.1,-12.6,0.08,E16,0.1,96.8,0.0,10.4,-2.1,223.4,0.0,358.0,-8.6,0.05,0.9,99.0,35.0,28.0,0.0,29.84,1987.0,0.0,0.0,150.0,0.0,0.0,0.0,312.0,0.0,0.0,5.0,2.0,0.0,0.0,0.0,0.0,-1.0,0.0,0.0,37.0,0.0,0.0,0.0,0.0,1.0,0.0,0.0,1200.0,56.0,93.0,1185.0,1185.0,12.2,1.6,0.0,1.6,24.5,0.0,0.0,39.4,0.0,0.0,6.5,45.4,39.7,0.0,0.0,0.0,0.0,175.0,600.0,168.0,603.0,174.0,624.0,174.0,620.0,0.0,0.0,19.0,0.0,0.0,24.5,8.0,0.01,0.0,0.0,0.657,0.793,56.1,92.6,0.0,0.0,0.0,,0.0,82.4,199.4,0.0,0.0,0.0,0.0,347.0,1112.0,334.4,1117.4,345.2,1155.2,345.2,1148.0,0.0,0.0,198.68,1185.0,342.95,260.54999999999995,116.28,2.020833333333333,123567.72999999998,6.1875,0.48,0.49,401.0,True,2026-09-23 18:50:08-07:00
995.06,2,9,2026-09-24 02:06:18,37.08178,-121.59917,281.0,10.2,238.4,-12.6,0.09,E16,0.1,95.8,0.0,10.6,-0.3,220.2,0.0,358.0,-5.8,0.04,1.0,99.0,11.0,28.0,0.0,29.84,1987.0,0.0,0.0,150.0,0.0,0.0,0.0,312.0,0.0,0.0,5.0,2.0,0.0,0.0,0.0,0.0,-1.0,0.0,0.0,36.0,0.0,0.0,0.0,0.0,1.0,0.0,0.0,1200.0,54.0,93.0,1089.0,1089.0,12.0,1.6,0.0,1.6,24.6,0.0,0.0,39.4,0.0,0.0,6.5,45.4,39.7,0.0,0.0,0.0,0.0,175.0,599.0,167.0,603.0,174.0,623.0,174.0,616.0,0.0,0.0,19.0,0.0,0.0,24.6,8.0,0.01,0.0,0.0,0.657,0.811,54.2,92.6,0.0,0.0,0.0,,0.0,82.4,199.4,0.0,0.0,0.0,0.0,347.0,1110.2,332.6,1117.4,345.2,1153.4,345.2,1140.8,0.0,0.0,198.68,1089.0,342.5,260.1,116.28,2.0212777777777777,123584.68099999998,6.374999999999999,0.48,0.49,401.0,True,2026-09-23 18:50:08-07:00
996.06,2,9,2026-09-24 02:06:19,37.08175,-121.59922,281.0,9.9,232.3,-12.6,0.09,E16,0.1,95.0,0.0,10.9,1.4,223.6,0.0,358.0,-0.7,0.01,0.9,99.0,-2.0,28.0,0.0,29.84,1987.0,0.0,0.0,150.0,0.0,0.0,0.0,312.0,0.0,0.0,5.0,2.0,0.0,0.0,0.0,0.0,-2.0,0.0,0.0,34.0,0.0,0.0,0.0,0.0,1.0,0.0,0.0,1200.0,52.0,93.0,1009.0,1007.0,11.9,1.6,0.0,1.6,24.5,0.0,0.0,39.4,0.0,0.0,6.5,45.4,39.7,0.0,0.0,0.0,0.0,175.0,597.0,168.0,603.0,174.0,618.0,175.0,618.0,0.0,0.0,19.0,0.0,0.0,24.5,8.0,0.01,0.0,0.0,0.656,0.804,51.5,92.7,0.0,0.0,0.0,,0.0,82.4,199.4,0.0,0.0,0.0,0.0,347.0,1106.6,334.4,1117.4,345.2,1144.4,347.0,1144.4,0.0,0.0,198.86,1008.0,343.4,261.0,116.46000000000001,2.021722222222222,123601.63199999998,6.1875,0.48,0.49,401.0,True,2026-09-23 18:50:08-07:00
997.06,2,9,2026-09-24 02:06:20,37.08173,-121.59927,281.0,9.9,239.0,-12.6,0.09,E16,0.1,94.0,0.0,10.8,0.2,224.5,0.0,358.0,0.6,-0.01,1.2,99.0,30.0,28.0,0.0,29.84,1987.0,0.0,0.0,150.0,0.0,0.0,0.0,312.0,0.0,0.0,5.0,2.0,0.0,0.0,0.0,0.0,-3.0,0.0,0.0,35.0,0.0,0.0,0.0,0.0,1.0,0.0,0.0,1200.0,52.0,93.0,1006.0,1006.0,12.1,1.5,0.0,1.5,24.6,0.0,0.0,39.4,0.0,0.0,6.5,45.4,39.7,0.0,0.0,0.0,0.0,175.0,594.0,168.0,603.0,174.0,614.0,175.0,618.0,0.0,0.0,19.0,0.1,0.0,24.6,8.0,0.01,0.0,0.0,0.658,0.823,51.7,92.7,0.0,0.0,0.0,,0.0,82.4,199.4,0.0,0.0,0.0,0.0,347.0,1101.2,334.4,1117.4,345.2,1137.2,347.0,1144.4,0.0,0.0,198.86,1006.0,343.4,261.0,116.46000000000001,2.0221527777777775,123618.32999999997,6.6000000000000005,0.48,0.49,401.0,True,2026-09-23 18:50:08-07:00
998.06,2,9,2026-09-24 02:06:21,37.0817,-121.59931,282.0,9.4,236.7,-12.6,0.09,E16,0.1,93.2,0.0,10.8,0.3,226.0,0.0,358.0,0.6,0.01,1.0,99.0,13.0,28.0,0.0,29.84,1987.0,0.0,0.0,150.0,0.0,0.0,0.0,312.0,0.0,0.0,5.0,2.0,0.0,0.0,0.0,0.0,-3.0,0.0,0.0,36.0,0.0,0.0,0.0,0.0,1.0,0.0,0.0,1200.0,52.0,93.0,1014.0,1014.0,12.1,1.5,0.0,1.5,24.5,0.0,0.0,39.4,0.0,0.0,7.3,45.4,39.7,0.0,0.0,0.0,0.0,176.0,592.0,168.0,604.0,174.0,612.0,175.0,618.0,0.0,0.0,19.0,0.1,0.0,24.5,8.0,0.009,0.0,0.0,0.658,0.801,51.7,92.9,0.0,0.0,0.0,,0.0,82.4,199.4,0.0,0.0,0.0,0.0,348.8,1097.6,334.4,1119.2,345.2,1133.6,347.0,1144.4,0.0,0.0,199.22,1014.0,343.84999999999997,261.44999999999993,116.82,2.022569444444444,123634.60633333331,6.266666666666667,0.48,0.49,401.0,True,2026-09-23 18:50:08-07:00
999.06,2,9,2026-09-24 02:06:22,37.08167,-121.59936,283.0,9.0,238.6,-12.6,0.1,E16,0.1,92.4,0.0,10.8,0.1,230.3,0.0,358.0,2.7,-0.03,0.9,99.0,-4.0,28.0,0.0,29.84,1987.0,0.0,0.0,150.0,0.0,0.0,0.0,312.0,0.0,0.0,5.0,2.0,0.0,0.0,0.0,0.0,-3.0,0.0,0.0,35.0,0.0,0.0,0.0,0.0,1.0,0.0,0.0,1200.0,51.0,93.0,983.0,983.0,12.4,1.5,0.0,1.5,24.5,0.0,0.0,39.4,0.0,0.0,7.9,45.4,39.7,0.0,0.0,0.0,0.0,176.0,591.0,168.0,602.0,175.0,609.0,175.0,615.0,0.0,0.0,19.0,0.1,0.0,24.5,8.0,0.01,0.0,0.0,0.657,0.803,51.2,92.9,0.0,0.0,0.0,,0.0,82.4,199.4,0.0,0.0,0.0,0.0,348.8,1095.8,334.4,1115.6,347.0,1128.2,347.0,1139.0,0.0,0.0,199.22,983.0,344.3,261.9,116.82,2.022986111111111,123650.12366666664,6.0,0.48,0.49,401.0,True,2026-09-23 18:50:08-07:00
1000.06,2,9,2026-09-24 02:06:23,37.08165,-121.5994,284.0,8.6,243.5,-12.6,0.1,E16,0.1,91.9,0.0,10.7,-0.4,234.3,0.0,358.0,3.4,-0.03,1.0,99.0,22.0,28.0,0.0,29.84,1986.0,0.0,0.0,150.0,0.0,0.0,0.0,312.0,0.0,0.0,5.0,2.0,0.0,0.0,0.0,0.0,-3.0,0.0,0.0,35.0,0.0,0.0,0.0,0.0,1.0,0.0,0.0,1200.0,50.0,93.0,954.0,954.0,12.4,1.4,0.0,1.4,24.6,0.0,0.0,39.4,0.0,0.0,8.3,45.4,39.7,0.0,0.0,0.0,0.0,176.0,589.0,168.0,602.0,175.0,609.0,175.0,612.0,0.0,0.0,19.0,0.1,0.0,24.6,8.0,0.009,0.0,0.0,0.657,0.793,50.4,92.9,0.0,0.0,0.0,,0.0,82.4,199.4,0.0,0.0,0.0,0.0,348.8,1092.2,334.4,1115.6,347.0,1128.2,347.0,1133.6,0.0,0.0,199.22,954.0,344.3,261.9,116.82,2.023388888888889,123664.96633333332,6.142857142857143,0.48,0.49,401.0,True,2026-09-23 18:50:08-07:00
1001.06,2,9,2026-09-24 02:06:24,37.08164,-121.59944,285.0,7.9,248.1,-12.6,0.1,E16,0.1,91.4,0.0,10.8,0.1,235.9,0.0,358.0,2.5,-0.04,1.2,99.0,25.0,28.0,0.0,29.84,1986.0,0.0,0.0,150.0,0.0,0.0,0.0,312.0,0.0,0.0,5.0,2.0,0.0,0.0,0.0,0.0,-3.0,0.0,0.0,35.0,0.0,0.0,0.0,0.0,1.0,0.0,0.0,1200.0,50.0,93.0,948.0,948.0,12.4,1.3,0.0,1.3,24.6,0.0,0.0,39.4,0.0,0.0,8.5,45.4,39.7,0.0,0.0,0.0,0.0,176.0,586.0,169.0,600.0,175.0,603.0,175.0,610.0,0.0,0.0,19.0,0.1,0.0,24.6,8.0,0.009,0.0,0.0,0.659,0.803,50.4,92.9,0.0,0.0,0.0,,0.0,82.4,199.4,0.0,0.0,0.0,0.0,348.8,1086.8,336.2,1112.0,347.0,1117.4,347.0,1130.0,0.0,0.0,199.22,948.0,344.75,262.35,116.82,2.023763888888889,123678.88133333331,6.076923076923077,0.48,0.49,401.0,True,2026-09-23 18:50:08-07:00
1002.06,2,9,2026-09-24 02:06:25,37.08163,-121.59949,285.0,7.1,248.9,-12.6,0.1,E16,0.1,91.2,0.0,10.9,0.1,234.0,0.0,358.0,-0.3,0.01,0.7,99.0,6.0,28.0,0.0,29.84,1986.0,0.0,0.0,150.0,0.0,0.0,0.0,312.0,0.0,0.0,5.0,2.0,0.0,0.0,0.0,0.0,-3.0,0.0,0.0,35.0,0.0,0.0,0.0,0.0,1.0,0.0,0.0,1200.0,50.0,93.0,949.0,949.0,12.4,1.3,0.0,1.3,24.6,0.0,0.0,39.4,0.0,0.0,8.6,45.4,39.7,0.0,0.0,0.0,0.0,176.0,583.0,169.0,599.0,175.0,601.0,176.0,608.0,0.0,0.0,19.0,0.1,0.0,24.6,8.0,0.009,0.0,0.0,0.658,0.807,50.4,92.9,0.0,0.0,0.0,,0.0,82.4,199.4,0.0,0.0,0.0,0.0,348.8,1081.4,336.2,1110.2,347.0,1113.8,348.8,1126.4,0.0,0.0,199.22,949.0,345.2,262.79999999999995,116.82,2.0241249999999997,123691.5313333333,5.461538461538461,0.48,0.49,401.0,True,2026-09-23 18:50:08-07:00
1003.06,2,9,2026-09-24 02:06:26,37.08161,-121.59952,285.0,5.8,238.3,-12.6,0.11,E16,0.1,90.7,0.0,10.9,0.2,239.7,0.0,358.0,2.4,0.01,1.0,99.0,23.0,28.0,0.0,29.84,1987.0,0.0,0.0,150.0,0.0,0.0,0.0,312.0,0.0,0.0,5.0,2.0,0.0,0.0,0.0,0.0,-4.0,0.0,0.0,52.0,0.0,0.0,0.0,0.0,1.0,0.0,0.0,1200.0,51.0,93.0,959.0,958.0,12.5,1.3,0.0,1.3,24.6,0.0,0.0,39.4,0.0,0.0,8.6,45.4,39.7,0.0,0.0,0.0,0.0,176.0,580.0,169.0,598.0,175.0,599.0,176.0,608.0,0.0,0.0,19.0,0.1,0.0,24.6,8.0,0.009,0.0,0.0,0.658,0.796,50.7,92.8,0.0,0.0,0.0,,0.0,82.4,199.4,0.0,0.0,0.0,0.0,348.8,1076.0,336.2,1108.4,347.0,1110.2,348.8,1126.4,0.0,0.0,199.04,958.5,345.2,262.79999999999995,116.63999999999999,2.024486111111111,123702.4103333333,4.461538461538462,0.48,0.49,401.0,True,2026-09-23 18:50:08-07:00
1004.06,2,9,2026-09-24 02:06:27,37.0816,-121.59955,285.0,5.3,244.4,-12.6,0.11,E16,0.1,90.4,0.0,10.7,0.1,254.1,0.0,358.0,9.1,-0.02,1.0,99.0,-11.0,28.0,0.0,29.84,1986.0,0.0,0.0,150.0,0.0,0.0,0.0,312.0,0.0,0.0,5.0,2.0,0.0,0.0,0.0,0.0,-5.0,0.0,0.0,52.0,0.0,0.0,0.0,0.0,1.0,0.0,0.0,1200.0,50.0,93.0,941.0,941.0,12.4,1.2,0.0,1.2,24.6,0.0,0.0,39.4,0.0,0.0,8.7,45.4,39.7,0.0,0.0,0.0,0.0,176.0,578.0,169.0,597.0,175.0,598.0,175.0,606.0,0.0,0.0,19.0,0.1,0.0,24.6,8.0,0.009,0.0,0.0,0.658,0.79,50.4,92.9,0.0,0.0,0.0,,0.0,82.4,199.4,0.0,0.0,0.0,0.0,348.8,1072.4,336.2,1106.6,347.0,1108.4,347.0,1122.8,0.0,0.0,199.22,941.0,344.75,262.35,116.82,2.024833333333333,123711.77133333331,4.416666666666667,0.48,0.49,401.0,True,2026-09-23 18:50:08-07:00
1005.06,2,9,2026-09-24 02:06:28,37.08159,-121.59957,285.0,4.3,245.0,-12.6,0.11,E16,0.1,90.1,0.0,10.4,0.3,279.0,0.0,358.0,18.0,-0.05,1.0,99.0,12.0,28.0,0.0,29.84,1986.0,0.0,0.0,150.0,0.0,0.0,0.0,312.0,0.0,0.0,5.0,2.0,0.0,0.0,0.0,0.0,-6.0,0.0,0.0,50.0,0.0,0.0,0.0,0.0,1.0,0.0,0.0,1200.0,50.0,93.0,947.0,946.0,12.5,1.2,0.0,1.2,24.6,0.0,0.0,39.4,0.0,0.0,8.7,45.4,39.7,0.0,0.0,0.0,0.0,176.0,576.0,169.0,595.0,175.0,597.0,176.0,603.0,0.0,0.0,19.0,0.1,0.0,24.6,8.0,0.009,0.0,0.0,0.657,0.785,50.5,92.8,0.0,0.0,0.0,,0.0,82.4,199.4,0.0,0.0,0.0,0.0,348.8,1068.8,336.2,1103.0,347.0,1106.6,348.8,1117.4,0.0,0.0,199.04,946.5,345.2,262.79999999999995,116.63999999999999,2.0251666666666663,123719.86733333331,3.5833333333333335,0.48,0.49,401.0,True,2026-09-23 18:50:08-07:00
1006.06,2,9,2026-09-24 02:06:29,37.08159,-121.59959,284.0,4.0,268.8,-12.6,0.11,E16,0.1,90.1,0.0,10.3,0.7,308.0,0.0,358.0,24.7,-0.06,1.0,99.0,30.0,28.0,0.0,29.84,1986.0,0.0,0.0,150.0,0.0,0.0,0.0,312.0,0.0,0.0,5.0,2.0,0.0,0.0,0.0,0.0,-6.0,0.0,0.0,50.0,0.0,0.0,0.0,0.0,1.0,0.0,0.0,1200.0,50.0,93.0,947.0,947.0,12.6,1.2,0.0,1.2,24.6,0.0,0.0,39.4,0.0,0.0,8.7,45.4,39.7,0.0,0.0,0.0,0.0,176.0,575.0,169.0,594.0,176.0,593.0,176.0,603.0,0.0,0.0,19.0,0.1,0.0,24.6,8.0,0.009,0.0,0.0,0.658,0.784,50.4,92.8,0.0,0.0,0.0,,0.0,82.4,199.4,0.0,0.0,0.0,0.0,348.8,1067.0,336.2,1101.2,348.8,1099.4,348.8,1117.4,0.0,0.0,199.04,947.0,345.65,263.25,116.63999999999999,2.0254999999999996,123726.86699999997,3.3333333333333335,0.48,0.49,401.0,True,2026-09-23 18:50:08-07:00
1007.06,1,10,2026-09-24 02:06:30,37.08159,-121.59961,284.0,1.2,272.6,-12.6,0.11,E16,0.1,90.1,0.0,10.2,-0.6,327.4,0.0,359.0,23.1,-0.17,1.1,99.0,56.0,28.0,0.0,29.84,1987.0,0.0,0.0,150.0,0.0,0.0,0.0,312.0,0.0,0.0,5.0,2.0,0.0,0.0,0.0,0.0,-6.0,0.0,0.0,50.0,0.0,0.0,0.0,0.0,1.0,0.0,0.0,1200.0,51.0,93.0,952.0,952.0,12.6,1.2,0.0,1.2,24.6,0.0,0.0,39.4,0.0,0.0,8.7,45.4,39.7,0.0,0.0,0.0,0.0,176.0,574.0,169.0,594.0,176.0,593.0,176.0,602.0,0.0,0.0,19.0,0.0,0.0,24.6,8.0,0.009,0.0,0.0,0.658,0.786,50.5,92.8,0.0,0.0,0.0,,0.0,82.4,199.4,0.0,0.0,0.0,0.0,348.8,1065.2,336.2,1101.2,348.8,1099.4,348.8,1115.6,0.0,0.0,199.04,952.0,345.65,263.25,116.63999999999999,2.0258333333333334,123731.25233333331,1.0,0.48,0.49,401.0,True,2026-09-23 18:50:08-07:00
1008.06,1,10,2026-09-24 02:06:31,37.08159,-121.59961,284.0,0.6,272.6,-12.6,0.11,E16,0.1,90.1,0.0,10.1,-0.5,328.0,0.0,360.0,10.1,-0.04,1.0,99.0,53.0,28.0,0.0,29.84,1987.0,0.0,0.0,150.0,0.0,0.0,0.0,312.0,0.0,0.0,5.0,2.0,0.0,0.0,0.0,0.0,-3.0,0.0,0.0,51.0,0.0,0.0,0.0,0.0,1.0,0.0,0.0,1200.0,51.0,93.0,949.0,949.0,12.5,1.2,0.0,1.2,24.6,0.0,0.0,39.4,0.0,0.0,8.7,45.4,39.7,0.0,0.0,0.0,0.0,177.0,573.0,169.0,593.0,176.0,591.0,176.0,601.0,0.0,0.0,19.0,0.0,0.0,24.6,8.0,0.009,0.0,0.0,0.657,0.78,50.6,92.8,0.0,0.0,0.0,,0.0,82.4,199.4,0.0,0.0,0.0,0.0,350.6,1063.4,336.2,1099.4,348.8,1095.8,348.8,1113.8,0.0,0.0,199.04,949.0,346.1,263.70000000000005,116.63999999999999,2.0261666666666667,123732.7703333333,0.5,0.48,0.49,401.0,True,2026-09-23 18:50:08-07:00
1009.06,1,10,2026-09-24 02:06:32,37.08159,-121.59961,285.0,0.3,272.6,-12.6,0.11,E16,0.1,90.1,0.0,10.1,-0.7,326.1,0.0,360.0,3.0,-0.03,1.0,99.0,13.0,28.0,0.0,29.84,1987.0,0.0,0.0,150.0,0.0,0.0,0.0,312.0,0.0,0.0,5.0,2.0,0.0,0.0,0.0,0.0,-2.0,0.0,0.0,50.0,0.0,0.0,0.0,0.0,1.0,0.0,0.0,1200.0,60.0,93.0,1365.0,1363.0,18.3,1.4,0.0,1.4,24.5,0.0,0.0,39.4,0.0,0.0,8.7,45.4,39.7,0.0,0.0,0.0,0.0,177.0,578.0,169.0,596.0,176.0,588.0,176.0,600.0,0.0,0.0,19.0,0.0,0.0,24.5,8.0,0.009,0.0,0.0,0.658,0.831,59.8,92.8,0.0,0.0,0.0,,0.0,82.4,199.4,0.0,0.0,0.0,0.0,350.6,1072.4,336.2,1104.8,348.8,1090.4,348.8,1112.0,0.0,0.0,199.04,1364.0,346.1,263.70000000000005,116.63999999999999,2.0265277777777775,123733.52933333331,0.2142857142857143,0.48,0.49,401.0,True,2026-09-23 18:50:08-07:00
1010.06,1,10,2026-09-24 02:06:33,37.08159,-121.59961,285.0,0.2,272.6,-12.6,0.11,E16,0.1,90.1,0.0,10.3,-0.7,325.1,0.0,360.0,0.4,0.0,1.0,99.0,-6.0,28.0,0.0,29.84,1980.0,0.0,0.0,150.0,0.0,0.0,0.0,312.0,0.0,0.0,5.0,2.0,0.0,0.0,0.0,0.0,-2.0,0.0,0.0,50.0,0.0,0.0,0.0,0.0,1.0,0.0,0.0,1200.0,53.0,93.0,1071.0,1070.0,12.1,1.4,0.0,1.4,24.5,0.0,0.0,39.4,0.0,0.0,8.7,45.4,39.7,0.0,0.0,0.0,0.0,177.0,584.0,169.0,599.0,176.0,595.0,176.0,605.0,0.0,0.0,19.0,0.0,0.0,24.5,8.0,0.009,0.0,0.0,0.657,0.796,53.3,92.8,0.0,0.0,0.0,,0.0,82.4,199.4,0.0,0.0,0.0,0.0,350.6,1083.2,336.2,1110.2,348.8,1103.0,348.8,1121.0,0.0,0.0,199.04,1070.5,346.1,263.70000000000005,116.63999999999999,2.0269166666666667,123733.95099999997,0.14285714285714288,0.48,0.49,401.0,True,2026-09-23 18:50:08-07:00
1011.06,1,10,2026-09-24 02:06:34,37.08158,-121.59961,285.0,0.1,272.6,-12.6,0.11,E16,0.1,90.0,0.0,10.3,-0.7,325.0,0.0,360.0,0.1,-0.0,1.0,99.0,-35.0,28.0,0.0,29.84,1980.0,0.0,0.0,150.0,0.0,0.0,0.0,312.0,0.0,0.0,5.0,2.0,0.0,0.0,0.0,0.0,-5.0,0.0,0.0,15.0,0.0,0.0,0.0,0.0,1.0,0.0,0.0,1200.0,51.0,93.0,969.0,969.0,11.9,1.4,0.0,1.4,24.6,0.0,0.0,39.4,0.0,0.0,8.8,45.4,39.7,0.0,0.0,0.0,0.0,177.0,586.0,169.0,598.0,176.0,598.0,176.0,603.0,0.0,0.0,19.0,0.0,0.0,24.6,8.0,0.009,0.0,0.0,0.656,0.792,51.0,92.8,0.0,0.0,0.0,,0.0,82.4,199.4,0.0,0.0,0.0,0.0,350.6,1086.8,336.2,1108.4,348.8,1108.4,348.8,1117.4,0.0,0.0,199.04,969.0,346.1,263.70000000000005,116.63999999999999,2.0273055555555555,123734.20399999998,0.07142857142857144,0.48,0.49,401.0,True,2026-09-23 18:50:08-07:00
1012.06,1,10,2026-09-24 02:06:35,37.08158,-121.59961,285.0,0.0,272.6,-12.6,0.11,E16,0.1,90.0,0.0,10.2,-0.7,324.8,0.0,360.0,0.0,-0.01,1.0,99.0,-15.0,28.0,0.0,29.84,1980.0,0.0,0.0,150.0,0.0,0.0,0.0,312.0,0.0,0.0,5.0,2.0,0.0,0.0,0.0,0.0,-5.0,0.0,0.0,15.0,0.0,0.0,0.0,0.0,1.0,0.0,0.0,1200.0,51.0,93.0,957.0,957.0,12.0,1.3,0.0,1.3,24.6,0.0,0.0,39.4,0.0,0.0,8.5,45.4,39.7,0.0,0.0,0.0,0.0,177.0,583.0,169.0,597.0,176.0,596.0,176.0,600.0,0.0,0.0,19.0,0.0,0.0,24.6,8.0,0.01,0.0,0.0,0.656,0.786,50.8,92.6,0.0,0.0,0.0,,0.0,82.4,199.4,0.0,0.0,0.0,0.0,350.6,1081.4,336.2,1106.6,348.8,1104.8,348.8,1112.0,0.0,0.0,198.68,957.0,346.1,263.70000000000005,116.28,2.0276805555555555,123734.28833333332,0.0,0.48,0.49,401.0,True,2026-09-23 18:50:08-07:00
1013.06,1,10,2026-09-24 02:06:36,37.08158,-121.59961,285.0,0.0,272.6,-12.6,0.11,E16,0.1,90.0,0.0,10.2,-0.6,324.6,0.0,360.0,-0.0,-0.01,0.9,99.0,27.0,28.0,0.0,29.84,1980.0,0.0,0.0,150.0,0.0,0.0,0.0,312.0,0.0,0.0,5.0,2.0,0.0,0.0,0.0,0.0,-5.0,0.0,0.0,14.0,0.0,0.0,0.0,0.0,1.0,0.0,0.0,1200.0,50.0,93.0,940.0,940.0,12.5,1.3,0.0,1.3,24.6,0.0,0.0,39.4,0.0,0.0,7.8,45.4,39.7,0.0,0.0,0.0,0.0,177.0,580.0,169.0,596.0,176.0,594.0,176.0,596.0,0.0,0.0,19.0,0.0,0.0,24.6,8.0,0.01,0.0,0.0,0.657,0.782,50.2,92.6,0.0,0.0,0.0,,0.0,82.4,199.4,0.0,0.0,0.0,0.0,350.6,1076.0,336.2,1104.8,348.8,1101.2,348.8,1104.8,0.0,0.0,198.68,940.0,346.1,263.70000000000005,116.28,2.0280416666666663,123734.28833333332,0.0,0.48,0.49,401.0,True,2026-09-23 18:50:08-07:00
1014.06,1,10,2026-09-24 02:06:37,37.08158,-121.5996,286.0,0.0,272.6,-12.6,0.11,E16,0.1,90.0,0.0,10.2,-0.6,324.5,0.0,360.0,0.0,-0.01,1.0,99.0,6.0,28.0,0.0,29.84,1980.0,0.0,0.0,150.0,0.0,0.0,0.0,312.0,0.0,0.0,5.0,2.0,0.0,0.0,0.0,0.0,-5.0,0.0,0.0,13.0,0.0,0.0,0.0,0.0,1.0,0.0,0.0,1200.0,50.0,93.0,927.0,927.0,12.7,1.2,0.0,1.2,24.6,0.0,0.0,39.4,0.0,0.0,8.0,45.4,39.7,0.0,0.0,0.0,0.0,177.0,578.0,170.0,594.0,176.0,593.0,176.0,594.0,0.0,0.0,19.0,0.0,0.0,24.6,8.0,0.009,0.0,0.0,0.656,0.78,50.1,92.8,0.0,0.0,0.0,,0.0,82.4,199.4,0.0,0.0,0.0,0.0,350.6,1072.4,338.0,1101.2,348.8,1099.4,348.8,1101.2,0.0,0.0,199.04,927.0,346.54999999999995,264.15,116.63999999999999,2.028388888888889,123734.28833333332,0.0,0.48,0.49,401.0,True,2026-09-23 18:50:08-07:00
1015.06,1,10,2026-09-24 02:06:38,37.08158,-121.5996,286.0,0.1,272.6,-12.6,0.11,E16,0.1,90.0,0.0,10.2,-0.6,324.5,0.0,360.0,-0.0,-0.01,1.0,99.0,5.0,28.0,0.0,29.84,1980.0,0.0,0.0,150.0,0.0,0.0,0.0,312.0,0.0,0.0,5.0,2.0,0.0,0.0,0.0,0.0,-5.0,0.0,0.0,12.0,0.0,0.0,0.0,0.0,1.0,0.0,0.0,1200.0,50.0,93.0,914.0,915.0,12.7,1.2,0.0,1.2,24.6,0.0,0.0,39.4,0.0,0.0,10.3,45.4,39.7,0.0,0.0,0.0,0.0,177.0,577.0,170.0,593.0,177.0,592.0,177.0,594.0,0.0,0.0,19.0,0.0,0.0,24.6,8.0,0.006,0.0,0.0,0.656,0.779,49.9,93.2,0.0,0.0,0.0,,0.0,82.4,199.4,0.0,0.0,0.0,0.0,350.6,1070.6,338.0,1099.4,350.6,1097.6,350.6,1101.2,0.0,0.0,199.76000000000002,914.5,347.45000000000005,265.05000000000007,117.36000000000001,2.028722222222222,123734.37266666665,0.08333333333333334,0.48,0.49,401.0,True,2026-09-23 18:50:08-07:00
1016.06,1,10,2026-09-24 02:06:39,37.08158,-121.5996,287.0,0.0,272.6,-12.6,0.11,E16,0.1,90.0,0.0,10.2,-0.6,324.4,0.0,360.0,-0.0,-0.01,1.0,99.0,-2.0,28.0,0.0,29.84,1979.0,0.0,0.0,150.0,0.0,0.0,0.0,312.0,0.0,0.0,5.0,2.0,0.0,0.0,0.0,0.0,-5.0,0.0,0.0,11.0,0.0,0.0,0.0,0.0,1.0,0.0,0.0,1200.0,50.0,93.0,942.0,942.0,12.7,1.2,0.0,1.2,24.6,0.0,0.0,39.4,0.0,0.0,11.5,45.4,39.7,0.0,0.0,0.0,0.0,177.0,575.0,170.0,591.0,176.0,589.0,176.0,592.0,0.0,0.0,19.0,0.0,0.0,24.6,8.0,0.009,0.0,0.0,0.656,0.778,50.3,92.9,0.0,0.0,0.0,,0.0,82.4,199.4,0.0,0.0,0.0,0.0,350.6,1067.0,338.0,1095.8,348.8,1092.2,348.8,1097.6,0.0,0.0,199.22,942.0,346.54999999999995,264.15,116.82,2.0290555555555554,123734.45699999998,0.0,0.48,0.49,401.0,True,2026-09-23 18:50:08-07:00
1017.06,1,10,2026-09-24 02:06:40,37.08158,-121.5996,287.0,0.0,272.6,-12.6,0.11,E16,0.1,90.0,0.0,10.2,-0.5,324.4,0.0,360.0,-0.0,-0.01,1.0,99.0,-40.0,28.0,0.0,29.84,1980.0,0.0,0.0,150.0,0.0,0.0,0.0,312.0,0.0,0.0,5.0,2.0,0.0,0.0,0.0,0.0,-3.0,0.0,0.0,56.0,0.0,0.0,0.0,0.0,1.0,0.0,0.0,1200.0,51.0,93.0,952.0,952.0,12.7,1.1,0.0,1.1,24.6,0.0,0.0,39.4,0.0,0.0,9.6,45.4,39.7,0.0,0.0,0.0,0.0,177.0,574.0,169.0,589.0,176.0,585.0,176.0,591.0,0.0,0.0,19.0,0.0,0.0,24.6,8.0,0.01,0.0,0.0,0.654,0.776,50.5,92.5,0.0,0.0,0.0,,0.0,82.4,199.4,0.0,0.0,0.0,0.0,350.6,1065.2,336.2,1092.2,348.8,1085.0,348.8,1095.8,0.0,0.0,198.5,952.0,346.1,263.70000000000005,116.1,2.029375,123734.45699999998,0.0,0.48,0.49,401.0,True,2026-09-23 18:50:08-07:00
1018.06,1,10,2026-09-24 02:06:41,37.08158,-121.59959,287.0,0.0,272.6,-12.6,0.11,E16,0.1,89.9,0.0,10.2,-0.5,324.5,0.0,360.0,-0.0,-0.0,1.0,99.0,-22.0,28.0,0.0,29.84,1980.0,0.0,0.0,150.0,0.0,0.0,0.0,312.0,0.0,0.0,5.0,2.0,0.0,0.0,0.0,0.0,-3.0,0.0,0.0,54.0,0.0,0.0,0.0,0.0,1.0,0.0,0.0,1200.0,51.0,93.0,937.0,938.0,12.6,1.1,0.0,1.1,24.6,0.0,0.0,39.4,0.0,0.0,8.3,45.4,39.7,0.0,0.0,0.0,0.0,177.0,573.0,170.0,589.0,176.0,584.0,176.0,591.0,0.0,0.0,19.0,0.0,0.0,24.6,8.0,0.009,0.0,0.0,0.656,0.778,50.5,92.5,0.0,0.0,0.0,,0.0,82.4,199.4,0.0,0.0,0.0,0.0,350.6,1063.4,338.0,1092.2,348.8,1083.2,348.8,1095.8,0.0,0.0,198.5,937.5,346.54999999999995,264.15,116.1,2.0296805555555553,123734.45699999998,0.0,0.48,0.49,401.0,True,2026-09-23 18:50:08-07:00
1019.06,1,10,2026-09-24 02:06:42,37.08158,-121.59959,288.0,0.1,272.6,-12.6,0.11,E16,0.1,89.9,0.0,10.1,-0.5,324.4,0.0,360.0,-0.0,-0.0,0.9,99.0,-5.0,28.0,0.0,29.84,1980.0,0.0,0.0,150.0,0.0,0.0,0.0,312.0,0.0,0.0,5.0,2.0,0.0,0.0,0.0,0.0,-3.0,0.0,0.0,54.0,0.0,0.0,0.0,0.0,1.0,0.0,0.0,1200.0,50.0,93.0,949.0,949.0,12.5,1.1,0.0,1.1,24.9,0.0,0.0,39.4,0.0,0.0,7.6,45.4,39.7,0.0,0.0,0.0,0.0,177.0,572.0,170.0,588.0,177.0,585.0,177.0,587.0,0.0,0.0,19.0,0.0,0.0,24.9,8.0,0.009,0.0,0.0,0.656,0.776,50.4,92.5,0.0,0.0,0.0,,0.0,82.4,199.4,0.0,0.0,0.0,0.0,350.6,1061.6,338.0,1090.4,350.6,1085.0,350.6,1088.6,0.0,0.0,198.5,949.0,347.45000000000005,265.05000000000007,116.1,2.029986111111111,123734.54133333331,0.09090909090909091,0.48,0.49,401.0,True,2026-09-23 18:50:08-07:00
1020.06,1,10,2026-09-24 02:06:43,37.08158,-121.59959,289.0,0.0,272.6,-12.6,0.11,E16,0.1,89.9,0.0,10.2,-0.4,324.4,0.0,360.0,-0.0,-0.0,1.0,99.0,5.0,28.0,0.0,29.84,1980.0,0.0,0.0,150.0,0.0,0.0,0.0,312.0,0.0,0.0,5.0,2.0,0.0,0.0,0.0,0.0,-3.0,0.0,0.0,54.0,0.0,0.0,0.0,0.0,1.0,0.0,0.0,1200.0,39.0,93.0,389.0,388.0,17.9,0.9,0.0,0.9,25.2,0.0,0.0,39.4,0.0,0.0,8.2,45.4,39.7,0.0,0.0,0.0,0.0,177.0,553.0,170.0,573.0,177.0,566.0,177.0,570.0,0.0,0.0,19.0,0.0,0.0,25.2,8.0,0.007,0.0,0.0,0.656,0.8,38.9,92.6,0.0,0.0,0.0,,0.0,82.4,199.4,0.0,0.0,0.0,0.0,350.6,1027.4,338.0,1063.4,350.6,1050.8,350.6,1058.0,0.0,0.0,198.68,388.5,347.45000000000005,265.05000000000007,116.28,2.030263888888889,123734.62566666664,0.0,0.48,0.49,401.0,True,2026-09-23 18:50:08-07:00
1021.06,1,10,2026-09-24 02:06:44,37.08158,-121.59959,289.0,0.1,272.6,-12.6,0.11,E16,0.1,89.9,0.0,10.1,-0.4,324.4,0.0,360.0,-0.1,-0.02,1.0,99.0,-22.0,28.0,0.0,29.84,1980.0,0.0,0.0,150.0,0.0,0.0,0.0,312.0,0.0,0.0,5.0,2.0,0.0,0.0,0.0,0.0,-3.0,0.0,0.0,52.0,0.0,0.0,0.0,0.0,1.0,0.0,0.0,1200.0,10.0,92.0,190.0,193.0,27.3,1.1,0.0,1.1,25.1,0.0,0.0,39.4,0.0,0.0,6.1,45.4,39.7,0.0,0.0,0.0,0.0,177.0,536.0,169.0,557.0,176.0,549.0,176.0,551.0,0.0,0.0,19.0,0.0,0.0,25.1,8.0,0.006,0.0,0.0,0.656,0.781,9.9,91.9,0.0,0.0,0.0,,0.0,82.4,197.6,0.0,0.0,0.0,0.0,350.6,996.8,336.2,1034.6,348.8,1020.2,348.8,1023.8,0.0,0.0,197.42000000000002,191.5,346.1,263.70000000000005,115.02000000000001,2.0305416666666667,123734.70999999998,0.09090909090909091,0.48,0.49,401.0,True,2026-09-23 18:50:08-07:00
1022.06,1,10,2026-09-24 02:06:45,37.08158,-121.59959,289.0,0.1,272.6,-12.6,0.11,E16,0.1,89.9,0.0,10.1,-0.4,324.2,0.0,360.0,-0.2,-0.01,1.0,99.0,25.0,28.0,0.0,29.84,1980.0,0.0,0.0,150.0,0.0,0.0,0.0,312.0,0.0,0.0,5.0,2.0,0.0,0.0,0.0,0.0,-3.0,0.0,0.0,52.0,0.0,0.0,0.0,0.0,1.0,0.0,0.0,1200.0,3.0,92.0,190.0,193.0,29.3,1.1,0.0,1.1,24.9,0.0,0.0,39.4,0.0,0.0,4.7,45.4,39.7,0.0,0.0,0.0,0.0,177.0,529.0,169.0,548.0,176.0,542.0,176.0,539.0,0.0,0.0,19.0,0.0,0.0,24.9,8.0,0.006,0.0,0.0,0.657,0.781,2.8,91.9,0.0,0.0,0.0,,0.0,82.4,197.6,0.0,0.0,0.0,0.0,350.6,984.2,336.2,1018.4,348.8,1007.6,348.8,1002.2,0.0,0.0,197.42000000000002,191.5,346.1,263.70000000000005,115.02000000000001,2.030847222222222,123734.87866666664,0.09090909090909091,0.48,0.49,401.0,True,2026-09-23 18:50:08-07:00
1023.06,1,10,2026-09-24 02:06:46,37.08158,-121.59959,289.0,0.2,272.6,-12.6,0.11,E16,0.1,89.9,0.0,10.0,-0.4,323.9,0.0,360.0,-0.3,-0.0,1.0,99.0,-4.0,28.0,0.0,29.84,1989.0,0.0,0.0,150.0,0.0,0.0,0.0,312.0,0.0,0.0,5.0,2.0,0.0,0.0,0.0,0.0,-3.0,0.0,0.0,52.0,0.0,0.0,0.0,0.0,1.0,0.0,0.0,1200.0,1.0,92.0,0.0,0.0,29.6,1.1,0.0,1.1,24.8,0.0,0.0,39.4,0.0,0.0,3.9,45.4,39.7,0.0,0.0,0.0,0.0,177.0,522.0,169.0,540.0,176.0,533.0,176.0,533.0,0.0,0.0,19.0,0.0,0.0,24.8,8.0,0.006,0.0,0.0,0.656,0.781,0.9,91.8,0.0,0.0,0.0,,0.0,82.4,197.6,0.0,0.0,0.0,0.0,350.6,971.6,336.2,1004.0,348.8,991.4,348.8,991.4,0.0,0.0,197.23999999999998,0.0,346.1,263.70000000000005,114.83999999999997,2.031152777777778,123735.13166666664,0.18181818181818182,0.48,0.49,401.0,True,2026-09-23 18:50:08-07:00
1024.06,1,10,2026-09-24 02:06:47,37.08158,-121.59959,290.0,0.1,272.6,-12.6,0.11,E16,0.1,89.9,0.0,10.0,-0.3,323.8,0.0,360.0,-0.3,-0.0,1.0,99.0,-34.0,28.0,0.0,29.84,1989.0,0.0,0.0,150.0,0.0,0.0,0.0,312.0,0.0,0.0,5.0,2.0,0.0,0.0,0.0,0.0,-3.0,0.0,0.0,52.0,0.0,0.0,0.0,0.0,1.0,0.0,0.0,1200.0,0.0,92.0,0.0,0.0,29.6,0.0,0.0,0.0,24.7,0.0,0.0,39.4,0.0,0.0,3.4,45.4,39.7,0.0,0.0,0.0,0.0,176.0,516.0,169.0,533.0,176.0,526.0,176.0,526.0,0.0,0.0,19.0,0.0,0.0,24.7,8.0,0.006,0.0,0.0,0.656,0.781,0.2,91.8,0.0,0.0,0.0,,0.0,82.4,197.6,0.0,0.0,0.0,0.0,348.8,960.8,336.2,991.4,348.8,978.8,348.8,978.8,0.0,0.0,197.23999999999998,0.0,345.65,263.25,114.83999999999997,2.0313055555555555,123735.38466666664,0.0,0.48,0.49,401.0,True,2026-09-23 18:50:08-07:00
1025.06,1,10,2026-09-24 02:06:48,37.08158,-121.59959,289.0,0.1,272.6,-12.6,0.11,E16,0.1,89.9,0.0,10.1,-0.3,323.9,0.0,360.0,-0.1,-0.0,1.0,99.0,15.0,28.0,0.0,29.84,1989.0,0.0,0.0,150.0,0.0,0.0,0.0,312.0,0.0,0.0,5.0,2.0,0.0,0.0,0.0,0.0,-3.0,0.0,0.0,52.0,0.0,0.0,0.0,0.0,1.0,0.0,0.0,1200.0,0.0,92.0,0.0,0.0,29.6,0.0,0.0,0.0,24.6,0.0,0.0,39.4,0.0,0.0,3.2,45.4,39.7,0.0,0.0,0.0,0.0,176.0,510.0,169.0,526.0,176.0,519.0,176.0,520.0,0.0,0.0,19.0,0.0,0.0,24.6,8.0,0.006,0.0,0.0,0.656,0.781,0.0,91.8,0.0,0.0,0.0,,0.0,82.4,197.6,0.0,0.0,0.0,0.0,348.8,950.0,336.2,978.8,348.8,966.2,348.8,968.0,0.0,0.0,197.23999999999998,0.0,345.65,263.25,114.83999999999997,2.0313055555555555,123735.55333333332,0.0,0.48,0.49,401.0,True,2026-09-23 18:50:08-07:00
1026.06,1,10,2026-09-24 02:06:49,37.08158,-121.59959,290.0,0.0,272.6,-12.6,0.11,E16,0.1,89.9,0.0,10.2,-0.3,324.0,0.0,360.0,-0.0,-0.01,1.0,99.0,11.0,28.0,0.0,29.84,1980.0,0.0,0.0,150.0,0.0,0.0,0.0,312.0,0.0,0.0,5.0,2.0,0.0,0.0,0.0,0.0,-3.0,0.0,0.0,52.0,0.0,0.0,0.0,0.0,1.0,0.0,0.0,1200.0,0.0,92.0,0.0,0.0,29.8,0.0,0.0,0.0,24.4,0.0,0.0,39.4,0.0,0.0,3.1,45.4,39.7,0.0,0.0,0.0,0.0,176.0,503.0,169.0,520.0,176.0,513.0,175.0,513.0,0.0,0.0,19.0,0.0,0.0,24.4,8.0,0.006,0.0,0.0,0.656,0.781,0.0,91.8,0.0,0.0,0.0,,0.0,82.4,197.6,0.0,0.0,0.0,0.0,348.8,937.4,336.2,968.0,348.8,955.4,347.0,955.4,0.0,0.0,197.23999999999998,0.0,345.2,262.79999999999995,114.83999999999997,2.0313055555555555,123735.63766666665,0.0,0.48,0.49,401.0,True,2026-09-23 18:50:08-07:00
1027.06,1,10,2026-09-24 02:06:50,37.08158,-121.59959,290.0,0.0,272.6,-12.6,0.11,E16,0.1,89.9,0.0,10.1,-0.3,324.0,0.0,360.0,-0.0,-0.0,1.0,99.0,1.0,28.0,0.0,29.84,1980.0,0.0,0.0,150.0,0.0,0.0,0.0,312.0,0.0,0.0,5.0,2.0,0.0,0.0,0.0,0.0,-3.0,0.0,0.0,52.0,0.0,0.0,0.0,0.0,1.0,0.0,0.0,1200.0,0.0,92.0,0.0,0.0,29.8,0.0,0.0,0.0,24.3,0.0,0.0,39.4,0.0,0.0,3.2,45.4,39.7,0.0,0.0,0.0,0.0,176.0,496.0,169.0,513.0,176.0,505.0,175.0,507.0,0.0,0.0,19.0,0.0,0.0,24.3,8.0,0.006,0.0,0.0,0.656,0.781,0.0,91.7,0.0,0.0,0.0,,0.0,82.4,197.6,0.0,0.0,0.0,0.0,348.8,924.8,336.2,955.4,348.8,941.0,347.0,944.6,0.0,0.0,197.06,0.0,345.2,262.79999999999995,114.66,2.0313055555555555,123735.63766666665,0.0,0.48,0.49,401.0,True,2026-09-23 18:50:08-07:00
1028.06,1,10,2026-09-24 02:06:51,37.08158,-121.59959,291.0,0.0,272.6,-12.6,0.11,E16,0.1,89.9,0.0,10.1,-0.3,324.0,0.0,360.0,-0.0,-0.0,1.0,99.0,-5.0,28.0,0.0,29.84,1980.0,0.0,0.0,150.0,0.0,0.0,0.0,312.0,0.0,0.0,5.0,2.0,0.0,0.0,0.0,0.0,0.0,0.0,0.0,0.0,0.0,0.0,0.0,0.0,1.0,0.0,0.0,1200.0,0.0,92.0,0.0,0.0,29.8,0.0,0.0,0.0,24.2,0.0,0.0,39.4,0.0,0.0,6.2,45.4,39.7,0.0,0.0,0.0,0.0,176.0,490.0,169.0,506.0,176.0,498.0,175.0,501.0,0.0,0.0,19.0,0.0,0.0,24.2,8.0,0.007,0.0,0.0,0.656,0.781,0.0,91.7,0.0,0.0,0.0,,0.0,82.4,197.6,0.0,0.0,0.0,0.0,348.8,914.0,336.2,942.8,348.8,928.4,347.0,933.8,0.0,0.0,197.06,0.0,345.2,262.79999999999995,114.66,2.0313055555555555,123735.63766666665,0.0,0.48,0.49,401.0,True,2026-09-23 18:50:08-07:00
1029.06,1,10,2026-09-24 02:06:52,37.08158,-121.59959,289.0,0.0,272.6,-12.6,0.11,E16,0.1,89.9,0.0,10.1,-0.3,323.9,0.0,360.0,-0.0,-0.0,1.0,99.0,-19.0,28.0,0.0,29.84,1979.0,0.0,0.0,150.0,0.0,0.0,0.0,312.0,0.0,0.0,5.0,2.0,0.0,0.0,0.0,0.0,0.0,0.0,0.0,0.0,0.0,0.0,0.0,0.0,0.0,0.0,0.0,0.0,0.0,92.0,0.0,0.0,29.8,0.0,0.0,0.0,24.1,0.0,0.0,39.4,0.0,0.0,9.2,45.4,39.7,0.0,0.0,0.0,0.0,176.0,485.0,169.0,499.0,175.0,492.0,175.0,494.0,0.0,0.0,19.0,0.0,0.0,24.1,8.0,0.007,0.0,0.0,0.656,0.781,0.0,91.6,0.0,0.0,0.0,,0.0,82.4,197.6,0.0,0.0,0.0,0.0,348.8,905.0,336.2,930.2,347.0,917.6,347.0,921.2,0.0,0.0,196.88,0.0,344.75,262.35,114.47999999999999,2.0313055555555555,123735.63766666665,0.0,0.48,0.49,401.0,True,2026-09-23 18:50:08-07:00
1030.06,1,10,2026-09-24 02:06:53,37.08158,-121.59959,288.0,0.0,272.6,-12.6,0.11,E16,0.1,89.9,0.0,10.1,-0.4,323.9,0.0,360.0,0.0,-0.0,1.0,99.0,10.0,28.0,0.0,29.84,1980.0,0.0,0.0,150.0,0.0,0.0,0.0,312.0,0.0,0.0,5.0,2.0,0.0,0.0,0.0,0.0,0.0,0.0,0.0,0.0,0.0,0.0,0.0,0.0,0.0,0.0,0.0,0.0,0.0,92.0,0.0,0.0,29.8,0.0,0.0,0.0,24.0,0.0,0.0,39.4,0.0,0.0,11.0,45.4,39.7,0.0,0.0,0.0,0.0,176.0,480.0,168.0,493.0,175.0,486.0,175.0,488.0,0.0,0.0,19.0,0.0,0.0,24.0,8.0,0.007,0.0,0.0,0.656,0.781,0.0,91.6,0.0,0.0,0.0,,0.0,82.4,197.6,0.0,0.0,0.0,0.0,348.8,896.0,334.4,919.4,347.0,906.8,347.0,910.4,0.0,0.0,196.88,0.0,344.3,261.9,114.47999999999999,2.0313055555555555,123735.63766666665,0.0,0.48,0.49,401.0,True,2026-09-23 18:50:08-07:00
1031.06,1,10,2026-09-24 02:06:54,37.08157,-121.59957,296.0,0.0,272.6,-12.6,0.11,E16,0.1,89.6,0.0,10.1,-0.4,323.8,0.0,360.0,-0.0,-0.0,1.0,99.0,19.0,28.0,0.0,29.84,1980.0,0.0,0.0,150.0,0.0,0.0,0.0,312.0,0.0,0.0,5.0,2.0,0.0,0.0,0.0,0.0,0.0,0.0,0.0,0.0,0.0,0.0,0.0,0.0,0.0,0.0,0.0,0.0,0.0,92.0,0.0,0.0,29.8,0.0,0.0,0.0,23.9,0.0,0.0,39.4,0.0,0.0,9.4,45.4,39.7,0.0,0.0,0.0,0.0,176.0,475.0,168.0,487.0,175.0,481.0,174.0,482.0,0.0,0.0,19.0,0.0,0.0,23.9,8.0,0.007,0.0,0.0,0.656,0.781,0.0,91.6,0.0,0.0,0.0,,0.0,82.4,197.6,0.0,0.0,0.0,0.0,348.8,887.0,334.4,908.6,347.0,897.8,345.2,899.6,0.0,0.0,196.88,0.0,343.84999999999997,261.44999999999993,114.47999999999999,2.0313055555555555,123735.63766666665,0.0,0.48,0.49,401.0,True,2026-09-23 18:50:08-07:00
1032.06,1,10,2026-09-24 02:06:55,37.08157,-121.59957,297.0,0.0,272.6,-12.6,0.11,E16,0.1,89.6,0.0,10.1,-0.4,323.8,0.0,360.0,-0.0,-0.0,1.0,99.0,-8.0,28.0,0.0,29.84,1980.0,0.0,0.0,150.0,0.0,0.0,0.0,312.0,0.0,0.0,5.0,2.0,0.0,0.0,0.0,0.0,0.0,0.0,0.0,0.0,0.0,0.0,0.0,0.0,0.0,0.0,0.0,0.0,0.0,92.0,0.0,0.0,29.8,0.0,0.0,0.0,23.8,0.0,0.0,39.4,0.0,0.0,7.6,45.4,39.7,0.0,0.0,0.0,0.0,175.0,470.0,168.0,482.0,175.0,474.0,174.0,476.0,0.0,0.0,19.0,0.0,0.0,23.8,8.0,0.007,0.0,0.0,0.656,0.781,0.0,91.6,0.0,0.0,0.0,,0.0,82.4,197.6,0.0,0.0,0.0,0.0,347.0,878.0,334.4,899.6,347.0,885.2,345.2,888.8,0.0,0.0,196.88,0.0,343.4,261.0,114.47999999999999,2.0313055555555555,123735.63766666665,0.0,0.48,0.49,401.0,True,2026-09-23 18:50:08-07:00
1033.06,1,10,2026-09-24 02:06:56,37.08157,-121.59957,297.0,0.0,272.6,-12.6,0.11,E16,0.1,89.6,0.0,10.1,-0.3,323.8,0.0,360.0,-0.0,-0.0,1.0,99.0,-9.0,28.0,0.0,29.84,1980.0,0.0,0.0,150.0,0.0,0.0,0.0,312.0,0.0,0.0,5.0,2.0,0.0,0.0,0.0,0.0,0.0,0.0,0.0,0.0,0.0,0.0,0.0,0.0,0.0,0.0,0.0,0.0,0.0,92.0,0.0,0.0,29.8,0.0,0.0,0.0,23.7,0.0,0.0,39.4,0.0,0.0,5.6,45.4,39.7,0.0,0.0,0.0,0.0,175.0,466.0,168.0,476.0,175.0,470.0,174.0,470.0,0.0,0.0,19.0,0.0,0.0,23.7,8.0,0.007,0.0,0.0,0.656,0.781,0.0,91.6,0.0,0.0,0.0,,0.0,82.4,197.6,0.0,0.0,0.0,0.0,347.0,870.8,334.4,888.8,347.0,878.0,345.2,878.0,0.0,0.0,196.88,0.0,343.4,261.0,114.47999999999999,2.0313055555555555,123735.63766666665,0.0,0.48,0.49,401.0,True,2026-09-23 18:50:08-07:00
1034.06,1,10,2026-09-24 02:06:57,37.08157,-121.59958,297.0,0.0,272.6,-12.6,0.11,E16,0.1,89.6,0.0,10.1,-0.4,323.8,0.0,360.0,-0.0,-0.0,1.0,99.0,-20.0,28.0,0.0,29.84,1980.0,0.0,0.0,150.0,0.0,0.0,0.0,312.0,0.0,0.0,5.0,2.0,0.0,0.0,0.0,0.0,0.0,0.0,0.0,0.0,0.0,0.0,0.0,0.0,0.0,0.0,0.0,0.0,0.0,92.0,0.0,0.0,29.8,0.0,0.0,0.0,23.6,0.0,0.0,39.4,0.0,0.0,4.2,45.4,39.7,0.0,0.0,0.0,0.0,175.0,461.0,168.0,470.0,175.0,464.0,174.0,465.0,0.0,0.0,19.0,0.0,0.0,23.6,8.0,0.007,0.0,0.0,0.656,0.781,0.0,91.6,0.0,0.0,0.0,,0.0,82.4,197.6,0.0,0.0,0.0,0.0,347.0,861.8,334.4,878.0,347.0,867.2,345.2,869.0,0.0,0.0,196.88,0.0,343.4,261.0,114.47999999999999,2.0313055555555555,123735.63766666665,0.0,0.48,0.49,401.0,True,2026-09-23 18:50:08-07:00
1035.06,1,10,2026-09-24 02:06:58,37.08157,-121.59958,297.0,0.0,272.6,-12.6,0.11,E16,0.1,89.6,0.0,10.0,-0.4,323.8,0.0,360.0,-0.0,-0.0,1.0,99.0,-35.0,28.0,0.0,29.84,1980.0,0.0,0.0,150.0,0.0,0.0,0.0,312.0,0.0,0.0,5.0,2.0,0.0,0.0,0.0,0.0,0.0,0.0,0.0,0.0,0.0,0.0,0.0,0.0,0.0,0.0,0.0,0.0,0.0,92.0,0.0,0.0,29.8,0.0,0.0,0.0,23.5,0.0,0.0,39.4,0.0,0.0,3.3,45.4,39.7,0.0,0.0,0.0,0.0,175.0,456.0,168.0,465.0,175.0,458.0,174.0,460.0,0.0,0.0,19.0,0.0,0.0,23.5,8.0,0.007,0.0,0.0,0.656,0.781,0.0,91.6,0.0,0.0,0.0,,0.0,82.4,197.6,0.0,0.0,0.0,0.0,347.0,852.8,334.4,869.0,347.0,856.4,345.2,860.0,0.0,0.0,196.88,0.0,343.4,261.0,114.47999999999999,2.0313055555555555,123735.63766666665,0.0,0.48,0.49,401.0,True,2026-09-23 18:50:08-07:00
1036.06,1,10,2026-09-24 02:06:59,37.08157,-121.59958,297.0,0.0,272.6,-12.6,0.11,E16,0.1,89.6,0.0,10.0,-0.4,323.8,0.0,360.0,-0.0,-0.0,1.0,99.0,-9.0,28.0,0.0,29.84,1980.0,0.0,0.0,150.0,0.0,0.0,0.0,312.0,0.0,0.0,5.0,2.0,0.0,0.0,0.0,0.0,0.0,0.0,0.0,0.0,0.0,0.0,0.0,0.0,0.0,0.0,0.0,0.0,0.0,92.0,0.0,0.0,29.8,0.0,0.0,0.0,23.5,0.0,0.0,39.4,0.0,0.0,2.7,45.4,39.7,0.0,0.0,0.0,0.0,175.0,451.0,168.0,459.0,175.0,454.0,174.0,454.0,0.0,0.0,19.0,0.0,0.0,23.5,8.0,0.007,0.0,0.0,0.656,0.781,0.0,91.6,0.0,0.0,0.0,,0.0,82.4,197.6,0.0,0.0,0.0,0.0,347.0,843.8,334.4,858.2,347.0,849.2,345.2,849.2,0.0,0.0,196.88,0.0,343.4,261.0,114.47999999999999,2.0313055555555555,123735.63766666665,0.0,0.48,0.49,401.0,True,2026-09-23 18:50:08-07:00
1037.06,1,10,2026-09-24 02:07:00,37.08157,-121.59958,298.0,0.0,272.6,-12.6,0.11,E16,0.1,89.6,0.0,10.0,-0.3,323.8,0.0,360.0,-0.0,-0.0,1.0,99.0,-8.0,28.0,0.0,29.84,1980.0,0.0,0.0,150.0,0.0,0.0,0.0,312.0,0.0,0.0,5.0,2.0,0.0,0.0,0.0,0.0,0.0,0.0,0.0,0.0,0.0,0.0,0.0,0.0,0.0,0.0,0.0,0.0,0.0,92.0,0.0,0.0,29.8,0.0,0.0,0.0,23.4,0.0,0.0,39.4,0.0,0.0,2.4,45.4,39.7,0.0,0.0,0.0,0.0,175.0,446.0,168.0,454.0,175.0,449.0,174.0,450.0,0.0,0.0,19.0,0.2,0.0,23.4,8.0,0.007,0.0,0.0,0.656,0.781,0.0,91.6,0.0,0.0,0.0,,0.0,82.4,197.6,0.0,0.0,0.0,0.0,347.0,834.8,334.4,849.2,347.0,840.2,345.2,842.0,0.0,0.0,196.88,0.0,343.4,261.0,114.47999999999999,2.0313055555555555,123735.63766666665,0.0,0.48,0.49,401.0,True,2026-09-23 18:50:08-07:00
1038.06,1,10,2026-09-24 02:07:01,37.08157,-121.59958,298.0,0.0,272.6,-12.6,0.11,E16,0.1,89.6,0.0,10.0,-0.3,323.8,0.0,360.0,-0.0,-0.0,1.0,99.0,19.0,28.0,0.0,29.84,1980.0,0.0,0.0,150.0,0.0,0.0,0.0,312.0,0.0,0.0,5.0,2.0,0.0,0.0,0.0,0.0,0.0,0.0,0.0,0.0,0.0,0.0,0.0,0.0,0.0,0.0,0.0,0.0,0.0,92.0,0.0,0.0,29.8,0.0,0.0,0.0,23.3,0.0,0.0,39.4,0.0,0.0,2.3,45.4,39.7,0.0,0.0,0.0,0.0,175.0,441.0,168.0,450.0,175.0,444.0,174.0,445.0,0.0,0.0,19.0,0.2,0.0,23.3,8.0,0.007,0.0,0.0,0.656,0.781,0.0,91.5,0.0,0.0,0.0,,0.0,82.4,197.6,0.0,0.0,0.0,0.0,347.0,825.8,334.4,842.0,347.0,831.2,345.2,833.0,0.0,0.0,196.7,0.0,343.4,261.0,114.29999999999998,2.0313055555555555,123735.63766666665,0.0,0.48,0.49,401.0,True,2026-09-23 18:50:08-07:00
1039.06,1,10,2026-09-24 02:07:02,37.08157,-121.59958,298.0,0.0,272.6,-12.6,0.11,E16,0.1,89.6,0.0,10.0,-0.3,323.8,0.0,360.0,-0.0,-0.0,1.0,99.0,35.0,28.0,0.0,29.84,1979.0,0.0,0.0,150.0,0.0,0.0,0.0,312.0,0.0,0.0,5.0,2.0,0.0,0.0,0.0,0.0,0.0,0.0,0.0,0.0,0.0,0.0,0.0,0.0,0.0,0.0,0.0,0.0,0.0,92.0,0.0,0.0,29.8,0.0,0.0,0.0,23.2,0.0,0.0,39.4,0.0,0.0,2.1,45.4,39.7,0.0,0.0,0.0,0.0,175.0,437.0,168.0,446.0,175.0,439.0,174.0,441.0,0.0,0.0,19.0,0.2,0.0,23.2,8.0,0.007,0.0,0.0,0.656,0.781,0.0,91.5,0.0,0.0,0.0,,0.0,82.4,197.6,0.0,0.0,0.0,0.0,347.0,818.6,334.4,834.8,347.0,822.2,345.2,825.8,0.0,0.0,196.7,0.0,343.4,261.0,114.29999999999998,2.0313055555555555,123735.63766666665,0.0,0.48,0.49,401.0,True,2026-09-23 18:50:08-07:00
1040.06,1,10,2026-09-24 02:07:03,37.08157,-121.59958,299.0,0.0,272.6,-12.6,0.11,E16,0.1,89.6,0.0,10.0,-0.3,323.9,0.0,360.0,-0.0,-0.0,1.0,99.0,12.0,28.0,0.0,29.84,1980.0,0.0,0.0,150.0,0.0,0.0,0.0,312.0,0.0,0.0,5.0,2.0,0.0,0.0,0.0,0.0,0.0,0.0,0.0,0.0,0.0,0.0,0.0,0.0,0.0,0.0,0.0,0.0,0.0,92.0,0.0,0.0,29.8,0.0,0.0,0.0,23.2,0.0,0.0,39.4,0.0,0.0,2.0,45.4,39.7,0.0,0.0,0.0,0.0,174.0,433.0,168.0,441.0,174.0,437.0,174.0,437.0,0.0,0.0,19.0,0.2,0.0,23.2,8.0,0.007,0.0,0.0,0.656,0.781,0.0,91.5,0.0,0.0,0.0,,0.0,82.4,197.6,0.0,0.0,0.0,0.0,345.2,811.4,334.4,825.8,345.2,818.6,345.2,818.6,0.0,0.0,196.7,0.0,342.5,260.1,114.29999999999998,2.0313055555555555,123735.63766666665,0.0,0.48,0.49,401.0,True,2026-09-23 18:50:08-07:00
1041.06,1,10,2026-09-24 02:07:04,37.08157,-121.59958,299.0,0.0,272.6,-12.6,0.11,E16,0.1,89.6,0.0,10.1,-0.3,323.9,0.0,360.0,-0.0,-0.01,1.0,99.0,-18.0,28.0,0.0,29.84,1980.0,0.0,0.0,150.0,0.0,0.0,0.0,312.0,0.0,0.0,5.0,2.0,0.0,0.0,0.0,0.0,0.0,0.0,0.0,0.0,0.0,0.0,0.0,0.0,0.0,0.0,0.0,0.0,0.0,92.0,0.0,0.0,29.8,0.0,0.0,0.0,23.1,0.0,0.0,39.4,0.0,0.0,2.8,45.4,39.7,0.0,0.0,0.0,0.0,174.0,429.0,168.0,438.0,174.0,433.0,174.0,433.0,0.0,0.0,19.0,0.2,0.0,23.1,8.0,0.007,0.0,0.0,0.656,0.781,0.0,91.5,0.0,0.0,0.0,,0.0,82.4,197.6,0.0,0.0,0.0,0.0,345.2,804.2,334.4,820.4,345.2,811.4,345.2,811.4,0.0,0.0,196.7,0.0,342.5,260.1,114.29999999999998,2.0313055555555555,123735.63766666665,0.0,0.48,0.49,401.0,True,2026-09-23 18:50:08-07:00
1042.06,1,10,2026-09-24 02:07:05,37.08157,-121.59958,299.0,0.0,272.6,-12.6,0.11,E16,0.1,89.6,0.0,10.1,-0.3,323.9,0.0,360.0,-0.0,-0.0,1.0,99.0,-21.0,28.0,0.0,29.84,1980.0,0.0,0.0,150.0,0.0,0.0,0.0,312.0,0.0,0.0,5.0,2.0,0.0,0.0,0.0,0.0,0.0,0.0,0.0,0.0,0.0,0.0,0.0,0.0,0.0,0.0,0.0,0.0,0.0,92.0,0.0,0.0,29.8,0.0,0.0,0.0,23.0,0.0,0.0,39.4,0.0,0.0,3.5,45.4,39.7,0.0,0.0,0.0,0.0,174.0,425.0,167.0,433.0,174.0,430.0,173.0,429.0,0.0,0.0,19.0,0.2,0.0,23.0,8.0,4.999,0.0,0.0,0.656,0.781,0.0,91.5,0.0,0.0,0.0,,0.0,82.4,197.6,0.0,0.0,0.0,0.0,345.2,797.0,332.6,811.4,345.2,806.0,343.4,804.2,0.0,0.0,196.7,0.0,341.59999999999997,259.19999999999993,114.29999999999998,2.0313055555555555,123735.63766666665,0.0,0.48,0.49,401.0,True,2026-09-23 18:50:08-07:00
1043.06,1,10,2026-09-24 02:07:06,37.08157,-121.59958,299.0,0.0,272.6,-12.6,0.11,E16,0.1,89.6,0.0,10.1,-0.3,324.0,0.0,360.0,-0.0,-0.0,1.0,99.0,-35.0,28.0,0.0,29.84,1979.0,0.0,0.0,150.0,0.0,0.0,0.0,312.0,0.0,0.0,5.0,2.0,0.0,0.0,0.0,0.0,0.0,0.0,0.0,0.0,0.0,0.0,0.0,0.0,0.0,0.0,0.0,0.0,0.0,92.0,0.0,0.0,29.8,0.0,0.0,0.0,22.9,0.0,0.0,39.4,0.0,0.0,4.9,45.4,39.7,0.0,0.0,0.0,0.0,174.0,421.0,167.0,429.0,174.0,427.0,173.0,426.0,0.0,0.0,19.0,0.2,0.0,22.9,8.0,4.995,0.0,0.0,0.656,0.781,0.0,91.7,0.0,0.0,0.0,,0.0,82.4,197.6,0.0,0.0,0.0,0.0,345.2,789.8,332.6,804.2,345.2,800.6,343.4,798.8,0.0,0.0,197.06,0.0,341.59999999999997,259.19999999999993,114.66,2.0313055555555555,123735.63766666665,0.0,0.48,0.49,401.0,True,2026-09-23 18:50:08-07:00
1044.06,1,10,2026-09-24 02:07:07,37.08157,-121.59958,300.0,0.0,272.6,-12.6,0.11,E16,0.1,89.6,0.0,10.1,-0.3,323.9,0.0,360.0,0.0,-0.0,1.0,99.0,11.0,28.0,0.0,29.84,1979.0,0.0,0.0,150.0,0.0,0.0,0.0,312.0,0.0,0.0,5.0,2.0,0.0,0.0,0.0,0.0,0.0,0.0,0.0,0.0,0.0,0.0,0.0,0.0,0.0,0.0,0.0,0.0,0.0,92.0,0.0,0.0,29.8,0.0,0.0,0.0,22.9,0.0,0.0,39.4,4.0,0.0,14.1,45.4,39.7,0.0,0.0,0.0,0.0,174.0,418.0,168.0,426.0,174.0,423.0,173.0,421.0,0.0,0.0,19.0,0.2,0.0,22.9,8.0,4.995,0.0,0.0,0.656,0.781,0.0,91.7,0.0,0.0,0.0,,0.0,82.4,197.6,0.0,0.0,0.0,0.0,345.2,784.4,334.4,798.8,345.2,793.4,343.4,789.8,0.0,0.0,197.06,0.0,342.04999999999995,259.65,114.66,2.0313055555555555,123735.63766666665,0.0,0.48,0.49,401.0,True,2026-09-23 18:50:08-07:00
1045.06,1,10,2026-09-24 02:07:08,37.08157,-121.59958,301.0,0.0,272.6,-12.6,0.11,E16,0.1,89.5,0.0,10.1,-0.3,323.9,0.0,360.0,0.0,-0.0,1.0,99.0,23.0,28.0,0.0,29.84,1979.0,0.0,0.0,150.0,0.0,0.0,0.0,312.0,0.0,0.0,5.0,2.0,0.0,0.0,0.0,0.0,0.0,0.0,0.0,0.0,0.0,0.0,0.0,0.0,0.0,0.0,0.0,0.0,0.0,92.0,0.0,0.0,29.8,0.0,0.0,0.0,22.8,0.0,0.0,39.4,0.6,0.0,11.9,45.4,39.7,0.0,0.0,0.0,0.0,174.0,415.0,167.0,422.0,174.0,420.0,173.0,418.0,0.0,0.0,19.0,2.5,0.0,22.8,8.0,4.995,0.0,0.0,0.656,0.781,0.0,91.8,0.0,0.0,0.0,,0.0,82.4,197.6,0.0,0.0,0.0,0.0,345.2,779.0,332.6,791.6,345.2,788.0,343.4,784.4,0.0,0.0,197.23999999999998,0.0,341.59999999999997,259.19999999999993,114.83999999999997,2.0313055555555555,123735.63766666665,0.0,0.48,0.49,401.0,True,2026-09-23 18:50:08-07:00
1046.06,1,10,2026-09-24 02:07:09,37.08157,-121.59958,301.0,0.0,272.6,-12.6,0.11,E16,0.1,89.5,0.0,10.1,-0.3,323.9,0.0,360.0,0.0,-0.0,1.0,99.0,8.0,28.0,0.0,29.84,1979.0,0.0,0.0,150.0,0.0,0.0,0.0,312.0,0.0,0.0,5.0,2.0,0.0,0.0,0.0,0.0,0.0,0.0,0.0,0.0,0.0,0.0,0.0,0.0,0.0,0.0,0.0,0.0,0.0,92.0,0.0,0.0,29.8,0.0,0.0,0.0,22.8,0.0,0.0,39.4,0.2,0.0,10.6,45.4,39.7,0.0,0.0,0.0,0.0,174.0,411.0,167.0,418.0,174.0,417.0,173.0,414.0,0.0,0.0,19.0,5.8,0.0,22.8,8.0,4.995,0.0,0.0,0.656,0.781,0.0,91.7,0.0,0.0,0.0,,0.0,82.4,197.6,0.0,0.0,0.0,0.0,345.2,771.8,332.6,784.4,345.2,782.6,343.4,777.2,0.0,0.0,197.06,0.0,341.59999999999997,259.19999999999993,114.66,2.0313055555555555,123735.63766666665,0.0,0.48,0.49,401.0,True,2026-09-23 18:50:08-07:00
1047.06,1,10,2026-09-24 02:07:10,37.08157,-121.59958,302.0,0.0,272.6,-12.6,0.11,E16,0.1,89.5,0.0,10.1,-0.3,323.9,0.0,360.0,0.0,-0.0,1.0,0.0,11.0,28.0,0.0,29.84,1979.0,0.0,0.0,150.0,0.0,0.0,0.0,312.0,0.0,0.0,5.0,2.0,0.0,0.0,0.0,0.0,0.0,0.0,0.0,0.0,0.0,0.0,0.0,0.0,0.0,0.0,0.0,0.0,0.0,92.0,0.0,0.0,29.8,0.0,0.0,0.0,22.7,0.0,0.0,39.4,0.1,0.0,9.8,45.4,39.7,0.0,0.0,0.0,0.0,174.0,409.0,167.0,415.0,174.0,412.0,173.0,411.0,0.0,0.0,19.0,9.4,0.0,22.7,8.0,4.995,0.0,0.0,0.656,0.781,0.0,91.8,0.0,0.0,0.0,,0.0,82.4,197.6,0.0,0.0,0.0,0.0,345.2,768.2,332.6,779.0,345.2,773.6,343.4,771.8,0.0,0.0,197.23999999999998,0.0,341.59999999999997,259.19999999999993,114.83999999999997,2.0313055555555555,123735.63766666665,0.0,0.48,0.49,401.0,True,2026-09-23 18:50:08-07:00
1048.06,1,10,2026-09-24 02:07:11,37.08157,-121.59958,303.0,0.0,272.6,-12.6,0.11,E16,0.1,89.5,0.0,10.1,-0.3,323.9,0.0,360.0,-0.0,-0.0,1.0,0.0,24.0,28.0,0.0,29.84,1979.0,0.0,0.0,150.0,0.0,0.0,0.0,312.0,0.0,0.0,5.0,2.0,0.0,0.0,0.0,0.0,0.0,0.0,0.0,0.0,0.0,0.0,0.0,0.0,0.0,0.0,0.0,0.0,0.0,92.0,0.0,0.0,29.8,0.0,0.0,0.0,22.6,0.0,0.0,39.4,0.1,0.0,9.3,45.4,39.7,0.0,0.0,0.0,0.0,174.0,406.0,167.0,411.0,174.0,409.0,173.0,408.0,0.0,0.0,19.0,12.7,0.0,22.6,8.0,4.995,0.0,0.0,0.656,0.78,0.0,91.7,0.0,0.0,0.0,,0.0,82.4,197.6,0.0,0.0,0.0,0.0,345.2,762.8,332.6,771.8,345.2,768.2,343.4,766.4,0.0,0.0,197.06,0.0,341.59999999999997,259.19999999999993,114.66,2.0313055555555555,123735.63766666665,0.0,0.48,0.49,401.0,True,2026-09-23 18:50:08-07:00
1049.06,1,10,2026-09-24 02:07:12,37.08157,-121.59958,302.0,0.0,272.6,-12.6,0.11,E16,0.1,89.5,0.0,10.0,-0.3,323.8,0.0,360.0,-0.0,-0.0,1.0,0.0,-20.0,28.0,0.0,29.84,1979.0,0.0,0.0,150.0,0.0,0.0,0.0,312.0,0.0,0.0,5.0,2.0,0.0,0.0,0.0,0.0,0.0,0.0,0.0,0.0,0.0,0.0,0.0,0.0,0.0,0.0,0.0,0.0,0.0,92.0,0.0,0.0,29.8,0.0,0.0,0.0,22.6,0.0,0.0,39.4,0.0,0.0,9.0,45.4,39.7,0.0,0.0,0.0,0.0,174.0,404.0,167.0,409.0,174.0,407.0,173.0,405.0,0.0,0.0,19.0,15.5,0.0,22.6,8.0,4.995,0.0,0.0,0.656,0.781,0.0,91.7,0.0,0.0,0.0,,0.0,82.4,197.6,0.0,0.0,0.0,0.0,345.2,759.2,332.6,768.2,345.2,764.6,343.4,761.0,0.0,0.0,197.06,0.0,341.59999999999997,259.19999999999993,114.66,2.0313055555555555,123735.63766666665,0.0,0.48,0.49,401.0,True,2026-09-23 18:50:08-07:00
1050.06,1,10,2026-09-24 02:07:13,37.08157,-121.59958,303.0,0.0,272.6,-12.6,0.11,E16,0.1,89.5,0.0,10.0,-0.3,323.8,0.0,360.0,-0.0,-0.0,1.0,0.0,-15.0,28.0,0.0,29.84,1980.0,0.0,0.0,150.0,0.0,0.0,0.0,312.0,0.0,0.0,5.0,2.0,0.0,0.0,0.0,0.0,0.0,0.0,0.0,0.0,0.0,0.0,0.0,0.0,0.0,0.0,0.0,0.0,0.0,92.0,0.0,0.0,29.8,0.0,0.0,0.0,22.5,0.0,0.0,39.4,0.0,0.0,8.9,45.4,39.7,0.0,0.0,0.0,0.0,174.0,400.0,167.0,405.0,174.0,403.0,173.0,401.0,0.0,0.0,19.0,17.9,0.0,22.5,8.0,4.995,0.0,0.0,0.656,0.781,0.0,91.8,0.0,0.0,0.0,,0.0,82.4,197.6,0.0,0.0,0.0,0.0,345.2,752.0,332.6,761.0,345.2,757.4,343.4,753.8,0.0,0.0,197.23999999999998,0.0,341.59999999999997,259.19999999999993,114.83999999999997,2.0313055555555555,123735.63766666665,0.0,0.48,0.49,401.0,True,2026-09-23 18:50:08-07:00
1051.06,1,10,2026-09-24 02:07:14,37.08157,-121.59958,303.0,0.0,272.6,-12.6,0.11,E16,0.1,89.5,0.0,10.0,-0.4,323.8,0.0,360.0,-0.0,-0.0,1.0,0.0,-25.0,28.0,0.0,29.84,1980.0,0.0,0.0,150.0,0.0,0.0,0.0,312.0,0.0,0.0,5.0,2.0,0.0,0.0,0.0,0.0,0.0,0.0,0.0,0.0,0.0,0.0,0.0,0.0,0.0,0.0,0.0,0.0,0.0,92.0,0.0,0.0,29.8,0.0,0.0,0.0,22.5,0.0,0.0,39.4,0.0,0.0,8.8,45.4,39.7,0.0,0.0,0.0,0.0,174.0,398.0,167.0,402.0,174.0,401.0,173.0,398.0,0.0,0.0,19.0,20.1,0.0,22.5,8.0,4.995,0.0,0.0,0.656,0.781,0.0,91.7,0.0,0.0,0.0,,0.0,82.4,197.6,0.0,0.0,0.0,0.0,345.2,748.4,332.6,755.6,345.2,753.8,343.4,748.4,0.0,0.0,197.06,0.0,341.59999999999997,259.19999999999993,114.66,2.0313055555555555,123735.63766666665,0.0,0.48,0.49,401.0,True,2026-09-23 18:50:08-07:00
1052.06,1,10,2026-09-24 02:07:15,37.08156,-121.59958,303.0,0.0,272.6,-12.6,0.11,E16,0.1,89.3,0.0,10.0,-0.4,323.7,0.0,360.0,-0.0,-0.0,1.0,0.0,-19.0,28.0,0.0,29.84,1980.0,0.0,0.0,150.0,0.0,0.0,0.0,312.0,0.0,0.0,5.0,2.0,0.0,0.0,0.0,0.0,0.0,0.0,0.0,0.0,0.0,0.0,0.0,0.0,0.0,0.0,0.0,0.0,0.0,92.0,0.0,0.0,29.8,0.0,0.0,0.0,22.4,0.0,0.0,39.4,0.0,0.0,8.7,45.4,39.7,0.0,0.0,0.0,0.0,174.0,395.0,167.0,400.0,174.0,398.0,172.0,395.0,0.0,0.0,19.0,22.0,0.0,22.4,8.0,4.995,0.0,0.0,0.656,0.78,0.0,91.7,0.0,0.0,0.0,,0.0,82.4,197.6,0.0,0.0,0.0,0.0,345.2,743.0,332.6,752.0,345.2,748.4,341.6,743.0,0.0,0.0,197.06,0.0,341.15,258.75,114.66,2.0313055555555555,123735.63766666665,0.0,0.48,0.49,401.0,True,2026-09-23 18:50:08-07:00
1053.06,1,10,2026-09-24 02:07:16,37.08157,-121.59958,302.0,0.0,272.6,-12.6,0.11,E16,0.1,89.5,0.0,10.1,-0.4,323.7,0.0,360.0,-0.0,-0.0,1.0,0.0,-23.0,28.0,0.0,29.84,1979.0,0.0,0.0,150.0,0.0,0.0,0.0,312.0,0.0,0.0,5.0,2.0,0.0,0.0,0.0,0.0,0.0,0.0,0.0,0.0,0.0,0.0,0.0,0.0,0.0,0.0,0.0,0.0,0.0,92.0,0.0,0.0,29.8,0.0,0.0,0.0,22.3,0.0,0.0,39.4,0.0,0.0,8.7,45.4,39.7,0.0,0.0,0.0,0.0,174.0,393.0,167.0,397.0,174.0,394.0,172.0,392.0,0.0,0.0,19.0,23.6,0.0,22.3,8.0,4.995,0.0,0.0,0.656,0.78,0.0,91.7,0.0,0.0,0.0,,0.0,82.4,197.6,0.0,0.0,0.0,0.0,345.2,739.4,332.6,746.6,345.2,741.2,341.6,737.6,0.0,0.0,197.06,0.0,341.15,258.75,114.66,2.0313055555555555,123735.63766666665,0.0,0.48,0.49,401.0,True,2026-09-23 18:50:08-07:00
1054.06,1,10,2026-09-24 02:07:17,37.08156,-121.59958,302.0,0.0,272.6,-12.6,0.11,E16,0.1,89.3,0.0,10.1,-0.4,323.8,0.0,360.0,0.0,-0.0,1.0,0.0,-19.0,28.0,0.0,29.84,1979.0,0.0,0.0,150.0,0.0,0.0,0.0,312.0,0.0,0.0,5.0,2.0,0.0,0.0,0.0,0.0,0.0,0.0,0.0,0.0,0.0,0.0,0.0,0.0,0.0,0.0,0.0,0.0,0.0,92.0,0.0,0.0,29.8,0.0,0.0,0.0,22.3,0.0,0.0,39.4,0.0,0.0,8.7,45.4,39.7,0.0,0.0,0.0,0.0,174.0,391.0,167.0,395.0,174.0,392.0,172.0,390.0,0.0,0.0,19.0,25.1,0.0,22.3,8.0,4.995,0.0,0.0,0.656,0.78,0.0,91.7,0.0,0.0,0.0,,0.0,82.4,197.6,0.0,0.0,0.0,0.0,345.2,735.8,332.6,743.0,345.2,737.6,341.6,734.0,0.0,0.0,197.06,0.0,341.15,258.75,114.66,2.0313055555555555,123735.63766666665,0.0,0.48,0.49,401.0,True,2026-09-23 18:50:08-07:00
1055.06,1,10,2026-09-24 02:07:18,37.08156,-121.59958,303.0,0.0,272.6,-12.6,0.11,E16,0.1,89.3,0.0,10.1,-0.3,323.7,0.0,360.0,-0.0,-0.0,1.0,0.0,0.0,28.0,0.0,29.84,1979.0,0.0,0.0,150.0,0.0,0.0,0.0,312.0,0.0,0.0,5.0,2.0,0.0,0.0,0.0,0.0,0.0,0.0,0.0,0.0,0.0,0.0,0.0,0.0,0.0,0.0,0.0,0.0,0.0,92.0,0.0,0.0,29.8,0.0,0.0,0.0,22.2,0.0,0.0,39.4,0.0,0.0,8.7,45.4,39.7,0.0,0.0,0.0,0.0,174.0,388.0,167.0,392.0,174.0,390.0,172.0,387.0,0.0,0.0,19.0,26.5,0.0,22.2,8.0,4.995,0.0,0.0,0.656,0.78,0.0,91.7,0.0,0.0,0.0,,0.0,82.4,197.6,0.0,0.0,0.0,0.0,345.2,730.4,332.6,737.6,345.2,734.0,341.6,728.6,0.0,0.0,197.06,0.0,341.15,258.75,114.66,2.0313055555555555,123735.63766666665,0.0,0.48,0.49,401.0,True,2026-09-23 18:50:08-07:00
1056.06,1,10,2026-09-24 02:07:19,37.08156,-121.59958,303.0,0.0,272.6,-12.6,0.11,E16,0.1,89.3,0.0,10.1,-0.3,323.7,0.0,360.0,-0.0,-0.0,1.0,0.0,-14.0,28.0,0.0,29.84,1979.0,0.0,0.0,150.0,0.0,0.0,0.0,312.0,0.0,0.0,5.0,2.0,0.0,0.0,0.0,0.0,0.0,0.0,0.0,0.0,0.0,0.0,0.0,0.0,0.0,0.0,0.0,0.0,0.0,92.0,0.0,0.0,29.8,0.0,0.0,0.0,22.1,0.0,0.0,39.4,0.0,0.0,8.7,45.4,39.7,0.0,0.0,0.0,0.0,173.0,384.0,167.0,389.0,174.0,387.0,172.0,384.0,0.0,0.0,19.0,27.7,0.0,22.1,8.0,4.995,0.0,0.0,0.656,0.78,0.0,91.7,0.0,0.0,0.0,,0.0,82.4,197.6,0.0,0.0,0.0,0.0,343.4,723.2,332.6,732.2,345.2,728.6,341.6,723.2,0.0,0.0,197.06,0.0,340.7,258.29999999999995,114.66,2.0313055555555555,123735.63766666665,0.0,0.48,0.49,401.0,True,2026-09-23 18:50:08-07:00
1057.06,1,10,2026-09-24 02:07:20,37.08156,-121.59958,303.0,0.0,272.6,-12.6,0.11,E16,0.1,89.3,0.0,10.1,-0.3,323.8,0.0,360.0,-0.0,-0.0,1.0,0.0,-12.0,28.0,0.0,29.84,1979.0,0.0,0.0,150.0,0.0,0.0,0.0,312.0,0.0,0.0,5.0,2.0,0.0,0.0,0.0,0.0,0.0,0.0,0.0,0.0,0.0,0.0,0.0,0.0,0.0,0.0,0.0,0.0,0.0,92.0,0.0,0.0,29.8,0.0,0.0,0.0,22.0,0.0,0.0,39.4,0.0,0.0,8.7,45.4,39.7,0.0,0.0,0.0,0.0,173.0,381.0,167.0,386.0,174.0,385.0,172.0,381.0,0.0,0.0,19.0,28.9,0.0,22.0,8.0,4.995,0.0,0.0,0.656,0.78,0.0,91.7,0.0,0.0,0.0,,0.0,82.4,197.6,0.0,0.0,0.0,0.0,343.4,717.8,332.6,726.8,345.2,725.0,341.6,717.8,0.0,0.0,197.06,0.0,340.7,258.29999999999995,114.66,2.0313055555555555,123735.63766666665,0.0,0.48,0.49,401.0,True,2026-09-23 18:50:08-07:00
1058.06,1,10,2026-09-24 02:07:21,37.08156,-121.59958,301.0,0.0,272.6,-12.6,0.11,E16,0.1,89.3,0.0,10.0,-0.3,323.8,0.0,360.0,-0.0,-0.0,1.0,0.0,43.0,28.0,0.0,29.84,1979.0,0.0,0.0,150.0,0.0,0.0,0.0,312.0,0.0,0.0,5.0,2.0,0.0,0.0,0.0,0.0,0.0,0.0,0.0,0.0,0.0,0.0,0.0,0.0,0.0,0.0,0.0,0.0,0.0,92.0,0.0,0.0,29.8,0.0,0.0,0.0,22.0,0.0,0.0,39.4,0.0,0.0,8.7,45.4,39.7,0.0,0.0,0.0,0.0,173.0,379.0,167.0,384.0,173.0,382.0,172.0,379.0,0.0,0.0,19.0,29.9,0.0,22.0,8.0,4.995,0.0,0.0,0.656,0.78,0.0,91.7,0.0,0.0,0.0,,0.0,82.4,197.6,0.0,0.0,0.0,0.0,343.4,714.2,332.6,723.2,343.4,719.6,341.6,714.2,0.0,0.0,197.06,0.0,340.25,257.85,114.66,2.0313055555555555,123735.63766666665,0.0,0.48,0.49,401.0,True,2026-09-23 18:50:08-07:00
1059.06,1,10,2026-09-24 02:07:22,37.08155,-121.59959,304.0,0.0,272.6,-12.6,0.11,E16,0.1,89.3,0.0,10.1,-0.3,323.8,0.0,360.0,0.0,-0.0,1.0,0.0,35.0,28.0,0.0,29.84,1979.0,0.0,0.0,150.0,0.0,0.0,0.0,312.0,0.0,0.0,5.0,2.0,0.0,0.0,0.0,0.0,0.0,0.0,0.0,0.0,0.0,0.0,0.0,0.0,0.0,0.0,0.0,0.0,0.0,92.0,0.0,0.0,29.8,0.0,0.0,0.0,21.9,0.0,0.0,39.4,0.0,0.0,8.7,45.4,39.7,0.0,0.0,0.0,0.0,173.0,376.0,167.0,381.0,173.0,380.0,172.0,376.0,0.0,0.0,19.0,30.9,0.0,21.9,8.0,4.995,0.0,0.0,0.656,0.78,0.0,91.7,0.0,0.0,0.0,,0.0,82.4,197.6,0.0,0.0,0.0,0.0,343.4,708.8,332.6,717.8,343.4,716.0,341.6,708.8,0.0,0.0,197.06,0.0,340.25,257.85,114.66,2.0313055555555555,123735.63766666665,0.0,0.48,0.49,401.0,True,2026-09-23 18:50:08-07:00
1060.06,1,10,2026-09-24 02:07:23,37.08155,-121.59959,305.0,0.0,272.6,-12.6,0.11,E16,0.1,89.3,0.0,10.1,-0.4,323.8,0.0,360.0,-0.0,-0.0,1.0,0.0,6.0,28.0,0.0,29.84,1979.0,0.0,0.0,150.0,0.0,0.0,0.0,312.0,0.0,0.0,5.0,2.0,0.0,0.0,0.0,0.0,0.0,0.0,0.0,0.0,0.0,0.0,0.0,0.0,0.0,0.0,0.0,0.0,0.0,92.0,0.0,0.0,29.8,0.0,0.0,0.0,21.9,0.0,0.0,39.4,0.0,0.0,8.6,45.4,39.7,0.0,0.0,0.0,0.0,173.0,375.0,167.0,378.0,173.0,377.0,172.0,373.0,0.0,0.0,19.0,31.8,0.0,21.9,8.0,4.995,0.0,0.0,0.656,0.78,0.0,91.7,0.0,0.0,0.0,,0.0,82.4,197.6,0.0,0.0,0.0,0.0,343.4,707.0,332.6,712.4,343.4,710.6,341.6,703.4,0.0,0.0,197.06,0.0,340.25,257.85,114.66,2.0313055555555555,123735.63766666665,0.0,0.48,0.49,401.0,True,2026-09-23 18:50:08-07:00
1061.06,1,10,2026-09-24 02:07:24,37.08155,-121.59958,308.0,0.0,272.6,-12.6,0.11,E16,0.1,89.1,0.0,10.1,-0.4,323.7,0.0,360.0,-0.0,-0.0,1.0,0.0,35.0,28.0,0.0,29.84,1979.0,0.0,0.0,150.0,0.0,0.0,0.0,312.0,0.0,0.0,5.0,2.0,0.0,0.0,0.0,0.0,0.0,0.0,0.0,0.0,0.0,0.0,0.0,0.0,0.0,0.0,0.0,0.0,0.0,92.0,0.0,0.0,29.8,0.0,0.0,0.0,21.8,0.0,0.0,39.4,0.0,0.0,8.6,45.4,39.7,0.0,0.0,0.0,0.0,173.0,372.0,167.0,376.0,173.0,374.0,172.0,371.0,0.0,0.0,19.0,32.7,0.0,21.8,8.0,4.995,0.0,0.0,0.656,0.78,0.0,91.7,0.0,0.0,0.0,,0.0,82.4,197.6,0.0,0.0,0.0,0.0,343.4,701.6,332.6,708.8,343.4,705.2,341.6,699.8,0.0,0.0,197.06,0.0,340.25,257.85,114.66,2.0313055555555555,123735.63766666665,0.0,0.48,0.49,401.0,True,2026-09-23 18:50:08-07:00
1062.06,1,10,2026-09-24 02:07:25,37.08155,-121.59958,308.0,0.0,272.6,-12.6,0.11,E16,0.1,89.1,0.0,10.1,-0.3,323.8,0.0,360.0,-0.0,-0.0,1.0,0.0,30.0,28.0,0.0,29.84,1979.0,0.0,0.0,150.0,0.0,0.0,0.0,312.0,0.0,0.0,5.0,2.0,0.0,0.0,0.0,0.0,0.0,0.0,0.0,0.0,0.0,0.0,0.0,0.0,0.0,0.0,0.0,0.0,0.0,92.0,0.0,0.0,29.8,0.0,0.0,0.0,21.8,0.0,0.0,39.4,0.0,0.0,8.6,45.4,39.7,0.0,0.0,0.0,0.0,173.0,370.0,167.0,374.0,173.0,372.0,171.0,369.0,0.0,0.0,19.0,33.5,0.0,21.8,8.0,4.995,0.0,0.0,0.656,0.781,0.0,91.7,0.0,0.0,0.0,,0.0,82.4,197.6,0.0,0.0,0.0,0.0,343.4,698.0,332.6,705.2,343.4,701.6,339.8,696.2,0.0,0.0,197.06,0.0,339.8,257.4,114.66,2.0313055555555555,123735.63766666665,0.0,0.48,0.49,401.0,True,2026-09-23 18:50:08-07:00
1063.06,1,10,2026-09-24 02:07:26,37.08155,-121.59958,308.0,0.0,272.6,-12.6,0.11,E16,0.1,89.1,0.0,10.1,-0.3,323.8,0.0,360.0,0.0,-0.0,1.0,0.0,8.0,28.0,0.0,29.84,1979.0,0.0,0.0,150.0,0.0,0.0,0.0,312.0,0.0,0.0,5.0,2.0,0.0,0.0,0.0,0.0,0.0,0.0,0.0,0.0,0.0,0.0,0.0,0.0,0.0,0.0,0.0,0.0,0.0,92.0,0.0,0.0,29.8,0.0,0.0,0.0,21.7,0.0,0.0,39.4,0.0,0.0,8.6,45.4,39.7,0.0,0.0,0.0,0.0,173.0,367.0,166.0,372.0,173.0,369.0,171.0,367.0,0.0,0.0,19.0,34.3,0.0,21.7,8.0,4.995,0.0,0.0,0.656,0.78,0.0,91.7,0.0,0.0,0.0,,0.0,82.4,197.6,0.0,0.0,0.0,0.0,343.4,692.6,330.8,701.6,343.4,696.2,339.8,692.6,0.0,0.0,197.06,0.0,339.35,256.95000000000005,114.66,2.0313055555555555,123735.63766666665,0.0,0.48,0.49,401.0,True,2026-09-23 18:50:08-07:00
1064.06,1,10,2026-09-24 02:07:27,37.08155,-121.59958,308.0,0.0,272.6,-12.6,0.11,E16,0.1,89.1,0.0,10.2,-0.3,323.8,0.0,360.0,-0.0,-0.0,1.0,0.0,-21.0,28.0,0.0,29.84,1979.0,0.0,0.0,150.0,0.0,0.0,0.0,312.0,0.0,0.0,5.0,2.0,0.0,0.0,0.0,0.0,0.0,0.0,0.0,0.0,0.0,0.0,0.0,0.0,0.0,0.0,0.0,0.0,0.0,92.0,0.0,0.0,29.8,0.0,0.0,0.0,21.6,0.0,0.0,39.4,0.0,0.0,8.6,45.4,39.7,0.0,0.0,0.0,0.0,173.0,364.0,166.0,369.0,173.0,368.0,171.0,364.0,0.0,0.0,19.0,35.0,0.0,21.6,8.0,4.995,0.0,0.0,0.656,0.78,0.0,91.7,0.0,0.0,0.0,,0.0,82.4,197.6,0.0,0.0,0.0,0.0,343.4,687.2,330.8,696.2,343.4,694.4,339.8,687.2,0.0,0.0,197.06,0.0,339.35,256.95000000000005,114.66,2.0313055555555555,123735.63766666665,0.0,0.48,0.49,401.0,True,2026-09-23 18:50:08-07:00
1065.06,1,10,2026-09-24 02:07:28,37.08155,-121.59958,308.0,0.0,272.6,-12.6,0.11,E16,0.1,89.1,0.0,10.2,-0.3,323.8,0.0,360.0,-0.0,-0.0,1.0,0.0,-13.0,28.0,0.0,29.84,1979.0,0.0,0.0,150.0,0.0,0.0,0.0,312.0,0.0,0.0,5.0,2.0,0.0,0.0,0.0,0.0,0.0,0.0,0.0,0.0,0.0,0.0,0.0,0.0,0.0,0.0,0.0,0.0,0.0,92.0,0.0,0.0,29.8,0.0,0.0,0.0,21.6,0.0,0.0,39.4,0.0,0.0,8.6,45.4,39.7,0.0,0.0,0.0,0.0,173.0,362.0,166.0,367.0,173.0,366.0,171.0,362.0,0.0,0.0,19.0,35.7,0.0,21.6,8.0,4.995,0.0,0.0,0.656,0.78,0.0,91.7,0.0,0.0,0.0,,0.0,82.4,197.6,0.0,0.0,0.0,0.0,343.4,683.6,330.8,692.6,343.4,690.8,339.8,683.6,0.0,0.0,197.06,0.0,339.35,256.95000000000005,114.66,2.0313055555555555,123735.63766666665,0.0,0.48,0.49,401.0,True,2026-09-23 18:50:08-07:00
1066.06,1,10,2026-09-24 02:07:29,37.08155,-121.59959,308.0,0.0,272.6,-12.6,0.11,E16,0.1,89.1,0.0,10.1,-0.3,323.8,0.0,360.0,-0.0,-0.0,1.0,0.0,-12.0,28.0,0.0,29.84,1979.0,0.0,0.0,150.0,0.0,0.0,0.0,312.0,0.0,0.0,5.0,2.0,0.0,0.0,0.0,0.0,0.0,0.0,0.0,0.0,0.0,0.0,0.0,0.0,0.0,0.0,0.0,0.0,0.0,92.0,0.0,0.0,29.8,0.0,0.0,0.0,21.5,0.0,0.0,39.4,0.0,0.0,8.6,45.4,39.7,0.0,0.0,0.0,0.0,172.0,360.0,166.0,364.0,173.0,364.0,171.0,360.0,0.0,0.0,19.0,36.3,0.0,21.5,8.0,4.995,0.0,0.0,0.656,0.781,0.0,91.7,0.0,0.0,0.0,,0.0,82.4,197.6,0.0,0.0,0.0,0.0,341.6,680.0,330.8,687.2,343.4,687.2,339.8,680.0,0.0,0.0,197.06,0.0,338.9,256.5,114.66,2.0313055555555555,123735.63766666665,0.0,0.48,0.49,401.0,True,2026-09-23 18:50:08-07:00
1067.06,1,10,2026-09-24 02:07:30,37.08155,-121.59959,308.0,0.0,272.6,-12.6,0.11,E16,0.1,89.1,0.0,10.1,-0.4,323.8,0.0,360.0,-0.0,-0.0,1.0,0.0,-3.0,28.0,0.0,29.84,1979.0,0.0,0.0,150.0,0.0,0.0,0.0,312.0,0.0,0.0,5.0,2.0,0.0,0.0,0.0,0.0,0.0,0.0,0.0,0.0,0.0,0.0,0.0,0.0,0.0,0.0,0.0,0.0,0.0,92.0,0.0,0.0,29.8,0.0,0.0,0.0,21.5,0.0,0.0,39.4,0.0,0.0,8.7,45.4,39.7,0.0,0.0,0.0,0.0,173.0,358.0,166.0,362.0,173.0,362.0,171.0,358.0,0.0,0.0,19.0,37.0,0.0,21.5,8.0,4.995,0.0,0.0,0.656,0.781,0.0,91.7,0.0,0.0,0.0,,0.0,82.4,197.6,0.0,0.0,0.0,0.0,343.4,676.4,330.8,683.6,343.4,683.6,339.8,676.4,0.0,0.0,197.06,0.0,339.35,256.95000000000005,114.66,2.0313055555555555,123735.63766666665,0.0,0.48,0.49,401.0,True,2026-09-23 18:50:08-07:00
1068.06,1,10,2026-09-24 02:07:31,37.08155,-121.59959,308.0,0.0,272.6,-12.6,0.11,E16,0.1,89.1,0.0,10.1,-0.3,323.8,0.0,360.0,0.0,-0.0,1.0,0.0,10.0,28.0,0.0,29.84,1979.0,0.0,0.0,150.0,0.0,0.0,0.0,312.0,0.0,0.0,5.0,2.0,0.0,0.0,0.0,0.0,0.0,0.0,0.0,0.0,0.0,0.0,0.0,0.0,0.0,0.0,0.0,0.0,0.0,92.0,0.0,0.0,29.8,0.0,0.0,0.0,21.4,0.0,0.0,39.4,0.0,0.0,8.7,45.4,39.7,0.0,0.0,0.0,0.0,172.0,356.0,166.0,360.0,173.0,360.0,171.0,356.0,0.0,0.0,19.0,37.5,0.0,21.4,8.0,4.995,0.0,0.0,0.656,0.78,0.0,91.7,0.0,0.0,0.0,,0.0,82.4,197.6,0.0,0.0,0.0,0.0,341.6,672.8,330.8,680.0,343.4,680.0,339.8,672.8,0.0,0.0,197.06,0.0,338.9,256.5,114.66,2.0313055555555555,123735.63766666665,0.0,0.48,0.49,401.0,True,2026-09-23 18:50:08-07:00
1069.06,1,10,2026-09-24 02:07:32,37.08155,-121.59959,308.0,0.0,272.6,-12.6,0.11,E16,0.1,89.3,0.0,10.1,-0.2,323.8,0.0,360.0,0.0,-0.0,1.0,0.0,12.0,28.0,0.0,29.84,1979.0,0.0,0.0,150.0,0.0,0.0,0.0,312.0,0.0,0.0,5.0,2.0,0.0,0.0,0.0,0.0,0.0,0.0,0.0,0.0,0.0,0.0,0.0,0.0,0.0,0.0,0.0,0.0,0.0,92.0,0.0,0.0,29.8,0.0,0.0,0.0,21.4,0.0,0.0,39.4,0.0,0.0,8.7,45.4,39.7,0.0,0.0,0.0,0.0,172.0,354.0,166.0,358.0,172.0,358.0,171.0,353.0,0.0,0.0,19.0,38.1,0.0,21.4,8.0,4.995,0.0,0.0,0.656,0.78,0.0,91.7,0.0,0.0,0.0,,0.0,82.4,197.6,0.0,0.0,0.0,0.0,341.6,669.2,330.8,676.4,341.6,676.4,339.8,667.4,0.0,0.0,197.06,0.0,338.45000000000005,256.05000000000007,114.66,2.0313055555555555,123735.63766666665,0.0,0.48,0.49,401.0,True,2026-09-23 18:50:08-07:00
1070.06,1,10,2026-09-24 02:07:33,37.08155,-121.59959,308.0,0.0,272.6,-12.6,0.11,E16,0.1,89.3,0.0,10.0,-0.3,323.8,0.0,360.0,0.0,-0.0,1.0,0.0,12.0,28.0,0.0,29.84,1979.0,0.0,0.0,150.0,0.0,0.0,0.0,312.0,0.0,0.0,5.0,2.0,0.0,0.0,0.0,0.0,0.0,0.0,0.0,0.0,0.0,0.0,0.0,0.0,0.0,0.0,0.0,0.0,0.0,92.0,0.0,0.0,29.8,0.0,0.0,0.0,21.3,0.0,0.0,39.4,0.0,0.0,8.7,45.4,39.7,0.0,0.0,0.0,0.0,172.0,353.0,166.0,356.0,172.0,355.0,171.0,351.0,0.0,0.0,19.0,38.6,0.0,21.3,8.0,4.995,0.0,0.0,0.656,0.78,0.0,91.7,0.0,0.0,0.0,,0.0,82.4,197.6,0.0,0.0,0.0,0.0,341.6,667.4,330.8,672.8,341.6,671.0,339.8,663.8,0.0,0.0,197.06,0.0,338.45000000000005,256.05000000000007,114.66,2.0313055555555555,123735.63766666665,0.0,0.48,0.49,401.0,True,2026-09-23 18:50:08-07:00
1071.06,1,10,2026-09-24 02:07:34,37.08155,-121.59959,308.0,0.0,272.6,-12.6,0.11,E16,0.1,89.3,0.0,10.0,-0.3,323.8,0.0,360.0,-0.0,-0.0,1.0,0.0,-4.0,28.0,0.0,29.84,1979.0,0.0,0.0,150.0,0.0,0.0,0.0,312.0,0.0,0.0,5.0,2.0,0.0,0.0,0.0,0.0,0.0,0.0,0.0,0.0,0.0,0.0,0.0,0.0,0.0,0.0,0.0,0.0,0.0,92.0,0.0,0.0,29.8,0.0,0.0,0.0,21.3,0.0,0.0,39.4,0.0,0.0,8.7,45.4,39.7,0.0,0.0,0.0,0.0,172.0,352.0,166.0,354.0,172.0,354.0,170.0,349.0,0.0,0.0,19.0,39.1,0.0,21.3,8.0,4.995,0.0,0.0,0.656,0.78,0.0,91.7,0.0,0.0,0.0,,0.0,82.4,197.6,0.0,0.0,0.0,0.0,341.6,665.6,330.8,669.2,341.6,669.2,338.0,660.2,0.0,0.0,197.06,0.0,338.0,255.6,114.66,2.0313055555555555,123735.63766666665,0.0,0.48,0.49,401.0,True,2026-09-23 18:50:08-07:00
1072.06,1,10,2026-09-24 02:07:35,37.08155,-121.59959,309.0,0.0,272.6,-12.6,0.11,E16,0.1,89.3,0.0,10.1,-0.3,323.7,0.0,360.0,-0.0,-0.0,1.0,0.0,9.0,28.0,0.0,29.84,1979.0,0.0,0.0,150.0,0.0,0.0,0.0,312.0,0.0,0.0,5.0,2.0,0.0,0.0,0.0,0.0,0.0,0.0,0.0,0.0,0.0,0.0,0.0,0.0,0.0,0.0,0.0,0.0,0.0,92.0,0.0,0.0,29.8,0.0,0.0,0.0,21.2,0.0,0.0,39.4,0.0,0.0,8.7,45.4,39.7,0.0,0.0,0.0,0.0,172.0,350.0,166.0,352.0,172.0,352.0,170.0,348.0,0.0,0.0,19.0,39.5,0.0,21.2,8.0,4.995,0.0,0.0,0.656,0.78,0.0,91.7,0.0,0.0,0.0,,0.0,82.4,197.6,0.0,0.0,0.0,0.0,341.6,662.0,330.8,665.6,341.6,665.6,338.0,658.4,0.0,0.0,197.06,0.0,338.0,255.6,114.66,2.0313055555555555,123735.63766666665,0.0,0.48,0.49,401.0,True,2026-09-23 18:50:08-07:00
1073.06,1,10,2026-09-24 02:07:36,37.08155,-121.59959,308.0,0.0,272.6,-12.6,0.11,E16,0.1,89.3,0.0,10.0,-0.4,323.7,0.0,360.0,-0.0,-0.0,1.0,0.0,23.0,28.0,0.0,29.84,1979.0,0.0,0.0,150.0,0.0,0.0,0.0,312.0,0.0,0.0,5.0,2.0,0.0,0.0,0.0,0.0,0.0,0.0,0.0,0.0,0.0,0.0,0.0,0.0,0.0,0.0,0.0,0.0,0.0,92.0,0.0,0.0,29.8,0.0,0.0,0.0,21.2,0.0,0.0,39.4,0.0,0.0,8.7,45.4,39.7,0.0,0.0,0.0,0.0,172.0,349.0,166.0,351.0,172.0,349.0,170.0,346.0,0.0,0.0,19.0,39.9,0.0,21.2,8.0,4.995,0.0,0.0,0.656,0.781,0.0,91.7,0.0,0.0,0.0,,0.0,82.4,197.6,0.0,0.0,0.0,0.0,341.6,660.2,330.8,663.8,341.6,660.2,338.0,654.8,0.0,0.0,197.06,0.0,338.0,255.6,114.66,2.0313055555555555,123735.63766666665,0.0,0.48,0.49,401.0,True,2026-09-23 18:50:08-07:00
