Session Time,GPS Fix Quality,Number of Satellites,GPS Date & Time,Latitude (deg),Longitude (deg),GPS Altitude (feet),Ground Speed (knots),Ground Track (deg),Mag Var (deg),Cross Track Error (NM),Destination Waypoint ID,Range to Destination (NM),Bearing to Destination (deg),System Time,Pitch (deg),Roll (deg),Magnetic Heading (deg),Indicated Airspeed (knots),Pressure Altitude (ft),Turn Rate (deg/s),Lateral Accel (g),Vertical Accel(g),Angle of Attack (%),Vertical Speed (ft/min),True Airspeed (knots),Barometer Setting (inHg),Density Altitude (ft),Wind Direction (deg),Wind Speed (knots),Heading Bug (deg),Altitude Bug (ft),Airspeed Bug (knots),Vertical Speed Bug (ft/min),Course (deg),CDI Source Type,CDI Source Port,CDI Scale (NM),CDI Deflection (%),Glideslope (%),AP Engaged,AP Roll Mode,AP Roll Force,AP Roll Position (steps),AP Roll Slip (bool),AP Pitch Force,AP Pitch Position (steps),AP Pitch Slip (bool),AP Yaw Force,AP Yaw Position,AP Yaw Slip (bool),Transponder Status,Transponder Reply (bool),Transponder Identing (bool),Transponder Code (octal),Oil Pressure (PSI),RPM L,RPM R,Manifold Pressure (inHg),Fuel Flow 1 (gal/hr),Fuel Flow 2 (gal/hr),Total Fuel Flow (gal/hr),Fuel Pressure (PSI),Fuel Level L (gal),Fuel Level R (gal),Fuel Remaining (gal),Volts 1,Volts 2,Amps,Hobbs Time,Tach Time,ELEV POSITION (%),CO PPM PRESSURE (PSI),GP Input 3,FUEL PRESSURE (PSI),AILERN POSITION (%),CANOPY CONTACT (V),GP Input 7,GP Input 8,LEFT LEVEL (Sensor V),RIGHT LEVEL (Sensor V),OIL PRESSURE (PSI),GP Input 13,Contacts,Percent Power,EGT Leaning State,Unnamed: 103,RPM,OAT (deg F),Oil Temp (deg F),Thermocouple 1 (deg F),Thermocouple 2 (deg F),Thermocouple 3 (deg F),Thermocouple 4 (deg F),CHT 4 (deg F),EGT 4 (deg F),CHT 3 (deg F),EGT 3 (deg F),CHT 2 (deg F),EGT 2 (deg F),CHT 1 (deg F),EGT 1 (deg F),Thermocouple 13 (deg F),Thermocouple 14 (deg F),OIL TEMPERATURE (deg F),AVG_CHT (deg F),CHT_Delta_T (deg F),OIL_Delta_T (deg F),Fuel Flow Integral,Distance Traveled,MPG,Max CHT,Flight ID,AVG_CHT,CHT_Delta_T,OIL_Delta_T,CAS (knots),Corrected TAS (knots),Engine Run
6.06,1.0,5.0,2026-02-14 01:11:43,37.08173,-121.59956,481.0,0.0,27.5,-12.6,0.0,0.0,0.0,0.0,0.0,10.8,-1.5,51.3,0.0,133.0,-0.0,-0.03,1.0,0.0,-112.0,0.0,30.11,365.0,0.0,0.0,326.0,0.0,0.0,0.0,0.0,0.0,0.0,0.0,0.0,0.0,0.0,0.0,0.0,0.0,0.0,0.0,0.0,0.0,0.0,0.0,0.0,0.0,0.0,0.0,0.0,0.0,0.0,0.0,30.2,0.0,0.0,0.0,0.6,0.0,0.0,35.9,0.0,0.0,-0.7,1.4,0.6,-16.0,254.5,0.0,0.6,-7.0,0.0,0.0,0.0,0.658,0.791,0.0,0.0,0.0,0.0,,0.0,0.0,62.6,100.4,0.0,0.0,0.0,0.0,134.6,87.8,131.0,89.6,131.0,91.4,127.4,87.8,0.0,0.0,99.68,131.0,100.4,69.08,0.0,0.0,0.0,386.6,2026-02-13 17:11:43-08:00,131.0,68.4,37.080000000000005,0.48,0.48,True
7.06,1.0,8.0,2026-02-14 01:11:44,37.08171,-121.59962,372.0,0.0,27.5,-12.6,0.0,0.0,0.0,0.0,0.0,10.8,-1.5,51.3,0.0,132.0,-0.0,-0.03,1.0,0.0,-107.0,0.0,30.11,365.0,0.0,0.0,326.0,0.0,0.0,0.0,0.0,0.0,0.0,0.0,0.0,0.0,0.0,0.0,0.0,0.0,0.0,0.0,0.0,0.0,0.0,0.0,0.0,0.0,0.0,0.0,0.0,0.0,0.0,0.0,30.2,0.0,0.0,0.0,0.6,0.0,0.0,35.9,0.0,0.0,-0.7,1.4,0.6,-16.0,254.5,0.0,0.6,-7.0,0.0,0.0,0.0,0.658,0.791,0.0,0.0,0.0,0.0,,0.0,0.0,62.6,100.4,0.0,0.0,0.0,0.0,134.6,87.8,131.0,89.6,131.0,91.4,127.4,87.8,0.0,0.0,99.5,131.0,100.4,68.9,0.0,0.0,0.0,386.6,2026-02-13 17:11:43-08:00,131.0,68.4,36.9,0.48,0.48,True
8.06,1.0,8.0,2026-02-14 01:11:45,37.08167,-121.59962,376.0,0.0,27.5,-12.6,0.0,0.0,0.0,0.0,0.0,10.8,-1.5,51.2,0.0,130.0,-0.0,-0.03,1.0,0.0,-102.0,0.0,30.11,365.0,0.0,0.0,326.0,0.0,0.0,0.0,0.0,0.0,0.0,0.0,0.0,0.0,0.0,0.0,0.0,0.0,0.0,0.0,0.0,0.0,0.0,0.0,0.0,0.0,0.0,0.0,0.0,0.0,0.0,0.0,30.2,0.0,0.0,0.0,0.6,0.0,0.0,35.9,0.0,0.0,-0.7,1.4,0.6,-16.0,254.5,0.0,0.6,-7.0,0.0,0.0,0.0,0.658,0.791,0.0,0.0,0.0,0.0,,0.0,0.0,62.6,100.4,0.0,0.0,0.0,0.0,134.6,87.8,131.0,89.6,131.0,91.4,127.4,87.8,0.0,0.0,99.5,131.0,100.4,68.9,0.0,0.0,0.0,386.6,2026-02-13 17:11:43-08:00,131.0,68.4,36.9,0.48,0.48,True
9.06,1.0,8.0,2026-02-14 01:11:46,37.08167,-121.59962,375.0,0.0,27.5,-12.6,0.0,0.0,0.0,0.0,0.0,10.8,-1.6,51.2,0.0,130.0,-0.0,-0.03,1.0,0.0,-82.0,0.0,30.11,361.0,0.0,0.0,326.0,0.0,0.0,0.0,0.0,0.0,0.0,0.0,0.0,0.0,0.0,0.0,0.0,0.0,0.0,0.0,0.0,0.0,0.0,0.0,0.0,0.0,0.0,0.0,0.0,0.0,0.0,0.0,30.2,0.0,0.0,0.0,0.6,0.0,0.0,35.9,0.0,0.0,-0.7,1.4,0.6,-16.0,254.5,0.0,0.6,-7.0,0.0,0.0,0.0,0.658,0.791,0.0,0.0,0.0,0.0,,0.0,0.0,62.6,100.4,0.0,0.0,0.0,0.0,134.6,87.8,131.0,89.6,131.0,91.4,127.4,87.8,0.0,0.0,99.5,131.0,100.4,68.9,0.0,0.0,0.0,386.6,2026-02-13 17:11:43-08:00,131.0,68.4,36.9,0.48,0.48,True
10.06,1.0,8.0,2026-02-14 01:11:47,37.08167,-121.59962,375.0,0.0,27.5,-12.6,0.0,0.0,0.0,0.0,0.0,10.8,-1.5,51.2,0.0,129.0,-0.0,-0.03,1.0,0.0,-54.0,0.0,30.11,361.0,0.0,0.0,326.0,0.0,0.0,0.0,0.0,0.0,0.0,0.0,0.0,0.0,0.0,0.0,0.0,0.0,0.0,0.0,0.0,0.0,0.0,0.0,0.0,0.0,0.0,0.0,0.0,0.0,0.0,0.0,30.2,0.0,0.0,0.0,0.6,0.0,0.0,35.9,0.0,0.0,-0.7,1.4,0.6,-16.0,254.5,0.0,0.6,-7.0,0.0,0.0,0.0,0.658,0.791,0.0,0.0,0.0,0.0,,0.0,0.0,62.6,100.4,0.0,0.0,0.0,0.0,134.6,87.8,131.0,89.6,131.0,91.4,127.4,87.8,0.0,0.0,99.5,131.0,100.4,68.9,0.0,0.0,0.0,386.6,2026-02-13 17:11:43-08:00,131.0,68.4,36.9,0.48,0.48,True
11.06,1.0,9.0,2026-02-14 01:11:48,37.08166,-121.59963,381.0,0.0,27.5,-12.6,0.0,0.0,0.0,0.0,0.0,10.8,-1.5,51.2,0.0,129.0,-0.0,-0.03,1.0,0.0,-28.0,0.0,30.11,361.0,0.0,0.0,326.0,0.0,0.0,0.0,0.0,0.0,0.0,0.0,0.0,0.0,0.0,0.0,0.0,0.0,0.0,0.0,0.0,0.0,0.0,0.0,0.0,0.0,0.0,0.0,0.0,0.0,0.0,0.0,30.2,0.0,0.0,0.0,0.6,0.0,0.0,35.9,0.0,0.0,-0.7,1.4,0.6,-16.0,254.4,0.0,0.6,-7.0,0.0,0.0,0.0,0.658,0.791,0.0,0.0,0.0,0.0,,0.0,0.0,62.6,100.4,0.0,0.0,0.0,0.0,134.6,87.8,131.0,89.6,131.0,91.4,127.4,87.8,0.0,0.0,99.5,131.0,100.4,68.9,0.0,0.0,0.0,386.6,2026-02-13 17:11:43-08:00,131.0,68.4,36.9,0.48,0.48,True
12.06,1.0,9.0,2026-02-14 01:11:49,37.08165,-121.59964,385.0,0.1,27.5,-12.6,0.0,0.0,0.0,0.0,0.0,10.8,-1.6,51.3,0.0,129.0,0.0,-0.03,1.0,0.0,-23.0,0.0,30.11,360.0,0.0,0.0,326.0,0.0,0.0,0.0,0.0,0.0,0.0,0.0,0.0,0.0,0.0,0.0,0.0,0.0,0.0,0.0,0.0,0.0,0.0,0.0,0.0,0.0,0.0,0.0,0.0,0.0,0.0,0.0,30.2,0.0,0.0,0.0,0.6,0.0,0.0,35.9,0.0,0.0,-0.7,1.4,0.6,-16.0,254.4,0.0,0.6,-7.0,0.0,0.0,0.0,0.658,0.791,0.0,0.0,0.0,0.0,,0.0,0.0,62.6,100.4,0.0,0.0,0.0,0.0,134.6,87.8,131.0,89.6,131.0,91.4,127.4,87.8,0.0,0.0,99.5,131.0,100.4,68.9,0.0,0.08433333333333333,0.0,386.6,2026-02-13 17:11:43-08:00,131.0,68.4,36.9,0.48,0.48,True
13.06,1.0,9.0,2026-02-14 01:11:50,37.08165,-121.59964,385.0,0.0,27.5,-12.6,0.0,0.0,0.0,0.0,0.0,10.8,-1.5,51.3,0.0,128.0,0.0,-0.03,1.0,0.0,-31.0,0.0,30.11,360.0,0.0,0.0,326.0,0.0,0.0,0.0,0.0,0.0,0.0,0.0,0.0,0.0,0.0,0.0,0.0,0.0,0.0,0.0,0.0,0.0,0.0,0.0,0.0,0.0,0.0,0.0,0.0,0.0,0.0,0.0,30.2,0.0,0.0,0.0,0.6,0.0,0.0,35.9,0.0,0.0,-0.7,1.4,0.6,-16.0,254.4,0.0,0.6,-7.0,0.0,0.0,0.0,0.658,0.791,0.0,0.0,0.0,0.0,,0.0,0.0,62.6,100.4,0.0,0.0,0.0,0.0,134.6,87.8,131.0,89.6,131.0,91.4,127.4,89.6,0.0,0.0,99.5,131.0,100.4,68.9,0.0,0.16866666666666666,0.0,386.6,2026-02-13 17:11:43-08:00,131.0,68.4,36.9,0.48,0.48,True
14.06,1.0,9.0,2026-02-14 01:11:51,37.08165,-121.59964,385.0,0.0,27.5,-12.6,0.0,0.0,0.0,0.0,0.0,10.8,-1.6,51.2,0.0,128.0,-0.0,-0.03,1.0,0.0,-5.0,0.0,30.11,360.0,0.0,0.0,326.0,0.0,0.0,0.0,0.0,0.0,0.0,0.0,0.0,0.0,0.0,0.0,0.0,0.0,0.0,0.0,0.0,0.0,0.0,0.0,0.0,0.0,0.0,0.0,0.0,0.0,0.0,0.0,30.2,0.0,0.0,0.0,0.6,0.0,0.0,35.9,0.0,0.0,-0.7,1.4,0.6,-16.0,254.4,0.0,0.6,-7.0,0.0,0.0,0.0,0.658,0.791,0.0,0.0,0.0,0.0,,0.0,0.0,62.6,100.4,0.0,0.0,0.0,0.0,134.6,87.8,131.0,89.6,131.0,91.4,127.4,87.8,0.0,0.0,99.5,131.0,100.4,68.9,0.0,0.16866666666666666,0.0,386.6,2026-02-13 17:11:43-08:00,131.0,68.4,36.9,0.48,0.48,True
15.06,1.0,9.0,2026-02-14 01:11:52,37.08165,-121.59964,386.0,0.0,27.5,-12.6,0.0,0.0,0.0,0.0,0.0,10.8,-1.6,51.2,0.0,126.0,-0.0,-0.03,1.0,0.0,-42.0,0.0,30.11,357.0,0.0,0.0,326.0,0.0,0.0,0.0,0.0,0.0,0.0,0.0,0.0,0.0,0.0,0.0,0.0,0.0,0.0,0.0,0.0,0.0,0.0,0.0,0.0,0.0,0.0,0.0,0.0,0.0,0.0,0.0,30.2,0.0,0.0,0.0,0.6,0.0,0.0,35.9,0.0,0.0,-0.7,1.4,0.6,-16.0,254.4,0.0,0.6,-7.0,0.0,0.0,0.0,0.658,0.791,0.0,0.0,0.0,0.0,,0.0,0.0,62.6,100.4,0.0,0.0,0.0,0.0,134.6,87.8,131.0,89.6,131.0,91.4,127.4,89.6,0.0,0.0,99.5,131.0,100.4,68.9,0.0,0.16866666666666666,0.0,386.6,2026-02-13 17:11:43-08:00,131.0,68.4,36.9,0.48,0.48,True
16.06,1.0,9.0,2026-02-14 01:11:53,37.08165,-121.59964,386.0,0.0,27.5,-12.6,0.0,0.0,0.0,0.0,0.0,10.8,-1.5,51.2,0.0,125.0,-0.0,-0.03,1.0,0.0,-70.0,0.0,30.11,357.0,0.0,0.0,326.0,0.0,0.0,0.0,0.0,0.0,0.0,0.0,0.0,0.0,0.0,0.0,0.0,0.0,0.0,0.0,0.0,0.0,0.0,0.0,0.0,0.0,0.0,0.0,0.0,0.0,0.0,0.0,30.2,0.0,0.0,0.0,0.6,0.0,0.0,35.9,0.0,0.0,-0.7,1.4,0.6,-16.0,254.4,0.0,0.6,-7.0,0.0,0.0,0.0,0.658,0.791,0.0,0.0,0.0,0.0,,0.0,0.0,62.6,100.4,0.0,0.0,0.0,0.0,134.6,87.8,131.0,89.6,131.0,91.4,127.4,89.6,0.0,0.0,99.5,131.0,100.4,68.9,0.0,0.16866666666666666,0.0,386.6,2026-02-13 17:11:43-08:00,131.0,68.4,36.9,0.48,0.48,True
17.06,1.0,9.0,2026-02-14 01:11:54,37.08165,-121.59964,386.0,0.0,27.5,-12.6,0.0,0.0,0.0,0.0,0.0,10.8,-1.5,51.2,0.0,123.0,-0.0,-0.03,1.0,0.0,-83.0,0.0,30.11,357.0,0.0,0.0,326.0,0.0,0.0,0.0,0.0,0.0,0.0,0.0,0.0,0.0,0.0,0.0,0.0,0.0,0.0,0.0,0.0,0.0,0.0,0.0,0.0,0.0,0.0,0.0,0.0,0.0,0.0,0.0,30.2,0.0,0.0,0.0,0.6,0.0,0.0,35.9,0.0,0.0,-0.7,1.4,0.6,-16.0,254.4,0.0,0.6,-7.0,0.0,0.0,0.0,0.658,0.791,0.0,0.0,0.0,0.0,,0.0,0.0,62.6,100.4,0.0,0.0,0.0,0.0,134.6,87.8,131.0,89.6,131.0,91.4,127.4,89.6,0.0,0.0,99.5,131.0,100.4,68.9,0.0,0.16866666666666666,0.0,386.6,2026-02-13 17:11:43-08:00,131.0,68.4,36.9,0.48,0.48,True
18.06,1.0,9.0,2026-02-14 01:11:55,37.08165,-121.59964,387.0,0.0,27.5,-12.6,0.0,0.0,0.0,0.0,0.0,10.8,-1.5,51.3,0.0,122.0,0.0,-0.03,1.0,0.0,-65.0,0.0,30.11,352.0,0.0,0.0,326.0,0.0,0.0,0.0,0.0,0.0,0.0,0.0,0.0,0.0,0.0,0.0,0.0,0.0,0.0,0.0,0.0,0.0,0.0,0.0,0.0,0.0,0.0,0.0,0.0,0.0,0.0,0.0,30.2,0.0,0.0,0.0,0.6,0.0,0.0,35.9,0.0,0.0,-0.7,1.4,0.6,-16.0,254.4,0.0,0.6,-7.0,0.0,0.0,0.0,0.658,0.791,0.0,0.0,0.0,0.0,,0.0,0.0,62.6,98.6,0.0,0.0,0.0,0.0,134.6,87.8,131.0,89.6,131.0,91.4,127.4,89.6,0.0,0.0,99.5,131.0,100.4,68.9,0.0,0.16866666666666666,0.0,386.6,2026-02-13 17:11:43-08:00,131.0,68.4,36.9,0.48,0.48,True
19.06,1.0,9.0,2026-02-14 01:11:56,37.08165,-121.59964,387.0,0.1,27.5,-12.6,0.0,0.0,0.0,0.0,0.0,10.8,-1.5,51.3,0.0,121.0,-0.0,-0.03,1.0,0.0,-57.0,0.0,30.11,352.0,0.0,0.0,326.0,0.0,0.0,0.0,0.0,0.0,0.0,0.0,0.0,0.0,0.0,0.0,0.0,0.0,0.0,0.0,0.0,0.0,0.0,0.0,0.0,0.0,0.0,0.0,0.0,0.0,0.0,0.0,30.2,0.0,0.0,0.0,0.6,0.0,0.0,35.9,0.0,0.0,-0.7,1.4,0.6,-16.0,254.4,0.0,0.6,-7.0,0.0,0.0,0.0,0.658,0.791,0.0,0.0,0.0,0.0,,0.0,0.0,62.6,98.6,0.0,0.0,0.0,0.0,134.6,87.8,131.0,89.6,131.0,91.4,127.4,89.6,0.0,0.0,99.5,131.0,100.4,68.9,0.0,0.253,0.0,386.6,2026-02-13 17:11:43-08:00,131.0,68.4,36.9,0.48,0.48,True
20.06,1.0,9.0,2026-02-14 01:11:57,37.08165,-121.59964,388.0,0.0,27.5,-12.6,0.0,0.0,0.0,0.0,0.0,10.8,-1.6,51.2,0.0,121.0,-0.0,-0.03,1.0,0.0,-45.0,0.0,30.11,352.0,0.0,0.0,326.0,0.0,0.0,0.0,0.0,0.0,0.0,0.0,0.0,0.0,0.0,0.0,0.0,0.0,0.0,0.0,0.0,0.0,0.0,0.0,0.0,0.0,0.0,0.0,0.0,0.0,0.0,0.0,30.2,0.0,0.0,0.0,0.6,0.0,0.0,35.9,0.0,0.0,-0.7,1.4,0.6,-16.0,254.4,0.0,0.6,-7.0,0.0,0.0,0.0,0.658,0.791,0.0,0.0,0.0,0.0,,0.0,0.0,62.6,100.4,0.0,0.0,0.0,0.0,134.6,87.8,131.0,89.6,131.0,91.4,127.4,89.6,0.0,0.0,99.5,131.0,100.4,68.9,0.0,0.3373333333333333,0.0,386.6,2026-02-13 17:11:43-08:00,131.0,68.4,36.9,0.48,0.48,True
21.06,1.0,9.0,2026-02-14 01:11:58,37.08165,-121.59964,389.0,0.0,27.5,-12.6,0.0,0.0,0.0,0.0,0.0,10.8,-1.6,51.2,0.0,121.0,-0.0,-0.03,1.0,0.0,-22.0,0.0,30.11,351.0,0.0,0.0,326.0,0.0,0.0,0.0,0.0,0.0,0.0,0.0,0.0,0.0,0.0,0.0,0.0,0.0,0.0,0.0,0.0,0.0,0.0,0.0,0.0,0.0,0.0,0.0,0.0,0.0,0.0,0.0,30.2,0.0,0.0,0.0,0.6,0.0,0.0,35.9,0.0,0.0,-0.7,1.4,0.6,-16.0,254.4,0.0,0.6,-7.0,0.0,0.0,0.0,0.658,0.791,0.0,0.0,0.0,0.0,,0.0,0.0,62.6,100.4,0.0,0.0,0.0,0.0,134.6,87.8,131.0,89.6,131.0,91.4,127.4,89.6,0.0,0.0,99.5,131.0,100.4,68.9,0.0,0.3373333333333333,0.0,386.6,2026-02-13 17:11:43-08:00,131.0,68.4,36.9,0.48,0.48,True
22.06,1.0,9.0,2026-02-14 01:11:59,37.08164,-121.59964,390.0,0.0,27.5,-12.6,0.0,0.0,0.0,0.0,0.0,10.8,-1.6,51.2,0.0,121.0,-0.0,-0.03,1.0,0.0,-5.0,0.0,30.11,352.0,0.0,0.0,326.0,0.0,0.0,0.0,0.0,0.0,0.0,0.0,0.0,0.0,0.0,0.0,0.0,0.0,0.0,0.0,0.0,0.0,0.0,0.0,0.0,0.0,0.0,0.0,0.0,0.0,0.0,0.0,30.2,0.0,0.0,0.0,0.6,0.0,0.0,35.9,0.0,0.0,-0.7,1.4,0.6,-16.0,254.4,0.0,0.6,-7.0,0.0,0.0,0.0,0.658,0.791,0.0,0.0,0.0,0.0,,0.0,0.0,62.6,98.6,0.0,0.0,0.0,0.0,134.6,87.8,131.0,89.6,131.0,91.4,127.4,89.6,0.0,0.0,99.5,131.0,100.4,68.9,0.0,0.3373333333333333,0.0,386.6,2026-02-13 17:11:43-08:00,131.0,68.4,36.9,0.48,0.48,True
23.06,1.0,9.0,2026-02-14 01:12:00,37.08164,-121.59964,390.0,0.0,27.5,-12.6,0.0,0.0,0.0,0.0,0.0,10.8,-1.6,51.2,0.0,121.0,0.0,-0.03,1.0,0.0,32.0,0.0,30.11,352.0,0.0,0.0,326.0,0.0,0.0,0.0,0.0,0.0,0.0,0.0,0.0,0.0,0.0,0.0,0.0,0.0,0.0,0.0,0.0,0.0,0.0,0.0,0.0,0.0,0.0,0.0,0.0,0.0,0.0,0.0,30.2,0.0,0.0,0.0,0.6,0.0,0.0,35.9,0.0,0.0,-0.7,1.4,0.6,-16.0,254.4,0.0,0.6,-7.0,0.0,0.0,0.0,0.658,0.791,0.0,0.0,0.0,0.0,,0.0,0.0,62.6,98.6,0.0,0.0,0.0,0.0,134.6,87.8,131.0,89.6,131.0,91.4,127.4,89.6,0.0,0.0,99.5,131.0,100.4,68.9,0.0,0.3373333333333333,0.0,386.6,2026-02-13 17:11:43-08:00,131.0,68.4,36.9,0.48,0.48,True
24.06,1.0,9.0,2026-02-14 01:12:01,37.08164,-121.59964,391.0,0.0,27.5,-12.6,0.0,0.0,0.0,0.0,0.0,10.7,-1.6,51.2,0.0,121.0,-0.0,-0.03,1.0,0.0,18.0,0.0,30.11,352.0,0.0,0.0,326.0,0.0,0.0,0.0,0.0,0.0,0.0,0.0,0.0,0.0,0.0,0.0,0.0,0.0,0.0,0.0,0.0,0.0,0.0,0.0,0.0,0.0,0.0,0.0,0.0,0.0,0.0,0.0,30.2,0.0,0.0,0.0,0.6,0.0,0.0,35.9,0.0,0.0,-0.7,1.4,0.6,-16.0,254.4,0.0,0.6,-7.0,0.0,0.0,0.0,0.658,0.791,0.0,0.0,0.0,0.0,,0.0,0.0,62.6,98.6,0.0,0.0,0.0,0.0,134.6,87.8,131.0,89.6,131.0,91.4,127.4,89.6,0.0,0.0,99.5,131.0,100.4,68.9,0.0,0.3373333333333333,0.0,386.6,2026-02-13 17:11:43-08:00,131.0,68.4,36.9,0.48,0.48,True
25.06,1.0,9.0,2026-02-14 01:12:02,37.08164,-121.59964,392.0,0.0,27.5,-12.6,0.0,0.0,0.0,0.0,0.0,10.8,-1.6,51.2,0.0,121.0,-0.0,-0.03,1.0,0.0,13.0,0.0,30.11,361.0,0.0,0.0,326.0,0.0,0.0,0.0,0.0,0.0,0.0,0.0,0.0,0.0,0.0,0.0,0.0,0.0,0.0,0.0,0.0,0.0,0.0,0.0,0.0,0.0,0.0,0.0,0.0,0.0,0.0,0.0,30.2,0.0,0.0,0.0,0.6,0.0,0.0,35.9,0.0,0.0,-0.7,1.4,0.6,-16.0,254.4,0.0,0.6,-7.0,0.0,0.0,0.0,0.658,0.791,0.0,0.0,0.0,0.0,,0.0,0.0,62.6,98.6,0.0,0.0,0.0,0.0,134.6,87.8,131.0,89.6,131.0,91.4,127.4,89.6,0.0,0.0,99.5,131.0,100.4,68.9,0.0,0.3373333333333333,0.0,386.6,2026-02-13 17:11:43-08:00,131.0,68.4,36.9,0.48,0.48,True
26.06,1.0,9.0,2026-02-14 01:12:03,37.08164,-121.59964,392.0,0.0,27.5,-12.6,0.0,0.0,0.0,0.0,0.0,10.8,-1.6,51.2,0.0,121.0,-0.0,-0.03,1.0,0.0,-1.0,0.0,30.11,361.0,0.0,0.0,326.0,0.0,0.0,0.0,0.0,0.0,0.0,0.0,0.0,0.0,0.0,0.0,0.0,0.0,0.0,0.0,0.0,0.0,0.0,0.0,0.0,0.0,0.0,0.0,0.0,0.0,0.0,0.0,30.2,0.0,0.0,0.0,0.6,0.0,0.0,35.9,0.0,0.0,-0.7,1.4,0.6,-16.0,254.4,0.0,0.6,-7.0,0.0,0.0,0.0,0.658,0.791,0.0,0.0,0.0,0.0,,0.0,0.0,62.6,100.4,0.0,0.0,0.0,0.0,134.6,87.8,131.0,89.6,131.0,91.4,127.4,89.6,0.0,0.0,99.5,131.0,100.4,68.9,0.0,0.3373333333333333,0.0,386.6,2026-02-13 17:11:43-08:00,131.0,68.4,36.9,0.48,0.48,True
27.06,1.0,9.0,2026-02-14 01:12:04,37.08164,-121.59964,393.0,0.0,27.5,-12.6,0.0,0.0,0.0,0.0,0.0,10.8,-1.6,51.2,0.0,121.0,-0.0,-0.03,1.0,0.0,22.0,0.0,30.11,361.0,0.0,0.0,326.0,0.0,0.0,0.0,0.0,0.0,0.0,0.0,0.0,0.0,0.0,0.0,0.0,0.0,0.0,0.0,0.0,0.0,0.0,0.0,0.0,0.0,0.0,0.0,0.0,0.0,0.0,0.0,30.2,0.0,0.0,0.0,0.6,0.0,0.0,35.9,0.0,0.0,-0.7,1.4,0.6,-16.0,254.4,0.0,0.6,-7.0,0.0,0.0,0.0,0.658,0.791,0.0,0.0,0.0,0.0,,0.0,0.0,62.6,98.6,0.0,0.0,0.0,0.0,134.6,87.8,131.0,89.6,131.0,91.4,127.4,89.6,0.0,0.0,99.5,131.0,100.4,68.9,0.0,0.3373333333333333,0.0,386.6,2026-02-13 17:11:43-08:00,131.0,68.4,36.9,0.48,0.48,True
28.06,1.0,9.0,2026-02-14 01:12:05,37.08164,-121.59964,393.0,0.0,27.5,-12.6,0.0,0.0,0.0,0.0,0.0,10.8,-1.6,51.2,0.0,121.0,-0.0,-0.03,1.0,0.0,21.0,0.0,30.11,351.0,0.0,0.0,326.0,0.0,0.0,0.0,0.0,0.0,0.0,0.0,0.0,0.0,0.0,0.0,0.0,0.0,0.0,0.0,0.0,0.0,0.0,0.0,0.0,0.0,0.0,0.0,0.0,0.0,0.0,0.0,30.2,0.0,0.0,0.0,0.6,0.0,0.0,35.9,0.0,0.0,-0.7,1.4,0.6,-16.0,254.4,0.0,0.6,-7.0,0.0,0.0,0.0,0.658,0.791,0.0,0.0,0.0,0.0,,0.0,0.0,62.6,100.4,0.0,0.0,0.0,0.0,134.6,87.8,131.0,89.6,131.0,91.4,127.4,89.6,0.0,0.0,99.5,131.0,100.4,68.9,0.0,0.3373333333333333,0.0,386.6,2026-02-13 17:11:43-08:00,131.0,68.4,36.9,0.48,0.48,True
29.06,1.0,9.0,2026-02-14 01:12:06,37.08164,-121.59963,393.0,0.0,27.5,-12.6,0.0,0.0,0.0,0.0,0.0,10.8,-1.6,51.1,0.0,121.0,-0.0,-0.03,1.0,0.0,-5.0,0.0,30.11,352.0,0.0,0.0,326.0,0.0,0.0,0.0,0.0,0.0,0.0,0.0,0.0,0.0,0.0,0.0,0.0,0.0,0.0,0.0,0.0,0.0,0.0,0.0,0.0,0.0,0.0,0.0,0.0,0.0,0.0,0.0,30.2,0.0,0.0,0.0,0.6,0.0,0.0,35.9,0.0,0.0,-0.7,1.4,0.6,-16.0,254.4,0.0,0.6,-7.0,0.0,0.0,0.0,0.658,0.791,0.0,0.0,0.0,0.0,,0.0,0.0,62.6,98.6,0.0,0.0,0.0,0.0,134.6,87.8,131.0,89.6,131.0,91.4,127.4,89.6,0.0,0.0,99.5,131.0,100.4,68.9,0.0,0.3373333333333333,0.0,386.6,2026-02-13 17:11:43-08:00,131.0,68.4,36.9,0.48,0.48,True
30.06,1.0,9.0,2026-02-14 01:12:07,37.08164,-121.59963,393.0,0.0,27.5,-12.6,0.0,0.0,0.0,0.0,0.0,10.8,-1.6,51.0,0.0,121.0,-0.0,-0.03,1.0,0.0,-26.0,0.0,30.11,352.0,0.0,0.0,326.0,0.0,0.0,0.0,0.0,0.0,0.0,0.0,0.0,0.0,0.0,0.0,0.0,0.0,0.0,0.0,0.0,0.0,0.0,0.0,0.0,0.0,0.0,0.0,0.0,0.0,0.0,0.0,30.2,0.0,0.0,0.0,0.6,0.0,0.0,35.9,0.0,0.0,-0.7,1.4,0.6,-16.0,254.4,0.0,0.6,-7.0,0.0,0.0,0.0,0.658,0.791,0.0,0.0,0.0,0.0,,0.0,0.0,62.6,98.6,0.0,0.0,0.0,0.0,134.6,87.8,131.0,89.6,131.0,91.4,127.4,89.6,0.0,0.0,99.5,131.0,100.4,68.9,0.0,0.3373333333333333,0.0,386.6,2026-02-13 17:11:43-08:00,131.0,68.4,36.9,0.48,0.48,True
31.06,1.0,9.0,2026-02-14 01:12:08,37.08164,-121.59963,393.0,0.0,27.5,-12.6,0.0,0.0,0.0,0.0,0.0,10.9,-1.6,51.0,0.0,120.0,0.0,-0.03,1.0,0.0,-57.0,0.0,30.11,352.0,0.0,0.0,326.0,0.0,0.0,0.0,0.0,0.0,0.0,0.0,0.0,0.0,0.0,0.0,0.0,0.0,0.0,0.0,0.0,0.0,0.0,0.0,0.0,0.0,0.0,0.0,0.0,0.0,0.0,0.0,30.2,0.0,0.0,0.0,0.6,0.0,0.0,35.9,0.0,0.0,-0.7,1.4,0.6,-16.0,254.4,0.0,0.6,-7.0,0.0,0.0,0.0,0.658,0.791,0.0,0.0,0.0,0.0,,0.0,0.0,62.6,98.6,0.0,0.0,0.0,0.0,134.6,87.8,131.0,89.6,131.0,91.4,127.4,89.6,0.0,0.0,99.5,131.0,100.4,68.9,0.0,0.3373333333333333,0.0,386.6,2026-02-13 17:11:43-08:00,131.0,68.4,36.9,0.48,0.48,True
32.06,1.0,9.0,2026-02-14 01:12:09,37.08164,-121.59963,393.0,0.0,27.5,-12.6,0.0,0.0,0.0,0.0,0.0,10.9,-1.6,51.0,0.0,118.0,-0.0,-0.03,1.0,0.0,-44.0,0.0,30.11,356.0,0.0,0.0,326.0,0.0,0.0,0.0,0.0,0.0,0.0,0.0,0.0,0.0,0.0,0.0,0.0,0.0,0.0,0.0,0.0,0.0,0.0,0.0,0.0,0.0,0.0,0.0,0.0,0.0,0.0,0.0,30.2,0.0,0.0,0.0,0.4,0.0,0.0,35.9,0.0,0.0,-0.7,1.4,0.6,-16.0,254.4,0.0,0.4,-7.0,0.0,0.0,0.0,0.658,0.791,0.0,0.0,0.0,0.0,,0.0,0.0,62.6,100.4,0.0,0.0,0.0,0.0,134.6,87.8,131.0,89.6,131.0,91.4,127.4,89.6,0.0,0.0,99.5,131.0,100.4,68.9,0.0,0.3373333333333333,0.0,386.6,2026-02-13 17:11:43-08:00,131.0,68.4,36.9,0.48,0.48,True
33.06,1.0,9.0,2026-02-14 01:12:10,37.08164,-121.59963,393.0,0.0,27.5,-12.6,0.0,0.0,0.0,0.0,0.0,10.9,-1.6,51.0,0.0,118.0,-0.0,-0.03,1.0,0.0,-33.0,0.0,30.11,356.0,0.0,0.0,326.0,0.0,0.0,0.0,0.0,0.0,0.0,0.0,0.0,0.0,0.0,0.0,0.0,0.0,0.0,0.0,0.0,0.0,0.0,0.0,0.0,0.0,0.0,0.0,0.0,0.0,0.0,0.0,30.2,0.0,0.0,0.0,1.0,0.0,0.0,35.9,0.0,0.0,-0.7,1.4,0.6,-16.0,254.4,0.0,1.0,-7.0,0.0,0.0,0.0,0.658,0.791,0.0,0.0,0.0,0.0,,0.0,0.0,62.6,98.6,0.0,0.0,0.0,0.0,134.6,87.8,131.0,89.6,131.0,91.4,127.4,89.6,0.0,0.0,99.5,131.0,100.4,68.9,0.0,0.3373333333333333,0.0,386.6,2026-02-13 17:11:43-08:00,131.0,68.4,36.9,0.48,0.48,True
34.06,1.0,9.0,2026-02-14 01:12:11,37.08164,-121.59963,393.0,0.0,27.5,-12.6,0.0,0.0,0.0,0.0,0.0,10.9,-1.6,51.1,0.0,116.0,-0.0,-0.03,1.0,0.0,-47.0,0.0,30.11,354.0,0.0,0.0,326.0,0.0,0.0,0.0,0.0,0.0,0.0,0.0,0.0,0.0,0.0,0.0,0.0,0.0,0.0,0.0,0.0,0.0,0.0,0.0,0.0,0.0,0.0,0.0,0.0,0.0,0.0,0.0,30.2,0.4,0.0,0.4,30.6,0.0,0.0,35.9,0.0,0.0,-0.6,1.4,0.6,-16.0,254.4,0.0,30.6,-7.0,0.0,0.0,0.0,0.658,0.791,0.0,0.0,0.0,0.0,,0.0,0.0,62.6,100.4,0.0,0.0,0.0,0.0,134.6,87.8,131.0,89.6,131.0,91.4,127.4,89.6,0.0,0.0,99.5,131.0,100.4,68.9,5.555555555555556e-05,0.3373333333333333,0.0,386.6,2026-02-13 17:11:43-08:00,131.0,68.4,36.9,0.48,0.48,True
35.06,1.0,9.0,2026-02-14 01:12:12,37.08165,-121.59963,394.0,0.0,27.5,-12.6,0.0,0.0,0.0,0.0,0.0,10.8,-1.6,51.0,0.0,116.0,-0.0,-0.03,1.0,0.0,-15.0,0.0,30.11,354.0,0.0,0.0,326.0,0.0,0.0,0.0,0.0,0.0,0.0,0.0,0.0,0.0,0.0,0.0,0.0,0.0,0.0,0.0,0.0,0.0,0.0,0.0,0.0,0.0,0.0,0.0,0.0,0.0,0.0,0.0,30.2,0.5,0.0,0.5,30.9,0.0,0.0,35.9,0.0,0.0,-0.6,1.4,0.6,-16.0,254.4,0.0,30.9,-7.0,0.0,0.0,0.0,0.658,0.791,0.0,0.0,0.0,0.0,,0.0,0.0,62.6,100.4,0.0,0.0,0.0,0.0,134.6,87.8,131.0,89.6,131.0,91.4,127.4,89.6,0.0,0.0,99.5,131.0,100.4,68.9,0.00018055555555555555,0.3373333333333333,0.0,386.6,2026-02-13 17:11:43-08:00,131.0,68.4,36.9,0.48,0.48,True
36.06,1.0,9.0,2026-02-14 01:12:13,37.08164,-121.59964,392.0,0.0,27.5,-12.6,0.0,0.0,0.0,0.0,0.0,10.9,-1.6,51.0,0.0,116.0,-0.0,-0.03,1.0,0.0,-54.0,0.0,30.11,353.0,0.0,0.0,326.0,0.0,0.0,0.0,0.0,0.0,0.0,0.0,0.0,0.0,0.0,0.0,0.0,0.0,0.0,0.0,0.0,0.0,0.0,0.0,0.0,0.0,0.0,0.0,0.0,0.0,0.0,0.0,30.2,0.5,0.0,0.5,30.3,0.0,0.0,35.9,0.0,0.0,-0.6,1.4,0.6,-16.0,254.4,0.0,30.3,-7.0,0.0,0.0,0.0,0.658,0.791,0.0,0.0,0.0,0.0,,0.0,0.0,62.6,98.6,0.0,0.0,0.0,0.0,134.6,87.8,131.0,89.6,131.0,91.4,127.4,89.6,0.0,0.0,99.5,131.0,100.4,68.9,0.00031944444444444446,0.3373333333333333,0.0,386.6,2026-02-13 17:11:43-08:00,131.0,68.4,36.9,0.48,0.48,True
37.06,1.0,9.0,2026-02-14 01:12:14,37.08164,-121.59964,392.0,0.0,27.5,-12.6,0.0,0.0,0.0,0.0,0.0,10.9,-1.6,51.1,0.0,113.0,-0.0,-0.03,1.0,0.0,-55.0,0.0,30.11,350.0,0.0,0.0,326.0,0.0,0.0,0.0,0.0,0.0,0.0,0.0,0.0,0.0,0.0,0.0,0.0,0.0,0.0,0.0,0.0,0.0,0.0,0.0,0.0,0.0,0.0,0.0,0.0,0.0,0.0,0.0,30.2,0.5,0.0,0.5,30.0,0.0,0.0,35.9,0.0,0.0,-0.7,1.4,0.6,-16.0,254.4,0.0,30.0,-7.0,0.0,0.0,0.0,0.658,0.791,0.0,0.0,0.0,0.0,,0.0,0.0,62.6,98.6,0.0,0.0,0.0,0.0,134.6,87.8,131.0,89.6,131.0,91.4,127.4,89.6,0.0,0.0,99.5,131.0,100.4,68.9,0.0004583333333333333,0.3373333333333333,0.0,386.6,2026-02-13 17:11:43-08:00,131.0,68.4,36.9,0.48,0.48,True
38.06,1.0,9.0,2026-02-14 01:12:15,37.08164,-121.59964,392.0,0.0,27.5,-12.6,0.0,0.0,0.0,0.0,0.0,10.9,-1.6,51.1,0.0,112.0,-0.0,-0.03,1.0,0.0,-75.0,0.0,30.11,349.0,0.0,0.0,326.0,0.0,0.0,0.0,0.0,0.0,0.0,0.0,0.0,0.0,0.0,0.0,0.0,0.0,0.0,0.0,0.0,0.0,0.0,0.0,0.0,0.0,0.0,0.0,0.0,0.0,0.0,0.0,30.2,0.5,0.0,0.5,29.9,0.0,0.0,35.9,0.0,0.0,-0.7,1.4,0.6,-16.0,254.4,0.0,29.9,-7.0,0.0,0.0,0.0,0.658,0.791,0.0,0.0,0.0,0.0,,0.0,0.0,62.6,98.6,0.0,0.0,0.0,0.0,134.6,87.8,131.0,89.6,131.0,91.4,127.4,89.6,0.0,0.0,99.5,131.0,100.4,68.9,0.0005972222222222222,0.3373333333333333,0.0,386.6,2026-02-13 17:11:43-08:00,131.0,68.4,36.9,0.48,0.48,True
39.06,1.0,9.0,2026-02-14 01:12:16,37.08164,-121.59964,392.0,0.0,27.5,-12.6,0.0,0.0,0.0,0.0,0.0,10.9,-1.6,51.1,0.0,109.0,-0.0,-0.03,1.0,0.0,-112.0,0.0,30.11,345.0,0.0,0.0,326.0,0.0,0.0,0.0,0.0,0.0,0.0,0.0,0.0,0.0,0.0,0.0,0.0,0.0,0.0,0.0,0.0,0.0,0.0,0.0,0.0,0.0,0.0,0.0,0.0,0.0,0.0,0.0,30.2,0.0,0.0,0.0,29.7,0.0,0.0,35.9,0.0,0.0,-0.7,1.4,0.6,-16.0,254.4,0.0,29.7,-7.0,0.0,0.0,0.0,0.658,0.791,0.0,0.0,0.0,0.0,,0.0,0.0,62.6,98.6,0.0,0.0,0.0,0.0,134.6,87.8,131.0,89.6,131.0,91.4,127.4,89.6,0.0,0.0,99.5,131.0,100.4,68.9,0.0006666666666666666,0.3373333333333333,0.0,386.6,2026-02-13 17:11:43-08:00,131.0,68.4,36.9,0.48,0.48,True
40.06,1.0,9.0,2026-02-14 01:12:17,37.08164,-121.59964,391.0,0.0,27.5,-12.6,0.0,0.0,0.0,0.0,0.0,10.9,-1.6,51.1,0.0,107.0,0.0,-0.03,1.0,0.0,-125.0,0.0,30.11,345.0,0.0,0.0,326.0,0.0,0.0,0.0,0.0,0.0,0.0,0.0,0.0,0.0,0.0,0.0,0.0,0.0,0.0,0.0,0.0,0.0,0.0,0.0,0.0,0.0,0.0,0.0,0.0,0.0,0.0,0.0,30.2,0.0,0.0,0.0,29.6,0.0,0.0,35.9,0.0,0.0,-0.7,1.4,0.6,-16.0,254.4,0.0,29.6,-7.0,0.0,0.0,0.0,0.658,0.791,0.0,0.0,0.0,0.0,,0.0,0.0,62.6,98.6,0.0,0.0,0.0,0.0,134.6,87.8,131.0,89.6,131.0,91.4,127.4,89.6,0.0,0.0,99.5,131.0,100.4,68.9,0.0006666666666666666,0.3373333333333333,0.0,386.6,2026-02-13 17:11:43-08:00,131.0,68.4,36.9,0.48,0.48,True
41.06,1.0,9.0,2026-02-14 01:12:18,37.08165,-121.59964,391.0,0.0,27.5,-12.6,0.0,0.0,0.0,0.0,0.0,10.9,-1.6,51.1,0.0,104.0,0.0,-0.03,1.0,0.0,-115.0,0.0,30.11,339.0,0.0,0.0,326.0,0.0,0.0,0.0,0.0,0.0,0.0,0.0,0.0,0.0,0.0,0.0,0.0,0.0,0.0,0.0,0.0,0.0,0.0,0.0,0.0,0.0,0.0,0.0,0.0,0.0,0.0,0.0,30.2,0.0,0.0,0.0,29.5,0.0,0.0,35.9,0.0,0.0,-0.7,1.4,0.6,-16.0,254.4,0.0,29.5,-7.0,0.0,0.0,0.0,0.658,0.791,0.0,0.0,0.0,0.0,,0.0,0.0,62.6,100.4,0.0,0.0,0.0,0.0,134.6,87.8,131.0,89.6,131.0,91.4,127.4,89.6,0.0,0.0,99.5,131.0,100.4,68.9,0.0006666666666666666,0.3373333333333333,0.0,386.6,2026-02-13 17:11:43-08:00,131.0,68.4,36.9,0.48,0.48,True
42.06,1.0,9.0,2026-02-14 01:12:19,37.08165,-121.59964,391.0,0.0,27.5,-12.6,0.0,0.0,0.0,0.0,0.0,10.9,-1.6,51.1,0.0,104.0,-0.0,-0.03,1.0,0.0,-68.0,0.0,30.11,339.0,0.0,0.0,326.0,0.0,0.0,0.0,0.0,0.0,0.0,0.0,0.0,0.0,0.0,0.0,0.0,0.0,0.0,0.0,0.0,0.0,0.0,0.0,0.0,0.0,0.0,0.0,0.0,0.0,0.0,0.0,30.2,0.0,0.0,0.0,29.4,0.0,0.0,35.9,0.0,0.0,-0.7,1.4,0.6,-16.0,235.2,0.0,29.4,-7.0,0.0,0.0,0.0,0.658,0.791,0.0,0.0,0.0,0.0,,0.0,0.0,62.6,100.4,0.0,0.0,0.0,0.0,134.6,87.8,131.0,89.6,131.0,91.4,127.4,89.6,0.0,0.0,99.5,131.0,100.4,68.9,0.0006666666666666666,0.3373333333333333,0.0,386.6,2026-02-13 17:11:43-08:00,131.0,68.4,36.9,0.48,0.48,True
43.06,1.0,9.0,2026-02-14 01:12:20,37.08165,-121.59964,390.0,0.0,27.5,-12.6,0.0,0.0,0.0,0.0,0.0,10.9,-1.6,51.1,0.0,103.0,-0.0,-0.03,1.0,0.0,-74.0,0.0,30.11,338.0,0.0,0.0,326.0,0.0,0.0,0.0,0.0,0.0,0.0,0.0,0.0,0.0,0.0,0.0,0.0,0.0,0.0,0.0,0.0,0.0,0.0,0.0,0.0,0.0,0.0,0.0,0.0,0.0,0.0,0.0,30.2,0.0,0.0,0.0,29.2,0.0,0.0,35.9,0.0,0.0,-0.7,1.4,0.6,-16.0,183.0,0.0,29.2,-7.0,0.0,0.0,0.0,0.658,0.791,0.0,0.0,0.0,0.0,,0.0,0.0,62.6,98.6,0.0,0.0,0.0,0.0,134.6,87.8,131.0,89.6,131.0,91.4,127.4,89.6,0.0,0.0,99.5,131.0,100.4,68.9,0.0006666666666666666,0.3373333333333333,0.0,386.6,2026-02-13 17:11:43-08:00,131.0,68.4,36.9,0.48,0.48,True
44.06,1.0,9.0,2026-02-14 01:12:21,37.08165,-121.59964,390.0,0.0,27.5,-12.6,0.0,0.0,0.0,0.0,0.0,10.9,-1.6,51.1,0.0,103.0,-0.0,-0.03,1.0,0.0,-59.0,0.0,30.11,338.0,0.0,0.0,326.0,0.0,0.0,0.0,0.0,0.0,0.0,0.0,0.0,0.0,0.0,0.0,0.0,0.0,0.0,0.0,0.0,0.0,0.0,0.0,0.0,0.0,0.0,0.0,0.0,0.0,0.0,0.0,30.2,0.0,0.0,0.0,29.1,0.0,0.0,35.9,0.0,0.0,-0.7,1.4,0.6,-16.0,142.5,0.0,29.1,-7.0,0.0,0.0,0.0,0.658,0.791,0.0,0.0,0.0,0.0,,0.0,0.0,62.6,100.4,0.0,0.0,0.0,0.0,134.6,87.8,131.0,89.6,131.0,91.4,127.4,89.6,0.0,0.0,99.5,131.0,100.4,68.9,0.0006666666666666666,0.3373333333333333,0.0,386.6,2026-02-13 17:11:43-08:00,131.0,68.4,36.9,0.48,0.48,True
45.06,1.0,9.0,2026-02-14 01:12:22,37.08165,-121.59964,390.0,0.1,27.5,-12.6,0.0,0.0,0.0,0.0,0.0,10.9,-1.5,51.1,0.0,103.0,-0.0,-0.03,1.0,0.0,-34.0,0.0,30.11,338.0,0.0,0.0,326.0,0.0,0.0,0.0,0.0,0.0,0.0,0.0,0.0,0.0,0.0,0.0,0.0,0.0,0.0,0.0,0.0,0.0,0.0,0.0,0.0,0.0,0.0,0.0,0.0,0.0,0.0,0.0,30.2,0.0,0.0,0.0,29.0,0.0,0.0,35.9,0.0,0.0,-0.7,1.4,0.6,-16.0,111.0,0.0,29.0,-7.0,0.0,0.0,0.0,0.658,0.791,0.0,0.0,0.0,0.0,,0.0,0.0,62.6,98.6,0.0,0.0,0.0,0.0,134.6,87.8,131.0,89.6,131.0,91.4,127.4,89.6,0.0,0.0,99.5,131.0,100.4,68.9,0.0006666666666666666,0.42166666666666663,0.0,386.6,2026-02-13 17:11:43-08:00,131.0,68.4,36.9,0.48,0.48,True
46.06,1.0,9.0,2026-02-14 01:12:23,37.08165,-121.59964,389.0,0.0,27.5,-12.6,0.0,0.0,0.0,0.0,0.0,10.9,-1.6,51.1,0.0,103.0,0.0,-0.03,1.0,0.0,-16.0,0.0,30.11,339.0,0.0,0.0,326.0,0.0,0.0,0.0,0.0,0.0,0.0,0.0,0.0,0.0,0.0,0.0,0.0,0.0,0.0,0.0,0.0,0.0,0.0,0.0,0.0,0.0,0.0,0.0,0.0,0.0,0.0,0.0,30.2,0.0,0.0,0.0,28.9,0.0,0.0,35.9,0.0,0.0,-0.7,1.4,0.6,-16.0,86.5,0.0,28.9,-7.0,0.0,0.0,0.0,0.658,0.791,0.0,0.0,0.0,0.0,,0.0,0.0,62.6,100.4,0.0,0.0,0.0,0.0,134.6,87.8,131.0,89.6,131.0,91.4,127.4,89.6,0.0,0.0,99.5,131.0,100.4,68.9,0.0006666666666666666,0.506,0.0,386.6,2026-02-13 17:11:43-08:00,131.0,68.4,36.9,0.48,0.48,True
47.06,1.0,9.0,2026-02-14 01:12:24,37.08165,-121.59964,388.0,0.0,27.5,-12.6,0.0,0.0,0.0,0.0,0.0,10.8,-1.7,51.0,0.0,103.0,-0.0,-0.02,1.0,0.0,-7.0,0.0,30.11,339.0,0.0,0.0,326.0,0.0,0.0,0.0,0.0,0.0,0.0,0.0,0.0,0.0,0.0,0.0,0.0,0.0,0.0,0.0,0.0,0.0,0.0,0.0,0.0,0.0,0.0,0.0,0.0,0.0,102.0,102.0,30.2,0.0,0.0,0.0,29.0,0.0,0.0,35.9,0.0,0.0,-0.7,1.4,0.6,-15.0,67.4,0.0,29.0,-7.0,0.0,0.0,0.0,0.657,0.79,0.0,0.0,0.0,0.0,,0.0,102.0,62.6,86.0,0.0,0.0,0.0,0.0,125.6,77.0,122.0,77.0,122.0,80.6,118.4,77.0,0.0,0.0,86.53999999999999,122.0,91.4,55.94,0.0006666666666666666,0.506,0.0,386.6,2026-02-13 17:11:43-08:00,122.0,59.4,23.93999999999999,0.48,0.48,True
48.06,1.0,9.0,2026-02-14 01:12:25,37.08164,-121.59964,387.0,0.0,27.5,-12.6,0.0,0.0,0.0,0.0,0.0,10.9,-1.5,51.1,0.0,102.0,-0.0,-0.02,1.0,0.0,0.0,0.0,30.11,339.0,0.0,0.0,326.0,0.0,0.0,0.0,0.0,0.0,0.0,0.0,0.0,0.0,0.0,0.0,0.0,0.0,0.0,0.0,0.0,0.0,0.0,0.0,0.0,0.0,0.0,0.0,0.0,0.0,182.0,182.0,30.0,0.0,0.0,0.0,28.9,0.0,0.0,35.9,0.0,0.0,-0.6,1.4,0.6,-18.0,52.6,0.0,28.9,-7.0,0.0,0.0,0.0,0.657,0.791,0.2,0.0,0.0,0.0,,0.0,182.0,62.6,93.2,0.0,0.0,0.0,0.0,131.0,84.2,127.4,84.2,127.4,87.8,123.8,84.2,0.0,0.0,93.02,127.4,96.8,62.42,0.0006666666666666666,0.506,0.0,386.6,2026-02-13 17:11:43-08:00,127.4,64.80000000000001,30.419999999999995,0.48,0.48,True
49.06,1.0,9.0,2026-02-14 01:12:26,37.08164,-121.59964,386.0,0.0,27.5,-12.6,0.0,0.0,0.0,0.0,0.0,10.9,-1.5,51.0,0.0,101.0,-0.0,-0.02,0.9,0.0,-22.0,0.0,30.11,337.0,0.0,0.0,326.0,0.0,0.0,0.0,0.0,0.0,0.0,0.0,0.0,0.0,0.0,0.0,0.0,0.0,0.0,0.0,0.0,0.0,0.0,0.0,0.0,0.0,0.0,0.0,0.0,4.0,732.0,732.0,27.8,1.1,0.0,1.1,24.2,0.0,0.0,35.9,0.0,0.0,-0.6,1.4,0.6,-16.0,41.1,0.0,24.2,-7.0,0.0,0.0,0.0,0.664,0.792,4.4,0.0,0.0,0.0,,0.0,732.0,62.6,98.6,0.0,0.0,0.0,0.0,134.6,104.0,131.0,109.4,131.0,125.6,127.4,127.4,0.0,0.0,98.24,131.0,100.4,67.64,0.0008194444444444445,0.506,0.0,386.6,2026-02-13 17:11:43-08:00,131.0,68.4,35.63999999999999,0.48,0.48,True
50.06,1.0,9.0,2026-02-14 01:12:27,37.08164,-121.59964,385.0,0.1,27.5,-12.6,0.0,0.0,0.0,0.0,0.0,10.8,-1.6,51.1,0.0,101.0,-0.0,-0.02,1.0,0.0,0.0,0.0,30.11,337.0,0.0,0.0,326.0,0.0,0.0,0.0,0.0,0.0,0.0,0.0,0.0,0.0,0.0,0.0,0.0,0.0,0.0,0.0,0.0,0.0,0.0,0.0,0.0,0.0,0.0,0.0,0.0,19.0,1024.0,1024.0,25.9,2.1,0.0,2.1,24.5,0.0,0.0,35.9,0.0,0.0,-0.6,1.4,0.6,-16.0,32.2,0.0,24.5,-7.0,0.0,0.0,0.0,0.659,0.791,19.1,0.0,0.0,8.0,L,0.0,1024.0,62.6,100.4,0.0,0.0,0.0,0.0,134.6,165.2,131.0,129.2,131.0,201.2,127.4,145.4,0.0,0.0,99.5,131.0,100.4,68.9,0.001263888888888889,0.5903333333333333,0.047619047619047616,386.6,2026-02-13 17:11:43-08:00,131.0,68.4,36.9,0.48,0.48,True
51.06,1.0,9.0,2026-02-14 01:12:28,37.08164,-121.59964,384.0,0.0,27.5,-12.6,0.0,0.0,0.0,0.0,0.0,10.8,-1.5,51.1,0.0,101.0,-0.0,-0.03,0.9,0.0,6.0,0.0,30.11,337.0,0.0,0.0,326.0,0.0,0.0,0.0,0.0,0.0,0.0,0.0,0.0,0.0,0.0,0.0,0.0,0.0,0.0,0.0,0.0,0.0,0.0,0.0,0.0,0.0,0.0,0.0,0.0,59.0,1171.0,1171.0,21.6,2.8,0.0,2.8,25.1,0.0,0.0,35.9,0.0,0.0,-0.6,1.4,0.6,-16.0,25.2,0.0,25.1,-7.0,0.0,0.0,0.0,0.659,0.791,58.6,0.0,0.0,15.0,P,0.0,1171.0,62.6,100.4,0.0,0.0,0.0,0.0,136.4,239.0,131.0,152.6,131.0,307.4,129.2,264.2,0.0,0.0,99.5,131.9,101.3,68.9,0.0019444444444444444,0.6746666666666666,0.0,386.6,2026-02-13 17:11:43-08:00,131.9,69.30000000000001,36.9,0.48,0.48,True
52.06,1.0,9.0,2026-02-14 01:12:29,37.08164,-121.59964,384.0,0.0,27.5,-12.6,0.0,0.0,0.0,0.0,0.0,10.8,-1.6,51.1,0.0,101.0,-0.0,-0.03,1.0,0.0,5.0,0.0,30.11,335.0,0.0,0.0,326.0,0.0,0.0,0.0,0.0,0.0,0.0,0.0,0.0,0.0,0.0,0.0,0.0,0.0,0.0,0.0,0.0,0.0,0.0,0.0,0.0,0.0,0.0,0.0,0.0,71.0,1282.0,1282.0,20.6,3.3,0.0,3.3,25.4,0.0,0.0,35.9,0.0,0.0,-0.7,1.4,0.6,-16.0,19.8,0.0,25.4,-7.0,0.0,0.0,0.0,0.659,0.792,70.6,0.0,0.0,18.0,R,0.0,1282.0,62.6,100.4,0.0,0.0,0.0,0.0,136.4,287.6,131.0,188.6,131.0,393.8,129.2,350.6,0.0,0.0,99.5,131.9,101.3,68.9,0.0027916666666666667,0.6746666666666666,0.0,386.6,2026-02-13 17:11:43-08:00,131.9,69.30000000000001,36.9,0.48,0.48,True
53.06,1.0,9.0,2026-02-14 01:12:30,37.08164,-121.59964,383.0,0.0,27.5,-12.6,0.0,0.0,0.0,0.0,0.0,10.8,-1.5,51.1,0.0,101.0,-0.0,-0.02,0.9,0.0,68.0,0.0,30.11,335.0,0.0,0.0,326.0,0.0,0.0,0.0,0.0,0.0,0.0,0.0,0.0,0.0,0.0,0.0,0.0,0.0,0.0,0.0,0.0,0.0,0.0,0.0,0.0,0.0,0.0,0.0,0.0,76.0,1491.0,1491.0,18.8,3.8,0.0,3.8,25.6,0.0,0.0,35.9,0.0,0.0,-0.7,1.4,0.6,-16.0,15.6,0.0,25.6,-7.0,0.0,0.0,0.0,0.657,0.791,76.4,0.0,0.0,18.0,R,0.0,1491.0,62.6,98.6,0.0,0.0,0.0,0.0,136.4,375.8,132.8,262.4,132.8,476.6,131.0,437.0,0.0,0.0,99.5,133.25,102.65,68.9,0.0037777777777777775,0.6746666666666666,0.0,386.6,2026-02-13 17:11:43-08:00,133.25,70.65,36.9,0.48,0.48,True
54.06,1.0,9.0,2026-02-14 01:12:31,37.08164,-121.59964,382.0,0.0,27.5,-12.6,0.0,0.0,0.0,0.0,0.0,10.7,-1.5,51.1,0.0,101.0,-0.0,-0.03,1.0,0.0,78.0,0.0,30.11,335.0,0.0,0.0,326.0,0.0,0.0,0.0,0.0,0.0,0.0,0.0,0.0,0.0,0.0,0.0,0.0,0.0,0.0,0.0,0.0,0.0,0.0,0.0,0.0,0.0,0.0,0.0,0.0,81.0,1599.0,1599.0,16.6,4.1,0.0,4.1,25.7,0.0,0.0,35.9,0.0,0.0,-0.7,1.4,0.6,-16.0,12.3,0.0,25.7,-7.0,0.0,0.0,0.0,0.657,0.791,81.2,0.0,0.0,0.0,,0.0,1599.0,62.6,98.6,0.0,0.0,0.0,0.0,136.4,485.6,132.8,381.2,132.8,559.4,131.0,527.0,0.0,0.0,99.32,133.25,102.65,68.72,0.004875,0.6746666666666666,0.0,386.6,2026-02-13 17:11:43-08:00,133.25,70.65,36.71999999999999,0.48,0.48,True
55.06,1.0,9.0,2026-02-14 01:12:32,37.08164,-121.59964,382.0,0.0,27.5,-12.6,0.0,0.0,0.0,0.0,0.0,10.8,-1.5,51.1,0.0,101.0,-0.0,-0.03,1.1,0.0,63.0,0.0,30.11,336.0,0.0,0.0,326.0,0.0,0.0,0.0,0.0,0.0,0.0,0.0,0.0,0.0,0.0,0.0,0.0,0.0,0.0,0.0,0.0,0.0,0.0,0.0,0.0,0.0,0.0,0.0,0.0,76.0,1400.0,1400.0,15.0,4.1,0.0,4.1,25.9,0.0,0.0,35.9,0.0,0.0,-0.7,1.4,0.6,-16.0,9.8,0.0,25.9,-7.0,0.0,0.0,0.0,0.657,0.791,76.4,0.0,0.0,0.0,,0.0,1400.0,62.6,98.6,0.0,0.0,0.0,0.0,136.4,581.0,134.6,480.2,134.6,629.6,132.8,600.8,0.0,0.0,99.32,134.6,104.0,68.72,0.006013888888888888,0.6746666666666666,0.0,386.6,2026-02-13 17:11:43-08:00,134.6,72.0,36.71999999999999,0.48,0.48,True
56.06,1.0,9.0,2026-02-14 01:12:33,37.08164,-121.59964,381.0,0.0,27.5,-12.6,0.0,0.0,0.0,0.0,0.0,10.7,-1.5,51.2,0.0,101.0,-0.0,-0.03,1.0,0.0,33.0,0.0,30.11,336.0,0.0,0.0,326.0,0.0,0.0,0.0,0.0,0.0,0.0,0.0,0.0,0.0,0.0,0.0,0.0,0.0,0.0,0.0,0.0,0.0,0.0,0.0,0.0,0.0,0.0,0.0,0.0,73.0,1276.0,1276.0,14.5,4.1,0.0,4.1,25.9,0.0,0.0,35.9,0.0,0.0,-0.7,1.4,0.6,-16.0,7.8,0.0,25.9,-7.0,0.0,0.0,0.0,0.657,0.791,73.2,0.0,0.0,0.0,,0.0,1276.0,62.6,98.6,0.0,0.0,0.0,0.0,138.2,651.2,134.6,557.6,134.6,683.6,132.8,660.2,0.0,0.0,99.32,135.05,104.45,68.72,0.007152777777777777,0.6746666666666666,0.0,386.6,2026-02-13 17:11:43-08:00,135.05,72.45000000000002,36.71999999999999,0.48,0.48,True
57.06,1.0,9.0,2026-02-14 01:12:34,37.08164,-121.59964,381.0,0.0,27.5,-12.6,0.0,0.0,0.0,0.0,0.0,10.8,-1.5,51.1,0.0,101.0,-0.0,-0.03,1.0,0.0,22.0,0.0,30.11,336.0,0.0,0.0,326.0,0.0,0.0,0.0,0.0,0.0,0.0,0.0,0.0,0.0,0.0,0.0,0.0,0.0,0.0,0.0,0.0,0.0,0.0,0.0,0.0,0.0,0.0,0.0,0.0,69.0,1148.0,1148.0,14.0,3.8,0.0,3.8,25.9,0.0,0.0,35.9,0.0,0.0,-0.7,1.4,0.6,-16.0,6.3,0.0,25.9,-7.0,0.0,0.0,0.0,0.656,0.791,68.7,0.0,0.0,0.0,,0.0,1148.0,62.6,98.6,0.0,0.0,0.0,0.0,138.2,701.6,136.4,617.0,134.6,726.8,134.6,710.6,0.0,0.0,99.32,135.95,105.35,68.72,0.008249999999999999,0.6746666666666666,0.0,386.6,2026-02-13 17:11:43-08:00,135.95,73.35,36.71999999999999,0.48,0.48,True
58.06,1.0,9.0,2026-02-14 01:12:35,37.08164,-121.59963,380.0,0.0,27.5,-12.6,0.0,0.0,0.0,0.0,0.0,10.8,-1.5,51.1,0.0,101.0,-0.1,-0.03,1.0,0.0,29.0,0.0,30.11,336.0,0.0,0.0,326.0,0.0,0.0,0.0,0.0,0.0,0.0,0.0,0.0,0.0,0.0,0.0,0.0,0.0,0.0,0.0,0.0,0.0,0.0,0.0,0.0,0.0,0.0,0.0,0.0,67.0,1084.0,1084.0,13.9,3.6,0.0,3.6,25.9,0.0,0.0,35.9,0.0,0.0,-0.7,1.4,0.6,-16.0,5.1,0.0,25.9,-7.0,0.0,0.0,0.0,0.656,0.791,66.7,0.0,0.0,0.0,,0.0,1084.0,62.6,98.6,0.0,0.0,0.0,0.0,140.0,743.0,136.4,667.4,136.4,761.0,134.6,750.2,0.0,0.0,99.32,136.85,106.25,68.72,0.009277777777777777,0.6746666666666666,0.0,386.6,2026-02-13 17:11:43-08:00,136.85,74.25,36.71999999999999,0.48,0.48,True
59.06,1.0,9.0,2026-02-14 01:12:36,37.08164,-121.59963,380.0,0.0,27.5,-12.6,0.0,0.0,0.0,0.0,0.0,10.8,-1.5,51.1,0.0,101.0,-0.0,-0.03,1.0,0.0,19.0,0.0,30.11,336.0,0.0,0.0,326.0,0.0,0.0,0.0,0.0,0.0,0.0,0.0,0.0,0.0,0.0,0.0,0.0,0.0,0.0,0.0,0.0,0.0,0.0,0.0,0.0,0.0,0.0,0.0,0.0,65.0,996.0,996.0,13.7,3.4,0.0,3.4,26.0,0.0,0.0,35.9,0.0,0.0,-0.7,1.4,0.6,-16.0,4.2,0.0,26.0,-7.0,0.0,0.0,0.0,0.66,0.791,65.0,0.0,0.0,0.0,,0.0,996.0,62.6,98.6,0.0,0.0,0.0,0.0,140.0,773.6,136.4,707.0,136.4,788.0,136.4,782.6,0.0,0.0,99.32,137.3,106.7,68.72,0.010249999999999999,0.6746666666666666,0.0,386.6,2026-02-13 17:11:43-08:00,137.3,74.70000000000002,36.71999999999999,0.48,0.48,True
60.06,1.0,9.0,2026-02-14 01:12:37,37.08164,-121.59963,379.0,0.1,27.5,-12.6,0.0,0.0,0.0,0.0,0.0,10.8,-1.5,51.1,0.0,101.0,-0.0,-0.03,1.0,0.0,41.0,0.0,30.11,336.0,0.0,0.0,326.0,0.0,0.0,0.0,0.0,0.0,0.0,0.0,0.0,0.0,0.0,0.0,0.0,0.0,0.0,0.0,0.0,0.0,0.0,0.0,0.0,0.0,0.0,0.0,0.0,63.0,955.0,955.0,13.8,3.2,0.0,3.2,26.0,0.0,0.0,35.9,0.0,0.0,-0.7,1.4,0.6,-16.0,3.5,0.0,26.0,-7.0,0.0,0.0,0.0,0.66,0.791,63.1,0.0,0.0,0.0,,0.0,955.0,62.6,98.6,0.0,0.0,0.0,0.0,141.8,798.8,136.4,721.4,136.4,804.2,136.4,807.8,0.0,0.0,99.32,137.75,107.15,68.72,0.011166666666666665,0.759,0.03125,386.6,2026-02-13 17:11:43-08:00,137.75,75.15,36.71999999999999,0.48,0.48,True
61.06,1.0,9.0,2026-02-14 01:12:38,37.08164,-121.59963,379.0,0.0,27.5,-12.6,0.0,0.0,0.0,0.0,0.0,10.8,-1.5,51.1,0.0,101.0,-0.0,-0.03,1.0,0.0,49.0,0.0,30.11,336.0,0.0,0.0,326.0,0.0,0.0,0.0,0.0,0.0,0.0,0.0,0.0,0.0,0.0,0.0,0.0,0.0,0.0,0.0,0.0,0.0,0.0,0.0,0.0,0.0,0.0,0.0,0.0,63.0,963.0,963.0,13.9,3.1,0.0,3.1,26.0,0.0,0.0,35.9,0.0,0.0,-0.7,1.4,0.6,-16.0,2.9,0.0,26.0,-7.0,0.0,0.0,0.0,0.659,0.791,62.9,0.0,0.0,0.0,,0.0,963.0,62.6,98.6,0.0,0.0,0.0,0.0,141.8,818.6,138.2,717.8,138.2,818.6,136.4,827.6,0.0,0.0,99.32,138.65,108.05,68.72,0.012041666666666666,0.8433333333333333,0.0,386.6,2026-02-13 17:11:43-08:00,138.65,76.05000000000001,36.71999999999999,0.48,0.48,True
62.06,1.0,9.0,2026-02-14 01:12:39,37.08164,-121.59963,378.0,0.0,27.5,-12.6,0.0,0.0,0.0,0.0,0.0,10.8,-1.6,51.0,0.0,101.0,-0.0,-0.03,1.0,0.0,42.0,0.0,30.11,336.0,0.0,0.0,326.0,0.0,0.0,0.0,0.0,0.0,0.0,0.0,0.0,0.0,0.0,0.0,0.0,0.0,0.0,0.0,0.0,0.0,0.0,0.0,0.0,0.0,0.0,0.0,0.0,63.0,975.0,975.0,13.8,3.0,0.0,3.0,26.0,0.0,0.0,35.9,0.0,0.0,-0.7,1.4,0.6,-16.0,2.5,0.0,26.0,-7.0,0.0,0.0,0.0,0.659,0.791,63.3,0.0,0.0,0.0,,0.0,975.0,62.6,98.6,0.0,0.0,0.0,0.0,141.8,825.8,138.2,723.2,138.2,831.2,138.2,847.4,0.0,0.0,99.32,139.1,108.5,68.72,0.012888888888888887,0.8433333333333333,0.0,386.6,2026-02-13 17:11:43-08:00,139.1,76.5,36.71999999999999,0.48,0.48,True
63.06,1.0,9.0,2026-02-14 01:12:40,37.08164,-121.59963,377.0,0.0,27.5,-12.6,0.0,0.0,0.0,0.0,0.0,10.8,-1.6,51.0,0.0,102.0,-0.0,-0.03,1.0,0.0,19.0,0.0,30.11,336.0,0.0,0.0,326.0,0.0,0.0,0.0,0.0,0.0,0.0,0.0,0.0,0.0,0.0,0.0,0.0,0.0,0.0,0.0,0.0,0.0,0.0,0.0,0.0,0.0,0.0,0.0,0.0,63.0,964.0,964.0,13.8,2.8,0.0,2.8,26.0,0.0,0.0,35.9,0.0,0.0,-0.7,1.4,0.6,-16.0,2.2,0.0,26.0,-7.0,0.0,0.0,0.0,0.66,0.791,63.1,0.0,0.0,0.0,,0.0,964.0,62.6,98.6,0.0,0.0,0.0,0.0,141.8,840.2,138.2,739.4,138.2,843.8,138.2,863.6,0.0,0.0,99.32,139.1,108.5,68.72,0.013694444444444443,0.8433333333333333,0.0,386.6,2026-02-13 17:11:43-08:00,139.1,76.5,36.71999999999999,0.48,0.48,True
64.06,1.0,9.0,2026-02-14 01:12:41,37.08164,-121.59963,377.0,0.0,27.5,-12.6,0.0,0.0,0.0,0.0,0.0,10.8,-1.6,51.0,0.0,102.0,-0.0,-0.03,1.0,0.0,19.0,0.0,30.11,337.0,0.0,0.0,326.0,0.0,0.0,0.0,0.0,0.0,0.0,0.0,0.0,0.0,0.0,0.0,0.0,0.0,0.0,0.0,0.0,0.0,0.0,0.0,0.0,0.0,0.0,0.0,0.0,63.0,959.0,959.0,13.7,2.7,0.0,2.7,26.0,0.0,0.0,35.9,0.0,0.0,-0.7,1.4,0.6,-16.0,1.9,0.0,26.0,-7.0,0.0,0.0,0.0,0.659,0.791,62.8,0.0,0.0,0.0,,0.0,959.0,62.6,98.6,0.0,0.0,0.0,0.0,143.6,852.8,138.2,753.8,140.0,856.4,138.2,879.8,0.0,0.0,99.32,140.0,109.4,68.72,0.014458333333333332,0.8433333333333333,0.0,386.6,2026-02-13 17:11:43-08:00,140.0,77.4,36.71999999999999,0.48,0.48,True
65.06,1.0,9.0,2026-02-14 01:12:42,37.08164,-121.59963,376.0,0.0,27.5,-12.6,0.0,0.0,0.0,0.0,0.0,10.8,-1.6,50.9,0.0,102.0,-0.0,-0.02,1.0,0.0,21.0,0.0,30.11,337.0,0.0,0.0,326.0,0.0,0.0,0.0,0.0,0.0,0.0,0.0,0.0,0.0,0.0,0.0,0.0,0.0,0.0,0.0,0.0,0.0,0.0,0.0,0.0,0.0,0.0,0.0,0.0,63.0,983.0,983.0,13.8,2.7,0.0,2.7,26.0,0.0,0.0,35.9,0.0,0.0,-0.7,1.4,0.6,-16.0,1.7,0.0,26.0,-7.0,0.0,0.0,0.0,0.659,0.791,63.2,0.0,0.0,0.0,,0.0,983.0,62.6,98.6,0.0,0.0,0.0,0.0,143.6,869.0,140.0,753.8,140.0,867.2,140.0,892.4,0.0,0.0,99.32,140.9,110.3,68.72,0.015208333333333332,0.8433333333333333,0.0,386.6,2026-02-13 17:11:43-08:00,140.9,78.30000000000001,36.71999999999999,0.48,0.48,True
66.06,1.0,9.0,2026-02-14 01:12:43,37.08164,-121.59963,375.0,0.0,27.5,-12.6,0.0,0.0,0.0,0.0,0.0,10.9,-1.6,50.9,0.0,102.0,-0.0,-0.02,1.0,0.0,18.0,0.0,30.11,337.0,0.0,0.0,326.0,0.0,0.0,0.0,0.0,0.0,0.0,0.0,0.0,0.0,0.0,0.0,0.0,0.0,0.0,0.0,0.0,0.0,0.0,0.0,0.0,0.0,0.0,0.0,0.0,63.0,969.0,969.0,13.6,2.6,0.0,2.6,26.0,0.0,0.0,35.9,0.0,0.0,-0.7,1.4,0.6,-16.0,1.5,0.0,26.0,-7.0,0.0,0.0,0.0,0.659,0.791,63.2,0.0,0.0,0.0,,0.0,969.0,62.6,98.6,0.0,0.0,0.0,0.0,143.6,885.2,140.0,759.2,141.8,876.2,140.0,906.8,0.0,0.0,99.32,141.35,110.75,68.72,0.015944444444444445,0.8433333333333333,0.0,386.6,2026-02-13 17:11:43-08:00,141.35,78.75,36.71999999999999,0.48,0.48,True
67.06,1.0,9.0,2026-02-14 01:12:44,37.08164,-121.59962,357.0,0.0,27.5,-12.6,0.0,0.0,0.0,0.0,0.0,10.8,-1.6,50.9,0.0,103.0,-0.0,-0.03,1.0,0.0,25.0,0.0,30.11,337.0,0.0,0.0,326.0,0.0,0.0,0.0,0.0,0.0,0.0,0.0,0.0,0.0,0.0,0.0,0.0,0.0,0.0,0.0,0.0,0.0,0.0,0.0,0.0,0.0,0.0,0.0,0.0,64.0,973.0,973.0,13.6,2.6,0.0,2.6,26.0,0.0,0.0,35.9,0.0,0.0,-0.7,1.4,0.6,-16.0,1.4,0.0,26.0,-7.0,0.0,0.0,0.0,0.659,0.791,63.6,0.0,0.0,0.0,,0.0,973.0,62.6,98.6,0.0,0.0,0.0,0.0,145.4,899.6,140.0,762.8,141.8,885.2,141.8,917.6,0.0,0.0,99.32,142.25,111.65,68.72,0.016666666666666666,0.8433333333333333,0.0,386.6,2026-02-13 17:11:43-08:00,142.25,79.65,36.71999999999999,0.48,0.48,True
68.06,1.0,9.0,2026-02-14 01:12:45,37.08164,-121.59962,357.0,0.0,27.5,-12.6,0.0,0.0,0.0,0.0,0.0,10.9,-1.6,50.9,0.0,103.0,-0.0,-0.03,1.0,0.0,28.0,0.0,30.11,337.0,0.0,0.0,326.0,0.0,0.0,0.0,0.0,0.0,0.0,0.0,0.0,0.0,0.0,0.0,0.0,0.0,0.0,0.0,0.0,0.0,0.0,0.0,0.0,0.0,0.0,0.0,0.0,63.0,968.0,968.0,13.6,2.6,0.0,2.6,26.0,0.0,0.0,35.9,0.0,0.0,-0.7,1.4,0.6,-16.0,1.3,0.0,26.0,-7.0,0.0,0.0,0.0,0.659,0.791,63.0,0.0,0.0,0.0,,0.0,968.0,62.6,98.6,0.0,0.0,0.0,0.0,145.4,914.0,141.8,773.6,141.8,894.2,141.8,930.2,0.0,0.0,99.32,142.7,112.1,68.72,0.017388888888888888,0.8433333333333333,0.0,386.6,2026-02-13 17:11:43-08:00,142.70000000000002,80.10000000000002,36.71999999999999,0.48,0.48,True
69.06,1.0,9.0,2026-02-14 01:12:46,37.08164,-121.59962,357.0,0.0,27.5,-12.6,0.0,0.0,0.0,0.0,0.0,10.9,-1.5,50.9,0.0,103.0,0.0,-0.03,1.0,0.0,25.0,0.0,30.11,337.0,0.0,0.0,326.0,0.0,0.0,0.0,0.0,0.0,0.0,0.0,0.0,0.0,0.0,0.0,0.0,0.0,0.0,0.0,0.0,0.0,0.0,0.0,0.0,0.0,0.0,0.0,0.0,63.0,969.0,969.0,13.6,2.6,0.0,2.6,26.1,0.0,0.0,35.9,0.0,0.0,0.2,1.4,0.6,-16.0,1.3,0.0,26.1,-7.0,0.0,0.0,0.0,0.659,0.791,63.2,0.0,0.0,0.0,,0.0,969.0,62.6,100.4,0.0,0.0,0.0,0.0,147.2,924.8,143.6,775.4,143.6,901.4,143.6,941.0,0.0,0.0,100.58,144.5,113.9,69.98,0.01811111111111111,0.8433333333333333,0.0,386.6,2026-02-13 17:11:43-08:00,144.5,81.9,37.98,0.48,0.48,True
70.06,1.0,9.0,2026-02-14 01:12:47,37.08163,-121.59962,357.0,0.0,27.5,-12.6,0.0,0.0,0.0,0.0,0.0,10.8,-1.5,50.9,0.0,103.0,-0.0,-0.03,1.0,0.0,-8.0,0.0,30.11,340.0,0.0,0.0,326.0,0.0,0.0,0.0,0.0,0.0,0.0,0.0,0.0,0.0,0.0,0.0,0.0,0.0,0.0,0.0,-24.0,0.0,0.0,0.0,0.0,0.0,0.0,0.0,0.0,61.0,887.0,887.0,14.4,2.5,0.0,2.5,25.9,0.0,0.0,35.9,0.0,0.0,22.6,1.4,0.6,-16.0,1.2,0.0,25.9,-7.0,0.0,0.0,0.0,0.659,0.791,61.1,0.0,0.0,0.0,,0.0,887.0,62.6,102.2,0.0,0.0,0.0,0.0,149.0,933.8,143.6,788.0,147.2,908.6,145.4,950.0,0.0,0.0,102.74,146.3,115.7,72.14,0.018819444444444444,0.8433333333333333,0.0,386.6,2026-02-13 17:11:43-08:00,146.3,83.70000000000002,40.13999999999999,0.48,0.48,True
71.06,1.0,9.0,2026-02-14 01:12:48,37.08163,-121.59962,359.0,0.0,27.5,-12.6,0.0,0.0,0.0,0.0,0.0,10.8,-1.5,50.8,0.0,103.0,-0.0,-0.03,1.0,0.0,-33.0,0.0,30.11,340.0,0.0,0.0,326.0,0.0,0.0,0.0,0.0,0.0,0.0,0.0,0.0,0.0,0.0,0.0,0.0,0.0,0.0,0.0,-28.0,0.0,0.0,0.0,0.0,0.0,0.0,0.0,0.0,61.0,869.0,869.0,15.1,2.5,0.0,2.5,26.0,0.0,0.0,35.9,0.0,0.0,35.8,1.4,0.6,-16.0,1.1,0.0,26.0,-7.0,0.0,0.0,0.0,0.659,0.791,60.5,0.0,0.0,0.0,,0.0,869.0,62.6,102.2,0.0,0.0,0.0,0.0,149.0,941.0,145.4,800.6,147.2,914.0,147.2,955.4,0.0,0.0,102.56,147.2,116.6,71.96000000000001,0.01951388888888889,0.8433333333333333,0.0,386.6,2026-02-13 17:11:43-08:00,147.2,84.6,39.96,0.48,0.48,True
72.06,1.0,9.0,2026-02-14 01:12:49,37.08163,-121.59962,360.0,0.0,27.5,-12.6,0.0,0.0,0.0,0.0,0.0,10.9,-1.5,50.8,0.0,103.0,-0.0,-0.03,1.0,0.0,-20.0,0.0,30.11,340.0,0.0,0.0,326.0,0.0,0.0,0.0,0.0,0.0,0.0,0.0,0.0,0.0,0.0,0.0,0.0,0.0,0.0,0.0,-33.0,0.0,0.0,0.0,0.0,0.0,0.0,0.0,0.0,60.0,875.0,875.0,15.2,2.4,0.0,2.4,26.0,0.0,0.0,35.9,0.0,0.0,43.5,1.4,0.6,-16.0,1.1,0.0,26.0,-7.0,0.0,0.0,0.0,0.658,0.791,60.5,0.0,0.0,0.0,,0.0,875.0,62.6,102.2,0.0,0.0,0.0,0.0,149.0,948.2,145.4,820.4,147.2,919.4,147.2,960.8,0.0,0.0,102.56,147.2,116.6,71.96000000000001,0.020194444444444445,0.8433333333333333,0.0,386.6,2026-02-13 17:11:43-08:00,147.2,84.6,39.96,0.48,0.48,True
73.06,1.0,9.0,2026-02-14 01:12:50,37.08163,-121.59962,360.0,0.0,27.5,-12.6,0.0,0.0,0.0,0.0,0.0,10.8,-1.6,50.7,0.0,103.0,-0.1,-0.03,1.0,0.0,8.0,0.0,30.11,340.0,0.0,0.0,326.0,0.0,0.0,0.0,0.0,0.0,0.0,0.0,0.0,0.0,0.0,0.0,0.0,0.0,0.0,0.0,-36.0,0.0,0.0,0.0,0.0,0.0,0.0,0.0,0.0,62.0,914.0,914.0,14.9,2.4,0.0,2.4,26.0,0.0,0.0,35.9,0.0,0.0,49.1,1.4,0.6,-16.0,1.1,0.0,26.0,-7.0,0.0,0.0,0.0,0.658,0.791,61.7,0.0,0.0,0.0,,0.0,914.0,62.6,102.2,0.0,0.0,0.0,0.0,150.8,955.4,145.4,838.4,147.2,924.8,147.2,966.2,0.0,0.0,102.74,147.65,117.05,72.14,0.02086111111111111,0.8433333333333333,0.0,386.6,2026-02-13 17:11:43-08:00,147.64999999999998,85.04999999999998,40.13999999999999,0.48,0.48,True
74.06,1.0,9.0,2026-02-14 01:12:51,37.08163,-121.59962,361.0,0.0,27.5,-12.6,0.0,0.0,0.0,0.0,0.0,10.9,-1.6,50.8,0.0,103.0,-0.0,-0.03,0.9,0.0,8.0,0.0,30.11,340.0,0.0,0.0,326.0,0.0,0.0,0.0,0.0,0.0,0.0,0.0,0.0,0.0,0.0,0.0,0.0,0.0,0.0,0.0,-39.0,0.0,0.0,0.0,0.0,3.0,0.0,0.0,1200.0,61.0,896.0,896.0,14.8,2.4,0.0,2.4,26.0,0.0,0.0,35.9,0.0,0.0,50.5,1.4,0.6,-16.0,1.0,0.0,26.0,-7.0,0.0,0.0,0.0,0.658,0.791,61.3,0.0,0.0,0.0,,0.0,896.0,62.6,102.2,0.0,0.0,0.0,0.0,150.8,960.8,147.2,852.8,149.0,928.4,147.2,971.6,0.0,0.0,102.2,148.55,117.95,71.6,0.021527777777777778,0.8433333333333333,0.0,386.6,2026-02-13 17:11:43-08:00,148.55,85.95000000000002,39.6,0.48,0.48,True
75.06,1.0,9.0,2026-02-14 01:12:52,37.08163,-121.59962,362.0,0.0,27.5,-12.6,0.0,0.0,0.0,0.0,0.0,10.8,-1.6,50.8,0.0,103.0,0.0,-0.03,1.0,0.0,-55.0,0.0,30.11,340.0,0.0,0.0,326.0,0.0,0.0,0.0,0.0,0.0,0.0,0.0,0.0,0.0,0.0,0.0,0.0,0.0,0.0,0.0,-40.0,0.0,0.0,0.0,0.0,1.0,0.0,0.0,1200.0,62.0,912.0,912.0,14.8,2.4,0.0,2.4,26.0,0.0,0.0,35.9,0.0,0.0,47.4,1.4,0.6,-16.0,1.0,0.0,26.0,-7.0,0.0,0.0,0.0,0.658,0.791,61.6,0.0,0.0,0.0,,0.0,912.0,62.6,102.2,0.0,0.0,0.0,0.0,150.8,964.4,147.2,869.0,149.0,933.8,149.0,977.0,0.0,0.0,101.84,149.0,118.4,71.24,0.022194444444444444,0.8433333333333333,0.0,386.6,2026-02-13 17:11:43-08:00,149.0,86.4,39.24,0.48,0.48,True
76.06,1.0,9.0,2026-02-14 01:12:53,37.08163,-121.59962,363.0,0.0,27.5,-12.6,0.0,0.0,0.0,0.0,0.0,10.8,-1.6,50.8,0.0,103.0,-0.0,-0.03,1.0,0.0,-12.0,0.0,30.11,340.0,0.0,0.0,326.0,0.0,0.0,0.0,0.0,0.0,0.0,0.0,0.0,0.0,0.0,0.0,0.0,0.0,0.0,0.0,-41.0,0.0,0.0,0.0,0.0,1.0,0.0,0.0,1200.0,62.0,927.0,927.0,14.7,2.4,0.0,2.4,26.0,0.0,0.0,35.9,0.0,0.0,42.9,1.4,0.6,-16.0,1.0,0.0,26.0,-7.0,0.0,0.0,0.0,0.658,0.791,61.8,0.0,0.0,0.0,,0.0,927.0,62.6,102.2,0.0,0.0,0.0,0.0,150.8,973.4,147.2,881.6,149.0,937.4,149.0,982.4,0.0,0.0,101.48,149.0,118.4,70.88,0.02286111111111111,0.8433333333333333,0.0,386.6,2026-02-13 17:11:43-08:00,149.0,86.4,38.88,0.48,0.48,True
77.06,1.0,9.0,2026-02-14 01:12:54,37.08163,-121.59962,363.0,0.0,27.5,-12.6,0.0,0.0,0.0,0.0,0.0,10.8,-1.6,50.8,0.0,103.0,-0.0,-0.03,1.0,0.0,6.0,0.0,30.11,341.0,0.0,0.0,326.0,0.0,0.0,0.0,0.0,0.0,0.0,0.0,0.0,0.0,0.0,0.0,0.0,0.0,0.0,0.0,-43.0,0.0,0.0,0.0,0.0,0.0,0.0,0.0,0.0,62.0,940.0,940.0,14.6,2.4,0.0,2.4,26.0,0.0,0.0,35.9,0.0,0.0,38.3,1.4,0.6,-16.0,1.0,0.0,26.0,-7.0,0.0,0.0,0.0,0.658,0.791,62.0,0.0,0.0,0.0,,0.0,940.0,62.6,100.4,0.0,0.0,0.0,0.0,152.6,977.0,147.2,894.2,150.8,942.8,150.8,984.2,0.0,0.0,101.3,150.35,119.75,70.7,0.023527777777777776,0.8433333333333333,0.0,386.6,2026-02-13 17:11:43-08:00,150.35,87.75,38.699999999999996,0.48,0.48,True
78.06,1.0,9.0,2026-02-14 01:12:55,37.08163,-121.59962,364.0,0.0,27.5,-12.6,0.0,0.0,0.0,0.0,0.0,10.9,-1.7,50.8,0.0,103.0,-0.0,-0.03,1.0,0.0,2.0,0.0,30.11,341.0,0.0,0.0,326.0,0.0,0.0,0.0,0.0,0.0,0.0,0.0,0.0,0.0,0.0,0.0,0.0,0.0,0.0,0.0,-44.0,0.0,0.0,0.0,0.0,0.0,0.0,0.0,0.0,62.0,933.0,933.0,14.3,2.3,0.0,2.3,26.0,0.0,0.0,35.9,0.0,0.0,34.0,1.4,0.6,-16.0,1.0,0.0,26.0,-7.0,0.0,0.0,0.0,0.658,0.791,62.2,0.0,0.0,0.0,,0.0,933.0,62.6,100.4,0.0,0.0,0.0,0.0,152.6,982.4,149.0,906.8,150.8,946.4,150.8,989.6,0.0,0.0,100.94,150.8,120.2,70.34,0.024180555555555556,0.8433333333333333,0.0,386.6,2026-02-13 17:11:43-08:00,150.8,88.20000000000002,38.339999999999996,0.48,0.48,True
79.06,1.0,9.0,2026-02-14 01:12:56,37.08163,-121.59962,365.0,0.0,27.5,-12.6,0.0,0.0,0.0,0.0,0.0,10.8,-1.6,50.8,0.0,103.0,-0.0,-0.03,1.0,0.0,-23.0,0.0,30.11,341.0,0.0,0.0,326.0,0.0,0.0,0.0,0.0,0.0,0.0,0.0,0.0,0.0,0.0,0.0,0.0,0.0,0.0,0.0,-46.0,0.0,0.0,0.0,0.0,0.0,0.0,0.0,0.0,62.0,923.0,923.0,14.1,2.3,0.0,2.3,26.0,0.0,0.0,35.9,0.0,0.0,30.1,1.4,0.6,-16.0,1.0,0.0,26.0,-7.0,0.0,0.0,0.0,0.657,0.791,62.2,0.0,0.0,0.0,,0.0,923.0,62.6,100.4,0.0,0.0,0.0,0.0,152.6,989.6,149.0,915.8,150.8,950.0,150.8,993.2,0.0,0.0,100.76,150.8,120.2,70.16,0.024819444444444443,0.8433333333333333,0.0,386.6,2026-02-13 17:11:43-08:00,150.8,88.20000000000002,38.160000000000004,0.48,0.48,True
80.06,1.0,9.0,2026-02-14 01:12:57,37.08163,-121.59962,366.0,0.0,27.5,-12.6,0.0,0.0,0.0,0.0,0.0,10.8,-1.6,50.9,0.0,103.0,-0.0,-0.03,1.0,0.0,-57.0,0.0,30.11,349.0,0.0,0.0,326.0,0.0,0.0,0.0,0.0,0.0,0.0,0.0,0.0,0.0,0.0,0.0,0.0,0.0,0.0,0.0,-47.0,0.0,0.0,0.0,0.0,0.0,0.0,0.0,0.0,61.0,854.0,854.0,14.1,2.3,0.0,2.3,26.0,0.0,0.0,35.9,0.0,0.0,27.0,1.4,0.6,-16.0,1.0,0.0,26.0,-7.0,0.0,0.0,0.0,0.657,0.791,60.7,0.0,0.0,0.0,,0.0,854.0,62.6,100.4,0.0,0.0,0.0,0.0,152.6,995.0,149.0,924.8,152.6,951.8,152.6,998.6,0.0,0.0,100.58,151.7,121.1,69.98,0.025458333333333333,0.8433333333333333,0.0,386.6,2026-02-13 17:11:43-08:00,151.7,89.1,37.98,0.48,0.48,True
81.06,1.0,9.0,2026-02-14 01:12:58,37.08163,-121.59962,367.0,0.0,27.5,-12.6,0.0,0.0,0.0,0.0,0.0,10.8,-1.7,50.9,0.0,103.0,-0.0,-0.03,1.0,0.0,-53.0,0.0,30.11,349.0,0.0,0.0,326.0,0.0,0.0,0.0,0.0,0.0,0.0,0.0,0.0,0.0,0.0,0.0,0.0,0.0,0.0,0.0,-47.0,0.0,0.0,0.0,0.0,0.0,0.0,0.0,0.0,59.0,826.0,826.0,14.5,2.2,0.0,2.2,26.0,0.0,0.0,35.9,0.0,0.0,24.3,1.4,0.6,-16.0,1.0,0.0,26.0,-7.0,0.0,0.0,0.0,0.657,0.792,59.4,0.0,0.0,0.0,,0.0,826.0,62.6,100.4,0.0,0.0,0.0,0.0,154.4,996.8,149.0,932.0,152.6,953.6,152.6,1000.4,0.0,0.0,100.58,152.15,121.55,69.98,0.026083333333333333,0.8433333333333333,0.0,386.6,2026-02-13 17:11:43-08:00,152.15,89.55000000000001,37.98,0.48,0.48,True
82.06,1.0,9.0,2026-02-14 01:12:59,37.08163,-121.59962,367.0,0.0,27.5,-12.6,0.0,0.0,0.0,0.0,0.0,10.8,-1.6,50.9,0.0,103.0,-0.0,-0.03,1.0,0.0,-54.0,0.0,30.11,348.0,0.0,0.0,326.0,0.0,0.0,0.0,0.0,0.0,0.0,0.0,0.0,0.0,0.0,0.0,0.0,0.0,0.0,0.0,-47.0,0.0,0.0,0.0,0.0,0.0,0.0,0.0,0.0,59.0,823.0,823.0,14.5,2.1,0.0,2.1,26.0,0.0,0.0,35.9,0.0,0.0,21.9,1.4,0.6,-16.0,1.0,0.0,26.0,-7.0,0.0,0.0,0.0,0.656,0.791,59.4,0.0,0.0,0.0,,0.0,823.0,62.6,100.4,0.0,0.0,0.0,0.0,154.4,995.0,150.8,932.0,152.6,955.4,152.6,1002.2,0.0,0.0,100.4,152.6,122.0,69.8,0.026680555555555555,0.8433333333333333,0.0,386.6,2026-02-13 17:11:43-08:00,152.6,90.0,37.800000000000004,0.48,0.48,True
83.06,1.0,9.0,2026-02-14 01:13:00,37.08163,-121.59962,368.0,0.0,27.5,-12.6,0.0,0.0,0.0,0.0,0.0,10.9,-1.6,50.9,0.0,103.0,0.0,-0.02,1.0,0.0,-42.0,0.0,30.11,348.0,0.0,0.0,326.0,0.0,0.0,0.0,0.0,0.0,0.0,0.0,0.0,0.0,0.0,0.0,0.0,0.0,0.0,0.0,-47.0,0.0,0.0,0.0,0.0,0.0,0.0,0.0,0.0,59.0,828.0,828.0,14.6,2.1,0.0,2.1,26.0,0.0,0.0,35.9,0.0,0.0,19.8,1.4,0.6,-16.0,1.0,0.0,26.0,-7.0,0.0,0.0,0.0,0.657,0.792,59.4,0.0,0.0,0.0,,0.0,828.0,62.6,100.4,0.0,0.0,0.0,0.0,154.4,996.8,150.8,939.2,152.6,957.2,152.6,1004.0,0.0,0.0,100.22,152.6,122.0,69.62,0.02726388888888889,0.8433333333333333,0.0,386.6,2026-02-13 17:11:43-08:00,152.6,90.0,37.62,0.48,0.48,True
84.06,1.0,9.0,2026-02-14 01:13:01,37.08163,-121.59962,369.0,0.0,27.5,-12.6,0.0,0.0,0.0,0.0,0.0,10.9,-1.6,50.9,0.0,102.0,-0.0,-0.03,1.0,0.0,-48.0,0.0,30.11,347.0,0.0,0.0,326.0,0.0,0.0,0.0,0.0,0.0,0.0,0.0,0.0,0.0,0.0,0.0,0.0,0.0,0.0,0.0,-48.0,0.0,0.0,0.0,0.0,0.0,0.0,0.0,0.0,60.0,854.0,854.0,14.5,2.0,0.0,2.0,26.0,0.0,0.0,35.9,0.0,0.0,18.0,1.4,0.6,-16.0,1.0,0.0,26.0,-7.0,0.0,0.0,0.0,0.656,0.791,59.6,0.0,0.0,0.0,,0.0,854.0,62.6,100.4,0.0,0.0,0.0,0.0,156.2,998.6,150.8,946.4,154.4,959.0,154.4,1009.4,0.0,0.0,100.22,153.95,123.35,69.62,0.02783333333333333,0.8433333333333333,0.0,386.6,2026-02-13 17:11:43-08:00,153.95,91.35,37.62,0.48,0.48,True
85.06,1.0,9.0,2026-02-14 01:13:02,37.08162,-121.59959,369.0,0.0,27.5,-12.6,0.0,0.0,0.0,0.0,0.0,10.8,-1.6,50.9,0.0,102.0,-0.0,-0.03,0.9,0.0,-25.0,0.0,30.11,347.0,0.0,0.0,326.0,0.0,0.0,0.0,0.0,0.0,0.0,0.0,0.0,0.0,0.0,0.0,0.0,0.0,0.0,0.0,-48.0,0.0,0.0,0.0,0.0,0.0,0.0,0.0,0.0,60.0,838.0,838.0,14.4,2.0,0.0,2.0,26.0,0.0,0.0,35.9,0.0,0.0,16.4,1.4,0.6,-16.0,1.0,0.0,26.0,-7.0,0.0,0.0,0.0,0.656,0.792,59.6,0.0,0.0,0.0,,0.0,838.0,62.6,100.4,0.0,0.0,0.0,0.0,156.2,998.6,150.8,953.6,154.4,964.4,156.2,1013.0,0.0,0.0,100.04,154.4,123.8,69.44,0.028388888888888887,0.8433333333333333,0.0,386.6,2026-02-13 17:11:43-08:00,154.4,91.80000000000001,37.440000000000005,0.48,0.48,True
86.06,1.0,9.0,2026-02-14 01:13:03,37.08162,-121.59959,390.0,0.0,27.5,-12.6,0.0,0.0,0.0,0.0,0.0,10.8,-1.6,50.9,0.0,102.0,0.0,-0.03,1.0,0.0,10.0,0.0,30.11,347.0,0.0,0.0,326.0,0.0,0.0,0.0,0.0,0.0,0.0,0.0,0.0,0.0,0.0,0.0,0.0,0.0,0.0,0.0,-48.0,0.0,0.0,0.0,0.0,0.0,0.0,0.0,0.0,59.0,832.0,832.0,14.3,1.9,0.0,1.9,26.0,0.0,0.0,35.9,0.0,0.0,14.7,1.4,0.6,-16.0,1.0,0.0,26.0,-7.0,0.0,0.0,0.0,0.656,0.791,59.4,0.0,0.0,0.0,,0.0,832.0,62.6,100.4,0.0,0.0,0.0,0.0,156.2,1000.4,152.6,960.8,156.2,968.0,156.2,1013.0,0.0,0.0,99.86,155.3,124.7,69.26,0.028930555555555557,0.8433333333333333,0.0,386.6,2026-02-13 17:11:43-08:00,155.3,92.70000000000002,37.26,0.48,0.48,True
87.06,1.0,9.0,2026-02-14 01:13:04,37.08162,-121.59959,390.0,0.0,27.5,-12.6,0.0,0.0,0.0,0.0,0.0,10.8,-1.6,50.9,0.0,102.0,-0.0,-0.03,1.0,0.0,22.0,0.0,30.11,339.0,0.0,0.0,326.0,0.0,0.0,0.0,0.0,0.0,0.0,0.0,0.0,0.0,0.0,0.0,0.0,0.0,0.0,0.0,-48.0,0.0,0.0,0.0,0.0,0.0,0.0,0.0,0.0,59.0,827.0,827.0,14.4,1.9,0.0,1.9,26.0,0.0,0.0,35.9,0.0,0.0,13.4,1.4,0.6,-16.0,0.0,0.0,26.0,-7.0,0.0,0.0,0.0,0.656,0.791,59.4,0.0,0.0,0.0,,0.0,827.0,62.6,100.4,0.0,0.0,0.0,0.0,156.2,1004.0,152.6,966.2,156.2,971.6,156.2,1016.6,0.0,0.0,99.86,155.3,124.7,69.26,0.029458333333333333,0.8433333333333333,0.0,386.6,2026-02-13 17:11:43-08:00,155.3,92.70000000000002,37.26,0.48,0.48,True
88.06,1.0,9.0,2026-02-14 01:13:05,37.08162,-121.59959,390.0,0.0,27.5,-12.6,0.0,0.0,0.0,0.0,0.0,10.8,-1.6,51.0,0.0,102.0,0.0,-0.03,1.0,0.0,19.0,0.0,30.11,339.0,0.0,0.0,326.0,0.0,0.0,0.0,0.0,0.0,0.0,0.0,0.0,0.0,0.0,0.0,0.0,0.0,0.0,0.0,-48.0,0.0,0.0,0.0,0.0,0.0,0.0,0.0,0.0,60.0,860.0,860.0,14.4,1.9,0.0,1.9,26.0,0.0,0.0,35.9,0.0,0.0,12.3,1.4,0.6,-16.0,0.0,0.0,26.0,-7.0,0.0,0.0,0.0,0.656,0.792,59.7,0.0,0.0,0.0,,0.0,860.0,62.6,100.4,0.0,0.0,0.0,0.0,158.0,1005.8,152.6,971.6,158.0,973.4,158.0,1018.4,0.0,0.0,99.86,156.65,126.05,69.26,0.02998611111111111,0.8433333333333333,0.0,386.6,2026-02-13 17:11:43-08:00,156.65,94.05000000000001,37.26,0.48,0.48,True
89.06,1.0,9.0,2026-02-14 01:13:06,37.08162,-121.59959,390.0,0.0,27.5,-12.6,0.0,0.0,0.0,0.0,0.0,10.8,-1.6,51.0,0.0,102.0,0.0,-0.03,1.0,0.0,28.0,0.0,30.11,339.0,0.0,0.0,326.0,0.0,0.0,0.0,0.0,0.0,0.0,0.0,0.0,0.0,0.0,0.0,0.0,0.0,0.0,0.0,-48.0,0.0,0.0,0.0,0.0,0.0,0.0,0.0,0.0,60.0,845.0,845.0,14.2,1.9,0.0,1.9,26.0,0.0,0.0,35.9,0.0,0.0,11.4,1.4,0.6,-16.0,0.0,0.0,26.0,-7.0,0.0,0.0,0.0,0.656,0.791,59.9,0.0,0.0,0.0,,0.0,845.0,62.6,100.4,0.0,0.0,0.0,0.0,158.0,1007.6,154.4,975.2,158.0,978.8,158.0,1023.8,0.0,0.0,99.86,157.1,126.5,69.26,0.03051388888888889,0.8433333333333333,0.0,386.6,2026-02-13 17:11:43-08:00,157.1,94.5,37.26,0.48,0.48,True
90.06,1.0,9.0,2026-02-14 01:13:07,37.08162,-121.59959,390.0,0.0,27.5,-12.6,0.0,0.0,0.0,0.0,0.0,10.7,-1.6,51.0,0.0,102.0,-0.0,-0.03,1.0,0.0,48.0,0.0,30.11,337.0,0.0,0.0,326.0,0.0,0.0,0.0,0.0,0.0,0.0,0.0,0.0,0.0,0.0,0.0,0.0,0.0,0.0,0.0,-48.0,0.0,0.0,0.0,0.0,0.0,0.0,0.0,0.0,60.0,861.0,861.0,14.1,1.9,0.0,1.9,26.0,0.0,0.0,35.9,0.0,0.0,10.6,1.4,0.6,-16.0,0.0,0.0,26.0,-7.0,0.0,0.0,0.0,0.656,0.792,60.1,0.0,0.0,0.0,,0.0,861.0,62.6,100.4,0.0,0.0,0.0,0.0,159.8,1009.4,154.4,978.8,158.0,982.4,158.0,1025.6,0.0,0.0,99.68,157.55,126.95,69.08,0.031041666666666665,0.8433333333333333,0.0,386.6,2026-02-13 17:11:43-08:00,157.55,94.95000000000002,37.080000000000005,0.48,0.48,True
91.06,1.0,9.0,2026-02-14 01:13:08,37.08162,-121.59959,390.0,0.0,27.5,-12.6,0.0,0.0,0.0,0.0,0.0,10.7,-1.7,51.0,0.0,102.0,-0.0,-0.03,1.0,0.0,58.0,0.0,30.11,339.0,0.0,0.0,326.0,0.0,0.0,0.0,0.0,0.0,0.0,0.0,0.0,0.0,0.0,0.0,0.0,0.0,0.0,0.0,-48.0,0.0,0.0,0.0,0.0,0.0,0.0,0.0,0.0,59.0,830.0,830.0,14.0,1.9,0.0,1.9,25.9,0.0,0.0,35.9,0.0,0.0,10.0,1.4,0.6,-16.0,0.0,0.0,25.9,-7.0,0.0,0.0,0.0,0.656,0.791,59.4,0.0,0.0,0.0,,0.0,830.0,62.6,100.4,0.0,0.0,0.0,0.0,159.8,1013.0,154.4,980.6,159.8,986.0,159.8,1031.0,0.0,0.0,99.68,158.45,127.85,69.08,0.03156944444444444,0.8433333333333333,0.0,386.6,2026-02-13 17:11:43-08:00,158.45,95.85,37.080000000000005,0.48,0.48,True
92.06,1.0,9.0,2026-02-14 01:13:09,37.08162,-121.59959,390.0,0.0,27.5,-12.6,0.0,0.0,0.0,0.0,0.0,10.8,-1.6,51.0,0.0,102.0,-0.0,-0.03,1.0,0.0,34.0,0.0,30.11,339.0,0.0,0.0,326.0,0.0,0.0,0.0,0.0,0.0,0.0,0.0,0.0,0.0,0.0,0.0,0.0,0.0,0.0,0.0,-48.0,0.0,0.0,0.0,0.0,0.0,0.0,0.0,0.0,59.0,810.0,810.0,14.6,1.9,0.0,1.9,25.9,0.0,0.0,35.9,0.0,0.0,9.4,1.4,0.6,-16.0,0.0,0.0,25.9,-7.0,0.0,0.0,0.0,0.656,0.792,58.8,0.0,0.0,0.0,,0.0,810.0,62.6,100.4,0.0,0.0,0.0,0.0,159.8,1014.8,156.2,975.2,159.8,986.0,159.8,1032.8,0.0,0.0,99.68,158.9,128.3,69.08,0.03209722222222222,0.8433333333333333,0.0,386.6,2026-02-13 17:11:43-08:00,158.9,96.30000000000001,37.080000000000005,0.48,0.48,True
93.06,1.0,9.0,2026-02-14 01:13:10,37.08162,-121.59959,389.0,0.0,27.5,-12.6,0.0,0.0,0.0,0.0,0.0,10.8,-1.7,51.1,0.0,102.0,0.0,-0.03,1.0,0.0,45.0,0.0,30.11,339.0,0.0,0.0,326.0,0.0,0.0,0.0,0.0,0.0,0.0,0.0,0.0,0.0,0.0,0.0,0.0,0.0,0.0,0.0,-48.0,0.0,0.0,0.0,0.0,0.0,0.0,0.0,0.0,62.0,943.0,943.0,13.5,1.8,0.0,1.8,26.2,0.0,0.0,35.9,0.0,0.0,8.9,1.4,0.6,-16.0,0.0,0.0,26.2,-7.0,0.0,0.0,0.0,0.656,0.791,61.7,0.0,0.0,0.0,,0.0,943.0,62.6,100.4,0.0,0.0,0.0,0.0,159.8,1014.8,156.2,971.6,159.8,991.4,159.8,1040.0,0.0,0.0,99.68,158.9,128.3,69.08,0.03261111111111111,0.8433333333333333,0.0,386.6,2026-02-13 17:11:43-08:00,158.9,96.30000000000001,37.080000000000005,0.48,0.48,True
94.06,1.0,9.0,2026-02-14 01:13:11,37.08162,-121.59959,388.0,0.0,27.5,-12.6,0.0,0.0,0.0,0.0,0.0,10.8,-1.6,51.0,0.0,102.0,-0.0,-0.03,0.9,0.0,65.0,0.0,30.11,347.0,0.0,0.0,326.0,0.0,0.0,0.0,0.0,0.0,0.0,0.0,0.0,0.0,0.0,0.0,0.0,0.0,0.0,0.0,-50.0,0.0,0.0,0.0,0.0,0.0,0.0,0.0,0.0,62.0,901.0,901.0,13.0,1.7,0.0,1.7,26.2,0.0,0.0,35.9,0.0,0.0,9.3,1.4,0.6,-16.0,0.0,0.0,26.2,-7.0,0.0,0.0,0.0,0.657,0.791,61.6,0.0,0.0,0.0,,0.0,901.0,62.6,100.4,0.0,0.0,0.0,0.0,161.6,1016.6,156.2,977.0,161.6,1000.4,161.6,1047.2,0.0,0.0,99.68,160.25,129.65,69.08,0.03309722222222222,0.8433333333333333,0.0,386.6,2026-02-13 17:11:43-08:00,160.25,97.65,37.080000000000005,0.48,0.48,True
95.06,1.0,9.0,2026-02-14 01:13:12,37.08162,-121.59959,387.0,0.0,27.5,-12.6,0.0,0.0,0.0,0.0,0.0,10.8,-1.6,51.0,0.0,102.0,0.0,-0.03,1.0,0.0,47.0,0.0,30.11,347.0,0.0,0.0,326.0,0.0,0.0,0.0,0.0,0.0,0.0,0.0,0.0,0.0,0.0,0.0,0.0,0.0,0.0,0.0,-51.0,0.0,0.0,0.0,0.0,0.0,0.0,0.0,0.0,62.0,945.0,945.0,12.8,1.7,0.0,1.7,26.2,0.0,0.0,35.9,0.0,0.0,9.6,1.4,0.6,-16.0,0.0,0.0,26.2,-7.0,0.0,0.0,0.0,0.657,0.791,62.2,0.0,0.0,0.0,,0.0,945.0,62.6,100.4,0.0,0.0,0.0,0.0,161.6,1018.4,158.0,980.6,161.6,1014.8,161.6,1063.4,0.0,0.0,99.68,160.7,130.1,69.08,0.03356944444444444,0.8433333333333333,0.0,386.6,2026-02-13 17:11:43-08:00,160.7,98.1,37.080000000000005,0.48,0.48,True
96.06,1.0,9.0,2026-02-14 01:13:13,37.08162,-121.5996,386.0,0.0,27.5,-12.6,0.0,0.0,0.0,0.0,0.0,10.8,-1.6,51.0,0.0,102.0,-0.0,-0.03,1.0,0.0,25.0,0.0,30.11,347.0,0.0,0.0,326.0,0.0,0.0,0.0,0.0,0.0,0.0,0.0,0.0,0.0,0.0,0.0,0.0,0.0,0.0,0.0,-51.0,0.0,0.0,0.0,0.0,0.0,0.0,0.0,0.0,62.0,941.0,941.0,12.7,1.6,0.0,1.6,26.1,0.0,0.0,35.9,0.0,0.0,9.7,1.4,0.6,-16.0,0.0,0.0,26.1,-7.0,0.0,0.0,0.0,0.657,0.791,62.1,0.0,0.0,0.0,,0.0,941.0,62.6,100.4,0.0,0.0,0.0,0.0,163.4,1020.2,158.0,987.8,163.4,1022.0,163.4,1059.8,0.0,0.0,99.68,162.05,131.45,69.08,0.034027777777777775,0.8433333333333333,0.0,386.6,2026-02-13 17:11:43-08:00,162.05,99.45000000000002,37.080000000000005,0.48,0.48,True
97.06,1.0,9.0,2026-02-14 01:13:14,37.08162,-121.5996,388.0,0.0,27.5,-12.6,0.0,0.0,0.0,0.0,0.0,10.8,-1.6,50.9,0.0,102.0,-0.0,-0.03,1.0,0.0,5.0,0.0,30.11,347.0,0.0,0.0,326.0,0.0,0.0,0.0,0.0,0.0,0.0,0.0,0.0,0.0,0.0,0.0,0.0,0.0,0.0,0.0,-51.0,0.0,0.0,0.0,0.0,0.0,0.0,0.0,0.0,62.0,944.0,944.0,12.6,1.6,0.0,1.6,26.2,0.0,0.0,35.9,0.0,0.0,9.6,1.4,0.6,-16.0,0.0,0.0,26.2,-7.0,0.0,0.0,0.0,0.657,0.791,62.3,0.0,0.0,0.0,,0.0,944.0,62.6,100.4,0.0,0.0,0.0,0.0,163.4,1022.0,158.0,993.2,163.4,1020.2,163.4,1065.2,0.0,0.0,99.68,162.05,131.45,69.08,0.034472222222222224,0.8433333333333333,0.0,386.6,2026-02-13 17:11:43-08:00,162.05,99.45000000000002,37.080000000000005,0.48,0.48,True
98.06,1.0,9.0,2026-02-14 01:13:15,37.08162,-121.5996,387.0,0.0,27.5,-12.6,0.0,0.0,0.0,0.0,0.0,10.8,-1.7,50.9,0.0,102.0,-0.0,-0.03,1.0,0.0,38.0,0.0,30.11,347.0,0.0,0.0,326.0,0.0,0.0,0.0,0.0,0.0,0.0,0.0,0.0,0.0,0.0,0.0,0.0,0.0,0.0,0.0,-52.0,0.0,0.0,0.0,0.0,3.0,0.0,0.0,1200.0,63.0,965.0,965.0,12.6,1.6,0.0,1.6,26.2,0.0,0.0,35.9,0.0,0.0,9.4,1.4,0.6,-16.0,0.0,0.0,26.2,-7.0,0.0,0.0,0.0,0.657,0.791,62.9,0.0,0.0,0.0,,0.0,965.0,62.6,100.4,0.0,0.0,0.0,0.0,165.2,1023.8,159.8,998.6,165.2,1025.6,165.2,1070.6,0.0,0.0,99.68,163.85,133.25,69.08,0.034916666666666665,0.8433333333333333,0.0,386.6,2026-02-13 17:11:43-08:00,163.85,101.25,37.080000000000005,0.48,0.48,True
99.06,1.0,9.0,2026-02-14 01:13:16,37.08162,-121.5996,387.0,0.0,27.5,-12.6,0.0,0.0,0.0,0.0,0.0,10.8,-1.7,50.9,0.0,102.0,-0.0,-0.03,1.0,0.0,6.0,0.0,30.11,347.0,0.0,0.0,326.0,0.0,0.0,0.0,0.0,0.0,0.0,0.0,0.0,0.0,0.0,0.0,0.0,0.0,0.0,0.0,-52.0,0.0,0.0,0.0,0.0,1.0,0.0,0.0,1200.0,63.0,956.0,956.0,12.5,1.6,0.0,1.6,26.2,0.0,0.0,35.9,0.0,0.0,9.3,1.4,0.6,-16.0,0.0,0.0,26.2,-7.0,0.0,0.0,0.0,0.657,0.791,62.9,0.0,0.0,0.0,,0.0,956.0,62.6,100.4,0.0,0.0,0.0,0.0,165.2,1025.6,159.8,1002.2,165.2,1031.0,165.2,1085.0,0.0,0.0,99.68,163.85,133.25,69.08,0.03536111111111111,0.8433333333333333,0.0,386.6,2026-02-13 17:11:43-08:00,163.85,101.25,37.080000000000005,0.48,0.48,True
100.06,1.0,9.0,2026-02-14 01:13:17,37.08162,-121.59961,387.0,0.0,27.5,-12.6,0.0,0.0,0.0,0.0,0.0,10.7,-1.7,50.9,0.0,102.0,-0.0,-0.03,1.0,0.0,8.0,0.0,30.11,347.0,0.0,0.0,326.0,0.0,0.0,0.0,0.0,0.0,0.0,0.0,0.0,0.0,0.0,0.0,0.0,0.0,0.0,0.0,-52.0,0.0,0.0,0.0,0.0,1.0,0.0,0.0,1200.0,63.0,984.0,984.0,12.5,1.6,0.0,1.6,26.2,0.0,0.0,35.9,0.0,0.0,9.2,1.4,0.6,-16.0,0.0,0.0,26.2,-7.0,0.0,0.0,0.0,0.657,0.791,63.4,0.0,0.0,0.0,,0.0,984.0,62.6,100.4,0.0,0.0,0.0,0.0,165.2,1027.4,159.8,1009.4,165.2,1038.2,165.2,1094.0,0.0,0.0,99.68,163.85,133.25,69.08,0.035805555555555556,0.8433333333333333,0.0,386.6,2026-02-13 17:11:43-08:00,163.85,101.25,37.080000000000005,0.48,0.48,True
101.06,1.0,9.0,2026-02-14 01:13:18,37.08162,-121.59961,387.0,0.0,27.5,-12.6,0.0,0.0,0.0,0.0,0.0,10.8,-1.7,50.9,0.0,102.0,-0.0,-0.03,1.0,0.0,-3.0,0.0,30.11,347.0,0.0,0.0,326.0,0.0,0.0,0.0,0.0,0.0,0.0,0.0,0.0,0.0,0.0,0.0,0.0,0.0,0.0,0.0,-53.0,0.0,0.0,0.0,0.0,1.0,0.0,0.0,1200.0,63.0,981.0,981.0,12.5,1.6,0.0,1.6,26.2,0.0,0.0,35.9,0.0,0.0,9.1,1.4,0.6,-16.0,0.0,0.0,26.2,-7.0,0.0,0.0,0.0,0.657,0.791,63.1,0.0,0.0,0.0,,0.0,981.0,62.6,100.4,0.0,0.0,0.0,0.0,167.0,1029.2,161.6,1016.6,167.0,1038.2,167.0,1097.6,0.0,0.0,99.68,165.65,135.05,69.08,0.03625,0.8433333333333333,0.0,386.6,2026-02-13 17:11:43-08:00,165.65,103.05000000000001,37.080000000000005,0.48,0.48,True
102.06,1.0,9.0,2026-02-14 01:13:19,37.08162,-121.59961,387.0,0.0,27.5,-12.6,0.0,0.0,0.0,0.0,0.0,10.8,-1.7,50.9,0.0,102.0,-0.0,-0.03,1.0,0.0,15.0,0.0,30.11,347.0,0.0,0.0,326.0,0.0,0.0,0.0,0.0,0.0,0.0,0.0,0.0,0.0,0.0,0.0,0.0,0.0,0.0,0.0,-53.0,0.0,0.0,0.0,0.0,1.0,0.0,0.0,1200.0,64.0,987.0,987.0,12.5,1.6,0.0,1.6,26.2,0.0,0.0,35.9,0.0,0.0,8.9,1.4,0.6,-16.0,0.0,0.0,26.2,-7.0,0.0,0.0,0.0,0.657,0.791,63.6,0.0,0.0,0.0,,0.0,987.0,62.6,100.4,0.0,0.0,0.0,0.0,167.0,1031.0,163.4,1022.0,167.0,1043.6,167.0,1103.0,0.0,0.0,99.5,166.1,135.5,68.9,0.036694444444444446,0.8433333333333333,0.0,386.6,2026-02-13 17:11:43-08:00,166.1,103.5,36.9,0.48,0.48,True
103.06,1.0,9.0,2026-02-14 01:13:20,37.08162,-121.59961,388.0,0.0,27.5,-12.6,0.0,0.0,0.0,0.0,0.0,10.8,-1.7,50.9,0.0,102.0,-0.0,-0.03,1.0,0.0,21.0,0.0,30.11,337.0,0.0,0.0,326.0,0.0,0.0,0.0,0.0,0.0,0.0,0.0,0.0,0.0,0.0,0.0,0.0,0.0,0.0,0.0,-53.0,0.0,0.0,0.0,0.0,1.0,0.0,0.0,1200.0,64.0,955.0,955.0,12.5,1.6,0.0,1.6,26.2,0.0,0.0,35.9,0.0,0.0,8.8,1.4,0.6,-16.0,0.0,0.0,26.2,-7.0,0.0,0.0,0.0,0.656,0.791,63.5,0.0,0.0,0.0,,0.0,955.0,62.6,100.4,0.0,0.0,0.0,0.0,168.8,1032.8,163.4,1025.6,167.0,1049.0,168.8,1110.2,0.0,0.0,99.5,167.0,136.4,68.9,0.03713888888888889,0.8433333333333333,0.0,386.6,2026-02-13 17:11:43-08:00,167.0,104.4,36.9,0.48,0.48,True
104.06,1.0,9.0,2026-02-14 01:13:21,37.08162,-121.59961,388.0,0.0,27.5,-12.6,0.0,0.0,0.0,0.0,0.0,10.8,-1.7,50.9,0.0,102.0,-0.0,-0.02,1.0,0.0,35.0,0.0,30.11,339.0,0.0,0.0,326.0,0.0,0.0,0.0,0.0,0.0,0.0,0.0,0.0,0.0,0.0,0.0,0.0,0.0,0.0,0.0,-54.0,0.0,0.0,0.0,0.0,1.0,0.0,0.0,1200.0,64.0,1004.0,1004.0,12.5,1.6,0.0,1.6,26.2,0.0,0.0,35.9,0.0,0.0,8.7,1.4,0.6,-16.0,0.0,0.0,26.2,-7.0,0.0,0.0,0.0,0.656,0.791,63.7,0.0,0.0,0.0,,0.0,1004.0,62.6,100.4,0.0,0.0,0.0,0.0,168.8,1034.6,163.4,1027.4,168.8,1050.8,168.8,1113.8,0.0,0.0,99.5,167.45,136.85,68.9,0.03758333333333333,0.8433333333333333,0.0,386.6,2026-02-13 17:11:43-08:00,167.45,104.85,36.9,0.48,0.48,True
105.06,1.0,9.0,2026-02-14 01:13:22,37.08162,-121.59961,388.0,0.0,27.5,-12.6,0.0,0.0,0.0,0.0,0.0,10.8,-1.6,51.0,0.0,103.0,0.0,-0.03,0.9,0.0,61.0,0.0,30.11,340.0,0.0,0.0,326.0,0.0,0.0,0.0,0.0,0.0,0.0,0.0,0.0,0.0,0.0,0.0,0.0,0.0,0.0,0.0,-54.0,0.0,0.0,0.0,0.0,1.0,0.0,0.0,1200.0,64.0,1001.0,1001.0,12.4,1.6,0.0,1.6,26.2,0.0,0.0,35.9,0.0,0.0,8.6,1.4,0.6,-16.0,0.0,0.0,26.2,-7.0,0.0,0.0,0.0,0.656,0.791,63.9,0.0,0.0,0.0,,0.0,1001.0,62.6,100.4,0.0,0.0,0.0,0.0,170.6,1036.4,165.2,1034.6,168.8,1056.2,170.6,1119.2,0.0,0.0,99.5,168.8,138.2,68.9,0.03802777777777778,0.8433333333333333,0.0,386.6,2026-02-13 17:11:43-08:00,168.79999999999998,106.19999999999999,36.9,0.48,0.48,True
106.06,1.0,9.0,2026-02-14 01:13:23,37.08162,-121.59961,388.0,0.0,27.5,-12.6,0.0,0.0,0.0,0.0,0.0,10.8,-1.6,51.0,0.0,103.0,-0.0,-0.03,1.0,0.0,28.0,0.0,30.11,340.0,0.0,0.0,326.0,0.0,0.0,0.0,0.0,0.0,0.0,0.0,0.0,0.0,0.0,0.0,0.0,0.0,0.0,0.0,-54.0,0.0,0.0,0.0,0.0,1.0,0.0,0.0,1200.0,64.0,1008.0,1008.0,12.2,1.6,0.0,1.6,26.2,0.0,0.0,35.9,0.0,0.0,8.4,1.4,0.6,-16.0,0.0,0.0,26.2,-7.0,0.0,0.0,0.0,0.656,0.791,64.2,0.0,0.0,0.0,,0.0,1008.0,62.6,100.4,0.0,0.0,0.0,0.0,170.6,1038.2,165.2,1038.2,170.6,1059.8,170.6,1124.6,0.0,0.0,99.5,169.25,138.65,68.9,0.03847222222222222,0.8433333333333333,0.0,386.6,2026-02-13 17:11:43-08:00,169.25,106.65,36.9,0.48,0.48,True
107.06,1.0,9.0,2026-02-14 01:13:24,37.08162,-121.59961,389.0,0.1,27.5,-12.6,0.0,0.0,0.0,0.0,0.0,10.8,-1.6,51.0,0.0,103.0,0.0,-0.03,0.9,0.0,28.0,0.0,30.11,340.0,0.0,0.0,326.0,0.0,0.0,0.0,0.0,0.0,0.0,0.0,0.0,0.0,0.0,0.0,0.0,0.0,0.0,0.0,-54.0,0.0,0.0,0.0,0.0,1.0,0.0,0.0,1200.0,63.0,954.0,954.0,12.3,1.6,0.0,1.6,26.2,0.0,0.0,35.9,0.0,0.0,8.3,1.4,0.6,-16.0,0.0,0.0,26.2,-7.0,0.0,0.0,0.0,0.657,0.791,63.0,0.0,0.0,0.0,,0.0,954.0,62.6,100.4,0.0,0.0,0.0,0.0,170.6,1040.0,167.0,1045.4,170.6,1061.6,170.6,1124.6,0.0,0.0,99.5,169.7,139.1,68.9,0.03891666666666667,0.9276666666666666,0.0625,386.6,2026-02-13 17:11:43-08:00,169.7,107.1,36.9,0.48,0.48,True
108.06,1.0,9.0,2026-02-14 01:13:25,37.08162,-121.59961,389.0,0.0,27.5,-12.6,0.0,0.0,0.0,0.0,0.0,10.8,-1.6,51.0,0.0,104.0,-0.0,-0.03,1.0,0.0,47.0,0.0,30.11,341.0,0.0,0.0,326.0,0.0,0.0,0.0,0.0,0.0,0.0,0.0,0.0,0.0,0.0,0.0,0.0,0.0,0.0,0.0,-55.0,0.0,0.0,0.0,0.0,1.0,0.0,0.0,1200.0,64.0,982.0,982.0,12.4,1.6,0.0,1.6,26.2,0.0,0.0,35.9,0.0,0.0,8.1,1.4,0.6,-16.0,0.0,0.0,26.2,-7.0,0.0,0.0,0.0,0.657,0.791,63.7,0.0,0.0,0.0,,0.0,982.0,62.6,100.4,0.0,0.0,0.0,0.0,172.4,1041.8,167.0,1047.2,172.4,1067.0,172.4,1130.0,0.0,0.0,99.5,171.05,140.45,68.9,0.03936111111111111,1.012,0.0,386.6,2026-02-13 17:11:43-08:00,171.05,108.45000000000002,36.9,0.48,0.48,True
109.06,1.0,9.0,2026-02-14 01:13:26,37.08162,-121.59961,389.0,0.0,27.5,-12.6,0.0,0.0,0.0,0.0,0.0,10.8,-1.6,51.0,0.0,104.0,-0.0,-0.03,1.0,0.0,11.0,0.0,30.11,342.0,0.0,0.0,326.0,0.0,0.0,0.0,0.0,0.0,0.0,0.0,0.0,0.0,0.0,0.0,0.0,0.0,0.0,0.0,-55.0,0.0,0.0,0.0,0.0,1.0,0.0,0.0,1200.0,64.0,1002.0,1002.0,12.4,1.6,0.0,1.6,26.2,0.0,0.0,35.9,0.0,0.0,7.9,1.4,0.6,-16.0,0.0,0.0,26.2,-7.0,0.0,0.0,0.0,0.657,0.791,63.8,0.0,0.0,0.0,,0.0,1002.0,62.6,98.6,0.0,0.0,0.0,0.0,172.4,1043.6,167.0,1050.8,172.4,1068.8,172.4,1139.0,0.0,0.0,99.5,171.05,140.45,68.9,0.03980555555555555,1.012,0.0,386.6,2026-02-13 17:11:43-08:00,171.05,108.45000000000002,36.9,0.48,0.48,True
110.06,1.0,9.0,2026-02-14 01:13:27,37.08162,-121.59961,389.0,0.0,27.5,-12.6,0.0,0.0,0.0,0.0,0.0,10.8,-1.6,51.0,0.0,104.0,-0.0,-0.02,1.0,0.0,-2.0,0.0,30.11,342.0,0.0,0.0,326.0,0.0,0.0,0.0,0.0,0.0,0.0,0.0,0.0,0.0,0.0,0.0,0.0,0.0,0.0,0.0,-55.0,0.0,0.0,0.0,0.0,1.0,0.0,0.0,1200.0,64.0,1007.0,1007.0,12.3,1.6,0.0,1.6,26.2,0.0,0.0,35.9,0.0,0.0,7.8,1.4,0.6,-16.0,0.0,0.0,26.2,-7.0,0.0,0.0,0.0,0.657,0.791,63.8,0.0,0.0,0.0,,0.0,1007.0,62.6,98.6,0.0,0.0,0.0,0.0,174.2,1045.4,168.8,1050.8,174.2,1065.2,174.2,1140.8,0.0,0.0,99.5,172.85,142.25,68.9,0.04025,1.012,0.0,386.6,2026-02-13 17:11:43-08:00,172.85000000000002,110.25000000000003,36.9,0.48,0.48,True
111.06,1.0,9.0,2026-02-14 01:13:28,37.08162,-121.59961,389.0,0.1,27.5,-12.6,0.0,0.0,0.0,0.0,0.0,10.8,-1.6,51.0,0.0,104.0,-0.0,-0.03,0.9,0.0,20.0,0.0,30.11,342.0,0.0,0.0,326.0,0.0,0.0,0.0,0.0,0.0,0.0,0.0,0.0,0.0,0.0,0.0,0.0,0.0,0.0,0.0,-55.0,0.0,0.0,0.0,0.0,1.0,0.0,0.0,1200.0,64.0,1001.0,1001.0,12.3,1.6,0.0,1.6,26.2,0.0,0.0,35.9,0.0,0.0,7.8,1.4,0.6,-16.0,0.0,0.0,26.2,-7.0,0.0,0.0,0.0,0.657,0.791,64.1,0.0,0.0,0.0,,0.0,1001.0,62.6,98.6,0.0,0.0,0.0,0.0,174.2,1049.0,168.8,1056.2,174.2,1070.6,174.2,1142.6,0.0,0.0,99.5,172.85,142.25,68.9,0.04069444444444444,1.0963333333333334,0.0625,386.6,2026-02-13 17:11:43-08:00,172.85000000000002,110.25000000000003,36.9,0.48,0.48,True
112.06,1.0,9.0,2026-02-14 01:13:29,37.08162,-121.59961,388.0,0.0,27.5,-12.6,0.0,0.0,0.0,0.0,0.0,10.8,-1.6,51.1,0.0,104.0,0.0,-0.03,0.9,0.0,4.0,0.0,30.11,342.0,0.0,0.0,326.0,0.0,0.0,0.0,0.0,0.0,0.0,0.0,0.0,0.0,0.0,0.0,0.0,0.0,0.0,0.0,-55.0,0.0,0.0,0.0,0.0,1.0,0.0,0.0,1200.0,64.0,1000.0,1000.0,12.2,1.6,0.0,1.6,26.2,0.0,0.0,35.9,0.0,0.0,7.7,1.4,0.6,-16.0,0.0,0.0,26.2,-7.0,0.0,0.0,0.0,0.656,0.791,63.6,0.0,0.0,0.0,,0.0,1000.0,62.6,98.6,0.0,0.0,0.0,0.0,176.0,1050.8,170.6,1059.8,176.0,1074.2,176.0,1153.4,0.0,0.0,99.5,174.65,144.05,68.9,0.04113888888888889,1.1806666666666665,0.0,386.6,2026-02-13 17:11:43-08:00,174.65,112.05000000000001,36.9,0.48,0.48,True
113.06,1.0,9.0,2026-02-14 01:13:30,37.08162,-121.59961,388.0,0.1,27.5,-12.6,0.0,0.0,0.0,0.0,0.0,10.8,-1.6,51.3,0.0,104.0,0.1,-0.04,1.0,0.0,31.0,0.0,30.11,342.0,0.0,0.0,326.0,0.0,0.0,0.0,0.0,0.0,0.0,0.0,0.0,0.0,0.0,0.0,0.0,0.0,0.0,0.0,-55.0,0.0,0.0,0.0,0.0,1.0,0.0,0.0,1200.0,64.0,984.0,984.0,12.3,1.6,0.0,1.6,26.2,0.0,0.0,35.9,0.0,0.0,7.6,1.4,0.6,-16.0,0.0,0.0,26.2,-7.0,0.0,0.0,0.0,0.657,0.791,63.9,0.0,0.0,0.0,,0.0,984.0,62.6,98.6,0.0,0.0,0.0,0.0,176.0,1052.6,170.6,1061.6,176.0,1077.8,176.0,1155.2,0.0,0.0,99.5,174.65,144.05,68.9,0.04158333333333333,1.265,0.0625,386.6,2026-02-13 17:11:43-08:00,174.65,112.05000000000001,36.9,0.48,0.48,True
114.06,1.0,9.0,2026-02-14 01:13:31,37.08162,-121.59961,388.0,0.0,27.5,-12.6,0.0,0.0,0.0,0.0,0.0,10.7,-1.6,51.1,0.0,104.0,-0.0,-0.02,1.0,0.0,29.0,0.0,30.11,342.0,0.0,0.0,326.0,0.0,0.0,0.0,0.0,0.0,0.0,0.0,0.0,0.0,0.0,0.0,0.0,0.0,0.0,0.0,-56.0,0.0,0.0,0.0,0.0,1.0,0.0,0.0,1200.0,64.0,1001.0,1001.0,12.4,1.6,0.0,1.6,26.2,0.0,0.0,35.9,0.0,0.0,7.5,1.4,0.6,-16.0,0.0,0.0,26.2,-7.0,0.0,0.0,0.0,0.658,0.791,63.8,0.0,0.0,0.0,,0.0,1001.0,62.6,98.6,0.0,0.0,0.0,0.0,177.8,1054.4,170.6,1065.2,176.0,1074.2,177.8,1155.2,0.0,0.0,99.5,175.55,144.95,68.9,0.042027777777777775,1.3493333333333333,0.0,386.6,2026-02-13 17:11:43-08:00,175.55,112.95000000000002,36.9,0.48,0.48,True
115.06,2.0,9.0,2026-02-14 01:13:32,37.08162,-121.59962,390.0,0.0,27.5,-12.6,0.0,0.0,0.0,0.0,0.0,10.7,-1.7,51.1,0.0,104.0,-0.0,-0.03,1.0,0.0,-5.0,0.0,30.11,342.0,0.0,0.0,326.0,0.0,0.0,0.0,0.0,0.0,0.0,0.0,0.0,0.0,0.0,0.0,0.0,0.0,0.0,0.0,-56.0,0.0,0.0,0.0,0.0,1.0,0.0,0.0,1200.0,64.0,1022.0,1022.0,12.3,1.6,0.0,1.6,26.2,0.0,0.0,35.9,0.0,0.0,7.5,1.4,0.6,-16.0,0.0,0.0,26.2,-7.0,0.0,0.0,0.0,0.658,0.791,64.2,0.0,0.0,0.0,,0.0,1022.0,62.6,98.6,0.0,0.0,0.0,0.0,177.8,1054.4,172.4,1065.2,177.8,1077.8,177.8,1158.8,0.0,0.0,99.32,176.45,145.85,68.72,0.042472222222222224,1.3493333333333333,0.0,386.6,2026-02-13 17:11:43-08:00,176.45,113.85,36.71999999999999,0.48,0.48,True
116.06,2.0,9.0,2026-02-14 01:13:33,37.08162,-121.59962,391.0,0.2,27.5,-12.6,0.0,0.0,0.0,0.0,0.0,10.8,-1.6,51.2,0.0,104.0,0.0,-0.03,1.0,0.0,15.0,0.0,30.11,342.0,0.0,0.0,326.0,0.0,0.0,0.0,0.0,0.0,0.0,0.0,0.0,0.0,0.0,0.0,0.0,0.0,0.0,0.0,-59.0,0.0,0.0,0.0,0.0,1.0,0.0,0.0,1200.0,69.0,1248.0,1248.0,14.2,1.8,0.0,1.8,26.1,0.0,0.0,35.9,0.0,0.0,7.4,1.4,0.6,-16.0,0.0,0.0,26.1,-7.0,0.0,0.0,0.0,0.658,0.791,69.0,0.0,0.0,0.0,,0.0,1248.0,62.6,98.6,0.0,0.0,0.0,0.0,177.8,1070.6,172.4,1077.8,177.8,1090.4,179.6,1155.2,0.0,0.0,99.32,176.9,146.3,68.72,0.042944444444444445,1.518,0.11111111111111112,386.6,2026-02-13 17:11:43-08:00,176.89999999999998,114.29999999999998,36.71999999999999,0.48,0.48,True
117.06,2.0,9.0,2026-02-14 01:13:34,37.08162,-121.59962,390.0,0.6,27.5,-12.6,0.0,0.0,0.0,0.0,0.0,10.9,-1.6,51.3,0.0,104.0,0.1,-0.03,1.0,0.0,25.0,0.0,30.11,342.0,0.0,0.0,326.0,0.0,0.0,0.0,0.0,0.0,0.0,0.0,0.0,0.0,0.0,0.0,0.0,-1.0,0.0,0.0,1.0,0.0,0.0,0.0,0.0,1.0,0.0,0.0,1200.0,71.0,1276.0,1276.0,13.5,1.9,0.0,1.9,26.1,0.0,0.0,35.9,0.0,0.0,7.2,1.4,0.6,-16.0,0.0,0.0,26.1,-7.0,0.0,0.0,0.0,0.658,0.791,71.4,0.0,0.0,0.0,,0.0,1276.0,62.6,98.6,0.0,0.0,0.0,0.0,179.6,1094.0,174.2,1092.2,179.6,1119.2,179.6,1178.6,0.0,0.0,99.32,178.25,147.65,68.72,0.043458333333333335,2.1926666666666668,0.3157894736842105,386.6,2026-02-13 17:11:43-08:00,178.25,115.65,36.71999999999999,0.48,0.48,True
118.06,2.0,9.0,2026-02-14 01:13:35,37.08162,-121.59961,390.0,1.2,31.1,-12.6,0.0,0.0,0.0,0.0,0.0,11.2,-1.6,51.7,0.0,105.0,0.3,-0.03,1.0,0.0,40.0,0.0,30.11,343.0,0.0,0.0,326.0,0.0,0.0,0.0,0.0,0.0,0.0,0.0,0.0,0.0,0.0,0.0,0.0,-1.0,0.0,0.0,2.0,0.0,0.0,0.0,0.0,1.0,0.0,0.0,1200.0,71.0,1200.0,1200.0,13.3,1.9,0.0,1.9,26.1,0.0,0.0,35.9,0.0,0.0,7.2,1.4,0.6,-16.0,0.0,0.0,26.1,-7.0,0.0,0.0,0.0,0.662,0.791,70.9,0.0,0.0,0.0,,0.0,1200.0,62.6,98.6,0.0,0.0,0.0,0.0,179.6,1115.6,174.2,1103.0,179.6,1144.4,181.4,1198.4,0.0,0.0,99.32,178.7,148.1,68.72,0.04398611111111111,3.7106666666666666,0.631578947368421,386.6,2026-02-13 17:11:43-08:00,178.70000000000002,116.10000000000002,36.71999999999999,0.48,0.48,True
119.06,2.0,9.0,2026-02-14 01:13:36,37.08162,-121.5996,390.0,1.4,54.8,-12.6,0.0,0.0,0.0,0.0,0.0,11.4,-1.7,52.2,0.0,105.0,0.5,-0.03,0.9,0.0,7.0,0.0,30.11,343.0,0.0,0.0,326.0,0.0,0.0,0.0,0.0,0.0,0.0,0.0,0.0,0.0,0.0,0.0,0.0,-1.0,0.0,0.0,2.0,0.0,0.0,0.0,0.0,1.0,0.0,0.0,1200.0,70.0,1229.0,1229.0,13.3,2.0,0.0,2.0,26.1,0.0,0.0,35.8,0.0,0.0,7.2,1.4,0.6,-16.0,0.0,0.0,26.1,-7.0,0.0,0.0,0.0,0.658,0.791,69.7,0.0,0.0,0.0,,0.0,1229.0,62.6,98.6,0.0,0.0,0.0,0.0,181.4,1130.0,176.0,1094.0,181.4,1148.0,181.4,1212.8,0.0,0.0,99.32,180.05,149.45,68.72,0.04452777777777778,5.903333333333333,0.7,386.6,2026-02-13 17:11:43-08:00,180.04999999999998,117.44999999999999,36.71999999999999,0.48,0.48,True
120.06,2.0,9.0,2026-02-14 01:13:37,37.08162,-121.59959,390.0,2.0,62.8,-12.6,0.0,0.0,0.0,0.0,0.0,11.4,-1.8,52.8,0.0,105.0,0.7,-0.03,1.0,0.0,-5.0,0.0,30.11,343.0,0.0,0.0,326.0,0.0,0.0,0.0,0.0,0.0,0.0,0.0,0.0,0.0,0.0,0.0,0.0,-1.0,0.0,0.0,2.0,0.0,0.0,0.0,0.0,1.0,0.0,0.0,1200.0,71.0,1277.0,1277.0,13.3,2.1,0.0,2.1,26.2,0.0,0.0,35.8,0.0,0.0,7.1,1.4,0.6,-16.0,0.0,0.0,26.2,-7.0,0.0,0.0,0.0,0.657,0.791,71.1,0.0,0.0,0.0,,0.0,1277.0,62.6,98.6,0.0,0.0,0.0,0.0,183.2,1149.8,177.8,1103.0,181.4,1167.8,183.2,1229.0,0.0,0.0,99.32,181.4,150.8,68.72,0.04509722222222222,8.770666666666667,0.9523809523809523,386.6,2026-02-13 17:11:43-08:00,181.40000000000003,118.80000000000004,36.71999999999999,0.48,0.48,True
121.06,2.0,9.0,2026-02-14 01:13:38,37.08163,-121.59959,390.0,2.5,64.2,-12.6,0.0,0.0,0.0,0.0,0.0,10.4,-1.9,54.1,0.0,106.0,1.0,-0.04,0.9,0.0,33.0,0.0,30.11,351.0,0.0,0.0,326.0,0.0,0.0,0.0,0.0,0.0,0.0,0.0,0.0,0.0,0.0,0.0,0.0,-1.0,0.0,0.0,1.0,0.0,0.0,0.0,0.0,1.0,0.0,0.0,1200.0,71.0,1272.0,1272.0,13.2,2.1,0.0,2.1,26.1,0.0,0.0,35.8,0.0,0.0,7.1,1.4,0.6,-16.0,0.0,0.0,26.1,-7.0,0.0,0.0,0.0,0.657,0.791,71.4,0.0,0.0,0.0,,0.0,1272.0,62.6,98.6,0.0,0.0,0.0,0.0,183.2,1157.0,177.8,1113.8,183.2,1176.8,183.2,1241.6,0.0,0.0,99.32,181.85,151.25,68.72,0.04568055555555556,12.565666666666665,1.1904761904761905,386.6,2026-02-13 17:11:43-08:00,181.85000000000002,119.25000000000003,36.71999999999999,0.48,0.48,True
122.06,2.0,9.0,2026-02-14 01:13:39,37.08163,-121.59957,390.0,2.9,63.9,-12.6,0.0,0.0,0.0,0.0,0.0,10.3,-2.0,55.7,0.0,106.0,1.1,-0.04,1.0,0.0,10.0,0.0,30.11,351.0,0.0,0.0,326.0,0.0,0.0,0.0,0.0,0.0,0.0,0.0,0.0,0.0,0.0,0.0,0.0,-1.0,0.0,0.0,2.0,0.0,0.0,0.0,0.0,1.0,0.0,0.0,1200.0,71.0,1241.0,1241.0,13.1,2.1,0.0,2.1,26.1,0.0,0.0,35.8,0.0,0.0,7.0,1.4,0.6,-16.0,0.0,0.0,26.1,-7.0,0.0,0.0,0.0,0.657,0.791,70.7,0.0,0.0,0.0,,0.0,1241.0,62.6,98.6,0.0,0.0,0.0,0.0,185.0,1167.8,179.6,1122.8,183.2,1194.8,185.0,1248.8,0.0,0.0,99.32,183.2,152.6,68.72,0.04626388888888889,17.119666666666667,1.380952380952381,386.6,2026-02-13 17:11:43-08:00,183.2,120.6,36.71999999999999,0.48,0.48,True
123.06,2.0,9.0,2026-02-14 01:13:40,37.08164,-121.59956,389.0,3.2,63.7,-12.6,0.0,0.0,0.0,0.0,0.0,10.4,-2.1,56.9,0.0,106.0,1.0,-0.04,0.9,0.0,7.0,0.0,30.11,351.0,0.0,0.0,326.0,0.0,0.0,0.0,0.0,0.0,0.0,0.0,0.0,0.0,0.0,0.0,0.0,-1.0,0.0,0.0,1.0,0.0,0.0,0.0,0.0,1.0,0.0,0.0,1200.0,71.0,1226.0,1226.0,13.1,2.1,0.0,2.1,26.1,0.0,0.0,35.8,0.0,0.0,7.0,1.4,0.6,-16.0,0.0,0.0,26.1,-7.0,0.0,0.0,0.0,0.657,0.791,70.6,0.0,0.0,0.0,,0.0,1226.0,62.6,98.6,0.0,0.0,0.0,0.0,185.0,1180.4,179.6,1128.2,185.0,1207.4,185.0,1263.2,0.0,0.0,99.32,183.65,153.05,68.72,0.04684722222222222,22.264,1.5238095238095237,386.6,2026-02-13 17:11:43-08:00,183.65,121.05000000000001,36.71999999999999,0.48,0.48,True
124.06,2.0,9.0,2026-02-14 01:13:41,37.08165,-121.59953,389.0,3.1,66.6,-12.6,0.0,0.0,0.0,0.0,0.0,10.5,-2.3,57.4,0.0,106.0,0.6,-0.05,1.0,0.0,25.0,0.0,30.11,344.0,0.0,0.0,326.0,0.0,0.0,0.0,0.0,0.0,0.0,0.0,0.0,0.0,0.0,0.0,0.0,-1.0,0.0,0.0,0.0,0.0,0.0,0.0,0.0,1.0,0.0,0.0,1200.0,71.0,1272.0,1272.0,13.1,2.1,0.0,2.1,26.2,0.0,0.0,35.8,0.0,0.0,6.9,1.4,0.6,-16.0,0.0,0.0,26.2,-7.0,0.0,0.0,0.0,0.658,0.791,71.1,0.0,0.0,0.0,,0.0,1272.0,62.6,98.6,0.0,0.0,0.0,0.0,186.8,1185.8,181.4,1137.2,185.0,1216.4,186.8,1270.4,0.0,0.0,99.32,185.0,154.4,68.72,0.04743055555555555,27.576999999999998,1.4761904761904763,386.6,2026-02-13 17:11:43-08:00,185.0,122.4,36.71999999999999,0.48,0.48,True
125.06,2.0,9.0,2026-02-14 01:13:42,37.08166,-121.59952,390.0,3.0,56.5,-12.6,0.0,0.0,0.0,0.0,0.0,10.6,-2.3,55.5,0.0,106.0,-0.8,-0.03,1.0,0.0,9.0,0.0,30.11,344.0,0.0,0.0,326.0,0.0,0.0,0.0,0.0,0.0,0.0,0.0,0.0,0.0,0.0,0.0,0.0,-1.0,0.0,0.0,0.0,0.0,0.0,0.0,0.0,1.0,0.0,0.0,1200.0,71.0,1246.0,1246.0,13.0,2.1,0.0,2.1,26.2,0.0,0.0,35.8,0.0,0.0,6.8,1.4,0.6,-16.0,0.0,0.0,26.2,-7.0,0.0,0.0,0.0,0.659,0.791,70.8,0.0,0.0,0.0,,0.0,1246.0,62.6,98.6,0.0,0.0,0.0,0.0,188.6,1189.4,183.2,1146.2,186.8,1227.2,186.8,1283.0,0.0,0.0,99.32,186.35,155.75,68.72,0.04801388888888889,32.721333333333334,1.4285714285714286,386.6,2026-02-13 17:11:43-08:00,186.35,123.75,36.71999999999999,0.48,0.48,True
126.06,2.0,9.0,2026-02-14 01:13:43,37.08166,-121.5995,389.0,3.1,57.1,-12.6,0.0,0.0,0.0,0.0,0.0,10.8,-1.8,57.4,0.0,106.0,0.6,-0.05,0.9,0.0,14.0,0.0,30.11,344.0,0.0,0.0,326.0,0.0,0.0,0.0,0.0,0.0,0.0,0.0,0.0,0.0,0.0,0.0,0.0,-1.0,0.0,0.0,-1.0,0.0,0.0,0.0,0.0,1.0,0.0,0.0,1200.0,71.0,1260.0,1260.0,13.0,2.1,0.0,2.1,26.2,0.0,0.0,35.8,0.0,0.0,6.8,1.4,0.6,-16.0,0.0,0.0,26.2,-7.0,0.0,0.0,0.0,0.657,0.791,70.7,0.0,0.0,0.0,,0.0,1260.0,62.6,98.6,0.0,0.0,0.0,0.0,188.6,1196.6,183.2,1155.2,186.8,1238.0,188.6,1295.6,0.0,0.0,99.32,186.8,156.2,68.72,0.04859722222222222,37.86566666666667,1.4761904761904763,386.6,2026-02-13 17:11:43-08:00,186.79999999999998,124.19999999999999,36.71999999999999,0.48,0.48,True
127.06,2.0,9.0,2026-02-14 01:13:44,37.08167,-121.59949,386.0,3.5,62.1,-12.6,0.0,0.0,0.0,0.0,0.0,11.0,-1.6,61.3,0.0,106.0,2.5,-0.04,1.0,0.0,-1.0,0.0,30.11,352.0,0.0,0.0,326.0,0.0,0.0,0.0,0.0,0.0,0.0,0.0,0.0,0.0,0.0,0.0,0.0,-1.0,0.0,0.0,-1.0,0.0,0.0,0.0,0.0,1.0,0.0,0.0,1200.0,71.0,1263.0,1263.0,13.0,2.1,0.0,2.1,26.2,0.0,0.0,35.8,0.0,0.0,6.7,1.4,0.6,-16.0,0.0,0.0,26.2,-7.0,0.0,0.0,0.0,0.656,0.791,70.8,0.0,0.0,0.0,,0.0,1263.0,62.6,98.6,0.0,0.0,0.0,0.0,190.4,1198.4,185.0,1160.6,188.6,1239.8,188.6,1299.2,0.0,0.0,99.32,188.15,157.55,68.72,0.049180555555555554,43.431666666666665,1.6666666666666665,386.6,2026-02-13 17:11:43-08:00,188.15,125.55000000000001,36.71999999999999,0.48,0.48,True
128.06,2.0,9.0,2026-02-14 01:13:45,37.08167,-121.59946,386.0,3.4,68.2,-12.6,0.0,0.0,0.0,0.0,0.0,11.0,-1.6,63.1,0.0,106.0,2.4,-0.04,1.1,0.0,-15.0,0.0,30.11,352.0,0.0,0.0,326.0,0.0,0.0,0.0,0.0,0.0,0.0,0.0,0.0,0.0,0.0,0.0,0.0,-1.0,0.0,0.0,-2.0,0.0,0.0,0.0,0.0,1.0,0.0,0.0,1200.0,71.0,1265.0,1265.0,12.9,2.1,0.0,2.1,26.2,0.0,0.0,35.8,0.0,0.0,6.7,1.4,0.6,-16.0,0.0,0.0,26.2,-7.0,0.0,0.0,0.0,0.657,0.791,71.1,0.0,0.0,0.0,,0.0,1265.0,62.6,98.6,0.0,0.0,0.0,0.0,190.4,1203.8,185.0,1166.0,188.6,1247.0,190.4,1304.6,0.0,0.0,99.32,188.6,158.0,68.72,0.049763888888888885,49.25066666666667,1.6190476190476188,386.6,2026-02-13 17:11:43-08:00,188.6,126.0,36.71999999999999,0.48,0.48,True
129.06,2.0,9.0,2026-02-14 01:13:46,37.08168,-121.59945,387.0,3.5,66.8,-12.6,0.0,0.0,0.0,0.0,0.0,11.1,-1.7,63.4,0.0,106.0,1.3,-0.04,0.9,0.0,3.0,0.0,30.11,352.0,0.0,0.0,326.0,0.0,0.0,0.0,0.0,0.0,0.0,0.0,0.0,0.0,0.0,0.0,0.0,-1.0,0.0,0.0,-3.0,0.0,0.0,0.0,0.0,1.0,0.0,0.0,1200.0,71.0,1269.0,1269.0,12.8,2.1,0.0,2.1,26.2,0.0,0.0,35.8,0.0,0.0,6.6,1.4,0.6,-16.0,0.0,0.0,26.2,-7.0,0.0,0.0,0.0,0.656,0.791,71.0,0.0,0.0,0.0,,0.0,1269.0,62.6,98.6,0.0,0.0,0.0,0.0,192.2,1207.4,186.8,1169.6,190.4,1256.0,192.2,1311.8,0.0,0.0,99.32,190.4,159.8,68.72,0.050347222222222224,55.06966666666666,1.6666666666666665,386.6,2026-02-13 17:11:43-08:00,190.40000000000003,127.80000000000004,36.71999999999999,0.48,0.48,True
130.06,2.0,9.0,2026-02-14 01:13:47,37.08168,-121.59943,387.0,3.5,69.3,-12.6,0.0,0.0,0.0,0.0,0.0,11.2,-1.6,63.5,0.0,106.0,0.6,-0.04,1.0,0.0,-45.0,0.0,30.11,344.0,0.0,0.0,326.0,0.0,0.0,0.0,0.0,0.0,0.0,0.0,0.0,0.0,0.0,0.0,0.0,-1.0,0.0,0.0,-3.0,0.0,0.0,0.0,0.0,1.0,0.0,0.0,1200.0,71.0,1258.0,1258.0,12.8,2.1,0.0,2.1,26.2,0.0,0.0,35.8,0.0,0.0,6.6,1.4,0.6,-16.0,0.0,0.0,26.2,-7.0,0.0,0.0,0.0,0.657,0.791,70.9,0.0,0.0,0.0,,0.0,1258.0,62.6,98.6,0.0,0.0,0.0,0.0,194.0,1211.0,188.6,1171.4,190.4,1263.2,192.2,1317.2,0.0,0.0,99.32,191.3,160.7,68.72,0.050930555555555555,60.973,1.6666666666666665,386.6,2026-02-13 17:11:43-08:00,191.3,128.70000000000002,36.71999999999999,0.48,0.48,True
131.06,2.0,9.0,2026-02-14 01:13:48,37.08168,-121.59941,389.0,3.2,76.5,-12.6,0.0,0.0,0.0,0.0,0.0,11.3,-1.5,63.4,0.0,106.0,0.2,-0.03,1.0,0.0,-32.0,0.0,30.11,344.0,0.0,0.0,326.0,0.0,0.0,0.0,0.0,0.0,0.0,0.0,0.0,0.0,0.0,0.0,0.0,-1.0,0.0,0.0,-3.0,0.0,0.0,0.0,0.0,1.0,0.0,0.0,1200.0,71.0,1267.0,1267.0,12.8,2.1,0.0,2.1,26.2,0.0,0.0,35.8,0.0,0.0,6.6,1.4,0.6,-16.0,0.0,0.0,26.2,-7.0,0.0,0.0,0.0,0.657,0.791,71.0,0.0,0.0,0.0,,0.0,1267.0,62.6,98.6,0.0,0.0,0.0,0.0,194.0,1214.6,188.6,1173.2,192.2,1266.8,194.0,1322.6,0.0,0.0,99.32,192.2,161.6,68.72,0.05151388888888889,66.62333333333333,1.5238095238095237,386.6,2026-02-13 17:11:43-08:00,192.2,129.6,36.71999999999999,0.48,0.48,True
132.06,2.0,9.0,2026-02-14 01:13:49,37.08169,-121.5994,388.0,3.1,74.0,-12.6,0.0,0.0,0.0,0.0,0.0,11.1,-1.1,62.2,0.0,106.0,-0.4,-0.02,1.0,0.0,-80.0,0.0,30.11,344.0,0.0,0.0,326.0,0.0,0.0,0.0,0.0,0.0,0.0,0.0,0.0,0.0,0.0,0.0,0.0,-1.0,0.0,0.0,-3.0,0.0,0.0,0.0,0.0,1.0,0.0,0.0,1200.0,71.0,1260.0,1260.0,12.7,2.1,0.0,2.1,26.2,0.0,0.0,35.8,0.0,0.0,6.5,1.4,0.6,-16.0,0.0,0.0,26.2,-7.0,0.0,0.0,0.0,0.656,0.791,70.5,0.0,0.0,0.0,,0.0,1260.0,62.6,98.6,0.0,0.0,0.0,0.0,195.8,1214.6,188.6,1182.2,192.2,1268.6,194.0,1326.2,0.0,0.0,99.32,192.65,162.05,68.72,0.052097222222222225,71.93633333333334,1.4761904761904763,386.6,2026-02-13 17:11:43-08:00,192.64999999999998,130.04999999999998,36.71999999999999,0.48,0.48,True
133.06,2.0,9.0,2026-02-14 01:13:50,37.08169,-121.59938,389.0,2.9,69.4,-12.6,0.0,0.0,0.0,0.0,0.0,11.1,-1.1,60.8,0.0,106.0,-1.0,-0.03,0.9,0.0,-59.0,0.0,30.11,343.0,0.0,0.0,326.0,0.0,0.0,0.0,0.0,0.0,0.0,0.0,0.0,0.0,0.0,0.0,0.0,-1.0,0.0,0.0,-3.0,0.0,0.0,0.0,0.0,1.0,0.0,0.0,1200.0,71.0,1263.0,1263.0,12.8,2.2,0.0,2.2,26.1,0.0,0.0,35.8,0.0,0.0,6.5,1.4,0.6,-16.0,0.0,0.0,26.1,-7.0,0.0,0.0,0.0,0.658,0.791,70.9,0.0,0.0,0.0,,0.0,1263.0,62.6,98.6,0.0,0.0,0.0,0.0,195.8,1218.2,190.4,1189.4,194.0,1268.6,195.8,1317.2,0.0,0.0,99.32,194.0,163.4,68.72,0.052694444444444447,76.99633333333333,1.3181818181818181,386.6,2026-02-13 17:11:43-08:00,194.0,131.4,36.71999999999999,0.48,0.48,True
134.06,2.0,9.0,2026-02-14 01:13:51,37.0817,-121.59937,389.0,2.8,69.5,-12.6,0.0,0.0,0.0,0.0,0.0,11.1,-1.0,59.6,0.0,106.0,-1.2,-0.01,1.0,0.0,-21.0,0.0,30.11,344.0,0.0,0.0,326.0,0.0,0.0,0.0,0.0,0.0,0.0,0.0,0.0,0.0,0.0,0.0,0.0,-1.0,0.0,0.0,-3.0,0.0,0.0,0.0,0.0,1.0,0.0,0.0,1200.0,71.0,1269.0,1269.0,12.7,2.2,0.0,2.2,26.1,0.0,0.0,35.8,0.0,0.0,6.5,1.4,0.6,-16.0,0.0,0.0,26.1,-7.0,0.0,0.0,0.0,0.657,0.791,70.8,0.0,0.0,0.0,,0.0,1269.0,62.6,98.6,0.0,0.0,0.0,0.0,197.6,1212.8,192.2,1185.8,194.0,1263.2,195.8,1311.8,0.0,0.0,99.32,194.9,164.3,68.72,0.05330555555555556,81.80333333333333,1.2727272727272725,386.6,2026-02-13 17:11:43-08:00,194.9,132.3,36.71999999999999,0.48,0.48,True
135.06,2.0,9.0,2026-02-14 01:13:52,37.0817,-121.59935,389.0,3.1,72.1,-12.6,0.0,0.0,0.0,0.0,0.0,11.0,-0.9,60.2,0.0,106.0,-0.3,-0.02,1.1,0.0,-25.0,0.0,30.11,344.0,0.0,0.0,326.0,0.0,0.0,0.0,0.0,0.0,0.0,0.0,0.0,0.0,0.0,0.0,0.0,-1.0,0.0,0.0,-3.0,0.0,0.0,0.0,0.0,1.0,0.0,0.0,1200.0,71.0,1274.0,1274.0,12.7,2.2,0.0,2.2,26.1,0.0,0.0,35.8,0.0,0.0,6.4,1.4,0.6,-16.0,0.0,0.0,26.1,-7.0,0.0,0.0,0.0,0.656,0.791,71.1,0.0,0.0,0.0,,0.0,1274.0,62.6,98.6,0.0,0.0,0.0,0.0,197.6,1209.2,192.2,1184.0,195.8,1259.6,197.6,1306.4,0.0,0.0,99.32,195.8,165.2,68.72,0.05391666666666667,86.779,1.409090909090909,386.6,2026-02-13 17:11:43-08:00,195.79999999999998,133.2,36.71999999999999,0.48,0.48,True
136.06,2.0,9.0,2026-02-14 01:13:53,37.08171,-121.59933,389.0,3.1,62.1,-12.6,0.0,0.0,0.0,0.0,0.0,11.0,-0.8,60.7,0.0,106.0,0.2,-0.01,0.9,0.0,-18.0,0.0,30.11,344.0,0.0,0.0,326.0,0.0,0.0,0.0,0.0,0.0,0.0,0.0,0.0,0.0,0.0,0.0,0.0,-1.0,0.0,0.0,-3.0,0.0,0.0,0.0,0.0,1.0,0.0,0.0,1200.0,71.0,1283.0,1283.0,12.7,2.3,0.0,2.3,26.1,0.0,0.0,35.8,0.0,0.0,6.4,1.4,0.6,-16.0,0.0,0.0,26.1,-7.0,0.0,0.0,0.0,0.656,0.791,71.4,0.0,0.0,0.0,,0.0,1283.0,62.6,98.6,0.0,0.0,0.0,0.0,199.4,1207.4,194.0,1182.2,195.8,1259.6,197.6,1302.8,0.0,0.0,99.32,196.7,166.1,68.72,0.05454166666666667,92.00766666666667,1.347826086956522,386.6,2026-02-13 17:11:43-08:00,196.7,134.1,36.71999999999999,0.48,0.48,True
137.06,2.0,9.0,2026-02-14 01:13:54,37.08171,-121.59931,389.0,3.1,67.5,-12.6,0.0,0.0,0.0,0.0,0.0,11.0,-1.0,61.0,0.0,106.0,0.3,-0.03,1.0,0.0,25.0,0.0,30.11,344.0,0.0,0.0,326.0,0.0,0.0,0.0,0.0,0.0,0.0,0.0,0.0,0.0,0.0,0.0,0.0,-1.0,0.0,0.0,-3.0,0.0,0.0,0.0,0.0,1.0,0.0,0.0,1200.0,72.0,1282.0,1282.0,12.6,2.3,0.0,2.3,26.1,0.0,0.0,35.8,0.0,0.0,6.4,1.4,0.6,-16.0,0.0,0.0,26.1,-7.0,0.0,0.0,0.0,0.657,0.791,71.5,0.0,0.0,0.0,,0.0,1282.0,62.6,98.6,0.0,0.0,0.0,0.0,199.4,1207.4,194.0,1180.4,197.6,1259.6,199.4,1301.0,0.0,0.0,99.32,197.6,167.0,68.72,0.05518055555555555,97.23633333333333,1.347826086956522,386.6,2026-02-13 17:11:43-08:00,197.6,135.0,36.71999999999999,0.48,0.48,True
138.06,2.0,9.0,2026-02-14 01:13:55,37.08172,-121.5993,390.0,2.9,71.1,-12.6,0.0,0.0,0.0,0.0,0.0,11.0,-0.7,61.1,0.0,106.0,0.2,-0.01,0.9,0.0,49.0,0.0,30.11,344.0,0.0,0.0,326.0,0.0,0.0,0.0,0.0,0.0,0.0,0.0,0.0,0.0,0.0,0.0,0.0,-1.0,0.0,0.0,-3.0,0.0,0.0,0.0,0.0,1.0,0.0,0.0,1200.0,71.0,1259.0,1259.0,12.5,2.3,0.0,2.3,26.1,0.0,0.0,35.8,0.0,0.0,6.3,1.4,0.6,-16.0,0.0,0.0,26.1,-7.0,0.0,0.0,0.0,0.654,0.791,71.2,0.0,0.0,0.0,,0.0,1259.0,62.6,98.6,0.0,0.0,0.0,0.0,201.2,1205.6,195.8,1180.4,199.4,1257.8,199.4,1297.4,0.0,0.0,99.32,198.95,168.35,68.72,0.05581944444444444,102.29633333333334,1.2608695652173914,386.6,2026-02-13 17:11:43-08:00,198.95,136.35,36.71999999999999,0.48,0.48,True
139.06,2.0,9.0,2026-02-14 01:13:56,37.08173,-121.59928,390.0,3.3,66.8,-12.6,0.0,0.0,0.0,0.0,0.0,11.1,-0.8,61.3,0.0,106.0,0.2,-0.02,1.0,0.0,11.0,0.0,30.11,344.0,0.0,0.0,326.0,0.0,0.0,0.0,0.0,0.0,0.0,0.0,0.0,0.0,0.0,0.0,0.0,-1.0,0.0,0.0,-3.0,0.0,0.0,0.0,0.0,1.0,0.0,0.0,1200.0,71.0,1269.0,1269.0,12.6,2.3,0.0,2.3,26.1,0.0,0.0,35.8,0.0,0.0,6.3,1.4,0.6,-16.0,0.0,0.0,26.1,-7.0,0.0,0.0,0.0,0.656,0.791,70.8,0.0,0.0,0.0,,0.0,1269.0,62.6,98.6,0.0,0.0,0.0,0.0,201.2,1200.2,195.8,1178.6,199.4,1248.8,201.2,1299.2,0.0,0.0,99.32,199.4,168.8,68.72,0.05645833333333333,107.525,1.434782608695652,386.6,2026-02-13 17:11:43-08:00,199.40000000000003,136.80000000000004,36.71999999999999,0.48,0.48,True
140.06,2.0,9.0,2026-02-14 01:13:57,37.08173,-121.59927,390.0,3.6,68.9,-12.6,0.0,0.0,0.0,0.0,0.0,11.3,-1.0,61.5,0.0,106.0,0.3,-0.02,1.0,0.0,12.0,0.0,30.11,343.0,0.0,0.0,326.0,0.0,0.0,0.0,0.0,0.0,0.0,0.0,0.0,0.0,0.0,0.0,0.0,-1.0,0.0,0.0,-3.0,0.0,0.0,0.0,0.0,1.0,0.0,0.0,1200.0,71.0,1268.0,1268.0,12.7,2.3,0.0,2.3,26.2,0.0,0.0,35.8,0.0,0.0,6.3,1.4,0.6,-16.0,0.0,0.0,26.2,-7.0,0.0,0.0,0.0,0.656,0.791,70.9,0.0,0.0,0.0,,0.0,1268.0,62.6,98.6,0.0,0.0,0.0,0.0,203.0,1203.8,197.6,1176.8,199.4,1248.8,203.0,1295.6,0.0,0.0,99.32,200.75,170.15,68.72,0.05709722222222222,113.344,1.565217391304348,386.6,2026-02-13 17:11:43-08:00,200.75,138.15,36.71999999999999,0.48,0.48,True
141.06,2.0,9.0,2026-02-14 01:13:58,37.08174,-121.59924,390.0,3.9,67.5,-12.6,0.0,0.0,0.0,0.0,0.0,11.1,-1.1,61.2,0.0,106.0,-0.1,-0.02,1.0,0.0,41.0,0.0,30.11,343.0,0.0,0.0,326.0,0.0,0.0,0.0,0.0,0.0,0.0,0.0,0.0,0.0,0.0,0.0,0.0,-1.0,0.0,0.0,2.0,0.0,0.0,0.0,0.0,1.0,0.0,0.0,1200.0,71.0,1275.0,1275.0,12.6,2.3,0.0,2.3,26.1,0.0,0.0,35.8,0.0,0.0,6.3,1.4,0.6,-16.0,0.0,0.0,26.1,-7.0,0.0,0.0,0.0,0.656,0.791,70.9,0.0,0.0,0.0,,0.0,1275.0,62.6,98.6,0.0,0.0,0.0,0.0,203.0,1202.0,197.6,1176.8,201.2,1252.4,203.0,1293.8,0.0,0.0,99.32,201.2,170.6,68.72,0.05773611111111111,119.669,1.6956521739130437,386.6,2026-02-13 17:11:43-08:00,201.2,138.6,36.71999999999999,0.48,0.48,True
142.06,2.0,9.0,2026-02-14 01:13:59,37.08175,-121.59922,390.0,4.4,64.2,-12.6,0.0,0.0,0.0,0.0,0.0,11.1,-0.9,60.5,0.0,106.0,-0.4,-0.01,0.9,0.0,62.0,0.0,30.11,343.0,0.0,0.0,326.0,0.0,0.0,0.0,0.0,0.0,0.0,0.0,0.0,0.0,0.0,0.0,0.0,0.0,0.0,0.0,-3.0,0.0,0.0,0.0,0.0,1.0,0.0,0.0,1200.0,71.0,1268.0,1268.0,12.6,2.3,0.0,2.3,26.2,0.0,0.0,35.8,0.0,0.0,6.3,1.4,0.6,-16.0,0.0,0.0,26.2,-7.0,0.0,0.0,0.0,0.656,0.791,70.9,0.0,0.0,0.0,,0.0,1268.0,62.6,98.6,0.0,0.0,0.0,0.0,204.8,1200.2,199.4,1178.6,201.2,1250.6,203.0,1293.8,0.0,0.0,99.32,202.1,171.5,68.72,0.058374999999999996,126.66866666666667,1.9130434782608698,386.6,2026-02-13 17:11:43-08:00,202.10000000000002,139.50000000000003,36.71999999999999,0.48,0.48,True
143.06,2.0,9.0,2026-02-14 01:14:00,37.08176,-121.5992,390.0,5.0,59.7,-12.6,0.0,0.0,0.0,0.0,0.0,11.1,-0.9,60.1,0.0,106.0,-0.5,-0.01,1.0,0.0,28.0,0.0,30.11,343.0,0.0,0.0,326.0,0.0,0.0,0.0,0.0,0.0,0.0,0.0,0.0,0.0,0.0,0.0,0.0,-5.0,0.0,0.0,2.0,0.0,0.0,0.0,0.0,1.0,0.0,0.0,1200.0,71.0,1259.0,1259.0,12.6,2.3,0.0,2.3,26.2,0.0,0.0,35.8,0.0,0.0,6.2,1.4,0.6,-16.0,0.0,0.0,26.2,-7.0,0.0,0.0,0.0,0.654,0.791,70.7,0.0,0.0,0.0,,0.0,1259.0,62.6,98.6,0.0,0.0,0.0,0.0,204.8,1196.6,199.4,1176.8,203.0,1256.0,204.8,1290.2,0.0,0.0,99.32,203.0,172.4,68.72,0.05901388888888889,134.596,2.173913043478261,386.6,2026-02-13 17:11:43-08:00,203.0,140.4,36.71999999999999,0.48,0.48,True
144.06,2.0,9.0,2026-02-14 01:14:01,37.08177,-121.59917,390.0,5.4,67.5,-12.6,0.0,0.0,0.0,0.0,0.0,10.9,-0.7,59.4,0.0,106.0,-0.6,-0.01,0.9,0.0,38.0,0.0,30.11,343.0,0.0,0.0,326.0,0.0,0.0,0.0,0.0,0.0,0.0,0.0,0.0,0.0,0.0,0.0,0.0,-1.0,0.0,0.0,1.0,0.0,0.0,0.0,0.0,1.0,0.0,0.0,1200.0,71.0,1248.0,1248.0,12.6,2.3,0.0,2.3,26.2,0.0,0.0,35.8,0.0,0.0,6.2,1.4,0.6,-16.0,0.0,0.0,26.2,-7.0,0.0,0.0,0.0,0.657,0.791,70.6,0.0,0.0,0.0,,0.0,1248.0,62.6,98.6,0.0,0.0,0.0,0.0,206.6,1194.8,201.2,1176.8,203.0,1254.2,206.6,1288.4,0.0,0.0,99.32,204.35,173.75,68.72,0.05965277777777778,143.36666666666667,2.347826086956522,386.6,2026-02-13 17:11:43-08:00,204.35,141.75,36.71999999999999,0.48,0.48,True
145.06,2.0,9.0,2026-02-14 01:14:02,37.08178,-121.59914,391.0,5.0,59.7,-12.6,0.0,0.0,0.0,0.0,0.0,10.7,-1.2,58.3,0.0,106.0,-0.9,-0.03,1.1,0.0,16.0,0.0,30.11,343.0,0.0,0.0,326.0,0.0,0.0,0.0,0.0,0.0,0.0,0.0,0.0,0.0,0.0,0.0,0.0,0.0,0.0,0.0,-2.0,0.0,0.0,0.0,0.0,1.0,0.0,0.0,1200.0,70.0,1214.0,1214.0,12.4,2.3,0.0,2.3,26.1,0.0,0.0,35.8,0.0,0.0,6.2,1.4,0.6,-16.0,0.0,0.0,26.1,-7.0,0.0,0.0,0.0,0.656,0.791,69.6,0.0,0.0,0.0,,0.0,1214.0,62.6,98.6,0.0,0.0,0.0,0.0,206.6,1191.2,201.2,1175.0,204.8,1252.4,206.6,1286.6,0.0,0.0,99.32,204.8,174.2,68.72,0.06029166666666667,152.13733333333334,2.173913043478261,386.6,2026-02-13 17:11:43-08:00,204.79999999999998,142.2,36.71999999999999,0.48,0.48,True
146.06,2.0,9.0,2026-02-14 01:14:03,37.08179,-121.59912,396.0,4.8,69.9,-12.6,0.0,0.0,0.0,0.0,0.0,10.6,-1.2,54.3,0.0,106.0,-2.8,0.01,0.9,0.0,-2.0,0.0,30.11,343.0,0.0,0.0,326.0,0.0,0.0,0.0,0.0,0.0,0.0,0.0,0.0,0.0,0.0,0.0,0.0,0.0,0.0,0.0,-2.0,0.0,0.0,0.0,0.0,1.0,0.0,0.0,1200.0,69.0,1176.0,1176.0,12.2,2.3,0.0,2.3,26.2,0.0,0.0,35.8,0.0,0.0,6.2,1.4,0.6,-16.0,0.0,0.0,26.2,-7.0,0.0,0.0,0.0,0.659,0.791,68.6,0.0,0.0,0.0,,0.0,1176.0,62.6,98.6,0.0,0.0,0.0,0.0,208.4,1187.6,203.0,1173.2,204.8,1247.0,206.6,1279.4,0.0,0.0,99.32,205.7,175.1,68.72,0.06093055555555556,160.402,2.0869565217391304,386.6,2026-02-13 17:11:43-08:00,205.7,143.1,36.71999999999999,0.48,0.48,True
147.06,2.0,9.0,2026-02-14 01:14:04,37.08181,-121.5991,396.0,3.9,58.7,-12.6,0.0,0.0,0.0,0.0,0.0,10.9,-1.0,53.2,0.0,106.0,-2.0,-0.01,1.0,0.0,-2.0,0.0,30.11,343.0,0.0,0.0,326.0,0.0,0.0,0.0,0.0,0.0,0.0,0.0,0.0,0.0,0.0,0.0,0.0,0.0,0.0,0.0,-2.0,0.0,0.0,0.0,0.0,1.0,0.0,0.0,1200.0,68.0,1145.0,1145.0,12.1,2.2,0.0,2.2,26.1,0.0,0.0,35.8,0.0,0.0,6.2,1.4,0.6,-16.0,0.0,0.0,26.1,-7.0,0.0,0.0,0.0,0.654,0.791,67.7,0.0,0.0,0.0,,0.0,1145.0,62.6,98.6,0.0,0.0,0.0,0.0,208.4,1180.4,203.0,1167.8,206.6,1239.8,208.4,1272.2,0.0,0.0,99.32,206.6,176.0,68.72,0.06155555555555556,167.739,1.7727272727272725,386.6,2026-02-13 17:11:43-08:00,206.6,144.0,36.71999999999999,0.48,0.48,True
148.06,2.0,9.0,2026-02-14 01:14:05,37.08181,-121.59908,397.0,3.0,66.5,-12.6,0.0,0.0,0.0,0.0,0.0,11.0,-1.0,53.2,0.0,106.0,-0.9,-0.01,1.0,0.0,5.0,0.0,30.11,343.0,0.0,0.0,326.0,0.0,0.0,0.0,0.0,0.0,0.0,0.0,0.0,0.0,0.0,0.0,0.0,0.0,0.0,0.0,-3.0,0.0,0.0,0.0,0.0,1.0,0.0,0.0,1200.0,67.0,1110.0,1110.0,12.1,2.2,0.0,2.2,26.1,0.0,0.0,35.8,0.0,0.0,6.2,1.4,0.6,-16.0,0.0,0.0,26.1,-7.0,0.0,0.0,0.0,0.654,0.791,66.9,0.0,0.0,0.0,,0.0,1110.0,62.6,98.6,0.0,0.0,0.0,0.0,210.2,1176.8,203.0,1164.2,206.6,1234.4,210.2,1266.8,0.0,0.0,99.32,207.5,176.9,68.72,0.06216666666666667,173.558,1.3636363636363635,386.6,2026-02-13 17:11:43-08:00,207.5,144.9,36.71999999999999,0.48,0.48,True
149.06,2.0,9.0,2026-02-14 01:14:06,37.08182,-121.59907,398.0,2.5,61.7,-12.6,0.0,0.0,0.0,0.0,0.0,11.0,-1.0,54.8,0.0,106.0,0.5,-0.01,1.0,0.0,-8.0,0.0,30.11,343.0,0.0,0.0,326.0,0.0,0.0,0.0,0.0,0.0,0.0,0.0,0.0,0.0,0.0,0.0,0.0,0.0,0.0,0.0,-3.0,0.0,0.0,0.0,0.0,1.0,0.0,0.0,1200.0,67.0,1115.0,1115.0,12.1,2.2,0.0,2.2,26.1,0.0,0.0,35.8,0.0,0.0,6.1,1.4,0.6,-16.0,0.0,0.0,26.1,-7.0,0.0,0.0,0.0,0.654,0.791,66.9,0.0,0.0,0.0,,0.0,1115.0,62.6,98.6,0.0,0.0,0.0,0.0,210.2,1171.4,204.8,1162.4,208.4,1230.8,210.2,1261.4,0.0,0.0,99.32,208.4,177.8,68.72,0.06277777777777778,178.19633333333334,1.1363636363636362,386.6,2026-02-13 17:11:43-08:00,208.40000000000003,145.80000000000004,36.71999999999999,0.48,0.48,True
150.06,2.0,9.0,2026-02-14 01:14:07,37.08183,-121.59905,398.0,2.0,63.0,-12.6,0.0,0.0,0.0,0.0,0.0,11.0,-1.0,56.0,0.0,106.0,1.0,-0.02,0.9,0.0,7.0,0.0,30.11,343.0,0.0,0.0,326.0,0.0,0.0,0.0,0.0,0.0,0.0,0.0,0.0,0.0,0.0,0.0,0.0,0.0,0.0,0.0,-3.0,0.0,0.0,0.0,0.0,1.0,0.0,0.0,1200.0,67.0,1108.0,1108.0,12.3,2.1,0.0,2.1,26.1,0.0,0.0,35.8,0.0,0.0,6.1,1.4,0.6,-16.0,0.0,0.0,26.1,-7.0,0.0,0.0,0.0,0.654,0.791,66.7,0.0,0.0,0.0,,0.0,1108.0,62.6,98.6,0.0,0.0,0.0,0.0,210.2,1169.6,204.8,1160.6,208.4,1225.4,212.0,1256.0,0.0,0.0,99.32,208.85,178.25,68.72,0.063375,181.99133333333333,0.9523809523809523,386.6,2026-02-13 17:11:43-08:00,208.85000000000002,146.25000000000003,36.71999999999999,0.48,0.48,True
151.06,2.0,9.0,2026-02-14 01:14:08,37.08183,-121.59904,398.0,1.6,62.0,-12.6,0.0,0.0,0.0,0.0,0.0,10.8,-1.3,56.8,0.0,106.0,0.9,-0.03,1.0,0.0,-19.0,0.0,30.11,343.0,0.0,0.0,326.0,0.0,0.0,0.0,0.0,0.0,0.0,0.0,0.0,0.0,0.0,0.0,0.0,0.0,0.0,0.0,-3.0,0.0,0.0,0.0,0.0,1.0,0.0,0.0,1200.0,67.0,1109.0,1109.0,12.3,2.1,0.0,2.1,26.1,0.0,0.0,35.8,0.0,0.0,6.1,1.4,0.6,-16.0,0.0,0.0,26.1,-7.0,0.0,0.0,0.0,0.654,0.791,66.6,0.0,0.0,0.0,,0.0,1109.0,62.6,98.6,0.0,0.0,0.0,0.0,212.0,1167.8,206.6,1160.6,210.2,1220.0,212.0,1252.4,0.0,0.0,99.32,210.2,179.6,68.72,0.06395833333333334,185.02733333333333,0.7619047619047619,386.6,2026-02-13 17:11:43-08:00,210.2,147.6,36.71999999999999,0.48,0.48,True
152.06,2.0,9.0,2026-02-14 01:14:09,37.08183,-121.59904,397.0,1.3,63.5,-12.6,0.0,0.0,0.0,0.0,0.0,10.5,-1.4,57.3,0.0,106.0,0.7,-0.03,0.9,0.0,-30.0,0.0,30.11,343.0,0.0,0.0,326.0,0.0,0.0,0.0,0.0,0.0,0.0,0.0,0.0,0.0,0.0,0.0,0.0,0.0,0.0,0.0,-3.0,0.0,0.0,0.0,0.0,1.0,0.0,0.0,1200.0,66.0,1106.0,1106.0,12.3,2.1,0.0,2.1,26.1,0.0,0.0,35.8,0.0,0.0,6.0,1.4,0.6,-16.0,0.0,0.0,26.1,-7.0,0.0,0.0,0.0,0.654,0.791,66.4,0.0,0.0,0.0,,0.0,1106.0,62.6,98.6,0.0,0.0,0.0,0.0,212.0,1166.0,206.6,1160.6,210.2,1212.8,213.8,1247.0,0.0,0.0,99.32,210.65,180.05,68.72,0.06454166666666666,187.47299999999998,0.6190476190476191,386.6,2026-02-13 17:11:43-08:00,210.65,148.05,36.71999999999999,0.48,0.48,True
153.06,2.0,9.0,2026-02-14 01:14:10,37.08184,-121.59903,397.0,1.2,65.0,-12.6,0.0,0.0,0.0,0.0,0.0,10.4,-1.2,57.9,0.0,106.0,0.6,-0.02,1.0,0.0,-21.0,0.0,30.11,343.0,0.0,0.0,326.0,0.0,0.0,0.0,0.0,0.0,0.0,0.0,0.0,0.0,0.0,0.0,0.0,0.0,0.0,0.0,-3.0,0.0,0.0,0.0,0.0,1.0,0.0,0.0,1200.0,66.0,1104.0,1104.0,12.4,2.1,0.0,2.1,26.1,0.0,0.0,35.8,0.0,0.0,6.0,1.4,0.6,-16.0,0.0,0.0,26.1,-7.0,0.0,0.0,0.0,0.654,0.791,66.4,0.0,0.0,0.0,,0.0,1104.0,62.6,98.6,0.0,0.0,0.0,0.0,213.8,1164.2,206.6,1162.4,210.2,1209.2,213.8,1241.6,0.0,0.0,99.32,211.1,180.5,68.72,0.065125,189.58133333333333,0.5714285714285714,386.6,2026-02-13 17:11:43-08:00,211.10000000000002,148.50000000000003,36.71999999999999,0.48,0.48,True
154.06,2.0,9.0,2026-02-14 01:14:11,37.08184,-121.59902,395.0,0.8,65.4,-12.6,0.0,0.0,0.0,0.0,0.0,10.3,-1.1,58.4,0.0,106.0,0.6,-0.02,1.0,0.0,-16.0,0.0,30.11,343.0,0.0,0.0,326.0,0.0,0.0,0.0,0.0,0.0,0.0,0.0,0.0,0.0,0.0,0.0,0.0,0.0,0.0,0.0,-3.0,0.0,0.0,0.0,0.0,1.0,0.0,0.0,1200.0,67.0,1103.0,1103.0,12.4,2.1,0.0,2.1,26.1,0.0,0.0,35.8,0.0,0.0,6.0,1.4,0.6,-16.0,0.0,0.0,26.1,-7.0,0.0,0.0,0.0,0.654,0.791,66.5,0.0,0.0,0.0,,0.0,1103.0,62.6,98.6,0.0,0.0,0.0,0.0,213.8,1162.4,208.4,1160.6,212.0,1205.6,215.6,1238.0,0.0,0.0,99.32,212.45,181.85,68.72,0.06570833333333333,191.268,0.38095238095238093,386.6,2026-02-13 17:11:43-08:00,212.45,149.85,36.71999999999999,0.48,0.48,True
155.06,2.0,9.0,2026-02-14 01:14:12,37.08184,-121.59901,395.0,0.8,65.4,-12.6,0.0,0.0,0.0,0.0,0.0,10.3,-1.0,59.0,0.0,106.0,0.6,-0.02,1.0,0.0,-8.0,0.0,30.11,343.0,0.0,0.0,326.0,0.0,0.0,0.0,0.0,0.0,0.0,0.0,0.0,0.0,0.0,0.0,0.0,0.0,0.0,0.0,-3.0,0.0,0.0,0.0,0.0,1.0,0.0,0.0,1200.0,66.0,1098.0,1098.0,12.3,2.1,0.0,2.1,26.1,0.0,0.0,35.8,0.0,0.0,6.0,1.4,0.6,-16.0,0.0,0.0,26.1,-7.0,0.0,0.0,0.0,0.654,0.791,66.5,0.0,0.0,0.0,,0.0,1098.0,62.6,98.6,0.0,0.0,0.0,0.0,213.8,1160.6,208.4,1160.6,212.0,1202.0,215.6,1236.2,0.0,0.0,99.32,212.45,181.85,68.72,0.06629166666666667,192.61733333333333,0.38095238095238093,386.6,2026-02-13 17:11:43-08:00,212.45,149.85,36.71999999999999,0.48,0.48,True
156.06,2.0,9.0,2026-02-14 01:14:13,37.08184,-121.59901,394.0,0.7,64.3,-12.6,0.0,0.0,0.0,0.0,0.0,10.3,-1.0,59.4,0.0,106.0,0.6,-0.02,1.0,0.0,5.0,0.0,30.11,343.0,0.0,0.0,326.0,0.0,0.0,0.0,0.0,0.0,0.0,0.0,0.0,0.0,0.0,0.0,0.0,0.0,0.0,0.0,-3.0,0.0,0.0,0.0,0.0,1.0,0.0,0.0,1200.0,66.0,1094.0,1094.0,12.3,2.1,0.0,2.1,26.1,0.0,0.0,35.8,0.0,0.0,6.0,1.4,0.6,-16.0,0.0,0.0,26.1,-7.0,0.0,0.0,0.0,0.654,0.791,66.1,0.0,0.0,0.0,,0.0,1094.0,62.6,98.6,0.0,0.0,0.0,0.0,215.6,1157.0,208.4,1160.6,213.8,1196.6,217.4,1238.0,0.0,0.0,99.32,213.8,183.2,68.72,0.066875,193.88233333333332,0.3333333333333333,386.6,2026-02-13 17:11:43-08:00,213.8,151.20000000000002,36.71999999999999,0.48,0.48,True
157.06,2.0,9.0,2026-02-14 01:14:14,37.08183,-121.599,392.0,0.3,64.3,-12.6,0.0,0.0,0.0,0.0,0.0,10.3,-1.1,59.6,0.0,106.0,0.4,-0.02,1.0,0.0,-6.0,0.0,30.11,343.0,0.0,0.0,326.0,0.0,0.0,0.0,0.0,0.0,0.0,0.0,0.0,0.0,0.0,0.0,0.0,0.0,0.0,0.0,-3.0,0.0,0.0,0.0,0.0,1.0,0.0,0.0,1200.0,66.0,1098.0,1098.0,12.4,2.1,0.0,2.1,26.1,0.0,0.0,35.8,0.0,0.0,5.9,1.4,0.6,-16.0,0.0,0.0,26.1,-7.0,0.0,0.0,0.0,0.654,0.791,66.3,0.0,0.0,0.0,,0.0,1098.0,62.6,98.6,0.0,0.0,0.0,0.0,215.6,1157.0,210.2,1160.6,213.8,1194.8,217.4,1236.2,0.0,0.0,99.32,214.25,183.65,68.72,0.06745833333333333,194.72566666666665,0.14285714285714285,386.6,2026-02-13 17:11:43-08:00,214.25000000000003,151.65000000000003,36.71999999999999,0.48,0.48,True
158.06,2.0,8.0,2026-02-14 01:14:15,37.08183,-121.599,387.0,0.1,64.3,-12.6,0.0,0.0,0.0,0.0,0.0,10.2,-1.1,59.7,0.0,106.0,0.2,-0.02,1.0,0.0,-13.0,0.0,30.11,343.0,0.0,0.0,326.0,0.0,0.0,0.0,0.0,0.0,0.0,0.0,0.0,0.0,0.0,0.0,0.0,0.0,0.0,0.0,-3.0,0.0,0.0,0.0,0.0,1.0,0.0,0.0,1200.0,67.0,1115.0,1115.0,12.4,2.1,0.0,2.1,26.1,0.0,0.0,35.8,0.0,0.0,6.0,1.4,0.6,-16.0,0.0,0.0,26.1,-7.0,0.0,0.0,0.0,0.654,0.791,66.5,0.0,0.0,0.0,,0.0,1115.0,62.6,98.6,0.0,0.0,0.0,0.0,215.6,1157.0,210.2,1160.6,215.6,1191.2,217.4,1232.6,0.0,0.0,99.32,214.7,184.1,68.72,0.06804166666666667,195.063,0.047619047619047616,386.6,2026-02-13 17:11:43-08:00,214.70000000000002,152.10000000000002,36.71999999999999,0.48,0.48,True
159.06,2.0,9.0,2026-02-14 01:14:16,37.08185,-121.599,389.0,0.1,64.3,-12.6,0.0,0.0,0.0,0.0,0.0,10.2,-1.1,60.0,0.0,106.0,0.2,-0.02,1.0,0.0,5.0,0.0,30.11,343.0,0.0,0.0,326.0,0.0,0.0,0.0,0.0,0.0,0.0,0.0,0.0,0.0,0.0,0.0,0.0,0.0,0.0,0.0,-3.0,0.0,0.0,0.0,0.0,1.0,0.0,0.0,1200.0,67.0,1116.0,1116.0,12.2,2.1,0.0,2.1,26.1,0.0,0.0,35.8,0.0,0.0,6.1,1.4,0.6,-16.0,0.0,0.0,26.1,-7.0,0.0,0.0,0.0,0.654,0.791,66.5,0.0,0.0,0.0,,0.0,1116.0,62.6,98.6,0.0,0.0,0.0,0.0,217.4,1155.2,210.2,1160.6,215.6,1196.6,219.2,1225.4,0.0,0.0,99.32,215.6,185.0,68.72,0.068625,195.23166666666665,0.047619047619047616,386.6,2026-02-13 17:11:43-08:00,215.6,153.0,36.71999999999999,0.48,0.48,True
160.06,2.0,9.0,2026-02-14 01:14:17,37.08186,-121.59899,389.0,0.3,64.3,-12.6,0.0,0.0,0.0,0.0,0.0,10.3,-1.1,60.4,0.0,106.0,0.3,-0.02,1.0,0.0,5.0,0.0,30.11,343.0,0.0,0.0,326.0,0.0,0.0,0.0,0.0,0.0,0.0,0.0,0.0,0.0,0.0,0.0,0.0,0.0,0.0,0.0,-3.0,0.0,0.0,0.0,0.0,1.0,0.0,0.0,1200.0,67.0,1140.0,1140.0,12.3,2.1,0.0,2.1,26.1,0.0,0.0,35.8,0.0,0.0,6.3,1.4,0.6,-16.0,0.0,0.0,26.1,-7.0,0.0,0.0,0.0,0.654,0.791,66.7,0.0,0.0,0.0,,0.0,1140.0,62.6,98.6,0.0,0.0,0.0,0.0,217.4,1155.2,212.0,1164.2,217.4,1194.8,219.2,1225.4,0.0,0.0,99.32,216.5,185.9,68.72,0.06920833333333333,195.569,0.14285714285714285,386.6,2026-02-13 17:11:43-08:00,216.5,153.9,36.71999999999999,0.48,0.48,True
161.06,2.0,9.0,2026-02-14 01:14:18,37.08186,-121.59899,385.0,0.5,64.3,-12.6,0.0,0.0,0.0,0.0,0.0,10.5,-1.0,60.9,0.0,106.0,0.5,-0.02,1.0,0.0,13.0,0.0,30.11,343.0,0.0,0.0,326.0,0.0,0.0,0.0,0.0,0.0,0.0,0.0,0.0,0.0,0.0,0.0,0.0,0.0,0.0,0.0,-5.0,0.0,0.0,0.0,0.0,1.0,0.0,0.0,1200.0,68.0,1188.0,1188.0,12.3,2.1,0.0,2.1,26.1,0.0,0.0,35.8,0.0,0.0,6.5,1.4,0.6,-16.0,0.0,0.0,26.1,-7.0,0.0,0.0,0.0,0.654,0.792,68.4,0.0,0.0,0.0,,0.0,1188.0,62.6,98.6,0.0,0.0,0.0,0.0,217.4,1153.4,212.0,1162.4,217.4,1196.6,221.0,1229.0,0.0,0.0,99.32,216.95,186.35,68.72,0.06979166666666667,196.24366666666666,0.23809523809523808,386.6,2026-02-13 17:11:43-08:00,216.95,154.35,36.71999999999999,0.48,0.48,True
162.06,2.0,9.0,2026-02-14 01:14:19,37.08186,-121.59898,385.0,0.6,64.3,-12.6,0.0,0.0,0.0,0.0,0.0,10.7,-1.0,61.3,0.0,106.0,0.6,-0.02,0.9,0.0,33.0,0.0,30.11,343.0,0.0,0.0,326.0,0.0,0.0,0.0,0.0,0.0,0.0,0.0,0.0,0.0,0.0,0.0,0.0,0.0,0.0,0.0,-5.0,0.0,0.0,0.0,0.0,1.0,0.0,0.0,1200.0,69.0,1183.0,1183.0,12.2,2.1,0.0,2.1,26.1,0.0,0.0,35.8,0.0,0.0,6.7,1.4,0.6,-16.0,0.0,0.0,26.1,-7.0,0.0,0.0,0.0,0.654,0.792,68.6,0.0,0.0,0.0,,0.0,1183.0,62.6,98.6,0.0,0.0,0.0,0.0,219.2,1153.4,213.8,1162.4,217.4,1198.4,221.0,1230.8,0.0,0.0,99.32,217.85,187.25,68.72,0.07037500000000001,197.17133333333334,0.2857142857142857,386.6,2026-02-13 17:11:43-08:00,217.85000000000002,155.25000000000003,36.71999999999999,0.48,0.48,True
163.06,2.0,9.0,2026-02-14 01:14:20,37.08187,-121.59898,385.0,0.7,64.3,-12.6,0.0,0.0,0.0,0.0,0.0,10.8,-0.9,60.8,0.0,106.0,0.1,-0.02,0.9,0.0,52.0,0.0,30.11,343.0,0.0,0.0,326.0,0.0,0.0,0.0,0.0,0.0,0.0,0.0,0.0,0.0,0.0,0.0,0.0,0.0,0.0,0.0,-5.0,0.0,0.0,0.0,0.0,1.0,0.0,0.0,1200.0,68.0,1183.0,1183.0,12.0,2.1,0.0,2.1,26.1,0.0,0.0,35.8,0.0,0.0,6.6,1.4,0.6,-16.0,0.0,0.0,26.1,-7.0,0.0,0.0,0.0,0.656,0.791,68.5,0.0,0.0,0.0,,0.0,1183.0,62.6,100.4,0.0,0.0,0.0,0.0,219.2,1151.6,213.8,1160.6,219.2,1200.2,222.8,1232.6,0.0,0.0,99.5,218.75,188.15,68.9,0.07095833333333333,198.26766666666666,0.3333333333333333,386.6,2026-02-13 17:11:43-08:00,218.75,156.15,36.9,0.48,0.48,True
164.06,2.0,9.0,2026-02-14 01:14:21,37.08186,-121.59893,361.0,0.9,64.3,-12.6,0.0,0.0,0.0,0.0,0.0,10.9,-0.9,60.4,0.0,106.0,-0.2,-0.01,1.0,0.0,41.0,0.0,30.11,343.0,0.0,0.0,326.0,0.0,0.0,0.0,0.0,0.0,0.0,0.0,0.0,0.0,0.0,0.0,0.0,0.0,0.0,0.0,-5.0,0.0,0.0,0.0,0.0,1.0,0.0,0.0,1200.0,69.0,1188.0,1188.0,12.0,2.1,0.0,2.1,26.1,0.0,0.0,35.8,0.0,0.0,6.4,1.4,0.6,-16.0,0.0,0.0,26.1,-7.0,0.0,0.0,0.0,0.654,0.792,68.6,0.0,0.0,0.0,,0.0,1188.0,62.6,98.6,0.0,0.0,0.0,0.0,221.0,1149.8,215.6,1158.8,219.2,1193.0,222.8,1230.8,0.0,0.0,99.32,219.65,189.05,68.72,0.07154166666666667,199.617,0.42857142857142855,386.6,2026-02-13 17:11:43-08:00,219.65,157.05,36.71999999999999,0.48,0.48,True
165.06,2.0,9.0,2026-02-14 01:14:22,37.08186,-121.59892,360.0,0.8,64.3,-12.6,0.0,0.0,0.0,0.0,0.0,11.1,-0.8,59.8,0.0,106.0,-0.4,-0.01,1.0,0.0,26.0,0.0,30.11,343.0,0.0,0.0,326.0,0.0,0.0,0.0,0.0,0.0,0.0,0.0,0.0,0.0,0.0,0.0,0.0,0.0,0.0,0.0,0.0,0.0,0.0,0.0,0.0,1.0,0.0,0.0,1200.0,69.0,1208.0,1208.0,12.0,2.1,0.0,2.1,26.1,0.0,0.0,35.8,0.0,0.0,6.5,1.4,0.6,-16.0,0.0,0.0,26.1,-7.0,0.0,0.0,0.0,0.654,0.791,69.0,0.0,0.0,0.0,,0.0,1208.0,62.6,98.6,0.0,0.0,0.0,0.0,221.0,1149.8,215.6,1160.6,221.0,1198.4,224.6,1232.6,0.0,0.0,99.32,220.55,189.95,68.72,0.072125,201.05066666666667,0.38095238095238093,386.6,2026-02-13 17:11:43-08:00,220.55,157.95000000000002,36.71999999999999,0.48,0.48,True
166.06,2.0,9.0,2026-02-14 01:14:23,37.08186,-121.59892,361.0,0.8,64.3,-12.6,0.0,0.0,0.0,0.0,0.0,11.1,-0.9,59.3,0.0,106.0,-0.4,-0.01,1.0,0.0,33.0,0.0,30.11,343.0,0.0,0.0,326.0,0.0,0.0,0.0,0.0,0.0,0.0,0.0,0.0,0.0,0.0,0.0,0.0,0.0,0.0,0.0,1.0,0.0,0.0,0.0,0.0,1.0,0.0,0.0,1200.0,69.0,1178.0,1178.0,12.0,2.1,0.0,2.1,26.2,0.0,0.0,35.8,0.0,0.0,6.6,1.4,0.6,-16.0,0.0,0.0,26.2,-7.0,0.0,0.0,0.0,0.654,0.791,68.9,0.0,0.0,0.0,,0.0,1178.0,62.6,98.6,0.0,0.0,0.0,0.0,221.0,1151.6,215.6,1160.6,221.0,1203.8,224.6,1232.6,0.0,0.0,99.32,220.55,189.95,68.72,0.07270833333333333,202.4,0.38095238095238093,386.6,2026-02-13 17:11:43-08:00,220.55,157.95000000000002,36.71999999999999,0.48,0.48,True
167.06,2.0,9.0,2026-02-14 01:14:24,37.08186,-121.59892,360.0,1.0,64.3,-12.6,0.0,0.0,0.0,0.0,0.0,11.1,-0.9,60.4,0.0,106.0,0.3,-0.01,1.0,0.0,5.0,0.0,30.11,343.0,0.0,0.0,326.0,0.0,0.0,0.0,0.0,0.0,0.0,0.0,0.0,0.0,0.0,0.0,0.0,0.0,0.0,0.0,1.0,0.0,0.0,0.0,0.0,1.0,0.0,0.0,1200.0,68.0,1182.0,1182.0,12.0,2.1,0.0,2.1,26.0,0.0,0.0,35.8,0.0,0.0,6.7,1.4,0.6,-16.0,0.0,0.0,26.0,-7.0,0.0,0.0,0.0,0.654,0.792,68.1,0.0,0.0,0.0,,0.0,1182.0,62.6,98.6,0.0,0.0,0.0,0.0,222.8,1151.6,217.4,1158.8,222.8,1203.8,226.4,1230.8,0.0,0.0,99.32,222.35,191.75,68.72,0.07329166666666667,203.918,0.47619047619047616,386.6,2026-02-13 17:11:43-08:00,222.35000000000002,159.75000000000003,36.71999999999999,0.48,0.48,True
168.06,2.0,9.0,2026-02-14 01:14:25,37.08187,-121.59891,360.0,1.0,64.3,-12.6,0.0,0.0,0.0,0.0,0.0,11.2,-0.7,62.2,0.0,107.0,1.2,-0.01,1.0,0.0,52.0,0.0,30.11,343.0,0.0,0.0,326.0,0.0,0.0,0.0,0.0,0.0,0.0,0.0,0.0,0.0,0.0,0.0,0.0,0.0,0.0,0.0,0.0,0.0,0.0,0.0,0.0,1.0,0.0,0.0,1200.0,70.0,1240.0,1240.0,12.2,2.1,0.0,2.1,26.1,0.0,0.0,35.8,0.0,0.0,6.5,1.4,0.6,-16.0,0.0,0.0,26.1,-7.0,0.0,0.0,0.0,0.654,0.791,69.7,0.0,0.0,0.0,,0.0,1240.0,62.6,100.4,0.0,0.0,0.0,0.0,222.8,1153.4,217.4,1158.8,222.8,1209.2,226.4,1236.2,0.0,0.0,99.5,222.35,191.75,68.9,0.073875,205.60466666666667,0.47619047619047616,386.6,2026-02-13 17:11:43-08:00,222.35000000000002,159.75000000000003,36.9,0.48,0.48,True
169.06,2.0,9.0,2026-02-14 01:14:26,37.08187,-121.59891,360.0,1.3,63.5,-12.6,0.0,0.0,0.0,0.0,0.0,11.3,-0.5,64.8,0.0,107.0,2.2,-0.01,1.0,0.0,29.0,0.0,30.11,343.0,0.0,0.0,326.0,0.0,0.0,0.0,0.0,0.0,0.0,0.0,0.0,0.0,0.0,0.0,0.0,0.0,0.0,0.0,-1.0,0.0,0.0,0.0,0.0,1.0,0.0,0.0,1200.0,70.0,1258.0,1258.0,12.4,2.1,0.0,2.1,26.1,0.0,0.0,35.8,0.0,0.0,6.3,1.4,0.6,-16.0,0.0,0.0,26.1,-7.0,0.0,0.0,0.0,0.654,0.791,70.3,0.0,0.0,0.0,,0.0,1258.0,62.6,98.6,0.0,0.0,0.0,0.0,224.6,1160.6,219.2,1169.6,224.6,1221.8,228.2,1241.6,0.0,0.0,99.32,224.15,193.55,68.72,0.07445833333333333,207.54433333333333,0.6190476190476191,386.6,2026-02-13 17:11:43-08:00,224.15,161.55,36.71999999999999,0.48,0.48,True
170.06,2.0,9.0,2026-02-14 01:14:27,37.08187,-121.5989,360.0,1.1,64.0,-12.6,0.0,0.0,0.0,0.0,0.0,11.5,-0.1,68.2,0.0,109.0,3.0,0.0,1.0,0.0,71.0,0.0,30.11,345.0,0.0,0.0,326.0,0.0,0.0,0.0,0.0,0.0,0.0,0.0,0.0,0.0,0.0,0.0,0.0,0.0,0.0,0.0,-1.0,0.0,0.0,0.0,0.0,1.0,0.0,0.0,1200.0,72.0,1305.0,1305.0,12.8,2.2,0.0,2.2,26.1,0.0,0.0,35.8,0.0,0.0,6.4,1.4,0.6,-16.0,0.0,0.0,26.1,-7.0,0.0,0.0,0.0,0.654,0.791,71.6,0.0,0.0,0.0,,0.0,1305.0,62.6,98.6,0.0,0.0,0.0,0.0,224.6,1166.0,219.2,1175.0,224.6,1230.8,228.2,1248.8,0.0,0.0,99.32,224.15,193.55,68.72,0.07505555555555556,209.56833333333333,0.5,386.6,2026-02-13 17:11:43-08:00,224.15,161.55,36.71999999999999,0.48,0.48,True
171.06,2.0,9.0,2026-02-14 01:14:28,37.08187,-121.59889,359.0,1.3,60.9,-12.6,0.0,0.0,0.0,0.0,0.0,11.6,0.1,73.4,0.0,111.0,4.4,-0.0,1.0,0.0,73.0,0.0,30.11,345.0,0.0,0.0,326.0,0.0,0.0,0.0,0.0,0.0,0.0,0.0,0.0,0.0,0.0,0.0,0.0,0.0,0.0,0.0,-2.0,0.0,0.0,0.0,0.0,1.0,0.0,0.0,1200.0,72.0,1334.0,1334.0,13.0,2.3,0.0,2.3,26.1,0.0,0.0,35.8,0.0,0.0,6.5,1.4,0.6,-16.0,0.0,0.0,26.1,-7.0,0.0,0.0,0.0,0.653,0.791,72.2,0.0,0.0,0.0,,0.0,1334.0,62.6,98.6,0.0,0.0,0.0,0.0,226.4,1173.2,219.2,1180.4,226.4,1238.0,228.2,1259.6,0.0,0.0,99.32,225.05,194.45,68.72,0.07568055555555556,211.59233333333333,0.5652173913043479,386.6,2026-02-13 17:11:43-08:00,225.04999999999998,162.45,36.71999999999999,0.48,0.48,True
172.06,2.0,9.0,2026-02-14 01:14:29,37.08187,-121.59888,359.0,1.6,62.0,-12.6,0.0,0.0,0.0,0.0,0.0,11.6,0.0,79.9,0.0,111.0,5.7,-0.01,1.0,0.0,61.0,0.0,30.11,345.0,0.0,0.0,326.0,0.0,0.0,0.0,0.0,0.0,0.0,0.0,0.0,0.0,0.0,0.0,0.0,0.0,0.0,0.0,-2.0,0.0,0.0,0.0,0.0,1.0,0.0,0.0,1200.0,74.0,1394.0,1394.0,13.5,2.3,0.0,2.3,26.1,0.0,0.0,35.8,0.0,0.0,6.6,1.4,0.6,-16.0,0.0,0.0,26.1,-7.0,0.0,0.0,0.0,0.654,0.791,74.1,0.0,0.0,0.0,,0.0,1394.0,62.6,98.6,0.0,0.0,0.0,0.0,226.4,1187.6,221.0,1189.4,226.4,1250.6,230.0,1270.4,0.0,0.0,99.32,225.95,195.35,68.72,0.07631944444444444,214.03799999999998,0.6956521739130436,386.6,2026-02-13 17:11:43-08:00,225.95,163.35,36.71999999999999,0.48,0.48,True
173.06,2.0,9.0,2026-02-14 01:14:30,37.08187,-121.59888,359.0,1.9,70.1,-12.6,0.0,0.0,0.0,0.0,0.0,11.7,0.3,87.5,0.0,111.0,6.9,-0.01,1.1,0.0,35.0,0.0,30.11,347.0,0.0,0.0,326.0,0.0,0.0,0.0,0.0,0.0,0.0,0.0,0.0,0.0,0.0,0.0,0.0,0.0,0.0,0.0,-3.0,0.0,0.0,0.0,0.0,1.0,0.0,0.0,1200.0,73.0,1348.0,1348.0,13.5,2.4,0.0,2.4,26.1,0.0,0.0,35.8,0.0,0.0,6.5,1.4,0.6,-16.0,0.0,0.0,26.1,-7.0,0.0,0.0,0.0,0.654,0.791,73.3,0.0,0.0,0.0,,0.0,1348.0,62.6,100.4,0.0,0.0,0.0,0.0,228.2,1200.2,222.8,1196.6,228.2,1254.2,231.8,1279.4,0.0,0.0,99.68,227.75,197.15,69.08,0.07697222222222222,216.98966666666666,0.7916666666666666,386.6,2026-02-13 17:11:43-08:00,227.75,165.15,37.080000000000005,0.48,0.48,True
174.06,2.0,9.0,2026-02-14 01:14:31,37.08187,-121.59887,360.0,2.6,80.5,-12.6,0.0,0.0,0.0,0.0,0.0,11.8,0.5,95.8,0.0,112.0,8.1,-0.03,0.9,0.0,25.0,0.0,30.11,347.0,0.0,0.0,326.0,0.0,0.0,0.0,0.0,0.0,0.0,0.0,0.0,0.0,0.0,0.0,0.0,0.0,0.0,0.0,-3.0,0.0,0.0,0.0,0.0,1.0,0.0,0.0,1200.0,72.0,1331.0,1331.0,13.4,2.4,0.0,2.4,26.1,0.0,0.0,35.8,0.0,0.0,6.2,1.4,0.6,-16.0,0.0,0.0,26.1,-7.0,0.0,0.0,0.0,0.653,0.791,72.4,0.0,0.0,0.0,,0.0,1331.0,62.6,98.6,0.0,0.0,0.0,0.0,228.2,1212.8,222.8,1205.6,228.2,1259.6,231.8,1286.6,0.0,0.0,99.5,227.75,197.15,68.9,0.0776388888888889,220.78466666666665,1.0833333333333335,386.6,2026-02-13 17:11:43-08:00,227.75,165.15,36.9,0.48,0.48,True
175.06,2.0,8.0,2026-02-14 01:14:32,37.08189,-121.59891,327.0,2.9,102.3,-12.6,0.0,0.0,0.0,0.0,0.0,11.4,0.7,101.5,0.0,113.0,7.2,-0.01,1.0,0.0,68.0,0.0,30.11,347.0,0.0,0.0,326.0,0.0,0.0,0.0,0.0,0.0,0.0,0.0,0.0,0.0,0.0,0.0,0.0,0.0,0.0,0.0,-4.0,0.0,0.0,0.0,0.0,1.0,0.0,0.0,1200.0,73.0,1335.0,1335.0,13.3,2.5,0.0,2.5,26.1,0.0,0.0,35.8,0.0,0.0,6.3,1.4,0.6,-16.0,0.0,0.0,26.1,-7.0,0.0,0.0,0.0,0.653,0.791,72.6,0.0,0.0,0.0,,0.0,1335.0,62.6,98.6,0.0,0.0,0.0,0.0,228.2,1214.6,222.8,1212.8,228.2,1266.8,231.8,1290.2,0.0,0.0,99.32,227.75,197.15,68.72,0.07831944444444444,225.423,1.16,386.6,2026-02-13 17:11:43-08:00,227.75,165.15,36.71999999999999,0.48,0.48,True
176.06,2.0,8.0,2026-02-14 01:14:33,37.08187,-121.59884,323.0,3.5,111.8,-12.6,0.0,0.0,0.0,0.0,0.0,10.7,1.0,106.1,0.0,113.0,5.9,-0.0,1.0,0.0,29.0,0.0,30.11,352.0,0.0,0.0,326.0,0.0,0.0,0.0,0.0,0.0,0.0,0.0,0.0,0.0,0.0,0.0,0.0,0.0,0.0,0.0,-5.0,0.0,0.0,0.0,0.0,1.0,0.0,0.0,1200.0,72.0,1332.0,1332.0,13.3,2.5,0.0,2.5,26.1,0.0,0.0,35.8,0.0,0.0,6.4,1.4,0.6,-16.0,0.0,0.0,26.1,-7.0,0.0,0.0,0.0,0.654,0.791,72.5,0.0,0.0,0.0,,0.0,1332.0,62.6,98.6,0.0,0.0,0.0,0.0,230.0,1218.2,224.6,1214.6,230.0,1270.4,233.6,1293.8,0.0,0.0,99.32,229.55,198.95,68.72,0.07901388888888888,230.82033333333334,1.4,386.6,2026-02-13 17:11:43-08:00,229.55,166.95000000000002,36.71999999999999,0.48,0.48,True
177.06,2.0,9.0,2026-02-14 01:14:34,37.08186,-121.59882,355.0,4.0,119.3,-12.6,0.0,0.0,0.0,0.0,0.0,10.3,0.8,111.0,0.0,113.0,5.5,0.01,1.0,0.0,49.0,0.0,30.11,352.0,0.0,0.0,326.0,0.0,0.0,0.0,0.0,0.0,0.0,0.0,0.0,0.0,0.0,0.0,0.0,0.0,0.0,0.0,-6.0,0.0,0.0,0.0,0.0,1.0,0.0,0.0,1200.0,72.0,1306.0,1306.0,13.2,2.5,0.0,2.5,26.1,0.0,0.0,35.8,0.0,0.0,6.5,1.4,0.6,-16.0,0.0,0.0,26.1,-7.0,0.0,0.0,0.0,0.654,0.791,72.0,0.0,0.0,0.0,,0.0,1306.0,62.6,98.6,0.0,0.0,0.0,0.0,230.0,1220.0,224.6,1216.4,230.0,1275.8,233.6,1297.4,0.0,0.0,99.32,229.55,198.95,68.72,0.07970833333333334,237.14533333333333,1.6,386.6,2026-02-13 17:11:43-08:00,229.55,166.95000000000002,36.71999999999999,0.48,0.48,True
178.06,2.0,9.0,2026-02-14 01:14:35,37.08185,-121.59879,356.0,5.1,123.7,-12.6,0.0,0.0,0.0,0.0,0.0,10.5,1.4,116.5,0.0,115.0,5.8,-0.01,1.0,0.0,52.0,0.0,30.11,352.0,0.0,0.0,326.0,0.0,0.0,0.0,0.0,0.0,0.0,0.0,0.0,0.0,0.0,0.0,0.0,0.0,0.0,0.0,-6.0,0.0,0.0,0.0,0.0,1.0,0.0,0.0,1200.0,72.0,1312.0,1312.0,13.1,2.5,0.0,2.5,26.1,0.0,0.0,35.8,0.0,0.0,6.5,1.4,0.6,-16.0,0.0,0.0,26.1,-7.0,0.0,0.0,0.0,0.654,0.791,72.0,0.0,0.0,0.0,,0.0,1312.0,62.6,100.4,0.0,0.0,0.0,0.0,231.8,1218.2,226.4,1218.2,231.8,1286.6,235.4,1299.2,0.0,0.0,99.68,231.35,200.75,69.08,0.08040277777777778,244.81966666666665,2.04,386.6,2026-02-13 17:11:43-08:00,231.35000000000002,168.75000000000003,37.080000000000005,0.48,0.48,True
179.06,2.0,9.0,2026-02-14 01:14:36,37.08183,-121.59877,358.0,5.0,128.9,-12.6,0.0,0.0,0.0,0.0,0.0,11.5,0.8,122.3,0.0,116.0,6.1,-0.01,0.9,0.0,53.0,0.0,30.11,355.0,0.0,0.0,326.0,0.0,0.0,0.0,0.0,0.0,0.0,0.0,0.0,0.0,0.0,0.0,0.0,0.0,0.0,0.0,-6.0,0.0,0.0,0.0,0.0,1.0,0.0,0.0,1200.0,72.0,1301.0,1301.0,13.1,2.5,0.0,2.5,26.0,0.0,0.0,35.8,0.0,0.0,6.2,1.4,0.6,-16.0,0.0,0.0,26.0,-7.0,0.0,0.0,0.0,0.653,0.791,71.8,0.0,0.0,0.0,,0.0,1301.0,62.6,100.4,0.0,0.0,0.0,0.0,231.8,1218.2,226.4,1218.2,231.8,1286.6,235.4,1299.2,0.0,0.0,99.5,231.35,200.75,68.9,0.08109722222222222,253.33733333333333,2.0,386.6,2026-02-13 17:11:43-08:00,231.35000000000002,168.75000000000003,36.9,0.48,0.48,True
180.06,2.0,9.0,2026-02-14 01:14:37,37.08182,-121.59875,357.0,5.5,135.3,-12.6,0.0,0.0,0.0,0.0,0.0,11.5,-0.1,128.0,0.0,116.0,6.2,-0.04,1.1,0.0,14.0,0.0,30.11,355.0,0.0,0.0,326.0,0.0,0.0,0.0,0.0,0.0,0.0,0.0,0.0,0.0,0.0,0.0,0.0,-3.0,0.0,0.0,2.0,0.0,0.0,0.0,0.0,1.0,0.0,0.0,1200.0,71.0,1284.0,1284.0,12.9,2.5,0.0,2.5,26.0,0.0,0.0,35.8,0.0,0.0,6.3,1.4,0.6,-16.0,0.0,0.0,26.0,-7.0,0.0,0.0,0.0,0.653,0.791,71.2,0.0,0.0,0.0,,0.0,1284.0,62.6,98.6,0.0,0.0,0.0,0.0,233.6,1218.2,228.2,1216.4,231.8,1286.6,237.2,1299.2,0.0,0.0,99.5,232.7,202.1,68.9,0.08179166666666667,262.1923333333333,2.2,386.6,2026-02-13 17:11:43-08:00,232.70000000000002,170.10000000000002,36.9,0.48,0.48,True
181.06,2.0,9.0,2026-02-14 01:14:38,37.0818,-121.59873,355.0,5.5,145.1,-12.6,0.0,0.0,0.0,0.0,0.0,11.3,-0.2,132.1,0.0,116.0,5.6,-0.05,0.9,0.0,-8.0,0.0,30.11,355.0,0.0,0.0,326.0,0.0,0.0,0.0,0.0,0.0,0.0,0.0,0.0,0.0,0.0,0.0,0.0,0.0,0.0,0.0,-1.0,0.0,0.0,0.0,0.0,1.0,0.0,0.0,1200.0,70.0,1263.0,1263.0,12.9,2.4,0.0,2.4,26.0,0.0,0.0,35.8,0.0,0.0,6.4,1.4,0.6,-16.0,0.0,0.0,26.0,-7.0,0.0,0.0,0.0,0.654,0.791,70.2,0.0,0.0,0.0,,0.0,1263.0,62.6,98.6,0.0,0.0,0.0,0.0,233.6,1207.4,228.2,1216.4,233.6,1286.6,237.2,1297.4,0.0,0.0,99.5,233.15,202.55,68.9,0.08247222222222222,271.469,2.291666666666667,386.6,2026-02-13 17:11:43-08:00,233.15,170.55,36.9,0.48,0.48,True
182.06,2.0,9.0,2026-02-14 01:14:39,37.08173,-121.59871,346.0,5.6,147.0,-12.6,0.0,0.0,0.0,0.0,0.0,11.2,-0.1,132.5,0.0,116.0,2.8,-0.01,1.1,0.0,-15.0,0.0,30.11,356.0,0.0,0.0,326.0,0.0,0.0,0.0,0.0,0.0,0.0,0.0,0.0,0.0,0.0,0.0,0.0,0.0,0.0,0.0,-2.0,0.0,0.0,0.0,0.0,1.0,0.0,0.0,1200.0,70.0,1226.0,1226.0,12.9,2.4,0.0,2.4,26.0,0.0,0.0,35.8,0.0,0.0,6.5,1.4,0.6,-16.0,0.0,0.0,26.0,-7.0,0.0,0.0,0.0,0.654,0.791,69.9,0.0,0.0,0.0,,0.0,1226.0,62.6,98.6,0.0,0.0,0.0,0.0,233.6,1207.4,228.2,1214.6,233.6,1284.8,239.0,1297.4,0.0,0.0,99.5,233.6,203.0,68.9,0.08313888888888889,280.83,2.3333333333333335,386.6,2026-02-13 17:11:43-08:00,233.6,171.0,36.9,0.48,0.48,True
183.06,2.0,9.0,2026-02-14 01:14:40,37.08171,-121.59869,346.0,5.8,149.9,-12.6,0.0,0.0,0.0,0.0,0.0,11.3,0.0,133.2,0.0,116.0,1.8,-0.0,0.9,0.0,-20.0,0.0,30.11,354.0,0.0,0.0,326.0,0.0,0.0,0.0,0.0,0.0,0.0,0.0,0.0,0.0,0.0,0.0,0.0,0.0,0.0,0.0,-2.0,0.0,0.0,0.0,0.0,1.0,0.0,0.0,1200.0,70.0,1239.0,1239.0,12.8,2.4,0.0,2.4,26.1,0.0,0.0,35.8,0.0,0.0,6.6,1.4,0.6,-16.0,0.0,0.0,26.1,-7.0,0.0,0.0,0.0,0.654,0.791,69.8,0.0,0.0,0.0,,0.0,1239.0,62.6,100.4,0.0,0.0,0.0,0.0,235.4,1196.6,230.0,1212.8,235.4,1283.0,239.0,1293.8,0.0,0.0,99.68,234.95,204.35,69.08,0.08380555555555555,290.44399999999996,2.4166666666666665,386.6,2026-02-13 17:11:43-08:00,234.95,172.35,37.080000000000005,0.48,0.48,True
184.06,2.0,9.0,2026-02-14 01:14:41,37.08169,-121.59868,345.0,5.9,150.1,-12.6,0.0,0.0,0.0,0.0,0.0,11.4,0.1,134.1,0.0,116.0,1.5,-0.0,1.0,0.0,-12.0,0.0,30.11,354.0,0.0,0.0,326.0,0.0,0.0,0.0,0.0,0.0,0.0,0.0,0.0,0.0,0.0,0.0,0.0,0.0,0.0,0.0,-2.0,0.0,0.0,0.0,0.0,1.0,0.0,0.0,1200.0,70.0,1240.0,1240.0,12.6,2.4,0.0,2.4,26.1,0.0,0.0,35.8,0.0,0.0,6.2,1.4,0.6,-16.0,0.0,0.0,26.1,-7.0,0.0,0.0,0.0,0.654,0.791,69.9,0.0,0.0,0.0,,0.0,1240.0,62.6,100.4,0.0,0.0,0.0,0.0,235.4,1200.2,230.0,1212.8,235.4,1281.2,240.8,1290.2,0.0,0.0,99.68,235.4,204.8,69.08,0.08447222222222223,300.311,2.4583333333333335,386.6,2026-02-13 17:11:43-08:00,235.4,172.8,37.080000000000005,0.48,0.48,True
185.06,2.0,9.0,2026-02-14 01:14:42,37.08166,-121.59866,345.0,6.2,152.0,-12.6,0.0,0.0,0.0,0.0,0.0,11.4,0.0,135.1,0.0,116.0,1.5,-0.01,0.9,0.0,12.0,0.0,30.11,354.0,0.0,0.0,326.0,0.0,0.0,0.0,0.0,0.0,0.0,0.0,0.0,0.0,0.0,0.0,0.0,0.0,0.0,0.0,-3.0,0.0,0.0,0.0,0.0,1.0,0.0,0.0,1200.0,70.0,1226.0,1226.0,12.4,2.3,0.0,2.3,26.1,0.0,0.0,35.8,0.0,0.0,6.2,1.4,0.6,-16.0,0.0,0.0,26.1,-7.0,0.0,0.0,0.0,0.654,0.791,69.6,0.0,0.0,0.0,,0.0,1226.0,62.6,100.4,0.0,0.0,0.0,0.0,235.4,1196.6,231.8,1211.0,235.4,1279.4,240.8,1288.4,0.0,0.0,99.5,235.85,205.25,68.9,0.085125,310.51533333333333,2.695652173913044,386.6,2026-02-13 17:11:43-08:00,235.85,173.25,36.9,0.48,0.48,True
186.06,2.0,9.0,2026-02-14 01:14:43,37.08163,-121.59865,345.0,6.2,153.4,-12.6,0.0,0.0,0.0,0.0,0.0,11.2,-0.2,135.0,0.0,116.0,1.3,-0.02,0.9,0.0,1.0,0.0,30.11,354.0,0.0,0.0,326.0,0.0,0.0,0.0,0.0,0.0,0.0,0.0,0.0,0.0,0.0,0.0,0.0,0.0,0.0,0.0,-3.0,0.0,0.0,0.0,0.0,1.0,0.0,0.0,1200.0,69.0,1221.0,1221.0,12.4,2.3,0.0,2.3,26.1,0.0,0.0,35.8,0.0,0.0,6.3,1.4,0.6,-16.0,0.0,0.0,26.1,-7.0,0.0,0.0,0.0,0.656,0.791,69.4,0.0,0.0,0.0,,0.0,1221.0,62.6,100.4,0.0,0.0,0.0,0.0,237.2,1193.0,231.8,1211.0,237.2,1275.8,242.6,1284.8,0.0,0.0,99.5,237.2,206.6,68.9,0.08576388888888889,320.97266666666667,2.695652173913044,386.6,2026-02-13 17:11:43-08:00,237.2,174.6,36.9,0.48,0.48,True
187.06,2.0,9.0,2026-02-14 01:14:44,37.08161,-121.59863,344.0,6.3,154.1,-12.6,0.0,0.0,0.0,0.0,0.0,11.1,-0.4,135.5,0.0,116.0,1.2,-0.02,1.0,0.0,-2.0,0.0,30.11,354.0,0.0,0.0,326.0,0.0,0.0,0.0,0.0,0.0,0.0,0.0,0.0,0.0,0.0,0.0,0.0,0.0,0.0,0.0,-3.0,0.0,0.0,0.0,0.0,1.0,0.0,0.0,1200.0,69.0,1213.0,1213.0,12.3,2.3,0.0,2.3,26.1,0.0,0.0,35.8,0.0,0.0,6.5,1.4,0.6,-16.0,0.0,0.0,26.1,-7.0,0.0,0.0,0.0,0.656,0.791,69.1,0.0,0.0,0.0,,0.0,1213.0,62.6,100.4,0.0,0.0,0.0,0.0,237.2,1191.2,233.6,1207.4,237.2,1274.0,242.6,1281.2,0.0,0.0,99.5,237.65,207.05,68.9,0.08640277777777777,331.5143333333333,2.739130434782609,386.6,2026-02-13 17:11:43-08:00,237.64999999999998,175.04999999999998,36.9,0.48,0.48,True
188.06,2.0,9.0,2026-02-14 01:14:45,37.08158,-121.59862,343.0,6.4,155.4,-12.6,0.0,0.0,0.0,0.0,0.0,11.1,-0.4,136.2,0.0,116.0,1.2,-0.02,1.2,0.0,19.0,0.0,30.11,354.0,0.0,0.0,326.0,0.0,0.0,0.0,0.0,0.0,0.0,0.0,0.0,0.0,0.0,0.0,0.0,0.0,0.0,0.0,-3.0,0.0,0.0,0.0,0.0,1.0,0.0,0.0,1200.0,69.0,1213.0,1213.0,12.3,2.3,0.0,2.3,26.1,0.0,0.0,35.8,0.0,0.0,6.4,1.4,0.6,-16.0,0.0,0.0,26.1,-7.0,0.0,0.0,0.0,0.654,0.791,69.1,0.0,0.0,0.0,,0.0,1213.0,62.6,100.4,0.0,0.0,0.0,0.0,239.0,1189.4,233.6,1205.6,239.0,1270.4,244.4,1279.4,0.0,0.0,99.68,239.0,208.4,69.08,0.08704166666666667,342.2246666666667,2.7826086956521743,386.6,2026-02-13 17:11:43-08:00,239.0,176.4,37.080000000000005,0.48,0.48,True
189.06,2.0,9.0,2026-02-14 01:14:46,37.08156,-121.5986,341.0,6.3,158.2,-12.6,0.0,0.0,0.0,0.0,0.0,11.1,-0.7,135.4,0.0,116.0,0.2,-0.01,1.0,0.0,-24.0,0.0,30.11,354.0,0.0,0.0,326.0,0.0,0.0,0.0,0.0,0.0,0.0,0.0,0.0,0.0,0.0,0.0,0.0,0.0,0.0,0.0,-3.0,0.0,0.0,0.0,0.0,1.0,0.0,0.0,1200.0,69.0,1211.0,1211.0,12.3,2.3,0.0,2.3,26.1,0.0,0.0,35.8,0.0,0.0,6.2,1.4,0.6,-16.0,0.0,0.0,26.1,-7.0,0.0,0.0,0.0,0.654,0.791,69.1,0.0,0.0,0.0,,0.0,1211.0,62.6,100.4,0.0,0.0,0.0,0.0,239.0,1184.0,233.6,1203.8,239.0,1266.8,244.4,1277.6,0.0,0.0,99.68,239.0,208.4,69.08,0.08768055555555555,352.935,2.739130434782609,386.6,2026-02-13 17:11:43-08:00,239.0,176.4,37.080000000000005,0.48,0.48,True
190.06,2.0,9.0,2026-02-14 01:14:47,37.08154,-121.59862,320.0,6.4,156.3,-12.6,0.0,0.0,0.0,0.0,0.0,11.1,-0.4,134.9,0.0,116.0,-0.2,-0.0,1.0,0.0,-35.0,0.0,30.11,354.0,0.0,0.0,326.0,0.0,0.0,0.0,0.0,0.0,0.0,0.0,0.0,0.0,0.0,0.0,0.0,0.0,0.0,0.0,-3.0,0.0,0.0,0.0,0.0,1.0,0.0,0.0,1200.0,69.0,1206.0,1206.0,12.2,2.2,0.0,2.2,26.1,0.0,0.0,35.8,0.0,0.0,6.2,1.4,0.6,-16.0,0.0,0.0,26.1,-7.0,0.0,0.0,0.0,0.654,0.791,69.0,0.0,0.0,0.0,,0.0,1206.0,62.6,100.4,0.0,0.0,0.0,0.0,240.8,1184.0,235.4,1200.2,240.8,1263.2,244.4,1275.8,0.0,0.0,99.5,240.35,209.75,68.9,0.08830555555555555,363.6453333333333,2.909090909090909,386.6,2026-02-13 17:11:43-08:00,240.35000000000002,177.75000000000003,36.9,0.48,0.48,True
191.06,2.0,9.0,2026-02-14 01:14:48,37.08152,-121.5986,318.0,6.3,155.6,-12.6,0.0,0.0,0.0,0.0,0.0,11.0,-0.4,134.6,0.0,116.0,-0.3,-0.01,0.9,0.0,-12.0,0.0,30.11,354.0,0.0,0.0,326.0,0.0,0.0,0.0,0.0,0.0,0.0,0.0,0.0,0.0,0.0,0.0,0.0,0.0,0.0,0.0,-3.0,0.0,0.0,0.0,0.0,1.0,0.0,0.0,1200.0,69.0,1197.0,1197.0,12.2,2.2,0.0,2.2,26.1,0.0,0.0,35.8,0.0,0.0,6.3,1.4,0.6,-16.0,0.0,0.0,26.1,-7.0,0.0,0.0,0.0,0.654,0.791,68.7,0.0,0.0,0.0,,0.0,1197.0,62.6,100.4,0.0,0.0,0.0,0.0,240.8,1180.4,235.4,1200.2,240.8,1261.4,246.2,1272.2,0.0,0.0,99.5,240.8,210.2,68.9,0.08891666666666667,374.35566666666665,2.8636363636363633,386.6,2026-02-13 17:11:43-08:00,240.8,178.20000000000002,36.9,0.48,0.48,True
192.06,2.0,9.0,2026-02-14 01:14:49,37.08149,-121.59859,318.0,6.5,155.9,-12.6,0.0,0.0,0.0,0.0,0.0,11.0,-0.3,134.7,0.0,116.0,-0.1,-0.01,1.0,0.0,-12.0,0.0,30.11,356.0,0.0,0.0,326.0,0.0,0.0,0.0,0.0,0.0,0.0,0.0,0.0,0.0,0.0,0.0,0.0,0.0,0.0,0.0,-3.0,0.0,0.0,0.0,0.0,1.0,0.0,0.0,1200.0,68.0,1189.0,1189.0,12.3,2.2,0.0,2.2,26.1,0.0,0.0,35.8,0.0,0.0,6.4,1.4,0.6,-16.0,0.0,0.0,26.1,-7.0,0.0,0.0,0.0,0.653,0.791,68.4,0.0,0.0,0.0,,0.0,1189.0,62.6,100.4,0.0,0.0,0.0,0.0,240.8,1178.6,237.2,1198.4,240.8,1259.6,246.2,1270.4,0.0,0.0,99.5,241.25,210.65,68.9,0.08952777777777778,385.1503333333333,2.954545454545454,386.6,2026-02-13 17:11:43-08:00,241.25,178.65,36.9,0.48,0.48,True
193.06,2.0,9.0,2026-02-14 01:14:50,37.08146,-121.59857,319.0,6.6,155.9,-12.6,0.0,0.0,0.0,0.0,0.0,10.8,-0.0,134.8,0.0,116.0,0.0,-0.0,1.1,0.0,-1.0,0.0,30.11,354.0,0.0,0.0,326.0,0.0,0.0,0.0,0.0,0.0,0.0,0.0,0.0,0.0,0.0,0.0,0.0,0.0,0.0,0.0,-3.0,0.0,0.0,0.0,0.0,1.0,0.0,0.0,1200.0,69.0,1193.0,1193.0,12.3,2.2,0.0,2.2,26.1,0.0,0.0,35.8,0.0,0.0,6.4,1.4,0.6,-16.0,0.0,0.0,26.1,-7.0,0.0,0.0,0.0,0.654,0.791,68.5,0.0,0.0,0.0,,0.0,1193.0,62.6,100.4,0.0,0.0,0.0,0.0,242.6,1176.8,237.2,1198.4,242.6,1256.0,248.0,1270.4,0.0,0.0,99.86,242.6,212.0,69.26,0.0901388888888889,396.198,2.9999999999999996,386.6,2026-02-13 17:11:43-08:00,242.6,180.0,37.26,0.48,0.48,True
194.06,2.0,9.0,2026-02-14 01:14:51,37.08144,-121.59856,318.0,6.7,155.9,-12.6,0.0,0.0,0.0,0.0,0.0,11.0,-0.0,134.9,0.0,116.0,0.1,-0.01,0.8,0.0,18.0,0.0,30.11,354.0,0.0,0.0,326.0,0.0,0.0,0.0,0.0,0.0,0.0,0.0,0.0,0.0,0.0,0.0,0.0,0.0,0.0,0.0,-3.0,0.0,0.0,0.0,0.0,1.0,0.0,0.0,1200.0,68.0,1182.0,1182.0,12.3,2.2,0.0,2.2,26.1,0.0,0.0,35.8,0.0,0.0,6.2,1.4,0.6,-16.0,0.0,0.0,26.1,-7.0,0.0,0.0,0.0,0.653,0.791,68.2,0.0,0.0,0.0,,0.0,1182.0,62.6,100.4,0.0,0.0,0.0,0.0,242.6,1176.8,237.2,1196.6,242.6,1257.8,248.0,1268.6,0.0,0.0,99.86,242.6,212.0,69.26,0.09075,407.41433333333333,3.0454545454545454,386.6,2026-02-13 17:11:43-08:00,242.6,180.0,37.26,0.48,0.48,True
195.06,2.0,9.0,2026-02-14 01:14:52,37.08141,-121.59854,318.0,6.8,156.2,-12.6,0.0,0.0,0.0,0.0,0.0,10.9,-0.0,135.0,0.0,116.0,0.1,-0.0,1.1,0.0,-26.0,0.0,30.11,354.0,0.0,0.0,326.0,0.0,0.0,0.0,0.0,0.0,0.0,0.0,0.0,0.0,0.0,0.0,0.0,0.0,0.0,0.0,-3.0,0.0,0.0,0.0,0.0,1.0,0.0,0.0,1200.0,68.0,1196.0,1196.0,12.3,2.2,0.0,2.2,26.1,0.0,0.0,35.8,0.0,0.0,6.1,1.4,0.6,-16.0,0.0,0.0,26.1,-7.0,0.0,0.0,0.0,0.654,0.791,68.5,0.0,0.0,0.0,,0.0,1196.0,62.6,100.4,0.0,0.0,0.0,0.0,242.6,1175.0,237.2,1194.8,242.6,1254.2,249.8,1266.8,0.0,0.0,99.68,243.05,212.45,69.08,0.09136111111111112,418.7993333333333,3.0909090909090904,386.6,2026-02-13 17:11:43-08:00,243.04999999999998,180.45,37.080000000000005,0.48,0.48,True
196.06,2.0,9.0,2026-02-14 01:14:53,37.08138,-121.59853,317.0,6.8,156.1,-12.6,0.0,0.0,0.0,0.0,0.0,10.9,-0.0,135.0,0.0,116.0,-0.0,0.0,1.0,0.0,-21.0,0.0,30.11,354.0,0.0,0.0,326.0,0.0,0.0,0.0,0.0,0.0,0.0,0.0,0.0,0.0,0.0,0.0,0.0,0.0,0.0,0.0,-3.0,0.0,0.0,0.0,0.0,1.0,0.0,0.0,1200.0,68.0,1194.0,1194.0,12.2,2.2,0.0,2.2,26.1,0.0,0.0,35.8,0.0,0.0,6.2,1.4,0.6,-16.0,0.0,0.0,26.1,-7.0,0.0,0.0,0.0,0.654,0.791,68.2,0.0,0.0,0.0,,0.0,1194.0,62.6,100.4,0.0,0.0,0.0,0.0,244.4,1173.2,239.0,1193.0,244.4,1252.4,249.8,1266.8,0.0,0.0,99.68,244.4,213.8,69.08,0.09197222222222222,430.26866666666666,3.0909090909090904,386.6,2026-02-13 17:11:43-08:00,244.4,181.8,37.080000000000005,0.48,0.48,True
197.06,2.0,9.0,2026-02-14 01:14:54,37.08135,-121.59851,317.0,7.0,156.0,-12.6,0.0,0.0,0.0,0.0,0.0,10.9,-0.0,134.9,0.0,116.0,-0.1,0.0,0.9,0.0,20.0,0.0,30.11,354.0,0.0,0.0,326.0,0.0,0.0,0.0,0.0,0.0,0.0,0.0,0.0,0.0,0.0,0.0,0.0,0.0,0.0,0.0,-3.0,0.0,0.0,0.0,0.0,1.0,0.0,0.0,1200.0,69.0,1195.0,1195.0,12.2,2.2,0.0,2.2,26.1,0.0,0.0,35.8,0.0,0.0,6.3,1.4,0.6,-16.0,0.0,0.0,26.1,-7.0,0.0,0.0,0.0,0.656,0.791,68.6,0.0,0.0,0.0,,0.0,1195.0,62.6,100.4,0.0,0.0,0.0,0.0,244.4,1173.2,239.0,1191.2,244.4,1250.6,249.8,1266.8,0.0,0.0,99.68,244.4,213.8,69.08,0.09258333333333334,441.90666666666664,3.1818181818181817,386.6,2026-02-13 17:11:43-08:00,244.4,181.8,37.080000000000005,0.48,0.48,True
198.06,2.0,9.0,2026-02-14 01:14:55,37.08132,-121.5985,317.0,6.9,156.7,-12.6,0.0,0.0,0.0,0.0,0.0,10.7,-0.1,134.9,0.0,116.0,-0.1,0.0,1.1,0.0,-1.0,0.0,30.11,354.0,0.0,0.0,326.0,0.0,0.0,0.0,0.0,0.0,0.0,0.0,0.0,0.0,0.0,0.0,0.0,0.0,0.0,0.0,-3.0,0.0,0.0,0.0,0.0,1.0,0.0,0.0,1200.0,68.0,1190.0,1190.0,12.2,2.1,0.0,2.1,26.1,0.0,0.0,35.8,0.0,0.0,6.5,1.4,0.6,-16.0,0.0,0.0,26.1,-7.0,0.0,0.0,0.0,0.654,0.791,68.4,0.0,0.0,0.0,,0.0,1190.0,62.6,100.4,0.0,0.0,0.0,0.0,244.4,1173.2,240.8,1191.2,246.2,1248.8,251.6,1265.0,0.0,0.0,99.86,245.75,215.15,69.26,0.09318055555555556,453.62899999999996,3.2857142857142856,386.6,2026-02-13 17:11:43-08:00,245.74999999999997,183.14999999999998,37.26,0.48,0.48,True
199.06,2.0,9.0,2026-02-14 01:14:56,37.08129,-121.59848,317.0,6.6,156.3,-12.6,0.0,0.0,0.0,0.0,0.0,10.8,-0.2,134.8,0.0,116.0,-0.1,0.0,0.8,0.0,12.0,0.0,30.11,346.0,0.0,0.0,326.0,0.0,0.0,0.0,0.0,0.0,0.0,0.0,0.0,0.0,0.0,0.0,0.0,0.0,0.0,0.0,1.0,0.0,0.0,0.0,0.0,1.0,0.0,0.0,1200.0,64.0,924.0,924.0,11.0,2.0,0.0,2.0,26.2,0.0,0.0,35.8,0.0,0.0,6.3,1.4,0.6,-16.0,0.0,0.0,26.2,-7.0,0.0,0.0,0.0,0.656,0.792,63.8,0.0,0.0,0.0,,0.0,924.0,62.6,100.4,0.0,0.0,0.0,0.0,246.2,1171.4,240.8,1189.4,246.2,1247.0,251.6,1261.4,0.0,0.0,99.86,246.2,215.6,69.26,0.09375,465.01399999999995,3.3,386.6,2026-02-13 17:11:43-08:00,246.2,183.6,37.26,0.48,0.48,True
200.06,2.0,8.0,2026-02-14 01:14:57,37.08127,-121.59847,308.0,6.3,154.1,-12.6,0.0,0.0,0.0,0.0,0.0,11.0,-0.5,134.9,0.0,116.0,-0.0,-0.01,1.0,0.0,-12.0,0.0,30.11,346.0,0.0,0.0,326.0,0.0,0.0,0.0,0.0,0.0,0.0,0.0,0.0,0.0,0.0,0.0,0.0,0.0,0.0,0.0,-1.0,0.0,0.0,0.0,0.0,1.0,0.0,0.0,1200.0,68.0,1431.0,1431.0,17.2,2.1,0.0,2.1,26.0,0.0,0.0,35.8,0.0,0.0,6.2,1.4,0.6,-16.0,0.0,0.0,26.0,-7.0,0.0,0.0,0.0,0.656,0.792,68.3,0.0,0.0,0.0,,0.0,1431.0,62.6,100.4,0.0,0.0,0.0,0.0,246.2,1173.2,240.8,1187.6,246.2,1248.8,253.4,1257.8,0.0,0.0,99.68,246.65,216.05,69.08,0.09431944444444444,475.893,3.0,386.6,2026-02-13 17:11:43-08:00,246.65000000000003,184.05000000000004,37.080000000000005,0.48,0.48,True
201.06,2.0,8.0,2026-02-14 01:14:58,37.08124,-121.59846,308.0,6.9,155.6,-12.6,0.0,0.0,0.0,0.0,0.0,11.1,-0.7,134.7,0.0,116.0,-0.0,-0.01,1.1,0.0,40.0,0.0,30.11,346.0,0.0,0.0,326.0,0.0,0.0,0.0,0.0,0.0,0.0,0.0,0.0,0.0,0.0,0.0,0.0,0.0,0.0,0.0,-4.0,0.0,0.0,0.0,0.0,1.0,0.0,0.0,1200.0,73.0,1358.0,1358.0,14.2,2.2,0.0,2.2,26.2,0.0,0.0,35.8,0.0,0.0,6.1,1.4,0.6,-16.0,0.0,0.0,26.2,-7.0,0.0,0.0,0.0,0.654,0.792,73.4,0.0,0.0,0.0,,0.0,1358.0,62.6,100.4,0.0,0.0,0.0,0.0,246.2,1189.4,242.6,1205.6,248.0,1272.2,253.4,1279.4,0.0,0.0,99.68,247.55,216.95,69.08,0.09491666666666666,487.025,3.1363636363636362,386.6,2026-02-13 17:11:43-08:00,247.55,184.95000000000002,37.080000000000005,0.48,0.48,True
202.06,2.0,8.0,2026-02-14 01:14:59,37.08121,-121.59844,307.0,7.2,156.4,-12.6,0.0,0.0,0.0,0.0,0.0,11.0,-0.6,134.9,0.0,116.0,0.2,-0.0,0.7,0.0,14.0,0.0,30.11,354.0,0.0,0.0,326.0,0.0,0.0,0.0,0.0,0.0,0.0,0.0,0.0,0.0,0.0,0.0,0.0,0.0,0.0,0.0,-4.0,0.0,0.0,0.0,0.0,1.0,0.0,0.0,1200.0,72.0,1335.0,1335.0,13.7,2.3,0.0,2.3,26.2,0.0,0.0,35.8,0.0,0.0,6.2,1.4,0.6,-16.0,0.0,0.0,26.2,-7.0,0.0,0.0,0.0,0.654,0.792,72.4,0.0,0.0,0.0,,0.0,1335.0,62.6,100.4,0.0,0.0,0.0,0.0,248.0,1200.2,242.6,1214.6,248.0,1288.4,253.4,1290.2,0.0,0.0,99.68,248.0,217.4,69.08,0.09554166666666666,498.916,3.130434782608696,386.6,2026-02-13 17:11:43-08:00,248.0,185.4,37.080000000000005,0.48,0.48,True
203.06,2.0,9.0,2026-02-14 01:15:00,37.08118,-121.59841,315.0,7.6,155.6,-12.6,0.0,0.0,0.0,0.0,0.0,10.9,-0.7,135.6,0.0,116.0,0.5,-0.01,1.1,0.0,-11.0,0.0,30.11,354.0,0.0,0.0,326.0,0.0,0.0,0.0,0.0,0.0,0.0,0.0,0.0,0.0,0.0,0.0,0.0,0.0,0.0,0.0,-4.0,0.0,0.0,0.0,0.0,1.0,0.0,0.0,1200.0,71.0,1263.0,1263.0,13.6,2.3,0.0,2.3,26.1,0.0,0.0,35.8,0.0,0.0,6.3,1.4,0.6,-16.0,0.0,0.0,26.1,-7.0,0.0,0.0,0.0,0.656,0.792,71.2,0.0,0.0,0.0,,0.0,1263.0,62.6,100.4,0.0,0.0,0.0,0.0,248.0,1207.4,244.4,1227.2,248.0,1301.0,255.2,1301.0,0.0,0.0,99.86,248.9,218.3,69.26,0.09618055555555556,511.3973333333333,3.3043478260869565,386.6,2026-02-13 17:11:43-08:00,248.9,186.3,37.26,0.48,0.48,True
204.06,2.0,9.0,2026-02-14 01:15:01,37.08115,-121.5984,314.0,7.8,156.4,-12.6,0.0,0.0,0.0,0.0,0.0,10.9,-0.6,136.1,0.0,116.0,0.6,-0.02,1.1,0.0,-10.0,0.0,30.11,354.0,0.0,0.0,326.0,0.0,0.0,0.0,0.0,0.0,0.0,0.0,0.0,0.0,0.0,0.0,0.0,0.0,0.0,0.0,-4.0,0.0,0.0,0.0,0.0,1.0,0.0,0.0,1200.0,72.0,1299.0,1299.0,13.5,2.3,0.0,2.3,26.2,0.0,0.0,35.8,0.0,0.0,6.2,1.4,0.6,-16.0,0.0,0.0,26.2,-7.0,0.0,0.0,0.0,0.656,0.792,71.6,0.0,0.0,0.0,,0.0,1299.0,62.6,100.4,0.0,0.0,0.0,0.0,249.8,1214.6,244.4,1234.4,249.8,1310.0,255.2,1306.4,0.0,0.0,100.04,249.8,219.2,69.44,0.09681944444444444,524.3846666666666,3.3913043478260874,386.6,2026-02-13 17:11:43-08:00,249.8,187.20000000000002,37.440000000000005,0.48,0.48,True
205.06,2.0,9.0,2026-02-14 01:15:02,37.08112,-121.5984,315.0,8.0,156.6,-12.6,0.0,0.0,0.0,0.0,0.0,10.8,-0.7,136.1,0.0,116.0,0.3,-0.01,1.0,0.0,-45.0,0.0,30.11,354.0,0.0,0.0,326.0,0.0,0.0,0.0,0.0,0.0,0.0,0.0,0.0,0.0,0.0,0.0,0.0,0.0,0.0,0.0,-4.0,0.0,0.0,0.0,0.0,1.0,0.0,0.0,1200.0,72.0,1323.0,1323.0,13.4,2.3,0.0,2.3,26.2,0.0,0.0,35.8,0.0,0.0,6.0,1.4,0.6,-16.0,0.0,0.0,26.2,-7.0,0.0,0.0,0.0,0.656,0.792,71.7,0.0,0.0,0.0,,0.0,1323.0,62.6,100.4,0.0,0.0,0.0,0.0,249.8,1216.4,246.2,1239.8,249.8,1319.0,257.0,1311.8,0.0,0.0,99.86,250.7,220.1,69.26,0.09745833333333334,537.7093333333333,3.4782608695652177,386.6,2026-02-13 17:11:43-08:00,250.7,188.1,37.26,0.48,0.48,True
206.06,2.0,9.0,2026-02-14 01:15:03,37.08108,-121.59837,302.0,8.3,157.0,-12.6,0.0,0.0,0.0,0.0,0.0,10.7,-0.6,136.1,0.0,116.0,0.1,-0.01,1.1,0.0,-19.0,0.0,30.11,354.0,0.0,0.0,326.0,0.0,0.0,0.0,0.0,0.0,0.0,0.0,0.0,0.0,0.0,0.0,0.0,0.0,0.0,0.0,-4.0,0.0,0.0,0.0,0.0,1.0,0.0,0.0,1200.0,72.0,1312.0,1312.0,13.3,2.4,0.0,2.4,26.2,0.0,0.0,35.8,0.0,0.0,6.1,1.4,0.6,-16.0,0.0,0.0,26.2,-7.0,0.0,0.0,0.0,0.656,0.791,71.6,0.0,0.0,0.0,,0.0,1312.0,62.6,100.4,0.0,0.0,0.0,0.0,251.6,1221.8,246.2,1243.4,251.6,1324.4,257.0,1317.2,0.0,0.0,99.86,251.6,221.0,69.26,0.09811111111111111,551.4556666666666,3.458333333333334,386.6,2026-02-13 17:11:43-08:00,251.6,189.0,37.26,0.48,0.48,True
207.06,2.0,9.0,2026-02-14 01:15:04,37.08105,-121.59836,301.0,8.6,156.6,-12.6,0.0,0.0,0.0,0.0,0.0,10.6,-0.7,136.2,0.0,116.0,0.1,-0.02,0.8,0.0,-32.0,0.0,30.11,354.0,0.0,0.0,326.0,0.0,0.0,0.0,0.0,0.0,0.0,0.0,0.0,0.0,0.0,0.0,0.0,0.0,0.0,0.0,-4.0,0.0,0.0,0.0,0.0,1.0,0.0,0.0,1200.0,72.0,1305.0,1305.0,13.3,2.4,0.0,2.4,26.1,0.0,0.0,35.8,0.0,0.0,6.1,1.4,0.6,-16.0,0.0,0.0,26.1,-7.0,0.0,0.0,0.0,0.657,0.791,71.6,0.0,0.0,0.0,,0.0,1305.0,62.6,100.4,0.0,0.0,0.0,0.0,251.6,1223.6,248.0,1247.0,251.6,1319.0,258.8,1320.8,0.0,0.0,99.86,252.5,221.9,69.26,0.09877777777777778,565.708,3.5833333333333335,386.6,2026-02-13 17:11:43-08:00,252.5,189.9,37.26,0.48,0.48,True
208.06,2.0,9.0,2026-02-14 01:15:05,37.08101,-121.59834,300.0,8.8,156.8,-12.6,0.0,0.0,0.0,0.0,0.0,10.7,-0.9,135.5,0.0,116.0,-0.4,-0.01,1.0,0.0,-32.0,0.0,30.11,346.0,0.0,0.0,326.0,0.0,0.0,0.0,0.0,0.0,0.0,0.0,0.0,0.0,0.0,0.0,0.0,0.0,0.0,0.0,-4.0,0.0,0.0,0.0,0.0,1.0,0.0,0.0,1200.0,71.0,1287.0,1287.0,13.1,2.4,0.0,2.4,26.1,0.0,0.0,35.8,0.0,0.0,6.2,1.4,0.6,-16.0,0.0,0.0,26.1,-7.0,0.0,0.0,0.0,0.656,0.792,71.0,0.0,0.0,0.0,,0.0,1287.0,62.6,100.4,0.0,0.0,0.0,0.0,251.6,1225.4,248.0,1248.8,253.4,1320.8,258.8,1320.8,0.0,0.0,99.86,252.95,222.35,69.26,0.09944444444444445,580.382,3.666666666666667,386.6,2026-02-13 17:11:43-08:00,252.95000000000002,190.35000000000002,37.26,0.48,0.48,True
209.06,2.0,9.0,2026-02-14 01:15:06,37.08097,-121.59832,300.0,9.0,156.5,-12.6,0.0,0.0,0.0,0.0,0.0,10.7,-0.7,134.6,0.0,116.0,-0.7,-0.01,1.0,0.0,-2.0,0.0,30.11,346.0,0.0,0.0,326.0,0.0,0.0,0.0,0.0,0.0,0.0,0.0,0.0,0.0,0.0,0.0,0.0,0.0,0.0,0.0,-3.0,0.0,0.0,0.0,0.0,1.0,0.0,0.0,1200.0,70.0,1266.0,1266.0,13.0,2.3,0.0,2.3,26.1,0.0,0.0,35.8,0.0,0.0,6.1,1.4,0.6,-16.0,0.0,0.0,26.1,-7.0,0.0,0.0,0.0,0.654,0.792,70.5,0.0,0.0,0.0,,0.0,1266.0,62.6,100.4,0.0,0.0,0.0,0.0,253.4,1227.2,249.8,1250.6,253.4,1324.4,258.8,1320.8,0.0,0.0,100.04,253.85,223.25,69.44,0.10009722222222223,595.3933333333333,3.91304347826087,386.6,2026-02-13 17:11:43-08:00,253.85,191.25,37.440000000000005,0.48,0.48,True
210.06,2.0,9.0,2026-02-14 01:15:07,37.08093,-121.5983,299.0,9.1,155.6,-12.6,0.0,0.0,0.0,0.0,0.0,10.7,-0.3,134.2,0.0,116.0,-0.7,0.01,0.9,0.0,-15.0,0.0,30.11,346.0,0.0,0.0,326.0,0.0,0.0,0.0,0.0,0.0,0.0,0.0,0.0,0.0,0.0,0.0,0.0,0.0,0.0,0.0,-4.0,0.0,0.0,0.0,0.0,1.0,0.0,0.0,1200.0,70.0,1244.0,1244.0,12.8,2.3,0.0,2.3,26.2,0.0,0.0,35.8,0.0,0.0,5.9,1.4,0.6,-16.0,0.0,0.0,26.2,-7.0,0.0,0.0,0.0,0.656,0.792,70.0,0.0,0.0,0.0,,0.0,1244.0,62.6,100.4,0.0,0.0,0.0,0.0,253.4,1225.4,249.8,1248.8,253.4,1326.2,260.6,1320.8,0.0,0.0,99.86,254.3,223.7,69.26,0.10073611111111111,610.6576666666666,3.956521739130435,386.6,2026-02-13 17:11:43-08:00,254.29999999999998,191.7,37.26,0.48,0.48,True
211.06,2.0,9.0,2026-02-14 01:15:08,37.08089,-121.59828,298.0,9.3,155.1,-12.6,0.0,0.0,0.0,0.0,0.0,10.6,-0.2,134.4,0.0,116.0,-0.2,-0.01,0.9,0.0,12.0,0.0,30.11,354.0,0.0,0.0,326.0,0.0,0.0,0.0,0.0,0.0,0.0,0.0,0.0,0.0,0.0,0.0,0.0,-1.0,0.0,0.0,-4.0,0.0,0.0,0.0,0.0,1.0,0.0,0.0,1200.0,69.0,1236.0,1236.0,12.8,2.3,0.0,2.3,26.1,0.0,0.0,35.8,0.0,0.0,6.1,1.4,0.6,-16.0,0.0,0.0,26.1,-7.0,0.0,0.0,0.0,0.656,0.791,69.5,0.0,0.0,0.0,,0.0,1236.0,62.6,100.4,0.0,0.0,0.0,0.0,255.2,1225.4,249.8,1247.0,255.2,1328.0,260.6,1319.0,0.0,0.0,99.86,255.2,224.6,69.26,0.101375,626.175,4.043478260869565,386.6,2026-02-13 17:11:43-08:00,255.2,192.6,37.26,0.48,0.48,True
212.06,2.0,9.0,2026-02-14 01:15:09,37.08091,-121.59827,331.0,9.3,155.1,-12.6,0.0,0.0,0.0,0.0,0.0,10.6,-0.2,134.4,0.0,116.0,-0.1,-0.0,1.0,0.0,15.0,0.0,30.11,354.0,0.0,0.0,326.0,0.0,0.0,0.0,0.0,0.0,0.0,0.0,0.0,0.0,0.0,0.0,0.0,-1.0,0.0,0.0,-4.0,0.0,0.0,0.0,0.0,1.0,0.0,0.0,1200.0,69.0,1238.0,1238.0,12.7,2.2,0.0,2.2,26.1,0.0,0.0,35.8,0.0,0.0,6.2,1.4,0.6,-16.0,0.0,0.0,26.1,-7.0,0.0,0.0,0.0,0.654,0.791,69.4,0.0,0.0,0.0,,0.0,1238.0,62.6,100.4,0.0,0.0,0.0,0.0,255.2,1223.6,251.6,1243.4,255.2,1329.8,262.4,1315.4,0.0,0.0,99.86,256.1,225.5,69.26,0.10200000000000001,641.861,4.2272727272727275,386.6,2026-02-13 17:11:43-08:00,256.09999999999997,193.49999999999997,37.26,0.48,0.48,True
213.06,2.0,9.0,2026-02-14 01:15:10,37.08086,-121.59825,329.0,9.4,155.1,-12.6,0.0,0.0,0.0,0.0,0.0,10.6,-0.4,134.7,0.0,116.0,0.1,-0.01,1.0,0.0,-5.0,0.0,30.11,354.0,0.0,0.0,326.0,0.0,0.0,0.0,0.0,0.0,0.0,0.0,0.0,0.0,0.0,0.0,0.0,-1.0,0.0,0.0,-4.0,0.0,0.0,0.0,0.0,1.0,0.0,0.0,1200.0,69.0,1228.0,1228.0,12.6,2.2,0.0,2.2,26.1,0.0,0.0,35.8,0.0,0.0,6.4,1.4,0.6,-16.0,0.0,0.0,26.1,-7.0,0.0,0.0,0.0,0.654,0.792,69.3,0.0,0.0,0.0,,0.0,1228.0,62.6,100.4,0.0,0.0,0.0,0.0,255.2,1221.8,251.6,1239.8,255.2,1328.0,262.4,1311.8,0.0,0.0,100.04,256.1,225.5,69.44,0.10261111111111111,657.6313333333333,4.2727272727272725,386.6,2026-02-13 17:11:43-08:00,256.09999999999997,193.49999999999997,37.440000000000005,0.48,0.48,True
214.06,2.0,9.0,2026-02-14 01:15:11,37.08082,-121.59823,330.0,9.3,155.7,-12.6,0.0,0.0,0.0,0.0,0.0,10.8,-0.4,135.4,0.0,116.0,0.5,-0.01,0.9,0.0,7.0,0.0,30.11,345.0,0.0,0.0,326.0,0.0,0.0,0.0,0.0,0.0,0.0,0.0,0.0,0.0,0.0,0.0,0.0,-1.0,0.0,0.0,-4.0,0.0,0.0,0.0,0.0,1.0,0.0,0.0,1200.0,69.0,1221.0,1221.0,12.6,2.2,0.0,2.2,26.1,0.0,0.0,35.8,0.0,0.0,6.3,1.4,0.6,-16.0,0.0,0.0,26.1,-7.0,0.0,0.0,0.0,0.654,0.792,69.1,0.0,0.0,0.0,,0.0,1221.0,62.6,100.4,0.0,0.0,0.0,0.0,257.0,1220.0,251.6,1238.0,257.0,1328.0,262.4,1308.2,0.0,0.0,100.4,257.0,226.4,69.8,0.10322222222222223,673.4016666666666,4.2272727272727275,386.6,2026-02-13 17:11:43-08:00,257.0,194.4,37.800000000000004,0.48,0.48,True
215.06,2.0,9.0,2026-02-14 01:15:12,37.08079,-121.59821,329.0,9.2,156.1,-12.6,0.0,0.0,0.0,0.0,0.0,10.8,-0.4,135.9,0.0,116.0,0.6,-0.02,1.0,0.0,-20.0,0.0,30.11,346.0,0.0,0.0,326.0,0.0,0.0,0.0,0.0,0.0,0.0,0.0,0.0,0.0,0.0,0.0,0.0,-1.0,0.0,0.0,-4.0,0.0,0.0,0.0,0.0,1.0,0.0,0.0,1200.0,69.0,1214.0,1214.0,12.6,2.2,0.0,2.2,26.1,0.0,0.0,35.8,0.0,0.0,6.0,1.4,0.6,-16.0,0.0,0.0,26.1,-7.0,0.0,0.0,0.0,0.656,0.792,68.9,0.0,0.0,0.0,,0.0,1214.0,62.6,100.4,0.0,0.0,0.0,0.0,257.0,1216.4,253.4,1236.2,257.0,1326.2,264.2,1306.4,0.0,0.0,100.04,257.9,227.3,69.44,0.10383333333333333,689.0033333333333,4.181818181818181,386.6,2026-02-13 17:11:43-08:00,257.9,195.29999999999998,37.440000000000005,0.48,0.48,True
216.06,2.0,9.0,2026-02-14 01:15:13,37.08073,-121.59819,328.0,9.2,156.8,-12.6,0.0,0.0,0.0,0.0,0.0,10.6,-0.2,136.0,0.0,116.0,0.4,-0.01,1.0,0.0,-39.0,0.0,30.11,346.0,0.0,0.0,326.0,0.0,0.0,0.0,0.0,0.0,0.0,0.0,0.0,0.0,0.0,0.0,0.0,-1.0,0.0,0.0,-4.0,0.0,0.0,0.0,0.0,1.0,0.0,0.0,1200.0,69.0,1222.0,1222.0,12.4,2.2,0.0,2.2,26.0,0.0,0.0,35.8,0.0,0.0,6.0,1.4,0.6,-16.0,0.0,0.0,26.0,-7.0,0.0,0.0,0.0,0.654,0.791,69.0,0.0,0.0,0.0,,0.0,1222.0,62.6,100.4,0.0,0.0,0.0,0.0,257.0,1214.6,253.4,1232.6,257.0,1322.6,264.2,1304.6,0.0,0.0,100.04,257.9,227.3,69.44,0.10444444444444445,704.5206666666667,4.181818181818181,386.6,2026-02-13 17:11:43-08:00,257.9,195.29999999999998,37.440000000000005,0.48,0.48,True
217.06,2.0,9.0,2026-02-14 01:15:14,37.0807,-121.59817,329.0,8.9,156.3,-12.6,0.0,0.0,0.0,0.0,0.0,10.8,-0.3,135.5,0.0,116.0,-0.2,-0.0,0.9,0.0,-19.0,0.0,30.11,346.0,0.0,0.0,326.0,0.0,0.0,0.0,0.0,0.0,0.0,0.0,0.0,0.0,0.0,0.0,0.0,-1.0,0.0,0.0,-5.0,0.0,0.0,0.0,0.0,1.0,0.0,0.0,1200.0,69.0,1210.0,1210.0,12.3,2.2,0.0,2.2,26.0,0.0,0.0,35.8,0.0,0.0,6.2,1.4,0.6,-16.0,0.0,0.0,26.0,-7.0,0.0,0.0,0.0,0.656,0.791,68.7,0.0,0.0,0.0,,0.0,1210.0,62.6,100.4,0.0,0.0,0.0,0.0,258.8,1212.8,253.4,1229.0,258.8,1322.6,266.0,1302.8,0.0,0.0,100.04,259.25,228.65,69.44,0.10505555555555555,719.785,4.045454545454545,386.6,2026-02-13 17:11:43-08:00,259.25,196.65,37.440000000000005,0.48,0.48,True
218.06,2.0,9.0,2026-02-14 01:15:15,37.08066,-121.59815,329.0,8.8,156.1,-12.6,0.0,0.0,0.0,0.0,0.0,10.7,-0.5,135.6,0.0,116.0,-0.0,-0.01,0.9,0.0,-39.0,0.0,30.11,345.0,0.0,0.0,326.0,0.0,0.0,0.0,0.0,0.0,0.0,0.0,0.0,0.0,0.0,0.0,0.0,-1.0,0.0,0.0,-5.0,0.0,0.0,0.0,0.0,1.0,0.0,0.0,1200.0,68.0,1208.0,1208.0,12.4,2.2,0.0,2.2,26.1,0.0,0.0,35.8,0.0,0.0,6.3,1.4,0.6,-16.0,0.0,0.0,26.1,-7.0,0.0,0.0,0.0,0.654,0.791,68.5,0.0,0.0,0.0,,0.0,1208.0,62.6,100.4,0.0,0.0,0.0,0.0,258.8,1209.2,255.2,1229.0,258.8,1322.6,266.0,1301.0,0.0,0.0,100.22,259.7,229.1,69.62,0.10566666666666667,734.712,4.0,386.6,2026-02-13 17:11:43-08:00,259.7,197.1,37.62,0.48,0.48,True
219.06,2.0,9.0,2026-02-14 01:15:16,37.08062,-121.59813,328.0,8.7,155.5,-12.6,0.0,0.0,0.0,0.0,0.0,10.9,-0.6,135.6,0.0,116.0,0.0,-0.02,1.1,0.0,-15.0,0.0,30.11,346.0,0.0,0.0,326.0,0.0,0.0,0.0,0.0,0.0,0.0,0.0,0.0,0.0,0.0,0.0,0.0,-1.0,0.0,0.0,-5.0,0.0,0.0,0.0,0.0,1.0,0.0,0.0,1200.0,69.0,1206.0,1206.0,12.4,2.1,0.0,2.1,26.1,0.0,0.0,35.8,0.0,0.0,6.3,1.4,0.6,-16.0,0.0,0.0,26.1,-7.0,0.0,0.0,0.0,0.656,0.791,68.6,0.0,0.0,0.0,,0.0,1206.0,62.6,100.4,0.0,0.0,0.0,0.0,258.8,1207.4,255.2,1225.4,258.8,1320.8,266.0,1297.4,0.0,0.0,100.4,259.7,229.1,69.8,0.1062638888888889,749.4703333333333,4.142857142857142,386.6,2026-02-13 17:11:43-08:00,259.7,197.1,37.800000000000004,0.48,0.48,True
220.06,2.0,9.0,2026-02-14 01:15:17,37.08053,-121.59806,289.0,8.5,156.9,-12.6,0.0,0.0,0.0,0.0,0.0,10.8,-0.3,135.7,0.0,116.0,0.1,-0.01,0.9,0.0,-28.0,0.0,30.11,346.0,0.0,0.0,326.0,0.0,0.0,0.0,0.0,0.0,0.0,0.0,0.0,0.0,0.0,0.0,0.0,-1.0,0.0,0.0,-5.0,0.0,0.0,0.0,0.0,1.0,0.0,0.0,1200.0,68.0,1203.0,1203.0,12.3,2.1,0.0,2.1,26.1,0.0,0.0,35.8,0.0,0.0,6.0,1.4,0.6,-16.0,0.0,0.0,26.1,-7.0,0.0,0.0,0.0,0.654,0.791,68.4,0.0,0.0,0.0,,0.0,1203.0,62.6,100.4,0.0,0.0,0.0,0.0,260.6,1205.6,255.2,1223.6,260.6,1319.0,267.8,1293.8,0.0,0.0,100.22,261.05,230.45,69.62,0.10684722222222222,763.9756666666666,4.0476190476190474,386.6,2026-02-13 17:11:43-08:00,261.05000000000007,198.45000000000007,37.62,0.48,0.48,True
221.06,2.0,9.0,2026-02-14 01:15:18,37.08049,-121.59805,290.0,8.4,157.3,-12.6,0.0,0.0,0.0,0.0,0.0,10.7,-0.2,135.8,0.0,116.0,0.1,-0.01,0.9,0.0,18.0,0.0,30.11,346.0,0.0,0.0,326.0,0.0,0.0,0.0,0.0,0.0,0.0,0.0,0.0,0.0,0.0,0.0,0.0,-1.0,0.0,0.0,-5.0,0.0,0.0,0.0,0.0,1.0,0.0,0.0,1200.0,68.0,1203.0,1203.0,12.3,2.1,0.0,2.1,26.1,0.0,0.0,35.8,0.0,0.0,6.0,1.4,0.6,-16.0,0.0,0.0,26.1,-7.0,0.0,0.0,0.0,0.656,0.792,68.3,0.0,0.0,0.0,,0.0,1203.0,62.6,100.4,0.0,0.0,0.0,0.0,260.6,1202.0,257.0,1220.0,260.6,1317.2,267.8,1290.2,0.0,0.0,100.22,261.5,230.9,69.62,0.10743055555555556,778.228,4.0,386.6,2026-02-13 17:11:43-08:00,261.5,198.9,37.62,0.48,0.48,True
222.06,2.0,9.0,2026-02-14 01:15:19,37.08046,-121.59802,289.0,8.2,156.8,-12.6,0.0,0.0,0.0,0.0,0.0,10.7,-0.3,135.7,0.0,116.0,-0.0,-0.0,1.0,0.0,12.0,0.0,30.11,345.0,0.0,0.0,326.0,0.0,0.0,0.0,0.0,0.0,0.0,0.0,0.0,0.0,0.0,0.0,0.0,-1.0,0.0,0.0,-5.0,0.0,0.0,0.0,0.0,1.0,0.0,0.0,1200.0,68.0,1195.0,1195.0,12.2,2.1,0.0,2.1,26.1,0.0,0.0,35.8,0.0,0.0,6.1,1.4,0.6,-16.0,0.0,0.0,26.1,-7.0,0.0,0.0,0.0,0.656,0.792,68.3,0.0,0.0,0.0,,0.0,1195.0,62.6,100.4,0.0,0.0,0.0,0.0,260.6,1202.0,257.0,1218.2,262.4,1313.6,267.8,1288.4,0.0,0.0,100.22,261.95,231.35,69.62,0.1080138888888889,792.2273333333333,3.904761904761904,386.6,2026-02-13 17:11:43-08:00,261.95000000000005,199.35000000000005,37.62,0.48,0.48,True
223.06,2.0,9.0,2026-02-14 01:15:20,37.08042,-121.59801,289.0,8.1,156.6,-12.6,0.0,0.0,0.0,0.0,0.0,10.7,-0.6,135.8,0.0,116.0,-0.0,-0.01,1.1,0.0,8.0,0.0,30.11,346.0,0.0,0.0,326.0,0.0,0.0,0.0,0.0,0.0,0.0,0.0,0.0,0.0,0.0,0.0,0.0,-1.0,0.0,0.0,-5.0,0.0,0.0,0.0,0.0,1.0,0.0,0.0,1200.0,68.0,1199.0,1199.0,12.2,2.1,0.0,2.1,26.1,0.0,0.0,35.8,0.0,0.0,6.3,1.4,0.6,-16.0,0.0,0.0,26.1,-7.0,0.0,0.0,0.0,0.658,0.791,68.2,0.0,0.0,0.0,,0.0,1199.0,62.6,100.4,0.0,0.0,0.0,0.0,262.4,1196.6,257.0,1216.4,262.4,1311.8,269.6,1286.6,0.0,0.0,100.22,262.85,232.25,69.62,0.10859722222222222,805.9736666666666,3.8571428571428568,386.6,2026-02-13 17:11:43-08:00,262.85,200.25000000000003,37.62,0.48,0.48,True
224.06,2.0,9.0,2026-02-14 01:15:21,37.08038,-121.59798,289.0,8.0,156.7,-12.6,0.0,0.0,0.0,0.0,0.0,10.5,-0.8,135.8,0.0,116.0,-0.0,-0.01,1.2,0.0,-42.0,0.0,30.11,346.0,0.0,0.0,326.0,0.0,0.0,0.0,0.0,0.0,0.0,0.0,0.0,0.0,0.0,0.0,0.0,-1.0,0.0,0.0,-5.0,0.0,0.0,0.0,0.0,1.0,0.0,0.0,1200.0,68.0,1188.0,1188.0,12.2,2.1,0.0,2.1,26.1,0.0,0.0,35.8,0.0,0.0,6.2,1.4,0.6,-16.0,0.0,0.0,26.1,-7.0,0.0,0.0,0.0,0.656,0.791,68.1,0.0,0.0,0.0,,0.0,1188.0,62.6,100.4,0.0,0.0,0.0,0.0,262.4,1194.8,258.8,1216.4,264.2,1310.0,269.6,1283.0,0.0,0.0,100.58,263.75,233.15,69.98,0.10918055555555556,819.5513333333333,3.8095238095238093,386.6,2026-02-13 17:11:43-08:00,263.75,201.15,37.98,0.48,0.48,True
225.06,2.0,9.0,2026-02-14 01:15:22,37.08035,-121.59797,289.0,7.9,157.5,-12.6,0.0,0.0,0.0,0.0,0.0,10.7,-0.1,136.1,0.0,116.0,0.2,-0.01,1.1,0.0,10.0,0.0,30.11,346.0,0.0,0.0,326.0,0.0,0.0,0.0,0.0,0.0,0.0,0.0,0.0,0.0,0.0,0.0,0.0,-1.0,0.0,0.0,-5.0,0.0,0.0,0.0,0.0,1.0,0.0,0.0,1200.0,68.0,1195.0,1195.0,12.3,2.1,0.0,2.1,26.1,0.0,0.0,35.8,0.0,0.0,6.0,1.4,0.6,-16.0,0.0,0.0,26.1,-7.0,0.0,0.0,0.0,0.658,0.791,68.2,0.0,0.0,0.0,,0.0,1195.0,62.6,100.4,0.0,0.0,0.0,0.0,262.4,1193.0,258.8,1214.6,264.2,1308.2,271.4,1281.2,0.0,0.0,100.58,264.2,233.6,69.98,0.1097638888888889,832.9603333333333,3.761904761904762,386.6,2026-02-13 17:11:43-08:00,264.19999999999993,201.59999999999994,37.98,0.48,0.48,True
226.06,2.0,9.0,2026-02-14 01:15:23,37.08032,-121.59795,288.0,7.8,156.8,-12.6,0.0,0.0,0.0,0.0,0.0,10.8,-0.0,136.3,0.0,116.0,0.2,-0.0,1.1,0.0,15.0,0.0,30.11,345.0,0.0,0.0,326.0,0.0,0.0,0.0,0.0,0.0,0.0,0.0,0.0,0.0,0.0,0.0,0.0,-1.0,0.0,0.0,-5.0,0.0,0.0,0.0,0.0,1.0,0.0,0.0,1200.0,68.0,1193.0,1193.0,12.3,2.1,0.0,2.1,26.1,0.0,0.0,35.8,0.0,0.0,6.0,1.4,0.6,-16.0,0.0,0.0,26.1,-7.0,0.0,0.0,0.0,0.658,0.791,68.2,0.0,0.0,0.0,,0.0,1193.0,62.6,100.4,0.0,0.0,0.0,0.0,264.2,1191.2,258.8,1211.0,264.2,1306.4,271.4,1279.4,0.0,0.0,100.4,264.65,234.05,69.8,0.11034722222222222,846.2006666666666,3.714285714285714,386.6,2026-02-13 17:11:43-08:00,264.65,202.04999999999998,37.800000000000004,0.48,0.48,True
227.06,2.0,9.0,2026-02-14 01:15:24,37.08028,-121.59794,288.0,7.5,157.4,-12.6,0.0,0.0,0.0,0.0,0.0,10.6,-0.4,135.5,0.0,116.0,-0.4,-0.0,0.7,0.0,3.0,0.0,30.11,345.0,0.0,0.0,326.0,0.0,0.0,0.0,0.0,0.0,0.0,0.0,0.0,0.0,0.0,0.0,0.0,-1.0,0.0,0.0,-5.0,0.0,0.0,0.0,0.0,1.0,0.0,0.0,1200.0,68.0,1190.0,1190.0,12.2,2.1,0.0,2.1,26.1,0.0,0.0,35.8,0.0,0.0,6.1,1.4,0.6,-16.0,0.0,0.0,26.1,-7.0,0.0,0.0,0.0,0.656,0.792,68.0,0.0,0.0,0.0,,0.0,1190.0,62.6,100.4,0.0,0.0,0.0,0.0,264.2,1189.4,260.6,1211.0,264.2,1302.8,271.4,1279.4,0.0,0.0,100.4,265.1,234.5,69.8,0.11093055555555556,859.1036666666666,3.571428571428571,386.6,2026-02-13 17:11:43-08:00,265.09999999999997,202.49999999999997,37.800000000000004,0.48,0.48,True
228.06,2.0,9.0,2026-02-14 01:15:25,37.08025,-121.59792,288.0,7.3,156.7,-12.6,0.0,0.0,0.0,0.0,0.0,10.7,-0.4,134.6,0.0,116.0,-0.8,-0.0,0.9,0.0,20.0,0.0,30.11,345.0,0.0,0.0,326.0,0.0,0.0,0.0,0.0,0.0,0.0,0.0,0.0,0.0,0.0,0.0,0.0,-1.0,0.0,0.0,-5.0,0.0,0.0,0.0,0.0,1.0,0.0,0.0,1200.0,68.0,1187.0,1187.0,12.3,2.1,0.0,2.1,26.1,0.0,0.0,35.8,0.0,0.0,6.2,1.4,0.6,-16.0,0.0,0.0,26.1,-7.0,0.0,0.0,0.0,0.657,0.792,67.8,0.0,0.0,0.0,,0.0,1187.0,62.6,100.4,0.0,0.0,0.0,0.0,264.2,1189.4,260.6,1211.0,266.0,1302.8,273.2,1277.6,0.0,0.0,100.4,266.0,235.4,69.8,0.11151388888888888,871.5849999999999,3.476190476190476,386.6,2026-02-13 17:11:43-08:00,266.0,203.4,37.800000000000004,0.48,0.48,True
229.06,2.0,9.0,2026-02-14 01:15:26,37.08022,-121.5979,288.0,7.2,156.0,-12.6,0.0,0.0,0.0,0.0,0.0,10.8,-0.4,134.1,0.0,116.0,-0.7,-0.0,1.1,0.0,6.0,0.0,30.11,345.0,0.0,0.0,326.0,0.0,0.0,0.0,0.0,0.0,0.0,0.0,0.0,0.0,0.0,0.0,0.0,-1.0,0.0,0.0,-5.0,0.0,0.0,0.0,0.0,1.0,0.0,0.0,1200.0,68.0,1188.0,1188.0,12.3,2.1,0.0,2.1,26.1,0.0,0.0,35.8,0.0,0.0,6.3,1.4,0.6,-16.0,0.0,0.0,26.1,-7.0,0.0,0.0,0.0,0.656,0.792,67.7,0.0,0.0,0.0,,0.0,1188.0,62.6,100.4,0.0,0.0,0.0,0.0,264.2,1189.4,260.6,1209.2,266.0,1297.4,273.2,1277.6,0.0,0.0,100.58,266.0,235.4,69.98,0.11209722222222222,883.8133333333333,3.4285714285714284,386.6,2026-02-13 17:11:43-08:00,266.0,203.4,37.98,0.48,0.48,True
230.06,2.0,9.0,2026-02-14 01:15:27,37.08019,-121.59789,288.0,7.1,155.6,-12.6,0.0,0.0,0.0,0.0,0.0,10.7,-0.2,133.8,0.0,116.0,-0.5,0.0,0.8,0.0,30.0,0.0,30.11,345.0,0.0,0.0,326.0,0.0,0.0,0.0,0.0,0.0,0.0,0.0,0.0,0.0,0.0,0.0,0.0,-1.0,0.0,0.0,-5.0,0.0,0.0,0.0,0.0,1.0,0.0,0.0,1200.0,68.0,1187.0,1187.0,12.4,2.1,0.0,2.1,26.1,0.0,0.0,35.8,0.0,0.0,6.0,1.4,0.6,-16.0,0.0,0.0,26.1,-7.0,0.0,0.0,0.0,0.654,0.792,67.9,0.0,0.0,0.0,,0.0,1187.0,62.6,100.4,0.0,0.0,0.0,0.0,266.0,1187.6,262.4,1207.4,266.0,1293.8,273.2,1275.8,0.0,0.0,100.58,266.9,236.3,69.98,0.11268055555555556,895.8729999999999,3.3809523809523805,386.6,2026-02-13 17:11:43-08:00,266.9,204.29999999999998,37.98,0.48,0.48,True
231.06,2.0,9.0,2026-02-14 01:15:28,37.08016,-121.59787,288.0,7.1,154.4,-12.6,0.0,0.0,0.0,0.0,0.0,10.7,-0.1,135.4,0.0,116.0,0.7,-0.01,1.1,0.0,34.0,0.0,30.11,345.0,0.0,0.0,326.0,0.0,0.0,0.0,0.0,0.0,0.0,0.0,0.0,0.0,0.0,0.0,0.0,-1.0,0.0,0.0,-5.0,0.0,0.0,0.0,0.0,1.0,0.0,0.0,1200.0,68.0,1190.0,1190.0,12.3,2.1,0.0,2.1,26.1,0.0,0.0,35.8,0.0,0.0,5.9,1.4,0.6,-16.0,0.0,0.0,26.1,-7.0,0.0,0.0,0.0,0.654,0.792,67.8,0.0,0.0,0.0,,0.0,1190.0,62.6,100.4,0.0,0.0,0.0,0.0,266.0,1187.6,262.4,1205.6,267.8,1293.8,275.0,1268.6,0.0,0.0,100.58,267.8,237.2,69.98,0.11326388888888889,907.8483333333332,3.3809523809523805,386.6,2026-02-13 17:11:43-08:00,267.79999999999995,205.19999999999996,37.98,0.48,0.48,True
232.06,2.0,9.0,2026-02-14 01:15:29,37.08014,-121.59785,286.0,6.9,156.2,-12.6,0.0,0.0,0.0,0.0,0.0,10.6,-0.1,136.5,0.0,116.0,1.1,-0.01,0.9,0.0,15.0,0.0,30.11,345.0,0.0,0.0,326.0,0.0,0.0,0.0,0.0,0.0,0.0,0.0,0.0,0.0,0.0,0.0,0.0,-1.0,0.0,0.0,2.0,0.0,0.0,0.0,0.0,1.0,0.0,0.0,1200.0,68.0,1184.0,1184.0,12.4,2.1,0.0,2.1,26.1,0.0,0.0,35.8,0.0,0.0,6.0,1.4,0.6,-16.0,0.0,0.0,26.1,-7.0,0.0,0.0,0.0,0.656,0.792,67.7,0.0,0.0,0.0,,0.0,1184.0,62.6,100.4,0.0,0.0,0.0,0.0,267.8,1187.6,262.4,1205.6,267.8,1293.8,275.0,1268.6,0.0,0.0,100.58,268.25,237.65,69.98,0.11384722222222222,919.655,3.2857142857142856,386.6,2026-02-13 17:11:43-08:00,268.25,205.65,37.98,0.48,0.48,True
233.06,2.0,9.0,2026-02-14 01:15:30,37.0801,-121.59784,288.0,6.6,158.0,-12.6,0.0,0.0,0.0,0.0,0.0,10.8,-0.6,137.1,0.0,116.0,0.9,-0.02,1.2,0.0,10.0,0.0,30.11,345.0,0.0,0.0,326.0,0.0,0.0,0.0,0.0,0.0,0.0,0.0,0.0,0.0,0.0,0.0,0.0,-1.0,0.0,0.0,2.0,0.0,0.0,0.0,0.0,1.0,0.0,0.0,1200.0,67.0,1175.0,1175.0,12.4,2.1,0.0,2.1,26.1,0.0,0.0,35.8,0.0,0.0,6.2,1.4,0.6,-16.0,0.0,0.0,26.1,-7.0,0.0,0.0,0.0,0.657,0.791,67.4,0.0,0.0,0.0,,0.0,1175.0,62.6,100.4,0.0,0.0,0.0,0.0,267.8,1185.8,264.2,1205.6,267.8,1295.6,276.8,1268.6,0.0,0.0,100.58,269.15,238.55,69.98,0.11443055555555556,931.04,3.1428571428571423,386.6,2026-02-13 17:11:43-08:00,269.15,206.54999999999998,37.98,0.48,0.48,True
234.06,2.0,9.0,2026-02-14 01:15:31,37.08008,-121.59782,289.0,6.3,157.9,-12.6,0.0,0.0,0.0,0.0,0.0,10.7,-0.6,136.0,0.0,116.0,-0.3,-0.0,0.8,0.0,-11.0,0.0,30.11,345.0,0.0,0.0,326.0,0.0,0.0,0.0,0.0,0.0,0.0,0.0,0.0,0.0,0.0,0.0,0.0,-1.0,0.0,0.0,2.0,0.0,0.0,0.0,0.0,1.0,0.0,0.0,1200.0,68.0,1189.0,1189.0,12.4,2.1,0.0,2.1,26.1,0.0,0.0,35.8,0.0,0.0,6.3,1.4,0.6,-16.0,0.0,0.0,26.1,-7.0,0.0,0.0,0.0,0.656,0.792,68.0,0.0,0.0,0.0,,0.0,1189.0,62.6,100.4,0.0,0.0,0.0,0.0,267.8,1185.8,264.2,1205.6,269.6,1295.6,276.8,1266.8,0.0,0.0,100.76,269.6,239.0,70.16,0.11501388888888889,941.919,3.0,386.6,2026-02-13 17:11:43-08:00,269.6,207.00000000000003,38.160000000000004,0.48,0.48,True
235.06,2.0,9.0,2026-02-14 01:15:32,37.08006,-121.59782,282.0,6.3,157.4,-12.6,0.0,0.0,0.0,0.0,0.0,10.8,-0.5,135.3,0.0,116.0,-0.6,-0.01,0.9,0.0,12.0,0.0,30.11,345.0,0.0,0.0,326.0,0.0,0.0,0.0,0.0,0.0,0.0,0.0,0.0,0.0,0.0,0.0,0.0,-1.0,0.0,0.0,1.0,0.0,0.0,0.0,0.0,1.0,0.0,0.0,1200.0,69.0,1263.0,1263.0,12.8,2.1,0.0,2.1,26.1,0.0,0.0,35.8,0.0,0.0,6.0,1.4,0.6,-16.0,0.0,0.0,26.1,-7.0,0.0,0.0,0.0,0.654,0.792,69.4,0.0,0.0,0.0,,0.0,1263.0,62.6,100.4,0.0,0.0,0.0,0.0,267.8,1187.6,264.2,1207.4,269.6,1299.2,276.8,1266.8,0.0,0.0,100.76,269.6,239.0,70.16,0.11559722222222223,952.545,3.0,386.6,2026-02-13 17:11:43-08:00,269.6,207.00000000000003,38.160000000000004,0.48,0.48,True
236.06,2.0,9.0,2026-02-14 01:15:33,37.08003,-121.59781,282.0,6.2,156.3,-12.6,0.0,0.0,0.0,0.0,0.0,10.9,-0.5,134.3,0.0,116.0,-0.9,0.0,1.0,0.0,17.0,0.0,30.11,345.0,0.0,0.0,326.0,0.0,0.0,0.0,0.0,0.0,0.0,0.0,0.0,0.0,0.0,0.0,0.0,-1.0,0.0,0.0,0.0,0.0,0.0,0.0,0.0,1.0,0.0,0.0,1200.0,70.0,1272.0,1272.0,12.8,2.1,0.0,2.1,26.2,0.0,0.0,35.8,0.0,0.0,5.8,1.4,0.6,-16.0,0.0,0.0,26.2,-7.0,0.0,0.0,0.0,0.657,0.792,70.2,0.0,0.0,0.0,,0.0,1272.0,62.6,100.4,0.0,0.0,0.0,0.0,269.6,1194.8,266.0,1212.8,269.6,1306.4,276.8,1274.0,0.0,0.0,100.58,270.5,239.9,69.98,0.11618055555555556,963.0866666666666,2.9523809523809526,386.6,2026-02-13 17:11:43-08:00,270.5,207.9,37.98,0.48,0.48,True
237.06,2.0,9.0,2026-02-14 01:15:34,37.08,-121.59779,282.0,6.3,156.1,-12.6,0.0,0.0,0.0,0.0,0.0,10.9,-0.6,133.6,0.0,116.0,-0.8,-0.01,1.0,0.0,11.0,0.0,30.11,345.0,0.0,0.0,326.0,0.0,0.0,0.0,0.0,0.0,0.0,0.0,0.0,0.0,0.0,0.0,0.0,-1.0,0.0,0.0,0.0,0.0,0.0,0.0,0.0,1.0,0.0,0.0,1200.0,70.0,1266.0,1266.0,12.8,2.1,0.0,2.1,26.1,0.0,0.0,35.8,0.0,0.0,5.9,1.4,0.6,-16.0,0.0,0.0,26.1,-7.0,0.0,0.0,0.0,0.656,0.792,69.9,0.0,0.0,0.0,,0.0,1266.0,62.6,100.4,0.0,0.0,0.0,0.0,269.6,1198.4,266.0,1216.4,271.4,1311.8,278.6,1281.2,0.0,0.0,100.58,271.4,240.8,69.98,0.11676388888888889,973.6283333333333,3.0,386.6,2026-02-13 17:11:43-08:00,271.4,208.79999999999998,37.98,0.48,0.48,True
238.06,2.0,9.0,2026-02-14 01:15:35,37.07998,-121.59777,280.0,6.2,154.4,-12.6,0.0,0.0,0.0,0.0,0.0,10.8,-0.5,133.2,0.0,116.0,-0.7,0.0,1.0,0.0,19.0,0.0,30.11,345.0,0.0,0.0,326.0,0.0,0.0,0.0,0.0,0.0,0.0,0.0,0.0,0.0,0.0,0.0,0.0,-1.0,0.0,0.0,0.0,0.0,0.0,0.0,0.0,1.0,0.0,0.0,1200.0,70.0,1249.0,1249.0,12.8,2.2,0.0,2.2,26.1,0.0,0.0,35.8,0.0,0.0,6.1,1.4,0.6,-16.0,0.0,0.0,26.1,-7.0,0.0,0.0,0.0,0.657,0.792,69.6,0.0,0.0,0.0,,0.0,1249.0,62.6,100.4,0.0,0.0,0.0,0.0,269.6,1203.8,266.0,1220.0,271.4,1317.2,278.6,1284.8,0.0,0.0,100.76,271.4,240.8,70.16,0.11736111111111111,984.17,2.818181818181818,386.6,2026-02-13 17:11:43-08:00,271.4,208.79999999999998,38.160000000000004,0.48,0.48,True
239.06,2.0,9.0,2026-02-14 01:15:36,37.07996,-121.59774,314.0,6.3,153.1,-12.6,0.0,0.0,0.0,0.0,0.0,10.8,-0.3,134.5,0.0,116.0,0.4,-0.01,1.0,0.0,5.0,0.0,30.11,345.0,0.0,0.0,326.0,0.0,0.0,0.0,0.0,0.0,0.0,0.0,0.0,0.0,0.0,0.0,0.0,0.0,0.0,0.0,0.0,0.0,0.0,0.0,0.0,1.0,0.0,0.0,1200.0,70.0,1264.0,1264.0,12.8,2.2,0.0,2.2,26.2,0.0,0.0,35.8,0.0,0.0,6.2,1.4,0.6,-16.0,0.0,0.0,26.2,-7.0,0.0,0.0,0.0,0.656,0.792,69.7,0.0,0.0,0.0,,0.0,1264.0,62.6,100.4,0.0,0.0,0.0,0.0,271.4,1207.4,267.8,1220.0,271.4,1322.6,280.4,1286.6,0.0,0.0,100.94,272.75,242.15,70.34,0.11797222222222223,994.7116666666666,2.8636363636363633,386.6,2026-02-13 17:11:43-08:00,272.75,210.15,38.339999999999996,0.48,0.48,True
240.06,2.0,9.0,2026-02-14 01:15:37,37.07994,-121.59772,315.0,6.4,156.0,-12.6,0.0,0.0,0.0,0.0,0.0,10.9,-0.3,136.3,0.0,116.0,1.4,-0.02,1.0,0.0,5.0,0.0,30.11,345.0,0.0,0.0,326.0,0.0,0.0,0.0,0.0,0.0,0.0,0.0,0.0,0.0,0.0,0.0,0.0,0.0,0.0,0.0,-2.0,0.0,0.0,0.0,0.0,1.0,0.0,0.0,1200.0,70.0,1277.0,1277.0,12.8,2.2,0.0,2.2,26.1,0.0,0.0,35.8,0.0,0.0,5.9,1.4,0.6,-16.0,0.0,0.0,26.1,-7.0,0.0,0.0,0.0,0.656,0.792,70.2,0.0,0.0,0.0,,0.0,1277.0,62.6,100.4,0.0,0.0,0.0,0.0,271.4,1211.0,267.8,1223.6,273.2,1328.0,280.4,1292.0,0.0,0.0,100.94,273.2,242.6,70.34,0.11858333333333333,1005.4219999999999,2.909090909090909,386.6,2026-02-13 17:11:43-08:00,273.19999999999993,210.59999999999994,38.339999999999996,0.48,0.48,True
241.06,2.0,9.0,2026-02-14 01:15:38,37.07991,-121.59771,314.0,6.2,158.4,-12.6,0.0,0.0,0.0,0.0,0.0,10.6,-0.5,136.8,0.0,116.0,0.9,-0.02,0.9,0.0,28.0,0.0,30.11,345.0,0.0,0.0,326.0,0.0,0.0,0.0,0.0,0.0,0.0,0.0,0.0,0.0,0.0,0.0,0.0,0.0,0.0,0.0,-2.0,0.0,0.0,0.0,0.0,1.0,0.0,0.0,1200.0,70.0,1281.0,1281.0,13.0,2.2,0.0,2.2,26.1,0.0,0.0,35.8,0.0,0.0,5.8,1.4,0.6,-16.0,0.0,0.0,26.1,-7.0,0.0,0.0,0.0,0.656,0.792,70.2,0.0,0.0,0.0,,0.0,1281.0,62.6,100.4,0.0,0.0,0.0,0.0,271.4,1216.4,267.8,1227.2,273.2,1331.6,280.4,1295.6,0.0,0.0,100.76,273.2,242.6,70.16,0.11919444444444445,1016.048,2.818181818181818,386.6,2026-02-13 17:11:43-08:00,273.19999999999993,210.59999999999994,38.160000000000004,0.48,0.48,True
242.06,2.0,9.0,2026-02-14 01:15:39,37.07988,-121.5977,315.0,6.0,157.8,-12.6,0.0,0.0,0.0,0.0,0.0,10.6,-0.6,136.4,0.0,116.0,0.1,-0.01,0.9,0.0,48.0,0.0,30.11,345.0,0.0,0.0,326.0,0.0,0.0,0.0,0.0,0.0,0.0,0.0,0.0,0.0,0.0,0.0,0.0,0.0,0.0,0.0,-3.0,0.0,0.0,0.0,0.0,1.0,0.0,0.0,1200.0,70.0,1266.0,1266.0,12.9,2.2,0.0,2.2,26.0,0.0,0.0,35.8,0.0,0.0,5.9,1.4,0.6,-16.0,0.0,0.0,26.0,-7.0,0.0,0.0,0.0,0.657,0.792,70.0,0.0,0.0,0.0,,0.0,1266.0,62.6,100.4,0.0,0.0,0.0,0.0,273.2,1220.0,269.6,1230.8,275.0,1335.2,282.2,1299.2,0.0,0.0,100.94,275.0,244.4,70.34,0.11980555555555555,1026.3366666666666,2.727272727272727,386.6,2026-02-13 17:11:43-08:00,275.0,212.4,38.339999999999996,0.48,0.48,True
243.06,2.0,9.0,2026-02-14 01:15:40,37.07986,-121.59769,315.0,5.6,157.2,-12.6,0.0,0.0,0.0,0.0,0.0,10.7,-0.9,136.1,0.0,116.0,-0.2,-0.01,0.9,0.0,32.0,0.0,30.11,345.0,0.0,0.0,326.0,0.0,0.0,0.0,0.0,0.0,0.0,0.0,0.0,0.0,0.0,0.0,0.0,0.0,0.0,0.0,-2.0,0.0,0.0,0.0,0.0,1.0,0.0,0.0,1200.0,68.0,1217.0,1217.0,13.0,2.2,0.0,2.2,26.0,0.0,0.0,35.8,0.0,0.0,6.1,1.4,0.6,-16.0,0.0,0.0,26.0,-7.0,0.0,0.0,0.0,0.662,0.791,68.3,0.0,0.0,0.0,,0.0,1217.0,62.6,100.4,0.0,0.0,0.0,0.0,273.2,1205.6,269.6,1227.2,275.0,1331.6,282.2,1299.2,0.0,0.0,100.94,275.0,244.4,70.34,0.12041666666666667,1036.1193333333333,2.545454545454545,386.6,2026-02-13 17:11:43-08:00,275.0,212.4,38.339999999999996,0.48,0.48,True
244.06,2.0,9.0,2026-02-14 01:15:41,37.07983,-121.59767,315.0,5.2,160.7,-12.6,0.0,0.0,0.0,0.0,0.0,10.7,-1.1,134.0,0.0,116.0,-1.1,-0.03,0.9,0.0,14.0,0.0,30.11,345.0,0.0,0.0,326.0,0.0,0.0,0.0,0.0,0.0,0.0,0.0,0.0,0.0,0.0,0.0,0.0,0.0,0.0,0.0,-2.0,0.0,0.0,0.0,0.0,1.0,0.0,0.0,1200.0,69.0,1246.0,1246.0,12.9,2.2,0.0,2.2,26.0,0.0,0.0,35.8,0.0,0.0,6.1,1.4,0.6,-16.0,0.0,0.0,26.0,-7.0,0.0,0.0,0.0,0.657,0.791,69.3,0.0,0.0,0.0,,0.0,1246.0,62.6,100.4,0.0,0.0,0.0,0.0,273.2,1205.6,269.6,1227.2,275.0,1331.6,282.2,1301.0,0.0,0.0,101.12,275.0,244.4,70.52,0.12102777777777778,1045.2273333333333,2.3636363636363633,386.6,2026-02-13 17:11:43-08:00,275.0,212.4,38.52,0.48,0.48,True
245.06,2.0,9.0,2026-02-14 01:15:42,37.07981,-121.59766,316.0,4.6,156.2,-12.6,0.0,0.0,0.0,0.0,0.0,10.6,-1.2,128.0,0.0,116.0,-4.1,0.0,0.9,0.0,34.0,0.0,30.11,345.0,0.0,0.0,326.0,0.0,0.0,0.0,0.0,0.0,0.0,0.0,0.0,0.0,0.0,0.0,0.0,0.0,0.0,0.0,-2.0,0.0,0.0,0.0,0.0,1.0,0.0,0.0,1200.0,69.0,1252.0,1252.0,12.7,2.2,0.0,2.2,26.1,0.0,0.0,35.8,0.0,0.0,6.0,1.4,0.6,-17.0,0.0,0.0,26.1,-7.0,0.0,0.0,0.0,0.658,0.791,69.4,0.0,0.0,0.0,,0.0,1252.0,62.6,100.4,0.0,0.0,0.0,0.0,275.0,1211.0,271.4,1230.8,276.8,1335.2,284.0,1302.8,0.0,0.0,101.3,276.8,246.2,70.7,0.1216388888888889,1053.492,2.0909090909090904,386.6,2026-02-13 17:11:43-08:00,276.79999999999995,214.19999999999996,38.699999999999996,0.48,0.48,True
246.06,2.0,9.0,2026-02-14 01:15:43,37.07979,-121.59765,315.0,4.4,151.8,-12.6,0.0,0.0,0.0,0.0,0.0,10.5,-1.2,121.8,0.0,116.0,-5.5,0.01,0.9,0.0,12.0,0.0,30.11,345.0,0.0,0.0,326.0,0.0,0.0,0.0,0.0,0.0,0.0,0.0,0.0,0.0,0.0,0.0,0.0,0.0,0.0,0.0,-2.0,0.0,0.0,0.0,0.0,1.0,0.0,0.0,1200.0,69.0,1262.0,1262.0,12.7,2.2,0.0,2.2,26.1,0.0,0.0,35.8,0.0,0.0,5.8,1.4,0.6,-16.0,0.0,0.0,26.1,-7.0,0.0,0.0,0.0,0.657,0.791,69.5,0.0,0.0,0.0,,0.0,1262.0,62.6,100.4,0.0,0.0,0.0,0.0,275.0,1212.8,271.4,1230.8,276.8,1337.0,284.0,1301.0,0.0,0.0,101.12,276.8,246.2,70.52,0.12225,1061.0819999999999,2.0,386.6,2026-02-13 17:11:43-08:00,276.79999999999995,214.19999999999996,38.52,0.48,0.48,True
247.06,2.0,9.0,2026-02-14 01:15:44,37.07978,-121.59764,315.0,4.0,145.7,-12.6,0.0,0.0,0.0,0.0,0.0,10.4,-1.4,115.8,0.0,116.0,-6.0,0.0,0.9,0.0,-26.0,0.0,30.11,345.0,0.0,0.0,326.0,0.0,0.0,0.0,0.0,0.0,0.0,0.0,0.0,0.0,0.0,0.0,0.0,0.0,0.0,0.0,-3.0,0.0,0.0,0.0,0.0,1.0,0.0,0.0,1200.0,71.0,1335.0,1335.0,13.4,2.3,0.0,2.3,26.1,0.0,0.0,35.8,0.0,0.0,5.9,1.4,0.6,-16.0,0.0,0.0,26.1,-7.0,0.0,0.0,0.0,0.66,0.791,71.1,0.0,0.0,0.0,,0.0,1335.0,62.6,100.4,0.0,0.0,0.0,0.0,275.0,1220.0,273.2,1236.2,276.8,1340.6,284.0,1299.2,0.0,0.0,101.12,277.25,246.65,70.52,0.122875,1068.166,1.7391304347826089,386.6,2026-02-13 17:11:43-08:00,277.25,214.65,38.52,0.48,0.48,True
248.06,2.0,9.0,2026-02-14 01:15:45,37.07976,-121.59763,315.0,3.8,143.5,-12.6,0.0,0.0,0.0,0.0,0.0,10.6,-1.7,108.4,0.0,116.0,-6.9,-0.01,1.0,0.0,32.0,0.0,30.11,345.0,0.0,0.0,326.0,0.0,0.0,0.0,0.0,0.0,0.0,0.0,0.0,0.0,0.0,0.0,0.0,0.0,0.0,0.0,-3.0,0.0,0.0,0.0,0.0,1.0,0.0,0.0,1200.0,72.0,1354.0,1354.0,13.4,2.3,0.0,2.3,26.1,0.0,0.0,35.8,0.0,0.0,6.0,1.4,0.6,-17.0,0.0,0.0,26.1,-7.0,0.0,0.0,0.0,0.659,0.791,72.1,0.0,0.0,0.0,,0.0,1354.0,62.6,100.4,0.0,0.0,0.0,0.0,276.8,1230.8,273.2,1241.6,278.6,1346.0,285.8,1306.4,0.0,0.0,101.12,278.6,248.0,70.52,0.1235138888888889,1074.744,1.6521739130434783,386.6,2026-02-13 17:11:43-08:00,278.6,216.00000000000003,38.52,0.48,0.48,True
249.06,2.0,9.0,2026-02-14 01:15:46,37.07975,-121.59761,315.0,3.7,136.5,-12.6,0.0,0.0,0.0,0.0,0.0,10.3,-0.9,99.6,0.0,116.0,-8.3,0.01,1.0,0.0,19.0,0.0,30.11,345.0,0.0,0.0,326.0,0.0,0.0,0.0,0.0,0.0,0.0,0.0,0.0,0.0,0.0,0.0,0.0,0.0,0.0,0.0,-3.0,0.0,0.0,0.0,0.0,1.0,0.0,0.0,1200.0,72.0,1336.0,1336.0,13.4,2.3,0.0,2.3,26.1,0.0,0.0,35.8,0.0,0.0,6.0,1.4,0.6,-17.0,0.0,0.0,26.1,-7.0,0.0,0.0,0.0,0.664,0.791,71.7,0.0,0.0,0.0,,0.0,1336.0,62.6,100.4,0.0,0.0,0.0,0.0,276.8,1239.8,273.2,1250.6,278.6,1353.2,285.8,1311.8,0.0,0.0,101.3,278.6,248.0,70.7,0.12415277777777778,1081.069,1.6086956521739133,386.6,2026-02-13 17:11:43-08:00,278.6,216.00000000000003,38.699999999999996,0.48,0.48,True
250.06,2.0,9.0,2026-02-14 01:15:47,37.07974,-121.5976,314.0,3.6,126.5,-12.6,0.0,0.0,0.0,0.0,0.0,9.8,-1.9,90.4,0.0,116.0,-9.2,0.01,1.0,0.0,-23.0,0.0,30.11,345.0,0.0,0.0,326.0,0.0,0.0,0.0,0.0,0.0,0.0,0.0,0.0,0.0,0.0,0.0,0.0,0.0,0.0,0.0,-3.0,0.0,0.0,0.0,0.0,1.0,0.0,0.0,1200.0,71.0,1325.0,1325.0,13.4,2.4,0.0,2.4,26.1,0.0,0.0,35.8,0.0,0.0,5.9,1.4,0.6,-16.0,0.0,0.0,26.1,-7.0,0.0,0.0,0.0,0.66,0.791,71.4,0.0,0.0,0.0,,0.0,1325.0,62.6,102.2,0.0,0.0,0.0,0.0,278.6,1247.0,275.0,1256.0,278.6,1358.6,287.6,1319.0,0.0,0.0,101.48,279.95,249.35,70.88,0.12480555555555556,1087.2253333333333,1.5,386.6,2026-02-13 17:11:43-08:00,279.95000000000005,217.35000000000005,38.88,0.48,0.48,True
251.06,2.0,9.0,2026-02-14 01:15:48,37.07973,-121.59758,314.0,3.4,119.0,-12.6,0.0,0.0,0.0,0.0,0.0,9.7,-0.7,80.6,0.0,116.0,-9.8,0.01,1.0,0.0,9.0,0.0,30.11,345.0,0.0,0.0,326.0,0.0,0.0,0.0,0.0,0.0,0.0,0.0,0.0,0.0,0.0,0.0,0.0,0.0,0.0,0.0,-3.0,0.0,0.0,0.0,0.0,1.0,0.0,0.0,1200.0,72.0,1339.0,1339.0,13.5,2.4,0.0,2.4,26.1,0.0,0.0,35.8,0.0,0.0,5.7,1.4,0.6,-17.0,0.0,0.0,26.1,-7.0,0.0,0.0,0.0,0.662,0.791,71.6,0.0,0.0,0.0,,0.0,1339.0,62.6,100.4,0.0,0.0,0.0,0.0,278.6,1247.0,275.0,1256.0,280.4,1358.6,287.6,1322.6,0.0,0.0,101.3,280.4,249.8,70.7,0.12547222222222223,1093.1286666666665,1.4166666666666667,386.6,2026-02-13 17:11:43-08:00,280.4,217.79999999999998,38.699999999999996,0.48,0.48,True
252.06,2.0,9.0,2026-02-14 01:15:49,37.07972,-121.59756,314.0,3.2,109.5,-12.6,0.0,0.0,0.0,0.0,0.0,9.8,-0.2,70.5,0.0,116.0,-10.6,0.03,1.0,0.0,4.0,0.0,30.11,345.0,0.0,0.0,326.0,0.0,0.0,0.0,0.0,0.0,0.0,0.0,0.0,0.0,0.0,0.0,0.0,0.0,0.0,0.0,-3.0,0.0,0.0,0.0,0.0,1.0,0.0,0.0,1200.0,72.0,1347.0,1347.0,13.4,2.4,0.0,2.4,26.1,0.0,0.0,35.8,0.0,0.0,5.8,1.4,0.6,-17.0,0.0,0.0,26.1,-7.0,0.0,0.0,0.0,0.66,0.791,71.7,0.0,0.0,0.0,,0.0,1347.0,62.6,100.4,0.0,0.0,0.0,0.0,278.6,1250.6,275.0,1259.6,280.4,1358.6,287.6,1324.4,0.0,0.0,101.3,280.4,249.8,70.7,0.12613888888888888,1098.6946666666665,1.3333333333333335,386.6,2026-02-13 17:11:43-08:00,280.4,217.79999999999998,38.699999999999996,0.48,0.48,True
253.06,2.0,9.0,2026-02-14 01:15:50,37.07972,-121.59754,314.0,3.3,87.2,-12.6,0.0,0.0,0.0,0.0,0.0,10.0,0.1,65.3,0.0,116.0,-8.3,0.04,1.1,0.0,-24.0,0.0,30.11,345.0,0.0,0.0,326.0,0.0,0.0,0.0,0.0,0.0,0.0,0.0,0.0,0.0,0.0,0.0,0.0,0.0,0.0,0.0,-4.0,0.0,0.0,0.0,0.0,1.0,0.0,0.0,1200.0,72.0,1338.0,1338.0,13.4,2.5,0.0,2.5,26.1,0.0,0.0,35.8,0.0,0.0,5.9,1.4,0.6,-17.0,0.0,0.0,26.1,-7.0,0.0,0.0,0.0,0.658,0.791,71.8,0.0,0.0,0.0,,0.0,1338.0,62.6,102.2,0.0,0.0,0.0,0.0,278.6,1254.2,276.8,1263.2,280.4,1360.4,287.6,1326.2,0.0,0.0,101.3,280.85,250.25,70.7,0.12681944444444446,1104.1763333333333,1.3199999999999998,386.6,2026-02-13 17:11:43-08:00,280.85,218.25000000000003,38.699999999999996,0.48,0.48,True
254.06,2.0,9.0,2026-02-14 01:15:51,37.07972,-121.59753,313.0,3.1,87.4,-12.6,0.0,0.0,0.0,0.0,0.0,10.3,0.3,62.8,0.0,116.0,-5.2,0.01,1.0,0.0,-32.0,0.0,30.11,345.0,0.0,0.0,326.0,0.0,0.0,0.0,0.0,0.0,0.0,0.0,0.0,0.0,0.0,0.0,0.0,1.0,0.0,0.0,-4.0,0.0,0.0,0.0,0.0,1.0,0.0,0.0,1200.0,72.0,1353.0,1353.0,13.5,2.5,0.0,2.5,26.1,0.0,0.0,35.8,0.0,0.0,6.0,1.4,0.6,-17.0,0.0,0.0,26.1,-7.0,0.0,0.0,0.0,0.66,0.791,71.7,0.0,0.0,0.0,,0.0,1353.0,62.6,102.2,0.0,0.0,0.0,0.0,280.4,1256.0,276.8,1265.0,282.2,1365.8,289.4,1320.8,0.0,0.0,101.48,282.2,251.6,70.88,0.1275138888888889,1109.5736666666667,1.24,386.6,2026-02-13 17:11:43-08:00,282.19999999999993,219.59999999999994,38.88,0.48,0.48,True
255.06,2.0,9.0,2026-02-14 01:15:52,37.07972,-121.5975,313.0,3.0,83.1,-12.6,0.0,0.0,0.0,0.0,0.0,10.4,0.4,59.4,0.0,116.0,-4.4,0.02,0.9,0.0,-6.0,0.0,30.11,345.0,0.0,0.0,326.0,0.0,0.0,0.0,0.0,0.0,0.0,0.0,0.0,0.0,0.0,0.0,0.0,1.0,0.0,0.0,-4.0,0.0,0.0,0.0,0.0,1.0,0.0,0.0,1200.0,72.0,1350.0,1350.0,13.5,2.5,0.0,2.5,26.1,0.0,0.0,35.8,0.0,0.0,5.9,1.4,0.6,-17.0,0.0,0.0,26.1,-7.0,0.0,0.0,0.0,0.657,0.791,71.7,0.0,0.0,0.0,,0.0,1350.0,62.6,102.2,0.0,0.0,0.0,0.0,280.4,1259.6,276.8,1268.6,282.2,1365.8,289.4,1324.4,0.0,0.0,101.66,282.2,251.6,71.06,0.12820833333333334,1114.7179999999998,1.2,386.6,2026-02-13 17:11:43-08:00,282.19999999999993,219.59999999999994,39.059999999999995,0.48,0.48,True
256.06,2.0,9.0,2026-02-14 01:15:53,37.07973,-121.59749,314.0,2.9,77.5,-12.6,0.0,0.0,0.0,0.0,0.0,10.6,0.5,56.3,0.0,116.0,-4.1,0.02,1.0,0.0,-28.0,0.0,30.11,345.0,0.0,0.0,326.0,0.0,0.0,0.0,0.0,0.0,0.0,0.0,0.0,0.0,0.0,0.0,0.0,1.0,0.0,0.0,-4.0,0.0,0.0,0.0,0.0,1.0,0.0,0.0,1200.0,72.0,1363.0,1363.0,13.5,2.5,0.0,2.5,26.1,0.0,0.0,35.8,0.0,0.0,5.7,1.4,0.6,-17.0,0.0,0.0,26.1,-7.0,0.0,0.0,0.0,0.658,0.791,72.0,0.0,0.0,0.0,,0.0,1363.0,62.6,102.2,0.0,0.0,0.0,0.0,280.4,1261.4,278.6,1270.4,282.2,1367.6,289.4,1326.2,0.0,0.0,101.48,282.65,252.05,70.88,0.12890277777777778,1119.6936666666666,1.16,386.6,2026-02-13 17:11:43-08:00,282.65,220.04999999999998,38.88,0.48,0.48,True
257.06,2.0,9.0,2026-02-14 01:15:54,37.07973,-121.59747,314.0,2.9,76.8,-12.6,0.0,0.0,0.0,0.0,0.0,10.5,0.6,53.7,0.0,116.0,-3.7,0.02,0.9,0.0,6.0,0.0,30.11,345.0,0.0,0.0,326.0,0.0,0.0,0.0,0.0,0.0,0.0,0.0,0.0,0.0,0.0,0.0,0.0,1.0,0.0,0.0,-4.0,0.0,0.0,0.0,0.0,1.0,0.0,0.0,1200.0,72.0,1366.0,1366.0,13.6,2.5,0.0,2.5,26.1,0.0,0.0,35.8,0.0,0.0,5.8,1.4,0.6,-17.0,0.0,0.0,26.1,-7.0,0.0,0.0,0.0,0.656,0.791,72.2,0.0,0.0,0.0,,0.0,1366.0,62.6,102.2,0.0,0.0,0.0,0.0,282.2,1263.2,278.6,1272.2,284.0,1367.6,291.2,1328.0,0.0,0.0,101.48,284.0,253.4,70.88,0.12959722222222222,1124.585,1.16,386.6,2026-02-13 17:11:43-08:00,284.0,221.4,38.88,0.48,0.48,True
258.06,2.0,9.0,2026-02-14 01:15:55,37.07973,-121.59746,313.0,2.9,72.5,-12.6,0.0,0.0,0.0,0.0,0.0,10.7,0.4,52.0,0.0,116.0,-2.8,0.01,1.1,0.0,3.0,0.0,30.11,345.0,0.0,0.0,326.0,0.0,0.0,0.0,0.0,0.0,0.0,0.0,0.0,0.0,0.0,0.0,0.0,1.0,0.0,0.0,-4.0,0.0,0.0,0.0,0.0,1.0,0.0,0.0,1200.0,71.0,1318.0,1318.0,13.6,2.6,0.0,2.6,26.0,0.0,0.0,35.8,0.0,0.0,5.9,1.4,0.6,-17.0,0.0,0.0,26.0,-7.0,0.0,0.0,0.0,0.654,0.791,71.3,0.0,0.0,0.0,,0.0,1318.0,62.6,102.2,0.0,0.0,0.0,0.0,282.2,1263.2,278.6,1274.0,284.0,1371.2,291.2,1328.0,0.0,0.0,101.48,284.0,253.4,70.88,0.13030555555555556,1129.4763333333333,1.1153846153846154,386.6,2026-02-13 17:11:43-08:00,284.0,221.4,38.88,0.48,0.48,True
259.06,2.0,9.0,2026-02-14 01:15:56,37.07973,-121.59744,313.0,2.7,68.7,-12.6,0.0,0.0,0.0,0.0,0.0,10.8,0.4,51.9,0.0,116.0,-1.7,0.01,1.0,0.0,-5.0,0.0,30.11,345.0,0.0,0.0,326.0,0.0,0.0,0.0,0.0,0.0,0.0,0.0,0.0,0.0,0.0,0.0,0.0,1.0,0.0,0.0,-5.0,0.0,0.0,0.0,0.0,1.0,0.0,0.0,1200.0,71.0,1319.0,1319.0,13.7,2.7,0.0,2.7,25.8,0.0,0.0,35.8,0.0,0.0,6.0,1.4,0.6,-17.0,0.0,0.0,25.8,-7.0,0.0,0.0,0.0,0.656,0.791,71.0,0.0,0.0,0.0,,0.0,1319.0,62.6,102.2,0.0,0.0,0.0,0.0,282.2,1259.6,280.4,1270.4,284.0,1358.6,291.2,1322.6,0.0,0.0,101.66,284.45,253.85,71.06,0.13104166666666667,1134.1989999999998,1.0,386.6,2026-02-13 17:11:43-08:00,284.45,221.85,39.059999999999995,0.48,0.48,True
260.06,2.0,9.0,2026-02-14 01:15:57,37.07976,-121.59749,274.0,2.8,66.5,-12.6,0.0,0.0,0.0,0.0,0.0,10.9,0.3,53.6,0.0,116.0,-0.5,0.0,1.0,0.0,21.0,0.0,30.11,345.0,0.0,0.0,326.0,0.0,0.0,0.0,0.0,0.0,0.0,0.0,0.0,0.0,0.0,0.0,0.0,1.0,0.0,0.0,-5.0,0.0,0.0,0.0,0.0,1.0,0.0,0.0,1200.0,73.0,1450.0,1450.0,14.9,2.9,0.0,2.9,25.8,0.0,0.0,35.8,0.0,0.0,6.0,1.4,0.6,-17.0,0.0,0.0,25.8,-7.0,0.0,0.0,0.0,0.656,0.791,72.8,0.0,0.0,0.0,,0.0,1450.0,62.6,102.2,0.0,0.0,0.0,0.0,282.2,1257.8,280.4,1266.8,285.8,1353.2,293.0,1319.0,0.0,0.0,102.02,285.35,254.75,71.42,0.13181944444444446,1138.8373333333332,0.9655172413793103,386.6,2026-02-13 17:11:43-08:00,285.34999999999997,222.74999999999997,39.419999999999995,0.48,0.48,True
261.06,2.0,9.0,2026-02-14 01:15:58,37.07977,-121.59747,274.0,3.3,67.4,-12.6,0.0,0.0,0.0,0.0,0.0,11.0,0.4,55.1,0.0,116.0,0.1,0.01,1.0,0.0,38.0,0.0,30.11,345.0,0.0,0.0,326.0,0.0,0.0,0.0,0.0,0.0,0.0,0.0,0.0,0.0,0.0,0.0,0.0,1.0,0.0,0.0,-6.0,0.0,0.0,0.0,0.0,1.0,0.0,0.0,1200.0,76.0,1494.0,1494.0,15.1,3.0,0.0,3.0,25.9,0.0,0.0,35.8,0.0,0.0,5.7,1.4,0.6,-17.0,0.0,0.0,25.9,-7.0,0.0,0.0,0.0,0.673,0.791,75.6,0.0,0.0,0.0,,0.0,1494.0,62.6,102.2,0.0,0.0,0.0,0.0,284.0,1257.8,280.4,1265.0,285.8,1346.0,293.0,1322.6,0.0,0.0,101.84,285.8,255.2,71.24,0.1326388888888889,1143.9816666666666,1.0999999999999999,386.6,2026-02-13 17:11:43-08:00,285.79999999999995,223.19999999999996,39.24,0.48,0.48,True
262.06,2.0,9.0,2026-02-14 01:15:59,37.07977,-121.59745,273.0,3.5,66.4,-12.6,0.0,0.0,0.0,0.0,0.0,11.0,0.6,55.6,0.0,116.0,0.1,-0.0,1.0,0.0,40.0,0.0,30.11,344.0,0.0,0.0,326.0,0.0,0.0,0.0,0.0,0.0,0.0,0.0,0.0,0.0,0.0,0.0,0.0,1.0,0.0,0.0,-7.0,0.0,0.0,0.0,0.0,1.0,0.0,0.0,1200.0,76.0,1510.0,1510.0,14.9,3.2,0.0,3.2,25.9,0.0,0.0,35.8,0.0,0.0,5.7,1.4,0.6,-17.0,0.0,0.0,25.9,-7.0,0.0,0.0,0.0,0.667,0.791,76.0,0.0,0.0,0.0,,0.0,1510.0,62.6,102.2,0.0,0.0,0.0,0.0,284.0,1257.8,282.2,1263.2,285.8,1342.4,293.0,1320.8,0.0,0.0,101.66,286.25,255.65,71.06,0.1335,1149.7163333333333,1.09375,386.6,2026-02-13 17:11:43-08:00,286.25,223.65,39.059999999999995,0.48,0.48,True
263.06,2.0,9.0,2026-02-14 01:16:00,37.07978,-121.59743,273.0,3.8,66.3,-12.6,0.0,0.0,0.0,0.0,0.0,10.8,0.1,55.6,0.0,116.0,-0.2,0.0,1.0,0.0,60.0,0.0,30.11,344.0,0.0,0.0,326.0,0.0,0.0,0.0,0.0,0.0,0.0,0.0,0.0,0.0,0.0,0.0,0.0,1.0,0.0,0.0,-7.0,0.0,0.0,0.0,0.0,1.0,0.0,0.0,1200.0,76.0,1510.0,1510.0,14.8,3.3,0.0,3.3,25.9,0.0,0.0,35.8,0.0,0.0,5.8,1.4,0.6,-17.0,0.0,0.0,25.9,-7.0,0.0,0.0,0.0,0.667,0.791,76.0,0.0,0.0,0.0,,0.0,1510.0,62.6,102.2,0.0,0.0,0.0,0.0,284.0,1261.4,282.2,1263.2,287.6,1338.8,294.8,1319.0,0.0,0.0,101.84,287.15,256.55,71.24,0.1344027777777778,1155.8726666666666,1.1515151515151516,386.6,2026-02-13 17:11:43-08:00,287.15000000000003,224.55000000000004,39.24,0.48,0.48,True
264.06,2.0,9.0,2026-02-14 01:16:01,37.07979,-121.59741,273.0,3.9,66.3,-12.6,0.0,0.0,0.0,0.0,0.0,10.7,0.4,55.2,0.0,117.0,-0.4,0.01,1.1,0.0,52.0,0.0,30.11,344.0,0.0,0.0,326.0,0.0,0.0,0.0,0.0,0.0,0.0,0.0,0.0,0.0,0.0,0.0,0.0,1.0,0.0,0.0,-8.0,0.0,0.0,0.0,0.0,1.0,0.0,0.0,1200.0,76.0,1509.0,1509.0,14.7,3.4,0.0,3.4,25.9,0.0,0.0,35.8,0.0,0.0,5.9,1.4,0.6,-17.0,0.0,0.0,25.9,-7.0,0.0,0.0,0.0,0.665,0.791,76.1,0.0,0.0,0.0,,0.0,1509.0,62.6,102.2,0.0,0.0,0.0,0.0,284.0,1265.0,282.2,1263.2,287.6,1338.8,294.8,1317.2,0.0,0.0,101.84,287.15,256.55,71.24,0.13533333333333333,1162.3663333333332,1.1470588235294117,386.6,2026-02-13 17:11:43-08:00,287.15000000000003,224.55000000000004,39.24,0.48,0.48,True
265.06,2.0,9.0,2026-02-14 01:16:02,37.0798,-121.59739,273.0,4.1,66.1,-12.6,0.0,0.0,0.0,0.0,0.0,10.7,0.4,54.5,0.0,118.0,-0.7,0.01,1.0,0.0,56.0,0.0,30.11,346.0,0.0,0.0,326.0,0.0,0.0,0.0,0.0,0.0,0.0,0.0,0.0,0.0,0.0,0.0,0.0,1.0,0.0,0.0,-10.0,0.0,0.0,0.0,0.0,1.0,0.0,0.0,1200.0,76.0,1508.0,1508.0,14.7,3.4,0.0,3.4,25.9,0.0,0.0,35.8,0.0,0.0,5.8,1.4,0.6,-17.0,0.0,0.0,25.9,-7.0,0.0,0.0,0.0,0.671,0.791,75.9,0.0,0.0,0.0,,0.0,1508.0,62.6,102.2,0.0,0.0,0.0,0.0,285.8,1263.2,284.0,1266.8,289.4,1333.4,294.8,1317.2,0.0,0.0,102.02,288.5,257.9,71.42,0.13627777777777778,1169.1129999999998,1.2058823529411764,386.6,2026-02-13 17:11:43-08:00,288.5,225.9,39.419999999999995,0.48,0.48,True
266.06,2.0,9.0,2026-02-14 01:16:03,37.0798,-121.59737,271.0,4.6,65.6,-12.6,0.0,0.0,0.0,0.0,0.0,10.8,0.2,54.2,0.0,118.0,-0.6,0.01,1.0,0.0,-2.0,0.0,30.11,346.0,0.0,0.0,326.0,0.0,0.0,0.0,0.0,0.0,0.0,0.0,0.0,0.0,0.0,0.0,0.0,0.0,0.0,0.0,-14.0,0.0,0.0,0.0,0.0,1.0,0.0,0.0,1200.0,76.0,1487.0,1487.0,14.8,3.5,0.0,3.5,25.9,0.0,0.0,35.8,0.0,0.0,5.6,1.4,0.6,-17.0,0.0,0.0,25.9,-7.0,0.0,0.0,0.0,0.674,0.791,75.6,0.0,0.0,0.0,,0.0,1487.0,62.6,102.2,0.0,0.0,0.0,0.0,285.8,1263.2,284.0,1266.8,289.4,1329.8,296.6,1315.4,0.0,0.0,102.02,288.95,258.35,71.42,0.13723611111111111,1176.4499999999998,1.3142857142857143,386.6,2026-02-13 17:11:43-08:00,288.95,226.35,39.419999999999995,0.48,0.48,True
267.06,2.0,9.0,2026-02-14 01:16:04,37.07981,-121.59734,271.0,4.9,63.4,-12.6,0.0,0.0,0.0,0.0,0.0,10.9,0.3,56.0,0.0,118.0,0.6,0.0,1.0,0.0,11.0,0.0,30.11,346.0,0.0,0.0,326.0,0.0,0.0,0.0,0.0,0.0,0.0,0.0,0.0,0.0,0.0,0.0,0.0,1.0,0.0,0.0,-11.0,0.0,0.0,0.0,0.0,1.0,0.0,0.0,1200.0,75.0,1495.0,1495.0,14.9,3.5,0.0,3.5,25.9,0.0,0.0,35.8,0.0,0.0,5.6,1.4,0.6,-17.0,0.0,0.0,25.9,-7.0,0.0,0.0,0.0,0.677,0.791,75.5,0.0,0.0,0.0,,0.0,1495.0,62.6,102.2,0.0,0.0,0.0,0.0,287.6,1263.2,284.0,1265.0,289.4,1326.2,296.6,1315.4,0.0,0.0,102.02,289.4,258.8,71.42,0.13820833333333335,1184.4616666666666,1.4000000000000001,386.6,2026-02-13 17:11:43-08:00,289.4,226.79999999999998,39.419999999999995,0.48,0.48,True
268.06,2.0,9.0,2026-02-14 01:16:05,37.07981,-121.59734,290.0,5.1,65.8,-12.6,0.0,0.0,0.0,0.0,0.0,10.9,0.1,57.0,0.0,118.0,1.0,-0.02,1.0,0.0,1.0,0.0,30.11,347.0,0.0,0.0,326.0,0.0,0.0,0.0,0.0,0.0,0.0,0.0,0.0,0.0,0.0,0.0,0.0,4.0,0.0,0.0,1.0,0.0,0.0,0.0,0.0,1.0,0.0,0.0,1200.0,75.0,1491.0,1491.0,14.9,3.5,0.0,3.5,26.0,0.0,0.0,35.8,0.0,0.0,5.7,1.4,0.6,-17.0,0.0,0.0,26.0,-7.0,0.0,0.0,0.0,0.68,0.791,75.5,0.0,0.0,0.0,,0.0,1491.0,62.6,102.2,0.0,0.0,0.0,0.0,287.6,1263.2,284.0,1265.0,289.4,1326.2,296.6,1315.4,0.0,0.0,102.02,289.4,258.8,71.42,0.13918055555555556,1192.895,1.457142857142857,386.6,2026-02-13 17:11:43-08:00,289.4,226.79999999999998,39.419999999999995,0.48,0.48,True
269.06,2.0,9.0,2026-02-14 01:16:06,37.07982,-121.59731,288.0,5.2,68.6,-12.6,0.0,0.0,0.0,0.0,0.0,10.9,-0.1,55.4,0.0,118.0,-0.4,0.01,0.9,0.0,12.0,0.0,30.11,346.0,0.0,0.0,326.0,0.0,0.0,0.0,0.0,0.0,0.0,0.0,0.0,0.0,0.0,0.0,0.0,4.0,0.0,0.0,-3.0,0.0,0.0,0.0,0.0,1.0,0.0,0.0,1200.0,76.0,1499.0,1499.0,14.9,3.6,0.0,3.6,26.0,0.0,0.0,35.8,0.0,0.0,5.8,1.5,0.6,-17.0,0.0,0.0,26.0,-7.0,0.0,0.0,0.0,0.674,0.791,75.5,0.0,0.0,0.0,,0.0,1499.0,62.6,102.2,0.0,0.0,0.0,0.0,287.6,1263.2,285.8,1265.0,291.2,1326.2,298.4,1313.6,0.0,0.0,102.02,290.75,260.15,71.42,0.14016666666666666,1201.5813333333333,1.4444444444444444,386.6,2026-02-13 17:11:43-08:00,290.75,228.15,39.419999999999995,0.48,0.48,True
270.06,2.0,9.0,2026-02-14 01:16:07,37.07982,-121.59729,284.0,5.2,66.6,-12.6,0.0,0.0,0.0,0.0,0.0,10.8,-0.1,53.7,0.0,118.0,-1.3,0.01,1.1,0.0,4.0,0.0,30.11,346.0,0.0,0.0,326.0,0.0,0.0,0.0,0.0,0.0,0.0,0.0,0.0,0.0,0.0,0.0,0.0,4.0,0.0,0.0,-4.0,0.0,0.0,0.0,0.0,1.0,0.0,0.0,1200.0,75.0,1482.0,1482.0,14.9,3.6,0.0,3.6,26.0,0.0,0.0,35.8,0.0,0.0,5.9,1.5,0.6,-17.0,0.0,0.0,26.0,-7.0,0.0,0.0,0.0,0.679,0.791,75.2,0.0,0.0,0.0,,0.0,1482.0,62.6,102.2,0.0,0.0,0.0,0.0,287.6,1261.4,285.8,1265.0,291.2,1324.4,298.4,1313.6,0.0,0.0,102.2,290.75,260.15,71.6,0.14116666666666666,1210.3519999999999,1.4444444444444444,386.6,2026-02-13 17:11:43-08:00,290.75,228.15,39.6,0.48,0.48,True
271.06,2.0,9.0,2026-02-14 01:16:08,37.07983,-121.59726,283.0,5.2,64.1,-12.6,0.0,0.0,0.0,0.0,0.0,10.8,-0.0,52.5,0.0,118.0,-1.4,0.01,0.9,0.0,16.0,0.0,30.11,346.0,0.0,0.0,326.0,0.0,0.0,0.0,0.0,0.0,0.0,0.0,0.0,0.0,0.0,0.0,0.0,4.0,0.0,0.0,-5.0,0.0,0.0,0.0,0.0,1.0,0.0,0.0,1200.0,74.0,1461.0,1461.0,14.7,3.6,0.0,3.6,25.8,0.0,0.0,35.8,0.0,0.0,5.7,1.5,0.6,-17.0,0.0,0.0,25.8,-7.0,0.0,0.0,0.0,0.673,0.791,74.5,0.0,0.0,0.0,,0.0,1461.0,62.6,102.2,0.0,0.0,0.0,0.0,287.6,1263.2,285.8,1265.0,293.0,1322.6,298.4,1311.8,0.0,0.0,102.38,291.2,260.6,71.78,0.14216666666666666,1219.1226666666666,1.4444444444444444,386.6,2026-02-13 17:11:43-08:00,291.20000000000005,228.60000000000005,39.779999999999994,0.48,0.48,True
272.06,2.0,9.0,2026-02-14 01:16:09,37.07984,-121.59723,282.0,5.2,60.2,-12.6,0.0,0.0,0.0,0.0,0.0,10.9,0.1,54.4,0.0,118.0,0.2,0.01,1.1,0.0,-1.0,0.0,30.11,346.0,0.0,0.0,326.0,0.0,0.0,0.0,0.0,0.0,0.0,0.0,0.0,0.0,0.0,0.0,0.0,4.0,0.0,0.0,-6.0,0.0,0.0,0.0,0.0,1.0,0.0,0.0,1200.0,74.0,1452.0,1452.0,14.7,3.6,0.0,3.6,25.8,0.0,0.0,35.7,0.0,0.0,5.6,1.5,0.6,-17.0,0.0,0.0,25.8,-7.0,0.0,0.0,0.0,0.664,0.791,74.2,0.0,0.0,0.0,,0.0,1452.0,62.6,102.2,0.0,0.0,0.0,0.0,289.4,1261.4,287.6,1265.0,293.0,1319.0,300.2,1308.2,0.0,0.0,102.2,292.55,261.95,71.6,0.14316666666666666,1227.8933333333332,1.4444444444444444,386.6,2026-02-13 17:11:43-08:00,292.55,229.95000000000002,39.6,0.48,0.48,True
273.06,2.0,9.0,2026-02-14 01:16:10,37.07985,-121.59721,281.0,5.1,64.0,-12.6,0.0,0.0,0.0,0.0,0.0,11.0,0.1,58.9,0.0,118.0,2.8,-0.02,0.9,0.0,-7.0,0.0,30.11,346.0,0.0,0.0,326.0,0.0,0.0,0.0,0.0,0.0,0.0,0.0,0.0,0.0,0.0,0.0,0.0,5.0,0.0,0.0,-7.0,0.0,0.0,0.0,0.0,1.0,0.0,0.0,1200.0,74.0,1459.0,1459.0,14.7,3.6,0.0,3.6,25.9,0.0,0.0,35.7,0.0,0.0,5.7,1.5,0.6,-17.0,0.0,0.0,25.9,-7.0,0.0,0.0,0.0,0.667,0.791,74.3,0.0,0.0,0.0,,0.0,1459.0,62.6,102.2,0.0,0.0,0.0,0.0,289.4,1259.6,287.6,1261.4,293.0,1317.2,300.2,1306.4,0.0,0.0,102.2,292.55,261.95,71.6,0.14416666666666667,1236.5796666666665,1.4166666666666665,386.6,2026-02-13 17:11:43-08:00,292.55,229.95000000000002,39.6,0.48,0.48,True
274.06,2.0,9.0,2026-02-14 01:16:11,37.07986,-121.59718,282.0,4.8,69.9,-12.6,0.0,0.0,0.0,0.0,0.0,11.1,0.0,61.9,0.0,118.0,3.1,-0.02,0.9,0.0,37.0,0.0,30.11,346.0,0.0,0.0,326.0,0.0,0.0,0.0,0.0,0.0,0.0,0.0,0.0,0.0,0.0,0.0,0.0,5.0,0.0,0.0,-8.0,0.0,0.0,0.0,0.0,1.0,0.0,0.0,1200.0,74.0,1453.0,1453.0,14.7,3.5,0.0,3.5,25.9,0.0,0.0,35.7,0.0,0.0,5.8,1.5,0.6,-17.0,0.0,0.0,25.9,-7.0,0.0,0.0,0.0,0.677,0.791,74.2,0.0,0.0,0.0,,0.0,1453.0,62.6,102.2,0.0,0.0,0.0,0.0,289.4,1257.8,287.6,1261.4,294.8,1315.4,300.2,1304.6,0.0,0.0,102.2,293.0,262.4,71.6,0.14515277777777777,1244.9286666666667,1.3714285714285714,386.6,2026-02-13 17:11:43-08:00,293.0,230.4,39.6,0.48,0.48,True
275.06,2.0,9.0,2026-02-14 01:16:12,37.07987,-121.59715,284.0,4.8,66.5,-12.6,0.0,0.0,0.0,0.0,0.0,11.1,0.2,66.3,0.0,118.0,3.7,0.0,1.0,0.0,12.0,0.0,30.11,346.0,0.0,0.0,326.0,0.0,0.0,0.0,0.0,0.0,0.0,0.0,0.0,0.0,0.0,0.0,0.0,5.0,0.0,0.0,-8.0,0.0,0.0,0.0,0.0,1.0,0.0,0.0,1200.0,74.0,1449.0,1449.0,14.7,3.5,0.0,3.5,25.9,0.0,0.0,35.7,0.0,0.0,5.9,1.5,0.6,-17.0,0.0,0.0,25.9,-7.0,0.0,0.0,0.0,0.667,0.791,74.2,0.0,0.0,0.0,,0.0,1449.0,62.6,102.2,0.0,0.0,0.0,0.0,289.4,1257.8,287.6,1259.6,294.8,1313.6,300.2,1302.8,0.0,0.0,102.38,293.0,262.4,71.78,0.146125,1253.0246666666667,1.3714285714285714,386.6,2026-02-13 17:11:43-08:00,293.0,230.4,39.779999999999994,0.48,0.48,True
276.06,2.0,9.0,2026-02-14 01:16:13,37.07989,-121.59713,284.0,4.7,72.9,-12.6,0.0,0.0,0.0,0.0,0.0,11.0,0.1,75.8,0.0,118.0,7.1,-0.03,1.0,0.0,6.0,0.0,30.11,346.0,0.0,0.0,326.0,0.0,0.0,0.0,0.0,0.0,0.0,0.0,0.0,0.0,0.0,0.0,0.0,4.0,0.0,0.0,-9.0,0.0,0.0,0.0,0.0,1.0,0.0,0.0,1200.0,74.0,1445.0,1445.0,14.7,3.5,0.0,3.5,25.9,0.0,0.0,35.7,0.0,0.0,5.7,1.5,0.6,-17.0,0.0,0.0,25.9,-7.0,0.0,0.0,0.0,0.664,0.791,74.1,0.0,0.0,0.0,,0.0,1445.0,62.6,102.2,0.0,0.0,0.0,0.0,291.2,1257.8,289.4,1261.4,294.8,1311.8,302.0,1301.0,0.0,0.0,102.56,294.35,263.75,71.96000000000001,0.1470972222222222,1261.0363333333332,1.342857142857143,386.6,2026-02-13 17:11:43-08:00,294.34999999999997,231.74999999999997,39.96,0.48,0.48,True
277.06,2.0,9.0,2026-02-14 01:16:14,37.07989,-121.5971,285.0,4.6,80.4,-12.6,0.0,0.0,0.0,0.0,0.0,11.0,0.1,86.1,0.0,119.0,9.2,-0.04,1.0,0.0,22.0,0.0,30.11,346.0,0.0,0.0,326.0,0.0,0.0,0.0,0.0,0.0,0.0,0.0,0.0,0.0,0.0,0.0,0.0,4.0,0.0,0.0,-10.0,0.0,0.0,0.0,0.0,1.0,0.0,0.0,1200.0,74.0,1438.0,1438.0,14.7,3.5,0.0,3.5,25.9,0.0,0.0,35.7,0.0,0.0,5.6,1.5,0.6,-17.0,0.0,0.0,25.9,-7.0,0.0,0.0,0.0,0.668,0.791,73.9,0.0,0.0,0.0,,0.0,1438.0,62.6,102.2,0.0,0.0,0.0,0.0,291.2,1259.6,289.4,1261.4,294.8,1310.0,302.0,1299.2,0.0,0.0,102.38,294.35,263.75,71.78,0.14806944444444445,1268.8793333333333,1.3142857142857143,386.6,2026-02-13 17:11:43-08:00,294.34999999999997,231.74999999999997,39.779999999999994,0.48,0.48,True
278.06,2.0,9.0,2026-02-14 01:16:15,37.0799,-121.59708,285.0,4.4,93.2,-12.6,0.0,0.0,0.0,0.0,0.0,11.1,-0.1,96.2,0.0,119.0,10.1,-0.04,1.0,0.0,-1.0,0.0,30.11,337.0,0.0,0.0,326.0,0.0,0.0,0.0,0.0,0.0,0.0,0.0,0.0,0.0,0.0,0.0,0.0,4.0,0.0,0.0,-9.0,0.0,0.0,0.0,0.0,1.0,0.0,0.0,1200.0,73.0,1412.0,1412.0,14.7,3.5,0.0,3.5,25.9,0.0,0.0,35.7,0.0,0.0,5.7,1.5,0.6,-17.0,0.0,0.0,25.9,-7.0,0.0,0.0,0.0,0.665,0.791,73.5,0.0,0.0,0.0,,0.0,1412.0,62.6,102.2,0.0,0.0,0.0,0.0,291.2,1259.6,289.4,1263.2,296.6,1308.2,302.0,1299.2,0.0,0.0,102.38,294.8,264.2,71.78,0.14904166666666668,1276.4693333333332,1.2571428571428573,386.6,2026-02-13 17:11:43-08:00,294.8,232.20000000000002,39.779999999999994,0.48,0.48,True
279.06,2.0,9.0,2026-02-14 01:16:16,37.07987,-121.59699,273.0,4.0,102.2,-12.6,0.0,0.0,0.0,0.0,0.0,11.2,-0.4,105.6,0.0,119.0,10.0,-0.05,0.9,0.0,5.0,0.0,30.11,338.0,0.0,0.0,326.0,0.0,0.0,0.0,0.0,0.0,0.0,0.0,0.0,0.0,0.0,0.0,0.0,4.0,0.0,0.0,-10.0,0.0,0.0,0.0,0.0,1.0,0.0,0.0,1200.0,72.0,1384.0,1384.0,14.5,3.4,0.0,3.4,26.0,0.0,0.0,35.7,0.0,0.0,5.8,1.5,0.6,-17.0,0.0,0.0,26.0,-7.0,0.0,0.0,0.0,0.665,0.791,72.3,0.0,0.0,0.0,,0.0,1384.0,62.6,102.2,0.0,0.0,0.0,0.0,291.2,1261.4,289.4,1261.4,296.6,1306.4,303.8,1297.4,0.0,0.0,102.38,295.25,264.65,71.78,0.15,1283.5533333333333,1.1764705882352942,386.6,2026-02-13 17:11:43-08:00,295.25,232.65,39.779999999999994,0.48,0.48,True
280.06,2.0,9.0,2026-02-14 01:16:17,37.07986,-121.59697,273.0,4.0,112.9,-12.6,0.0,0.0,0.0,0.0,0.0,11.0,-0.7,113.2,0.0,119.0,9.1,-0.05,1.0,0.0,38.0,0.0,30.11,338.0,0.0,0.0,326.0,0.0,0.0,0.0,0.0,0.0,0.0,0.0,0.0,0.0,0.0,0.0,0.0,4.0,0.0,0.0,-9.0,0.0,0.0,0.0,0.0,1.0,0.0,0.0,1200.0,72.0,1380.0,1380.0,14.4,3.4,0.0,3.4,25.9,0.0,0.0,35.7,0.0,0.0,6.0,1.5,0.6,-17.0,0.0,0.0,25.9,-7.0,0.0,0.0,0.0,0.665,0.791,72.2,0.0,0.0,0.0,,0.0,1380.0,62.6,102.2,0.0,0.0,0.0,0.0,291.2,1259.6,291.2,1263.2,296.6,1306.4,303.8,1295.6,0.0,0.0,102.74,295.7,265.1,72.14,0.15094444444444444,1290.3,1.1764705882352942,386.6,2026-02-13 17:11:43-08:00,295.70000000000005,233.10000000000005,40.13999999999999,0.48,0.48,True
281.06,2.0,9.0,2026-02-14 01:16:18,37.07986,-121.59695,273.0,3.7,122.2,-12.6,0.0,0.0,0.0,0.0,0.0,11.0,-0.6,119.1,0.0,120.0,7.7,-0.03,1.0,0.0,38.0,0.0,30.11,339.0,0.0,0.0,326.0,0.0,0.0,0.0,0.0,0.0,0.0,0.0,0.0,0.0,0.0,0.0,0.0,4.0,0.0,0.0,-10.0,0.0,0.0,0.0,0.0,1.0,0.0,0.0,1200.0,72.0,1363.0,1363.0,14.4,3.4,0.0,3.4,25.9,0.0,0.0,35.7,0.0,0.0,5.8,1.5,0.6,-17.0,0.0,0.0,25.9,-7.0,0.0,0.0,0.0,0.668,0.791,71.7,0.0,0.0,0.0,,0.0,1363.0,62.6,102.2,0.0,0.0,0.0,0.0,293.0,1261.4,291.2,1263.2,298.4,1304.6,303.8,1295.6,0.0,0.0,102.92,296.6,266.0,72.32,0.15188888888888888,1296.7936666666667,1.0882352941176472,386.6,2026-02-13 17:11:43-08:00,296.6,234.00000000000003,40.32,0.48,0.48,True
282.06,2.0,9.0,2026-02-14 01:16:19,37.07985,-121.59693,273.0,3.4,128.6,-12.6,0.0,0.0,0.0,0.0,0.0,11.1,-0.2,124.9,0.0,121.0,6.9,-0.02,0.9,0.0,6.0,0.0,30.11,339.0,0.0,0.0,326.0,0.0,0.0,0.0,0.0,0.0,0.0,0.0,0.0,0.0,0.0,0.0,0.0,4.0,0.0,0.0,-10.0,0.0,0.0,0.0,0.0,1.0,0.0,0.0,1200.0,73.0,1399.0,1399.0,14.2,3.3,0.0,3.3,26.0,0.0,0.0,35.7,0.0,0.0,5.6,1.5,0.6,-17.0,0.0,0.0,26.0,-7.0,0.0,0.0,0.0,0.662,0.791,72.6,0.0,0.0,0.0,,0.0,1399.0,62.6,102.2,0.0,0.0,0.0,0.0,293.0,1259.6,291.2,1263.2,298.4,1302.8,303.8,1293.8,0.0,0.0,102.56,296.6,266.0,71.96000000000001,0.15281944444444445,1302.7813333333334,1.0303030303030303,386.6,2026-02-13 17:11:43-08:00,296.6,234.00000000000003,39.96,0.48,0.48,True
283.06,2.0,9.0,2026-02-14 01:16:20,37.07983,-121.59692,273.0,3.4,133.8,-12.6,0.0,0.0,0.0,0.0,0.0,11.3,-0.3,130.7,0.0,121.0,6.6,-0.02,1.0,0.0,-28.0,0.0,30.11,340.0,0.0,0.0,326.0,0.0,0.0,0.0,0.0,0.0,0.0,0.0,0.0,0.0,0.0,0.0,0.0,3.0,0.0,0.0,-10.0,0.0,0.0,0.0,0.0,1.0,0.0,0.0,1200.0,72.0,1389.0,1389.0,14.2,3.3,0.0,3.3,26.0,0.0,0.0,35.7,0.0,0.0,5.7,1.5,0.6,-17.0,0.0,0.0,26.0,-7.0,0.0,0.0,0.0,0.669,0.791,72.3,0.0,0.0,0.0,,0.0,1389.0,62.6,102.2,0.0,0.0,0.0,0.0,293.0,1259.6,291.2,1265.0,298.4,1304.6,303.8,1293.8,0.0,0.0,102.74,296.6,266.0,72.14,0.1537361111111111,1308.5159999999998,1.0303030303030303,386.6,2026-02-13 17:11:43-08:00,296.6,234.00000000000003,40.13999999999999,0.48,0.48,True
284.06,2.0,9.0,2026-02-14 01:16:21,37.07983,-121.59689,306.0,3.3,140.1,-12.6,0.0,0.0,0.0,0.0,0.0,11.4,-0.5,136.4,0.0,121.0,6.6,-0.03,1.0,0.0,12.0,0.0,30.11,340.0,0.0,0.0,326.0,0.0,0.0,0.0,0.0,0.0,0.0,0.0,0.0,0.0,0.0,0.0,0.0,3.0,0.0,0.0,-10.0,0.0,0.0,0.0,0.0,1.0,0.0,0.0,1200.0,72.0,1405.0,1405.0,14.4,3.3,0.0,3.3,26.2,0.0,0.0,35.7,0.0,0.0,5.8,1.5,0.6,-17.0,0.0,0.0,26.2,-7.0,0.0,0.0,0.0,0.676,0.791,72.3,0.0,0.0,0.0,,0.0,1405.0,62.6,102.2,0.0,0.0,0.0,0.0,293.0,1259.6,291.2,1265.0,298.4,1302.8,305.6,1293.8,0.0,0.0,102.74,297.05,266.45,72.14,0.15465277777777778,1314.1663333333333,1.0,386.6,2026-02-13 17:11:43-08:00,297.05,234.45000000000002,40.13999999999999,0.48,0.48,True
285.06,2.0,9.0,2026-02-14 01:16:22,37.07982,-121.59688,306.0,2.7,146.5,-12.6,0.0,0.0,0.0,0.0,0.0,11.2,-0.7,141.0,0.0,121.0,5.9,-0.03,1.0,0.0,-5.0,0.0,30.11,340.0,0.0,0.0,326.0,0.0,0.0,0.0,0.0,0.0,0.0,0.0,0.0,0.0,0.0,0.0,0.0,4.0,0.0,0.0,-10.0,0.0,0.0,0.0,0.0,1.0,0.0,0.0,1200.0,68.0,1243.0,1243.0,14.9,3.0,0.0,3.0,26.2,0.0,0.0,35.7,0.0,0.0,6.0,1.5,0.6,-17.0,0.0,0.0,26.2,-7.0,0.0,0.0,0.0,0.68,0.791,68.4,0.0,0.0,0.0,,0.0,1243.0,62.6,102.2,0.0,0.0,0.0,0.0,293.0,1277.6,291.2,1284.8,300.2,1333.4,305.6,1315.4,0.0,0.0,102.92,297.5,266.9,72.32,0.1555277777777778,1319.2263333333333,0.9,386.6,2026-02-13 17:11:43-08:00,297.5,234.9,40.32,0.48,0.48,True
286.06,2.0,9.0,2026-02-14 01:16:23,37.07981,-121.59687,306.0,2.4,155.3,-12.6,0.0,0.0,0.0,0.0,0.0,11.2,-0.8,142.1,0.0,121.0,3.6,-0.02,0.9,0.0,2.0,0.0,30.11,340.0,0.0,0.0,326.0,0.0,0.0,0.0,0.0,0.0,0.0,0.0,0.0,0.0,0.0,0.0,0.0,4.0,0.0,0.0,-10.0,0.0,0.0,0.0,0.0,1.0,0.0,0.0,1200.0,69.0,1268.0,1268.0,15.1,2.8,0.0,2.8,26.2,0.0,0.0,35.7,0.0,0.0,5.8,1.5,0.6,-17.0,0.0,0.0,26.2,-7.0,0.0,0.0,0.0,0.663,0.791,68.9,0.0,0.0,0.0,,0.0,1268.0,62.6,102.2,0.0,0.0,0.0,0.0,294.8,1293.8,293.0,1302.8,300.2,1358.6,305.6,1335.2,0.0,0.0,103.1,298.4,267.8,72.5,0.15633333333333332,1323.5273333333332,0.8571428571428572,386.6,2026-02-13 17:11:43-08:00,298.4,235.79999999999998,40.49999999999999,0.48,0.48,True
287.06,2.0,9.0,2026-02-14 01:16:24,37.0798,-121.59686,307.0,2.2,161.2,-12.6,0.0,0.0,0.0,0.0,0.0,11.3,-0.9,141.5,0.0,121.0,1.5,-0.02,1.0,0.0,38.0,0.0,30.11,340.0,0.0,0.0,326.0,0.0,0.0,0.0,0.0,0.0,0.0,0.0,0.0,0.0,0.0,0.0,0.0,4.0,0.0,0.0,-10.0,0.0,0.0,0.0,0.0,1.0,0.0,0.0,1200.0,69.0,1256.0,1256.0,15.2,2.6,0.0,2.6,26.2,0.0,0.0,35.7,0.0,0.0,5.6,1.5,0.6,-17.0,0.0,0.0,26.2,-7.0,0.0,0.0,0.0,0.669,0.791,69.0,0.0,0.0,0.0,,0.0,1256.0,62.6,102.2,0.0,0.0,0.0,0.0,294.8,1308.2,293.0,1319.0,300.2,1380.2,305.6,1351.4,0.0,0.0,102.92,298.4,267.8,72.32,0.15708333333333332,1327.4066666666665,0.8461538461538461,386.6,2026-02-13 17:11:43-08:00,298.4,235.79999999999998,40.32,0.48,0.48,True
288.06,2.0,9.0,2026-02-14 01:16:25,37.07979,-121.59686,306.0,2.3,161.3,-12.6,0.0,0.0,0.0,0.0,0.0,11.1,-1.2,139.3,0.0,121.0,-0.5,-0.02,1.1,0.0,6.0,0.0,30.11,340.0,0.0,0.0,326.0,0.0,0.0,0.0,0.0,0.0,0.0,0.0,0.0,0.0,0.0,0.0,0.0,4.0,0.0,0.0,-10.0,0.0,0.0,0.0,0.0,1.0,0.0,0.0,1200.0,69.0,1250.0,1250.0,15.2,2.5,0.0,2.5,26.2,0.0,0.0,35.7,0.0,0.0,5.7,1.5,0.6,-17.0,0.0,0.0,26.2,-7.0,0.0,0.0,0.0,0.659,0.791,68.7,0.0,0.0,0.0,,0.0,1250.0,62.6,102.2,0.0,0.0,0.0,0.0,294.8,1324.4,293.0,1333.4,300.2,1396.4,305.6,1369.4,0.0,0.0,102.92,298.4,267.8,72.32,0.15779166666666666,1331.2016666666666,0.9199999999999999,386.6,2026-02-13 17:11:43-08:00,298.4,235.79999999999998,40.32,0.48,0.48,True
289.06,2.0,9.0,2026-02-14 01:16:26,37.07978,-121.59686,307.0,2.3,160.7,-12.6,0.0,0.0,0.0,0.0,0.0,11.1,-1.2,137.0,0.0,121.0,-1.5,0.0,1.0,0.0,21.0,0.0,30.11,340.0,0.0,0.0,326.0,0.0,0.0,0.0,0.0,0.0,0.0,0.0,0.0,0.0,0.0,0.0,0.0,4.0,0.0,0.0,-10.0,0.0,0.0,0.0,0.0,1.0,0.0,0.0,1200.0,68.0,1248.0,1248.0,16.0,2.4,0.0,2.4,26.2,0.0,0.0,35.7,0.0,0.0,5.9,1.5,0.6,-17.0,0.0,0.0,26.2,-7.0,0.0,0.0,0.0,0.66,0.791,68.2,0.0,0.0,0.0,,0.0,1248.0,62.6,102.2,0.0,0.0,0.0,0.0,294.8,1333.4,293.0,1344.2,300.2,1419.8,305.6,1382.0,0.0,0.0,102.92,298.4,267.8,72.32,0.15847222222222224,1335.081,0.9583333333333333,386.6,2026-02-13 17:11:43-08:00,298.4,235.79999999999998,40.32,0.48,0.48,True
290.06,2.0,9.0,2026-02-14 01:16:27,37.07977,-121.59685,307.0,2.4,154.6,-12.6,0.0,0.0,0.0,0.0,0.0,11.0,-1.0,136.4,0.0,121.0,-0.4,-0.01,1.0,0.0,42.0,0.0,30.11,340.0,0.0,0.0,326.0,0.0,0.0,0.0,0.0,0.0,0.0,0.0,0.0,0.0,0.0,0.0,0.0,4.0,0.0,0.0,-10.0,0.0,0.0,0.0,0.0,1.0,0.0,0.0,1200.0,69.0,1295.0,1295.0,16.1,2.3,0.0,2.3,26.2,0.0,0.0,35.7,0.0,0.0,6.0,1.5,0.6,-17.0,0.0,0.0,26.2,-7.0,0.0,0.0,0.0,0.662,0.791,68.7,0.0,0.0,0.0,,0.0,1295.0,62.6,102.2,0.0,0.0,0.0,0.0,294.8,1344.2,294.8,1353.2,300.2,1434.2,307.4,1396.4,0.0,0.0,103.1,299.3,268.7,72.5,0.15912500000000002,1339.0446666666667,1.0434782608695652,386.6,2026-02-13 17:11:43-08:00,299.29999999999995,236.69999999999996,40.49999999999999,0.48,0.48,True
291.06,2.0,9.0,2026-02-14 01:16:28,37.07976,-121.59684,307.0,3.0,154.3,-12.6,0.0,0.0,0.0,0.0,0.0,11.0,-0.9,136.2,0.0,121.0,0.2,-0.02,1.0,0.0,37.0,0.0,30.11,340.0,0.0,0.0,326.0,0.0,0.0,0.0,0.0,0.0,0.0,0.0,0.0,0.0,0.0,0.0,0.0,4.0,0.0,0.0,-10.0,0.0,0.0,0.0,0.0,1.0,0.0,0.0,1200.0,72.0,1385.0,1385.0,15.5,2.3,0.0,2.3,26.2,0.0,0.0,35.7,0.0,0.0,5.9,1.5,0.6,-17.0,0.0,0.0,26.2,-7.0,0.0,0.0,0.0,0.675,0.791,71.8,0.0,0.0,0.0,,0.0,1385.0,62.6,104.0,0.0,0.0,0.0,0.0,296.6,1356.8,294.8,1364.0,302.0,1441.4,307.4,1409.0,0.0,0.0,103.28,300.2,269.6,72.68,0.1597638888888889,1343.5986666666665,1.3043478260869565,386.6,2026-02-13 17:11:43-08:00,300.20000000000005,237.60000000000005,40.68,0.48,0.48,True
292.06,2.0,9.0,2026-02-14 01:16:29,37.07975,-121.59683,307.0,3.3,157.1,-12.6,0.0,0.0,0.0,0.0,0.0,11.0,-0.9,136.0,0.0,122.0,0.2,-0.01,0.9,0.0,25.0,0.0,30.11,341.0,0.0,0.0,326.0,0.0,0.0,0.0,0.0,0.0,0.0,0.0,0.0,0.0,0.0,0.0,0.0,4.0,0.0,0.0,-10.0,0.0,0.0,0.0,0.0,1.0,0.0,0.0,1200.0,72.0,1396.0,1396.0,15.3,2.3,0.0,2.3,26.2,0.0,0.0,35.7,0.0,0.0,5.6,1.5,0.6,-17.0,0.0,0.0,26.2,-7.0,0.0,0.0,0.0,0.67,0.791,72.2,0.0,0.0,0.0,,0.0,1396.0,62.6,104.0,0.0,0.0,0.0,0.0,296.6,1365.8,294.8,1374.8,302.0,1452.2,307.4,1421.6,0.0,0.0,103.1,300.2,269.6,72.5,0.16040277777777778,1348.9116666666666,1.434782608695652,386.6,2026-02-13 17:11:43-08:00,300.20000000000005,237.60000000000005,40.49999999999999,0.48,0.48,True
293.06,2.0,9.0,2026-02-14 01:16:30,37.07973,-121.59682,307.0,3.9,155.9,-12.6,0.0,0.0,0.0,0.0,0.0,10.9,-1.0,135.8,0.0,122.0,0.1,-0.02,1.1,0.0,51.0,0.0,30.11,341.0,0.0,0.0,326.0,0.0,0.0,0.0,0.0,0.0,0.0,0.0,0.0,0.0,0.0,0.0,0.0,4.0,0.0,0.0,-10.0,0.0,0.0,0.0,0.0,1.0,0.0,0.0,1200.0,72.0,1374.0,1374.0,15.2,2.3,0.0,2.3,26.2,0.0,0.0,35.7,0.0,0.0,5.7,1.5,0.6,-17.0,0.0,0.0,26.2,-7.0,0.0,0.0,0.0,0.667,0.791,71.9,0.0,0.0,0.0,,0.0,1374.0,62.6,104.0,0.0,0.0,0.0,0.0,296.6,1371.2,294.8,1385.6,302.0,1464.8,307.4,1434.2,0.0,0.0,103.1,300.2,269.6,72.5,0.16104166666666667,1354.9836666666665,1.6956521739130437,386.6,2026-02-13 17:11:43-08:00,300.20000000000005,237.60000000000005,40.49999999999999,0.48,0.48,True
294.06,2.0,9.0,2026-02-14 01:16:31,37.07972,-121.59682,307.0,4.2,156.2,-12.6,0.0,0.0,0.0,0.0,0.0,10.8,-0.9,135.8,0.0,122.0,0.1,-0.02,1.0,0.0,26.0,0.0,30.11,341.0,0.0,0.0,326.0,0.0,0.0,0.0,0.0,0.0,0.0,0.0,0.0,0.0,0.0,0.0,0.0,4.0,0.0,0.0,-10.0,0.0,0.0,0.0,0.0,1.0,0.0,0.0,1200.0,72.0,1382.0,1382.0,15.1,2.3,0.0,2.3,26.2,0.0,0.0,35.7,0.0,0.0,5.7,1.5,0.6,-17.0,0.0,0.0,26.2,-7.0,0.0,0.0,0.0,0.674,0.791,71.9,0.0,0.0,0.0,,0.0,1382.0,62.6,104.0,0.0,0.0,0.0,0.0,298.4,1378.4,296.6,1394.6,302.0,1472.0,307.4,1445.0,0.0,0.0,103.1,301.1,270.5,72.5,0.16168055555555555,1361.8146666666667,1.8260869565217392,386.6,2026-02-13 17:11:43-08:00,301.1,238.50000000000003,40.49999999999999,0.48,0.48,True
295.06,2.0,9.0,2026-02-14 01:16:32,37.0797,-121.59681,307.0,4.5,156.2,-12.6,0.0,0.0,0.0,0.0,0.0,10.8,-1.0,135.8,0.0,123.0,0.1,-0.02,0.9,0.0,23.0,0.0,30.11,342.0,0.0,0.0,326.0,0.0,0.0,0.0,0.0,0.0,0.0,0.0,0.0,0.0,0.0,0.0,0.0,4.0,0.0,0.0,-10.0,0.0,0.0,0.0,0.0,1.0,0.0,0.0,1200.0,72.0,1382.0,1382.0,15.0,2.3,0.0,2.3,26.2,0.0,0.0,35.7,0.0,0.0,5.9,1.5,0.6,-17.0,0.0,0.0,26.2,-7.0,0.0,0.0,0.0,0.674,0.791,72.0,0.0,0.0,0.0,,0.0,1382.0,62.6,104.0,0.0,0.0,0.0,0.0,298.4,1385.6,296.6,1398.2,303.8,1481.0,307.4,1454.0,0.0,0.0,103.28,301.55,270.95,72.68,0.16231944444444446,1369.1516666666666,1.956521739130435,386.6,2026-02-13 17:11:43-08:00,301.55,238.95000000000002,40.68,0.48,0.48,True
296.06,2.0,9.0,2026-02-14 01:16:33,37.07968,-121.5968,307.0,4.6,157.6,-12.6,0.0,0.0,0.0,0.0,0.0,10.8,-0.9,135.5,0.0,124.0,-0.1,-0.02,1.0,0.0,30.0,0.0,30.11,343.0,0.0,0.0,326.0,0.0,0.0,0.0,0.0,0.0,0.0,0.0,0.0,0.0,0.0,0.0,0.0,4.0,0.0,0.0,-10.0,0.0,0.0,0.0,0.0,1.0,0.0,0.0,1200.0,72.0,1384.0,1384.0,14.9,2.3,0.0,2.3,26.2,0.0,0.0,35.7,0.0,0.0,5.8,1.5,0.6,-17.0,0.0,0.0,26.2,-7.0,0.0,0.0,0.0,0.665,0.791,71.9,0.0,0.0,0.0,,0.0,1384.0,62.6,104.0,0.0,0.0,0.0,0.0,298.4,1389.2,296.6,1403.6,303.8,1490.0,309.2,1461.2,0.0,0.0,103.64,302.0,271.4,73.03999999999999,0.16295833333333334,1376.826,2.0,386.6,2026-02-13 17:11:43-08:00,302.0,239.4,41.04,0.48,0.48,True
297.06,2.0,9.0,2026-02-14 01:16:34,37.07966,-121.59679,307.0,4.9,156.6,-12.6,0.0,0.0,0.0,0.0,0.0,10.7,-0.8,134.9,0.0,125.0,-0.4,-0.01,1.1,0.0,76.0,0.0,30.11,343.0,0.0,0.0,326.0,0.0,0.0,0.0,0.0,0.0,0.0,0.0,0.0,0.0,0.0,0.0,0.0,11.0,0.0,0.0,-11.0,0.0,0.0,0.0,0.0,1.0,0.0,0.0,1200.0,72.0,1390.0,1390.0,14.9,2.3,0.0,2.3,26.2,0.0,0.0,35.7,0.0,0.0,5.6,1.5,0.6,-17.0,0.0,0.0,26.2,-7.0,0.0,0.0,0.0,0.668,0.791,72.2,0.0,0.0,0.0,,0.0,1390.0,62.6,104.0,0.0,0.0,0.0,0.0,300.2,1391.0,298.4,1409.0,303.8,1495.4,309.2,1466.6,0.0,0.0,103.46,302.9,272.3,72.86,0.16359722222222223,1384.8376666666666,2.130434782608696,386.6,2026-02-13 17:11:43-08:00,302.9,240.29999999999998,40.85999999999999,0.48,0.48,True
298.06,2.0,9.0,2026-02-14 01:16:35,37.07964,-121.59677,308.0,5.1,156.3,-12.6,0.0,0.0,0.0,0.0,0.0,10.6,-0.7,134.4,0.0,126.0,-0.6,-0.01,0.8,0.0,31.0,0.0,30.11,343.0,0.0,0.0,326.0,0.0,0.0,0.0,0.0,0.0,0.0,0.0,0.0,0.0,0.0,0.0,0.0,11.0,0.0,0.0,-17.0,0.0,0.0,0.0,0.0,1.0,0.0,0.0,1200.0,72.0,1383.0,1383.0,14.9,2.3,0.0,2.3,26.2,0.0,0.0,35.7,0.0,0.0,5.6,1.5,0.6,-17.0,0.0,0.0,26.2,-7.0,0.0,0.0,0.0,0.664,0.791,72.0,0.0,0.0,0.0,,0.0,1383.0,62.6,104.0,0.0,0.0,0.0,0.0,300.2,1394.6,298.4,1412.6,305.6,1499.0,309.2,1472.0,0.0,0.0,103.46,303.35,272.75,72.86,0.1642361111111111,1393.271,2.217391304347826,386.6,2026-02-13 17:11:43-08:00,303.34999999999997,240.74999999999997,40.85999999999999,0.48,0.48,True
299.06,2.0,9.0,2026-02-14 01:16:36,37.07961,-121.59676,308.0,5.5,155.4,-12.6,0.0,0.0,0.0,0.0,0.0,10.5,-0.8,133.8,0.0,126.0,-0.6,-0.01,0.9,0.0,7.0,0.0,30.11,346.0,0.0,0.0,326.0,0.0,0.0,0.0,0.0,0.0,0.0,0.0,0.0,0.0,0.0,0.0,0.0,10.0,0.0,0.0,-30.0,0.0,0.0,0.0,0.0,1.0,0.0,0.0,1200.0,72.0,1381.0,1381.0,14.9,2.3,0.0,2.3,26.2,0.0,0.0,35.7,0.0,0.0,5.7,1.5,0.6,-17.0,0.0,0.0,26.2,-7.0,0.0,0.0,0.0,0.669,0.791,71.8,0.0,0.0,0.0,,0.0,1381.0,62.6,104.0,0.0,0.0,0.0,0.0,300.2,1398.2,298.4,1418.0,305.6,1506.2,309.2,1479.2,0.0,0.0,103.46,303.35,272.75,72.86,0.164875,1402.2103333333332,2.3913043478260874,386.6,2026-02-13 17:11:43-08:00,303.34999999999997,240.74999999999997,40.85999999999999,0.48,0.48,True
300.06,2.0,9.0,2026-02-14 01:16:37,37.07959,-121.59675,308.0,5.7,154.5,-12.6,0.0,0.0,0.0,0.0,0.0,10.5,-0.9,133.3,0.0,126.0,-0.6,-0.01,1.2,0.0,-20.0,0.0,30.11,347.0,0.0,0.0,326.0,0.0,0.0,0.0,0.0,0.0,0.0,0.0,0.0,0.0,0.0,0.0,0.0,7.0,0.0,0.0,-33.0,0.0,0.0,0.0,0.0,1.0,0.0,0.0,1200.0,72.0,1387.0,1387.0,14.9,2.3,0.0,2.3,26.2,0.0,0.0,35.7,0.0,0.0,5.9,1.5,0.6,-17.0,0.0,0.0,26.2,-7.0,0.0,0.0,0.0,0.662,0.791,71.9,0.0,0.0,0.0,,0.0,1387.0,62.6,104.0,0.0,0.0,0.0,0.0,302.0,1400.0,300.2,1421.6,305.6,1511.6,311.0,1484.6,0.0,0.0,103.46,304.7,274.1,72.86,0.1655138888888889,1411.6556666666665,2.4782608695652177,386.6,2026-02-13 17:11:43-08:00,304.7,242.1,40.85999999999999,0.48,0.48,True
301.06,2.0,9.0,2026-02-14 01:16:38,37.07957,-121.59673,308.0,5.8,153.7,-12.6,0.0,0.0,0.0,0.0,0.0,10.5,-1.0,132.9,0.0,126.0,-0.5,-0.01,0.9,0.0,-30.0,0.0,30.11,347.0,0.0,0.0,326.0,0.0,0.0,0.0,0.0,0.0,0.0,0.0,0.0,0.0,0.0,0.0,0.0,7.0,0.0,0.0,-33.0,0.0,0.0,0.0,0.0,1.0,0.0,0.0,1200.0,72.0,1394.0,1394.0,14.9,2.3,0.0,2.3,26.0,0.0,0.0,35.7,0.0,0.0,5.9,1.5,0.6,-17.0,0.0,0.0,26.0,-7.0,0.0,0.0,0.0,0.664,0.791,72.1,0.0,0.0,0.0,,0.0,1394.0,62.6,104.0,0.0,0.0,0.0,0.0,302.0,1401.8,300.2,1423.4,305.6,1515.2,311.0,1488.2,0.0,0.0,103.82,304.7,274.1,73.22,0.1661527777777778,1421.3539999999998,2.5217391304347827,386.6,2026-02-13 17:11:43-08:00,304.7,242.1,41.21999999999999,0.48,0.48,True
302.06,2.0,9.0,2026-02-14 01:16:39,37.07954,-121.59672,308.0,5.9,153.1,-12.6,0.0,0.0,0.0,0.0,0.0,10.6,-0.7,133.0,0.0,126.0,-0.2,-0.01,1.0,0.0,10.0,0.0,30.11,347.0,0.0,0.0,326.0,0.0,0.0,0.0,0.0,0.0,0.0,0.0,0.0,0.0,0.0,0.0,0.0,6.0,0.0,0.0,-15.0,0.0,0.0,0.0,0.0,1.0,0.0,0.0,1200.0,72.0,1394.0,1394.0,14.8,2.3,0.0,2.3,26.1,0.0,0.0,35.7,0.0,0.0,5.6,1.5,0.6,-17.0,0.0,0.0,26.1,-7.0,0.0,0.0,0.0,0.667,0.792,72.1,0.0,0.0,0.0,,0.0,1394.0,62.6,104.0,0.0,0.0,0.0,0.0,302.0,1401.8,300.2,1427.0,307.4,1518.8,311.0,1491.8,0.0,0.0,103.82,305.15,274.55,73.22,0.16679166666666667,1431.221,2.565217391304348,386.6,2026-02-13 17:11:43-08:00,305.15,242.54999999999998,41.21999999999999,0.48,0.48,True
303.06,2.0,9.0,2026-02-14 01:16:40,37.07952,-121.5967,308.0,6.0,153.5,-12.6,0.0,0.0,0.0,0.0,0.0,10.6,-0.5,134.2,0.0,126.0,0.6,-0.01,1.1,0.0,51.0,0.0,30.11,346.0,0.0,0.0,326.0,0.0,0.0,0.0,0.0,0.0,0.0,0.0,0.0,0.0,0.0,0.0,0.0,6.0,0.0,0.0,-13.0,0.0,0.0,0.0,0.0,1.0,0.0,0.0,1200.0,72.0,1384.0,1384.0,14.8,2.3,0.0,2.3,26.1,0.0,0.0,35.7,0.0,0.0,5.6,1.5,0.6,-17.0,0.0,0.0,26.1,-7.0,0.0,0.0,0.0,0.67,0.791,72.0,0.0,0.0,0.0,,0.0,1384.0,62.6,104.0,0.0,0.0,0.0,0.0,303.8,1403.6,300.2,1428.8,307.4,1520.6,311.0,1497.2,0.0,0.0,103.64,305.6,275.0,73.03999999999999,0.16743055555555555,1441.2566666666667,2.608695652173913,386.6,2026-02-13 17:11:43-08:00,305.59999999999997,242.99999999999997,41.04,0.48,0.48,True
304.06,2.0,9.0,2026-02-14 01:16:41,37.07949,-121.59669,308.0,6.1,154.2,-12.6,0.0,0.0,0.0,0.0,0.0,10.7,-1.0,135.4,0.0,126.0,1.0,-0.02,1.0,0.0,25.0,0.0,30.11,346.0,0.0,0.0,326.0,0.0,0.0,0.0,0.0,0.0,0.0,0.0,0.0,0.0,0.0,0.0,0.0,11.0,0.0,0.0,-19.0,0.0,0.0,0.0,0.0,1.0,0.0,0.0,1200.0,72.0,1384.0,1384.0,14.6,2.3,0.0,2.3,26.1,0.0,0.0,35.7,0.0,0.0,5.7,1.5,0.6,-17.0,0.0,0.0,26.1,-7.0,0.0,0.0,0.0,0.664,0.792,71.9,0.0,0.0,0.0,,0.0,1384.0,62.6,104.0,0.0,0.0,0.0,0.0,303.8,1401.8,302.0,1427.0,307.4,1522.4,312.8,1499.0,0.0,0.0,103.82,306.5,275.9,73.22,0.16806944444444444,1451.461,2.6521739130434785,386.6,2026-02-13 17:11:43-08:00,306.5,243.9,41.21999999999999,0.48,0.48,True
305.06,2.0,9.0,2026-02-14 01:16:42,37.07948,-121.59668,308.0,6.1,155.4,-12.6,0.0,0.0,0.0,0.0,0.0,10.6,-1.3,136.6,0.0,126.0,1.1,-0.03,1.1,0.0,25.0,0.0,30.11,346.0,0.0,0.0,326.0,0.0,0.0,0.0,0.0,0.0,0.0,0.0,0.0,0.0,0.0,0.0,0.0,15.0,0.0,0.0,-20.0,0.0,0.0,0.0,0.0,1.0,0.0,0.0,1200.0,71.0,1365.0,1365.0,14.5,2.3,0.0,2.3,26.1,0.0,0.0,35.7,0.0,0.0,5.9,1.5,0.6,-17.0,0.0,0.0,26.1,-7.0,0.0,0.0,0.0,0.66,0.791,71.5,0.0,0.0,0.0,,0.0,1365.0,62.6,104.0,0.0,0.0,0.0,0.0,303.8,1401.8,302.0,1425.2,307.4,1526.0,312.8,1499.0,0.0,0.0,103.82,306.5,275.9,73.22,0.16870833333333335,1461.7496666666666,2.6521739130434785,386.6,2026-02-13 17:11:43-08:00,306.5,243.9,41.21999999999999,0.48,0.48,True
306.06,2.0,8.0,2026-02-14 01:16:43,37.07945,-121.59667,302.0,6.0,159.9,-12.6,0.0,0.0,0.0,0.0,0.0,10.6,-1.3,136.3,0.0,126.0,0.5,-0.03,1.1,0.0,-8.0,0.0,30.11,346.0,0.0,0.0,326.0,0.0,0.0,0.0,0.0,0.0,0.0,0.0,0.0,0.0,0.0,0.0,0.0,12.0,0.0,0.0,-20.0,0.0,0.0,0.0,0.0,1.0,0.0,0.0,1200.0,71.0,1366.0,1366.0,14.5,2.3,0.0,2.3,26.2,0.0,0.0,35.7,0.0,0.0,5.9,1.5,0.6,-17.0,0.0,0.0,26.2,-7.0,0.0,0.0,0.0,0.658,0.791,71.2,0.0,0.0,0.0,,0.0,1366.0,62.6,104.0,0.0,0.0,0.0,0.0,305.6,1398.2,303.8,1423.4,309.2,1526.0,312.8,1499.0,0.0,0.0,104.0,307.85,277.25,73.4,0.16934722222222223,1471.954,2.608695652173913,386.6,2026-02-13 17:11:43-08:00,307.85,245.25000000000003,41.4,0.48,0.48,True
307.06,2.0,8.0,2026-02-14 01:16:44,37.07943,-121.59666,302.0,6.0,154.1,-12.6,0.0,0.0,0.0,0.0,0.0,10.6,-1.2,135.6,0.0,126.0,-0.4,-0.01,1.1,0.0,4.0,0.0,30.11,346.0,0.0,0.0,326.0,0.0,0.0,0.0,0.0,0.0,0.0,0.0,0.0,0.0,0.0,0.0,0.0,12.0,0.0,0.0,-20.0,0.0,0.0,0.0,0.0,1.0,0.0,0.0,1200.0,71.0,1376.0,1376.0,14.4,2.3,0.0,2.3,26.2,0.0,0.0,35.7,0.0,0.0,5.6,1.5,0.6,-17.0,0.0,0.0,26.2,-7.0,0.0,0.0,0.0,0.662,0.792,71.5,0.0,0.0,0.0,,0.0,1376.0,62.6,104.0,0.0,0.0,0.0,0.0,305.6,1398.2,303.8,1421.6,309.2,1526.0,312.8,1495.4,0.0,0.0,104.18,307.85,277.25,73.58,0.16998611111111112,1482.0739999999998,2.608695652173913,386.6,2026-02-13 17:11:43-08:00,307.85,245.25000000000003,41.580000000000005,0.48,0.48,True
308.06,2.0,8.0,2026-02-14 01:16:45,37.0794,-121.59664,303.0,6.0,156.4,-12.6,0.0,0.0,0.0,0.0,0.0,10.6,-1.1,136.2,0.0,126.0,0.3,-0.02,1.2,0.0,14.0,0.0,30.11,346.0,0.0,0.0,326.0,0.0,0.0,0.0,0.0,0.0,0.0,0.0,0.0,0.0,0.0,0.0,0.0,12.0,0.0,0.0,-20.0,0.0,0.0,0.0,0.0,1.0,0.0,0.0,1200.0,71.0,1367.0,1367.0,14.4,2.3,0.0,2.3,26.2,0.0,0.0,35.7,0.0,0.0,5.6,1.5,0.6,-17.0,0.0,0.0,26.2,-7.0,0.0,0.0,0.0,0.66,0.791,71.2,0.0,0.0,0.0,,0.0,1367.0,62.6,104.0,0.0,0.0,0.0,0.0,305.6,1396.4,303.8,1419.8,309.2,1522.4,314.6,1495.4,0.0,0.0,104.0,308.3,277.7,73.4,0.170625,1492.194,2.608695652173913,386.6,2026-02-13 17:11:43-08:00,308.29999999999995,245.69999999999996,41.4,0.48,0.48,True
309.06,2.0,8.0,2026-02-14 01:16:46,37.07937,-121.59663,303.0,5.9,157.5,-12.6,0.0,0.0,0.0,0.0,0.0,10.7,-1.2,136.0,0.0,126.0,0.1,-0.02,1.1,0.0,2.0,0.0,30.11,347.0,0.0,0.0,326.0,0.0,0.0,0.0,0.0,0.0,0.0,0.0,0.0,0.0,0.0,0.0,0.0,12.0,0.0,0.0,-20.0,0.0,0.0,0.0,0.0,1.0,0.0,0.0,1200.0,71.0,1373.0,1373.0,14.2,2.3,0.0,2.3,26.2,0.0,0.0,35.7,0.0,0.0,5.7,1.5,0.6,-17.0,0.0,0.0,26.2,-7.0,0.0,0.0,0.0,0.659,0.792,71.3,0.0,0.0,0.0,,0.0,1373.0,62.6,104.0,0.0,0.0,0.0,0.0,307.4,1396.4,303.8,1416.2,309.2,1524.2,314.6,1495.4,0.0,0.0,104.0,308.75,278.15,73.4,0.17126388888888888,1502.2296666666666,2.565217391304348,386.6,2026-02-13 17:11:43-08:00,308.75,246.15,41.4,0.48,0.48,True
310.06,2.0,8.0,2026-02-14 01:16:47,37.07936,-121.59667,292.0,5.9,156.4,-12.6,0.0,0.0,0.0,0.0,0.0,10.7,-1.5,135.0,0.0,126.0,-0.6,-0.02,1.0,0.0,-36.0,0.0,30.11,347.0,0.0,0.0,326.0,0.0,0.0,0.0,0.0,0.0,0.0,0.0,0.0,0.0,0.0,0.0,0.0,9.0,0.0,0.0,-1.0,0.0,0.0,0.0,0.0,1.0,0.0,0.0,1200.0,71.0,1371.0,1371.0,14.2,2.3,0.0,2.3,26.2,0.0,0.0,35.7,0.0,0.0,5.8,1.5,0.6,-17.0,0.0,0.0,26.2,-7.0,0.0,0.0,0.0,0.659,0.792,71.4,0.0,0.0,0.0,,0.0,1371.0,62.6,104.0,0.0,0.0,0.0,0.0,307.4,1394.6,305.6,1414.4,311.0,1522.4,314.6,1493.6,0.0,0.0,104.0,309.65,279.05,73.4,0.1719027777777778,1512.1809999999998,2.565217391304348,386.6,2026-02-13 17:11:43-08:00,309.65,247.04999999999998,41.4,0.48,0.48,True
311.06,2.0,8.0,2026-02-14 01:16:48,37.07933,-121.59666,295.0,5.7,154.7,-12.6,0.0,0.0,0.0,0.0,0.0,10.6,-1.6,134.5,0.0,126.0,-0.7,-0.02,1.0,0.0,9.0,0.0,30.11,347.0,0.0,0.0,326.0,0.0,0.0,0.0,0.0,0.0,0.0,0.0,0.0,0.0,0.0,0.0,0.0,8.0,0.0,0.0,-7.0,0.0,0.0,0.0,0.0,1.0,0.0,0.0,1200.0,71.0,1369.0,1369.0,14.2,2.3,0.0,2.3,26.2,0.0,0.0,35.7,0.0,0.0,5.8,1.5,0.6,-17.0,0.0,0.0,26.2,-7.0,0.0,0.0,0.0,0.662,0.791,71.3,0.0,0.0,0.0,,0.0,1369.0,62.6,104.0,0.0,0.0,0.0,0.0,307.4,1394.6,305.6,1412.6,311.0,1520.6,316.4,1495.4,0.0,0.0,104.36,310.1,279.5,73.76,0.17254166666666668,1521.9636666666665,2.4782608695652177,386.6,2026-02-13 17:11:43-08:00,310.1,247.50000000000003,41.76,0.48,0.48,True
312.06,2.0,8.0,2026-02-14 01:16:49,37.07931,-121.59665,295.0,5.6,155.7,-12.6,0.0,0.0,0.0,0.0,0.0,10.6,-1.7,134.6,0.0,126.0,-0.2,-0.03,0.8,0.0,-28.0,0.0,30.11,346.0,0.0,0.0,326.0,0.0,0.0,0.0,0.0,0.0,0.0,0.0,0.0,0.0,0.0,0.0,0.0,9.0,0.0,0.0,-9.0,0.0,0.0,0.0,0.0,1.0,0.0,0.0,1200.0,71.0,1350.0,1350.0,14.2,2.3,0.0,2.3,26.2,0.0,0.0,35.7,0.0,0.0,5.6,1.5,0.6,-17.0,0.0,0.0,26.2,-7.0,0.0,0.0,0.0,0.66,0.791,70.6,0.0,0.0,0.0,,0.0,1350.0,62.6,104.0,0.0,0.0,0.0,0.0,307.4,1392.8,305.6,1410.8,311.0,1522.4,316.4,1500.8,0.0,0.0,104.36,310.1,279.5,73.76,0.17318055555555556,1531.4933333333333,2.4347826086956523,386.6,2026-02-13 17:11:43-08:00,310.1,247.50000000000003,41.76,0.48,0.48,True
313.06,2.0,8.0,2026-02-14 01:16:50,37.07928,-121.59663,295.0,5.5,155.7,-12.6,0.0,0.0,0.0,0.0,0.0,10.6,-1.6,134.9,0.0,126.0,0.0,-0.02,0.9,0.0,16.0,0.0,30.11,346.0,0.0,0.0,326.0,0.0,0.0,0.0,0.0,0.0,0.0,0.0,0.0,0.0,0.0,0.0,0.0,9.0,0.0,0.0,-10.0,0.0,0.0,0.0,0.0,1.0,0.0,0.0,1200.0,71.0,1368.0,1368.0,14.3,2.3,0.0,2.3,26.2,0.0,0.0,35.7,0.0,0.0,5.6,1.5,0.6,-17.0,0.0,0.0,26.2,-7.0,0.0,0.0,0.0,0.659,0.791,70.8,0.0,0.0,0.0,,0.0,1368.0,62.6,104.0,0.0,0.0,0.0,0.0,309.2,1389.2,307.4,1407.2,312.8,1522.4,316.4,1499.0,0.0,0.0,104.18,311.45,280.85,73.58,0.17381944444444444,1540.8543333333332,2.3913043478260874,386.6,2026-02-13 17:11:43-08:00,311.45,248.85,41.580000000000005,0.48,0.48,True
314.06,2.0,8.0,2026-02-14 01:16:51,37.07926,-121.59663,296.0,5.4,155.5,-12.6,0.0,0.0,0.0,0.0,0.0,10.7,-1.6,134.9,0.0,126.0,0.0,-0.02,1.0,0.0,12.0,0.0,30.11,346.0,0.0,0.0,326.0,0.0,0.0,0.0,0.0,0.0,0.0,0.0,0.0,0.0,0.0,0.0,0.0,9.0,0.0,0.0,-10.0,0.0,0.0,0.0,0.0,1.0,0.0,0.0,1200.0,71.0,1375.0,1375.0,14.4,2.3,0.0,2.3,26.2,0.0,0.0,35.7,0.0,0.0,5.6,1.5,0.6,-17.0,0.0,0.0,26.2,-7.0,0.0,0.0,0.0,0.673,0.792,71.2,0.0,0.0,0.0,,0.0,1375.0,62.6,104.0,0.0,0.0,0.0,0.0,309.2,1389.2,307.4,1407.2,312.8,1522.4,316.4,1497.2,0.0,0.0,104.36,311.45,280.85,73.76,0.17445833333333333,1550.0466666666666,2.347826086956522,386.6,2026-02-13 17:11:43-08:00,311.45,248.85,41.76,0.48,0.48,True
315.06,2.0,8.0,2026-02-14 01:16:52,37.07924,-121.59661,296.0,5.3,155.4,-12.6,0.0,0.0,0.0,0.0,0.0,10.8,-1.6,134.9,0.0,126.0,0.0,-0.03,1.0,0.0,-38.0,0.0,30.11,346.0,0.0,0.0,326.0,0.0,0.0,0.0,0.0,0.0,0.0,0.0,0.0,0.0,0.0,0.0,0.0,9.0,0.0,0.0,-11.0,0.0,0.0,0.0,0.0,1.0,0.0,0.0,1200.0,71.0,1355.0,1355.0,14.2,2.3,0.0,2.3,26.2,0.0,0.0,35.7,0.0,0.0,5.8,1.5,0.6,-17.0,0.0,0.0,26.2,-7.0,0.0,0.0,0.0,0.673,0.791,71.1,0.0,0.0,0.0,,0.0,1355.0,62.6,104.0,0.0,0.0,0.0,0.0,311.0,1387.4,307.4,1407.2,312.8,1520.6,318.2,1497.2,0.0,0.0,104.36,312.35,281.75,73.76,0.17509722222222224,1559.0703333333333,2.3043478260869565,386.6,2026-02-13 17:11:43-08:00,312.35,249.75000000000003,41.76,0.48,0.48,True
316.06,2.0,8.0,2026-02-14 01:16:53,37.07919,-121.59654,276.0,5.1,155.7,-12.6,0.0,0.0,0.0,0.0,0.0,10.7,-1.5,135.1,0.0,126.0,0.1,-0.03,0.9,0.0,1.0,0.0,30.11,346.0,0.0,0.0,326.0,0.0,0.0,0.0,0.0,0.0,0.0,0.0,0.0,0.0,0.0,0.0,0.0,9.0,0.0,0.0,-11.0,0.0,0.0,0.0,0.0,1.0,0.0,0.0,1200.0,71.0,1364.0,1364.0,14.2,2.3,0.0,2.3,26.2,0.0,0.0,35.7,0.0,0.0,5.9,1.5,0.6,-17.0,0.0,0.0,26.2,-7.0,0.0,0.0,0.0,0.664,0.792,71.1,0.0,0.0,0.0,,0.0,1364.0,62.6,104.0,0.0,0.0,0.0,0.0,311.0,1387.4,307.4,1407.2,314.6,1518.8,318.2,1491.8,0.0,0.0,104.54,312.8,282.2,73.94,0.17573611111111112,1567.841,2.217391304347826,386.6,2026-02-13 17:11:43-08:00,312.79999999999995,250.19999999999996,41.940000000000005,0.48,0.48,True
317.06,2.0,8.0,2026-02-14 01:16:54,37.07917,-121.59653,275.0,5.1,154.8,-12.6,0.0,0.0,0.0,0.0,0.0,10.7,-1.4,135.3,0.0,126.0,0.2,-0.02,1.1,0.0,0.0,0.0,30.11,346.0,0.0,0.0,326.0,0.0,0.0,0.0,0.0,0.0,0.0,0.0,0.0,0.0,0.0,0.0,0.0,9.0,0.0,0.0,-11.0,0.0,0.0,0.0,0.0,1.0,0.0,0.0,1200.0,71.0,1376.0,1376.0,14.2,2.3,0.0,2.3,26.2,0.0,0.0,35.7,0.0,0.0,5.6,1.5,0.6,-17.0,0.0,0.0,26.2,-7.0,0.0,0.0,0.0,0.665,0.792,71.1,0.0,0.0,0.0,,0.0,1376.0,62.6,104.0,0.0,0.0,0.0,0.0,311.0,1387.4,309.2,1407.2,314.6,1522.4,318.2,1491.8,0.0,0.0,104.72,313.25,282.65,74.12,0.176375,1576.443,2.217391304347826,386.6,2026-02-13 17:11:43-08:00,313.25,250.65,42.12,0.48,0.48,True
318.06,2.0,8.0,2026-02-14 01:16:55,37.07915,-121.59652,274.0,4.8,156.9,-12.6,0.0,0.0,0.0,0.0,0.0,10.7,-1.3,135.8,0.0,126.0,0.3,-0.02,0.8,0.0,-12.0,0.0,30.11,346.0,0.0,0.0,326.0,0.0,0.0,0.0,0.0,0.0,0.0,0.0,0.0,0.0,0.0,0.0,0.0,9.0,0.0,0.0,-12.0,0.0,0.0,0.0,0.0,1.0,0.0,0.0,1200.0,71.0,1372.0,1372.0,14.2,2.3,0.0,2.3,26.2,0.0,0.0,35.7,0.0,0.0,5.5,1.5,0.6,-17.0,0.0,0.0,26.2,-7.0,0.0,0.0,0.0,0.664,0.792,71.1,0.0,0.0,0.0,,0.0,1372.0,62.6,104.0,0.0,0.0,0.0,0.0,311.0,1387.4,309.2,1407.2,314.6,1520.6,320.0,1495.4,0.0,0.0,104.54,313.7,283.1,73.94,0.1770138888888889,1584.792,2.0869565217391304,386.6,2026-02-13 17:11:43-08:00,313.7,251.1,41.940000000000005,0.48,0.48,True
319.06,2.0,8.0,2026-02-14 01:16:56,37.07913,-121.5965,274.0,4.9,156.7,-12.6,0.0,0.0,0.0,0.0,0.0,10.7,-1.4,136.1,0.0,126.0,0.4,-0.03,1.0,0.0,18.0,0.0,30.11,346.0,0.0,0.0,326.0,0.0,0.0,0.0,0.0,0.0,0.0,0.0,0.0,0.0,0.0,0.0,0.0,9.0,0.0,0.0,-12.0,0.0,0.0,0.0,0.0,1.0,0.0,0.0,1200.0,72.0,1390.0,1390.0,14.2,2.3,0.0,2.3,26.3,0.0,0.0,35.7,0.0,0.0,5.6,1.5,0.6,-17.0,0.0,0.0,26.3,-7.0,0.0,0.0,0.0,0.66,0.792,71.6,0.0,0.0,0.0,,0.0,1390.0,62.6,104.0,0.0,0.0,0.0,0.0,312.8,1387.4,311.0,1409.0,316.4,1522.4,320.0,1495.4,0.0,0.0,104.54,315.05,284.45,73.94,0.17765277777777777,1592.9723333333332,2.130434782608696,386.6,2026-02-13 17:11:43-08:00,315.05,252.45000000000002,41.940000000000005,0.48,0.48,True
320.06,2.0,8.0,2026-02-14 01:16:57,37.07911,-121.5965,274.0,4.7,157.0,-12.6,0.0,0.0,0.0,0.0,0.0,10.7,-1.5,136.5,0.0,126.0,0.4,-0.02,1.1,0.0,15.0,0.0,30.11,346.0,0.0,0.0,326.0,0.0,0.0,0.0,0.0,0.0,0.0,0.0,0.0,0.0,0.0,0.0,0.0,9.0,0.0,0.0,-12.0,0.0,0.0,0.0,0.0,1.0,0.0,0.0,1200.0,72.0,1386.0,1386.0,14.3,2.3,0.0,2.3,26.3,0.0,0.0,35.7,0.0,0.0,5.7,1.5,0.6,-17.0,0.0,0.0,26.3,-7.0,0.0,0.0,0.0,0.658,0.791,71.5,0.0,0.0,0.0,,0.0,1386.0,62.6,104.0,0.0,0.0,0.0,0.0,312.8,1387.4,311.0,1409.0,316.4,1522.4,320.0,1499.0,0.0,0.0,104.72,315.05,284.45,74.12,0.17829166666666665,1601.0683333333332,2.0434782608695654,386.6,2026-02-13 17:11:43-08:00,315.05,252.45000000000002,42.12,0.48,0.48,True
321.06,2.0,8.0,2026-02-14 01:16:58,37.07909,-121.59649,274.0,4.7,157.0,-12.6,0.0,0.0,0.0,0.0,0.0,10.7,-1.5,136.7,0.0,126.0,0.3,-0.03,1.0,0.0,18.0,0.0,30.11,346.0,0.0,0.0,326.0,0.0,0.0,0.0,0.0,0.0,0.0,0.0,0.0,0.0,0.0,0.0,0.0,9.0,0.0,0.0,-12.0,0.0,0.0,0.0,0.0,1.0,0.0,0.0,1200.0,71.0,1372.0,1372.0,14.3,2.3,0.0,2.3,26.3,0.0,0.0,35.7,0.0,0.0,5.9,1.5,0.6,-17.0,0.0,0.0,26.3,-7.0,0.0,0.0,0.0,0.663,0.791,71.3,0.0,0.0,0.0,,0.0,1372.0,62.6,104.0,0.0,0.0,0.0,0.0,312.8,1387.4,311.0,1410.8,316.4,1524.2,320.0,1499.0,0.0,0.0,104.9,315.05,284.45,74.3,0.17893055555555556,1608.9956666666667,2.0434782608695654,386.6,2026-02-13 17:11:43-08:00,315.05,252.45000000000002,42.300000000000004,0.48,0.48,True
322.06,2.0,8.0,2026-02-14 01:16:59,37.07907,-121.59647,273.0,4.7,157.8,-12.6,0.0,0.0,0.0,0.0,0.0,10.7,-1.6,136.8,0.0,126.0,0.2,-0.03,1.1,0.0,17.0,0.0,30.11,346.0,0.0,0.0,326.0,0.0,0.0,0.0,0.0,0.0,0.0,0.0,0.0,0.0,0.0,0.0,0.0,9.0,0.0,0.0,-12.0,0.0,0.0,0.0,0.0,1.0,0.0,0.0,1200.0,71.0,1382.0,1382.0,14.3,2.3,0.0,2.3,26.3,0.0,0.0,35.7,0.0,0.0,5.7,1.5,0.6,-17.0,0.0,0.0,26.3,-7.0,0.0,0.0,0.0,0.657,0.791,71.4,0.0,0.0,0.0,,0.0,1382.0,62.6,105.8,0.0,0.0,0.0,0.0,314.6,1389.2,311.0,1409.0,316.4,1526.0,321.8,1500.8,0.0,0.0,105.08,315.95,285.35,74.48,0.17956944444444445,1616.923,2.0434782608695654,386.6,2026-02-13 17:11:43-08:00,315.95000000000005,253.35000000000005,42.48,0.48,0.48,True
323.06,2.0,8.0,2026-02-14 01:17:00,37.07905,-121.59647,274.0,4.7,158.7,-12.6,0.0,0.0,0.0,0.0,0.0,10.6,-1.6,137.1,0.0,126.0,0.2,-0.03,1.0,0.0,12.0,0.0,30.11,346.0,0.0,0.0,326.0,0.0,0.0,0.0,0.0,0.0,0.0,0.0,0.0,0.0,0.0,0.0,0.0,9.0,0.0,0.0,-12.0,0.0,0.0,0.0,0.0,1.0,0.0,0.0,1200.0,71.0,1350.0,1350.0,14.3,2.3,0.0,2.3,26.2,0.0,0.0,35.7,0.0,0.0,5.5,1.5,0.6,-17.0,0.0,0.0,26.2,-7.0,0.0,0.0,0.0,0.657,0.791,71.0,0.0,0.0,0.0,,0.0,1350.0,62.6,104.0,0.0,0.0,0.0,0.0,314.6,1389.2,312.8,1409.0,318.2,1522.4,321.8,1502.6,0.0,0.0,104.9,316.85,286.25,74.3,0.18020833333333333,1624.8503333333333,2.0434782608695654,386.6,2026-02-13 17:11:43-08:00,316.85,254.25000000000003,42.300000000000004,0.48,0.48,True
324.06,2.0,8.0,2026-02-14 01:17:01,37.07903,-121.59646,275.0,4.6,158.5,-12.6,0.0,0.0,0.0,0.0,0.0,10.5,-1.5,136.7,0.0,126.0,-0.2,-0.03,0.9,0.0,26.0,0.0,30.11,346.0,0.0,0.0,326.0,0.0,0.0,0.0,0.0,0.0,0.0,0.0,0.0,0.0,0.0,0.0,0.0,9.0,0.0,0.0,-12.0,0.0,0.0,0.0,0.0,1.0,0.0,0.0,1200.0,71.0,1375.0,1375.0,14.3,2.3,0.0,2.3,26.2,0.0,0.0,35.7,0.0,0.0,5.6,1.5,0.6,-17.0,0.0,0.0,26.2,-7.0,0.0,0.0,0.0,0.66,0.792,71.1,0.0,0.0,0.0,,0.0,1375.0,62.6,104.0,0.0,0.0,0.0,0.0,314.6,1389.2,312.8,1410.8,318.2,1518.8,321.8,1504.4,0.0,0.0,104.9,316.85,286.25,74.3,0.18084722222222221,1632.6933333333332,2.0,386.6,2026-02-13 17:11:43-08:00,316.85,254.25000000000003,42.300000000000004,0.48,0.48,True
325.06,2.0,8.0,2026-02-14 01:17:02,37.07901,-121.59644,275.0,4.7,157.4,-12.6,0.0,0.0,0.0,0.0,0.0,10.5,-1.4,135.6,0.0,126.0,-0.7,-0.02,1.1,0.0,-14.0,0.0,30.11,346.0,0.0,0.0,326.0,0.0,0.0,0.0,0.0,0.0,0.0,0.0,0.0,0.0,0.0,0.0,0.0,9.0,0.0,0.0,-12.0,0.0,0.0,0.0,0.0,1.0,0.0,0.0,1200.0,71.0,1362.0,1362.0,14.3,2.3,0.0,2.3,26.2,0.0,0.0,35.7,0.0,0.0,5.7,1.5,0.6,-17.0,0.0,0.0,26.2,-7.0,0.0,0.0,0.0,0.66,0.791,70.7,0.0,0.0,0.0,,0.0,1362.0,62.6,105.8,0.0,0.0,0.0,0.0,316.4,1389.2,312.8,1419.8,318.2,1518.8,323.6,1502.6,0.0,0.0,104.9,317.75,287.15,74.3,0.1814861111111111,1640.5363333333332,2.0434782608695654,386.6,2026-02-13 17:11:43-08:00,317.75,255.15,42.300000000000004,0.48,0.48,True
326.06,2.0,8.0,2026-02-14 01:17:03,37.07899,-121.59644,275.0,4.7,157.2,-12.6,0.0,0.0,0.0,0.0,0.0,10.6,-1.4,134.7,0.0,126.0,-0.9,-0.01,1.0,0.0,-8.0,0.0,30.11,346.0,0.0,0.0,326.0,0.0,0.0,0.0,0.0,0.0,0.0,0.0,0.0,0.0,0.0,0.0,0.0,9.0,0.0,0.0,-12.0,0.0,0.0,0.0,0.0,1.0,0.0,0.0,1200.0,71.0,1384.0,1384.0,14.5,2.3,0.0,2.3,26.2,0.0,0.0,35.7,0.0,0.0,5.8,1.5,0.6,-17.0,0.0,0.0,26.2,-7.0,0.0,0.0,0.0,0.658,0.791,71.1,0.0,0.0,0.0,,0.0,1384.0,62.6,105.8,0.0,0.0,0.0,0.0,316.4,1387.4,314.6,1421.6,318.2,1520.6,323.6,1493.6,0.0,0.0,105.08,318.2,287.6,74.48,0.182125,1648.4636666666665,2.0434782608695654,386.6,2026-02-13 17:11:43-08:00,318.2,255.6,42.48,0.48,0.48,True
327.06,2.0,8.0,2026-02-14 01:17:04,37.07897,-121.59643,275.0,4.8,155.6,-12.6,0.0,0.0,0.0,0.0,0.0,10.7,-1.5,133.8,0.0,126.0,-1.0,-0.02,0.9,0.0,26.0,0.0,30.11,346.0,0.0,0.0,326.0,0.0,0.0,0.0,0.0,0.0,0.0,0.0,0.0,0.0,0.0,0.0,0.0,9.0,0.0,0.0,-12.0,0.0,0.0,0.0,0.0,1.0,0.0,0.0,1200.0,72.0,1405.0,1405.0,14.4,2.3,0.0,2.3,26.2,0.0,0.0,35.7,0.0,0.0,5.7,1.5,0.6,-17.0,0.0,0.0,26.2,-7.0,0.0,0.0,0.0,0.662,0.793,71.9,0.0,0.0,0.0,,0.0,1405.0,62.6,105.8,0.0,0.0,0.0,0.0,316.4,1385.6,314.6,1418.0,320.0,1515.2,323.6,1491.8,0.0,0.0,105.44,318.65,288.05,74.84,0.1827638888888889,1656.4753333333333,2.0869565217391304,386.6,2026-02-13 17:11:43-08:00,318.65,256.04999999999995,42.839999999999996,0.48,0.48,True
328.06,2.0,8.0,2026-02-14 01:17:05,37.07895,-121.59641,276.0,5.1,154.3,-12.6,0.0,0.0,0.0,0.0,0.0,10.6,-1.3,133.3,0.0,126.0,-0.7,-0.02,1.1,0.0,25.0,0.0,30.11,346.0,0.0,0.0,326.0,0.0,0.0,0.0,0.0,0.0,0.0,0.0,0.0,0.0,0.0,0.0,0.0,9.0,0.0,0.0,-12.0,0.0,0.0,0.0,0.0,1.0,0.0,0.0,1200.0,72.0,1418.0,1418.0,14.7,2.3,0.0,2.3,26.2,0.0,0.0,35.7,0.0,0.0,5.5,1.5,0.6,-17.0,0.0,0.0,26.2,-7.0,0.0,0.0,0.0,0.663,0.792,71.9,0.0,0.0,0.0,,0.0,1418.0,62.6,105.8,0.0,0.0,0.0,0.0,318.2,1387.4,314.6,1416.2,320.0,1506.2,323.6,1491.8,0.0,0.0,105.26,319.1,288.5,74.66,0.18340277777777778,1664.8243333333332,2.217391304347826,386.6,2026-02-13 17:11:43-08:00,319.1,256.5,42.660000000000004,0.48,0.48,True
329.06,2.0,8.0,2026-02-14 01:17:06,37.07893,-121.5964,275.0,5.3,152.6,-12.6,0.0,0.0,0.0,0.0,0.0,10.6,-1.3,134.3,0.0,126.0,0.2,-0.03,0.8,0.0,-4.0,0.0,30.11,346.0,0.0,0.0,326.0,0.0,0.0,0.0,0.0,0.0,0.0,0.0,0.0,0.0,0.0,0.0,0.0,9.0,0.0,0.0,-12.0,0.0,0.0,0.0,0.0,1.0,0.0,0.0,1200.0,73.0,1447.0,1447.0,15.0,2.3,0.0,2.3,26.2,0.0,0.0,35.7,0.0,0.0,5.5,1.5,0.6,-17.0,0.0,0.0,26.2,-7.0,0.0,0.0,0.0,0.659,0.791,72.7,0.0,0.0,0.0,,0.0,1447.0,62.6,105.8,0.0,0.0,0.0,0.0,318.2,1387.4,314.6,1418.0,320.0,1508.0,325.4,1497.2,0.0,0.0,105.26,319.55,288.95,74.66,0.18404166666666666,1673.595,2.3043478260869565,386.6,2026-02-13 17:11:43-08:00,319.55,256.95,42.660000000000004,0.48,0.48,True
330.06,2.0,8.0,2026-02-14 01:17:07,37.07891,-121.59638,275.0,5.4,155.4,-12.6,0.0,0.0,0.0,0.0,0.0,10.7,-1.2,135.4,0.0,126.0,0.8,-0.02,1.0,0.0,31.0,0.0,30.11,346.0,0.0,0.0,326.0,0.0,0.0,0.0,0.0,0.0,0.0,0.0,0.0,0.0,0.0,0.0,0.0,9.0,0.0,0.0,-13.0,0.0,0.0,0.0,0.0,1.0,0.0,0.0,1200.0,73.0,1449.0,1449.0,15.2,2.4,0.0,2.4,26.2,0.0,0.0,35.7,0.0,0.0,5.8,1.5,0.6,-17.0,0.0,0.0,26.2,-7.0,0.0,0.0,0.0,0.658,0.791,73.0,0.0,0.0,0.0,,0.0,1449.0,62.6,105.8,0.0,0.0,0.0,0.0,318.2,1392.8,316.4,1423.4,321.8,1515.2,325.4,1500.8,0.0,0.0,105.44,320.45,289.85,74.84,0.18469444444444444,1682.6186666666665,2.2500000000000004,386.6,2026-02-13 17:11:43-08:00,320.45,257.84999999999997,42.839999999999996,0.48,0.48,True
331.06,2.0,8.0,2026-02-14 01:17:08,37.07888,-121.59637,275.0,5.6,156.1,-12.6,0.0,0.0,0.0,0.0,0.0,10.7,-1.0,136.2,0.0,126.0,0.9,-0.02,1.1,0.0,18.0,0.0,30.11,346.0,0.0,0.0,326.0,0.0,0.0,0.0,0.0,0.0,0.0,0.0,0.0,0.0,0.0,0.0,0.0,9.0,0.0,0.0,-12.0,0.0,0.0,0.0,0.0,1.0,0.0,0.0,1200.0,72.0,1401.0,1401.0,15.3,2.4,0.0,2.4,26.2,0.0,0.0,35.7,0.0,0.0,6.8,1.5,0.6,-17.0,0.0,0.0,26.2,-7.0,0.0,0.0,0.0,0.662,0.791,72.1,0.0,0.0,0.0,,0.0,1401.0,62.6,105.8,0.0,0.0,0.0,0.0,318.2,1398.2,316.4,1423.4,321.8,1520.6,325.4,1502.6,0.0,0.0,105.62,320.45,289.85,75.02,0.18536111111111112,1691.8953333333332,2.3333333333333335,386.6,2026-02-13 17:11:43-08:00,320.45,257.84999999999997,43.02,0.48,0.48,True
332.06,2.0,8.0,2026-02-14 01:17:09,37.07886,-121.59636,275.0,5.7,156.9,-12.6,0.0,0.0,0.0,0.0,0.0,10.7,-1.3,136.7,0.0,126.0,0.7,-0.02,1.0,0.0,-25.0,0.0,30.11,346.0,0.0,0.0,326.0,0.0,0.0,0.0,0.0,0.0,0.0,0.0,0.0,0.0,0.0,0.0,0.0,9.0,0.0,0.0,-12.0,0.0,0.0,0.0,0.0,1.0,0.0,0.0,1200.0,72.0,1417.0,1417.0,15.2,2.4,0.0,2.4,26.2,0.0,0.0,35.7,0.0,0.0,7.2,1.5,0.6,-17.0,0.0,0.0,26.2,-7.0,0.0,0.0,0.0,0.662,0.792,72.2,0.0,0.0,0.0,,0.0,1417.0,62.6,105.8,0.0,0.0,0.0,0.0,320.0,1401.8,318.2,1421.6,321.8,1513.4,327.2,1502.6,0.0,0.0,105.98,321.8,291.2,75.38,0.1860277777777778,1701.425,2.375,386.6,2026-02-13 17:11:43-08:00,321.8,259.2,43.38,0.48,0.48,True
333.06,2.0,8.0,2026-02-14 01:17:10,37.07884,-121.59634,275.0,5.7,158.3,-12.6,0.0,0.0,0.0,0.0,0.0,10.7,-1.1,136.8,0.0,126.0,0.4,-0.02,0.9,0.0,-43.0,0.0,30.11,346.0,0.0,0.0,326.0,0.0,0.0,0.0,0.0,0.0,0.0,0.0,0.0,0.0,0.0,0.0,0.0,9.0,0.0,0.0,-12.0,0.0,0.0,0.0,0.0,1.0,0.0,0.0,1200.0,72.0,1425.0,1425.0,15.0,2.4,0.0,2.4,26.2,0.0,0.0,35.7,0.0,0.0,7.2,1.5,0.6,-17.0,0.0,0.0,26.2,-7.0,0.0,0.0,0.0,0.662,0.792,72.5,0.0,0.0,0.0,,0.0,1425.0,62.6,105.8,0.0,0.0,0.0,0.0,320.0,1401.8,318.2,1423.4,323.6,1515.2,327.2,1493.6,0.0,0.0,105.8,322.25,291.65,75.2,0.18669444444444444,1711.039,2.375,386.6,2026-02-13 17:11:43-08:00,322.25,259.65,43.199999999999996,0.48,0.48,True
334.06,2.0,8.0,2026-02-14 01:17:11,37.07881,-121.59634,277.0,5.7,157.7,-12.6,0.0,0.0,0.0,0.0,0.0,10.7,-1.0,136.0,0.0,126.0,-0.3,-0.02,0.8,0.0,-29.0,0.0,30.11,346.0,0.0,0.0,326.0,0.0,0.0,0.0,0.0,0.0,0.0,0.0,0.0,0.0,0.0,0.0,0.0,9.0,0.0,0.0,-13.0,0.0,0.0,0.0,0.0,1.0,0.0,0.0,1200.0,72.0,1436.0,1436.0,15.0,2.4,0.0,2.4,26.2,0.0,0.0,35.7,0.0,0.0,7.4,1.5,0.6,-17.0,0.0,0.0,26.2,-7.0,0.0,0.0,0.0,0.659,0.792,72.4,0.0,0.0,0.0,,0.0,1436.0,62.6,105.8,0.0,0.0,0.0,0.0,320.0,1401.8,318.2,1432.4,323.6,1520.6,327.2,1493.6,0.0,0.0,105.8,322.25,291.65,75.2,0.18736111111111112,1720.653,2.375,386.6,2026-02-13 17:11:43-08:00,322.25,259.65,43.199999999999996,0.48,0.48,True
335.06,2.0,8.0,2026-02-14 01:17:12,37.07879,-121.59633,278.0,5.9,157.3,-12.6,0.0,0.0,0.0,0.0,0.0,10.7,-1.0,134.9,0.0,126.0,-0.8,-0.01,0.9,0.0,-16.0,0.0,30.11,346.0,0.0,0.0,326.0,0.0,0.0,0.0,0.0,0.0,0.0,0.0,0.0,0.0,0.0,0.0,0.0,9.0,0.0,0.0,-14.0,0.0,0.0,0.0,0.0,1.0,0.0,0.0,1200.0,73.0,1441.0,1441.0,14.9,2.4,0.0,2.4,26.2,0.0,0.0,35.7,0.0,0.0,7.6,1.5,0.6,-17.0,0.0,0.0,26.2,-7.0,0.0,0.0,0.0,0.658,0.792,72.8,0.0,0.0,0.0,,0.0,1441.0,62.6,105.8,0.0,0.0,0.0,0.0,321.8,1401.8,318.2,1432.4,323.6,1526.0,327.2,1499.0,0.0,0.0,105.8,322.7,292.1,75.2,0.18802777777777777,1730.4356666666665,2.4583333333333335,386.6,2026-02-13 17:11:43-08:00,322.7,260.09999999999997,43.199999999999996,0.48,0.48,True
336.06,2.0,8.0,2026-02-14 01:17:13,37.07876,-121.59631,278.0,6.1,156.0,-12.6,0.0,0.0,0.0,0.0,0.0,10.7,-1.1,133.9,0.0,126.0,-1.0,-0.01,0.9,0.0,-29.0,0.0,30.11,346.0,0.0,0.0,326.0,0.0,0.0,0.0,0.0,0.0,0.0,0.0,0.0,0.0,0.0,0.0,0.0,9.0,0.0,0.0,-14.0,0.0,0.0,0.0,0.0,1.0,0.0,0.0,1200.0,73.0,1439.0,1439.0,14.9,2.4,0.0,2.4,26.2,0.0,0.0,35.7,0.0,0.0,7.8,1.5,0.6,-17.0,0.0,0.0,26.2,-7.0,0.0,0.0,0.0,0.663,0.792,72.6,0.0,0.0,0.0,,0.0,1439.0,62.6,105.8,0.0,0.0,0.0,0.0,321.8,1401.8,320.0,1434.2,323.6,1531.4,329.0,1504.4,0.0,0.0,105.8,323.6,293.0,75.2,0.18869444444444444,1740.5556666666666,2.5416666666666665,386.6,2026-02-13 17:11:43-08:00,323.6,261.0,43.199999999999996,0.48,0.48,True
337.06,2.0,8.0,2026-02-14 01:17:14,37.07874,-121.5963,278.0,6.2,154.9,-12.6,0.0,0.0,0.0,0.0,0.0,10.6,-1.2,133.2,0.0,126.0,-0.9,-0.02,0.7,0.0,-20.0,0.0,30.11,346.0,0.0,0.0,326.0,0.0,0.0,0.0,0.0,0.0,0.0,0.0,0.0,0.0,0.0,0.0,0.0,9.0,0.0,0.0,-14.0,0.0,0.0,0.0,0.0,1.0,0.0,0.0,1200.0,73.0,1443.0,1443.0,14.8,2.4,0.0,2.4,26.2,0.0,0.0,35.7,0.0,0.0,7.8,1.5,0.6,-17.0,0.0,0.0,26.2,-7.0,0.0,0.0,0.0,0.663,0.791,72.9,0.0,0.0,0.0,,0.0,1443.0,62.6,105.8,0.0,0.0,0.0,0.0,321.8,1401.8,320.0,1434.2,325.4,1535.0,329.0,1506.2,0.0,0.0,106.16,324.05,293.45,75.56,0.18936111111111112,1750.9286666666667,2.5833333333333335,386.6,2026-02-13 17:11:43-08:00,324.05,261.45,43.559999999999995,0.48,0.48,True
338.06,2.0,8.0,2026-02-14 01:17:15,37.07871,-121.59628,278.0,6.4,152.6,-12.6,0.0,0.0,0.0,0.0,0.0,10.5,-1.4,133.4,0.0,126.0,-0.4,-0.02,1.0,0.0,-23.0,0.0,30.11,346.0,0.0,0.0,326.0,0.0,0.0,0.0,0.0,0.0,0.0,0.0,0.0,0.0,0.0,0.0,0.0,8.0,0.0,0.0,-15.0,0.0,0.0,0.0,0.0,1.0,0.0,0.0,1200.0,73.0,1450.0,1450.0,14.9,2.4,0.0,2.4,26.2,0.0,0.0,35.7,0.0,0.0,7.5,1.5,0.6,-17.0,0.0,0.0,26.2,-7.0,0.0,0.0,0.0,0.658,0.792,72.8,0.0,0.0,0.0,,0.0,1450.0,62.6,105.8,0.0,0.0,0.0,0.0,323.6,1403.6,320.0,1434.2,325.4,1527.8,329.0,1509.8,0.0,0.0,106.16,324.5,293.9,75.56,0.19002777777777777,1761.5546666666667,2.666666666666667,386.6,2026-02-13 17:11:43-08:00,324.5,261.9,43.559999999999995,0.48,0.48,True
339.06,2.0,8.0,2026-02-14 01:17:16,37.07868,-121.59627,278.0,6.6,153.9,-12.6,0.0,0.0,0.0,0.0,0.0,10.5,-1.5,134.3,0.0,126.0,0.5,-0.03,1.3,0.0,4.0,0.0,30.11,346.0,0.0,0.0,326.0,0.0,0.0,0.0,0.0,0.0,0.0,0.0,0.0,0.0,0.0,0.0,0.0,8.0,0.0,0.0,-15.0,0.0,0.0,0.0,0.0,1.0,0.0,0.0,1200.0,73.0,1445.0,1445.0,14.9,2.4,0.0,2.4,26.2,0.0,0.0,35.7,0.0,0.0,7.5,1.5,0.6,-17.0,0.0,0.0,26.2,-7.0,0.0,0.0,0.0,0.658,0.791,72.8,0.0,0.0,0.0,,0.0,1445.0,62.6,105.8,0.0,0.0,0.0,0.0,323.6,1407.2,321.8,1434.2,325.4,1529.6,329.0,1511.6,0.0,0.0,105.98,324.95,294.35,75.38,0.19069444444444444,1772.518,2.75,386.6,2026-02-13 17:11:43-08:00,324.95000000000005,262.35,43.38,0.48,0.48,True
340.06,2.0,8.0,2026-02-14 01:17:17,37.07866,-121.59624,279.0,6.7,155.5,-12.6,0.0,0.0,0.0,0.0,0.0,10.6,-1.5,135.2,0.0,126.0,0.7,-0.03,0.9,0.0,1.0,0.0,30.11,346.0,0.0,0.0,326.0,0.0,0.0,0.0,0.0,0.0,0.0,0.0,0.0,0.0,0.0,0.0,0.0,8.0,0.0,0.0,-15.0,0.0,0.0,0.0,0.0,1.0,0.0,0.0,1200.0,72.0,1380.0,1380.0,15.0,2.4,0.0,2.4,26.2,0.0,0.0,35.7,0.0,0.0,7.7,1.5,0.6,-17.0,0.0,0.0,26.2,-7.0,0.0,0.0,0.0,0.657,0.793,71.8,0.0,0.0,0.0,,0.0,1380.0,62.6,105.8,0.0,0.0,0.0,0.0,323.6,1403.6,321.8,1434.2,325.4,1533.2,330.8,1513.4,0.0,0.0,106.16,325.4,294.8,75.56,0.19136111111111112,1783.7343333333333,2.791666666666667,386.6,2026-02-13 17:11:43-08:00,325.4,262.79999999999995,43.559999999999995,0.48,0.48,True
341.06,2.0,8.0,2026-02-14 01:17:18,37.07863,-121.59623,278.0,6.5,155.4,-12.6,0.0,0.0,0.0,0.0,0.0,10.5,-1.5,136.1,0.0,126.0,0.8,-0.03,0.7,0.0,-8.0,0.0,30.11,346.0,0.0,0.0,326.0,0.0,0.0,0.0,0.0,0.0,0.0,0.0,0.0,0.0,0.0,0.0,0.0,7.0,0.0,0.0,1.0,0.0,0.0,0.0,0.0,1.0,0.0,0.0,1200.0,72.0,1436.0,1436.0,15.1,2.4,0.0,2.4,26.2,0.0,0.0,35.7,0.0,0.0,7.8,1.5,0.6,-17.0,0.0,0.0,26.2,-7.0,0.0,0.0,0.0,0.658,0.793,72.0,0.0,0.0,0.0,,0.0,1436.0,62.6,105.8,0.0,0.0,0.0,0.0,325.4,1396.4,321.8,1434.2,327.2,1531.4,330.8,1513.4,0.0,0.0,106.16,326.3,295.7,75.56,0.19202777777777777,1794.8663333333332,2.7083333333333335,386.6,2026-02-13 17:11:43-08:00,326.29999999999995,263.69999999999993,43.559999999999995,0.48,0.48,True
342.06,2.0,8.0,2026-02-14 01:17:19,37.0786,-121.59621,278.0,6.7,157.4,-12.6,0.0,0.0,0.0,0.0,0.0,10.8,-1.4,136.5,0.0,126.0,0.7,-0.03,1.5,0.0,-2.0,0.0,30.11,346.0,0.0,0.0,326.0,0.0,0.0,0.0,0.0,0.0,0.0,0.0,0.0,0.0,0.0,0.0,0.0,7.0,0.0,0.0,-2.0,0.0,0.0,0.0,0.0,1.0,0.0,0.0,1200.0,72.0,1426.0,1426.0,15.0,2.4,0.0,2.4,26.2,0.0,0.0,35.7,0.0,0.0,7.9,1.5,0.6,-17.0,0.0,0.0,26.2,-7.0,0.0,0.0,0.0,0.656,0.792,72.3,0.0,0.0,0.0,,0.0,1426.0,62.6,105.8,0.0,0.0,0.0,0.0,325.4,1398.2,323.6,1432.4,327.2,1524.2,330.8,1515.2,0.0,0.0,106.52,326.75,296.15,75.92,0.19269444444444445,1805.9983333333332,2.791666666666667,386.6,2026-02-13 17:11:43-08:00,326.75,264.15,43.919999999999995,0.48,0.48,True
343.06,2.0,8.0,2026-02-14 01:17:20,37.07857,-121.5962,278.0,6.6,156.9,-12.6,0.0,0.0,0.0,0.0,0.0,10.8,-1.2,135.7,0.0,126.0,-0.2,-0.01,1.0,0.0,24.0,0.0,30.11,346.0,0.0,0.0,326.0,0.0,0.0,0.0,0.0,0.0,0.0,0.0,0.0,0.0,0.0,0.0,0.0,7.0,0.0,0.0,-2.0,0.0,0.0,0.0,0.0,1.0,0.0,0.0,1200.0,72.0,1433.0,1433.0,15.0,2.5,0.0,2.5,26.2,0.0,0.0,35.7,0.0,0.0,7.6,1.5,0.6,-17.0,0.0,0.0,26.2,-7.0,0.0,0.0,0.0,0.656,0.792,72.4,0.0,0.0,0.0,,0.0,1433.0,62.6,105.8,0.0,0.0,0.0,0.0,325.4,1398.2,323.6,1432.4,327.2,1524.2,332.6,1517.0,0.0,0.0,106.52,327.2,296.6,75.92,0.193375,1817.2146666666665,2.6399999999999997,386.6,2026-02-13 17:11:43-08:00,327.2,264.59999999999997,43.919999999999995,0.48,0.48,True
344.06,2.0,8.0,2026-02-14 01:17:21,37.07854,-121.59619,278.0,6.5,154.8,-12.6,0.0,0.0,0.0,0.0,0.0,10.8,-0.9,137.9,0.0,126.0,1.1,-0.03,0.6,0.0,-7.0,0.0,30.11,346.0,0.0,0.0,326.0,0.0,0.0,0.0,0.0,0.0,0.0,0.0,0.0,0.0,0.0,0.0,0.0,7.0,0.0,0.0,-1.0,0.0,0.0,0.0,0.0,1.0,0.0,0.0,1200.0,72.0,1417.0,1417.0,14.9,2.4,0.0,2.4,26.2,0.0,0.0,35.7,0.0,0.0,7.6,1.5,0.6,-17.0,0.0,0.0,26.2,-7.0,0.0,0.0,0.0,0.656,0.792,72.2,0.0,0.0,0.0,,0.0,1417.0,62.6,105.8,0.0,0.0,0.0,0.0,325.4,1398.2,323.6,1437.8,327.2,1524.2,332.6,1515.2,0.0,0.0,106.34,327.2,296.6,75.74,0.19405555555555556,1828.2623333333333,2.7083333333333335,386.6,2026-02-13 17:11:43-08:00,327.2,264.59999999999997,43.74,0.48,0.48,True
345.06,2.0,8.0,2026-02-14 01:17:22,37.07852,-121.59618,278.0,6.5,159.5,-12.6,0.0,0.0,0.0,0.0,0.0,11.0,-0.8,139.0,0.0,126.0,1.4,-0.03,1.1,0.0,17.0,0.0,30.11,346.0,0.0,0.0,326.0,0.0,0.0,0.0,0.0,0.0,0.0,0.0,0.0,0.0,0.0,0.0,0.0,7.0,0.0,0.0,-2.0,0.0,0.0,0.0,0.0,1.0,0.0,0.0,1200.0,72.0,1421.0,1421.0,14.8,2.4,0.0,2.4,26.2,0.0,0.0,35.7,0.0,0.0,7.7,1.5,0.6,-17.0,0.0,0.0,26.2,-7.0,0.0,0.0,0.0,0.654,0.792,72.3,0.0,0.0,0.0,,0.0,1421.0,62.6,105.8,0.0,0.0,0.0,0.0,327.2,1392.8,323.6,1437.8,329.0,1524.2,332.6,1513.4,0.0,0.0,106.34,328.1,297.5,75.74,0.1947222222222222,1839.2256666666665,2.7083333333333335,386.6,2026-02-13 17:11:43-08:00,328.1,265.5,43.74,0.48,0.48,True
346.06,2.0,8.0,2026-02-14 01:17:23,37.07849,-121.59616,278.0,6.6,161.2,-12.6,0.0,0.0,0.0,0.0,0.0,10.9,-1.1,138.9,0.0,126.0,0.6,-0.03,1.2,0.0,15.0,0.0,30.11,346.0,0.0,0.0,326.0,0.0,0.0,0.0,0.0,0.0,0.0,0.0,0.0,0.0,0.0,0.0,0.0,8.0,0.0,0.0,-3.0,0.0,0.0,0.0,0.0,1.0,0.0,0.0,1200.0,72.0,1420.0,1420.0,14.7,2.4,0.0,2.4,26.2,0.0,0.0,35.7,0.0,0.0,7.9,1.5,0.6,-17.0,0.0,0.0,26.2,-7.0,0.0,0.0,0.0,0.654,0.792,72.1,0.0,0.0,0.0,,0.0,1420.0,62.6,105.8,0.0,0.0,0.0,0.0,327.2,1392.8,325.4,1436.0,329.0,1520.6,332.6,1506.2,0.0,0.0,106.52,328.55,297.95,75.92,0.1953888888888889,1850.2733333333333,2.75,386.6,2026-02-13 17:11:43-08:00,328.55,265.95,43.919999999999995,0.48,0.48,True
347.06,2.0,8.0,2026-02-14 01:17:24,37.07846,-121.59615,278.0,6.6,160.2,-12.6,0.0,0.0,0.0,0.0,0.0,11.0,-1.1,137.5,0.0,126.0,-0.6,-0.01,0.9,0.0,12.0,0.0,30.11,346.0,0.0,0.0,326.0,0.0,0.0,0.0,0.0,0.0,0.0,0.0,0.0,0.0,0.0,0.0,0.0,8.0,0.0,0.0,-4.0,0.0,0.0,0.0,0.0,1.0,0.0,0.0,1200.0,72.0,1441.0,1441.0,14.8,2.4,0.0,2.4,26.2,0.0,0.0,35.7,0.0,0.0,7.9,1.5,0.6,-17.0,0.0,0.0,26.2,-7.0,0.0,0.0,0.0,0.657,0.792,72.4,0.0,0.0,0.0,,0.0,1441.0,62.6,107.6,0.0,0.0,0.0,0.0,327.2,1392.8,325.4,1434.2,329.0,1509.8,334.4,1506.2,0.0,0.0,106.88,329.0,298.4,76.28,0.19605555555555557,1861.4053333333331,2.75,386.6,2026-02-13 17:11:43-08:00,329.0,266.4,44.279999999999994,0.48,0.48,True
348.06,2.0,8.0,2026-02-14 01:17:25,37.07843,-121.59614,278.0,6.7,158.2,-12.6,0.0,0.0,0.0,0.0,0.0,10.7,-1.1,136.2,0.0,126.0,-1.1,-0.01,0.7,0.0,5.0,0.0,30.11,346.0,0.0,0.0,326.0,0.0,0.0,0.0,0.0,0.0,0.0,0.0,0.0,0.0,0.0,0.0,0.0,8.0,0.0,0.0,-4.0,0.0,0.0,0.0,0.0,1.0,0.0,0.0,1200.0,72.0,1432.0,1432.0,14.7,2.4,0.0,2.4,26.2,0.0,0.0,35.7,0.0,0.0,7.6,1.5,0.6,-17.0,0.0,0.0,26.2,-7.0,0.0,0.0,0.0,0.656,0.793,72.3,0.0,0.0,0.0,,0.0,1432.0,62.6,107.6,0.0,0.0,0.0,0.0,329.0,1394.6,325.4,1434.2,330.8,1515.2,334.4,1506.2,0.0,0.0,106.88,329.9,299.3,76.28,0.19672222222222221,1872.6216666666667,2.791666666666667,386.6,2026-02-13 17:11:43-08:00,329.9,267.29999999999995,44.279999999999994,0.48,0.48,True
349.06,2.0,8.0,2026-02-14 01:17:26,37.0784,-121.59612,278.0,7.0,157.2,-12.6,0.0,0.0,0.0,0.0,0.0,10.9,-1.3,135.3,0.0,126.0,-1.1,-0.01,1.5,0.0,23.0,0.0,30.11,346.0,0.0,0.0,326.0,0.0,0.0,0.0,0.0,0.0,0.0,0.0,0.0,0.0,0.0,0.0,0.0,8.0,0.0,0.0,-5.0,0.0,0.0,0.0,0.0,1.0,0.0,0.0,1200.0,72.0,1438.0,1438.0,14.6,2.4,0.0,2.4,26.2,0.0,0.0,35.7,0.0,0.0,7.6,1.5,0.6,-17.0,0.0,0.0,26.2,-7.0,0.0,0.0,0.0,0.657,0.793,72.4,0.0,0.0,0.0,,0.0,1438.0,62.6,107.6,0.0,0.0,0.0,0.0,329.0,1394.6,325.4,1434.2,330.8,1518.8,334.4,1506.2,0.0,0.0,106.7,329.9,299.3,76.1,0.1973888888888889,1884.1753333333331,2.916666666666667,386.6,2026-02-13 17:11:43-08:00,329.9,267.29999999999995,44.1,0.48,0.48,True
350.06,2.0,8.0,2026-02-14 01:17:27,37.07837,-121.59611,278.0,6.9,156.7,-12.6,0.0,0.0,0.0,0.0,0.0,10.6,-1.1,134.4,0.0,126.0,-1.0,-0.02,0.5,0.0,-19.0,0.0,30.11,346.0,0.0,0.0,326.0,0.0,0.0,0.0,0.0,0.0,0.0,0.0,0.0,0.0,0.0,0.0,0.0,8.0,0.0,0.0,-1.0,0.0,0.0,0.0,0.0,1.0,0.0,0.0,1200.0,72.0,1442.0,1442.0,14.6,2.4,0.0,2.4,26.2,0.0,0.0,35.7,0.0,0.0,7.7,1.5,0.6,-17.0,0.0,0.0,26.2,-7.0,0.0,0.0,0.0,0.66,0.793,72.3,0.0,0.0,0.0,,0.0,1442.0,62.6,107.6,0.0,0.0,0.0,0.0,329.0,1396.4,327.2,1432.4,330.8,1520.6,334.4,1508.0,0.0,0.0,106.88,330.35,299.75,76.28,0.19805555555555557,1895.8976666666665,2.8750000000000004,386.6,2026-02-13 17:11:43-08:00,330.35,267.75,44.279999999999994,0.48,0.48,True
351.06,2.0,8.0,2026-02-14 01:17:28,37.07834,-121.59608,278.0,7.1,157.2,-12.6,0.0,0.0,0.0,0.0,0.0,11.1,-1.0,132.0,0.0,126.0,-1.8,0.0,1.5,0.0,-11.0,0.0,30.11,346.0,0.0,0.0,326.0,0.0,0.0,0.0,0.0,0.0,0.0,0.0,0.0,0.0,0.0,0.0,0.0,8.0,0.0,0.0,0.0,0.0,0.0,0.0,0.0,1.0,0.0,0.0,1200.0,72.0,1420.0,1420.0,14.6,2.4,0.0,2.4,26.2,0.0,0.0,35.7,0.0,0.0,7.8,1.5,0.6,-17.0,0.0,0.0,26.2,-7.0,0.0,0.0,0.0,0.657,0.793,71.9,0.0,0.0,0.0,,0.0,1420.0,62.6,107.6,0.0,0.0,0.0,0.0,329.0,1398.2,327.2,1430.6,330.8,1518.8,334.4,1499.0,0.0,0.0,106.88,330.35,299.75,76.28,0.19872222222222222,1907.7043333333331,2.9583333333333335,386.6,2026-02-13 17:11:43-08:00,330.35,267.75,44.279999999999994,0.48,0.48,True
352.06,2.0,8.0,2026-02-14 01:17:29,37.07831,-121.59607,278.0,7.1,150.6,-12.6,0.0,0.0,0.0,0.0,0.0,10.6,-0.6,132.6,0.0,126.0,-0.8,-0.01,0.5,0.0,2.0,0.0,30.11,346.0,0.0,0.0,326.0,0.0,0.0,0.0,0.0,0.0,0.0,0.0,0.0,0.0,0.0,0.0,0.0,8.0,0.0,0.0,-2.0,0.0,0.0,0.0,0.0,1.0,0.0,0.0,1200.0,72.0,1409.0,1409.0,14.5,2.4,0.0,2.4,26.2,0.0,0.0,35.7,0.0,0.0,7.9,1.5,0.6,-17.0,0.0,0.0,26.2,-7.0,0.0,0.0,0.0,0.66,0.793,71.6,0.0,0.0,0.0,,0.0,1409.0,62.6,107.6,0.0,0.0,0.0,0.0,330.8,1398.2,329.0,1427.0,332.6,1518.8,336.2,1499.0,0.0,0.0,107.06,332.15,301.55,76.46000000000001,0.1993888888888889,1919.6796666666667,2.9583333333333335,386.6,2026-02-13 17:11:43-08:00,332.15,269.54999999999995,44.46,0.48,0.48,True
353.06,2.0,8.0,2026-02-14 01:17:30,37.07829,-121.59605,278.0,6.4,153.9,-12.6,0.0,0.0,0.0,0.0,0.0,10.8,-0.7,132.8,0.0,126.0,-0.2,0.0,1.3,0.0,-6.0,0.0,30.11,346.0,0.0,0.0,326.0,0.0,0.0,0.0,0.0,0.0,0.0,0.0,0.0,0.0,0.0,0.0,0.0,8.0,0.0,0.0,-2.0,0.0,0.0,0.0,0.0,1.0,0.0,0.0,1200.0,72.0,1417.0,1417.0,14.4,2.4,0.0,2.4,26.1,0.0,0.0,35.7,0.0,0.0,7.6,1.5,0.6,-17.0,0.0,0.0,26.1,-7.0,0.0,0.0,0.0,0.66,0.792,71.8,0.0,0.0,0.0,,0.0,1417.0,62.6,107.6,0.0,0.0,0.0,0.0,330.8,1394.6,329.0,1423.4,332.6,1517.0,336.2,1499.0,0.0,0.0,107.24,332.15,301.55,76.64,0.20005555555555554,1931.0646666666667,2.666666666666667,386.6,2026-02-13 17:11:43-08:00,332.15,269.54999999999995,44.63999999999999,0.48,0.48,True
354.06,2.0,8.0,2026-02-14 01:17:31,37.07825,-121.59603,278.0,6.8,152.7,-12.6,0.0,0.0,0.0,0.0,0.0,10.5,-0.8,136.0,0.0,126.0,1.7,-0.04,0.7,0.0,2.0,0.0,30.11,346.0,0.0,0.0,326.0,0.0,0.0,0.0,0.0,0.0,0.0,0.0,0.0,0.0,0.0,0.0,0.0,8.0,0.0,0.0,-4.0,0.0,0.0,0.0,0.0,1.0,0.0,0.0,1200.0,71.0,1378.0,1378.0,14.4,2.4,0.0,2.4,26.1,0.0,0.0,35.7,0.0,0.0,7.6,1.5,0.6,-17.0,0.0,0.0,26.1,-7.0,0.0,0.0,0.0,0.658,0.791,70.8,0.0,0.0,0.0,,0.0,1378.0,62.6,107.6,0.0,0.0,0.0,0.0,330.8,1394.6,329.0,1425.2,332.6,1504.4,336.2,1486.4,0.0,0.0,107.06,332.15,301.55,76.46000000000001,0.20072222222222222,1942.1966666666665,2.8333333333333335,386.6,2026-02-13 17:11:43-08:00,332.15,269.54999999999995,44.46,0.48,0.48,True
355.06,2.0,8.0,2026-02-14 01:17:32,37.07823,-121.59602,278.0,6.9,157.2,-12.6,0.0,0.0,0.0,0.0,0.0,11.0,-0.9,136.7,0.0,126.0,1.4,-0.02,1.2,0.0,-25.0,0.0,30.11,346.0,0.0,0.0,326.0,0.0,0.0,0.0,0.0,0.0,0.0,0.0,0.0,0.0,0.0,0.0,0.0,8.0,0.0,0.0,-5.0,0.0,0.0,0.0,0.0,1.0,0.0,0.0,1200.0,71.0,1374.0,1374.0,14.5,2.4,0.0,2.4,26.1,0.0,0.0,35.7,0.0,0.0,7.7,1.5,0.6,-17.0,0.0,0.0,26.1,-7.0,0.0,0.0,0.0,0.657,0.792,71.1,0.0,0.0,0.0,,0.0,1374.0,62.6,107.6,0.0,0.0,0.0,0.0,330.8,1391.0,329.0,1423.4,332.6,1506.2,336.2,1488.2,0.0,0.0,107.06,332.15,301.55,76.46000000000001,0.2013888888888889,1953.7503333333332,2.8750000000000004,386.6,2026-02-13 17:11:43-08:00,332.15,269.54999999999995,44.46,0.48,0.48,True
356.06,2.0,8.0,2026-02-14 01:17:33,37.0782,-121.596,278.0,7.0,157.7,-12.6,0.0,0.0,0.0,0.0,0.0,10.9,-1.0,138.1,0.0,126.0,1.4,-0.03,1.0,0.0,19.0,0.0,30.11,346.0,0.0,0.0,326.0,0.0,0.0,0.0,0.0,0.0,0.0,0.0,0.0,0.0,0.0,0.0,0.0,8.0,0.0,0.0,2.0,0.0,0.0,0.0,0.0,1.0,0.0,0.0,1200.0,71.0,1386.0,1386.0,14.5,2.4,0.0,2.4,26.1,0.0,0.0,35.7,0.0,0.0,7.8,1.5,0.6,-17.0,0.0,0.0,26.1,-7.0,0.0,0.0,0.0,0.658,0.793,70.8,0.0,0.0,0.0,,0.0,1386.0,62.6,107.6,0.0,0.0,0.0,0.0,332.6,1389.2,330.8,1427.0,334.4,1509.8,338.0,1490.0,0.0,0.0,107.24,333.95,303.35,76.64,0.20205555555555554,1965.4726666666666,2.916666666666667,386.6,2026-02-13 17:11:43-08:00,333.95000000000005,271.35,44.63999999999999,0.48,0.48,True
357.06,2.0,8.0,2026-02-14 01:17:34,37.07817,-121.59599,278.0,6.9,162.1,-12.6,0.0,0.0,0.0,0.0,0.0,10.9,-1.3,136.4,0.0,126.0,-0.1,-0.02,0.7,0.0,-2.0,0.0,30.11,346.0,0.0,0.0,326.0,0.0,0.0,0.0,0.0,0.0,0.0,0.0,0.0,0.0,0.0,0.0,0.0,8.0,0.0,0.0,-2.0,0.0,0.0,0.0,0.0,1.0,0.0,0.0,1200.0,71.0,1385.0,1385.0,14.2,2.4,0.0,2.4,26.2,0.0,0.0,35.7,0.0,0.0,7.9,1.5,0.6,-17.0,0.0,0.0,26.2,-7.0,0.0,0.0,0.0,0.657,0.792,71.0,0.0,0.0,0.0,,0.0,1385.0,62.6,107.6,0.0,0.0,0.0,0.0,332.6,1387.4,330.8,1423.4,334.4,1506.2,338.0,1486.4,0.0,0.0,107.42,333.95,303.35,76.82,0.20272222222222222,1977.195,2.8750000000000004,386.6,2026-02-13 17:11:43-08:00,333.95000000000005,271.35,44.82,0.48,0.48,True
358.06,2.0,8.0,2026-02-14 01:17:35,37.07814,-121.59597,277.0,7.1,153.2,-12.6,0.0,0.0,0.0,0.0,0.0,11.1,-0.9,136.6,0.0,126.0,-0.4,-0.0,1.3,0.0,17.0,0.0,30.11,346.0,0.0,0.0,326.0,0.0,0.0,0.0,0.0,0.0,0.0,0.0,0.0,0.0,0.0,0.0,0.0,8.0,0.0,0.0,-2.0,0.0,0.0,0.0,0.0,1.0,0.0,0.0,1200.0,71.0,1371.0,1371.0,13.8,2.4,0.0,2.4,26.2,0.0,0.0,35.7,0.0,0.0,7.7,1.5,0.6,-17.0,0.0,0.0,26.2,-7.0,0.0,0.0,0.0,0.658,0.791,70.6,0.0,0.0,0.0,,0.0,1371.0,62.6,107.6,0.0,0.0,0.0,0.0,332.6,1382.0,330.8,1419.8,334.4,1499.0,338.0,1481.0,0.0,0.0,107.6,333.95,303.35,77.0,0.2033888888888889,1989.0016666666666,2.9583333333333335,386.6,2026-02-13 17:11:43-08:00,333.95000000000005,271.35,44.99999999999999,0.48,0.48,True
359.06,2.0,8.0,2026-02-14 01:17:36,37.07811,-121.59595,277.0,6.9,160.6,-12.6,0.0,0.0,0.0,0.0,0.0,10.8,-1.0,137.1,0.0,126.0,0.4,-0.03,0.5,0.0,-5.0,0.0,30.11,346.0,0.0,0.0,326.0,0.0,0.0,0.0,0.0,0.0,0.0,0.0,0.0,0.0,0.0,0.0,0.0,8.0,0.0,0.0,-2.0,0.0,0.0,0.0,0.0,1.0,0.0,0.0,1200.0,70.0,1347.0,1347.0,13.7,2.3,0.0,2.3,26.2,0.0,0.0,35.7,0.0,0.0,7.6,1.5,0.6,-17.0,0.0,0.0,26.2,-7.0,0.0,0.0,0.0,0.659,0.792,69.9,0.0,0.0,0.0,,0.0,1347.0,62.6,107.6,0.0,0.0,0.0,0.0,332.6,1376.6,330.8,1412.6,334.4,1493.6,339.8,1473.8,0.0,0.0,107.42,334.4,303.8,76.82,0.20404166666666668,2000.8083333333332,3.0000000000000004,386.6,2026-02-13 17:11:43-08:00,334.4,271.79999999999995,44.82,0.48,0.48,True
360.06,2.0,8.0,2026-02-14 01:17:37,37.07808,-121.59594,277.0,7.0,157.6,-12.6,0.0,0.0,0.0,0.0,0.0,11.1,-0.8,136.4,0.0,126.0,-0.3,-0.01,1.4,0.0,-31.0,0.0,30.11,346.0,0.0,0.0,326.0,0.0,0.0,0.0,0.0,0.0,0.0,0.0,0.0,0.0,0.0,0.0,0.0,8.0,0.0,0.0,-3.0,0.0,0.0,0.0,0.0,1.0,0.0,0.0,1200.0,70.0,1342.0,1342.0,13.5,2.3,0.0,2.3,26.2,0.0,0.0,35.7,0.0,0.0,7.7,1.5,0.6,-17.0,0.0,0.0,26.2,-7.0,0.0,0.0,0.0,0.664,0.792,69.8,0.0,0.0,0.0,,0.0,1342.0,62.6,107.6,0.0,0.0,0.0,0.0,334.4,1371.2,330.8,1407.2,336.2,1486.4,339.8,1468.4,0.0,0.0,107.6,335.3,304.7,77.0,0.20468055555555556,2012.5306666666665,3.0434782608695654,386.6,2026-02-13 17:11:43-08:00,335.29999999999995,272.69999999999993,44.99999999999999,0.48,0.48,True
361.06,2.0,8.0,2026-02-14 01:17:38,37.07805,-121.59592,277.0,6.8,160.5,-12.6,0.0,0.0,0.0,0.0,0.0,10.7,-1.2,133.3,0.0,126.0,-1.6,-0.04,0.5,0.0,-17.0,0.0,30.11,346.0,0.0,0.0,326.0,0.0,0.0,0.0,0.0,0.0,0.0,0.0,0.0,0.0,0.0,0.0,0.0,8.0,0.0,0.0,-3.0,0.0,0.0,0.0,0.0,1.0,0.0,0.0,1200.0,70.0,1343.0,1343.0,13.6,2.3,0.0,2.3,26.2,0.0,0.0,35.7,0.0,0.0,7.9,1.5,0.6,-17.0,0.0,0.0,26.2,-7.0,0.0,0.0,0.0,0.658,0.792,69.6,0.0,0.0,0.0,,0.0,1343.0,62.6,107.6,0.0,0.0,0.0,0.0,334.4,1367.6,332.6,1401.8,336.2,1481.0,339.8,1463.0,0.0,0.0,107.6,335.75,305.15,77.0,0.20531944444444444,2024.1686666666665,2.956521739130435,386.6,2026-02-13 17:11:43-08:00,335.75,273.15,44.99999999999999,0.48,0.48,True
362.06,2.0,8.0,2026-02-14 01:17:39,37.07802,-121.59591,277.0,6.7,146.8,-12.6,0.0,0.0,0.0,0.0,0.0,10.9,-1.3,130.0,0.0,126.0,-3.2,0.04,1.4,0.0,1.0,0.0,30.11,346.0,0.0,0.0,326.0,0.0,0.0,0.0,0.0,0.0,0.0,0.0,0.0,0.0,0.0,0.0,0.0,8.0,0.0,0.0,-3.0,0.0,0.0,0.0,0.0,1.0,0.0,0.0,1200.0,70.0,1348.0,1348.0,13.5,2.3,0.0,2.3,26.2,0.0,0.0,35.7,0.0,0.0,7.9,1.5,0.6,-17.0,0.0,0.0,26.2,-7.0,0.0,0.0,0.0,0.66,0.792,69.8,0.0,0.0,0.0,,0.0,1348.0,62.6,107.6,0.0,0.0,0.0,0.0,334.4,1364.0,332.6,1398.2,336.2,1475.6,339.8,1455.8,0.0,0.0,107.78,335.75,305.15,77.18,0.20595833333333333,2035.5536666666665,2.91304347826087,386.6,2026-02-13 17:11:43-08:00,335.75,273.15,45.18,0.48,0.48,True
363.06,2.0,8.0,2026-02-14 01:17:40,37.078,-121.59589,277.0,6.5,149.1,-12.6,0.0,0.0,0.0,0.0,0.0,10.9,-1.8,134.9,0.0,126.0,1.4,-0.05,0.9,0.0,-22.0,0.0,30.11,346.0,0.0,0.0,326.0,0.0,0.0,0.0,0.0,0.0,0.0,0.0,0.0,0.0,0.0,0.0,0.0,8.0,0.0,0.0,-4.0,0.0,0.0,0.0,0.0,1.0,0.0,0.0,1200.0,70.0,1341.0,1341.0,13.5,2.3,0.0,2.3,26.2,0.0,0.0,35.7,0.0,0.0,7.8,1.5,0.6,-17.0,0.0,0.0,26.2,-7.0,0.0,0.0,0.0,0.658,0.792,69.7,0.0,0.0,0.0,,0.0,1341.0,62.6,107.6,0.0,0.0,0.0,0.0,334.4,1358.6,332.6,1391.0,336.2,1470.2,341.6,1452.2,0.0,0.0,107.96,336.2,305.6,77.36,0.2065972222222222,2046.6856666666665,2.8260869565217392,386.6,2026-02-13 17:11:43-08:00,336.2,273.59999999999997,45.35999999999999,0.48,0.48,True
364.06,2.0,8.0,2026-02-14 01:17:41,37.07797,-121.59587,277.0,6.4,157.1,-12.6,0.0,0.0,0.0,0.0,0.0,11.1,-1.7,136.4,0.0,126.0,1.9,-0.05,0.7,0.0,41.0,0.0,30.11,346.0,0.0,0.0,326.0,0.0,0.0,0.0,0.0,0.0,0.0,0.0,0.0,0.0,0.0,0.0,0.0,8.0,0.0,0.0,-4.0,0.0,0.0,0.0,0.0,1.0,0.0,0.0,1200.0,70.0,1343.0,1343.0,13.5,2.3,0.0,2.3,26.2,0.0,0.0,35.7,0.0,0.0,7.6,1.5,0.6,-17.0,0.0,0.0,26.2,-7.0,0.0,0.0,0.0,0.659,0.791,69.6,0.0,0.0,0.0,,0.0,1343.0,62.6,107.6,0.0,0.0,0.0,0.0,334.4,1353.2,332.6,1387.4,336.2,1466.6,341.6,1450.4,0.0,0.0,107.78,336.2,305.6,77.18,0.20723611111111112,2057.5646666666667,2.7826086956521743,386.6,2026-02-13 17:11:43-08:00,336.2,273.59999999999997,45.18,0.48,0.48,True
365.06,2.0,8.0,2026-02-14 01:17:42,37.07794,-121.59586,277.0,6.6,156.4,-12.6,0.0,0.0,0.0,0.0,0.0,11.0,-1.7,136.5,0.0,126.0,0.8,-0.02,1.2,0.0,-6.0,0.0,30.11,346.0,0.0,0.0,326.0,0.0,0.0,0.0,0.0,0.0,0.0,0.0,0.0,0.0,0.0,0.0,0.0,8.0,0.0,0.0,-4.0,0.0,0.0,0.0,0.0,1.0,0.0,0.0,1200.0,69.0,1339.0,1339.0,13.5,2.3,0.0,2.3,26.2,0.0,0.0,35.7,0.0,0.0,7.7,1.5,0.6,-17.0,0.0,0.0,26.2,-7.0,0.0,0.0,0.0,0.658,0.792,69.5,0.0,0.0,0.0,,0.0,1339.0,62.6,107.6,0.0,0.0,0.0,0.0,336.2,1351.4,334.4,1382.0,338.0,1463.0,341.6,1446.8,0.0,0.0,107.96,337.55,306.95,77.36,0.207875,2068.528,2.869565217391304,386.6,2026-02-13 17:11:43-08:00,337.55,274.95,45.35999999999999,0.48,0.48,True
366.06,2.0,8.0,2026-02-14 01:17:43,37.07791,-121.59584,277.0,6.6,158.0,-12.6,0.0,0.0,0.0,0.0,0.0,11.1,-1.7,136.8,0.0,126.0,0.5,-0.02,1.2,0.0,11.0,0.0,30.11,346.0,0.0,0.0,326.0,0.0,0.0,0.0,0.0,0.0,0.0,0.0,0.0,0.0,0.0,0.0,0.0,8.0,0.0,0.0,-16.0,0.0,0.0,0.0,0.0,1.0,0.0,0.0,1200.0,69.0,1319.0,1319.0,13.4,2.3,0.0,2.3,26.2,0.0,0.0,35.7,0.0,0.0,7.8,1.5,0.6,-17.0,0.0,0.0,26.2,-7.0,0.0,0.0,0.0,0.659,0.792,69.0,0.0,0.0,0.0,,0.0,1319.0,62.6,107.6,0.0,0.0,0.0,0.0,336.2,1347.8,334.4,1376.6,338.0,1463.0,341.6,1441.4,0.0,0.0,107.96,337.55,306.95,77.36,0.2085138888888889,2079.66,2.869565217391304,386.6,2026-02-13 17:11:43-08:00,337.55,274.95,45.35999999999999,0.48,0.48,True
367.06,2.0,8.0,2026-02-14 01:17:44,37.07788,-121.59583,277.0,6.6,157.2,-12.6,0.0,0.0,0.0,0.0,0.0,10.9,-1.6,137.3,0.0,126.0,0.4,-0.03,0.6,0.0,-11.0,0.0,30.11,346.0,0.0,0.0,326.0,0.0,0.0,0.0,0.0,0.0,0.0,0.0,0.0,0.0,0.0,0.0,0.0,1.0,0.0,0.0,-78.0,0.0,0.0,0.0,0.0,1.0,0.0,0.0,1200.0,69.0,1327.0,1327.0,13.4,2.3,0.0,2.3,26.2,0.0,0.0,35.7,0.0,0.0,7.9,1.5,0.6,-17.0,0.0,0.0,26.2,-7.0,0.0,0.0,0.0,0.659,0.793,69.2,0.0,0.0,0.0,,0.0,1327.0,62.6,107.6,0.0,0.0,0.0,0.0,336.2,1344.2,334.4,1371.2,338.0,1457.6,343.4,1437.8,0.0,0.0,108.14,338.0,307.4,77.53999999999999,0.20915277777777777,2090.792,2.869565217391304,386.6,2026-02-13 17:11:43-08:00,338.0,275.4,45.54,0.48,0.48,True
368.06,2.0,8.0,2026-02-14 01:17:45,37.07786,-121.59582,277.0,6.6,158.6,-12.6,0.0,0.0,0.0,0.0,0.0,11.0,-1.5,137.7,0.0,126.0,0.5,-0.03,1.0,0.0,11.0,0.0,30.11,346.0,0.0,0.0,326.0,0.0,0.0,0.0,0.0,0.0,0.0,0.0,0.0,0.0,0.0,0.0,0.0,1.0,0.0,0.0,2.0,0.0,0.0,0.0,0.0,1.0,0.0,0.0,1200.0,69.0,1308.0,1308.0,13.4,2.3,0.0,2.3,26.2,0.0,0.0,35.7,0.0,0.0,7.9,1.5,0.6,-17.0,0.0,0.0,26.2,-7.0,0.0,0.0,0.0,0.658,0.793,69.0,0.0,0.0,0.0,,0.0,1308.0,62.6,107.6,0.0,0.0,0.0,0.0,336.2,1340.6,334.4,1367.6,338.0,1454.0,343.4,1434.2,0.0,0.0,108.32,338.0,307.4,77.72,0.20979166666666665,2101.924,2.869565217391304,386.6,2026-02-13 17:11:43-08:00,338.0,275.4,45.71999999999999,0.48,0.48,True
369.06,2.0,8.0,2026-02-14 01:17:46,37.07783,-121.5958,277.0,6.5,159.9,-12.6,0.0,0.0,0.0,0.0,0.0,10.9,-1.7,137.0,0.0,126.0,-0.2,-0.02,1.3,0.0,-30.0,0.0,30.11,346.0,0.0,0.0,326.0,0.0,0.0,0.0,0.0,0.0,0.0,0.0,0.0,0.0,0.0,0.0,0.0,1.0,0.0,0.0,2.0,0.0,0.0,0.0,0.0,1.0,0.0,0.0,1200.0,69.0,1308.0,1308.0,13.4,2.3,0.0,2.3,26.2,0.0,0.0,35.7,0.0,0.0,7.6,1.5,0.6,-17.0,0.0,0.0,26.2,-7.0,0.0,0.0,0.0,0.657,0.792,68.7,0.0,0.0,0.0,,0.0,1308.0,62.6,107.6,0.0,0.0,0.0,0.0,336.2,1320.8,334.4,1364.0,339.8,1450.4,343.4,1430.6,0.0,0.0,108.32,338.45,307.85,77.72,0.21043055555555557,2112.9716666666664,2.8260869565217392,386.6,2026-02-13 17:11:43-08:00,338.45,275.84999999999997,45.71999999999999,0.48,0.48,True
370.06,2.0,8.0,2026-02-14 01:17:47,37.0778,-121.59579,276.0,6.4,156.9,-12.6,0.0,0.0,0.0,0.0,0.0,10.8,-1.5,136.3,0.0,125.0,-0.7,-0.01,1.1,0.0,-13.0,0.0,30.11,346.0,0.0,0.0,326.0,0.0,0.0,0.0,0.0,0.0,0.0,0.0,0.0,0.0,0.0,0.0,0.0,1.0,0.0,0.0,2.0,0.0,0.0,0.0,0.0,1.0,0.0,0.0,1200.0,69.0,1328.0,1328.0,13.5,2.2,0.0,2.2,26.2,0.0,0.0,35.7,0.0,0.0,7.6,1.5,0.6,-17.0,0.0,0.0,26.2,-7.0,0.0,0.0,0.0,0.656,0.791,69.1,0.0,0.0,0.0,,0.0,1328.0,62.6,107.6,0.0,0.0,0.0,0.0,338.0,1315.4,336.2,1362.2,339.8,1448.6,343.4,1427.0,0.0,0.0,108.32,339.35,308.75,77.72,0.21105555555555555,2123.8506666666667,2.909090909090909,386.6,2026-02-13 17:11:43-08:00,339.35,276.75,45.71999999999999,0.48,0.48,True
371.06,2.0,8.0,2026-02-14 01:17:48,37.07777,-121.59578,276.0,6.4,157.7,-12.6,0.0,0.0,0.0,0.0,0.0,10.9,-1.4,136.5,0.0,125.0,-0.2,-0.02,0.9,0.0,14.0,0.0,30.11,346.0,0.0,0.0,326.0,0.0,0.0,0.0,0.0,0.0,0.0,0.0,0.0,0.0,0.0,0.0,0.0,1.0,0.0,0.0,2.0,0.0,0.0,0.0,0.0,1.0,0.0,0.0,1200.0,69.0,1331.0,1331.0,13.4,2.2,0.0,2.2,26.2,0.0,0.0,35.7,0.0,0.0,7.7,1.5,0.6,-17.0,0.0,0.0,26.2,-7.0,0.0,0.0,0.0,0.656,0.792,69.3,0.0,0.0,0.0,,0.0,1331.0,62.6,107.6,0.0,0.0,0.0,0.0,338.0,1317.2,336.2,1358.6,339.8,1445.0,343.4,1425.2,0.0,0.0,108.32,339.35,308.75,77.72,0.21166666666666667,2134.6453333333334,2.909090909090909,386.6,2026-02-13 17:11:43-08:00,339.35,276.75,45.71999999999999,0.48,0.48,True
372.06,2.0,8.0,2026-02-14 01:17:49,37.07775,-121.59576,276.0,6.3,157.3,-12.6,0.0,0.0,0.0,0.0,0.0,10.9,-1.3,136.7,0.0,125.0,0.0,-0.02,0.8,0.0,35.0,0.0,30.11,345.0,0.0,0.0,326.0,0.0,0.0,0.0,0.0,0.0,0.0,0.0,0.0,0.0,0.0,0.0,0.0,1.0,0.0,0.0,2.0,0.0,0.0,0.0,0.0,1.0,0.0,0.0,1200.0,69.0,1330.0,1330.0,13.3,2.2,0.0,2.2,26.2,0.0,0.0,35.7,0.0,0.0,7.9,1.5,0.6,-17.0,0.0,0.0,26.2,-7.0,0.0,0.0,0.0,0.657,0.792,69.3,0.0,0.0,0.0,,0.0,1330.0,62.6,107.6,0.0,0.0,0.0,0.0,338.0,1317.2,336.2,1355.0,339.8,1443.2,345.2,1421.6,0.0,0.0,108.5,339.8,309.2,77.9,0.2122777777777778,2145.3556666666664,2.8636363636363633,386.6,2026-02-13 17:11:43-08:00,339.8,277.2,45.9,0.48,0.48,True
373.06,2.0,8.0,2026-02-14 01:17:50,37.07772,-121.59575,276.0,6.3,157.7,-12.6,0.0,0.0,0.0,0.0,0.0,10.9,-1.4,136.6,0.0,125.0,0.0,-0.02,1.1,0.0,18.0,0.0,30.11,345.0,0.0,0.0,326.0,0.0,0.0,0.0,0.0,0.0,0.0,0.0,0.0,0.0,0.0,0.0,0.0,1.0,0.0,0.0,2.0,0.0,0.0,0.0,0.0,1.0,0.0,0.0,1200.0,69.0,1325.0,1325.0,13.3,2.2,0.0,2.2,26.2,0.0,0.0,35.7,0.0,0.0,7.8,1.5,0.6,-17.0,0.0,0.0,26.2,-7.0,0.0,0.0,0.0,0.657,0.791,69.2,0.0,0.0,0.0,,0.0,1325.0,62.6,109.4,0.0,0.0,0.0,0.0,338.0,1319.0,336.2,1355.0,341.6,1439.6,345.2,1419.8,0.0,0.0,108.86,340.25,309.65,78.26,0.21288888888888888,2155.9816666666666,2.8636363636363633,386.6,2026-02-13 17:11:43-08:00,340.25,277.65,46.26,0.48,0.48,True
374.06,2.0,8.0,2026-02-14 01:17:51,37.07769,-121.59573,275.0,6.4,159.2,-12.6,0.0,0.0,0.0,0.0,0.0,10.8,-1.5,135.5,0.0,125.0,-0.5,-0.03,1.2,0.0,-14.0,0.0,30.11,345.0,0.0,0.0,326.0,0.0,0.0,0.0,0.0,0.0,0.0,0.0,0.0,0.0,0.0,0.0,0.0,1.0,0.0,0.0,2.0,0.0,0.0,0.0,0.0,1.0,0.0,0.0,1200.0,69.0,1334.0,1334.0,13.4,2.2,0.0,2.2,26.2,0.0,0.0,35.7,0.0,0.0,7.6,1.5,0.6,-17.0,0.0,0.0,26.2,-7.0,0.0,0.0,0.0,0.654,0.792,69.2,0.0,0.0,0.0,,0.0,1334.0,62.6,109.4,0.0,0.0,0.0,0.0,338.0,1319.0,338.0,1351.4,341.6,1439.6,345.2,1418.0,0.0,0.0,108.68,340.7,310.1,78.08,0.2135,2166.692,2.909090909090909,386.6,2026-02-13 17:11:43-08:00,340.7,278.09999999999997,46.080000000000005,0.48,0.48,True
375.06,2.0,8.0,2026-02-14 01:17:52,37.07766,-121.59572,275.0,6.4,157.9,-12.6,0.0,0.0,0.0,0.0,0.0,10.7,-1.6,130.4,0.0,125.0,-3.2,-0.0,1.0,0.0,-18.0,0.0,30.11,345.0,0.0,0.0,326.0,0.0,0.0,0.0,0.0,0.0,0.0,0.0,0.0,0.0,0.0,0.0,0.0,1.0,0.0,0.0,2.0,0.0,0.0,0.0,0.0,1.0,0.0,0.0,1200.0,69.0,1338.0,1338.0,13.4,2.2,0.0,2.2,26.2,0.0,0.0,35.7,0.0,0.0,7.6,1.5,0.6,-17.0,0.0,0.0,26.2,-7.0,0.0,0.0,0.0,0.657,0.792,69.2,0.0,0.0,0.0,,0.0,1338.0,62.6,109.4,0.0,0.0,0.0,0.0,338.0,1320.8,338.0,1349.6,341.6,1441.4,345.2,1418.0,0.0,0.0,108.68,340.7,310.1,78.08,0.2141111111111111,2177.4866666666667,2.909090909090909,386.6,2026-02-13 17:11:43-08:00,340.7,278.09999999999997,46.080000000000005,0.48,0.48,True
376.06,2.0,8.0,2026-02-14 01:17:53,37.07764,-121.5957,276.0,6.6,151.4,-12.6,0.0,0.0,0.0,0.0,0.0,10.5,-1.7,124.3,0.0,125.0,-5.1,0.01,1.2,0.0,-17.0,0.0,30.11,345.0,0.0,0.0,326.0,0.0,0.0,0.0,0.0,0.0,0.0,0.0,0.0,0.0,0.0,0.0,0.0,1.0,0.0,0.0,2.0,0.0,0.0,0.0,0.0,1.0,0.0,0.0,1200.0,69.0,1336.0,1336.0,13.4,2.2,0.0,2.2,26.2,0.0,0.0,35.7,0.0,0.0,7.7,1.5,0.6,-17.0,0.0,0.0,26.2,-7.0,0.0,0.0,0.0,0.659,0.791,69.2,0.0,0.0,0.0,,0.0,1336.0,62.6,109.4,0.0,0.0,0.0,0.0,339.8,1320.8,338.0,1347.8,341.6,1441.4,345.2,1418.0,0.0,0.0,108.68,341.15,310.55,78.08,0.21472222222222223,2188.45,2.9999999999999996,386.6,2026-02-13 17:11:43-08:00,341.15,278.54999999999995,46.080000000000005,0.48,0.48,True
377.06,2.0,8.0,2026-02-14 01:17:54,37.07761,-121.59568,276.0,6.8,145.4,-12.6,0.0,0.0,0.0,0.0,0.0,10.4,-1.3,118.3,0.0,125.0,-5.8,0.02,0.9,0.0,-2.0,0.0,30.11,345.0,0.0,0.0,326.0,0.0,0.0,0.0,0.0,0.0,0.0,0.0,0.0,0.0,0.0,0.0,0.0,1.0,0.0,0.0,2.0,0.0,0.0,0.0,0.0,1.0,0.0,0.0,1200.0,69.0,1338.0,1338.0,13.4,2.2,0.0,2.2,26.2,0.0,0.0,35.7,0.0,0.0,7.8,1.5,0.6,-17.0,0.0,0.0,26.2,-7.0,0.0,0.0,0.0,0.658,0.792,69.2,0.0,0.0,0.0,,0.0,1338.0,62.6,109.4,0.0,0.0,0.0,0.0,339.8,1320.8,338.0,1347.8,341.6,1441.4,347.0,1416.2,0.0,0.0,108.86,341.6,311.0,78.26,0.21533333333333332,2199.7506666666663,3.0909090909090904,386.6,2026-02-13 17:11:43-08:00,341.59999999999997,278.99999999999994,46.26,0.48,0.48,True
378.06,2.0,8.0,2026-02-14 01:17:55,37.07758,-121.59566,276.0,6.7,139.9,-12.6,0.0,0.0,0.0,0.0,0.0,10.7,-1.3,112.1,0.0,125.0,-6.2,0.02,0.6,0.0,-4.0,0.0,30.11,345.0,0.0,0.0,326.0,0.0,0.0,0.0,0.0,0.0,0.0,0.0,0.0,0.0,0.0,0.0,0.0,1.0,0.0,0.0,2.0,0.0,0.0,0.0,0.0,1.0,0.0,0.0,1200.0,69.0,1341.0,1341.0,13.4,2.2,0.0,2.2,26.2,0.0,0.0,35.7,0.0,0.0,7.8,1.5,0.6,-17.0,0.0,0.0,26.2,-7.0,0.0,0.0,0.0,0.659,0.792,69.3,0.0,0.0,0.0,,0.0,1341.0,62.6,109.4,0.0,0.0,0.0,0.0,339.8,1320.8,338.0,1346.0,343.4,1439.6,347.0,1416.2,0.0,0.0,109.22,342.05,311.45,78.62,0.21594444444444444,2211.1356666666666,3.0454545454545454,386.6,2026-02-13 17:11:43-08:00,342.05,279.45,46.62,0.48,0.48,True
379.06,2.0,8.0,2026-02-14 01:17:56,37.07756,-121.59563,276.0,6.7,131.8,-12.6,0.0,0.0,0.0,0.0,0.0,10.8,-1.3,106.4,0.0,125.0,-6.2,0.03,1.0,0.0,-39.0,0.0,30.11,345.0,0.0,0.0,326.0,0.0,0.0,0.0,0.0,0.0,0.0,0.0,0.0,0.0,0.0,0.0,0.0,1.0,0.0,0.0,2.0,0.0,0.0,0.0,0.0,1.0,0.0,0.0,1200.0,69.0,1318.0,1318.0,13.3,2.2,0.0,2.2,26.1,0.0,0.0,35.7,0.0,0.0,7.6,1.5,0.7,-17.0,0.0,0.0,26.1,-7.0,0.0,0.0,0.0,0.659,0.791,69.3,0.0,0.0,0.0,,0.0,1318.0,62.6,109.4,0.0,0.0,0.0,0.0,339.8,1322.6,339.8,1346.0,343.4,1436.0,347.0,1414.4,0.0,0.0,109.22,342.5,311.9,78.62,0.21655555555555556,2222.436333333333,3.0454545454545454,386.6,2026-02-13 17:11:43-08:00,342.5,279.9,46.62,0.48,0.48,True
380.06,2.0,8.0,2026-02-14 01:17:57,37.07754,-121.5956,273.0,6.5,127.8,-12.6,0.0,0.0,0.0,0.0,0.0,11.0,-1.0,101.8,0.0,124.0,-5.5,0.03,1.1,0.0,-35.0,0.0,30.11,345.0,0.0,0.0,326.0,0.0,0.0,0.0,0.0,0.0,0.0,0.0,0.0,0.0,0.0,0.0,0.0,1.0,0.0,0.0,2.0,0.0,0.0,0.0,0.0,1.0,0.0,0.0,1200.0,69.0,1336.0,1336.0,13.4,2.2,0.0,2.2,26.2,0.0,0.0,35.7,0.0,0.0,7.6,1.5,0.7,-17.0,0.0,0.0,26.2,-7.0,0.0,0.0,0.0,0.658,0.791,69.2,0.0,0.0,0.0,,0.0,1336.0,62.6,109.4,0.0,0.0,0.0,0.0,339.8,1320.8,339.8,1344.2,343.4,1428.8,347.0,1414.4,0.0,0.0,109.04,342.5,311.9,78.44,0.21716666666666667,2233.568333333333,2.954545454545454,386.6,2026-02-13 17:11:43-08:00,342.5,279.9,46.440000000000005,0.48,0.48,True
381.06,2.0,8.0,2026-02-14 01:17:58,37.07753,-121.59557,276.0,6.2,121.3,-12.6,0.0,0.0,0.0,0.0,0.0,11.0,-0.8,97.6,0.0,123.0,-5.0,0.0,1.1,0.0,-37.0,0.0,30.11,343.0,0.0,0.0,326.0,0.0,0.0,0.0,0.0,0.0,0.0,0.0,0.0,0.0,0.0,0.0,0.0,1.0,0.0,0.0,2.0,0.0,0.0,0.0,0.0,1.0,0.0,0.0,1200.0,69.0,1335.0,1335.0,13.3,2.2,0.0,2.2,26.2,0.0,0.0,35.7,0.0,0.0,7.7,1.5,0.7,-17.0,0.0,0.0,26.2,-7.0,0.0,0.0,0.0,0.659,0.792,69.3,0.0,0.0,0.0,,0.0,1335.0,62.6,109.4,0.0,0.0,0.0,0.0,339.8,1322.6,339.8,1342.4,343.4,1428.8,347.0,1412.6,0.0,0.0,109.22,342.5,311.9,78.62,0.21777777777777776,2244.2786666666666,2.818181818181818,386.6,2026-02-13 17:11:43-08:00,342.5,279.9,46.62,0.48,0.48,True
382.06,2.0,8.0,2026-02-14 01:17:59,37.07751,-121.59554,276.0,5.8,117.3,-12.6,0.0,0.0,0.0,0.0,0.0,11.2,-1.0,93.5,0.0,122.0,-4.7,0.01,1.0,0.0,-33.0,0.0,30.11,343.0,0.0,0.0,326.0,0.0,0.0,0.0,0.0,0.0,0.0,0.0,0.0,0.0,0.0,0.0,0.0,1.0,0.0,0.0,2.0,0.0,0.0,0.0,0.0,1.0,0.0,0.0,1200.0,69.0,1329.0,1329.0,13.3,2.2,0.0,2.2,26.1,0.0,0.0,35.7,0.0,0.0,7.8,1.5,0.7,-17.0,0.0,0.0,26.1,-7.0,0.0,0.0,0.0,0.659,0.792,69.1,0.0,0.0,0.0,,0.0,1329.0,62.6,109.4,0.0,0.0,0.0,0.0,341.6,1322.6,339.8,1340.6,345.2,1430.6,348.8,1412.6,0.0,0.0,109.22,343.85,313.25,78.62,0.21838888888888888,2254.3986666666665,2.6363636363636362,386.6,2026-02-13 17:11:43-08:00,343.85,281.25,46.62,0.48,0.48,True
383.06,2.0,8.0,2026-02-14 01:18:00,37.0775,-121.59551,275.0,5.3,114.0,-12.6,0.0,0.0,0.0,0.0,0.0,11.3,-0.8,89.9,0.0,122.0,-4.4,0.0,0.8,0.0,-17.0,0.0,30.11,343.0,0.0,0.0,326.0,0.0,0.0,0.0,0.0,0.0,0.0,0.0,0.0,0.0,0.0,0.0,0.0,1.0,0.0,0.0,1.0,0.0,0.0,0.0,0.0,1.0,0.0,0.0,1200.0,69.0,1307.0,1307.0,13.4,2.3,0.0,2.3,26.0,0.0,0.0,35.7,0.0,0.0,7.9,1.5,0.7,-17.0,0.0,0.0,26.0,-7.0,0.0,0.0,0.0,0.659,0.791,68.7,0.0,0.0,0.0,,0.0,1307.0,62.6,109.4,0.0,0.0,0.0,0.0,341.6,1317.2,339.8,1335.2,345.2,1423.4,348.8,1405.4,0.0,0.0,109.58,343.85,313.25,78.98,0.2190138888888889,2263.7596666666664,2.3043478260869565,386.6,2026-02-13 17:11:43-08:00,343.85,281.25,46.98,0.48,0.48,True
384.06,2.0,8.0,2026-02-14 01:18:01,37.0775,-121.59548,275.0,5.0,109.0,-12.6,0.0,0.0,0.0,0.0,0.0,11.3,-0.8,86.4,0.0,122.0,-4.2,0.01,0.9,0.0,-17.0,0.0,30.11,341.0,0.0,0.0,326.0,0.0,0.0,0.0,0.0,0.0,0.0,0.0,0.0,0.0,0.0,0.0,0.0,1.0,0.0,0.0,1.0,0.0,0.0,0.0,0.0,1.0,0.0,0.0,1200.0,68.0,1288.0,1288.0,13.5,2.4,0.0,2.4,26.0,0.0,0.0,35.7,0.0,0.0,7.7,1.5,0.7,-17.0,0.0,0.0,26.0,-7.0,0.0,0.0,0.0,0.659,0.792,68.1,0.0,0.0,0.0,,0.0,1288.0,62.6,109.4,0.0,0.0,0.0,0.0,341.6,1310.0,341.6,1328.0,345.2,1412.6,348.8,1392.8,0.0,0.0,109.58,344.3,313.7,78.98,0.21966666666666668,2272.446,2.0833333333333335,386.6,2026-02-13 17:11:43-08:00,344.29999999999995,281.69999999999993,46.98,0.48,0.48,True
385.06,2.0,8.0,2026-02-14 01:18:02,37.07749,-121.59546,275.0,4.6,106.0,-12.6,0.0,0.0,0.0,0.0,0.0,11.2,-0.6,83.2,0.0,121.0,-4.0,0.01,0.9,0.0,-34.0,0.0,30.11,341.0,0.0,0.0,326.0,0.0,0.0,0.0,0.0,0.0,0.0,0.0,0.0,0.0,0.0,0.0,0.0,1.0,0.0,0.0,1.0,0.0,0.0,0.0,0.0,1.0,0.0,0.0,1200.0,68.0,1303.0,1303.0,13.5,2.5,0.0,2.5,25.9,0.0,0.0,35.7,0.0,0.0,7.6,1.5,0.7,-17.0,0.0,0.0,25.9,-7.0,0.0,0.0,0.0,0.659,0.791,68.0,0.0,0.0,0.0,,0.0,1303.0,62.6,109.4,0.0,0.0,0.0,0.0,341.6,1304.6,339.8,1320.8,345.2,1401.8,348.8,1383.8,0.0,0.0,109.4,343.85,313.25,78.8,0.22034722222222222,2280.542,1.8399999999999999,386.6,2026-02-13 17:11:43-08:00,343.85,281.25,46.800000000000004,0.48,0.48,True
386.06,2.0,8.0,2026-02-14 01:18:03,37.07748,-121.59543,272.0,4.5,100.2,-12.6,0.0,0.0,0.0,0.0,0.0,11.3,-0.2,81.5,0.0,121.0,-3.0,0.02,0.9,0.0,-55.0,0.0,30.11,341.0,0.0,0.0,326.0,0.0,0.0,0.0,0.0,0.0,0.0,0.0,0.0,0.0,0.0,0.0,0.0,1.0,0.0,0.0,1.0,0.0,0.0,0.0,0.0,1.0,0.0,0.0,1200.0,68.0,1296.0,1296.0,13.6,2.6,0.0,2.6,25.9,0.0,0.0,35.7,0.0,0.0,7.7,1.5,0.7,-17.0,0.0,0.0,25.9,-7.0,0.0,0.0,0.0,0.659,0.791,68.1,0.0,0.0,0.0,,0.0,1296.0,62.6,109.4,0.0,0.0,0.0,0.0,341.6,1299.2,341.6,1320.8,345.2,1391.0,348.8,1376.6,0.0,0.0,109.58,344.3,313.7,78.98,0.22105555555555556,2288.2163333333333,1.7307692307692306,386.6,2026-02-13 17:11:43-08:00,344.29999999999995,281.69999999999993,46.98,0.48,0.48,True
387.06,2.0,8.0,2026-02-14 01:18:04,37.07748,-121.59541,275.0,4.5,97.1,-12.6,0.0,0.0,0.0,0.0,0.0,11.3,-0.6,82.8,0.0,120.0,-0.8,-0.01,1.0,0.0,-5.0,0.0,30.11,339.0,0.0,0.0,326.0,0.0,0.0,0.0,0.0,0.0,0.0,0.0,0.0,0.0,0.0,0.0,0.0,1.0,0.0,0.0,1.0,0.0,0.0,0.0,0.0,1.0,0.0,0.0,1200.0,70.0,1387.0,1387.0,14.2,2.7,0.0,2.7,25.9,0.0,0.0,35.7,0.0,0.0,7.8,1.5,0.7,-17.0,0.0,0.0,25.9,-7.0,0.0,0.0,0.0,0.658,0.792,69.8,0.0,0.0,0.0,,0.0,1387.0,62.6,109.4,0.0,0.0,0.0,0.0,341.6,1293.8,341.6,1315.4,345.2,1385.6,350.6,1369.4,0.0,0.0,109.58,344.75,314.15,78.98,0.22179166666666666,2295.806333333333,1.6666666666666665,386.6,2026-02-13 17:11:43-08:00,344.75,282.15,46.98,0.48,0.48,True
388.06,2.0,8.0,2026-02-14 01:18:05,37.07748,-121.59538,276.0,4.7,100.2,-12.6,0.0,0.0,0.0,0.0,0.0,11.3,0.2,84.1,0.0,120.0,0.2,-0.01,1.0,0.0,8.0,0.0,30.11,339.0,0.0,0.0,326.0,0.0,0.0,0.0,0.0,0.0,0.0,0.0,0.0,0.0,0.0,0.0,0.0,1.0,0.0,0.0,1.0,0.0,0.0,0.0,0.0,1.0,0.0,0.0,1200.0,72.0,1437.0,1437.0,14.2,2.8,0.0,2.8,26.0,0.0,0.0,35.7,0.0,0.0,7.7,1.5,0.7,-17.0,0.0,0.0,26.0,-7.0,0.0,0.0,0.0,0.657,0.792,71.5,0.0,0.0,0.0,,0.0,1437.0,62.6,109.4,0.0,0.0,0.0,0.0,341.6,1301.0,341.6,1311.8,347.0,1378.4,350.6,1367.6,0.0,0.0,109.94,345.2,314.6,79.34,0.22255555555555556,2303.565,1.6785714285714288,386.6,2026-02-13 17:11:43-08:00,345.20000000000005,282.6,47.339999999999996,0.48,0.48,True
389.06,2.0,8.0,2026-02-14 01:18:06,37.07747,-121.59535,277.0,5.1,96.8,-12.6,0.0,0.0,0.0,0.0,0.0,11.1,0.6,89.2,0.0,120.0,2.5,0.01,0.9,0.0,16.0,0.0,30.11,339.0,0.0,0.0,326.0,0.0,0.0,0.0,0.0,0.0,0.0,0.0,0.0,0.0,0.0,0.0,0.0,1.0,0.0,0.0,-1.0,0.0,0.0,0.0,0.0,1.0,0.0,0.0,1200.0,72.0,1423.0,1423.0,14.4,2.8,0.0,2.8,26.0,0.0,0.0,35.7,0.0,0.0,7.5,1.5,0.7,-17.0,0.0,0.0,26.0,-7.0,0.0,0.0,0.0,0.658,0.791,71.6,0.0,0.0,0.0,,0.0,1423.0,62.6,109.4,0.0,0.0,0.0,0.0,341.6,1301.0,341.6,1310.0,347.0,1374.8,350.6,1364.0,0.0,0.0,109.94,345.2,314.6,79.34,0.22333333333333333,2311.8296666666665,1.8214285714285714,386.6,2026-02-13 17:11:43-08:00,345.20000000000005,282.6,47.339999999999996,0.48,0.48,True
390.06,2.0,8.0,2026-02-14 01:18:07,37.07747,-121.59532,277.0,5.5,103.7,-12.6,0.0,0.0,0.0,0.0,0.0,10.7,0.5,98.8,0.0,120.0,6.6,-0.03,0.9,0.0,42.0,0.0,30.11,338.0,0.0,0.0,326.0,0.0,0.0,0.0,0.0,0.0,0.0,0.0,0.0,0.0,0.0,0.0,0.0,1.0,0.0,0.0,-1.0,0.0,0.0,0.0,0.0,1.0,0.0,0.0,1200.0,72.0,1429.0,1429.0,14.4,2.9,0.0,2.9,25.9,0.0,0.0,35.7,0.0,0.0,7.4,1.5,0.7,-17.0,0.0,0.0,25.9,-7.0,0.0,0.0,0.0,0.658,0.791,71.5,0.0,0.0,0.0,,0.0,1429.0,62.6,109.4,0.0,0.0,0.0,0.0,343.4,1299.2,341.6,1308.2,347.0,1367.6,350.6,1364.0,0.0,0.0,109.76,345.65,315.05,79.16,0.224125,2320.769,1.896551724137931,386.6,2026-02-13 17:11:43-08:00,345.65,283.04999999999995,47.160000000000004,0.48,0.48,True
391.06,2.0,8.0,2026-02-14 01:18:08,37.07746,-121.59529,277.0,6.0,116.4,-12.6,0.0,0.0,0.0,0.0,0.0,10.4,0.2,106.6,0.0,120.0,7.8,-0.09,0.8,0.0,55.0,0.0,30.11,338.0,0.0,0.0,326.0,0.0,0.0,0.0,0.0,0.0,0.0,0.0,0.0,0.0,0.0,0.0,0.0,1.0,0.0,0.0,-4.0,0.0,0.0,0.0,0.0,1.0,0.0,0.0,1200.0,72.0,1430.0,1430.0,14.3,2.9,0.0,2.9,25.9,0.0,0.0,35.7,0.0,0.0,7.5,1.5,0.7,-17.0,0.0,0.0,25.9,-7.0,0.0,0.0,0.0,0.657,0.795,71.6,0.0,0.0,0.0,,0.0,1430.0,62.6,109.4,0.0,0.0,0.0,0.0,343.4,1299.2,341.6,1304.6,347.0,1365.8,350.6,1360.4,0.0,0.0,109.94,345.65,315.05,79.34,0.22493055555555555,2330.467333333333,2.0689655172413794,386.6,2026-02-13 17:11:43-08:00,345.65,283.04999999999995,47.339999999999996,0.48,0.48,True
392.06,2.0,8.0,2026-02-14 01:18:09,37.07744,-121.59526,277.0,6.1,124.6,-12.6,0.0,0.0,0.0,0.0,0.0,10.6,0.3,102.8,0.0,120.0,1.5,-0.0,1.0,0.0,0.0,0.0,30.11,338.0,0.0,0.0,326.0,0.0,0.0,0.0,0.0,0.0,0.0,0.0,0.0,0.0,0.0,0.0,0.0,1.0,0.0,0.0,-3.0,0.0,0.0,0.0,0.0,1.0,0.0,0.0,1200.0,71.0,1406.0,1406.0,14.3,3.0,0.0,3.0,25.9,0.0,0.0,35.7,0.0,0.0,7.7,1.5,0.7,-17.0,0.0,0.0,25.9,-7.0,0.0,0.0,0.0,0.659,0.792,71.1,0.0,0.0,0.0,,0.0,1406.0,62.6,109.4,0.0,0.0,0.0,0.0,343.4,1297.4,343.4,1302.8,347.0,1362.2,352.4,1356.8,0.0,0.0,109.94,346.55,315.95,79.34,0.22575,2340.6716666666666,2.033333333333333,386.6,2026-02-13 17:11:43-08:00,346.54999999999995,283.94999999999993,47.339999999999996,0.48,0.48,True
393.06,2.0,8.0,2026-02-14 01:18:10,37.07742,-121.59523,277.0,6.3,125.2,-12.6,0.0,0.0,0.0,0.0,0.0,10.6,0.2,92.7,0.0,120.0,-5.2,0.02,0.9,0.0,28.0,0.0,30.11,338.0,0.0,0.0,326.0,0.0,0.0,0.0,0.0,0.0,0.0,0.0,0.0,0.0,0.0,0.0,0.0,1.0,0.0,0.0,2.0,0.0,0.0,0.0,0.0,1.0,0.0,0.0,1200.0,71.0,1407.0,1407.0,14.4,3.0,0.0,3.0,26.0,0.0,0.0,35.7,0.0,0.0,7.8,1.5,0.7,-17.0,0.0,0.0,26.0,-7.0,0.0,0.0,0.0,0.662,0.792,71.0,0.0,0.0,0.0,,0.0,1407.0,62.6,109.4,0.0,0.0,0.0,0.0,343.4,1295.6,343.4,1301.0,347.0,1360.4,352.4,1353.2,0.0,0.0,110.3,346.55,315.95,79.7,0.22658333333333333,2351.129,2.1,386.6,2026-02-13 17:11:43-08:00,346.54999999999995,283.94999999999993,47.699999999999996,0.48,0.48,True
394.06,2.0,8.0,2026-02-14 01:18:11,37.07741,-121.5952,276.0,6.1,111.4,-12.6,0.0,0.0,0.0,0.0,0.0,10.5,-0.1,77.7,0.0,120.0,-11.3,0.07,1.1,0.0,39.0,0.0,30.11,338.0,0.0,0.0,326.0,0.0,0.0,0.0,0.0,0.0,0.0,0.0,0.0,0.0,0.0,0.0,0.0,1.0,0.0,0.0,2.0,0.0,0.0,0.0,0.0,1.0,0.0,0.0,1200.0,71.0,1425.0,1425.0,14.5,3.0,0.0,3.0,26.0,0.0,0.0,35.7,0.0,0.0,7.6,1.5,0.7,-17.0,0.0,0.0,26.0,-7.0,0.0,0.0,0.0,0.662,0.791,71.1,0.0,0.0,0.0,,0.0,1425.0,62.6,111.2,0.0,0.0,0.0,0.0,343.4,1297.4,343.4,1299.2,348.8,1356.8,352.4,1349.6,0.0,0.0,110.48,347.0,316.4,79.88,0.22741666666666666,2361.586333333333,2.033333333333333,386.6,2026-02-13 17:11:43-08:00,347.0,284.4,47.88,0.48,0.48,True
395.06,2.0,8.0,2026-02-14 01:18:12,37.0774,-121.59518,275.0,5.1,101.1,-12.6,0.0,0.0,0.0,0.0,0.0,10.8,0.0,58.8,0.0,120.0,-16.2,0.09,1.0,0.0,15.0,0.0,30.11,338.0,0.0,0.0,326.0,0.0,0.0,0.0,0.0,0.0,0.0,0.0,0.0,0.0,0.0,0.0,0.0,1.0,0.0,0.0,2.0,0.0,0.0,0.0,0.0,1.0,0.0,0.0,1200.0,71.0,1421.0,1421.0,14.4,3.0,0.0,3.0,26.0,0.0,0.0,35.7,0.0,0.0,7.4,1.5,0.7,-17.0,0.0,0.0,26.0,-7.0,0.0,0.0,0.0,0.665,0.793,71.1,0.0,0.0,0.0,,0.0,1421.0,62.6,109.4,0.0,0.0,0.0,0.0,343.4,1295.6,343.4,1299.2,348.8,1355.0,352.4,1346.0,0.0,0.0,110.3,347.0,316.4,79.7,0.22825,2371.0316666666668,1.7,386.6,2026-02-13 17:11:43-08:00,347.0,284.4,47.699999999999996,0.48,0.48,True
396.06,2.0,8.0,2026-02-14 01:18:13,37.0774,-121.59515,274.0,4.3,86.4,-12.6,0.0,0.0,0.0,0.0,0.0,10.9,0.1,37.7,0.0,120.0,-19.4,0.03,0.9,0.0,-52.0,0.0,30.11,338.0,0.0,0.0,326.0,0.0,0.0,0.0,0.0,0.0,0.0,0.0,0.0,0.0,0.0,0.0,0.0,1.0,0.0,0.0,2.0,0.0,0.0,0.0,0.0,1.0,0.0,0.0,1200.0,71.0,1428.0,1428.0,14.4,3.1,0.0,3.1,26.0,0.0,0.0,35.7,0.0,0.0,7.5,1.5,0.7,-17.0,0.0,0.0,26.0,-7.0,0.0,0.0,0.0,0.662,0.791,71.1,0.0,0.0,0.0,,0.0,1428.0,62.6,109.4,0.0,0.0,0.0,0.0,343.4,1293.8,343.4,1297.4,348.8,1353.2,352.4,1342.4,0.0,0.0,110.3,347.0,316.4,79.7,0.22909722222222223,2378.959,1.3870967741935483,386.6,2026-02-13 17:11:43-08:00,347.0,284.4,47.699999999999996,0.48,0.48,True
397.06,2.0,8.0,2026-02-14 01:18:14,37.0774,-121.59512,273.0,4.2,72.8,-12.6,0.0,0.0,0.0,0.0,0.0,11.3,0.1,6.2,0.0,120.0,-26.8,0.08,0.8,0.0,-36.0,0.0,30.11,338.0,0.0,0.0,326.0,0.0,0.0,0.0,0.0,0.0,0.0,0.0,0.0,0.0,0.0,0.0,0.0,1.0,0.0,0.0,2.0,0.0,0.0,0.0,0.0,1.0,0.0,0.0,1200.0,71.0,1424.0,1424.0,14.3,3.1,0.0,3.1,26.0,0.0,0.0,35.7,0.0,0.0,7.6,1.5,0.7,-17.0,0.0,0.0,26.0,-7.0,0.0,0.0,0.0,0.658,0.791,71.1,0.0,0.0,0.0,,0.0,1424.0,62.6,111.2,0.0,0.0,0.0,0.0,343.4,1293.8,343.4,1297.4,348.8,1351.4,352.4,1342.4,0.0,0.0,110.3,347.0,316.4,79.7,0.22995833333333332,2386.1273333333334,1.3548387096774195,386.6,2026-02-13 17:11:43-08:00,347.0,284.4,47.699999999999996,0.48,0.48,True
398.06,2.0,8.0,2026-02-14 01:18:15,37.07742,-121.59511,273.0,2.6,41.1,-12.6,0.0,0.0,0.0,0.0,0.0,11.5,0.1,346.0,0.0,120.0,-24.5,0.07,1.0,0.0,-43.0,0.0,30.11,338.0,0.0,0.0,326.0,0.0,0.0,0.0,0.0,0.0,0.0,0.0,0.0,0.0,0.0,0.0,0.0,1.0,0.0,0.0,1.0,0.0,0.0,0.0,0.0,1.0,0.0,0.0,1200.0,71.0,1422.0,1422.0,14.4,3.1,0.0,3.1,26.0,0.0,0.0,35.7,0.0,0.0,7.7,1.5,0.7,-17.0,0.0,0.0,26.0,-7.0,0.0,0.0,0.0,0.658,0.792,71.1,0.0,0.0,0.0,,0.0,1422.0,62.6,111.2,0.0,0.0,0.0,0.0,343.4,1292.0,343.4,1297.4,348.8,1349.6,354.2,1342.4,0.0,0.0,110.48,347.45,316.85,79.88,0.23081944444444444,2391.862,0.8387096774193549,386.6,2026-02-13 17:11:43-08:00,347.45000000000005,284.85,47.88,0.48,0.48,True
399.06,2.0,8.0,2026-02-14 01:18:16,37.07742,-121.5951,273.0,1.9,22.9,-12.6,0.0,0.0,0.0,0.0,0.0,11.6,-0.1,332.6,0.0,120.0,-18.8,0.06,0.9,0.0,-13.0,0.0,30.11,338.0,0.0,0.0,326.0,0.0,0.0,0.0,0.0,0.0,0.0,0.0,0.0,0.0,0.0,0.0,0.0,1.0,0.0,0.0,0.0,0.0,0.0,0.0,0.0,1.0,0.0,0.0,1200.0,71.0,1424.0,1424.0,14.4,3.1,0.0,3.1,26.0,0.0,0.0,35.7,0.0,0.0,7.6,1.5,0.7,-17.0,0.0,0.0,26.0,-7.0,0.0,0.0,0.0,0.656,0.791,71.1,0.0,0.0,0.0,,0.0,1424.0,62.6,111.2,0.0,0.0,0.0,0.0,345.2,1290.2,345.2,1297.4,350.6,1346.0,354.2,1338.8,0.0,0.0,110.84,348.8,318.2,80.24,0.23168055555555556,2395.6569999999997,0.6129032258064515,386.6,2026-02-13 17:11:43-08:00,348.8,286.2,48.24,0.48,0.48,True
400.06,2.0,8.0,2026-02-14 01:18:17,37.07743,-121.5951,273.0,0.9,11.1,-12.6,0.0,0.0,0.0,0.0,0.0,11.7,-0.1,326.7,0.0,120.0,-11.7,0.01,0.9,0.0,-31.0,0.0,30.11,338.0,0.0,0.0,326.0,0.0,0.0,0.0,0.0,0.0,0.0,0.0,0.0,0.0,0.0,0.0,0.0,1.0,0.0,0.0,1.0,0.0,0.0,0.0,0.0,1.0,0.0,0.0,1200.0,71.0,1410.0,1410.0,14.4,3.1,0.0,3.1,26.0,0.0,0.0,35.7,0.0,0.0,7.4,1.5,0.7,-17.0,0.0,0.0,26.0,-7.0,0.0,0.0,0.0,0.657,0.791,71.0,0.0,0.0,0.0,,0.0,1410.0,62.6,111.2,0.0,0.0,0.0,0.0,343.4,1288.4,345.2,1293.8,350.6,1344.2,354.2,1338.8,0.0,0.0,110.66,348.35,317.75,80.06,0.23254166666666667,2398.018333333333,0.2903225806451613,386.6,2026-02-13 17:11:43-08:00,348.35,285.75,48.059999999999995,0.48,0.48,True
401.06,2.0,8.0,2026-02-14 01:18:18,37.07743,-121.5951,274.0,0.3,11.1,-12.6,0.0,0.0,0.0,0.0,0.0,11.7,-0.1,325.1,0.0,120.0,-6.1,0.0,1.0,0.0,0.0,0.0,30.11,338.0,0.0,0.0,326.0,0.0,0.0,0.0,0.0,0.0,0.0,0.0,0.0,0.0,0.0,0.0,0.0,1.0,0.0,0.0,1.0,0.0,0.0,0.0,0.0,1.0,0.0,0.0,1200.0,71.0,1410.0,1410.0,14.4,3.1,0.0,3.1,26.0,0.0,0.0,35.7,0.0,0.0,7.5,1.5,0.7,-17.0,0.0,0.0,26.0,-7.0,0.0,0.0,0.0,0.656,0.791,70.8,0.0,0.0,0.0,,0.0,1410.0,62.6,111.2,0.0,0.0,0.0,0.0,343.4,1286.6,345.2,1292.0,350.6,1340.6,354.2,1335.2,0.0,0.0,110.66,348.35,317.75,80.06,0.23340277777777776,2399.030333333333,0.0967741935483871,386.6,2026-02-13 17:11:43-08:00,348.35,285.75,48.059999999999995,0.48,0.48,True
402.06,2.0,8.0,2026-02-14 01:18:19,37.07743,-121.59509,275.0,0.2,11.1,-12.6,0.0,0.0,0.0,0.0,0.0,11.6,-0.1,325.0,0.0,120.0,-2.8,-0.01,0.9,0.0,-9.0,0.0,30.11,338.0,0.0,0.0,326.0,0.0,0.0,0.0,0.0,0.0,0.0,0.0,0.0,0.0,0.0,0.0,0.0,1.0,0.0,0.0,-2.0,0.0,0.0,0.0,0.0,1.0,0.0,0.0,1200.0,70.0,1388.0,1388.0,14.3,3.1,0.0,3.1,26.0,0.0,0.0,35.7,0.0,0.0,7.7,1.5,0.7,-17.0,0.0,0.0,26.0,-7.0,0.0,0.0,0.0,0.656,0.791,70.4,0.0,0.0,0.0,,0.0,1388.0,62.6,111.2,0.0,0.0,0.0,0.0,343.4,1290.2,345.2,1290.2,350.6,1338.8,354.2,1331.6,0.0,0.0,110.66,348.35,317.75,80.06,0.23426388888888888,2399.4519999999998,0.06451612903225806,386.6,2026-02-13 17:11:43-08:00,348.35,285.75,48.059999999999995,0.48,0.48,True
403.06,2.0,8.0,2026-02-14 01:18:20,37.07743,-121.59509,275.0,0.1,11.1,-12.6,0.0,0.0,0.0,0.0,0.0,11.5,-0.2,325.0,0.0,120.0,-1.4,-0.01,1.0,0.0,-22.0,0.0,30.11,338.0,0.0,0.0,326.0,0.0,0.0,0.0,0.0,0.0,0.0,0.0,0.0,0.0,0.0,0.0,0.0,1.0,0.0,0.0,-3.0,0.0,0.0,0.0,0.0,1.0,0.0,0.0,1200.0,70.0,1394.0,1394.0,14.4,3.1,0.0,3.1,26.0,0.0,0.0,35.7,0.0,0.0,7.8,1.5,0.7,-17.0,0.0,0.0,26.0,-7.0,0.0,0.0,0.0,0.656,0.791,70.5,0.0,0.0,0.0,,0.0,1394.0,62.6,111.2,0.0,0.0,0.0,0.0,345.2,1290.2,345.2,1290.2,350.6,1337.0,354.2,1331.6,0.0,0.0,110.84,348.8,318.2,80.24,0.235125,2399.705,0.03225806451612903,386.6,2026-02-13 17:11:43-08:00,348.8,286.2,48.24,0.48,0.48,True
404.06,2.0,8.0,2026-02-14 01:18:21,37.07743,-121.59509,275.0,0.0,11.1,-12.6,0.0,0.0,0.0,0.0,0.0,11.5,-0.2,325.0,0.0,120.0,-0.8,-0.01,1.0,0.0,5.0,0.0,30.11,338.0,0.0,0.0,326.0,0.0,0.0,0.0,0.0,0.0,0.0,0.0,0.0,0.0,0.0,0.0,0.0,1.0,0.0,0.0,-5.0,0.0,0.0,0.0,0.0,1.0,0.0,0.0,1200.0,69.0,1344.0,1344.0,14.4,3.2,0.0,3.2,25.9,0.0,0.0,35.7,0.0,0.0,7.7,1.5,0.7,-17.0,0.0,0.0,25.9,-7.0,0.0,0.0,0.0,0.654,0.791,69.2,0.0,0.0,0.0,,0.0,1344.0,62.6,111.2,0.0,0.0,0.0,0.0,345.2,1292.0,345.2,1286.6,350.6,1331.6,356.0,1328.0,0.0,0.0,111.2,349.25,318.65,80.6,0.236,2399.789333333333,0.0,386.6,2026-02-13 17:11:43-08:00,349.25,286.65,48.6,0.48,0.48,True
405.06,2.0,8.0,2026-02-14 01:18:22,37.07743,-121.59509,275.0,0.1,11.1,-12.6,0.0,0.0,0.0,0.0,0.0,11.5,-0.3,325.9,0.0,120.0,-0.5,-0.01,1.0,0.0,34.0,0.0,30.11,338.0,0.0,0.0,326.0,0.0,0.0,0.0,0.0,0.0,0.0,0.0,0.0,0.0,0.0,0.0,0.0,1.0,0.0,0.0,-5.0,0.0,0.0,0.0,0.0,1.0,0.0,0.0,1200.0,69.0,1342.0,1342.0,14.5,3.2,0.0,3.2,25.8,0.0,0.0,35.7,0.0,0.0,7.5,1.5,0.7,-17.0,0.0,0.0,25.8,-7.0,0.0,0.0,0.0,0.654,0.791,69.0,0.0,0.0,0.0,,0.0,1342.0,62.6,111.2,0.0,0.0,0.0,0.0,345.2,1290.2,345.2,1284.8,350.6,1324.4,354.2,1322.6,0.0,0.0,111.02,348.8,318.2,80.42,0.2368888888888889,2399.8736666666664,0.03125,386.6,2026-02-13 17:11:43-08:00,348.8,286.2,48.419999999999995,0.48,0.48,True
406.06,2.0,8.0,2026-02-14 01:18:23,37.07743,-121.59509,274.0,0.1,11.1,-12.6,0.0,0.0,0.0,0.0,0.0,11.5,-0.4,326.3,0.0,120.0,-0.4,-0.01,1.0,0.0,-1.0,0.0,30.11,338.0,0.0,0.0,326.0,0.0,0.0,0.0,0.0,0.0,0.0,0.0,0.0,0.0,0.0,0.0,0.0,1.0,0.0,0.0,-5.0,0.0,0.0,0.0,0.0,1.0,0.0,0.0,1200.0,71.0,1450.0,1450.0,15.3,3.3,0.0,3.3,25.8,0.0,0.0,35.7,0.0,0.0,7.5,1.5,0.7,-17.0,0.0,0.0,25.8,-7.0,0.0,0.0,0.0,0.654,0.791,70.7,0.0,0.0,0.0,,0.0,1450.0,62.6,111.2,0.0,0.0,0.0,0.0,345.2,1288.4,345.2,1281.2,350.6,1320.8,354.2,1317.2,0.0,0.0,111.02,348.8,318.2,80.42,0.23779166666666668,2400.0423333333333,0.030303030303030307,386.6,2026-02-13 17:11:43-08:00,348.8,286.2,48.419999999999995,0.48,0.48,True
407.06,2.0,8.0,2026-02-14 01:18:24,37.07743,-121.59509,274.0,0.2,11.1,-12.6,0.0,0.0,0.0,0.0,0.0,11.6,-0.6,326.0,0.0,120.0,-0.5,-0.02,1.0,0.0,5.0,0.0,30.11,338.0,0.0,0.0,326.0,0.0,0.0,0.0,0.0,0.0,0.0,0.0,0.0,0.0,0.0,0.0,0.0,1.0,0.0,0.0,-5.0,0.0,0.0,0.0,0.0,1.0,0.0,0.0,1200.0,74.0,1557.0,1557.0,15.9,3.5,0.0,3.5,25.8,0.0,0.0,35.7,0.0,0.0,7.6,1.5,0.7,-17.0,0.0,0.0,25.8,-7.0,0.0,0.0,0.0,0.679,0.791,74.3,0.0,0.0,0.0,,0.0,1557.0,62.6,111.2,0.0,0.0,0.0,0.0,345.2,1288.4,345.2,1281.2,352.4,1322.6,354.2,1315.4,0.0,0.0,111.02,349.25,318.65,80.42,0.23873611111111112,2400.295333333333,0.05714285714285715,386.6,2026-02-13 17:11:43-08:00,349.25,286.65,48.419999999999995,0.48,0.48,True
408.06,2.0,8.0,2026-02-14 01:18:25,37.07743,-121.5951,274.0,0.2,11.1,-12.6,0.0,0.0,0.0,0.0,0.0,11.5,-0.6,326.0,0.0,120.0,-0.4,-0.01,1.0,0.0,30.0,0.0,30.11,338.0,0.0,0.0,326.0,0.0,0.0,0.0,0.0,0.0,0.0,0.0,0.0,0.0,0.0,0.0,0.0,0.0,0.0,0.0,-7.0,0.0,0.0,0.0,0.0,1.0,0.0,0.0,1200.0,75.0,1574.0,1574.0,15.9,3.7,0.0,3.7,25.8,0.0,0.0,35.7,0.0,0.0,7.6,1.5,0.7,-17.0,0.0,0.0,25.8,-7.0,0.0,0.0,0.0,0.676,0.791,75.4,0.0,0.0,0.0,,0.0,1574.0,62.6,111.2,0.0,0.0,0.0,0.0,345.2,1288.4,345.2,1283.0,352.4,1322.6,356.0,1315.4,0.0,0.0,111.2,349.7,319.1,80.6,0.23973611111111112,2400.6326666666664,0.05405405405405406,386.6,2026-02-13 17:11:43-08:00,349.7,287.09999999999997,48.6,0.48,0.48,True
409.06,2.0,8.0,2026-02-14 01:18:26,37.07743,-121.5951,274.0,0.1,11.1,-12.6,0.0,0.0,0.0,0.0,0.0,11.4,-0.7,326.0,0.0,120.0,-0.2,-0.01,1.0,0.0,-13.0,0.0,30.11,337.0,0.0,0.0,326.0,0.0,0.0,0.0,0.0,0.0,0.0,0.0,0.0,0.0,0.0,0.0,0.0,0.0,0.0,0.0,-8.0,0.0,0.0,0.0,0.0,1.0,0.0,0.0,1200.0,76.0,1580.0,1580.0,15.9,3.9,0.0,3.9,25.8,0.0,0.0,35.7,0.0,0.0,7.6,1.5,0.7,-17.0,0.0,0.0,25.8,-7.0,0.0,0.0,0.0,0.658,0.792,75.6,0.0,0.0,0.0,,0.0,1580.0,62.6,111.2,0.0,0.0,0.0,0.0,345.2,1290.2,345.2,1283.0,352.4,1322.6,356.0,1313.6,0.0,0.0,111.56,349.7,319.1,80.96000000000001,0.24079166666666665,2400.8856666666666,0.025641025641025644,386.6,2026-02-13 17:11:43-08:00,349.7,287.09999999999997,48.96,0.48,0.48,True
410.06,2.0,8.0,2026-02-14 01:18:27,37.07743,-121.5951,274.0,0.1,11.1,-12.6,0.0,0.0,0.0,0.0,0.0,11.4,-0.8,326.0,0.0,120.0,-0.1,-0.01,0.9,0.0,68.0,0.0,30.11,337.0,0.0,0.0,326.0,0.0,0.0,0.0,0.0,0.0,0.0,0.0,0.0,0.0,0.0,0.0,0.0,0.0,0.0,0.0,-8.0,0.0,0.0,0.0,0.0,1.0,0.0,0.0,1200.0,77.0,1626.0,1626.0,16.1,4.0,0.0,4.0,25.7,0.0,0.0,35.7,0.0,0.0,7.3,1.5,0.7,-17.0,0.0,0.0,25.7,-7.0,0.0,0.0,0.0,0.657,0.792,76.8,0.0,0.0,0.0,,0.0,1626.0,62.6,111.2,0.0,0.0,0.0,0.0,345.2,1290.2,345.2,1281.2,352.4,1322.6,356.0,1315.4,0.0,0.0,111.38,349.7,319.1,80.78,0.24188888888888888,2401.054333333333,0.025,386.6,2026-02-13 17:11:43-08:00,349.7,287.09999999999997,48.779999999999994,0.48,0.48,True
411.06,2.0,8.0,2026-02-14 01:18:28,37.07743,-121.5951,274.0,0.1,11.1,-12.6,0.0,0.0,0.0,0.0,0.0,11.4,-0.8,326.0,0.0,120.0,-0.0,-0.01,1.0,0.0,68.0,0.0,30.11,337.0,0.0,0.0,326.0,0.0,0.0,0.0,0.0,0.0,0.0,0.0,0.0,0.0,0.0,0.0,0.0,0.0,0.0,0.0,-8.0,0.0,0.0,0.0,0.0,1.0,0.0,0.0,1200.0,79.0,1741.0,1741.0,16.8,4.3,0.0,4.3,25.6,0.0,0.0,35.6,0.0,0.0,7.3,1.5,0.7,-17.0,0.0,0.0,25.6,-7.0,0.0,0.0,0.0,0.662,0.792,79.3,0.0,0.0,9.0,R,0.0,1741.0,62.6,111.2,0.0,0.0,0.0,0.0,345.2,1290.2,345.2,1281.2,352.4,1326.2,356.0,1315.4,0.0,0.0,111.38,349.7,319.1,80.78,0.24304166666666666,2401.223,0.023255813953488375,386.6,2026-02-13 17:11:43-08:00,349.7,287.09999999999997,48.779999999999994,0.48,0.48,True
412.06,2.0,8.0,2026-02-14 01:18:29,37.07743,-121.59509,275.0,0.2,11.1,-12.6,0.0,0.0,0.0,0.0,0.0,11.4,-0.9,325.9,0.0,120.0,-0.1,-0.02,1.0,0.0,97.0,0.0,30.11,338.0,0.0,0.0,326.0,0.0,0.0,0.0,0.0,0.0,0.0,0.0,0.0,0.0,0.0,0.0,0.0,-1.0,0.0,0.0,-10.0,0.0,0.0,0.0,0.0,1.0,0.0,0.0,1200.0,84.0,1928.0,1928.0,18.0,4.7,0.0,4.7,25.5,0.0,0.0,35.6,0.0,0.0,7.3,1.5,0.7,-17.0,0.0,0.0,25.5,-7.0,0.0,0.0,0.0,0.662,0.792,84.2,0.0,0.0,18.0,R,0.0,1928.0,62.6,111.2,0.0,0.0,0.0,0.0,345.2,1292.0,347.0,1284.8,354.2,1326.2,356.0,1319.0,0.0,0.0,111.38,350.6,320.0,80.78,0.24429166666666666,2401.4759999999997,0.0425531914893617,386.6,2026-02-13 17:11:43-08:00,350.6,288.0,48.779999999999994,0.48,0.48,True
413.06,2.0,8.0,2026-02-14 01:18:30,37.07743,-121.59509,275.0,0.0,11.1,-12.6,0.0,0.0,0.0,0.0,0.0,11.5,-0.8,325.8,0.0,120.0,-0.1,-0.02,1.0,0.0,96.0,0.0,30.11,338.0,0.0,0.0,326.0,0.0,0.0,0.0,0.0,0.0,0.0,0.0,0.0,0.0,0.0,0.0,0.0,-1.0,0.0,0.0,-12.0,0.0,0.0,0.0,0.0,1.0,0.0,0.0,1200.0,85.0,1967.0,1967.0,18.0,5.1,0.0,5.1,25.5,0.0,0.0,35.6,0.0,0.0,7.4,1.5,0.7,-17.0,0.0,0.0,25.5,-7.0,0.0,0.0,0.0,0.664,0.791,85.5,0.0,0.0,23.0,R,0.0,1967.0,62.6,111.2,0.0,0.0,0.0,0.0,345.2,1293.8,347.0,1286.6,354.2,1331.6,357.8,1322.6,0.0,0.0,111.56,351.05,320.45,80.96000000000001,0.24565277777777778,2401.6446666666666,0.0,386.6,2026-02-13 17:11:43-08:00,351.05,288.45,48.96,0.48,0.48,True
414.06,2.0,8.0,2026-02-14 01:18:31,37.07743,-121.59509,275.0,0.1,11.1,-12.6,0.0,0.0,0.0,0.0,0.0,11.4,-0.9,325.8,0.0,121.0,-0.0,-0.02,1.0,0.0,23.0,0.0,30.11,338.0,0.0,0.0,326.0,0.0,0.0,0.0,0.0,0.0,0.0,0.0,0.0,0.0,0.0,0.0,0.0,-1.0,0.0,0.0,1.0,0.0,0.0,0.0,0.0,1.0,0.0,0.0,1200.0,87.0,2004.0,2004.0,18.1,5.4,0.0,5.4,25.4,0.0,0.0,35.6,0.0,0.0,7.3,1.5,0.7,-17.0,0.0,0.0,25.4,-7.0,0.0,0.0,0.0,0.668,0.792,86.5,0.0,0.0,26.0,R,0.0,2004.0,62.6,111.2,0.0,0.0,0.0,0.0,347.0,1295.6,347.0,1292.0,354.2,1335.2,357.8,1326.2,0.0,0.0,111.92,351.5,320.9,81.32,0.24711111111111111,2401.729,0.018518518518518517,386.6,2026-02-13 17:11:43-08:00,351.5,288.9,49.32,0.48,0.48,True
415.06,2.0,8.0,2026-02-14 01:18:32,37.07743,-121.59509,275.0,0.1,11.1,-12.6,0.0,0.0,0.0,0.0,0.0,11.4,-0.9,325.8,0.0,121.0,-0.0,-0.01,0.9,0.0,24.0,0.0,30.11,339.0,0.0,0.0,326.0,0.0,0.0,0.0,0.0,0.0,0.0,0.0,0.0,0.0,0.0,0.0,0.0,-1.0,0.0,0.0,-2.0,0.0,0.0,0.0,0.0,1.0,0.0,0.0,1200.0,86.0,1993.0,1993.0,18.1,5.6,0.0,5.6,25.5,0.0,0.0,35.6,0.0,0.0,7.1,1.5,0.7,-17.0,0.0,0.0,25.5,-7.0,0.0,0.0,0.0,0.664,0.792,86.2,0.0,0.0,27.0,R,0.0,1993.0,62.6,111.2,0.0,0.0,0.0,0.0,347.0,1297.4,348.8,1293.8,354.2,1337.0,357.8,1329.8,0.0,0.0,111.92,351.95,321.35,81.32,0.24863888888888888,2401.8976666666667,0.01785714285714286,386.6,2026-02-13 17:11:43-08:00,351.95,289.34999999999997,49.32,0.48,0.48,True
416.06,2.0,8.0,2026-02-14 01:18:33,37.07743,-121.59509,275.0,0.0,11.1,-12.6,0.0,0.0,0.0,0.0,0.0,11.4,-0.8,325.7,0.0,121.0,-0.1,-0.01,1.0,0.0,-28.0,0.0,30.11,339.0,0.0,0.0,326.0,0.0,0.0,0.0,0.0,0.0,0.0,0.0,0.0,0.0,0.0,0.0,0.0,-2.0,0.0,0.0,-7.0,0.0,0.0,0.0,0.0,1.0,0.0,0.0,1200.0,86.0,1981.0,1981.0,18.0,5.7,0.0,5.7,25.5,0.0,0.0,35.6,0.0,0.0,7.1,1.5,0.7,-17.0,0.0,0.0,25.5,-7.0,0.0,0.0,0.0,0.664,0.791,85.7,0.0,0.0,27.0,R,0.0,1981.0,62.6,111.2,0.0,0.0,0.0,0.0,347.0,1297.4,348.8,1295.6,356.0,1338.8,359.6,1333.4,0.0,0.0,111.92,352.85,322.25,81.32,0.2502083333333333,2401.982,0.0,386.6,2026-02-13 17:11:43-08:00,352.85,290.25,49.32,0.48,0.48,True
417.06,2.0,8.0,2026-02-14 01:18:34,37.07743,-121.59509,275.0,0.0,11.1,-12.6,0.0,0.0,0.0,0.0,0.0,11.3,-0.9,325.7,0.0,121.0,-0.1,-0.02,1.0,0.0,19.0,0.0,30.11,339.0,0.0,0.0,326.0,0.0,0.0,0.0,0.0,0.0,0.0,0.0,0.0,0.0,0.0,0.0,0.0,-2.0,0.0,0.0,-7.0,0.0,0.0,0.0,0.0,1.0,0.0,0.0,1200.0,86.0,1979.0,1979.0,17.9,5.9,0.0,5.9,25.6,0.0,0.0,35.6,0.0,0.0,7.2,1.5,0.7,-17.0,0.0,0.0,25.6,-7.0,0.0,0.0,0.0,0.663,0.791,85.6,0.0,0.0,27.0,R,0.0,1979.0,62.6,111.2,0.0,0.0,0.0,0.0,348.8,1297.4,348.8,1297.4,356.0,1338.8,359.6,1333.4,0.0,0.0,111.92,353.3,322.7,81.32,0.25181944444444443,2401.982,0.0,386.6,2026-02-13 17:11:43-08:00,353.3,290.7,49.32,0.48,0.48,True
418.06,2.0,8.0,2026-02-14 01:18:35,37.07743,-121.59509,274.0,0.1,11.1,-12.6,0.0,0.0,0.0,0.0,0.0,11.4,-0.8,325.7,0.0,121.0,-0.1,-0.01,1.0,0.0,-13.0,0.0,30.11,339.0,0.0,0.0,326.0,0.0,0.0,0.0,0.0,0.0,0.0,0.0,0.0,0.0,0.0,0.0,0.0,-2.0,0.0,0.0,-7.0,0.0,0.0,0.0,0.0,1.0,0.0,0.0,1200.0,85.0,1976.0,1976.0,17.9,6.0,0.0,6.0,25.6,0.0,0.0,35.6,0.0,0.0,7.4,1.5,0.7,-17.0,0.0,0.0,25.6,-7.0,0.0,0.0,0.0,0.665,0.791,85.3,0.0,0.0,27.0,R,0.0,1976.0,62.6,111.2,0.0,0.0,0.0,0.0,348.8,1297.4,350.6,1297.4,357.8,1340.6,361.4,1335.2,0.0,0.0,112.1,354.65,324.05,81.5,0.2534722222222222,2402.066333333333,0.016666666666666666,386.6,2026-02-13 17:11:43-08:00,354.65000000000003,292.05,49.49999999999999,0.48,0.48,True
419.06,2.0,8.0,2026-02-14 01:18:36,37.07743,-121.59509,273.0,0.1,11.1,-12.6,0.0,0.0,0.0,0.0,0.0,11.4,-0.9,325.7,0.0,121.0,-0.1,-0.01,0.9,0.0,-16.0,0.0,30.11,339.0,0.0,0.0,326.0,0.0,0.0,0.0,0.0,0.0,0.0,0.0,0.0,0.0,0.0,0.0,0.0,-2.0,0.0,0.0,-1.0,0.0,0.0,0.0,0.0,1.0,0.0,0.0,1200.0,85.0,1975.0,1975.0,17.9,6.0,0.0,6.0,25.6,0.0,0.0,35.6,0.0,0.0,7.4,1.5,0.7,-17.0,0.0,0.0,25.6,-7.0,0.0,0.0,0.0,0.67,0.792,85.4,0.0,0.0,27.0,R,0.0,1975.0,62.6,113.0,0.0,0.0,0.0,0.0,350.6,1299.2,350.6,1299.2,357.8,1340.6,361.4,1337.0,0.0,0.0,112.46,355.1,324.5,81.86,0.2551388888888889,2402.2349999999997,0.016666666666666666,386.6,2026-02-13 17:11:43-08:00,355.1,292.5,49.85999999999999,0.48,0.48,True
420.06,2.0,8.0,2026-02-14 01:18:37,37.07743,-121.59509,274.0,0.0,11.1,-12.6,0.0,0.0,0.0,0.0,0.0,11.4,-0.7,325.6,0.0,121.0,-0.0,-0.01,1.0,0.0,8.0,0.0,30.11,339.0,0.0,0.0,326.0,0.0,0.0,0.0,0.0,0.0,0.0,0.0,0.0,0.0,0.0,0.0,0.0,-2.0,0.0,0.0,-2.0,0.0,0.0,0.0,0.0,1.0,0.0,0.0,1200.0,84.0,1857.0,1857.0,18.0,6.1,0.0,6.1,25.6,0.0,0.0,35.6,0.0,0.0,7.1,1.5,0.7,-17.0,0.0,0.0,25.6,-7.0,0.0,0.0,0.0,0.669,0.792,84.0,0.0,0.0,26.0,R,0.0,1857.0,62.6,113.0,0.0,0.0,0.0,0.0,350.6,1301.0,352.4,1304.6,357.8,1344.2,361.4,1342.4,0.0,0.0,112.46,355.55,324.95,81.86,0.25681944444444443,2402.3193333333334,0.0,386.6,2026-02-13 17:11:43-08:00,355.54999999999995,292.94999999999993,49.85999999999999,0.48,0.48,True
421.06,2.0,8.0,2026-02-14 01:18:38,37.07743,-121.59509,274.0,0.0,11.1,-12.6,0.0,0.0,0.0,0.0,0.0,11.4,-0.8,325.6,0.0,121.0,-0.1,-0.01,1.0,0.0,16.0,0.0,30.11,339.0,0.0,0.0,326.0,0.0,0.0,0.0,0.0,0.0,0.0,0.0,0.0,0.0,0.0,0.0,0.0,-2.0,0.0,0.0,0.0,0.0,0.0,0.0,0.0,1.0,0.0,0.0,1200.0,80.0,1749.0,1749.0,19.2,6.1,0.0,6.1,25.5,0.0,0.0,35.6,0.0,0.0,7.1,1.5,0.7,-17.0,0.0,0.0,25.5,-7.0,0.0,0.0,0.0,0.663,0.792,79.6,0.0,0.0,25.0,R,0.0,1749.0,62.6,113.0,0.0,0.0,0.0,0.0,350.6,1320.8,352.4,1322.6,357.8,1369.4,363.2,1358.6,0.0,0.0,112.28,356.0,325.4,81.68,0.2585138888888889,2402.3193333333334,0.0,386.6,2026-02-13 17:11:43-08:00,356.0,293.4,49.68,0.48,0.48,True
422.06,2.0,8.0,2026-02-14 01:18:39,37.07743,-121.59509,273.0,0.0,11.1,-12.6,0.0,0.0,0.0,0.0,0.0,11.4,-0.8,325.6,0.0,121.0,-0.0,-0.02,1.0,0.0,21.0,0.0,30.11,339.0,0.0,0.0,326.0,0.0,0.0,0.0,0.0,0.0,0.0,0.0,0.0,0.0,0.0,0.0,0.0,-2.0,0.0,0.0,-1.0,0.0,0.0,0.0,0.0,1.0,0.0,0.0,1200.0,81.0,1844.0,1844.0,19.4,6.1,0.0,6.1,25.6,0.0,0.0,35.6,0.0,0.0,7.2,1.5,0.7,-17.0,0.0,0.0,25.6,-7.0,0.0,0.0,0.0,0.668,0.793,80.5,0.0,0.0,27.0,R,0.0,1844.0,62.6,113.0,0.0,0.0,0.0,0.0,350.6,1333.4,352.4,1337.0,359.6,1385.6,363.2,1369.4,0.0,0.0,112.46,356.45,325.85,81.86,0.2602083333333333,2402.3193333333334,0.0,386.6,2026-02-13 17:11:43-08:00,356.44999999999993,293.8499999999999,49.85999999999999,0.48,0.48,True
423.06,2.0,8.0,2026-02-14 01:18:40,37.07743,-121.59509,273.0,0.1,11.1,-12.6,0.0,0.0,0.0,0.0,0.0,11.4,-0.8,325.6,0.0,121.0,-0.1,-0.01,1.0,0.0,48.0,0.0,30.11,339.0,0.0,0.0,326.0,0.0,0.0,0.0,0.0,0.0,0.0,0.0,0.0,0.0,0.0,0.0,0.0,-2.0,0.0,0.0,-1.0,0.0,0.0,0.0,0.0,1.0,0.0,0.0,1200.0,85.0,1959.0,1959.0,18.6,6.2,0.0,6.2,25.7,0.0,0.0,35.6,0.0,0.0,7.3,1.5,0.7,-17.0,0.0,0.0,25.7,-7.0,0.0,0.0,0.0,0.662,0.792,85.1,0.0,0.0,29.0,R,0.0,1959.0,62.6,113.0,0.0,0.0,0.0,0.0,350.6,1329.8,352.4,1335.2,359.6,1382.0,363.2,1365.8,0.0,0.0,112.64,356.45,325.85,82.03999999999999,0.2619166666666667,2402.4036666666666,0.016129032258064516,386.6,2026-02-13 17:11:43-08:00,356.44999999999993,293.8499999999999,50.04,0.48,0.48,True
424.06,2.0,8.0,2026-02-14 01:18:41,37.07744,-121.59509,274.0,0.1,11.1,-12.6,0.0,0.0,0.0,0.0,0.0,11.4,-0.8,325.6,0.0,122.0,-0.1,-0.01,0.9,0.0,88.0,0.0,30.11,339.0,0.0,0.0,326.0,0.0,0.0,0.0,0.0,0.0,0.0,0.0,0.0,0.0,0.0,0.0,0.0,-2.0,0.0,0.0,-1.0,0.0,0.0,0.0,0.0,1.0,0.0,0.0,1200.0,85.0,1972.0,1972.0,18.2,6.2,0.0,6.2,25.6,0.0,0.0,35.6,0.0,0.0,7.4,1.5,0.7,-17.0,0.0,0.0,25.6,-7.0,0.0,0.0,0.0,0.66,0.792,85.3,0.0,0.0,28.0,R,0.0,1972.0,62.6,113.0,0.0,0.0,0.0,0.0,352.4,1324.4,352.4,1329.8,359.6,1374.8,365.0,1364.0,0.0,0.0,113.0,357.35,326.75,82.4,0.26363888888888887,2402.572333333333,0.016129032258064516,386.6,2026-02-13 17:11:43-08:00,357.35,294.75,50.4,0.48,0.48,True
425.06,2.0,8.0,2026-02-14 01:18:42,37.07743,-121.59509,275.0,0.0,11.1,-12.6,0.0,0.0,0.0,0.0,0.0,11.4,-0.8,325.6,0.0,124.0,-0.1,-0.02,1.0,0.0,75.0,0.0,30.11,339.0,0.0,0.0,326.0,0.0,0.0,0.0,0.0,0.0,0.0,0.0,0.0,0.0,0.0,0.0,0.0,-2.0,0.0,0.0,-2.0,0.0,0.0,0.0,0.0,1.0,0.0,0.0,1200.0,85.0,1958.0,1958.0,18.2,6.2,0.0,6.2,25.6,0.0,0.0,35.6,0.0,0.0,7.1,1.5,0.7,-17.0,0.0,0.0,25.6,-7.0,0.0,0.0,0.0,0.663,0.791,85.2,0.0,0.0,28.0,R,0.0,1958.0,62.6,113.0,0.0,0.0,0.0,0.0,352.4,1322.6,352.4,1326.2,359.6,1369.4,365.0,1362.2,0.0,0.0,113.18,357.35,326.75,82.58,0.2653611111111111,2402.6566666666668,0.0,386.6,2026-02-13 17:11:43-08:00,357.35,294.75,50.580000000000005,0.48,0.48,True
426.06,2.0,8.0,2026-02-14 01:18:43,37.07743,-121.59509,275.0,0.1,11.1,-12.6,0.0,0.0,0.0,0.0,0.0,11.4,-0.8,325.5,0.0,124.0,-0.0,-0.01,0.9,0.0,20.0,0.0,30.11,339.0,0.0,0.0,326.0,0.0,0.0,0.0,0.0,0.0,0.0,0.0,0.0,0.0,0.0,0.0,0.0,-2.0,0.0,0.0,-2.0,0.0,0.0,0.0,0.0,1.0,0.0,0.0,1200.0,82.0,1857.0,1857.0,18.4,6.2,0.0,6.2,25.6,0.0,0.0,35.6,0.0,0.0,7.1,1.5,0.7,-17.0,0.0,0.0,25.6,-7.0,0.0,0.0,0.0,0.668,0.795,82.5,0.0,0.0,26.0,R,0.0,1857.0,62.6,113.0,0.0,0.0,0.0,0.0,352.4,1333.4,352.4,1335.2,359.6,1374.8,365.0,1371.2,0.0,0.0,113.0,357.35,326.75,82.4,0.26708333333333334,2402.741,0.016129032258064516,386.6,2026-02-13 17:11:43-08:00,357.35,294.75,50.4,0.48,0.48,True
427.06,2.0,8.0,2026-02-14 01:18:44,37.07743,-121.59508,276.0,0.1,11.1,-12.6,0.0,0.0,0.0,0.0,0.0,11.5,-0.8,325.5,0.0,124.0,-0.1,-0.01,1.0,0.0,8.0,0.0,30.11,343.0,0.0,0.0,326.0,0.0,0.0,0.0,0.0,0.0,0.0,0.0,0.0,0.0,0.0,0.0,0.0,-2.0,0.0,0.0,-2.0,0.0,0.0,0.0,0.0,1.0,0.0,0.0,1200.0,82.0,1850.0,1850.0,18.6,6.2,0.0,6.2,25.6,0.0,0.0,35.6,0.0,0.0,7.2,1.5,0.7,-17.0,0.0,0.0,25.6,-7.0,0.0,0.0,0.0,0.669,0.795,82.1,0.0,0.0,26.0,R,0.0,1850.0,62.6,113.0,0.0,0.0,0.0,0.0,352.4,1344.2,352.4,1344.2,359.6,1382.0,365.0,1380.2,0.0,0.0,113.18,357.35,326.75,82.58,0.2688055555555556,2402.9096666666665,0.016129032258064516,386.6,2026-02-13 17:11:43-08:00,357.35,294.75,50.580000000000005,0.48,0.48,True
428.06,2.0,8.0,2026-02-14 01:18:45,37.07743,-121.59508,276.0,0.1,11.1,-12.6,0.0,0.0,0.0,0.0,0.0,11.4,-0.9,325.6,0.0,124.0,-0.0,-0.01,1.0,0.0,25.0,0.0,30.11,343.0,0.0,0.0,326.0,0.0,0.0,0.0,0.0,0.0,0.0,0.0,0.0,0.0,0.0,0.0,0.0,-2.0,0.0,0.0,-4.0,0.0,0.0,0.0,0.0,1.0,0.0,0.0,1200.0,84.0,1944.0,1944.0,18.7,6.2,0.0,6.2,25.6,0.0,0.0,35.6,0.0,0.0,7.3,1.5,0.7,-17.0,0.0,0.0,25.6,-7.0,0.0,0.0,0.0,0.671,0.792,84.1,0.0,0.0,27.0,R,0.0,1944.0,62.6,113.0,0.0,0.0,0.0,0.0,352.4,1342.4,352.4,1347.8,361.4,1382.0,365.0,1383.8,0.0,0.0,113.18,357.8,327.2,82.58,0.27052777777777776,2403.0783333333334,0.016129032258064516,386.6,2026-02-13 17:11:43-08:00,357.79999999999995,295.19999999999993,50.580000000000005,0.48,0.48,True
429.06,2.0,8.0,2026-02-14 01:18:46,37.07743,-121.59508,276.0,0.1,11.1,-12.6,0.0,0.0,0.0,0.0,0.0,11.4,-0.9,325.5,0.0,124.0,-0.1,-0.02,0.9,0.0,37.0,0.0,30.11,343.0,0.0,0.0,326.0,0.0,0.0,0.0,0.0,0.0,0.0,0.0,0.0,0.0,0.0,0.0,0.0,-2.0,0.0,0.0,-3.0,0.0,0.0,0.0,0.0,1.0,0.0,0.0,1200.0,85.0,1973.0,1973.0,18.2,6.2,0.0,6.2,25.7,0.0,0.0,35.6,0.0,0.0,7.4,1.5,0.7,-17.0,0.0,0.0,25.7,-7.0,0.0,0.0,0.0,0.667,0.792,85.0,0.0,0.0,28.0,R,0.0,1973.0,62.6,113.0,0.0,0.0,0.0,0.0,352.4,1335.2,352.4,1342.4,361.4,1376.6,365.0,1376.6,0.0,0.0,113.54,357.8,327.2,82.94,0.27225,2403.247,0.016129032258064516,386.6,2026-02-13 17:11:43-08:00,357.79999999999995,295.19999999999993,50.940000000000005,0.48,0.48,True
430.06,2.0,8.0,2026-02-14 01:18:47,37.07743,-121.59508,276.0,0.1,11.1,-12.6,0.0,0.0,0.0,0.0,0.0,11.4,-0.8,325.5,0.0,124.0,-0.0,-0.02,1.0,0.0,41.0,0.0,30.11,343.0,0.0,0.0,326.0,0.0,0.0,0.0,0.0,0.0,0.0,0.0,0.0,0.0,0.0,0.0,0.0,-2.0,0.0,0.0,-5.0,0.0,0.0,0.0,0.0,1.0,0.0,0.0,1200.0,85.0,1971.0,1971.0,18.1,6.3,0.0,6.3,25.7,0.0,0.0,35.6,0.0,0.0,7.2,1.5,0.7,-17.0,0.0,0.0,25.7,-7.0,0.0,0.0,0.0,0.665,0.792,84.8,0.0,0.0,28.0,R,0.0,1971.0,62.6,113.0,0.0,0.0,0.0,0.0,352.4,1329.8,354.2,1338.8,361.4,1371.2,365.0,1371.2,0.0,0.0,113.72,358.25,327.65,83.12,0.2739861111111111,2403.4156666666663,0.015873015873015876,386.6,2026-02-13 17:11:43-08:00,358.25,295.65,51.12,0.48,0.48,True
431.06,2.0,8.0,2026-02-14 01:18:48,37.07743,-121.59508,275.0,0.0,11.1,-12.6,0.0,0.0,0.0,0.0,0.0,11.4,-0.9,325.5,0.0,125.0,-0.0,-0.02,1.0,0.0,31.0,0.0,30.11,343.0,0.0,0.0,326.0,0.0,0.0,0.0,0.0,0.0,0.0,0.0,0.0,0.0,0.0,0.0,0.0,-2.0,0.0,0.0,1.0,0.0,0.0,0.0,0.0,1.0,0.0,0.0,1200.0,85.0,1975.0,1975.0,18.1,6.3,0.0,6.3,25.7,0.0,0.0,35.6,0.0,0.0,7.0,1.5,0.7,-17.0,0.0,0.0,25.7,-7.0,0.0,0.0,0.0,0.663,0.791,85.1,0.0,0.0,28.0,R,0.0,1975.0,62.6,113.0,0.0,0.0,0.0,0.0,352.4,1326.2,354.2,1333.4,361.4,1367.6,365.0,1367.6,0.0,0.0,113.54,358.25,327.65,82.94,0.2757361111111111,2403.5,0.0,386.6,2026-02-13 17:11:43-08:00,358.25,295.65,50.940000000000005,0.48,0.48,True
432.06,2.0,8.0,2026-02-14 01:18:49,37.07744,-121.59509,275.0,0.0,11.1,-12.6,0.0,0.0,0.0,0.0,0.0,11.4,-0.9,325.5,0.0,125.0,-0.0,-0.02,1.0,0.0,15.0,0.0,30.11,343.0,0.0,0.0,326.0,0.0,0.0,0.0,0.0,0.0,0.0,0.0,0.0,0.0,0.0,0.0,0.0,-1.0,0.0,0.0,-14.0,0.0,0.0,0.0,0.0,1.0,0.0,0.0,1200.0,85.0,1972.0,1972.0,17.9,6.3,0.0,6.3,25.6,0.0,0.0,35.6,0.0,0.0,7.1,1.5,0.7,-17.0,0.0,0.0,25.6,-7.0,0.0,0.0,0.0,0.664,0.792,84.8,0.0,0.0,27.0,R,0.0,1972.0,62.6,113.0,0.0,0.0,0.0,0.0,352.4,1322.6,354.2,1329.8,361.4,1364.0,366.8,1365.8,0.0,0.0,113.72,358.7,328.1,83.12,0.2774861111111111,2403.5,0.0,386.6,2026-02-13 17:11:43-08:00,358.70000000000005,296.1,51.12,0.48,0.48,True
433.06,2.0,8.0,2026-02-14 01:18:50,37.07744,-121.59509,275.0,0.1,11.1,-12.6,0.0,0.0,0.0,0.0,0.0,11.4,-0.9,325.4,0.0,125.0,-0.0,-0.02,1.1,0.0,54.0,0.0,30.11,344.0,0.0,0.0,326.0,0.0,0.0,0.0,0.0,0.0,0.0,0.0,0.0,0.0,0.0,0.0,0.0,-1.0,0.0,0.0,2.0,0.0,0.0,0.0,0.0,1.0,0.0,0.0,1200.0,85.0,1975.0,1975.0,17.9,6.3,0.0,6.3,25.6,0.0,0.0,35.6,0.0,0.0,7.3,1.5,0.7,-17.0,0.0,0.0,25.6,-7.0,0.0,0.0,0.0,0.665,0.792,85.0,0.0,0.0,27.0,R,0.0,1975.0,62.6,113.0,0.0,0.0,0.0,0.0,352.4,1319.0,354.2,1326.2,361.4,1360.4,366.8,1364.0,0.0,0.0,113.72,358.7,328.1,83.12,0.27923611111111113,2403.5843333333332,0.015873015873015876,386.6,2026-02-13 17:11:43-08:00,358.70000000000005,296.1,51.12,0.48,0.48,True
434.06,2.0,8.0,2026-02-14 01:18:51,37.07744,-121.59508,273.0,0.1,11.1,-12.6,0.0,0.0,0.0,0.0,0.0,11.4,-0.9,325.4,0.0,126.0,-0.0,-0.01,0.9,0.0,22.0,0.0,30.11,344.0,0.0,0.0,326.0,0.0,0.0,0.0,0.0,0.0,0.0,0.0,0.0,0.0,0.0,0.0,0.0,-1.0,0.0,0.0,0.0,0.0,0.0,0.0,0.0,1.0,0.0,0.0,1200.0,85.0,1968.0,1968.0,17.9,6.3,0.0,6.3,25.6,0.0,0.0,35.6,0.0,0.0,7.4,1.5,0.7,-17.0,0.0,0.0,25.6,-7.0,0.0,0.0,0.0,0.667,0.793,84.6,0.0,0.0,27.0,R,0.0,1968.0,62.6,114.8,0.0,0.0,0.0,0.0,354.2,1317.2,356.0,1324.4,363.2,1360.4,368.6,1360.4,0.0,0.0,114.08,360.5,329.9,83.48,0.2809861111111111,2403.7529999999997,0.015873015873015876,386.6,2026-02-13 17:11:43-08:00,360.5,297.9,51.48,0.48,0.48,True
435.06,2.0,8.0,2026-02-14 01:18:52,37.07744,-121.59508,272.0,0.1,11.1,-12.6,0.0,0.0,0.0,0.0,0.0,11.4,-0.8,325.5,0.0,126.0,-0.0,-0.02,1.0,0.0,17.0,0.0,30.11,344.0,0.0,0.0,326.0,0.0,0.0,0.0,0.0,0.0,0.0,0.0,0.0,0.0,0.0,0.0,0.0,-1.0,0.0,0.0,-1.0,0.0,0.0,0.0,0.0,1.0,0.0,0.0,1200.0,85.0,1974.0,1974.0,17.9,6.3,0.0,6.3,25.6,0.0,0.0,35.6,0.0,0.0,7.2,1.5,0.7,-17.0,0.0,0.0,25.6,-7.0,0.0,0.0,0.0,0.663,0.795,84.7,0.0,0.0,27.0,R,0.0,1974.0,62.6,114.8,0.0,0.0,0.0,0.0,354.2,1315.4,356.0,1322.6,363.2,1356.8,368.6,1358.6,0.0,0.0,114.26,360.5,329.9,83.66,0.28273611111111113,2403.9216666666666,0.015873015873015876,386.6,2026-02-13 17:11:43-08:00,360.5,297.9,51.660000000000004,0.48,0.48,True
436.06,2.0,8.0,2026-02-14 01:18:53,37.07744,-121.59508,272.0,0.0,11.1,-12.6,0.0,0.0,0.0,0.0,0.0,11.5,-0.8,325.6,0.0,126.0,-0.0,-0.01,1.0,0.0,-3.0,0.0,30.11,346.0,0.0,0.0,326.0,0.0,0.0,0.0,0.0,0.0,0.0,0.0,0.0,0.0,0.0,0.0,0.0,-1.0,0.0,0.0,-2.0,0.0,0.0,0.0,0.0,1.0,0.0,0.0,1200.0,84.0,1952.0,1952.0,17.8,6.3,0.0,6.3,25.6,0.0,0.0,35.6,0.0,0.0,7.0,1.5,0.7,-17.0,0.0,0.0,25.6,-7.0,0.0,0.0,0.0,0.667,0.792,84.2,0.0,0.0,26.0,R,0.0,1952.0,62.6,114.8,0.0,0.0,0.0,0.0,354.2,1311.8,356.0,1320.8,363.2,1355.0,368.6,1356.8,0.0,0.0,114.08,360.5,329.9,83.48,0.2844861111111111,2404.006,0.0,386.6,2026-02-13 17:11:43-08:00,360.5,297.9,51.48,0.48,0.48,True
437.06,2.0,8.0,2026-02-14 01:18:54,37.07744,-121.59508,273.0,0.0,11.1,-12.6,0.0,0.0,0.0,0.0,0.0,11.4,-0.8,325.5,0.0,126.0,-0.0,-0.01,0.9,0.0,26.0,0.0,30.11,346.0,0.0,0.0,326.0,0.0,0.0,0.0,0.0,0.0,0.0,0.0,0.0,0.0,0.0,0.0,0.0,-1.0,0.0,0.0,-1.0,0.0,0.0,0.0,0.0,1.0,0.0,0.0,1200.0,85.0,1989.0,1989.0,17.9,6.3,0.0,6.3,25.6,0.0,0.0,35.6,0.0,0.0,7.1,1.5,0.7,-17.0,0.0,0.0,25.6,-7.0,0.0,0.0,0.0,0.667,0.792,84.8,0.0,0.0,26.0,R,0.0,1989.0,62.6,114.8,0.0,0.0,0.0,0.0,354.2,1311.8,356.0,1319.0,363.2,1355.0,368.6,1356.8,0.0,0.0,114.08,360.5,329.9,83.48,0.28623611111111114,2404.006,0.0,386.6,2026-02-13 17:11:43-08:00,360.5,297.9,51.48,0.48,0.48,True
438.06,2.0,8.0,2026-02-14 01:18:55,37.07743,-121.59508,272.0,0.1,11.1,-12.6,0.0,0.0,0.0,0.0,0.0,11.5,-0.9,325.4,0.0,126.0,-0.1,-0.02,0.9,0.0,30.0,0.0,30.11,346.0,0.0,0.0,326.0,0.0,0.0,0.0,0.0,0.0,0.0,0.0,0.0,0.0,0.0,0.0,0.0,-1.0,0.0,0.0,1.0,0.0,0.0,0.0,0.0,1.0,0.0,0.0,1200.0,85.0,1999.0,1999.0,17.9,6.3,0.0,6.3,25.6,0.0,0.0,35.6,0.0,0.0,7.3,1.5,0.7,-17.0,0.0,0.0,25.6,-7.0,0.0,0.0,0.0,0.668,0.793,84.8,0.0,0.0,27.0,R,0.0,1999.0,62.6,114.8,0.0,0.0,0.0,0.0,354.2,1311.8,356.0,1319.0,365.0,1355.0,370.4,1355.0,0.0,0.0,114.26,361.4,330.8,83.66,0.2879861111111111,2404.090333333333,0.015873015873015876,386.6,2026-02-13 17:11:43-08:00,361.40000000000003,298.8,51.660000000000004,0.48,0.48,True
439.06,2.0,8.0,2026-02-14 01:18:56,37.07743,-121.59507,272.0,0.1,11.1,-12.6,0.0,0.0,0.0,0.0,0.0,11.4,-0.9,325.4,0.0,126.0,-0.0,-0.02,1.1,0.0,13.0,0.0,30.11,346.0,0.0,0.0,326.0,0.0,0.0,0.0,0.0,0.0,0.0,0.0,0.0,0.0,0.0,0.0,0.0,-1.0,0.0,0.0,0.0,0.0,0.0,0.0,0.0,1.0,0.0,0.0,1200.0,74.0,1984.0,1984.0,18.1,6.3,0.0,6.3,25.6,0.0,0.0,35.6,0.0,0.0,7.4,1.5,0.7,-17.0,0.0,0.0,25.6,-7.0,0.0,0.0,0.0,0.663,0.792,73.9,0.0,0.0,27.0,R,0.0,1984.0,62.6,114.8,0.0,0.0,0.0,0.0,354.2,1311.8,356.0,1319.0,365.0,1355.0,370.4,1355.0,0.0,0.0,114.62,361.4,330.8,84.02,0.28973611111111114,2404.259,0.015873015873015876,386.6,2026-02-13 17:11:43-08:00,361.40000000000003,298.8,52.02,0.48,0.48,True
440.06,2.0,8.0,2026-02-14 01:18:57,37.07743,-121.59507,272.0,0.1,11.1,-12.6,0.0,0.0,0.0,0.0,0.0,11.4,-0.9,325.4,0.0,127.0,-0.1,-0.01,1.0,0.0,32.0,0.0,30.11,346.0,0.0,0.0,326.0,0.0,0.0,0.0,0.0,0.0,0.0,0.0,0.0,0.0,0.0,0.0,0.0,-1.0,0.0,0.0,-1.0,0.0,0.0,0.0,0.0,1.0,0.0,0.0,1200.0,73.0,1975.0,1975.0,18.2,6.4,0.0,6.4,25.6,0.0,0.0,35.6,0.0,0.0,7.2,1.5,0.7,-17.0,0.0,0.0,25.6,-7.0,0.0,0.0,0.0,0.669,0.792,72.8,0.0,0.0,28.0,R,0.0,1975.0,62.6,114.8,0.0,0.0,0.0,0.0,356.0,1311.8,356.0,1317.2,365.0,1355.0,370.4,1355.0,0.0,0.0,114.8,361.85,331.25,84.2,0.2915,2404.4276666666665,0.015625,386.6,2026-02-13 17:11:43-08:00,361.85,299.25,52.199999999999996,0.48,0.48,True
441.06,2.0,8.0,2026-02-14 01:18:58,37.07743,-121.59507,272.0,0.0,11.1,-12.6,0.0,0.0,0.0,0.0,0.0,11.5,-0.9,325.4,0.0,127.0,-0.0,-0.01,1.0,0.0,-73.0,0.0,30.11,346.0,0.0,0.0,326.0,0.0,0.0,0.0,0.0,0.0,0.0,0.0,0.0,0.0,0.0,0.0,0.0,-1.0,0.0,0.0,2.0,0.0,0.0,0.0,0.0,1.0,0.0,0.0,1200.0,72.0,1568.0,1568.0,21.2,6.3,0.0,6.3,25.4,0.0,0.0,35.6,0.0,0.0,7.1,1.5,0.7,-17.0,0.0,0.0,25.4,-7.0,0.0,0.0,0.0,0.681,0.791,72.0,0.0,0.0,26.0,R,0.0,1568.0,62.6,114.8,0.0,0.0,0.0,0.0,356.0,1302.8,357.8,1310.0,365.0,1346.0,370.4,1346.0,0.0,0.0,114.62,362.3,331.7,84.02,0.2932638888888889,2404.5119999999997,0.0,386.6,2026-02-13 17:11:43-08:00,362.3,299.7,52.02,0.48,0.48,True
442.06,2.0,8.0,2026-02-14 01:18:59,37.07744,-121.59507,273.0,0.1,11.1,-12.6,0.0,0.0,0.0,0.0,0.0,11.4,-0.9,325.4,0.0,127.0,-0.0,-0.02,1.0,0.0,-35.0,0.0,30.11,347.0,0.0,0.0,326.0,0.0,0.0,0.0,0.0,0.0,0.0,0.0,0.0,0.0,0.0,0.0,0.0,-1.0,0.0,0.0,0.0,0.0,0.0,0.0,0.0,1.0,0.0,0.0,1200.0,84.0,1969.0,1969.0,19.6,6.3,0.0,6.3,25.6,0.0,0.0,35.6,0.0,0.0,7.2,1.5,0.7,-17.0,0.0,0.0,25.6,-7.0,0.0,0.0,0.0,0.665,0.792,83.8,0.0,0.0,32.0,R,0.0,1969.0,62.6,114.8,0.0,0.0,0.0,0.0,356.0,1297.4,357.8,1306.4,366.8,1340.6,370.4,1340.6,0.0,0.0,114.8,362.75,332.15,84.2,0.2950138888888889,2404.5963333333334,0.015873015873015876,386.6,2026-02-13 17:11:43-08:00,362.75,300.15,52.199999999999996,0.48,0.48,True
443.06,2.0,8.0,2026-02-14 01:19:00,37.07744,-121.59508,273.0,0.0,11.1,-12.6,0.0,0.0,0.0,0.0,0.0,11.4,-0.8,325.5,0.0,127.0,-0.0,-0.02,1.0,0.0,-21.0,0.0,30.11,347.0,0.0,0.0,326.0,0.0,0.0,0.0,0.0,0.0,0.0,0.0,0.0,0.0,0.0,0.0,0.0,-1.0,0.0,0.0,0.0,0.0,0.0,0.0,0.0,1.0,0.0,0.0,1200.0,84.0,2000.0,2000.0,18.5,6.4,0.0,6.4,25.6,0.0,0.0,35.6,0.0,0.0,7.2,1.5,0.7,-17.0,0.0,0.0,25.6,-7.0,0.0,0.0,0.0,0.677,0.792,83.9,0.0,0.0,31.0,R,0.0,2000.0,62.6,114.8,0.0,0.0,0.0,0.0,356.0,1299.2,357.8,1306.4,366.8,1342.4,370.4,1342.4,0.0,0.0,114.8,362.75,332.15,84.2,0.29677777777777775,2404.6806666666666,0.0,386.6,2026-02-13 17:11:43-08:00,362.75,300.15,52.199999999999996,0.48,0.48,True
444.06,2.0,8.0,2026-02-14 01:19:01,37.07744,-121.59508,273.0,0.0,11.1,-12.6,0.0,0.0,0.0,0.0,0.0,11.5,-0.8,325.5,0.0,127.0,-0.0,-0.02,1.0,0.0,-33.0,0.0,30.11,347.0,0.0,0.0,326.0,0.0,0.0,0.0,0.0,0.0,0.0,0.0,0.0,0.0,0.0,0.0,0.0,-1.0,0.0,0.0,-1.0,0.0,0.0,0.0,0.0,1.0,0.0,0.0,1200.0,81.0,1903.0,1903.0,19.1,6.4,0.0,6.4,25.6,0.0,0.0,35.6,0.0,0.0,7.4,1.5,0.7,-17.0,0.0,0.0,25.6,-7.0,0.0,0.0,0.0,0.677,0.792,81.3,0.0,0.0,29.0,R,0.0,1903.0,62.6,114.8,0.0,0.0,0.0,0.0,356.0,1297.4,357.8,1306.4,366.8,1342.4,372.2,1342.4,0.0,0.0,114.98,363.2,332.6,84.38000000000001,0.2985555555555556,2404.6806666666666,0.0,386.6,2026-02-13 17:11:43-08:00,363.2,300.59999999999997,52.38,0.48,0.48,True
445.06,2.0,8.0,2026-02-14 01:19:02,37.07744,-121.59508,273.0,0.1,11.1,-12.6,0.0,0.0,0.0,0.0,0.0,11.5,-0.7,325.6,0.0,127.0,-0.0,-0.01,1.0,0.0,2.0,0.0,30.11,347.0,0.0,0.0,326.0,0.0,0.0,0.0,0.0,0.0,0.0,0.0,0.0,0.0,0.0,0.0,0.0,-1.0,0.0,0.0,-2.0,0.0,0.0,0.0,0.0,1.0,0.0,0.0,1200.0,85.0,1989.0,1989.0,18.6,6.4,0.0,6.4,25.6,0.0,0.0,35.6,0.0,0.0,7.3,1.5,0.7,-17.0,0.0,0.0,25.6,-7.0,0.0,0.0,0.0,0.674,0.792,84.6,0.0,0.0,30.0,R,0.0,1989.0,62.6,114.8,0.0,0.0,0.0,0.0,357.8,1299.2,357.8,1308.2,366.8,1342.4,372.2,1342.4,0.0,0.0,115.52,363.65,333.05,84.91999999999999,0.30033333333333334,2404.765,0.015625,386.6,2026-02-13 17:11:43-08:00,363.65,301.04999999999995,52.919999999999995,0.48,0.48,True
446.06,2.0,8.0,2026-02-14 01:19:03,37.07744,-121.59508,273.0,0.1,11.1,-12.6,0.0,0.0,0.0,0.0,0.0,11.5,-0.7,325.6,0.0,127.0,-0.0,-0.01,1.0,0.0,6.0,0.0,30.11,347.0,0.0,0.0,326.0,0.0,0.0,0.0,0.0,0.0,0.0,0.0,0.0,0.0,0.0,0.0,0.0,-1.0,0.0,0.0,-3.0,0.0,0.0,0.0,0.0,1.0,0.0,0.0,1200.0,84.0,1929.0,1929.0,17.8,6.3,0.0,6.3,25.7,0.0,0.0,35.6,0.0,0.0,7.0,1.5,0.7,-17.0,0.0,0.0,25.7,-7.0,0.0,0.0,0.0,0.668,0.791,83.7,0.0,0.0,29.0,R,0.0,1929.0,62.6,114.8,0.0,0.0,0.0,0.0,357.8,1299.2,357.8,1308.2,366.8,1344.2,372.2,1344.2,0.0,0.0,115.34,363.65,333.05,84.74,0.30209722222222224,2404.9336666666663,0.015873015873015876,386.6,2026-02-13 17:11:43-08:00,363.65,301.04999999999995,52.74,0.48,0.48,True
447.06,2.0,8.0,2026-02-14 01:19:04,37.07744,-121.59508,273.0,0.1,11.1,-12.6,0.0,0.0,0.0,0.0,0.0,11.5,-0.8,325.6,0.0,127.0,-0.0,-0.01,1.0,0.0,-9.0,0.0,30.11,347.0,0.0,0.0,326.0,0.0,0.0,0.0,0.0,0.0,0.0,0.0,0.0,0.0,0.0,0.0,0.0,-1.0,0.0,0.0,-2.0,0.0,0.0,0.0,0.0,1.0,0.0,0.0,1200.0,76.0,1636.0,1636.0,16.1,6.0,0.0,6.0,25.8,0.0,0.0,35.6,0.0,0.0,7.1,1.5,0.7,-17.0,0.0,0.0,25.8,-7.0,0.0,0.0,0.0,0.673,0.793,76.2,0.0,0.0,0.0,,0.0,1636.0,62.6,114.8,0.0,0.0,0.0,0.0,357.8,1301.0,359.6,1308.2,368.6,1344.2,372.2,1342.4,0.0,0.0,115.34,364.55,333.95,84.74,0.30380555555555555,2405.1023333333333,0.016666666666666666,386.6,2026-02-13 17:11:43-08:00,364.55,301.95,52.74,0.48,0.48,True
448.06,2.0,8.0,2026-02-14 01:19:05,37.07744,-121.59508,272.0,0.1,11.1,-12.6,0.0,0.0,0.0,0.0,0.0,11.5,-0.8,325.6,0.0,127.0,-0.0,-0.01,1.0,0.0,-53.0,0.0,30.11,347.0,0.0,0.0,326.0,0.0,0.0,0.0,0.0,0.0,0.0,0.0,0.0,0.0,0.0,0.0,0.0,-1.0,0.0,0.0,0.0,0.0,0.0,0.0,0.0,1.0,0.0,0.0,1200.0,77.0,1726.0,1726.0,16.7,5.8,0.0,5.8,25.7,0.0,0.0,35.6,0.0,0.0,7.3,1.5,0.7,-17.0,0.0,0.0,25.7,-7.0,0.0,0.0,0.0,0.665,0.792,77.3,0.0,0.0,13.0,R,0.0,1726.0,62.6,114.8,0.0,0.0,0.0,0.0,357.8,1301.0,357.8,1304.6,368.6,1342.4,372.2,1338.8,0.0,0.0,115.52,364.1,333.5,84.91999999999999,0.30544444444444446,2405.2709999999997,0.017241379310344827,386.6,2026-02-13 17:11:43-08:00,364.09999999999997,301.49999999999994,52.919999999999995,0.48,0.48,True
449.06,2.0,8.0,2026-02-14 01:19:06,37.07744,-121.59508,272.0,0.0,11.1,-12.6,0.0,0.0,0.0,0.0,0.0,11.5,-0.8,325.5,0.0,127.0,-0.0,-0.01,1.0,0.0,2.0,0.0,30.11,347.0,0.0,0.0,326.0,0.0,0.0,0.0,0.0,0.0,0.0,0.0,0.0,0.0,0.0,0.0,0.0,-1.0,0.0,0.0,0.0,0.0,0.0,0.0,0.0,1.0,0.0,0.0,1200.0,82.0,1910.0,1910.0,17.8,5.8,0.0,5.8,25.6,0.0,0.0,35.6,0.0,0.0,7.4,1.5,0.7,-17.0,0.0,0.0,25.6,-7.0,0.0,0.0,0.0,0.66,0.792,81.6,0.0,0.0,17.0,R,0.0,1910.0,62.6,114.8,0.0,0.0,0.0,0.0,356.0,1301.0,357.8,1304.6,368.6,1342.4,372.2,1340.6,0.0,0.0,115.7,363.65,333.05,85.1,0.3070555555555556,2405.3553333333334,0.0,386.6,2026-02-13 17:11:43-08:00,363.65,301.04999999999995,53.1,0.48,0.48,True
450.06,2.0,8.0,2026-02-14 01:19:07,37.07744,-121.59507,272.0,0.1,11.1,-12.6,0.0,0.0,0.0,0.0,0.0,11.4,-0.8,325.4,0.0,127.0,-0.1,-0.01,0.9,0.0,93.0,0.0,30.11,347.0,0.0,0.0,326.0,0.0,0.0,0.0,0.0,0.0,0.0,0.0,0.0,0.0,0.0,0.0,0.0,-1.0,0.0,0.0,0.0,0.0,0.0,0.0,0.0,1.0,0.0,0.0,1200.0,85.0,2142.0,2142.0,19.3,6.1,0.0,6.1,25.4,0.0,0.0,35.6,0.0,0.0,7.3,1.5,0.7,-17.0,0.0,0.0,25.4,-7.0,0.0,0.0,0.0,0.679,0.793,85.4,0.0,0.0,27.0,R,0.0,2142.0,62.6,116.6,0.0,0.0,0.0,0.0,357.8,1302.8,357.8,1304.6,368.6,1347.8,374.0,1342.4,0.0,0.0,116.06,364.55,333.95,85.46000000000001,0.30870833333333336,2405.4396666666667,0.01639344262295082,386.6,2026-02-13 17:11:43-08:00,364.55,301.95,53.46,0.48,0.48,True
451.06,2.0,8.0,2026-02-14 01:19:08,37.07744,-121.59507,271.0,0.1,11.1,-12.6,0.0,0.0,0.0,0.0,0.0,11.4,-0.9,325.3,0.0,128.0,-0.1,-0.01,1.1,0.0,102.0,0.0,30.11,347.0,0.0,0.0,326.0,0.0,0.0,0.0,0.0,0.0,0.0,0.0,0.0,0.0,0.0,0.0,0.0,-1.0,0.0,0.0,2.0,0.0,0.0,0.0,0.0,1.0,0.0,0.0,1200.0,87.0,2245.0,2245.0,20.1,6.6,0.0,6.6,25.1,0.0,0.0,35.6,0.0,0.0,7.0,1.5,0.7,-17.0,0.0,0.0,25.1,-7.0,0.0,0.0,0.0,0.677,0.792,86.7,0.0,0.0,37.0,R,0.0,2245.0,62.6,116.6,0.0,0.0,0.0,0.0,357.8,1308.2,359.6,1311.8,368.6,1347.8,372.2,1344.2,0.0,0.0,116.06,364.55,333.95,85.46000000000001,0.3104722222222222,2405.608333333333,0.015151515151515154,386.6,2026-02-13 17:11:43-08:00,364.55,301.95,53.46,0.48,0.48,True
452.06,2.0,8.0,2026-02-14 01:19:09,37.07744,-121.59507,272.0,0.1,11.1,-12.6,0.0,0.0,0.0,0.0,0.0,11.3,-0.9,325.3,0.0,130.0,-0.1,-0.01,1.0,0.0,83.0,0.0,30.11,347.0,0.0,0.0,326.0,0.0,0.0,0.0,0.0,0.0,0.0,0.0,0.0,0.0,0.0,0.0,0.0,-1.0,0.0,0.0,1.0,0.0,0.0,0.0,0.0,1.0,0.0,0.0,1200.0,88.0,2328.0,2328.0,20.9,7.0,0.0,7.0,25.0,0.0,0.0,35.6,0.0,0.0,7.0,1.5,0.7,-17.0,0.0,0.0,25.0,-7.0,0.0,0.0,0.0,0.673,0.793,87.8,0.0,0.0,44.0,R,0.0,2328.0,62.6,116.6,0.0,0.0,0.0,0.0,357.8,1315.4,359.6,1317.2,368.6,1349.6,374.0,1346.0,0.0,0.0,116.06,365.0,334.4,85.46000000000001,0.3123611111111111,2405.777,0.014285714285714287,386.6,2026-02-13 17:11:43-08:00,365.0,302.4,53.46,0.48,0.48,True
453.06,2.0,8.0,2026-02-14 01:19:10,37.07744,-121.59507,272.0,0.1,11.1,-12.6,0.0,0.0,0.0,0.0,0.0,11.4,-0.9,325.1,0.0,130.0,-0.1,-0.01,1.0,0.0,62.0,0.0,30.11,347.0,0.0,0.0,326.0,0.0,0.0,0.0,0.0,0.0,0.0,0.0,0.0,0.0,0.0,0.0,0.0,-1.0,0.0,0.0,0.0,0.0,0.0,0.0,0.0,1.0,0.0,0.0,1200.0,88.0,2361.0,2361.0,21.3,7.5,0.0,7.5,25.0,0.0,0.0,35.6,0.0,0.0,7.1,1.5,0.7,-17.0,0.0,0.0,25.0,-7.0,0.0,0.0,0.0,0.673,0.792,88.2,0.0,0.0,50.0,R,0.0,2361.0,62.6,116.6,0.0,0.0,0.0,0.0,359.6,1322.6,359.6,1322.6,368.6,1353.2,374.0,1347.8,0.0,0.0,116.06,365.45,334.85,85.46000000000001,0.314375,2405.9456666666665,0.013333333333333334,386.6,2026-02-13 17:11:43-08:00,365.45000000000005,302.85,53.46,0.48,0.48,True
454.06,2.0,8.0,2026-02-14 01:19:11,37.07744,-121.59507,272.0,0.2,11.1,-12.6,0.0,0.0,0.0,0.0,0.0,11.4,-0.8,324.8,0.0,130.0,-0.3,-0.01,1.0,0.0,66.0,0.0,30.11,351.0,0.0,0.0,326.0,0.0,0.0,0.0,0.0,0.0,0.0,0.0,0.0,0.0,0.0,0.0,0.0,-1.0,0.0,0.0,-1.0,0.0,0.0,0.0,0.0,1.0,0.0,0.0,1200.0,88.0,2353.0,2353.0,21.5,7.8,0.0,7.8,24.6,0.0,0.0,35.6,0.0,0.0,7.3,1.5,0.7,-17.0,0.0,0.0,24.6,-7.0,0.0,0.0,0.0,0.677,0.793,88.3,0.0,0.0,52.0,R,0.0,2353.0,62.6,116.6,0.0,0.0,0.0,0.0,359.6,1328.0,361.4,1329.8,370.4,1355.0,375.8,1351.4,0.0,0.0,116.42,366.8,336.2,85.82,0.3165,2406.1986666666667,0.025641025641025644,386.6,2026-02-13 17:11:43-08:00,366.79999999999995,304.19999999999993,53.82,0.48,0.48,True
455.06,2.0,8.0,2026-02-14 01:19:12,37.07744,-121.59508,272.0,0.1,11.1,-12.6,0.0,0.0,0.0,0.0,0.0,11.4,-0.9,324.6,0.0,130.0,-0.3,-0.01,0.8,0.0,14.0,0.0,30.11,351.0,0.0,0.0,326.0,0.0,0.0,0.0,0.0,0.0,0.0,0.0,0.0,0.0,0.0,0.0,0.0,-1.0,0.0,0.0,-1.0,0.0,0.0,0.0,0.0,1.0,0.0,0.0,1200.0,88.0,2373.0,2373.0,21.6,8.1,0.0,8.1,24.8,0.0,0.0,35.6,0.0,0.0,7.3,1.5,0.7,-17.0,0.0,0.0,24.8,-7.0,0.0,0.0,0.0,0.681,0.793,88.1,0.0,0.0,54.0,R,0.0,2373.0,62.6,116.6,0.0,0.0,0.0,0.0,361.4,1333.4,363.2,1333.4,372.2,1356.8,375.8,1355.0,0.0,0.0,116.96,368.15,337.55,86.36,0.3187083333333333,2406.4516666666664,0.01234567901234568,386.6,2026-02-13 17:11:43-08:00,368.15,305.54999999999995,54.35999999999999,0.48,0.48,True
456.06,2.0,8.0,2026-02-14 01:19:13,37.07744,-121.59508,272.0,0.1,11.1,-12.6,0.0,0.0,0.0,0.0,0.0,11.4,-0.8,324.3,20.6,130.0,-0.3,-0.02,1.0,0.0,37.0,20.7,30.11,351.0,0.0,0.0,326.0,0.0,0.0,0.0,0.0,0.0,0.0,0.0,0.0,0.0,0.0,0.0,0.0,-1.0,0.0,0.0,0.0,0.0,0.0,0.0,0.0,1.0,0.0,0.0,1200.0,88.0,2400.0,2400.0,21.9,8.4,0.0,8.4,25.0,0.0,0.0,35.6,0.0,0.0,7.0,1.5,0.7,-17.0,0.0,0.0,25.0,-7.0,0.0,0.0,0.0,0.68,0.792,88.3,0.0,0.0,55.0,R,0.0,2400.0,62.6,116.6,0.0,0.0,0.0,0.0,361.4,1338.8,363.2,1338.8,372.2,1358.6,375.8,1356.8,0.0,0.0,116.96,368.15,337.55,86.36,0.321,2406.6203333333333,0.011904761904761904,386.6,2026-02-13 17:11:43-08:00,368.15,305.54999999999995,54.35999999999999,21.080000000000002,21.2,True
457.06,2.0,8.0,2026-02-14 01:19:14,37.07744,-121.59508,271.0,0.1,11.1,-12.6,0.0,0.0,0.0,0.0,0.0,11.4,-0.9,324.1,0.0,132.0,-0.3,-0.01,1.0,0.0,62.0,0.0,30.11,352.0,0.0,0.0,326.0,0.0,0.0,0.0,0.0,0.0,0.0,0.0,0.0,0.0,0.0,0.0,0.0,-1.0,0.0,0.0,0.0,0.0,0.0,0.0,0.0,1.0,0.0,0.0,1200.0,88.0,2417.0,2417.0,22.1,8.7,0.0,8.7,25.1,0.0,0.0,35.6,0.0,0.0,7.0,1.5,0.7,-17.0,0.0,0.0,25.1,-7.0,0.0,0.0,0.0,0.679,0.792,88.5,0.0,0.0,58.0,R,0.0,2417.0,62.6,116.6,0.0,0.0,0.0,0.0,363.2,1342.4,365.0,1342.4,372.2,1360.4,377.6,1358.6,0.0,0.0,116.96,369.5,338.9,86.36,0.323375,2406.7889999999998,0.01149425287356322,386.6,2026-02-13 17:11:43-08:00,369.5,306.9,54.35999999999999,0.48,0.48,True
458.06,2.0,8.0,2026-02-14 01:19:15,37.07744,-121.59508,271.0,0.1,11.1,-12.6,0.0,0.0,0.0,0.0,0.0,11.3,-0.9,323.9,0.0,134.0,-0.2,-0.02,0.9,0.0,59.0,0.0,30.11,357.0,0.0,0.0,326.0,0.0,0.0,0.0,0.0,0.0,0.0,0.0,0.0,0.0,0.0,0.0,0.0,-1.0,0.0,0.0,-2.0,0.0,0.0,0.0,0.0,1.0,0.0,0.0,1200.0,88.0,2435.0,2435.0,22.3,8.9,0.0,8.9,25.1,0.0,0.0,35.6,0.0,0.0,7.1,1.5,0.7,-17.0,0.0,0.0,25.1,-7.0,0.0,0.0,0.0,0.676,0.792,88.1,0.0,0.0,59.0,R,0.0,2435.0,62.6,116.6,0.0,0.0,0.0,0.0,363.2,1349.6,365.0,1346.0,372.2,1362.2,377.6,1360.4,0.0,0.0,117.14,369.5,338.9,86.53999999999999,0.32581944444444444,2406.9576666666667,0.011235955056179775,386.6,2026-02-13 17:11:43-08:00,369.5,306.9,54.54,0.48,0.48,True
459.06,2.0,8.0,2026-02-14 01:19:16,37.07744,-121.59508,271.0,0.1,11.1,-12.6,0.0,0.0,0.0,0.0,0.0,11.0,-0.9,323.7,0.0,135.0,-0.1,-0.01,1.0,0.0,6.0,0.0,30.11,358.0,0.0,0.0,326.0,0.0,0.0,0.0,0.0,0.0,0.0,0.0,0.0,0.0,0.0,0.0,0.0,-2.0,0.0,0.0,-2.0,0.0,0.0,0.0,0.0,1.0,0.0,0.0,1200.0,85.0,2137.0,2137.0,19.9,8.7,0.0,8.7,25.5,0.0,0.0,35.6,0.0,0.0,7.2,1.5,0.7,-17.0,0.0,0.0,25.5,-7.0,0.0,0.0,0.0,0.662,0.792,85.5,0.0,0.0,56.0,R,0.0,2137.0,62.6,116.6,0.0,0.0,0.0,0.0,365.0,1349.6,366.8,1346.0,374.0,1360.4,379.4,1360.4,0.0,0.0,117.32,371.3,340.7,86.72,0.3282638888888889,2407.126333333333,0.01149425287356322,386.6,2026-02-13 17:11:43-08:00,371.3,308.7,54.71999999999999,0.48,0.48,True
460.06,2.0,8.0,2026-02-14 01:19:17,37.07744,-121.59508,270.0,0.1,11.1,-12.6,0.0,0.0,0.0,0.0,0.0,11.1,-0.9,323.8,0.0,135.0,0.0,-0.02,1.0,0.0,-169.0,0.0,30.11,358.0,0.0,0.0,326.0,0.0,0.0,0.0,0.0,0.0,0.0,0.0,0.0,0.0,0.0,0.0,0.0,-2.0,0.0,0.0,1.0,0.0,0.0,0.0,0.0,1.0,0.0,0.0,1200.0,75.0,1519.0,1519.0,14.9,7.7,0.0,7.7,26.0,0.0,0.0,35.6,0.0,0.0,7.3,1.5,0.7,-17.0,0.0,0.0,26.0,-7.0,0.0,0.0,0.0,0.676,0.792,74.6,0.0,0.0,0.0,,0.0,1519.0,62.6,118.4,0.0,0.0,0.0,0.0,365.0,1346.0,366.8,1344.2,374.0,1356.8,379.4,1356.8,0.0,0.0,117.68,371.3,340.7,87.08000000000001,0.3305416666666667,2407.295,0.012987012987012988,386.6,2026-02-13 17:11:43-08:00,371.3,308.7,55.080000000000005,0.48,0.48,True
461.06,2.0,8.0,2026-02-14 01:19:18,37.07744,-121.59508,270.0,0.0,11.1,-12.6,0.0,0.0,0.0,0.0,0.0,11.2,-0.9,323.8,0.0,130.0,0.1,-0.02,1.0,0.0,-225.0,0.0,30.11,358.0,0.0,0.0,326.0,0.0,0.0,0.0,0.0,0.0,0.0,0.0,0.0,0.0,0.0,0.0,0.0,-2.0,0.0,0.0,2.0,0.0,0.0,0.0,0.0,1.0,0.0,0.0,1200.0,59.0,912.0,912.0,11.1,6.3,0.0,6.3,26.1,0.0,0.0,35.6,0.0,0.0,7.4,1.5,0.7,-17.0,0.0,0.0,26.1,-7.0,0.0,0.0,0.0,0.674,0.791,59.5,0.0,0.0,0.0,,0.0,912.0,62.6,118.4,0.0,0.0,0.0,0.0,365.0,1331.6,366.8,1328.0,374.0,1344.2,379.4,1340.6,0.0,0.0,117.86,371.3,340.7,87.26,0.3324861111111111,2407.3793333333333,0.0,386.6,2026-02-13 17:11:43-08:00,371.3,308.7,55.26,0.48,0.48,True
462.06,2.0,8.0,2026-02-14 01:19:19,37.07744,-121.59507,270.0,0.1,11.1,-12.6,0.0,0.0,0.0,0.0,0.0,11.3,-1.0,323.9,0.0,125.0,0.1,-0.02,1.0,0.0,-238.0,0.0,30.11,348.0,0.0,0.0,326.0,0.0,0.0,0.0,0.0,0.0,0.0,0.0,0.0,0.0,0.0,0.0,0.0,-2.0,0.0,0.0,-8.0,0.0,0.0,0.0,0.0,1.0,0.0,0.0,1200.0,55.0,839.0,839.0,13.0,5.2,0.0,5.2,26.0,0.0,0.0,35.6,0.0,0.0,7.5,1.5,0.7,-17.0,0.0,0.0,26.0,-7.0,0.0,0.0,0.0,0.67,0.792,55.4,0.0,0.0,0.0,,0.0,839.0,62.6,118.4,0.0,0.0,0.0,0.0,365.0,1319.0,365.0,1320.8,374.0,1331.6,379.4,1324.4,0.0,0.0,117.68,370.85,340.25,87.08000000000001,0.33408333333333334,2407.4636666666665,0.019230769230769232,386.6,2026-02-13 17:11:43-08:00,370.85,308.25,55.080000000000005,0.48,0.48,True
463.06,2.0,8.0,2026-02-14 01:19:20,37.07744,-121.59507,270.0,0.1,11.1,-12.6,0.0,0.0,0.0,0.0,0.0,11.4,-0.9,324.0,0.0,123.0,0.1,-0.01,1.0,0.0,-185.0,0.0,30.11,348.0,0.0,0.0,326.0,0.0,0.0,0.0,0.0,0.0,0.0,0.0,0.0,0.0,0.0,0.0,0.0,3.0,0.0,0.0,-24.0,0.0,0.0,0.0,0.0,1.0,0.0,0.0,1200.0,56.0,864.0,864.0,13.3,4.3,0.0,4.3,26.0,0.0,0.0,35.6,0.0,0.0,7.6,1.5,0.7,-17.0,0.0,0.0,26.0,-7.0,0.0,0.0,0.0,0.665,0.792,55.6,0.0,0.0,0.0,,0.0,864.0,62.6,118.4,0.0,0.0,0.0,0.0,365.0,1306.4,365.0,1313.6,374.0,1319.0,377.6,1310.0,0.0,0.0,117.86,370.4,339.8,87.26,0.33540277777777777,2407.632333333333,0.023255813953488375,386.6,2026-02-13 17:11:43-08:00,370.4,307.79999999999995,55.26,0.48,0.48,True
464.06,2.0,8.0,2026-02-14 01:19:21,37.07744,-121.59507,269.0,0.1,11.1,-12.6,0.0,0.0,0.0,0.0,0.0,11.4,-1.0,324.1,0.0,122.0,0.1,-0.02,1.0,0.0,-135.0,0.0,30.11,348.0,0.0,0.0,326.0,0.0,0.0,0.0,0.0,0.0,0.0,0.0,0.0,0.0,0.0,0.0,0.0,3.0,0.0,0.0,-28.0,0.0,0.0,0.0,0.0,1.0,0.0,0.0,1200.0,56.0,852.0,852.0,13.5,3.6,0.0,3.6,26.0,0.0,0.0,35.6,0.0,0.0,7.7,1.5,0.7,-17.0,0.0,0.0,26.0,-7.0,0.0,0.0,0.0,0.664,0.792,55.5,0.0,0.0,0.0,,0.0,852.0,62.6,118.4,0.0,0.0,0.0,0.0,363.2,1295.6,363.2,1306.4,372.2,1306.4,377.6,1301.0,0.0,0.0,117.86,369.05,338.45,87.26,0.3365,2407.801,0.02777777777777778,386.6,2026-02-13 17:11:43-08:00,369.05,306.45,55.26,0.48,0.48,True
465.06,2.0,8.0,2026-02-14 01:19:22,37.07744,-121.59507,269.0,0.1,11.1,-12.6,0.0,0.0,0.0,0.0,0.0,11.5,-1.1,324.1,0.0,121.0,0.0,-0.02,1.0,0.0,-87.0,0.0,30.11,350.0,0.0,0.0,326.0,0.0,0.0,0.0,0.0,0.0,0.0,0.0,0.0,0.0,0.0,0.0,0.0,3.0,0.0,0.0,-30.0,0.0,0.0,0.0,0.0,1.0,0.0,0.0,1200.0,56.0,879.0,879.0,13.4,3.1,0.0,3.1,26.0,0.0,0.0,35.6,0.0,0.0,7.7,1.5,0.7,-17.0,0.0,0.0,26.0,-7.0,0.0,0.0,0.0,0.662,0.791,56.2,0.0,0.0,0.0,,0.0,879.0,62.6,118.4,0.0,0.0,0.0,0.0,363.2,1284.8,363.2,1299.2,372.2,1295.6,377.6,1288.4,0.0,0.0,118.22,369.05,338.45,87.61999999999999,0.33743055555555557,2407.9696666666664,0.03225806451612903,386.6,2026-02-13 17:11:43-08:00,369.05,306.45,55.62,0.48,0.48,True
466.06,2.0,8.0,2026-02-14 01:19:23,37.07744,-121.59507,270.0,0.1,11.1,-12.6,0.0,0.0,0.0,0.0,0.0,11.5,-1.0,324.0,0.0,121.0,0.0,-0.02,1.0,0.0,-52.0,0.0,30.11,350.0,0.0,0.0,326.0,0.0,0.0,0.0,0.0,0.0,0.0,0.0,0.0,0.0,0.0,0.0,0.0,3.0,0.0,0.0,-31.0,0.0,0.0,0.0,0.0,1.0,0.0,0.0,1200.0,56.0,866.0,866.0,13.4,2.7,0.0,2.7,26.0,0.0,0.0,35.6,0.0,0.0,7.5,1.5,0.7,-17.0,0.0,0.0,26.0,-7.0,0.0,0.0,0.0,0.662,0.791,55.6,0.0,0.0,0.0,,0.0,866.0,62.6,118.4,0.0,0.0,0.0,0.0,361.4,1275.8,361.4,1295.6,372.2,1284.8,377.6,1277.6,0.0,0.0,118.4,368.15,337.55,87.8,0.3382361111111111,2408.1383333333333,0.037037037037037035,386.6,2026-02-13 17:11:43-08:00,368.15,305.54999999999995,55.800000000000004,0.48,0.48,True
467.06,2.0,8.0,2026-02-14 01:19:24,37.07744,-121.59507,270.0,0.0,11.1,-12.6,0.0,0.0,0.0,0.0,0.0,11.5,-1.1,324.0,0.0,121.0,-0.0,-0.02,0.9,0.0,-34.0,0.0,30.11,350.0,0.0,0.0,326.0,0.0,0.0,0.0,0.0,0.0,0.0,0.0,0.0,0.0,0.0,0.0,0.0,3.0,0.0,0.0,-32.0,0.0,0.0,0.0,0.0,1.0,0.0,0.0,1200.0,56.0,872.0,872.0,13.5,2.4,0.0,2.4,26.0,0.0,0.0,35.6,0.0,0.0,7.4,1.5,0.7,-17.0,0.0,0.0,26.0,-7.0,0.0,0.0,0.0,0.662,0.792,55.8,0.0,0.0,0.0,,0.0,872.0,62.6,118.4,0.0,0.0,0.0,0.0,361.4,1268.6,361.4,1288.4,372.2,1275.8,375.8,1268.6,0.0,0.0,118.22,367.7,337.1,87.61999999999999,0.33894444444444444,2408.2226666666666,0.0,386.6,2026-02-13 17:11:43-08:00,367.70000000000005,305.1,55.62,0.48,0.48,True
468.06,2.0,8.0,2026-02-14 01:19:25,37.07744,-121.59507,270.0,0.1,11.1,-12.6,0.0,0.0,0.0,0.0,0.0,11.5,-1.2,324.0,0.0,121.0,0.0,-0.02,1.0,0.0,-7.0,0.0,30.11,341.0,0.0,0.0,326.0,0.0,0.0,0.0,0.0,0.0,0.0,0.0,0.0,0.0,0.0,0.0,0.0,2.0,0.0,0.0,-39.0,0.0,0.0,0.0,0.0,1.0,0.0,0.0,1200.0,64.0,1360.0,1360.0,17.5,2.6,0.0,2.6,25.6,0.0,0.0,35.6,0.0,0.0,7.4,1.5,0.7,-17.0,0.0,0.0,25.6,-7.0,0.0,0.0,0.0,0.671,0.792,64.0,0.0,0.0,0.0,,0.0,1360.0,62.6,118.4,0.0,0.0,0.0,0.0,359.6,1263.2,359.6,1284.8,372.2,1268.6,375.8,1263.2,0.0,0.0,118.4,366.8,336.2,87.8,0.3396388888888889,2408.307,0.038461538461538464,386.6,2026-02-13 17:11:43-08:00,366.79999999999995,304.19999999999993,55.800000000000004,0.48,0.48,True
469.06,2.0,8.0,2026-02-14 01:19:26,37.07744,-121.59507,270.0,0.2,11.1,-12.6,0.0,0.0,0.0,0.0,0.0,11.5,-1.1,324.0,0.0,121.0,-0.1,-0.01,0.9,0.0,39.0,0.0,30.11,341.0,0.0,0.0,326.0,0.0,0.0,0.0,0.0,0.0,0.0,0.0,0.0,0.0,0.0,0.0,0.0,0.0,0.0,0.0,-41.0,0.0,0.0,0.0,0.0,1.0,0.0,0.0,1200.0,71.0,1473.0,1473.0,16.0,2.9,0.0,2.9,25.9,0.0,0.0,35.6,0.0,0.0,7.5,1.5,0.7,-17.0,0.0,0.0,25.9,-7.0,0.0,0.0,0.0,0.668,0.791,70.6,0.0,0.0,0.0,,0.0,1473.0,62.6,118.4,0.0,0.0,0.0,0.0,359.6,1263.2,359.6,1283.0,372.2,1270.4,375.8,1266.8,0.0,0.0,118.58,366.8,336.2,87.98,0.3404027777777778,2408.56,0.06896551724137931,386.6,2026-02-13 17:11:43-08:00,366.79999999999995,304.19999999999993,55.98,0.48,0.48,True
470.06,2.0,8.0,2026-02-14 01:19:27,37.07745,-121.59508,270.0,0.4,11.1,-12.6,0.0,0.0,0.0,0.0,0.0,11.7,-1.0,324.1,0.0,121.0,-0.0,-0.02,1.0,0.0,51.0,0.0,30.11,341.0,0.0,0.0,326.0,0.0,0.0,0.0,0.0,0.0,0.0,0.0,0.0,0.0,0.0,0.0,0.0,0.0,0.0,0.0,-44.0,0.0,0.0,0.0,0.0,1.0,0.0,0.0,1200.0,71.0,1469.0,1469.0,15.4,3.1,0.0,3.1,25.9,0.0,0.0,35.6,0.0,0.0,8.1,1.5,0.7,-17.0,0.0,0.0,25.9,-7.0,0.0,0.0,0.0,0.664,0.791,71.1,0.0,0.0,0.0,,0.0,1469.0,62.6,118.4,0.0,0.0,0.0,0.0,359.6,1265.0,359.6,1281.2,372.2,1272.2,375.8,1270.4,0.0,0.0,118.94,366.8,336.2,88.34,0.34123611111111113,2409.066,0.12903225806451613,386.6,2026-02-13 17:11:43-08:00,366.79999999999995,304.19999999999993,56.339999999999996,0.48,0.48,True
471.06,2.0,8.0,2026-02-14 01:19:28,37.07745,-121.59508,271.0,0.8,11.1,-12.6,0.0,0.0,0.0,0.0,0.0,11.8,-1.0,324.5,0.0,121.0,0.1,-0.02,1.0,0.0,37.0,0.0,30.11,351.0,0.0,0.0,326.0,0.0,0.0,0.0,0.0,0.0,0.0,0.0,0.0,0.0,0.0,0.0,0.0,0.0,0.0,0.0,-46.0,0.0,0.0,0.0,0.0,1.0,0.0,0.0,1200.0,71.0,1463.0,1463.0,15.3,3.2,0.0,3.2,25.9,0.0,0.0,35.6,0.0,0.0,8.2,1.5,0.7,-17.0,0.0,0.0,25.9,-7.0,0.0,0.0,0.0,0.663,0.791,71.1,0.0,0.0,0.0,,0.0,1463.0,62.6,118.4,0.0,0.0,0.0,0.0,359.6,1266.8,359.6,1281.2,372.2,1274.0,375.8,1274.0,0.0,0.0,119.12,366.8,336.2,88.52,0.3421111111111111,2410.078,0.25,386.6,2026-02-13 17:11:43-08:00,366.79999999999995,304.19999999999993,56.52,0.48,0.48,True
472.06,2.0,8.0,2026-02-14 01:19:29,37.07745,-121.59508,270.0,0.9,19.5,-12.6,0.0,0.0,0.0,0.0,0.0,11.9,-0.8,325.6,0.0,121.0,0.5,0.0,1.0,0.0,-5.0,0.0,30.11,350.0,0.0,0.0,326.0,0.0,0.0,0.0,0.0,0.0,0.0,0.0,0.0,0.0,0.0,0.0,0.0,0.0,0.0,0.0,-46.0,0.0,0.0,0.0,0.0,1.0,0.0,0.0,1200.0,71.0,1465.0,1465.0,15.2,3.3,0.0,3.3,25.9,0.0,0.0,35.5,0.0,0.0,8.3,1.5,0.7,-17.0,0.0,0.0,25.9,-7.0,0.0,0.0,0.0,0.662,0.791,71.1,0.0,0.0,0.0,,0.0,1465.0,62.6,118.4,0.0,0.0,0.0,0.0,359.6,1266.8,359.6,1279.4,372.2,1277.6,375.8,1275.8,0.0,0.0,118.94,366.8,336.2,88.34,0.3430138888888889,2411.5116666666663,0.27272727272727276,386.6,2026-02-13 17:11:43-08:00,366.79999999999995,304.19999999999993,56.339999999999996,0.48,0.48,True
473.06,2.0,8.0,2026-02-14 01:19:30,37.07745,-121.59508,270.0,0.9,19.5,-12.6,0.0,0.0,0.0,0.0,0.0,12.0,-0.8,328.7,0.0,121.0,1.9,-0.01,1.0,0.0,5.0,0.0,30.11,350.0,0.0,0.0,326.0,0.0,0.0,0.0,0.0,0.0,0.0,0.0,0.0,0.0,0.0,0.0,0.0,-1.0,0.0,0.0,-46.0,0.0,0.0,0.0,0.0,1.0,0.0,0.0,1200.0,71.0,1462.0,1462.0,15.2,3.4,0.0,3.4,25.9,0.0,0.0,35.5,0.0,0.0,8.6,1.5,0.7,-17.0,0.0,0.0,25.9,-7.0,0.0,0.0,0.0,0.662,0.792,70.9,0.0,0.0,0.0,,0.0,1462.0,62.6,118.4,0.0,0.0,0.0,0.0,359.6,1268.6,359.6,1279.4,372.2,1279.4,375.8,1275.8,0.0,0.0,119.12,366.8,336.2,88.52,0.34394444444444444,2413.0296666666663,0.2647058823529412,386.6,2026-02-13 17:11:43-08:00,366.79999999999995,304.19999999999993,56.52,0.48,0.48,True
474.06,2.0,8.0,2026-02-14 01:19:31,37.07746,-121.59509,269.0,1.0,120.0,-12.6,0.0,0.0,0.0,0.0,0.0,12.0,-1.0,332.3,0.0,121.0,2.8,-0.02,1.0,0.0,3.0,0.0,30.11,350.0,0.0,0.0,326.0,0.0,0.0,0.0,0.0,0.0,0.0,0.0,0.0,0.0,0.0,0.0,0.0,-1.0,0.0,0.0,-47.0,0.0,0.0,0.0,0.0,1.0,0.0,0.0,1200.0,71.0,1464.0,1464.0,15.2,3.5,0.0,3.5,25.9,0.0,0.0,35.5,0.0,0.0,8.8,1.5,0.7,-17.0,0.0,0.0,25.9,-7.0,0.0,0.0,0.0,0.66,0.791,71.0,0.0,0.0,0.0,,0.0,1464.0,62.6,118.4,0.0,0.0,0.0,0.0,359.6,1270.4,359.6,1279.4,372.2,1283.0,375.8,1279.4,0.0,0.0,119.12,366.8,336.2,88.52,0.3449027777777778,2414.632,0.2857142857142857,386.6,2026-02-13 17:11:43-08:00,366.79999999999995,304.19999999999993,56.52,0.48,0.48,True
475.06,2.0,8.0,2026-02-14 01:19:32,37.07746,-121.59509,269.0,1.2,191.3,-12.6,0.0,0.0,0.0,0.0,0.0,12.0,-1.0,336.3,0.0,121.0,3.4,-0.02,0.9,0.0,-24.0,0.0,30.11,351.0,0.0,0.0,326.0,0.0,0.0,0.0,0.0,0.0,0.0,0.0,0.0,0.0,0.0,0.0,0.0,-2.0,0.0,0.0,-47.0,0.0,0.0,0.0,0.0,1.0,0.0,0.0,1200.0,71.0,1464.0,1464.0,15.2,3.5,0.0,3.5,25.9,0.0,0.0,35.5,0.0,0.0,9.0,1.5,0.7,-17.0,0.0,0.0,25.9,-7.0,0.0,0.0,0.0,0.66,0.791,70.9,0.0,0.0,0.0,,0.0,1464.0,62.6,120.2,0.0,0.0,0.0,0.0,359.6,1270.4,359.6,1279.4,372.2,1284.8,375.8,1283.0,0.0,0.0,119.48,366.8,336.2,88.88000000000001,0.345875,2416.487333333333,0.34285714285714286,386.6,2026-02-13 17:11:43-08:00,366.79999999999995,304.19999999999993,56.88,0.48,0.48,True
476.06,2.0,8.0,2026-02-14 01:19:33,37.07747,-121.59509,269.0,0.9,251.9,-12.6,0.0,0.0,0.0,0.0,0.0,12.1,-0.9,340.0,0.0,121.0,3.7,-0.03,1.0,0.0,-36.0,0.0,30.11,351.0,0.0,0.0,326.0,0.0,0.0,0.0,0.0,0.0,0.0,0.0,0.0,0.0,0.0,0.0,0.0,-2.0,0.0,0.0,-48.0,0.0,0.0,0.0,0.0,1.0,0.0,0.0,1200.0,71.0,1470.0,1470.0,15.3,3.6,0.0,3.6,25.9,0.0,0.0,35.5,0.0,0.0,8.5,1.5,0.7,-17.0,0.0,0.0,25.9,-7.0,0.0,0.0,0.0,0.659,0.791,71.0,0.0,0.0,0.0,,0.0,1470.0,62.6,120.2,0.0,0.0,0.0,0.0,359.6,1272.2,359.6,1277.6,372.2,1286.6,375.8,1284.8,0.0,0.0,119.66,366.8,336.2,89.06,0.3468611111111111,2418.258333333333,0.25,386.6,2026-02-13 17:11:43-08:00,366.79999999999995,304.19999999999993,57.059999999999995,0.48,0.48,True
477.06,2.0,8.0,2026-02-14 01:19:34,37.07747,-121.59509,269.0,1.5,296.1,-12.6,0.0,0.0,0.0,0.0,0.0,12.2,-1.0,344.3,0.0,121.0,3.9,-0.02,1.0,0.0,2.0,0.0,30.11,351.0,0.0,0.0,326.0,0.0,0.0,0.0,0.0,0.0,0.0,0.0,0.0,0.0,0.0,0.0,0.0,-2.0,0.0,0.0,-48.0,0.0,0.0,0.0,0.0,1.0,0.0,0.0,1200.0,72.0,1496.0,1496.0,15.7,3.7,0.0,3.7,25.9,0.0,0.0,35.5,0.0,0.0,7.9,1.5,0.7,-17.0,0.0,0.0,25.9,-7.0,0.0,0.0,0.0,0.667,0.792,72.5,0.0,0.0,0.0,,0.0,1496.0,62.6,120.2,0.0,0.0,0.0,0.0,359.6,1272.2,359.6,1277.6,372.2,1286.6,375.8,1288.4,0.0,0.0,119.48,366.8,336.2,88.88000000000001,0.347875,2420.282333333333,0.4054054054054054,386.6,2026-02-13 17:11:43-08:00,366.79999999999995,304.19999999999993,56.88,0.48,0.48,True
478.06,2.0,8.0,2026-02-14 01:19:35,37.07748,-121.5951,270.0,1.3,326.7,-12.6,0.0,0.0,0.0,0.0,0.0,12.3,-0.8,349.1,0.0,121.0,4.5,-0.02,1.0,0.0,-35.0,0.0,30.11,351.0,0.0,0.0,326.0,0.0,0.0,0.0,0.0,0.0,0.0,0.0,0.0,0.0,0.0,0.0,0.0,-2.0,0.0,0.0,-48.0,0.0,0.0,0.0,0.0,1.0,0.0,0.0,1200.0,71.0,1539.0,1539.0,15.7,3.8,0.0,3.8,25.7,0.0,0.0,35.5,0.0,0.0,7.7,1.5,0.7,-17.0,0.0,0.0,25.7,-7.0,0.0,0.0,0.0,0.662,0.792,71.2,0.0,0.0,0.0,,0.0,1539.0,62.6,120.2,0.0,0.0,0.0,0.0,359.6,1277.6,359.6,1277.6,372.2,1290.2,375.8,1288.4,0.0,0.0,119.66,366.8,336.2,89.06,0.34891666666666665,2422.6436666666664,0.34210526315789475,386.6,2026-02-13 17:11:43-08:00,366.79999999999995,304.19999999999993,57.059999999999995,0.48,0.48,True
479.06,2.0,8.0,2026-02-14 01:19:36,37.07748,-121.5951,270.0,1.7,340.1,-12.6,0.0,0.0,0.0,0.0,0.0,12.4,-0.8,354.9,0.0,121.0,5.1,-0.02,1.0,0.0,45.0,0.0,30.11,351.0,0.0,0.0,326.0,0.0,0.0,0.0,0.0,0.0,0.0,0.0,0.0,0.0,0.0,0.0,0.0,-4.0,0.0,0.0,-45.0,0.0,0.0,0.0,0.0,1.0,0.0,0.0,1200.0,74.0,1594.0,1594.0,16.2,4.0,0.0,4.0,25.9,0.0,0.0,35.5,0.0,0.0,7.6,1.5,0.7,-17.0,0.0,0.0,25.9,-7.0,0.0,0.0,0.0,0.67,0.792,74.5,0.0,0.0,0.0,,0.0,1594.0,62.6,120.2,0.0,0.0,0.0,0.0,359.6,1279.4,359.6,1279.4,372.2,1293.8,375.8,1290.2,0.0,0.0,119.66,366.8,336.2,89.06,0.35,2425.1736666666666,0.425,386.6,2026-02-13 17:11:43-08:00,366.79999999999995,304.19999999999993,57.059999999999995,0.48,0.48,True
480.06,2.0,8.0,2026-02-14 01:19:37,37.07749,-121.59511,272.0,1.8,346.1,-12.6,0.0,0.0,0.0,0.0,0.0,12.5,-0.6,1.7,0.0,121.0,6.2,-0.01,1.1,0.0,18.0,0.0,30.11,351.0,0.0,0.0,326.0,0.0,0.0,0.0,0.0,0.0,0.0,0.0,0.0,0.0,0.0,0.0,0.0,-14.0,0.0,0.0,-11.0,0.0,0.0,0.0,0.0,1.0,0.0,0.0,1200.0,74.0,1584.0,1584.0,16.0,4.1,0.0,4.1,25.9,0.0,0.0,35.5,0.0,0.0,7.6,1.5,0.7,-17.0,0.0,0.0,25.9,-7.0,0.0,0.0,0.0,0.66,0.792,73.8,0.0,0.0,0.0,,0.0,1584.0,62.6,120.2,0.0,0.0,0.0,0.0,359.6,1283.0,359.6,1281.2,372.2,1295.6,375.8,1290.2,0.0,0.0,119.84,366.8,336.2,89.24,0.351125,2428.1253333333334,0.4390243902439025,386.6,2026-02-13 17:11:43-08:00,366.79999999999995,304.19999999999993,57.24,0.48,0.48,True
481.06,2.0,8.0,2026-02-14 01:19:38,37.0775,-121.59511,272.0,1.8,348.8,-12.6,0.0,0.0,0.0,0.0,0.0,12.2,-0.6,9.9,0.0,121.0,7.3,-0.02,0.9,0.0,8.0,0.0,30.11,351.0,0.0,0.0,326.0,0.0,0.0,0.0,0.0,0.0,0.0,0.0,0.0,0.0,0.0,0.0,0.0,1.0,0.0,0.0,2.0,0.0,0.0,0.0,0.0,1.0,0.0,0.0,1200.0,74.0,1582.0,1582.0,16.0,4.2,0.0,4.2,25.8,0.0,0.0,35.5,0.0,0.0,7.5,1.5,0.7,-17.0,0.0,0.0,25.8,-7.0,0.0,0.0,0.0,0.659,0.792,73.8,0.0,0.0,0.0,,0.0,1582.0,62.6,120.2,0.0,0.0,0.0,0.0,359.6,1284.8,359.6,1281.2,372.2,1295.6,375.8,1295.6,0.0,0.0,120.2,366.8,336.2,89.6,0.3522777777777778,2431.161333333333,0.42857142857142855,386.6,2026-02-13 17:11:43-08:00,366.79999999999995,304.19999999999993,57.6,0.48,0.48,True
482.06,2.0,8.0,2026-02-14 01:19:39,37.07751,-121.59511,272.0,1.8,227.4,-12.6,0.0,0.0,0.0,0.0,0.0,12.3,-0.5,18.6,0.0,121.0,8.2,-0.02,1.1,0.0,18.0,0.0,30.11,351.0,0.0,0.0,326.0,0.0,0.0,0.0,0.0,0.0,0.0,0.0,0.0,0.0,0.0,0.0,0.0,1.0,0.0,0.0,2.0,0.0,0.0,0.0,0.0,1.0,0.0,0.0,1200.0,74.0,1581.0,1581.0,15.8,4.2,0.0,4.2,25.8,0.0,0.0,35.5,0.0,0.0,7.2,1.5,0.7,-17.0,0.0,0.0,25.8,-7.0,0.0,0.0,0.0,0.67,0.792,73.8,0.0,0.0,0.0,,0.0,1581.0,62.6,120.2,0.0,0.0,0.0,0.0,359.6,1284.8,359.6,1283.0,372.2,1297.4,375.8,1297.4,0.0,0.0,120.02,366.8,336.2,89.41999999999999,0.35344444444444445,2434.197333333333,0.42857142857142855,386.6,2026-02-13 17:11:43-08:00,366.79999999999995,304.19999999999993,57.419999999999995,0.48,0.48,True
483.06,2.0,8.0,2026-02-14 01:19:40,37.07751,-121.59511,272.0,1.6,116.0,-12.6,0.0,0.0,0.0,0.0,0.0,12.2,-0.2,25.9,0.0,121.0,7.8,-0.02,1.0,0.0,27.0,0.0,30.11,351.0,0.0,0.0,326.0,0.0,0.0,0.0,0.0,0.0,0.0,0.0,0.0,0.0,0.0,0.0,0.0,1.0,0.0,0.0,2.0,0.0,0.0,0.0,0.0,1.0,0.0,0.0,1200.0,71.0,1435.0,1435.0,15.0,4.1,0.0,4.1,26.0,0.0,0.0,35.5,0.0,0.0,7.2,1.5,0.7,-17.0,0.0,0.0,26.0,-7.0,0.0,0.0,0.0,0.664,0.791,71.3,0.0,0.0,0.0,,0.0,1435.0,62.6,120.2,0.0,0.0,0.0,0.0,359.6,1288.4,359.6,1283.0,372.2,1299.2,375.8,1297.4,0.0,0.0,120.02,366.8,336.2,89.41999999999999,0.35459722222222223,2437.0646666666667,0.39024390243902446,386.6,2026-02-13 17:11:43-08:00,366.79999999999995,304.19999999999993,57.419999999999995,0.48,0.48,True
484.06,2.0,8.0,2026-02-14 01:19:41,37.07752,-121.59511,271.0,0.1,54.2,-12.6,0.0,0.0,0.0,0.0,0.0,12.1,-0.1,28.4,0.0,121.0,5.1,-0.03,0.9,0.0,13.0,0.0,30.11,351.0,0.0,0.0,326.0,0.0,0.0,0.0,0.0,0.0,0.0,0.0,0.0,0.0,0.0,0.0,0.0,0.0,0.0,0.0,2.0,0.0,0.0,0.0,0.0,1.0,0.0,0.0,1200.0,66.0,1291.0,1291.0,14.2,3.9,0.0,3.9,26.0,0.0,0.0,35.5,0.0,0.0,7.5,1.5,0.7,-17.0,0.0,0.0,26.0,-7.0,0.0,0.0,0.0,0.66,0.791,66.4,0.0,0.0,0.0,,0.0,1291.0,62.6,120.2,0.0,0.0,0.0,0.0,359.6,1290.2,359.6,1283.0,372.2,1299.2,375.8,1299.2,0.0,0.0,120.2,366.8,336.2,89.6,0.35570833333333335,2438.498333333333,0.025641025641025644,386.6,2026-02-13 17:11:43-08:00,366.79999999999995,304.19999999999993,57.6,0.48,0.48,True
485.06,2.0,8.0,2026-02-14 01:19:42,37.07752,-121.59511,271.0,0.2,54.2,-12.6,0.0,0.0,0.0,0.0,0.0,12.0,-0.2,28.2,0.0,121.0,1.9,-0.0,1.0,0.0,2.0,0.0,30.11,351.0,0.0,0.0,326.0,0.0,0.0,0.0,0.0,0.0,0.0,0.0,0.0,0.0,0.0,0.0,0.0,0.0,0.0,0.0,2.0,0.0,0.0,0.0,0.0,1.0,0.0,0.0,1200.0,66.0,1263.0,1263.0,14.2,3.7,0.0,3.7,25.9,0.0,0.0,35.5,0.0,0.0,7.7,1.5,0.7,-17.0,0.0,0.0,25.9,-7.0,0.0,0.0,0.0,0.659,0.791,65.5,0.0,0.0,0.0,,0.0,1263.0,62.6,120.2,0.0,0.0,0.0,0.0,359.6,1288.4,359.6,1283.0,372.2,1297.4,375.8,1297.4,0.0,0.0,120.38,366.8,336.2,89.78,0.3567638888888889,2438.751333333333,0.05405405405405406,386.6,2026-02-13 17:11:43-08:00,366.79999999999995,304.19999999999993,57.779999999999994,0.48,0.48,True
486.06,2.0,8.0,2026-02-14 01:19:43,37.07752,-121.59511,270.0,0.1,54.2,-12.6,0.0,0.0,0.0,0.0,0.0,11.9,-0.2,28.1,0.0,121.0,0.7,-0.0,1.0,0.0,-6.0,0.0,30.11,351.0,0.0,0.0,326.0,0.0,0.0,0.0,0.0,0.0,0.0,0.0,0.0,0.0,0.0,0.0,0.0,1.0,0.0,0.0,2.0,0.0,0.0,0.0,0.0,1.0,0.0,0.0,1200.0,65.0,1244.0,1244.0,14.0,3.6,0.0,3.6,25.9,0.0,0.0,35.5,0.0,0.0,7.6,1.5,0.7,-17.0,0.0,0.0,25.9,-7.0,0.0,0.0,0.0,0.669,0.791,65.2,0.0,0.0,0.0,,0.0,1244.0,62.6,120.2,0.0,0.0,0.0,0.0,357.8,1288.4,359.6,1283.0,372.2,1293.8,375.8,1293.8,0.0,0.0,120.92,366.35,335.75,90.32,0.3577777777777778,2439.0043333333333,0.02777777777777778,386.6,2026-02-13 17:11:43-08:00,366.34999999999997,303.74999999999994,58.32,0.48,0.48,True
487.06,2.0,8.0,2026-02-14 01:19:44,37.07752,-121.59511,271.0,0.0,54.2,-12.6,0.0,0.0,0.0,0.0,0.0,12.0,-0.2,28.0,0.0,121.0,0.2,-0.0,1.0,0.0,-4.0,0.0,30.11,351.0,0.0,0.0,326.0,0.0,0.0,0.0,0.0,0.0,0.0,0.0,0.0,0.0,0.0,0.0,0.0,1.0,0.0,0.0,2.0,0.0,0.0,0.0,0.0,1.0,0.0,0.0,1200.0,65.0,1242.0,1242.0,14.0,3.4,0.0,3.4,25.9,0.0,0.0,35.5,0.0,0.0,7.4,1.5,0.7,-17.0,0.0,0.0,25.9,-7.0,0.0,0.0,0.0,0.662,0.791,65.1,0.0,0.0,0.0,,0.0,1242.0,62.6,120.2,0.0,0.0,0.0,0.0,357.8,1286.6,359.6,1281.2,372.2,1292.0,374.0,1292.0,0.0,0.0,120.56,365.9,335.3,89.96000000000001,0.35875,2439.0886666666665,0.0,386.6,2026-02-13 17:11:43-08:00,365.90000000000003,303.3,57.96,0.48,0.48,True
488.06,2.0,8.0,2026-02-14 01:19:45,37.07752,-121.59511,271.0,0.0,54.2,-12.6,0.0,0.0,0.0,0.0,0.0,12.0,-0.2,27.9,0.0,121.0,0.1,-0.0,1.0,0.0,-12.0,0.0,30.11,351.0,0.0,0.0,326.0,0.0,0.0,0.0,0.0,0.0,0.0,0.0,0.0,0.0,0.0,0.0,0.0,1.0,0.0,0.0,2.0,0.0,0.0,0.0,0.0,1.0,0.0,0.0,1200.0,65.0,1252.0,1252.0,14.0,3.3,0.0,3.3,25.9,0.0,0.0,35.5,0.0,0.0,7.4,1.5,0.7,-17.0,0.0,0.0,25.9,-7.0,0.0,0.0,0.0,0.66,0.791,65.4,0.0,0.0,0.0,,0.0,1252.0,62.6,120.2,0.0,0.0,0.0,0.0,357.8,1283.0,359.6,1281.2,372.2,1288.4,374.0,1290.2,0.0,0.0,120.74,365.9,335.3,90.14,0.35968055555555556,2439.0886666666665,0.0,386.6,2026-02-13 17:11:43-08:00,365.90000000000003,303.3,58.13999999999999,0.48,0.48,True
489.06,2.0,8.0,2026-02-14 01:19:46,37.07752,-121.59511,271.0,0.0,54.2,-12.6,0.0,0.0,0.0,0.0,0.0,12.0,-0.1,27.8,0.0,121.0,-0.0,0.0,0.9,0.0,-18.0,0.0,30.11,351.0,0.0,0.0,326.0,0.0,0.0,0.0,0.0,0.0,0.0,0.0,0.0,0.0,0.0,0.0,0.0,1.0,0.0,0.0,2.0,0.0,0.0,0.0,0.0,1.0,0.0,0.0,1200.0,65.0,1227.0,1227.0,14.0,3.3,0.0,3.3,25.9,0.0,0.0,35.5,0.0,0.0,7.4,1.5,0.7,-17.0,0.0,0.0,25.9,-7.0,0.0,0.0,0.0,0.658,0.792,64.9,0.0,0.0,0.0,,0.0,1227.0,62.6,120.2,0.0,0.0,0.0,0.0,357.8,1283.0,357.8,1279.4,372.2,1284.8,374.0,1288.4,0.0,0.0,120.74,365.45,334.85,90.14,0.36059722222222224,2439.0886666666665,0.0,386.6,2026-02-13 17:11:43-08:00,365.45,302.84999999999997,58.13999999999999,0.48,0.48,True
490.06,2.0,8.0,2026-02-14 01:19:47,37.07752,-121.59511,271.0,0.0,54.2,-12.6,0.0,0.0,0.0,0.0,0.0,11.9,-0.0,27.7,0.0,121.0,-0.0,-0.0,1.0,0.0,-12.0,0.0,30.11,351.0,0.0,0.0,326.0,0.0,0.0,0.0,0.0,0.0,0.0,0.0,0.0,0.0,0.0,0.0,0.0,1.0,0.0,0.0,0.0,0.0,0.0,0.0,0.0,1.0,0.0,0.0,1200.0,65.0,1247.0,1247.0,14.0,3.2,0.0,3.2,25.9,0.0,0.0,35.5,0.0,0.0,7.6,1.5,0.7,-16.0,0.0,0.0,25.9,-7.0,0.0,0.0,0.0,0.658,0.791,65.3,0.0,0.0,0.0,,0.0,1247.0,62.6,120.2,0.0,0.0,0.0,0.0,357.8,1281.2,357.8,1277.6,372.2,1284.8,374.0,1284.8,0.0,0.0,120.92,365.45,334.85,90.32,0.3615,2439.0886666666665,0.0,386.6,2026-02-13 17:11:43-08:00,365.45,302.84999999999997,58.32,0.48,0.48,True
491.06,2.0,8.0,2026-02-14 01:19:48,37.07752,-121.59511,271.0,0.0,54.2,-12.6,0.0,0.0,0.0,0.0,0.0,11.9,-0.0,27.8,0.0,121.0,-0.0,0.0,0.9,0.0,8.0,0.0,30.11,351.0,0.0,0.0,326.0,0.0,0.0,0.0,0.0,0.0,0.0,0.0,0.0,0.0,0.0,0.0,0.0,1.0,0.0,0.0,-1.0,0.0,0.0,0.0,0.0,1.0,0.0,0.0,1200.0,65.0,1239.0,1239.0,14.0,3.1,0.0,3.1,25.9,0.0,0.0,35.5,0.0,0.0,7.6,1.5,0.7,-6.0,0.0,0.0,25.9,-7.0,0.0,0.0,0.0,0.663,0.791,65.1,0.0,0.0,0.0,,0.0,1239.0,62.6,122.0,0.0,0.0,0.0,0.0,357.8,1279.4,357.8,1277.6,372.2,1284.8,375.8,1283.0,0.0,0.0,121.28,365.9,335.3,90.68,0.362375,2439.0886666666665,0.0,386.6,2026-02-13 17:11:43-08:00,365.9,303.29999999999995,58.68,0.48,0.48,True
492.06,2.0,8.0,2026-02-14 01:19:49,37.07752,-121.59511,272.0,0.0,54.2,-12.6,0.0,0.0,0.0,0.0,0.0,11.9,-0.0,27.8,0.0,121.0,-0.0,-0.0,1.0,0.0,8.0,0.0,30.11,351.0,0.0,0.0,326.0,0.0,0.0,0.0,0.0,0.0,0.0,0.0,0.0,0.0,0.0,0.0,0.0,1.0,0.0,0.0,-4.0,0.0,0.0,0.0,0.0,1.0,0.0,0.0,1200.0,65.0,1236.0,1236.0,14.0,3.1,0.0,3.1,25.9,0.0,0.0,35.5,0.0,0.0,7.5,1.5,0.7,4.0,0.0,0.0,25.9,-7.0,0.0,0.0,0.0,0.657,0.791,65.1,0.0,0.0,0.0,,0.0,1236.0,62.6,122.0,0.0,0.0,0.0,0.0,356.0,1275.8,357.8,1275.8,372.2,1281.2,374.0,1281.2,0.0,0.0,121.28,365.0,334.4,90.68,0.3632361111111111,2439.0886666666665,0.0,386.6,2026-02-13 17:11:43-08:00,365.0,302.4,58.68,0.48,0.48,True
493.06,2.0,8.0,2026-02-14 01:19:50,37.07752,-121.59511,272.0,0.0,54.2,-12.6,0.0,0.0,0.0,0.0,0.0,11.9,-0.0,27.9,0.0,121.0,-0.0,-0.0,1.0,0.0,-3.0,0.0,30.11,351.0,0.0,0.0,326.0,0.0,0.0,0.0,0.0,0.0,0.0,0.0,0.0,0.0,0.0,0.0,0.0,1.0,0.0,0.0,2.0,0.0,0.0,0.0,0.0,1.0,0.0,0.0,1200.0,65.0,1240.0,1240.0,14.0,3.1,0.0,3.1,25.9,0.0,0.0,35.5,0.0,0.0,7.5,1.5,0.7,11.0,0.0,0.0,25.9,-7.0,0.0,0.0,0.0,0.657,0.791,65.0,0.0,0.0,0.0,,0.0,1240.0,62.6,122.0,0.0,0.0,0.0,0.0,356.0,1275.8,357.8,1274.0,372.2,1277.6,374.0,1281.2,0.0,0.0,121.1,365.0,334.4,90.5,0.36409722222222224,2439.0886666666665,0.0,386.6,2026-02-13 17:11:43-08:00,365.0,302.4,58.49999999999999,0.48,0.48,True
494.06,2.0,8.0,2026-02-14 01:19:51,37.07752,-121.59512,274.0,0.0,54.2,-12.6,0.0,0.0,0.0,0.0,0.0,11.8,0.1,27.9,0.0,121.0,-0.0,-0.0,1.0,0.0,15.0,0.0,30.11,351.0,0.0,0.0,326.0,0.0,0.0,0.0,0.0,0.0,0.0,0.0,0.0,0.0,0.0,0.0,0.0,1.0,0.0,0.0,2.0,0.0,0.0,0.0,0.0,1.0,0.0,0.0,1200.0,65.0,1243.0,1243.0,14.0,3.1,0.0,3.1,25.9,0.0,0.0,35.5,0.0,0.0,7.5,1.5,0.7,11.0,0.0,0.0,25.9,-7.0,0.0,0.0,0.0,0.658,0.791,65.2,0.0,0.0,0.0,,0.0,1243.0,62.6,122.0,0.0,0.0,0.0,0.0,356.0,1275.8,357.8,1274.0,372.2,1275.8,374.0,1277.6,0.0,0.0,121.28,365.0,334.4,90.68,0.36495833333333333,2439.0886666666665,0.0,386.6,2026-02-13 17:11:43-08:00,365.0,302.4,58.68,0.48,0.48,True
495.06,2.0,8.0,2026-02-14 01:19:52,37.07752,-121.59512,274.0,0.0,54.2,-12.6,0.0,0.0,0.0,0.0,0.0,11.8,0.0,27.9,0.0,121.0,-0.0,0.0,1.0,0.0,23.0,0.0,30.11,351.0,0.0,0.0,326.0,0.0,0.0,0.0,0.0,0.0,0.0,0.0,0.0,0.0,0.0,0.0,0.0,7.0,0.0,0.0,1.0,0.0,0.0,0.0,0.0,1.0,0.0,0.0,1200.0,65.0,1247.0,1247.0,14.0,3.1,0.0,3.1,25.9,0.0,0.0,35.5,0.0,0.0,7.5,1.5,0.7,11.0,0.0,0.0,25.9,-7.0,0.0,0.0,0.0,0.658,0.791,65.1,0.0,0.0,0.0,,0.0,1247.0,62.6,122.0,0.0,0.0,0.0,0.0,356.0,1275.8,357.8,1274.0,372.2,1274.0,374.0,1277.6,0.0,0.0,121.46,365.0,334.4,90.86,0.3658194444444444,2439.0886666666665,0.0,386.6,2026-02-13 17:11:43-08:00,365.0,302.4,58.85999999999999,0.48,0.48,True
496.06,2.0,8.0,2026-02-14 01:19:53,37.07752,-121.59512,273.0,0.1,54.2,-12.6,0.0,0.0,0.0,0.0,0.0,11.8,0.0,27.9,0.0,121.0,-0.0,-0.0,1.0,0.0,24.0,0.0,30.11,351.0,0.0,0.0,326.0,0.0,0.0,0.0,0.0,0.0,0.0,0.0,0.0,0.0,0.0,0.0,0.0,7.0,0.0,0.0,-2.0,0.0,0.0,0.0,0.0,1.0,0.0,0.0,1200.0,66.0,1258.0,1258.0,14.0,3.0,0.0,3.0,25.9,0.0,0.0,35.5,0.0,0.0,7.5,1.5,0.7,11.0,0.0,0.0,25.9,-7.0,0.0,0.0,0.0,0.657,0.791,65.5,0.0,0.0,0.0,,0.0,1258.0,62.6,122.0,0.0,0.0,0.0,0.0,356.0,1274.0,357.8,1272.2,372.2,1272.2,374.0,1277.6,0.0,0.0,121.82,365.0,334.4,91.22,0.36666666666666664,2439.173,0.03333333333333333,386.6,2026-02-13 17:11:43-08:00,365.0,302.4,59.21999999999999,0.48,0.48,True
497.06,2.0,8.0,2026-02-14 01:19:54,37.07753,-121.59512,273.0,0.0,54.2,-12.6,0.0,0.0,0.0,0.0,0.0,11.9,0.0,27.9,0.0,121.0,-0.1,0.0,1.0,0.0,31.0,0.0,30.11,351.0,0.0,0.0,326.0,0.0,0.0,0.0,0.0,0.0,0.0,0.0,0.0,0.0,0.0,0.0,0.0,6.0,0.0,0.0,-1.0,0.0,0.0,0.0,0.0,1.0,0.0,0.0,1200.0,65.0,1245.0,1245.0,13.8,3.0,0.0,3.0,25.9,0.0,0.0,35.5,0.0,0.0,7.3,1.5,0.7,11.0,0.0,0.0,25.9,-7.0,0.0,0.0,0.0,0.657,0.791,65.4,0.0,0.0,0.0,,0.0,1245.0,62.6,122.0,0.0,0.0,0.0,0.0,356.0,1272.2,357.8,1270.4,372.2,1272.2,374.0,1275.8,0.0,0.0,121.82,365.0,334.4,91.22,0.3675,2439.257333333333,0.0,386.6,2026-02-13 17:11:43-08:00,365.0,302.4,59.21999999999999,0.48,0.48,True
498.06,2.0,8.0,2026-02-14 01:19:55,37.07752,-121.59511,272.0,0.0,54.2,-12.6,0.0,0.0,0.0,0.0,0.0,11.8,-0.0,27.9,0.0,121.0,-0.0,0.0,1.0,0.0,25.0,0.0,30.11,351.0,0.0,0.0,326.0,0.0,0.0,0.0,0.0,0.0,0.0,0.0,0.0,0.0,0.0,0.0,0.0,8.0,0.0,0.0,2.0,0.0,0.0,0.0,0.0,1.0,0.0,0.0,1200.0,65.0,1236.0,1236.0,13.9,3.0,0.0,3.0,25.9,0.0,0.0,35.5,0.0,0.0,7.3,1.5,0.7,11.0,0.0,0.0,25.9,-7.0,0.0,0.0,0.0,0.658,0.791,65.2,0.0,0.0,0.0,,0.0,1236.0,62.6,122.0,0.0,0.0,0.0,0.0,356.0,1270.4,357.8,1270.4,370.4,1268.6,374.0,1274.0,0.0,0.0,121.64,364.55,333.95,91.04,0.36833333333333335,2439.257333333333,0.0,386.6,2026-02-13 17:11:43-08:00,364.55,301.95,59.04,0.48,0.48,True
499.06,2.0,8.0,2026-02-14 01:19:56,37.07753,-121.59512,272.0,0.0,54.2,-12.6,0.0,0.0,0.0,0.0,0.0,11.9,-0.1,27.8,0.0,121.0,-0.0,-0.0,0.9,0.0,28.0,0.0,30.11,351.0,0.0,0.0,326.0,0.0,0.0,0.0,0.0,0.0,0.0,0.0,0.0,0.0,0.0,0.0,0.0,8.0,0.0,0.0,2.0,0.0,0.0,0.0,0.0,1.0,0.0,0.0,1200.0,65.0,1245.0,1245.0,13.9,3.0,0.0,3.0,25.9,0.0,0.0,35.5,0.0,0.0,7.4,1.5,0.7,11.0,0.0,0.0,25.9,-7.0,0.0,0.0,0.0,0.656,0.791,65.3,0.0,0.0,0.0,,0.0,1245.0,62.6,122.0,0.0,0.0,0.0,0.0,356.0,1266.8,356.0,1268.6,370.4,1268.6,374.0,1274.0,0.0,0.0,121.82,364.1,333.5,91.22,0.36916666666666664,2439.257333333333,0.0,386.6,2026-02-13 17:11:43-08:00,364.1,301.5,59.21999999999999,0.48,0.48,True
500.06,2.0,8.0,2026-02-14 01:19:57,37.07753,-121.59512,272.0,0.1,54.2,-12.6,0.0,0.0,0.0,0.0,0.0,11.8,-0.1,27.8,0.0,121.0,-0.0,0.0,1.0,0.0,15.0,0.0,30.11,351.0,0.0,0.0,326.0,0.0,0.0,0.0,0.0,0.0,0.0,0.0,0.0,0.0,0.0,0.0,0.0,8.0,0.0,0.0,2.0,0.0,0.0,0.0,0.0,1.0,0.0,0.0,1200.0,65.0,1243.0,1243.0,13.9,3.0,0.0,3.0,25.9,0.0,0.0,35.5,0.0,0.0,7.6,1.5,0.7,11.0,0.0,0.0,25.9,-7.0,0.0,0.0,0.0,0.656,0.791,65.3,0.0,0.0,0.0,,0.0,1243.0,62.6,122.0,0.0,0.0,0.0,0.0,356.0,1266.8,356.0,1268.6,370.4,1268.6,374.0,1272.2,0.0,0.0,121.82,364.1,333.5,91.22,0.37,2439.3416666666667,0.03333333333333333,386.6,2026-02-13 17:11:43-08:00,364.1,301.5,59.21999999999999,0.48,0.48,True
501.06,2.0,8.0,2026-02-14 01:19:58,37.07753,-121.59512,272.0,0.1,54.2,-12.6,0.0,0.0,0.0,0.0,0.0,11.8,-0.0,27.9,0.0,121.0,-0.0,0.0,1.0,0.0,9.0,0.0,30.11,351.0,0.0,0.0,326.0,0.0,0.0,0.0,0.0,0.0,0.0,0.0,0.0,0.0,0.0,0.0,0.0,8.0,0.0,0.0,2.0,0.0,0.0,0.0,0.0,1.0,0.0,0.0,1200.0,65.0,1235.0,1235.0,13.8,3.0,0.0,3.0,25.9,0.0,0.0,35.5,0.0,0.0,7.6,1.5,0.7,11.0,0.0,0.0,25.9,-7.0,0.0,0.0,0.0,0.656,0.791,65.2,0.0,0.0,0.0,,0.0,1235.0,62.6,122.0,0.0,0.0,0.0,0.0,356.0,1266.8,356.0,1266.8,370.4,1268.6,374.0,1270.4,0.0,0.0,122.18,364.1,333.5,91.58,0.37083333333333335,2439.510333333333,0.03333333333333333,386.6,2026-02-13 17:11:43-08:00,364.1,301.5,59.580000000000005,0.48,0.48,True
502.06,2.0,8.0,2026-02-14 01:19:59,37.07753,-121.59512,272.0,0.1,54.2,-12.6,0.0,0.0,0.0,0.0,0.0,11.9,-0.0,27.9,0.0,121.0,-0.0,0.0,1.0,0.0,22.0,0.0,30.11,351.0,0.0,0.0,326.0,0.0,0.0,0.0,0.0,0.0,0.0,0.0,0.0,0.0,0.0,0.0,0.0,8.0,0.0,0.0,1.0,0.0,0.0,0.0,0.0,1.0,0.0,0.0,1200.0,65.0,1245.0,1245.0,13.8,3.0,0.0,3.0,25.9,0.0,0.0,35.5,0.0,0.0,7.3,1.5,0.7,11.0,0.0,0.0,25.9,-7.0,0.0,0.0,0.0,0.654,0.791,65.2,0.0,0.0,0.0,,0.0,1245.0,62.6,122.0,0.0,0.0,0.0,0.0,356.0,1265.0,357.8,1266.8,372.2,1265.0,374.0,1270.4,0.0,0.0,122.36,365.0,334.4,91.76,0.37166666666666665,2439.679,0.03333333333333333,386.6,2026-02-13 17:11:43-08:00,365.0,302.4,59.76,0.48,0.48,True
503.06,2.0,8.0,2026-02-14 01:20:00,37.07752,-121.59512,273.0,0.0,54.2,-12.6,0.0,0.0,0.0,0.0,0.0,11.8,-0.0,27.9,0.0,121.0,-0.0,-0.0,1.0,0.0,-2.0,0.0,30.11,351.0,0.0,0.0,326.0,0.0,0.0,0.0,0.0,0.0,0.0,0.0,0.0,0.0,0.0,0.0,0.0,8.0,0.0,0.0,0.0,0.0,0.0,0.0,0.0,1.0,0.0,0.0,1200.0,65.0,1232.0,1232.0,13.9,3.0,0.0,3.0,25.9,0.0,0.0,35.5,0.0,0.0,7.3,1.5,0.7,11.0,0.0,0.0,25.9,-7.0,0.0,0.0,0.0,0.654,0.791,65.0,0.0,0.0,0.0,,0.0,1232.0,62.6,122.0,0.0,0.0,0.0,0.0,354.2,1265.0,356.0,1266.8,370.4,1263.2,372.2,1268.6,0.0,0.0,122.18,363.2,332.6,91.58,0.3725,2439.7633333333333,0.0,386.6,2026-02-13 17:11:43-08:00,363.2,300.59999999999997,59.580000000000005,0.48,0.48,True
504.06,2.0,8.0,2026-02-14 01:20:01,37.07752,-121.59512,273.0,0.1,54.2,-12.6,0.0,0.0,0.0,0.0,0.0,11.9,0.0,27.9,0.0,121.0,-0.0,-0.0,1.0,0.0,6.0,0.0,30.11,351.0,0.0,0.0,326.0,0.0,0.0,0.0,0.0,0.0,0.0,0.0,0.0,0.0,0.0,0.0,0.0,7.0,0.0,0.0,-10.0,0.0,0.0,0.0,0.0,1.0,0.0,0.0,1200.0,65.0,1232.0,1232.0,13.9,3.0,0.0,3.0,25.9,0.0,0.0,35.5,0.0,0.0,7.4,1.5,0.7,11.0,0.0,0.0,25.9,-7.0,0.0,0.0,0.0,0.654,0.791,65.0,0.0,0.0,0.0,,0.0,1232.0,62.6,122.0,0.0,0.0,0.0,0.0,354.2,1265.0,356.0,1265.0,370.4,1263.2,372.2,1266.8,0.0,0.0,122.18,363.2,332.6,91.58,0.37333333333333335,2439.8476666666666,0.03333333333333333,386.6,2026-02-13 17:11:43-08:00,363.2,300.59999999999997,59.580000000000005,0.48,0.48,True
505.06,2.0,8.0,2026-02-14 01:20:02,37.07752,-121.59512,273.0,0.1,54.2,-12.6,0.0,0.0,0.0,0.0,0.0,11.8,0.1,28.0,0.0,121.0,-0.0,-0.0,1.0,0.0,28.0,0.0,30.11,351.0,0.0,0.0,326.0,0.0,0.0,0.0,0.0,0.0,0.0,0.0,0.0,0.0,0.0,0.0,0.0,5.0,0.0,0.0,-6.0,0.0,0.0,0.0,0.0,1.0,0.0,0.0,1200.0,65.0,1243.0,1243.0,13.9,3.0,0.0,3.0,25.9,0.0,0.0,35.5,0.0,0.0,7.5,1.5,0.7,11.0,0.0,0.0,25.9,-7.0,0.0,0.0,0.0,0.654,0.791,65.3,0.0,0.0,0.0,,0.0,1243.0,62.6,122.0,0.0,0.0,0.0,0.0,354.2,1265.0,356.0,1265.0,370.4,1261.4,372.2,1266.8,0.0,0.0,122.36,363.2,332.6,91.76,0.37416666666666665,2440.016333333333,0.03333333333333333,386.6,2026-02-13 17:11:43-08:00,363.2,300.59999999999997,59.76,0.48,0.48,True
506.06,2.0,8.0,2026-02-14 01:20:03,37.07752,-121.59512,273.0,0.0,54.2,-12.6,0.0,0.0,0.0,0.0,0.0,11.9,0.1,28.0,0.0,121.0,-0.0,-0.0,1.0,0.0,22.0,0.0,30.11,351.0,0.0,0.0,326.0,0.0,0.0,0.0,0.0,0.0,0.0,0.0,0.0,0.0,0.0,0.0,0.0,5.0,0.0,0.0,-9.0,0.0,0.0,0.0,0.0,1.0,0.0,0.0,1200.0,65.0,1229.0,1229.0,13.9,2.9,0.0,2.9,25.9,0.0,0.0,35.5,0.0,0.0,7.5,1.5,0.7,11.0,0.0,0.0,25.9,-7.0,0.0,0.0,0.0,0.654,0.791,65.0,0.0,0.0,0.0,,0.0,1229.0,62.6,122.0,0.0,0.0,0.0,0.0,354.2,1265.0,356.0,1265.0,370.4,1259.6,372.2,1266.8,0.0,0.0,122.72,363.2,332.6,92.12,0.37498611111111113,2440.1006666666667,0.0,386.6,2026-02-13 17:11:43-08:00,363.2,300.59999999999997,60.12,0.48,0.48,True
507.06,2.0,8.0,2026-02-14 01:20:04,37.07752,-121.59512,273.0,0.1,54.2,-12.6,0.0,0.0,0.0,0.0,0.0,11.9,0.0,28.0,0.0,121.0,-0.0,-0.0,1.0,0.0,32.0,0.0,30.11,351.0,0.0,0.0,326.0,0.0,0.0,0.0,0.0,0.0,0.0,0.0,0.0,0.0,0.0,0.0,0.0,5.0,0.0,0.0,-10.0,0.0,0.0,0.0,0.0,1.0,0.0,0.0,1200.0,65.0,1242.0,1242.0,13.9,2.9,0.0,2.9,25.9,0.0,0.0,35.5,0.0,0.0,7.3,1.5,0.7,11.0,0.0,0.0,25.9,-7.0,0.0,0.0,0.0,0.654,0.791,65.2,0.0,0.0,0.0,,0.0,1242.0,62.6,122.0,0.0,0.0,0.0,0.0,354.2,1263.2,356.0,1266.8,370.4,1261.4,372.2,1265.0,0.0,0.0,122.9,363.2,332.6,92.3,0.3757916666666667,2440.185,0.034482758620689655,386.6,2026-02-13 17:11:43-08:00,363.2,300.59999999999997,60.300000000000004,0.48,0.48,True
508.06,2.0,8.0,2026-02-14 01:20:05,37.07752,-121.59512,273.0,0.1,54.2,-12.6,0.0,0.0,0.0,0.0,0.0,11.8,0.0,28.0,0.0,121.0,-0.0,-0.0,1.0,0.0,8.0,0.0,30.11,351.0,0.0,0.0,326.0,0.0,0.0,0.0,0.0,0.0,0.0,0.0,0.0,0.0,0.0,0.0,0.0,5.0,0.0,0.0,-10.0,0.0,0.0,0.0,0.0,1.0,0.0,0.0,1200.0,65.0,1225.0,1225.0,13.8,2.9,0.0,2.9,33.3,0.0,0.0,35.5,0.0,0.0,8.5,1.5,0.7,11.0,0.0,0.0,33.3,-7.0,0.0,0.0,0.0,0.654,0.791,64.7,0.0,0.0,0.0,,0.0,1225.0,62.6,123.8,0.0,0.0,0.0,0.0,354.2,1263.2,356.0,1266.8,370.4,1261.4,372.2,1265.0,0.0,0.0,123.08,363.2,332.6,92.48,0.37659722222222225,2440.3536666666664,0.034482758620689655,386.6,2026-02-13 17:11:43-08:00,363.2,300.59999999999997,60.48,0.48,0.48,True
509.06,2.0,8.0,2026-02-14 01:20:06,37.07753,-121.59512,272.0,0.0,54.2,-12.6,0.0,0.0,0.0,0.0,0.0,11.8,0.0,28.0,0.0,121.0,-0.0,-0.0,0.9,0.0,25.0,0.0,30.11,351.0,0.0,0.0,326.0,0.0,0.0,0.0,0.0,0.0,0.0,0.0,0.0,0.0,0.0,0.0,0.0,5.0,0.0,0.0,-10.0,0.0,0.0,0.0,0.0,1.0,0.0,0.0,1200.0,65.0,1231.0,1231.0,14.0,2.9,0.0,2.9,34.4,0.0,0.0,35.5,0.0,0.0,9.6,1.5,0.7,11.0,0.0,0.0,34.4,-7.0,0.0,0.0,0.0,0.654,0.792,64.9,0.0,0.0,0.0,,0.0,1231.0,62.6,123.8,0.0,0.0,0.0,0.0,354.2,1261.4,356.0,1266.8,370.4,1257.8,372.2,1261.4,0.0,0.0,123.08,363.2,332.6,92.48,0.37740277777777775,2440.4379999999996,0.0,386.6,2026-02-13 17:11:43-08:00,363.2,300.59999999999997,60.48,0.48,0.48,True
510.06,2.0,8.0,2026-02-14 01:20:07,37.07753,-121.59512,272.0,0.0,54.2,-12.6,0.0,0.0,0.0,0.0,0.0,11.8,0.0,28.0,0.0,121.0,-0.0,-0.0,1.0,0.0,15.0,0.0,30.11,351.0,0.0,0.0,326.0,0.0,0.0,0.0,0.0,0.0,0.0,0.0,0.0,0.0,0.0,0.0,0.0,5.0,0.0,0.0,-10.0,0.0,0.0,0.0,0.0,1.0,0.0,0.0,1200.0,65.0,1240.0,1240.0,13.9,2.9,0.0,2.9,34.6,0.0,0.0,35.5,0.0,0.0,10.4,1.5,0.7,11.0,0.0,0.0,34.6,-7.0,0.0,0.0,0.0,0.653,0.791,65.1,0.0,0.0,0.0,,0.0,1240.0,62.6,123.8,0.0,0.0,0.0,0.0,354.2,1259.6,356.0,1266.8,370.4,1257.8,372.2,1261.4,0.0,0.0,123.26,363.2,332.6,92.66,0.3782083333333333,2440.4379999999996,0.0,386.6,2026-02-13 17:11:43-08:00,363.2,300.59999999999997,60.660000000000004,0.48,0.48,True
511.06,2.0,8.0,2026-02-14 01:20:08,37.07753,-121.59512,272.0,0.0,54.2,-12.6,0.0,0.0,0.0,0.0,0.0,11.9,-0.0,28.0,0.0,121.0,-0.0,0.0,1.0,0.0,-3.0,0.0,30.11,351.0,0.0,0.0,326.0,0.0,0.0,0.0,0.0,0.0,0.0,0.0,0.0,0.0,0.0,0.0,0.0,5.0,0.0,0.0,-10.0,0.0,0.0,0.0,0.0,1.0,0.0,0.0,1200.0,65.0,1236.0,1236.0,13.9,2.9,0.0,2.9,34.4,0.0,0.0,35.5,0.0,0.0,11.0,1.5,0.7,11.0,0.0,0.0,34.4,-7.0,0.0,0.0,0.0,0.654,0.791,65.1,0.0,0.0,0.0,,0.0,1236.0,62.6,123.8,0.0,0.0,0.0,0.0,354.2,1259.6,356.0,1266.8,370.4,1256.0,372.2,1259.6,0.0,0.0,123.62,363.2,332.6,93.02,0.3790138888888889,2440.4379999999996,0.0,386.6,2026-02-13 17:11:43-08:00,363.2,300.59999999999997,61.02,0.48,0.48,True
512.06,2.0,8.0,2026-02-14 01:20:09,37.07753,-121.59512,273.0,0.0,54.2,-12.6,0.0,0.0,0.0,0.0,0.0,11.8,0.0,28.0,0.0,121.0,-0.0,0.0,1.0,0.0,18.0,0.0,30.11,351.0,0.0,0.0,326.0,0.0,0.0,0.0,0.0,0.0,0.0,0.0,0.0,0.0,0.0,0.0,0.0,5.0,0.0,0.0,-10.0,0.0,0.0,0.0,0.0,1.0,0.0,0.0,1200.0,65.0,1235.0,1235.0,13.9,2.9,0.0,2.9,34.3,0.0,0.0,35.5,0.0,0.0,11.0,1.5,0.7,11.0,0.0,0.0,34.3,-7.0,0.0,0.0,0.0,0.654,0.792,65.2,0.0,0.0,0.0,,0.0,1235.0,62.6,123.8,0.0,0.0,0.0,0.0,354.2,1257.8,356.0,1266.8,370.4,1254.2,372.2,1261.4,0.0,0.0,123.8,363.2,332.6,93.2,0.3798194444444444,2440.4379999999996,0.0,386.6,2026-02-13 17:11:43-08:00,363.2,300.59999999999997,61.199999999999996,0.48,0.48,True
513.06,2.0,8.0,2026-02-14 01:20:10,37.07753,-121.59512,273.0,0.0,54.2,-12.6,0.0,0.0,0.0,0.0,0.0,11.8,0.0,28.1,0.0,121.0,-0.0,-0.0,1.0,0.0,37.0,0.0,30.11,351.0,0.0,0.0,326.0,0.0,0.0,0.0,0.0,0.0,0.0,0.0,0.0,0.0,0.0,0.0,0.0,5.0,0.0,0.0,-11.0,0.0,0.0,0.0,0.0,1.0,0.0,0.0,1200.0,65.0,1245.0,1245.0,13.8,2.9,0.0,2.9,34.5,0.0,0.0,35.5,0.0,0.0,11.0,1.5,0.7,11.0,0.0,0.0,34.5,-7.0,0.0,0.0,0.0,0.654,0.791,65.3,0.0,0.0,0.0,,0.0,1245.0,62.6,123.8,0.0,0.0,0.0,0.0,354.2,1256.0,356.0,1265.0,370.4,1256.0,372.2,1261.4,0.0,0.0,123.62,363.2,332.6,93.02,0.38062499999999994,2440.4379999999996,0.0,386.6,2026-02-13 17:11:43-08:00,363.2,300.59999999999997,61.02,0.48,0.48,True
514.06,2.0,8.0,2026-02-14 01:20:11,37.07753,-121.59512,272.0,0.1,54.2,-12.6,0.0,0.0,0.0,0.0,0.0,11.8,0.1,28.1,0.0,121.0,-0.0,-0.0,1.0,0.0,14.0,0.0,30.11,351.0,0.0,0.0,326.0,0.0,0.0,0.0,0.0,0.0,0.0,0.0,0.0,0.0,0.0,0.0,0.0,5.0,0.0,0.0,-11.0,0.0,0.0,0.0,0.0,1.0,0.0,0.0,1200.0,65.0,1243.0,1243.0,13.8,2.9,0.0,2.9,34.4,0.0,0.0,35.5,0.0,0.0,11.2,1.5,0.7,11.0,0.0,0.0,34.4,-7.0,0.0,0.0,0.0,0.653,0.791,65.3,0.0,0.0,0.0,,0.0,1243.0,62.6,123.8,0.0,0.0,0.0,0.0,354.2,1254.2,356.0,1265.0,370.4,1256.0,372.2,1259.6,0.0,0.0,123.62,363.2,332.6,93.02,0.3814305555555555,2440.5223333333333,0.034482758620689655,386.6,2026-02-13 17:11:43-08:00,363.2,300.59999999999997,61.02,0.48,0.48,True
515.06,2.0,8.0,2026-02-14 01:20:12,37.07753,-121.59512,273.0,0.0,54.2,-12.6,0.0,0.0,0.0,0.0,0.0,11.8,-0.0,28.0,0.0,121.0,-0.0,-0.0,0.9,0.0,-8.0,0.0,30.11,351.0,0.0,0.0,326.0,0.0,0.0,0.0,0.0,0.0,0.0,0.0,0.0,0.0,0.0,0.0,0.0,5.0,0.0,0.0,-11.0,0.0,0.0,0.0,0.0,1.0,0.0,0.0,1200.0,67.0,1367.0,1367.0,14.6,3.0,0.0,3.0,34.4,0.0,0.0,35.5,0.0,0.0,11.4,1.5,0.7,11.0,0.0,0.0,34.4,-7.0,0.0,0.0,0.0,0.653,0.791,67.0,0.0,0.0,0.0,,0.0,1367.0,62.6,123.8,0.0,0.0,0.0,0.0,354.2,1256.0,356.0,1263.2,370.4,1254.2,372.2,1259.6,0.0,0.0,123.62,363.2,332.6,93.02,0.38225,2440.6066666666666,0.0,386.6,2026-02-13 17:11:43-08:00,363.2,300.59999999999997,61.02,0.48,0.48,True
516.06,2.0,8.0,2026-02-14 01:20:13,37.07753,-121.59512,273.0,0.1,54.2,-12.6,0.0,0.0,0.0,0.0,0.0,11.8,-0.0,28.0,0.0,121.0,-0.0,-0.0,1.1,0.0,4.0,0.0,30.11,351.0,0.0,0.0,326.0,0.0,0.0,0.0,0.0,0.0,0.0,0.0,0.0,0.0,0.0,0.0,0.0,3.0,0.0,0.0,-4.0,0.0,0.0,0.0,0.0,1.0,0.0,0.0,1200.0,70.0,1444.0,1444.0,15.0,3.1,0.0,3.1,34.4,0.0,0.0,35.5,0.0,0.0,11.5,1.5,0.7,11.0,0.0,0.0,34.4,-7.0,0.0,0.0,0.0,0.654,0.791,70.1,0.0,0.0,0.0,,0.0,1444.0,62.6,123.8,0.0,0.0,0.0,0.0,354.2,1256.0,356.0,1261.4,370.4,1256.0,372.2,1261.4,0.0,0.0,123.98,363.2,332.6,93.38,0.3830972222222222,2440.691,0.03225806451612903,386.6,2026-02-13 17:11:43-08:00,363.2,300.59999999999997,61.38,0.48,0.48,True
517.06,2.0,8.0,2026-02-14 01:20:14,37.07753,-121.59512,272.0,0.1,54.2,-12.6,0.0,0.0,0.0,0.0,0.0,11.7,0.0,28.0,0.0,121.0,-0.0,0.0,1.1,0.0,14.0,0.0,30.11,351.0,0.0,0.0,326.0,0.0,0.0,0.0,0.0,0.0,0.0,0.0,0.0,0.0,0.0,0.0,0.0,3.0,0.0,0.0,-5.0,0.0,0.0,0.0,0.0,1.0,0.0,0.0,1200.0,70.0,1426.0,1426.0,14.9,3.2,0.0,3.2,34.5,0.0,0.0,35.5,0.0,0.0,11.4,1.5,0.7,11.0,0.0,0.0,34.5,-7.0,0.0,0.0,0.0,0.654,0.791,69.7,0.0,0.0,0.0,,0.0,1426.0,62.6,123.8,0.0,0.0,0.0,0.0,354.2,1257.8,356.0,1263.2,370.4,1259.6,372.2,1266.8,0.0,0.0,124.34,363.2,332.6,93.74,0.38397222222222216,2440.8596666666667,0.03125,386.6,2026-02-13 17:11:43-08:00,363.2,300.59999999999997,61.74,0.48,0.48,True
518.06,2.0,8.0,2026-02-14 01:20:15,37.07753,-121.59512,272.0,0.0,54.2,-12.6,0.0,0.0,0.0,0.0,0.0,11.8,-0.0,28.0,0.0,122.0,-0.0,0.0,0.9,0.0,30.0,0.0,30.11,351.0,0.0,0.0,326.0,0.0,0.0,0.0,0.0,0.0,0.0,0.0,0.0,0.0,0.0,0.0,0.0,3.0,0.0,0.0,-4.0,0.0,0.0,0.0,0.0,1.0,0.0,0.0,1200.0,70.0,1443.0,1443.0,14.7,3.3,0.0,3.3,34.5,0.0,0.0,35.5,0.0,0.0,11.2,1.5,0.7,11.0,0.0,0.0,34.5,-7.0,0.0,0.0,0.0,0.654,0.791,70.1,0.0,0.0,0.0,,0.0,1443.0,62.6,123.8,0.0,0.0,0.0,0.0,354.2,1263.2,356.0,1263.2,370.4,1259.6,372.2,1268.6,0.0,0.0,124.16,363.2,332.6,93.56,0.38487499999999997,2440.944,0.0,386.6,2026-02-13 17:11:43-08:00,363.2,300.59999999999997,61.559999999999995,0.48,0.48,True
519.06,2.0,8.0,2026-02-14 01:20:16,37.07753,-121.59512,272.0,0.1,54.2,-12.6,0.0,0.0,0.0,0.0,0.0,11.8,-0.1,28.0,0.0,123.0,-0.0,-0.0,0.9,0.0,46.0,0.0,30.11,351.0,0.0,0.0,326.0,0.0,0.0,0.0,0.0,0.0,0.0,0.0,0.0,0.0,0.0,0.0,0.0,3.0,0.0,0.0,-5.0,0.0,0.0,0.0,0.0,1.0,0.0,0.0,1200.0,70.0,1428.0,1428.0,14.5,3.3,0.0,3.3,34.5,0.0,0.0,35.5,0.0,0.0,11.2,1.5,0.7,11.0,0.0,0.0,34.5,-7.0,0.0,0.0,0.0,0.653,0.791,69.9,0.0,0.0,0.0,,0.0,1428.0,62.6,123.8,0.0,0.0,0.0,0.0,354.2,1265.0,356.0,1261.4,370.4,1259.6,372.2,1270.4,0.0,0.0,124.16,363.2,332.6,93.56,0.38579166666666664,2441.028333333333,0.030303030303030307,386.6,2026-02-13 17:11:43-08:00,363.2,300.59999999999997,61.559999999999995,0.48,0.48,True
520.06,2.0,8.0,2026-02-14 01:20:17,37.07753,-121.59512,272.0,0.0,54.2,-12.6,0.0,0.0,0.0,0.0,0.0,11.7,-0.1,28.0,0.0,123.0,-0.0,0.0,1.0,0.0,21.0,0.0,30.11,353.0,0.0,0.0,326.0,0.0,0.0,0.0,0.0,0.0,0.0,0.0,0.0,0.0,0.0,0.0,0.0,2.0,0.0,0.0,-6.0,0.0,0.0,0.0,0.0,1.0,0.0,0.0,1200.0,73.0,1590.0,1590.0,15.6,3.5,0.0,3.5,34.1,0.0,0.0,35.5,0.0,0.0,11.3,1.5,0.7,11.0,0.0,0.0,34.1,-7.0,0.0,0.0,0.0,0.654,0.793,73.2,0.0,0.0,0.0,,0.0,1590.0,62.6,123.8,0.0,0.0,0.0,0.0,354.2,1265.0,356.0,1263.2,370.4,1263.2,372.2,1275.8,0.0,0.0,124.16,363.2,332.6,93.56,0.38673611111111106,2441.1126666666664,0.0,386.6,2026-02-13 17:11:43-08:00,363.2,300.59999999999997,61.559999999999995,0.48,0.48,True
521.06,2.0,8.0,2026-02-14 01:20:18,37.07753,-121.59512,271.0,0.2,54.2,-12.6,0.0,0.0,0.0,0.0,0.0,11.8,-0.0,28.3,0.0,123.0,0.2,0.0,1.0,0.0,6.0,0.0,30.11,353.0,0.0,0.0,326.0,0.0,0.0,0.0,0.0,0.0,0.0,0.0,0.0,0.0,0.0,0.0,0.0,1.0,0.0,0.0,-8.0,0.0,0.0,0.0,0.0,1.0,0.0,0.0,1200.0,74.0,1654.0,1654.0,16.0,3.8,0.0,3.8,33.8,0.0,0.0,35.5,0.0,0.0,11.3,1.5,0.7,11.0,0.0,0.0,33.8,-7.0,0.0,0.0,0.0,0.659,0.793,73.8,0.0,0.0,0.0,,0.0,1654.0,62.6,123.8,0.0,0.0,0.0,0.0,354.2,1270.4,356.0,1263.2,370.4,1265.0,372.2,1279.4,0.0,0.0,124.52,363.2,332.6,93.92,0.38774999999999993,2441.2813333333334,0.052631578947368425,386.6,2026-02-13 17:11:43-08:00,363.2,300.59999999999997,61.919999999999995,0.48,0.48,True
522.06,2.0,8.0,2026-02-14 01:20:19,37.07753,-121.59512,271.0,0.7,54.2,-12.6,0.0,0.0,0.0,0.0,0.0,11.9,0.0,29.4,0.0,124.0,0.6,0.01,1.0,0.0,16.0,0.0,30.11,353.0,0.0,0.0,326.0,0.0,0.0,0.0,0.0,0.0,0.0,0.0,0.0,0.0,0.0,0.0,0.0,1.0,0.0,0.0,-10.0,0.0,0.0,0.0,0.0,1.0,0.0,0.0,1200.0,75.0,1702.0,1702.0,16.4,4.1,0.0,4.1,33.8,0.0,0.0,35.5,0.0,0.0,11.1,1.5,0.7,11.0,0.0,0.0,33.8,-7.0,0.0,0.0,0.0,0.671,0.792,75.3,0.0,0.0,8.0,R,0.0,1702.0,62.6,125.6,0.0,0.0,0.0,0.0,354.2,1274.0,356.0,1268.6,372.2,1270.4,372.2,1284.8,0.0,0.0,124.88,363.65,333.05,94.28,0.3888472222222222,2442.0403333333334,0.17073170731707318,386.6,2026-02-13 17:11:43-08:00,363.65000000000003,301.05,62.279999999999994,0.48,0.48,True
523.06,2.0,8.0,2026-02-14 01:20:20,37.07753,-121.59512,271.0,1.4,40.6,-12.6,0.0,0.0,0.0,0.0,0.0,12.1,0.2,31.9,0.0,124.0,1.8,0.0,0.9,0.0,19.0,0.0,30.11,354.0,0.0,0.0,326.0,0.0,0.0,0.0,0.0,0.0,0.0,0.0,0.0,0.0,0.0,0.0,0.0,2.0,0.0,0.0,-12.0,0.0,0.0,0.0,0.0,1.0,0.0,0.0,1200.0,75.0,1671.0,1671.0,16.2,4.3,0.0,4.3,33.9,0.0,0.0,35.5,0.0,0.0,10.9,1.5,0.7,11.0,0.0,0.0,33.9,-7.0,0.0,0.0,0.0,0.663,0.793,74.5,0.0,0.0,0.0,,0.0,1671.0,62.6,123.8,0.0,0.0,0.0,0.0,354.2,1275.8,356.0,1268.6,372.2,1270.4,372.2,1284.8,0.0,0.0,124.52,363.65,333.05,93.92,0.3900138888888888,2443.811333333333,0.3255813953488372,386.6,2026-02-13 17:11:43-08:00,363.65000000000003,301.05,61.919999999999995,0.48,0.48,True
524.06,2.0,8.0,2026-02-14 01:20:21,37.07754,-121.59512,271.0,1.5,30.7,-12.6,0.0,0.0,0.0,0.0,0.0,12.2,-0.0,35.2,0.0,124.0,2.8,-0.01,0.9,0.0,-2.0,0.0,30.11,354.0,0.0,0.0,326.0,0.0,0.0,0.0,0.0,0.0,0.0,0.0,0.0,0.0,0.0,0.0,0.0,2.0,0.0,0.0,0.0,0.0,0.0,0.0,0.0,1.0,0.0,0.0,1200.0,73.0,1568.0,1568.0,15.5,4.3,0.0,4.3,34.2,0.0,0.0,35.5,0.0,0.0,11.0,1.5,0.7,11.0,0.0,0.0,34.2,-7.0,0.0,0.0,0.0,0.669,0.793,72.8,0.0,0.0,0.0,,0.0,1568.0,62.6,123.8,0.0,0.0,0.0,0.0,354.2,1277.6,357.8,1268.6,372.2,1272.2,372.2,1284.8,0.0,0.0,124.52,364.1,333.5,93.92,0.39120833333333327,2446.257,0.3488372093023256,386.6,2026-02-13 17:11:43-08:00,364.1,301.5,61.919999999999995,0.48,0.48,True
525.06,2.0,8.0,2026-02-14 01:20:22,37.07755,-121.59511,271.0,1.4,32.4,-12.6,0.0,0.0,0.0,0.0,0.0,12.2,-0.3,38.2,0.0,124.0,3.1,-0.0,0.9,0.0,-2.0,0.0,30.11,354.0,0.0,0.0,326.0,0.0,0.0,0.0,0.0,0.0,0.0,0.0,0.0,0.0,0.0,0.0,0.0,2.0,0.0,0.0,-5.0,0.0,0.0,0.0,0.0,1.0,0.0,0.0,1200.0,72.0,1616.0,1616.0,15.7,4.3,0.0,4.3,33.9,0.0,0.0,35.5,0.0,0.0,11.1,1.5,0.7,11.0,0.0,0.0,33.9,-7.0,0.0,0.0,0.0,0.673,0.793,72.4,0.0,0.0,0.0,,0.0,1616.0,62.6,123.8,0.0,0.0,0.0,0.0,354.2,1279.4,357.8,1270.4,372.2,1274.0,372.2,1286.6,0.0,0.0,124.7,364.1,333.5,94.1,0.3924027777777777,2448.7026666666666,0.3255813953488372,386.6,2026-02-13 17:11:43-08:00,364.1,301.5,62.1,0.48,0.48,True
526.06,2.0,8.0,2026-02-14 01:20:23,37.07755,-121.59511,271.0,1.8,40.4,-12.6,0.0,0.0,0.0,0.0,0.0,12.2,-0.7,40.7,0.0,125.0,3.1,-0.02,1.0,0.0,8.0,0.0,30.11,355.0,0.0,0.0,326.0,0.0,0.0,0.0,0.0,0.0,0.0,0.0,0.0,0.0,0.0,0.0,0.0,2.0,0.0,0.0,-10.0,0.0,0.0,0.0,0.0,1.0,0.0,0.0,1200.0,73.0,1627.0,1627.0,16.0,4.4,0.0,4.4,33.8,0.0,0.0,35.5,0.0,0.0,11.2,1.5,0.7,11.0,0.0,0.0,33.8,-7.0,0.0,0.0,0.0,0.667,0.793,73.5,0.0,0.0,0.0,,0.0,1627.0,62.6,125.6,0.0,0.0,0.0,0.0,356.0,1281.2,357.8,1272.2,372.2,1275.8,372.2,1290.2,0.0,0.0,124.7,364.55,333.95,94.1,0.3936111111111111,2451.4013333333332,0.40909090909090906,386.6,2026-02-13 17:11:43-08:00,364.55,301.95,62.1,0.48,0.48,True
527.06,2.0,8.0,2026-02-14 01:20:24,37.07756,-121.59509,271.0,2.6,49.9,-12.6,0.0,0.0,0.0,0.0,0.0,11.5,-0.8,41.3,0.0,125.0,1.7,-0.01,1.0,0.0,13.0,0.0,30.11,355.0,0.0,0.0,326.0,0.0,0.0,0.0,0.0,0.0,0.0,0.0,0.0,0.0,0.0,0.0,0.0,3.0,0.0,0.0,-9.0,0.0,0.0,0.0,0.0,1.0,0.0,0.0,1200.0,76.0,1693.0,1693.0,17.1,4.6,0.0,4.6,33.6,0.0,0.0,35.5,0.0,0.0,11.1,1.5,0.7,11.0,0.0,0.0,33.6,-7.0,0.0,0.0,0.0,0.66,0.793,76.2,0.0,0.0,12.0,R,0.0,1693.0,62.6,125.6,0.0,0.0,0.0,0.0,354.2,1281.2,357.8,1272.2,372.2,1279.4,372.2,1292.0,0.0,0.0,125.24,364.1,333.5,94.64,0.39486111111111105,2455.112,0.5652173913043479,386.6,2026-02-13 17:11:43-08:00,364.1,301.5,62.63999999999999,0.48,0.48,True
528.06,2.0,8.0,2026-02-14 01:20:25,37.07756,-121.59509,272.0,2.2,49.1,-12.6,0.0,0.0,0.0,0.0,0.0,10.6,-1.0,42.0,0.0,125.0,0.9,-0.01,1.0,0.0,-35.0,0.0,30.11,355.0,0.0,0.0,326.0,0.0,0.0,0.0,0.0,0.0,0.0,0.0,0.0,0.0,0.0,0.0,0.0,4.0,0.0,0.0,-11.0,0.0,0.0,0.0,0.0,1.0,0.0,0.0,1200.0,68.0,1450.0,1450.0,14.6,4.4,0.0,4.4,34.2,0.0,0.0,35.5,0.0,0.0,11.1,1.5,0.7,11.0,0.0,0.0,34.2,-7.0,0.0,0.0,0.0,0.658,0.792,68.2,0.0,0.0,0.0,,0.0,1450.0,62.6,125.6,0.0,0.0,0.0,0.0,354.2,1284.8,357.8,1274.0,372.2,1286.6,372.2,1297.4,0.0,0.0,125.06,364.1,333.5,94.46,0.3961111111111111,2459.16,0.5,386.6,2026-02-13 17:11:43-08:00,364.1,301.5,62.46,0.48,0.48,True
529.06,2.0,8.0,2026-02-14 01:20:26,37.07757,-121.59507,272.0,2.8,50.9,-12.6,0.0,0.0,0.0,0.0,0.0,10.7,-0.9,42.7,0.0,125.0,0.6,-0.02,0.9,0.0,7.0,0.0,30.11,355.0,0.0,0.0,326.0,0.0,0.0,0.0,0.0,0.0,0.0,0.0,0.0,0.0,0.0,0.0,0.0,4.0,0.0,0.0,-12.0,0.0,0.0,0.0,0.0,1.0,0.0,0.0,1200.0,76.0,1836.0,1836.0,17.8,4.6,0.0,4.6,33.2,0.0,0.0,35.5,0.0,0.0,11.0,1.5,0.7,11.0,0.0,0.0,33.2,-7.0,0.0,0.0,0.0,0.662,0.792,75.6,0.0,0.0,8.0,R,0.0,1836.0,62.6,125.6,0.0,0.0,0.0,0.0,356.0,1283.0,357.8,1275.8,372.2,1286.6,372.2,1297.4,0.0,0.0,124.88,364.55,333.95,94.28,0.39736111111111105,2463.3766666666666,0.6086956521739131,386.6,2026-02-13 17:11:43-08:00,364.55,301.95,62.279999999999994,0.48,0.48,True
530.06,2.0,8.0,2026-02-14 01:20:27,37.07758,-121.59505,272.0,4.2,55.8,-12.6,0.0,0.0,0.0,0.0,0.0,11.3,-0.8,41.3,0.0,125.0,-0.3,-0.01,0.9,0.0,61.0,0.0,30.11,355.0,0.0,0.0,326.0,0.0,0.0,0.0,0.0,0.0,0.0,0.0,0.0,0.0,0.0,0.0,0.0,4.0,0.0,0.0,-18.0,0.0,0.0,0.0,0.0,1.0,0.0,0.0,1200.0,78.0,1858.0,1858.0,17.4,5.0,0.0,5.0,33.2,0.0,0.0,35.5,0.0,0.0,11.0,1.5,0.7,11.0,0.0,0.0,33.2,-7.0,0.0,0.0,0.0,0.668,0.792,78.3,0.0,0.0,19.0,R,0.0,1858.0,62.6,125.6,0.0,0.0,0.0,0.0,356.0,1283.0,357.8,1277.6,372.2,1290.2,372.2,1302.8,0.0,0.0,125.06,364.55,333.95,94.46,0.3986944444444444,2469.2799999999997,0.8400000000000001,386.6,2026-02-13 17:11:43-08:00,364.55,301.95,62.46,0.48,0.48,True
531.06,2.0,8.0,2026-02-14 01:20:28,37.07759,-121.59504,272.0,4.9,49.8,-12.6,0.0,0.0,0.0,0.0,0.0,11.1,-0.5,39.3,0.0,125.0,-1.6,0.02,1.0,0.0,19.0,0.0,30.11,355.0,0.0,0.0,326.0,0.0,0.0,0.0,0.0,0.0,0.0,0.0,0.0,0.0,0.0,0.0,0.0,4.0,0.0,0.0,-3.0,0.0,0.0,0.0,0.0,1.0,0.0,0.0,1200.0,75.0,1677.0,1677.0,16.5,5.0,0.0,5.0,33.7,0.0,0.0,35.5,0.0,0.0,11.1,1.5,0.7,11.0,0.0,0.0,33.7,-7.0,0.0,0.0,0.0,0.679,0.793,74.9,0.0,0.0,16.0,R,0.0,1677.0,62.6,125.6,0.0,0.0,0.0,0.0,356.0,1284.8,357.8,1281.2,372.2,1292.0,372.2,1302.8,0.0,0.0,125.24,364.55,333.95,94.64,0.4000833333333333,2476.954333333333,0.9800000000000001,386.6,2026-02-13 17:11:43-08:00,364.55,301.95,62.63999999999999,0.48,0.48,True
532.06,2.0,8.0,2026-02-14 01:20:29,37.07761,-121.59502,272.0,5.2,47.0,-12.6,0.0,0.0,0.0,0.0,0.0,10.9,-0.2,41.8,0.0,125.0,0.4,0.01,0.8,0.0,2.0,0.0,30.11,356.0,0.0,0.0,326.0,0.0,0.0,0.0,0.0,0.0,0.0,0.0,0.0,0.0,0.0,0.0,0.0,4.0,0.0,0.0,-3.0,0.0,0.0,0.0,0.0,1.0,0.0,0.0,1200.0,72.0,1544.0,1544.0,15.8,4.9,0.0,4.9,34.1,0.0,0.0,35.5,0.0,0.0,11.1,1.5,0.7,11.0,0.0,0.0,34.1,-7.0,0.0,0.0,0.0,0.669,0.793,72.2,0.0,0.0,0.0,,0.0,1544.0,62.6,125.6,0.0,0.0,0.0,0.0,356.0,1288.4,357.8,1283.0,372.2,1293.8,374.0,1302.8,0.0,0.0,125.78,365.0,334.4,95.18,0.4014583333333333,2485.4719999999998,1.0612244897959184,386.6,2026-02-13 17:11:43-08:00,365.0,302.4,63.18,0.48,0.48,True
533.06,2.0,8.0,2026-02-14 01:20:30,37.07763,-121.59499,271.0,5.1,49.5,-12.6,0.0,0.0,0.0,0.0,0.0,10.8,-1.0,46.3,0.0,125.0,2.8,-0.04,1.0,0.0,-5.0,0.0,30.11,356.0,0.0,0.0,326.0,0.0,0.0,0.0,0.0,0.0,0.0,0.0,0.0,0.0,0.0,0.0,0.0,4.0,0.0,0.0,-4.0,0.0,0.0,0.0,0.0,1.0,0.0,0.0,1200.0,71.0,1526.0,1526.0,15.6,4.7,0.0,4.7,34.2,0.0,0.0,35.5,0.0,0.0,11.0,1.5,0.7,11.0,0.0,0.0,34.2,-7.0,0.0,0.0,0.0,0.659,0.792,70.9,0.0,0.0,0.0,,0.0,1526.0,62.6,125.6,0.0,0.0,0.0,0.0,356.0,1288.4,357.8,1283.0,372.2,1292.0,374.0,1301.0,0.0,0.0,125.6,365.0,334.4,95.0,0.4027916666666666,2494.1583333333333,1.0851063829787233,386.6,2026-02-13 17:11:43-08:00,365.0,302.4,62.99999999999999,0.48,0.48,True
534.06,2.0,8.0,2026-02-14 01:20:31,37.07764,-121.59496,271.0,5.0,56.9,-12.6,0.0,0.0,0.0,0.0,0.0,10.8,-0.8,48.2,0.0,125.0,2.5,-0.03,1.0,0.0,-21.0,0.0,30.11,356.0,0.0,0.0,326.0,0.0,0.0,0.0,0.0,0.0,0.0,0.0,0.0,0.0,0.0,0.0,0.0,5.0,0.0,0.0,-5.0,0.0,0.0,0.0,0.0,1.0,0.0,0.0,1200.0,72.0,1565.0,1565.0,15.8,4.6,0.0,4.6,34.2,0.0,0.0,35.5,0.0,0.0,11.0,1.5,0.7,11.0,0.0,0.0,34.2,-7.0,0.0,0.0,0.0,0.658,0.792,71.9,0.0,0.0,0.0,,0.0,1565.0,62.6,125.6,0.0,0.0,0.0,0.0,356.0,1286.6,357.8,1284.8,372.2,1290.2,372.2,1301.0,0.0,0.0,125.6,364.55,333.95,95.0,0.4040833333333333,2502.676,1.0869565217391306,386.6,2026-02-13 17:11:43-08:00,364.55,301.95,62.99999999999999,0.48,0.48,True
535.06,2.0,8.0,2026-02-14 01:20:32,37.07766,-121.59494,271.0,5.0,58.6,-12.6,0.0,0.0,0.0,0.0,0.0,10.7,-0.8,48.0,0.0,125.0,0.9,-0.02,1.0,0.0,-18.0,0.0,30.11,356.0,0.0,0.0,326.0,0.0,0.0,0.0,0.0,0.0,0.0,0.0,0.0,0.0,0.0,0.0,0.0,5.0,0.0,0.0,-8.0,0.0,0.0,0.0,0.0,1.0,0.0,0.0,1200.0,72.0,1566.0,1566.0,15.7,4.5,0.0,4.5,34.3,0.0,0.0,35.5,0.0,0.0,11.1,1.5,0.7,11.0,0.0,0.0,34.3,-7.0,0.0,0.0,0.0,0.663,0.793,72.1,0.0,0.0,0.0,,0.0,1566.0,62.6,125.6,0.0,0.0,0.0,0.0,356.0,1286.6,357.8,1283.0,372.2,1290.2,374.0,1301.0,0.0,0.0,125.6,365.0,334.4,95.0,0.4053472222222222,2511.1093333333333,1.1111111111111112,386.6,2026-02-13 17:11:43-08:00,365.0,302.4,62.99999999999999,0.48,0.48,True
536.06,2.0,8.0,2026-02-14 01:20:33,37.07767,-121.59492,271.0,5.1,59.6,-12.6,0.0,0.0,0.0,0.0,0.0,10.6,-1.0,45.8,0.0,125.0,-0.7,-0.03,1.0,0.0,-9.0,0.0,30.11,356.0,0.0,0.0,326.0,0.0,0.0,0.0,0.0,0.0,0.0,0.0,0.0,0.0,0.0,0.0,0.0,5.0,0.0,0.0,-8.0,0.0,0.0,0.0,0.0,1.0,0.0,0.0,1200.0,73.0,1619.0,1619.0,15.8,4.5,0.0,4.5,34.0,0.0,0.0,35.5,0.0,0.0,11.2,1.5,0.7,11.0,0.0,0.0,34.0,-7.0,0.0,0.0,0.0,0.668,0.793,73.2,0.0,0.0,0.0,,0.0,1619.0,62.6,125.6,0.0,0.0,0.0,0.0,356.0,1286.6,357.8,1283.0,372.2,1290.2,372.2,1304.6,0.0,0.0,125.78,364.55,333.95,95.18,0.40659722222222217,2519.627,1.1333333333333333,386.6,2026-02-13 17:11:43-08:00,364.55,301.95,63.18,0.48,0.48,True
537.06,2.0,8.0,2026-02-14 01:20:34,37.07768,-121.59489,271.0,5.3,58.5,-12.6,0.0,0.0,0.0,0.0,0.0,10.5,-0.7,38.8,0.0,125.0,-4.4,0.01,1.0,0.0,15.0,0.0,30.11,356.0,0.0,0.0,326.0,0.0,0.0,0.0,0.0,0.0,0.0,0.0,0.0,0.0,0.0,0.0,0.0,5.0,0.0,0.0,-10.0,0.0,0.0,0.0,0.0,1.0,0.0,0.0,1200.0,73.0,1628.0,1628.0,15.9,4.5,0.0,4.5,34.0,0.0,0.0,35.5,0.0,0.0,11.2,1.5,0.7,11.0,0.0,0.0,34.0,-7.0,0.0,0.0,0.0,0.67,0.793,73.3,0.0,0.0,0.0,,0.0,1628.0,62.6,125.6,0.0,0.0,0.0,0.0,356.0,1288.4,357.8,1283.0,374.0,1290.2,374.0,1301.0,0.0,0.0,126.14,365.45,334.85,95.54,0.4078472222222222,2528.3976666666667,1.1777777777777778,386.6,2026-02-13 17:11:43-08:00,365.45,302.84999999999997,63.54,0.48,0.48,True
538.06,2.0,8.0,2026-02-14 01:20:35,37.07769,-121.59486,270.0,5.8,49.7,-12.6,0.0,0.0,0.0,0.0,0.0,10.2,-0.1,30.5,0.0,125.0,-6.8,0.03,1.0,0.0,25.0,0.0,30.11,356.0,0.0,0.0,326.0,0.0,0.0,0.0,0.0,0.0,0.0,0.0,0.0,0.0,0.0,0.0,0.0,5.0,0.0,0.0,-1.0,0.0,0.0,0.0,0.0,1.0,0.0,0.0,1200.0,73.0,1634.0,1634.0,16.1,4.6,0.0,4.6,34.0,0.0,0.0,35.5,0.0,0.0,11.0,1.5,0.7,11.0,0.0,0.0,34.0,-7.0,0.0,0.0,0.0,0.68,0.793,73.3,0.0,0.0,0.0,,0.0,1634.0,62.6,125.6,0.0,0.0,0.0,0.0,356.0,1290.2,357.8,1284.8,374.0,1290.2,374.0,1301.0,0.0,0.0,126.14,365.45,334.85,95.54,0.4091111111111111,2537.7586666666666,1.2608695652173914,386.6,2026-02-13 17:11:43-08:00,365.45,302.84999999999997,63.54,0.48,0.48,True
539.06,2.0,8.0,2026-02-14 01:20:36,37.07772,-121.59484,270.0,6.1,40.1,-12.6,0.0,0.0,0.0,0.0,0.0,10.5,-0.7,21.4,0.0,125.0,-8.3,0.04,1.0,0.0,35.0,0.0,30.11,356.0,0.0,0.0,326.0,0.0,0.0,0.0,0.0,0.0,0.0,0.0,0.0,0.0,0.0,0.0,0.0,5.0,0.0,0.0,-4.0,0.0,0.0,0.0,0.0,1.0,0.0,0.0,1200.0,73.0,1647.0,1647.0,16.2,4.7,0.0,4.7,34.0,0.0,0.0,35.5,0.0,0.0,10.9,1.5,0.7,11.0,0.0,0.0,34.0,-7.0,0.0,0.0,0.0,0.681,0.793,73.5,0.0,0.0,0.0,,0.0,1647.0,62.6,125.6,0.0,0.0,0.0,0.0,356.0,1292.0,357.8,1284.8,374.0,1290.2,374.0,1301.0,0.0,0.0,126.14,365.45,334.85,95.54,0.4104027777777777,2547.7943333333333,1.297872340425532,386.6,2026-02-13 17:11:43-08:00,365.45,302.84999999999997,63.54,0.48,0.48,True
540.06,2.0,8.0,2026-02-14 01:20:37,37.07774,-121.59482,270.0,6.4,29.0,-12.6,0.0,0.0,0.0,0.0,0.0,10.9,-0.3,13.5,0.0,125.0,-8.4,0.05,0.7,0.0,12.0,0.0,30.11,356.0,0.0,0.0,326.0,0.0,0.0,0.0,0.0,0.0,0.0,0.0,0.0,0.0,0.0,0.0,0.0,5.0,0.0,0.0,-6.0,0.0,0.0,0.0,0.0,1.0,0.0,0.0,1200.0,74.0,1650.0,1650.0,16.3,4.7,0.0,4.7,33.9,0.0,0.0,35.5,0.0,0.0,11.0,1.5,0.7,11.0,0.0,0.0,33.9,-7.0,0.0,0.0,0.0,0.685,0.792,73.7,0.0,0.0,0.0,,0.0,1650.0,62.6,125.6,0.0,0.0,0.0,0.0,356.0,1292.0,357.8,1283.0,374.0,1290.2,374.0,1301.0,0.0,0.0,126.14,365.45,334.85,95.54,0.4117083333333333,2558.336,1.3617021276595744,386.6,2026-02-13 17:11:43-08:00,365.45,302.84999999999997,63.54,0.48,0.48,True
541.06,2.0,8.0,2026-02-14 01:20:38,37.07777,-121.5948,270.0,6.5,23.1,-12.6,0.0,0.0,0.0,0.0,0.0,11.1,-0.6,6.4,0.0,125.0,-7.7,0.02,1.0,0.0,21.0,0.0,30.11,356.0,0.0,0.0,326.0,0.0,0.0,0.0,0.0,0.0,0.0,0.0,0.0,0.0,0.0,0.0,0.0,5.0,0.0,0.0,-7.0,0.0,0.0,0.0,0.0,1.0,0.0,0.0,1200.0,74.0,1653.0,1653.0,16.3,4.7,0.0,4.7,33.9,0.0,0.0,35.5,0.0,0.0,11.2,1.5,0.7,11.0,0.0,0.0,33.9,-7.0,0.0,0.0,0.0,0.681,0.793,73.7,0.0,0.0,0.0,,0.0,1653.0,62.6,125.6,0.0,0.0,0.0,0.0,356.0,1292.0,357.8,1283.0,374.0,1292.0,374.0,1304.6,0.0,0.0,126.14,365.45,334.85,95.54,0.41301388888888885,2569.2149999999997,1.3829787234042552,386.6,2026-02-13 17:11:43-08:00,365.45,302.84999999999997,63.54,0.48,0.48,True
542.06,2.0,8.0,2026-02-14 01:20:39,37.07779,-121.5948,270.0,6.4,16.9,-12.6,0.0,0.0,0.0,0.0,0.0,11.2,0.0,356.5,0.0,125.0,-8.9,0.03,1.2,0.0,8.0,0.0,30.11,356.0,0.0,0.0,326.0,0.0,0.0,0.0,0.0,0.0,0.0,0.0,0.0,0.0,0.0,0.0,0.0,5.0,0.0,0.0,-7.0,0.0,0.0,0.0,0.0,1.0,0.0,0.0,1200.0,73.0,1592.0,1592.0,16.1,4.7,0.0,4.7,34.1,0.0,0.0,35.5,0.0,0.0,11.2,1.5,0.7,11.0,0.0,0.0,34.1,-7.0,0.0,0.0,0.0,0.681,0.793,72.5,0.0,0.0,0.0,,0.0,1592.0,62.6,127.4,0.0,0.0,0.0,0.0,356.0,1292.0,357.8,1283.0,374.0,1292.0,374.0,1302.8,0.0,0.0,126.5,365.45,334.85,95.9,0.4143194444444444,2580.094,1.3617021276595744,386.6,2026-02-13 17:11:43-08:00,365.45,302.84999999999997,63.9,0.48,0.48,True
543.06,2.0,8.0,2026-02-14 01:20:40,37.07782,-121.59479,270.0,6.3,3.1,-12.6,0.0,0.0,0.0,0.0,0.0,11.0,0.1,346.9,0.0,126.0,-9.7,0.06,0.7,0.0,32.0,0.0,30.11,356.0,0.0,0.0,326.0,0.0,0.0,0.0,0.0,0.0,0.0,0.0,0.0,0.0,0.0,0.0,0.0,5.0,0.0,0.0,-8.0,0.0,0.0,0.0,0.0,1.0,0.0,0.0,1200.0,72.0,1571.0,1571.0,15.9,4.7,0.0,4.7,34.0,0.0,0.0,35.5,0.0,0.0,11.0,1.5,0.7,11.0,0.0,0.0,34.0,-7.0,0.0,0.0,0.0,0.665,0.793,71.9,0.0,0.0,0.0,,0.0,1571.0,62.6,127.4,0.0,0.0,0.0,0.0,356.0,1292.0,357.8,1283.0,374.0,1290.2,374.0,1302.8,0.0,0.0,126.68,365.45,334.85,96.08,0.41562499999999997,2590.804333333333,1.3404255319148934,386.6,2026-02-13 17:11:43-08:00,365.45,302.84999999999997,64.08000000000001,0.48,0.48,True
544.06,2.0,8.0,2026-02-14 01:20:41,37.07785,-121.59479,271.0,6.2,355.5,-12.6,0.0,0.0,0.0,0.0,0.0,11.0,0.2,341.6,0.0,127.0,-7.5,0.03,0.8,0.0,52.0,0.0,30.11,358.0,0.0,0.0,326.0,0.0,0.0,0.0,0.0,0.0,0.0,0.0,0.0,0.0,0.0,0.0,0.0,5.0,0.0,0.0,-10.0,0.0,0.0,0.0,0.0,1.0,0.0,0.0,1200.0,73.0,1618.0,1618.0,16.2,4.7,0.0,4.7,33.8,0.0,0.0,35.5,0.0,0.0,10.9,1.5,0.7,11.0,0.0,0.0,33.8,-7.0,0.0,0.0,0.0,0.663,0.793,72.5,0.0,0.0,0.0,,0.0,1618.0,62.6,125.6,0.0,0.0,0.0,0.0,356.0,1292.0,357.8,1283.0,374.0,1290.2,374.0,1302.8,0.0,0.0,126.5,365.45,334.85,95.9,0.4169305555555555,2601.346,1.3191489361702127,386.6,2026-02-13 17:11:43-08:00,365.45,302.84999999999997,63.9,0.48,0.48,True
545.06,2.0,8.0,2026-02-14 01:20:42,37.07788,-121.59479,272.0,6.3,351.3,-12.6,0.0,0.0,0.0,0.0,0.0,11.2,0.3,336.3,0.0,128.0,-6.2,0.04,0.9,0.0,45.0,0.0,30.11,358.0,0.0,0.0,326.0,0.0,0.0,0.0,0.0,0.0,0.0,0.0,0.0,0.0,0.0,0.0,0.0,5.0,0.0,0.0,-10.0,0.0,0.0,0.0,0.0,1.0,0.0,0.0,1200.0,74.0,1690.0,1690.0,16.6,4.8,0.0,4.8,33.6,0.0,0.0,35.5,0.0,0.0,11.0,1.5,0.7,11.0,0.0,0.0,33.6,-7.0,0.0,0.0,0.0,0.686,0.793,74.1,0.0,0.0,9.0,R,0.0,1690.0,62.6,125.6,0.0,0.0,0.0,0.0,356.0,1293.8,357.8,1284.8,374.0,1290.2,374.0,1302.8,0.0,0.0,126.5,365.45,334.85,95.9,0.41824999999999996,2611.8876666666665,1.3125,386.6,2026-02-13 17:11:43-08:00,365.45,302.84999999999997,63.9,0.48,0.48,True
546.06,2.0,8.0,2026-02-14 01:20:43,37.07791,-121.5948,272.0,6.4,344.8,-12.6,0.0,0.0,0.0,0.0,0.0,11.4,0.6,331.5,0.0,130.0,-5.6,0.04,0.8,0.0,51.0,0.0,30.11,358.0,0.0,0.0,326.0,0.0,0.0,0.0,0.0,0.0,0.0,0.0,0.0,0.0,0.0,0.0,0.0,5.0,0.0,0.0,-12.0,0.0,0.0,0.0,0.0,1.0,0.0,0.0,1200.0,75.0,1732.0,1732.0,16.7,4.9,0.0,4.9,33.5,0.0,0.0,35.5,0.0,0.0,11.1,1.5,0.7,11.0,0.0,0.0,33.5,-7.0,0.0,0.0,0.0,0.686,0.793,75.2,0.0,0.0,12.0,R,0.0,1732.0,62.6,127.4,0.0,0.0,0.0,0.0,356.0,1293.8,357.8,1284.8,374.0,1290.2,374.0,1304.6,0.0,0.0,126.68,365.45,334.85,96.08,0.4195972222222222,2622.598,1.3061224489795917,386.6,2026-02-13 17:11:43-08:00,365.45,302.84999999999997,64.08000000000001,0.48,0.48,True
547.06,2.0,8.0,2026-02-14 01:20:44,37.07794,-121.5948,272.0,6.8,338.9,-12.6,0.0,0.0,0.0,0.0,0.0,11.3,0.6,330.0,0.0,130.0,-3.4,0.02,1.0,0.0,19.0,0.0,30.11,361.0,0.0,0.0,326.0,0.0,0.0,0.0,0.0,0.0,0.0,0.0,0.0,0.0,0.0,0.0,0.0,5.0,0.0,0.0,-13.0,0.0,0.0,0.0,0.0,1.0,0.0,0.0,1200.0,77.0,1912.0,1912.0,17.9,5.1,0.0,5.1,33.0,0.0,0.0,35.5,0.0,0.0,11.1,1.5,0.7,11.0,0.0,0.0,33.0,-7.0,0.0,0.0,0.0,0.692,0.793,76.8,0.0,0.0,15.0,R,0.0,1912.0,62.6,127.4,0.0,0.0,0.0,0.0,356.0,1295.6,357.8,1284.8,374.0,1292.0,374.0,1306.4,0.0,0.0,127.04,365.45,334.85,96.44,0.42098611111111106,2633.73,1.3333333333333335,386.6,2026-02-13 17:11:43-08:00,365.45,302.84999999999997,64.44,0.48,0.48,True
548.06,2.0,8.0,2026-02-14 01:20:45,37.07797,-121.59482,273.0,8.8,337.6,-12.6,0.0,0.0,0.0,0.0,0.0,11.4,0.5,329.0,21.8,133.0,-2.0,0.01,0.9,0.0,131.0,21.9,30.11,361.0,0.0,0.0,326.0,0.0,0.0,0.0,0.0,0.0,0.0,0.0,0.0,0.0,0.0,0.0,0.0,-1.0,0.0,0.0,-35.0,0.0,0.0,0.0,0.0,1.0,0.0,0.0,1200.0,83.0,2171.0,2171.0,19.6,5.7,0.0,5.7,32.5,0.0,0.0,35.5,0.0,0.0,10.8,1.5,0.7,11.0,0.0,0.0,32.5,-7.0,0.0,0.0,0.0,0.676,0.793,82.5,0.0,0.0,29.0,R,0.0,2171.0,62.6,127.4,0.0,0.0,0.0,0.0,356.0,1299.2,357.8,1290.2,374.0,1297.4,374.0,1313.6,0.0,0.0,127.22,365.45,334.85,96.62,0.42248611111111106,2646.886,1.5438596491228072,386.6,2026-02-13 17:11:43-08:00,365.45,302.84999999999997,64.62,22.28,22.41,True
549.06,2.0,8.0,2026-02-14 01:20:46,37.07801,-121.59484,273.0,11.2,336.6,-12.6,0.0,0.0,0.0,0.0,0.0,11.4,0.5,328.6,24.3,135.0,-1.1,0.0,0.8,0.0,119.0,24.5,30.11,361.0,0.0,0.0,326.0,0.0,0.0,0.0,0.0,0.0,0.0,0.0,0.0,0.0,0.0,0.0,0.0,-2.0,0.0,0.0,-55.0,0.0,0.0,0.0,0.0,1.0,0.0,0.0,1200.0,85.0,2313.0,2313.0,20.7,6.3,0.0,6.3,32.2,0.0,0.0,35.5,0.0,0.0,10.6,1.5,0.7,11.0,0.0,0.0,32.2,-7.0,0.0,0.0,0.0,0.671,0.795,84.7,0.0,0.0,40.0,R,0.0,2313.0,62.6,127.4,0.0,0.0,0.0,0.0,356.0,1308.2,359.6,1297.4,374.0,1304.6,374.0,1317.2,0.0,0.0,127.04,365.9,335.3,96.44,0.4241527777777777,2663.7526666666663,1.7777777777777777,386.6,2026-02-13 17:11:43-08:00,365.9,303.29999999999995,64.44,24.78,24.93,True
550.06,2.0,8.0,2026-02-14 01:20:47,37.07806,-121.59487,273.0,14.0,335.5,-12.6,0.0,0.0,0.0,0.0,0.0,11.4,0.6,328.3,27.9,138.0,-0.7,0.02,1.1,0.0,134.0,28.1,30.11,362.0,0.0,0.0,326.0,0.0,0.0,0.0,0.0,0.0,0.0,0.0,0.0,0.0,0.0,0.0,0.0,0.0,0.0,0.0,-80.0,0.0,0.0,0.0,0.0,1.0,0.0,0.0,1200.0,85.0,2370.0,2370.0,21.4,6.9,0.0,6.9,32.0,0.0,0.0,35.5,0.0,0.0,10.7,1.5,0.7,11.0,0.0,0.0,32.0,-7.0,0.0,0.0,0.0,0.697,0.793,85.3,0.0,0.0,48.0,R,0.0,2370.0,62.6,127.4,0.0,0.0,0.0,0.0,357.8,1315.4,359.6,1306.4,374.0,1310.0,374.0,1322.6,0.0,0.0,127.22,366.35,335.75,96.62,0.42598611111111107,2685.0046666666667,2.0289855072463765,386.6,2026-02-13 17:11:43-08:00,366.34999999999997,303.74999999999994,64.62,28.38,28.55,True
551.06,2.0,8.0,2026-02-14 01:20:48,37.07813,-121.59491,273.0,16.9,337.0,-12.6,0.0,0.0,0.0,0.0,0.0,11.4,0.4,329.5,28.7,139.0,0.2,-0.01,1.0,0.0,113.0,28.9,30.11,363.0,0.0,0.0,326.0,0.0,0.0,0.0,0.0,0.0,0.0,0.0,0.0,0.0,0.0,0.0,0.0,3.0,0.0,0.0,-86.0,0.0,0.0,0.0,0.0,1.0,0.0,0.0,1200.0,86.0,2394.0,2394.0,21.7,7.4,0.0,7.4,32.0,0.0,0.0,35.5,0.0,0.0,10.8,1.5,0.7,11.0,0.0,0.0,32.0,-7.0,0.0,0.0,0.0,0.709,0.793,85.8,0.0,0.0,53.0,R,0.0,2394.0,62.6,127.4,0.0,0.0,0.0,0.0,357.8,1322.6,361.4,1313.6,375.8,1315.4,375.8,1329.8,0.0,0.0,127.4,367.7,337.1,96.8,0.4279722222222222,2711.0636666666664,2.2837837837837833,386.6,2026-02-13 17:11:43-08:00,367.7,305.09999999999997,64.80000000000001,29.18,29.35,True
552.06,2.0,8.0,2026-02-14 01:20:49,37.07821,-121.59496,273.0,20.0,336.8,-12.6,0.0,0.0,0.0,0.0,0.0,11.5,0.3,329.3,33.1,139.0,-0.1,-0.01,1.1,0.0,85.0,33.3,30.11,364.0,0.0,0.0,326.0,0.0,0.0,0.0,0.0,0.0,0.0,0.0,0.0,0.0,0.0,0.0,0.0,2.0,0.0,0.0,-110.0,0.0,0.0,0.0,0.0,1.0,0.0,0.0,1200.0,87.0,2542.0,2542.0,23.2,8.1,0.0,8.1,31.4,0.0,0.0,35.5,0.0,0.0,10.9,1.5,0.7,11.0,0.0,0.0,31.4,-7.0,0.0,0.0,0.0,0.706,0.793,87.4,0.0,0.0,59.0,P,0.0,2542.0,62.6,127.4,0.0,0.0,0.0,0.0,359.6,1335.2,363.2,1322.6,375.8,1319.0,375.8,1335.2,0.0,0.0,127.76,368.6,338.0,97.16,0.430125,2742.1826666666666,2.469135802469136,386.6,2026-02-13 17:11:43-08:00,368.6,306.0,65.16,33.58,33.78,True
553.06,2.0,8.0,2026-02-14 01:20:50,37.0783,-121.59501,273.0,23.5,335.1,-12.6,0.0,0.0,0.0,0.0,0.0,10.3,-0.1,328.6,35.3,142.0,-0.6,0.02,0.8,0.0,124.0,35.6,30.11,367.0,0.0,0.0,326.0,0.0,0.0,0.0,0.0,0.0,0.0,0.0,0.0,0.0,0.0,0.0,0.0,1.0,0.0,0.0,-128.0,0.0,0.0,0.0,0.0,3.0,0.0,0.0,1200.0,88.0,2641.0,2641.0,24.8,8.8,0.0,8.8,30.8,0.0,0.0,35.5,0.0,0.0,10.7,1.5,0.7,12.0,0.0,0.0,30.8,-7.0,0.0,0.0,0.0,0.697,0.793,88.0,0.0,0.0,65.0,L,0.0,2641.0,62.6,127.4,0.0,0.0,0.0,0.0,361.4,1353.2,363.2,1333.4,377.6,1326.2,377.6,1342.4,0.0,0.0,128.12,369.95,339.35,97.52,0.4324722222222222,2778.8676666666665,2.6704545454545454,386.6,2026-02-13 17:11:43-08:00,369.95000000000005,307.35,65.52000000000001,35.779999999999994,36.0,True
554.06,2.0,8.0,2026-02-14 01:20:51,37.07841,-121.59507,274.0,26.8,336.3,-12.6,0.0,0.0,0.0,0.0,0.0,10.7,0.6,331.6,36.0,144.0,1.1,-0.04,1.0,0.0,69.0,36.2,30.11,369.0,0.0,0.0,326.0,0.0,0.0,0.0,0.0,0.0,0.0,0.0,0.0,0.0,0.0,0.0,0.0,5.0,0.0,0.0,-133.0,0.0,0.0,0.0,0.0,3.0,0.0,0.0,1200.0,87.0,2471.0,2471.0,23.2,9.2,0.0,9.2,31.9,0.0,0.0,35.5,0.0,0.0,10.6,1.5,0.7,12.0,0.0,0.0,31.9,-7.0,0.0,0.0,0.0,0.702,0.793,86.9,0.0,0.0,69.0,R,0.0,2471.0,62.6,127.4,0.0,0.0,0.0,0.0,363.2,1367.6,366.8,1344.2,377.6,1333.4,379.4,1349.6,0.0,0.0,128.12,371.75,341.15,97.52,0.4349722222222222,2821.287333333333,2.91304347826087,386.6,2026-02-13 17:11:43-08:00,371.75,309.15,65.52000000000001,36.48,36.7,True
555.06,2.0,8.0,2026-02-14 01:20:52,37.07853,-121.59513,275.0,29.2,339.8,-12.6,0.0,0.0,0.0,0.0,0.0,9.7,-0.6,330.3,38.7,144.0,0.0,-0.03,0.9,0.0,36.0,39.0,30.11,369.0,0.0,0.0,326.0,0.0,0.0,0.0,0.0,0.0,0.0,0.0,0.0,0.0,0.0,0.0,0.0,5.0,0.0,0.0,-127.0,0.0,0.0,0.0,0.0,3.0,0.0,0.0,1200.0,86.0,2466.0,2466.0,22.5,9.2,0.0,9.2,32.0,0.0,0.0,35.4,0.0,0.0,10.7,1.5,0.7,12.0,0.0,0.0,32.0,-7.0,0.0,0.0,0.0,0.71,0.793,86.1,0.0,0.0,65.0,R,0.0,2466.0,62.6,129.2,0.0,0.0,0.0,0.0,365.0,1369.4,366.8,1347.8,379.4,1335.2,379.4,1353.2,0.0,0.0,128.3,372.65,342.05,97.7,0.43752777777777774,2868.5139999999997,3.173913043478261,386.6,2026-02-13 17:11:43-08:00,372.65,310.04999999999995,65.70000000000002,39.18,39.42,True
556.06,2.0,8.0,2026-02-14 01:20:53,37.07866,-121.5952,275.0,31.5,333.5,-12.6,0.0,0.0,0.0,0.0,0.0,11.7,-1.2,325.7,41.4,144.0,-3.0,0.14,1.0,0.0,71.0,41.7,30.11,369.0,0.0,0.0,326.0,0.0,0.0,0.0,0.0,0.0,0.0,0.0,0.0,0.0,0.0,0.0,0.0,9.0,0.0,0.0,-129.0,0.0,0.0,0.0,0.0,3.0,0.0,0.0,1200.0,86.0,2476.0,2476.0,22.4,9.3,0.0,9.3,32.2,0.0,0.0,35.4,0.0,0.0,10.7,1.5,0.7,12.0,0.0,0.0,32.2,-7.0,0.0,0.0,0.0,0.735,0.795,86.0,0.0,0.0,63.0,R,0.0,2476.0,62.6,129.2,0.0,0.0,0.0,0.0,366.8,1371.2,368.6,1349.6,379.4,1337.0,381.2,1355.0,0.0,0.0,128.66,374.0,343.4,98.06,0.4400972222222222,2919.704333333333,3.387096774193548,386.6,2026-02-13 17:11:43-08:00,373.99999999999994,311.3999999999999,66.06,41.879999999999995,42.13,True
557.06,2.0,8.0,2026-02-14 01:20:54,37.07879,-121.59528,276.0,33.8,332.0,-12.6,0.0,0.0,0.0,0.0,0.0,9.6,-1.0,326.2,44.1,145.0,-1.2,0.06,1.0,0.0,84.0,44.4,30.11,371.0,0.0,0.0,326.0,0.0,0.0,0.0,0.0,0.0,0.0,0.0,0.0,0.0,0.0,0.0,0.0,8.0,0.0,0.0,-123.0,0.0,0.0,0.0,0.0,3.0,0.0,0.0,1200.0,86.0,2485.0,2485.0,22.4,9.4,0.0,9.4,32.1,0.0,0.0,35.4,0.0,0.0,10.8,1.5,0.7,12.0,0.0,0.0,32.1,-7.0,0.0,0.0,0.0,0.762,0.795,86.1,0.0,0.0,63.0,R,0.0,2485.0,62.6,129.2,0.0,0.0,0.0,0.0,366.8,1373.0,370.4,1353.2,381.2,1340.6,381.2,1356.8,0.0,0.0,129.01999999999998,374.9,344.3,98.42,0.4426944444444444,2974.774,3.5957446808510634,386.6,2026-02-13 17:11:43-08:00,374.9,312.29999999999995,66.41999999999999,44.58,44.85,True
558.06,2.0,8.0,2026-02-14 01:20:55,37.07894,-121.59538,277.0,36.2,335.3,-12.6,0.0,0.0,0.0,0.0,0.0,8.8,-1.6,326.3,45.5,146.0,-0.0,-0.04,0.9,0.0,54.0,45.8,30.11,372.0,0.0,0.0,326.0,0.0,0.0,0.0,0.0,0.0,0.0,0.0,0.0,0.0,0.0,0.0,0.0,7.0,0.0,0.0,-124.0,0.0,0.0,0.0,0.0,3.0,0.0,0.0,1200.0,86.0,2463.0,2463.0,21.9,9.4,0.0,9.4,32.1,0.0,0.0,35.4,0.0,0.0,10.7,1.5,0.7,12.0,0.0,0.0,32.1,-7.0,0.0,0.0,0.0,0.757,0.793,85.9,0.0,0.0,61.0,R,0.0,2463.0,62.6,129.2,0.0,0.0,0.0,0.0,368.6,1373.0,372.2,1353.2,383.0,1340.6,383.0,1356.8,0.0,0.0,129.56,376.7,346.1,98.96,0.4453055555555555,3033.807333333333,3.8510638297872344,386.6,2026-02-13 17:11:43-08:00,376.70000000000005,314.1,66.96000000000001,45.98,46.26,True
559.06,2.0,8.0,2026-02-14 01:20:56,37.07909,-121.59547,278.0,38.4,332.0,-12.6,0.0,0.0,0.0,0.0,0.0,9.8,-1.6,325.7,47.8,146.0,-0.7,0.04,0.9,0.0,35.0,48.1,30.11,372.0,0.0,0.0,326.0,0.0,0.0,0.0,0.0,0.0,0.0,0.0,0.0,0.0,0.0,0.0,0.0,8.0,0.0,0.0,-121.0,0.0,0.0,0.0,0.0,3.0,0.0,0.0,1200.0,86.0,2454.0,2454.0,21.7,9.4,0.0,9.4,32.2,0.0,0.0,35.4,0.0,0.0,10.6,1.5,0.7,12.0,0.0,0.0,32.2,-7.0,0.0,0.0,0.0,0.752,0.793,85.8,0.0,0.0,60.0,R,0.0,2454.0,62.6,129.2,0.0,0.0,0.0,0.0,370.4,1373.0,374.0,1356.8,383.0,1342.4,384.8,1360.4,0.0,0.0,129.38,378.05,347.45,98.78,0.44791666666666663,3096.72,4.085106382978723,386.6,2026-02-13 17:11:43-08:00,378.04999999999995,315.44999999999993,66.78,48.279999999999994,48.58,True
560.06,2.0,8.0,2026-02-14 01:20:57,37.07925,-121.59557,278.0,40.7,333.4,-12.6,0.0,0.0,0.0,0.0,0.0,8.7,-1.5,328.4,47.9,146.0,1.3,-0.06,1.0,0.0,-18.0,48.3,30.11,372.0,0.0,0.0,326.0,0.0,0.0,0.0,0.0,0.0,0.0,0.0,0.0,0.0,0.0,0.0,0.0,9.0,0.0,0.0,-119.0,0.0,0.0,0.0,0.0,3.0,0.0,0.0,1200.0,85.0,2433.0,2433.0,21.2,9.3,0.0,9.3,32.3,0.0,0.0,35.4,0.0,0.0,10.7,1.5,0.7,12.0,0.0,0.0,32.3,-7.0,0.0,0.0,0.0,0.767,0.795,84.9,0.0,0.0,57.0,R,0.0,2433.0,62.6,129.2,0.0,0.0,0.0,0.0,370.4,1371.2,374.0,1356.8,383.0,1344.2,384.8,1360.4,0.0,0.0,129.56,378.05,347.45,98.96,0.4505138888888888,3163.4276666666665,4.376344086021505,386.6,2026-02-13 17:11:43-08:00,378.04999999999995,315.44999999999993,66.96000000000001,48.379999999999995,48.68,True
561.06,2.0,8.0,2026-02-14 01:20:58,37.07943,-121.59568,278.0,42.9,336.4,-12.6,0.0,0.0,0.0,0.0,0.0,8.1,-2.0,329.2,49.5,146.0,1.2,-0.08,1.0,0.0,-29.0,49.9,30.11,381.0,0.0,0.0,326.0,0.0,0.0,0.0,0.0,0.0,0.0,0.0,0.0,0.0,0.0,0.0,0.0,8.0,0.0,0.0,-122.0,0.0,0.0,0.0,0.0,3.0,0.0,0.0,1200.0,85.0,2391.0,2391.0,20.6,9.1,0.0,9.1,32.4,0.0,0.0,35.4,0.0,0.0,10.8,1.5,0.7,12.0,0.0,0.0,32.4,-7.0,0.0,0.0,0.0,0.754,0.795,84.9,0.0,0.0,55.0,R,0.0,2391.0,62.6,129.2,0.0,0.0,0.0,0.0,372.2,1369.4,374.0,1358.6,384.8,1344.2,384.8,1364.0,0.0,0.0,129.74,378.95,348.35,99.14,0.4530694444444444,3233.9303333333332,4.714285714285714,386.6,2026-02-13 17:11:43-08:00,378.95,316.34999999999997,67.14000000000001,49.98,50.29,True
562.06,2.0,8.0,2026-02-14 01:20:59,37.07961,-121.59578,278.0,43.9,335.1,-12.6,0.0,0.0,0.0,0.0,0.0,9.1,-1.4,329.3,49.9,146.0,0.3,-0.0,1.0,0.0,-45.0,50.3,30.11,381.0,0.0,0.0,326.0,0.0,0.0,0.0,0.0,0.0,0.0,0.0,0.0,0.0,0.0,0.0,0.0,9.0,0.0,0.0,-120.0,0.0,0.0,0.0,0.0,3.0,0.0,0.0,1200.0,82.0,2134.0,2134.0,17.8,8.6,0.0,8.6,33.0,0.0,0.0,35.4,0.0,0.0,11.0,1.5,0.7,12.0,0.0,0.0,33.0,-7.0,0.0,0.0,0.0,0.743,0.795,81.8,0.0,0.0,45.0,R,0.0,2134.0,62.6,131.0,0.0,0.0,0.0,0.0,374.0,1364.0,375.8,1356.8,384.8,1344.2,386.6,1364.0,0.0,0.0,130.1,380.3,349.7,99.5,0.45552777777777775,3307.1316666666667,5.104651162790698,386.6,2026-02-13 17:11:43-08:00,380.3,317.7,67.5,50.379999999999995,50.69,True
563.06,2.0,8.0,2026-02-14 01:21:00,37.0798,-121.59589,277.0,44.5,337.1,-12.6,0.0,0.0,0.0,0.0,0.0,8.4,-1.0,330.3,49.7,146.0,0.8,-0.05,1.0,0.0,-86.0,50.1,30.11,381.0,0.0,0.0,326.0,0.0,0.0,0.0,0.0,0.0,0.0,0.0,0.0,0.0,0.0,0.0,0.0,8.0,0.0,0.0,-120.0,0.0,0.0,0.0,0.0,3.0,0.0,0.0,1200.0,80.0,2082.0,2082.0,17.3,8.1,0.0,8.1,33.2,0.0,0.0,35.4,0.0,0.0,10.9,1.5,0.7,12.0,0.0,0.0,33.2,-7.0,0.0,0.0,0.0,0.731,0.793,80.3,0.0,0.0,33.0,R,0.0,2082.0,62.6,131.0,0.0,0.0,0.0,0.0,374.0,1360.4,375.8,1355.0,384.8,1346.0,386.6,1365.8,0.0,0.0,130.64,380.3,349.7,100.04,0.4578472222222222,3381.682333333333,5.493827160493828,386.6,2026-02-13 17:11:43-08:00,380.3,317.7,68.03999999999999,50.18,50.49,True
564.06,2.0,8.0,2026-02-14 01:21:01,37.07999,-121.59599,277.0,44.8,336.0,-12.6,0.0,0.0,0.0,0.0,0.0,9.9,-1.4,330.1,49.4,146.0,0.0,0.0,1.0,0.0,-80.0,49.8,30.11,381.0,0.0,0.0,326.0,0.0,0.0,0.0,0.0,0.0,0.0,0.0,0.0,0.0,0.0,0.0,0.0,9.0,0.0,0.0,-121.0,0.0,0.0,0.0,0.0,3.0,0.0,0.0,1200.0,79.0,2039.0,2039.0,16.9,7.6,0.0,7.6,33.2,0.0,0.0,35.4,0.0,0.0,10.6,1.5,0.7,12.0,0.0,0.0,33.2,-7.0,0.0,0.0,0.0,0.719,0.796,78.9,0.0,0.0,28.0,R,0.0,2039.0,62.6,131.0,0.0,0.0,0.0,0.0,374.0,1355.0,375.8,1351.4,384.8,1346.0,386.6,1365.8,0.0,0.0,130.46,380.3,349.7,99.86,0.46002777777777776,3456.9919999999997,5.894736842105263,386.6,2026-02-13 17:11:43-08:00,380.3,317.7,67.86000000000001,49.879999999999995,50.19,True
565.06,2.0,8.0,2026-02-14 01:21:02,37.08018,-121.59609,277.0,45.1,337.3,-12.6,0.0,0.0,0.0,0.0,0.0,8.3,-0.9,331.4,50.2,146.0,0.8,-0.05,1.0,0.0,-41.0,50.5,30.11,381.0,0.0,0.0,326.0,0.0,0.0,0.0,0.0,0.0,0.0,0.0,0.0,0.0,0.0,0.0,0.0,8.0,0.0,0.0,-118.0,0.0,0.0,0.0,0.0,3.0,0.0,0.0,1200.0,79.0,2025.0,2025.0,16.8,7.3,0.0,7.3,33.1,0.0,0.0,35.4,0.0,0.0,10.7,1.5,0.7,12.0,0.0,0.0,33.1,-7.0,0.0,0.0,0.0,0.743,0.795,78.6,0.0,0.0,25.0,R,0.0,2025.0,62.6,131.0,0.0,0.0,0.0,0.0,372.2,1349.6,375.8,1344.2,384.8,1346.0,386.6,1364.0,0.0,0.0,130.46,379.85,349.25,99.86,0.46209722222222216,3532.8076666666666,6.178082191780822,386.6,2026-02-13 17:11:43-08:00,379.85,317.25,67.86000000000001,50.68,50.99,True
566.06,2.0,8.0,2026-02-14 01:21:03,37.08038,-121.59619,277.0,45.4,337.5,-12.6,0.0,0.0,0.0,0.0,0.0,9.4,-1.0,331.3,49.1,146.0,0.4,-0.03,1.0,0.0,-49.0,49.5,30.11,381.0,0.0,0.0,326.0,0.0,0.0,0.0,0.0,0.0,0.0,0.0,0.0,0.0,0.0,0.0,0.0,9.0,0.0,0.0,-118.0,0.0,0.0,0.0,0.0,3.0,0.0,0.0,1200.0,79.0,2009.0,2009.0,16.8,7.0,0.0,7.0,33.2,0.0,0.0,35.4,0.0,0.0,10.8,1.5,0.7,12.0,0.0,0.0,33.2,-7.0,0.0,0.0,0.0,0.706,0.793,78.7,0.0,0.0,23.0,R,0.0,2009.0,62.6,131.0,0.0,0.0,0.0,0.0,372.2,1344.2,375.8,1342.4,384.8,1344.2,386.6,1362.2,0.0,0.0,130.46,379.85,349.25,99.86,0.4640833333333333,3609.1293333333333,6.485714285714286,386.6,2026-02-13 17:11:43-08:00,379.85,317.25,67.86000000000001,49.58,49.88,True
567.06,2.0,8.0,2026-02-14 01:21:04,37.08057,-121.5963,277.0,45.5,337.8,-12.6,0.0,0.0,0.0,0.0,0.0,9.0,-1.5,329.7,49.5,146.0,-0.5,0.02,1.0,0.0,-3.0,49.9,30.11,381.0,0.0,0.0,326.0,0.0,0.0,0.0,0.0,0.0,0.0,0.0,0.0,0.0,0.0,0.0,0.0,9.0,0.0,0.0,-118.0,0.0,0.0,0.0,0.0,3.0,0.0,0.0,1200.0,78.0,2003.0,2003.0,16.6,6.7,0.0,6.7,33.3,0.0,0.0,35.4,0.0,0.0,10.9,1.5,0.7,12.0,0.0,0.0,33.3,-7.0,0.0,0.0,0.0,0.688,0.793,78.1,0.0,0.0,22.0,R,0.0,2003.0,62.6,131.0,0.0,0.0,0.0,0.0,372.2,1340.6,375.8,1338.8,384.8,1344.2,386.6,1362.2,0.0,0.0,130.46,379.85,349.25,99.86,0.46598611111111105,3685.788333333333,6.791044776119403,386.6,2026-02-13 17:11:43-08:00,379.85,317.25,67.86000000000001,49.98,50.29,True
568.06,2.0,8.0,2026-02-14 01:21:05,37.08076,-121.5964,278.0,45.8,336.6,-12.6,0.0,0.0,0.0,0.0,0.0,8.1,-0.9,330.1,50.8,146.0,-0.1,-0.02,1.0,0.0,15.0,51.1,30.11,381.0,2.0,5.0,326.0,0.0,0.0,0.0,0.0,0.0,0.0,0.0,0.0,0.0,0.0,0.0,0.0,9.0,0.0,0.0,-117.0,0.0,0.0,0.0,0.0,3.0,0.0,0.0,1200.0,80.0,2152.0,2152.0,17.5,6.7,0.0,6.7,32.8,0.0,0.0,35.4,0.0,0.0,10.9,1.5,0.7,12.0,0.0,0.0,32.8,-7.0,0.0,0.0,0.0,0.704,0.793,80.3,0.0,0.0,23.0,R,0.0,2152.0,62.6,131.0,0.0,0.0,0.0,0.0,372.2,1337.0,375.8,1335.2,386.6,1344.2,386.6,1362.2,0.0,0.0,131.0,380.3,349.7,100.4,0.4678472222222222,3762.7846666666665,6.835820895522388,386.6,2026-02-13 17:11:43-08:00,380.3,317.7,68.4,51.279999999999994,51.59,True
569.06,2.0,8.0,2026-02-14 01:21:06,37.08096,-121.5965,279.0,46.7,335.8,-12.6,0.0,0.0,0.0,0.0,0.0,7.6,-0.4,329.2,52.3,146.0,-0.5,0.03,1.0,0.0,55.0,52.7,30.11,381.0,3.0,5.0,326.0,0.0,0.0,0.0,0.0,0.0,0.0,0.0,0.0,0.0,0.0,0.0,0.0,9.0,0.0,0.0,-118.0,0.0,0.0,0.0,0.0,3.0,0.0,0.0,1200.0,82.0,2208.0,2208.0,17.8,6.8,0.0,6.8,32.9,0.0,0.0,35.4,0.0,0.0,10.6,1.5,0.7,12.0,0.0,0.0,32.9,-7.0,0.0,0.0,0.0,0.699,0.793,81.7,0.0,0.0,29.0,R,0.0,2208.0,62.6,131.0,0.0,0.0,0.0,0.0,372.2,1338.8,375.8,1337.0,386.6,1346.0,386.6,1364.0,0.0,0.0,130.82,380.3,349.7,100.22,0.46972222222222215,3840.7929999999997,6.86764705882353,386.6,2026-02-13 17:11:43-08:00,380.3,317.7,68.22,52.779999999999994,53.1,True
570.06,2.0,8.0,2026-02-14 01:21:07,37.08116,-121.59661,281.0,47.6,337.2,-12.6,0.0,0.0,0.0,0.0,0.0,5.7,-1.9,326.7,52.6,146.0,-1.2,0.03,1.0,0.0,49.0,53.0,30.11,381.0,2.0,5.0,326.0,0.0,0.0,0.0,0.0,0.0,0.0,0.0,0.0,0.0,0.0,0.0,0.0,10.0,0.0,0.0,-121.0,0.0,0.0,0.0,0.0,3.0,0.0,0.0,1200.0,80.0,1989.0,1989.0,16.3,6.6,0.0,6.6,33.8,0.0,0.0,35.4,0.0,0.0,10.7,1.5,0.7,12.0,0.0,0.0,33.8,-7.0,0.0,0.0,0.0,0.674,0.793,80.0,0.0,0.0,30.0,R,0.0,1989.0,62.6,131.0,0.0,0.0,0.0,0.0,372.2,1340.6,375.8,1337.0,386.6,1346.0,386.6,1365.8,0.0,0.0,130.82,380.3,349.7,100.22,0.4715833333333333,3920.319333333333,7.212121212121213,386.6,2026-02-13 17:11:43-08:00,380.3,317.7,68.22,53.08,53.4,True
571.06,2.0,8.0,2026-02-14 01:21:08,37.08136,-121.59673,281.0,46.7,333.8,-12.6,0.0,0.0,0.0,0.0,0.0,7.4,-1.9,326.9,50.5,146.0,-0.7,0.06,1.0,0.0,-81.0,50.8,30.11,381.0,2.0,5.0,326.0,0.0,0.0,0.0,0.0,0.0,0.0,0.0,0.0,0.0,0.0,0.0,0.0,11.0,0.0,0.0,-126.0,0.0,0.0,0.0,0.0,3.0,0.0,0.0,1200.0,71.0,1636.0,1636.0,13.4,6.0,0.0,6.0,34.3,0.0,0.0,35.4,0.0,0.0,10.9,1.5,0.7,12.0,0.0,0.0,34.3,-7.0,0.0,0.0,0.0,0.668,0.792,71.5,0.0,0.0,0.0,,0.0,1636.0,62.6,131.0,0.0,0.0,0.0,0.0,372.2,1344.2,375.8,1340.6,386.6,1346.0,386.6,1365.8,0.0,0.0,130.82,380.3,349.7,100.22,0.4733333333333333,3999.8456666666666,7.783333333333334,386.6,2026-02-13 17:11:43-08:00,380.3,317.7,68.22,50.98,51.29,True
572.06,2.0,8.0,2026-02-14 01:21:09,37.08155,-121.59684,280.0,45.6,335.7,-12.6,0.0,0.0,0.0,0.0,0.0,6.8,-1.7,328.8,49.7,144.0,1.0,-0.05,1.0,0.0,-83.0,50.0,30.11,381.0,3.0,5.0,326.0,0.0,0.0,0.0,0.0,0.0,0.0,0.0,0.0,0.0,0.0,0.0,0.0,9.0,0.0,0.0,-126.0,0.0,0.0,0.0,0.0,3.0,0.0,0.0,1200.0,71.0,1599.0,1599.0,13.4,5.5,0.0,5.5,34.2,0.0,0.0,35.4,0.0,0.0,11.1,1.5,0.7,12.0,0.0,0.0,34.2,-7.0,0.0,0.0,0.0,0.66,0.792,70.5,0.0,0.0,0.0,,0.0,1599.0,62.6,131.0,0.0,0.0,0.0,0.0,372.2,1346.0,375.8,1340.6,386.6,1342.4,386.6,1362.2,0.0,0.0,131.18,380.3,349.7,100.58,0.4749305555555555,4077.685333333333,8.290909090909091,386.6,2026-02-13 17:11:43-08:00,380.3,317.7,68.58000000000001,50.18,50.49,True
573.06,2.0,8.0,2026-02-14 01:21:10,37.08174,-121.59694,280.0,44.7,337.8,-12.6,0.0,0.0,0.0,0.0,0.0,7.5,-1.6,330.5,47.6,144.0,1.6,-0.12,1.0,0.0,-72.0,48.0,30.11,379.0,3.0,5.0,326.0,0.0,0.0,0.0,0.0,0.0,0.0,0.0,0.0,0.0,0.0,0.0,0.0,9.0,0.0,0.0,-126.0,0.0,0.0,0.0,0.0,3.0,0.0,0.0,1200.0,70.0,1558.0,1558.0,13.1,5.0,0.0,5.0,34.4,0.0,0.0,35.4,0.0,0.0,11.1,1.5,0.7,12.0,0.0,0.0,34.4,-7.0,0.0,0.0,0.0,0.66,0.792,70.2,0.0,0.0,0.0,,0.0,1558.0,62.6,131.0,0.0,0.0,0.0,0.0,372.2,1344.2,374.0,1337.0,386.6,1337.0,386.6,1358.6,0.0,0.0,131.54,379.85,349.25,100.94,0.47638888888888886,4153.838333333333,8.940000000000001,386.6,2026-02-13 17:11:43-08:00,379.85,317.25,68.94,48.08,48.37,True
574.06,2.0,8.0,2026-02-14 01:21:11,37.08193,-121.59704,280.0,43.1,337.4,-12.6,0.0,0.0,0.0,0.0,0.0,8.8,-1.6,328.7,45.8,141.0,-0.4,0.02,1.1,0.0,-109.0,46.1,30.11,379.0,3.0,5.0,326.0,0.0,0.0,0.0,0.0,0.0,0.0,0.0,0.0,0.0,0.0,0.0,0.0,9.0,0.0,0.0,-135.0,0.0,0.0,0.0,0.0,3.0,0.0,0.0,1200.0,62.0,1167.0,1167.0,9.5,4.2,0.0,4.2,35.2,0.0,0.0,35.4,0.0,0.0,11.0,1.5,0.7,12.0,0.0,0.0,35.2,-7.0,0.0,0.0,0.0,0.663,0.791,61.7,0.0,0.0,0.0,,0.0,1167.0,62.6,131.0,0.0,0.0,0.0,0.0,370.4,1337.0,374.0,1320.8,384.8,1322.6,386.6,1347.8,0.0,0.0,131.72,378.95,348.35,101.12,0.47766666666666663,4227.883,10.261904761904761,386.6,2026-02-13 17:11:43-08:00,378.95000000000005,316.35,69.12,46.279999999999994,46.56,True
575.06,2.0,8.0,2026-02-14 01:21:12,37.08212,-121.59713,279.0,41.2,337.6,-12.6,0.0,0.0,0.0,0.0,0.0,8.6,-1.7,328.8,44.0,140.0,-0.1,-0.01,1.0,0.0,-96.0,44.3,30.11,379.0,3.0,5.0,326.0,0.0,0.0,0.0,0.0,0.0,0.0,0.0,0.0,0.0,0.0,0.0,0.0,9.0,0.0,0.0,-139.0,0.0,0.0,0.0,0.0,3.0,0.0,0.0,1200.0,59.0,1116.0,1116.0,9.7,3.6,0.0,3.6,35.1,0.0,0.0,35.4,0.0,0.0,11.1,1.5,0.7,12.0,0.0,0.0,35.1,-7.0,0.0,0.0,0.0,0.667,0.792,58.9,0.0,0.0,0.0,,0.0,1116.0,62.6,131.0,0.0,0.0,0.0,0.0,370.4,1333.4,374.0,1315.4,384.8,1306.4,384.8,1337.0,0.0,0.0,131.54,378.5,347.9,100.94,0.47874999999999995,4298.976,11.444444444444445,386.6,2026-02-13 17:11:43-08:00,378.5,315.9,68.94,44.48,44.75,True
576.06,2.0,8.0,2026-02-14 01:21:13,37.08229,-121.59722,277.0,39.3,336.5,-12.6,0.0,0.0,0.0,0.0,0.0,10.9,-2.0,327.4,41.5,139.0,-0.8,0.02,1.1,0.0,-83.0,41.8,30.11,373.0,3.0,5.0,326.0,0.0,0.0,0.0,0.0,0.0,0.0,0.0,0.0,0.0,0.0,0.0,0.0,9.0,0.0,0.0,-148.0,0.0,0.0,0.0,0.0,3.0,0.0,0.0,1200.0,58.0,1064.0,1064.0,10.1,3.1,0.0,3.1,35.1,0.0,0.0,35.4,0.0,0.0,11.3,1.5,0.7,12.0,0.0,0.0,35.1,-7.0,0.0,0.0,0.0,0.673,0.792,57.7,0.0,0.0,0.0,,0.0,1064.0,62.6,131.0,0.0,0.0,0.0,0.0,370.4,1324.4,372.2,1311.8,384.8,1295.6,384.8,1326.2,0.0,0.0,131.72,378.05,347.45,101.12,0.4796805555555555,4366.864333333333,12.677419354838708,386.6,2026-02-13 17:11:43-08:00,378.04999999999995,315.44999999999993,69.12,41.98,42.23,True
577.06,2.0,8.0,2026-02-14 01:21:14,37.08245,-121.59731,278.0,37.5,335.9,-12.6,0.0,0.0,0.0,0.0,0.0,10.0,-1.5,327.5,41.0,139.0,-0.3,0.01,1.0,0.0,-48.0,41.3,30.11,373.0,3.0,5.0,326.0,0.0,0.0,0.0,0.0,0.0,0.0,0.0,0.0,0.0,0.0,0.0,0.0,9.0,0.0,0.0,-150.0,0.0,0.0,0.0,0.0,3.0,0.0,0.0,1200.0,58.0,1053.0,1053.0,10.3,2.8,0.0,2.8,35.2,0.0,0.0,35.4,0.0,0.0,11.4,1.5,0.7,12.0,0.0,0.0,35.2,-7.0,0.0,0.0,0.0,0.662,0.792,57.7,0.0,0.0,0.0,,0.0,1053.0,62.6,131.0,0.0,0.0,0.0,0.0,368.6,1317.2,372.2,1306.4,383.0,1284.8,384.8,1315.4,0.0,0.0,131.9,377.15,346.55,101.3,0.4805,4431.632333333333,13.392857142857144,386.6,2026-02-13 17:11:43-08:00,377.15,314.54999999999995,69.30000000000001,41.48,41.73,True
578.06,2.0,8.0,2026-02-14 01:21:15,37.0826,-121.5974,278.0,35.8,336.2,-12.6,0.0,0.0,0.0,0.0,0.0,11.3,-0.8,328.6,37.9,138.0,0.4,-0.02,0.9,0.0,-70.0,38.2,30.11,373.0,3.0,5.0,326.0,0.0,0.0,0.0,0.0,0.0,0.0,0.0,0.0,0.0,0.0,0.0,0.0,10.0,0.0,0.0,-155.0,0.0,0.0,0.0,0.0,3.0,0.0,0.0,1200.0,57.0,1032.0,1032.0,10.5,2.5,0.0,2.5,35.1,0.0,0.0,35.4,0.0,0.0,11.4,1.5,0.7,12.0,0.0,0.0,35.1,-7.0,0.0,0.0,0.0,0.664,0.793,57.4,0.0,0.0,0.0,,0.0,1032.0,62.6,132.8,0.0,0.0,0.0,0.0,366.8,1311.8,370.4,1302.8,383.0,1274.0,383.0,1304.6,0.0,0.0,132.26,375.8,345.2,101.66,0.4812361111111111,4493.448666666666,14.319999999999999,386.6,2026-02-13 17:11:43-08:00,375.8,313.2,69.66,38.379999999999995,38.61,True
579.06,2.0,8.0,2026-02-14 01:21:16,37.08275,-121.59747,278.0,34.1,337.3,-12.6,0.0,0.0,0.0,0.0,0.0,11.6,-0.8,328.7,36.3,136.0,0.2,-0.01,1.0,0.0,-67.0,36.6,30.11,371.0,5.0,5.0,326.0,0.0,0.0,0.0,0.0,0.0,0.0,0.0,0.0,0.0,0.0,0.0,0.0,10.0,0.0,0.0,-153.0,0.0,0.0,0.0,0.0,3.0,0.0,0.0,1200.0,57.0,1010.0,1010.0,10.8,2.2,0.0,2.2,35.0,0.0,0.0,35.4,0.0,0.0,11.2,1.5,0.7,12.0,0.0,0.0,35.0,-7.0,0.0,0.0,0.0,0.665,0.792,56.8,0.0,0.0,0.0,,0.0,1010.0,62.6,132.8,0.0,0.0,0.0,0.0,366.8,1301.0,370.4,1299.2,383.0,1263.2,383.0,1295.6,0.0,0.0,132.26,375.8,345.2,101.66,0.48188888888888887,4552.397666666667,15.5,386.6,2026-02-13 17:11:43-08:00,375.8,313.2,69.66,36.779999999999994,37.0,True
580.06,2.0,8.0,2026-02-14 01:21:17,37.08289,-121.59755,279.0,32.5,336.5,-12.6,0.0,0.0,0.0,0.0,0.0,12.0,-0.8,330.3,34.7,136.0,0.6,-0.03,1.0,0.0,-18.0,35.0,30.11,371.0,6.0,5.0,326.0,0.0,0.0,0.0,0.0,0.0,0.0,0.0,0.0,0.0,0.0,0.0,0.0,10.0,0.0,0.0,-153.0,0.0,0.0,0.0,0.0,3.0,0.0,0.0,1200.0,57.0,1000.0,1000.0,11.1,2.1,0.0,2.1,35.0,0.0,0.0,35.4,0.0,0.0,11.1,1.5,0.7,12.0,0.0,0.0,35.0,-7.0,0.0,0.0,0.0,0.669,0.792,56.5,0.0,0.0,0.0,,0.0,1000.0,62.6,132.8,0.0,0.0,0.0,0.0,366.8,1290.2,368.6,1292.0,381.2,1254.2,381.2,1286.6,0.0,0.0,132.08,374.45,343.85,101.48,0.48248611111111106,4608.563666666666,15.476190476190476,386.6,2026-02-13 17:11:43-08:00,374.45,311.84999999999997,69.48000000000002,35.18,35.39,True
581.06,2.0,8.0,2026-02-14 01:21:18,37.08303,-121.59762,281.0,31.0,338.6,-12.6,0.0,0.0,0.0,0.0,0.0,11.8,-1.2,330.3,32.8,136.0,0.3,-0.04,1.0,0.0,25.0,33.1,30.11,371.0,7.0,5.0,326.0,0.0,0.0,0.0,0.0,0.0,0.0,0.0,0.0,0.0,0.0,0.0,0.0,10.0,0.0,0.0,-153.0,0.0,0.0,0.0,0.0,3.0,0.0,0.0,1200.0,57.0,1018.0,1018.0,11.4,1.9,0.0,1.9,35.0,0.0,0.0,35.4,0.0,0.0,11.2,1.5,0.7,12.0,0.0,0.0,35.0,-7.0,0.0,0.0,0.0,0.662,0.793,56.9,0.0,0.0,0.0,,0.0,1018.0,62.6,132.8,0.0,0.0,0.0,0.0,365.0,1279.4,368.6,1283.0,381.2,1245.2,381.2,1279.4,0.0,0.0,132.08,374.0,343.4,101.48,0.48304166666666665,4662.115333333333,16.315789473684212,386.6,2026-02-13 17:11:43-08:00,374.0,311.4,69.48000000000002,33.279999999999994,33.48,True
582.06,2.0,8.0,2026-02-14 01:21:19,37.08316,-121.59769,282.0,29.7,336.7,-12.6,0.0,0.0,0.0,0.0,0.0,11.8,-0.3,328.6,32.3,136.0,-1.0,0.06,1.0,0.0,35.0,32.6,30.11,370.0,7.0,5.0,326.0,0.0,0.0,0.0,0.0,0.0,0.0,0.0,0.0,0.0,0.0,0.0,0.0,10.0,0.0,0.0,-152.0,0.0,0.0,0.0,0.0,3.0,0.0,0.0,1200.0,60.0,1141.0,1141.0,12.2,1.9,0.0,1.9,34.8,0.0,0.0,35.4,0.0,0.0,11.3,1.5,0.7,12.0,0.0,0.0,34.8,-7.0,0.0,0.0,0.0,0.662,0.793,60.2,0.0,0.0,0.0,,0.0,1141.0,62.6,132.8,0.0,0.0,0.0,0.0,365.0,1274.0,368.6,1277.6,381.2,1239.8,381.2,1274.0,0.0,0.0,132.26,374.0,343.4,101.66,0.4835694444444444,4713.305666666666,15.631578947368421,386.6,2026-02-13 17:11:43-08:00,374.0,311.4,69.66,32.779999999999994,32.97,True
583.06,2.0,8.0,2026-02-14 01:21:20,37.08328,-121.59775,283.0,28.7,336.9,-12.6,0.0,0.0,0.0,0.0,0.0,11.3,-0.4,329.0,31.7,136.0,-0.3,0.0,1.0,0.0,18.0,32.0,30.11,370.0,7.0,5.0,326.0,0.0,0.0,0.0,0.0,0.0,0.0,0.0,0.0,0.0,0.0,0.0,0.0,10.0,0.0,0.0,-152.0,0.0,0.0,0.0,0.0,3.0,0.0,0.0,1200.0,62.0,1161.0,1161.0,12.2,2.0,0.0,2.0,34.8,0.0,0.0,35.4,0.0,0.0,11.3,1.5,0.7,12.0,0.0,0.0,34.8,-7.0,0.0,0.0,0.0,0.66,0.793,61.8,0.0,0.0,0.0,,0.0,1161.0,62.6,132.8,0.0,0.0,0.0,0.0,365.0,1270.4,366.8,1274.0,381.2,1236.2,381.2,1268.6,0.0,0.0,132.62,373.55,342.95,102.02,0.48411111111111105,4762.556333333333,14.35,386.6,2026-02-13 17:11:43-08:00,373.55,310.95,70.02000000000001,32.18,32.37,True
584.06,2.0,8.0,2026-02-14 01:21:21,37.0834,-121.59782,284.0,27.7,336.6,-12.6,0.0,0.0,0.0,0.0,0.0,11.3,-0.3,329.5,30.4,136.0,0.1,-0.01,1.0,0.0,68.0,30.7,30.11,370.0,7.0,5.0,326.0,0.0,0.0,0.0,0.0,0.0,0.0,0.0,0.0,0.0,0.0,0.0,0.0,11.0,0.0,0.0,-152.0,0.0,0.0,0.0,0.0,3.0,0.0,0.0,1200.0,62.0,1148.0,1148.0,12.2,2.0,0.0,2.0,34.8,0.0,0.0,35.4,0.0,0.0,11.1,1.5,0.7,12.0,0.0,0.0,34.8,-7.0,0.0,0.0,0.0,0.663,0.793,61.5,0.0,0.0,0.0,,0.0,1148.0,62.6,132.8,0.0,0.0,0.0,0.0,365.0,1268.6,366.8,1272.2,381.2,1230.8,379.4,1263.2,0.0,0.0,132.62,373.1,342.5,102.02,0.48466666666666663,4810.120333333333,13.85,386.6,2026-02-13 17:11:43-08:00,373.09999999999997,310.49999999999994,70.02000000000001,30.88,31.06,True
585.06,2.0,8.0,2026-02-14 01:21:22,37.08352,-121.59788,284.0,26.7,337.3,-12.6,0.0,0.0,0.0,0.0,0.0,11.5,-0.1,328.8,28.5,136.0,-0.3,0.01,1.1,0.0,25.0,28.7,30.11,369.0,7.0,4.0,326.0,0.0,0.0,0.0,0.0,0.0,0.0,0.0,0.0,0.0,0.0,0.0,0.0,11.0,0.0,0.0,-154.0,0.0,0.0,0.0,0.0,1.0,0.0,0.0,1200.0,61.0,1124.0,1124.0,12.0,2.0,0.0,2.0,34.8,0.0,0.0,35.4,0.0,0.0,11.0,1.5,0.7,12.0,0.0,0.0,34.8,-7.0,0.0,0.0,0.0,0.662,0.793,61.1,0.0,0.0,0.0,,0.0,1124.0,62.6,132.8,0.0,0.0,0.0,0.0,363.2,1266.8,366.8,1268.6,379.4,1227.2,379.4,1259.6,0.0,0.0,132.44,372.2,341.6,101.84,0.48522222222222217,4855.997666666666,13.35,386.6,2026-02-13 17:11:43-08:00,372.2,309.59999999999997,69.84,28.98,29.15,True
586.06,2.0,8.0,2026-02-14 01:21:23,37.08363,-121.59794,284.0,25.8,336.1,-12.6,0.0,0.0,0.0,0.0,0.0,11.4,0.2,328.2,28.5,136.0,-0.6,0.02,1.0,0.0,25.0,28.7,30.11,369.0,7.0,4.0,326.0,0.0,0.0,0.0,0.0,0.0,0.0,0.0,0.0,0.0,0.0,0.0,0.0,11.0,0.0,0.0,-154.0,0.0,0.0,0.0,0.0,1.0,0.0,0.0,1200.0,60.0,1109.0,1109.0,12.2,2.1,0.0,2.1,35.0,0.0,0.0,35.4,0.0,0.0,11.2,1.5,0.7,12.0,0.0,0.0,35.0,-7.0,0.0,0.0,0.0,0.67,0.792,60.5,0.0,0.0,0.0,,0.0,1109.0,62.6,132.8,0.0,0.0,0.0,0.0,363.2,1266.8,365.0,1266.8,379.4,1223.6,379.4,1256.0,0.0,0.0,132.62,371.75,341.15,102.02,0.4857916666666666,4900.272666666667,12.285714285714285,386.6,2026-02-13 17:11:43-08:00,371.75,309.15,70.02000000000001,28.98,29.15,True
587.06,2.0,8.0,2026-02-14 01:21:24,37.08374,-121.598,283.0,25.2,335.4,-12.6,0.0,0.0,0.0,0.0,0.0,11.6,-0.0,328.0,28.5,136.0,-0.4,0.01,1.0,0.0,37.0,28.8,30.11,370.0,6.0,4.0,326.0,0.0,0.0,0.0,0.0,0.0,0.0,0.0,0.0,0.0,0.0,0.0,0.0,9.0,0.0,0.0,-56.0,0.0,0.0,0.0,0.0,1.0,0.0,0.0,1200.0,66.0,1350.0,1350.0,14.1,2.2,0.0,2.2,34.4,0.0,0.0,35.4,0.0,0.0,11.3,1.5,0.7,12.0,0.0,0.0,34.4,-7.0,0.0,0.0,0.0,0.662,0.792,65.6,0.0,0.0,0.0,,0.0,1350.0,62.6,132.8,0.0,0.0,0.0,0.0,363.2,1265.0,365.0,1263.2,379.4,1223.6,379.4,1256.0,0.0,0.0,132.62,371.75,341.15,102.02,0.48638888888888887,4943.282666666666,11.454545454545453,386.6,2026-02-13 17:11:43-08:00,371.75,309.15,70.02000000000001,28.98,29.15,True
588.06,2.0,8.0,2026-02-14 01:21:25,37.08384,-121.59806,282.0,25.0,335.4,-12.6,0.0,0.0,0.0,0.0,0.0,11.2,0.0,327.7,28.4,136.0,-0.3,0.01,0.9,0.0,58.0,28.6,30.11,370.0,6.0,4.0,326.0,0.0,0.0,0.0,0.0,0.0,0.0,0.0,0.0,0.0,0.0,0.0,0.0,7.0,0.0,0.0,2.0,0.0,0.0,0.0,0.0,1.0,0.0,0.0,1200.0,67.0,1404.0,1404.0,14.2,2.5,0.0,2.5,34.4,0.0,0.0,35.4,0.0,0.0,11.3,1.5,0.7,12.0,0.0,0.0,34.4,-7.0,0.0,0.0,0.0,0.665,0.792,66.6,0.0,0.0,0.0,,0.0,1404.0,62.6,132.8,0.0,0.0,0.0,0.0,363.2,1266.8,365.0,1265.0,379.4,1227.2,379.4,1259.6,0.0,0.0,132.98000000000002,371.75,341.15,102.38,0.4870416666666666,4985.6179999999995,10.0,386.6,2026-02-13 17:11:43-08:00,371.75,309.15,70.38000000000002,28.88,29.05,True
589.06,2.0,8.0,2026-02-14 01:21:26,37.08395,-121.59812,282.0,24.8,335.0,-12.6,0.0,0.0,0.0,0.0,0.0,10.8,-0.1,327.7,28.2,136.0,-0.1,0.0,0.9,0.0,59.0,28.4,30.11,370.0,6.0,4.0,326.0,0.0,0.0,0.0,0.0,0.0,0.0,0.0,0.0,0.0,0.0,0.0,0.0,7.0,0.0,0.0,2.0,0.0,0.0,0.0,0.0,1.0,0.0,0.0,1200.0,66.0,1332.0,1332.0,14.0,2.6,0.0,2.6,34.5,0.0,0.0,35.4,0.0,0.0,11.1,1.5,0.7,12.0,0.0,0.0,34.5,-7.0,0.0,0.0,0.0,0.664,0.792,66.0,0.0,0.0,0.0,,0.0,1332.0,62.6,132.8,0.0,0.0,0.0,0.0,363.2,1268.6,365.0,1265.0,379.4,1232.6,379.4,1266.8,0.0,0.0,133.16,371.75,341.15,102.56,0.48774999999999996,5027.616,9.538461538461538,386.6,2026-02-13 17:11:43-08:00,371.75,309.15,70.56,28.68,28.85,True
590.06,2.0,8.0,2026-02-14 01:21:27,37.08405,-121.59818,282.0,24.4,335.5,-12.6,0.0,0.0,0.0,0.0,0.0,10.9,-0.1,328.2,28.3,136.0,0.2,-0.01,1.0,0.0,56.0,28.5,30.11,370.0,5.0,4.0,326.0,0.0,0.0,0.0,0.0,0.0,0.0,0.0,0.0,0.0,0.0,0.0,0.0,7.0,0.0,0.0,2.0,0.0,0.0,0.0,0.0,1.0,0.0,0.0,1200.0,65.0,1303.0,1303.0,13.8,2.7,0.0,2.7,34.5,0.0,0.0,35.4,0.0,0.0,11.0,1.5,0.7,12.0,0.0,0.0,34.5,-7.0,0.0,0.0,0.0,0.668,0.792,64.9,0.0,0.0,0.0,,0.0,1303.0,62.6,132.8,0.0,0.0,0.0,0.0,363.2,1268.6,365.0,1268.6,379.4,1236.2,379.4,1272.2,0.0,0.0,132.98000000000002,371.75,341.15,102.38,0.48848611111111107,5069.107999999999,9.037037037037036,386.6,2026-02-13 17:11:43-08:00,371.75,309.15,70.38000000000002,28.78,28.95,True
591.06,2.0,8.0,2026-02-14 01:21:28,37.08416,-121.59824,282.0,24.1,335.9,-12.6,0.0,0.0,0.0,0.0,0.0,10.9,-0.3,328.5,28.1,136.0,0.3,-0.01,0.9,0.0,44.0,28.3,30.11,370.0,4.0,4.0,326.0,0.0,0.0,0.0,0.0,0.0,0.0,0.0,0.0,0.0,0.0,0.0,0.0,7.0,0.0,0.0,2.0,0.0,0.0,0.0,0.0,1.0,0.0,0.0,1200.0,67.0,1395.0,1395.0,14.1,2.8,0.0,2.8,34.4,0.0,0.0,35.4,0.0,0.0,11.1,1.5,0.7,12.0,0.0,0.0,34.4,-7.0,0.0,0.0,0.0,0.667,0.792,66.5,0.0,0.0,0.0,,0.0,1395.0,62.6,132.8,0.0,0.0,0.0,0.0,363.2,1270.4,365.0,1268.6,379.4,1239.8,379.4,1274.0,0.0,0.0,133.16,371.75,341.15,102.56,0.48924999999999996,5110.009666666666,8.607142857142858,386.6,2026-02-13 17:11:43-08:00,371.75,309.15,70.56,28.580000000000002,28.75,True
592.06,2.0,8.0,2026-02-14 01:21:29,37.08426,-121.5983,283.0,24.1,336.0,-12.6,0.0,0.0,0.0,0.0,0.0,10.8,-0.3,328.4,28.2,137.0,0.1,-0.01,0.7,0.0,25.0,28.4,30.11,371.0,4.0,4.0,326.0,0.0,0.0,0.0,0.0,0.0,0.0,0.0,0.0,0.0,0.0,0.0,0.0,7.0,0.0,0.0,2.0,0.0,0.0,0.0,0.0,1.0,0.0,0.0,1200.0,67.0,1441.0,1441.0,14.4,3.0,0.0,3.0,34.3,0.0,0.0,35.4,0.0,0.0,11.2,1.5,0.7,12.0,0.0,0.0,34.3,-7.0,0.0,0.0,0.0,0.671,0.792,67.5,0.0,0.0,0.0,,0.0,1441.0,62.6,132.8,0.0,0.0,0.0,0.0,363.2,1272.2,365.0,1268.6,379.4,1243.4,379.4,1277.6,0.0,0.0,133.34,371.75,341.15,102.74,0.4900555555555555,5150.658333333333,8.033333333333333,386.6,2026-02-13 17:11:43-08:00,371.75,309.15,70.74000000000001,28.68,28.85,True
593.06,2.0,8.0,2026-02-14 01:21:30,37.08435,-121.59835,284.0,24.1,335.6,-12.6,0.0,0.0,0.0,0.0,0.0,11.0,-0.4,328.2,27.5,137.0,-0.1,-0.0,0.9,0.0,22.0,27.7,30.11,371.0,3.0,4.0,326.0,0.0,0.0,0.0,0.0,0.0,0.0,0.0,0.0,0.0,0.0,0.0,0.0,7.0,0.0,0.0,2.0,0.0,0.0,0.0,0.0,1.0,0.0,0.0,1200.0,69.0,1572.0,1572.0,15.5,3.2,0.0,3.2,33.7,0.0,0.0,35.4,0.0,0.0,11.3,1.5,0.7,12.0,0.0,0.0,33.7,-7.0,0.0,0.0,0.0,0.673,0.792,68.8,0.0,0.0,0.0,,0.0,1572.0,62.6,132.8,0.0,0.0,0.0,0.0,363.2,1272.2,365.0,1270.4,379.4,1247.0,379.4,1281.2,0.0,0.0,133.7,371.75,341.15,103.1,0.4909166666666666,5191.307,7.53125,386.6,2026-02-13 17:11:43-08:00,371.75,309.15,71.1,27.98,28.15,True
594.06,2.0,8.0,2026-02-14 01:21:31,37.08446,-121.59841,285.0,24.4,335.8,-12.6,0.0,0.0,0.0,0.0,0.0,11.2,-0.6,327.6,27.7,138.0,-0.4,0.01,0.9,0.0,32.0,27.9,30.11,372.0,3.0,4.0,326.0,0.0,0.0,0.0,0.0,0.0,0.0,0.0,0.0,0.0,0.0,0.0,0.0,7.0,0.0,0.0,1.0,0.0,0.0,0.0,0.0,1.0,0.0,0.0,1200.0,68.0,1380.0,1380.0,14.3,3.3,0.0,3.3,34.5,0.0,0.0,35.4,0.0,0.0,11.0,1.5,0.7,12.0,0.0,0.0,34.5,-7.0,0.0,0.0,0.0,0.673,0.792,67.7,0.0,0.0,0.0,,0.0,1380.0,62.6,134.6,0.0,0.0,0.0,0.0,363.2,1277.6,366.8,1272.2,379.4,1250.6,379.4,1283.0,0.0,0.0,134.06,372.2,341.6,103.46,0.4918194444444444,5232.208666666666,7.393939393939394,386.6,2026-02-13 17:11:43-08:00,372.2,309.59999999999997,71.46000000000001,28.18,28.35,True
595.06,2.0,8.0,2026-02-14 01:21:32,37.08456,-121.59847,286.0,23.8,335.2,-12.6,0.0,0.0,0.0,0.0,0.0,11.6,-0.3,328.2,25.8,138.0,-0.0,-0.01,1.0,0.0,3.0,26.0,30.11,372.0,4.0,4.0,326.0,0.0,0.0,0.0,0.0,0.0,0.0,0.0,0.0,0.0,0.0,0.0,0.0,7.0,0.0,0.0,2.0,0.0,0.0,0.0,0.0,1.0,0.0,0.0,1200.0,62.0,1170.0,1170.0,12.8,3.1,0.0,3.1,34.7,0.0,0.0,35.4,0.0,0.0,10.9,1.5,0.7,12.0,0.0,0.0,34.7,-7.0,0.0,0.0,0.0,0.677,0.792,62.2,0.0,0.0,0.0,,0.0,1170.0,62.6,134.6,0.0,0.0,0.0,0.0,363.2,1279.4,366.8,1274.0,379.4,1252.4,379.4,1286.6,0.0,0.0,133.88,372.2,341.6,103.28,0.4927083333333333,5272.857333333333,7.67741935483871,386.6,2026-02-13 17:11:43-08:00,372.2,309.59999999999997,71.28,26.28,26.44,True
596.06,2.0,8.0,2026-02-14 01:21:33,37.08466,-121.59853,287.0,23.2,335.7,-12.6,0.0,0.0,0.0,0.0,0.0,12.1,-0.1,329.3,25.5,138.0,0.4,-0.01,1.2,0.0,-6.0,25.7,30.11,372.0,4.0,4.0,326.0,0.0,0.0,0.0,0.0,0.0,0.0,0.0,0.0,0.0,0.0,0.0,0.0,7.0,0.0,0.0,2.0,0.0,0.0,0.0,0.0,1.0,0.0,0.0,1200.0,61.0,1156.0,1156.0,12.9,3.0,0.0,3.0,34.6,0.0,0.0,35.4,0.0,0.0,11.0,1.5,0.7,12.0,0.0,0.0,34.6,-7.0,0.0,0.0,0.0,0.685,0.792,61.5,0.0,0.0,0.0,,0.0,1156.0,62.6,134.6,0.0,0.0,0.0,0.0,363.2,1277.6,366.8,1274.0,379.4,1247.0,379.4,1281.2,0.0,0.0,134.06,372.2,341.6,103.46,0.4935555555555555,5312.494,7.733333333333333,386.6,2026-02-13 17:11:43-08:00,372.2,309.59999999999997,71.46000000000001,25.98,26.14,True
597.06,2.0,8.0,2026-02-14 01:21:34,37.08476,-121.59858,287.0,22.5,336.3,-12.6,0.0,0.0,0.0,0.0,0.0,12.0,-0.4,330.2,24.1,138.0,0.6,-0.03,0.9,0.0,-30.0,24.3,30.11,371.0,5.0,4.0,326.0,0.0,0.0,0.0,0.0,0.0,0.0,0.0,0.0,0.0,0.0,0.0,0.0,7.0,0.0,0.0,2.0,0.0,0.0,0.0,0.0,1.0,0.0,0.0,1200.0,61.0,1135.0,1135.0,13.1,2.9,0.0,2.9,34.7,0.0,0.0,35.4,0.0,0.0,11.2,1.5,0.7,12.0,0.0,0.0,34.7,-7.0,0.0,0.0,0.0,0.687,0.792,61.2,0.0,0.0,0.0,,0.0,1135.0,62.6,134.6,0.0,0.0,0.0,0.0,363.2,1277.6,365.0,1270.4,379.4,1243.4,379.4,1275.8,0.0,0.0,134.24,371.75,341.15,103.64,0.49437499999999995,5351.034333333333,7.758620689655173,386.6,2026-02-13 17:11:43-08:00,371.75,309.15,71.64000000000001,24.580000000000002,24.73,True
598.06,2.0,8.0,2026-02-14 01:21:35,37.08485,-121.59863,286.0,21.2,335.9,-12.6,0.0,0.0,0.0,0.0,0.0,12.0,-1.0,328.7,23.4,138.0,-0.5,0.01,1.2,0.0,-10.0,23.6,30.11,372.0,5.0,4.0,326.0,0.0,0.0,0.0,0.0,0.0,0.0,0.0,0.0,0.0,0.0,0.0,0.0,7.0,0.0,0.0,2.0,0.0,0.0,0.0,0.0,1.0,0.0,0.0,1200.0,57.0,948.0,948.0,12.2,2.7,0.0,2.7,35.0,0.0,0.0,35.4,0.0,0.0,11.4,1.5,0.7,12.0,0.0,0.0,35.0,-7.0,0.0,0.0,0.0,0.687,0.792,57.2,0.0,0.0,0.0,,0.0,948.0,62.6,134.6,0.0,0.0,0.0,0.0,363.2,1277.6,365.0,1270.4,377.6,1239.8,377.6,1268.6,0.0,0.0,134.42000000000002,370.85,340.25,103.82,0.4951527777777777,5387.888,7.851851851851851,386.6,2026-02-13 17:11:43-08:00,370.85,308.25,71.82000000000002,23.88,24.02,True
599.06,2.0,8.0,2026-02-14 01:21:36,37.08494,-121.59868,285.0,19.8,334.9,-12.6,0.0,0.0,0.0,0.0,0.0,11.8,-0.9,327.8,22.0,138.0,-0.8,0.01,1.1,0.0,-27.0,22.2,30.11,372.0,5.0,4.0,326.0,0.0,0.0,0.0,0.0,0.0,0.0,0.0,0.0,0.0,0.0,0.0,0.0,7.0,0.0,0.0,2.0,0.0,0.0,0.0,0.0,1.0,0.0,0.0,1200.0,55.0,905.0,905.0,12.6,2.4,0.0,2.4,35.1,0.0,0.0,35.4,0.0,0.0,11.3,1.5,0.7,12.0,0.0,0.0,35.1,-7.0,0.0,0.0,0.0,0.675,0.791,54.7,0.0,0.0,0.0,,0.0,905.0,62.6,134.6,0.0,0.0,0.0,0.0,363.2,1268.6,365.0,1266.8,377.6,1230.8,377.6,1261.4,0.0,0.0,134.78,370.85,340.25,104.18,0.4958611111111111,5422.464666666667,8.25,386.6,2026-02-13 17:11:43-08:00,370.85,308.25,72.18,22.48,22.61,True
600.06,2.0,8.0,2026-02-14 01:21:37,37.08502,-121.59873,284.0,18.6,334.2,-12.6,0.0,0.0,0.0,0.0,0.0,11.6,-0.6,327.3,21.1,138.0,-0.6,-0.0,1.0,0.0,-24.0,21.3,30.11,372.0,5.0,4.0,326.0,0.0,0.0,0.0,0.0,0.0,0.0,0.0,0.0,0.0,0.0,0.0,0.0,7.0,0.0,0.0,2.0,0.0,0.0,0.0,0.0,1.0,0.0,0.0,1200.0,55.0,913.0,913.0,12.7,2.2,0.0,2.2,35.1,0.0,0.0,35.4,0.0,0.0,11.1,1.5,0.7,12.0,0.0,0.0,35.1,-7.0,0.0,0.0,0.0,0.658,0.791,54.9,0.0,0.0,0.0,,0.0,913.0,62.6,134.6,0.0,0.0,0.0,0.0,363.2,1261.4,365.0,1261.4,377.6,1221.8,377.6,1256.0,0.0,0.0,134.6,370.85,340.25,104.0,0.49649999999999994,5454.848666666667,8.454545454545455,386.6,2026-02-13 17:11:43-08:00,370.85,308.25,72.0,21.580000000000002,21.71,True
601.06,2.0,8.0,2026-02-14 01:21:38,37.08509,-121.59878,284.0,17.3,335.3,-12.6,0.0,0.0,0.0,0.0,0.0,11.4,-1.4,322.8,19.8,138.0,-2.2,-0.01,1.1,0.0,-17.0,19.9,30.11,371.0,5.0,4.0,326.0,0.0,0.0,0.0,0.0,0.0,0.0,0.0,0.0,0.0,0.0,0.0,0.0,7.0,0.0,0.0,2.0,0.0,0.0,0.0,0.0,1.0,0.0,0.0,1200.0,55.0,901.0,901.0,12.9,2.1,0.0,2.1,35.1,0.0,0.0,35.4,0.0,0.0,11.2,1.5,0.7,12.0,0.0,0.0,35.1,-7.0,0.0,0.0,0.0,0.657,0.791,54.7,0.0,0.0,0.0,,0.0,901.0,62.6,134.6,0.0,0.0,0.0,0.0,361.4,1254.2,365.0,1256.0,377.6,1212.8,377.6,1248.8,0.0,0.0,134.6,370.4,339.8,104.0,0.4970972222222222,5485.124333333333,8.238095238095237,386.6,2026-02-13 17:11:43-08:00,370.4,307.79999999999995,72.0,20.28,20.4,True
602.06,2.0,8.0,2026-02-14 01:21:39,37.08516,-121.59882,284.0,15.7,326.6,-12.6,0.0,0.0,0.0,0.0,0.0,10.9,-1.5,313.1,19.4,138.0,-6.6,0.12,0.9,0.0,13.0,19.5,30.11,371.0,5.0,4.0,326.0,0.0,0.0,0.0,0.0,0.0,0.0,0.0,0.0,0.0,0.0,0.0,0.0,7.0,0.0,0.0,2.0,0.0,0.0,0.0,0.0,1.0,0.0,0.0,1200.0,55.0,901.0,901.0,13.1,1.9,0.0,1.9,35.1,0.0,0.0,35.4,0.0,0.0,11.3,1.5,0.7,12.0,0.0,0.0,35.1,-7.0,0.0,0.0,0.0,0.669,0.791,54.8,0.0,0.0,0.0,,0.0,901.0,62.6,134.6,0.0,0.0,0.0,0.0,361.4,1247.0,365.0,1252.4,377.6,1205.6,377.6,1243.4,0.0,0.0,134.6,370.4,339.8,104.0,0.4976527777777777,5512.954333333333,8.263157894736842,386.6,2026-02-13 17:11:43-08:00,370.4,307.79999999999995,72.0,19.88,20.0,True
603.06,2.0,8.0,2026-02-14 01:21:40,37.08522,-121.59888,284.0,14.8,318.5,-12.6,0.0,0.0,0.0,0.0,0.0,10.5,-2.1,303.7,18.5,138.0,-8.2,0.11,1.0,0.0,12.0,18.6,30.11,371.0,5.0,4.0,326.0,0.0,0.0,0.0,0.0,0.0,0.0,0.0,0.0,0.0,0.0,0.0,0.0,7.0,0.0,0.0,2.0,0.0,0.0,0.0,0.0,1.0,0.0,0.0,1200.0,55.0,894.0,894.0,13.0,1.8,0.0,1.8,35.1,0.0,0.0,35.4,0.0,0.0,11.4,1.5,0.7,12.0,0.0,0.0,35.1,-7.0,0.0,0.0,0.0,0.654,0.791,54.8,0.0,0.0,0.0,,0.0,894.0,62.6,134.6,0.0,0.0,0.0,0.0,361.4,1239.8,365.0,1250.6,377.6,1198.4,377.6,1236.2,0.0,0.0,134.6,370.4,339.8,104.0,0.49816666666666665,5538.6759999999995,8.222222222222223,386.6,2026-02-13 17:11:43-08:00,370.4,307.79999999999995,72.0,18.98,19.09,True
604.06,2.0,8.0,2026-02-14 01:21:41,37.08526,-121.59893,284.0,13.9,309.2,-12.6,0.0,0.0,0.0,0.0,0.0,10.1,-2.1,294.1,17.4,138.0,-8.9,0.09,0.9,0.0,16.0,17.5,30.11,371.0,5.0,4.0,326.0,0.0,0.0,0.0,0.0,0.0,0.0,0.0,0.0,0.0,0.0,0.0,0.0,7.0,0.0,0.0,2.0,0.0,0.0,0.0,0.0,1.0,0.0,0.0,1200.0,55.0,889.0,889.0,13.1,1.8,0.0,1.8,35.2,0.0,0.0,35.4,0.0,0.0,11.3,1.5,0.7,12.0,0.0,0.0,35.2,-7.0,0.0,0.0,0.0,0.654,0.791,54.8,0.0,0.0,0.0,,0.0,889.0,62.6,134.6,0.0,0.0,0.0,0.0,361.4,1234.4,365.0,1247.0,377.6,1193.0,377.6,1229.0,0.0,0.0,135.14,370.4,339.8,104.54,0.49866666666666665,5562.879666666667,7.722222222222222,386.6,2026-02-13 17:11:43-08:00,370.4,307.79999999999995,72.53999999999999,17.88,17.99,True
605.06,2.0,8.0,2026-02-14 01:21:42,37.0853,-121.59899,285.0,13.0,299.0,-12.6,0.0,0.0,0.0,0.0,0.0,9.7,-2.3,281.8,16.8,138.0,-10.5,0.1,1.0,0.0,-5.0,16.9,30.11,372.0,0.0,0.0,326.0,0.0,0.0,0.0,0.0,0.0,0.0,0.0,0.0,0.0,0.0,0.0,0.0,7.0,0.0,0.0,2.0,0.0,0.0,0.0,0.0,1.0,0.0,0.0,1200.0,55.0,902.0,902.0,13.1,1.7,0.0,1.7,35.2,0.0,0.0,35.4,0.0,0.0,11.0,1.5,0.7,12.0,0.0,0.0,35.2,-7.0,0.0,0.0,0.0,0.657,0.791,55.0,0.0,0.0,0.0,,0.0,902.0,62.6,134.6,0.0,0.0,0.0,0.0,361.4,1227.2,363.2,1243.4,377.6,1187.6,377.6,1223.6,0.0,0.0,134.78,369.95,339.35,104.18,0.4991527777777777,5585.565333333333,7.647058823529412,386.6,2026-02-13 17:11:43-08:00,369.95000000000005,307.35,72.18,17.28,17.38,True
606.06,2.0,8.0,2026-02-14 01:21:43,37.08532,-121.59906,286.0,12.1,287.2,-12.6,0.0,0.0,0.0,0.0,0.0,9.6,-1.2,267.7,0.0,138.0,-12.4,0.14,1.0,0.0,-4.0,0.0,30.11,372.0,0.0,0.0,326.0,0.0,0.0,0.0,0.0,0.0,0.0,0.0,0.0,0.0,0.0,0.0,0.0,7.0,0.0,0.0,2.0,0.0,0.0,0.0,0.0,1.0,0.0,0.0,1200.0,55.0,885.0,885.0,13.2,1.7,0.0,1.7,35.2,0.0,0.0,35.4,0.0,0.0,11.0,1.5,0.7,12.0,0.0,0.0,35.2,-7.0,0.0,0.0,0.0,0.662,0.791,54.6,0.0,0.0,0.0,,0.0,885.0,62.6,134.6,0.0,0.0,0.0,0.0,361.4,1221.8,363.2,1239.8,375.8,1182.2,375.8,1216.4,0.0,0.0,134.96,369.05,338.45,104.36,0.49962499999999993,5606.732999999999,7.117647058823529,386.6,2026-02-13 17:11:43-08:00,369.04999999999995,306.44999999999993,72.36000000000001,0.48,0.48,True
607.06,2.0,8.0,2026-02-14 01:21:44,37.08533,-121.59913,286.0,11.4,273.6,-12.6,0.0,0.0,0.0,0.0,0.0,9.7,-1.0,255.4,0.0,138.0,-12.2,0.12,1.0,0.0,-23.0,0.0,30.11,372.0,0.0,0.0,326.0,0.0,0.0,0.0,0.0,0.0,0.0,0.0,0.0,0.0,0.0,0.0,0.0,7.0,0.0,0.0,2.0,0.0,0.0,0.0,0.0,1.0,0.0,0.0,1200.0,55.0,890.0,890.0,13.2,1.7,0.0,1.7,35.1,0.0,0.0,35.4,0.0,0.0,11.1,1.5,0.7,12.0,0.0,0.0,35.1,-7.0,0.0,0.0,0.0,0.659,0.791,54.6,0.0,0.0,0.0,,0.0,890.0,62.6,134.6,0.0,0.0,0.0,0.0,361.4,1218.2,363.2,1238.0,375.8,1178.6,375.8,1212.8,0.0,0.0,134.96,369.05,338.45,104.36,0.5000972222222222,5626.551333333333,6.705882352941177,386.6,2026-02-13 17:11:43-08:00,369.04999999999995,306.44999999999993,72.36000000000001,0.48,0.48,True
608.06,2.0,8.0,2026-02-14 01:21:45,37.08533,-121.59919,287.0,10.7,262.5,-12.6,0.0,0.0,0.0,0.0,0.0,9.8,-1.0,245.0,0.0,138.0,-10.7,0.1,0.9,0.0,-20.0,0.0,30.11,372.0,0.0,0.0,326.0,0.0,0.0,0.0,0.0,0.0,0.0,0.0,0.0,0.0,0.0,0.0,0.0,7.0,0.0,0.0,2.0,0.0,0.0,0.0,0.0,1.0,0.0,0.0,1200.0,55.0,881.0,881.0,13.3,1.6,0.0,1.6,35.1,0.0,0.0,35.4,0.0,0.0,11.2,1.5,0.7,12.0,0.0,0.0,35.1,-7.0,0.0,0.0,0.0,0.656,0.791,54.6,0.0,0.0,0.0,,0.0,881.0,62.6,134.6,0.0,0.0,0.0,0.0,361.4,1212.8,363.2,1234.4,375.8,1175.0,375.8,1207.4,0.0,0.0,135.14,369.05,338.45,104.54,0.5005555555555555,5645.188999999999,6.687499999999999,386.6,2026-02-13 17:11:43-08:00,369.04999999999995,306.44999999999993,72.53999999999999,0.48,0.48,True
609.06,2.0,8.0,2026-02-14 01:21:46,37.08532,-121.59925,287.0,10.0,252.2,-12.6,0.0,0.0,0.0,0.0,0.0,10.2,-1.1,238.8,0.0,138.0,-7.9,0.06,1.1,0.0,35.0,0.0,30.11,372.0,0.0,0.0,326.0,0.0,0.0,0.0,0.0,0.0,0.0,0.0,0.0,0.0,0.0,0.0,0.0,7.0,0.0,0.0,2.0,0.0,0.0,0.0,0.0,1.0,0.0,0.0,1200.0,54.0,859.0,859.0,13.4,1.6,0.0,1.6,34.9,0.0,0.0,35.4,0.0,0.0,11.2,1.5,0.7,12.0,0.0,0.0,34.9,-7.0,0.0,0.0,0.0,0.654,0.791,54.3,0.0,0.0,0.0,,0.0,859.0,62.6,136.4,0.0,0.0,0.0,0.0,361.4,1209.2,363.2,1232.6,375.8,1171.4,375.8,1203.8,0.0,0.0,135.5,369.05,338.45,104.9,0.501,5662.646,6.25,386.6,2026-02-13 17:11:43-08:00,369.04999999999995,306.44999999999993,72.9,0.48,0.48,True
610.06,2.0,8.0,2026-02-14 01:21:47,37.0853,-121.5993,286.0,9.3,250.0,-12.6,0.0,0.0,0.0,0.0,0.0,10.3,-1.0,236.4,0.0,138.0,-4.2,0.01,0.9,0.0,-7.0,0.0,30.11,372.0,0.0,0.0,326.0,0.0,0.0,0.0,0.0,0.0,0.0,0.0,0.0,0.0,0.0,0.0,0.0,7.0,0.0,0.0,2.0,0.0,0.0,0.0,0.0,1.0,0.0,0.0,1200.0,54.0,845.0,845.0,13.8,1.6,0.0,1.6,34.9,0.0,0.0,35.4,0.0,0.0,11.0,1.5,0.7,12.0,0.0,0.0,34.9,-7.0,0.0,0.0,0.0,0.654,0.791,53.8,0.0,0.0,0.0,,0.0,845.0,62.6,134.6,0.0,0.0,0.0,0.0,361.4,1209.2,363.2,1232.6,375.8,1169.6,375.8,1200.2,0.0,0.0,135.5,369.05,338.45,104.9,0.5014444444444444,5678.922333333333,5.8125,386.6,2026-02-13 17:11:43-08:00,369.04999999999995,306.44999999999993,72.9,0.48,0.48,True
611.06,2.0,8.0,2026-02-14 01:21:48,37.08529,-121.59935,285.0,8.6,248.5,-12.6,0.0,0.0,0.0,0.0,0.0,10.3,-1.5,234.1,0.0,138.0,-2.6,-0.01,1.0,0.0,28.0,0.0,30.11,372.0,0.0,0.0,326.0,0.0,0.0,0.0,0.0,0.0,0.0,0.0,0.0,0.0,0.0,0.0,0.0,7.0,0.0,0.0,2.0,0.0,0.0,0.0,0.0,1.0,0.0,0.0,1200.0,54.0,854.0,854.0,13.8,1.6,0.0,1.6,34.8,0.0,0.0,35.4,0.0,0.0,11.2,1.5,0.7,12.0,0.0,0.0,34.8,-7.0,0.0,0.0,0.0,0.654,0.791,54.2,0.0,0.0,0.0,,0.0,854.0,62.6,134.6,0.0,0.0,0.0,0.0,361.4,1207.4,363.2,1232.6,375.8,1166.0,375.8,1198.4,0.0,0.0,135.5,369.05,338.45,104.9,0.5018888888888888,5694.018,5.374999999999999,386.6,2026-02-13 17:11:43-08:00,369.04999999999995,306.44999999999993,72.9,0.48,0.48,True
612.06,2.0,8.0,2026-02-14 01:21:49,37.08527,-121.5994,285.0,8.0,246.9,-12.6,0.0,0.0,0.0,0.0,0.0,10.4,-1.4,232.5,0.0,138.0,-1.7,-0.01,1.1,0.0,25.0,0.0,30.11,372.0,0.0,0.0,326.0,0.0,0.0,0.0,0.0,0.0,0.0,0.0,0.0,0.0,0.0,0.0,0.0,7.0,0.0,0.0,2.0,0.0,0.0,0.0,0.0,1.0,0.0,0.0,1200.0,54.0,853.0,853.0,13.8,1.5,0.0,1.5,34.7,0.0,0.0,35.4,0.0,0.0,11.8,1.5,0.7,12.0,0.0,0.0,34.7,-7.0,0.0,0.0,0.0,0.66,0.791,54.2,0.0,0.0,0.0,,0.0,853.0,62.6,136.4,0.0,0.0,0.0,0.0,361.4,1205.6,363.2,1230.8,375.8,1164.2,375.8,1193.0,0.0,0.0,135.5,369.05,338.45,104.9,0.5023194444444444,5708.017333333333,5.333333333333333,386.6,2026-02-13 17:11:43-08:00,369.04999999999995,306.44999999999993,72.9,0.48,0.48,True
613.06,2.0,8.0,2026-02-14 01:21:50,37.08526,-121.59944,285.0,7.4,246.4,-12.6,0.0,0.0,0.0,0.0,0.0,10.6,-1.4,231.7,0.0,138.0,-0.8,-0.02,0.9,0.0,66.0,0.0,30.11,372.0,0.0,0.0,326.0,0.0,0.0,0.0,0.0,0.0,0.0,0.0,0.0,0.0,0.0,0.0,0.0,7.0,0.0,0.0,2.0,0.0,0.0,0.0,0.0,1.0,0.0,0.0,1200.0,54.0,847.0,847.0,13.9,1.5,0.0,1.5,34.7,0.0,0.0,35.4,0.0,0.0,12.3,1.5,0.7,12.0,0.0,0.0,34.7,-7.0,0.0,0.0,0.0,0.66,0.791,54.0,0.0,0.0,0.0,,0.0,847.0,62.6,136.4,0.0,0.0,0.0,0.0,361.4,1205.6,363.2,1230.8,375.8,1162.4,375.8,1189.4,0.0,0.0,135.68,369.05,338.45,105.08,0.502736111111111,5721.004666666667,4.933333333333334,386.6,2026-02-13 17:11:43-08:00,369.04999999999995,306.44999999999993,73.08000000000001,0.48,0.48,True
614.06,2.0,8.0,2026-02-14 01:21:51,37.08525,-121.59947,285.0,6.8,246.0,-12.6,0.0,0.0,0.0,0.0,0.0,10.7,-1.5,230.0,0.0,139.0,-0.5,-0.03,0.9,0.0,1.0,0.0,30.11,373.0,0.0,0.0,326.0,0.0,0.0,0.0,0.0,0.0,0.0,0.0,0.0,0.0,0.0,0.0,0.0,7.0,0.0,0.0,2.0,0.0,0.0,0.0,0.0,1.0,0.0,0.0,1200.0,54.0,829.0,829.0,14.0,1.5,0.0,1.5,34.6,0.0,0.0,35.4,0.0,0.0,12.4,1.5,0.7,12.0,0.0,0.0,34.6,-7.0,0.0,0.0,0.0,0.654,0.791,53.6,0.0,0.0,0.0,,0.0,829.0,62.6,136.4,0.0,0.0,0.0,0.0,361.4,1205.6,361.4,1230.8,375.8,1158.8,375.8,1187.6,0.0,0.0,136.04,368.6,338.0,105.44,0.5031527777777778,5732.98,4.533333333333333,386.6,2026-02-13 17:11:43-08:00,368.6,306.0,73.44,0.48,0.48,True
615.06,2.0,8.0,2026-02-14 01:21:52,37.08524,-121.59951,284.0,6.1,246.1,-12.6,0.0,0.0,0.0,0.0,0.0,10.8,-1.3,228.8,0.0,139.0,-0.5,-0.02,1.0,0.0,-1.0,0.0,30.11,373.0,0.0,0.0,326.0,0.0,0.0,0.0,0.0,0.0,0.0,0.0,0.0,0.0,0.0,0.0,0.0,7.0,0.0,0.0,2.0,0.0,0.0,0.0,0.0,1.0,0.0,0.0,1200.0,54.0,924.0,924.0,14.7,1.6,0.0,1.6,34.2,0.0,0.0,35.4,0.0,0.0,11.7,1.5,0.7,12.0,0.0,0.0,34.2,-7.0,0.0,0.0,0.0,0.654,0.791,54.3,0.0,0.0,0.0,,0.0,924.0,62.6,136.4,0.0,0.0,0.0,0.0,361.4,1203.8,361.4,1230.8,375.8,1158.8,375.8,1184.0,0.0,0.0,135.86,368.6,338.0,105.26,0.5035833333333333,5743.8589999999995,3.8124999999999996,386.6,2026-02-13 17:11:43-08:00,368.6,306.0,73.26000000000002,0.48,0.48,True
616.06,2.0,8.0,2026-02-14 01:21:53,37.08522,-121.59954,285.0,6.6,245.9,-12.6,0.0,0.0,0.0,0.0,0.0,11.3,-1.2,228.2,0.0,139.0,-0.4,-0.02,1.0,0.0,73.0,0.0,30.11,374.0,0.0,0.0,326.0,0.0,0.0,0.0,0.0,0.0,0.0,0.0,0.0,0.0,0.0,0.0,0.0,7.0,0.0,0.0,1.0,0.0,0.0,0.0,0.0,1.0,0.0,0.0,1200.0,65.0,1337.0,1337.0,16.0,2.0,0.0,2.0,33.8,0.0,0.0,35.4,0.0,0.0,11.2,1.5,0.7,12.0,0.0,0.0,33.8,-7.0,0.0,0.0,0.0,0.654,0.791,64.9,0.0,0.0,0.0,,0.0,1337.0,62.6,136.4,0.0,0.0,0.0,0.0,359.6,1207.4,361.4,1229.0,375.8,1166.0,375.8,1189.4,0.0,0.0,135.68,368.15,337.55,105.08,0.5040833333333333,5754.569333333333,3.3,386.6,2026-02-13 17:11:43-08:00,368.15,305.54999999999995,73.08000000000001,0.48,0.48,True
617.06,2.0,8.0,2026-02-14 01:21:54,37.08521,-121.59958,286.0,7.0,244.6,-12.6,0.0,0.0,0.0,0.0,0.0,11.5,-1.1,227.8,0.0,141.0,-0.5,-0.02,1.1,0.0,86.0,0.0,30.11,376.0,0.0,0.0,326.0,0.0,0.0,0.0,0.0,0.0,0.0,0.0,0.0,0.0,0.0,0.0,0.0,7.0,0.0,0.0,0.0,0.0,0.0,0.0,0.0,1.0,0.0,0.0,1200.0,65.0,1295.0,1295.0,14.8,2.3,0.0,2.3,34.0,0.0,0.0,35.4,0.0,0.0,11.1,1.5,0.7,12.0,0.0,0.0,34.0,-7.0,0.0,0.0,0.0,0.654,0.791,64.5,0.0,0.0,0.0,,0.0,1295.0,62.6,136.4,0.0,0.0,0.0,0.0,359.6,1214.6,361.4,1234.4,375.8,1175.0,375.8,1200.2,0.0,0.0,135.86,368.15,337.55,105.26,0.5046805555555555,5766.038666666666,3.0434782608695654,386.6,2026-02-13 17:11:43-08:00,368.15,305.54999999999995,73.26000000000002,0.48,0.48,True
618.06,2.0,8.0,2026-02-14 01:21:55,37.08519,-121.59962,286.0,6.9,250.4,-12.6,0.0,0.0,0.0,0.0,0.0,11.3,-1.5,221.3,0.0,142.0,-3.4,-0.04,0.8,0.0,52.0,0.0,30.11,377.0,0.0,0.0,326.0,0.0,0.0,0.0,0.0,0.0,0.0,0.0,0.0,0.0,0.0,0.0,0.0,7.0,0.0,0.0,0.0,0.0,0.0,0.0,0.0,1.0,0.0,0.0,1200.0,64.0,1241.0,1241.0,14.1,2.5,0.0,2.5,34.3,0.0,0.0,35.4,0.0,0.0,11.1,1.5,0.7,12.0,0.0,0.0,34.3,-7.0,0.0,0.0,0.0,0.656,0.791,63.7,0.0,0.0,0.0,,0.0,1241.0,62.6,136.4,0.0,0.0,0.0,0.0,361.4,1220.0,361.4,1236.2,375.8,1184.0,375.8,1214.6,0.0,0.0,136.04,368.6,338.0,105.44,0.5053472222222222,5777.7609999999995,2.7600000000000002,386.6,2026-02-13 17:11:43-08:00,368.6,306.0,73.44,0.48,0.48,True
619.06,2.0,8.0,2026-02-14 01:21:56,37.08518,-121.59966,286.0,7.1,237.9,-12.6,0.0,0.0,0.0,0.0,0.0,11.1,-1.1,205.7,0.0,142.0,-10.5,0.07,1.0,0.0,0.0,0.0,30.11,377.0,0.0,0.0,326.0,0.0,0.0,0.0,0.0,0.0,0.0,0.0,0.0,0.0,0.0,0.0,0.0,7.0,0.0,0.0,0.0,0.0,0.0,0.0,0.0,1.0,0.0,0.0,1200.0,63.0,1214.0,1214.0,14.0,2.6,0.0,2.6,34.3,0.0,0.0,35.4,0.0,0.0,11.2,1.5,0.7,12.0,0.0,0.0,34.3,-7.0,0.0,0.0,0.0,0.654,0.791,62.9,0.0,0.0,0.0,,0.0,1214.0,62.6,136.4,0.0,0.0,0.0,0.0,361.4,1223.6,363.2,1239.8,375.8,1193.0,375.8,1221.8,0.0,0.0,136.57999999999998,369.05,338.45,105.98,0.5060555555555555,5789.567666666666,2.7307692307692304,386.6,2026-02-13 17:11:43-08:00,369.04999999999995,306.44999999999993,73.97999999999999,0.48,0.48,True
620.06,2.0,8.0,2026-02-14 01:21:57,37.08516,-121.59969,286.0,7.0,222.3,-12.6,0.0,0.0,0.0,0.0,0.0,11.0,-1.1,191.7,0.0,142.0,-12.7,0.08,1.0,0.0,18.0,0.0,30.11,377.0,0.0,0.0,326.0,0.0,0.0,0.0,0.0,0.0,0.0,0.0,0.0,0.0,0.0,0.0,0.0,7.0,0.0,0.0,0.0,0.0,0.0,0.0,0.0,1.0,0.0,0.0,1200.0,63.0,1212.0,1212.0,13.9,2.6,0.0,2.6,34.2,0.0,0.0,35.4,0.0,0.0,10.9,1.5,0.7,12.0,0.0,0.0,34.2,-7.0,0.0,0.0,0.0,0.654,0.791,62.6,0.0,0.0,0.0,,0.0,1212.0,62.6,136.4,0.0,0.0,0.0,0.0,361.4,1225.4,363.2,1243.4,375.8,1196.6,375.8,1225.4,0.0,0.0,136.57999999999998,369.05,338.45,105.98,0.5067777777777778,5801.458666666666,2.692307692307692,386.6,2026-02-13 17:11:43-08:00,369.04999999999995,306.44999999999993,73.97999999999999,0.48,0.48,True
621.06,2.0,8.0,2026-02-14 01:21:58,37.08513,-121.59971,286.0,7.3,208.6,-12.6,0.0,0.0,0.0,0.0,0.0,10.8,-1.5,179.4,0.0,142.0,-12.4,0.06,1.0,0.0,-22.0,0.0,30.11,386.0,0.0,0.0,326.0,0.0,0.0,0.0,0.0,0.0,0.0,0.0,0.0,0.0,0.0,0.0,0.0,7.0,0.0,0.0,0.0,0.0,0.0,0.0,0.0,1.0,0.0,0.0,1200.0,62.0,1197.0,1197.0,13.9,2.7,0.0,2.7,34.4,0.0,0.0,35.4,0.0,0.0,10.8,1.5,0.7,12.0,0.0,0.0,34.4,-7.0,0.0,0.0,0.0,0.654,0.791,62.2,0.0,0.0,0.0,,0.0,1197.0,62.6,136.4,0.0,0.0,0.0,0.0,361.4,1229.0,363.2,1243.4,375.8,1200.2,375.8,1229.0,0.0,0.0,136.4,369.05,338.45,105.8,0.5075138888888888,5813.518333333333,2.7037037037037033,386.6,2026-02-13 17:11:43-08:00,369.04999999999995,306.44999999999993,73.80000000000001,0.48,0.48,True
622.06,2.0,8.0,2026-02-14 01:21:59,37.0851,-121.59972,285.0,7.4,196.5,-12.6,0.0,0.0,0.0,0.0,0.0,10.9,-1.4,168.6,0.0,142.0,-11.2,0.04,0.9,0.0,20.0,0.0,30.11,386.0,0.0,0.0,326.0,0.0,0.0,0.0,0.0,0.0,0.0,0.0,0.0,0.0,0.0,0.0,0.0,7.0,0.0,0.0,0.0,0.0,0.0,0.0,0.0,1.0,0.0,0.0,1200.0,62.0,1208.0,1208.0,13.9,2.7,0.0,2.7,34.3,0.0,0.0,35.4,0.0,0.0,10.9,1.5,0.7,12.0,0.0,0.0,34.3,-7.0,0.0,0.0,0.0,0.656,0.791,62.5,0.0,0.0,0.0,,0.0,1208.0,62.6,136.4,0.0,0.0,0.0,0.0,361.4,1230.8,363.2,1245.2,375.8,1200.2,375.8,1232.6,0.0,0.0,136.57999999999998,369.05,338.45,105.98,0.5082638888888888,5825.915333333333,2.7407407407407405,386.6,2026-02-13 17:11:43-08:00,369.04999999999995,306.44999999999993,73.97999999999999,0.48,0.48,True
623.06,2.0,8.0,2026-02-14 01:22:00,37.08507,-121.59973,283.0,7.5,187.4,-12.6,0.0,0.0,0.0,0.0,0.0,11.0,-1.9,158.1,0.0,142.0,-10.5,0.04,1.0,0.0,0.0,0.0,30.11,386.0,0.0,0.0,326.0,0.0,0.0,0.0,0.0,0.0,0.0,0.0,0.0,0.0,0.0,0.0,0.0,7.0,0.0,0.0,0.0,0.0,0.0,0.0,0.0,1.0,0.0,0.0,1200.0,63.0,1213.0,1213.0,13.8,2.7,0.0,2.7,34.4,0.0,0.0,35.4,0.0,0.0,11.1,1.5,0.7,12.0,0.0,0.0,34.4,-7.0,0.0,0.0,0.0,0.654,0.791,62.6,0.0,0.0,0.0,,0.0,1213.0,62.6,136.4,0.0,0.0,0.0,0.0,361.4,1232.6,363.2,1243.4,375.8,1202.0,375.8,1236.2,0.0,0.0,136.76000000000002,369.05,338.45,106.16,0.5090138888888889,5838.481,2.7777777777777777,386.6,2026-02-13 17:11:43-08:00,369.04999999999995,306.44999999999993,74.16000000000003,0.48,0.48,True
624.06,2.0,8.0,2026-02-14 01:22:01,37.08504,-121.59973,284.0,7.6,176.1,-12.6,0.0,0.0,0.0,0.0,0.0,11.0,-2.1,148.2,0.0,142.0,-10.0,0.04,0.9,0.0,22.0,0.0,30.11,387.0,0.0,0.0,326.0,0.0,0.0,0.0,0.0,0.0,0.0,0.0,0.0,0.0,0.0,0.0,0.0,7.0,0.0,0.0,0.0,0.0,0.0,0.0,0.0,1.0,0.0,0.0,1200.0,62.0,1190.0,1190.0,13.8,2.8,0.0,2.8,34.4,0.0,0.0,35.4,0.0,0.0,11.1,1.5,0.7,12.0,0.0,0.0,34.4,-7.0,0.0,0.0,0.0,0.656,0.791,62.1,0.0,0.0,0.0,,0.0,1190.0,62.6,136.4,0.0,0.0,0.0,0.0,361.4,1234.4,363.2,1245.2,375.8,1203.8,375.8,1236.2,0.0,0.0,137.12,369.05,338.45,106.52,0.5097777777777778,5851.215333333333,2.7142857142857144,386.6,2026-02-13 17:11:43-08:00,369.04999999999995,306.44999999999993,74.52000000000001,0.48,0.48,True
625.06,2.0,8.0,2026-02-14 01:22:02,37.085,-121.59972,284.0,8.2,166.4,-12.6,0.0,0.0,0.0,0.0,0.0,10.7,-1.8,140.5,0.0,142.0,-8.6,0.03,1.0,0.0,32.0,0.0,30.11,386.0,0.0,0.0,326.0,0.0,0.0,0.0,0.0,0.0,0.0,0.0,0.0,0.0,0.0,0.0,0.0,7.0,0.0,0.0,-1.0,0.0,0.0,0.0,0.0,1.0,0.0,0.0,1200.0,65.0,1330.0,1330.0,14.8,2.9,0.0,2.9,34.1,0.0,0.0,35.4,0.0,0.0,11.0,1.5,0.7,12.0,0.0,0.0,34.1,-7.0,0.0,0.0,0.0,0.654,0.791,65.5,0.0,0.0,0.0,,0.0,1330.0,62.6,136.4,0.0,0.0,0.0,0.0,361.4,1236.2,363.2,1245.2,375.8,1209.2,375.8,1239.8,0.0,0.0,137.3,369.05,338.45,106.7,0.5105694444444444,5864.54,2.8275862068965516,386.6,2026-02-13 17:11:43-08:00,369.04999999999995,306.44999999999993,74.70000000000002,0.48,0.48,True
626.06,2.0,8.0,2026-02-14 01:22:03,37.08496,-121.59971,284.0,8.8,158.0,-12.6,0.0,0.0,0.0,0.0,0.0,10.7,-1.4,136.2,0.0,142.0,-6.2,0.02,1.0,0.0,18.0,0.0,30.11,386.0,0.0,0.0,326.0,0.0,0.0,0.0,0.0,0.0,0.0,0.0,0.0,0.0,0.0,0.0,0.0,7.0,0.0,0.0,-2.0,0.0,0.0,0.0,0.0,1.0,0.0,0.0,1200.0,65.0,1309.0,1309.0,14.7,3.0,0.0,3.0,34.1,0.0,0.0,35.4,0.0,0.0,10.9,1.5,0.7,12.0,0.0,0.0,34.1,-7.0,0.0,0.0,0.0,0.656,0.791,64.8,0.0,0.0,0.0,,0.0,1309.0,62.6,136.4,0.0,0.0,0.0,0.0,361.4,1239.8,363.2,1247.0,375.8,1212.8,375.8,1245.2,0.0,0.0,137.12,369.05,338.45,106.52,0.5113888888888889,5878.876666666666,2.9333333333333336,386.6,2026-02-13 17:11:43-08:00,369.04999999999995,306.44999999999993,74.52000000000001,0.48,0.48,True
627.06,2.0,8.0,2026-02-14 01:22:04,37.08494,-121.59968,310.0,9.3,155.2,-12.6,0.0,0.0,0.0,0.0,0.0,11.0,-1.3,135.1,0.0,143.0,-3.2,-0.01,1.0,0.0,22.0,0.0,30.11,386.0,0.0,0.0,326.0,0.0,0.0,0.0,0.0,0.0,0.0,0.0,0.0,0.0,0.0,0.0,0.0,7.0,0.0,0.0,-3.0,0.0,0.0,0.0,0.0,1.0,0.0,0.0,1200.0,65.0,1303.0,1303.0,14.6,3.0,0.0,3.0,34.1,0.0,0.0,35.4,0.0,0.0,11.0,1.5,0.7,12.0,0.0,0.0,34.1,-7.0,0.0,0.0,0.0,0.654,0.791,64.8,0.0,0.0,0.0,,0.0,1303.0,62.6,136.4,0.0,0.0,0.0,0.0,361.4,1243.4,363.2,1248.8,375.8,1218.2,375.8,1250.6,0.0,0.0,137.3,369.05,338.45,106.7,0.5122222222222221,5894.141,3.1,386.6,2026-02-13 17:11:43-08:00,369.04999999999995,306.44999999999993,74.70000000000002,0.48,0.48,True
628.06,2.0,8.0,2026-02-14 01:22:05,37.0849,-121.59966,311.0,9.8,155.1,-12.6,0.0,0.0,0.0,0.0,0.0,10.9,-1.0,135.8,0.0,143.0,-0.8,-0.03,1.0,0.0,4.0,0.0,30.11,388.0,0.0,0.0,326.0,0.0,0.0,0.0,0.0,0.0,0.0,0.0,0.0,0.0,0.0,0.0,0.0,7.0,0.0,0.0,-4.0,0.0,0.0,0.0,0.0,1.0,0.0,0.0,1200.0,64.0,1275.0,1275.0,14.5,3.1,0.0,3.1,34.2,0.0,0.0,35.4,0.0,0.0,11.1,1.5,0.7,12.0,0.0,0.0,34.2,-7.0,0.0,0.0,0.0,0.653,0.791,64.2,0.0,0.0,0.0,,0.0,1275.0,62.6,138.2,0.0,0.0,0.0,0.0,361.4,1245.2,363.2,1250.6,375.8,1221.8,375.8,1254.2,0.0,0.0,137.3,369.05,338.45,106.7,0.5130694444444444,5910.248666666666,3.1612903225806455,386.6,2026-02-13 17:11:43-08:00,369.04999999999995,306.44999999999993,74.70000000000002,0.48,0.48,True
629.06,2.0,8.0,2026-02-14 01:22:06,37.08486,-121.59963,311.0,10.2,156.2,-12.6,0.0,0.0,0.0,0.0,0.0,10.8,-1.0,136.5,0.0,143.0,0.2,-0.03,0.9,0.0,-18.0,0.0,30.11,388.0,0.0,0.0,326.0,0.0,0.0,0.0,0.0,0.0,0.0,0.0,0.0,0.0,0.0,0.0,0.0,4.0,0.0,0.0,0.0,0.0,0.0,0.0,0.0,1.0,0.0,0.0,1200.0,64.0,1258.0,1258.0,14.3,3.1,0.0,3.1,34.1,0.0,0.0,35.4,0.0,0.0,11.1,1.6,0.7,12.0,0.0,0.0,34.1,-7.0,0.0,0.0,0.0,0.656,0.791,63.8,0.0,0.0,0.0,,0.0,1258.0,62.6,138.2,0.0,0.0,0.0,0.0,361.4,1245.2,363.2,1252.4,375.8,1225.4,375.8,1256.0,0.0,0.0,137.83999999999995,369.05,338.45,107.24,0.5139305555555556,5927.115333333333,3.290322580645161,386.6,2026-02-13 17:11:43-08:00,369.04999999999995,306.44999999999993,75.23999999999995,0.48,0.48,True
630.06,2.0,8.0,2026-02-14 01:22:07,37.08481,-121.59961,311.0,10.6,156.7,-12.6,0.0,0.0,0.0,0.0,0.0,10.7,-1.1,136.7,0.0,143.0,0.3,-0.03,1.1,0.0,0.0,0.0,30.11,387.0,0.0,0.0,326.0,0.0,0.0,0.0,0.0,0.0,0.0,0.0,0.0,0.0,0.0,0.0,0.0,4.0,0.0,0.0,-2.0,0.0,0.0,0.0,0.0,1.0,0.0,0.0,1200.0,63.0,1245.0,1245.0,14.3,3.1,0.0,3.1,34.2,0.0,0.0,35.4,0.0,0.0,11.0,1.6,0.7,12.0,0.0,0.0,34.2,-7.0,0.0,0.0,0.0,0.657,0.791,63.3,0.0,0.0,0.0,,0.0,1245.0,62.6,138.2,0.0,0.0,0.0,0.0,361.4,1245.2,363.2,1256.0,375.8,1225.4,375.8,1257.8,0.0,0.0,138.02,369.05,338.45,107.42,0.5147916666666666,5944.656666666667,3.419354838709677,386.6,2026-02-13 17:11:43-08:00,369.04999999999995,306.44999999999993,75.42000000000002,0.48,0.48,True
631.06,2.0,8.0,2026-02-14 01:22:08,37.08477,-121.59959,311.0,10.8,156.9,-12.6,0.0,0.0,0.0,0.0,0.0,10.8,-1.1,136.6,0.0,143.0,0.2,-0.02,0.8,0.0,-12.0,0.0,30.11,387.0,0.0,0.0,326.0,0.0,0.0,0.0,0.0,0.0,0.0,0.0,0.0,0.0,0.0,0.0,0.0,4.0,0.0,0.0,-2.0,0.0,0.0,0.0,0.0,1.0,0.0,0.0,1200.0,63.0,1241.0,1241.0,14.1,3.0,0.0,3.0,34.1,0.0,0.0,35.4,0.0,0.0,10.9,1.6,0.7,12.0,0.0,0.0,34.1,-7.0,0.0,0.0,0.0,0.656,0.791,63.3,0.0,0.0,0.0,,0.0,1241.0,62.6,138.2,0.0,0.0,0.0,0.0,361.4,1245.2,363.2,1256.0,375.8,1225.4,375.8,1257.8,0.0,0.0,137.83999999999995,369.05,338.45,107.24,0.5156388888888889,5962.704,3.6,386.6,2026-02-13 17:11:43-08:00,369.04999999999995,306.44999999999993,75.23999999999995,0.48,0.48,True
632.06,2.0,8.0,2026-02-14 01:22:09,37.08472,-121.59956,312.0,11.0,157.5,-12.6,0.0,0.0,0.0,0.0,0.0,11.0,-0.9,136.7,0.0,143.0,0.2,-0.02,1.0,0.0,-18.0,0.0,30.11,387.0,0.0,0.0,326.0,0.0,0.0,0.0,0.0,0.0,0.0,0.0,0.0,0.0,0.0,0.0,0.0,5.0,0.0,0.0,-2.0,0.0,0.0,0.0,0.0,1.0,0.0,0.0,1200.0,63.0,1240.0,1240.0,14.1,3.0,0.0,3.0,34.3,0.0,0.0,35.4,0.0,0.0,10.9,1.6,0.7,12.0,0.0,0.0,34.3,-7.0,0.0,0.0,0.0,0.656,0.791,63.3,0.0,0.0,0.0,,0.0,1240.0,62.6,138.2,0.0,0.0,0.0,0.0,363.2,1245.2,363.2,1256.0,375.8,1225.4,375.8,1259.6,0.0,0.0,137.83999999999995,369.5,338.9,107.24,0.5164722222222222,5981.0886666666665,3.6666666666666665,386.6,2026-02-13 17:11:43-08:00,369.5,306.9,75.23999999999995,0.48,0.48,True
633.06,2.0,8.0,2026-02-14 01:22:10,37.08467,-121.59954,312.0,11.1,157.7,-12.6,0.0,0.0,0.0,0.0,0.0,10.8,-0.8,136.5,0.0,143.0,-0.0,-0.01,1.0,0.0,-16.0,0.0,30.11,388.0,0.0,0.0,326.0,0.0,0.0,0.0,0.0,0.0,0.0,0.0,0.0,0.0,0.0,0.0,0.0,5.0,0.0,0.0,-2.0,0.0,0.0,0.0,0.0,1.0,0.0,0.0,1200.0,63.0,1231.0,1231.0,14.0,3.0,0.0,3.0,34.4,0.0,0.0,35.4,0.0,0.0,11.0,1.6,0.7,12.0,0.0,0.0,34.4,-7.0,0.0,0.0,0.0,0.654,0.791,63.1,0.0,0.0,0.0,,0.0,1231.0,62.6,138.2,0.0,0.0,0.0,0.0,361.4,1243.4,363.2,1257.8,375.8,1223.6,375.8,1259.6,0.0,0.0,138.02,369.05,338.45,107.42,0.5173055555555555,5999.726333333333,3.6999999999999997,386.6,2026-02-13 17:11:43-08:00,369.04999999999995,306.44999999999993,75.42000000000002,0.48,0.48,True
634.06,2.0,8.0,2026-02-14 01:22:11,37.08463,-121.59952,311.0,11.1,157.6,-12.6,0.0,0.0,0.0,0.0,0.0,10.8,-1.2,135.8,0.0,143.0,-0.4,-0.02,1.0,0.0,9.0,0.0,30.11,388.0,0.0,0.0,326.0,0.0,0.0,0.0,0.0,0.0,0.0,0.0,0.0,0.0,0.0,0.0,0.0,5.0,0.0,0.0,-3.0,0.0,0.0,0.0,0.0,1.0,0.0,0.0,1200.0,63.0,1232.0,1232.0,14.1,3.0,0.0,3.0,34.3,0.0,0.0,35.4,0.0,0.0,11.2,1.6,0.7,12.0,0.0,0.0,34.3,-7.0,0.0,0.0,0.0,0.654,0.791,63.0,0.0,0.0,0.0,,0.0,1232.0,62.6,138.2,0.0,0.0,0.0,0.0,361.4,1245.2,363.2,1257.8,375.8,1223.6,375.8,1261.4,0.0,0.0,138.38,369.05,338.45,107.78,0.5181388888888888,6018.448333333333,3.6999999999999997,386.6,2026-02-13 17:11:43-08:00,369.04999999999995,306.44999999999993,75.78,0.48,0.48,True
635.06,2.0,8.0,2026-02-14 01:22:12,37.08458,-121.59949,311.0,11.1,155.9,-12.6,0.0,0.0,0.0,0.0,0.0,10.7,-1.2,134.7,0.0,143.0,-0.9,-0.01,1.0,0.0,3.0,0.0,30.11,388.0,0.0,0.0,326.0,0.0,0.0,0.0,0.0,0.0,0.0,0.0,0.0,0.0,0.0,0.0,0.0,5.0,0.0,0.0,-3.0,0.0,0.0,0.0,0.0,1.0,0.0,0.0,1200.0,63.0,1233.0,1233.0,14.1,3.0,0.0,3.0,34.3,0.0,0.0,35.4,0.0,0.0,11.0,1.6,0.7,12.0,0.0,0.0,34.3,-7.0,0.0,0.0,0.0,0.654,0.791,63.0,0.0,0.0,0.0,,0.0,1233.0,62.6,138.2,0.0,0.0,0.0,0.0,361.4,1245.2,363.2,1259.6,375.8,1223.6,375.8,1259.6,0.0,0.0,138.73999999999998,369.05,338.45,108.14,0.5189722222222222,6037.170333333333,3.6999999999999997,386.6,2026-02-13 17:11:43-08:00,369.04999999999995,306.44999999999993,76.13999999999999,0.48,0.48,True
636.06,2.0,8.0,2026-02-14 01:22:13,37.08454,-121.59947,311.0,11.3,155.3,-12.6,0.0,0.0,0.0,0.0,0.0,10.9,-1.2,134.1,0.0,143.0,-0.8,-0.01,1.0,0.0,-2.0,0.0,30.11,388.0,0.0,0.0,326.0,0.0,0.0,0.0,0.0,0.0,0.0,0.0,0.0,0.0,0.0,0.0,0.0,5.0,0.0,0.0,2.0,0.0,0.0,0.0,0.0,1.0,0.0,0.0,1200.0,63.0,1230.0,1230.0,14.0,3.0,0.0,3.0,34.3,0.0,0.0,35.4,0.0,0.0,10.8,1.6,0.7,12.0,0.0,0.0,34.3,-7.0,0.0,0.0,0.0,0.654,0.791,62.9,0.0,0.0,0.0,,0.0,1230.0,62.6,138.2,0.0,0.0,0.0,0.0,361.4,1247.0,363.2,1257.8,375.8,1223.6,375.8,1261.4,0.0,0.0,138.56,369.05,338.45,107.96,0.5198055555555555,6056.061,3.766666666666667,386.6,2026-02-13 17:11:43-08:00,369.04999999999995,306.44999999999993,75.96000000000001,0.48,0.48,True
637.06,2.0,8.0,2026-02-14 01:22:14,37.08449,-121.59944,310.0,11.4,154.7,-12.6,0.0,0.0,0.0,0.0,0.0,11.0,-1.3,133.7,0.0,143.0,-0.6,-0.01,0.9,0.0,-8.0,0.0,30.11,388.0,0.0,0.0,326.0,0.0,0.0,0.0,0.0,0.0,0.0,0.0,0.0,0.0,0.0,0.0,0.0,5.0,0.0,0.0,1.0,0.0,0.0,0.0,0.0,1.0,0.0,0.0,1200.0,63.0,1232.0,1232.0,14.0,3.0,0.0,3.0,34.4,0.0,0.0,35.4,0.0,0.0,10.9,1.6,0.7,12.0,0.0,0.0,34.4,-7.0,0.0,0.0,0.0,0.654,0.791,63.1,0.0,0.0,0.0,,0.0,1232.0,62.6,138.2,0.0,0.0,0.0,0.0,361.4,1245.2,363.2,1257.8,375.8,1225.4,375.8,1261.4,0.0,0.0,138.56,369.05,338.45,107.96,0.5206388888888889,6075.2046666666665,3.8000000000000003,386.6,2026-02-13 17:11:43-08:00,369.04999999999995,306.44999999999993,75.96000000000001,0.48,0.48,True
638.06,2.0,8.0,2026-02-14 01:22:15,37.08444,-121.59941,310.0,11.6,154.5,-12.6,0.0,0.0,0.0,0.0,0.0,11.0,-1.2,133.7,0.0,143.0,-0.3,-0.02,1.0,0.0,8.0,0.0,30.11,388.0,0.0,0.0,326.0,0.0,0.0,0.0,0.0,0.0,0.0,0.0,0.0,0.0,0.0,0.0,0.0,5.0,0.0,0.0,1.0,0.0,0.0,0.0,0.0,1.0,0.0,0.0,1200.0,63.0,1233.0,1233.0,14.0,3.0,0.0,3.0,34.4,0.0,0.0,35.4,0.0,0.0,11.0,1.6,0.7,12.0,0.0,0.0,34.4,-7.0,0.0,0.0,0.0,0.659,0.791,62.9,0.0,0.0,0.0,,0.0,1233.0,62.6,138.2,0.0,0.0,0.0,0.0,363.2,1245.2,365.0,1259.6,375.8,1225.4,375.8,1259.6,0.0,0.0,138.92000000000002,369.95,339.35,108.32,0.5214722222222222,6094.601333333333,3.8666666666666667,386.6,2026-02-13 17:11:43-08:00,369.95,307.34999999999997,76.32000000000002,0.48,0.48,True
639.06,2.0,8.0,2026-02-14 01:22:16,37.08439,-121.59938,310.0,11.7,154.4,-12.6,0.0,0.0,0.0,0.0,0.0,10.9,-1.1,133.9,0.0,143.0,-0.0,-0.02,1.0,0.0,-17.0,0.0,30.11,388.0,0.0,0.0,326.0,0.0,0.0,0.0,0.0,0.0,0.0,0.0,0.0,0.0,0.0,0.0,0.0,5.0,0.0,0.0,1.0,0.0,0.0,0.0,0.0,1.0,0.0,0.0,1200.0,63.0,1244.0,1244.0,14.0,2.9,0.0,2.9,34.3,0.0,0.0,35.4,0.0,0.0,11.2,1.6,0.7,12.0,0.0,0.0,34.3,-7.0,0.0,0.0,0.0,0.657,0.791,63.1,0.0,0.0,0.0,,0.0,1244.0,62.6,140.0,0.0,0.0,0.0,0.0,363.2,1243.4,365.0,1259.6,375.8,1225.4,375.8,1259.6,0.0,0.0,139.28,369.95,339.35,108.68,0.5222916666666666,6114.250999999999,4.0344827586206895,386.6,2026-02-13 17:11:43-08:00,369.95,307.34999999999997,76.68,0.48,0.48,True
640.06,2.0,8.0,2026-02-14 01:22:17,37.08435,-121.59935,311.0,11.9,154.5,-12.6,0.0,0.0,0.0,0.0,0.0,11.0,-1.1,134.1,0.0,143.0,0.1,-0.02,1.0,0.0,-16.0,0.0,30.11,388.0,0.0,0.0,326.0,0.0,0.0,0.0,0.0,0.0,0.0,0.0,0.0,0.0,0.0,0.0,0.0,5.0,0.0,0.0,1.0,0.0,0.0,0.0,0.0,1.0,0.0,0.0,1200.0,63.0,1243.0,1243.0,13.9,2.9,0.0,2.9,34.3,0.0,0.0,35.4,0.0,0.0,11.1,1.6,0.7,12.0,0.0,0.0,34.3,-7.0,0.0,0.0,0.0,0.656,0.791,63.4,0.0,0.0,0.0,,0.0,1243.0,62.6,140.0,0.0,0.0,0.0,0.0,363.2,1245.2,365.0,1257.8,375.8,1227.2,375.8,1261.4,0.0,0.0,139.64,369.95,339.35,109.04,0.5230972222222222,6134.153666666666,4.103448275862069,386.6,2026-02-13 17:11:43-08:00,369.95,307.34999999999997,77.03999999999999,0.48,0.48,True
641.06,2.0,8.0,2026-02-14 01:22:18,37.08429,-121.59933,311.0,12.1,154.7,-12.6,0.0,0.0,0.0,0.0,0.0,11.1,-1.3,134.5,0.0,143.0,0.3,-0.02,1.0,0.0,-15.0,0.0,30.11,388.0,0.0,0.0,326.0,0.0,0.0,0.0,0.0,0.0,0.0,0.0,0.0,0.0,0.0,0.0,0.0,5.0,0.0,0.0,1.0,0.0,0.0,0.0,0.0,1.0,0.0,0.0,1200.0,63.0,1236.0,1236.0,13.8,2.9,0.0,2.9,34.3,0.0,0.0,35.4,0.0,0.0,10.8,1.6,0.7,12.0,0.0,0.0,34.3,-7.0,0.0,0.0,0.0,0.657,0.791,63.1,0.0,0.0,0.0,,0.0,1236.0,62.6,140.0,0.0,0.0,0.0,0.0,363.2,1245.2,365.0,1257.8,375.8,1225.4,375.8,1261.4,0.0,0.0,139.64,369.95,339.35,109.04,0.5239027777777777,6154.393666666666,4.172413793103448,386.6,2026-02-13 17:11:43-08:00,369.95,307.34999999999997,77.03999999999999,0.48,0.48,True
642.06,2.0,8.0,2026-02-14 01:22:19,37.08424,-121.5993,310.0,12.2,155.6,-12.6,0.0,0.0,0.0,0.0,0.0,11.0,-1.5,135.0,0.0,143.0,0.4,-0.03,0.9,0.0,-32.0,0.0,30.11,388.0,0.0,0.0,326.0,0.0,0.0,0.0,0.0,0.0,0.0,0.0,0.0,0.0,0.0,0.0,0.0,5.0,0.0,0.0,1.0,0.0,0.0,0.0,0.0,1.0,0.0,0.0,1200.0,63.0,1238.0,1238.0,13.9,2.9,0.0,2.9,34.2,0.0,0.0,35.4,0.0,0.0,10.9,1.6,0.7,12.0,0.0,0.0,34.2,-7.0,0.0,0.0,0.0,0.654,0.791,63.1,0.0,0.0,0.0,,0.0,1238.0,62.6,140.0,0.0,0.0,0.0,0.0,361.4,1245.2,363.2,1259.6,375.8,1227.2,375.8,1259.6,0.0,0.0,139.82,369.05,338.45,109.22,0.5247083333333333,6174.886666666666,4.206896551724138,386.6,2026-02-13 17:11:43-08:00,369.04999999999995,306.44999999999993,77.22,0.48,0.48,True
643.06,2.0,8.0,2026-02-14 01:22:20,37.08419,-121.59927,310.0,12.2,155.8,-12.6,0.0,0.0,0.0,0.0,0.0,11.1,-1.4,135.4,0.0,143.0,0.4,-0.02,1.0,0.0,-7.0,0.0,30.11,388.0,0.0,0.0,326.0,0.0,0.0,0.0,0.0,0.0,0.0,0.0,0.0,0.0,0.0,0.0,0.0,5.0,0.0,0.0,1.0,0.0,0.0,0.0,0.0,1.0,0.0,0.0,1200.0,63.0,1229.0,1229.0,13.9,2.9,0.0,2.9,34.3,0.0,0.0,35.4,0.0,0.0,11.0,1.6,0.7,12.0,0.0,0.0,34.3,-7.0,0.0,0.0,0.0,0.656,0.791,62.9,0.0,0.0,0.0,,0.0,1229.0,62.6,140.0,0.0,0.0,0.0,0.0,361.4,1245.2,363.2,1257.8,375.8,1229.0,375.8,1259.6,0.0,0.0,140.0,369.05,338.45,109.4,0.5255138888888888,6195.464,4.206896551724138,386.6,2026-02-13 17:11:43-08:00,369.04999999999995,306.44999999999993,77.4,0.48,0.48,True
644.06,2.0,8.0,2026-02-14 01:22:21,37.08414,-121.59924,310.0,12.2,156.6,-12.6,0.0,0.0,0.0,0.0,0.0,11.1,-1.3,135.6,0.0,143.0,0.3,-0.03,0.9,0.0,-41.0,0.0,30.11,388.0,0.0,0.0,326.0,0.0,0.0,0.0,0.0,0.0,0.0,0.0,0.0,0.0,0.0,0.0,0.0,5.0,0.0,0.0,1.0,0.0,0.0,0.0,0.0,1.0,0.0,0.0,1200.0,63.0,1239.0,1239.0,14.0,2.9,0.0,2.9,34.3,0.0,0.0,35.4,0.0,0.0,11.1,1.6,0.7,12.0,0.0,0.0,34.3,-7.0,0.0,0.0,0.0,0.654,0.791,63.2,0.0,0.0,0.0,,0.0,1239.0,62.6,140.0,0.0,0.0,0.0,0.0,361.4,1243.4,365.0,1256.0,375.8,1229.0,375.8,1259.6,0.0,0.0,140.18,369.5,338.9,109.58,0.5263194444444445,6216.041333333333,4.206896551724138,386.6,2026-02-13 17:11:43-08:00,369.5,306.9,77.58000000000001,0.48,0.48,True
645.06,2.0,8.0,2026-02-14 01:22:22,37.08409,-121.59921,310.0,12.2,156.5,-12.6,0.0,0.0,0.0,0.0,0.0,11.1,-1.3,135.7,0.0,143.0,0.1,-0.02,0.9,0.0,-44.0,0.0,30.11,388.0,0.0,0.0,326.0,0.0,0.0,0.0,0.0,0.0,0.0,0.0,0.0,0.0,0.0,0.0,0.0,5.0,0.0,0.0,0.0,0.0,0.0,0.0,0.0,1.0,0.0,0.0,1200.0,63.0,1241.0,1241.0,13.9,2.9,0.0,2.9,34.3,0.0,0.0,35.4,0.0,0.0,11.1,1.6,0.7,12.0,0.0,0.0,34.3,-7.0,0.0,0.0,0.0,0.656,0.791,63.1,0.0,0.0,0.0,,0.0,1241.0,62.6,140.0,0.0,0.0,0.0,0.0,361.4,1245.2,365.0,1256.0,375.8,1229.0,375.8,1259.6,0.0,0.0,140.54,369.5,338.9,109.94,0.527125,6236.618666666666,4.206896551724138,386.6,2026-02-13 17:11:43-08:00,369.5,306.9,77.94,0.48,0.48,True
646.06,2.0,8.0,2026-02-14 01:22:23,37.08403,-121.59918,309.0,12.2,156.8,-12.6,0.0,0.0,0.0,0.0,0.0,11.0,-1.5,135.6,0.0,143.0,0.0,-0.02,1.0,0.0,6.0,0.0,30.11,388.0,0.0,0.0,326.0,0.0,0.0,0.0,0.0,0.0,0.0,0.0,0.0,0.0,0.0,0.0,0.0,5.0,0.0,0.0,0.0,0.0,0.0,0.0,0.0,1.0,0.0,0.0,1200.0,63.0,1215.0,1215.0,13.9,2.9,0.0,2.9,34.3,0.0,0.0,35.4,0.0,0.0,10.8,1.6,0.7,12.0,0.0,0.0,34.3,-7.0,0.0,0.0,0.0,0.654,0.791,62.7,0.0,0.0,0.0,,0.0,1215.0,62.6,140.0,0.0,0.0,0.0,0.0,361.4,1245.2,365.0,1254.2,375.8,1230.8,375.8,1259.6,0.0,0.0,140.54,369.5,338.9,109.94,0.5279305555555555,6257.196,4.206896551724138,386.6,2026-02-13 17:11:43-08:00,369.5,306.9,77.94,0.48,0.48,True
647.06,2.0,8.0,2026-02-14 01:22:24,37.08398,-121.59915,309.0,12.2,156.6,-12.6,0.0,0.0,0.0,0.0,0.0,11.1,-1.3,135.7,0.0,143.0,0.0,-0.02,0.9,0.0,9.0,0.0,30.11,388.0,0.0,0.0,326.0,0.0,0.0,0.0,0.0,0.0,0.0,0.0,0.0,0.0,0.0,0.0,0.0,5.0,0.0,0.0,0.0,0.0,0.0,0.0,0.0,1.0,0.0,0.0,1200.0,62.0,1202.0,1202.0,13.8,2.9,0.0,2.9,34.3,0.0,0.0,35.4,0.0,0.0,10.9,1.6,0.7,12.0,0.0,0.0,34.3,-7.0,0.0,0.0,0.0,0.654,0.791,62.4,0.0,0.0,0.0,,0.0,1202.0,62.6,140.0,0.0,0.0,0.0,0.0,361.4,1245.2,365.0,1254.2,375.8,1229.0,375.8,1257.8,0.0,0.0,140.72,369.5,338.9,110.12,0.5287361111111111,6277.773333333333,4.206896551724138,386.6,2026-02-13 17:11:43-08:00,369.5,306.9,78.12,0.48,0.48,True
648.06,2.0,8.0,2026-02-14 01:22:25,37.08393,-121.59912,310.0,12.0,156.5,-12.6,0.0,0.0,0.0,0.0,0.0,11.1,-1.2,135.8,0.0,143.0,0.1,-0.02,1.0,0.0,-21.0,0.0,30.11,388.0,0.0,0.0,326.0,0.0,0.0,0.0,0.0,0.0,0.0,0.0,0.0,0.0,0.0,0.0,0.0,5.0,0.0,0.0,0.0,0.0,0.0,0.0,0.0,1.0,0.0,0.0,1200.0,62.0,1196.0,1196.0,13.8,2.9,0.0,2.9,34.3,0.0,0.0,35.4,0.0,0.0,11.0,1.6,0.7,12.0,0.0,0.0,34.3,-7.0,0.0,0.0,0.0,0.654,0.791,62.1,0.0,0.0,0.0,,0.0,1196.0,62.6,140.0,0.0,0.0,0.0,0.0,361.4,1245.2,365.0,1252.4,375.8,1227.2,375.8,1257.8,0.0,0.0,140.9,369.5,338.9,110.3,0.5295416666666666,6298.182,4.137931034482759,386.6,2026-02-13 17:11:43-08:00,369.5,306.9,78.30000000000001,0.48,0.48,True
649.06,2.0,8.0,2026-02-14 01:22:26,37.08388,-121.5991,310.0,11.9,156.4,-12.6,0.0,0.0,0.0,0.0,0.0,11.1,-1.4,135.8,0.0,143.0,0.0,-0.02,1.0,0.0,1.0,0.0,30.11,388.0,0.0,0.0,326.0,0.0,0.0,0.0,0.0,0.0,0.0,0.0,0.0,0.0,0.0,0.0,0.0,5.0,0.0,0.0,0.0,0.0,0.0,0.0,0.0,1.0,0.0,0.0,1200.0,62.0,1201.0,1201.0,13.8,2.9,0.0,2.9,34.4,0.0,0.0,35.4,0.0,0.0,11.1,1.6,0.7,12.0,0.0,0.0,34.4,-7.0,0.0,0.0,0.0,0.654,0.791,62.1,0.0,0.0,0.0,,0.0,1201.0,62.6,141.8,0.0,0.0,0.0,0.0,361.4,1247.0,365.0,1254.2,375.8,1225.4,375.8,1254.2,0.0,0.0,141.07999999999998,369.5,338.9,110.48,0.5303472222222222,6318.337666666666,4.103448275862069,386.6,2026-02-13 17:11:43-08:00,369.5,306.9,78.47999999999999,0.48,0.48,True
650.06,2.0,8.0,2026-02-14 01:22:27,37.08383,-121.59907,310.0,11.8,156.4,-12.6,0.0,0.0,0.0,0.0,0.0,11.0,-1.4,135.8,0.0,143.0,0.0,-0.02,0.9,0.0,-1.0,0.0,30.11,388.0,0.0,0.0,326.0,0.0,0.0,0.0,0.0,0.0,0.0,0.0,0.0,0.0,0.0,0.0,0.0,5.0,0.0,0.0,1.0,0.0,0.0,0.0,0.0,1.0,0.0,0.0,1200.0,62.0,1184.0,1184.0,13.8,2.8,0.0,2.8,34.4,0.0,0.0,35.4,0.0,0.0,11.1,1.6,0.7,12.0,0.0,0.0,34.4,-7.0,0.0,0.0,0.0,0.654,0.791,62.0,0.0,0.0,0.0,,0.0,1184.0,62.6,141.8,0.0,0.0,0.0,0.0,361.4,1245.2,365.0,1252.4,375.8,1223.6,375.8,1254.2,0.0,0.0,141.26000000000002,369.5,338.9,110.66,0.5311388888888888,6338.324666666666,4.214285714285714,386.6,2026-02-13 17:11:43-08:00,369.5,306.9,78.66000000000003,0.48,0.48,True
651.06,2.0,8.0,2026-02-14 01:22:28,37.08378,-121.59904,310.0,11.7,156.4,-12.6,0.0,0.0,0.0,0.0,0.0,11.1,-1.4,136.1,0.0,143.0,0.1,-0.03,1.0,0.0,0.0,0.0,30.11,388.0,0.0,0.0,326.0,0.0,0.0,0.0,0.0,0.0,0.0,0.0,0.0,0.0,0.0,0.0,0.0,5.0,0.0,0.0,2.0,0.0,0.0,0.0,0.0,1.0,0.0,0.0,1200.0,62.0,1183.0,1183.0,13.8,2.8,0.0,2.8,34.4,0.0,0.0,35.4,0.0,0.0,10.9,1.6,0.7,12.0,0.0,0.0,34.4,-7.0,0.0,0.0,0.0,0.654,0.791,61.9,0.0,0.0,0.0,,0.0,1183.0,62.6,141.8,0.0,0.0,0.0,0.0,361.4,1245.2,365.0,1252.4,375.8,1220.0,375.8,1254.2,0.0,0.0,141.26000000000002,369.5,338.9,110.66,0.5319166666666666,6358.143,4.178571428571429,386.6,2026-02-13 17:11:43-08:00,369.5,306.9,78.66000000000003,0.48,0.48,True
652.06,2.0,8.0,2026-02-14 01:22:29,37.08373,-121.59901,311.0,11.5,156.7,-12.6,0.0,0.0,0.0,0.0,0.0,11.0,-1.4,136.0,0.0,143.0,-0.0,-0.02,0.9,0.0,-13.0,0.0,30.11,388.0,0.0,0.0,326.0,0.0,0.0,0.0,0.0,0.0,0.0,0.0,0.0,0.0,0.0,0.0,0.0,5.0,0.0,0.0,-2.0,0.0,0.0,0.0,0.0,1.0,0.0,0.0,1200.0,62.0,1179.0,1179.0,13.8,2.8,0.0,2.8,34.5,0.0,0.0,35.4,0.0,0.0,10.9,1.6,0.7,12.0,0.0,0.0,34.5,-7.0,0.0,0.0,0.0,0.654,0.791,61.9,0.0,0.0,0.0,,0.0,1179.0,62.6,141.8,0.0,0.0,0.0,0.0,361.4,1245.2,365.0,1252.4,375.8,1220.0,375.8,1252.4,0.0,0.0,141.26000000000002,369.5,338.9,110.66,0.5326944444444444,6377.708333333333,4.107142857142858,386.6,2026-02-13 17:11:43-08:00,369.5,306.9,78.66000000000003,0.48,0.48,True
653.06,2.0,8.0,2026-02-14 01:22:30,37.08368,-121.59899,311.0,11.4,156.9,-12.6,0.0,0.0,0.0,0.0,0.0,11.1,-1.3,135.9,0.0,143.0,-0.1,-0.02,1.0,0.0,-5.0,0.0,30.11,388.0,0.0,0.0,326.0,0.0,0.0,0.0,0.0,0.0,0.0,0.0,0.0,0.0,0.0,0.0,0.0,5.0,0.0,0.0,-2.0,0.0,0.0,0.0,0.0,1.0,0.0,0.0,1200.0,62.0,1180.0,1180.0,13.8,2.8,0.0,2.8,34.5,0.0,0.0,35.4,0.0,0.0,11.0,1.6,0.7,12.0,0.0,0.0,34.5,-7.0,0.0,0.0,0.0,0.654,0.792,61.8,0.0,0.0,0.0,,0.0,1180.0,62.6,141.8,0.0,0.0,0.0,0.0,361.4,1247.0,363.2,1252.4,375.8,1216.4,375.8,1248.8,0.0,0.0,141.44,369.05,338.45,110.84,0.5334722222222221,6397.020666666666,4.071428571428572,386.6,2026-02-13 17:11:43-08:00,369.04999999999995,306.44999999999993,78.84,0.48,0.48,True
654.06,2.0,8.0,2026-02-14 01:22:31,37.08363,-121.59897,311.0,11.2,156.4,-12.6,0.0,0.0,0.0,0.0,0.0,11.0,-1.2,135.7,0.0,143.0,-0.2,-0.01,0.9,0.0,-21.0,0.0,30.11,388.0,0.0,0.0,326.0,0.0,0.0,0.0,0.0,0.0,0.0,0.0,0.0,0.0,0.0,0.0,0.0,5.0,0.0,0.0,-2.0,0.0,0.0,0.0,0.0,1.0,0.0,0.0,1200.0,62.0,1179.0,1179.0,13.8,2.8,0.0,2.8,34.5,0.0,0.0,35.4,0.0,0.0,11.0,1.6,0.7,12.0,0.0,0.0,34.5,-7.0,0.0,0.0,0.0,0.656,0.792,61.8,0.0,0.0,0.0,,0.0,1179.0,62.6,141.8,0.0,0.0,0.0,0.0,361.4,1245.2,363.2,1252.4,375.8,1214.6,375.8,1245.2,0.0,0.0,141.44,369.05,338.45,110.84,0.53425,6416.08,4.0,386.6,2026-02-13 17:11:43-08:00,369.04999999999995,306.44999999999993,78.84,0.48,0.48,True
655.06,2.0,8.0,2026-02-14 01:22:32,37.08359,-121.59894,311.0,11.1,156.7,-12.6,0.0,0.0,0.0,0.0,0.0,10.9,-1.3,135.7,0.0,143.0,-0.1,-0.02,1.0,0.0,33.0,0.0,30.11,388.0,0.0,0.0,326.0,0.0,0.0,0.0,0.0,0.0,0.0,0.0,0.0,0.0,0.0,0.0,0.0,5.0,0.0,0.0,-2.0,0.0,0.0,0.0,0.0,1.0,0.0,0.0,1200.0,62.0,1174.0,1174.0,13.7,2.8,0.0,2.8,34.6,0.0,0.0,35.4,0.0,0.0,9.8,1.6,0.7,12.0,0.0,0.0,34.6,-7.0,0.0,0.0,0.0,0.656,0.792,61.6,0.0,0.0,0.0,,0.0,1174.0,62.6,141.8,0.0,0.0,0.0,0.0,361.4,1245.2,363.2,1250.6,375.8,1214.6,375.8,1245.2,0.0,0.0,141.44,369.05,338.45,110.84,0.5350277777777778,6434.886333333333,3.9642857142857144,386.6,2026-02-13 17:11:43-08:00,369.04999999999995,306.44999999999993,78.84,0.48,0.48,True
656.06,2.0,8.0,2026-02-14 01:22:33,37.08354,-121.59892,311.0,11.0,156.6,-12.6,0.0,0.0,0.0,0.0,0.0,11.0,-1.2,135.5,0.0,143.0,-0.1,-0.02,0.9,0.0,18.0,0.0,30.11,388.0,0.0,0.0,326.0,0.0,0.0,0.0,0.0,0.0,0.0,0.0,0.0,0.0,0.0,0.0,0.0,5.0,0.0,0.0,-2.0,0.0,0.0,0.0,0.0,1.0,0.0,0.0,1200.0,62.0,1176.0,1176.0,13.7,2.7,0.0,2.7,30.9,0.0,0.0,35.4,0.0,0.0,8.2,1.6,0.7,12.0,0.0,0.0,30.9,-7.0,0.0,0.0,0.0,0.654,0.791,61.7,0.0,0.0,0.0,,0.0,1176.0,62.6,141.8,0.0,0.0,0.0,0.0,361.4,1243.4,363.2,1252.4,375.8,1212.8,375.8,1245.2,0.0,0.0,141.44,369.05,338.45,110.84,0.5357916666666667,6453.523999999999,4.0740740740740735,386.6,2026-02-13 17:11:43-08:00,369.04999999999995,306.44999999999993,78.84,0.48,0.48,True
657.06,2.0,8.0,2026-02-14 01:22:34,37.08349,-121.59889,311.0,10.7,156.4,-12.6,0.0,0.0,0.0,0.0,0.0,11.1,-1.1,135.4,0.0,143.0,-0.1,-0.01,1.0,0.0,-18.0,0.0,30.11,388.0,0.0,0.0,326.0,0.0,0.0,0.0,0.0,0.0,0.0,0.0,0.0,0.0,0.0,0.0,0.0,5.0,0.0,0.0,-2.0,0.0,0.0,0.0,0.0,1.0,0.0,0.0,1200.0,61.0,1167.0,1167.0,13.7,2.7,0.0,2.7,27.2,0.0,0.0,35.4,0.0,0.0,6.6,1.6,0.7,12.0,0.0,0.0,27.2,-7.0,0.0,0.0,0.0,0.654,0.791,61.4,0.0,0.0,0.0,,0.0,1167.0,62.6,141.8,0.0,0.0,0.0,0.0,361.4,1245.2,363.2,1252.4,375.8,1211.0,375.8,1245.2,0.0,0.0,141.44,369.05,338.45,110.84,0.5365416666666666,6471.824333333333,3.9629629629629624,386.6,2026-02-13 17:11:43-08:00,369.04999999999995,306.44999999999993,78.84,0.48,0.48,True
658.06,2.0,8.0,2026-02-14 01:22:35,37.08345,-121.59887,310.0,10.6,156.3,-12.6,0.0,0.0,0.0,0.0,0.0,11.0,-1.1,135.4,0.0,143.0,-0.1,-0.02,0.9,0.0,-14.0,0.0,30.11,388.0,0.0,0.0,326.0,0.0,0.0,0.0,0.0,0.0,0.0,0.0,0.0,0.0,0.0,0.0,0.0,5.0,0.0,0.0,-2.0,0.0,0.0,0.0,0.0,1.0,0.0,0.0,1200.0,62.0,1171.0,1171.0,13.8,2.7,0.0,2.7,24.9,0.0,0.0,35.4,0.0,0.0,5.7,1.6,0.7,12.0,0.0,0.0,24.9,-7.0,0.0,0.0,0.0,0.654,0.792,61.6,0.0,0.0,0.0,,0.0,1171.0,62.6,141.8,0.0,0.0,0.0,0.0,361.4,1245.2,363.2,1248.8,375.8,1211.0,375.8,1243.4,0.0,0.0,141.44,369.05,338.45,110.84,0.5372916666666666,6489.787333333333,3.9259259259259256,386.6,2026-02-13 17:11:43-08:00,369.04999999999995,306.44999999999993,78.84,0.48,0.48,True
659.06,2.0,8.0,2026-02-14 01:22:36,37.0834,-121.59884,309.0,10.4,156.2,-12.6,0.0,0.0,0.0,0.0,0.0,11.1,-1.2,135.5,0.0,143.0,0.0,-0.02,1.1,0.0,12.0,0.0,30.11,388.0,0.0,0.0,326.0,0.0,0.0,0.0,0.0,0.0,0.0,0.0,0.0,0.0,0.0,0.0,0.0,5.0,0.0,0.0,-2.0,0.0,0.0,0.0,0.0,1.0,0.0,0.0,1200.0,62.0,1183.0,1183.0,13.7,2.6,0.0,2.6,25.2,0.0,0.0,35.4,0.0,0.0,5.1,1.6,0.7,12.0,0.0,0.0,25.2,-7.0,0.0,0.0,0.0,0.654,0.791,61.8,0.0,0.0,0.0,,0.0,1183.0,62.6,141.8,0.0,0.0,0.0,0.0,361.4,1248.8,363.2,1248.8,375.8,1209.2,375.8,1241.6,0.0,0.0,141.62,369.05,338.45,111.02,0.5380277777777778,6507.497333333333,4.0,386.6,2026-02-13 17:11:43-08:00,369.04999999999995,306.44999999999993,79.02000000000001,0.48,0.48,True
660.06,2.0,8.0,2026-02-14 01:22:37,37.08336,-121.59882,310.0,10.3,156.5,-12.6,0.0,0.0,0.0,0.0,0.0,11.1,-1.2,135.5,0.0,143.0,0.0,-0.02,0.9,0.0,-15.0,0.0,30.11,388.0,0.0,0.0,326.0,0.0,0.0,0.0,0.0,0.0,0.0,0.0,0.0,0.0,0.0,0.0,0.0,5.0,0.0,0.0,-1.0,0.0,0.0,0.0,0.0,1.0,0.0,0.0,1200.0,62.0,1169.0,1169.0,13.6,2.6,0.0,2.6,25.3,0.0,0.0,35.4,0.0,0.0,4.7,1.6,0.7,12.0,0.0,0.0,25.3,-7.0,0.0,0.0,0.0,0.653,0.791,61.5,0.0,0.0,0.0,,0.0,1169.0,62.6,141.8,0.0,0.0,0.0,0.0,361.4,1248.8,363.2,1247.0,375.8,1209.2,375.8,1241.6,0.0,0.0,141.62,369.05,338.45,111.02,0.53875,6524.954333333333,3.9615384615384617,386.6,2026-02-13 17:11:43-08:00,369.04999999999995,306.44999999999993,79.02000000000001,0.48,0.48,True
661.06,2.0,8.0,2026-02-14 01:22:38,37.08332,-121.59879,310.0,10.2,156.6,-12.6,0.0,0.0,0.0,0.0,0.0,11.1,-1.3,135.5,0.0,143.0,-0.0,-0.02,0.9,0.0,-3.0,0.0,30.11,388.0,0.0,0.0,326.0,0.0,0.0,0.0,0.0,0.0,0.0,0.0,0.0,0.0,0.0,0.0,0.0,5.0,0.0,0.0,1.0,0.0,0.0,0.0,0.0,1.0,0.0,0.0,1200.0,62.0,1174.0,1174.0,13.7,2.6,0.0,2.6,25.4,0.0,0.0,35.4,0.0,0.0,4.5,1.6,0.7,12.0,0.0,0.0,25.4,-7.0,0.0,0.0,0.0,0.654,0.791,61.7,0.0,0.0,0.0,,0.0,1174.0,62.6,141.8,0.0,0.0,0.0,0.0,361.4,1247.0,363.2,1245.2,375.8,1207.4,375.8,1239.8,0.0,0.0,141.8,369.05,338.45,111.2,0.5394722222222221,6542.242666666666,3.9230769230769225,386.6,2026-02-13 17:11:43-08:00,369.04999999999995,306.44999999999993,79.20000000000002,0.48,0.48,True
662.06,2.0,8.0,2026-02-14 01:22:39,37.08328,-121.59877,310.0,10.0,156.8,-12.6,0.0,0.0,0.0,0.0,0.0,11.1,-1.0,135.5,0.0,143.0,0.0,-0.01,0.9,0.0,-10.0,0.0,30.11,388.0,0.0,0.0,326.0,0.0,0.0,0.0,0.0,0.0,0.0,0.0,0.0,0.0,0.0,0.0,0.0,5.0,0.0,0.0,1.0,0.0,0.0,0.0,0.0,1.0,0.0,0.0,1200.0,62.0,1176.0,1176.0,13.6,2.6,0.0,2.6,25.4,0.0,0.0,35.4,0.0,0.0,4.4,1.6,0.7,12.0,0.0,0.0,25.4,-7.0,0.0,0.0,0.0,0.654,0.791,61.7,0.0,0.0,0.0,,0.0,1176.0,62.6,141.8,0.0,0.0,0.0,0.0,361.4,1247.0,363.2,1245.2,375.8,1205.6,375.8,1238.0,0.0,0.0,141.8,369.05,338.45,111.2,0.5401944444444444,6559.277999999999,3.846153846153846,386.6,2026-02-13 17:11:43-08:00,369.04999999999995,306.44999999999993,79.20000000000002,0.48,0.48,True
663.06,2.0,8.0,2026-02-14 01:22:40,37.08324,-121.59875,310.0,9.8,156.4,-12.6,0.0,0.0,0.0,0.0,0.0,11.0,-0.8,135.7,0.0,143.0,0.1,-0.01,0.9,0.0,-3.0,0.0,30.11,388.0,0.0,0.0,326.0,0.0,0.0,0.0,0.0,0.0,0.0,0.0,0.0,0.0,0.0,0.0,0.0,5.0,0.0,0.0,1.0,0.0,0.0,0.0,0.0,1.0,0.0,0.0,1200.0,61.0,1162.0,1162.0,13.6,2.6,0.0,2.6,25.4,0.0,0.0,35.4,0.0,0.0,4.3,1.6,0.7,12.0,0.0,0.0,25.4,-7.0,0.0,0.0,0.0,0.654,0.791,61.4,0.0,0.0,0.0,,0.0,1162.0,62.6,141.8,0.0,0.0,0.0,0.0,361.4,1248.8,363.2,1245.2,375.8,1203.8,375.8,1236.2,0.0,0.0,141.98,369.05,338.45,111.38,0.5409166666666666,6575.976,3.769230769230769,386.6,2026-02-13 17:11:43-08:00,369.04999999999995,306.44999999999993,79.38,0.48,0.48,True
664.06,2.0,8.0,2026-02-14 01:22:41,37.08319,-121.59872,310.0,9.6,156.6,-12.6,0.0,0.0,0.0,0.0,0.0,11.0,-0.9,135.9,0.0,143.0,0.2,-0.01,0.9,0.0,-5.0,0.0,30.11,388.0,0.0,0.0,326.0,0.0,0.0,0.0,0.0,0.0,0.0,0.0,0.0,0.0,0.0,0.0,0.0,5.0,0.0,0.0,1.0,0.0,0.0,0.0,0.0,1.0,0.0,0.0,1200.0,61.0,1167.0,1167.0,13.7,2.6,0.0,2.6,25.4,0.0,0.0,35.4,0.0,0.0,4.2,1.6,0.7,12.0,0.0,0.0,25.4,-7.0,0.0,0.0,0.0,0.656,0.791,61.4,0.0,0.0,0.0,,0.0,1167.0,62.6,141.8,0.0,0.0,0.0,0.0,361.4,1250.6,363.2,1245.2,375.8,1203.8,375.8,1234.4,0.0,0.0,141.98,369.05,338.45,111.38,0.5416388888888889,6592.336666666666,3.692307692307692,386.6,2026-02-13 17:11:43-08:00,369.04999999999995,306.44999999999993,79.38,0.48,0.48,True
665.06,2.0,8.0,2026-02-14 01:22:42,37.08315,-121.5987,312.0,9.6,157.3,-12.6,0.0,0.0,0.0,0.0,0.0,10.9,-0.8,136.3,0.0,143.0,0.3,-0.02,1.0,0.0,30.0,0.0,30.11,387.0,0.0,0.0,326.0,0.0,0.0,0.0,0.0,0.0,0.0,0.0,0.0,0.0,0.0,0.0,0.0,5.0,0.0,0.0,1.0,0.0,0.0,0.0,0.0,1.0,0.0,0.0,1200.0,62.0,1169.0,1169.0,13.7,2.6,0.0,2.6,25.5,0.0,0.0,35.4,0.0,0.0,4.2,1.6,0.7,12.0,0.0,0.0,25.5,-7.0,0.0,0.0,0.0,0.653,0.791,61.5,0.0,0.0,0.0,,0.0,1169.0,62.6,141.8,0.0,0.0,0.0,0.0,359.6,1248.8,363.2,1245.2,375.8,1202.0,375.8,1234.4,0.0,0.0,142.16000000000005,368.6,338.0,111.56,0.5423611111111111,6608.528666666666,3.692307692307692,386.6,2026-02-13 17:11:43-08:00,368.6,306.0,79.56000000000006,0.48,0.48,True
666.06,2.0,8.0,2026-02-14 01:22:43,37.08311,-121.59868,312.0,9.4,156.6,-12.6,0.0,0.0,0.0,0.0,0.0,11.0,-1.0,136.4,0.0,143.0,0.1,-0.01,1.1,0.0,-12.0,0.0,30.11,387.0,0.0,0.0,326.0,0.0,0.0,0.0,0.0,0.0,0.0,0.0,0.0,0.0,0.0,0.0,0.0,5.0,0.0,0.0,0.0,0.0,0.0,0.0,0.0,1.0,0.0,0.0,1200.0,61.0,1161.0,1161.0,13.6,2.6,0.0,2.6,25.5,0.0,0.0,35.4,0.0,0.0,4.2,1.6,0.7,12.0,0.0,0.0,25.5,-7.0,0.0,0.0,0.0,0.654,0.791,61.3,0.0,0.0,0.0,,0.0,1161.0,62.6,141.8,0.0,0.0,0.0,0.0,359.6,1247.0,363.2,1245.2,375.8,1202.0,375.8,1236.2,0.0,0.0,142.16000000000005,368.6,338.0,111.56,0.5430833333333333,6624.552,3.6153846153846154,386.6,2026-02-13 17:11:43-08:00,368.6,306.0,79.56000000000006,0.48,0.48,True
667.06,2.0,8.0,2026-02-14 01:22:44,37.08307,-121.59866,313.0,9.4,156.6,-12.6,0.0,0.0,0.0,0.0,0.0,10.9,-1.2,136.4,0.0,143.0,0.0,-0.02,0.9,0.0,-5.0,0.0,30.11,387.0,0.0,0.0,326.0,0.0,0.0,0.0,0.0,0.0,0.0,0.0,0.0,0.0,0.0,0.0,0.0,5.0,0.0,0.0,0.0,0.0,0.0,0.0,0.0,1.0,0.0,0.0,1200.0,61.0,1166.0,1166.0,13.7,2.6,0.0,2.6,25.5,0.0,0.0,35.3,0.0,0.0,4.2,1.6,0.7,12.0,0.0,0.0,25.5,-7.0,0.0,0.0,0.0,0.656,0.791,61.4,0.0,0.0,0.0,,0.0,1166.0,62.6,141.8,0.0,0.0,0.0,0.0,359.6,1248.8,363.2,1243.4,375.8,1202.0,375.8,1234.4,0.0,0.0,142.33999999999995,368.6,338.0,111.74,0.5438055555555555,6640.406666666667,3.6153846153846154,386.6,2026-02-13 17:11:43-08:00,368.6,306.0,79.73999999999995,0.48,0.48,True
668.06,2.0,8.0,2026-02-14 01:22:45,37.08303,-121.59864,313.0,9.3,157.0,-12.6,0.0,0.0,0.0,0.0,0.0,10.8,-1.1,136.6,0.0,143.0,0.1,-0.02,1.1,0.0,-18.0,0.0,30.11,388.0,0.0,0.0,326.0,0.0,0.0,0.0,0.0,0.0,0.0,0.0,0.0,0.0,0.0,0.0,0.0,5.0,0.0,0.0,0.0,0.0,0.0,0.0,0.0,1.0,0.0,0.0,1200.0,61.0,1167.0,1167.0,13.6,2.6,0.0,2.6,25.6,0.0,0.0,35.3,0.0,0.0,4.2,1.6,0.7,12.0,0.0,0.0,25.6,-7.0,0.0,0.0,0.0,0.656,0.791,61.4,0.0,0.0,0.0,,0.0,1167.0,62.6,141.8,0.0,0.0,0.0,0.0,361.4,1250.6,363.2,1243.4,375.8,1200.2,375.8,1234.4,0.0,0.0,142.33999999999995,369.05,338.45,111.74,0.5445277777777777,6656.177,3.576923076923077,386.6,2026-02-13 17:11:43-08:00,369.04999999999995,306.44999999999993,79.73999999999995,0.48,0.48,True
669.06,2.0,8.0,2026-02-14 01:22:46,37.08299,-121.59862,313.0,9.2,157.2,-12.6,0.0,0.0,0.0,0.0,0.0,10.8,-1.1,136.6,0.0,143.0,0.0,-0.02,1.0,0.0,12.0,0.0,30.11,388.0,0.0,0.0,326.0,0.0,0.0,0.0,0.0,0.0,0.0,0.0,0.0,0.0,0.0,0.0,0.0,5.0,0.0,0.0,0.0,0.0,0.0,0.0,0.0,1.0,0.0,0.0,1200.0,61.0,1150.0,1150.0,13.6,2.6,0.0,2.6,25.6,0.0,0.0,35.3,0.0,0.0,4.2,1.6,0.7,12.0,0.0,0.0,25.6,-7.0,0.0,0.0,0.0,0.654,0.791,61.2,0.0,0.0,0.0,,0.0,1150.0,62.6,141.8,0.0,0.0,0.0,0.0,361.4,1248.8,363.2,1243.4,375.8,1200.2,375.8,1234.4,0.0,0.0,142.33999999999995,369.05,338.45,111.74,0.54525,6671.778666666666,3.538461538461538,386.6,2026-02-13 17:11:43-08:00,369.04999999999995,306.44999999999993,79.73999999999995,0.48,0.48,True
670.06,2.0,8.0,2026-02-14 01:22:47,37.08295,-121.59859,313.0,9.1,157.0,-12.6,0.0,0.0,0.0,0.0,0.0,10.8,-1.4,136.6,0.0,143.0,-0.1,-0.02,1.0,0.0,-13.0,0.0,30.11,387.0,0.0,0.0,326.0,0.0,0.0,0.0,0.0,0.0,0.0,0.0,0.0,0.0,0.0,0.0,0.0,5.0,0.0,0.0,-1.0,0.0,0.0,0.0,0.0,1.0,0.0,0.0,1200.0,60.0,1108.0,1108.0,13.6,2.6,0.0,2.6,25.6,0.0,0.0,35.3,0.0,0.0,4.2,1.6,0.7,12.0,0.0,0.0,25.6,-7.0,0.0,0.0,0.0,0.654,0.791,60.2,0.0,0.0,0.0,,0.0,1108.0,62.6,141.8,0.0,0.0,0.0,0.0,361.4,1250.6,363.2,1245.2,375.8,1198.4,375.8,1232.6,0.0,0.0,142.52,369.05,338.45,111.92,0.5459722222222222,6687.211666666666,3.4999999999999996,386.6,2026-02-13 17:11:43-08:00,369.04999999999995,306.44999999999993,79.92000000000002,0.48,0.48,True
671.06,2.0,8.0,2026-02-14 01:22:48,37.08292,-121.59858,312.0,8.8,157.6,-12.6,0.0,0.0,0.0,0.0,0.0,10.9,-1.4,136.4,0.0,143.0,-0.1,-0.03,0.9,0.0,-5.0,0.0,30.11,387.0,0.0,0.0,326.0,0.0,0.0,0.0,0.0,0.0,0.0,0.0,0.0,0.0,0.0,0.0,0.0,5.0,0.0,0.0,0.0,0.0,0.0,0.0,0.0,1.0,0.0,0.0,1200.0,60.0,1094.0,1094.0,13.8,2.5,0.0,2.5,25.6,0.0,0.0,35.3,0.0,0.0,4.1,1.6,0.7,12.0,0.0,0.0,25.6,-7.0,0.0,0.0,0.0,0.654,0.791,59.9,0.0,0.0,0.0,,0.0,1094.0,62.6,141.8,0.0,0.0,0.0,0.0,359.6,1250.6,363.2,1245.2,375.8,1196.6,375.8,1230.8,0.0,0.0,142.7,368.6,338.0,112.1,0.5466805555555555,6702.307333333333,3.5200000000000005,386.6,2026-02-13 17:11:43-08:00,368.6,306.0,80.1,0.48,0.48,True
672.06,2.0,8.0,2026-02-14 01:22:49,37.08288,-121.59856,312.0,8.4,157.2,-12.6,0.0,0.0,0.0,0.0,0.0,11.0,-1.1,134.1,0.0,143.0,-1.4,0.0,1.1,0.0,-25.0,0.0,30.11,387.0,0.0,0.0,326.0,0.0,0.0,0.0,0.0,0.0,0.0,0.0,0.0,0.0,0.0,0.0,0.0,5.0,0.0,0.0,-1.0,0.0,0.0,0.0,0.0,1.0,0.0,0.0,1200.0,60.0,1103.0,1103.0,13.9,2.5,0.0,2.5,25.6,0.0,0.0,35.3,0.0,0.0,4.1,1.6,0.7,12.0,0.0,0.0,25.6,-7.0,0.0,0.0,0.0,0.656,0.791,59.8,0.0,0.0,0.0,,0.0,1103.0,62.6,141.8,0.0,0.0,0.0,0.0,359.6,1250.6,363.2,1245.2,375.8,1194.8,375.8,1227.2,0.0,0.0,142.7,368.6,338.0,112.1,0.547375,6716.812666666667,3.3600000000000003,386.6,2026-02-13 17:11:43-08:00,368.6,306.0,80.1,0.48,0.48,True
673.06,2.0,8.0,2026-02-14 01:22:50,37.08284,-121.59854,312.0,8.7,153.7,-12.6,0.0,0.0,0.0,0.0,0.0,11.1,-1.1,132.5,0.0,143.0,-1.8,0.02,1.0,0.0,32.0,0.0,30.11,387.0,0.0,0.0,326.0,0.0,0.0,0.0,0.0,0.0,0.0,0.0,0.0,0.0,0.0,0.0,0.0,5.0,0.0,0.0,-4.0,0.0,0.0,0.0,0.0,1.0,0.0,0.0,1200.0,66.0,1379.0,1379.0,15.5,2.7,0.0,2.7,25.6,0.0,0.0,35.3,0.0,0.0,4.1,1.6,0.7,12.0,0.0,0.0,25.6,-7.0,0.0,0.0,0.0,0.654,0.791,65.7,0.0,0.0,0.0,,0.0,1379.0,62.6,143.6,0.0,0.0,0.0,0.0,359.6,1248.8,363.2,1245.2,375.8,1198.4,375.8,1230.8,0.0,0.0,142.7,368.6,338.0,112.1,0.5480972222222221,6731.233666666666,3.222222222222222,386.6,2026-02-13 17:11:43-08:00,368.6,306.0,80.1,0.48,0.48,True
674.06,2.0,8.0,2026-02-14 01:22:51,37.08281,-121.59852,313.0,9.5,154.2,-12.6,0.0,0.0,0.0,0.0,0.0,11.0,-1.1,133.1,0.0,143.0,-0.3,-0.02,1.0,0.0,79.0,0.0,30.11,387.0,0.0,0.0,326.0,0.0,0.0,0.0,0.0,0.0,0.0,0.0,0.0,0.0,0.0,0.0,0.0,4.0,0.0,0.0,-7.0,0.0,0.0,0.0,0.0,1.0,0.0,0.0,1200.0,71.0,1535.0,1535.0,16.4,3.1,0.0,3.1,25.6,0.0,0.0,35.3,0.0,0.0,4.0,1.6,0.7,12.0,0.0,0.0,25.6,-7.0,0.0,0.0,0.0,0.658,0.791,70.6,0.0,0.0,0.0,,0.0,1535.0,62.6,143.6,0.0,0.0,0.0,0.0,359.6,1248.8,363.2,1247.0,375.8,1205.6,375.8,1238.0,0.0,0.0,142.88,368.6,338.0,112.28,0.5489027777777777,6746.582333333333,3.064516129032258,386.6,2026-02-13 17:11:43-08:00,368.6,306.0,80.28,0.48,0.48,True
675.06,2.0,8.0,2026-02-14 01:22:52,37.08276,-121.5985,312.0,9.6,153.9,-12.6,0.0,0.0,0.0,0.0,0.0,10.9,-1.1,134.3,0.0,143.0,0.6,-0.03,0.9,0.0,25.0,0.0,30.11,387.0,0.0,0.0,326.0,0.0,0.0,0.0,0.0,0.0,0.0,0.0,0.0,0.0,0.0,0.0,0.0,4.0,0.0,0.0,2.0,0.0,0.0,0.0,0.0,1.0,0.0,0.0,1200.0,65.0,1322.0,1322.0,14.3,3.1,0.0,3.1,25.7,0.0,0.0,35.3,0.0,0.0,4.0,1.6,0.7,12.0,0.0,0.0,25.7,-7.0,0.0,0.0,0.0,0.659,0.791,64.9,0.0,0.0,0.0,,0.0,1322.0,62.6,143.6,0.0,0.0,0.0,0.0,361.4,1256.0,363.2,1252.4,375.8,1211.0,375.8,1248.8,0.0,0.0,143.06,369.05,338.45,112.46,0.5497638888888888,6762.69,3.096774193548387,386.6,2026-02-13 17:11:43-08:00,369.04999999999995,306.44999999999993,80.46000000000001,0.48,0.48,True
676.06,2.0,8.0,2026-02-14 01:22:53,37.08273,-121.59847,312.0,9.6,155.0,-12.6,0.0,0.0,0.0,0.0,0.0,10.9,-1.2,135.1,0.0,143.0,0.7,-0.03,1.0,0.0,12.0,0.0,30.11,387.0,0.0,0.0,326.0,0.0,0.0,0.0,0.0,0.0,0.0,0.0,0.0,0.0,0.0,0.0,0.0,4.0,0.0,0.0,1.0,0.0,0.0,0.0,0.0,1.0,0.0,0.0,1200.0,63.0,1263.0,1263.0,14.1,3.1,0.0,3.1,25.6,0.0,0.0,35.3,0.0,0.0,4.1,1.6,0.7,12.0,0.0,0.0,25.6,-7.0,0.0,0.0,0.0,0.66,0.791,63.4,0.0,0.0,0.0,,0.0,1263.0,62.6,143.6,0.0,0.0,0.0,0.0,361.4,1256.0,363.2,1254.2,375.8,1216.4,375.8,1254.2,0.0,0.0,143.23999999999998,369.05,338.45,112.64,0.5506249999999999,6778.882,3.096774193548387,386.6,2026-02-13 17:11:43-08:00,369.04999999999995,306.44999999999993,80.63999999999999,0.48,0.48,True
677.06,2.0,8.0,2026-02-14 01:22:54,37.08268,-121.59845,313.0,9.6,156.2,-12.6,0.0,0.0,0.0,0.0,0.0,10.8,-1.6,135.4,0.0,143.0,0.5,-0.04,1.0,0.0,5.0,0.0,30.11,387.0,0.0,0.0,326.0,0.0,0.0,0.0,0.0,0.0,0.0,0.0,0.0,0.0,0.0,0.0,0.0,4.0,0.0,0.0,0.0,0.0,0.0,0.0,0.0,1.0,0.0,0.0,1200.0,63.0,1231.0,1231.0,14.0,3.1,0.0,3.1,25.6,0.0,0.0,35.3,0.0,0.0,4.1,1.6,0.7,12.0,0.0,0.0,25.6,-7.0,0.0,0.0,0.0,0.657,0.791,62.9,0.0,0.0,0.0,,0.0,1231.0,62.6,143.6,0.0,0.0,0.0,0.0,361.4,1256.0,363.2,1254.2,375.8,1218.2,375.8,1256.0,0.0,0.0,143.23999999999998,369.05,338.45,112.64,0.5514861111111111,6795.074,3.096774193548387,386.6,2026-02-13 17:11:43-08:00,369.04999999999995,306.44999999999993,80.63999999999999,0.48,0.48,True
678.06,2.0,8.0,2026-02-14 01:22:55,37.08264,-121.59842,313.0,9.3,155.6,-12.6,0.0,0.0,0.0,0.0,0.0,10.9,-1.6,135.0,0.0,143.0,-0.1,-0.02,1.0,0.0,-22.0,0.0,30.11,387.0,0.0,0.0,326.0,0.0,0.0,0.0,0.0,0.0,0.0,0.0,0.0,0.0,0.0,0.0,0.0,4.0,0.0,0.0,0.0,0.0,0.0,0.0,0.0,1.0,0.0,0.0,1200.0,62.0,1212.0,1212.0,14.0,3.0,0.0,3.0,25.6,0.0,0.0,35.3,0.0,0.0,4.2,1.6,0.7,12.0,0.0,0.0,25.6,-7.0,0.0,0.0,0.0,0.662,0.791,62.4,0.0,0.0,0.0,,0.0,1212.0,62.6,143.6,0.0,0.0,0.0,0.0,361.4,1256.0,363.2,1254.2,375.8,1220.0,375.8,1256.0,0.0,0.0,143.42000000000002,369.05,338.45,112.82,0.5523333333333333,6811.013,3.1,386.6,2026-02-13 17:11:43-08:00,369.04999999999995,306.44999999999993,80.82000000000002,0.48,0.48,True
679.06,2.0,8.0,2026-02-14 01:22:56,37.0826,-121.5984,313.0,9.4,155.4,-12.6,0.0,0.0,0.0,0.0,0.0,10.9,-1.3,136.3,0.0,143.0,0.6,-0.03,0.9,0.0,7.0,0.0,30.11,387.0,0.0,0.0,326.0,0.0,0.0,0.0,0.0,0.0,0.0,0.0,0.0,0.0,0.0,0.0,0.0,4.0,0.0,0.0,-1.0,0.0,0.0,0.0,0.0,1.0,0.0,0.0,1200.0,64.0,1328.0,1328.0,14.5,3.0,0.0,3.0,25.6,0.0,0.0,35.3,0.0,0.0,4.1,1.6,0.7,12.0,0.0,0.0,25.6,-7.0,0.0,0.0,0.0,0.659,0.791,64.3,0.0,0.0,0.0,,0.0,1328.0,62.6,143.6,0.0,0.0,0.0,0.0,361.4,1254.2,363.2,1254.2,375.8,1220.0,377.6,1256.0,0.0,0.0,143.6,369.5,338.9,113.0,0.5531666666666666,6826.783333333333,3.1333333333333333,386.6,2026-02-13 17:11:43-08:00,369.5,306.9,81.0,0.48,0.48,True
680.06,2.0,8.0,2026-02-14 01:22:57,37.08256,-121.59837,313.0,9.1,156.0,-12.6,0.0,0.0,0.0,0.0,0.0,11.1,-0.7,144.4,0.0,143.0,4.8,-0.06,1.1,0.0,5.0,0.0,30.11,387.0,0.0,0.0,326.0,0.0,0.0,0.0,0.0,0.0,0.0,0.0,0.0,0.0,0.0,0.0,0.0,3.0,0.0,0.0,-2.0,0.0,0.0,0.0,0.0,1.0,0.0,0.0,1200.0,64.0,1237.0,1237.0,13.9,3.1,0.0,3.1,25.7,0.0,0.0,35.3,0.0,0.0,4.1,1.6,0.7,12.0,0.0,0.0,25.7,-7.0,0.0,0.0,0.0,0.656,0.791,63.6,0.0,0.0,0.0,,0.0,1237.0,62.6,143.6,0.0,0.0,0.0,0.0,361.4,1256.0,363.2,1254.2,375.8,1223.6,377.6,1259.6,0.0,0.0,143.78,369.5,338.9,113.18,0.5540138888888888,6842.384999999999,2.9354838709677415,386.6,2026-02-13 17:11:43-08:00,369.5,306.9,81.18,0.48,0.48,True
681.06,2.0,8.0,2026-02-14 01:22:58,37.08253,-121.59836,313.0,8.0,164.3,-12.6,0.0,0.0,0.0,0.0,0.0,11.0,-0.8,157.7,0.0,143.0,9.8,-0.1,0.9,0.0,-8.0,0.0,30.11,387.0,0.0,0.0,326.0,0.0,0.0,0.0,0.0,0.0,0.0,0.0,0.0,0.0,0.0,0.0,0.0,2.0,0.0,0.0,-2.0,0.0,0.0,0.0,0.0,1.0,0.0,0.0,1200.0,59.0,1032.0,1032.0,12.8,2.9,0.0,2.9,25.7,0.0,0.0,35.3,0.0,0.0,4.1,1.6,0.7,12.0,0.0,0.0,25.7,-7.0,0.0,0.0,0.0,0.658,0.791,59.1,0.0,0.0,0.0,,0.0,1032.0,62.6,143.6,0.0,0.0,0.0,0.0,361.4,1257.8,363.2,1254.2,375.8,1220.0,377.6,1256.0,0.0,0.0,143.78,369.5,338.9,113.18,0.5548472222222222,6856.806,2.7586206896551726,386.6,2026-02-13 17:11:43-08:00,369.5,306.9,81.18,0.48,0.48,True
682.06,2.0,8.0,2026-02-14 01:22:59,37.08249,-121.59835,313.0,7.3,175.9,-12.6,0.0,0.0,0.0,0.0,0.0,11.2,-0.7,175.1,0.0,143.0,14.4,-0.11,0.8,0.0,-27.0,0.0,30.11,387.0,0.0,0.0,326.0,0.0,0.0,0.0,0.0,0.0,0.0,0.0,0.0,0.0,0.0,0.0,0.0,1.0,0.0,0.0,-2.0,0.0,0.0,0.0,0.0,1.0,0.0,0.0,1200.0,58.0,995.0,995.0,13.7,2.7,0.0,2.7,25.6,0.0,0.0,35.3,0.0,0.0,4.1,1.6,0.7,12.0,0.0,0.0,25.6,-7.0,0.0,0.0,0.0,0.656,0.791,57.5,0.0,0.0,0.0,,0.0,995.0,62.6,143.6,0.0,0.0,0.0,0.0,359.6,1254.2,363.2,1250.6,375.8,1214.6,377.6,1252.4,0.0,0.0,143.96,369.05,338.45,113.36,0.5556249999999999,6869.709,2.7037037037037033,386.6,2026-02-13 17:11:43-08:00,369.05000000000007,306.45000000000005,81.36000000000001,0.48,0.48,True
683.06,2.0,8.0,2026-02-14 01:23:00,37.08246,-121.59836,312.0,6.5,197.1,-12.6,0.0,0.0,0.0,0.0,0.0,11.4,-0.6,194.7,0.0,143.0,17.7,-0.14,0.9,0.0,-22.0,0.0,30.11,387.0,0.0,0.0,326.0,0.0,0.0,0.0,0.0,0.0,0.0,0.0,0.0,0.0,0.0,0.0,0.0,1.0,0.0,0.0,-2.0,0.0,0.0,0.0,0.0,1.0,0.0,0.0,1200.0,58.0,1007.0,1007.0,13.9,2.6,0.0,2.6,25.6,0.0,0.0,35.3,0.0,0.0,4.1,1.6,0.7,12.0,0.0,0.0,25.6,-7.0,0.0,0.0,0.0,0.654,0.791,57.6,0.0,0.0,0.0,,0.0,1007.0,62.6,143.6,0.0,0.0,0.0,0.0,359.6,1252.4,363.2,1250.6,375.8,1209.2,375.8,1247.0,0.0,0.0,143.96,368.6,338.0,113.36,0.5563611111111111,6881.347,2.5,386.6,2026-02-13 17:11:43-08:00,368.6,306.0,81.36000000000001,0.48,0.48,True
684.06,2.0,8.0,2026-02-14 01:23:01,37.08244,-121.59837,312.0,6.6,217.7,-12.6,0.0,0.0,0.0,0.0,0.0,11.2,-0.5,210.3,0.0,143.0,16.8,-0.14,1.1,0.0,18.0,0.0,30.11,387.0,0.0,0.0,326.0,0.0,0.0,0.0,0.0,0.0,0.0,0.0,0.0,0.0,0.0,0.0,0.0,1.0,0.0,0.0,-3.0,0.0,0.0,0.0,0.0,1.0,0.0,0.0,1200.0,67.0,1457.0,1457.0,17.1,2.9,0.0,2.9,25.6,0.0,0.0,35.3,0.0,0.0,4.0,1.6,0.7,12.0,0.0,0.0,25.6,-7.0,0.0,0.0,0.0,0.654,0.791,67.4,0.0,0.0,0.0,,0.0,1457.0,62.6,143.6,0.0,0.0,0.0,0.0,359.6,1248.8,363.2,1247.0,375.8,1209.2,375.8,1247.0,0.0,0.0,144.14,368.6,338.0,113.54,0.557125,6892.394666666666,2.2758620689655173,386.6,2026-02-13 17:11:43-08:00,368.6,306.0,81.53999999999999,0.48,0.48,True
685.06,2.0,8.0,2026-02-14 01:23:02,37.08241,-121.5984,311.0,6.8,232.7,-12.6,0.0,0.0,0.0,0.0,0.0,11.6,-0.7,219.3,0.0,143.0,12.1,-0.09,1.0,0.0,12.0,0.0,30.11,377.0,0.0,0.0,326.0,0.0,0.0,0.0,0.0,0.0,0.0,0.0,0.0,0.0,0.0,0.0,0.0,1.0,0.0,0.0,-3.0,0.0,0.0,0.0,0.0,1.0,0.0,0.0,1200.0,64.0,1293.0,1293.0,14.6,3.0,0.0,3.0,25.7,0.0,0.0,35.3,0.0,0.0,4.0,1.6,0.7,12.0,0.0,0.0,25.7,-7.0,0.0,0.0,0.0,0.654,0.791,64.1,0.0,0.0,0.0,,0.0,1293.0,62.6,143.6,0.0,0.0,0.0,0.0,359.6,1254.2,363.2,1250.6,375.8,1212.8,375.8,1254.2,0.0,0.0,144.14,368.6,338.0,113.54,0.5579444444444444,6903.695333333333,2.2666666666666666,386.6,2026-02-13 17:11:43-08:00,368.6,306.0,81.53999999999999,0.48,0.48,True
686.06,2.0,8.0,2026-02-14 01:23:03,37.0824,-121.59844,311.0,7.6,242.1,-12.6,0.0,0.0,0.0,0.0,0.0,11.8,-0.6,224.7,0.0,143.0,7.8,-0.06,0.9,0.0,58.0,0.0,30.11,378.0,0.0,0.0,326.0,0.0,0.0,0.0,0.0,0.0,0.0,0.0,0.0,0.0,0.0,0.0,0.0,1.0,0.0,0.0,-5.0,0.0,0.0,0.0,0.0,1.0,0.0,0.0,1200.0,72.0,1601.0,1601.0,16.8,3.5,0.0,3.5,25.7,0.0,0.0,35.3,0.0,0.0,3.9,1.6,0.7,12.0,0.0,0.0,25.7,-7.0,0.0,0.0,0.0,0.654,0.791,72.5,0.0,0.0,6.0,R,0.0,1601.0,62.6,143.6,0.0,0.0,0.0,0.0,359.6,1254.2,363.2,1252.4,375.8,1220.0,375.8,1265.0,0.0,0.0,144.32,368.6,338.0,113.72,0.5588472222222222,6915.839333333333,2.1714285714285713,386.6,2026-02-13 17:11:43-08:00,368.6,306.0,81.72,0.48,0.48,True
687.06,2.0,8.0,2026-02-14 01:23:04,37.08238,-121.59848,311.0,8.5,244.9,-12.6,0.0,0.0,0.0,0.0,0.0,11.6,-0.3,228.3,20.5,143.0,4.9,-0.04,0.9,0.0,59.0,20.7,30.11,378.0,0.0,0.0,326.0,0.0,0.0,0.0,0.0,0.0,0.0,0.0,0.0,0.0,0.0,0.0,0.0,1.0,0.0,0.0,-6.0,0.0,0.0,0.0,0.0,1.0,0.0,0.0,1200.0,74.0,1849.0,1849.0,18.1,3.8,0.0,3.8,25.2,0.0,0.0,35.3,0.0,0.0,3.8,1.6,0.7,12.0,0.0,0.0,25.2,-7.0,0.0,0.0,0.0,0.659,0.791,74.2,0.0,0.0,8.0,R,0.0,1849.0,62.6,143.6,0.0,0.0,0.0,0.0,359.6,1259.6,363.2,1256.0,375.8,1229.0,377.6,1270.4,0.0,0.0,144.32,369.05,338.45,113.72,0.559861111111111,6929.4169999999995,2.236842105263158,386.6,2026-02-13 17:11:43-08:00,369.05000000000007,306.45000000000005,81.72,20.98,21.11,True
688.06,2.0,8.0,2026-02-14 01:23:05,37.08236,-121.59853,311.0,8.6,247.4,-12.6,0.0,0.0,0.0,0.0,0.0,11.7,-1.1,231.2,0.0,143.0,3.2,-0.04,1.1,0.0,-38.0,0.0,30.11,378.0,0.0,0.0,326.0,0.0,0.0,0.0,0.0,0.0,0.0,0.0,0.0,0.0,0.0,0.0,0.0,1.0,0.0,0.0,-5.0,0.0,0.0,0.0,0.0,1.0,0.0,0.0,1200.0,67.0,1681.0,1681.0,17.1,3.9,0.0,3.9,25.1,0.0,0.0,35.3,0.0,0.0,3.9,1.6,0.7,12.0,0.0,0.0,25.1,-7.0,0.0,0.0,0.0,0.673,0.791,67.5,0.0,0.0,0.0,R,0.0,1681.0,62.6,145.4,0.0,0.0,0.0,0.0,361.4,1248.8,363.2,1245.2,375.8,1216.4,377.6,1256.0,0.0,0.0,144.5,369.5,338.9,113.9,0.5609305555555555,6943.838,2.2051282051282053,386.6,2026-02-13 17:11:43-08:00,369.5,306.9,81.9,0.48,0.48,True
689.06,2.0,8.0,2026-02-14 01:23:06,37.08235,-121.59858,312.0,10.4,251.8,-12.6,0.0,0.0,0.0,0.0,0.0,11.8,-0.8,231.6,19.3,143.0,1.5,-0.03,1.1,0.0,73.0,19.4,30.11,378.0,0.0,0.0,326.0,0.0,0.0,0.0,0.0,0.0,0.0,0.0,0.0,0.0,0.0,0.0,0.0,2.0,0.0,0.0,0.0,0.0,0.0,0.0,0.0,1.0,0.0,0.0,1200.0,75.0,1763.0,1763.0,17.1,4.3,0.0,4.3,25.6,0.0,0.0,35.3,0.0,0.0,3.8,1.6,0.7,12.0,0.0,0.0,25.6,-8.0,0.0,0.0,0.0,0.663,0.792,75.2,0.0,0.0,17.0,R,0.0,1763.0,62.6,145.4,0.0,0.0,0.0,0.0,361.4,1254.2,363.2,1254.2,375.8,1230.8,377.6,1266.8,0.0,0.0,144.68,369.5,338.9,114.08,0.5620694444444444,6959.861333333333,2.418604651162791,386.6,2026-02-13 17:11:43-08:00,369.5,306.9,82.08000000000001,19.78,19.9,True
690.06,2.0,8.0,2026-02-14 01:23:07,37.08233,-121.59863,312.0,10.2,248.7,-12.6,0.0,0.0,0.0,0.0,0.0,11.9,-0.6,229.9,0.0,143.0,-0.9,0.01,1.1,0.0,-7.0,0.0,30.11,378.0,0.0,0.0,326.0,0.0,0.0,0.0,0.0,0.0,0.0,0.0,0.0,0.0,0.0,0.0,0.0,2.0,0.0,0.0,2.0,0.0,0.0,0.0,0.0,1.0,0.0,0.0,1200.0,65.0,1335.0,1335.0,14.2,4.2,0.0,4.2,25.7,0.0,0.0,35.3,0.0,0.0,3.9,1.6,0.7,12.0,0.0,0.0,25.7,-10.0,0.0,0.0,0.0,0.658,0.791,65.2,0.0,0.0,0.0,,0.0,1335.0,62.6,145.4,0.0,0.0,0.0,0.0,361.4,1265.0,365.0,1263.2,377.6,1238.0,377.6,1275.8,0.0,0.0,144.86,370.4,339.8,114.26,0.5632499999999999,6977.2339999999995,2.4285714285714284,386.6,2026-02-13 17:11:43-08:00,370.4,307.79999999999995,82.26000000000002,0.48,0.48,True
691.06,2.0,8.0,2026-02-14 01:23:08,37.08231,-121.59869,312.0,9.7,247.4,-12.6,0.0,0.0,0.0,0.0,0.0,11.8,-0.5,229.6,0.0,143.0,-1.5,0.01,1.0,0.0,-41.0,0.0,30.11,378.0,0.0,0.0,326.0,0.0,0.0,0.0,0.0,0.0,0.0,0.0,0.0,0.0,0.0,0.0,0.0,2.0,0.0,0.0,2.0,0.0,0.0,0.0,0.0,1.0,0.0,0.0,1200.0,62.0,1215.0,1215.0,14.0,3.9,0.0,3.9,25.7,0.0,0.0,35.3,0.0,0.0,4.0,1.6,0.7,12.0,0.0,0.0,25.7,-10.0,0.0,0.0,0.0,0.658,0.791,62.2,0.0,0.0,0.0,,0.0,1215.0,62.6,145.4,0.0,0.0,0.0,0.0,361.4,1265.0,365.0,1263.2,377.6,1238.0,377.6,1279.4,0.0,0.0,144.86,370.4,339.8,114.26,0.564375,6994.016333333333,2.4871794871794872,386.6,2026-02-13 17:11:43-08:00,370.4,307.79999999999995,82.26000000000002,0.48,0.48,True
692.06,2.0,8.0,2026-02-14 01:23:09,37.08229,-121.59874,312.0,9.0,245.2,-12.6,0.0,0.0,0.0,0.0,0.0,11.8,-0.2,229.2,0.0,143.0,-1.3,0.01,1.0,0.0,-65.0,0.0,30.11,377.0,0.0,0.0,326.0,0.0,0.0,0.0,0.0,0.0,0.0,0.0,0.0,0.0,0.0,0.0,0.0,2.0,0.0,0.0,1.0,0.0,0.0,0.0,0.0,1.0,0.0,0.0,1200.0,62.0,1188.0,1188.0,13.9,3.7,0.0,3.7,25.7,0.0,0.0,35.3,0.0,0.0,4.1,1.6,0.7,12.0,0.0,0.0,25.7,-10.0,0.0,0.0,0.0,0.656,0.792,61.7,0.0,0.0,0.0,,0.0,1188.0,62.6,145.4,0.0,0.0,0.0,0.0,361.4,1263.2,365.0,1263.2,377.6,1238.0,377.6,1277.6,0.0,0.0,145.04,370.4,339.8,114.44,0.5654305555555555,7009.786666666666,2.4324324324324325,386.6,2026-02-13 17:11:43-08:00,370.4,307.79999999999995,82.44,0.48,0.48,True
693.06,2.0,8.0,2026-02-14 01:23:10,37.08228,-121.59879,312.0,8.5,245.4,-12.6,0.0,0.0,0.0,0.0,0.0,11.6,-0.5,228.2,0.0,143.0,-1.3,-0.0,0.9,0.0,-72.0,0.0,30.11,378.0,0.0,0.0,326.0,0.0,0.0,0.0,0.0,0.0,0.0,0.0,0.0,0.0,0.0,0.0,0.0,2.0,0.0,0.0,1.0,0.0,0.0,0.0,0.0,1.0,0.0,0.0,1200.0,62.0,1201.0,1201.0,13.9,3.5,0.0,3.5,25.7,0.0,0.0,35.3,0.0,0.0,4.2,1.6,0.7,12.0,0.0,0.0,25.7,-10.0,0.0,0.0,0.0,0.656,0.791,61.9,0.0,0.0,0.0,,0.0,1201.0,62.6,145.4,0.0,0.0,0.0,0.0,361.4,1261.4,365.0,1261.4,375.8,1234.4,377.6,1274.0,0.0,0.0,145.04,369.95,339.35,114.44,0.5664305555555555,7024.544999999999,2.4285714285714284,386.6,2026-02-13 17:11:43-08:00,369.95000000000005,307.35,82.44,0.48,0.48,True
694.06,2.0,8.0,2026-02-14 01:23:11,37.08226,-121.59882,312.0,8.0,245.7,-12.6,0.0,0.0,0.0,0.0,0.0,11.8,-0.6,222.5,0.0,142.0,-3.7,0.01,1.0,0.0,-52.0,0.0,30.11,378.0,0.0,0.0,326.0,0.0,0.0,0.0,0.0,0.0,0.0,0.0,0.0,0.0,0.0,0.0,0.0,2.0,0.0,0.0,1.0,0.0,0.0,0.0,0.0,1.0,0.0,0.0,1200.0,64.0,1381.0,1381.0,15.1,3.4,0.0,3.4,25.6,0.0,0.0,35.3,0.0,0.0,4.1,1.6,0.7,12.0,0.0,0.0,25.6,-10.0,0.0,0.0,0.0,0.658,0.791,64.3,0.0,0.0,0.0,,0.0,1381.0,62.6,145.4,0.0,0.0,0.0,0.0,361.4,1259.6,365.0,1259.6,375.8,1230.8,377.6,1272.2,0.0,0.0,145.22,369.95,339.35,114.62,0.5673888888888888,7038.46,2.3529411764705883,386.6,2026-02-13 17:11:43-08:00,369.95000000000005,307.35,82.62,0.48,0.48,True
695.06,2.0,8.0,2026-02-14 01:23:12,37.08225,-121.59887,311.0,8.2,238.7,-12.6,0.0,0.0,0.0,0.0,0.0,11.7,-0.8,211.8,0.0,142.0,-7.6,0.05,0.8,0.0,-12.0,0.0,30.11,378.0,0.0,0.0,326.0,0.0,0.0,0.0,0.0,0.0,0.0,0.0,0.0,0.0,0.0,0.0,0.0,2.0,0.0,0.0,0.0,0.0,0.0,0.0,0.0,1.0,0.0,0.0,1200.0,65.0,1349.0,1349.0,14.8,3.4,0.0,3.4,25.8,0.0,0.0,35.3,0.0,0.0,4.0,1.6,0.7,12.0,0.0,0.0,25.8,-10.0,0.0,0.0,0.0,0.657,0.791,65.5,0.0,0.0,0.0,,0.0,1349.0,62.6,145.4,0.0,0.0,0.0,0.0,361.4,1259.6,365.0,1259.6,375.8,1234.4,377.6,1274.0,0.0,0.0,145.4,369.95,339.35,114.8,0.5683333333333332,7052.121999999999,2.411764705882353,386.6,2026-02-13 17:11:43-08:00,369.95000000000005,307.35,82.80000000000001,0.48,0.48,True
696.06,2.0,8.0,2026-02-14 01:23:13,37.08223,-121.59891,310.0,7.7,229.6,-12.6,0.0,0.0,0.0,0.0,0.0,11.4,-0.9,197.4,0.0,142.0,-11.4,0.08,0.9,0.0,6.0,0.0,30.11,376.0,0.0,0.0,326.0,0.0,0.0,0.0,0.0,0.0,0.0,0.0,0.0,0.0,0.0,0.0,0.0,3.0,0.0,0.0,0.0,0.0,0.0,0.0,0.0,1.0,0.0,0.0,1200.0,63.0,1265.0,1265.0,14.2,3.4,0.0,3.4,25.7,0.0,0.0,35.3,0.0,0.0,4.1,1.6,0.7,12.0,0.0,0.0,25.7,-10.0,0.0,0.0,0.0,0.656,0.791,63.1,0.0,0.0,0.0,,0.0,1265.0,62.6,145.4,0.0,0.0,0.0,0.0,361.4,1263.2,365.0,1259.6,375.8,1236.2,377.6,1277.6,0.0,0.0,145.4,369.95,339.35,114.8,0.5692777777777778,7065.531,2.264705882352941,386.6,2026-02-13 17:11:43-08:00,369.95000000000005,307.35,82.80000000000001,0.48,0.48,True
697.06,2.0,8.0,2026-02-14 01:23:14,37.0822,-121.59894,309.0,7.4,213.9,-12.6,0.0,0.0,0.0,0.0,0.0,11.0,-0.9,180.0,0.0,142.0,-14.7,0.09,0.9,0.0,5.0,0.0,30.11,376.0,0.0,0.0,326.0,0.0,0.0,0.0,0.0,0.0,0.0,0.0,0.0,0.0,0.0,0.0,0.0,3.0,0.0,0.0,0.0,0.0,0.0,0.0,0.0,1.0,0.0,0.0,1200.0,65.0,1328.0,1328.0,14.4,3.3,0.0,3.3,25.7,0.0,0.0,35.3,0.0,0.0,4.1,1.6,0.7,12.0,0.0,0.0,25.7,-10.0,0.0,0.0,0.0,0.664,0.791,64.5,0.0,0.0,0.0,,0.0,1328.0,62.6,145.4,0.0,0.0,0.0,0.0,361.4,1263.2,365.0,1257.8,375.8,1238.0,377.6,1277.6,0.0,0.0,145.57999999999998,369.95,339.35,114.98,0.5702083333333333,7078.265333333333,2.2424242424242427,386.6,2026-02-13 17:11:43-08:00,369.95000000000005,307.35,82.97999999999999,0.48,0.48,True
698.06,2.0,8.0,2026-02-14 01:23:15,37.08217,-121.59895,309.0,7.5,196.8,-12.6,0.0,0.0,0.0,0.0,0.0,10.2,-0.6,163.0,0.0,142.0,-16.0,0.11,1.2,0.0,17.0,0.0,30.11,376.0,0.0,0.0,326.0,0.0,0.0,0.0,0.0,0.0,0.0,0.0,0.0,0.0,0.0,0.0,0.0,4.0,0.0,0.0,0.0,0.0,0.0,0.0,0.0,1.0,0.0,0.0,1200.0,65.0,1339.0,1339.0,14.4,3.3,0.0,3.3,25.7,0.0,0.0,35.3,0.0,0.0,4.1,1.6,0.7,12.0,0.0,0.0,25.7,-10.0,0.0,0.0,0.0,0.658,0.791,64.9,0.0,0.0,0.0,,0.0,1339.0,62.6,145.4,0.0,0.0,0.0,0.0,361.4,1263.2,365.0,1257.8,375.8,1241.6,377.6,1281.2,0.0,0.0,145.57999999999998,369.95,339.35,114.98,0.571125,7090.830999999999,2.272727272727273,386.6,2026-02-13 17:11:43-08:00,369.95000000000005,307.35,82.97999999999999,0.48,0.48,True
699.06,2.0,8.0,2026-02-14 01:23:16,37.08214,-121.59896,308.0,7.7,178.2,-12.6,0.0,0.0,0.0,0.0,0.0,10.3,-0.2,150.2,0.0,142.0,-14.2,0.11,0.8,0.0,42.0,0.0,30.11,376.0,0.0,0.0,326.0,0.0,0.0,0.0,0.0,0.0,0.0,0.0,0.0,0.0,0.0,0.0,0.0,4.0,0.0,0.0,0.0,0.0,0.0,0.0,0.0,1.0,0.0,0.0,1200.0,65.0,1348.0,1348.0,14.6,3.3,0.0,3.3,25.7,0.0,0.0,35.3,0.0,0.0,4.0,1.6,0.7,12.0,0.0,0.0,25.7,-11.0,0.0,0.0,0.0,0.665,0.791,64.9,0.0,0.0,0.0,,0.0,1348.0,62.6,145.4,0.0,0.0,0.0,0.0,361.4,1263.2,365.0,1259.6,375.8,1243.4,377.6,1284.8,0.0,0.0,145.76000000000002,369.95,339.35,115.16,0.5720416666666667,7103.649666666666,2.3333333333333335,386.6,2026-02-13 17:11:43-08:00,369.95000000000005,307.35,83.16000000000003,0.48,0.48,True
700.06,2.0,8.0,2026-02-14 01:23:17,37.0821,-121.59895,307.0,7.9,167.4,-12.6,0.0,0.0,0.0,0.0,0.0,10.6,0.4,143.2,0.0,142.0,-10.0,0.08,1.2,0.0,45.0,0.0,30.11,376.0,0.0,0.0,326.0,0.0,0.0,0.0,0.0,0.0,0.0,0.0,0.0,0.0,0.0,0.0,0.0,4.0,0.0,0.0,-2.0,0.0,0.0,0.0,0.0,1.0,0.0,0.0,1200.0,65.0,1352.0,1352.0,14.6,3.3,0.0,3.3,25.7,0.0,0.0,35.3,0.0,0.0,4.0,1.6,0.7,12.0,0.0,0.0,25.7,-10.0,0.0,0.0,0.0,0.665,0.791,64.9,0.0,0.0,0.0,,0.0,1352.0,62.6,145.4,0.0,0.0,0.0,0.0,361.4,1263.2,365.0,1259.6,375.8,1245.2,377.6,1286.6,0.0,0.0,145.76000000000002,369.95,339.35,115.16,0.5729583333333332,7116.805666666666,2.393939393939394,386.6,2026-02-13 17:11:43-08:00,369.95000000000005,307.35,83.16000000000003,0.48,0.48,True
701.06,2.0,8.0,2026-02-14 01:23:18,37.08207,-121.59894,308.0,8.3,159.4,-12.6,0.0,0.0,0.0,0.0,0.0,10.5,1.1,143.9,0.0,142.0,-3.8,0.05,0.9,0.0,42.0,0.0,30.11,376.0,0.0,0.0,326.0,0.0,0.0,0.0,0.0,0.0,0.0,0.0,0.0,0.0,0.0,0.0,0.0,4.0,0.0,0.0,-2.0,0.0,0.0,0.0,0.0,1.0,0.0,0.0,1200.0,67.0,1467.0,1467.0,15.2,3.4,0.0,3.4,25.7,0.0,0.0,35.3,0.0,0.0,4.0,1.6,0.7,12.0,0.0,0.0,25.7,-10.0,0.0,0.0,0.0,0.662,0.792,67.2,0.0,0.0,0.0,,0.0,1467.0,62.6,145.4,0.0,0.0,0.0,0.0,361.4,1263.2,365.0,1259.6,375.8,1245.2,377.6,1288.4,0.0,0.0,145.94,369.95,339.35,115.34,0.5738888888888889,7130.467666666666,2.4411764705882355,386.6,2026-02-13 17:11:43-08:00,369.95000000000005,307.35,83.34,0.48,0.48,True
702.06,2.0,8.0,2026-02-14 01:23:19,37.08203,-121.59892,308.0,9.0,164.1,-12.6,0.0,0.0,0.0,0.0,0.0,10.3,1.5,150.6,0.0,142.0,2.7,-0.0,1.1,0.0,20.0,0.0,30.11,377.0,0.0,0.0,326.0,0.0,0.0,0.0,0.0,0.0,0.0,0.0,0.0,0.0,0.0,0.0,0.0,3.0,0.0,0.0,-4.0,0.0,0.0,0.0,0.0,1.0,0.0,0.0,1200.0,67.0,1427.0,1427.0,15.2,3.5,0.0,3.5,25.7,0.0,0.0,35.3,0.0,0.0,3.9,1.6,0.7,12.0,0.0,0.0,25.7,-10.0,0.0,0.0,0.0,0.679,0.791,67.4,0.0,0.0,0.0,,0.0,1427.0,62.6,145.4,0.0,0.0,0.0,0.0,361.4,1266.8,365.0,1259.6,377.6,1247.0,377.6,1290.2,0.0,0.0,146.12,370.4,339.8,115.52,0.5748472222222222,7145.057333333333,2.5714285714285716,386.6,2026-02-13 17:11:43-08:00,370.4,307.79999999999995,83.52000000000001,0.48,0.48,True
703.06,2.0,8.0,2026-02-14 01:23:20,37.08199,-121.59891,308.0,9.2,167.5,-12.6,0.0,0.0,0.0,0.0,0.0,10.5,1.6,163.3,0.0,142.0,8.5,-0.04,0.7,0.0,3.0,0.0,30.11,377.0,0.0,0.0,326.0,0.0,0.0,0.0,0.0,0.0,0.0,0.0,0.0,0.0,0.0,0.0,0.0,2.0,0.0,0.0,-4.0,0.0,0.0,0.0,0.0,1.0,0.0,0.0,1200.0,66.0,1362.0,1362.0,14.8,3.5,0.0,3.5,25.7,0.0,0.0,35.3,0.0,0.0,4.0,1.6,0.7,12.0,0.0,0.0,25.7,-10.0,0.0,0.0,0.0,0.665,0.791,65.7,0.0,0.0,0.0,,0.0,1362.0,62.6,145.4,0.0,0.0,0.0,0.0,363.2,1268.6,365.0,1259.6,377.6,1248.8,377.6,1292.0,0.0,0.0,146.12,370.85,340.25,115.52,0.5758194444444444,7160.406,2.6285714285714286,386.6,2026-02-13 17:11:43-08:00,370.85,308.25,83.52000000000001,0.48,0.48,True
704.06,2.0,8.0,2026-02-14 01:23:21,37.08194,-121.5989,307.0,9.1,186.3,-12.6,0.0,0.0,0.0,0.0,0.0,11.0,-0.1,180.8,0.0,142.0,14.3,-0.12,1.3,0.0,-10.0,0.0,30.11,377.0,0.0,0.0,326.0,0.0,0.0,0.0,0.0,0.0,0.0,0.0,0.0,0.0,0.0,0.0,0.0,2.0,0.0,0.0,-4.0,0.0,0.0,0.0,0.0,1.0,0.0,0.0,1200.0,65.0,1317.0,1317.0,14.6,3.4,0.0,3.4,25.7,0.0,0.0,35.3,0.0,0.0,4.1,1.6,0.7,12.0,0.0,0.0,25.7,-10.0,0.0,0.0,0.0,0.658,0.791,64.7,0.0,0.0,0.0,,0.0,1317.0,62.6,145.4,0.0,0.0,0.0,0.0,363.2,1270.4,365.0,1259.6,377.6,1247.0,377.6,1292.0,0.0,0.0,146.3,370.85,340.25,115.7,0.5767777777777777,7175.839,2.676470588235294,386.6,2026-02-13 17:11:43-08:00,370.85,308.25,83.70000000000002,0.48,0.48,True
705.06,2.0,8.0,2026-02-14 01:23:22,37.08191,-121.59892,307.0,9.0,203.0,-12.6,0.0,0.0,0.0,0.0,0.0,10.9,-0.3,197.4,0.0,142.0,15.9,-0.15,1.0,0.0,-29.0,0.0,30.11,376.0,0.0,0.0,326.0,0.0,0.0,0.0,0.0,0.0,0.0,0.0,0.0,0.0,0.0,0.0,0.0,2.0,0.0,0.0,-4.0,0.0,0.0,0.0,0.0,1.0,0.0,0.0,1200.0,65.0,1327.0,1327.0,14.5,3.4,0.0,3.4,25.7,0.0,0.0,35.3,0.0,0.0,4.1,1.6,0.7,12.0,0.0,0.0,25.7,-10.0,0.0,0.0,0.0,0.657,0.791,64.5,0.0,0.0,0.0,,0.0,1327.0,62.6,145.4,0.0,0.0,0.0,0.0,363.2,1268.6,365.0,1259.6,377.6,1248.8,377.6,1292.0,0.0,0.0,146.3,370.85,340.25,115.7,0.5777222222222221,7191.103333333333,2.6470588235294117,386.6,2026-02-13 17:11:43-08:00,370.85,308.25,83.70000000000002,0.48,0.48,True
706.06,2.0,8.0,2026-02-14 01:23:23,37.08187,-121.59895,308.0,9.2,220.3,-12.6,0.0,0.0,0.0,0.0,0.0,11.1,0.5,212.6,0.0,142.0,15.6,-0.16,1.0,0.0,-8.0,0.0,30.11,376.0,0.0,0.0,326.0,0.0,0.0,0.0,0.0,0.0,0.0,0.0,0.0,0.0,0.0,0.0,0.0,2.0,0.0,0.0,-5.0,0.0,0.0,0.0,0.0,1.0,0.0,0.0,1200.0,69.0,1530.0,1530.0,15.8,3.5,0.0,3.5,25.6,0.0,0.0,35.3,0.0,0.0,4.0,1.6,0.7,12.0,0.0,0.0,25.6,-10.0,0.0,0.0,0.0,0.659,0.791,69.1,0.0,0.0,0.0,,0.0,1530.0,62.6,147.2,0.0,0.0,0.0,0.0,363.2,1266.8,365.0,1259.6,377.6,1250.6,377.6,1292.0,0.0,0.0,146.48,370.85,340.25,115.88,0.5786805555555555,7206.451999999999,2.6285714285714286,386.6,2026-02-13 17:11:43-08:00,370.85,308.25,83.88,0.48,0.48,True
707.06,2.0,8.0,2026-02-14 01:23:24,37.08184,-121.59898,306.0,9.3,237.5,-12.6,0.0,0.0,0.0,0.0,0.0,11.8,0.7,223.6,0.0,142.0,12.9,-0.1,0.9,0.0,25.0,0.0,30.11,376.0,0.0,0.0,326.0,0.0,0.0,0.0,0.0,0.0,0.0,0.0,0.0,0.0,0.0,0.0,0.0,2.0,0.0,0.0,-7.0,0.0,0.0,0.0,0.0,1.0,0.0,0.0,1200.0,68.0,1496.0,1496.0,15.6,3.6,0.0,3.6,25.6,0.0,0.0,35.3,0.0,0.0,3.9,1.6,0.7,12.0,0.0,0.0,25.6,-10.0,0.0,0.0,0.0,0.657,0.791,68.5,0.0,0.0,0.0,,0.0,1496.0,62.6,147.2,0.0,0.0,0.0,0.0,363.2,1268.6,365.0,1263.2,377.6,1254.2,377.6,1292.0,0.0,0.0,146.48,370.85,340.25,115.88,0.5796666666666667,7222.053666666667,2.5833333333333335,386.6,2026-02-13 17:11:43-08:00,370.85,308.25,83.88,0.48,0.48,True
708.06,2.0,8.0,2026-02-14 01:23:25,37.08183,-121.59903,307.0,9.4,246.2,-12.6,0.0,0.0,0.0,0.0,0.0,11.3,0.6,229.0,0.0,142.0,8.2,-0.05,0.9,0.0,0.0,0.0,30.11,376.0,0.0,0.0,326.0,0.0,0.0,0.0,0.0,0.0,0.0,0.0,0.0,0.0,0.0,0.0,0.0,2.0,0.0,0.0,-9.0,0.0,0.0,0.0,0.0,1.0,0.0,0.0,1200.0,68.0,1470.0,1470.0,15.5,3.7,0.0,3.7,25.7,0.0,0.0,35.3,0.0,0.0,3.9,1.6,0.7,12.0,0.0,0.0,25.7,-10.0,0.0,0.0,0.0,0.657,0.791,68.1,0.0,0.0,0.0,,0.0,1470.0,62.6,147.2,0.0,0.0,0.0,0.0,363.2,1270.4,365.0,1263.2,377.6,1254.2,377.6,1295.6,0.0,0.0,146.48,370.85,340.25,115.88,0.5806805555555555,7237.824,2.5405405405405403,386.6,2026-02-13 17:11:43-08:00,370.85,308.25,83.88,0.48,0.48,True
709.06,2.0,8.0,2026-02-14 01:23:26,37.08181,-121.59908,307.0,9.2,252.9,-12.6,0.0,0.0,0.0,0.0,0.0,11.6,0.6,232.0,0.0,142.0,4.6,-0.02,1.1,0.0,-10.0,0.0,30.11,376.0,0.0,0.0,326.0,0.0,0.0,0.0,0.0,0.0,0.0,0.0,0.0,0.0,0.0,0.0,0.0,2.0,0.0,0.0,-8.0,0.0,0.0,0.0,0.0,1.0,0.0,0.0,1200.0,66.0,1395.0,1395.0,14.9,3.6,0.0,3.6,25.7,0.0,0.0,35.3,0.0,0.0,3.9,1.6,0.7,12.0,0.0,0.0,25.7,-9.0,0.0,0.0,0.0,0.656,0.791,66.3,0.0,0.0,0.0,,0.0,1395.0,62.6,147.2,0.0,0.0,0.0,0.0,363.2,1272.2,365.0,1263.2,377.6,1252.4,377.6,1295.6,0.0,0.0,146.66000000000005,370.85,340.25,116.06,0.5816944444444444,7253.509999999999,2.5555555555555554,386.6,2026-02-13 17:11:43-08:00,370.85,308.25,84.06000000000006,0.48,0.48,True
710.06,2.0,8.0,2026-02-14 01:23:27,37.0818,-121.59914,310.0,9.3,247.4,-12.6,0.0,0.0,0.0,0.0,0.0,12.0,0.1,234.2,0.0,142.0,2.7,-0.02,1.2,0.0,-22.0,0.0,30.11,376.0,0.0,0.0,326.0,0.0,0.0,0.0,0.0,0.0,0.0,0.0,0.0,0.0,0.0,0.0,0.0,2.0,0.0,0.0,-9.0,0.0,0.0,0.0,0.0,1.0,0.0,0.0,1200.0,65.0,1373.0,1373.0,14.9,3.6,0.0,3.6,25.7,0.0,0.0,35.3,0.0,0.0,4.0,1.6,0.7,12.0,0.0,0.0,25.7,-9.0,0.0,0.0,0.0,0.656,0.792,65.2,0.0,0.0,0.0,,0.0,1373.0,62.6,147.2,0.0,0.0,0.0,0.0,363.2,1272.2,365.0,1265.0,377.6,1254.2,377.6,1295.6,0.0,0.0,146.66000000000005,370.85,340.25,116.06,0.5826944444444444,7269.111666666667,2.5833333333333335,386.6,2026-02-13 17:11:43-08:00,370.85,308.25,84.06000000000006,0.48,0.48,True
711.06,2.0,8.0,2026-02-14 01:23:28,37.08178,-121.59918,306.0,8.3,263.3,-12.6,0.0,0.0,0.0,0.0,0.0,12.0,-0.8,233.5,0.0,142.0,0.4,0.0,0.8,0.0,3.0,0.0,30.11,376.0,0.0,0.0,326.0,0.0,0.0,0.0,0.0,0.0,0.0,0.0,0.0,0.0,0.0,0.0,0.0,2.0,0.0,0.0,-9.0,0.0,0.0,0.0,0.0,1.0,0.0,0.0,1200.0,65.0,1327.0,1327.0,14.7,3.5,0.0,3.5,25.7,0.0,0.0,35.3,0.0,0.0,4.0,1.6,0.7,12.0,0.0,0.0,25.7,-9.0,0.0,0.0,0.0,0.656,0.792,64.5,0.0,0.0,0.0,,0.0,1327.0,62.6,147.2,0.0,0.0,0.0,0.0,363.2,1272.2,365.0,1265.0,377.6,1254.2,377.6,1295.6,0.0,0.0,146.66000000000005,370.85,340.25,116.06,0.5836805555555555,7283.954333333333,2.3714285714285714,386.6,2026-02-13 17:11:43-08:00,370.85,308.25,84.06000000000006,0.48,0.48,True
712.06,2.0,7.0,2026-02-14 01:23:29,37.08176,-121.59923,302.0,8.4,250.9,-12.6,0.0,0.0,0.0,0.0,0.0,12.2,-1.2,232.1,0.0,142.0,-1.1,0.01,0.9,0.0,-20.0,0.0,30.11,376.0,0.0,0.0,326.0,0.0,0.0,0.0,0.0,0.0,0.0,0.0,0.0,0.0,0.0,0.0,0.0,2.0,0.0,0.0,-10.0,0.0,0.0,0.0,0.0,1.0,0.0,0.0,1200.0,63.0,1292.0,1292.0,14.6,3.5,0.0,3.5,25.7,0.0,0.0,35.3,0.0,0.0,4.1,1.6,0.7,12.0,0.0,0.0,25.7,-9.0,0.0,0.0,0.0,0.656,0.792,63.4,0.0,0.0,0.0,,0.0,1292.0,62.6,147.2,0.0,0.0,0.0,0.0,363.2,1274.0,365.0,1265.0,377.6,1254.2,377.6,1297.4,0.0,0.0,146.83999999999995,370.85,340.25,116.24,0.5846527777777777,7298.038,2.4,386.6,2026-02-13 17:11:43-08:00,370.85,308.25,84.23999999999995,0.48,0.48,True
713.06,2.0,7.0,2026-02-14 01:23:30,37.08175,-121.59927,303.0,8.0,248.8,-12.6,0.0,0.0,0.0,0.0,0.0,11.9,-1.5,232.3,0.0,142.0,-1.2,-0.01,0.9,0.0,-26.0,0.0,30.11,376.0,0.0,0.0,326.0,0.0,0.0,0.0,0.0,0.0,0.0,0.0,0.0,0.0,0.0,0.0,0.0,2.0,0.0,0.0,-11.0,0.0,0.0,0.0,0.0,1.0,0.0,0.0,1200.0,63.0,1284.0,1284.0,14.4,3.4,0.0,3.4,25.7,0.0,0.0,35.3,0.0,0.0,4.1,1.6,0.7,12.0,0.0,0.0,25.7,-9.0,0.0,0.0,0.0,0.657,0.791,63.2,0.0,0.0,0.0,,0.0,1284.0,62.6,147.2,0.0,0.0,0.0,0.0,363.2,1272.2,365.0,1265.0,377.6,1254.2,377.6,1295.6,0.0,0.0,146.83999999999995,370.85,340.25,116.24,0.5856111111111111,7311.868666666666,2.3529411764705883,386.6,2026-02-13 17:11:43-08:00,370.85,308.25,84.23999999999995,0.48,0.48,True
714.06,2.0,7.0,2026-02-14 01:23:31,37.08173,-121.59932,303.0,7.5,248.5,-12.6,0.0,0.0,0.0,0.0,0.0,11.5,-1.6,230.8,0.0,142.0,-1.7,-0.02,0.8,0.0,11.0,0.0,30.11,376.0,0.0,0.0,326.0,0.0,0.0,0.0,0.0,0.0,0.0,0.0,0.0,0.0,0.0,0.0,0.0,2.0,0.0,0.0,-11.0,0.0,0.0,0.0,0.0,1.0,0.0,0.0,1200.0,63.0,1260.0,1260.0,14.3,3.3,0.0,3.3,25.7,0.0,0.0,35.3,0.0,0.0,4.1,1.6,0.7,12.0,0.0,0.0,25.7,-9.0,0.0,0.0,0.0,0.654,0.792,62.9,0.0,0.0,0.0,,0.0,1260.0,62.6,147.2,0.0,0.0,0.0,0.0,363.2,1268.6,365.0,1265.0,377.6,1252.4,377.6,1295.6,0.0,0.0,147.02,370.85,340.25,116.42,0.5865416666666666,7324.940333333333,2.272727272727273,386.6,2026-02-13 17:11:43-08:00,370.85,308.25,84.42000000000002,0.48,0.48,True
715.06,2.0,7.0,2026-02-14 01:23:32,37.08172,-121.59936,303.0,7.2,245.0,-12.6,0.0,0.0,0.0,0.0,0.0,11.5,-1.6,226.9,0.0,142.0,-3.1,0.0,1.3,0.0,32.0,0.0,30.11,376.0,0.0,0.0,326.0,0.0,0.0,0.0,0.0,0.0,0.0,0.0,0.0,0.0,0.0,0.0,0.0,2.0,0.0,0.0,-11.0,0.0,0.0,0.0,0.0,1.0,0.0,0.0,1200.0,63.0,1251.0,1251.0,14.2,3.3,0.0,3.3,25.7,0.0,0.0,35.3,0.0,0.0,4.1,1.6,0.7,12.0,0.0,0.0,25.7,-9.0,0.0,0.0,0.0,0.657,0.792,62.8,0.0,0.0,0.0,,0.0,1251.0,62.6,147.2,0.0,0.0,0.0,0.0,363.2,1266.8,365.0,1263.2,377.6,1250.6,377.6,1293.8,0.0,0.0,147.02,370.85,340.25,116.42,0.5874583333333333,7337.337333333333,2.181818181818182,386.6,2026-02-13 17:11:43-08:00,370.85,308.25,84.42000000000002,0.48,0.48,True
716.06,2.0,8.0,2026-02-14 01:23:33,37.08176,-121.59939,331.0,6.8,246.4,-12.6,0.0,0.0,0.0,0.0,0.0,11.5,-1.4,223.5,0.0,142.0,-3.4,0.02,0.7,0.0,5.0,0.0,30.11,376.0,0.0,0.0,326.0,0.0,0.0,0.0,0.0,0.0,0.0,0.0,0.0,0.0,0.0,0.0,0.0,2.0,0.0,0.0,-11.0,0.0,0.0,0.0,0.0,1.0,0.0,0.0,1200.0,62.0,1230.0,1230.0,14.2,3.2,0.0,3.2,25.7,0.0,0.0,35.3,0.0,0.0,4.1,1.6,0.7,12.0,0.0,0.0,25.7,-9.0,0.0,0.0,0.0,0.656,0.792,62.3,0.0,0.0,0.0,,0.0,1230.0,62.6,147.2,0.0,0.0,0.0,0.0,361.4,1265.0,365.0,1263.2,377.6,1247.0,377.6,1290.2,0.0,0.0,147.2,370.4,339.8,116.6,0.5883611111111111,7349.143999999999,2.125,386.6,2026-02-13 17:11:43-08:00,370.4,307.79999999999995,84.6,0.48,0.48,True
717.06,2.0,8.0,2026-02-14 01:23:34,37.08175,-121.59942,333.0,6.5,242.7,-12.6,0.0,0.0,0.0,0.0,0.0,12.0,-0.5,224.9,0.0,142.0,-0.7,-0.02,1.2,0.0,15.0,0.0,30.11,376.0,0.0,0.0,326.0,0.0,0.0,0.0,0.0,0.0,0.0,0.0,0.0,0.0,0.0,0.0,0.0,3.0,0.0,0.0,-11.0,0.0,0.0,0.0,0.0,1.0,0.0,0.0,1200.0,62.0,1226.0,1226.0,14.0,3.2,0.0,3.2,25.7,0.0,0.0,35.3,0.0,0.0,4.2,1.6,0.7,12.0,0.0,0.0,25.7,-9.0,0.0,0.0,0.0,0.656,0.791,62.1,0.0,0.0,0.0,,0.0,1226.0,62.6,147.2,0.0,0.0,0.0,0.0,361.4,1265.0,365.0,1261.4,377.6,1243.4,377.6,1288.4,0.0,0.0,147.2,370.4,339.8,116.6,0.5892499999999999,7360.360333333333,2.03125,386.6,2026-02-13 17:11:43-08:00,370.4,307.79999999999995,84.6,0.48,0.48,True
718.06,2.0,8.0,2026-02-14 01:23:35,37.08174,-121.59945,336.0,5.6,251.5,-12.6,0.0,0.0,0.0,0.0,0.0,11.9,0.2,223.4,0.0,142.0,-1.0,0.01,1.0,0.0,-12.0,0.0,30.11,376.0,0.0,0.0,326.0,0.0,0.0,0.0,0.0,0.0,0.0,0.0,0.0,0.0,0.0,0.0,0.0,3.0,0.0,0.0,-11.0,0.0,0.0,0.0,0.0,1.0,0.0,0.0,1200.0,63.0,1247.0,1247.0,14.1,3.1,0.0,3.1,25.7,0.0,0.0,35.3,0.0,0.0,4.2,1.6,0.7,12.0,0.0,0.0,25.7,-9.0,0.0,0.0,0.0,0.654,0.791,62.6,0.0,0.0,0.0,,0.0,1247.0,62.6,147.2,0.0,0.0,0.0,0.0,361.4,1263.2,365.0,1259.6,377.6,1241.6,377.6,1286.6,0.0,0.0,147.38,370.4,339.8,116.78,0.590125,7370.564666666666,1.8064516129032255,386.6,2026-02-13 17:11:43-08:00,370.4,307.79999999999995,84.78,0.48,0.48,True
719.06,2.0,8.0,2026-02-14 01:23:36,37.08174,-121.59948,337.0,4.2,252.0,-12.6,0.0,0.0,0.0,0.0,0.0,11.7,0.8,222.0,0.0,142.0,-1.3,0.03,1.0,0.0,-8.0,0.0,30.11,376.0,0.0,0.0,326.0,0.0,0.0,0.0,0.0,0.0,0.0,0.0,0.0,0.0,0.0,0.0,0.0,3.0,0.0,0.0,-10.0,0.0,0.0,0.0,0.0,1.0,0.0,0.0,1200.0,62.0,1197.0,1197.0,13.9,3.0,0.0,3.0,25.7,0.0,0.0,35.3,0.0,0.0,4.1,1.6,0.7,12.0,0.0,0.0,25.7,-9.0,0.0,0.0,0.0,0.658,0.791,61.6,0.0,0.0,0.0,,0.0,1197.0,62.6,147.2,0.0,0.0,0.0,0.0,361.4,1263.2,365.0,1259.6,377.6,1243.4,377.6,1283.0,0.0,0.0,147.38,370.4,339.8,116.78,0.5909722222222222,7378.829333333333,1.4000000000000001,386.6,2026-02-13 17:11:43-08:00,370.4,307.79999999999995,84.78,0.48,0.48,True
720.06,2.0,8.0,2026-02-14 01:23:37,37.08173,-121.5995,340.0,4.7,244.5,-12.6,0.0,0.0,0.0,0.0,0.0,12.0,0.3,220.9,0.0,142.0,-1.3,0.02,1.0,0.0,49.0,0.0,30.11,376.0,0.0,0.0,326.0,0.0,0.0,0.0,0.0,0.0,0.0,0.0,0.0,0.0,0.0,0.0,0.0,3.0,0.0,0.0,-10.0,0.0,0.0,0.0,0.0,1.0,0.0,0.0,1200.0,71.0,1571.0,1571.0,16.9,3.4,0.0,3.4,25.7,0.0,0.0,35.3,0.0,0.0,4.0,1.6,0.7,12.0,0.0,0.0,25.7,-9.0,0.0,0.0,0.0,0.682,0.792,70.7,0.0,0.0,0.0,R,0.0,1571.0,62.6,147.2,0.0,0.0,0.0,0.0,361.4,1257.8,365.0,1257.8,377.6,1243.4,377.6,1283.0,0.0,0.0,147.38,370.4,339.8,116.78,0.5918611111111111,7386.334999999999,1.3823529411764708,386.6,2026-02-13 17:11:43-08:00,370.4,307.79999999999995,84.78,0.48,0.48,True
721.06,2.0,8.0,2026-02-14 01:23:38,37.08172,-121.59953,341.0,4.3,243.3,-12.6,0.0,0.0,0.0,0.0,0.0,11.8,0.2,220.5,0.0,142.0,-0.9,0.02,1.0,0.0,35.0,0.0,30.11,375.0,0.0,0.0,326.0,0.0,0.0,0.0,0.0,0.0,0.0,0.0,0.0,0.0,0.0,0.0,0.0,2.0,0.0,0.0,-10.0,0.0,0.0,0.0,0.0,1.0,0.0,0.0,1200.0,64.0,1279.0,1279.0,14.1,3.3,0.0,3.3,25.8,0.0,0.0,35.3,0.0,0.0,4.0,1.6,0.7,12.0,0.0,0.0,25.8,-9.0,0.0,0.0,0.0,0.659,0.792,63.6,0.0,0.0,0.0,,0.0,1279.0,62.6,147.2,0.0,0.0,0.0,0.0,361.4,1263.2,365.0,1261.4,377.6,1247.0,377.6,1290.2,0.0,0.0,147.56,370.4,339.8,116.96,0.5927916666666666,7393.924999999999,1.303030303030303,386.6,2026-02-13 17:11:43-08:00,370.4,307.79999999999995,84.96000000000001,0.48,0.48,True
722.06,2.0,8.0,2026-02-14 01:23:39,37.08171,-121.59955,343.0,4.0,242.0,-12.6,0.0,0.0,0.0,0.0,0.0,11.5,0.0,220.0,0.0,142.0,-0.5,0.01,0.9,0.0,-8.0,0.0,30.11,375.0,0.0,0.0,326.0,0.0,0.0,0.0,0.0,0.0,0.0,0.0,0.0,0.0,0.0,0.0,0.0,2.0,0.0,0.0,2.0,0.0,0.0,0.0,0.0,1.0,0.0,0.0,1200.0,62.0,1238.0,1238.0,14.0,3.3,0.0,3.3,25.7,0.0,0.0,35.3,0.0,0.0,4.1,1.6,0.7,12.0,0.0,0.0,25.7,-9.0,0.0,0.0,0.0,0.656,0.791,62.4,0.0,0.0,0.0,,0.0,1238.0,62.6,147.2,0.0,0.0,0.0,0.0,361.4,1263.2,365.0,1261.4,377.6,1245.2,377.6,1288.4,0.0,0.0,147.56,370.4,339.8,116.96,0.5937083333333333,7400.924666666666,1.2121212121212122,386.6,2026-02-13 17:11:43-08:00,370.4,307.79999999999995,84.96000000000001,0.48,0.48,True
723.06,2.0,8.0,2026-02-14 01:23:40,37.08171,-121.59956,344.0,3.0,244.2,-12.6,0.0,0.0,0.0,0.0,0.0,11.3,0.0,219.2,0.0,142.0,-0.4,0.0,1.0,0.0,-31.0,0.0,30.11,375.0,0.0,0.0,326.0,0.0,0.0,0.0,0.0,0.0,0.0,0.0,0.0,0.0,0.0,0.0,0.0,2.0,0.0,0.0,2.0,0.0,0.0,0.0,0.0,1.0,0.0,0.0,1200.0,62.0,1232.0,1232.0,13.9,3.2,0.0,3.2,25.7,0.0,0.0,35.3,0.0,0.0,4.1,1.6,0.7,12.0,0.0,0.0,25.7,-9.0,0.0,0.0,0.0,0.659,0.792,62.2,0.0,0.0,0.0,,0.0,1232.0,62.6,147.2,0.0,0.0,0.0,0.0,361.4,1263.2,365.0,1261.4,377.6,1245.2,377.6,1284.8,0.0,0.0,147.73999999999998,370.4,339.8,117.14,0.5946111111111111,7406.8279999999995,0.9375,386.6,2026-02-13 17:11:43-08:00,370.4,307.79999999999995,85.13999999999999,0.48,0.48,True
724.06,2.0,8.0,2026-02-14 01:23:41,37.0817,-121.59957,344.0,0.4,246.3,-12.6,0.0,0.0,0.0,0.0,0.0,10.9,-0.0,217.8,0.0,142.0,-0.8,0.01,1.0,0.0,-6.0,0.0,30.11,375.0,0.0,0.0,326.0,0.0,0.0,0.0,0.0,0.0,0.0,0.0,0.0,0.0,0.0,0.0,0.0,2.0,0.0,0.0,2.0,0.0,0.0,0.0,0.0,1.0,0.0,0.0,1200.0,61.0,1166.0,1166.0,13.8,3.1,0.0,3.1,25.7,0.0,0.0,35.3,0.0,0.0,4.1,1.6,0.7,12.0,0.0,0.0,25.7,-9.0,0.0,0.0,0.0,0.656,0.791,61.0,0.0,0.0,0.0,,0.0,1166.0,62.6,147.2,0.0,0.0,0.0,0.0,361.4,1263.2,365.0,1259.6,377.6,1243.4,377.6,1283.0,0.0,0.0,147.73999999999998,370.4,339.8,117.14,0.595486111111111,7409.695333333333,0.12903225806451613,386.6,2026-02-13 17:11:43-08:00,370.4,307.79999999999995,85.13999999999999,0.48,0.48,True
725.06,2.0,8.0,2026-02-14 01:23:42,37.0817,-121.59957,345.0,0.4,246.3,-12.6,0.0,0.0,0.0,0.0,0.0,10.4,0.1,217.2,0.0,142.0,-0.4,0.01,1.0,0.0,-12.0,0.0,30.11,375.0,0.0,0.0,326.0,0.0,0.0,0.0,0.0,0.0,0.0,0.0,0.0,0.0,0.0,0.0,0.0,2.0,0.0,0.0,2.0,0.0,0.0,0.0,0.0,1.0,0.0,0.0,1200.0,59.0,1060.0,1060.0,13.2,2.9,0.0,2.9,25.8,0.0,0.0,35.3,0.0,0.0,4.1,1.6,0.7,12.0,0.0,0.0,25.8,-9.0,0.0,0.0,0.0,0.656,0.791,59.4,0.0,0.0,0.0,,0.0,1060.0,62.6,147.2,0.0,0.0,0.0,0.0,361.4,1263.2,365.0,1256.0,377.6,1238.0,377.6,1279.4,0.0,0.0,147.92000000000002,370.4,339.8,117.32,0.5963194444444444,7410.37,0.13793103448275862,386.6,2026-02-13 17:11:43-08:00,370.4,307.79999999999995,85.32000000000002,0.48,0.48,True
726.06,2.0,8.0,2026-02-14 01:23:43,37.0817,-121.59957,346.0,0.1,246.3,-12.6,0.0,0.0,0.0,0.0,0.0,10.2,0.0,216.7,0.0,142.0,-0.2,0.0,1.0,0.0,11.0,0.0,30.11,375.0,0.0,0.0,326.0,0.0,0.0,0.0,0.0,0.0,0.0,0.0,0.0,0.0,0.0,0.0,0.0,2.0,0.0,0.0,2.0,0.0,0.0,0.0,0.0,1.0,0.0,0.0,1200.0,65.0,1444.0,1444.0,16.0,3.1,0.0,3.1,25.5,0.0,0.0,35.3,0.0,0.0,4.1,1.6,0.7,12.0,0.0,0.0,25.5,-9.0,0.0,0.0,0.0,0.658,0.791,64.8,0.0,0.0,0.0,,0.0,1444.0,62.6,147.2,0.0,0.0,0.0,0.0,361.4,1261.4,365.0,1254.2,377.6,1234.4,377.6,1275.8,0.0,0.0,147.92000000000002,370.4,339.8,117.32,0.5971527777777778,7410.791666666666,0.03225806451612903,386.6,2026-02-13 17:11:43-08:00,370.4,307.79999999999995,85.32000000000002,0.48,0.48,True
727.06,2.0,8.0,2026-02-14 01:23:44,37.08171,-121.59958,347.0,0.2,246.3,-12.6,0.0,0.0,0.0,0.0,0.0,10.2,-0.0,216.3,0.0,142.0,-0.1,0.0,0.9,0.0,76.0,0.0,30.11,376.0,0.0,0.0,326.0,0.0,0.0,0.0,0.0,0.0,0.0,0.0,0.0,0.0,0.0,0.0,0.0,2.0,0.0,0.0,2.0,0.0,0.0,0.0,0.0,1.0,0.0,0.0,1200.0,73.0,1749.0,1749.0,17.3,3.6,0.0,3.6,25.5,0.0,0.0,35.3,0.0,0.0,3.9,1.6,0.7,12.0,0.0,0.0,25.5,-9.0,0.0,0.0,0.0,0.663,0.791,73.2,0.0,0.0,5.0,R,0.0,1749.0,62.6,147.2,0.0,0.0,0.0,0.0,361.4,1263.2,365.0,1254.2,377.6,1238.0,377.6,1277.6,0.0,0.0,147.92000000000002,370.4,339.8,117.32,0.5980833333333333,7411.044666666667,0.05555555555555556,386.6,2026-02-13 17:11:43-08:00,370.4,307.79999999999995,85.32000000000002,0.48,0.48,True
728.06,2.0,8.0,2026-02-14 01:23:45,37.08171,-121.59958,348.0,0.8,246.3,-12.6,0.0,0.0,0.0,0.0,0.0,10.4,0.1,215.8,0.0,142.0,-0.3,0.0,0.9,0.0,108.0,0.0,30.11,375.0,0.0,0.0,326.0,0.0,0.0,0.0,0.0,0.0,0.0,0.0,0.0,0.0,0.0,0.0,0.0,2.0,0.0,0.0,2.0,0.0,0.0,0.0,0.0,1.0,0.0,0.0,1200.0,76.0,1856.0,1856.0,17.8,4.1,0.0,4.1,25.5,0.0,0.0,35.3,0.0,0.0,3.7,1.6,0.7,12.0,0.0,0.0,25.5,-9.0,0.0,0.0,0.0,0.663,0.791,75.9,0.0,0.0,16.0,R,0.0,1856.0,62.6,147.2,0.0,0.0,0.0,0.0,361.4,1265.0,365.0,1257.8,377.6,1248.8,377.6,1286.6,0.0,0.0,148.1,370.4,339.8,117.5,0.5991527777777778,7411.888,0.19512195121951223,386.6,2026-02-13 17:11:43-08:00,370.4,307.79999999999995,85.5,0.48,0.48,True
729.06,2.0,8.0,2026-02-14 01:23:46,37.08171,-121.59959,348.0,0.2,246.3,-12.6,0.0,0.0,0.0,0.0,0.0,10.6,0.1,215.5,0.0,142.0,-0.4,0.0,1.1,0.0,108.0,0.0,30.11,375.0,0.0,0.0,326.0,0.0,0.0,0.0,0.0,0.0,0.0,0.0,0.0,0.0,0.0,0.0,0.0,2.0,0.0,0.0,2.0,0.0,0.0,0.0,0.0,1.0,0.0,0.0,1200.0,76.0,1906.0,1906.0,17.8,4.6,0.0,4.6,25.4,0.0,0.0,35.3,0.0,0.0,3.7,1.6,0.7,12.0,0.0,0.0,25.4,-9.0,0.0,0.0,0.0,0.66,0.791,75.8,0.0,0.0,19.0,R,0.0,1906.0,62.6,149.0,0.0,0.0,0.0,0.0,361.4,1268.6,365.0,1266.8,377.6,1263.2,379.4,1293.8,0.0,0.0,148.1,370.85,340.25,117.5,0.6003611111111111,7412.731333333333,0.04347826086956522,386.6,2026-02-13 17:11:43-08:00,370.85,308.25,85.5,0.48,0.48,True
730.06,2.0,8.0,2026-02-14 01:23:47,37.08171,-121.59959,349.0,0.6,246.3,-12.6,0.0,0.0,0.0,0.0,0.0,10.5,0.1,214.9,0.0,144.0,-0.5,0.0,1.1,0.0,138.0,0.0,30.11,375.0,0.0,0.0,326.0,0.0,0.0,0.0,0.0,0.0,0.0,0.0,0.0,0.0,0.0,0.0,0.0,2.0,0.0,0.0,0.0,0.0,0.0,0.0,0.0,1.0,0.0,0.0,1200.0,81.0,1987.0,1987.0,19.4,5.1,0.0,5.1,25.6,0.0,0.0,35.3,0.0,0.0,3.6,1.6,0.7,12.0,0.0,0.0,25.6,-9.0,0.0,0.0,0.0,0.686,0.792,80.8,0.0,0.0,30.0,R,0.0,1987.0,62.6,149.0,0.0,0.0,0.0,0.0,363.2,1270.4,365.0,1272.2,377.6,1272.2,379.4,1301.0,0.0,0.0,148.28,371.3,340.7,117.68,0.6017083333333333,7413.406,0.11764705882352941,386.6,2026-02-13 17:11:43-08:00,371.3,308.7,85.68,0.48,0.48,True
731.06,1.0,9.0,2026-02-14 01:23:48,37.08173,-121.59957,331.0,0.3,246.3,-12.6,0.0,0.0,0.0,0.0,0.0,10.6,0.0,215.2,0.0,144.0,-0.1,0.01,0.9,0.0,-53.0,0.0,30.11,370.0,0.0,0.0,326.0,0.0,0.0,0.0,0.0,0.0,0.0,0.0,0.0,0.0,0.0,0.0,0.0,2.0,0.0,0.0,2.0,0.0,0.0,0.0,0.0,1.0,0.0,0.0,1200.0,63.0,1271.0,1271.0,13.0,4.5,0.0,4.5,25.7,0.0,0.0,35.3,0.0,0.0,3.9,1.6,0.7,12.0,0.0,0.0,25.7,-9.0,0.0,0.0,0.0,0.663,0.791,62.6,0.0,0.0,0.0,,0.0,1271.0,62.6,149.0,0.0,0.0,0.0,0.0,363.2,1252.4,366.8,1263.2,379.4,1247.0,379.4,1274.0,0.0,0.0,148.46,372.2,341.6,117.86,0.6030416666666666,7414.165,0.06666666666666667,386.6,2026-02-13 17:11:43-08:00,372.2,309.59999999999997,85.86000000000001,0.48,0.48,True
732.06,1.0,9.0,2026-02-14 01:23:49,37.08172,-121.59959,341.0,0.9,246.3,-12.6,0.0,0.0,0.0,0.0,0.0,10.9,0.0,216.5,0.0,144.0,0.6,0.02,1.0,0.0,-19.0,0.0,30.11,370.0,0.0,0.0,326.0,0.0,0.0,0.0,0.0,0.0,0.0,0.0,0.0,0.0,0.0,0.0,0.0,2.0,0.0,0.0,1.0,0.0,0.0,0.0,0.0,1.0,0.0,0.0,1200.0,75.0,1853.0,1853.0,18.3,4.7,0.0,4.7,25.4,0.0,0.0,35.3,0.0,0.0,3.8,1.6,0.7,12.0,0.0,0.0,25.4,-9.0,0.0,0.0,0.0,0.673,0.792,74.6,0.0,0.0,7.0,R,0.0,1853.0,62.6,149.0,0.0,0.0,0.0,0.0,363.2,1252.4,366.8,1263.2,379.4,1252.4,379.4,1279.4,0.0,0.0,148.46,372.2,341.6,117.86,0.6043194444444444,7415.177,0.19148936170212766,386.6,2026-02-13 17:11:43-08:00,372.2,309.59999999999997,85.86000000000001,0.48,0.48,True
733.06,1.0,9.0,2026-02-14 01:23:50,37.08171,-121.59959,341.0,2.2,239.4,-12.6,0.0,0.0,0.0,0.0,0.0,11.3,0.2,220.7,0.0,144.0,2.6,-0.01,0.9,0.0,46.0,0.0,30.11,370.0,0.0,0.0,326.0,0.0,0.0,0.0,0.0,0.0,0.0,0.0,0.0,0.0,0.0,0.0,0.0,2.0,0.0,0.0,0.0,0.0,0.0,0.0,0.0,1.0,0.0,0.0,1200.0,76.0,1829.0,1829.0,17.5,5.0,0.0,5.0,25.5,0.0,0.0,35.3,0.0,0.0,3.7,1.6,0.7,12.0,0.0,0.0,25.5,-9.0,0.0,0.0,0.0,0.664,0.791,75.7,0.0,0.0,19.0,R,0.0,1829.0,62.6,149.0,0.0,0.0,0.0,0.0,363.2,1257.8,366.8,1268.6,379.4,1265.0,381.2,1288.4,0.0,0.0,148.64,372.65,342.05,118.04,0.6056666666666666,7417.791333333333,0.44000000000000006,386.6,2026-02-13 17:11:43-08:00,372.65,310.04999999999995,86.03999999999999,0.48,0.48,True
734.06,1.0,9.0,2026-02-14 01:23:51,37.08171,-121.5996,341.0,1.5,239.2,-12.6,0.0,0.0,0.0,0.0,0.0,11.2,0.2,222.4,0.0,144.0,2.2,-0.01,0.9,0.0,-52.0,0.0,30.11,378.0,0.0,0.0,326.0,0.0,0.0,0.0,0.0,0.0,0.0,0.0,0.0,0.0,0.0,0.0,0.0,2.0,0.0,0.0,2.0,0.0,0.0,0.0,0.0,1.0,0.0,0.0,1200.0,67.0,1397.0,1397.0,14.5,4.7,0.0,4.7,25.8,0.0,0.0,35.3,0.0,0.0,3.7,1.6,0.7,12.0,0.0,0.0,25.8,-9.0,0.0,0.0,0.0,0.657,0.791,66.9,0.0,0.0,0.0,,0.0,1397.0,62.6,149.0,0.0,0.0,0.0,0.0,365.0,1266.8,366.8,1272.2,379.4,1270.4,381.2,1292.0,0.0,0.0,148.82,373.1,342.5,118.22,0.6070138888888889,7420.911666666666,0.3191489361702127,386.6,2026-02-13 17:11:43-08:00,373.09999999999997,310.49999999999994,86.22,0.48,0.48,True
735.06,1.0,9.0,2026-02-14 01:23:52,37.08171,-121.59961,341.0,0.2,236.7,-12.6,0.0,0.0,0.0,0.0,0.0,10.9,0.1,222.9,0.0,144.0,1.1,-0.0,1.0,0.0,-95.0,0.0,30.11,378.0,0.0,0.0,326.0,0.0,0.0,0.0,0.0,0.0,0.0,0.0,0.0,0.0,0.0,0.0,0.0,2.0,0.0,0.0,2.0,0.0,0.0,0.0,0.0,1.0,0.0,0.0,1200.0,61.0,1092.0,1092.0,12.9,4.3,0.0,4.3,26.0,0.0,0.0,35.3,0.0,0.0,3.9,1.6,0.7,12.0,0.0,0.0,26.0,-9.0,0.0,0.0,0.0,0.654,0.791,60.9,0.0,0.0,0.0,,0.0,1092.0,62.6,149.0,0.0,0.0,0.0,0.0,365.0,1266.8,366.8,1275.8,379.4,1268.6,381.2,1292.0,0.0,0.0,148.82,373.1,342.5,118.22,0.6082638888888888,7422.345333333333,0.04651162790697675,386.6,2026-02-13 17:11:43-08:00,373.09999999999997,310.49999999999994,86.22,0.48,0.48,True
736.06,2.0,9.0,2026-02-14 01:23:53,37.08171,-121.59961,340.0,0.5,236.7,-12.6,0.0,0.0,0.0,0.0,0.0,10.8,0.1,223.0,0.0,143.0,0.4,0.01,1.0,0.0,-48.0,0.0,30.11,376.0,0.0,0.0,326.0,0.0,0.0,0.0,0.0,0.0,0.0,0.0,0.0,0.0,0.0,0.0,0.0,2.0,0.0,0.0,2.0,0.0,0.0,0.0,0.0,1.0,0.0,0.0,1200.0,69.0,1392.0,1392.0,16.4,4.2,0.0,4.2,26.1,0.0,0.0,35.3,0.0,0.0,4.0,1.6,0.7,12.0,0.0,0.0,26.1,-9.0,0.0,0.0,0.0,0.69,0.791,69.2,0.0,0.0,0.0,,0.0,1392.0,62.6,149.0,0.0,0.0,0.0,0.0,363.2,1256.0,366.8,1268.6,379.4,1261.4,381.2,1284.8,0.0,0.0,149.0,372.65,342.05,118.4,0.6094444444444445,7422.935666666666,0.11904761904761904,386.6,2026-02-13 17:11:43-08:00,372.65,310.04999999999995,86.4,0.48,0.48,True
737.06,2.0,9.0,2026-02-14 01:23:54,37.08171,-121.5996,341.0,0.5,236.7,-12.6,0.0,0.0,0.0,0.0,0.0,10.7,0.3,223.0,0.0,142.0,0.1,0.02,1.0,0.0,15.0,0.0,30.11,375.0,0.0,0.0,326.0,0.0,0.0,0.0,0.0,0.0,0.0,0.0,0.0,0.0,0.0,0.0,0.0,2.0,0.0,0.0,2.0,0.0,0.0,0.0,0.0,1.0,0.0,0.0,1200.0,72.0,1488.0,1488.0,17.0,4.2,0.0,4.2,26.0,0.0,0.0,35.3,0.0,0.0,3.9,1.6,0.7,12.0,0.0,0.0,26.0,-9.0,0.0,0.0,0.0,0.682,0.791,71.6,0.0,0.0,0.0,,0.0,1488.0,62.6,149.0,0.0,0.0,0.0,0.0,363.2,1250.6,366.8,1257.8,379.4,1261.4,381.2,1275.8,0.0,0.0,149.0,372.65,342.05,118.4,0.6106111111111111,7423.7789999999995,0.11904761904761904,386.6,2026-02-13 17:11:43-08:00,372.65,310.04999999999995,86.4,0.48,0.48,True
738.06,2.0,9.0,2026-02-14 01:23:55,37.0817,-121.59961,340.0,0.2,236.7,-12.6,0.0,0.0,0.0,0.0,0.0,10.8,0.2,223.3,0.0,141.0,0.0,0.0,1.0,0.0,-96.0,0.0,30.11,374.0,0.0,0.0,326.0,0.0,0.0,0.0,0.0,0.0,0.0,0.0,0.0,0.0,0.0,0.0,0.0,2.0,0.0,0.0,2.0,0.0,0.0,0.0,0.0,1.0,0.0,0.0,1200.0,56.0,920.0,920.0,11.5,3.6,0.0,3.6,25.9,0.0,0.0,35.3,0.0,0.0,4.0,1.6,0.7,12.0,0.0,0.0,25.9,-9.0,0.0,0.0,0.0,0.658,0.791,56.0,0.0,0.0,0.0,,0.0,920.0,62.6,149.0,0.0,0.0,0.0,0.0,363.2,1238.0,366.8,1254.2,379.4,1248.8,381.2,1265.0,0.0,0.0,149.18,372.65,342.05,118.58,0.6116944444444444,7424.369333333333,0.05555555555555556,386.6,2026-02-13 17:11:43-08:00,372.65,310.04999999999995,86.58000000000001,0.48,0.48,True
739.06,2.0,9.0,2026-02-14 01:23:56,37.0817,-121.59961,339.0,0.0,236.7,-12.6,0.0,0.0,0.0,0.0,0.0,10.8,0.1,223.5,0.0,139.0,-0.0,0.0,1.0,0.0,-81.0,0.0,30.11,372.0,0.0,0.0,326.0,0.0,0.0,0.0,0.0,0.0,0.0,0.0,0.0,0.0,0.0,0.0,0.0,2.0,0.0,0.0,0.0,0.0,0.0,0.0,0.0,1.0,0.0,0.0,1200.0,54.0,866.0,866.0,13.1,3.1,0.0,3.1,25.8,0.0,0.0,35.3,0.0,0.0,4.1,1.6,0.7,12.0,0.0,0.0,25.8,-9.0,0.0,0.0,0.0,0.657,0.791,54.0,0.0,0.0,0.0,,0.0,866.0,62.6,149.0,0.0,0.0,0.0,0.0,363.2,1234.4,366.8,1250.6,379.4,1243.4,379.4,1257.8,0.0,0.0,149.18,372.2,341.6,118.58,0.612625,7424.538,0.0,386.6,2026-02-13 17:11:43-08:00,372.2,309.59999999999997,86.58000000000001,0.48,0.48,True
740.06,2.0,9.0,2026-02-14 01:23:57,37.0817,-121.5996,339.0,0.1,236.7,-12.6,0.0,0.0,0.0,0.0,0.0,10.9,0.2,223.6,0.0,139.0,-0.0,0.0,1.0,0.0,-48.0,0.0,30.11,372.0,0.0,0.0,326.0,0.0,0.0,0.0,0.0,0.0,0.0,0.0,0.0,0.0,0.0,0.0,0.0,2.0,0.0,0.0,-3.0,0.0,0.0,0.0,0.0,1.0,0.0,0.0,1200.0,53.0,853.0,853.0,13.5,2.7,0.0,2.7,25.8,0.0,0.0,35.3,0.0,0.0,4.2,1.6,0.7,12.0,0.0,0.0,25.8,-9.0,0.0,0.0,0.0,0.656,0.791,53.5,0.0,0.0,0.0,,0.0,853.0,62.6,149.0,0.0,0.0,0.0,0.0,363.2,1229.0,365.0,1247.0,379.4,1234.4,379.4,1252.4,0.0,0.0,149.18,371.75,341.15,118.58,0.6134305555555555,7424.622333333333,0.037037037037037035,386.6,2026-02-13 17:11:43-08:00,371.75,309.15,86.58000000000001,0.48,0.48,True
741.06,2.0,9.0,2026-02-14 01:23:58,37.0817,-121.5996,338.0,0.0,236.7,-12.6,0.0,0.0,0.0,0.0,0.0,11.0,0.1,223.8,0.0,139.0,-0.0,0.0,1.0,0.0,-28.0,0.0,30.11,372.0,0.0,0.0,326.0,0.0,0.0,0.0,0.0,0.0,0.0,0.0,0.0,0.0,0.0,0.0,0.0,2.0,0.0,0.0,-11.0,0.0,0.0,0.0,0.0,1.0,0.0,0.0,1200.0,53.0,836.0,836.0,13.8,2.4,0.0,2.4,25.8,0.0,0.0,35.3,0.0,0.0,4.3,1.6,0.7,12.0,0.0,0.0,25.8,-9.0,0.0,0.0,0.0,0.656,0.792,53.1,0.0,0.0,0.0,,0.0,836.0,62.6,149.0,0.0,0.0,0.0,0.0,361.4,1227.2,365.0,1243.4,379.4,1229.0,379.4,1247.0,0.0,0.0,149.18,371.3,340.7,118.58,0.6141388888888889,7424.706666666666,0.0,386.6,2026-02-13 17:11:43-08:00,371.29999999999995,308.69999999999993,86.58000000000001,0.48,0.48,True
742.06,2.0,9.0,2026-02-14 01:23:59,37.0817,-121.5996,338.0,0.0,236.7,-12.6,0.0,0.0,0.0,0.0,0.0,11.1,0.0,223.9,0.0,139.0,-0.0,0.0,1.0,0.0,-8.0,0.0,30.11,364.0,0.0,0.0,326.0,0.0,0.0,0.0,0.0,0.0,0.0,0.0,0.0,0.0,0.0,0.0,0.0,2.0,0.0,0.0,-12.0,0.0,0.0,0.0,0.0,1.0,0.0,0.0,1200.0,53.0,839.0,839.0,13.9,2.2,0.0,2.2,25.8,0.0,0.0,35.3,0.0,0.0,4.2,1.6,0.7,12.0,0.0,0.0,25.8,-9.0,0.0,0.0,0.0,0.657,0.792,53.2,0.0,0.0,0.0,,0.0,839.0,62.6,149.0,0.0,0.0,0.0,0.0,361.4,1220.0,365.0,1241.6,377.6,1221.8,379.4,1243.4,0.0,0.0,149.18,370.85,340.25,118.58,0.6147777777777778,7424.706666666666,0.0,386.6,2026-02-13 17:11:43-08:00,370.85,308.25,86.58000000000001,0.48,0.48,True
743.06,2.0,9.0,2026-02-14 01:23:42,37.0817,-121.59961,337.0,0.1,236.7,-12.6,0.0,0.0,0.0,0.0,0.0,11.1,0.0,224.0,0.0,139.0,-0.0,0.0,1.0,0.0,-4.0,0.0,30.11,364.0,0.0,0.0,326.0,0.0,0.0,0.0,0.0,0.0,0.0,0.0,0.0,0.0,0.0,0.0,0.0,2.0,0.0,0.0,-13.0,0.0,0.0,0.0,0.0,1.0,0.0,0.0,1200.0,54.0,857.0,857.0,14.0,2.0,0.0,2.0,25.8,0.0,0.0,35.3,0.0,0.0,4.1,1.6,0.7,12.0,0.0,0.0,25.8,-9.0,0.0,0.0,0.0,0.657,0.792,53.6,0.0,0.0,0.0,,0.0,857.0,62.6,149.0,0.0,0.0,0.0,0.0,361.4,1216.4,365.0,1238.0,377.6,1212.8,379.4,1238.0,0.0,0.0,149.36,370.85,340.25,118.76,0.615361111111111,7424.790999999999,0.05,386.6,2026-02-13 17:11:43-08:00,370.85,308.25,86.76000000000002,0.48,0.48,True
744.06,2.0,9.0,2026-02-14 01:23:43,37.08163,-121.59963,299.0,0.1,236.7,-12.6,0.0,0.0,0.0,0.0,0.0,11.1,0.0,224.1,0.0,139.0,-0.0,0.0,1.0,0.0,20.0,0.0,30.11,364.0,0.0,0.0,326.0,0.0,0.0,0.0,0.0,0.0,0.0,0.0,0.0,0.0,0.0,0.0,0.0,2.0,0.0,0.0,-13.0,0.0,0.0,0.0,0.0,1.0,0.0,0.0,1200.0,53.0,845.0,845.0,14.0,1.9,0.0,1.9,25.8,0.0,0.0,35.3,0.0,0.0,4.1,1.6,0.7,12.0,0.0,0.0,25.8,-9.0,0.0,0.0,0.0,0.657,0.791,53.3,0.0,0.0,0.0,,0.0,845.0,62.6,149.0,0.0,0.0,0.0,0.0,361.4,1214.6,363.2,1236.2,377.6,1207.4,379.4,1230.8,0.0,0.0,149.36,370.4,339.8,118.76,0.6159027777777777,7424.959666666667,0.052631578947368425,386.6,2026-02-13 17:11:43-08:00,370.4,307.79999999999995,86.76000000000002,0.48,0.48,True
745.06,2.0,9.0,2026-02-14 01:23:44,37.08163,-121.59963,299.0,0.0,236.7,-12.6,0.0,0.0,0.0,0.0,0.0,11.1,0.0,224.2,0.0,139.0,-0.0,0.0,1.0,0.0,37.0,0.0,30.11,363.0,0.0,0.0,326.0,0.0,0.0,0.0,0.0,0.0,0.0,0.0,0.0,0.0,0.0,0.0,0.0,2.0,0.0,0.0,-13.0,0.0,0.0,0.0,0.0,1.0,0.0,0.0,1200.0,53.0,837.0,837.0,13.9,1.8,0.0,1.8,25.8,0.0,0.0,35.3,0.0,0.0,4.1,1.6,0.7,12.0,0.0,0.0,25.8,-9.0,0.0,0.0,0.0,0.657,0.791,53.2,0.0,0.0,0.0,,0.0,837.0,62.6,149.0,0.0,0.0,0.0,0.0,361.4,1212.8,363.2,1232.6,377.6,1202.0,377.6,1225.4,0.0,0.0,149.36,369.95,339.35,118.76,0.6164166666666666,7425.044,0.0,386.6,2026-02-13 17:11:43-08:00,369.95000000000005,307.35,86.76000000000002,0.48,0.48,True
746.06,2.0,9.0,2026-02-14 01:23:45,37.08163,-121.59962,299.0,0.0,236.7,-12.6,0.0,0.0,0.0,0.0,0.0,11.2,0.1,224.2,0.0,139.0,-0.0,0.0,1.0,0.0,-8.0,0.0,30.11,363.0,0.0,0.0,326.0,0.0,0.0,0.0,0.0,0.0,0.0,0.0,0.0,0.0,0.0,0.0,0.0,2.0,0.0,0.0,-13.0,0.0,0.0,0.0,0.0,1.0,0.0,0.0,1200.0,53.0,847.0,847.0,13.9,1.7,0.0,1.7,25.8,0.0,0.0,35.3,0.0,0.0,4.1,1.6,0.7,12.0,0.0,0.0,25.8,-9.0,0.0,0.0,0.0,0.657,0.791,53.4,0.0,0.0,0.0,,0.0,847.0,62.6,149.0,0.0,0.0,0.0,0.0,359.6,1209.2,363.2,1230.8,377.6,1196.6,377.6,1220.0,0.0,0.0,149.36,369.5,338.9,118.76,0.6169027777777777,7425.044,0.0,386.6,2026-02-13 17:11:43-08:00,369.5,306.9,86.76000000000002,0.48,0.48,True
747.06,2.0,9.0,2026-02-14 01:23:46,37.08163,-121.59962,300.0,0.0,236.7,-12.6,0.0,0.0,0.0,0.0,0.0,11.2,0.1,224.3,0.0,139.0,-0.0,0.0,1.0,0.0,8.0,0.0,30.11,363.0,0.0,0.0,326.0,0.0,0.0,0.0,0.0,0.0,0.0,0.0,0.0,0.0,0.0,0.0,0.0,2.0,0.0,0.0,-14.0,0.0,0.0,0.0,0.0,1.0,0.0,0.0,1200.0,54.0,852.0,852.0,13.8,1.6,0.0,1.6,25.8,0.0,0.0,35.3,0.0,0.0,4.1,1.6,0.7,12.0,0.0,0.0,25.8,-9.0,0.0,0.0,0.0,0.656,0.792,53.6,0.0,0.0,0.0,,0.0,852.0,62.6,149.0,0.0,0.0,0.0,0.0,359.6,1207.4,363.2,1227.2,377.6,1193.0,377.6,1216.4,0.0,0.0,149.54,369.5,338.9,118.94,0.617361111111111,7425.044,0.0,386.6,2026-02-13 17:11:43-08:00,369.5,306.9,86.94,0.48,0.48,True
748.06,2.0,9.0,2026-02-14 01:23:47,37.08163,-121.59962,298.0,0.1,236.7,-12.6,0.0,0.0,0.0,0.0,0.0,11.1,0.1,224.3,0.0,139.0,-0.0,0.0,1.0,0.0,17.0,0.0,30.11,361.0,0.0,0.0,326.0,0.0,0.0,0.0,0.0,0.0,0.0,0.0,0.0,0.0,0.0,0.0,0.0,2.0,0.0,0.0,-14.0,0.0,0.0,0.0,0.0,1.0,0.0,0.0,1200.0,53.0,841.0,841.0,13.8,1.6,0.0,1.6,25.8,0.0,0.0,35.3,0.0,0.0,4.1,1.6,0.7,12.0,0.0,0.0,25.8,-9.0,0.0,0.0,0.0,0.656,0.791,53.3,0.0,0.0,0.0,,0.0,841.0,62.6,149.0,0.0,0.0,0.0,0.0,359.6,1207.4,363.2,1227.2,377.6,1187.6,377.6,1212.8,0.0,0.0,149.54,369.5,338.9,118.94,0.6178055555555555,7425.128333333333,0.0625,386.6,2026-02-13 17:11:43-08:00,369.5,306.9,86.94,0.48,0.48,True
749.06,2.0,9.0,2026-02-14 01:23:48,37.08163,-121.59962,300.0,0.1,236.7,-12.6,0.0,0.0,0.0,0.0,0.0,11.2,0.0,224.3,0.0,139.0,0.0,0.0,1.0,0.0,-17.0,0.0,30.11,363.0,0.0,0.0,326.0,0.0,0.0,0.0,0.0,0.0,0.0,0.0,0.0,0.0,0.0,0.0,0.0,2.0,0.0,0.0,-14.0,0.0,0.0,0.0,0.0,1.0,0.0,0.0,1200.0,53.0,847.0,847.0,13.9,1.6,0.0,1.6,25.8,0.0,0.0,35.3,0.0,0.0,4.1,1.6,0.7,12.0,0.0,0.0,25.8,-9.0,0.0,0.0,0.0,0.656,0.792,53.3,0.0,0.0,0.0,,0.0,847.0,62.6,149.0,0.0,0.0,0.0,0.0,359.6,1207.4,361.4,1225.4,377.6,1182.2,377.6,1207.4,0.0,0.0,149.54,369.05,338.45,118.94,0.61825,7425.297,0.0625,386.6,2026-02-13 17:11:43-08:00,369.04999999999995,306.44999999999993,86.94,0.48,0.48,True
750.06,2.0,9.0,2026-02-14 01:23:49,37.08162,-121.59962,300.0,0.0,236.7,-12.6,0.0,0.0,0.0,0.0,0.0,11.2,0.0,224.3,0.0,139.0,-0.0,0.0,1.0,0.0,-12.0,0.0,30.11,363.0,0.0,0.0,326.0,0.0,0.0,0.0,0.0,0.0,0.0,0.0,0.0,0.0,0.0,0.0,0.0,2.0,0.0,0.0,-15.0,0.0,0.0,0.0,0.0,1.0,0.0,0.0,1200.0,54.0,855.0,855.0,13.9,1.5,0.0,1.5,25.8,0.0,0.0,35.3,0.0,0.0,4.1,1.6,0.7,12.0,0.0,0.0,25.8,-9.0,0.0,0.0,0.0,0.656,0.792,53.7,0.0,0.0,0.0,,0.0,855.0,62.6,149.0,0.0,0.0,0.0,0.0,359.6,1203.8,361.4,1221.8,377.6,1180.4,377.6,1202.0,0.0,0.0,149.54,369.05,338.45,118.94,0.6186805555555556,7425.381333333333,0.0,386.6,2026-02-13 17:11:43-08:00,369.04999999999995,306.44999999999993,86.94,0.48,0.48,True
751.06,2.0,9.0,2026-02-14 01:23:50,37.0816,-121.59962,290.0,0.1,236.7,-12.6,0.0,0.0,0.0,0.0,0.0,11.2,0.0,224.3,0.0,138.0,-0.0,0.0,1.0,0.0,-20.0,0.0,30.11,363.0,0.0,0.0,326.0,0.0,0.0,0.0,0.0,0.0,0.0,0.0,0.0,0.0,0.0,0.0,0.0,2.0,0.0,0.0,-15.0,0.0,0.0,0.0,0.0,1.0,0.0,0.0,1200.0,54.0,862.0,862.0,13.7,1.5,0.0,1.5,25.8,0.0,0.0,35.3,0.0,0.0,4.1,1.6,0.7,12.0,0.0,0.0,25.8,-9.0,0.0,0.0,0.0,0.656,0.792,53.7,0.0,0.0,0.0,,0.0,862.0,62.6,149.0,0.0,0.0,0.0,0.0,359.6,1203.8,361.4,1220.0,377.6,1175.0,377.6,1200.2,0.0,0.0,149.72,369.05,338.45,119.12,0.6190972222222222,7425.465666666666,0.06666666666666667,386.6,2026-02-13 17:11:43-08:00,369.04999999999995,306.44999999999993,87.12,0.48,0.48,True
752.06,2.0,9.0,2026-02-14 01:23:51,37.0816,-121.59962,291.0,0.1,236.7,-12.6,0.0,0.0,0.0,0.0,0.0,11.2,0.0,224.4,0.0,138.0,-0.0,0.0,1.0,0.0,-22.0,0.0,30.11,370.0,0.0,0.0,326.0,0.0,0.0,0.0,0.0,0.0,0.0,0.0,0.0,0.0,0.0,0.0,0.0,2.0,0.0,0.0,-15.0,0.0,0.0,0.0,0.0,1.0,0.0,0.0,1200.0,54.0,856.0,856.0,13.7,1.5,0.0,1.5,25.8,0.0,0.0,35.3,0.0,0.0,4.1,1.6,0.7,12.0,0.0,0.0,25.8,-9.0,0.0,0.0,0.0,0.656,0.792,53.6,0.0,0.0,0.0,,0.0,856.0,62.6,149.0,0.0,0.0,0.0,0.0,359.6,1202.0,361.4,1216.4,377.6,1173.2,377.6,1196.6,0.0,0.0,149.72,369.05,338.45,119.12,0.6195138888888888,7425.6343333333325,0.06666666666666667,386.6,2026-02-13 17:11:43-08:00,369.04999999999995,306.44999999999993,87.12,0.48,0.48,True
753.06,2.0,9.0,2026-02-14 01:23:52,37.0816,-121.59962,291.0,0.0,236.7,-12.6,0.0,0.0,0.0,0.0,0.0,11.2,0.0,224.4,0.0,138.0,-0.0,0.0,1.0,0.0,27.0,0.0,30.11,370.0,0.0,0.0,326.0,0.0,0.0,0.0,0.0,0.0,0.0,0.0,0.0,0.0,0.0,0.0,0.0,2.0,0.0,0.0,-15.0,0.0,0.0,0.0,0.0,1.0,0.0,0.0,1200.0,54.0,896.0,896.0,13.6,1.5,0.0,1.5,25.9,0.0,0.0,35.3,0.0,0.0,4.0,1.6,0.7,12.0,0.0,0.0,25.9,-9.0,0.0,0.0,0.0,0.656,0.791,54.3,0.0,0.0,0.0,,0.0,896.0,62.6,149.0,0.0,0.0,0.0,0.0,357.8,1198.4,361.4,1216.4,375.8,1167.8,375.8,1194.8,0.0,0.0,149.72,367.7,337.1,119.12,0.6199305555555555,7425.718666666667,0.0,386.6,2026-02-13 17:11:43-08:00,367.7,305.09999999999997,87.12,0.48,0.48,True
754.06,2.0,9.0,2026-02-14 01:23:53,37.0816,-121.59962,292.0,0.0,236.7,-12.6,0.0,0.0,0.0,0.0,0.0,11.2,0.1,224.4,0.0,138.0,0.0,0.0,0.9,0.0,28.0,0.0,30.11,370.0,0.0,0.0,326.0,0.0,0.0,0.0,0.0,0.0,0.0,0.0,0.0,0.0,0.0,0.0,0.0,2.0,0.0,0.0,-15.0,0.0,0.0,0.0,0.0,1.0,0.0,0.0,1200.0,55.0,877.0,877.0,12.9,1.4,0.0,1.4,25.9,0.0,0.0,35.3,0.0,0.0,4.0,1.6,0.7,12.0,0.0,0.0,25.9,-9.0,0.0,0.0,0.0,0.656,0.791,54.6,0.0,0.0,0.0,,0.0,877.0,62.6,149.0,0.0,0.0,0.0,0.0,357.8,1191.2,361.4,1212.8,375.8,1167.8,375.8,1193.0,0.0,0.0,149.72,367.7,337.1,119.12,0.6203333333333333,7425.718666666667,0.0,386.6,2026-02-13 17:11:43-08:00,367.7,305.09999999999997,87.12,0.48,0.48,True
755.06,2.0,9.0,2026-02-14 01:23:54,37.08161,-121.59962,291.0,0.1,236.7,-12.6,0.0,0.0,0.0,0.0,0.0,11.2,-0.1,224.4,0.0,138.0,-0.0,-0.0,1.0,0.0,-18.0,0.0,30.11,362.0,0.0,0.0,326.0,0.0,0.0,0.0,0.0,0.0,0.0,0.0,0.0,0.0,0.0,0.0,0.0,2.0,0.0,0.0,-15.0,0.0,0.0,0.0,0.0,1.0,0.0,0.0,1200.0,51.0,800.0,800.0,14.7,1.4,0.0,1.4,26.3,0.0,0.0,35.3,0.0,0.0,4.2,1.6,0.7,12.0,0.0,0.0,26.3,-9.0,0.0,0.0,0.0,0.656,0.791,51.2,0.0,0.0,0.0,,0.0,800.0,62.6,149.0,0.0,0.0,0.0,0.0,357.8,1178.6,359.6,1209.2,375.8,1166.0,375.8,1193.0,0.0,0.0,149.9,367.25,336.65,119.3,0.6207222222222222,7425.803,0.07142857142857144,386.6,2026-02-13 17:11:43-08:00,367.25,304.65,87.30000000000001,0.48,0.48,True
756.06,2.0,9.0,2026-02-14 01:23:55,37.0816,-121.59962,292.0,0.1,236.7,-12.6,0.0,0.0,0.0,0.0,0.0,11.3,0.0,224.5,0.0,137.0,-0.0,0.0,0.9,0.0,-25.0,0.0,30.11,362.0,0.0,0.0,326.0,0.0,0.0,0.0,0.0,0.0,0.0,0.0,0.0,0.0,0.0,0.0,0.0,2.0,0.0,0.0,-15.0,0.0,0.0,0.0,0.0,1.0,0.0,0.0,1200.0,43.0,287.0,287.0,20.9,1.3,0.0,1.3,26.4,0.0,0.0,35.3,0.0,0.0,4.8,1.6,0.7,12.0,0.0,0.0,26.4,-9.0,0.0,0.0,0.0,0.656,0.792,43.3,0.0,0.0,0.0,,0.0,287.0,62.6,149.0,0.0,0.0,0.0,0.0,357.8,1142.6,359.6,1173.2,375.8,1135.4,375.8,1155.2,0.0,0.0,149.36,367.25,336.65,118.76,0.6210972222222222,7425.971666666666,0.07692307692307693,386.6,2026-02-13 17:11:43-08:00,367.25,304.65,86.76000000000002,0.48,0.48,True
757.06,2.0,9.0,2026-02-14 01:23:56,37.0816,-121.59962,296.0,0.0,236.7,-12.6,0.0,0.0,0.0,0.0,0.0,11.2,0.1,224.5,0.0,137.0,-0.0,0.01,1.0,0.0,-35.0,0.0,30.11,362.0,0.0,0.0,326.0,0.0,0.0,0.0,0.0,0.0,0.0,0.0,0.0,0.0,0.0,0.0,0.0,2.0,0.0,0.0,-15.0,0.0,0.0,0.0,0.0,1.0,0.0,0.0,1200.0,23.0,110.0,110.0,28.6,1.2,0.0,1.2,24.9,0.0,0.0,35.3,0.0,0.0,2.9,1.6,0.7,12.0,0.0,0.0,24.9,-9.0,0.0,0.0,0.0,0.656,0.791,23.0,0.0,0.0,0.0,L,0.0,110.0,62.6,149.0,0.0,0.0,0.0,0.0,357.8,1119.2,359.6,1140.8,375.8,1110.2,375.8,1131.8,0.0,0.0,149.36,367.25,336.65,118.76,0.6214444444444444,7426.056,0.0,386.6,2026-02-13 17:11:43-08:00,367.25,304.65,86.76000000000002,0.48,0.48,True
758.06,2.0,9.0,2026-02-14 01:23:57,37.0816,-121.59962,296.0,0.0,236.7,-12.6,0.0,0.0,0.0,0.0,0.0,11.2,0.1,224.5,0.0,137.0,-0.0,0.01,1.0,0.0,-15.0,0.0,30.11,361.0,0.0,0.0,326.0,0.0,0.0,0.0,0.0,0.0,0.0,0.0,0.0,0.0,0.0,0.0,0.0,2.0,0.0,0.0,-15.0,0.0,0.0,0.0,0.0,1.0,0.0,0.0,1200.0,13.0,0.0,0.0,29.8,1.2,0.0,1.2,23.5,0.0,0.0,35.3,0.0,0.0,1.7,1.6,0.7,12.0,0.0,0.0,23.5,-9.0,0.0,0.0,0.0,0.656,0.791,12.9,0.0,0.0,0.0,,0.0,0.0,62.6,149.0,0.0,0.0,0.0,0.0,357.8,1104.8,359.6,1124.6,375.8,1097.6,374.0,1117.4,0.0,0.0,149.36,366.8,336.2,118.76,0.6217777777777778,7426.056,0.0,386.6,2026-02-13 17:11:43-08:00,366.8,304.2,86.76000000000002,0.48,0.48,True
759.06,2.0,9.0,2026-02-14 01:23:58,37.0816,-121.59962,296.0,0.1,236.7,-12.6,0.0,0.0,0.0,0.0,0.0,11.2,0.1,224.5,0.0,137.0,-0.0,0.01,1.0,0.0,-18.0,0.0,30.11,361.0,0.0,0.0,326.0,0.0,0.0,0.0,0.0,0.0,0.0,0.0,0.0,0.0,0.0,0.0,0.0,2.0,0.0,0.0,-15.0,0.0,0.0,0.0,0.0,1.0,0.0,0.0,1200.0,9.0,0.0,0.0,30.0,0.0,0.0,0.0,23.3,0.0,0.0,35.3,0.0,0.0,1.0,1.6,0.7,12.0,0.0,0.0,23.3,-9.0,0.0,0.0,0.0,0.656,0.791,8.5,0.0,0.0,0.0,,0.0,0.0,62.6,149.0,0.0,0.0,0.0,0.0,356.0,1092.2,357.8,1112.0,374.0,1085.0,374.0,1104.8,0.0,0.0,149.36,365.45,334.85,118.76,0.6219444444444444,7426.140333333333,0.0,386.6,2026-02-13 17:11:43-08:00,365.45,302.84999999999997,86.76000000000002,0.48,0.48,True
760.06,2.0,9.0,2026-02-14 01:23:59,37.0816,-121.59962,295.0,0.0,236.7,-12.6,0.0,0.0,0.0,0.0,0.0,11.2,0.1,224.5,0.0,136.0,-0.0,0.0,1.0,0.0,-19.0,0.0,30.11,361.0,0.0,0.0,326.0,0.0,0.0,0.0,0.0,0.0,0.0,0.0,0.0,0.0,0.0,0.0,0.0,2.0,0.0,0.0,-15.0,0.0,0.0,0.0,0.0,1.0,0.0,0.0,1200.0,6.0,0.0,0.0,30.0,0.0,0.0,0.0,23.1,0.0,0.0,35.3,0.0,0.0,0.6,1.6,0.7,12.0,0.0,0.0,23.1,-9.0,0.0,0.0,0.0,0.656,0.791,6.0,0.0,0.0,0.0,,0.0,0.0,62.6,149.0,0.0,0.0,0.0,0.0,356.0,1076.0,357.8,1101.2,374.0,1068.8,374.0,1094.0,0.0,0.0,149.36,365.45,334.85,118.76,0.6219444444444444,7426.224666666666,0.0,386.6,2026-02-13 17:11:43-08:00,365.45,302.84999999999997,86.76000000000002,0.48,0.48,True
761.06,2.0,9.0,2026-02-14 01:24:00,37.0816,-121.59962,295.0,0.1,236.7,-12.6,0.0,0.0,0.0,0.0,0.0,11.3,0.0,224.5,0.0,136.0,-0.0,0.0,1.0,0.0,6.0,0.0,30.11,358.0,0.0,0.0,326.0,0.0,0.0,0.0,0.0,0.0,0.0,0.0,0.0,0.0,0.0,0.0,0.0,2.0,0.0,0.0,-15.0,0.0,0.0,0.0,0.0,1.0,0.0,0.0,1200.0,4.0,0.0,0.0,30.2,0.0,0.0,0.0,22.9,0.0,0.0,35.3,0.0,0.0,0.3,1.6,0.7,12.0,0.0,0.0,22.9,-9.0,0.0,0.0,0.0,0.656,0.791,4.5,0.0,0.0,0.0,,0.0,0.0,62.6,149.0,0.0,0.0,0.0,0.0,356.0,1063.4,357.8,1088.6,374.0,1054.4,372.2,1081.4,0.0,0.0,149.36,365.0,334.4,118.76,0.6219444444444444,7426.308999999999,0.0,386.6,2026-02-13 17:11:43-08:00,365.0,302.4,86.76000000000002,0.48,0.48,True
762.06,2.0,9.0,2026-02-14 01:24:01,37.0816,-121.59962,295.0,0.1,236.7,-12.6,0.0,0.0,0.0,0.0,0.0,11.3,0.0,224.6,0.0,136.0,-0.0,0.0,1.0,0.0,35.0,0.0,30.11,358.0,0.0,0.0,326.0,0.0,0.0,0.0,0.0,0.0,0.0,0.0,0.0,0.0,0.0,0.0,0.0,2.0,0.0,0.0,-15.0,0.0,0.0,0.0,0.0,1.0,0.0,0.0,1200.0,3.0,0.0,0.0,30.2,0.0,0.0,0.0,22.7,0.0,0.0,35.3,0.0,0.0,0.1,1.6,0.7,12.0,0.0,0.0,22.7,-9.0,0.0,0.0,0.0,0.656,0.791,3.3,0.0,0.0,0.0,,0.0,0.0,62.6,149.0,0.0,0.0,0.0,0.0,354.2,1050.8,356.0,1076.0,372.2,1043.6,372.2,1067.0,0.0,0.0,149.36,363.65,333.05,118.76,0.6219444444444444,7426.477666666667,0.0,386.6,2026-02-13 17:11:43-08:00,363.65000000000003,301.05,86.76000000000002,0.48,0.48,True
763.06,2.0,9.0,2026-02-14 01:24:02,37.0816,-121.59962,295.0,0.1,236.7,-12.6,0.0,0.0,0.0,0.0,0.0,11.3,0.0,224.6,0.0,136.0,-0.0,0.0,1.0,0.0,-4.0,0.0,30.11,360.0,0.0,0.0,326.0,0.0,0.0,0.0,0.0,0.0,0.0,0.0,0.0,0.0,0.0,0.0,0.0,2.0,0.0,0.0,-15.0,0.0,0.0,0.0,0.0,1.0,0.0,0.0,1200.0,2.0,0.0,0.0,30.2,0.0,0.0,0.0,22.5,0.0,0.0,35.3,0.0,0.0,0.0,1.6,0.7,12.0,0.0,0.0,22.5,-9.0,0.0,0.0,0.0,0.656,0.791,1.9,0.0,0.0,0.0,,0.0,0.0,62.6,149.0,0.0,0.0,0.0,0.0,354.2,1038.2,356.0,1063.4,372.2,1029.2,372.2,1054.4,0.0,0.0,149.36,363.65,333.05,118.76,0.6219444444444444,7426.646333333333,0.0,386.6,2026-02-13 17:11:43-08:00,363.65000000000003,301.05,86.76000000000002,0.48,0.48,True
764.06,2.0,9.0,2026-02-14 01:24:03,37.0816,-121.59962,298.0,0.0,236.7,-12.6,0.0,0.0,0.0,0.0,0.0,11.3,0.0,224.6,0.0,135.0,-0.0,0.0,1.0,0.0,-19.0,0.0,30.11,360.0,0.0,0.0,326.0,0.0,0.0,0.0,0.0,0.0,0.0,0.0,0.0,0.0,0.0,0.0,0.0,2.0,0.0,0.0,-15.0,0.0,0.0,0.0,0.0,1.0,0.0,0.0,1200.0,1.0,0.0,0.0,30.2,0.0,0.0,0.0,22.3,0.0,0.0,35.3,0.0,0.0,-0.1,1.6,0.7,12.0,0.0,0.0,22.3,-9.0,0.0,0.0,0.0,0.656,0.791,0.6,0.0,0.0,0.0,,0.0,0.0,62.6,149.0,0.0,0.0,0.0,0.0,354.2,1025.6,356.0,1052.6,372.2,1018.4,370.4,1041.8,0.0,0.0,149.36,363.2,332.6,118.76,0.6219444444444444,7426.730666666666,0.0,386.6,2026-02-13 17:11:43-08:00,363.2,300.59999999999997,86.76000000000002,0.48,0.48,True
765.06,2.0,9.0,2026-02-14 01:24:04,37.0816,-121.59962,298.0,0.1,236.7,-12.6,0.0,0.0,0.0,0.0,0.0,11.3,0.0,224.6,0.0,135.0,-0.0,0.0,1.0,0.0,9.0,0.0,30.11,360.0,0.0,0.0,326.0,0.0,0.0,0.0,0.0,0.0,0.0,0.0,0.0,0.0,0.0,0.0,0.0,0.0,0.0,0.0,0.0,0.0,0.0,0.0,0.0,1.0,0.0,0.0,1200.0,1.0,0.0,0.0,30.2,0.0,0.0,0.0,22.1,0.0,0.0,35.3,0.0,0.0,-0.1,1.6,0.7,12.0,0.0,0.0,22.1,-9.0,0.0,0.0,0.0,0.656,0.791,0.6,0.0,0.0,0.0,,0.0,0.0,62.6,149.0,0.0,0.0,0.0,0.0,354.2,1013.0,354.2,1040.0,372.2,1007.6,370.4,1031.0,0.0,0.0,149.36,362.75,332.15,118.76,0.6219444444444444,7426.815,0.0,386.6,2026-02-13 17:11:43-08:00,362.75,300.15,86.76000000000002,0.48,0.48,True
766.06,2.0,9.0,2026-02-14 01:24:05,37.0816,-121.59962,299.0,0.0,236.7,-12.6,0.0,0.0,0.0,0.0,0.0,11.3,0.0,224.6,0.0,135.0,-0.0,0.0,1.0,0.0,-10.0,0.0,30.11,357.0,0.0,0.0,326.0,0.0,0.0,0.0,0.0,0.0,0.0,0.0,0.0,0.0,0.0,0.0,0.0,0.0,0.0,0.0,0.0,0.0,0.0,0.0,0.0,0.0,0.0,0.0,0.0,0.0,0.0,0.0,30.2,0.0,0.0,0.0,21.9,0.0,0.0,35.3,0.0,0.0,-0.2,1.6,0.7,12.0,0.0,0.0,21.9,-9.0,0.0,0.0,0.0,0.656,0.792,0.4,0.0,0.0,0.0,,0.0,0.0,62.6,149.0,0.0,0.0,0.0,0.0,352.4,1002.2,354.2,1029.2,370.4,995.0,370.4,1018.4,0.0,0.0,149.36,361.85,331.25,118.76,0.6219444444444444,7426.899333333333,0.0,386.6,2026-02-13 17:11:43-08:00,361.85,299.25,86.76000000000002,0.48,0.48,True
767.06,2.0,9.0,2026-02-14 01:24:06,37.0816,-121.59962,299.0,0.1,236.7,-12.6,0.0,0.0,0.0,0.0,0.0,11.3,0.1,224.6,0.0,135.0,-0.0,0.01,1.0,0.0,-5.0,0.0,30.11,357.0,0.0,0.0,326.0,0.0,0.0,0.0,0.0,0.0,0.0,0.0,0.0,0.0,0.0,0.0,0.0,0.0,0.0,0.0,0.0,0.0,0.0,0.0,0.0,0.0,0.0,0.0,0.0,0.0,0.0,0.0,30.2,0.0,0.0,0.0,21.7,0.0,0.0,35.3,0.0,0.0,-0.2,1.6,0.7,12.0,0.0,0.0,21.7,-9.0,0.0,0.0,0.0,0.656,0.792,0.2,0.0,0.0,0.0,,0.0,0.0,62.6,149.0,0.0,0.0,0.0,0.0,352.4,993.2,354.2,1018.4,370.4,984.2,370.4,1009.4,0.0,0.0,149.36,361.85,331.25,118.76,0.6219444444444444,7426.983666666666,0.0,386.6,2026-02-13 17:11:43-08:00,361.85,299.25,86.76000000000002,0.48,0.48,True
768.06,2.0,9.0,2026-02-14 01:24:07,37.0816,-121.59962,300.0,0.1,236.7,-12.6,0.0,0.0,0.0,0.0,0.0,11.3,0.1,224.7,0.0,135.0,-0.0,0.0,1.0,0.0,9.0,0.0,30.11,357.0,0.0,0.0,326.0,0.0,0.0,0.0,0.0,0.0,0.0,0.0,0.0,0.0,0.0,0.0,0.0,0.0,0.0,0.0,0.0,0.0,0.0,0.0,0.0,0.0,0.0,0.0,0.0,0.0,0.0,0.0,30.2,0.0,0.0,0.0,21.5,0.0,0.0,35.3,0.0,0.0,-0.2,1.6,0.7,12.0,0.0,0.0,21.5,-9.0,0.0,0.0,0.0,0.656,0.792,0.2,0.0,0.0,0.0,,0.0,0.0,62.6,149.0,0.0,0.0,0.0,0.0,352.4,982.4,354.2,1009.4,370.4,975.2,370.4,996.8,0.0,0.0,149.36,361.85,331.25,118.76,0.6219444444444444,7427.1523333333325,0.0,386.6,2026-02-13 17:11:43-08:00,361.85,299.25,86.76000000000002,0.48,0.48,True
769.06,2.0,9.0,2026-02-14 01:24:08,37.0816,-121.59962,298.0,0.0,236.7,-12.6,0.0,0.0,0.0,0.0,0.0,11.3,0.0,224.7,0.0,135.0,0.0,0.0,1.0,0.0,17.0,0.0,30.11,357.0,0.0,0.0,326.0,0.0,0.0,0.0,0.0,0.0,0.0,0.0,0.0,0.0,0.0,0.0,0.0,0.0,0.0,0.0,0.0,0.0,0.0,0.0,0.0,0.0,0.0,0.0,0.0,0.0,0.0,0.0,30.2,0.0,0.0,0.0,21.4,0.0,0.0,35.3,0.0,0.0,-0.2,1.6,0.7,12.0,0.0,0.0,21.4,-9.0,0.0,0.0,0.0,0.656,0.792,0.1,0.0,0.0,0.0,,0.0,0.0,62.6,149.0,0.0,0.0,0.0,0.0,352.4,969.8,354.2,1000.4,370.4,964.4,370.4,987.8,0.0,0.0,149.36,361.85,331.25,118.76,0.6219444444444444,7427.236666666667,0.0,386.6,2026-02-13 17:11:43-08:00,361.85,299.25,86.76000000000002,0.48,0.48,True
770.06,2.0,9.0,2026-02-14 01:24:09,37.0816,-121.59962,299.0,0.1,236.7,-12.6,0.0,0.0,0.0,0.0,0.0,11.3,0.1,224.7,0.0,135.0,-0.0,0.0,1.0,0.0,-11.0,0.0,30.11,357.0,0.0,0.0,326.0,0.0,0.0,0.0,0.0,0.0,0.0,0.0,0.0,0.0,0.0,0.0,0.0,0.0,0.0,0.0,0.0,0.0,0.0,0.0,0.0,0.0,0.0,0.0,0.0,0.0,0.0,0.0,30.2,0.0,0.0,0.0,21.2,0.0,0.0,35.3,0.0,0.0,-0.2,1.6,0.7,12.0,0.0,0.0,21.2,-9.0,0.0,0.0,0.0,0.656,0.792,0.0,0.0,0.0,0.0,,0.0,0.0,62.6,149.0,0.0,0.0,0.0,0.0,352.4,959.0,352.4,989.6,370.4,953.6,368.6,977.0,0.0,0.0,149.36,360.95,330.35,118.76,0.6219444444444444,7427.321,0.0,386.6,2026-02-13 17:11:43-08:00,360.95000000000005,298.35,86.76000000000002,0.48,0.48,True
771.06,2.0,9.0,2026-02-14 01:24:10,37.0816,-121.59962,299.0,0.0,236.7,-12.6,0.0,0.0,0.0,0.0,0.0,11.3,0.1,224.6,0.0,135.0,-0.0,0.0,1.0,0.0,17.0,0.0,30.11,357.0,0.0,0.0,326.0,0.0,0.0,0.0,0.0,0.0,0.0,0.0,0.0,0.0,0.0,0.0,0.0,0.0,0.0,0.0,0.0,0.0,0.0,0.0,0.0,0.0,0.0,0.0,0.0,0.0,0.0,0.0,30.2,0.0,0.0,0.0,21.0,0.0,0.0,35.3,0.0,0.0,-0.2,1.6,0.7,12.0,0.0,0.0,21.0,-9.0,0.416,0.0,0.0,0.656,0.792,0.0,0.0,0.0,0.0,,0.0,0.0,62.6,149.0,0.0,0.0,0.0,0.0,352.4,950.0,352.4,977.0,368.6,944.6,368.6,966.2,0.0,0.0,149.36,360.5,329.9,118.76,0.6219444444444444,7427.405333333333,0.0,386.6,2026-02-13 17:11:43-08:00,360.5,297.9,86.76000000000002,0.48,0.48,True
772.06,2.0,8.0,2026-02-14 01:24:11,37.08159,-121.59961,292.0,0.0,236.7,-12.6,0.0,0.0,0.0,0.0,0.0,11.3,0.1,224.6,0.0,135.0,-0.0,0.0,1.0,0.0,18.0,0.0,30.11,357.0,0.0,0.0,326.0,0.0,0.0,0.0,0.0,0.0,0.0,0.0,0.0,0.0,0.0,0.0,0.0,0.0,0.0,0.0,0.0,0.0,0.0,0.0,0.0,0.0,0.0,0.0,0.0,0.0,0.0,0.0,30.2,0.0,0.0,0.0,20.8,0.0,0.0,35.3,0.0,0.0,-0.3,1.6,0.7,12.0,0.0,0.0,20.8,-9.0,4.993,0.0,0.0,0.656,0.791,0.0,0.0,0.0,0.0,,0.0,0.0,62.6,149.0,0.0,0.0,0.0,0.0,352.4,939.2,352.4,968.0,368.6,937.4,368.6,957.2,0.0,0.0,149.36,360.5,329.9,118.76,0.6219444444444444,7427.405333333333,0.0,386.6,2026-02-13 17:11:43-08:00,360.5,297.9,86.76000000000002,0.48,0.48,True
773.06,2.0,8.0,2026-02-14 01:24:12,37.08159,-121.59961,293.0,0.1,236.7,-12.6,0.0,0.0,0.0,0.0,0.0,11.3,0.1,224.6,0.0,135.0,-0.0,0.0,1.0,0.0,-22.0,0.0,30.11,357.0,0.0,0.0,326.0,0.0,0.0,0.0,0.0,0.0,0.0,0.0,0.0,0.0,0.0,0.0,0.0,0.0,0.0,0.0,0.0,0.0,0.0,0.0,0.0,0.0,0.0,0.0,0.0,0.0,0.0,0.0,30.2,0.0,0.0,0.0,20.7,0.0,0.0,35.3,0.0,0.0,-0.3,1.6,0.7,12.0,0.0,0.0,20.7,-9.0,4.998,0.0,0.0,0.656,0.791,0.0,0.0,0.0,0.0,,0.0,0.0,62.6,149.0,0.0,0.0,0.0,0.0,350.6,933.8,352.4,959.0,368.6,926.6,368.6,948.2,0.0,0.0,149.36,360.05,329.45,118.76,0.6219444444444444,7427.489666666666,0.0,386.6,2026-02-13 17:11:43-08:00,360.04999999999995,297.44999999999993,86.76000000000002,0.48,0.48,True
774.06,2.0,8.0,2026-02-14 01:24:13,37.08159,-121.59961,292.0,0.1,236.7,-12.6,0.0,0.0,0.0,0.0,0.0,11.3,0.1,224.6,0.0,135.0,-0.0,0.0,1.0,0.0,-3.0,0.0,30.11,357.0,0.0,0.0,326.0,0.0,0.0,0.0,0.0,0.0,0.0,0.0,0.0,0.0,0.0,0.0,0.0,0.0,0.0,0.0,0.0,0.0,0.0,0.0,0.0,0.0,0.0,0.0,0.0,0.0,0.0,0.0,30.2,0.0,0.0,0.0,20.5,0.0,0.0,35.3,0.0,0.0,-0.3,1.6,0.7,12.0,0.0,0.0,20.5,-9.0,4.998,0.0,0.0,0.656,0.791,0.0,0.0,0.0,0.0,,0.0,0.0,62.6,149.0,0.0,0.0,0.0,0.0,350.6,924.8,352.4,951.8,368.6,919.4,368.6,937.4,0.0,0.0,149.36,360.05,329.45,118.76,0.6219444444444444,7427.658333333333,0.0,386.6,2026-02-13 17:11:43-08:00,360.04999999999995,297.44999999999993,86.76000000000002,0.48,0.48,True
775.06,2.0,8.0,2026-02-14 01:24:14,37.08159,-121.59961,292.0,0.0,236.7,-12.6,0.0,0.0,0.0,0.0,0.0,11.3,0.1,224.6,0.0,135.0,-0.0,0.0,1.0,0.0,8.0,0.0,30.11,356.0,0.0,0.0,326.0,0.0,0.0,0.0,0.0,0.0,0.0,0.0,0.0,0.0,0.0,0.0,0.0,0.0,0.0,0.0,0.0,0.0,0.0,0.0,0.0,0.0,0.0,0.0,0.0,0.0,0.0,0.0,30.2,0.0,0.0,0.0,20.3,0.0,0.0,35.3,0.0,0.0,-0.3,1.6,0.7,12.0,0.0,0.0,20.3,-9.0,4.998,0.0,0.0,0.656,0.792,0.0,0.0,0.0,0.0,,0.0,0.0,62.6,149.0,0.0,0.0,0.0,0.0,350.6,915.8,352.4,941.0,368.6,910.4,368.6,930.2,0.0,0.0,149.18,360.05,329.45,118.58,0.6219444444444444,7427.742666666666,0.0,386.6,2026-02-13 17:11:43-08:00,360.04999999999995,297.44999999999993,86.58000000000001,0.48,0.48,True
776.06,2.0,8.0,2026-02-14 01:24:15,37.08159,-121.59961,292.0,0.0,236.7,-12.6,0.0,0.0,0.0,0.0,0.0,11.3,0.1,224.5,0.0,135.0,-0.0,0.0,1.0,0.0,8.0,0.0,30.11,356.0,0.0,0.0,326.0,0.0,0.0,0.0,0.0,0.0,0.0,0.0,0.0,0.0,0.0,0.0,0.0,0.0,0.0,0.0,0.0,0.0,0.0,0.0,0.0,0.0,0.0,0.0,0.0,0.0,0.0,0.0,30.2,0.0,0.0,0.0,20.1,0.0,0.0,35.3,0.0,0.0,-0.3,1.6,0.7,12.0,0.0,0.0,20.1,-9.0,4.998,0.0,0.0,0.656,0.792,0.0,0.0,0.0,0.0,,0.0,0.0,62.6,149.0,0.0,0.0,0.0,0.0,350.6,906.8,352.4,933.8,368.6,903.2,368.6,919.4,0.0,0.0,149.18,360.05,329.45,118.58,0.6219444444444444,7427.742666666666,0.0,386.6,2026-02-13 17:11:43-08:00,360.04999999999995,297.44999999999993,86.58000000000001,0.48,0.48,True
777.06,2.0,8.0,2026-02-14 01:24:16,37.08159,-121.59961,292.0,0.0,236.7,-12.6,0.0,0.0,0.0,0.0,0.0,11.3,0.1,224.5,0.0,135.0,-0.0,0.0,1.0,0.0,20.0,0.0,30.11,356.0,0.0,0.0,326.0,0.0,0.0,0.0,0.0,0.0,0.0,0.0,0.0,0.0,0.0,0.0,0.0,0.0,0.0,0.0,0.0,0.0,0.0,0.0,0.0,0.0,0.0,0.0,0.0,0.0,0.0,0.0,30.2,0.0,0.0,0.0,20.0,0.0,0.0,35.3,0.0,0.0,-0.3,1.6,0.7,12.0,0.0,0.0,20.0,-9.0,4.998,0.0,0.0,0.656,0.792,0.0,0.0,0.0,0.0,,0.0,0.0,62.6,149.0,0.0,0.0,0.0,0.0,350.6,899.6,350.6,924.8,368.6,892.4,366.8,912.2,0.0,0.0,149.18,359.15,328.55,118.58,0.6219444444444444,7427.742666666666,0.0,386.6,2026-02-13 17:11:43-08:00,359.15,296.54999999999995,86.58000000000001,0.48,0.48,True
778.06,2.0,7.0,2026-02-14 01:24:17,37.08157,-121.5996,280.0,0.0,236.7,-12.6,0.0,0.0,0.0,0.0,0.0,11.3,0.1,224.5,0.0,135.0,-0.0,0.01,1.0,0.0,9.0,0.0,30.11,356.0,0.0,0.0,326.0,0.0,0.0,0.0,0.0,0.0,0.0,0.0,0.0,0.0,0.0,0.0,0.0,0.0,0.0,0.0,0.0,0.0,0.0,0.0,0.0,0.0,0.0,0.0,0.0,0.0,0.0,0.0,30.2,0.0,0.0,0.0,19.8,0.0,0.0,35.3,0.0,0.0,-0.3,1.6,0.7,12.0,0.0,0.0,19.8,-9.0,4.998,0.0,0.0,0.656,0.791,0.0,0.0,0.0,0.0,,0.0,0.0,62.6,149.0,0.0,0.0,0.0,0.0,350.6,892.4,350.6,915.8,366.8,885.2,366.8,903.2,0.0,0.0,149.18,358.7,328.1,118.58,0.6219444444444444,7427.742666666666,0.0,386.6,2026-02-13 17:11:43-08:00,358.70000000000005,296.1,86.58000000000001,0.48,0.48,True
779.06,2.0,8.0,2026-02-14 01:24:18,37.08159,-121.59961,293.0,0.1,236.7,-12.6,0.0,0.0,0.0,0.0,0.0,11.3,0.1,224.5,0.0,135.0,-0.0,0.0,1.0,0.0,-3.0,0.0,30.11,356.0,0.0,0.0,326.0,0.0,0.0,0.0,0.0,0.0,0.0,0.0,0.0,0.0,0.0,0.0,0.0,0.0,0.0,0.0,0.0,0.0,0.0,0.0,0.0,0.0,0.0,0.0,0.0,0.0,0.0,0.0,30.2,0.0,0.0,0.0,19.7,0.0,0.0,35.3,0.0,0.0,-0.3,1.6,0.7,12.0,0.0,0.0,19.7,-9.0,4.998,0.0,0.0,0.656,0.791,0.0,0.0,0.0,0.0,,0.0,0.0,62.6,149.0,0.0,0.0,0.0,0.0,350.6,888.8,350.6,908.6,366.8,878.0,366.8,896.0,0.0,0.0,149.18,358.7,328.1,118.58,0.6219444444444444,7427.826999999999,0.0,386.6,2026-02-13 17:11:43-08:00,358.70000000000005,296.1,86.58000000000001,0.48,0.48,True
780.06,2.0,8.0,2026-02-14 01:24:19,37.08159,-121.5996,293.0,0.0,236.7,-12.6,0.0,0.0,0.0,0.0,0.0,11.3,0.2,224.5,0.0,135.0,-0.0,0.0,1.0,0.0,-15.0,0.0,30.11,356.0,0.0,0.0,326.0,0.0,0.0,0.0,0.0,0.0,0.0,0.0,0.0,0.0,0.0,0.0,0.0,0.0,0.0,0.0,0.0,0.0,0.0,0.0,0.0,0.0,0.0,0.0,0.0,0.0,0.0,0.0,30.2,0.0,0.0,0.0,19.5,0.0,0.0,35.3,0.0,0.0,-0.3,1.6,0.7,12.0,0.0,0.0,19.5,-9.0,4.998,0.0,0.0,0.656,0.791,0.0,0.0,0.0,0.0,,0.0,0.0,62.6,149.0,0.0,0.0,0.0,0.0,350.6,879.8,350.6,899.6,366.8,870.8,366.8,887.0,0.0,0.0,149.18,358.7,328.1,118.58,0.6219444444444444,7427.911333333333,0.0,386.6,2026-02-13 17:11:43-08:00,358.70000000000005,296.1,86.58000000000001,0.48,0.48,True
781.06,2.0,8.0,2026-02-14 01:24:20,37.08159,-121.5996,293.0,0.1,236.7,-12.6,0.0,0.0,0.0,0.0,0.0,11.3,0.1,224.5,0.0,135.0,-0.0,0.0,1.0,0.0,11.0,0.0,30.11,356.0,0.0,0.0,326.0,0.0,0.0,0.0,0.0,0.0,0.0,0.0,0.0,0.0,0.0,0.0,0.0,0.0,0.0,0.0,0.0,0.0,0.0,0.0,0.0,0.0,0.0,0.0,0.0,0.0,0.0,0.0,30.2,0.0,0.0,0.0,19.3,0.0,0.0,35.3,0.0,0.0,-0.3,1.6,0.7,12.0,0.0,0.0,19.3,-9.0,4.998,0.0,0.0,0.656,0.791,0.0,0.0,0.0,0.0,,0.0,0.0,62.6,149.0,0.0,0.0,0.0,0.0,350.6,874.4,350.6,892.4,366.8,863.6,366.8,879.8,0.0,0.0,149.18,358.7,328.1,118.58,0.6219444444444444,7427.995666666667,0.0,386.6,2026-02-13 17:11:43-08:00,358.70000000000005,296.1,86.58000000000001,0.48,0.48,True
782.06,2.0,8.0,2026-02-14 01:24:21,37.08159,-121.5996,292.0,0.0,236.7,-12.6,0.0,0.0,0.0,0.0,0.0,11.3,0.1,224.5,0.0,135.0,-0.0,0.0,1.0,0.0,-2.0,0.0,30.11,356.0,0.0,0.0,326.0,0.0,0.0,0.0,0.0,0.0,0.0,0.0,0.0,0.0,0.0,0.0,0.0,0.0,0.0,0.0,0.0,0.0,0.0,0.0,0.0,0.0,0.0,0.0,0.0,0.0,0.0,0.0,30.2,0.0,0.0,0.0,19.2,0.0,0.0,35.3,0.0,0.0,-0.3,1.6,0.7,12.0,0.0,0.0,19.2,-9.0,4.998,0.0,0.0,0.656,0.792,0.0,0.0,0.0,0.0,,0.0,0.0,62.6,149.0,0.0,0.0,0.0,0.0,348.8,869.0,350.6,885.2,366.8,856.4,366.8,872.6,0.0,0.0,149.18,358.25,327.65,118.58,0.6219444444444444,7428.08,0.0,386.6,2026-02-13 17:11:43-08:00,358.25,295.65,86.58000000000001,0.48,0.48,True
783.06,2.0,8.0,2026-02-14 01:24:22,37.08157,-121.5996,291.0,0.0,236.7,-12.6,0.0,0.0,0.0,0.0,0.0,11.4,0.1,224.5,0.0,135.0,-0.0,0.0,1.0,0.0,8.0,0.0,30.11,356.0,0.0,0.0,326.0,0.0,0.0,0.0,0.0,0.0,0.0,0.0,0.0,0.0,0.0,0.0,0.0,0.0,0.0,0.0,0.0,0.0,0.0,0.0,0.0,0.0,0.0,0.0,0.0,0.0,0.0,0.0,30.2,0.0,0.0,0.0,19.0,0.0,0.0,35.3,0.0,0.0,-0.3,1.6,0.7,12.0,0.0,0.0,19.0,-9.0,4.998,0.0,0.0,0.656,0.792,0.0,0.0,0.0,0.0,,0.0,0.0,62.6,149.0,0.0,0.0,0.0,0.0,348.8,861.8,348.8,878.0,366.8,851.0,365.0,865.4,0.0,0.0,149.18,357.35,326.75,118.58,0.6219444444444444,7428.08,0.0,386.6,2026-02-13 17:11:43-08:00,357.34999999999997,294.74999999999994,86.58000000000001,0.48,0.48,True
784.06,2.0,8.0,2026-02-14 01:24:23,37.08157,-121.5996,291.0,0.0,236.7,-12.6,0.0,0.0,0.0,0.0,0.0,11.3,0.1,224.5,0.0,135.0,-0.0,0.0,1.0,0.0,4.0,0.0,30.11,356.0,0.0,0.0,326.0,0.0,0.0,0.0,0.0,0.0,0.0,0.0,0.0,0.0,0.0,0.0,0.0,0.0,0.0,0.0,0.0,0.0,0.0,0.0,0.0,0.0,0.0,0.0,0.0,0.0,0.0,0.0,30.2,0.0,0.0,0.0,18.9,0.0,0.0,35.3,0.0,0.0,-0.3,1.6,0.7,12.0,0.0,0.0,18.9,-9.0,4.998,0.0,0.0,0.656,0.791,0.0,0.0,0.0,0.0,,0.0,0.0,62.6,149.0,0.0,0.0,0.0,0.0,348.8,856.4,348.8,870.8,365.0,842.0,365.0,860.0,0.0,0.0,149.18,356.9,326.3,118.58,0.6219444444444444,7428.08,0.0,386.6,2026-02-13 17:11:43-08:00,356.9,294.29999999999995,86.58000000000001,0.48,0.48,True
785.06,2.0,8.0,2026-02-14 01:24:24,37.08157,-121.5996,290.0,0.1,236.7,-12.6,0.0,0.0,0.0,0.0,0.0,11.3,0.2,224.5,0.0,135.0,-0.0,0.0,1.0,0.0,18.0,0.0,30.11,356.0,0.0,0.0,326.0,0.0,0.0,0.0,0.0,0.0,0.0,0.0,0.0,0.0,0.0,0.0,0.0,0.0,0.0,0.0,0.0,0.0,0.0,0.0,0.0,0.0,0.0,0.0,0.0,0.0,0.0,0.0,30.2,0.0,0.0,0.0,18.7,0.0,0.0,35.3,0.0,0.0,-0.3,1.6,0.7,12.0,0.0,0.0,18.7,-9.0,4.998,0.0,0.0,0.656,0.791,0.0,0.0,0.0,0.0,,0.0,0.0,62.6,149.0,0.0,0.0,0.0,0.0,348.8,852.8,348.8,865.4,365.0,836.6,365.0,852.8,0.0,0.0,149.18,356.9,326.3,118.58,0.6219444444444444,7428.164333333333,0.0,386.6,2026-02-13 17:11:43-08:00,356.9,294.29999999999995,86.58000000000001,0.48,0.48,True
786.06,2.0,9.0,2026-02-14 01:24:25,37.08158,-121.59962,306.0,0.0,236.7,-12.6,0.0,0.0,0.0,0.0,0.0,11.3,0.2,224.5,0.0,135.0,-0.0,0.0,1.0,0.0,-15.0,0.0,30.11,356.0,0.0,0.0,326.0,0.0,0.0,0.0,0.0,0.0,0.0,0.0,0.0,0.0,0.0,0.0,0.0,0.0,0.0,0.0,0.0,0.0,0.0,0.0,0.0,0.0,0.0,0.0,0.0,0.0,0.0,0.0,30.2,0.0,0.0,0.0,18.6,0.0,0.0,35.3,0.0,0.0,-0.3,1.6,0.7,12.0,0.0,0.0,18.6,-9.0,4.998,0.0,0.0,0.656,0.791,0.0,0.0,0.0,0.0,,0.0,0.0,62.6,149.0,0.0,0.0,0.0,0.0,348.8,845.6,348.8,858.2,365.0,831.2,365.0,847.4,0.0,0.0,149.18,356.9,326.3,118.58,0.6219444444444444,7428.248666666666,0.0,386.6,2026-02-13 17:11:43-08:00,356.9,294.29999999999995,86.58000000000001,0.48,0.48,True
787.06,2.0,8.0,2026-02-14 01:24:26,37.08158,-121.59961,305.0,0.1,236.7,-12.6,0.0,0.0,0.0,0.0,0.0,11.3,0.2,224.5,0.0,135.0,-0.0,0.0,1.0,0.0,-2.0,0.0,30.11,356.0,0.0,0.0,326.0,0.0,0.0,0.0,0.0,0.0,0.0,0.0,0.0,0.0,0.0,0.0,0.0,0.0,0.0,0.0,0.0,0.0,0.0,0.0,0.0,0.0,0.0,0.0,0.0,0.0,0.0,0.0,30.2,0.0,0.0,0.0,18.5,0.0,0.0,35.3,0.0,0.0,-0.3,1.6,0.7,12.0,0.0,0.0,18.5,-9.0,4.998,0.0,0.0,0.656,0.791,0.0,0.0,0.0,0.0,,0.0,0.0,62.6,149.0,0.0,0.0,0.0,0.0,348.8,842.0,348.8,851.0,365.0,824.0,365.0,840.2,0.0,0.0,149.0,356.9,326.3,118.4,0.6219444444444444,7428.333,0.0,386.6,2026-02-13 17:11:43-08:00,356.9,294.29999999999995,86.4,0.48,0.48,True
788.06,2.0,8.0,2026-02-14 01:24:27,37.08158,-121.59961,305.0,0.0,236.7,-12.6,0.0,0.0,0.0,0.0,0.0,11.3,0.2,224.5,0.0,135.0,-0.0,0.0,1.0,0.0,-3.0,0.0,30.11,356.0,0.0,0.0,326.0,0.0,0.0,0.0,0.0,0.0,0.0,0.0,0.0,0.0,0.0,0.0,0.0,0.0,0.0,0.0,0.0,0.0,0.0,0.0,0.0,0.0,0.0,0.0,0.0,0.0,0.0,0.0,30.2,0.0,0.0,0.0,18.3,0.0,0.0,35.3,0.0,0.0,-0.3,1.6,0.7,12.0,0.0,0.0,18.3,-9.0,4.998,0.0,0.0,0.656,0.791,0.0,0.0,0.0,0.0,,0.0,0.0,62.6,149.0,0.0,0.0,0.0,0.0,348.8,836.6,348.8,845.6,365.0,816.8,365.0,833.0,0.0,0.0,149.0,356.9,326.3,118.4,0.6219444444444444,7428.417333333333,0.0,386.6,2026-02-13 17:11:43-08:00,356.9,294.29999999999995,86.4,0.48,0.48,True
789.06,2.0,8.0,2026-02-14 01:24:28,37.08158,-121.59961,304.0,0.0,236.7,-12.6,0.0,0.0,0.0,0.0,0.0,11.3,0.2,224.4,0.0,135.0,-0.0,0.0,1.0,0.0,-22.0,0.0,30.11,356.0,0.0,0.0,326.0,0.0,0.0,0.0,0.0,0.0,0.0,0.0,0.0,0.0,0.0,0.0,0.0,0.0,0.0,0.0,0.0,0.0,0.0,0.0,0.0,0.0,0.0,0.0,0.0,0.0,0.0,0.0,30.2,0.0,0.0,0.0,18.2,0.0,0.0,35.3,0.0,0.0,-0.3,1.6,0.7,12.0,0.0,0.0,18.2,-9.0,4.998,0.0,0.0,0.656,0.792,0.0,0.0,0.0,0.0,,0.0,0.0,62.6,149.0,0.0,0.0,0.0,0.0,348.8,831.2,348.8,838.4,365.0,811.4,365.0,827.6,0.0,0.0,149.0,356.9,326.3,118.4,0.6219444444444444,7428.417333333333,0.0,386.6,2026-02-13 17:11:43-08:00,356.9,294.29999999999995,86.4,0.48,0.48,True
790.06,2.0,9.0,2026-02-14 01:24:29,37.08164,-121.59966,308.0,0.1,236.7,-12.6,0.0,0.0,0.0,0.0,0.0,11.4,0.2,224.5,0.0,134.0,-0.0,0.0,1.0,0.0,-24.0,0.0,30.11,355.0,0.0,0.0,326.0,0.0,0.0,0.0,0.0,0.0,0.0,0.0,0.0,0.0,0.0,0.0,0.0,0.0,0.0,0.0,0.0,0.0,0.0,0.0,0.0,0.0,0.0,0.0,0.0,0.0,0.0,0.0,30.2,0.0,0.0,0.0,18.1,0.0,0.0,35.3,0.0,0.0,-0.3,1.6,0.7,12.0,0.0,0.0,18.1,-9.0,4.998,0.0,0.0,0.656,0.792,0.0,0.0,0.0,0.0,,0.0,0.0,62.6,149.0,0.0,0.0,0.0,0.0,348.8,827.6,348.8,833.0,365.0,806.0,363.2,822.2,0.0,0.0,149.0,356.45,325.85,118.4,0.6219444444444444,7428.501666666666,0.0,386.6,2026-02-13 17:11:43-08:00,356.45,293.84999999999997,86.4,0.48,0.48,True
791.06,2.0,8.0,2026-02-14 01:24:30,37.0816,-121.59962,311.0,0.0,236.7,-12.6,0.0,0.0,0.0,0.0,0.0,11.3,0.2,224.5,0.0,134.0,-0.0,0.0,1.0,0.0,-22.0,0.0,30.11,355.0,0.0,0.0,326.0,0.0,0.0,0.0,0.0,0.0,0.0,0.0,0.0,0.0,0.0,0.0,0.0,0.0,0.0,0.0,0.0,0.0,0.0,0.0,0.0,0.0,0.0,0.0,0.0,0.0,0.0,0.0,30.2,0.0,0.0,0.0,17.9,0.0,0.0,35.3,0.0,0.0,-0.3,1.6,0.7,12.0,0.0,0.0,17.9,-9.0,4.998,0.0,0.0,0.656,0.792,0.0,0.0,0.0,0.0,,0.0,0.0,62.6,149.0,0.0,0.0,0.0,0.0,348.8,822.2,348.8,825.8,365.0,800.6,363.2,815.0,0.0,0.0,149.0,356.45,325.85,118.4,0.6219444444444444,7428.585999999999,0.0,386.6,2026-02-13 17:11:43-08:00,356.45,293.84999999999997,86.4,0.48,0.48,True
792.06,2.0,8.0,2026-02-14 01:24:31,37.08163,-121.5996,347.0,0.1,236.7,-12.6,0.0,0.0,0.0,0.0,0.0,11.3,0.2,224.5,0.0,134.0,-0.0,0.0,1.0,0.0,-4.0,0.0,30.11,355.0,0.0,0.0,326.0,0.0,0.0,0.0,0.0,0.0,0.0,0.0,0.0,0.0,0.0,0.0,0.0,0.0,0.0,0.0,0.0,0.0,0.0,0.0,0.0,0.0,0.0,0.0,0.0,0.0,0.0,0.0,30.2,0.0,0.0,0.0,17.8,0.0,0.0,35.3,0.0,0.0,-0.3,1.6,0.7,12.0,0.0,0.0,17.8,-9.0,4.998,0.0,0.0,0.656,0.792,0.0,0.0,0.0,0.0,,0.0,0.0,62.6,149.0,0.0,0.0,0.0,0.0,348.8,815.0,347.0,820.4,363.2,795.2,363.2,811.4,0.0,0.0,149.0,355.55,324.95,118.4,0.6219444444444444,7428.670333333333,0.0,386.6,2026-02-13 17:11:43-08:00,355.55,292.95,86.4,0.48,0.48,True
793.06,2.0,8.0,2026-02-14 01:24:32,37.08163,-121.5996,342.0,0.0,236.7,-12.6,0.0,0.0,0.0,0.0,0.0,11.4,0.2,224.5,0.0,133.0,0.0,0.0,1.0,0.0,1.0,0.0,30.11,355.0,0.0,0.0,326.0,0.0,0.0,0.0,0.0,0.0,0.0,0.0,0.0,0.0,0.0,0.0,0.0,0.0,0.0,0.0,0.0,0.0,0.0,0.0,0.0,0.0,0.0,0.0,0.0,0.0,0.0,0.0,30.2,0.0,0.0,0.0,17.7,0.0,0.0,35.3,0.0,0.0,-0.3,1.6,0.7,12.0,0.0,0.0,17.7,-9.0,4.998,0.0,0.0,0.656,0.792,0.0,0.0,0.0,0.0,,0.0,0.0,62.6,149.0,0.0,0.0,0.0,0.0,348.8,809.6,347.0,815.0,363.2,789.8,363.2,806.0,0.0,0.0,149.0,355.55,324.95,118.4,0.6219444444444444,7428.754666666666,0.0,386.6,2026-02-13 17:11:43-08:00,355.55,292.95,86.4,0.48,0.48,True
794.06,2.0,8.0,2026-02-14 01:24:33,37.08162,-121.5996,339.0,0.0,236.7,-12.6,0.0,0.0,0.0,0.0,0.0,11.3,0.2,224.5,0.0,133.0,-0.0,0.0,1.0,0.0,12.0,0.0,30.11,355.0,0.0,0.0,326.0,0.0,0.0,0.0,0.0,0.0,0.0,0.0,0.0,0.0,0.0,0.0,0.0,0.0,0.0,0.0,0.0,0.0,0.0,0.0,0.0,0.0,0.0,0.0,0.0,0.0,0.0,0.0,30.2,0.0,0.0,0.0,17.5,0.0,0.0,35.3,0.0,0.0,-0.3,1.6,0.7,12.0,0.0,0.0,17.5,-9.0,4.998,0.0,0.0,0.656,0.792,0.0,0.0,0.0,0.0,,0.0,0.0,62.6,149.0,0.0,0.0,0.0,0.0,347.0,804.2,347.0,807.8,363.2,786.2,363.2,800.6,0.0,0.0,149.0,355.1,324.5,118.4,0.6219444444444444,7428.754666666666,0.0,386.6,2026-02-13 17:11:43-08:00,355.1,292.5,86.4,0.48,0.48,True
795.06,2.0,8.0,2026-02-14 01:24:34,37.08159,-121.59958,335.0,0.0,236.7,-12.6,0.0,0.0,0.0,0.0,0.0,11.3,0.1,224.5,0.0,133.0,-0.0,0.0,1.0,0.0,-17.0,0.0,30.11,355.0,0.0,0.0,326.0,0.0,0.0,0.0,0.0,0.0,0.0,0.0,0.0,0.0,0.0,0.0,0.0,0.0,0.0,0.0,0.0,0.0,0.0,0.0,0.0,0.0,0.0,0.0,0.0,0.0,0.0,0.0,30.2,0.0,0.0,0.0,17.4,0.0,0.0,35.3,0.0,0.0,-0.3,1.6,0.7,12.0,0.0,0.0,17.4,-9.0,4.998,0.0,0.0,0.656,0.791,0.0,0.0,0.0,0.0,,0.0,0.0,62.6,149.0,0.0,0.0,0.0,0.0,347.0,798.8,347.0,804.2,363.2,780.8,363.2,795.2,0.0,0.0,149.0,355.1,324.5,118.4,0.6219444444444444,7428.754666666666,0.0,386.6,2026-02-13 17:11:43-08:00,355.1,292.5,86.4,0.48,0.48,True
796.06,2.0,8.0,2026-02-14 01:24:35,37.08159,-121.59958,327.0,0.0,236.7,-12.6,0.0,0.0,0.0,0.0,0.0,11.3,0.2,224.5,0.0,133.0,-0.0,0.0,1.0,0.0,-15.0,0.0,30.11,354.0,0.0,0.0,326.0,0.0,0.0,0.0,0.0,0.0,0.0,0.0,0.0,0.0,0.0,0.0,0.0,0.0,0.0,0.0,0.0,0.0,0.0,0.0,0.0,0.0,0.0,0.0,0.0,0.0,0.0,0.0,30.2,0.0,0.0,0.0,17.3,0.0,0.0,35.3,0.0,0.0,-0.3,1.6,0.7,12.0,0.0,0.0,17.3,-9.0,4.998,0.0,0.0,0.656,0.791,0.0,0.0,0.0,0.0,,0.0,0.0,62.6,149.0,0.0,0.0,0.0,0.0,347.0,795.2,347.0,798.8,363.2,777.2,363.2,791.6,0.0,0.0,148.82,355.1,324.5,118.22,0.6219444444444444,7428.754666666666,0.0,386.6,2026-02-13 17:11:43-08:00,355.1,292.5,86.22,0.48,0.48,True
797.06,2.0,8.0,2026-02-14 01:24:36,37.08159,-121.59958,326.0,0.0,236.7,-12.6,0.0,0.0,0.0,0.0,0.0,11.3,0.1,224.5,0.0,132.0,-0.0,0.0,1.0,0.0,-6.0,0.0,30.11,354.0,0.0,0.0,326.0,0.0,0.0,0.0,0.0,0.0,0.0,0.0,0.0,0.0,0.0,0.0,0.0,0.0,0.0,0.0,0.0,0.0,0.0,0.0,0.0,0.0,0.0,0.0,0.0,0.0,0.0,0.0,30.2,0.0,0.0,0.0,17.2,0.0,0.0,35.3,0.0,0.0,-0.3,1.6,0.7,12.0,0.0,0.0,17.2,-9.0,4.998,0.0,0.0,0.656,0.791,0.0,0.0,0.0,0.0,,0.0,0.0,62.6,149.0,0.0,0.0,0.0,0.0,347.0,789.8,347.0,793.4,363.2,771.8,361.4,786.2,0.0,0.0,148.82,354.65,324.05,118.22,0.6219444444444444,7428.754666666666,0.0,386.6,2026-02-13 17:11:43-08:00,354.65,292.04999999999995,86.22,0.48,0.48,True
798.06,2.0,8.0,2026-02-14 01:24:37,37.08159,-121.59958,325.0,0.1,236.7,-12.6,0.0,0.0,0.0,0.0,0.0,11.3,0.1,224.5,0.0,132.0,-0.0,0.0,1.0,0.0,-17.0,0.0,30.11,354.0,0.0,0.0,326.0,0.0,0.0,0.0,0.0,0.0,0.0,0.0,0.0,0.0,0.0,0.0,0.0,0.0,0.0,0.0,0.0,0.0,0.0,0.0,0.0,0.0,0.0,0.0,0.0,0.0,0.0,0.0,30.2,0.0,0.0,0.0,17.0,0.0,0.0,35.3,0.0,0.0,-0.3,1.6,0.7,12.0,0.0,0.0,17.0,-9.0,4.998,0.0,0.0,0.656,0.791,0.0,0.0,0.0,0.0,,0.0,0.0,62.6,149.0,0.0,0.0,0.0,0.0,347.0,786.2,347.0,791.6,363.2,766.4,361.4,780.8,0.0,0.0,148.82,354.65,324.05,118.22,0.6219444444444444,7428.839,0.0,386.6,2026-02-13 17:11:43-08:00,354.65,292.04999999999995,86.22,0.48,0.48,True
799.06,2.0,8.0,2026-02-14 01:24:38,37.08159,-121.59958,324.0,0.0,236.7,-12.6,0.0,0.0,0.0,0.0,0.0,11.3,0.1,224.5,0.0,131.0,-0.0,0.0,1.0,0.0,-44.0,0.0,30.11,352.0,0.0,0.0,326.0,0.0,0.0,0.0,0.0,0.0,0.0,0.0,0.0,0.0,0.0,0.0,0.0,0.0,0.0,0.0,0.0,0.0,0.0,0.0,0.0,0.0,0.0,0.0,0.0,0.0,0.0,0.0,30.2,0.0,0.0,0.0,16.9,0.0,0.0,35.3,0.0,0.0,-0.3,1.6,0.7,12.0,0.0,0.0,16.9,-9.0,4.998,0.0,0.0,0.656,0.791,0.0,0.0,0.0,0.0,,0.0,0.0,62.6,149.0,0.0,0.0,0.0,0.0,347.0,782.6,345.2,784.4,363.2,762.8,361.4,775.4,0.0,0.0,148.82,354.2,323.6,118.22,0.6219444444444444,7428.923333333333,0.0,386.6,2026-02-13 17:11:43-08:00,354.2,291.59999999999997,86.22,0.48,0.48,True
800.06,2.0,8.0,2026-02-14 01:24:39,37.08158,-121.59958,324.0,0.1,236.7,-12.6,0.0,0.0,0.0,0.0,0.0,11.3,0.2,224.5,0.0,131.0,-0.0,0.0,1.0,0.0,-8.0,0.0,30.11,352.0,0.0,0.0,326.0,0.0,0.0,0.0,0.0,0.0,0.0,0.0,0.0,0.0,0.0,0.0,0.0,0.0,0.0,0.0,0.0,0.0,0.0,0.0,0.0,0.0,0.0,0.0,0.0,0.0,0.0,0.0,30.2,0.0,0.0,0.0,16.8,0.0,0.0,35.3,0.0,0.0,-0.3,1.6,0.7,12.0,0.0,0.0,16.8,-9.0,4.998,0.0,0.0,0.656,0.791,0.0,0.0,0.0,0.0,,0.0,0.0,62.6,149.0,0.0,0.0,0.0,0.0,347.0,779.0,347.0,779.0,361.4,759.2,361.4,771.8,0.0,0.0,148.82,354.2,323.6,118.22,0.6219444444444444,7429.007666666666,0.0,386.6,2026-02-13 17:11:43-08:00,354.2,291.59999999999997,86.22,0.48,0.48,True
801.06,2.0,8.0,2026-02-14 01:24:40,37.08158,-121.59958,323.0,0.1,236.7,-12.6,0.0,0.0,0.0,0.0,0.0,11.3,0.2,224.5,0.0,131.0,-0.0,0.0,1.0,0.0,-4.0,0.0,30.11,352.0,0.0,0.0,326.0,0.0,0.0,0.0,0.0,0.0,0.0,0.0,0.0,0.0,0.0,0.0,0.0,0.0,0.0,0.0,0.0,0.0,0.0,0.0,0.0,0.0,0.0,0.0,0.0,0.0,0.0,0.0,30.2,0.0,0.0,0.0,16.7,0.0,0.0,35.3,0.0,0.0,-0.2,1.6,0.7,12.0,0.0,0.0,16.7,-9.0,4.998,0.0,0.0,0.656,0.791,0.0,0.0,0.0,0.0,,0.0,0.0,62.6,149.0,0.0,0.0,0.0,0.0,347.0,775.4,345.2,777.2,361.4,755.6,361.4,768.2,0.0,0.0,148.82,353.75,323.15,118.22,0.6219444444444444,7429.176333333333,0.0,386.6,2026-02-13 17:11:43-08:00,353.75,291.15,86.22,0.48,0.48,True
802.06,2.0,8.0,2026-02-14 01:24:41,37.08158,-121.59958,322.0,0.1,236.7,-12.6,0.0,0.0,0.0,0.0,0.0,11.3,0.2,224.4,0.0,131.0,-0.0,0.0,1.0,0.0,18.0,0.0,30.11,352.0,0.0,0.0,326.0,0.0,0.0,0.0,0.0,0.0,0.0,0.0,0.0,0.0,0.0,0.0,0.0,0.0,0.0,0.0,0.0,0.0,0.0,0.0,0.0,0.0,0.0,0.0,0.0,0.0,0.0,0.0,30.2,0.0,0.0,0.0,16.6,0.0,0.0,35.3,0.0,0.0,-0.2,1.6,0.7,12.0,0.0,0.0,16.6,-9.0,4.998,0.0,0.0,0.656,0.792,0.0,0.0,0.0,0.0,,0.0,0.0,62.6,149.0,0.0,0.0,0.0,0.0,347.0,770.0,345.2,771.8,361.4,750.2,361.4,762.8,0.0,0.0,148.82,353.75,323.15,118.22,0.6219444444444444,7429.344999999999,0.0,386.6,2026-02-13 17:11:43-08:00,353.75,291.15,86.22,0.48,0.48,True
803.06,2.0,8.0,2026-02-14 01:24:42,37.08159,-121.59958,320.0,0.1,236.7,-12.6,0.0,0.0,0.0,0.0,0.0,11.2,0.1,224.4,0.0,131.0,-0.0,0.0,1.0,0.0,20.0,0.0,30.11,352.0,0.0,0.0,326.0,0.0,0.0,0.0,0.0,0.0,0.0,0.0,0.0,0.0,0.0,0.0,0.0,0.0,0.0,0.0,0.0,0.0,0.0,0.0,0.0,0.0,0.0,0.0,0.0,0.0,0.0,0.0,30.2,0.0,0.0,0.0,16.5,0.0,0.0,35.3,0.0,0.0,-0.2,1.6,0.7,12.0,0.0,0.0,16.5,-9.0,4.998,0.0,0.0,0.656,0.791,0.0,0.0,0.0,0.0,,0.0,0.0,62.6,149.0,0.0,0.0,0.0,0.0,347.0,764.6,345.2,768.2,361.4,744.8,361.4,759.2,0.0,0.0,148.82,353.75,323.15,118.22,0.6219444444444444,7429.513666666666,0.0,386.6,2026-02-13 17:11:43-08:00,353.75,291.15,86.22,0.48,0.48,True
804.06,2.0,8.0,2026-02-14 01:24:43,37.08159,-121.59958,320.0,0.0,236.7,-12.6,0.0,0.0,0.0,0.0,0.0,11.3,0.2,224.4,0.0,131.0,-0.1,0.0,1.0,0.0,20.0,0.0,30.11,352.0,0.0,0.0,326.0,0.0,0.0,0.0,0.0,0.0,0.0,0.0,0.0,0.0,0.0,0.0,0.0,0.0,0.0,0.0,0.0,0.0,0.0,0.0,0.0,0.0,0.0,0.0,0.0,0.0,0.0,0.0,30.2,0.0,0.0,0.0,16.4,0.0,0.0,35.3,0.0,0.0,-0.2,1.6,0.7,12.0,0.0,0.0,16.4,-9.0,4.998,0.0,0.0,0.656,0.791,0.0,0.0,0.0,0.0,,0.0,0.0,62.6,149.0,0.0,0.0,0.0,0.0,345.2,761.0,345.2,762.8,361.4,741.2,361.4,755.6,0.0,0.0,148.82,353.3,322.7,118.22,0.6219444444444444,7429.598,0.0,386.6,2026-02-13 17:11:43-08:00,353.3,290.7,86.22,0.48,0.48,True
805.06,2.0,8.0,2026-02-14 01:24:44,37.08159,-121.59958,320.0,0.0,236.7,-12.6,0.0,0.0,0.0,0.0,0.0,11.3,0.2,224.4,0.0,131.0,-0.0,0.0,1.0,0.0,0.0,0.0,30.11,352.0,0.0,0.0,326.0,0.0,0.0,0.0,0.0,0.0,0.0,0.0,0.0,0.0,0.0,0.0,0.0,0.0,0.0,0.0,0.0,0.0,0.0,0.0,0.0,0.0,0.0,0.0,0.0,0.0,0.0,0.0,30.2,0.0,0.0,0.0,16.2,0.0,0.0,35.3,0.0,0.0,-0.2,1.6,0.7,12.0,0.0,0.0,16.2,-9.0,4.998,0.0,0.0,0.656,0.791,0.0,0.0,0.0,0.0,,0.0,0.0,62.6,149.0,0.0,0.0,0.0,0.0,345.2,757.4,345.2,759.2,361.4,737.6,359.6,750.2,0.0,0.0,148.82,352.85,322.25,118.22,0.6219444444444444,7429.598,0.0,386.6,2026-02-13 17:11:43-08:00,352.85,290.25,86.22,0.48,0.48,True
806.06,2.0,8.0,2026-02-14 01:24:45,37.08159,-121.59958,319.0,0.1,236.7,-12.6,0.0,0.0,0.0,0.0,0.0,11.3,0.2,224.4,0.0,131.0,-0.0,0.0,1.0,0.0,-1.0,0.0,30.11,352.0,0.0,0.0,326.0,0.0,0.0,0.0,0.0,0.0,0.0,0.0,0.0,0.0,0.0,0.0,0.0,0.0,0.0,0.0,0.0,0.0,0.0,0.0,0.0,0.0,0.0,0.0,0.0,0.0,0.0,0.0,30.2,0.0,0.0,0.0,16.2,0.0,0.0,35.3,0.0,0.0,-0.2,1.6,0.7,12.0,0.0,0.0,16.2,-9.0,4.998,0.0,0.0,0.656,0.791,0.0,0.0,0.0,0.0,,0.0,0.0,62.6,149.0,0.0,0.0,0.0,0.0,345.2,752.0,345.2,753.8,361.4,734.0,359.6,746.6,0.0,0.0,148.64,352.85,322.25,118.04,0.6219444444444444,7429.682333333333,0.0,386.6,2026-02-13 17:11:43-08:00,352.85,290.25,86.03999999999999,0.48,0.48,True
807.06,2.0,8.0,2026-02-14 01:24:46,37.08159,-121.59957,319.0,0.0,236.7,-12.6,0.0,0.0,0.0,0.0,0.0,11.3,0.2,224.4,0.0,131.0,-0.0,0.0,1.0,0.0,15.0,0.0,30.11,352.0,0.0,0.0,326.0,0.0,0.0,0.0,0.0,0.0,0.0,0.0,0.0,0.0,0.0,0.0,0.0,0.0,0.0,0.0,0.0,0.0,0.0,0.0,0.0,0.0,0.0,0.0,0.0,0.0,0.0,0.0,30.2,0.0,0.0,0.0,16.0,0.0,0.0,35.3,0.0,0.0,-0.2,1.6,0.7,12.0,0.0,0.0,16.0,-9.0,4.998,0.0,0.0,0.656,0.791,0.0,0.0,0.0,0.0,,0.0,0.0,62.6,149.0,0.0,0.0,0.0,0.0,345.2,748.4,345.2,750.2,361.4,730.4,359.6,743.0,0.0,0.0,148.64,352.85,322.25,118.04,0.6219444444444444,7429.766666666666,0.0,386.6,2026-02-13 17:11:43-08:00,352.85,290.25,86.03999999999999,0.48,0.48,True
808.06,2.0,8.0,2026-02-14 01:24:47,37.08159,-121.59958,318.0,0.0,236.7,-12.6,0.0,0.0,0.0,0.0,0.0,11.3,0.2,224.4,0.0,131.0,-0.0,0.0,1.0,0.0,27.0,0.0,30.11,352.0,0.0,0.0,326.0,0.0,0.0,0.0,0.0,0.0,0.0,0.0,0.0,0.0,0.0,0.0,0.0,0.0,0.0,0.0,0.0,0.0,0.0,0.0,0.0,0.0,0.0,0.0,0.0,0.0,0.0,0.0,30.2,0.0,0.0,0.0,15.9,0.0,0.0,35.3,0.0,0.0,-0.2,1.6,0.7,12.0,0.0,0.0,15.9,-9.0,4.998,0.0,0.0,0.656,0.791,0.0,0.0,0.0,0.0,,0.0,0.0,62.6,149.0,0.0,0.0,0.0,0.0,345.2,746.6,343.4,746.6,359.6,726.8,359.6,737.6,0.0,0.0,148.64,351.95,321.35,118.04,0.6219444444444444,7429.766666666666,0.0,386.6,2026-02-13 17:11:43-08:00,351.95,289.34999999999997,86.03999999999999,0.48,0.48,True
809.06,2.0,8.0,2026-02-14 01:24:48,37.08159,-121.59958,318.0,0.0,236.7,-12.6,0.0,0.0,0.0,0.0,0.0,11.3,0.3,224.4,0.0,131.0,-0.0,0.0,1.0,0.0,15.0,0.0,30.11,352.0,0.0,0.0,326.0,0.0,0.0,0.0,0.0,0.0,0.0,0.0,0.0,0.0,0.0,0.0,0.0,0.0,0.0,0.0,0.0,0.0,0.0,0.0,0.0,0.0,0.0,0.0,0.0,0.0,0.0,0.0,30.2,0.0,0.0,0.0,15.8,0.0,0.0,35.3,0.0,0.0,-0.2,1.6,0.7,12.0,0.0,0.0,15.8,-9.0,4.998,0.0,0.0,0.656,0.791,0.0,0.0,0.0,0.0,,0.0,0.0,62.6,149.0,0.0,0.0,0.0,0.0,345.2,743.0,343.4,743.0,359.6,723.2,359.6,734.0,0.0,0.0,148.64,351.95,321.35,118.04,0.6219444444444444,7429.766666666666,0.0,386.6,2026-02-13 17:11:43-08:00,351.95,289.34999999999997,86.03999999999999,0.48,0.48,True
810.06,2.0,8.0,2026-02-14 01:24:49,37.08159,-121.59958,317.0,0.0,236.7,-12.6,0.0,0.0,0.0,0.0,0.0,11.3,0.2,224.4,0.0,131.0,-0.0,0.0,1.0,0.0,-25.0,0.0,30.11,352.0,0.0,0.0,326.0,0.0,0.0,0.0,0.0,0.0,0.0,0.0,0.0,0.0,0.0,0.0,0.0,0.0,0.0,0.0,0.0,0.0,0.0,0.0,0.0,0.0,0.0,0.0,0.0,0.0,0.0,0.0,30.2,0.0,0.0,0.0,15.7,0.0,0.0,35.3,0.0,0.0,-0.2,1.6,0.7,12.0,0.0,0.0,15.7,-9.0,4.998,0.0,0.0,0.656,0.791,0.0,0.0,0.0,0.0,,0.0,0.0,62.6,149.0,0.0,0.0,0.0,0.0,345.2,739.4,343.4,739.4,359.6,717.8,359.6,730.4,0.0,0.0,148.64,351.95,321.35,118.04,0.6219444444444444,7429.766666666666,0.0,386.6,2026-02-13 17:11:43-08:00,351.95,289.34999999999997,86.03999999999999,0.48,0.48,True
811.06,2.0,8.0,2026-02-14 01:24:50,37.08159,-121.59957,316.0,0.0,236.7,-12.6,0.0,0.0,0.0,0.0,0.0,11.3,0.2,224.4,0.0,131.0,-0.0,0.0,1.0,0.0,-14.0,0.0,30.11,352.0,0.0,0.0,326.0,0.0,0.0,0.0,0.0,0.0,0.0,0.0,0.0,0.0,0.0,0.0,0.0,0.0,0.0,0.0,0.0,0.0,0.0,0.0,0.0,0.0,0.0,0.0,0.0,0.0,0.0,0.0,30.2,0.0,0.0,0.0,15.6,0.0,0.0,35.3,0.0,0.0,-0.2,1.6,0.7,12.0,0.0,0.0,15.6,-9.0,4.998,0.0,0.0,0.656,0.792,0.0,0.0,0.0,0.0,,0.0,0.0,62.6,149.0,0.0,0.0,0.0,0.0,345.2,737.6,343.4,735.8,359.6,714.2,359.6,726.8,0.0,0.0,148.64,351.95,321.35,118.04,0.6219444444444444,7429.766666666666,0.0,386.6,2026-02-13 17:11:43-08:00,351.95,289.34999999999997,86.03999999999999,0.48,0.48,True
812.06,2.0,8.0,2026-02-14 01:24:51,37.08159,-121.59957,316.0,0.0,236.7,-12.6,0.0,0.0,0.0,0.0,0.0,11.3,0.2,224.4,0.0,131.0,0.0,0.0,1.0,0.0,12.0,0.0,30.11,352.0,0.0,0.0,326.0,0.0,0.0,0.0,0.0,0.0,0.0,0.0,0.0,0.0,0.0,0.0,0.0,0.0,0.0,0.0,0.0,0.0,0.0,0.0,0.0,0.0,0.0,0.0,0.0,0.0,0.0,0.0,30.2,0.0,0.0,0.0,15.5,0.0,0.0,35.3,0.0,0.0,-0.2,1.6,0.7,12.0,0.0,0.0,15.5,-9.0,4.998,0.0,0.0,0.656,0.791,0.0,0.0,0.0,0.0,,0.0,0.0,62.6,149.0,0.0,0.0,0.0,0.0,345.2,734.0,343.4,730.4,359.6,712.4,357.8,723.2,0.0,0.0,148.64,351.5,320.9,118.04,0.6219444444444444,7429.766666666666,0.0,386.6,2026-02-13 17:11:43-08:00,351.50000000000006,288.90000000000003,86.03999999999999,0.48,0.48,True
813.06,2.0,8.0,2026-02-14 01:24:52,37.0816,-121.59958,315.0,0.0,236.7,-12.6,0.0,0.0,0.0,0.0,0.0,11.3,0.2,224.4,0.0,131.0,-0.0,0.0,1.0,0.0,3.0,0.0,30.11,352.0,0.0,0.0,326.0,0.0,0.0,0.0,0.0,0.0,0.0,0.0,0.0,0.0,0.0,0.0,0.0,0.0,0.0,0.0,0.0,0.0,0.0,0.0,0.0,0.0,0.0,0.0,0.0,0.0,0.0,0.0,30.2,0.0,0.0,0.0,15.5,0.0,0.0,35.3,0.0,0.0,-0.2,1.6,0.7,12.0,0.0,0.0,15.5,-9.0,4.998,0.0,0.0,0.656,0.791,0.0,0.0,0.0,0.0,,0.0,0.0,62.6,149.0,0.0,0.0,0.0,0.0,345.2,732.2,343.4,726.8,359.6,707.0,357.8,719.6,0.0,0.0,148.64,351.5,320.9,118.04,0.6219444444444444,7429.766666666666,0.0,386.6,2026-02-13 17:11:43-08:00,351.50000000000006,288.90000000000003,86.03999999999999,0.48,0.48,True
814.06,2.0,9.0,2026-02-14 01:24:53,37.08161,-121.59958,327.0,0.0,236.7,-12.6,0.0,0.0,0.0,0.0,0.0,11.3,0.2,224.4,0.0,131.0,-0.0,0.0,1.0,0.0,8.0,0.0,30.11,352.0,0.0,0.0,326.0,0.0,0.0,0.0,0.0,0.0,0.0,0.0,0.0,0.0,0.0,0.0,0.0,0.0,0.0,0.0,0.0,0.0,0.0,0.0,0.0,0.0,0.0,0.0,0.0,0.0,0.0,0.0,30.2,0.0,0.0,0.0,15.4,0.0,0.0,35.3,0.0,0.0,-0.2,1.6,0.7,12.0,0.0,0.0,15.4,-9.0,4.998,0.0,0.0,0.656,0.791,0.0,0.0,0.0,0.0,,0.0,0.0,62.6,149.0,0.0,0.0,0.0,0.0,345.2,726.8,343.4,723.2,359.6,705.2,357.8,716.0,0.0,0.0,148.64,351.5,320.9,118.04,0.6219444444444444,7429.766666666666,0.0,386.6,2026-02-13 17:11:43-08:00,351.50000000000006,288.90000000000003,86.03999999999999,0.48,0.48,True
815.06,2.0,8.0,2026-02-14 01:24:54,37.08159,-121.59957,315.0,0.0,236.7,-12.6,0.0,0.0,0.0,0.0,0.0,11.3,0.2,224.4,0.0,131.0,-0.0,0.0,1.0,0.0,10.0,0.0,30.11,352.0,0.0,0.0,326.0,0.0,0.0,0.0,0.0,0.0,0.0,0.0,0.0,0.0,0.0,0.0,0.0,0.0,0.0,0.0,0.0,0.0,0.0,0.0,0.0,0.0,0.0,0.0,0.0,0.0,0.0,0.0,30.2,0.0,0.0,0.0,15.3,0.0,0.0,35.3,0.0,0.0,-0.2,1.6,0.7,12.0,0.0,0.0,15.3,-9.0,4.998,0.0,0.0,0.656,0.791,0.0,0.0,0.0,0.0,,0.0,0.0,62.6,149.0,0.0,0.0,0.0,0.0,345.2,723.2,343.4,719.6,359.6,701.6,357.8,710.6,0.0,0.0,148.64,351.5,320.9,118.04,0.6219444444444444,7429.766666666666,0.0,386.6,2026-02-13 17:11:43-08:00,351.50000000000006,288.90000000000003,86.03999999999999,0.48,0.48,True
816.06,2.0,8.0,2026-02-14 01:24:55,37.08159,-121.59957,312.0,0.0,236.7,-12.6,0.0,0.0,0.0,0.0,0.0,11.3,0.2,224.4,0.0,131.0,-0.0,0.0,1.0,0.0,7.0,0.0,30.11,351.0,0.0,0.0,326.0,0.0,0.0,0.0,0.0,0.0,0.0,0.0,0.0,0.0,0.0,0.0,0.0,0.0,0.0,0.0,0.0,0.0,0.0,0.0,0.0,0.0,0.0,0.0,0.0,0.0,0.0,0.0,30.2,0.0,0.0,0.0,15.2,0.0,0.0,35.3,0.0,0.0,-0.2,1.6,0.7,12.0,0.0,0.0,15.2,-9.0,4.998,0.0,0.0,0.656,0.791,0.0,0.0,0.0,0.0,,0.0,0.0,62.6,149.0,0.0,0.0,0.0,0.0,343.4,719.6,343.4,716.0,359.6,698.0,357.8,707.0,0.0,0.0,148.64,351.05,320.45,118.04,0.6219444444444444,7429.766666666666,0.0,386.6,2026-02-13 17:11:43-08:00,351.05000000000007,288.45000000000005,86.03999999999999,0.48,0.48,True
817.06,2.0,8.0,2026-02-14 01:24:56,37.08159,-121.59957,312.0,0.1,236.7,-12.6,0.0,0.0,0.0,0.0,0.0,11.3,0.2,224.4,0.0,131.0,-0.0,0.0,1.0,0.0,-4.0,0.0,30.11,351.0,0.0,0.0,326.0,0.0,0.0,0.0,0.0,0.0,0.0,0.0,0.0,0.0,0.0,0.0,0.0,0.0,0.0,0.0,0.0,0.0,0.0,0.0,0.0,0.0,0.0,0.0,0.0,0.0,0.0,0.0,30.2,0.0,0.0,0.0,15.1,0.0,0.0,35.3,0.0,0.0,-0.2,1.6,0.7,12.0,0.0,0.0,15.1,-9.0,4.998,0.0,0.0,0.656,0.791,0.0,0.0,0.0,0.0,,0.0,0.0,62.6,149.0,0.0,0.0,0.0,0.0,343.4,716.0,343.4,712.4,357.8,692.6,357.8,703.4,0.0,0.0,148.64,350.6,320.0,118.04,0.6219444444444444,7429.851,0.0,386.6,2026-02-13 17:11:43-08:00,350.6,288.0,86.03999999999999,0.48,0.48,True
818.06,2.0,8.0,2026-02-14 01:24:57,37.08159,-121.59957,311.0,0.1,236.7,-12.6,0.0,0.0,0.0,0.0,0.0,11.3,0.2,224.4,0.0,131.0,-0.0,0.0,1.0,0.0,-15.0,0.0,30.11,351.0,0.0,0.0,326.0,0.0,0.0,0.0,0.0,0.0,0.0,0.0,0.0,0.0,0.0,0.0,0.0,0.0,0.0,0.0,0.0,0.0,0.0,0.0,0.0,0.0,0.0,0.0,0.0,0.0,0.0,0.0,30.2,0.0,0.0,0.0,15.0,0.0,0.0,35.3,0.0,0.0,-0.2,1.6,0.7,12.0,0.0,0.0,15.0,-9.0,4.998,0.0,0.0,0.656,0.792,0.0,0.0,0.0,0.0,,0.0,0.0,62.6,149.0,0.0,0.0,0.0,0.0,343.4,710.6,341.6,708.8,357.8,689.0,357.8,699.8,0.0,0.0,148.64,350.15,319.55,118.04,0.6219444444444444,7430.019666666666,0.0,386.6,2026-02-13 17:11:43-08:00,350.15,287.54999999999995,86.03999999999999,0.48,0.48,True
819.06,2.0,8.0,2026-02-14 01:24:58,37.08159,-121.59957,311.0,0.0,236.7,-12.6,0.0,0.0,0.0,0.0,0.0,11.3,0.2,224.5,0.0,131.0,-0.0,0.0,1.0,0.0,-24.0,0.0,30.11,343.0,0.0,0.0,326.0,0.0,0.0,0.0,0.0,0.0,0.0,0.0,0.0,0.0,0.0,0.0,0.0,0.0,0.0,0.0,0.0,0.0,0.0,0.0,0.0,0.0,0.0,0.0,0.0,0.0,0.0,0.0,30.2,0.0,0.0,0.0,14.9,0.0,0.0,35.3,0.0,0.0,-0.2,1.6,0.7,12.0,0.0,0.0,14.9,-9.0,4.998,0.0,0.0,0.656,0.791,0.0,0.0,0.0,0.0,,0.0,0.0,62.6,149.0,0.0,0.0,0.0,0.0,343.4,708.8,341.6,707.0,357.8,687.2,357.8,696.2,0.0,0.0,148.64,350.15,319.55,118.04,0.6219444444444444,7430.103999999999,0.0,386.6,2026-02-13 17:11:43-08:00,350.15,287.54999999999995,86.03999999999999,0.48,0.48,True
820.06,2.0,8.0,2026-02-14 01:24:59,37.08159,-121.59957,310.0,0.0,236.7,-12.6,0.0,0.0,0.0,0.0,0.0,11.3,0.2,224.5,0.0,131.0,-0.0,0.0,1.0,0.0,19.0,0.0,30.11,343.0,0.0,0.0,326.0,0.0,0.0,0.0,0.0,0.0,0.0,0.0,0.0,0.0,0.0,0.0,0.0,0.0,0.0,0.0,0.0,0.0,0.0,0.0,0.0,0.0,0.0,0.0,0.0,0.0,0.0,0.0,30.2,0.0,0.0,0.0,14.8,0.0,0.0,35.3,0.0,0.0,-0.2,1.6,0.7,12.0,0.0,0.0,14.8,-9.0,4.998,0.0,0.0,0.656,0.791,0.0,0.0,0.0,0.0,,0.0,0.0,62.6,149.0,0.0,0.0,0.0,0.0,343.4,705.2,341.6,701.6,357.8,683.6,356.0,694.4,0.0,0.0,148.64,349.7,319.1,118.04,0.6219444444444444,7430.103999999999,0.0,386.6,2026-02-13 17:11:43-08:00,349.70000000000005,287.1,86.03999999999999,0.48,0.48,True
821.06,2.0,8.0,2026-02-14 01:25:00,37.08158,-121.59957,313.0,0.0,236.7,-12.6,0.0,0.0,0.0,0.0,0.0,11.3,0.2,224.5,0.0,131.0,-0.0,0.0,1.0,0.0,-1.0,0.0,30.11,343.0,0.0,0.0,326.0,0.0,0.0,0.0,0.0,0.0,0.0,0.0,0.0,0.0,0.0,0.0,0.0,0.0,0.0,0.0,0.0,0.0,0.0,0.0,0.0,0.0,0.0,0.0,0.0,0.0,0.0,0.0,30.2,0.0,0.0,0.0,14.7,0.0,0.0,35.3,0.0,0.0,-0.2,1.6,0.7,12.0,0.0,0.0,14.7,-9.0,4.998,0.0,0.0,0.656,0.791,0.0,0.0,0.0,0.0,,0.0,0.0,62.6,149.0,0.0,0.0,0.0,0.0,343.4,701.6,341.6,698.0,357.8,681.8,356.0,689.0,0.0,0.0,148.64,349.7,319.1,118.04,0.6219444444444444,7430.103999999999,0.0,386.6,2026-02-13 17:11:43-08:00,349.70000000000005,287.1,86.03999999999999,0.48,0.48,True
822.06,2.0,8.0,2026-02-14 01:25:01,37.0816,-121.59959,318.0,0.0,236.7,-12.6,0.0,0.0,0.0,0.0,0.0,11.3,0.2,224.5,0.0,131.0,0.0,0.0,1.0,0.0,-13.0,0.0,30.11,351.0,0.0,0.0,326.0,0.0,0.0,0.0,0.0,0.0,0.0,0.0,0.0,0.0,0.0,0.0,0.0,0.0,0.0,0.0,0.0,0.0,0.0,0.0,0.0,0.0,0.0,0.0,0.0,0.0,0.0,0.0,30.2,0.0,0.0,0.0,14.7,0.0,0.0,35.3,0.0,0.0,-0.2,1.6,0.7,12.0,0.0,0.0,14.7,-9.0,4.998,0.0,0.0,0.656,0.791,0.0,0.0,0.0,0.0,,0.0,0.0,62.6,149.0,0.0,0.0,0.0,0.0,343.4,698.0,341.6,696.2,357.8,678.2,356.0,687.2,0.0,0.0,148.64,349.7,319.1,118.04,0.6219444444444444,7430.103999999999,0.0,386.6,2026-02-13 17:11:43-08:00,349.70000000000005,287.1,86.03999999999999,0.48,0.48,True
823.06,2.0,8.0,2026-02-14 01:25:02,37.0816,-121.59958,317.0,0.0,236.7,-12.6,0.0,0.0,0.0,0.0,0.0,11.3,0.2,224.5,0.0,131.0,0.0,0.0,1.0,0.0,-18.0,0.0,30.11,351.0,0.0,0.0,326.0,0.0,0.0,0.0,0.0,0.0,0.0,0.0,0.0,0.0,0.0,0.0,0.0,0.0,0.0,0.0,0.0,0.0,0.0,0.0,0.0,0.0,0.0,0.0,0.0,0.0,0.0,0.0,30.2,0.0,0.0,0.0,14.6,0.0,0.0,35.3,0.0,0.0,-0.2,1.6,0.7,12.0,0.0,0.0,14.6,-9.0,4.998,0.0,0.0,0.656,0.792,0.0,0.0,0.0,0.0,,0.0,0.0,62.6,149.0,0.0,0.0,0.0,0.0,343.4,692.6,341.6,692.6,357.8,674.6,356.0,683.6,0.0,0.0,148.64,349.7,319.1,118.04,0.6219444444444444,7430.103999999999,0.0,386.6,2026-02-13 17:11:43-08:00,349.70000000000005,287.1,86.03999999999999,0.48,0.48,True
824.06,2.0,8.0,2026-02-14 01:25:03,37.0816,-121.59958,314.0,0.0,236.7,-12.6,0.0,0.0,0.0,0.0,0.0,11.3,0.2,224.4,0.0,131.0,-0.0,0.0,1.0,0.0,2.0,0.0,30.11,351.0,0.0,0.0,326.0,0.0,0.0,0.0,0.0,0.0,0.0,0.0,0.0,0.0,0.0,0.0,0.0,0.0,0.0,0.0,0.0,0.0,0.0,0.0,0.0,0.0,0.0,0.0,0.0,0.0,0.0,0.0,30.2,0.0,0.0,0.0,14.5,0.0,0.0,35.3,0.0,0.0,-0.2,1.6,0.7,12.0,0.0,0.0,14.5,-9.0,4.998,0.0,0.0,0.656,0.791,0.0,0.0,0.0,0.0,,0.0,0.0,62.6,149.0,0.0,0.0,0.0,0.0,343.4,690.8,341.6,690.8,357.8,671.0,356.0,680.0,0.0,0.0,148.64,349.7,319.1,118.04,0.6219444444444444,7430.103999999999,0.0,386.6,2026-02-13 17:11:43-08:00,349.70000000000005,287.1,86.03999999999999,0.48,0.48,True
825.06,2.0,8.0,2026-02-14 01:25:04,37.0816,-121.59958,313.0,0.0,236.7,-12.6,0.0,0.0,0.0,0.0,0.0,11.3,0.2,224.4,0.0,131.0,-0.0,0.0,1.0,0.0,10.0,0.0,30.11,351.0,0.0,0.0,326.0,0.0,0.0,0.0,0.0,0.0,0.0,0.0,0.0,0.0,0.0,0.0,0.0,0.0,0.0,0.0,0.0,0.0,0.0,0.0,0.0,0.0,0.0,0.0,0.0,0.0,0.0,0.0,30.2,0.0,0.0,0.0,14.4,0.0,0.0,35.3,0.0,0.0,-0.2,1.6,0.7,12.0,0.0,0.0,14.4,-9.0,4.998,0.0,0.0,0.656,0.791,0.0,0.0,0.0,0.0,,0.0,0.0,62.6,149.0,0.0,0.0,0.0,0.0,343.4,687.2,341.6,685.4,357.8,669.2,356.0,676.4,0.0,0.0,148.64,349.7,319.1,118.04,0.6219444444444444,7430.103999999999,0.0,386.6,2026-02-13 17:11:43-08:00,349.70000000000005,287.1,86.03999999999999,0.48,0.48,True
826.06,2.0,8.0,2026-02-14 01:25:05,37.0816,-121.59958,313.0,0.0,236.7,-12.6,0.0,0.0,0.0,0.0,0.0,11.2,0.2,224.4,0.0,131.0,-0.0,0.0,1.0,0.0,1.0,0.0,30.11,351.0,0.0,0.0,326.0,0.0,0.0,0.0,0.0,0.0,0.0,0.0,0.0,0.0,0.0,0.0,0.0,0.0,0.0,0.0,0.0,0.0,0.0,0.0,0.0,0.0,0.0,0.0,0.0,0.0,0.0,0.0,30.2,0.0,0.0,0.0,14.3,0.0,0.0,35.3,0.0,0.0,-0.2,1.6,0.7,12.0,0.0,0.0,14.3,-9.0,4.998,0.0,0.0,0.656,0.791,0.0,0.0,0.0,0.0,,0.0,0.0,62.6,149.0,0.0,0.0,0.0,0.0,343.4,685.4,341.6,683.6,356.0,665.6,356.0,674.6,0.0,0.0,148.64,349.25,318.65,118.04,0.6219444444444444,7430.103999999999,0.0,386.6,2026-02-13 17:11:43-08:00,349.25,286.65,86.03999999999999,0.48,0.48,True
827.06,2.0,8.0,2026-02-14 01:25:06,37.0816,-121.59958,312.0,0.0,236.7,-12.6,0.0,0.0,0.0,0.0,0.0,11.2,0.2,224.4,0.0,131.0,-0.0,0.0,1.0,0.0,-3.0,0.0,30.11,351.0,0.0,0.0,326.0,0.0,0.0,0.0,0.0,0.0,0.0,0.0,0.0,0.0,0.0,0.0,0.0,0.0,0.0,0.0,0.0,0.0,0.0,0.0,0.0,0.0,0.0,0.0,0.0,0.0,0.0,0.0,30.2,0.0,0.0,0.0,14.3,0.0,0.0,35.3,0.0,0.0,-0.2,1.6,0.7,12.0,0.0,0.0,14.3,-9.0,4.998,0.0,0.0,0.656,0.791,0.0,0.0,0.0,0.0,,0.0,0.0,62.6,149.0,0.0,0.0,0.0,0.0,343.4,681.8,341.6,680.0,356.0,663.8,356.0,671.0,0.0,0.0,148.46,349.25,318.65,117.86,0.6219444444444444,7430.103999999999,0.0,386.6,2026-02-13 17:11:43-08:00,349.25,286.65,85.86000000000001,0.48,0.48,True
828.06,2.0,8.0,2026-02-14 01:25:07,37.0816,-121.59958,311.0,0.1,236.7,-12.6,0.0,0.0,0.0,0.0,0.0,11.3,0.2,224.4,0.0,131.0,-0.0,0.0,1.0,0.0,-9.0,0.0,30.11,343.0,0.0,0.0,326.0,0.0,0.0,0.0,0.0,0.0,0.0,0.0,0.0,0.0,0.0,0.0,0.0,0.0,0.0,0.0,0.0,0.0,0.0,0.0,0.0,0.0,0.0,0.0,0.0,0.0,0.0,0.0,30.2,0.0,0.0,0.0,14.2,0.0,0.0,35.3,0.0,0.0,-0.2,1.6,0.7,12.0,0.0,0.0,14.2,-9.0,4.998,0.0,0.0,0.656,0.791,0.0,0.0,0.0,0.0,,0.0,0.0,62.6,149.0,0.0,0.0,0.0,0.0,341.6,678.2,341.6,676.4,356.0,662.0,354.2,667.4,0.0,0.0,148.46,348.35,317.75,117.86,0.6219444444444444,7430.188333333333,0.0,386.6,2026-02-13 17:11:43-08:00,348.35,285.75,85.86000000000001,0.48,0.48,True
829.06,2.0,8.0,2026-02-14 01:25:08,37.0816,-121.59958,310.0,0.1,236.7,-12.6,0.0,0.0,0.0,0.0,0.0,11.3,0.2,224.4,0.0,131.0,0.0,0.0,1.0,0.0,28.0,0.0,30.11,343.0,0.0,0.0,326.0,0.0,0.0,0.0,0.0,0.0,0.0,0.0,0.0,0.0,0.0,0.0,0.0,0.0,0.0,0.0,0.0,0.0,0.0,0.0,0.0,0.0,0.0,0.0,0.0,0.0,0.0,0.0,30.2,0.0,0.0,0.0,14.1,0.0,0.0,35.3,0.0,0.0,-0.2,1.6,0.7,12.0,0.0,0.0,14.1,-9.0,4.998,0.0,0.0,0.656,0.791,0.0,0.0,0.0,0.0,,0.0,0.0,62.6,149.0,0.0,0.0,0.0,0.0,341.6,674.6,341.6,674.6,356.0,656.6,354.2,663.8,0.0,0.0,148.46,348.35,317.75,117.86,0.6219444444444444,7430.357,0.0,386.6,2026-02-13 17:11:43-08:00,348.35,285.75,85.86000000000001,0.48,0.48,True
830.06,2.0,8.0,2026-02-14 01:25:09,37.0816,-121.59958,310.0,0.1,236.7,-12.6,0.0,0.0,0.0,0.0,0.0,11.2,0.2,224.4,0.0,131.0,-0.0,0.0,1.0,0.0,27.0,0.0,30.11,343.0,0.0,0.0,326.0,0.0,0.0,0.0,0.0,0.0,0.0,0.0,0.0,0.0,0.0,0.0,0.0,0.0,0.0,0.0,0.0,0.0,0.0,0.0,0.0,0.0,0.0,0.0,0.0,0.0,0.0,0.0,30.2,0.0,0.0,0.0,14.0,0.0,0.0,35.3,0.0,0.0,-0.2,1.6,0.7,12.0,0.0,0.0,14.0,-9.0,4.998,0.0,0.0,0.656,0.791,0.0,0.0,0.0,0.0,,0.0,0.0,62.6,149.0,0.0,0.0,0.0,0.0,341.6,672.8,339.8,671.0,356.0,654.8,354.2,662.0,0.0,0.0,148.46,347.9,317.3,117.86,0.6219444444444444,7430.525666666666,0.0,386.6,2026-02-13 17:11:43-08:00,347.9,285.29999999999995,85.86000000000001,0.48,0.48,True
831.06,2.0,8.0,2026-02-14 01:25:10,37.08158,-121.59956,298.0,0.1,236.7,-12.6,0.0,0.0,0.0,0.0,0.0,11.3,0.2,224.4,0.0,131.0,-0.0,0.01,1.0,0.0,8.0,0.0,30.11,351.0,0.0,0.0,326.0,0.0,0.0,0.0,0.0,0.0,0.0,0.0,0.0,0.0,0.0,0.0,0.0,0.0,0.0,0.0,0.0,0.0,0.0,0.0,0.0,0.0,0.0,0.0,0.0,0.0,0.0,0.0,30.2,0.0,0.0,0.0,14.0,0.0,0.0,35.3,0.0,0.0,-0.2,1.6,0.7,12.0,0.0,0.0,14.0,-9.0,4.998,0.0,0.0,0.656,0.791,0.0,0.0,0.0,0.0,,0.0,0.0,62.6,149.0,0.0,0.0,0.0,0.0,341.6,669.2,339.8,667.4,356.0,653.0,354.2,658.4,0.0,0.0,148.46,347.9,317.3,117.86,0.6219444444444444,7430.694333333333,0.0,386.6,2026-02-13 17:11:43-08:00,347.9,285.29999999999995,85.86000000000001,0.48,0.48,True
832.06,2.0,7.0,2026-02-14 01:25:11,37.08158,-121.59956,292.0,0.1,236.7,-12.6,0.0,0.0,0.0,0.0,0.0,11.3,0.3,224.3,0.0,131.0,-0.0,0.0,1.0,0.0,-2.0,0.0,30.11,351.0,0.0,0.0,326.0,0.0,0.0,0.0,0.0,0.0,0.0,0.0,0.0,0.0,0.0,0.0,0.0,0.0,0.0,0.0,0.0,0.0,0.0,0.0,0.0,0.0,0.0,0.0,0.0,0.0,0.0,0.0,30.2,0.0,0.0,0.0,13.9,0.0,0.0,35.3,0.0,0.0,-0.2,1.6,0.7,12.0,0.0,0.0,13.9,-9.0,4.998,0.0,0.0,0.656,0.791,0.0,0.0,0.0,0.0,,0.0,0.0,62.6,149.0,0.0,0.0,0.0,0.0,341.6,667.4,339.8,663.8,356.0,649.4,354.2,654.8,0.0,0.0,148.46,347.9,317.3,117.86,0.6219444444444444,7430.862999999999,0.0,386.6,2026-02-13 17:11:43-08:00,347.9,285.29999999999995,85.86000000000001,0.48,0.48,True
833.06,2.0,7.0,2026-02-14 01:25:12,37.08158,-121.59956,292.0,0.1,236.7,-12.6,0.0,0.0,0.0,0.0,0.0,11.2,0.3,224.3,0.0,131.0,-0.0,0.0,1.0,0.0,-35.0,0.0,30.11,351.0,0.0,0.0,326.0,0.0,0.0,0.0,0.0,0.0,0.0,0.0,0.0,0.0,0.0,0.0,0.0,0.0,0.0,0.0,0.0,0.0,0.0,0.0,0.0,0.0,0.0,0.0,0.0,0.0,0.0,0.0,30.2,0.0,0.0,0.0,13.8,0.0,0.0,35.3,0.0,0.0,-0.2,1.6,0.7,11.0,0.0,0.0,13.8,-9.0,4.998,0.0,0.0,0.656,0.791,0.0,0.0,0.0,0.0,,0.0,0.0,62.6,149.0,0.0,0.0,0.0,0.0,341.6,663.8,339.8,662.0,356.0,647.6,354.2,651.2,0.0,0.0,148.46,347.9,317.3,117.86,0.6219444444444444,7431.031666666666,0.0,386.6,2026-02-13 17:11:43-08:00,347.9,285.29999999999995,85.86000000000001,0.48,0.48,True
834.06,2.0,7.0,2026-02-14 01:25:13,37.08158,-121.59956,291.0,0.0,236.7,-12.6,0.0,0.0,0.0,0.0,0.0,11.3,0.3,224.3,0.0,130.0,-0.0,0.0,1.0,0.0,-31.0,0.0,30.11,350.0,0.0,0.0,326.0,0.0,0.0,0.0,0.0,0.0,0.0,0.0,0.0,0.0,0.0,0.0,0.0,0.0,0.0,0.0,0.0,0.0,0.0,0.0,0.0,0.0,0.0,0.0,0.0,0.0,0.0,0.0,30.2,0.0,0.0,0.0,13.7,0.0,0.0,35.3,0.0,0.0,-0.2,1.6,0.7,11.0,0.0,0.0,13.7,-9.0,4.998,0.0,0.0,0.656,0.791,0.0,0.0,0.0,0.0,,0.0,0.0,62.6,149.0,0.0,0.0,0.0,0.0,341.6,662.0,339.8,660.2,356.0,644.0,354.2,649.4,0.0,0.0,148.46,347.9,317.3,117.86,0.6219444444444444,7431.116,0.0,386.6,2026-02-13 17:11:43-08:00,347.9,285.29999999999995,85.86000000000001,0.48,0.48,True
835.06,2.0,8.0,2026-02-14 01:25:14,37.08157,-121.59955,284.0,0.1,236.7,-12.6,0.0,0.0,0.0,0.0,0.0,11.3,0.3,224.3,0.0,130.0,0.0,0.0,1.0,0.0,-28.0,0.0,30.11,349.0,0.0,0.0,326.0,0.0,0.0,0.0,0.0,0.0,0.0,0.0,0.0,0.0,0.0,0.0,0.0,0.0,0.0,0.0,0.0,0.0,0.0,0.0,0.0,0.0,0.0,0.0,0.0,0.0,0.0,0.0,30.2,0.0,0.0,0.0,13.7,0.0,0.0,35.3,0.0,0.0,-0.2,1.6,0.7,11.0,0.0,0.0,13.7,-9.0,4.998,0.0,0.0,0.656,0.791,0.0,0.0,0.0,0.0,,0.0,0.0,62.6,149.0,0.0,0.0,0.0,0.0,341.6,658.4,339.8,656.6,356.0,644.0,354.2,647.6,0.0,0.0,148.46,347.9,317.3,117.86,0.6219444444444444,7431.200333333333,0.0,386.6,2026-02-13 17:11:43-08:00,347.9,285.29999999999995,85.86000000000001,0.48,0.48,True
836.06,2.0,8.0,2026-02-14 01:25:15,37.08157,-121.59955,284.0,0.1,236.7,-12.6,0.0,0.0,0.0,0.0,0.0,11.3,0.2,224.3,0.0,130.0,-0.0,0.0,1.0,0.0,6.0,0.0,30.11,349.0,0.0,0.0,326.0,0.0,0.0,0.0,0.0,0.0,0.0,0.0,0.0,0.0,0.0,0.0,0.0,0.0,0.0,0.0,0.0,0.0,0.0,0.0,0.0,0.0,0.0,0.0,0.0,0.0,0.0,0.0,30.2,0.0,0.0,0.0,13.6,0.0,0.0,35.3,0.0,0.0,-0.2,1.6,0.7,11.0,0.0,0.0,13.6,-9.0,4.998,0.0,0.0,0.656,0.791,0.0,0.0,0.0,0.0,,0.0,0.0,62.6,149.0,0.0,0.0,0.0,0.0,341.6,656.6,339.8,653.0,354.2,640.4,354.2,644.0,0.0,0.0,148.46,347.45,316.85,117.86,0.6219444444444444,7431.369,0.0,386.6,2026-02-13 17:11:43-08:00,347.45000000000005,284.85,85.86000000000001,0.48,0.48,True
837.06,2.0,8.0,2026-02-14 01:25:16,37.08157,-121.59955,284.0,0.1,236.7,-12.6,0.0,0.0,0.0,0.0,0.0,11.3,0.2,224.3,0.0,130.0,-0.0,0.0,1.0,0.0,36.0,0.0,30.11,349.0,0.0,0.0,326.0,0.0,0.0,0.0,0.0,0.0,0.0,0.0,0.0,0.0,0.0,0.0,0.0,0.0,0.0,0.0,0.0,0.0,0.0,0.0,0.0,0.0,0.0,0.0,0.0,0.0,0.0,0.0,30.2,0.0,0.0,0.0,13.6,0.0,0.0,35.3,0.0,0.0,-0.2,1.6,0.7,11.0,0.0,0.0,13.6,-9.0,4.998,0.0,0.0,0.656,0.791,0.0,0.0,0.0,0.0,,0.0,0.0,62.6,149.0,0.0,0.0,0.0,0.0,341.6,653.0,339.8,653.0,354.2,636.8,352.4,642.2,0.0,0.0,148.46,347.0,316.4,117.86,0.6219444444444444,7431.537666666666,0.0,386.6,2026-02-13 17:11:43-08:00,347.0,284.4,85.86000000000001,0.48,0.48,True
838.06,2.0,8.0,2026-02-14 01:25:17,37.08157,-121.59955,285.0,0.1,236.7,-12.6,0.0,0.0,0.0,0.0,0.0,11.3,0.2,224.3,0.0,130.0,-0.0,0.0,1.0,0.0,62.0,0.0,30.11,349.0,0.0,0.0,326.0,0.0,0.0,0.0,0.0,0.0,0.0,0.0,0.0,0.0,0.0,0.0,0.0,0.0,0.0,0.0,0.0,0.0,0.0,0.0,0.0,0.0,0.0,0.0,0.0,0.0,0.0,0.0,30.2,0.0,0.0,0.0,13.5,0.0,0.0,35.3,0.0,0.0,-0.2,1.6,0.7,11.0,0.0,0.0,13.5,-9.0,4.998,0.0,0.0,0.656,0.791,0.0,0.0,0.0,0.0,,0.0,0.0,62.6,149.0,0.0,0.0,0.0,0.0,341.6,651.2,339.8,649.4,354.2,635.0,352.4,638.6,0.0,0.0,148.46,347.0,316.4,117.86,0.6219444444444444,7431.706333333333,0.0,386.6,2026-02-13 17:11:43-08:00,347.0,284.4,85.86000000000001,0.48,0.48,True
839.06,2.0,8.0,2026-02-14 01:25:18,37.08157,-121.59956,285.0,0.0,236.7,-12.6,0.0,0.0,0.0,0.0,0.0,11.3,0.2,224.3,0.0,130.0,-0.0,0.0,1.0,0.0,16.0,0.0,30.11,349.0,0.0,0.0,326.0,0.0,0.0,0.0,0.0,0.0,0.0,0.0,0.0,0.0,0.0,0.0,0.0,0.0,0.0,0.0,0.0,0.0,0.0,0.0,0.0,0.0,0.0,0.0,0.0,0.0,0.0,0.0,30.2,0.0,0.0,0.0,13.4,0.0,0.0,35.3,0.0,0.0,-0.2,1.6,0.7,11.0,0.0,0.0,13.4,-9.0,4.998,0.0,0.0,0.656,0.791,0.0,0.0,0.0,0.0,,0.0,0.0,62.6,149.0,0.0,0.0,0.0,0.0,341.6,647.6,339.8,645.8,354.2,631.4,352.4,636.8,0.0,0.0,148.46,347.0,316.4,117.86,0.6219444444444444,7431.790666666666,0.0,386.6,2026-02-13 17:11:43-08:00,347.0,284.4,85.86000000000001,0.48,0.48,True
840.06,2.0,8.0,2026-02-14 01:25:19,37.08157,-121.59956,285.0,0.0,236.7,-12.6,0.0,0.0,0.0,0.0,0.0,11.3,0.2,224.4,0.0,130.0,0.0,0.0,1.0,0.0,-5.0,0.0,30.11,349.0,0.0,0.0,326.0,0.0,0.0,0.0,0.0,0.0,0.0,0.0,0.0,0.0,0.0,0.0,0.0,0.0,0.0,0.0,0.0,0.0,0.0,0.0,0.0,0.0,0.0,0.0,0.0,0.0,0.0,0.0,30.2,0.0,0.0,0.0,13.4,0.0,0.0,35.3,0.0,0.0,-0.2,1.6,0.7,11.0,0.0,0.0,13.4,-9.0,4.998,0.0,0.0,0.656,0.792,0.0,0.0,0.0,0.0,,0.0,0.0,62.6,149.0,0.0,0.0,0.0,0.0,341.6,645.8,339.8,644.0,354.2,629.6,352.4,633.2,0.0,0.0,148.46,347.0,316.4,117.86,0.6219444444444444,7431.790666666666,0.0,386.6,2026-02-13 17:11:43-08:00,347.0,284.4,85.86000000000001,0.48,0.48,True
841.06,2.0,8.0,2026-02-14 01:25:20,37.08157,-121.59956,285.0,0.1,236.7,-12.6,0.0,0.0,0.0,0.0,0.0,11.3,0.3,224.4,0.0,130.0,0.0,0.0,1.0,0.0,21.0,0.0,30.11,341.0,0.0,0.0,326.0,0.0,0.0,0.0,0.0,0.0,0.0,0.0,0.0,0.0,0.0,0.0,0.0,0.0,0.0,0.0,0.0,0.0,0.0,0.0,0.0,0.0,0.0,0.0,0.0,0.0,0.0,0.0,30.2,0.0,0.0,0.0,13.3,0.0,0.0,35.3,0.0,0.0,-0.2,1.6,0.7,11.0,0.0,0.0,13.3,-9.0,4.998,0.0,0.0,0.656,0.791,0.0,0.0,0.0,0.0,,0.0,0.0,62.6,149.0,0.0,0.0,0.0,0.0,341.6,642.2,339.8,640.4,354.2,627.8,352.4,631.4,0.0,0.0,148.46,347.0,316.4,117.86,0.6219444444444444,7431.875,0.0,386.6,2026-02-13 17:11:43-08:00,347.0,284.4,85.86000000000001,0.48,0.48,True
842.06,2.0,8.0,2026-02-14 01:25:21,37.08157,-121.59956,284.0,0.1,236.7,-12.6,0.0,0.0,0.0,0.0,0.0,11.3,0.2,224.3,0.0,130.0,-0.0,0.0,1.0,0.0,5.0,0.0,30.11,341.0,0.0,0.0,326.0,0.0,0.0,0.0,0.0,0.0,0.0,0.0,0.0,0.0,0.0,0.0,0.0,0.0,0.0,0.0,0.0,0.0,0.0,0.0,0.0,0.0,0.0,0.0,0.0,0.0,0.0,0.0,30.2,0.0,0.0,0.0,13.2,0.0,0.0,35.3,0.0,0.0,-0.2,1.6,0.7,11.0,0.0,0.0,13.2,-9.0,4.998,0.0,0.0,0.656,0.792,0.0,0.0,0.0,0.0,,0.0,0.0,62.6,149.0,0.0,0.0,0.0,0.0,339.8,638.6,338.0,638.6,354.2,624.2,352.4,627.8,0.0,0.0,148.46,346.1,315.5,117.86,0.6219444444444444,7432.0436666666665,0.0,386.6,2026-02-13 17:11:43-08:00,346.09999999999997,283.49999999999994,85.86000000000001,0.48,0.48,True
843.06,2.0,8.0,2026-02-14 01:25:22,37.08157,-121.59956,284.0,0.0,236.7,-12.6,0.0,0.0,0.0,0.0,0.0,11.3,0.2,224.4,0.0,130.0,-0.0,0.0,1.0,0.0,-8.0,0.0,30.11,341.0,0.0,0.0,326.0,0.0,0.0,0.0,0.0,0.0,0.0,0.0,0.0,0.0,0.0,0.0,0.0,0.0,0.0,0.0,0.0,0.0,0.0,0.0,0.0,0.0,0.0,0.0,0.0,0.0,0.0,0.0,30.2,0.0,0.0,0.0,13.2,0.0,0.0,35.3,0.0,0.0,-0.2,1.6,0.7,11.0,0.0,0.0,13.2,-9.0,4.998,0.0,0.0,0.656,0.792,0.0,0.0,0.0,0.0,,0.0,0.0,62.6,149.0,0.0,0.0,0.0,0.0,339.8,636.8,338.0,635.0,354.2,622.4,352.4,626.0,0.0,0.0,148.46,346.1,315.5,117.86,0.6219444444444444,7432.128,0.0,386.6,2026-02-13 17:11:43-08:00,346.09999999999997,283.49999999999994,85.86000000000001,0.48,0.48,True
844.06,2.0,8.0,2026-02-14 01:25:23,37.08156,-121.59955,271.0,0.1,236.7,-12.6,0.0,0.0,0.0,0.0,0.0,11.3,0.2,224.3,0.0,130.0,-0.0,0.0,1.0,0.0,17.0,0.0,30.11,349.0,0.0,0.0,326.0,0.0,0.0,0.0,0.0,0.0,0.0,0.0,0.0,0.0,0.0,0.0,0.0,0.0,0.0,0.0,0.0,0.0,0.0,0.0,0.0,0.0,0.0,0.0,0.0,0.0,0.0,0.0,30.2,0.0,0.0,0.0,13.1,0.0,0.0,35.3,0.0,0.0,-0.1,1.6,0.7,11.0,0.0,0.0,13.1,-9.0,4.998,0.0,0.0,0.656,0.791,0.0,0.0,0.0,0.0,,0.0,0.0,62.6,149.0,0.0,0.0,0.0,0.0,339.8,635.0,338.0,631.4,354.2,618.8,350.6,622.4,0.0,0.0,148.46,345.65,315.05,117.86,0.6219444444444444,7432.212333333333,0.0,386.6,2026-02-13 17:11:43-08:00,345.65,283.04999999999995,85.86000000000001,0.48,0.48,True
845.06,2.0,8.0,2026-02-14 01:25:24,37.08156,-121.59955,272.0,0.1,236.7,-12.6,0.0,0.0,0.0,0.0,0.0,11.3,0.2,224.4,0.0,130.0,-0.0,0.0,1.0,0.0,2.0,0.0,30.11,349.0,0.0,0.0,326.0,0.0,0.0,0.0,0.0,0.0,0.0,0.0,0.0,0.0,0.0,0.0,0.0,0.0,0.0,0.0,0.0,0.0,0.0,0.0,0.0,0.0,0.0,0.0,0.0,0.0,0.0,0.0,30.2,0.0,0.0,0.0,13.0,0.0,0.0,35.3,0.0,0.0,-0.1,1.6,0.7,11.0,0.0,0.0,13.0,-9.0,4.998,0.0,0.0,0.656,0.791,0.0,0.0,0.0,0.0,,0.0,0.0,62.6,149.0,0.0,0.0,0.0,0.0,339.8,633.2,338.0,629.6,354.2,618.8,350.6,620.6,0.0,0.0,148.46,345.65,315.05,117.86,0.6219444444444444,7432.380999999999,0.0,386.6,2026-02-13 17:11:43-08:00,345.65,283.04999999999995,85.86000000000001,0.48,0.48,True
846.06,2.0,8.0,2026-02-14 01:25:25,37.08157,-121.59956,283.0,0.1,236.7,-12.6,0.0,0.0,0.0,0.0,0.0,11.3,0.2,224.4,0.0,130.0,0.0,0.0,1.0,0.0,26.0,0.0,30.11,349.0,0.0,0.0,326.0,0.0,0.0,0.0,0.0,0.0,0.0,0.0,0.0,0.0,0.0,0.0,0.0,0.0,0.0,0.0,0.0,0.0,0.0,0.0,0.0,0.0,0.0,0.0,0.0,0.0,0.0,0.0,30.2,0.0,0.0,0.0,13.0,0.0,0.0,35.3,0.0,0.0,-0.1,1.6,0.7,11.0,0.0,0.0,13.0,-9.0,4.998,0.0,0.0,0.656,0.791,0.0,0.0,0.0,0.0,,0.0,0.0,62.6,149.0,0.0,0.0,0.0,0.0,339.8,629.6,338.0,627.8,354.2,617.0,350.6,618.8,0.0,0.0,148.46,345.65,315.05,117.86,0.6219444444444444,7432.549666666666,0.0,386.6,2026-02-13 17:11:43-08:00,345.65,283.04999999999995,85.86000000000001,0.48,0.48,True
847.06,2.0,8.0,2026-02-14 01:25:26,37.08157,-121.59956,283.0,0.0,236.7,-12.6,0.0,0.0,0.0,0.0,0.0,11.3,0.3,224.4,0.0,130.0,-0.0,0.0,1.0,0.0,13.0,0.0,30.11,339.0,0.0,0.0,326.0,0.0,0.0,0.0,0.0,0.0,0.0,0.0,0.0,0.0,0.0,0.0,0.0,0.0,0.0,0.0,0.0,0.0,0.0,0.0,0.0,0.0,0.0,0.0,0.0,0.0,0.0,0.0,30.2,0.0,0.0,0.0,12.9,0.0,0.0,35.3,0.0,0.0,-0.1,1.6,0.7,11.0,0.0,0.0,12.9,-9.0,4.998,0.0,0.0,0.656,0.791,0.0,0.0,0.0,0.0,,0.0,0.0,62.6,149.0,0.0,0.0,0.0,0.0,339.8,627.8,338.0,624.2,352.4,615.2,350.6,615.2,0.0,0.0,148.46,345.2,314.6,117.86,0.6219444444444444,7432.634,0.0,386.6,2026-02-13 17:11:43-08:00,345.2,282.59999999999997,85.86000000000001,0.48,0.48,True
848.06,2.0,8.0,2026-02-14 01:25:27,37.08157,-121.59956,283.0,0.1,236.7,-12.6,0.0,0.0,0.0,0.0,0.0,11.3,0.2,224.3,0.0,130.0,-0.0,0.0,1.0,0.0,11.0,0.0,30.11,339.0,0.0,0.0,326.0,0.0,0.0,0.0,0.0,0.0,0.0,0.0,0.0,0.0,0.0,0.0,0.0,0.0,0.0,0.0,0.0,0.0,0.0,0.0,0.0,0.0,0.0,0.0,0.0,0.0,0.0,0.0,30.2,0.0,0.0,0.0,12.9,0.0,0.0,35.3,0.0,0.0,-0.2,1.6,0.7,11.0,0.0,0.0,12.9,-9.0,4.998,0.0,0.0,0.656,0.791,0.0,0.0,0.0,0.0,,0.0,0.0,62.6,149.0,0.0,0.0,0.0,0.0,339.8,624.2,338.0,622.4,352.4,611.6,350.6,613.4,0.0,0.0,148.46,345.2,314.6,117.86,0.6219444444444444,7432.718333333333,0.0,386.6,2026-02-13 17:11:43-08:00,345.2,282.59999999999997,85.86000000000001,0.48,0.48,True
849.06,2.0,8.0,2026-02-14 01:25:28,37.08157,-121.59956,275.0,0.1,236.7,-12.6,0.0,0.0,0.0,0.0,0.0,11.3,0.3,224.3,0.0,130.0,-0.0,0.0,1.0,0.0,-8.0,0.0,30.11,339.0,0.0,0.0,326.0,0.0,0.0,0.0,0.0,0.0,0.0,0.0,0.0,0.0,0.0,0.0,0.0,0.0,0.0,0.0,0.0,0.0,0.0,0.0,0.0,0.0,0.0,0.0,0.0,0.0,0.0,0.0,30.2,0.0,0.0,0.0,12.8,0.0,0.0,35.3,0.0,0.0,-0.2,1.6,0.7,11.0,0.0,0.0,12.8,-9.0,4.998,0.0,0.0,0.656,0.791,0.0,0.0,0.0,0.0,,0.0,0.0,62.6,149.0,0.0,0.0,0.0,0.0,339.8,622.4,338.0,620.6,352.4,609.8,350.6,611.6,0.0,0.0,148.46,345.2,314.6,117.86,0.6219444444444444,7432.887,0.0,386.6,2026-02-13 17:11:43-08:00,345.2,282.59999999999997,85.86000000000001,0.48,0.48,True
850.06,2.0,8.0,2026-02-14 01:25:29,37.08157,-121.59956,277.0,0.1,236.7,-12.6,0.0,0.0,0.0,0.0,0.0,11.3,0.2,224.3,0.0,130.0,-0.0,0.0,1.0,0.0,26.0,0.0,30.11,339.0,0.0,0.0,326.0,0.0,0.0,0.0,0.0,0.0,0.0,0.0,0.0,0.0,0.0,0.0,0.0,0.0,0.0,0.0,0.0,0.0,0.0,0.0,0.0,0.0,0.0,0.0,0.0,0.0,0.0,0.0,30.2,0.0,0.0,0.0,12.7,0.0,0.0,35.3,0.0,0.0,-0.2,1.6,0.7,11.0,0.0,0.0,12.7,-9.0,4.998,0.0,0.0,0.656,0.791,0.0,0.0,0.0,0.0,,0.0,0.0,62.6,149.0,0.0,0.0,0.0,0.0,339.8,618.8,338.0,617.0,352.4,608.0,350.6,608.0,0.0,0.0,148.46,345.2,314.6,117.86,0.6219444444444444,7433.055666666666,0.0,386.6,2026-02-13 17:11:43-08:00,345.2,282.59999999999997,85.86000000000001,0.48,0.48,True
851.06,2.0,8.0,2026-02-14 01:25:30,37.08157,-121.59956,278.0,0.0,236.7,-12.6,0.0,0.0,0.0,0.0,0.0,11.3,0.2,224.3,0.0,130.0,-0.0,0.0,1.0,0.0,19.0,0.0,30.11,339.0,0.0,0.0,326.0,0.0,0.0,0.0,0.0,0.0,0.0,0.0,0.0,0.0,0.0,0.0,0.0,0.0,0.0,0.0,0.0,0.0,0.0,0.0,0.0,0.0,0.0,0.0,0.0,0.0,0.0,0.0,30.2,0.0,0.0,0.0,12.7,0.0,0.0,35.3,0.0,0.0,-0.2,1.6,0.7,11.0,0.0,0.0,12.7,-9.0,4.998,0.0,0.0,0.656,0.792,0.0,0.0,0.0,0.0,,0.0,0.0,62.6,149.0,0.0,0.0,0.0,0.0,339.8,617.0,338.0,617.0,352.4,604.4,350.6,606.2,0.0,0.0,148.46,345.2,314.6,117.86,0.6219444444444444,7433.139999999999,0.0,386.6,2026-02-13 17:11:43-08:00,345.2,282.59999999999997,85.86000000000001,0.48,0.48,True
852.06,2.0,8.0,2026-02-14 01:25:31,37.08158,-121.59959,269.0,0.0,236.7,-12.6,0.0,0.0,0.0,0.0,0.0,11.3,0.2,224.3,0.0,130.0,-0.0,0.0,1.0,0.0,-5.0,0.0,30.11,339.0,0.0,0.0,326.0,0.0,0.0,0.0,0.0,0.0,0.0,0.0,0.0,0.0,0.0,0.0,0.0,0.0,0.0,0.0,0.0,0.0,0.0,0.0,0.0,0.0,0.0,0.0,0.0,0.0,0.0,0.0,30.2,0.0,0.0,0.0,12.6,0.0,0.0,35.3,0.0,0.0,-0.2,1.6,0.7,11.0,0.0,0.0,12.6,-9.0,4.998,0.0,0.0,0.656,0.791,0.0,0.0,0.0,0.0,,0.0,0.0,62.6,149.0,0.0,0.0,0.0,0.0,339.8,615.2,338.0,613.4,352.4,602.6,350.6,604.4,0.0,0.0,148.46,345.2,314.6,117.86,0.6219444444444444,7433.139999999999,0.0,386.6,2026-02-13 17:11:43-08:00,345.2,282.59999999999997,85.86000000000001,0.48,0.48,True
853.06,2.0,8.0,2026-02-14 01:25:32,37.08158,-121.59959,270.0,0.1,236.7,-12.6,0.0,0.0,0.0,0.0,0.0,11.2,0.2,224.3,0.0,130.0,-0.0,0.0,1.0,0.0,-12.0,0.0,30.11,339.0,0.0,0.0,326.0,0.0,0.0,0.0,0.0,0.0,0.0,0.0,0.0,0.0,0.0,0.0,0.0,0.0,0.0,0.0,0.0,0.0,0.0,0.0,0.0,0.0,0.0,0.0,0.0,0.0,0.0,0.0,30.2,0.0,0.0,0.0,12.6,0.0,0.0,35.3,0.0,0.0,-0.2,1.6,0.7,11.0,0.0,0.0,12.6,-9.0,4.998,0.0,0.0,0.656,0.791,0.0,0.0,0.0,0.0,,0.0,0.0,62.6,149.0,0.0,0.0,0.0,0.0,339.8,611.6,338.0,611.6,352.4,600.8,348.8,600.8,0.0,0.0,148.46,344.75,314.15,117.86,0.6219444444444444,7433.224333333333,0.0,386.6,2026-02-13 17:11:43-08:00,344.75,282.15,85.86000000000001,0.48,0.48,True
854.06,2.0,8.0,2026-02-14 01:25:33,37.08158,-121.59959,271.0,0.1,236.7,-12.6,0.0,0.0,0.0,0.0,0.0,11.2,0.2,224.3,0.0,130.0,-0.0,0.0,1.0,0.0,-53.0,0.0,30.11,339.0,0.0,0.0,326.0,0.0,0.0,0.0,0.0,0.0,0.0,0.0,0.0,0.0,0.0,0.0,0.0,0.0,0.0,0.0,0.0,0.0,0.0,0.0,0.0,0.0,0.0,0.0,0.0,0.0,0.0,0.0,30.2,0.0,0.0,0.0,12.5,0.0,0.0,35.3,0.0,0.0,-0.1,1.6,0.7,11.0,0.0,0.0,12.5,-9.0,4.998,0.0,0.0,0.656,0.791,0.0,0.0,0.0,0.0,,0.0,0.0,62.6,149.0,0.0,0.0,0.0,0.0,339.8,609.8,336.2,608.0,352.4,599.0,348.8,599.0,0.0,0.0,148.28,344.3,313.7,117.68,0.6219444444444444,7433.393,0.0,386.6,2026-02-13 17:11:43-08:00,344.3,281.7,85.68,0.48,0.48,True
855.06,2.0,8.0,2026-02-14 01:25:34,37.08158,-121.59959,272.0,0.1,236.7,-12.6,0.0,0.0,0.0,0.0,0.0,11.3,0.2,224.3,0.0,130.0,0.0,0.0,1.0,0.0,3.0,0.0,30.11,339.0,0.0,0.0,326.0,0.0,0.0,0.0,0.0,0.0,0.0,0.0,0.0,0.0,0.0,0.0,0.0,0.0,0.0,0.0,0.0,0.0,0.0,0.0,0.0,0.0,0.0,0.0,0.0,0.0,0.0,0.0,30.2,0.0,0.0,0.0,12.5,0.0,0.0,35.3,0.0,0.0,-0.1,1.6,0.7,11.0,0.0,0.0,12.5,-9.0,4.998,0.0,0.0,0.656,0.791,0.0,0.0,0.0,0.0,,0.0,0.0,62.6,149.0,0.0,0.0,0.0,0.0,338.0,608.0,336.2,608.0,352.4,595.4,348.8,597.2,0.0,0.0,148.46,343.85,313.25,117.86,0.6219444444444444,7433.5616666666665,0.0,386.6,2026-02-13 17:11:43-08:00,343.85,281.25,85.86000000000001,0.48,0.48,True
856.06,2.0,8.0,2026-02-14 01:25:35,37.08159,-121.5996,272.0,0.1,236.7,-12.6,0.0,0.0,0.0,0.0,0.0,11.3,0.2,224.4,0.0,130.0,-0.0,0.0,1.0,0.0,-7.0,0.0,30.11,339.0,0.0,0.0,326.0,0.0,0.0,0.0,0.0,0.0,0.0,0.0,0.0,0.0,0.0,0.0,0.0,0.0,0.0,0.0,0.0,0.0,0.0,0.0,0.0,0.0,0.0,0.0,0.0,0.0,0.0,0.0,30.2,0.0,0.0,0.0,12.4,0.0,0.0,35.3,0.0,0.0,-0.1,1.6,0.7,11.0,0.0,0.0,12.4,-9.0,4.998,0.0,0.0,0.656,0.791,0.0,0.0,0.0,0.0,,0.0,0.0,62.6,149.0,0.0,0.0,0.0,0.0,338.0,604.4,336.2,604.4,352.4,593.6,348.8,593.6,0.0,0.0,148.28,343.85,313.25,117.68,0.6219444444444444,7433.730333333333,0.0,386.6,2026-02-13 17:11:43-08:00,343.85,281.25,85.68,0.48,0.48,True
857.06,2.0,8.0,2026-02-14 01:25:36,37.08159,-121.5996,273.0,0.1,236.7,-12.6,0.0,0.0,0.0,0.0,0.0,11.3,0.2,224.4,0.0,130.0,-0.0,0.0,1.0,0.0,-15.0,0.0,30.11,339.0,0.0,0.0,326.0,0.0,0.0,0.0,0.0,0.0,0.0,0.0,0.0,0.0,0.0,0.0,0.0,0.0,0.0,0.0,0.0,0.0,0.0,0.0,0.0,0.0,0.0,0.0,0.0,0.0,0.0,0.0,30.2,0.0,0.0,0.0,12.4,0.0,0.0,35.3,0.0,0.0,-0.1,1.6,0.7,11.0,0.0,0.0,12.4,-9.0,4.998,0.0,0.0,0.656,0.791,0.0,0.0,0.0,0.0,,0.0,0.0,62.6,149.0,0.0,0.0,0.0,0.0,338.0,602.6,336.2,602.6,350.6,590.0,348.8,591.8,0.0,0.0,148.28,343.4,312.8,117.68,0.6219444444444444,7433.898999999999,0.0,386.6,2026-02-13 17:11:43-08:00,343.40000000000003,280.8,85.68,0.48,0.48,True
858.06,2.0,8.0,2026-02-14 01:25:37,37.08159,-121.5996,275.0,0.0,236.7,-12.6,0.0,0.0,0.0,0.0,0.0,11.3,0.2,224.4,0.0,130.0,-0.0,0.0,1.0,0.0,-9.0,0.0,30.11,339.0,0.0,0.0,326.0,0.0,0.0,0.0,0.0,0.0,0.0,0.0,0.0,0.0,0.0,0.0,0.0,0.0,0.0,0.0,0.0,0.0,0.0,0.0,0.0,0.0,0.0,0.0,0.0,0.0,0.0,0.0,30.2,0.0,0.0,0.0,12.3,0.0,0.0,35.3,0.0,0.0,-0.1,1.6,0.7,11.0,0.0,0.0,12.3,-9.0,4.998,0.0,0.0,0.656,0.791,0.0,0.0,0.0,0.0,,0.0,0.0,62.6,149.0,0.0,0.0,0.0,0.0,338.0,600.8,336.2,599.0,350.6,588.2,348.8,590.0,0.0,0.0,148.28,343.4,312.8,117.68,0.6219444444444444,7433.983333333333,0.0,386.6,2026-02-13 17:11:43-08:00,343.40000000000003,280.8,85.68,0.48,0.48,True
859.06,2.0,8.0,2026-02-14 01:25:38,37.08159,-121.5996,278.0,0.0,236.7,-12.6,0.0,0.0,0.0,0.0,0.0,11.2,0.2,224.3,0.0,130.0,-0.0,0.0,1.0,0.0,-7.0,0.0,30.11,339.0,0.0,0.0,326.0,0.0,0.0,0.0,0.0,0.0,0.0,0.0,0.0,0.0,0.0,0.0,0.0,0.0,0.0,0.0,0.0,0.0,0.0,0.0,0.0,0.0,0.0,0.0,0.0,0.0,0.0,0.0,30.2,0.0,0.0,0.0,12.3,0.0,0.0,35.3,0.0,0.0,-0.1,1.6,0.7,11.0,0.0,0.0,12.3,-9.0,4.998,0.0,0.0,0.656,0.791,0.0,0.0,0.0,0.0,,0.0,0.0,62.6,149.0,0.0,0.0,0.0,0.0,338.0,599.0,336.2,597.2,350.6,586.4,348.8,588.2,0.0,0.0,148.28,343.4,312.8,117.68,0.6219444444444444,7433.983333333333,0.0,386.6,2026-02-13 17:11:43-08:00,343.40000000000003,280.8,85.68,0.48,0.48,True
860.06,2.0,8.0,2026-02-14 01:25:39,37.08159,-121.5996,278.0,0.0,236.7,-12.6,0.0,0.0,0.0,0.0,0.0,11.3,0.2,224.4,0.0,130.0,-0.0,0.0,1.0,0.0,-33.0,0.0,30.11,339.0,0.0,0.0,326.0,0.0,0.0,0.0,0.0,0.0,0.0,0.0,0.0,0.0,0.0,0.0,0.0,0.0,0.0,0.0,0.0,0.0,0.0,0.0,0.0,0.0,0.0,0.0,0.0,0.0,0.0,0.0,30.2,0.0,0.0,0.0,12.2,0.0,0.0,35.3,0.0,0.0,-0.1,1.6,0.7,11.0,0.0,0.0,12.2,-9.0,4.998,0.0,0.0,0.656,0.791,0.0,0.0,0.0,0.0,,0.0,0.0,62.6,149.0,0.0,0.0,0.0,0.0,338.0,595.4,336.2,595.4,350.6,586.4,348.8,586.4,0.0,0.0,148.28,343.4,312.8,117.68,0.6219444444444444,7433.983333333333,0.0,386.6,2026-02-13 17:11:43-08:00,343.40000000000003,280.8,85.68,0.48,0.48,True
861.06,2.0,8.0,2026-02-14 01:25:40,37.08159,-121.5996,278.0,0.0,236.7,-12.6,0.0,0.0,0.0,0.0,0.0,11.3,0.2,224.4,0.0,130.0,0.0,0.0,1.0,0.0,-9.0,0.0,30.11,339.0,0.0,0.0,326.0,0.0,0.0,0.0,0.0,0.0,0.0,0.0,0.0,0.0,0.0,0.0,0.0,0.0,0.0,0.0,0.0,0.0,0.0,0.0,0.0,0.0,0.0,0.0,0.0,0.0,0.0,0.0,30.2,0.0,0.0,0.0,12.2,0.0,0.0,35.3,0.0,0.0,-0.1,1.6,0.7,11.0,0.0,0.0,12.2,-9.0,4.998,0.0,0.0,0.656,0.791,0.0,0.0,0.0,0.0,,0.0,0.0,62.6,149.0,0.0,0.0,0.0,0.0,338.0,593.6,336.2,591.8,350.6,584.6,348.8,582.8,0.0,0.0,148.28,343.4,312.8,117.68,0.6219444444444444,7433.983333333333,0.0,386.6,2026-02-13 17:11:43-08:00,343.40000000000003,280.8,85.68,0.48,0.48,True
862.06,2.0,8.0,2026-02-14 01:25:41,37.08159,-121.59961,279.0,0.0,236.7,-12.6,0.0,0.0,0.0,0.0,0.0,11.3,0.2,224.4,0.0,130.0,0.0,0.0,1.0,0.0,4.0,0.0,30.11,339.0,0.0,0.0,326.0,0.0,0.0,0.0,0.0,0.0,0.0,0.0,0.0,0.0,0.0,0.0,0.0,0.0,0.0,0.0,0.0,0.0,0.0,0.0,0.0,0.0,0.0,0.0,0.0,0.0,0.0,0.0,30.2,0.0,0.0,0.0,12.1,0.0,0.0,35.3,0.0,0.0,-0.1,1.6,0.7,11.0,0.0,0.0,12.1,-9.0,4.998,0.0,0.0,0.656,0.792,0.0,0.0,0.0,0.0,,0.0,0.0,62.6,149.0,0.0,0.0,0.0,0.0,338.0,591.8,336.2,590.0,350.6,581.0,347.0,582.8,0.0,0.0,148.28,342.95,312.35,117.68,0.6219444444444444,7433.983333333333,0.0,386.6,2026-02-13 17:11:43-08:00,342.95,280.34999999999997,85.68,0.48,0.48,True
863.06,2.0,8.0,2026-02-14 01:25:42,37.08159,-121.59961,279.0,0.1,236.7,-12.6,0.0,0.0,0.0,0.0,0.0,11.3,0.2,224.4,0.0,130.0,-0.0,0.0,1.0,0.0,29.0,0.0,30.11,339.0,0.0,0.0,326.0,0.0,0.0,0.0,0.0,0.0,0.0,0.0,0.0,0.0,0.0,0.0,0.0,0.0,0.0,0.0,0.0,0.0,0.0,0.0,0.0,0.0,0.0,0.0,0.0,0.0,0.0,0.0,30.2,0.0,0.0,0.0,12.1,0.0,0.0,35.3,0.0,0.0,-0.1,1.6,0.7,11.0,0.0,0.0,12.1,-9.0,4.998,0.0,0.0,0.656,0.791,0.0,0.0,0.0,0.0,,0.0,0.0,62.6,149.0,0.0,0.0,0.0,0.0,338.0,590.0,336.2,588.2,350.6,577.4,347.0,579.2,0.0,0.0,148.28,342.95,312.35,117.68,0.6219444444444444,7434.067666666666,0.0,386.6,2026-02-13 17:11:43-08:00,342.95,280.34999999999997,85.68,0.48,0.48,True
864.06,2.0,8.0,2026-02-14 01:25:43,37.08159,-121.59961,279.0,0.0,236.7,-12.6,0.0,0.0,0.0,0.0,0.0,11.3,0.2,224.4,0.0,130.0,-0.0,0.0,1.0,0.0,-18.0,0.0,30.11,339.0,0.0,0.0,326.0,0.0,0.0,0.0,0.0,0.0,0.0,0.0,0.0,0.0,0.0,0.0,0.0,0.0,0.0,0.0,0.0,0.0,0.0,0.0,0.0,0.0,0.0,0.0,0.0,0.0,0.0,0.0,30.2,0.0,0.0,0.0,12.0,0.0,0.0,35.3,0.0,0.0,-0.1,1.6,0.7,10.0,0.0,0.0,12.0,-9.0,4.998,0.0,0.0,0.656,0.791,0.0,0.0,0.0,0.0,,0.0,0.0,62.6,149.0,0.0,0.0,0.0,0.0,338.0,588.2,336.2,586.4,350.6,575.6,347.0,577.4,0.0,0.0,148.28,342.95,312.35,117.68,0.6219444444444444,7434.151999999999,0.0,386.6,2026-02-13 17:11:43-08:00,342.95,280.34999999999997,85.68,0.48,0.48,True
865.06,2.0,8.0,2026-02-14 01:25:44,37.08159,-121.59961,280.0,0.0,236.7,-12.6,0.0,0.0,0.0,0.0,0.0,11.3,0.2,224.4,0.0,130.0,0.0,0.0,1.0,0.0,11.0,0.0,30.11,339.0,0.0,0.0,326.0,0.0,0.0,0.0,0.0,0.0,0.0,0.0,0.0,0.0,0.0,0.0,0.0,0.0,0.0,0.0,0.0,0.0,0.0,0.0,0.0,0.0,0.0,0.0,0.0,0.0,0.0,0.0,30.2,0.0,0.0,0.0,12.0,0.0,0.0,35.3,0.0,0.0,-0.1,1.6,0.7,10.0,0.0,0.0,12.0,-9.0,4.998,0.0,0.0,0.656,0.791,0.0,0.0,0.0,0.0,,0.0,0.0,62.6,149.0,0.0,0.0,0.0,0.0,338.0,586.4,336.2,582.8,350.6,573.8,347.0,575.6,0.0,0.0,148.28,342.95,312.35,117.68,0.6219444444444444,7434.151999999999,0.0,386.6,2026-02-13 17:11:43-08:00,342.95,280.34999999999997,85.68,0.48,0.48,True
866.06,2.0,8.0,2026-02-14 01:25:45,37.08159,-121.59961,280.0,0.0,236.7,-12.6,0.0,0.0,0.0,0.0,0.0,11.3,0.3,224.4,0.0,130.0,0.0,0.0,1.0,0.0,21.0,0.0,30.11,339.0,0.0,0.0,326.0,0.0,0.0,0.0,0.0,0.0,0.0,0.0,0.0,0.0,0.0,0.0,0.0,0.0,0.0,0.0,0.0,0.0,0.0,0.0,0.0,0.0,0.0,0.0,0.0,0.0,0.0,0.0,30.2,0.0,0.0,0.0,11.9,0.0,0.0,35.3,0.0,0.0,-0.1,1.6,0.7,10.0,0.0,0.0,11.9,-9.0,4.998,0.0,0.0,0.656,0.792,0.0,0.0,0.0,0.0,,0.0,0.0,62.6,149.0,0.0,0.0,0.0,0.0,338.0,582.8,336.2,581.0,350.6,572.0,347.0,573.8,0.0,0.0,148.28,342.95,312.35,117.68,0.6219444444444444,7434.151999999999,0.0,386.6,2026-02-13 17:11:43-08:00,342.95,280.34999999999997,85.68,0.48,0.48,True
867.06,2.0,8.0,2026-02-14 01:25:46,37.08159,-121.59961,280.0,0.0,236.7,-12.6,0.0,0.0,0.0,0.0,0.0,11.3,0.3,224.4,0.0,130.0,-0.0,0.0,1.0,0.0,12.0,0.0,30.11,339.0,0.0,0.0,326.0,0.0,0.0,0.0,0.0,0.0,0.0,0.0,0.0,0.0,0.0,0.0,0.0,0.0,0.0,0.0,0.0,0.0,0.0,0.0,0.0,0.0,0.0,0.0,0.0,0.0,0.0,0.0,30.2,0.0,0.0,0.0,11.9,0.0,0.0,35.3,0.0,0.0,-0.1,1.6,0.7,10.0,0.0,0.0,11.9,-9.0,4.998,0.0,0.0,0.656,0.791,0.0,0.0,0.0,0.0,,0.0,0.0,62.6,149.0,0.0,0.0,0.0,0.0,338.0,581.0,334.4,581.0,350.6,568.4,347.0,572.0,0.0,0.0,148.28,342.5,311.9,117.68,0.6219444444444444,7434.151999999999,0.0,386.6,2026-02-13 17:11:43-08:00,342.5,279.9,85.68,0.48,0.48,True
868.06,2.0,8.0,2026-02-14 01:25:47,37.08159,-121.59961,279.0,0.1,236.7,-12.6,0.0,0.0,0.0,0.0,0.0,11.3,0.3,224.3,0.0,130.0,-0.0,0.0,1.0,0.0,5.0,0.0,30.11,339.0,0.0,0.0,326.0,0.0,0.0,0.0,0.0,0.0,0.0,0.0,0.0,0.0,0.0,0.0,0.0,0.0,0.0,0.0,0.0,0.0,0.0,0.0,0.0,0.0,0.0,0.0,0.0,0.0,0.0,0.0,30.2,0.0,0.0,0.0,11.8,0.0,0.0,35.3,0.0,0.0,-0.1,1.6,0.7,10.0,0.0,0.0,11.8,-9.0,4.998,0.0,0.0,0.656,0.791,0.0,0.0,0.0,0.0,,0.0,0.0,62.6,149.0,0.0,0.0,0.0,0.0,336.2,581.0,334.4,577.4,348.8,566.6,347.0,570.2,0.0,0.0,148.28,341.6,311.0,117.68,0.6219444444444444,7434.236333333333,0.0,386.6,2026-02-13 17:11:43-08:00,341.59999999999997,278.99999999999994,85.68,0.48,0.48,True
869.06,2.0,8.0,2026-02-14 01:25:48,37.08158,-121.59961,280.0,0.1,236.7,-12.6,0.0,0.0,0.0,0.0,0.0,11.3,0.3,224.3,0.0,130.0,-0.0,0.0,1.0,0.0,1.0,0.0,30.11,339.0,0.0,0.0,326.0,0.0,0.0,0.0,0.0,0.0,0.0,0.0,0.0,0.0,0.0,0.0,0.0,0.0,0.0,0.0,0.0,0.0,0.0,0.0,0.0,0.0,0.0,0.0,0.0,0.0,0.0,0.0,30.2,0.0,0.0,0.0,11.8,0.0,0.0,35.3,0.0,0.0,-0.1,1.6,0.7,10.0,0.0,0.0,11.8,-9.0,4.998,0.0,0.0,0.656,0.792,0.0,0.0,0.0,0.0,,0.0,0.0,62.6,149.0,0.0,0.0,0.0,0.0,336.2,577.4,334.4,575.6,348.8,564.8,347.0,568.4,0.0,0.0,148.28,341.6,311.0,117.68,0.6219444444444444,7434.405,0.0,386.6,2026-02-13 17:11:43-08:00,341.59999999999997,278.99999999999994,85.68,0.48,0.48,True
870.06,2.0,8.0,2026-02-14 01:25:49,37.08158,-121.59961,281.0,0.1,236.7,-12.6,0.0,0.0,0.0,0.0,0.0,11.3,0.2,224.3,0.0,130.0,-0.0,0.0,1.0,0.0,-21.0,0.0,30.11,339.0,0.0,0.0,326.0,0.0,0.0,0.0,0.0,0.0,0.0,0.0,0.0,0.0,0.0,0.0,0.0,0.0,0.0,0.0,0.0,0.0,0.0,0.0,0.0,0.0,0.0,0.0,0.0,0.0,0.0,0.0,30.2,0.0,0.0,0.0,11.7,0.0,0.0,35.3,0.0,0.0,-0.1,1.6,0.7,10.0,0.0,0.0,11.7,-9.0,4.998,0.0,0.0,0.656,0.791,0.0,0.0,0.0,0.0,,0.0,0.0,62.6,149.0,0.0,0.0,0.0,0.0,336.2,575.6,334.4,573.8,348.8,563.0,347.0,566.6,0.0,0.0,148.28,341.6,311.0,117.68,0.6219444444444444,7434.573666666666,0.0,386.6,2026-02-13 17:11:43-08:00,341.59999999999997,278.99999999999994,85.68,0.48,0.48,True
871.06,2.0,8.0,2026-02-14 01:25:50,37.08158,-121.59961,281.0,0.1,236.7,-12.6,0.0,0.0,0.0,0.0,0.0,11.2,0.2,224.3,0.0,130.0,-0.0,0.0,1.0,0.0,35.0,0.0,30.11,339.0,0.0,0.0,326.0,0.0,0.0,0.0,0.0,0.0,0.0,0.0,0.0,0.0,0.0,0.0,0.0,0.0,0.0,0.0,0.0,0.0,0.0,0.0,0.0,0.0,0.0,0.0,0.0,0.0,0.0,0.0,30.2,0.0,0.0,0.0,11.7,0.0,0.0,35.3,0.0,0.0,-0.1,1.6,0.7,10.0,0.0,0.0,11.7,-9.0,4.998,0.0,0.0,0.656,0.791,0.0,0.0,0.0,0.0,,0.0,0.0,62.6,149.0,0.0,0.0,0.0,0.0,336.2,573.8,334.4,572.0,348.8,561.2,347.0,563.0,0.0,0.0,148.28,341.6,311.0,117.68,0.6219444444444444,7434.742333333333,0.0,386.6,2026-02-13 17:11:43-08:00,341.59999999999997,278.99999999999994,85.68,0.48,0.48,True
872.06,2.0,8.0,2026-02-14 01:25:51,37.08158,-121.59961,282.0,0.1,236.7,-12.6,0.0,0.0,0.0,0.0,0.0,11.2,0.2,224.3,0.0,130.0,-0.0,0.0,1.0,0.0,2.0,0.0,30.11,339.0,0.0,0.0,326.0,0.0,0.0,0.0,0.0,0.0,0.0,0.0,0.0,0.0,0.0,0.0,0.0,0.0,0.0,0.0,0.0,0.0,0.0,0.0,0.0,0.0,0.0,0.0,0.0,0.0,0.0,0.0,30.2,0.0,0.0,0.0,11.6,0.0,0.0,35.3,0.0,0.0,-0.1,1.6,0.7,10.0,0.0,0.0,11.6,-9.0,4.998,0.0,0.0,0.656,0.792,0.0,0.0,0.0,0.0,,0.0,0.0,62.6,149.0,0.0,0.0,0.0,0.0,336.2,572.0,334.4,570.2,348.8,559.4,345.2,561.2,0.0,0.0,148.28,341.15,310.55,117.68,0.6219444444444444,7434.910999999999,0.0,386.6,2026-02-13 17:11:43-08:00,341.15000000000003,278.55,85.68,0.48,0.48,True
873.06,2.0,8.0,2026-02-14 01:25:52,37.08158,-121.5996,282.0,0.1,236.7,-12.6,0.0,0.0,0.0,0.0,0.0,11.3,0.2,224.3,0.0,130.0,-0.0,0.0,1.0,0.0,-23.0,0.0,30.11,339.0,0.0,0.0,326.0,0.0,0.0,0.0,0.0,0.0,0.0,0.0,0.0,0.0,0.0,0.0,0.0,0.0,0.0,0.0,0.0,0.0,0.0,0.0,0.0,0.0,0.0,0.0,0.0,0.0,0.0,0.0,30.2,0.0,0.0,0.0,11.6,0.0,0.0,35.3,0.0,0.0,-0.1,1.6,0.7,10.0,0.0,0.0,11.6,-9.0,4.998,0.0,0.0,0.656,0.792,0.0,0.0,0.0,0.0,,0.0,0.0,62.6,149.0,0.0,0.0,0.0,0.0,336.2,570.2,334.4,568.4,348.8,557.6,345.2,559.4,0.0,0.0,148.28,341.15,310.55,117.68,0.6219444444444444,7435.0796666666665,0.0,386.6,2026-02-13 17:11:43-08:00,341.15000000000003,278.55,85.68,0.48,0.48,True
874.06,2.0,8.0,2026-02-14 01:25:53,37.08158,-121.5996,284.0,0.1,236.7,-12.6,0.0,0.0,0.0,0.0,0.0,11.3,0.3,224.3,0.0,130.0,-0.0,0.0,1.0,0.0,-2.0,0.0,30.11,339.0,0.0,0.0,326.0,0.0,0.0,0.0,0.0,0.0,0.0,0.0,0.0,0.0,0.0,0.0,0.0,0.0,0.0,0.0,0.0,0.0,0.0,0.0,0.0,0.0,0.0,0.0,0.0,0.0,0.0,0.0,30.2,0.0,0.0,0.0,11.6,0.0,0.0,35.3,0.0,0.0,-0.1,1.6,0.7,10.0,0.0,0.0,11.6,-9.0,4.998,0.0,0.0,0.656,0.791,0.0,0.0,0.0,0.0,,0.0,0.0,62.6,149.0,0.0,0.0,0.0,0.0,336.2,568.4,334.4,566.6,348.8,555.8,345.2,557.6,0.0,0.0,148.28,341.15,310.55,117.68,0.6219444444444444,7435.248333333333,0.0,386.6,2026-02-13 17:11:43-08:00,341.15000000000003,278.55,85.68,0.48,0.48,True
875.06,2.0,8.0,2026-02-14 01:25:54,37.08158,-121.5996,283.0,0.1,236.7,-12.6,0.0,0.0,0.0,0.0,0.0,11.2,0.2,224.3,0.0,130.0,-0.0,0.0,1.0,0.0,22.0,0.0,30.11,339.0,0.0,0.0,326.0,0.0,0.0,0.0,0.0,0.0,0.0,0.0,0.0,0.0,0.0,0.0,0.0,0.0,0.0,0.0,0.0,0.0,0.0,0.0,0.0,0.0,0.0,0.0,0.0,0.0,0.0,0.0,30.2,0.0,0.0,0.0,11.5,0.0,0.0,35.3,0.0,0.0,-0.1,1.6,0.7,10.0,0.0,0.0,11.5,-9.0,4.998,0.0,0.0,0.656,0.791,0.0,0.0,0.0,0.0,,0.0,0.0,62.6,149.0,0.0,0.0,0.0,0.0,336.2,566.6,334.4,564.8,348.8,554.0,345.2,555.8,0.0,0.0,148.28,341.15,310.55,117.68,0.6219444444444444,7435.4169999999995,0.0,386.6,2026-02-13 17:11:43-08:00,341.15000000000003,278.55,85.68,0.48,0.48,True
876.06,2.0,8.0,2026-02-14 01:25:55,37.08158,-121.5996,283.0,0.1,236.7,-12.6,0.0,0.0,0.0,0.0,0.0,11.2,0.2,224.3,0.0,130.0,-0.0,0.0,1.0,0.0,20.0,0.0,30.11,339.0,0.0,0.0,326.0,0.0,0.0,0.0,0.0,0.0,0.0,0.0,0.0,0.0,0.0,0.0,0.0,0.0,0.0,0.0,0.0,0.0,0.0,0.0,0.0,0.0,0.0,0.0,0.0,0.0,0.0,0.0,30.2,0.0,0.0,0.0,11.5,0.0,0.0,35.3,0.0,0.0,-0.1,1.6,0.7,10.0,0.0,0.0,11.5,-9.0,4.998,0.0,0.0,0.656,0.791,0.0,0.0,0.0,0.0,,0.0,0.0,62.6,149.0,0.0,0.0,0.0,0.0,336.2,564.8,334.4,563.0,348.8,550.4,345.2,554.0,0.0,0.0,148.28,341.15,310.55,117.68,0.6219444444444444,7435.585666666666,0.0,386.6,2026-02-13 17:11:43-08:00,341.15000000000003,278.55,85.68,0.48,0.48,True
877.06,2.0,8.0,2026-02-14 01:25:56,37.08158,-121.5996,284.0,0.0,236.7,-12.6,0.0,0.0,0.0,0.0,0.0,11.3,0.2,224.3,0.0,130.0,-0.0,0.0,1.0,0.0,3.0,0.0,30.11,339.0,0.0,0.0,326.0,0.0,0.0,0.0,0.0,0.0,0.0,0.0,0.0,0.0,0.0,0.0,0.0,0.0,0.0,0.0,0.0,0.0,0.0,0.0,0.0,0.0,0.0,0.0,0.0,0.0,0.0,0.0,30.2,0.0,0.0,0.0,11.4,0.0,0.0,35.3,0.0,0.0,-0.1,1.6,0.7,10.0,0.0,0.0,11.4,-9.0,4.998,0.0,0.0,0.656,0.791,0.0,0.0,0.0,0.0,,0.0,0.0,62.6,149.0,0.0,0.0,0.0,0.0,336.2,563.0,334.4,559.4,348.8,550.4,345.2,552.2,0.0,0.0,148.28,341.15,310.55,117.68,0.6219444444444444,7435.669999999999,0.0,386.6,2026-02-13 17:11:43-08:00,341.15000000000003,278.55,85.68,0.48,0.48,True
878.06,2.0,8.0,2026-02-14 01:25:57,37.08158,-121.5996,284.0,0.1,236.7,-12.6,0.0,0.0,0.0,0.0,0.0,11.3,0.2,224.3,0.0,130.0,-0.0,0.0,1.0,0.0,2.0,0.0,30.11,339.0,0.0,0.0,326.0,0.0,0.0,0.0,0.0,0.0,0.0,0.0,0.0,0.0,0.0,0.0,0.0,0.0,0.0,0.0,0.0,0.0,0.0,0.0,0.0,0.0,0.0,0.0,0.0,0.0,0.0,0.0,30.2,0.0,0.0,0.0,11.4,0.0,0.0,35.3,0.0,0.0,-0.1,1.6,0.7,10.0,0.0,0.0,11.4,-9.0,4.998,0.0,0.0,0.656,0.791,0.0,0.0,0.0,0.0,,0.0,0.0,62.6,149.0,0.0,0.0,0.0,0.0,336.2,561.2,334.4,559.4,348.8,548.6,345.2,550.4,0.0,0.0,148.28,341.15,310.55,117.68,0.6219444444444444,7435.754333333333,0.0,386.6,2026-02-13 17:11:43-08:00,341.15000000000003,278.55,85.68,0.48,0.48,True
879.06,2.0,8.0,2026-02-14 01:25:58,37.08158,-121.5996,285.0,0.0,236.7,-12.6,0.0,0.0,0.0,0.0,0.0,11.3,0.2,224.3,0.0,130.0,-0.0,0.0,1.0,0.0,-5.0,0.0,30.11,339.0,0.0,0.0,326.0,0.0,0.0,0.0,0.0,0.0,0.0,0.0,0.0,0.0,0.0,0.0,0.0,0.0,0.0,0.0,0.0,0.0,0.0,0.0,0.0,0.0,0.0,0.0,0.0,0.0,0.0,0.0,30.2,0.0,0.0,0.0,11.4,0.0,0.0,35.3,0.0,0.0,-0.1,1.6,0.7,10.0,0.0,0.0,11.4,-9.0,4.998,0.0,0.0,0.656,0.791,0.0,0.0,0.0,0.0,,0.0,0.0,62.6,149.0,0.0,0.0,0.0,0.0,336.2,559.4,334.4,557.6,348.8,546.8,345.2,548.6,0.0,0.0,148.28,341.15,310.55,117.68,0.6219444444444444,7435.8386666666665,0.0,386.6,2026-02-13 17:11:43-08:00,341.15000000000003,278.55,85.68,0.48,0.48,True
880.06,2.0,8.0,2026-02-14 01:25:59,37.08158,-121.5996,284.0,0.1,236.7,-12.6,0.0,0.0,0.0,0.0,0.0,11.3,0.2,224.3,0.0,130.0,-0.0,0.0,1.0,0.0,40.0,0.0,30.11,339.0,0.0,0.0,326.0,0.0,0.0,0.0,0.0,0.0,0.0,0.0,0.0,0.0,0.0,0.0,0.0,0.0,0.0,0.0,0.0,0.0,0.0,0.0,0.0,0.0,0.0,0.0,0.0,0.0,0.0,0.0,30.2,0.0,0.0,0.0,11.3,0.0,0.0,35.3,0.0,0.0,-0.1,1.6,0.7,9.0,0.0,0.0,11.3,-9.0,4.998,0.0,0.0,0.656,0.791,0.0,0.0,0.0,0.0,,0.0,0.0,62.6,149.0,0.0,0.0,0.0,0.0,336.2,557.6,334.4,554.0,347.0,545.0,345.2,546.8,0.0,0.0,148.28,340.7,310.1,117.68,0.6219444444444444,7435.923,0.0,386.6,2026-02-13 17:11:43-08:00,340.7,278.09999999999997,85.68,0.48,0.48,True
881.06,2.0,8.0,2026-02-14 01:26:00,37.08158,-121.5996,286.0,0.0,236.7,-12.6,0.0,0.0,0.0,0.0,0.0,11.3,0.2,224.3,0.0,130.0,-0.0,0.0,1.0,0.0,15.0,0.0,30.11,339.0,0.0,0.0,326.0,0.0,0.0,0.0,0.0,0.0,0.0,0.0,0.0,0.0,0.0,0.0,0.0,0.0,0.0,0.0,0.0,0.0,0.0,0.0,0.0,0.0,0.0,0.0,0.0,0.0,0.0,0.0,30.2,0.0,0.0,0.0,11.3,0.0,0.0,35.3,0.0,0.0,-0.1,1.6,0.7,9.0,0.0,0.0,11.3,-9.0,4.998,0.0,0.0,0.656,0.791,0.0,0.0,0.0,0.0,,0.0,0.0,62.6,149.0,0.0,0.0,0.0,0.0,336.2,555.8,334.4,552.2,347.0,543.2,345.2,545.0,0.0,0.0,148.28,340.7,310.1,117.68,0.6219444444444444,7436.007333333333,0.0,386.6,2026-02-13 17:11:43-08:00,340.7,278.09999999999997,85.68,0.48,0.48,True
882.06,2.0,8.0,2026-02-14 01:26:01,37.08157,-121.5996,291.0,0.0,236.7,-12.6,0.0,0.0,0.0,0.0,0.0,11.3,0.2,224.4,0.0,130.0,-0.0,0.0,1.0,0.0,-4.0,0.0,30.11,339.0,0.0,0.0,326.0,0.0,0.0,0.0,0.0,0.0,0.0,0.0,0.0,0.0,0.0,0.0,0.0,0.0,0.0,0.0,0.0,0.0,0.0,0.0,0.0,0.0,0.0,0.0,0.0,0.0,0.0,0.0,30.2,0.0,0.0,0.0,11.2,0.0,0.0,35.3,0.0,0.0,-0.1,1.6,0.7,9.0,0.0,0.0,11.2,-9.0,4.998,0.0,0.0,0.656,0.792,0.0,0.0,0.0,0.0,,0.0,0.0,62.6,149.0,0.0,0.0,0.0,0.0,336.2,554.0,334.4,550.4,347.0,539.6,343.4,543.2,0.0,0.0,148.28,340.25,309.65,117.68,0.6219444444444444,7436.007333333333,0.0,386.6,2026-02-13 17:11:43-08:00,340.25,277.65,85.68,0.48,0.48,True
